%GrainID,O11,O12,O13,O21,O22,O23,O31,O32,O33,X,Y,Z,a,b,c,alpha,beta,gamma,DiffPos,DiffOme,DiffAngle,GrainRadius,Confidence,eFab11,eFab12,eFab13,eFab21,eFab22,eFab23,eFab31,eFab32,eFab33,eKen11,eKen12,eKen13,eKen21,eKen22,eKen23,eKen31,eKen32,eKen33,RMSErrorStrain,PhaseNr,Eul0,Eul1,Eul2,layer,num_spots,eqv_strain,strain/error,Confidence/R
46815.0,-0.276701,0.757773,0.590946,-0.896815,-0.424536,0.124465,0.345193,-0.49553,0.797052,-350.898445,437.231526,548.68933,3.595384,3.588239,3.593956,90.161007,89.923162,90.043566,219.922375,0.08785,0.091112,65.283087,0.804348,-2420.038221,664.894235,-37.530911,664.894235,-476.575704,-460.188656,-37.530911,-460.188656,1043.930301,-473.079899,128.107575,-4.468437,128.107575,-402.800795,213.965718,-4.468437,213.965718,1129.543731,1269.312385,1.0,1.778382,0.648399,2.533142,0.0,111.0,1583.4678189857336,1.2475004874278712,0.012320924713624526
45206.0,-0.442738,-0.745284,0.498532,0.294762,0.404117,0.865912,-0.846816,0.530321,0.040764,82.532738,-439.716034,489.036704,3.596415,3.593187,3.590163,90.042981,90.039727,90.084125,159.980309,0.080433,0.075397,75.586498,0.885714,-518.639381,61.128814,92.989106,61.128814,-1599.488105,-45.198694,92.989106,-45.198694,877.243913,-590.111999,-44.133143,87.840983,-44.133143,-340.464593,-89.342894,87.840983,-89.342894,904.346179,675.113941,1.0,2.61921,1.530022,5.271889,0.0,124.0,1391.3575779021517,2.060922598993037,0.011717886440512165
45901.0,-0.284637,0.581609,-0.762045,0.731359,0.645666,0.219611,0.619754,-0.494819,-0.609146,469.225972,-181.811617,489.183515,3.59699,3.595773,3.5958,89.942044,90.022218,90.05024,101.081591,0.060029,0.060781,93.918241,1.0,-68.546638,-241.819651,-206.384568,-241.819651,135.423196,-58.228965,-206.384568,-58.228965,1140.298311,-56.353115,55.379438,57.649447,55.379438,127.899388,64.07785,57.649447,64.07785,1122.224449,856.086954,1.0,4.431806,2.225779,2.244568,0.0,134.0,1101.685266713781,1.2868847744568959,0.010647558869847232
47440.0,0.735336,-0.658673,-0.159474,0.355253,0.174247,0.918386,-0.577128,-0.731976,0.362125,-19.443886,-186.09916,495.162442,3.597289,3.597806,3.592288,90.030005,90.016973,89.984055,211.949707,0.08506,0.097115,70.325153,0.802817,580.957359,246.633021,106.399113,246.633021,-623.196637,-312.020879,106.399113,-312.020879,922.11663,-81.468619,78.608567,67.781402,78.608567,-371.345394,-247.817232,67.781402,-247.817232,968.351846,907.376299,1.0,3.313524,1.20025,3.809253,0.0,114.0,1242.8235508086748,1.3696892371757605,0.011415787463697378
45211.0,0.496914,-0.819463,0.285583,-0.108352,0.267925,0.957328,-0.861009,-0.506653,0.044345,-92.966193,136.634666,237.885352,3.597754,3.59637,3.593532,89.98587,89.99084,89.989895,71.830054,0.059657,0.053137,117.781196,1.0,377.190696,-268.776511,-174.924862,-268.776511,-224.144935,-137.813227,-174.924862,-137.813227,802.607352,-113.16598,16.567706,-177.906286,16.567706,-210.680603,-27.461992,-177.906286,-27.461992,1101.841622,132.127411,1.0,2.851685,1.526437,4.180512,0.0,142.0,1276.2221809824316,9.659026626824858,0.008490319626233037
45212.0,-0.877042,-0.31403,-0.36357,0.480389,-0.565595,-0.67032,0.004867,-0.762554,0.646907,-36.389863,-417.477287,592.298198,3.591745,3.597154,3.595631,90.085723,90.008066,89.938393,161.83218,0.062525,0.069162,66.216413,0.876812,-462.330597,375.54426,448.720593,375.54426,-680.714851,-148.900461,448.720593,-148.900461,1227.665018,54.624896,141.368796,270.512044,141.368796,-107.822484,-259.307084,270.512044,-259.307084,1105.752637,764.09848,1.0,5.786209,0.867275,3.13521,0.0,121.0,1192.6077210979704,1.5608036821352798,0.013241611260338128
47030.0,-0.474004,0.085747,0.876338,-0.877111,0.041548,-0.478487,-0.077439,-0.99545,0.055516,134.645204,306.858324,272.113162,3.58892,3.599226,3.592568,90.00809,90.003521,89.92437,129.254925,0.06883,0.06426,108.626079,1.0,-857.574572,-461.281149,175.371928,-461.281149,-1453.465293,394.127415,175.371928,394.127415,1334.652787,-507.094288,133.556617,27.456389,133.556617,-450.002831,1.221812,27.456389,1.221812,1421.833145,264.243798,1.0,1.071023,1.515252,3.219229,0.0,142.0,1904.6888816010317,7.208074119495631,0.00920589244503615
47461.0,-0.717967,0.673925,-0.174208,-0.549264,-0.394771,0.736522,0.427588,0.624484,0.653596,-224.144928,220.73387,269.45858999999996,3.594992,3.5978,3.595993,90.000633,89.974144,89.997082,95.681138,0.081542,0.068461,101.542057,1.0,466.361715,-346.605068,168.42594,-346.605068,174.504892,-82.632884,168.42594,-82.632884,628.817212,-114.770642,8.543326,-169.481456,8.543326,-64.378434,-1.531699,-169.481456,-1.531699,941.218181,490.906246,1.0,3.373852,0.85847,0.600388,0.0,142.0,1042.1312941997212,2.1228723461785433,0.009848136127476717
45217.0,-0.527022,0.384075,-0.758112,0.336242,0.913498,0.229049,0.780506,-0.134195,-0.610575,198.433592,-413.823826,278.94289100000003,3.593219,3.59246,3.596509,89.945078,90.096568,90.034453,127.542142,0.084054,0.064767,91.235933,0.993056,-759.397467,-100.493153,487.985347,-100.493153,-665.308856,-562.186765,487.985347,-562.186765,857.49737,-209.56114,-145.215224,-9.030316,-145.215224,-347.898178,-47.375006,-9.030316,-47.375006,1109.627261,556.067014,1.0,4.418979,2.227583,1.741065,0.0,143.0,1399.802785639925,2.517327499019615,0.010884483419487802
46316.0,0.148227,0.61169,0.777087,-0.814476,-0.370188,0.446755,0.560944,-0.699139,0.443335,228.733269,-39.966305,559.521202,3.594233,3.595208,3.593959,90.07487,90.019442,90.091529,141.822181,0.069343,0.065169,74.855103,0.837838,-891.084791,459.822543,-240.600853,459.822543,-262.155375,96.53434,-240.600853,96.53434,923.038544,160.606433,96.205222,206.452917,96.205222,-94.696191,190.985344,206.452917,190.985344,997.749524,639.329336,1.0,2.092563,1.11148,2.46543,0.0,124.0,1022.7306841987277,1.5996930323853114,0.01119279737014055
46775.0,0.393828,0.283439,-0.874392,0.757188,0.439271,0.483432,0.521119,-0.852469,-0.041619,561.980501,-109.38118,480.363049,3.595929,3.597067,3.598588,89.979234,90.020127,90.094741,157.877026,0.077,0.072518,82.084912,0.862319,768.076101,-556.214879,321.608132,-556.214879,-37.849655,93.748476,321.608132,93.748476,1316.893334,-191.626545,237.455755,196.790016,237.455755,-76.331009,193.225155,196.790016,193.225155,1040.376163,625.389477,1.0,4.207339,1.612428,2.592902,0.0,119.0,1220.006127217013,1.9507941404281302,0.010505207095793681
45222.0,0.769411,-0.299236,0.564326,-0.230837,0.693511,0.682463,-0.595584,-0.655363,0.464521,488.545133,342.203495,515.022529,3.594919,3.595252,3.590727,90.003738,90.075749,89.929923,165.937826,0.073523,0.070399,80.148556,0.891304,-1158.866448,-366.665709,-483.755499,-366.665709,-467.387457,-228.390301,-483.755499,-228.390301,700.372864,-205.639743,-37.4392,184.080906,-37.4392,-466.158255,87.691895,184.080906,87.691895,934.091564,931.576336,1.0,2.450666,1.087703,3.879241,0.0,123.0,1302.3100468031455,1.3979638559680476,0.011120649509892605
47021.0,0.600097,-0.783068,-0.163364,0.728258,0.450327,0.516572,-0.330944,-0.428964,0.840515,456.69035,491.151857,378.172295,3.592251,3.592585,3.597112,90.019036,90.081264,89.951652,170.870764,0.066454,0.07257,74.109632,0.901408,-899.496589,-329.866957,-451.619329,-329.866957,-647.561347,36.382967,-451.619329,36.382967,913.383178,-638.91848,-169.704898,185.229117,-169.704898,-354.035861,300.320442,185.229117,300.320442,807.622335,1058.895131,1.0,3.447887,0.572563,3.798709,0.0,128.0,1369.8615111595107,1.2936706110508225,0.012163169289519613
46300.0,0.165509,0.831059,0.530987,-0.857924,0.386869,-0.338081,-0.486388,-0.399591,0.777016,148.430141,137.964856,441.21828800000003,3.593871,3.594578,3.597951,90.027433,90.063854,89.994821,172.458593,0.073425,0.079679,63.246456,0.837838,-82.834412,133.415156,350.338896,133.415156,-373.329349,-146.330426,350.338896,-146.330426,1061.95969,-15.558836,59.784485,440.197532,59.784485,-469.566948,-100.181704,440.197532,-100.181704,1056.286298,831.192984,1.0,1.003825,0.680885,4.024647,0.0,124.0,1413.2020598330841,1.7002093220665155,0.013247192854568799
47104.0,-0.315485,0.938251,0.141967,-0.561493,-0.305181,0.769149,0.764981,0.162941,0.623101,410.457279,-230.799871,267.418808,3.596632,3.59822,3.597509,90.047808,89.928206,89.98309,99.627475,0.052813,0.048246,121.925475,1.0,664.587495,-649.041788,-120.983538,-649.041788,416.842912,223.702172,-120.983538,223.702172,1181.992684,-106.170022,55.676573,-1.780899,55.676573,49.532582,126.392042,-1.780899,126.392042,1109.555765,203.153824,1.0,2.95907,0.898095,1.360932,0.0,140.0,1152.063071094939,5.670890404184266,0.008201731426512794
45228.0,0.191136,-0.742895,0.64154,0.020541,0.656474,0.754069,-0.981349,-0.130952,0.140735,433.990474,233.508957,236.847797,3.599535,3.593141,3.585952,89.954032,90.079819,89.977925,163.897425,0.07792,0.074034,63.534508,0.806667,-1811.406666,-1104.501215,-33.079163,-1104.501215,-1200.858984,138.37839,-33.079163,138.37839,1455.015221,-750.890566,-197.019227,-316.463537,-197.019227,-620.620718,-15.765893,-316.463537,-15.765893,1501.685913,611.31511,1.0,2.436651,1.429592,4.579732,0.0,120.0,2214.0548691472195,3.621789864064082,0.01269651761527767
46740.0,0.417303,-0.864891,-0.278967,0.902799,0.42967,0.018365,0.103981,-0.259515,0.960125,454.218212,-256.688744,553.963574,3.592556,3.589329,3.599833,89.966244,89.967479,90.00308,164.128889,0.090889,0.083841,72.501914,0.930556,-1026.321137,230.384882,-855.908448,230.384882,-779.597402,507.265311,-855.908448,507.265311,1109.493732,-495.54984,-66.44257,-128.29343,-66.44257,-540.575768,30.484392,-128.29343,30.484392,1573.871582,556.345494,1.0,4.646653,0.283347,2.760507,0.0,134.0,2096.201878173266,3.7678059780839455,0.012834916330622665
45735.0,0.320956,0.015966,0.94696,-0.25031,0.965736,0.068555,-0.913418,-0.259036,0.313955,436.335734,-374.50852,397.067862,3.598087,3.591343,3.590622,89.917907,90.103514,89.977383,150.653526,0.093191,0.076713,88.589256,0.891304,-1457.626255,746.969748,-109.518703,746.969748,-799.860114,593.948771,-109.518703,593.948771,1095.226722,-527.57564,-9.020974,26.424328,-9.020974,-216.288735,286.223881,26.424328,286.223881,1011.491271,570.116222,1.0,1.643066,1.251441,4.436054,0.0,123.0,1431.280167646819,2.5105059502180227,0.01006108460827349
46642.0,0.326877,-0.560679,-0.760783,0.892766,-0.08089,0.443199,-0.310031,-0.824073,0.474114,-331.52973,432.798567,257.47433,3.593942,3.599838,3.594214,89.961619,89.982956,89.98616,164.235428,0.072821,0.079442,90.996351,0.985915,505.32134,-156.960319,898.139135,-156.960319,-120.334416,-53.312818,898.139135,-53.312818,664.540695,-352.477468,135.188771,93.464047,135.188771,-194.594922,-7.521672,93.464047,-7.521672,1006.570091,548.945991,1.0,4.184895,1.076839,3.501431,0.0,140.0,1295.248376869137,2.359518783459222,0.010834665227400161
45512.0,0.630534,0.104147,0.769143,-0.390497,0.898972,0.198398,-0.670775,-0.425445,0.607501,544.128831,-367.050301,302.690976,3.596082,3.595806,3.598486,90.128945,89.965124,90.063043,197.677506,0.117006,0.091627,75.215343,0.80137,810.562663,-1049.295263,758.808291,-1049.295263,272.723449,-281.607275,758.808291,-281.607275,625.405526,211.374161,55.199952,-70.290981,55.199952,-490.17189,-29.803325,-70.290981,-29.803325,953.550269,910.244915,1.0,1.823241,0.917886,4.147159,0.0,117.0,1253.1241063208872,1.3766889390652484,0.010654342159949998
47166.0,-0.238213,0.435775,-0.86796,-0.412628,0.763608,0.496629,0.8792,0.476448,-0.002088,525.742432,439.648954,369.130032,3.597209,3.593003,3.59056,89.954259,90.053277,89.932515,117.11021,0.054839,0.056369,80.217843,0.914286,-1545.588578,-95.222593,102.351735,-95.222593,-330.344676,-253.263203,102.351735,-253.263203,915.187762,-452.266417,337.546594,-91.860429,337.546594,-210.439105,-71.66068,-91.860429,-71.66068,1131.370383,428.767084,1.0,4.192677,1.572884,1.074185,0.0,128.0,1509.653206389285,3.5209167464666784,0.011397539073694615
45509.0,0.639032,0.729354,0.244296,-0.395015,0.038662,0.917861,0.66,-0.683043,0.312812,519.94968,-376.581611,223.468567,3.595492,3.593671,3.592107,90.000558,89.97613,90.086823,136.230281,0.085532,0.071779,70.413691,0.859155,-760.119637,73.291519,220.831354,73.291519,-713.325522,-377.00185,220.831354,-377.00185,651.535443,-465.258023,-167.425817,-87.462045,-167.425817,-323.725212,-57.438812,-87.462045,-57.438812,990.861165,562.279323,1.0,2.881465,1.252644,2.37335,0.0,122.0,1401.235582406084,2.4920631527581247,0.012201533363731778
47404.0,-0.358264,0.917681,0.171781,-0.367273,-0.307689,0.877746,0.858346,0.251374,0.447273,36.267685,-240.997156,392.187037,3.599152,3.593091,3.597953,90.005134,89.993914,89.963429,94.262653,0.067993,0.060308,133.424776,1.0,-433.173783,299.533227,-212.620364,299.533227,872.894528,-86.778349,-212.620364,-86.778349,1222.686849,-100.659326,-1.652197,-103.031937,-1.652197,-132.768289,-201.7546,-103.031937,-201.7546,1295.527218,209.509504,1.0,2.948328,1.107082,1.285904,0.0,144.0,1426.0751644101854,6.8067325690875835,0.00749485987520039
46247.0,-0.02682,-0.693555,-0.719904,0.937931,-0.266569,0.221869,-0.345783,-0.66927,0.657656,-256.119001,354.15766,464.427454,3.596152,3.596116,3.597661,90.036082,89.986572,89.983779,106.73921,0.043592,0.048497,115.811376,1.0,300.719655,-251.933739,-147.982923,-251.933739,427.932614,148.868128,-147.982923,148.868128,859.361368,186.846647,141.238696,105.129599,141.238696,-231.617477,-15.739754,105.129599,-15.739754,832.616703,372.651113,1.0,4.413433,0.853093,3.618476,0.0,144.0,941.1689781107576,2.5256035612880554,0.008634730322174914
45458.0,0.825808,0.296091,0.47997,-0.485924,-0.058354,0.872051,0.286215,-0.953376,0.095689,19.483222,358.012649,589.636137,3.592979,3.598229,3.591266,89.972677,89.989674,89.998812,171.084664,0.094825,0.086167,63.115674,0.821918,-327.375022,-127.815974,-524.342456,-127.815974,-947.284147,-135.36978,-524.342456,-135.36978,788.839843,-976.418,127.385887,-263.147708,127.385887,-390.604432,121.080515,-263.147708,121.080515,1187.320211,947.867541,1.0,2.638449,1.474961,2.849942,0.0,120.0,1957.6757032893229,2.065347338747327,0.013022407080688072
45352.0,0.801562,-0.468071,0.372032,-0.365638,0.108585,0.924402,-0.473082,-0.876994,-0.084107,149.432919,448.220174,320.899342,3.594504,3.598603,3.592609,89.918868,89.973365,89.926126,142.246516,0.071638,0.069154,75.79469,0.952055,-481.321516,-209.9919,-85.632659,-209.9919,-568.758889,-569.739719,-85.632659,-569.739719,1464.353126,-193.506421,-247.788662,144.014022,-247.788662,-429.857785,-178.285616,144.014022,-178.285616,1343.241567,635.696941,1.0,2.75897,1.655003,3.636289,0.0,139.0,1692.9597143140809,2.6631553577258456,0.012560972279192645
45301.0,0.827921,0.344552,-0.442528,-0.336456,0.936415,0.09962,0.448714,0.066414,0.891204,-278.81169,244.960796,387.633206,3.595901,3.594768,3.598291,89.989388,89.948564,90.022256,84.855498,0.051615,0.052002,100.926849,1.0,-52.692588,-190.368069,-42.507981,-190.368069,162.722526,-74.496165,-42.507981,-74.496165,1208.114838,-50.521246,53.853851,-204.192292,53.853851,-27.902834,90.729854,-204.192292,90.729854,1194.338155,468.141804,1.0,4.490965,0.470804,1.423853,0.0,144.0,1249.659855658948,2.6694045372178468,0.009908166260099925
45764.0,0.306283,-0.73927,0.599725,-0.250368,0.545264,0.800002,-0.918426,-0.395179,-0.018085,-271.504085,483.663815,320.926582,3.60065,3.596704,3.594474,89.943158,90.007095,90.021363,146.391341,0.068706,0.068494,103.953188,1.0,47.580626,-584.485371,-482.827307,-584.485371,726.755855,219.983421,-482.827307,219.983421,1341.511257,-49.012015,24.538641,-144.660349,24.538641,-92.265734,93.152473,-144.660349,93.152473,1010.80605,407.962324,1.0,2.498312,1.588882,4.306056,0.0,140.0,1092.5112797623726,2.6779710171529776,0.0096197145969203
46508.0,0.222991,-0.571976,-0.789379,0.927095,0.374703,-0.009612,0.30128,-0.729686,0.613831,244.360302,-19.739477,444.780327,3.593624,3.595489,3.593188,90.07836,89.961482,90.047394,132.289496,0.063227,0.063399,81.287187,0.902778,-847.272763,24.36817,225.49194,24.36817,-526.338399,119.866365,225.49194,119.866365,838.029861,-337.040524,-1.854145,213.412089,-1.854145,-476.73752,8.284794,213.412089,8.284794,961.590612,565.961979,1.0,4.724565,0.909891,2.750024,0.0,130.0,1386.2126616211626,2.449303509876169,0.01110603076964639
46949.0,0.571661,-0.332954,-0.749897,0.81279,0.354726,0.462107,0.112147,-0.873677,0.473405,156.401349,26.222904,324.543792,3.59424,3.597952,3.595258,90.064641,90.003036,90.020042,92.952889,0.060987,0.057413,86.745698,0.986111,-58.133037,38.049269,7.74942,38.049269,-254.646453,-19.115814,7.74942,-19.115814,1210.673627,-269.657533,96.516763,55.803578,96.516763,-249.611503,-94.311469,55.803578,-94.311469,1239.347561,464.056164,1.0,4.160123,1.077644,3.013928,0.0,142.0,1504.4074545096275,3.2418650396584914,0.011367837515123803
45252.0,0.458673,0.410563,-0.788072,-0.111952,0.906496,0.407101,0.881525,-0.0985,0.461749,328.162744,-288.169031,355.78435,3.597619,3.594252,3.59146,90.010002,89.902175,90.012489,85.7961,0.051374,0.04853,103.16115,0.992958,-1023.568158,443.536757,190.367738,443.536757,-372.94529,-97.127358,190.367738,-97.127358,1147.785578,28.96201,30.287155,241.130505,30.287155,-344.364071,-43.642031,241.130505,-43.642031,1080.337724,356.767998,1.0,4.235567,1.090831,1.682073,0.0,139.0,1297.3024412264244,3.6362634779435137,0.009625309527860051
45657.0,-0.352306,-0.677927,0.64521,0.522171,0.429741,0.736655,-0.776671,0.596438,0.202593,-52.717412,231.118087,497.652237,3.59685,3.594988,3.593861,90.034061,90.029459,90.08334,89.388027,0.052707,0.051121,101.987833,0.992754,31.960757,169.955194,-56.113763,169.955194,-672.915279,-276.691019,-56.113763,-276.691019,1051.350458,14.254889,125.954099,-20.406086,125.954099,-115.499828,-133.250991,-20.406086,-133.250991,1110.64788,426.009171,1.0,2.422273,1.366791,5.367275,0.0,137.0,1177.5837728450924,2.764221648282526,0.009734043471636466
47312.0,-0.595601,-0.259912,0.760069,-0.641612,0.723238,-0.25546,-0.483314,-0.639822,-0.597524,-298.74593,-81.293322,389.790196,3.594145,3.596202,3.594734,89.996048,89.905678,89.921223,149.661808,0.057013,0.061737,87.151009,0.970588,-578.931312,-576.618235,347.395307,-576.618235,-237.302901,209.256673,347.395307,209.256673,1053.512162,-280.67055,247.851743,-32.574945,247.851743,26.060411,158.318065,-32.574945,158.318065,1179.255126,610.136921,1.0,1.246557,2.211207,3.788534,0.0,132.0,1357.6927574872796,2.225226356179287,0.01113685327498618
45256.0,0.501842,0.503155,-0.703555,-0.132598,0.848534,0.512257,0.854735,-0.163782,0.492548,483.210382,157.571889,491.32487100000003,3.597455,3.592839,3.594679,89.986628,89.940147,90.010855,111.933279,0.06762,0.064797,79.22717,0.97973,-451.762004,-160.454153,197.391631,-160.454153,-320.182907,146.473791,197.391631,146.473791,981.042863,-344.784611,73.933162,95.137632,73.933162,-224.065145,32.752488,95.137632,32.752488,1090.30738,530.100683,1.0,4.083053,1.055781,1.760119,0.0,145.0,1382.935710180097,2.608817069153063,0.01236608602831579
46444.0,0.041491,0.723009,0.689591,-0.721596,-0.455693,0.521193,0.69107,-0.519232,0.502814,175.099878,240.002833,416.517451,3.595608,3.595697,3.593031,90.023629,89.913096,90.053206,88.693566,0.058951,0.052793,109.907473,1.0,-276.623744,-388.784688,-103.564251,-388.784688,-726.769067,-107.899851,-103.564251,-107.899851,1034.078346,22.40667,18.692332,-76.66167,18.692332,-97.558215,32.875076,-76.66167,32.875076,870.966823,342.203112,1.0,2.218,1.043946,2.215158,0.0,142.0,917.4550219063977,2.681024776613948,0.009098562388018875
47573.0,-0.813234,0.519064,-0.263104,-0.487036,-0.359625,0.795906,0.318507,0.775399,0.545262,-0.215851,-342.340451,299.330842,3.592384,3.595735,3.595744,89.95094,89.957351,89.935079,85.501639,0.058575,0.048703,120.007299,1.0,-775.783271,-323.26096,-184.377123,-323.26096,-278.220969,43.336858,-184.377123,43.336858,953.463787,-378.784561,61.995665,76.238589,61.995665,-167.716374,-5.523846,76.238589,-5.523846,877.488277,296.774895,1.0,3.460856,0.994095,0.389752,0.0,138.0,1168.2793827337011,3.9365842677956335,0.008332826489162129
47052.0,0.441809,0.108125,-0.890569,0.45359,0.829547,0.325741,0.77399,-0.547869,0.317457,-3.176297,-332.301119,299.131885,3.597948,3.597808,3.593786,89.993776,89.986686,89.987021,118.161521,0.055478,0.054905,166.045913,1.0,-117.530632,310.988076,276.181164,310.988076,891.854714,-6.86035,276.181164,-6.86035,706.084118,-280.282115,12.664671,30.552702,12.664671,-171.091475,87.592381,30.552702,87.592381,982.863869,150.512584,1.0,4.361737,1.24775,2.186771,0.0,144.0,1214.9532375271751,8.072104040996168,0.00602243067554454
46147.0,-0.130929,-0.986929,-0.093957,0.977804,-0.14419,0.152012,-0.163573,-0.071969,0.983903,547.147518,102.610901,306.057867,3.590818,3.589999,3.599561,89.916067,90.026373,89.871514,171.312735,0.06927,0.074194,71.87364,0.868056,-872.971842,-1201.113984,-728.997624,-1201.113984,-1458.536707,-17.844952,-728.997624,-17.844952,1258.849067,-355.901379,-50.345822,-127.067336,-50.345822,-898.951749,75.881603,-127.067336,75.881603,1397.025586,617.554933,1.0,3.695205,0.179671,4.297901,0.0,125.0,2082.7658069058334,3.3726000645611123,0.012077529397425818
45967.0,0.415802,-0.524473,0.742991,-0.680061,0.363125,0.636912,-0.603842,-0.770109,-0.205686,583.51448,-155.934093,496.284676,3.594214,3.59479,3.593199,89.967627,90.04165,89.87767,155.259882,0.083932,0.076702,69.431435,0.807143,-1168.988163,447.821385,167.583242,447.821385,-322.723744,245.525874,167.583242,245.525874,927.795056,-200.331387,58.166262,153.454218,58.166262,-155.520897,-97.573835,153.454218,-97.573835,984.624167,784.238563,1.0,2.279471,1.777961,3.806562,0.0,113.0,1174.8907733133171,1.4981293049642053,0.011625036987929173
45266.0,0.891853,0.444888,0.081684,-0.327497,0.51055,0.795038,0.311999,-0.735808,0.601035,-295.308797,-193.188308,557.661548,3.592029,3.594006,3.594729,90.068687,89.990439,90.118647,146.795651,0.059844,0.062176,77.412588,0.807143,-1494.429916,-326.299693,314.41839,-326.299693,-320.519501,-90.339857,314.41839,-90.339857,850.555385,-257.154848,49.05734,-94.278301,49.05734,-173.923546,-34.939672,-94.278301,-34.939672,892.059729,600.821657,1.0,3.03921,0.926001,2.74055,0.0,113.0,1114.1623845274564,1.854397842598834,0.010426508412301111
46873.0,0.523005,-0.312776,-0.792866,0.851722,0.156663,0.500026,-0.032184,-0.936818,0.348334,120.646916,451.408047,409.260586,3.593909,3.597693,3.594165,90.044232,89.893564,89.953926,121.13158,0.072848,0.070609,100.12222,0.888889,-1177.433535,-430.873893,43.461149,-430.873893,648.918706,-44.87873,43.461149,-44.87873,956.657721,-403.250432,7.614622,104.319953,7.614622,-284.136863,39.035645,104.319953,39.035645,1083.001913,440.162081,1.0,4.149732,1.215003,3.175933,0.0,128.0,1433.6839144568673,3.2571727014732725,0.00887803926041592
47308.0,-0.293186,0.246048,0.923852,-0.37911,0.857177,-0.348602,-0.877677,-0.452447,-0.158033,-102.405142,309.876573,337.253624,3.598243,3.593761,3.593978,89.999671,89.95657,89.954087,114.579399,0.068969,0.064905,97.137683,1.0,-375.773417,-111.20926,-12.875117,-111.20926,-248.044567,323.951472,-12.875117,323.951472,1113.299792,-434.523692,-32.82675,117.108808,-32.82675,-2.602436,91.405123,117.108808,91.405123,1188.345823,943.869535,1.0,1.20998,1.729495,4.236415,0.0,146.0,1461.7352080869787,1.548662345677868,0.010294665974274886
45590.0,0.635488,-0.609671,0.473768,-0.460983,0.192646,0.866246,-0.619395,-0.768888,-0.158623,-134.102037,-108.910192,205.829666,3.595425,3.594586,3.592961,89.905803,90.000494,89.943031,146.419161,0.055929,0.065078,76.835611,0.805556,-913.431821,-413.538165,-331.758891,-413.538165,-143.124294,-324.85714,-331.758891,-324.85714,707.721055,-240.607483,-206.631344,48.527674,-206.631344,-179.515129,-109.63613,48.527674,-109.63613,1036.185984,704.486801,1.0,2.641116,1.730092,3.819722,0.0,116.0,1264.4109936929706,1.7947972792367057,0.010484149075094882
45356.0,-0.570249,-0.670092,0.475176,0.454411,0.224572,0.86202,-0.684344,0.707491,0.176436,340.968368,480.593803,514.674481,3.59555,3.59591,3.601566,89.946943,89.962209,90.056291,183.62918,0.065571,0.068415,111.829931,1.0,-201.748114,574.345817,26.167104,574.345817,1811.19229,320.76928,26.167104,320.76928,839.006317,-271.012432,38.904972,-61.257608,38.904972,-123.051476,63.594009,-61.257608,63.594009,933.83342,324.277087,1.0,2.637801,1.393432,5.514416,0.0,142.0,1141.1654325780974,3.519105969328315,0.008942149843587044
45993.0,0.42814,0.702445,0.568565,-0.769321,0.613408,-0.178535,-0.474173,-0.360971,0.803031,576.207361,-345.810635,290.801741,3.590093,3.593288,3.594337,90.077905,90.056554,89.972955,170.329567,0.070188,0.068417,77.474577,0.828571,-1114.532489,299.101592,-80.923691,299.101592,-1129.859461,-484.96826,-80.923691,-484.96826,433.99046,-150.45941,-178.197288,-295.935582,-178.197288,-280.333588,-45.185273,-295.935582,-45.185273,645.229626,846.178237,1.0,1.266537,0.638432,4.061717,0.0,116.0,918.8896516427509,1.0859291948946106,0.01069474700068385
46726.0,-0.171279,0.660421,0.7311,-0.823601,0.311267,-0.474125,-0.540689,-0.683343,0.49061,-5.856019,-398.051859,423.66974700000003,3.592421,3.595073,3.596507,90.019523,90.088038,89.953136,99.556866,0.079008,0.06116,107.78356,1.0,219.47724,-71.929468,374.467843,-71.929468,-1077.917198,-228.664088,374.467843,-228.664088,795.917674,-17.928008,-33.409696,87.786075,-33.409696,-264.574627,78.17942,87.786075,78.17942,872.392762,230.121375,1.0,0.99547,1.058007,3.81097,0.0,146.0,1041.297846079685,4.524994021436232,0.009277852763445558
45999.0,-0.29236,-0.212812,-0.932329,0.954274,-0.00137,-0.298929,0.062338,-0.977092,0.203481,-272.799848,-389.501431,471.257832,3.592606,3.599156,3.592582,90.053209,89.973753,89.984256,87.357281,0.056239,0.055369,139.637753,0.986301,-559.61109,-243.021899,-12.750528,-243.021899,-725.695331,-220.877595,-12.750528,-220.877595,1319.244079,-494.777408,-18.548282,-40.380472,-18.548282,-184.210692,27.465131,-40.380472,27.465131,1080.050637,482.574541,1.0,5.02266,1.365884,3.077879,0.0,144.0,1445.5077302574007,2.9954081855665087,0.007063283236876491
46617.0,0.166269,-0.846083,0.506456,0.291303,0.532827,0.794505,-0.942071,0.015431,0.335059,-141.796166,233.236952,561.158927,3.598421,3.592857,3.594712,89.999434,90.008203,89.965778,76.405908,0.052428,0.052268,117.826704,1.0,-449.211656,213.378028,113.036521,213.378028,-3.062199,-388.48415,113.036521,-388.48415,944.119831,-295.103158,24.584663,-53.436636,24.584663,-79.272217,-267.725152,-53.436636,-267.725152,1236.067275,304.673324,1.0,2.574091,1.229128,4.728767,0.0,138.0,1454.9723063178963,4.77551591066731,0.008487040425063574
45529.0,0.699224,0.714899,-0.002509,-0.459188,0.451804,0.764866,0.547935,-0.533661,0.644184,380.172818,-227.439332,578.3955129999999,3.595677,3.595085,3.59517,90.041238,89.879018,90.050023,134.263556,0.066303,0.067331,74.902653,0.922535,-263.225347,322.827104,362.063819,322.827104,-665.846508,-71.402287,362.063819,-71.402287,1402.155751,-216.866411,65.887113,128.93903,65.887113,-211.533442,-64.606977,128.93903,-64.606977,1025.306371,525.086142,1.0,3.144873,0.87084,2.342997,0.0,131.0,1247.097641288101,2.375034383002439,0.012316452929911575
46763.0,-0.180868,0.919047,0.350199,-0.76717,-0.354644,0.534488,0.615416,-0.171991,0.769209,458.52639,475.059312,455.657244,3.596024,3.594996,3.59884,89.965476,89.980409,90.031234,126.82846,0.061103,0.061416,84.828045,1.0,474.569737,462.774419,301.454815,462.774419,141.929145,173.768944,301.454815,173.768944,952.097545,-74.485302,-125.803387,227.780581,-125.803387,-176.40906,79.335943,227.780581,79.335943,1011.473606,648.985437,1.0,2.561567,0.693194,1.843314,0.0,138.0,1164.4242023769227,1.794222390812943,0.011788554127352574
45281.0,0.899237,0.386077,0.205713,-0.348653,0.348477,0.87006,0.264224,-0.854113,0.44797,-262.537131,66.19374,282.889001,3.591818,3.598207,3.594341,90.039049,90.032493,89.984713,90.091323,0.065266,0.054048,145.559945,1.0,-584.963191,48.183136,-738.637111,48.183136,-133.039933,-24.148752,-738.637111,-24.148752,758.325086,-157.237586,-16.421629,-88.322888,-16.421629,-87.429822,-32.444476,-88.322888,-32.444476,1054.121602,162.009001,1.0,2.909421,1.106303,2.841575,0.0,144.0,1180.9082795888532,7.289152283513267,0.006870021831898878
47057.0,-0.470577,0.296287,0.831126,-0.824506,0.187804,-0.533779,-0.314241,-0.936453,0.155914,-195.936543,-104.866852,322.757364,3.59433,3.5988,3.592578,90.03802,89.96074,89.990536,64.314945,0.055051,0.051079,116.916209,1.0,-796.211505,109.671492,-250.748461,109.671492,133.26572,-281.439596,-250.748461,-281.439596,1076.410736,-556.406457,184.39036,-136.897093,184.39036,124.583696,-194.220565,-136.897093,-194.220565,1256.2407,218.148203,1.0,0.999899,1.414244,3.46535,0.0,141.0,1607.1369339866394,7.3671793390232025,0.008553133979908638
45283.0,0.728106,0.683543,0.051297,-0.265635,0.21238,0.94039,0.631902,-0.698329,0.336208,-135.555195,311.389316,301.259395,3.599618,3.595372,3.595178,90.003144,90.026415,90.042287,131.436293,0.072739,0.06476,109.080849,1.0,414.596717,-393.846152,501.238284,-393.846152,357.334597,-433.92759,501.238284,-433.92759,882.09237,-159.747611,36.134333,-58.459699,36.134333,-116.528068,-65.420039,-58.459699,-65.420039,1020.272584,371.857365,1.0,3.087098,1.227909,2.40609,0.0,142.0,1161.9242281210775,3.124650302733892,0.00916751207171114
45285.0,-0.714064,0.416688,-0.562568,0.47592,0.878262,0.046437,0.513432,-0.234579,-0.825446,-266.816024,74.781642,548.6034950000001,3.592076,3.593738,3.597221,89.96428,90.036247,89.981109,133.515997,0.079911,0.072472,83.879523,0.861111,-706.252134,8.277453,521.44327,8.277453,-232.321227,-206.866006,521.44327,-206.866006,608.333844,-7.304605,-97.949252,136.591942,-97.949252,-185.726914,-24.898845,136.591942,-24.898845,745.033889,733.497809,1.0,4.630031,2.541788,1.99936,0.0,124.0,868.179259400909,1.1836153411071866,0.01026604550433602
46463.0,0.143925,-0.927536,0.34491,0.527115,0.366834,0.766539,-0.837517,0.071483,0.541715,180.368075,356.516187,394.585512,3.597314,3.593078,3.600211,90.048203,90.020234,90.034095,147.924604,0.077701,0.075102,85.786779,0.957746,128.916552,938.109226,232.412221,938.109226,536.426109,340.473703,232.412221,340.473703,1109.817415,-25.489023,228.603029,2.88036,228.603029,-94.286149,-23.832485,2.88036,-23.832485,1026.745364,513.492496,1.0,2.718775,0.998321,4.797534,0.0,136.0,1106.3216860151176,2.1545040962295148,0.011164261103683588
45541.0,0.702552,-0.129856,0.699684,-0.474133,0.647784,0.5963,-0.530677,-0.750675,0.393533,558.585898,41.646181,444.950698,3.595006,3.596974,3.597465,90.052375,89.971142,89.951693,129.720902,0.072791,0.06596,82.16648,0.868056,671.58134,307.552827,288.157857,307.552827,-208.172843,-139.080363,288.157857,-139.080363,989.178981,-116.365933,-147.911675,-100.951063,-147.911675,-343.747758,-24.191158,-100.951063,-24.191158,1176.243789,598.306712,1.0,2.276591,1.166325,3.756956,0.0,125.0,1428.6178600262522,2.387768399339388,0.010564600065622867
46833.0,0.285257,0.267804,-0.920277,0.400039,0.83927,0.368231,0.870975,-0.473188,0.132276,502.230705,-49.488162,548.432478,3.598481,3.59559,3.588754,89.99912,90.001864,90.074324,117.139684,0.072049,0.065995,97.399459,1.0,-1403.106154,510.168129,383.347292,510.168129,-328.929608,-170.933917,383.347292,-170.933917,1343.075401,-472.068186,2.944406,146.633138,2.944406,-140.063196,-34.31128,146.633138,-34.31128,1062.784924,321.106812,1.0,4.33177,1.438132,2.06847,0.0,142.0,1404.791051790549,4.3748403935776645,0.010266997478907969
46686.0,0.377563,-0.807551,-0.453108,0.925355,0.311015,0.216767,-0.034127,-0.501129,0.864699,365.962656,387.986539,263.850307,3.595852,3.591711,3.600149,90.077809,90.06111,89.90227,173.255011,0.090317,0.084644,70.474986,0.852113,-1031.16283,28.993006,-935.367467,28.993006,437.487039,-532.176914,-935.367467,-532.176914,1562.146601,-107.701246,6.036923,-336.843742,6.036923,-349.988148,171.045334,-336.843742,171.045334,1201.33986,459.522863,1.0,4.26617,0.526245,3.209588,0.0,121.0,1482.0669914606208,3.2252301480386207,0.012090999209279729
45595.0,-0.379844,-0.773306,0.507658,0.48792,0.298758,0.820169,-0.785909,0.559233,0.26383,-45.298515,487.876803,322.524747,3.59791,3.594769,3.59776,89.958357,89.931603,90.053512,153.51763,0.059173,0.065247,101.774741,0.979167,-442.256473,200.85961,-82.057672,200.85961,1295.397358,-285.297406,-82.057672,-285.297406,875.696759,-351.234221,-17.92544,108.272129,-17.92544,-287.01194,-114.977058,108.272129,-114.977058,1049.557723,428.731109,1.0,2.587343,1.303806,5.330841,0.0,141.0,1376.7092802366913,3.2111252282294522,0.009620923525612312
46932.0,0.512132,0.210475,-0.832719,0.74175,0.38043,0.552341,0.433045,-0.900541,0.038711,-106.619618,294.816578,458.18381999999997,3.59488,3.598369,3.592811,89.945031,89.973235,90.040276,125.390071,0.069987,0.06622,77.434099,0.985714,-760.597319,44.292107,249.116792,44.292107,198.261791,-337.025023,249.116792,-337.025023,1073.481263,-521.334097,227.764741,-127.911519,227.764741,-247.328745,-183.277092,-127.911519,-183.277092,1158.720957,634.316522,1.0,4.126722,1.532076,2.693364,0.0,138.0,1585.462491115978,2.4994816249102496,0.012729714850817853
46753.0,0.423679,-0.273434,-0.863556,0.894698,0.275213,0.351815,0.141464,-0.921679,0.361243,478.339902,319.583247,306.148822,3.59694,3.597779,3.594324,90.070917,90.056555,90.032328,107.957591,0.067221,0.058517,103.698231,0.979167,220.919416,754.361979,-39.989814,754.361979,-31.058444,25.764598,-39.989814,25.764598,1150.392239,-458.824551,172.6277,130.124491,172.6277,-292.053904,12.855621,130.124491,12.855621,1244.924898,385.498396,1.0,4.325517,1.201195,2.989296,0.0,141.0,1637.5630416721137,4.247911427553939,0.009442465802526563
45299.0,-0.762552,0.318969,-0.562827,0.519462,0.820437,-0.238834,0.385583,-0.474491,-0.791318,346.693291,-131.651386,507.275193,3.59434,3.594761,3.597251,89.944031,90.048692,89.991453,110.412047,0.068593,0.058815,88.910681,0.992857,-419.592897,-110.873982,222.452228,-110.873982,-8.683125,64.829901,222.452228,64.829901,1020.663706,-495.247971,99.019368,171.988185,99.019368,-160.863834,94.076577,171.988185,94.076577,1050.527185,586.065454,1.0,5.113707,2.483758,2.4592,0.0,139.0,1421.4525220590456,2.425415987851496,0.0111669035579651
45407.0,0.268816,0.534789,-0.801086,-0.063181,0.839699,0.539365,0.961117,-0.094376,0.259513,-6.762617,85.365474,430.079953,3.598828,3.594752,3.593946,90.001428,89.941186,90.004237,81.936541,0.051753,0.046667,110.228647,1.0,-279.954133,175.791035,-41.112011,175.791035,-99.80475,125.584093,-41.112011,125.584093,1298.720359,-258.650266,15.690869,113.487799,15.690869,-209.712945,-47.793215,113.487799,-47.793215,1110.994265,452.826002,1.0,4.119814,1.308278,1.668677,0.0,146.0,1350.130243748481,2.9815651879206375,0.009072051841478196
46572.0,0.283573,-0.826333,-0.48658,0.940614,0.338436,-0.026569,0.186631,-0.45015,0.873232,565.356769,392.819773,486.691081,3.591924,3.595573,3.595174,90.118828,89.88156,90.016436,150.256071,0.09029,0.078785,87.159146,0.924658,-930.790777,-508.422812,715.432851,-508.422812,-791.578789,399.410944,715.432851,399.410944,1287.045229,-75.019033,-180.52939,-64.004091,-180.52939,-395.437207,25.051087,-64.004091,25.051087,1024.712014,595.10217,1.0,4.766939,0.509001,2.748566,0.0,135.0,1300.93666329105,2.186072793670119,0.010608846488697811
46224.0,-0.035546,-0.729285,-0.683286,0.892272,0.284774,-0.350363,0.450097,-0.62213,0.640598,173.956618,239.509648,391.566376,3.597473,3.59335,3.594922,90.106447,89.985548,90.005526,95.988747,0.075425,0.063063,105.331178,1.0,-1103.65076,-31.546829,-198.44535,-31.546829,661.902873,63.627676,-198.44535,63.627676,864.348037,-192.152754,62.540349,-64.430306,62.540349,-231.436872,164.08276,-64.430306,164.08276,1067.1038,443.865967,1.0,5.186194,0.875519,2.515283,0.0,148.0,1289.5651893424144,2.9053031437808214,0.009493865149784996
46014.0,-0.268557,-0.848104,-0.456724,0.919976,-0.366365,0.139361,-0.285521,-0.382749,0.878625,-170.986816,-424.081148,276.361682,3.590615,3.589055,3.597936,90.00993,90.048468,89.863352,216.698338,0.07106,0.076328,106.673229,1.0,-663.179147,-886.702096,-453.660495,-886.702096,-2071.340553,-397.635839,-453.660495,-397.635839,891.41628,-677.266023,-36.997689,-336.808971,-36.997689,-89.382426,-70.717758,-336.808971,-70.717758,1250.781683,542.98264,1.0,4.416231,0.497822,3.782512,0.0,142.0,1737.6320221980593,3.2001612836057878,0.009374423267903515
47125.0,-0.433061,0.361137,0.825856,-0.684025,0.465007,-0.56203,-0.586999,-0.8083,0.045651,-313.462077,118.748547,396.727805,3.595494,3.596951,3.59073,90.041757,89.977457,89.963849,105.096764,0.059496,0.054563,93.94358,0.93662,-1098.339047,412.205098,13.389404,412.205098,19.602056,-144.645607,13.389404,-144.645607,787.456736,-355.664922,-11.770586,-48.338709,-11.770586,-43.471963,-46.834478,-48.338709,-46.834478,860.841807,525.720007,1.0,0.973249,1.52513,3.769696,0.0,133.0,1095.9332618095916,2.0846329742394447,0.009970026690488057
46450.0,0.045776,0.860185,0.507924,-0.651192,-0.359881,0.668158,0.757531,-0.361342,0.543672,-73.486267,357.137335,539.7262900000001,3.595966,3.591096,3.594669,90.039643,89.927198,90.093421,139.859527,0.075193,0.070533,88.83102,0.971429,-1091.238238,440.787605,-34.092968,440.787605,-765.357875,-28.076461,-34.092968,-28.076461,1161.702944,-501.860512,127.36886,-43.918774,127.36886,-179.924173,-168.360654,-43.918774,-168.360654,1006.982399,575.32926,1.0,2.491605,0.995991,2.015875,0.0,136.0,1389.0181135670034,2.414301183929014,0.010935695661267878
45716.0,0.2759,0.408866,-0.86989,-0.185062,0.91068,0.369343,0.943203,0.059082,0.326922,493.416943,-347.955441,496.78797299999997,3.598986,3.594802,3.589324,89.986027,89.924333,89.996871,127.984869,0.055297,0.057802,92.685853,0.992857,-1445.327232,530.628367,274.193815,530.628367,-168.28173,-134.68758,274.193815,-134.68758,1304.448873,-211.164692,173.678167,355.866617,173.678167,-38.251137,-180.29469,355.866617,-180.29469,1071.199803,511.092263,1.0,4.310869,1.237752,1.508239,0.0,139.0,1262.7759458531782,2.4707397025362097,0.010712066274019187
46945.0,0.176929,0.368416,-0.91267,0.117135,0.912826,0.391187,0.977229,-0.176118,0.118351,-55.958444,448.011661,395.162866,3.601228,3.590598,3.595037,89.966529,89.961824,89.979523,127.511552,0.059921,0.066364,137.686929,0.993243,-311.689089,-556.679975,205.616208,-556.679975,-645.614942,695.133757,205.616208,695.133757,1692.343997,-454.280539,-52.721226,293.067662,-52.721226,-416.214846,164.809629,293.067662,164.809629,1782.33583,599.212999,1.0,4.307458,1.452167,1.749104,0.0,147.0,2237.327920532737,3.7337773450617973,0.007213778440798836
47041.0,-0.387752,0.912132,0.132902,-0.728725,-0.391636,0.561765,0.564454,0.120977,0.816552,-141.243653,399.566809,409.798029,3.596227,3.593,3.596521,89.960186,89.932031,90.002904,124.491685,0.072171,0.067403,79.985344,0.958904,-290.849181,312.989514,18.775391,312.989514,-352.082264,-164.070046,18.775391,-164.070046,1066.786724,-617.823287,148.834447,-88.270625,148.834447,-244.763611,9.451095,-88.270625,9.451095,1211.764107,529.727659,1.0,2.909285,0.615384,1.359665,0.0,140.0,1681.2325279413021,3.1737676886932236,0.01198849629252079
45312.0,0.852648,0.420775,0.309741,-0.35904,0.041181,0.932413,0.379581,-0.90623,0.186188,-236.367852,-14.933388,511.042593,3.593332,3.597023,3.594375,90.049629,89.999351,90.083369,77.052695,0.069941,0.055162,94.185423,1.0,-814.600347,14.507524,160.101523,14.507524,-153.406645,128.684907,160.101523,128.684907,1108.513453,-154.029663,36.53842,-158.743925,36.53842,-135.621644,75.9569,-158.743925,75.9569,1056.287172,402.8083,1.0,2.820868,1.383515,2.744937,0.0,146.0,1211.2614360004227,3.007041900577577,0.010617354237502336
46234.0,0.231811,0.965718,-0.11684,-0.952421,0.249755,0.174693,0.197886,0.070785,0.977666,298.060114,378.24164,402.245541,3.593366,3.59013,3.599825,89.930417,90.050886,89.980548,200.465868,0.089319,0.093296,65.084781,0.802817,-1234.45127,-383.307736,245.69283,-383.307736,-264.415963,841.55303,245.69283,841.55303,1247.604403,-346.572258,-81.706811,-230.730572,-81.706811,-433.594415,392.054586,-230.730572,392.054586,1333.729289,740.765714,1.0,3.731091,0.211744,1.227273,0.0,114.0,1771.2775497806815,2.3911440774116084,0.012334942019701962
46789.0,-0.202363,0.746476,0.633895,-0.76841,-0.522315,0.369775,0.607121,-0.412262,0.679297,-234.239912,-32.352163,504.76547800000003,3.594936,3.594117,3.595226,90.01666,89.972617,90.019065,146.880381,0.070923,0.071869,77.092879,0.859155,-188.767555,59.304688,39.064122,59.304688,-209.941969,-26.046994,39.064122,-26.046994,414.673563,-173.391474,103.933199,90.738691,103.933199,-359.478368,-69.458787,90.738691,-69.458787,945.505229,594.382878,1.0,2.098874,0.823992,2.16732,0.0,122.0,1229.9045830931993,2.069212671858289,0.011144414518492688
45317.0,-0.798036,-0.346496,-0.493031,0.55,-0.084471,-0.830882,0.24625,-0.93424,0.257983,604.736948,-264.571457,229.568806,3.595377,3.597574,3.593268,90.067433,90.004829,90.093378,130.445491,0.078472,0.073028,74.486969,0.951389,-578.09431,-332.049188,-470.506748,-332.049188,-192.197984,167.806163,-470.506748,167.806163,1324.375146,-717.251405,19.514475,287.903101,19.514475,-520.465196,112.17957,287.903101,112.17957,1242.152954,459.955732,1.0,5.747645,1.309862,2.883871,0.0,137.0,1887.934439561952,4.104600308713953,0.012772556230607263
46109.0,0.007583,0.415331,-0.909639,0.331952,0.857035,0.39408,0.943266,-0.304945,-0.131371,-264.239964,486.579563,506.629203,3.600629,3.592707,3.587262,90.02704,90.041137,90.003973,152.635728,0.067505,0.065528,79.670864,0.950704,-1635.805175,796.189161,77.518642,796.189161,-831.269328,680.657532,77.518642,680.657532,1459.22105,-709.711547,2.082006,-249.310886,2.082006,-515.182302,240.688365,-249.310886,240.688365,1347.069448,552.048352,1.0,4.303571,1.702548,1.883477,0.0,135.0,1989.510992862532,3.6038709030735987,0.011932894313785778
45320.0,-0.77165,-0.339784,-0.537684,0.540465,-0.795969,-0.272636,-0.335342,-0.500979,0.797851,-351.963469,391.678596,265.33720700000003,3.590996,3.593993,3.597641,90.066267,89.962287,89.922612,135.852949,0.085054,0.069703,90.527648,0.992857,4.02212,460.000135,-455.715407,460.000135,-1305.128495,387.758702,-455.715407,387.758702,857.284847,-359.764155,78.27632,-15.400628,78.27632,-263.053888,-21.196152,-15.400628,-21.196152,1005.591538,451.890358,1.0,5.181666,0.647075,3.731467,0.0,139.0,1321.595762473185,2.9245938513102443,0.010967444995367602
46933.0,-0.219506,0.556851,0.801083,-0.60555,0.566033,-0.559389,-0.764935,-0.607885,0.212954,500.807157,25.370162,220.942004,3.595752,3.595912,3.595888,89.953454,90.026936,89.937491,139.59209,0.060404,0.068449,73.730704,0.933824,631.323617,-112.15576,-162.925857,-112.15576,-483.486318,61.342498,-162.925857,61.342498,778.197056,-182.57858,-285.434705,-9.043984,-285.434705,-619.168215,-21.837007,-9.043984,-21.837007,1019.076964,674.713317,1.0,0.961219,1.356199,4.040895,0.0,124.0,1490.2149595514286,2.2086639199259035,0.012665334105585103
46219.0,0.007949,-0.886621,0.462429,0.563018,0.386146,0.730686,-0.826406,0.254548,0.502253,-218.018523,-230.43817,465.637855,3.597259,3.594922,3.593068,89.96298,90.054644,90.045956,101.825674,0.054698,0.049222,95.866034,0.964789,-322.573268,-250.995728,-344.045856,-250.995728,-403.616846,-145.031701,-344.045856,-145.031701,1011.467586,-398.88527,-12.943132,-3.053211,-12.943132,-61.486322,-35.054488,-3.053211,-35.054488,1049.793124,502.358648,1.0,2.577354,1.044594,5.011185,0.0,137.0,1313.3083496069148,2.6142843461249914,0.01006392942050779
46793.0,0.455347,-0.855814,-0.24544,0.870101,0.369356,0.326345,-0.188636,-0.362158,0.91283,-150.34809,-267.068358,365.281722,3.593907,3.592579,3.598689,90.050815,90.047728,89.975779,112.996815,0.052797,0.055549,87.364487,1.0,-680.160541,79.568875,-298.956591,79.568875,-348.63,-37.422797,-298.956591,-37.422797,1293.549628,-358.002821,243.983026,-83.967442,243.983026,-322.809138,100.081923,-83.967442,100.081923,1395.12768,484.776326,1.0,3.786427,0.420635,3.621795,0.0,139.0,1752.2705297563014,3.614595919348383,0.01144629854004637
46784.0,0.449938,-0.262916,-0.853482,0.885119,0.258442,0.387003,0.118826,-0.92956,0.348995,440.150041,163.563343,256.51365799999996,3.596715,3.598828,3.592963,90.12704,90.01747,89.95589,141.057873,0.071928,0.068716,91.919186,1.0,-642.543794,706.529074,-506.176774,706.529074,281.512973,-341.396986,-506.176774,-341.396986,1550.560394,-907.287943,283.182702,-126.411147,283.182702,-99.45711,80.54413,-126.411147,80.54413,1264.232265,704.765282,1.0,4.286678,1.214298,3.014451,0.0,142.0,1921.162245425764,2.725960393471488,0.010879121579688488
46745.0,-0.236852,0.303658,0.922872,-0.971485,-0.063357,-0.228481,-0.01091,-0.950672,0.310005,184.373901,-382.83601,428.345401,3.593855,3.599576,3.597295,89.971641,89.941037,89.897164,161.169614,0.057299,0.066335,103.587363,1.0,500.349431,-949.075209,-223.665142,-949.075209,154.009144,752.361555,-223.665142,752.361555,1152.981618,-219.201567,-82.744258,107.123926,-82.744258,-317.43553,145.637658,107.123926,145.637658,1171.580191,668.053796,1.0,1.3281,1.255598,3.153068,0.0,138.0,1452.6510833695456,2.174452255293443,0.00965368719734665
47118.0,-0.543336,0.414765,0.729901,-0.834423,-0.171195,-0.523861,-0.092324,-0.893679,0.439106,142.988962,-78.160676,549.4826889999999,3.59463,3.597399,3.593104,90.058751,89.98879,89.998754,75.684108,0.056711,0.053498,97.696846,1.0,-517.445748,248.734196,-205.097367,248.734196,-127.822748,-9.001689,-205.097367,-9.001689,898.86766,-410.643239,241.943802,39.845328,241.943802,-217.206757,12.976792,39.845328,12.976792,1171.474972,378.021757,1.0,0.94828,1.116193,3.244535,0.0,148.0,1509.8662070751811,3.9941251505139723,0.010235744969699432
47056.0,0.55157,-0.832746,-0.047995,0.607858,0.36188,0.706789,-0.571208,-0.419018,0.705794,-322.45502,155.511843,503.338265,3.594373,3.595905,3.596002,90.0437,90.063535,89.994438,92.977794,0.061993,0.052063,91.918815,0.931507,148.721202,-127.448176,130.721283,-127.448176,-470.587144,140.956272,130.721283,140.956272,893.81399,-17.005193,-58.338336,177.158377,-58.338336,-384.657313,96.445175,177.158377,96.445175,950.018456,436.112595,1.0,3.209394,0.787252,4.07949,0.0,136.0,1207.8487929114858,2.7695801652128065,0.010134018807792506
45333.0,-0.169874,0.168684,-0.970921,0.207133,0.969344,0.13217,0.963452,-0.178658,-0.199606,-243.062379,269.881553,552.667464,3.600274,3.593424,3.593431,89.990708,90.02475,90.022817,106.459113,0.064864,0.060319,78.015765,0.979167,-395.852977,-67.541961,-143.585141,-67.541961,-355.517515,165.1542,-143.585141,165.1542,1560.176671,-133.60256,-57.711023,-6.722643,-57.711023,-183.380744,55.925911,-6.722643,55.925911,1301.375622,588.926517,1.0,4.577092,1.771752,1.754149,0.0,141.0,1462.1725124339087,2.482775813665576,0.012550886349701243
46954.0,0.579762,-0.10266,-0.808293,0.81318,0.010648,0.581915,-0.051133,-0.99466,0.089654,28.689764,268.850781,494.315175,3.595004,3.599781,3.591457,90.016587,90.041518,90.024502,119.393125,0.059233,0.056999,87.447184,1.0,-216.268085,604.862988,180.426539,604.862988,-609.128108,175.751637,180.426539,175.751637,1387.531055,-453.874724,141.218597,12.766968,141.218597,-422.013657,-3.476016,12.766968,-3.476016,1224.850682,868.450695,1.0,4.088411,1.481022,3.192955,0.0,144.0,1667.5540355348069,1.9201481962482705,0.011435474011375827
46085.0,0.326878,-0.50978,0.795786,-0.724888,0.405028,0.557217,-0.606373,-0.758997,-0.237139,293.796267,173.360168,476.669551,3.595223,3.5954,3.595002,89.969622,90.008417,89.932964,140.914286,0.073065,0.070705,86.553633,0.894366,-340.200813,295.645909,-20.596321,295.645909,-41.550458,45.588567,-20.596321,45.588567,771.789617,-493.021716,34.833359,-87.955082,34.833359,-420.25296,-39.294597,-87.955082,-39.294597,1049.486581,724.313821,1.0,2.181663,1.810216,3.815671,0.0,127.0,1510.0499567226047,2.0848006940386754,0.010333084458742476
46806.0,-0.291741,0.527502,0.79789,-0.955671,-0.195421,-0.220235,0.03975,-0.826772,0.561131,-114.082197,-394.169316,427.82927,3.593666,3.596949,3.594885,90.093603,89.991631,90.065209,125.987686,0.059888,0.061804,79.504899,0.985714,-376.034513,271.885461,-107.399439,271.885461,-500.21405,-438.495586,-107.399439,-438.495586,1230.509258,-68.579939,242.49682,7.098751,242.49682,-245.303381,-7.358331,7.098751,-7.358331,1168.07813,587.626579,1.0,1.30148,0.975045,3.093551,0.0,138.0,1350.289879568133,2.2978706679095486,0.012398154231980095
45830.0,0.43332,0.537304,-0.723559,-0.490742,0.814058,0.310615,0.755914,0.220485,0.616426,244.034589,-118.020722,234.76311,3.597146,3.594878,3.59525,90.015241,89.928794,89.971293,98.859536,0.062407,0.064682,82.780061,0.992857,41.258184,225.735112,89.244231,225.735112,-257.058773,-204.65681,89.244231,-204.65681,1064.751217,-4.785012,159.555904,-85.822374,159.555904,-40.590761,-125.304996,-85.822374,-125.304996,851.545368,441.75664,1.0,4.306893,0.906601,1.286989,0.0,139.0,895.3429529079124,2.0267787098976315,0.011993914814824792
45866.0,-0.234716,-0.792524,0.562862,0.578202,0.351639,0.736229,-0.781404,0.498252,0.375704,120.475468,497.811611,223.635514,3.599328,3.592978,3.596413,90.027345,90.007786,90.058854,154.112179,0.07144,0.068739,75.482656,0.935714,-50.823286,516.113006,307.761821,516.113006,227.614324,-635.028393,307.761821,-635.028393,1074.001135,-300.144246,168.419728,159.081963,168.419728,-222.964186,-217.782761,159.081963,-217.782761,893.067295,605.696058,1.0,2.488863,1.185641,5.280024,0.0,131.0,1188.8837663751485,1.9628388705398319,0.012396410640346307
46272.0,0.198472,0.915576,-0.349756,-0.894075,0.315332,0.318111,0.401545,0.249572,0.881179,286.391151,470.354433,452.073862,3.595498,3.591194,3.597752,89.972509,89.967911,89.970788,109.616361,0.055612,0.057014,78.647482,0.978261,-815.955832,-459.458992,-178.498601,-459.458992,-99.86637,-42.227138,-178.498601,-42.227138,977.875855,-524.368641,-97.487773,-238.053487,-97.487773,-3.724941,88.638042,-238.053487,88.638042,1114.064442,509.741317,1.0,3.974337,0.492447,1.014696,0.0,135.0,1469.0185467066992,2.8818902798626764,0.012438554612593956
45351.0,0.678836,-0.168135,0.714782,-0.292665,0.83082,0.473376,-0.673446,-0.530536,0.514783,199.369174,46.857767,297.708868,3.596681,3.594653,3.596411,90.060461,90.048429,89.973822,113.61978,0.06682,0.058711,100.930147,0.978873,149.840469,-125.316276,167.376238,-125.316276,-275.480352,243.680954,167.376238,243.680954,1105.318239,-212.125593,218.594779,-120.7475,218.594779,-225.796631,29.360639,-120.7475,29.360639,1232.410671,502.879043,1.0,2.155747,1.030042,4.045135,0.0,139.0,1467.6646374128509,2.9185241617095006,0.009698519511717347
47304.0,0.782298,-0.57282,-0.244718,0.55219,0.45592,0.698013,-0.288264,-0.681185,0.672971,92.530075,405.398496,328.038923,3.598054,3.594252,3.59571,90.0852,90.017765,90.029715,126.025953,0.063125,0.064947,103.26903,1.0,619.220518,693.769366,-140.178689,693.769366,-339.444061,253.368174,-140.178689,253.368174,775.115749,-66.541213,-21.709047,-130.105427,-21.709047,-63.646408,97.935633,-130.105427,97.935633,964.452196,420.801781,1.0,3.478795,0.832578,3.541921,0.0,138.0,1039.3333604877682,2.469888216770091,0.009683445269118922
45592.0,0.745114,0.616488,0.254455,-0.562178,0.375291,0.736962,0.358833,-0.69217,0.626211,-12.683678,240.061024,392.917658,3.594907,3.598074,3.59253,90.060375,89.924569,90.031757,101.197624,0.070836,0.060699,117.309681,0.992754,167.949081,76.001042,-143.356708,76.001042,-909.442069,-591.046478,-143.356708,-591.046478,1099.236889,184.544545,118.7083,-201.633076,118.7083,-23.67369,-222.545513,-201.633076,-222.545513,986.994821,442.80626,1.0,2.809133,0.894113,2.663319,0.0,137.0,965.6974714525677,2.18085776712499,0.008462677517638123
46944.0,-0.371812,0.232556,0.898706,-0.861971,0.272906,-0.427234,-0.344619,-0.933509,0.098987,602.898779,-372.698933,265.24171,3.594828,3.596759,3.583138,90.002138,90.072773,90.010255,224.529224,0.074353,0.082156,93.745464,1.0,-2141.024692,1697.835936,-194.619821,1697.835936,-950.997266,-110.444328,-194.619821,-110.444328,449.798496,-363.698603,119.322483,-130.538912,119.322483,-250.042246,-109.770951,-130.538912,-109.770951,819.231591,437.706422,1.0,1.127032,1.471647,3.495238,0.0,138.0,1144.679002193279,2.6151752514000792,0.010667182787638663
45362.0,-0.437183,-0.8122,0.386266,0.3763,0.224895,0.898788,-0.816865,0.538287,0.207311,190.370959,-256.153342,321.286226,3.596284,3.592704,3.594619,90.028896,90.023206,90.127616,104.025388,0.059978,0.055673,117.3853,1.0,-861.842255,683.932972,-7.251202,683.932972,-422.820113,-227.818623,-7.251202,-227.818623,1111.55524,60.927318,-54.541113,155.319351,-54.541113,-70.010243,-134.37223,155.319351,-134.37223,1047.609559,312.245739,1.0,2.735694,1.361971,5.295042,0.0,142.0,1074.1258321081843,3.4400015691108736,0.008518954247252424
46666.0,0.301455,-0.762362,0.57265,0.728029,0.571869,0.378073,-0.61571,0.302934,0.727415,524.550727,-206.991735,213.115,3.595328,3.597719,3.597575,89.969324,90.128346,90.042281,163.943994,0.068228,0.072461,76.397067,0.978261,303.479216,-598.460434,-52.119331,-598.460434,-338.636104,146.450296,-52.119331,146.450296,1813.221301,-58.454428,-1.288128,37.710426,-1.288128,-284.671264,8.533707,37.710426,8.533707,1009.171194,504.912031,1.0,2.15432,0.756249,5.169623,0.0,135.0,1197.3453284769669,2.371393935901216,0.01280495493367566
45670.0,-0.417676,-0.733503,-0.536209,0.605119,-0.664792,0.438044,-0.677774,-0.141509,0.721524,-165.996089,74.067723,478.125846,3.595672,3.594189,3.596018,90.047637,90.10072,90.011786,104.569178,0.054207,0.050435,80.325157,0.823944,-719.766414,225.171934,-4.276099,225.171934,-45.983768,56.684427,-4.276099,56.684427,1225.239447,61.610502,-36.009808,-28.33674,-36.009808,-166.192193,2.456714,-28.33674,2.456714,1162.51891,735.81677,1.0,4.027411,0.764795,4.50656,0.0,117.0,1231.3661426875412,1.6734684406384774,0.010257608335580346
46994.0,0.57259,-0.797893,0.188434,0.710055,0.597533,0.372527,-0.409832,-0.079506,0.908689,289.22174,305.839114,568.945309,3.592145,3.593641,3.596725,89.98631,90.08301,89.987204,126.080379,0.058508,0.059946,84.137663,1.0,-706.235201,-407.823957,-132.826836,-407.823957,-631.914163,82.959685,-132.826836,82.959685,861.884867,-222.294063,-35.284587,75.692278,-35.284587,-389.402416,244.462621,75.692278,244.462621,1000.467657,544.71255,1.0,2.673294,0.430662,4.520771,0.0,138.0,1333.2131655333526,2.447553605169098,0.011885283764061762
46522.0,-0.044893,0.323831,0.945049,-0.996127,-0.086103,-0.017815,0.075603,-0.942189,0.326442,458.803811,526.701986,372.030786,3.593407,3.600087,3.591943,90.048357,89.99415,89.970244,122.699107,0.058148,0.06339,90.506223,0.992857,-810.260328,-138.868672,-340.679427,-138.868672,-312.245281,383.20468,-340.679427,383.20468,1460.693289,-449.834782,-26.376686,-328.569749,-26.376686,-357.066374,72.379405,-328.569749,72.379405,1400.535276,572.744961,1.0,1.551948,1.238259,3.061523,0.0,139.0,1829.2727750166362,3.19386969694638,0.010970041253406409
45369.0,-0.766768,-0.350386,-0.537863,0.583603,-0.031543,-0.811426,0.267346,-0.936074,0.228672,-142.118391,-370.981355,269.84943599999997,3.593249,3.599245,3.595852,89.999445,89.988929,90.043026,112.812229,0.058536,0.060994,109.929157,1.0,-120.99642,433.510153,195.094591,433.510153,-13.971628,118.626865,195.094591,118.626865,1282.089446,-326.360029,-58.27906,100.658732,-58.27906,-330.128035,-59.522247,100.658732,-59.522247,1178.803264,1277.736992,1.0,5.697822,1.340083,2.863395,0.0,140.0,1511.292773115295,1.1827886197062492,0.009096767657374103
45583.0,0.796835,0.272597,0.539208,-0.59819,0.230403,0.767518,0.084988,-0.934134,0.346658,83.184246,370.110939,500.554256,3.594743,3.599247,3.593939,90.01345,90.047935,90.015277,67.110707,0.047823,0.046154,139.040411,1.0,-423.189782,-176.547328,-351.292156,-176.547328,314.870515,-271.992319,-351.292156,-271.992319,1139.996384,-181.379839,51.941809,-167.101008,51.941809,-178.901321,-169.043619,-167.101008,-169.043619,1174.505516,120.54666,1.0,2.529167,1.216791,3.050862,0.0,140.0,1370.9369005675344,11.372665991471969,0.007192153653803569
45371.0,0.64087,0.160667,0.750648,-0.282177,0.958698,0.035712,-0.713906,-0.234702,0.659737,592.22908,-125.967058,462.56138,3.598162,3.595426,3.598787,90.015481,89.985734,89.988573,121.412782,0.070488,0.064977,92.392984,0.992958,1138.146963,-177.314054,83.686118,-177.314054,186.918713,2.913126,83.686118,2.913126,943.63957,104.851066,25.625617,211.189392,25.625617,-19.154556,20.144568,211.189392,20.144568,1057.155113,623.887004,1.0,1.618336,0.850328,4.394762,0.0,141.0,1036.6286819644909,1.661564795096278,0.010747114737629862
46374.0,0.095501,-0.684918,-0.722334,0.917956,-0.220073,0.330038,-0.385015,-0.69459,0.607707,-169.626184,437.232385,521.113531,3.59641,3.596058,3.600489,90.000726,89.920669,89.930575,155.320394,0.077044,0.068501,99.706147,0.972603,829.486098,-1116.224651,-192.683336,-1116.224651,757.734633,178.711249,-192.683336,178.711249,841.533354,-232.602426,-122.081847,-40.29439,-122.081847,-148.744036,-40.137922,-40.29439,-40.137922,1132.295422,390.860399,1.0,4.283808,0.917626,3.647736,0.0,142.0,1330.084294325679,3.4029650937486737,0.009754694462318357
47558.0,0.738211,-0.674173,0.023126,0.247354,0.302426,0.920519,-0.627583,-0.673817,0.390013,546.180181,290.252019,264.75493,3.598031,3.595661,3.593485,90.017429,90.109006,90.034739,157.437165,0.070536,0.073021,95.053096,0.97973,888.652277,-469.147656,-505.288157,-469.147656,-780.278443,323.486129,-505.288157,323.486129,712.216558,30.015642,118.657581,-66.546746,118.657581,-185.359077,-6.17691,-66.546746,-6.17691,725.026278,623.400272,1.0,3.116475,1.17015,3.891479,0.0,145.0,832.4803048900292,1.335386496093844,0.010307186627566555
45931.0,-0.293404,-0.610548,-0.735625,0.800248,0.264106,-0.538379,0.522989,-0.746645,0.4111,288.431845,97.517435,479.023294,3.595843,3.596464,3.595782,90.037107,89.986042,90.065075,36.220901,0.056234,0.044892,143.175781,1.0,-79.953305,191.052655,-17.323496,191.052655,60.637322,70.756921,-17.323496,70.756921,1094.92349,30.345653,59.212681,-22.43103,59.212681,-10.397591,13.672789,-22.43103,13.672789,1105.621672,154.756299,1.0,5.344183,1.147136,2.530563,0.0,138.0,1097.6501904388426,7.092765835908511,0.006984421478378386
45376.0,-0.60418,-0.794565,0.060275,0.486999,-0.30832,0.817173,-0.630713,0.523073,0.573233,-45.318693,440.88175,403.87822,3.594468,3.595461,3.597843,90.020057,90.07524,90.05902,155.832456,0.077408,0.078738,93.161257,0.958333,-328.458222,639.543563,148.245991,639.543563,297.607124,275.457492,148.245991,275.457492,1017.584799,-24.52488,241.794543,304.045717,241.794543,-411.362948,-89.657639,304.045717,-89.657639,1401.238613,684.016744,1.0,3.067966,0.960351,5.404764,0.0,138.0,1689.1403116212232,2.4694429287555906,0.010286819122674568
46993.0,0.552386,-0.069068,-0.830722,0.680362,0.61316,0.401425,0.48164,-0.786934,0.385692,439.776594,494.994234,374.611412,3.593147,3.594069,3.594686,90.051677,89.968773,90.116498,160.325526,0.074605,0.073246,85.024028,0.811594,-371.412068,-302.145164,17.925884,-302.145164,-1199.696312,345.826528,17.925884,345.826528,923.647401,-760.235952,45.808928,-34.455078,45.808928,-35.705791,-89.961413,-34.455078,-89.961413,912.649195,605.847244,1.0,4.262251,1.174838,2.592363,0.0,112.0,1456.0106194484185,2.403263584786429,0.009545466370988681
45378.0,0.694937,0.320789,-0.64355,-0.31572,0.940215,0.127737,0.646052,0.114413,0.754669,-119.08899,200.009739,316.955353,3.594623,3.592379,3.597564,90.007514,89.932329,89.963769,135.575345,0.054649,0.062775,71.376028,0.85,-118.578136,128.618851,-276.807686,128.618851,-822.328204,53.137204,-276.807686,53.137204,1036.05651,-391.389337,103.348794,-151.063442,103.348794,-165.574544,-318.225514,-151.063442,-318.225514,1079.916527,677.806668,1.0,4.516447,0.715646,1.395519,0.0,119.0,1408.746640786626,2.0783900591350126,0.011908760179257943
47441.0,-0.601591,0.234643,0.763565,-0.498957,0.636091,-0.588584,-0.623803,-0.735072,-0.26559,31.812327,138.902706,256.128021,3.595706,3.5974,3.594211,89.992263,90.005024,89.944416,91.48667,0.062139,0.058426,83.150727,0.992754,-20.490315,39.368695,118.192583,39.368695,-69.120517,-304.218562,118.192583,-304.218562,950.71745,-243.630004,-54.114609,-55.188949,-54.114609,-149.800558,-192.878235,-55.188949,-192.878235,1136.460822,471.889238,1.0,0.914092,1.839612,3.84529,0.0,137.0,1347.71794664704,2.8560048378281517,0.011939210104561082
46153.0,0.28143,0.730373,0.622377,-0.787288,0.546558,-0.285398,-0.548612,-0.40967,0.728831,-130.257894,216.353931,558.2906419999999,3.593483,3.595547,3.59553,90.048052,90.032855,89.989655,135.709412,0.066497,0.070136,92.346047,0.964286,-267.664328,198.292125,-37.029538,198.292125,-207.407887,-341.569743,-37.029538,-341.569743,569.217809,-162.791732,125.58184,42.230183,125.58184,-254.886242,-210.767704,42.230183,-210.767704,922.205621,521.221855,1.0,1.140845,0.754183,4.070979,0.0,135.0,1154.1689058896673,2.2143524773911625,0.010442092881355279
45381.0,0.432048,0.658582,-0.616121,-0.156763,0.727616,0.667832,0.888122,-0.191951,0.417606,70.474447,-287.33309,404.703424,3.597927,3.595774,3.594479,90.033078,89.932409,90.043479,99.790855,0.064264,0.056156,108.957295,1.0,-33.441225,257.338435,-198.469178,257.338435,-176.046255,-179.478285,-198.469178,-179.478285,1309.934851,12.205473,79.537515,107.509549,79.537515,-274.164734,-99.66337,107.509549,-99.66337,1307.336581,489.245445,1.0,3.886737,1.139987,1.783653,0.0,144.0,1466.6705239795224,2.9978215208105254,0.009177907729812858
46836.0,-0.291652,0.848824,0.44095,-0.877903,-0.420569,0.22893,0.379771,-0.320344,0.867844,294.674688,-373.254351,361.913256,3.593777,3.592881,3.598336,90.024424,89.979444,90.041753,89.252788,0.07099,0.059583,88.025566,1.0,-226.244376,360.41862,259.573163,360.41862,-545.730208,146.564376,259.573163,146.564376,987.001435,-706.431586,-37.021521,256.406886,-37.021521,-331.478325,164.848164,256.406886,164.848164,1309.549201,444.828009,1.0,2.049665,0.519949,2.271515,0.0,140.0,1876.0563457218798,4.2174870011880925,0.011360335927859868
45384.0,0.829224,0.4849,0.277955,-0.410981,0.191957,0.891206,0.37879,-0.853244,0.35846,48.812588,160.675148,512.780425,3.594659,3.59829,3.593996,90.034042,90.001444,90.041694,48.817009,0.046999,0.040012,123.11059,1.0,-178.056126,-89.267957,-231.97815,-89.267957,-167.050436,-175.123445,-231.97815,-175.123445,1102.689972,-63.989778,88.36286,-81.218309,88.36286,-69.539409,-76.847497,-81.218309,-76.847497,1190.411338,217.518264,1.0,2.839267,1.204179,2.723788,0.0,140.0,1263.2287526218647,5.80746062143023,0.008122778064827729
46472.0,0.183388,-0.739196,-0.648042,0.924827,0.353217,-0.141186,0.333263,-0.573435,0.748404,388.7896,96.40457,543.424156,3.594618,3.595676,3.596412,90.077523,89.94952,90.085248,113.503476,0.062559,0.061137,82.820849,0.957746,-215.560256,237.634447,231.705667,237.634447,-521.941095,244.532229,231.705667,244.532229,1426.561037,-220.405167,88.525677,-41.266783,88.525677,-423.818198,65.073143,-41.266783,65.073143,1295.868093,485.854332,1.0,4.926903,0.725144,2.615133,0.0,136.0,1630.71208139819,3.356380655669836,0.011564068849378736
45386.0,-0.276096,-0.821042,0.499661,0.288861,0.424949,0.857891,-0.916695,0.381193,0.11984,104.550548,152.546888,260.324066,3.598053,3.594826,3.593536,89.98217,90.026562,90.05392,78.233956,0.054606,0.053128,87.281134,0.979167,-274.468301,-113.54006,28.973249,-113.54006,-282.521597,90.382927,28.973249,90.382927,1166.878729,-342.017081,43.521574,62.558307,43.521574,-79.252531,9.886885,62.558307,9.886885,1237.318516,317.940393,1.0,2.614193,1.450668,5.10647,0.0,141.0,1467.2361071069042,4.614815038952614,0.011218541225644479
46231.0,0.007331,0.542308,-0.840148,0.641686,0.64182,0.419888,0.766932,-0.542189,-0.343286,118.632621,-386.782011,368.961855,3.595131,3.593892,3.594484,89.956773,90.080417,90.050636,123.51938,0.067837,0.060237,98.073645,0.963768,-458.347109,46.45609,423.259713,46.45609,-604.24966,-158.746711,423.259713,-158.746711,862.279805,-670.180965,-143.246226,-68.266103,-143.246226,-332.797851,10.125505,-68.266103,10.125505,1248.317659,518.092227,1.0,4.248918,1.92121,2.186177,0.0,133.0,1779.3698313960933,3.4344654072489944,0.009826982570088018
45946.0,0.235027,-0.705943,0.668137,-0.267435,0.613895,0.742706,-0.934474,-0.353239,-0.044511,329.377173,-384.069564,516.958929,3.599369,3.589379,3.593682,89.998245,90.027943,89.97726,94.170967,0.061029,0.053007,108.791583,1.0,-960.546934,484.729088,-379.4651,484.729088,-586.64432,721.813973,-379.4651,721.813973,1049.073876,-410.449849,74.99088,-183.728458,74.99088,-326.393197,207.12787,-183.728458,207.12787,1249.29325,205.749349,1.0,2.408999,1.615322,4.350983,0.0,142.0,1638.2953112950224,7.962578347186034,0.009191887574611356
45800.0,0.35787,0.059244,0.93189,-0.345015,0.935754,0.073005,-0.867694,-0.347643,0.355319,19.243561,-102.414544,379.019882,3.598068,3.595457,3.594354,90.011157,90.048022,89.951865,74.451061,0.065267,0.055385,100.649859,0.993151,-246.857486,60.275621,-85.492478,60.275621,20.488689,-33.528187,-85.492478,-33.528187,1243.263085,-341.001437,-60.123949,-94.470708,-60.123949,-86.39769,93.5375,-94.470708,93.5375,1299.620148,406.387352,1.0,1.648978,1.207541,4.331321,0.0,145.0,1534.5098569474856,3.775978384650823,0.009867385904634004
45393.0,-0.744675,-0.605648,0.280444,0.599748,-0.422856,0.679335,-0.29285,0.67408,0.678126,291.314399,364.084825,343.174358,3.593914,3.596292,3.595801,89.933394,90.011423,90.023652,137.246325,0.077525,0.073908,71.606032,0.922535,-288.097053,4.688889,-173.365971,4.688889,-180.047424,23.451981,-173.365971,23.451981,964.507778,-646.611916,127.879378,-54.598815,127.879378,-151.515468,-49.791412,-54.598815,-49.791412,1252.099312,667.741129,1.0,2.750082,0.825586,5.873342,0.0,131.0,1710.7131987462087,2.5619407348895065,0.01288348165975738
45654.0,0.604557,0.688513,0.400576,-0.508463,-0.053545,0.859417,0.613169,-0.723245,0.317712,-123.441073,-331.584948,438.436755,3.596493,3.596245,3.595034,90.013036,89.961866,90.065714,124.232952,0.064426,0.06447,73.589556,0.854167,10.484753,122.73323,144.813914,122.73323,-124.251342,-111.026429,144.813914,-111.026429,1101.190239,-229.520969,50.162273,112.688015,50.162273,-177.721036,51.538828,112.688015,51.538828,1119.705372,685.23365,1.0,2.70543,1.247481,2.438376,0.0,123.0,1329.1382313751276,1.9396861659889697,0.011607176974950086
46688.0,-0.175033,0.740064,0.64936,-0.915706,-0.364679,0.168793,0.361726,-0.565079,0.741512,297.274996,36.111841,225.945334,3.593815,3.596328,3.596799,90.055129,89.972549,90.004455,110.997791,0.055063,0.056707,79.898992,0.922535,-31.752363,-169.514927,30.988439,-169.514927,-181.505819,261.075206,30.988439,261.075206,969.710311,-130.753401,-150.349833,191.843416,-150.349833,-244.238953,240.134978,191.843416,240.134978,1063.984045,585.465324,1.0,1.825105,0.735475,2.572186,0.0,131.0,1289.8322782808937,2.203089107769077,0.011546265815218294
45397.0,0.884505,0.466317,-0.014101,-0.458363,0.874255,0.15994,0.08691,-0.135005,0.987026,366.665863,-209.071427,432.65244,3.592487,3.594244,3.601292,90.009951,90.014351,89.996072,117.88437,0.067878,0.061754,93.3731,0.993243,-487.425056,188.883352,-216.783818,188.883352,-223.970369,315.533671,-216.783818,315.533671,1769.168287,-418.093846,73.115994,87.752705,73.115994,-215.493344,169.7523,87.752705,169.7523,1831.180356,720.935226,1.0,3.229527,0.161258,2.569618,0.0,147.0,2162.400070201875,2.999437386628512,0.010637357011816038
46615.0,-0.082221,0.809269,0.581655,-0.777325,-0.417324,0.470751,0.623703,-0.413429,0.663378,-42.810204,445.381475,242.722899,3.595334,3.59169,3.595259,90.027758,90.005332,90.153383,155.742764,0.084716,0.079043,89.701908,0.971429,-551.04999,1122.096053,-475.958001,1122.096053,-757.502605,-137.036376,-475.958001,-137.036376,766.076056,-336.324048,92.92087,-44.507443,92.92087,-231.860838,-117.963505,-44.507443,-117.963505,856.515374,444.534227,1.0,2.251201,0.845472,2.15616,0.0,136.0,1152.201612432049,2.5919300302427533,0.010829524384252784
47503.0,-0.399083,0.307933,0.863661,-0.333493,0.828663,-0.449556,-0.854117,-0.467434,-0.228012,390.039298,93.479899,549.188997,3.599943,3.594447,3.594344,89.979784,89.969104,89.973079,120.147859,0.07221,0.065818,81.571335,0.985915,-9.44556,185.105368,250.453058,185.105368,-97.700582,430.609836,250.453058,430.609836,1362.677452,0.635171,82.815342,-31.896985,82.815342,-210.246283,334.939553,-31.896985,334.939553,1202.495029,618.704652,1.0,1.090865,1.800831,4.211643,0.0,140.0,1353.6739959410788,2.187916304759058,0.01208653750732411
46748.0,-0.097637,0.490655,0.865867,-0.564668,0.689116,-0.454169,-0.819523,-0.533271,0.209774,190.913848,-375.43673,319.34441400000003,3.599138,3.595341,3.591081,90.033689,89.977872,89.962383,110.442374,0.06084,0.056648,83.556327,0.963235,-1025.332749,215.171795,-281.505325,215.171795,286.71562,450.207551,-281.505325,450.207551,1110.854124,-273.249835,102.634559,-3.351752,102.634559,-288.374875,122.030232,-3.351752,122.030232,1127.118614,465.437374,1.0,1.087721,1.359453,4.135515,0.0,131.0,1414.7503443872902,3.0396148298724506,0.011527972022992347
45404.0,0.768493,0.614743,0.17751,-0.387458,0.226309,0.893678,0.50921,-0.755563,0.412104,-52.511291,-223.582141,586.543983,3.594982,3.596454,3.594324,90.04454,89.974017,90.038921,91.160751,0.063527,0.053605,89.017946,0.992958,-127.777531,-39.318467,-66.761298,-39.318467,-312.728938,17.47585,-66.761298,17.47585,868.322381,-177.268713,-95.626075,104.551926,-95.626075,-325.046551,-54.043504,104.551926,-54.043504,1154.253313,463.100762,1.0,2.945516,1.146034,2.548566,0.0,141.0,1417.32344763285,3.0605076992571436,0.011154582245696841
47286.0,-0.377777,-0.775711,0.505527,-0.468327,0.631081,0.618391,-0.79872,-0.003138,-0.601694,560.113409,-67.813159,364.538958,3.596415,3.591611,3.595219,89.939185,89.906209,90.041877,74.052955,0.064754,0.053722,115.088497,1.0,-1367.298637,34.04879,-27.897041,34.04879,-37.981047,-66.048662,-27.897041,-66.048662,1131.577614,-96.395261,26.159705,-1.116245,26.159705,-100.357847,-97.846353,-1.116245,-97.846353,1173.349964,235.675029,1.0,2.456279,2.216417,4.70846,0.0,140.0,1274.752810106042,5.408943049736687,0.008688965674823261
45730.0,0.469291,0.136693,0.8724,-0.43069,0.897901,0.090993,-0.770891,-0.418436,0.480249,211.66087,411.823677,537.345222,3.594669,3.591669,3.589767,90.104564,90.031277,89.898781,209.128939,0.074195,0.08401,75.631503,0.861111,-1401.228828,-525.144605,-394.234463,-525.144605,-1515.918224,-480.749289,-394.234463,-480.749289,656.368281,-1225.765714,-104.80538,-269.675874,-104.80538,-18.419274,112.737167,-269.675874,112.737167,797.141649,982.604333,1.0,1.674723,1.069858,4.215094,0.0,124.0,1783.2004394993835,1.8147695665610133,0.011385612685761382
47542.0,-0.634579,0.249134,0.731603,-0.432547,0.669991,-0.603337,-0.640479,-0.699317,-0.3174,-315.283641,247.376804,404.822961,3.596187,3.59709,3.595435,90.014633,89.970497,89.937428,134.434262,0.062511,0.067681,82.635898,0.942857,-152.699328,-183.418049,166.437915,-183.418049,360.016492,-118.99261,166.437915,-118.99261,1041.312927,94.89331,-8.179478,-26.576601,-8.179478,102.369085,-131.412312,-26.576601,-131.412312,949.169536,827.317855,1.0,0.881188,1.893783,3.883104,0.0,132.0,858.4807465295403,1.0376673745661398,0.011409774962450337
46975.0,0.571559,0.281358,-0.770817,0.757017,0.18166,0.627634,0.316616,-0.942251,-0.109163,400.142852,257.655698,280.555601,3.595203,3.599452,3.594016,90.018065,90.020013,90.012163,98.754856,0.064738,0.060262,86.998723,0.993056,214.278283,219.968114,-349.696056,219.968114,-193.586651,-33.859472,-349.696056,-33.859472,1217.176729,-194.696624,-34.889494,-3.019282,-34.889494,-223.558628,-168.416954,-3.019282,-168.416954,1264.131641,446.342208,1.0,4.029022,1.680178,2.817425,0.0,143.0,1480.9829933848182,3.3180437942916168,0.01141460432700834
47070.0,-0.39043,0.880346,0.269359,-0.700552,-0.473926,0.533498,0.59732,0.019593,0.801764,-165.003723,92.900767,471.107715,3.595533,3.593735,3.597716,89.990818,89.938872,89.986109,94.078391,0.065651,0.054186,84.162113,0.992857,-280.657207,59.089707,161.255061,59.089707,-78.090981,69.478568,161.255061,69.478568,1127.001816,-210.382783,235.507928,32.391097,235.507928,-59.309085,58.417311,32.391097,58.417311,1286.164394,497.773934,1.0,2.674038,0.640556,1.538006,0.0,139.0,1442.6822626997098,2.898267997093857,0.011796959042603885
47023.0,-0.471558,0.12186,0.873375,-0.88176,-0.05221,-0.4688,-0.011529,-0.991173,0.132071,144.563335,-273.320537,454.923199,3.594097,3.600739,3.593493,90.046908,89.979736,90.003097,93.756981,0.060209,0.059835,94.557855,1.0,-509.409788,4.210383,80.523981,4.210383,-87.269,-124.840754,80.523981,-124.840754,1739.327469,-63.540136,52.753634,-125.26648,52.753634,-322.527289,-74.968632,-125.26648,-74.968632,1615.76182,547.319786,1.0,1.078168,1.438338,3.153223,0.0,134.0,1827.599036161393,3.3391795489764973,0.010575536003857109
46386.0,0.08819,0.792895,0.602943,-0.903127,0.319,-0.287402,-0.420218,-0.519188,0.744218,-121.518355,-13.975635,251.830292,3.594767,3.596042,3.595417,90.048853,90.038441,89.952158,111.303702,0.081141,0.068557,93.005385,1.0,-89.065969,-22.309285,-278.106665,-22.309285,-278.269072,62.223963,-278.106665,62.223963,924.487463,-85.742558,38.923865,33.35674,38.923865,-256.769542,-89.579493,33.35674,-89.579493,951.95927,565.478438,1.0,1.12599,0.731433,3.822024,0.0,150.0,1136.4591922840352,2.0097303732808913,0.010752065592761107
47337.0,0.811843,-0.50159,-0.298863,0.541971,0.456959,0.705305,-0.217206,-0.734572,0.642826,-277.098586,-323.365815,348.126589,3.588077,3.596542,3.595541,90.088055,90.092444,90.033491,173.669899,0.070969,0.070694,108.655505,1.0,-678.013857,-960.470943,218.014448,-960.470943,-1585.921087,312.44615,218.014448,312.44615,1131.855953,-48.330283,31.226401,111.380906,31.226401,-112.950388,82.474905,111.380906,82.474905,865.737529,345.326852,1.0,3.542392,0.872615,3.429091,0.0,142.0,955.9812022811448,2.7683372918858473,0.009203399312349612
45423.0,0.694848,0.684823,-0.219553,-0.356597,0.593213,0.72176,0.624519,-0.423221,0.656399,53.460344,-76.252532,502.289546,3.595367,3.59527,3.595091,90.030192,89.946912,90.040492,115.394348,0.066819,0.064578,75.780689,0.978571,-240.543923,114.700351,-23.707855,114.700351,-189.880166,-135.223261,-23.707855,-135.223261,849.286325,-21.281261,165.413804,119.422611,165.413804,-230.755629,-274.665486,119.422611,-274.665486,1017.094319,563.771413,1.0,3.43689,0.854761,2.166382,0.0,137.0,1194.7446949809141,2.119200561488764,0.012913197450606448
46205.0,-0.012863,-0.66433,0.747328,0.632245,0.573619,0.520795,-0.774662,0.479194,0.412641,-107.476543,305.904635,281.876467,3.596668,3.596497,3.593218,89.943709,89.993997,90.038605,105.100814,0.067959,0.061869,107.749809,0.956522,-515.67891,-146.146455,-441.487789,-146.146455,343.751117,59.841366,-441.487789,59.841366,772.87742,-326.627896,-15.677216,-105.874453,-15.677216,-367.805555,-81.656138,-105.874453,-81.656138,1156.806097,391.226578,1.0,2.179423,1.145445,5.266362,0.0,132.0,1508.9561044413726,3.8569877132462422,0.008877250074754192
45624.0,0.765432,0.623198,0.160433,-0.641169,0.717283,0.272777,0.054918,-0.311657,0.948606,245.685697,-54.756623,568.242354,3.593782,3.594215,3.598475,90.013207,89.994374,89.99711,72.836967,0.052195,0.050212,90.561378,1.0,-173.0207,87.027891,143.87208,87.027891,-192.856901,219.22399,143.87208,219.22399,992.415415,-281.636871,102.866972,67.439523,102.866972,-184.390738,186.829999,67.439523,186.829999,1145.251257,432.816208,1.0,2.609935,0.321994,2.967169,0.0,146.0,1394.3577558600703,3.2215932076648808,0.011042234803450098
46570.0,0.205032,0.632474,-0.746953,0.531954,0.568599,0.627471,0.821576,-0.525996,-0.219866,28.977493,62.314089,280.149757,3.595703,3.595478,3.593609,90.0235,90.009956,90.038057,106.80803,0.073834,0.064411,76.31551,0.970588,52.060779,128.896304,-206.437096,128.896304,-387.181099,95.439106,-206.437096,95.439106,493.222408,-345.999329,105.70512,-23.169834,105.70512,-376.057448,33.562245,-23.169834,33.562245,929.949285,478.068266,1.0,4.013705,1.792474,2.140272,0.0,132.0,1294.9627793038176,2.7087403021722793,0.012718096229717916
46347.0,0.124637,-0.288879,0.949218,-0.923918,0.314977,0.217173,-0.361719,-0.904068,-0.227643,590.048955,-99.563946,546.61214,3.59223,3.59693,3.59576,89.944744,90.045562,89.91783,133.842296,0.072233,0.069003,77.739357,0.945205,-114.651612,754.832334,-111.289014,754.832334,-715.13419,-85.654939,-111.289014,-85.654939,1022.837475,-701.744875,-41.447094,35.08707,-41.447094,-469.506705,-278.228257,35.08707,-278.228257,1219.65891,565.509322,1.0,1.795717,1.800453,3.522187,0.0,137.0,1832.9685537576518,3.2412702716820143,0.01215864185756
46845.0,-0.323855,0.577689,0.749262,-0.940706,-0.281109,-0.189866,0.100941,-0.766324,0.634474,379.854601,430.108565,578.505782,3.595952,3.59594,3.596125,90.018761,90.02641,90.074775,174.104551,0.078057,0.079802,65.24593,0.838028,577.392956,489.482224,-111.704356,489.482224,-107.401469,-311.122445,-111.704356,-311.122445,585.335792,-290.796259,114.314244,178.871767,114.314244,-447.240567,59.34785,178.871767,59.34785,778.961102,792.01067,1.0,1.322617,0.883468,3.010625,0.0,119.0,1171.6022576035764,1.4792758506695072,0.012844142155686952
46004.0,0.211838,-0.180558,0.960481,-0.265281,0.935263,0.234326,-0.940612,-0.304437,0.150225,608.893913,-223.619296,405.965188,3.598105,3.595003,3.597697,90.130327,90.024097,89.957068,166.215281,0.093608,0.08146,84.437126,0.826389,1083.364845,-717.643718,522.482549,-717.643718,-485.433687,-80.784732,522.482549,-80.784732,1230.974183,-101.617542,105.220315,-252.760164,105.220315,-563.148144,260.257053,-252.760164,260.257053,1242.801657,604.227568,1.0,1.810089,1.42,4.399371,0.0,119.0,1657.7043292154967,2.7435099240879004,0.009787033727320373
45641.0,0.716145,0.682924,-0.144055,-0.616403,0.715667,0.328432,0.327389,-0.146409,0.933478,204.991074,-270.710389,540.613781,3.594254,3.593829,3.598674,90.008285,89.941789,89.960885,78.881161,0.059345,0.054344,98.480619,1.0,78.119638,71.341609,154.850767,71.341609,-604.234224,217.843635,154.850767,217.843635,1231.117183,-61.035516,61.502001,-42.712763,61.502001,-356.469712,168.135579,-42.712763,168.135579,1256.812771,419.788058,1.0,3.554938,0.366805,1.99132,0.0,144.0,1496.2453868656191,3.5642876407542285,0.010154282234964425
45653.0,0.698509,0.699906,0.149053,-0.607538,0.469957,0.640342,0.37813,-0.53784,0.753489,402.556639,-11.475882,536.171465,3.593884,3.594207,3.596925,90.057751,89.986166,89.995404,111.473805,0.050194,0.052258,79.833913,0.971831,-216.244506,-111.775683,-98.167223,-111.775683,-291.695361,374.942573,-98.167223,374.942573,728.843737,-632.31213,-88.380798,106.090304,-88.380798,-318.901568,338.467893,106.090304,338.467893,1189.763275,592.593207,1.0,2.912894,0.717444,2.52882,0.0,138.0,1716.7840311696123,2.8970700488802805,0.012173160045405767
46445.0,0.082428,0.001307,0.996596,-0.175163,0.984451,0.013197,-0.981083,-0.175654,0.081376,293.098792,-352.381589,544.06079,3.600306,3.590983,3.594818,90.033792,90.002405,90.026114,136.638632,0.058736,0.061086,81.705016,1.0,27.665244,-327.259158,-47.676319,-327.259158,-894.496702,637.965069,-47.676319,637.965069,1391.283345,-384.529481,45.571517,-84.829487,45.571517,-613.568054,301.733836,-84.829487,301.733836,1526.698816,585.491489,1.0,1.584037,1.489331,4.535225,0.0,140.0,2053.834062821952,3.5078803046818536,0.012239150653859488
46118.0,0.16068,0.975234,-0.15199,-0.231386,0.186919,0.954737,0.959501,-0.118239,0.255689,440.388345,-62.3782,246.075596,3.599483,3.590878,3.592612,89.962071,89.980541,89.990711,123.620446,0.076373,0.0703,101.672442,0.972603,-1082.528163,155.622039,495.204924,155.622039,-470.532585,-272.716841,495.204924,-272.716841,1206.00603,-344.03954,223.815475,-94.579134,223.815475,-255.145788,-84.496667,-94.579134,-84.496667,1262.768981,645.587636,1.0,3.299464,1.312236,1.693407,0.0,142.0,1580.042462642829,2.4474484555383107,0.00956604347124858
45447.0,0.412142,0.693676,-0.590722,-0.175078,0.696561,0.69581,0.89414,-0.18335,0.408529,-282.070028,39.948821,293.060051,3.597732,3.592581,3.596581,89.986184,89.988746,90.051996,100.25134,0.056613,0.055763,114.682915,1.0,-375.243476,-588.947403,23.859955,-588.947403,185.669415,-132.387307,23.859955,-132.387307,933.08793,-79.019667,-267.26171,45.198874,-267.26171,-98.398756,55.486841,45.198874,55.486841,1085.602577,306.244346,1.0,3.845489,1.149954,1.77305,0.0,146.0,1198.625358672711,3.9139509817193847,0.008719694646757105
45448.0,-0.571997,0.437105,-0.694089,0.526532,0.844498,0.097911,0.628954,-0.309455,-0.7132,-346.447747,-78.729931,511.785398,3.595169,3.594895,3.59522,89.953986,90.122363,90.028005,155.083599,0.069683,0.07037,77.78602,0.943662,-859.086801,265.057448,-100.170965,265.057448,-196.070622,9.727465,-100.170965,9.727465,1348.433369,-498.520603,-97.838993,97.322839,-97.838993,-8.71609,99.236711,97.322839,99.236711,1022.180094,783.484458,1.0,4.572249,2.364849,2.028036,0.0,134.0,1352.5021636814065,1.7262654668784847,0.01213151154924754
46867.0,-0.340357,0.667339,0.662432,-0.92716,-0.12083,-0.354648,-0.156628,-0.734887,0.659855,478.44039,-158.804984,382.654141,3.594068,3.597576,3.597698,90.037072,90.021471,89.920515,132.841597,0.056502,0.06266,79.061182,0.979167,173.894968,-521.750201,140.398433,-521.750201,-42.061784,381.368714,140.398433,381.368714,1292.065948,114.563815,-54.314258,36.2764,-54.314258,-243.402907,51.404647,36.2764,51.404647,1333.792015,603.45164,1.0,1.079253,0.850171,3.351583,0.0,141.0,1433.974211770494,2.376286874902675,0.012384927409762226
46244.0,0.007994,-0.634565,-0.772828,0.672501,0.575382,-0.465486,0.740053,-0.516007,0.431345,-160.135081,429.762417,550.594712,3.597933,3.594998,3.595926,89.996106,89.915655,90.02638,52.463733,0.05171,0.041019,140.182659,0.992857,252.555196,-196.185146,-386.589793,-196.185146,-161.376442,312.271584,-386.589793,312.271584,1197.525049,-129.902735,17.730511,-35.269418,17.730511,8.863899,78.900679,-35.269418,78.900679,1022.714959,104.375951,1.0,5.254509,1.124813,2.179679,0.0,137.0,1092.5550624834093,10.467498039691243,0.007082595001996645
45671.0,0.698534,0.363428,0.616417,-0.627226,0.725613,0.282974,-0.344439,-0.5843,0.734817,560.234618,115.099301,257.89680799999996,3.595934,3.596194,3.595435,90.069905,90.061166,89.953439,77.120783,0.073555,0.057446,87.176341,1.0,-238.792337,-126.660354,-398.226955,-126.660354,-72.07267,61.562339,-398.226955,61.562339,1239.155826,-332.436346,-35.235347,-38.976663,-35.235347,-67.131862,87.764473,-38.976663,87.764473,1186.235491,420.937968,1.0,2.001161,0.7454,3.674249,0.0,142.0,1407.724282002761,3.344255897588124,0.011471002206894645
47359.0,-0.689186,0.040351,0.72346,-0.654386,0.394063,-0.645364,-0.31113,-0.918197,-0.245178,63.51717,-86.646902,242.174683,3.594808,3.597785,3.592771,89.94702,90.032897,89.963194,154.910562,0.074177,0.079279,76.637344,0.821429,18.825732,309.859135,-26.697083,309.859135,-732.433831,-109.725532,-26.697083,-109.725532,1030.833447,-109.140547,216.707086,-22.030622,216.707086,-300.371364,-2.66628,-22.030622,-2.66628,898.792491,731.777054,1.0,0.84239,1.818499,3.468299,0.0,115.0,1131.7406534442628,1.5465648277135822,0.010718390762602628
46566.0,0.233394,-0.678952,-0.696097,0.69384,0.617825,-0.369971,0.681259,-0.396631,0.615281,-283.223999,343.116915,238.321687,3.596984,3.593217,3.595137,90.120088,89.938567,90.010939,122.06859,0.072386,0.064608,83.864464,0.985915,-1243.387012,220.963375,-39.409127,220.963375,275.365097,-97.777102,-39.409127,-97.777102,1276.318535,-214.960422,-113.0185,139.200742,-113.0185,-92.877328,156.37424,139.200742,156.37424,977.903201,530.116051,1.0,5.200913,0.908054,2.098027,0.0,140.0,1155.2712327586942,2.1792798587769875,0.01175605200314641
45684.0,0.658776,0.625428,-0.418155,-0.601555,0.771684,0.206485,0.451825,0.115516,0.884596,145.521084,123.082074,361.592946,3.594598,3.594737,3.597435,89.987276,89.951129,89.935851,109.733496,0.059773,0.058577,83.05056,1.0,281.296249,168.708665,135.305702,168.708665,-573.420645,195.450289,135.305702,195.450289,1000.36257,-110.966903,196.759855,-142.690051,196.759855,-302.206557,153.387886,-142.690051,153.387886,1110.18984,566.555825,1.0,4.253713,0.485169,1.320493,0.0,140.0,1350.2896134984003,2.38333021021962,0.012040858002643208
47477.0,-0.80444,0.382489,0.454509,-0.579009,-0.675859,-0.45603,0.132757,-0.630014,0.765153,-308.413169,103.386967,394.82782,3.595121,3.594421,3.598656,90.067927,90.059333,89.982271,78.724165,0.053224,0.046164,126.71949,1.0,357.831771,127.805241,758.856929,127.805241,-297.237916,13.061574,758.856929,13.061574,1044.602818,-204.17472,-224.850416,114.43229,-224.850416,-13.601226,36.414106,114.43229,36.414106,1051.614311,150.025767,1.0,0.783728,0.699518,2.93391,0.0,142.0,1192.785847457577,7.950539905972131,0.007891445901494711
45463.0,-0.429849,-0.3157,-0.84591,0.442624,0.742902,-0.502176,0.786965,-0.59028,-0.179599,44.446629,-220.933018,400.51342,3.597444,3.595362,3.595255,89.97039,90.000391,90.05536,159.4583,0.076519,0.079063,90.465545,0.887324,262.961651,-21.723036,-57.149588,-21.723036,-230.39146,86.32278,-57.149588,86.32278,1035.402537,-138.218496,39.103086,245.58989,39.103086,-310.150041,-196.128879,245.58989,-196.128879,1358.133887,753.168984,1.0,5.248128,1.751375,2.214343,0.0,124.0,1612.8030178191436,2.1413561260232985,0.009808419326938227
45464.0,-0.625954,0.343878,-0.699949,0.588981,0.796743,-0.135285,0.511158,-0.496938,-0.701263,525.21236,-323.028926,438.719357,3.591247,3.595664,3.595174,89.909944,90.113876,89.995659,116.014382,0.071105,0.061714,103.568361,1.0,-1557.390246,279.102747,349.60009,279.102747,-147.424816,-286.108275,349.60009,-286.108275,1107.799511,-195.711597,82.701867,79.211984,82.701867,-160.865851,-55.996268,79.211984,-55.996268,933.237207,850.502432,1.0,4.903313,2.347963,2.34209,0.0,136.0,1117.4022794989553,1.31381432604646,0.00965545838849376
47071.0,0.661467,-0.129659,-0.738681,0.74042,-0.04381,0.670715,-0.119326,-0.99059,0.067024,329.98072,-106.20603,391.965323,3.594098,3.599979,3.595099,90.003194,90.029145,89.994609,64.426444,0.065358,0.055337,121.914843,1.0,235.89465,-106.77143,112.392281,-106.77143,-304.206994,75.638784,112.392281,75.638784,1446.89676,-360.866623,-14.666491,208.868029,-14.666491,-228.231563,-20.195267,208.868029,-20.195267,1397.724318,374.0074,1.0,3.975177,1.503722,3.261474,0.0,142.0,1705.9220228846414,4.5611985829281485,0.008202446686495753
45468.0,-0.080573,-0.153685,-0.984829,0.181262,0.969308,-0.166092,0.980129,-0.191895,-0.050243,-29.364834,-381.953146,440.833219,3.60053,3.59263,3.594089,90.002005,89.980088,89.987153,117.017276,0.073707,0.070246,89.50263,0.979452,-154.075253,9.86476,-339.369408,9.86476,-468.847017,466.921477,-339.369408,466.921477,1465.321952,-327.624714,-108.233711,-104.367695,-108.233711,-434.50826,133.392614,-104.367695,133.392614,1558.919113,453.265009,1.0,4.879468,1.621061,1.764136,0.0,143.0,1949.9776289950505,4.302069628752328,0.010943276191995699
45470.0,-0.63795,0.443743,-0.629375,0.604752,0.794668,-0.052709,0.476755,-0.414241,-0.775312,96.481311,-113.60543,249.724716,3.593858,3.595458,3.596069,89.918898,90.143235,89.987622,158.238772,0.083693,0.084623,78.157306,0.972222,-1376.548841,214.953435,-30.415185,214.953435,161.472715,88.842611,-30.415185,88.842611,1535.068366,-113.863506,189.804546,-102.282998,189.804546,-172.320377,-29.542714,-102.282998,-29.542714,1051.643159,537.81001,1.0,4.795942,2.458006,2.286148,0.0,139.0,1210.568100800836,2.2509214746687887,0.012439297741403727
46999.0,-0.31654,0.646471,0.694174,-0.666109,0.36953,-0.647879,-0.675353,-0.667475,0.313649,302.210353,-276.74764,326.236013,3.597208,3.596395,3.600375,89.9622,89.952248,89.910636,158.261576,0.057388,0.058159,119.782654,1.0,810.059285,-1038.753667,-209.506561,-1038.753667,842.619019,304.490624,-209.506561,304.490624,1060.111414,-38.358274,-0.798664,164.853558,-0.798664,-168.259762,47.282707,164.853558,47.282707,925.541936,615.641594,1.0,0.81988,1.251763,3.932857,0.0,139.0,1045.5858758888194,1.698367826474082,0.00834845419270807
47026.0,-0.373162,0.632629,0.678624,-0.728236,0.253467,-0.636731,-0.574823,-0.731803,0.366119,566.05157,182.302929,501.285322,3.593039,3.594994,3.594267,90.064072,90.006203,89.908049,142.016759,0.056861,0.060072,106.260615,0.992857,-930.005159,-363.314156,-62.777127,-363.314156,-466.208984,-188.229829,-62.777127,-188.229829,860.166706,-171.045678,209.252578,64.61209,209.252578,-252.596242,-9.964734,64.61209,-9.964734,1116.906595,405.568807,1.0,0.817237,1.195961,3.807423,0.0,139.0,1344.0797152349057,3.314060874595086,0.009343602989687195
45903.0,-0.270509,-0.71209,-0.647884,0.702424,-0.606199,0.372993,-0.65835,-0.354192,0.664171,162.244921,-181.66241,575.316354,3.595964,3.594959,3.596282,90.012759,90.034058,89.96909,102.58055,0.065287,0.063442,80.051233,0.978261,132.81282,-81.513854,-2.587935,-81.513854,-85.286907,-3.553324,-2.587935,-3.553324,782.476176,322.534967,-22.874668,35.518523,-22.874668,-187.924443,-7.097077,35.518523,-7.097077,998.037294,509.30654,1.0,4.190022,0.844412,4.218807,0.0,135.0,1031.0504888920943,2.024420281137749,0.01222043637978693
47338.0,-0.65555,0.195387,0.729437,-0.660856,0.318975,-0.679356,-0.365409,-0.927405,-0.079981,349.764916,256.652669,431.243914,3.596268,3.598875,3.593959,89.964033,90.018422,89.97221,110.649417,0.056367,0.05853,97.248806,0.978873,292.122077,318.727832,-146.732907,318.727832,-180.587624,12.594451,-146.732907,12.594451,1246.307157,-236.201645,49.240812,-142.378488,49.240812,-179.223732,-170.111689,-142.378488,-170.111689,1173.130325,454.241544,1.0,0.820932,1.650863,3.516927,0.0,139.0,1395.6675816499614,3.072522978325297,0.010065655716122623
47565.0,0.798518,-0.583114,0.14949,0.269298,0.568134,0.777626,-0.538375,-0.580691,0.610697,436.369145,397.06417,465.589137,3.596953,3.594639,3.598435,90.057072,89.961921,89.986662,176.210655,0.08529,0.090249,72.107752,0.814286,463.124293,699.29756,158.087663,699.29756,391.886546,321.860106,158.087663,321.860106,759.688895,-182.986501,44.103713,18.080272,44.103713,-286.064959,257.758655,18.080272,257.758655,1104.466054,809.780907,1.0,2.951671,0.913856,3.889195,0.0,114.0,1361.0295891235385,1.6807380581072882,0.011292627733007123
46711.0,-0.193883,-0.260315,0.945857,-0.941076,0.321686,-0.10437,-0.2771,-0.910359,-0.307346,-36.078471,-281.643114,516.464338,3.593716,3.599199,3.593224,89.971926,89.986973,89.97707,104.193462,0.060805,0.059339,99.728344,0.986111,-446.360097,-95.260789,236.362375,-95.260789,-243.884239,-262.3559,236.362375,-262.3559,1223.691997,-457.503787,10.214377,206.192024,10.214377,-270.098911,-269.266457,206.192024,-269.266457,1458.235457,677.190445,1.0,1.460897,1.883199,3.437068,0.0,142.0,1852.7011348091598,2.735864258700756,0.009887971267225694
46558.0,0.19614,0.685797,-0.700864,0.536778,0.523054,0.66203,0.820608,-0.50606,-0.265529,331.252812,-101.778045,505.314744,3.59803,3.594338,3.59425,89.979909,90.0788,90.051113,142.631085,0.060802,0.064582,82.631759,0.949275,-183.69735,94.123313,415.747294,94.123313,-445.292333,26.947342,415.747294,26.947342,1294.890257,-322.862442,128.170152,237.346628,128.170152,-367.990648,219.123386,237.346628,219.123386,1256.540397,563.78091,1.0,3.955477,1.839549,2.123396,0.0,131.0,1630.4623732173334,2.8920141570904443,0.011488016369105732
45482.0,-0.117742,0.282162,-0.952114,0.214549,0.943367,0.253037,0.96959,-0.174482,-0.171611,-267.666628,74.50982,445.245574,3.598202,3.594065,3.591319,90.007833,90.065095,90.030657,118.941363,0.063365,0.064033,75.721071,0.804054,-937.219247,358.09744,170.520007,358.09744,-386.573111,-67.087907,170.520007,-67.087907,1146.555942,-242.26679,-92.677038,-14.263938,-92.677038,-112.263043,-43.012137,-14.263938,-43.012137,1097.775651,584.574766,1.0,4.45263,1.743261,1.748845,0.0,119.0,1283.1157712256609,2.1949557966818927,0.010618629522553902
47297.0,-0.66992,0.155632,0.725938,-0.719835,0.103251,-0.686423,-0.181783,-0.982404,0.042859,-93.637245,10.650068,238.589333,3.592383,3.600044,3.591934,89.980297,89.981723,90.037438,130.464708,0.069024,0.068752,82.250337,0.953333,-717.995721,140.098335,-682.659145,140.098335,-510.246453,-305.449256,-682.659145,-305.449256,1267.126266,-475.671212,147.043518,-308.012355,147.043518,-467.960594,-208.283122,-308.012355,-208.283122,1168.264829,636.400074,1.0,0.813369,1.527924,3.324562,0.0,143.0,1676.2505323329533,2.6339571612509793,0.0115906272821715
46828.0,0.27714,0.631807,-0.723888,0.384631,0.617448,0.686161,0.880484,-0.468592,-0.071893,237.476417,-258.288836,403.966273,3.597894,3.593393,3.590739,89.996302,90.023657,90.025606,150.10352,0.065178,0.065626,71.738117,0.955882,-690.338351,425.41132,316.980989,425.41132,-725.048479,248.193623,316.980989,248.193623,804.956366,-435.418097,-176.309484,160.013263,-176.309484,-409.83789,41.993701,160.013263,41.993701,1100.609584,950.743411,1.0,3.95374,1.642751,2.05987,0.0,130.0,1537.7200784949903,1.6173870475500884,0.013324603989814787
45643.0,0.189349,-0.712051,0.676114,-0.061409,0.678635,0.731904,-0.979988,-0.180105,0.084773,-208.723075,469.016215,437.472174,3.600769,3.593454,3.594335,89.970674,90.01275,89.999004,86.746891,0.059211,0.053645,98.195496,0.993243,-450.099532,72.358997,-332.290204,72.358997,44.511018,193.454072,-332.290204,193.454072,1612.047845,-254.303264,-29.779361,8.787101,-29.779361,-311.885443,94.020243,8.787101,94.020243,1554.53863,347.24079,1.0,2.395797,1.485922,4.530634,0.0,147.0,1840.3082988280528,5.299804492519594,0.010114954763301974
46609.0,-0.108661,0.623887,0.773924,-0.915927,-0.365417,0.165976,0.386355,-0.690822,0.611142,125.716143,32.597824,420.764729,3.595053,3.596163,3.594432,90.057725,89.974055,90.022162,81.560415,0.065407,0.056552,87.996987,0.993056,-394.942063,-64.041993,-145.758894,-64.041993,-13.577258,23.470206,-145.758894,23.470206,805.275149,37.915412,-109.142226,-78.521714,-109.142226,-299.710683,-75.453255,-78.521714,-75.453255,943.054001,407.450717,1.0,1.782057,0.913294,2.631661,0.0,143.0,1121.0235553397665,2.751310793103271,0.011285113659630187
46188.0,0.262076,0.806979,0.529245,-0.833436,0.46574,-0.297439,-0.486518,-0.363141,0.794625,88.475201,383.447378,508.691665,3.595354,3.595286,3.597266,90.047283,90.051618,90.002846,97.502723,0.060257,0.056591,112.795406,1.0,-180.970251,154.131758,78.581895,154.131758,123.963046,-88.648696,78.581895,-88.648696,1081.653757,-223.025125,10.224425,-135.718403,10.224425,-20.245735,-56.390148,-135.718403,-56.390148,1053.167554,282.75899,1.0,1.058782,0.652406,4.071191,0.0,144.0,1194.6880623828415,4.22511079977631,0.008865609296180023
45955.0,0.26639,0.115953,0.956865,-0.337412,0.941142,-0.020112,-0.902878,-0.3175,0.289834,242.147986,363.5406,440.410462,3.599685,3.596689,3.592805,89.949073,90.040338,90.009178,105.344008,0.070285,0.060366,93.980575,0.992857,-473.998926,444.057821,-327.733424,444.057821,665.346463,471.751237,-327.733424,471.751237,1187.353401,-472.92636,51.380391,-49.840572,51.380391,-116.812572,236.757697,-49.840572,236.757697,1273.279514,388.585764,1.0,1.549781,1.276742,4.374242,0.0,139.0,1612.4787352681058,4.14960836102093,0.01056449165159928
45756.0,0.544712,0.78186,-0.303287,-0.560005,0.608322,0.56244,0.624246,-0.136526,0.769206,224.629785,79.383619,335.121589,3.59607,3.595086,3.597971,90.053004,89.930777,89.969705,107.705633,0.065947,0.063645,99.961961,1.0,496.262855,-78.79274,-143.335067,-78.79274,-442.268416,143.675095,-143.335067,143.675095,1309.680525,17.177757,48.897141,-90.033528,48.897141,-116.430536,158.837859,-90.033528,158.837859,1265.78592,524.921026,1.0,3.636133,0.693199,1.786111,0.0,132.0,1330.5986434546135,2.5348549163557674,0.010003805347516142
46150.0,0.274483,0.865229,-0.419568,-0.75431,0.464351,0.464107,0.596385,0.189095,0.780107,-195.070376,104.59048,321.160983,3.59497,3.594681,3.597049,89.969845,89.929419,89.998989,62.958368,0.050762,0.048847,124.46352,0.992857,-223.376505,178.606109,-63.242374,178.606109,-153.079897,130.277014,-63.242374,130.277014,1065.465416,36.201041,8.464287,-29.138661,8.464287,-156.630416,63.032401,-29.138661,63.032401,1079.978648,255.808655,1.0,3.876632,0.675959,1.263755,0.0,139.0,1153.9493760111445,4.510986448097874,0.007977092404264318
46344.0,0.068717,-0.335353,-0.939583,0.916026,0.394284,-0.073732,0.395189,-0.855616,0.334286,252.591599,377.105241,533.1879309999999,3.593419,3.598223,3.596719,90.027688,90.068239,90.058242,119.467622,0.057823,0.058522,85.473799,0.965753,541.014524,628.194514,232.38709,628.194514,-428.562512,-366.731985,232.38709,-366.731985,1038.008806,-582.002853,24.489964,45.764575,24.489964,-150.995988,-138.842397,45.764575,-138.842397,1155.903989,443.939836,1.0,4.790702,1.229949,2.708907,0.0,141.0,1572.7415089310891,3.542690656242638,0.011298819185514382
47207.0,-0.276971,-0.704801,0.653102,-0.42557,0.699372,0.574255,-0.861497,-0.118888,-0.493648,184.778321,-216.553905,285.287214,3.595731,3.591836,3.595096,89.886739,89.942187,89.94507,169.509846,0.071267,0.074997,92.655128,0.807692,-1243.7822,350.362635,324.022676,350.362635,-51.791938,-676.157354,324.022676,-676.157354,859.826886,-246.882286,42.744579,218.098443,42.744579,-106.416836,45.586732,218.098443,45.586732,985.939345,607.833797,1.0,2.292041,2.087076,4.575253,0.0,105.0,1185.3332891396274,1.9500944090142907,0.008717186165886036
45517.0,-0.146191,-0.646275,0.74897,0.245417,0.709743,0.66033,-0.958331,0.280344,0.054848,193.905163,-187.439228,437.573192,3.600599,3.593448,3.594185,90.016638,90.002367,90.028393,71.047082,0.059071,0.05054,96.468913,0.993056,-103.847278,78.170568,133.269427,78.170568,-379.532306,-328.398125,133.269427,-328.398125,1599.061974,39.293497,-55.365584,40.926912,-55.365584,-136.109609,-221.247868,40.926912,-221.247868,1509.849252,682.453785,1.0,2.293381,1.51592,4.996982,0.0,143.0,1578.4513801398157,2.3129058917005136,0.010294051929454207
45826.0,0.425536,-0.222968,0.877043,-0.474499,0.770281,0.42605,-0.770565,-0.597455,0.221984,-278.134457,14.057355,228.562751,3.597451,3.593788,3.591285,89.967369,90.035832,89.956995,132.147652,0.04863,0.051839,67.787196,0.907143,-1032.273282,-64.184072,-481.917987,-64.184072,-123.25568,302.027852,-481.917987,302.027852,683.165334,-408.61142,35.618318,-131.093369,35.618318,-175.863582,178.287425,-131.093369,178.287425,906.39378,801.903791,1.0,2.023003,1.346947,4.052862,0.0,127.0,1230.8639328847419,1.5349271903925217,0.013382217491338631
45519.0,-0.583487,0.311857,-0.749859,0.606059,0.781823,-0.146442,0.540588,-0.539906,-0.645187,-237.587383,-265.283822,446.644094,3.596165,3.596785,3.596009,89.98224,90.057888,89.990934,99.901343,0.062635,0.057232,113.214692,1.0,-155.003811,104.821085,34.716891,104.821085,630.057551,102.109893,34.716891,102.109893,842.752135,255.20959,124.517764,-64.930563,124.517764,-46.550033,109.044862,-64.930563,109.044862,1150.488478,450.508162,1.0,4.905255,2.272065,2.355564,0.0,136.0,1089.2432015914076,2.417810138568383,0.0088327758732939
45521.0,0.49962,0.865742,-0.029505,-0.288261,0.198282,0.936797,0.816875,-0.459538,0.348626,25.939119,138.304385,259.138514,3.596313,3.593032,3.594388,90.010903,89.948401,90.0913,143.5195,0.064762,0.070932,76.796892,0.883562,-945.358673,116.375913,25.00357,116.375913,-255.936683,7.795813,25.00357,7.795813,1064.101849,-383.090831,-196.061368,-4.29896,-196.061368,-224.150249,100.951414,-4.29896,100.951414,1135.625716,856.769538,1.0,3.173077,1.214692,2.083228,0.0,129.0,1458.377064982056,1.7021812754762717,0.011505179141885064
45522.0,-0.042369,-0.20109,0.978656,0.161061,0.965349,0.205329,-0.986035,0.166323,-0.008513,524.462695,17.654364,223.518353,3.598234,3.5931,3.591433,90.048595,90.013502,90.051821,123.859862,0.065386,0.058481,73.714654,0.852113,-728.848874,-470.175882,20.990266,-470.175882,-755.727159,205.87307,20.990266,205.87307,1079.740737,-583.031439,98.137734,-102.926481,98.137734,-650.500086,-203.832767,-102.926481,-203.832767,1310.566336,586.424159,1.0,1.777604,1.57931,4.879495,0.0,121.0,1940.1939428381515,3.3085163922077627,0.011559614727351227
46081.0,0.361761,0.896456,-0.255923,-0.835093,0.433634,0.3385,0.414427,0.091264,0.905495,-221.489651,-376.793189,318.910809,3.593419,3.590507,3.596739,89.955991,89.91191,89.988759,162.880851,0.07155,0.071091,72.762996,0.855072,-1213.545422,-120.255964,231.576339,-120.255964,-807.237105,-49.342968,231.576339,-49.342968,1030.336277,-78.021602,-131.619963,-182.25888,-131.619963,-345.65478,103.143757,-182.25888,103.143757,830.750171,755.837217,1.0,3.788955,0.438251,1.35404,0.0,118.0,1089.3101911337817,1.4411968167661446,0.011751467737804529
45761.0,0.574804,0.651856,0.494656,-0.602799,-0.071493,0.794684,0.553384,-0.754965,0.351844,-43.417874,-79.851146,547.29555,3.593904,3.596601,3.595153,90.021623,89.972345,90.018961,95.20632,0.056135,0.057934,99.973984,0.986301,62.774891,120.512878,-154.641583,120.512878,-233.341643,241.895834,-154.641583,241.895834,570.467817,-23.701745,92.71847,-17.53353,92.71847,-225.797156,-6.947214,-17.53353,-6.947214,1051.197403,493.911295,1.0,2.584825,1.211256,2.509066,0.0,144.0,1191.7202779884285,2.412822484629408,0.009865576628415649
46618.0,0.288115,-0.552541,-0.782105,0.804157,0.583052,-0.115675,0.519924,-0.595608,0.612316,549.559532,-406.16904,439.702746,3.596178,3.593768,3.595161,90.055834,89.950574,89.987775,113.495926,0.054075,0.057205,78.488007,0.971429,-627.495745,66.081608,-296.030316,66.081608,253.731691,213.069132,-296.030316,213.069132,619.467928,-605.814571,-25.792555,13.527007,-25.792555,-238.20665,35.742599,13.527007,35.742599,866.109665,493.785524,1.0,4.859227,0.91181,2.423937,0.0,136.0,1327.478760182988,2.6883711564273964,0.012376782608328939
46647.0,0.323889,-0.858764,-0.397014,0.879707,0.11894,0.460402,-0.348155,-0.498375,0.793984,382.661576,301.04801,420.68604,3.59595,3.592902,3.598211,90.135543,89.992948,90.00579,107.129902,0.063447,0.058193,142.378925,1.0,-985.584524,518.938548,27.213248,518.938548,367.629481,497.351072,27.213248,497.351072,1405.930706,-195.523023,-40.527381,-27.878964,-40.527381,-75.050661,82.384217,-27.878964,82.384217,984.356399,248.981895,1.0,3.853196,0.653462,3.751366,0.0,146.0,1127.5598999444464,4.528682296134209,0.007023511379932107
46841.0,0.472427,-0.557158,-0.682925,0.801297,0.594212,0.069531,0.367063,-0.580075,0.727172,420.554931,38.365303,340.334025,3.593685,3.595702,3.594977,90.063275,89.913906,90.01224,56.955025,0.050378,0.038949,167.884106,1.0,-801.292912,-326.357767,127.872359,-326.357767,-157.428407,91.187404,127.872359,91.187404,997.077519,-43.656818,7.910519,-32.72942,7.910519,-59.40768,104.016035,-32.72942,104.016035,1016.223996,128.317409,1.0,4.610925,0.756604,2.577414,0.0,150.0,1072.0327938374542,8.354538968577945,0.00595649000864918
45539.0,-0.472492,-0.854071,0.217518,0.527912,-0.076632,0.845835,-0.705734,0.514481,0.487082,266.610192,353.843091,454.258855,3.596278,3.59406,3.595114,89.966136,90.035863,90.064441,116.478222,0.071799,0.067947,80.989947,0.979167,-537.14837,4.255558,64.649711,4.255558,-79.953537,-67.981146,64.649711,-67.981146,959.088978,-161.181824,184.264662,106.891086,184.264662,-187.608279,-116.910365,106.891086,-116.910365,978.446345,619.55131,1.0,2.889883,1.062051,5.342314,0.0,141.0,1172.114523481588,1.8918764347081893,0.012089981982578652
47504.0,-0.80573,0.200911,0.557166,-0.561041,-0.560387,-0.609261,0.189821,-0.803493,0.56424,-59.067512,-203.841325,266.541584,3.592484,3.596237,3.595347,90.030865,89.927137,90.08454,139.638559,0.053363,0.05692,80.391615,0.979167,-731.624893,-407.966241,-554.670785,-407.966241,-217.633455,-378.719193,-554.670785,-378.719193,905.155846,-290.735474,58.579368,-38.368807,58.579368,-376.048274,-116.074892,-38.368807,-116.074892,1078.296866,727.143773,1.0,0.740765,0.971284,2.909602,0.0,137.0,1418.4874409805989,1.9507661258354734,0.012179964291051996
46470.0,0.172086,-0.501293,-0.847993,0.810782,0.560992,-0.167097,0.559481,-0.658782,0.502978,-311.457686,-133.899129,237.880185,3.59652,3.597449,3.594661,89.986795,89.966452,90.10428,126.062715,0.076868,0.06741,85.910839,0.992958,357.721608,-119.03949,586.111892,-119.03949,-368.422507,285.045102,586.111892,285.045102,1235.497484,-196.404621,54.190158,101.723369,54.190158,-75.722024,183.865841,101.723369,183.865841,984.98086,718.112798,1.0,4.906946,1.043756,2.437525,0.0,141.0,1141.4821174309525,1.5895582429530137,0.01155800608582114
45545.0,0.425972,-0.368816,0.826149,-0.240038,0.834343,0.49624,-0.872313,-0.409691,0.266877,435.60736,-234.893741,276.285838,3.599171,3.593409,3.592407,89.96395,90.024137,89.964497,177.830289,0.093184,0.094393,86.598323,0.894366,-707.428108,16.084675,-620.660476,16.084675,-160.34877,214.195686,-620.660476,214.195686,1080.471923,-146.39238,-1.838268,12.135152,-1.838268,-412.213022,78.458331,12.135152,78.458331,1192.294699,595.900435,1.0,2.111705,1.300646,4.273306,0.0,127.0,1491.0815306705015,2.502232660176698,0.010327751958891861
45548.0,-0.665863,-0.329456,-0.669392,0.707111,0.007475,-0.707063,0.23795,-0.944141,0.227985,139.266424,-376.372419,253.801989,3.591131,3.600342,3.591184,90.043489,90.019923,89.981664,142.673361,0.077476,0.074777,73.803558,0.945946,-971.701768,-123.521419,724.950798,-123.521419,-817.091887,-379.985977,724.950798,-379.985977,1353.669607,-735.373971,-195.000799,573.800211,-195.000799,-611.214489,76.202464,573.800211,76.202464,1731.765044,619.91664,1.0,5.525148,1.340789,2.894706,0.0,140.0,2464.8896326482354,3.976163041289286,0.012817078547893315
47467.0,0.459241,0.584243,-0.669147,0.161205,0.685959,0.709559,0.873562,-0.433728,0.220838,403.273102,29.172592,334.077576,3.597805,3.593702,3.593852,89.97461,89.921169,90.073411,78.183988,0.061325,0.053767,116.125368,1.0,-970.337082,-57.732512,11.610129,-57.732512,-6.886977,244.154226,11.610129,244.154226,1292.176967,-143.51288,31.603625,133.741709,31.603625,-49.396782,256.951993,133.741709,256.951993,1215.961531,324.547073,1.0,3.897688,1.348123,2.031645,0.0,146.0,1338.9408342349986,4.1255674311226915,0.008611382828943975
46829.0,-0.166406,-0.629405,0.759051,-0.608135,0.67146,0.423454,-0.776197,-0.39114,-0.494498,455.908885,-335.031521,486.136822,3.597097,3.592856,3.595424,89.903372,89.918131,89.95333,130.397863,0.065257,0.063249,78.895128,0.929577,-981.236584,284.167423,-241.607347,284.167423,-181.598118,-147.444196,-241.607347,-147.444196,1481.935513,-101.234425,55.790008,-67.301856,55.790008,-176.368306,-20.014519,-67.301856,-20.014519,1333.77067,613.736524,1.0,2.079664,2.088053,4.245611,0.0,132.0,1476.0535929059522,2.4050281108998366,0.01178243858099831
46521.0,0.001977,-0.563351,0.826216,-0.660774,0.61941,0.423922,-0.750583,-0.546779,-0.371023,299.281892,51.887088,245.800616,3.596874,3.595199,3.595043,89.97119,90.031069,89.964793,112.022834,0.070197,0.063091,92.234113,0.992647,-137.583233,315.565471,249.733997,315.565471,355.43529,109.589809,249.733997,109.589809,587.355985,-121.956325,146.389566,-51.025749,146.389566,124.715889,-47.486226,-51.025749,-47.486226,994.286616,664.269198,1.0,2.04486,1.950906,4.082808,0.0,135.0,1025.2881166723098,1.5434828526736986,0.010762254525069266
45990.0,0.251697,-0.187465,0.949477,-0.349988,0.897033,0.269889,-0.902307,-0.400235,0.16017,520.588459,333.122866,280.237933,3.599274,3.594307,3.596814,89.969145,89.983219,89.948426,64.145077,0.052102,0.042367,137.965609,1.0,527.533037,365.288761,-406.889036,365.288761,-80.792548,130.459426,-406.889036,130.459426,1270.439692,-287.074946,35.470883,-76.520739,35.470883,-219.729882,220.446529,-76.520739,220.446529,1268.538736,144.752251,1.0,1.847742,1.409934,4.294896,0.0,146.0,1536.713731209146,10.616164657841114,0.007248183132363081
47152.0,-0.454549,0.609406,0.649623,-0.674479,0.240868,-0.697898,-0.581777,-0.755385,0.301545,230.242592,431.643414,274.335826,3.591312,3.593323,3.593523,89.970811,90.05925,89.828543,187.491901,0.068808,0.070299,116.03816,1.0,-808.91154,-982.507509,32.837516,-982.507509,-1681.503312,367.081272,32.837516,367.081272,799.152809,-133.051053,104.430147,44.481603,104.430147,-138.763743,-47.103797,44.481603,-47.103797,919.999079,261.40654,1.0,0.749588,1.264484,3.79788,0.0,146.0,1061.2682231724505,4.059838071275686,0.008617854678150705
46877.0,-0.341948,0.934847,-0.095565,-0.92476,-0.316688,0.211017,0.167004,0.160531,0.9728,117.611213,-101.919104,393.069224,3.594211,3.592008,3.598772,89.993476,89.979517,89.996698,122.228653,0.081375,0.075322,85.697698,0.802817,-688.077062,149.917048,-218.441922,149.917048,-212.656217,115.712794,-218.441922,115.712794,1115.015885,-186.960532,339.849343,37.710019,339.849343,-455.373238,-183.870675,37.710019,-183.870675,1231.681448,682.66994,1.0,3.566838,0.233771,0.805157,0.0,113.0,1605.7453147383496,2.352154709988182,0.009368011262099478
45565.0,-0.6708,-0.355792,-0.650723,0.727158,-0.142989,-0.671413,0.145837,-0.923562,0.354634,535.487961,-184.519757,576.03887,3.591667,3.601669,3.594449,89.999782,90.001683,89.969524,134.207389,0.074922,0.066627,68.000511,0.885135,-60.198567,437.440816,892.364689,437.440816,-489.851832,-2.080675,892.364689,-2.080675,1541.392174,-478.254089,3.285811,398.729254,3.285811,-464.294114,162.987461,398.729254,162.987461,1465.331944,573.790601,1.0,5.513435,1.208274,2.984979,0.0,131.0,1972.247368204116,3.4372249471617184,0.013016593360599892
47369.0,-0.733155,0.678453,0.046745,-0.67936,-0.733788,-0.005036,0.030884,-0.035449,0.998894,-170.350473,379.366175,269.74481000000003,3.593572,3.590329,3.599631,89.991984,89.967042,90.017654,145.902933,0.078769,0.077678,98.932998,0.965753,-598.615634,426.027432,-69.745191,426.027432,-961.81428,-278.510392,-69.745191,-278.510392,1368.777384,-477.391351,29.299605,-134.553078,29.299605,-250.280943,44.001553,-134.553078,44.001553,1229.005149,589.497213,1.0,1.463481,0.047033,2.424896,0.0,141.0,1609.8143054553018,2.730825981793576,0.009761687399789502
45573.0,-0.652582,-0.496158,-0.572681,0.71461,-0.151711,-0.682874,0.251932,-0.854875,0.453563,-55.970281,-61.998223,560.222031,3.594236,3.597486,3.594871,90.0313,89.970728,90.023098,76.539699,0.057652,0.052867,103.256949,1.0,45.280112,81.550569,65.595379,81.550569,-299.396231,91.326834,65.595379,91.326834,913.745073,-59.022434,69.807669,46.665247,69.807669,-213.847484,55.911934,46.665247,55.911934,1145.921324,400.683603,1.0,5.585327,1.100037,2.855005,0.0,144.0,1292.3035281424818,3.225246849301397,0.009684578226304167
46716.0,0.197087,0.714476,-0.671328,0.298471,0.608526,0.735262,0.933848,-0.345282,-0.093318,222.334406,204.118893,242.538804,3.599435,3.593062,3.593842,89.997125,90.028321,89.983001,90.791882,0.074731,0.064258,109.948695,1.0,-216.83843,63.301473,592.684698,63.301473,-223.747394,377.481512,592.684698,377.481512,1029.941717,-234.54584,76.539632,183.512564,76.539632,-217.242816,105.855926,183.512564,105.855926,1329.937842,232.829284,1.0,3.881568,1.66425,1.924949,0.0,138.0,1568.0860235643859,6.734917518212124,0.009095151152089618
46070.0,0.352678,-0.333616,0.874253,-0.766155,0.433451,0.474476,-0.537239,-0.83715,-0.102733,194.49908,-389.874313,477.871542,3.59308,3.598349,3.594418,90.009108,89.949226,89.926983,107.364364,0.057671,0.055661,110.656147,1.0,155.253575,-37.215471,133.685424,-37.215471,-881.044174,-333.109866,133.685424,-333.109866,1177.185575,70.437744,-94.075384,108.546253,-94.075384,-394.091075,-180.794567,108.546253,-180.794567,1146.204907,643.761103,1.0,2.068034,1.673711,3.712144,0.0,138.0,1383.0315322496547,2.1483614430952263,0.0090370036108342
46710.0,-0.195224,-0.212638,0.95743,-0.93701,0.328751,-0.118047,-0.289655,-0.920167,-0.263424,-279.061364,-204.30181,318.458364,3.594084,3.599625,3.592634,89.9869,89.974162,89.960085,87.536563,0.055126,0.05252,98.09294,1.0,-584.599401,-173.33248,341.957561,-173.33248,-195.378302,-145.983221,341.957561,-145.983221,1370.123464,-420.771662,59.552983,-83.857515,59.552983,25.211587,-226.53427,-83.857515,-226.53427,1145.707877,430.538369,1.0,1.44812,1.837366,3.446558,0.0,138.0,1414.4107897873803,3.2852142610949975,0.010194413583689102
46612.0,0.277814,-0.517043,-0.809621,0.773657,0.620023,-0.130488,0.569451,-0.590118,0.572265,433.26237,286.034498,522.968168,3.595977,3.595318,3.593927,90.055547,89.955358,90.036403,105.094556,0.071612,0.064811,88.888612,0.972222,-568.845433,23.260156,147.655209,23.260156,-41.291644,76.637218,147.655209,76.637218,887.97707,-502.564437,106.049465,-101.785856,106.049465,-140.459945,83.840993,-101.785856,83.840993,954.594605,539.17472,1.0,4.872186,0.961532,2.374015,0.0,140.0,1322.2198846462975,2.4523031878169244,0.010937531570410842
45596.0,0.709975,0.376927,0.594863,-0.537058,0.836192,0.111142,-0.455527,-0.398384,0.796107,521.910672,389.701286,413.323734,3.594168,3.594386,3.592967,90.128878,90.113107,89.944944,171.096559,0.080097,0.07855,80.495058,0.915493,-1352.257825,-184.904264,-744.942255,-184.904264,-643.939842,-356.238811,-744.942255,-356.238811,1240.470147,-403.967692,59.329235,-42.488767,59.329235,-176.057947,66.690475,-42.488767,66.690475,1018.549826,560.876452,1.0,1.755504,0.649962,3.99381,0.0,130.0,1326.1308347121621,2.364390285923721,0.011373282071552766
45604.0,-0.401083,0.093508,-0.911257,0.527127,0.837131,-0.146109,0.749179,-0.53895,-0.38505,552.476105,216.65302,431.584676,3.597577,3.595265,3.592771,89.957594,90.033627,90.061693,87.181664,0.059473,0.05484,110.300897,1.0,-563.982744,-237.45257,-266.972,-237.45257,-211.167574,31.673016,-266.972,31.673016,1161.624425,-12.106644,-33.280747,-86.872633,-33.280747,-100.501498,220.14153,-86.872633,220.14153,1027.356104,327.31339,1.0,4.871374,1.966058,2.194416,0.0,142.0,1105.9010712212328,3.378722365196342,0.009066109407976981
46685.0,0.320958,-0.542649,-0.77622,0.728578,0.665111,-0.163714,0.605112,-0.512992,0.608834,298.607063,-68.623821,226.861882,3.596087,3.594699,3.593672,90.065289,89.97379,90.014372,145.345695,0.067429,0.07289,69.192511,0.915493,-694.342462,179.02994,170.19528,179.02994,133.742754,-4.481873,170.19528,-4.481873,626.090625,-270.573028,108.138376,329.999736,108.138376,-174.637691,111.294141,329.999736,111.294141,911.153726,606.764197,1.0,4.920255,0.916206,2.27399,0.0,130.0,1179.850603075008,1.9444960808638616,0.01323109953330065
45994.0,0.439421,-0.214808,0.87222,-0.801685,0.344248,0.488666,-0.405229,-0.913975,-0.020938,141.500814,-27.733707,416.016,3.593518,3.59883,3.593716,89.99148,90.01962,89.969556,129.335544,0.072868,0.066253,66.225666,0.871429,-439.076862,97.718045,208.655753,97.718045,-139.274258,-310.755319,208.655753,-310.755319,1091.087828,-685.479078,93.748382,363.627739,93.748382,-439.526809,-267.605791,363.627739,-267.605791,1446.219565,756.882238,1.0,2.081479,1.591736,3.558919,0.0,122.0,2059.0788154973993,2.7204744835053183,0.013158478466641619
45608.0,0.214856,-0.25679,0.942282,-0.077292,0.957318,0.278512,-0.973582,-0.132671,0.185838,287.458831,245.111277,231.728428,3.599608,3.592968,3.593832,90.034836,89.991836,90.005393,106.707116,0.060995,0.061798,112.393178,1.0,-13.1582,-231.459134,-364.836418,-231.459134,-621.566927,131.662706,-364.836418,131.662706,1243.16321,-380.789806,-41.019266,-74.885267,-41.019266,-148.832782,-61.048586,-74.885267,-61.048586,1325.0689,435.632303,1.0,1.858185,1.383872,4.576953,0.0,142.0,1605.096589600688,3.6845215071222306,0.008897337167563675
47054.0,0.59117,-0.528501,-0.609266,0.661801,-0.113929,0.740972,-0.461017,-0.841253,0.282411,544.175326,364.191279,286.18363999999997,3.594822,3.597125,3.592781,90.072606,89.983842,89.945827,122.592176,0.069245,0.072038,100.975888,0.993243,-814.891101,306.530857,95.117542,306.530857,-106.859894,98.020155,95.117542,98.020155,1061.532326,-263.589314,216.561684,304.351285,216.561684,-326.706634,256.495665,304.351285,256.495665,1162.799795,783.672407,1.0,3.829756,1.28449,3.642908,0.0,147.0,1510.8238032813285,1.927876737506886,0.009836437387903933
45809.0,0.637269,0.68086,0.360996,-0.763969,0.496645,0.41194,0.101187,-0.538306,0.836652,-0.401062,50.955345,548.600584,3.593573,3.595646,3.597011,90.042194,89.967978,90.011253,59.74301,0.053281,0.047811,107.744425,1.0,-70.343272,184.101261,125.391025,184.101261,-272.389524,-107.940336,125.391025,-107.940336,901.635673,-16.338402,98.125665,60.979724,98.125665,-198.077886,49.981665,60.979724,49.981665,1084.769878,294.986618,1.0,2.42201,0.579653,2.955788,0.0,140.0,1207.2562030259808,4.092579559069967,0.009281222671149806
46100.0,-0.15994,-0.95626,-0.244921,0.891229,-0.246564,0.38068,-0.424418,-0.157395,0.891682,439.10965,125.973887,280.360661,3.59475,3.595528,3.598529,89.984137,90.040578,90.002885,111.58675,0.060174,0.056253,87.927408,0.97973,293.107524,30.206341,-306.905275,30.206341,-87.11796,103.317335,-306.905275,103.317335,1069.851341,-561.73231,-0.936547,-16.894071,-0.936547,-229.562766,19.390681,-16.894071,19.390681,1291.619641,476.902005,1.0,3.713299,0.46975,4.357262,0.0,145.0,1711.75924175982,3.589331191341542,0.011142486993361615
45832.0,0.581685,0.590102,0.559841,-0.72256,0.690943,0.022461,-0.373564,-0.417584,0.828295,597.185305,-255.725208,374.051835,3.587965,3.596178,3.597019,90.006824,90.128926,89.952445,135.572727,0.068285,0.059725,118.138132,1.0,-787.135659,1370.106986,92.33612,1370.106986,-1173.036435,52.876668,92.33612,52.876668,1106.672307,-163.26164,39.317849,228.988603,39.317849,-278.383636,30.256285,228.988603,30.256285,1135.523245,187.06801,1.0,1.610895,0.594738,3.871408,0.0,150.0,1375.0588340341033,7.350582464816424,0.008464667445393498
46623.0,0.268005,-0.535378,-0.800964,0.697829,0.681075,-0.221747,0.664235,-0.499507,0.556133,45.484914,44.271972,475.915238,3.596444,3.595296,3.594473,90.037129,89.958873,90.028245,78.920124,0.058397,0.056585,111.685371,1.0,-330.730701,-17.516148,108.570444,-17.516148,51.20519,78.463786,108.570444,78.463786,833.379015,-537.86827,-44.389724,17.989719,-44.389724,15.306864,-85.976812,17.989719,-85.976812,1026.057963,455.294467,1.0,4.982474,0.98107,2.215578,0.0,134.0,1376.2294339886546,3.02272382762924,0.008953724118443408
46996.0,-0.292226,-0.563273,0.772869,-0.630951,0.720863,0.286805,-0.718683,-0.403831,-0.566053,119.628272,461.361453,432.59089,3.596285,3.593687,3.594786,89.990464,89.936584,89.947485,90.686446,0.055905,0.053898,101.050385,1.0,-220.184895,-16.27364,42.081639,-16.27364,-563.318441,196.988064,42.081639,196.988064,932.483447,-306.40881,0.182432,108.786589,0.182432,-227.194032,116.13965,108.786589,116.13965,1001.722936,519.469815,1.0,1.926136,2.172506,4.200452,0.0,142.0,1277.8311743887823,2.459875699204548,0.009896053340123345
45633.0,0.209871,0.944947,-0.251058,-0.079424,0.272405,0.958899,0.974498,-0.181305,0.132221,-158.179382,-3.012834,493.078983,3.60027,3.592015,3.593334,89.996521,90.033623,90.01394,94.492675,0.05694,0.054539,87.437606,0.993151,-665.596023,-164.060465,418.819269,-164.060465,-340.208694,-440.976008,418.819269,-440.976008,1394.817529,-547.233996,-108.274203,209.286167,-108.274203,-404.009856,-217.330636,209.286167,-217.330636,1516.072762,450.643306,1.0,3.397663,1.438187,1.754743,0.0,145.0,2014.7704712880382,4.470876288325557,0.011358396523344886
45634.0,-0.436614,0.308257,-0.84519,0.593991,0.804358,-0.013483,0.675679,-0.507922,-0.534296,-252.712989,-215.020653,332.966047,3.596689,3.595008,3.593869,89.937608,89.995884,90.053361,70.763013,0.056425,0.049151,127.45725,0.992958,-194.693325,-436.857017,-349.275232,-436.857017,-218.788214,-169.230725,-349.275232,-169.230725,786.534583,-79.514321,-33.924541,-106.284965,-33.924541,162.533405,17.56334,-106.284965,17.56334,923.078631,209.432176,1.0,4.728341,2.134471,2.215398,0.0,141.0,911.4116876093475,4.351822652166626,0.00779051799721083
45954.0,0.342071,0.857259,0.384831,-0.494854,-0.183803,0.849315,0.798816,-0.480961,0.361344,248.59378,185.650417,254.63306,3.598578,3.592135,3.594749,90.072325,89.978949,90.05012,71.302804,0.058479,0.049893,138.948123,1.0,-1032.276348,-248.558981,363.974133,-248.558981,201.257136,-133.706185,363.974133,-133.706185,1175.067601,-148.22947,-13.856035,141.306975,-13.856035,-9.260124,-125.167488,141.306975,-125.167488,1176.900999,240.524657,1.0,2.716158,1.201087,2.112753,0.0,142.0,1272.00653990637,5.288466287705257,0.007196930612729471
47180.0,-0.421365,0.689867,-0.588672,-0.597242,0.277385,0.752568,0.682461,0.668686,0.295138,-184.825853,236.06532,427.946577,3.597055,3.597085,3.595904,89.988298,89.975817,89.943702,103.033131,0.060055,0.059635,84.735462,0.971831,272.79046,-73.006743,22.030558,-73.006743,152.967361,-41.623554,22.030558,-41.623554,1193.562242,104.464536,34.073515,22.032714,34.073515,-68.186121,79.522611,22.032714,79.522611,1310.235347,488.995686,1.0,3.805396,1.271197,0.795593,0.0,138.0,1303.014327880124,2.664674485247144,0.01146899983857998
45638.0,-0.593237,-0.466073,-0.656388,0.757084,-0.045822,-0.651709,0.273667,-0.883559,0.38004,-144.94242,44.338867,287.893165,3.59339,3.597182,3.593385,90.032552,89.978235,90.044193,138.046105,0.064594,0.069706,79.45016,0.840278,-386.387216,31.714478,90.423104,31.714478,-551.733501,167.66231,90.423104,167.66231,864.29333,-52.054814,38.664667,267.246819,38.664667,-477.70451,-23.63575,267.246819,-23.63575,1020.066857,663.978193,1.0,5.49421,1.180957,2.841231,0.0,121.0,1357.231245968171,2.0440900925313534,0.010576164981920742
45639.0,-0.593691,-0.104911,-0.797825,0.760941,0.249278,-0.599023,0.261725,-0.962733,-0.068163,-3.334477,-416.158485,435.259421,3.590921,3.59848,3.592993,89.952682,89.799481,90.090238,181.949886,0.125382,0.113857,87.664739,0.909722,952.020309,-92.317192,-157.738519,-92.317192,-2745.178825,-89.956737,-157.738519,-89.956737,1277.485773,-386.831472,-108.632155,110.527006,-108.632155,-320.86546,-133.387062,110.527006,-133.387062,1226.787556,470.833131,1.0,5.356415,1.639012,2.876152,0.0,131.0,1591.5498183992129,3.380284252764729,0.010377285216123213
47411.0,0.603499,0.520862,-0.603732,0.294128,0.558344,0.775719,0.741133,-0.64572,0.18376,515.836447,27.117954,478.150325,3.597903,3.595543,3.594584,90.013684,89.998853,90.043647,91.407737,0.050112,0.049619,92.82043,1.0,193.259425,49.527228,263.081798,49.527228,-104.515349,73.479471,263.081798,73.479471,970.760969,-265.296351,-100.638174,137.022494,-100.638174,-210.812377,42.855059,137.022494,42.855059,1153.478399,591.665989,1.0,3.802953,1.385986,2.287505,0.0,140.0,1400.587244543154,2.3671924203558605,0.01077349027579381
45936.0,0.372212,0.305315,0.876493,-0.538377,0.840265,-0.064068,-0.756047,-0.448037,0.477132,453.512873,459.093092,569.402656,3.597155,3.599672,3.597828,89.883301,90.056778,90.007241,211.404879,0.085625,0.087639,71.878211,0.833333,1088.771203,1136.392548,-3.732505,1136.392548,1077.658612,297.195745,-3.732505,297.195745,733.811332,-521.542484,-49.186322,-317.232891,-49.186322,-11.359994,127.537999,-317.232891,127.537999,1055.699031,688.708016,1.0,1.49783,1.073408,4.177425,0.0,125.0,1425.7585431035634,2.07019304259639,0.011593680315721827
46568.0,-0.090918,0.99527,-0.034239,-0.980596,-0.083475,0.177377,0.17368,0.049701,0.983547,304.682119,107.4832,492.47055,3.594073,3.594056,3.600204,90.000623,90.008628,90.0227,112.321208,0.062629,0.063022,103.019099,1.0,-152.612947,179.53142,-89.145875,179.53142,-138.171507,380.808979,-89.145875,380.808979,1434.6783,-285.968556,126.924249,-116.226923,126.924249,-351.539991,117.759753,-116.226923,117.759753,1485.241108,803.900461,1.0,3.332275,0.181649,1.292081,0.0,144.0,1813.9014341523527,2.256375661106074,0.0097069379339068
45874.0,0.532788,0.708216,0.463213,-0.714679,0.083435,0.694458,0.453178,-0.701048,0.5506,376.19363,200.685448,366.126667,3.595108,3.594916,3.593744,90.041849,89.971776,90.01468,139.832333,0.072421,0.066516,92.013192,0.802817,-220.589573,-250.189159,36.684849,-250.189159,-352.662085,-69.161885,36.684849,-69.161885,447.114915,-408.152264,263.046049,-44.312113,263.046049,-509.107147,35.833744,-44.312113,35.833744,800.935076,716.769934,1.0,2.55335,0.987713,2.567731,0.0,114.0,1283.9306789865527,1.7912730683630387,0.008725020647039394
45917.0,0.415029,0.270734,0.868593,-0.589172,0.807456,0.029839,-0.693273,-0.524135,0.494627,-46.212186,-303.543424,534.070649,3.597703,3.592757,3.594993,90.01562,90.027215,89.969819,85.809271,0.061082,0.055423,121.104655,1.0,-21.596017,-251.906048,-97.216377,-251.906048,-322.501657,526.78723,-97.216377,526.78723,686.876091,-250.816859,-44.716234,-41.833165,-44.716234,-43.023987,23.525156,-41.833165,23.525156,1185.438314,247.388357,1.0,1.605136,1.053391,4.06504,0.0,146.0,1345.6561423640717,5.439448156260934,0.008257320909753634
46692.0,0.356102,-0.860774,-0.363676,0.834761,0.118124,0.537793,-0.419959,-0.495092,0.760604,-259.825212,-352.555809,497.02259100000003,3.596348,3.594448,3.596804,90.028359,90.034691,89.972022,49.025111,0.061248,0.047803,149.274331,1.0,-153.859737,22.864652,-225.966254,22.864652,221.135778,-110.355339,-225.966254,-110.355339,872.34575,-159.633945,30.599795,-29.717103,30.599795,38.365641,99.96389,-29.717103,99.96389,875.467011,330.998423,1.0,3.736192,0.706553,3.845067,0.0,150.0,956.3197368760075,2.8891972602419544,0.006699075409019921
46544.0,0.247793,-0.256785,-0.934163,0.897762,0.423313,0.121776,0.364173,-0.868831,0.335426,489.98237,474.042126,559.529036,3.595879,3.598791,3.592467,90.064074,89.974063,89.977233,104.418365,0.053303,0.051225,88.694288,0.992857,-856.794559,50.749645,-47.819685,50.749645,590.631181,-403.10482,-47.819685,-403.10482,1076.640239,-364.574548,-141.82202,236.154881,-141.82202,-151.246583,-219.959611,236.154881,-219.959611,1273.54591,510.476805,1.0,4.582762,1.228739,2.744685,0.0,139.0,1572.4786753960673,3.0804116073326138,0.011194148150780578
45880.0,0.53319,0.594462,0.601933,-0.728246,-0.039585,0.684171,0.430541,-0.803149,0.411808,419.979295,-107.061074,275.387964,3.598257,3.602847,3.595622,89.960074,89.948888,89.897042,153.939981,0.075664,0.075287,134.315008,1.0,2269.745663,-638.472677,-816.083473,-638.472677,224.238531,145.229147,-816.083473,145.229147,982.663471,-11.069711,32.984455,-168.439244,32.984455,-133.477507,105.983226,-168.439244,105.983226,1180.587286,158.322835,1.0,2.420051,1.146359,2.64951,0.0,148.0,1269.4161341536562,8.017896686562342,0.007445184383267132
46323.0,0.136031,0.899922,-0.41429,-0.699553,0.383361,0.603042,0.701513,0.207785,0.681693,53.513754,174.282692,535.077612,3.596562,3.595878,3.594726,89.999396,89.931614,89.998057,114.511646,0.075574,0.07369,102.353439,1.0,197.995243,276.246087,4.372824,276.246087,-217.584285,-252.755932,4.372824,-252.755932,838.503485,141.375743,197.846197,-110.055467,197.846197,-261.653911,-56.874316,-110.055467,-56.874316,999.225425,560.832428,1.0,3.74354,0.820723,1.282833,0.0,140.0,1133.5542986154853,2.0211996347249115,0.009770067422942185
47031.0,-0.283905,0.79356,-0.538201,-0.594176,0.294938,0.748309,0.752564,0.532235,0.38778,-27.657014,-38.579292,488.93117,3.596477,3.595209,3.592646,89.999033,89.951041,89.957367,148.533503,0.076932,0.075065,64.962799,0.826389,-91.984761,189.358225,19.588718,189.358225,-651.311528,-252.796664,19.588718,-252.796664,773.753223,-347.447923,168.808882,133.611241,168.808882,-479.833309,-339.926213,133.611241,-339.926213,751.901283,761.840488,1.0,3.765103,1.172575,0.955235,0.0,119.0,1221.9067110996778,1.6038878614963787,0.01272095742056927
46977.0,0.550889,-0.487698,-0.677253,0.716997,0.691876,0.084988,0.427127,-0.532407,0.730825,-113.494924,28.950106,307.552171,3.593816,3.594928,3.596688,90.03017,89.978709,89.999199,137.407233,0.080296,0.075302,92.529981,1.0,-133.462381,-97.356827,-298.786067,-97.356827,-104.66847,-82.056711,-298.786067,-82.056711,574.902139,-42.330354,-99.838939,-1.432396,-99.838939,-124.589931,72.512898,-1.432396,72.512898,786.411697,839.027869,1.0,4.587552,0.751266,2.465478,0.0,144.0,879.3025560452764,1.0480016082103185,0.010807307957839091
45681.0,-0.553918,-0.286142,-0.781855,0.768773,0.184735,-0.612259,0.319629,-0.94021,0.11765,315.31244,-86.489934,312.598997,3.590719,3.597569,3.593782,90.043626,90.03183,90.069003,133.576438,0.074368,0.074278,73.474051,0.847222,-1043.53606,562.396438,-3.827274,562.396438,-558.174717,-191.519911,-3.827274,-191.519911,1002.432825,-281.385138,80.567732,-153.230346,80.567732,-464.570803,-117.367798,-153.230346,-117.367798,1176.728195,559.120512,1.0,5.37673,1.452873,2.813895,0.0,122.0,1568.3004699583357,2.8049417545932136,0.011530900889077152
45937.0,0.411055,-0.090696,0.907088,-0.619139,0.702564,0.350815,-0.669104,-0.705818,0.232639,17.902674,72.184346,564.95553,3.594901,3.59623,3.594287,90.004471,89.994752,89.938296,70.058008,0.053827,0.047077,103.704436,1.0,-92.345422,65.227331,-133.382521,65.227331,-301.517693,-229.395261,-133.382521,-229.395261,726.722338,-9.593464,7.748716,-82.938364,7.748716,-262.382091,-52.051759,-82.938364,-52.051759,933.260047,338.696575,1.0,1.939828,1.336006,3.900295,0.0,142.0,1094.7390684458196,3.23221180623341,0.00964278905099103
47158.0,0.707228,0.010936,-0.706901,0.659328,0.350691,0.665059,0.255177,-0.936427,0.240808,401.712628,-181.964107,581.223274,3.593178,3.599867,3.595055,89.997696,90.010549,90.033787,147.044495,0.05874,0.065048,78.64541,0.957746,-86.224522,-318.891644,100.691929,-318.891644,-182.293034,-412.967321,100.691929,-412.967321,1348.032424,-208.037629,58.22014,32.022958,58.22014,-480.079439,-261.28147,32.022958,-261.28147,1229.744472,738.425602,1.0,3.957479,1.327598,2.875552,0.0,136.0,1608.37596889385,2.178115120247212,0.012178027935768915
45693.0,0.711348,0.567007,0.415314,-0.670355,0.724917,0.15849,-0.211204,-0.39115,0.895765,224.605176,197.8286,546.968119,3.593935,3.592023,3.59636,90.073684,89.979547,89.971022,142.793708,0.067732,0.069024,69.174375,0.842466,-271.95435,-420.986278,144.498204,-420.986278,-918.501248,-216.091425,144.498204,-216.091425,660.345488,-279.664173,-224.294706,220.343705,-224.294706,-479.14601,100.259855,220.343705,100.259855,1010.808473,777.218518,1.0,1.935353,0.460647,3.636691,0.0,123.0,1429.7629642313084,1.8395894219176445,0.012178874041146018
46346.0,0.121362,-0.323142,0.938536,-0.786668,0.545305,0.289475,-0.605331,-0.773448,-0.188026,129.32244,302.049172,445.316241,3.595727,3.596865,3.589652,89.933595,89.942355,89.963268,162.482576,0.093031,0.087204,75.573232,0.828571,-1443.232704,-523.48492,-273.244753,-523.48492,-94.313726,-155.540005,-273.244753,-155.540005,986.363534,-401.139895,-14.156736,-112.854949,-14.156736,-357.694417,-63.459158,-112.854949,-63.459158,1272.097291,677.335108,1.0,1.869972,1.759948,3.805658,0.0,116.0,1655.7893552276596,2.4445644935145747,0.010963815865384715
46807.0,0.185903,-0.551481,0.813209,0.198584,0.831645,0.518586,-0.962291,0.065084,0.26412,397.821968,-329.192624,396.801698,3.599965,3.587089,3.593611,89.956387,89.969496,90.008104,161.975109,0.073921,0.068108,90.145424,0.979452,-1050.270759,1111.341335,-520.324172,1111.341335,-1140.370191,-402.84284,-520.324172,-402.84284,1201.360801,-326.75077,30.97509,-83.04397,30.97509,-224.738846,-214.3059,-83.04397,-214.3059,1328.460036,744.929134,1.0,2.138478,1.303504,4.77992,0.0,143.0,1619.140231091245,2.1735493447504832,0.010865243697783262
45965.0,0.414157,0.892327,-0.179517,-0.666182,0.431561,0.608241,0.620222,-0.132316,0.773186,372.789777,470.370957,250.447528,3.596252,3.59205,3.596479,90.056463,89.941504,90.00527,77.690114,0.056183,0.049115,126.227093,1.0,-460.464991,-477.604171,-138.197762,-477.604171,-420.181807,-114.598083,-138.197762,-114.598083,1035.768222,-317.056394,-153.962723,-18.341135,-153.962723,-81.491139,179.989786,-18.341135,179.989786,1066.635824,205.152301,1.0,3.428586,0.686946,1.780983,0.0,142.0,1298.642854529501,6.330140330863269,0.007922229501078664
46920.0,0.352723,0.770467,-0.531006,0.459987,0.351409,0.815428,0.814861,-0.531876,-0.230455,158.528435,26.005162,328.690494,3.596884,3.594729,3.594062,89.957163,90.027487,90.026063,119.76204,0.058408,0.0615,99.872185,1.0,-320.616612,223.359869,212.165835,223.359869,-38.987505,-76.369188,212.165835,-76.369188,763.788665,-446.216714,26.034247,-54.51862,26.034247,-224.053328,-51.238948,-54.51862,-51.238948,1154.698096,505.806109,1.0,3.71881,1.803341,2.149082,0.0,144.0,1503.7708478591264,2.9730183584222516,0.010012797857581668
47105.0,0.58603,-0.519112,-0.622167,0.592888,0.798085,-0.10744,0.552316,-0.305912,0.775477,516.29115,-247.155143,310.087439,3.594038,3.591995,3.594912,90.113806,89.886284,89.94033,99.805139,0.089295,0.078611,128.38593,1.0,-1938.28622,344.192852,-131.708329,344.192852,-18.398142,4.210097,-131.708329,4.210097,1040.901631,-29.576907,74.939134,-162.036886,74.939134,-115.924433,-96.395221,-162.036886,-96.395221,1064.063681,131.694419,1.0,4.88339,0.683325,2.076607,0.0,148.0,1152.740946058548,8.753149562538013,0.0077890155097213535
47139.0,0.645976,-0.50742,-0.570299,0.621626,0.783281,0.007195,0.443053,-0.35916,0.821406,537.906692,-64.450778,303.73647900000003,3.59322,3.592527,3.592422,90.135171,89.874673,90.000414,155.816831,0.088386,0.070403,89.647168,0.826389,-2033.538837,225.950096,621.858572,225.950096,-548.359574,-140.7778,621.858572,-140.7778,893.228419,-210.160106,98.921347,-204.001152,98.921347,-206.894943,-113.932756,-204.001152,-113.932756,1020.426628,541.266046,1.0,4.699774,0.606925,2.251996,0.0,119.0,1248.44833163555,2.3065336184704077,0.009218238773588476
46026.0,0.415098,-0.156745,0.896172,-0.824572,0.3514,0.443395,-0.384415,-0.923011,0.016618,577.520838,196.881904,501.590877,3.59401,3.597961,3.586225,89.979861,90.006557,89.995678,176.940003,0.081566,0.082912,84.651852,0.804348,-2012.316963,-835.782449,-12.072352,-835.782449,-418.399505,-409.245586,-12.072352,-409.245586,754.717376,-651.804237,101.294149,112.125409,101.294149,-147.410051,-266.458652,112.125409,-266.458652,1006.394551,567.480631,1.0,2.030248,1.554178,3.536224,0.0,111.0,1496.003177265629,2.636218921920577,0.009501835825163044
46442.0,0.023347,0.237716,0.971054,-0.987074,-0.148568,0.060102,0.158555,-0.959906,0.231175,449.454173,376.208677,476.59304,3.592698,3.600253,3.592148,89.998166,90.012288,90.031252,101.006931,0.061,0.055659,81.861526,0.971014,-593.939244,82.249054,-549.177201,82.249054,-589.843168,67.731864,-549.177201,67.731864,1428.220169,-619.687953,-21.426781,-322.734842,-21.426781,-252.25038,112.586967,-322.734842,112.586967,1578.358101,407.393616,1.0,1.632611,1.337512,2.977893,0.0,134.0,2060.762395540883,5.058406206200548,0.011861665026865002
45739.0,-0.532199,-0.761352,-0.37028,0.834021,-0.546646,-0.07474,-0.145509,-0.348598,0.925909,344.678473,-99.139167,337.846555,3.592478,3.595602,3.598052,90.024066,90.042423,89.941104,144.717928,0.076696,0.07234,73.292402,0.835616,238.623897,273.286728,134.4701,273.286728,-800.759377,-238.946413,134.4701,-238.946413,1092.938045,-396.520934,12.941673,-40.961861,12.941673,-597.009847,-127.838457,-40.961861,-127.838457,1270.699162,693.144672,1.0,4.911559,0.387362,3.537019,0.0,122.0,1779.8086474547029,2.567730402253893,0.011401127227348888
46195.0,-0.032745,-0.369863,-0.928509,0.715916,0.639574,-0.280017,0.697418,-0.673903,0.243848,127.755524,292.951686,258.518056,3.597135,3.596352,3.590737,90.073308,89.97041,90.006963,135.02727,0.084754,0.076369,89.563268,0.915493,-1323.471053,-249.36911,-149.376004,-249.36911,507.491032,-8.027984,-149.376004,-8.027984,816.174739,-865.267104,-57.895613,170.591366,-57.895613,-460.476048,52.017962,170.591366,52.017962,1242.642326,581.029712,1.0,5.005292,1.324465,2.339048,0.0,130.0,1944.2850789879633,3.3462747925496164,0.010221746263211387
46644.0,-0.112473,-0.514407,0.850138,-0.833995,0.513988,0.20067,-0.540187,-0.686442,-0.486823,416.781843,-378.173575,400.097432,3.593933,3.594099,3.596234,89.952123,89.980336,89.885413,98.402933,0.068928,0.056896,121.709465,1.0,-32.269372,481.816732,-102.42997,481.816732,-1016.201001,104.071741,-102.42997,104.071741,1058.993252,-180.692795,20.196294,21.792358,20.196294,-90.147482,-71.808088,21.792358,-71.808088,926.28643,233.981885,1.0,1.802597,2.079245,3.808318,0.0,142.0,1066.7235241013993,4.559000471773271,0.008216287862246376
47488.0,-0.779811,0.509808,0.363305,-0.557869,-0.829241,-0.033797,0.284037,-0.229031,0.931057,12.752329,-109.809552,360.471479,3.594882,3.593979,3.599709,90.02485,89.988799,89.998174,47.361112,0.047329,0.045018,118.007913,0.986111,3.008864,147.345336,342.989293,147.345336,-125.467751,22.299683,342.989293,22.299683,1332.486125,-148.679499,-35.059501,251.610836,-35.059501,-153.301299,-9.820229,251.610836,-9.820229,1380.014,155.478607,1.0,1.478037,0.373497,2.249393,0.0,141.0,1546.7597435475334,9.948376650605914,0.008356312512704127
47330.0,0.789674,-0.31951,-0.523765,0.531901,-0.068939,0.843995,-0.305772,-0.945072,0.115509,530.207712,367.996914,510.003133,3.593185,3.598465,3.593886,90.032125,89.973531,89.926708,98.163546,0.06006,0.062307,103.276129,1.0,-837.351322,-42.706706,-53.352181,-42.706706,-93.834533,-12.409334,-53.352181,-12.409334,1296.193988,-695.480646,-180.960668,377.171614,-180.960668,-267.37917,40.809953,377.171614,40.809953,1367.866753,689.195691,1.0,3.697005,1.455029,3.454507,0.0,144.0,1920.8993407324751,2.787160984633137,0.009682779647947495
45963.0,0.466063,0.866522,-0.178674,-0.7711,0.496844,0.398184,0.433808,-0.047803,0.899736,-152.924626,324.671363,418.495693,3.594838,3.593386,3.598626,90.050564,90.012948,89.934224,151.075566,0.061942,0.065079,66.511221,0.885714,376.145051,-648.930129,-336.107416,-648.930129,-450.786703,402.261013,-336.107416,402.261013,805.108962,-584.508065,82.063884,-259.859569,82.063884,-592.667486,101.746076,-259.859569,101.746076,1284.389575,647.626192,1.0,3.563384,0.451632,1.680548,0.0,124.0,1889.8556540325674,2.918127273692117,0.01331676049068472
45762.0,0.425594,0.904522,-0.026641,-0.406826,0.21755,0.887223,0.808308,-0.366758,0.460571,62.732113,-364.447813,571.480751,3.595476,3.593124,3.594423,90.0544,89.926909,90.021504,146.702639,0.073482,0.075191,86.952282,1.0,-467.049163,-200.518533,21.96763,-200.518533,-667.632456,316.822169,21.96763,316.822169,800.209489,-534.947728,-176.965648,188.693199,-176.965648,-338.503734,-158.446047,188.693199,-158.446047,1112.22679,668.47701,1.0,3.171611,1.092158,1.996752,0.0,144.0,1580.258500908756,2.3639683598225107,0.011500560732839652
47462.0,0.596565,0.617033,-0.513205,0.246154,0.467963,0.848775,0.763883,-0.632677,0.127285,-16.818158,286.524775,276.792062,3.596788,3.597028,3.590663,90.04375,89.987478,90.058381,107.999959,0.053947,0.054011,137.231172,1.0,-54.129855,474.892141,-151.381847,474.892141,-1018.499971,-49.991568,-151.381847,-49.991568,1143.888377,-117.839417,27.633436,52.131953,27.633436,-84.398144,-15.405366,52.131953,-15.405366,1054.704701,196.676708,1.0,3.685419,1.443165,2.26252,0.0,146.0,1157.3917504023614,5.8847423376761085,0.0072869741285893855
46108.0,0.333512,-0.178153,0.92576,-0.834296,0.401494,0.377825,-0.438998,-0.898367,-0.014729,255.77636,418.616146,255.497463,3.595122,3.597343,3.594647,89.957452,89.995383,89.941099,80.230541,0.047241,0.044657,107.975927,0.992857,-146.132527,142.08231,-337.696169,142.08231,-70.458775,-62.098246,-337.696169,-62.098246,1020.414461,-334.160288,-92.715421,-14.722241,-92.715421,-73.688197,-107.294414,-14.722241,-107.294414,1085.036017,328.956199,1.0,1.958287,1.585526,3.596129,0.0,138.0,1314.361659484518,3.9955521843943664,0.009195169956725632
45777.0,-0.412132,-0.129761,-0.901837,0.722763,0.556109,-0.410313,0.554762,-0.820917,-0.135404,408.791736,320.779906,464.423659,3.594818,3.595644,3.57934,89.969021,89.990439,90.120374,251.325244,0.080643,0.083733,75.279885,0.802817,-3463.67134,-1431.327022,-612.750807,-1431.327022,-1650.746049,-2.109226,-612.750807,-2.109226,1101.174197,-642.677979,-81.050502,-32.399388,-81.050502,-363.906355,115.01846,-32.399388,115.01846,949.095966,873.221465,1.0,5.139372,1.706617,2.547305,0.0,114.0,1477.6172086871559,1.692144854326452,0.010664429149964828
45778.0,-0.508297,-0.310143,-0.803396,0.861063,-0.167533,-0.480108,0.014307,-0.935812,0.352209,520.924519,196.548582,423.679069,3.589785,3.599044,3.594467,90.033549,90.095823,90.033345,239.822421,0.094069,0.116147,83.688759,0.808824,-1210.230232,980.688443,212.504278,980.688443,-279.817486,56.831132,212.504278,56.831132,1231.24949,-268.541504,284.080122,433.300956,284.080122,-503.019811,61.907766,433.300956,61.907766,1056.916894,657.41587,1.0,5.251041,1.210866,3.126306,0.0,110.0,1525.3931089073906,2.320286410042688,0.009664667150817709
47138.0,0.565187,-0.485103,-0.667262,0.524327,0.835686,-0.163431,0.636902,-0.257495,0.726672,497.715551,-238.259934,447.093274,3.595519,3.597151,3.594767,90.088899,89.897299,90.050807,137.252668,0.082078,0.076609,74.101907,0.9375,-706.844179,-328.35686,485.763406,-328.35686,197.764334,-504.656419,485.763406,-504.656419,1400.731339,106.867413,219.028839,80.537822,219.028839,-40.123989,-88.113886,80.537822,-88.113886,1014.287266,536.381026,1.0,4.952588,0.757331,1.954997,0.0,135.0,1012.4565179649596,1.8875695986400525,0.01265149626985983
46906.0,-0.281803,-0.358993,0.889782,-0.746914,0.664178,0.031416,-0.602252,-0.655737,-0.455304,281.52889,-136.236452,374.345649,3.595499,3.596376,3.594221,89.95301,89.940647,89.963608,83.692568,0.07001,0.064946,109.007912,1.0,-496.661647,-153.551213,-54.97575,-153.551213,-3.995976,-38.980486,-54.97575,-38.980486,1021.638476,-279.359449,60.127445,59.780665,60.127445,-102.183843,44.759677,59.780665,44.759677,1016.191172,424.707465,1.0,1.606089,2.04351,3.8845,0.0,144.0,1219.5068635444463,2.8714043525099004,0.009173646037729811
46887.0,-0.27066,0.900296,-0.340896,-0.764188,0.014423,0.644832,0.585457,0.435039,0.684092,306.186113,241.231635,355.700557,3.597351,3.597747,3.596707,89.948745,89.963082,90.043804,85.993748,0.061029,0.056216,134.865629,1.0,765.811959,590.990256,13.465771,590.990256,350.59312,129.076139,13.465771,129.076139,992.804175,-77.738147,-9.504149,-10.621339,-9.504149,-7.951816,84.011784,-10.621339,84.011784,1008.290264,131.693158,1.0,3.627903,0.817439,0.931741,0.0,142.0,1055.4542834647548,8.014495965422553,0.007414787647637041
47329.0,0.784295,-0.490618,-0.379704,0.52793,0.84926,-0.006874,0.32584,-0.195066,0.925082,218.50606,335.241157,540.5542350000001,3.589068,3.594848,3.598425,90.052822,89.914561,89.999144,133.792891,0.061196,0.063272,79.475674,0.916667,-1437.670163,-666.23467,-140.18828,-666.23467,-411.346568,-282.492303,-140.18828,-282.492303,1324.827278,-450.75952,-100.497618,29.980662,-100.497618,44.408439,-15.96078,29.980662,-15.96078,1285.887454,617.040886,1.0,4.730491,0.389544,2.110226,0.0,132.0,1552.3021937323792,2.515720155588489,0.011533931753759018
47391.0,0.866037,-0.494912,-0.071003,0.498761,0.865079,0.053625,0.034883,-0.081855,0.996034,232.638233,-4.179598,502.949166,3.595775,3.593212,3.600649,90.012068,89.991239,90.016483,81.00562,0.054895,0.051258,101.414174,1.0,226.604242,237.963395,4.973159,237.963395,-371.654559,72.33134,4.973159,72.33134,1651.454115,-206.357786,84.386431,-152.678414,84.386431,-236.340993,-0.704173,-152.678414,-0.704173,1553.668338,338.937001,1.0,4.065534,0.089095,2.738739,0.0,140.0,1781.6246448787504,5.256506783332134,0.009860554600582754
45995.0,0.446805,0.07394,0.891571,-0.817748,0.437943,0.373489,-0.362842,-0.895957,0.256139,-127.889793,207.257657,317.374477,3.592718,3.598155,3.593867,90.032294,89.999731,89.915844,110.561074,0.054354,0.052675,73.16905,0.908451,-287.162494,135.823374,-121.030295,135.823374,-848.001614,-80.105617,-121.030295,-80.105617,1278.673472,-455.426543,136.345607,21.352626,136.345607,-349.983985,-221.764437,21.352626,-221.764437,1301.615888,532.283658,1.0,1.967499,1.31177,3.526382,0.0,129.0,1721.6905449180497,3.2345357950441715,0.012415782356064484
45877.0,-0.18716,0.812264,-0.552448,0.513695,0.56029,0.649763,0.83731,-0.16218,-0.52212,33.922176,151.566956,293.620791,3.59746,3.593011,3.59522,89.944686,90.093896,90.005316,129.501401,0.062126,0.065551,77.063341,0.972222,-839.205104,83.743048,88.948329,83.743048,-117.837905,-112.413923,88.948329,-112.413923,1364.448093,-364.200709,-151.260142,-102.898259,-151.260142,-207.584103,29.076217,-102.898259,29.076217,1194.686509,495.741384,1.0,3.84622,2.120131,1.762119,0.0,140.0,1495.4080800879697,3.016508462581711,0.012615881784829445
45817.0,-0.472482,-0.438295,-0.76463,0.879678,-0.287788,-0.378609,-0.054108,-0.851514,0.521533,-51.350779,228.985304,489.318988,3.592552,3.598274,3.596391,90.045082,89.997258,89.967204,83.224999,0.053271,0.051059,101.681853,0.992647,193.122892,274.716414,118.684386,274.716414,-570.484038,-87.063808,118.684386,-87.063808,1210.44291,-155.875895,164.389142,-100.665504,164.389142,-214.184755,-11.044642,-100.665504,-11.044642,1276.084618,429.869188,1.0,5.172152,1.02215,3.205051,0.0,135.0,1471.5183680092994,3.423177117801007,0.00976228275462289
46137.0,0.222932,0.945494,0.237366,-0.512366,-0.093505,0.853662,0.829327,-0.311927,0.463594,398.519668,305.883235,394.901307,3.597176,3.59613,3.595781,89.986088,89.936646,90.019991,51.414152,0.056172,0.045605,129.78293,1.0,434.902044,168.833275,128.51557,168.833275,-127.898681,46.612138,128.51557,46.612138,1046.071327,-154.394537,-74.522138,44.198752,-74.522138,-47.948041,-92.513222,44.198752,-92.513222,1009.129119,164.546543,1.0,2.870387,1.08875,1.930549,0.0,152.0,1119.515283334456,6.803639036855705,0.007705173554025942
46022.0,0.421343,0.870447,0.254544,-0.825103,0.25144,0.505947,0.376397,-0.423202,0.824151,-345.941051,449.154413,440.302949,3.59162,3.593579,3.597574,89.98641,89.916352,90.065996,126.84722,0.069077,0.059479,91.823819,0.993056,-561.190222,747.655307,455.880472,747.655307,-750.547324,19.747975,455.880472,19.747975,907.551836,-79.794686,71.281352,92.779952,71.281352,-256.139169,208.226101,92.779952,208.226101,958.034418,537.953778,1.0,2.675465,0.602095,2.414663,0.0,143.0,1154.9837693281722,2.1469944381135515,0.010814797411116173
45833.0,-0.3559,0.176121,-0.917778,0.7351,0.659154,-0.158569,0.57703,-0.731093,-0.36406,387.036625,-398.625737,243.805351,3.592807,3.596637,3.592646,89.965168,90.082321,90.034505,110.805975,0.079722,0.067403,78.792652,0.943662,-1072.276306,400.489445,211.202242,400.489445,-264.192444,-249.132505,211.202242,-249.132505,742.325216,-452.575546,85.049235,-57.566889,85.049235,-531.595364,-139.916724,-57.566889,-139.916724,990.580287,404.522113,1.0,4.883475,1.943419,2.473429,0.0,134.0,1491.8357174238597,3.6878965808819943,0.01197652288693113
45837.0,-0.337789,0.450822,-0.826231,0.716749,0.692175,0.084647,0.610057,-0.563607,-0.556935,169.485247,-89.049026,348.993844,3.595533,3.59475,3.593861,89.962769,90.053425,90.048868,114.42465,0.06805,0.067159,91.646029,0.929577,-513.923296,42.699339,-139.840396,42.699339,-329.078194,120.151253,-139.840396,120.151253,820.684933,-354.444,17.603515,-61.40159,17.603515,-313.714798,0.513083,-61.40159,0.513083,1107.804908,619.093737,1.0,4.610296,2.161488,2.316638,0.0,132.0,1443.3761576184236,2.331433951525217,0.010143123604406253
46941.0,0.476473,-0.36324,-0.800643,0.651869,0.757026,0.044484,0.589949,-0.54311,0.597488,146.001207,-107.256307,387.837426,3.595758,3.597031,3.595668,90.025141,89.9332,90.028712,48.358375,0.053162,0.044633,124.410376,0.979167,-172.313225,-283.143581,42.839027,-283.143581,257.632796,-21.369262,42.839027,-21.369262,1092.360434,-143.152652,25.829105,53.471268,25.829105,-27.76094,-55.076948,53.471268,-55.076948,1038.337085,165.581649,1.0,4.656886,0.930432,2.314879,0.0,141.0,1130.4065482814037,6.826883021810006,0.007870460901106834
46052.0,0.37752,0.001853,0.926,-0.785694,0.529867,0.319259,-0.490065,-0.848079,0.201492,-113.302227,-152.236216,445.334088,3.595053,3.597141,3.592921,90.049584,89.994487,89.952059,72.694783,0.053278,0.04589,138.58734,1.0,-388.803439,-333.439831,75.870813,-333.439831,-329.733217,-73.165693,75.870813,-73.165693,966.687218,-172.505169,-17.313504,4.015019,-17.313504,-202.861654,-293.437731,4.015019,-293.437731,1041.55161,264.295972,1.0,1.902806,1.367916,3.665568,0.0,142.0,1255.5978894725172,4.7507265433183266,0.007215666308336677
45846.0,0.599148,-0.161252,0.784231,-0.778638,0.110687,0.617634,-0.186399,-0.980687,-0.059238,-25.6859,-200.692227,573.074811,3.593102,3.600103,3.592013,90.033986,90.031083,90.010679,122.509274,0.092511,0.080935,78.598271,0.916667,-753.011561,-130.277591,648.946328,-130.277591,-311.211792,-69.099791,648.946328,-69.099791,1341.660383,-584.226475,34.265725,162.400356,34.265725,-300.756599,-205.328874,162.400356,-205.328874,1496.071896,575.122696,1.0,2.237909,1.63007,3.329422,0.0,132.0,1967.377831846731,3.420796719604213,0.011662686574873894
46860.0,-0.006921,-0.430442,0.902592,-0.241238,0.876673,0.416232,-0.970441,-0.214859,-0.109906,-244.453785,-226.235259,472.301193,3.599692,3.594137,3.594302,90.018777,89.998455,89.981069,33.146207,0.063589,0.045989,139.489929,1.0,-2.069005,-67.170299,87.360294,-67.170299,-262.184207,252.8488,87.360294,252.8488,1352.227506,-225.023549,-15.140451,5.449572,-15.140451,-48.747635,168.368135,5.449572,168.368135,1370.815485,125.05054,1.0,2.002885,1.680925,4.4945,0.0,140.0,1522.4724976039781,12.174857442470685,0.007168976335201949
46250.0,0.153787,0.980728,0.120506,-0.430764,-0.043215,0.901429,0.889265,-0.190538,0.415816,240.041163,-229.419127,536.445798,3.597532,3.591555,3.595624,89.981673,89.964612,90.084363,118.013398,0.062482,0.05717,88.465321,0.986667,-1003.341839,496.334614,-222.743173,496.334614,62.22192,-82.214925,-222.743173,-82.214925,1076.512709,-409.100541,162.279453,33.726478,162.279453,-219.665564,-125.35094,33.726478,-125.35094,1352.764493,671.251361,1.0,3.008697,1.141956,1.781869,0.0,148.0,1684.8394173057793,2.5099977671490774,0.01115315005752367
46038.0,0.429341,0.103041,0.897245,-0.885759,0.242025,0.39605,-0.176346,-0.964783,0.19518,393.873917,227.196314,529.8996950000001,3.59412,3.599125,3.593442,90.025996,90.007751,89.968969,63.053418,0.045825,0.043618,110.128352,1.0,-379.639817,-45.124552,-91.375567,-45.124552,-232.794983,-27.41899,-91.375567,-27.41899,1298.527331,-359.25832,-44.372371,-80.919497,-44.372371,-185.911826,-28.131105,-80.919497,-28.131105,1320.40289,339.570202,1.0,1.986481,1.374355,3.32238,0.0,142.0,1602.2261323009373,4.718394378729784,0.009080313850515078
46576.0,-0.04864,0.959625,-0.277044,-0.743727,0.15035,0.651356,0.666711,0.237727,0.706387,-12.93019,254.018016,497.717797,3.59474,3.593569,3.595242,89.940717,89.884343,90.020756,128.760952,0.074619,0.07331,89.248146,0.907143,-520.46056,536.730345,-120.693293,536.730345,-785.172496,110.618623,-120.693293,110.618623,1116.868458,-399.737518,119.632196,-64.476469,119.632196,-578.7712,21.134743,-64.476469,21.134743,1156.814288,625.971315,1.0,3.543746,0.786416,1.228283,0.0,127.0,1657.6394665778182,2.6481077117372673,0.01016427837055573
46049.0,0.424731,0.884082,0.194941,-0.903861,0.426316,0.035904,-0.051364,-0.191449,0.980158,416.316029,-260.811843,229.737842,3.59646,3.590805,3.599002,90.206767,90.060125,90.009851,235.350464,0.068429,0.091121,90.981259,0.854167,-1503.535421,-658.325279,-1294.234294,-658.325279,238.454872,-134.236684,-1294.234294,-134.236684,1827.603815,-620.097842,-53.205376,103.271517,-53.205376,-436.729637,160.326832,103.271517,160.326832,1412.888283,459.842317,1.0,1.752936,0.199541,3.403711,0.0,122.0,1955.3188614660107,4.25215076816432,0.009388384040717661
46302.0,0.125554,0.978584,-0.163123,-0.405854,0.2007,0.891629,0.905273,-0.045743,0.422361,553.908236,-230.571791,326.038,3.599539,3.596969,3.594531,90.061009,89.995495,89.981003,151.519307,0.080437,0.082526,87.038402,0.861111,821.942001,-440.047121,46.273037,-440.047121,-47.612745,-483.237743,46.273037,-483.237743,1121.898032,182.879935,32.509222,192.048926,32.509222,-423.968655,-161.470576,192.048926,-161.470576,1436.295155,563.650719,1.0,3.322541,1.134748,1.621283,0.0,124.0,1657.6964359191657,2.940999416908693,0.009893460589958901
46293.0,0.144825,-0.499515,0.854114,-0.570866,0.662874,0.484469,-0.808169,-0.557748,-0.189156,392.418382,424.272437,219.716748,3.596917,3.593472,3.588309,90.065638,89.898233,89.907782,215.321393,0.067549,0.078284,67.216508,0.816176,-788.870039,-922.324731,-38.665025,-922.324731,-1848.29172,371.973358,-38.665025,371.973358,1097.376138,-760.176689,115.312259,187.091327,115.312259,-254.188691,70.15442,187.091327,70.15442,1041.102817,693.724804,1.0,2.086763,1.761099,4.108313,0.0,111.0,1621.4568125750877,2.3373199332441454,0.012142493329168483
45891.0,-0.4069,-0.797406,-0.445618,0.909911,-0.396853,-0.120707,-0.080592,-0.454588,0.887048,-278.701656,-427.70828,253.743334,3.593711,3.5906,3.596831,90.078464,90.042179,89.99887,161.711032,0.077938,0.077649,87.48729,0.979167,-1278.321291,-288.294538,-190.015024,-288.294538,-401.818975,-350.132919,-190.015024,-350.132919,822.53215,-315.019446,3.042155,-57.25866,3.042155,-277.16976,-37.962172,-57.25866,-37.962172,1172.721556,1034.293088,1.0,4.976918,0.479885,3.317055,0.0,141.0,1470.388404301219,1.421636112008146,0.011192105733301374
45895.0,0.18458,-0.945511,0.268214,-0.133946,0.246156,0.95993,-0.973647,-0.21311,-0.081211,-74.402524,310.44534,260.537967,3.598308,3.593871,3.593484,89.98062,90.066719,90.031847,131.792079,0.065067,0.064972,135.712392,1.0,-253.901191,-330.659196,-300.076659,-330.659196,-70.653757,728.362475,-300.076659,728.362475,725.235235,-233.255744,33.825608,-137.187202,33.825608,-140.50767,58.934095,-137.187202,58.934095,1265.222168,233.824079,1.0,2.869131,1.652097,4.496909,0.0,144.0,1460.3546190874388,6.245527087428146,0.007368523870686768
46080.0,0.391436,0.708428,0.587288,-0.917117,0.352581,0.185965,-0.075324,-0.611405,0.787724,-135.544578,52.998534,487.06342,3.593735,3.595825,3.597593,90.089672,90.030461,89.997606,101.439031,0.050417,0.047589,83.132579,0.972973,-380.415733,110.284471,13.25474,110.284471,-195.660038,110.369661,13.25474,110.369661,1390.682534,-146.217188,116.969763,70.894577,116.969763,-192.267339,7.138064,70.894577,7.138064,1233.95114,503.363279,1.0,1.877457,0.66369,3.264173,0.0,144.0,1408.7623570984997,2.798699102360424,0.011703871234404984
46086.0,0.385626,0.239627,0.890995,-0.918343,0.006423,0.395734,0.089106,-0.970844,0.222537,-294.350492,52.161955,563.529036,3.594754,3.602131,3.595172,89.971602,89.983912,89.979253,85.882033,0.061287,0.053191,108.353322,1.0,450.081958,-63.675082,-696.563476,-63.675082,-80.689234,40.116146,-696.563476,40.116146,1810.692979,-211.603345,-62.609338,-143.925578,-62.609338,-27.129227,-54.627398,-143.925578,-54.627398,1350.294736,232.979131,1.0,1.988774,1.346381,3.050067,0.0,144.0,1485.3082289914626,6.375284441212301,0.009229066368634272
45909.0,-0.367122,-0.668467,-0.646818,0.896,-0.067387,-0.438911,0.24981,-0.740683,0.623686,-328.464112,300.684351,285.520283,3.596866,3.598307,3.595708,90.007024,89.954567,89.978319,131.488153,0.067126,0.065796,83.254936,0.957143,864.017532,-368.62155,189.621736,-368.62155,192.246025,140.044797,189.621736,140.044797,796.251816,-308.893558,129.833878,4.795692,129.833878,-61.788687,46.206012,4.795692,46.206012,1065.531945,435.071515,1.0,5.308586,0.897347,2.816303,0.0,134.0,1274.652959245465,2.929755029458697,0.011496531569011115
47540.0,0.923901,0.074264,-0.375357,0.3627,0.142515,0.920944,0.121887,-0.987003,0.104734,64.111934,-331.032682,324.224042,3.593395,3.599892,3.591197,90.061782,90.11387,90.016823,136.944265,0.084478,0.072154,124.616845,1.0,246.665414,-511.624167,-230.070932,-511.624167,-1676.964565,70.602934,-230.070932,70.602934,1501.096374,-309.827098,-213.306162,36.4022,-213.306162,-434.74203,-33.28045,36.4022,-33.28045,1352.074956,464.943485,1.0,3.528615,1.46587,3.018723,0.0,144.0,1738.121897290352,3.7383509036380023,0.008024597316678978
47333.0,0.194691,-0.375099,0.906309,0.037124,0.926146,0.375334,-0.980162,-0.039428,0.194238,465.703931,480.203037,456.3772,3.599827,3.593599,3.589544,90.082136,90.071377,90.020826,131.644923,0.06567,0.067105,86.632276,0.972603,-884.651512,-968.400459,13.460586,-968.400459,-1002.914231,127.768008,13.460586,127.768008,1538.006945,-356.326605,-251.512183,-190.53726,-251.512183,-262.821619,-72.802943,-190.53726,-72.802943,1443.222376,428.292383,1.0,1.963428,1.375316,4.672184,0.0,142.0,1776.9356307324908,4.148884503352213,0.011226797273570418
46117.0,0.341509,0.591447,0.730453,-0.878538,0.477044,0.024482,-0.333979,-0.650092,0.682524,-127.777326,177.970005,422.278499,3.593549,3.595384,3.595309,90.065475,90.054255,90.005013,113.826993,0.057956,0.055923,74.480121,0.95,-639.678126,260.851458,112.461715,260.851458,-171.180342,-57.552004,112.461715,-57.552004,815.780835,-503.292412,103.655817,115.001519,103.655817,-266.960386,-25.20469,115.001519,-25.20469,1074.122566,549.70793,1.0,1.604299,0.819586,3.616173,0.0,133.0,1479.7807362459819,2.691939947539017,0.012755081318946837
47426.0,0.737296,-0.575088,-0.354497,0.369334,-0.096252,0.924299,-0.565674,-0.812409,0.141434,-81.299566,-35.929661,379.977442,3.594788,3.59678,3.593342,89.995867,90.000723,89.902274,70.460232,0.062664,0.051415,118.097697,1.0,-560.014816,-101.036776,51.843137,-101.036776,-396.758516,-243.005501,51.843137,-243.005501,1147.078312,94.595243,203.838963,-52.857632,203.838963,-485.03546,-105.394377,-52.857632,-105.394377,1021.139061,512.401946,1.0,3.507821,1.428887,3.749826,0.0,146.0,1331.5771150115645,2.598696444083303,0.008467565629158713
46640.0,-0.146536,0.147374,0.978166,-0.987328,-0.08268,-0.135451,0.060913,-0.985619,0.157622,491.533267,42.095557,466.69613300000003,3.594287,3.600186,3.596016,90.038933,90.042142,90.033922,126.312793,0.065079,0.064433,93.098179,0.985915,389.993634,337.857023,97.134093,337.857023,-260.763807,-144.054119,97.134093,-144.054119,1614.056599,-557.458408,-77.375356,-239.318324,-77.375356,-390.745806,22.240008,-239.318324,22.240008,1558.068995,685.923446,1.0,1.433196,1.412514,3.079869,0.0,138.0,2048.994954717728,2.987206468398994,0.01059005676147543
47143.0,0.282171,0.894705,-0.346241,0.183158,0.304028,0.93489,0.941718,-0.327216,-0.078085,294.211501,200.866843,345.848571,3.600413,3.595908,3.592754,89.996571,89.945643,89.973489,151.259364,0.065611,0.066236,92.128068,0.861111,324.983583,523.605657,318.932954,523.605657,-194.28656,734.18793,318.932954,734.18793,1219.352394,-73.030966,139.158787,135.017013,139.158787,-315.496275,116.803815,135.017013,116.803815,1361.161251,545.530242,1.0,3.496284,1.648961,1.905213,0.0,124.0,1581.7291235164514,2.899434351645809,0.009346890895400086
46146.0,0.304208,0.652404,0.694137,-0.853739,-0.136536,0.502481,0.422596,-0.745471,0.515448,-89.926227,87.912038,559.419098,3.594527,3.59735,3.59638,90.061162,89.973885,90.054699,124.130324,0.057815,0.059039,79.275991,0.957746,-53.749384,170.861511,-21.290493,170.861511,-148.242465,123.242001,-21.290493,123.242001,1324.107842,44.969066,219.488812,61.1111,219.488812,-163.674206,132.199679,61.1111,132.199679,1228.291276,676.916391,1.0,2.197379,1.029266,2.625879,0.0,136.0,1320.119570551427,1.950195900266547,0.01208116086495847
46670.0,0.29512,-0.240049,-0.924814,0.694162,0.718972,0.034896,0.656539,-0.65227,0.378815,-211.650423,398.575208,248.384308,3.596053,3.593848,3.595087,90.015084,89.976504,90.051807,86.289842,0.069736,0.056872,100.951845,1.0,-6.373862,52.901657,-12.67808,52.901657,-400.465629,301.014363,-12.67808,301.014363,619.848206,-171.080192,9.038327,155.223834,9.038327,-180.44196,-95.425852,155.223834,-95.425852,883.088024,362.007162,1.0,4.674673,1.18228,2.352933,0.0,148.0,1070.6020810813804,2.9574058014945583,0.009905712966414829
47198.0,0.29486,-0.339724,0.89311,0.170408,0.938377,0.300682,-0.940223,0.063534,0.334582,476.468648,-80.691386,536.700601,3.59878,3.591839,3.590958,89.949389,90.016459,90.016126,119.378436,0.060693,0.056595,91.140258,0.957746,-1150.071302,290.664864,-574.677276,290.664864,-584.226859,-31.935432,-574.677276,-31.935432,998.409944,-469.339016,-0.346388,-159.74347,-0.346388,-380.007321,-106.64304,-159.74347,-106.64304,1164.109612,436.658454,1.0,1.895546,1.229635,4.779859,0.0,136.0,1599.3386017480907,3.662676371194432,0.010508484625970666
45951.0,-0.342387,-0.483328,-0.805708,0.937621,-0.230814,-0.259983,-0.060312,-0.844464,0.532206,121.831069,459.187138,554.503271,3.592193,3.595041,3.593475,90.12152,89.953639,89.9713,166.095791,0.06056,0.065814,82.280312,0.92029,-812.354129,-530.939895,-253.358318,-530.939895,-1075.758926,14.837757,-253.358318,14.837757,908.755461,-370.332387,35.180574,-45.635274,35.180574,-175.126233,30.756013,-45.635274,30.756013,949.180066,530.682931,1.0,5.024518,1.009592,3.212892,0.0,126.0,1234.8446228546625,2.3268971936364435,0.011184814175230644
46179.0,0.255979,0.177701,0.950209,-0.778171,0.621056,0.093488,-0.57352,-0.763356,0.297259,249.839575,-302.637132,221.779374,3.593257,3.597031,3.594294,89.980728,90.0401,89.857431,111.318463,0.06464,0.056408,109.987798,1.0,-119.437298,520.248301,-379.421491,520.248301,-1138.873378,-76.592892,-379.421491,-76.592892,1355.460155,-332.002156,76.200524,17.369207,76.200524,-143.754873,-166.540856,17.369207,-166.540856,869.826231,230.903279,1.0,1.668867,1.268976,3.785934,0.0,148.0,1130.915837857112,4.897790290180816,0.00909191763253593
47176.0,0.617612,-0.287241,-0.732153,0.52951,0.84019,0.117044,0.581528,-0.459971,0.671008,548.349995,330.514974,422.54972,3.597999,3.593779,3.59653,90.091431,90.011961,89.986972,161.275933,0.069728,0.07478,77.347644,0.84507,309.239418,910.755122,-119.507087,910.755122,2.663025,-1.088863,-119.507087,-1.088863,824.034034,-598.93033,231.061492,-56.999856,231.061492,16.933238,-7.962755,-56.999856,-7.962755,822.664956,789.33408,1.0,4.553867,0.835228,2.240007,0.0,120.0,1251.8940442711314,1.5860129139123595,0.010925607507838248
45966.0,-0.274048,-0.596702,-0.754218,0.835237,-0.536432,0.120914,-0.476736,-0.596814,0.645395,365.049191,-222.109359,444.859203,3.594675,3.59619,3.597597,90.038636,90.030832,89.945031,94.750131,0.061024,0.057342,100.109248,1.0,336.291453,-41.36032,-102.02082,-41.36032,-325.692661,93.751044,-102.02082,93.751044,1168.702394,-99.667644,-73.656459,111.382595,-73.656459,-140.739692,-3.940655,111.382595,-3.940655,1211.878849,551.043983,1.0,4.553425,0.869255,3.815602,0.0,140.0,1337.5702526707248,2.4273384592436877,0.009989087122100847
47425.0,-0.432257,0.849394,-0.302795,-0.399638,0.120564,0.90871,0.808359,0.513804,0.287335,-58.464938,474.557115,330.491811,3.598889,3.593639,3.594449,89.92316,90.031075,89.946812,100.213182,0.056968,0.056012,129.416446,0.993151,-770.835009,574.758805,-154.538923,574.758805,412.11108,-295.061375,-154.538923,-295.061375,1124.159604,-292.086011,52.005484,-79.518034,52.005484,-183.204253,-125.118728,-79.518034,-125.118728,1156.118773,231.909867,1.0,3.463235,1.279353,1.004601,0.0,145.0,1403.560130149384,6.052179444996982,0.007674071037308504
45976.0,-0.316182,-0.732088,-0.603387,0.944074,-0.305523,-0.124015,-0.093559,-0.608853,0.787746,-197.168413,-115.326435,563.254337,3.59318,3.595841,3.597358,90.053781,89.990472,89.983766,123.949214,0.061077,0.065427,72.179913,0.856164,68.310631,-5.038352,-103.451011,-5.038352,-483.753419,86.997158,-103.451011,86.997158,1015.836795,-107.111756,-41.817535,-193.20704,-41.817535,-389.478603,44.746244,-193.20704,44.746244,1026.156931,525.905612,1.0,4.915097,0.663654,3.294064,0.0,124.0,1309.5176130315333,2.490024033117816,0.011861527181391865
46279.0,0.160445,-0.200645,0.966436,-0.602958,0.755275,0.256907,-0.781472,-0.62394,0.0002,-203.080463,-105.708177,347.924008,3.596076,3.596342,3.593858,89.968871,89.993164,89.933831,65.734238,0.057473,0.048832,110.075242,1.0,-325.790918,127.609499,-167.024334,127.609499,-66.335197,-214.206538,-167.024334,-214.206538,963.179667,-414.085133,183.276405,-21.073358,183.276405,125.580407,-181.377964,-21.073358,-181.377964,1057.572654,306.217867,1.0,1.830617,1.570597,4.038614,0.0,140.0,1308.8207526008282,4.2741488778015295,0.009084694994356678
47456.0,-0.420722,0.857178,-0.297052,-0.370221,0.136704,0.91883,0.828209,0.496547,0.259831,-43.263811,-409.940779,246.786416,3.597094,3.596788,3.594159,89.904388,89.992166,89.951941,129.217395,0.061255,0.056677,90.236508,0.972222,-191.481314,660.069003,274.969015,660.069003,84.674246,225.708364,274.969015,225.708364,1168.150709,-532.988101,-38.11968,76.879972,-38.11968,-127.516039,-158.089876,76.879972,-158.089876,927.016034,510.893591,1.0,3.454281,1.307949,1.030713,0.0,140.0,1314.6466509585164,2.5732298743174415,0.010774153627487447
46164.0,0.305988,0.529449,0.791237,-0.951622,0.194588,0.237806,-0.02806,-0.825724,0.563376,111.82206,148.292567,249.144425,3.593903,3.596976,3.59405,90.054783,90.016653,89.96381,117.930011,0.063781,0.059259,84.398839,0.964286,-336.68365,-79.506854,-291.726065,-79.506854,-293.775825,234.811586,-291.726065,234.811586,826.96445,-515.201325,-60.535017,-14.672341,-60.535017,49.360337,-39.641977,-14.672341,-39.641977,1099.959906,510.386817,1.0,1.862757,0.972329,3.175561,0.0,135.0,1421.163608637257,2.7844833786865952,0.01142534673966309
45985.0,-0.298103,-0.949783,0.095114,0.938908,-0.273807,0.208524,-0.17201,0.151465,0.973381,313.965793,257.580135,510.33149000000003,3.593686,3.589442,3.599873,90.003785,89.989924,89.98741,146.328589,0.080888,0.077732,69.315673,0.912162,-1279.442689,-352.095818,345.22864,-352.095818,-325.16146,504.005977,345.22864,504.005977,1265.425563,-498.456898,-100.13991,370.136599,-100.13991,-392.629166,82.62892,370.136599,82.62892,1359.990104,655.422134,1.0,2.713654,0.231248,5.434358,0.0,135.0,1839.4950443736013,2.8065805973736024,0.013159534640888504
46233.0,0.19726,0.518934,0.831742,-0.717173,0.654826,-0.238466,-0.668394,-0.549464,0.501337,347.30445,-245.684527,457.183662,3.595311,3.597341,3.592111,90.010229,90.075879,89.938545,134.288397,0.058281,0.058987,81.987571,0.963235,-489.546415,626.96119,-455.863973,626.96119,-352.670888,-29.363448,-455.863973,-29.363448,991.923157,-27.286539,-13.150667,-99.652196,-13.150667,-215.898284,-100.276476,-99.652196,-100.276476,1269.546421,591.43696,1.0,1.29158,1.045653,4.024338,0.0,131.0,1406.0822159249014,2.377399978393135,0.01174854905751507
46210.0,-0.050088,-0.08765,-0.994891,0.883102,0.461398,-0.085109,0.4665,-0.882853,0.054293,-231.909781,456.275392,362.561443,3.594247,3.596691,3.592239,90.023999,90.053491,90.095373,124.874693,0.057075,0.057261,91.352246,0.986486,-775.326521,511.641158,114.894179,511.641158,-589.563611,169.844196,114.894179,169.844196,1072.798146,-174.012377,13.481083,83.043667,13.481083,-182.813572,-67.887492,83.043667,-67.887492,1098.684557,427.486988,1.0,4.797727,1.516476,2.655483,0.0,146.0,1280.5472373507926,2.9955233101756833,0.010798705485577225
46190.0,0.285005,0.493489,0.82173,-0.953227,0.055898,0.297043,0.100654,-0.867954,0.486338,91.210954,399.932294,353.477425,3.593874,3.600464,3.596355,89.965385,90.010856,90.105769,142.409616,0.064625,0.063061,122.82088,1.0,612.843175,763.238283,-491.140793,763.238283,-13.741955,-786.4063,-491.140793,-786.4063,1199.810727,-254.813018,134.471529,-295.183712,134.471529,-67.798098,-12.152386,-295.183712,-12.152386,1084.271359,281.510517,1.0,1.917666,1.062902,3.026141,0.0,142.0,1287.1346330942122,4.572243505539127,0.008141938080886571
46011.0,-0.176299,0.148261,-0.973107,0.692309,0.721434,-0.01551,0.699733,-0.676425,-0.229831,128.09458,464.085761,534.407819,3.593483,3.595289,3.591817,89.932887,89.954296,90.114866,182.792464,0.06556,0.071858,83.413979,0.951389,-757.338864,-608.504294,-266.945128,-608.504294,-1112.862845,-443.042824,-266.945128,-443.042824,857.173614,-184.77872,-141.409305,-176.692467,-141.409305,-223.791929,-74.359955,-176.692467,-74.359955,1154.331849,1099.044033,1.0,4.728326,1.8027,2.339259,0.0,137.0,1374.6060576556235,1.2507288301301607,0.011405630224161828
46226.0,0.21535,0.378825,0.900065,-0.792466,0.606377,-0.06561,-0.570633,-0.699141,0.430789,545.020297,-372.394613,549.789576,3.595549,3.595906,3.593958,89.990386,90.039069,89.932139,84.790378,0.074232,0.059191,101.80566,1.0,-97.631002,240.401088,-310.666532,240.401088,-352.377589,222.640302,-310.666532,222.640302,780.935658,-196.42011,13.52369,-26.995406,13.52369,-116.115282,-80.212545,-26.995406,-80.212545,909.880471,337.702136,1.0,1.49803,1.12543,3.826129,0.0,146.0,1070.9891847872766,3.171401867553709,0.009822636580323726
46193.0,0.279315,0.839081,0.466825,-0.9495,0.168986,0.264374,0.142944,-0.517094,0.843908,-140.238295,-413.812699,533.392657,3.591442,3.591606,3.598125,90.087469,90.004917,89.930831,144.565487,0.05734,0.055658,96.072578,0.986486,-807.147423,-429.493765,329.473988,-429.493765,-1027.153247,749.88252,329.473988,749.88252,984.538739,-326.052918,68.017981,81.939545,68.017981,-132.892091,108.578628,81.939545,108.578628,1197.494967,537.571802,1.0,2.086085,0.56627,2.871891,0.0,145.0,1442.763627022445,2.683852876312967,0.010268132910933233
47122.0,-0.425359,-0.184727,0.885971,-0.674993,0.716867,-0.1746,-0.602871,-0.672293,-0.429615,-126.479729,-217.6571,377.726895,3.593973,3.595743,3.59464,89.969458,89.9489,89.929125,106.401285,0.064009,0.057285,91.525284,1.0,-377.229217,-261.244891,-58.517339,-261.244891,-515.100616,-85.065038,-58.517339,-85.065038,929.001715,-205.786855,30.160952,-47.693067,30.160952,-141.979232,-36.502484,-47.693067,-36.502484,974.048954,484.525468,1.0,1.376218,2.014863,3.872603,0.0,138.0,1150.7341081682205,2.374971356858006,0.010925942606198304
46019.0,-0.249989,-0.655701,-0.712434,0.902928,0.107804,-0.416052,0.349609,-0.747285,0.565101,-45.884341,368.533549,495.421948,3.591607,3.59662,3.595188,90.04698,89.976639,90.053041,95.090446,0.057216,0.053544,115.309115,1.0,-228.820285,292.7434,155.867939,292.7434,-889.565172,-130.380657,155.867939,-130.380657,893.522342,-279.933647,15.601666,12.125027,15.601666,-236.305606,56.190174,12.125027,56.190174,983.626001,363.199457,1.0,5.240951,0.970241,2.704004,0.0,140.0,1243.3907595053936,3.423437826079662,0.00867234129756351
46020.0,-0.140254,0.237778,-0.96114,0.624748,0.774345,0.100401,0.768127,-0.586389,-0.257156,156.646501,-248.672799,326.897941,3.596325,3.596261,3.596104,89.974757,90.005796,90.071271,114.913979,0.064906,0.06439,86.192511,0.952055,310.139629,-149.805088,-31.19111,-149.805088,-144.815566,-185.421239,-31.19111,-185.421239,1077.22236,-96.794033,81.482423,5.529694,81.482423,-84.626194,-50.264052,5.529694,-50.264052,995.307512,606.906317,1.0,4.608306,1.830875,2.222819,0.0,138.0,1089.2394839515152,1.7947407259422468,0.011045681219334705
46021.0,-0.035514,-0.211754,-0.976678,0.362254,0.908101,-0.210058,0.931403,-0.361265,0.044459,71.794163,-400.399271,456.011467,3.598428,3.59015,3.590683,90.060543,89.948366,90.054493,190.281011,0.074182,0.079291,73.434132,0.84507,-1326.570107,341.065323,-587.180558,341.065323,-1148.950598,293.189267,-587.180558,293.189267,1094.661832,-559.181952,-55.957532,-319.076555,-55.957532,-208.576526,169.089863,-319.076555,169.089863,853.414093,808.20393,1.0,4.924236,1.526323,1.940804,0.0,120.0,1312.721322024523,1.6242451605308614,0.011507863945338115
46171.0,0.057257,-0.43709,0.897593,0.196362,0.886437,0.419131,-0.978858,0.152255,0.136583,563.566033,-399.205618,445.047616,3.59986,3.59192,3.590286,89.853415,89.944057,90.013111,172.676441,0.128459,0.11335,74.303722,0.802817,-2090.914266,739.884539,-557.187666,739.884539,208.252041,-305.013471,-557.187666,-305.013471,1279.861007,-801.453577,253.246562,-86.50563,253.246562,-180.549048,-399.122103,-86.50563,-399.122103,1229.067087,811.467407,1.0,2.007656,1.433785,4.866696,0.0,114.0,1849.5847502278098,2.2793087365834395,0.010804532779663447
46031.0,-0.226573,-0.525097,-0.820328,0.883414,-0.465477,0.053957,-0.410177,-0.712464,0.569342,150.474869,-242.596622,474.910483,3.593784,3.597867,3.59679,90.006581,90.083594,89.905139,127.522035,0.059103,0.06203,91.105555,0.985714,486.068426,461.626666,178.325389,461.626666,-766.433895,-292.826928,178.325389,-292.826928,1452.196327,-253.890877,95.95423,65.572229,95.95423,-3.842465,-91.643378,65.572229,-91.643378,1309.463858,468.535372,1.0,4.646708,0.965091,3.663965,0.0,138.0,1460.1770259331024,3.1164712702483057,0.010819471984995865
46366.0,0.098397,0.062374,0.993191,-0.558071,0.829787,0.003177,-0.823939,-0.554583,0.116458,-74.592457,-35.381964,366.727112,3.59668,3.596268,3.59358,89.988649,89.980665,89.940936,67.422378,0.066123,0.053494,111.782396,1.0,-259.790225,3.718431,-340.446145,3.718431,-17.073448,-142.93133,-340.446145,-142.93133,918.340056,-132.569414,-3.20901,-36.325022,-3.20901,-25.502245,8.510438,-36.325022,8.510438,1030.136535,414.518752,1.0,1.573995,1.454074,4.119954,0.0,146.0,1113.5136023288405,2.6862804081993388,0.008945952455697943
47363.0,-0.53228,0.823324,-0.197019,-0.526925,-0.140056,0.838292,0.662592,0.55002,0.508379,-299.286873,-70.972744,359.143234,3.597525,3.594988,3.595698,89.984425,89.950078,89.996124,94.653186,0.054542,0.052713,88.050415,0.942857,294.215956,101.408702,-392.770361,101.408702,-8.580466,3.323416,-392.770361,3.323416,823.973168,-173.584735,-12.600888,-71.141463,-12.600888,-36.488419,90.821976,-71.141463,90.821976,959.572563,562.259355,1.0,3.372428,1.037495,0.877967,0.0,132.0,1075.9138264576088,1.9135543355389948,0.010708149416445111
46333.0,0.123372,0.988439,0.088137,-0.656875,0.014768,0.753854,0.743837,-0.150899,0.651103,-207.867668,445.735189,428.86233500000003,3.593579,3.595061,3.592835,89.991594,89.83779,90.029847,176.930071,0.074031,0.077561,86.076225,0.952055,58.224991,265.771529,-7.823486,265.771529,-1837.108931,51.482709,-7.823486,51.482709,1011.115213,-80.554449,129.600832,465.058494,129.600832,-558.95453,62.519541,465.058494,62.519541,1351.518405,876.927242,1.0,3.025206,0.861759,1.770946,0.0,139.0,1772.7214726638902,2.021514884884703,0.011060603552258479
46937.0,-0.211764,-0.174162,0.961677,-0.57893,0.815128,0.02014,-0.787398,-0.552479,-0.273442,-277.570006,223.031188,374.962343,3.59648,3.596335,3.594036,89.974646,89.968345,89.926936,88.286703,0.064452,0.055778,95.85208,1.0,-285.78267,-35.621004,36.518432,-35.621004,-144.546211,-196.204456,36.518432,-196.204456,1161.10862,-76.014894,-15.281457,25.068376,-15.281457,0.033433,16.430299,25.068376,16.430299,1155.026572,435.052869,1.0,1.591736,1.847766,4.100556,0.0,146.0,1195.1889896331932,2.747227003422412,0.010432741782963917
47439.0,0.746476,-0.196536,-0.635726,0.361652,0.92179,0.139683,0.558553,-0.334182,0.759172,113.361498,-381.031203,400.69647,3.594962,3.592492,3.597134,90.012927,89.942929,90.051251,123.744039,0.064605,0.062241,84.370252,0.979167,-90.714172,-198.680857,-78.158015,-198.680857,-787.354254,201.410146,-78.158015,201.410146,979.540425,-436.432418,-125.848541,-170.746618,-125.848541,-163.763415,-9.352257,-170.746618,-9.352257,1123.372495,529.645939,1.0,4.496103,0.708757,2.109965,0.0,141.0,1454.5924160979546,2.7463486623616964,0.011605595299158286
46308.0,0.157211,-0.02879,0.987145,-0.845649,0.51234,0.149618,-0.510061,-0.8583,0.056199,132.826903,-70.976181,513.992017,3.594644,3.59678,3.594725,90.005335,90.009531,89.931847,64.410318,0.059106,0.049252,109.287992,1.0,-32.849152,101.160102,25.169798,101.160102,-372.248911,29.740475,25.169798,29.740475,940.85958,-198.308782,-2.83836,46.584135,-2.83836,-256.768731,-42.861335,46.584135,-42.861335,1151.631388,358.974728,1.0,1.721218,1.514567,3.677788,0.0,146.0,1381.1896631807451,3.8475958206750005,0.00915013609180412
47528.0,-0.32943,-0.191199,0.924618,-0.283026,0.954247,0.096488,-0.900762,-0.229905,-0.368472,589.352885,-357.968367,552.197894,3.599344,3.591534,3.600618,90.067416,90.041726,89.908575,148.868997,0.080228,0.075994,88.98273,0.916667,2034.712841,-180.570175,324.123803,-180.570175,-1214.60405,42.79878,324.123803,42.79878,1201.772886,-26.499743,45.864945,90.448082,45.864945,-295.739266,61.034444,90.448082,61.034444,1065.57587,482.841607,1.0,1.674774,1.948161,4.462491,0.0,132.0,1252.859218520755,2.594762341019122,0.010301628192346986
47489.0,0.687762,-0.166796,-0.706514,0.283662,0.957617,0.050055,0.668221,-0.234837,0.705926,200.727634,-375.497513,490.30469800000003,3.596925,3.598167,3.596795,89.95414,89.951051,90.10363,115.261129,0.05965,0.051534,131.783999,0.993151,485.049414,-952.938001,302.766827,-952.938001,482.820611,-232.280697,302.766827,-232.280697,1162.366297,56.101013,12.304339,79.542107,12.304339,-169.051558,32.933268,79.542107,32.933268,964.306371,162.350448,1.0,4.641659,0.787066,1.90875,0.0,144.0,1041.963354269973,6.417988783560197,0.007536203238148814
46119.0,-0.106707,-0.992515,-0.059397,0.771337,-0.120327,0.624949,-0.627418,0.020872,0.778403,410.305365,356.106161,585.218562,3.595009,3.590087,3.599172,90.051751,90.033431,90.032823,129.935573,0.072477,0.068257,71.474695,0.880282,-1387.795968,318.669209,159.258692,318.669209,346.870089,516.396076,159.258692,516.396076,1053.67851,-459.648739,143.585248,35.460132,143.585248,-157.363669,173.8694,35.460132,173.8694,1081.289738,639.52552,1.0,3.23635,0.678678,4.745643,0.0,125.0,1427.9858166501954,2.2328832423297125,0.012315995192424396
46199.0,0.066075,-0.154935,-0.985713,0.172194,0.974821,-0.141681,0.982845,-0.160372,0.09109,-325.05355,-412.523788,322.19368299999996,3.598752,3.59207,3.598384,90.032257,90.019583,90.028006,128.557352,0.073368,0.066233,73.850982,0.856164,913.453812,552.015783,127.062618,552.015783,-648.74661,53.944568,127.062618,53.944568,1121.98682,-308.444914,60.41357,-106.130724,60.41357,-282.600474,335.253226,-106.130724,335.253226,1224.522031,519.125523,1.0,4.855146,1.47958,1.732542,0.0,124.0,1551.2956226908357,2.9882861734980337,0.011593129526700132
47230.0,-0.460399,0.883209,-0.089297,-0.585197,-0.226324,0.778666,0.667516,0.410754,0.621051,223.214209,-12.244922,511.370263,3.596352,3.594818,3.595446,89.973721,89.94104,89.981309,69.519912,0.056089,0.051493,105.848434,1.0,-13.030332,40.133681,-135.883104,40.133681,-233.303254,-24.160388,-135.883104,-24.160388,912.034258,-114.03232,100.149543,-19.454912,100.149543,-192.510798,-44.369265,-19.454912,-44.369265,1045.595372,388.657817,1.0,3.255773,0.900713,1.019169,0.0,140.0,1204.6509303768307,3.0995155061472253,0.009447470899758423
46376.0,0.09733,-0.173118,0.98008,-0.939272,0.309632,0.14797,-0.329081,-0.934964,-0.132469,552.183491,-81.944602,353.124882,3.594784,3.599616,3.590994,89.954031,89.979165,89.934405,76.086124,0.052096,0.044996,126.844656,1.0,-1081.171859,-167.715786,-84.897999,-167.715786,-229.335754,17.316085,-84.897999,17.316085,1636.002583,-122.840762,-28.845147,73.886301,-28.845147,-183.025398,-205.287845,73.886301,-205.287845,1464.166462,162.608332,1.0,1.720642,1.703656,3.480023,0.0,143.0,1629.1265503356983,10.018715094720351,0.007883658890603953
46539.0,0.016395,-0.03681,0.999188,-0.495784,0.86752,0.040094,-0.868291,-0.496038,-0.004027,-331.73366,263.725266,276.185854,3.598632,3.596076,3.592486,90.015085,89.983821,89.998109,94.809236,0.054883,0.051582,90.15926,0.972222,-610.871137,-229.128203,-63.093185,-229.128203,515.766203,296.275197,-63.093185,296.275197,922.373905,-559.429115,-62.854956,-150.40258,-62.854956,24.770743,233.075866,-150.40258,233.075866,1101.985499,425.38585,1.0,1.610901,1.574823,4.193354,0.0,140.0,1480.426236858532,3.4801962426783404,0.010783384868065687
46160.0,-0.101029,0.097279,-0.990116,0.917388,0.394193,-0.054879,0.384958,-0.913865,-0.129068,-285.667583,446.741776,267.385289,3.592558,3.595857,3.596961,90.048679,90.031236,90.069636,156.701809,0.088282,0.075836,74.534287,0.847222,641.853492,485.867925,-282.699209,485.867925,-855.216748,133.308926,-282.699209,133.308926,533.719715,-479.270218,237.878214,531.580788,237.878214,-309.684689,-203.277039,531.580788,-203.277039,1019.049159,713.264564,1.0,4.767759,1.700225,2.742909,0.0,122.0,1518.2197545377733,2.1285506545054904,0.011366876025794679
46354.0,0.091926,-0.989915,-0.107785,0.214027,-0.086071,0.973028,-0.972493,-0.112515,0.203957,334.232845,-105.435134,479.655874,3.599381,3.591076,3.592943,90.039805,90.034715,90.01468,114.933991,0.058634,0.059426,95.37451,1.0,-1038.479729,330.110787,-311.942672,330.110787,-485.258189,-67.56119,-311.942672,-67.56119,1295.279364,-672.31328,182.769224,-112.324366,182.769224,-406.514912,-73.035047,-112.324366,-73.035047,1300.652226,472.639991,1.0,3.251915,1.365398,4.597203,0.0,140.0,1864.7646638595102,3.9454229421299862,0.010484981783916898
47410.0,-0.445379,0.890963,-0.088449,-0.422372,-0.121973,0.898178,0.789455,0.437388,0.430642,44.50408,123.184856,427.748627,3.596932,3.594226,3.594552,89.990364,89.940173,89.919998,80.012312,0.051539,0.050103,100.270523,1.0,-519.655043,-212.045949,-20.051333,-212.045949,-278.68848,-107.767279,-20.051333,-107.767279,1211.32342,-450.859882,-24.810968,-49.190683,-24.810968,-204.207778,-123.646832,-49.190683,-123.646832,1215.949284,516.543316,1.0,3.239752,1.125592,1.064858,0.0,144.0,1562.5975020384847,3.0251044852131717,0.009973020685251638
46183.0,0.010728,0.092985,-0.99561,0.439024,0.894132,0.088238,0.898412,-0.438043,-0.03123,-153.020072,-328.313284,459.876619,3.599299,3.594453,3.59226,90.029424,89.993792,89.99026,176.933495,0.089294,0.093231,69.452772,0.802817,-637.724626,267.005668,-159.015553,267.005668,205.603685,606.134929,-159.015553,606.134929,930.524126,-259.952055,-28.291734,52.55515,-28.291734,-188.872218,248.585978,52.55515,248.585978,1103.923609,914.05341,1.0,4.623993,1.602032,2.024454,0.0,114.0,1348.0664675900998,1.4748224259565967,0.011559178660284431
47452.0,0.443165,-0.079735,-0.892887,0.158569,0.987303,-0.009464,0.882304,-0.13739,0.450181,79.16181,366.2454,477.277884,3.596862,3.593397,3.593539,89.968382,89.957508,90.032087,134.806314,0.057555,0.061229,94.491476,0.828571,-387.471958,-348.100798,203.360367,-348.100798,-443.609335,42.867589,203.360367,42.867589,713.088244,-438.978598,-89.921797,-48.191916,-89.921797,-82.084604,-166.987712,-48.191916,-166.987712,972.910438,579.498486,1.0,4.722988,1.103828,1.725273,0.0,116.0,1282.8208060809868,2.2136741287033956,0.00876873803939733
46991.0,0.456725,-0.014465,-0.88949,0.536047,0.802439,0.262194,0.709969,-0.596559,0.374248,259.395183,110.970454,452.454491,3.597317,3.594471,3.595146,90.040316,89.979393,90.037412,95.995661,0.064446,0.062265,106.558158,1.0,87.739283,220.992889,18.808741,220.992889,-213.031166,256.980952,18.808741,256.980952,879.633771,-145.509943,140.13359,10.006553,140.13359,-377.423847,183.153279,10.006553,183.153279,1134.53105,492.397778,1.0,4.425739,1.187211,2.269609,0.0,142.0,1424.4684324034265,2.8929221374419494,0.009384546605995197
46511.0,-0.000528,0.013878,0.999904,-0.712219,0.701884,-0.010118,-0.701957,-0.712156,0.009513,-244.675008,-157.652554,209.815175,3.595889,3.596552,3.589948,89.909806,89.96214,89.996287,166.260443,0.072951,0.071567,64.979857,0.8,-1311.2703,335.380365,-810.46127,335.380365,371.216404,-80.001724,-810.46127,-80.001724,429.009509,-281.117633,276.805667,-2.99003,276.805667,-43.689841,-197.071227,-2.99003,-197.071227,921.101197,764.715227,1.0,1.560678,1.561283,3.919778,0.0,120.0,1141.4300017383202,1.4926209933286974,0.012311507549177895
46243.0,0.045776,0.170979,-0.984211,0.382303,0.907239,0.175389,0.922903,-0.384295,-0.023836,469.050259,35.08895,337.652416,3.599612,3.59421,3.592073,89.967957,89.97299,90.045121,66.828473,0.052611,0.048915,143.621214,1.0,-841.726379,-241.432693,-115.811687,-241.432693,-99.168062,271.467712,-115.811687,271.467712,1406.40713,-222.780261,54.507753,36.150919,54.507753,-125.955568,228.879087,36.150919,228.879087,1289.684405,165.864345,1.0,4.536038,1.594635,1.965359,0.0,140.0,1480.8707490949178,8.928204244829821,0.006962759693703744
46246.0,-0.010675,0.39336,-0.919323,0.819545,0.530195,0.217343,0.572915,-0.751106,-0.328036,293.68551,-204.747165,273.642688,3.593708,3.596112,3.588906,89.937504,90.037669,89.974564,196.042294,0.074356,0.082166,74.493094,0.868056,-1715.618479,505.709811,-70.08152,505.709811,39.164482,-376.804685,-70.08152,-376.804685,147.006305,-799.085,153.333987,-111.897299,153.333987,-221.015857,-112.123802,-111.897299,-112.123802,740.916761,744.256097,1.0,4.480235,1.90502,2.489974,0.0,125.0,1360.8801959845343,1.828510645018652,0.011652838583936386
46252.0,-0.023408,0.090523,-0.995619,0.952551,0.304332,0.005275,0.303477,-0.948255,-0.093351,537.967174,365.355594,420.838103,3.593457,3.598642,3.595026,90.020022,90.02463,90.050742,104.011795,0.065346,0.058449,93.269952,1.0,110.977611,259.142462,-204.432882,259.142462,-483.063389,-32.942438,-204.432882,-32.942438,1179.795872,-439.137076,72.957492,-154.08654,72.957492,-103.419516,-220.704573,-154.08654,-220.704573,1125.878951,484.188784,1.0,4.707091,1.664284,2.831856,0.0,140.0,1447.380412126437,2.989289425850139,0.010721566576982906
46847.0,-0.054791,0.098319,0.993645,-0.348468,0.930689,-0.111305,-0.935718,-0.352352,-0.016733,388.189495,-372.470873,292.395831,3.599085,3.592953,3.592186,89.970855,90.00048,89.99646,130.233432,0.057822,0.064147,78.916741,0.971831,-652.913221,287.24599,3.240184,287.24599,-365.851097,538.314355,3.240184,538.314355,1019.669376,-228.998966,-23.280722,134.636718,-23.280722,-335.72271,239.419474,134.636718,239.419474,1050.336604,694.092535,1.0,1.459245,1.58753,4.352253,0.0,134.0,1357.0622615964214,1.9551604334664419,0.012314636763826829
46274.0,-0.008567,-0.799621,-0.600444,0.95533,0.17085,-0.241154,0.295418,-0.575688,0.762438,346.277293,-105.524143,399.766864,3.594453,3.595239,3.596691,90.043854,89.988095,90.052522,81.156746,0.061447,0.060407,111.135063,1.0,-88.559361,317.13793,3.336912,317.13793,-203.638899,58.057295,3.336912,58.057295,893.058919,-87.067618,-7.572176,-87.382261,-7.572176,-12.688688,5.860429,-87.382261,5.860429,788.519916,519.814601,1.0,5.094297,0.703724,2.667475,0.0,144.0,844.3079992130068,1.6242483331340798,0.008998060315132048
46458.0,0.013556,0.169633,0.985414,-0.9993,0.036674,0.007433,-0.034878,-0.984825,0.170011,600.617341,-42.868232,480.685255,3.593117,3.60056,3.58504,90.009765,89.953148,90.014459,135.537465,0.073711,0.071644,70.553439,0.905797,-2591.838041,-387.849085,-652.626922,-387.849085,-446.046994,-270.969352,-652.626922,-270.969352,1506.886162,-1224.21273,92.987673,-159.509045,92.987673,-433.374074,75.664212,-159.509045,75.664212,1631.234217,660.857095,1.0,1.57834,1.399955,3.176993,0.0,125.0,2559.4269686629045,3.8728902027796264,0.012838452849902895
47134.0,0.54913,0.009044,-0.835688,0.507937,0.790454,0.34232,0.663669,-0.612455,0.429468,73.92163,-445.421553,215.2063,3.597213,3.593048,3.591645,90.130075,89.981666,90.061834,196.515964,0.083603,0.088664,62.403496,0.8,-529.160949,905.987531,104.168386,905.987531,-1210.83648,142.984175,104.168386,142.984175,1093.256358,-903.175025,-175.743696,-58.27214,-175.743696,-79.53914,-130.74586,-58.27214,-130.74586,885.838076,810.090923,1.0,4.323612,1.126893,2.316084,0.0,112.0,1563.3235540216665,1.9298124563996213,0.012819794583303476
46280.0,0.00508,0.246764,-0.969062,0.869851,0.476949,0.126011,0.493288,-0.84358,-0.212225,17.276827,504.371902,489.687691,3.589025,3.596169,3.597545,89.962444,90.030238,90.075874,203.717375,0.082839,0.080488,71.31577,0.90411,600.955788,-118.445088,373.237673,-118.445088,-1667.671329,-569.612736,373.237673,-569.612736,653.320346,-370.399089,32.779954,93.723345,32.779954,71.850065,-207.244419,93.723345,-207.244419,853.641418,568.259847,1.0,4.58308,1.784647,2.612458,0.0,132.0,1091.8494531297395,1.9213911714753609,0.012677560657341286
46491.0,-0.017276,0.172213,0.984908,-0.998147,0.054511,-0.027039,-0.058345,-0.98355,0.170952,394.522807,384.878589,509.60513000000003,3.584303,3.600982,3.588653,90.081188,89.817539,89.929789,297.810976,0.092049,0.104673,76.782867,0.889706,-1890.371434,-1689.6035,-7.026041,-1689.6035,-2873.553535,51.480697,-7.026041,51.480697,1896.841444,-655.798207,-120.686487,-29.398988,-120.686487,-309.026123,-100.308961,-29.398988,-100.308961,1552.874007,936.350547,1.0,1.54335,1.399,3.200844,0.0,121.0,2061.9642389814217,2.2021285143558758,0.011587298505016752
46948.0,0.541093,0.067059,-0.838285,0.758395,0.391831,0.52087,0.363395,-0.91759,0.161159,52.104896,-93.840875,501.58156099999997,3.594584,3.598772,3.594627,90.02424,90.027326,90.030379,132.642007,0.068503,0.071697,72.243686,0.808219,191.003999,102.092634,-61.503491,102.092634,-293.941795,-257.626643,-61.503491,-257.626643,1149.352745,-338.354493,17.753471,-9.026823,17.753471,-29.603015,-237.183792,-9.026823,-237.183792,1260.933447,638.338212,1.0,4.156417,1.408931,2.764511,0.0,118.0,1483.8316920440109,2.3245227438209684,0.0111873998234254
46317.0,0.057961,0.320884,-0.945343,0.634215,0.719463,0.283097,0.770981,-0.61596,-0.161808,-108.021596,420.846705,205.390343,3.596551,3.593613,3.589491,90.03159,90.036143,90.027069,167.401264,0.070247,0.073571,70.793549,0.934783,-1142.491113,625.31594,-102.162093,625.31594,-518.254623,456.812489,-102.162093,456.812489,390.462875,-751.698563,220.531873,-127.505731,220.531873,-67.248595,51.534493,-127.505731,51.534493,833.993069,723.734169,1.0,4.421423,1.733319,2.244884,0.0,129.0,1395.7879461155198,1.9285920243949681,0.013204352842940534
46319.0,0.078673,0.267889,-0.960232,0.304312,0.91079,0.279028,0.949318,-0.314162,-0.009867,-144.159932,-13.216786,276.124412,3.599542,3.594672,3.59187,89.999154,89.974991,90.034292,106.594781,0.054745,0.05711,95.911554,1.0,-778.656097,130.377121,-172.187617,130.377121,-79.473218,219.531274,-172.187617,219.531274,1376.356978,-661.363274,135.223911,59.56273,135.223911,-152.094842,136.360194,59.56273,136.360194,1366.515722,525.073368,1.0,4.429593,1.580663,1.890386,0.0,142.0,1835.5471383855095,3.495791731690931,0.010426272521869472
46586.0,0.252064,0.058646,-0.965932,0.724289,0.650532,0.228503,0.64177,-0.757211,0.121499,6.357842,47.622374,322.610302,3.595181,3.597201,3.592503,90.001573,90.006558,90.082087,122.100146,0.061593,0.062685,71.897989,0.942857,-562.212928,82.926515,195.639416,82.926515,-377.119981,-216.39019,195.639416,-216.39019,1123.382087,-719.080497,199.286769,-22.782538,199.286769,-196.655081,-133.582416,-22.782538,-133.582416,1086.080197,538.17401,1.0,4.480097,1.448997,2.438526,0.0,132.0,1622.3533867767433,3.0145517186471777,0.013113816020640021
46528.0,-0.054318,0.864391,0.499878,-0.979522,-0.143324,0.1414,0.193869,-0.481961,0.854475,-303.151525,-169.214972,563.357426,3.594193,3.596886,3.598283,90.047959,89.973856,90.046049,93.700759,0.070312,0.055853,92.864907,0.993243,355.137417,189.900088,-100.664778,189.900088,-273.519098,-93.968028,-100.664778,-93.968028,1348.101986,-181.64026,-46.323326,151.270061,-46.323326,-232.102439,98.431714,151.270061,98.431714,1182.918991,374.646043,1.0,1.846464,0.546256,2.759147,0.0,147.0,1399.808907435188,3.736350439540577,0.010695568779280637
46676.0,0.261016,0.070173,-0.962781,0.541817,0.814791,0.206277,0.79894,-0.575492,0.174652,545.991522,473.367597,269.11348899999996,3.597387,3.597847,3.592364,90.013633,89.978829,90.013114,74.124337,0.065908,0.053925,117.306698,1.0,-639.415735,261.317729,39.336315,261.317729,662.049964,-104.104954,39.336315,-104.104954,916.822595,-329.431967,23.303209,107.206467,23.303209,-24.055253,38.064762,107.206467,38.064762,938.5176,249.530435,1.0,4.501329,1.395244,2.19503,0.0,142.0,1150.592309981068,4.611029953043876,0.008524662419532088
46348.0,0.086779,0.164464,-0.982558,0.377724,0.907205,0.185212,0.921843,-0.387208,0.016604,3.843986,-136.047204,526.964264,3.59898,3.593257,3.594888,89.982074,90.034315,90.056142,137.685702,0.061631,0.065274,84.31707,0.916667,23.994295,-127.636719,393.06628,-127.636719,-495.441575,155.148924,393.06628,155.148924,1278.763048,-407.488679,-43.053815,10.803463,-43.053815,-118.92297,184.86078,10.803463,184.86078,1067.647987,744.915782,1.0,4.526076,1.554191,1.968456,0.0,132.0,1364.0866483577477,1.8311957959802596,0.01087166572557609
46350.0,0.069701,-0.851913,-0.519024,0.964165,0.191041,-0.18409,0.255984,-0.487594,0.8347,18.815787,-287.626824,289.623656,3.595999,3.596869,3.598122,90.004138,89.937586,90.03484,125.417156,0.057206,0.060665,143.130056,1.0,649.628119,-19.015373,-102.813716,-19.015373,75.351482,418.420602,-102.813716,418.420602,1157.258331,-193.148886,-36.473194,-95.420425,-36.473194,-112.888926,-71.864108,-95.420425,-71.864108,1126.393788,451.452356,1.0,5.053232,0.583208,2.65815,0.0,144.0,1285.8568888128734,2.848267091141005,0.0069866527544710805
46422.0,0.145872,-0.985838,0.082738,0.788176,0.166355,0.592541,-0.597913,-0.021224,0.80128,306.737552,-90.504012,330.435121,3.596146,3.591589,3.596818,90.043874,90.06739,90.005304,115.255566,0.066416,0.061023,77.281611,0.905405,-778.411048,381.207673,221.692529,381.207673,-216.064076,-110.304849,221.692529,-110.304849,1085.770075,-378.366714,111.036159,44.658016,111.036159,-287.146249,-170.892293,44.658016,-170.892293,1115.556019,561.796906,1.0,3.002858,0.641365,4.676907,0.0,133.0,1461.675626168361,2.6017865363045645,0.011715658981280812
46581.0,-0.081424,0.918618,0.386666,-0.883989,-0.245756,0.397703,0.460363,-0.309426,0.832059,368.601719,215.330191,508.546395,3.594604,3.594497,3.59766,90.039815,89.947687,90.004153,40.965157,0.051532,0.043128,124.295906,1.0,-206.175402,-98.794036,92.33192,-98.794036,-174.116687,135.087047,92.33192,135.087047,1086.731937,-84.735078,28.099806,8.765415,28.099806,-170.824467,125.05465,8.765415,125.05465,1107.687513,310.93901,1.0,2.370265,0.587988,2.162575,0.0,148.0,1242.7054250817127,3.9966211543598624,0.008045317276982558
46639.0,-0.111582,0.131256,0.985049,-0.843523,0.511534,-0.163712,-0.525375,-0.849179,0.053639,215.523362,-340.10422,479.544804,3.594243,3.596493,3.588556,89.943999,90.116925,89.942743,175.183631,0.089421,0.083594,90.37618,0.887324,-1326.490544,1277.811102,-11.995287,1277.811102,-814.495449,4.902201,-11.995287,4.902201,767.128055,-298.753049,159.506688,85.771981,159.506688,-432.559649,-138.834715,85.771981,-138.834715,1082.982562,714.108991,1.0,1.406105,1.517132,3.695638,0.0,126.0,1466.6419364875087,2.0538068487748657,0.009818118004102408
47278.0,0.269301,-0.9565,0.112178,0.116465,0.147973,0.98211,-0.955988,-0.251418,0.151248,-60.472855,-72.035564,559.813957,3.598298,3.593246,3.593924,90.001329,90.054219,89.948646,111.191727,0.052815,0.052538,82.124223,0.863014,-568.611235,-88.005708,54.913797,-88.005708,-310.809296,233.991663,54.913797,233.991663,1225.813716,-419.292057,-50.692332,-87.791722,-50.692332,-186.282694,-181.258774,-87.791722,-181.258774,1366.776877,567.425998,1.0,3.027864,1.418966,4.455219,0.0,126.0,1691.3053234870436,2.9806623761483757,0.01050864128114795
46934.0,0.357848,0.116783,-0.926448,0.45238,0.846263,0.28141,0.816883,-0.519808,0.250003,140.677953,132.043785,380.581063,3.598983,3.59519,3.595643,90.077722,90.033179,90.01815,159.030867,0.079026,0.083137,74.185782,0.851351,694.161523,683.136676,140.659459,683.136676,-168.215179,182.948257,140.659459,182.948257,1029.742424,177.078729,517.832414,-134.97583,517.832414,-424.357604,-0.868485,-134.97583,-0.868485,1276.41466,846.336009,1.0,4.417494,1.318113,2.137503,0.0,126.0,1564.0405849499216,1.8480137537784023,0.01147593214020444
47566.0,0.399981,-0.899865,0.173952,0.082281,0.224285,0.971044,-0.912823,-0.374086,0.163751,-41.29996,434.190493,256.06773999999996,3.600516,3.592462,3.592023,89.995779,90.020501,90.034454,100.812973,0.103676,0.070293,109.782911,1.0,-98.586449,-54.546509,-1014.814284,-54.546509,-757.495479,27.615376,-1014.814284,27.615376,1073.161079,-394.898664,124.817329,-317.470811,124.817329,-62.092691,-28.951227,-317.470811,-28.951227,1142.645028,224.308886,1.0,2.964333,1.406305,4.323453,0.0,146.0,1432.1315013914639,6.3846400690138685,0.00910888580828395
46704.0,-0.191768,0.213469,0.957944,-0.949714,0.205803,-0.235982,-0.247523,-0.955027,0.163268,604.71035,-276.566972,395.153056,3.593445,3.597785,3.581181,90.042688,90.087877,89.990071,230.318013,0.099278,0.093193,90.431442,0.863014,-3313.89852,1411.23685,-234.665309,1411.23685,-841.165779,-54.898451,-234.665309,-54.898451,868.686015,-289.853015,101.438807,87.245632,101.438807,-538.193005,-275.956125,87.245632,-275.956125,1118.464464,719.963757,1.0,1.329263,1.406794,3.395191,0.0,126.0,1570.1313582108533,2.1808477759399953,0.009543295793071617
46712.0,-0.189277,0.953755,0.233508,-0.923353,-0.253784,0.288118,0.334055,-0.161076,0.928688,147.187618,218.722134,361.758066,3.593976,3.592642,3.599813,90.053069,89.994149,89.981052,144.728934,0.099349,0.082554,78.707794,0.802817,-732.333788,-52.055203,69.391942,-52.055203,16.375553,521.574038,69.391942,521.574038,1330.66042,-322.950566,68.980546,96.369776,68.980546,-309.910127,130.467557,96.369776,130.467557,1294.158745,689.555579,1.0,2.460507,0.379936,2.02009,0.0,114.0,1617.8458474488543,2.3462152968076477,0.010199968252191135
47181.0,-0.231187,0.951014,0.205242,-0.389319,-0.28376,0.876305,0.891618,0.122686,0.435849,-302.406482,343.757024,517.830701,3.598409,3.594565,3.591973,89.935379,89.939646,90.004051,98.624859,0.055804,0.049375,137.687484,1.0,163.420859,265.83238,-23.099258,265.83238,-1088.475997,-322.194172,-23.099258,-322.194172,1126.315325,-308.674273,75.276249,-13.862892,75.276249,-59.673966,-118.960484,-13.862892,-118.960484,1121.488562,258.10791,1.0,2.911527,1.119815,1.434056,0.0,138.0,1329.0085101947475,5.149042159129286,0.007262824266583301
46866.0,0.143356,-0.963173,0.227481,0.077518,0.240076,0.967654,-0.986631,-0.121085,0.109079,576.231827,-99.937378,216.198748,3.602268,3.590946,3.593007,89.989774,90.00445,90.015651,82.6619,0.060842,0.053195,95.263575,0.993151,-964.908122,82.424395,-562.617674,82.424395,-469.197023,-117.938979,-562.617674,-117.938979,1990.53006,-467.131188,-82.849389,-173.683988,-82.849389,-357.918641,-175.594139,-173.683988,-175.594139,1768.508599,310.98507,1.0,2.910701,1.4615,4.590274,0.0,145.0,2194.7096186680665,7.057282906436847,0.010425296342279827
46911.0,-0.262806,0.944875,0.195307,-0.71249,-0.326546,0.621069,0.650609,0.024066,0.759032,67.137725,-16.904462,289.620857,3.596839,3.591348,3.597109,90.025257,89.969897,89.997686,158.983668,0.077128,0.081203,71.909529,0.807143,-895.325173,273.815165,-189.230886,273.815165,316.098356,58.089507,-189.230886,58.089507,878.449421,-627.969675,458.604695,62.187056,458.604695,0.00859,44.422227,62.187056,44.422227,1087.865344,879.779803,1.0,2.836915,0.708972,1.533823,0.0,112.0,1556.6176596478344,1.7693264318410755,0.011224423400131018
47417.0,-0.18369,-0.95223,0.243958,-0.239277,0.284031,0.928479,-0.953417,0.112179,-0.280021,404.871033,-115.684068,236.414695,3.599046,3.590654,3.592815,90.015098,89.972158,89.98155,128.015146,0.053779,0.054659,100.283419,0.993151,-926.521947,318.667582,428.111894,318.667582,-684.307241,125.994654,428.111894,125.994654,1136.097738,-276.722527,-52.526061,138.667727,-52.526061,-592.058852,417.151977,138.667727,417.151977,1396.786458,524.728993,1.0,2.88465,1.854612,4.82951,0.0,145.0,1890.711537241341,3.6032153024968094,0.009903441764385797
46750.0,0.328899,-0.88189,0.337781,0.640904,0.471143,0.606025,-0.69359,0.017164,0.720165,552.28413,77.781428,557.173258,3.596682,3.593983,3.598034,90.057436,90.055754,90.109901,142.840563,0.077051,0.071239,72.646089,0.813433,745.997252,768.147321,-175.164338,768.147321,-733.443124,266.983994,-175.164338,266.983994,1230.774635,-611.777894,208.999555,216.88798,208.999555,-204.076662,185.349716,216.88798,185.349716,1194.595012,535.888284,1.0,2.633108,0.766756,4.737131,0.0,109.0,1669.296170901842,3.1150077744596523,0.01119720292168791
46534.0,-0.113739,0.285484,-0.95161,0.152119,0.951536,0.26728,0.981796,-0.114358,-0.151654,168.898558,501.117724,-175.731932,3.600551,3.58588,3.592439,89.903925,90.07271,89.983345,187.325576,0.076264,0.07757,73.866788,0.915493,-1361.240087,-1126.700749,488.345642,-1126.700749,-1824.91592,371.654178,488.345642,371.654178,1695.696092,-626.671041,-105.860573,19.172471,-105.860573,-679.985911,302.565551,19.172471,302.565551,1594.968278,539.885902,1.0,4.438572,1.723038,1.686752,1.0,130.0,2265.9016127092377,4.197000892809455,0.012393837945139837
46537.0,-0.750636,-0.575513,-0.324546,0.426318,-0.797151,0.427554,-0.504775,0.182578,0.843722,-243.084793,-130.145523,57.703868,3.59505,3.593117,3.598234,89.992823,90.026351,90.02684,47.99192,0.054441,0.048625,153.370215,1.0,-289.80497,-345.788801,-148.236131,-345.788801,-60.972675,215.090333,-148.236131,215.090333,957.108815,-71.713046,68.495661,-121.905223,68.495661,12.119368,154.212108,-121.905223,154.212108,1069.804183,122.21596,1.0,3.790877,0.566616,5.05945,1.0,142.0,1116.643966414308,9.13664603554485,0.006520170816739091
48240.0,-0.460446,0.711235,0.531163,-0.885267,-0.323754,-0.333895,-0.065511,-0.623961,0.778704,240.427976,-225.279667,18.751984,3.592253,3.597576,3.597797,89.996137,90.022459,89.956023,142.805464,0.062923,0.065183,86.376534,0.880282,362.312291,-750.812136,157.68436,-750.812136,-253.721942,247.306216,157.68436,247.306216,838.411874,-118.078262,-419.442709,192.30896,-419.442709,-251.890322,143.587082,192.30896,143.587082,923.931901,747.757476,1.0,1.009605,0.678198,3.246202,1.0,125.0,1190.912886364409,1.5926459107236113,0.010191216980296985
47976.0,0.351524,0.026983,-0.93579,0.747448,0.593784,0.297896,0.563695,-0.804172,0.188561,356.595067,33.300399,145.62364,3.594522,3.59792,3.592354,89.951155,89.952078,90.093921,107.515748,0.059535,0.053221,94.121541,0.993151,-900.507118,-487.197021,435.24367,-487.197021,-172.635547,-192.614345,435.24367,-192.614345,1231.247002,-91.478237,-97.489078,196.482653,-97.489078,-296.032356,16.382489,196.482653,16.382489,1266.062329,422.479267,1.0,4.404196,1.3811,2.53022,1.0,145.0,1482.8124442504995,3.509787485619974,0.010551792814356918
48369.0,-0.41112,0.911575,-0.003445,-0.63927,-0.285613,0.713974,0.649857,0.295731,0.700164,126.021952,-199.710207,152.204133,3.594387,3.590492,3.598044,89.948283,89.97308,89.962586,162.034459,0.070353,0.074285,69.06884,0.878571,-1245.726009,353.22173,78.130991,353.22173,52.683954,486.912352,78.130991,486.912352,831.413337,-362.542195,-17.055682,208.867428,-17.055682,-159.095629,559.352936,208.867428,559.352936,1134.299195,903.414923,1.0,3.146418,0.79517,1.143733,1.0,123.0,1498.3295918211347,1.6585176464050224,0.012720222317328625
47991.0,-0.236373,0.720087,0.652382,-0.971281,-0.156303,-0.179393,-0.027209,-0.676051,0.736353,204.736639,-327.561528,-29.451457,3.593653,3.595266,3.595949,90.075812,90.020462,89.977201,120.118143,0.047596,0.051095,91.2221,0.993151,-432.596463,1.706366,91.899025,1.706366,-309.979794,216.951521,91.899025,216.951521,921.857628,-356.96628,18.095329,36.942671,18.095329,-314.739674,-87.733617,36.942671,-87.733617,895.042079,524.009309,1.0,1.302447,0.743133,3.181819,1.0,145.0,1234.2941284977637,2.355481300233473,0.01088717536649562
47676.0,0.09752,-0.845004,-0.525792,0.991784,0.038566,0.121969,-0.082787,-0.533367,0.841823,-283.432284,-263.543229,5.655601,3.590595,3.595919,3.596469,90.033382,89.977675,89.999592,147.087289,0.055873,0.059042,89.018703,0.985507,76.52818,-219.344251,94.253862,-219.344251,-1082.077214,305.371799,94.253862,305.371799,661.049704,-603.589893,69.834944,-270.11302,69.834944,-91.571526,60.02574,-270.11302,60.02574,1097.64754,655.298588,1.0,4.484449,0.570144,3.295579,1.0,136.0,1531.7922798445966,2.3375485738794186,0.011070785877435218
47920.0,0.350469,-0.885803,-0.304177,0.932707,0.359586,0.027492,0.085026,-0.293343,0.952219,-41.509597,-316.74262,74.011513,3.588988,3.592377,3.598515,90.070933,89.954326,89.947051,155.66606,0.061021,0.066511,71.610181,0.861111,-1320.730291,-672.136593,-16.044344,-672.136593,-1158.910323,5.26253,-16.044344,5.26253,1271.022141,-668.103844,-45.52745,-211.823781,-45.52745,-367.678823,-24.571492,-211.823781,-24.571492,1236.813885,569.491638,1.0,4.622252,0.310377,2.859474,1.0,124.0,1783.9117591974887,3.1324634817508747,0.01202498007929906
48183.0,0.556556,-0.513739,-0.65293,0.771904,0.6104,0.177693,0.307261,-0.602896,0.736279,-166.572869,367.736821,112.860215,3.595601,3.594619,3.59581,90.055247,89.948783,90.025068,108.052557,0.059026,0.057562,88.465957,0.964286,-331.502842,146.241181,80.98197,146.241181,-48.662731,282.304406,80.98197,282.304406,882.793619,-267.91316,99.585977,108.559836,99.585977,-239.404117,-112.732869,108.559836,-112.732869,1028.049215,415.30169,1.0,4.446677,0.743241,2.670262,1.0,135.0,1291.9725516795747,3.1109253412370528,0.010900079903052425
47853.0,0.274808,-0.661623,-0.697664,0.912175,-0.050017,0.406736,-0.304001,-0.748167,0.589771,-125.593794,444.876533,-173.363446,3.587469,3.595881,3.592093,90.073559,90.133895,90.094353,263.713416,0.100645,0.104111,73.463229,0.878571,-219.215619,981.662381,111.807077,981.662381,-2571.491409,677.733322,111.807077,677.733322,344.117549,-395.785114,177.739108,318.804028,177.739108,-186.210433,-4.16382,318.804028,-4.16382,923.360692,626.632679,1.0,4.184566,0.940021,3.527542,1.0,123.0,1267.8884197959587,2.023335938718189,0.011959330020737314
46549.0,-0.750889,-0.645731,-0.138551,0.433681,-0.640331,0.633954,-0.498082,0.415942,0.760859,298.631904,475.158063,-4.629936,3.593044,3.593183,3.597278,89.962673,90.051295,90.05966,149.259294,0.10626,0.095542,90.747458,0.828571,-972.897189,-56.182988,-93.708209,-56.182988,-204.296133,219.316243,-93.708209,219.316243,977.239194,-687.071696,32.118309,58.77116,32.118309,28.259883,-54.617333,58.77116,-54.617333,1145.292213,673.527388,1.0,3.35676,0.706161,5.408162,1.0,116.0,1601.2840193595919,2.3774593994084054,0.009130514708191605
47009.0,0.478438,-0.6592,0.580132,-0.438691,0.392872,0.808209,-0.760689,-0.641176,-0.10122,499.607703,30.930723,-122.891831,3.593501,3.595422,3.592895,89.95109,90.018599,89.921575,173.638811,0.064357,0.077051,85.784839,0.864286,-1017.813342,-42.254975,318.422335,-42.254975,-222.344313,-278.783719,318.422335,-278.783719,570.457339,-141.458496,5.521898,74.581215,5.521898,-399.20876,-76.262582,74.581215,-76.262582,862.014907,564.578284,1.0,2.51902,1.67219,4.012037,1.0,121.0,1157.8411922461462,2.050807168924241,0.01007504367992111
48211.0,-0.434586,0.879387,0.194454,-0.894565,-0.446493,0.019926,0.104345,-0.165292,0.980709,145.539276,-283.604583,60.746985,3.594025,3.591477,3.600743,90.036875,89.993229,89.961346,133.901503,0.056679,0.059725,81.267841,0.993056,-1054.324741,97.091533,223.700121,97.091533,-66.719011,108.520003,223.700121,108.520003,1683.738351,-213.730585,-116.930531,196.923373,-116.930531,-346.611676,-36.945673,196.923373,-36.945673,1661.57783,691.371471,1.0,1.672913,0.196739,2.578491,1.0,143.0,1955.5036368828721,2.828441321211057,0.012219544505925781
48816.0,0.298195,-0.913932,0.275332,0.034588,0.298612,0.953748,-0.953878,-0.27488,0.120656,359.533667,403.617239,16.84665,3.600213,3.593648,3.591265,89.994069,89.981722,89.988355,91.403933,0.067047,0.056333,106.02399,1.0,-246.96235,-143.267398,-506.934787,-143.267398,-862.463703,-322.844584,-506.934787,-322.844584,1361.343693,-457.401749,129.98761,-224.862765,129.98761,-201.603449,28.000398,-224.862765,28.000398,1325.828053,292.291461,1.0,2.860549,1.449846,4.43182,1.0,142.0,1685.3418624293258,5.765963386899372,0.009431827645799785
46554.0,0.877265,0.432764,0.207655,-0.28095,0.112167,0.953145,0.389195,-0.894502,0.219986,-172.499424,-119.508099,146.825759,3.593425,3.599378,3.594355,89.971625,90.009637,90.072689,160.039539,0.073594,0.077481,80.496453,0.931507,-512.622955,189.124934,-284.125985,189.124934,27.988106,-530.098992,-284.125985,-530.098992,1300.983132,-606.853086,235.392417,-68.619773,235.392417,-26.928924,-124.055691,-68.619773,-124.055691,1377.245546,762.374762,1.0,2.927081,1.348997,2.731201,1.0,136.0,1782.9648726098333,2.3386987102411885,0.011572025415827948
46867.0,0.493632,-0.396153,0.774203,-0.327004,0.740347,0.587328,-0.805851,-0.543091,0.235915,316.036549,467.225989,22.450075,3.597952,3.593955,3.584835,90.055927,89.975094,89.974396,230.207382,0.103167,0.095905,84.472455,0.887324,-1090.11743,-1380.272502,-753.865609,-1380.272502,-1591.124551,-201.521674,-753.865609,-201.521674,600.532903,-685.177557,-259.357107,-2.135218,-259.357107,-147.26071,73.654225,-2.135218,73.654225,766.37471,770.691179,1.0,2.219793,1.332636,4.119371,1.0,126.0,1292.3102603959583,1.6768198412141917,0.010504299892787537
48542.0,0.462638,0.137825,-0.875768,0.267254,0.920206,0.286,0.845305,-0.366367,0.388888,401.078855,-7.578864,-34.298814,3.596434,3.593205,3.596255,89.969379,89.963676,90.101945,180.640252,0.075054,0.085752,70.517871,0.809859,-19.402846,-750.419662,31.15112,-750.419662,-542.385393,-131.165882,31.15112,-131.165882,1025.711289,-64.609038,-102.333293,170.424419,-102.333293,-352.727805,113.559111,170.424419,113.559111,1202.939441,730.981494,1.0,4.396738,1.171372,1.979772,1.0,115.0,1447.1369210441476,1.9797175891899497,0.011484450516096834
48275.0,0.282072,0.425391,-0.859929,0.239047,0.836894,0.492408,0.929135,-0.344458,0.134376,528.357415,-397.921457,43.733898,3.599377,3.594949,3.589194,89.931871,89.957305,90.057703,98.122627,0.06947,0.063952,102.26547,1.0,-1765.065177,262.002965,283.49187,262.002965,115.720828,-34.469648,283.49187,-34.469648,1453.033807,-358.674343,155.133645,368.476207,155.133645,-318.312831,157.500548,368.476207,157.500548,1268.46499,362.879523,1.0,4.192349,1.436013,1.925818,1.0,144.0,1649.8555531013478,4.546565591416266,0.009778471658126639
46764.0,-0.100257,0.512805,-0.852631,0.196001,0.850336,0.488377,0.975465,-0.118153,-0.185763,-260.055533,-51.515331,-21.368329,3.598493,3.592621,3.593487,89.957867,90.034579,90.057274,143.37686,0.06346,0.066725,77.888543,0.815068,-719.462669,-249.271525,-129.96609,-249.271525,-388.72494,-325.070657,-129.96609,-325.070657,1213.405957,-451.366282,-56.129382,33.132521,-56.129382,-103.450111,108.706106,33.132521,108.706106,1102.37058,647.241167,1.0,4.192218,1.757644,1.691334,1.0,119.0,1416.5531000732776,2.1886016716753085,0.010464542904596379
46563.0,-0.67906,-0.670107,0.299724,0.413408,-0.011699,0.910471,-0.606606,0.742173,0.284972,-117.981278,-403.156975,41.203021,3.593688,3.597251,3.590881,89.954449,90.088237,90.023856,151.592472,0.072117,0.070669,109.391359,1.0,46.150073,-12.640604,-238.310629,-12.640604,-1526.021099,325.931864,-238.310629,325.931864,810.374976,-110.086825,-52.012395,62.521713,-52.012395,-62.474536,-37.595394,62.521713,-37.595394,774.61461,408.979697,1.0,2.82357,1.281819,5.597961,1.0,140.0,865.3679271633674,2.115919038307096,0.009141489868500491
48085.0,0.419772,-0.02673,-0.907236,0.693793,0.653911,0.301747,0.585186,-0.756099,0.293039,-160.24126,104.587085,-6.401898,3.596181,3.596959,3.592063,90.039355,90.017014,90.032914,119.821557,0.074146,0.06842,88.847555,0.956522,-438.980716,517.468914,232.107456,517.468914,-69.818228,-211.346588,232.107456,-211.346588,781.621295,-451.811518,182.480059,62.662836,182.480059,-66.685504,-124.966426,62.662836,-124.966426,1153.425515,510.917965,1.0,4.391298,1.273393,2.482937,1.0,132.0,1465.1010533957237,2.867585706045243,0.010765878700882652
48206.0,-0.133484,0.289577,0.947801,-0.404044,0.857369,-0.318852,-0.904948,-0.425515,0.002557,68.685019,450.129475,149.663323,3.597175,3.59388,3.592156,89.915275,90.070721,89.91099,154.366193,0.069052,0.0694,67.522575,0.885714,-152.004755,756.554954,182.057502,756.554954,-1241.854601,-210.465824,182.057502,-210.465824,1110.162343,-160.395201,380.583948,132.673561,380.583948,-565.850516,350.057735,132.673561,350.057735,1413.099954,987.240197,1.0,1.246277,1.568239,4.272856,1.0,124.0,1868.6902134421548,1.8928425109924438,0.013117301880148972
48357.0,-0.248863,0.941689,0.226472,-0.451596,-0.319675,0.832988,0.856813,0.105026,0.504818,-222.028721,263.771239,-25.487669,3.596684,3.592707,3.593537,89.93751,89.920617,89.990646,141.255954,0.072201,0.068303,80.641845,0.823944,-369.466338,313.513291,173.315383,313.513291,-968.325441,-60.096747,173.315383,-60.096747,976.645487,-426.892913,-39.908014,-189.141977,-39.908014,-65.969829,-65.094146,-189.141977,-65.094146,1195.333165,607.478313,1.0,2.87613,1.041625,1.448827,1.0,117.0,1485.7952484634686,2.4458408089104386,0.010217325756869775
48342.0,-0.418173,-0.007561,0.908336,-0.674027,0.672937,-0.304702,-0.608949,-0.739661,-0.2865,-238.259525,-128.152933,68.821045,3.597057,3.598034,3.594636,89.951366,90.000572,89.983813,61.066106,0.053027,0.046959,124.852715,1.0,87.660088,409.063518,-61.131794,409.063518,400.437458,-169.37567,-61.131794,-169.37567,1043.385743,-355.585753,26.584859,-59.002145,26.584859,263.225018,-120.404934,-59.002145,-120.404934,1181.863544,395.853221,1.0,1.247141,1.861368,3.830369,1.0,136.0,1345.1025772341964,3.3979831560703566,0.008009437359852366
48426.0,-0.577897,0.524987,0.62484,-0.760327,-0.62454,-0.17847,0.296543,-0.57822,0.760081,-7.049661,-308.132974,-145.653134,3.59385,3.594799,3.597207,90.069363,89.984531,90.029012,78.472704,0.051798,0.05039,138.803033,1.0,-151.54207,61.920746,182.561969,61.920746,-453.704385,43.800621,182.561969,43.800621,1059.587849,-223.123708,11.968492,163.85908,11.968492,-107.53264,-75.663722,163.85908,-75.663722,938.933408,256.263537,1.0,1.292579,0.707358,2.667714,1.0,140.0,1119.8004929570036,4.369722302541246,0.007204453522280021
46665.0,-0.704385,-0.390147,-0.592981,0.521308,0.282636,-0.805205,0.481746,-0.8763,0.004303,-217.834233,284.326112,147.026157,3.595316,3.598144,3.592942,90.01614,90.002177,90.042548,83.279767,0.057875,0.055071,98.910663,1.0,-237.517144,-278.045146,43.774201,-278.045146,-234.400891,-165.85964,43.774201,-165.85964,1078.841824,-443.952519,-171.549333,253.922874,-171.549333,-213.586088,-36.633075,253.922874,-36.633075,1256.109002,426.929363,1.0,5.648422,1.566494,2.638942,1.0,140.0,1619.5915376958937,3.7935819787965572,0.010110133424138508
48514.0,0.725584,-0.134422,-0.674876,0.522775,0.745425,0.41358,0.447475,-0.652896,0.611141,389.316906,92.078743,-52.289927,3.595426,3.596096,3.594053,90.103233,89.954706,90.005427,117.41186,0.065788,0.065407,83.02673,0.949275,-521.635705,548.642102,-68.569316,548.642102,-193.009786,-153.975785,-68.569316,-153.975785,1089.525796,-102.241839,129.884633,56.362565,129.884633,-502.135943,-140.677209,56.362565,-140.677209,1212.820569,514.460453,1.0,4.162594,0.913295,2.540753,1.0,131.0,1563.6712442250061,3.0394391543736523,0.01143336609788197
46574.0,-0.813783,-0.356792,-0.458756,0.474831,-0.863334,-0.170851,-0.335101,-0.356867,0.871982,324.19593,387.216051,115.40276,3.594726,3.593042,3.597553,90.112554,90.053548,89.965283,126.754367,0.071763,0.066107,83.181553,0.943662,-393.603963,-333.82463,153.616122,-333.82463,-793.147721,233.187947,153.616122,233.187947,1490.446097,-368.817664,-169.477733,-274.866962,-169.477733,-332.675826,-157.621218,-274.866962,-157.621218,1328.424386,503.408449,1.0,5.068898,0.511559,3.895545,1.0,134.0,1708.0499434687592,3.3929703541164824,0.011344606658161336
48492.0,0.6908,-0.277157,-0.667817,0.524854,0.827484,0.199496,0.497316,-0.488318,0.717093,-81.551479,-366.257246,-52.149132,3.595936,3.595076,3.593754,90.062211,89.943538,90.008,129.682452,0.075208,0.07094,81.794123,0.964789,-585.865262,331.336235,302.219132,331.336235,7.942689,-35.687106,302.219132,-35.687106,728.75559,-640.671742,-128.818228,119.21966,-128.818228,-163.475759,-132.48941,119.21966,-132.48941,900.686131,524.504437,1.0,4.422099,0.771174,2.347066,1.0,137.0,1379.9423878219297,2.630945117861662,0.01179533399973003
46577.0,0.897707,0.40221,0.179861,-0.303478,0.268521,0.91422,0.319412,-0.875285,0.363115,209.047454,-331.234477,-103.977352,3.589823,3.597486,3.591629,89.966001,89.893556,90.131193,166.433071,0.063693,0.06237,100.879768,1.0,-1493.664482,1012.068161,385.343437,1012.068161,-977.07045,-775.687844,385.343437,-775.687844,997.001954,-356.377084,-34.594794,-127.026547,-34.594794,-288.816153,-101.025123,-127.026547,-101.025123,1247.78139,388.134689,1.0,2.947336,1.199188,2.791685,1.0,142.0,1578.0254792928645,4.065664636568633,0.009912790441786107
48020.0,-0.223143,0.935524,0.273863,-0.84239,-0.326437,0.42874,0.490496,-0.135029,0.860919,-99.312219,464.504303,-80.910583,3.594557,3.594453,3.597359,90.008391,89.935287,90.032059,61.806086,0.056118,0.046477,164.370185,1.0,-7.622861,93.119234,-38.143376,93.119234,-452.507535,33.739127,-38.143376,33.739127,1057.028733,-196.667566,28.537931,-47.478299,28.537931,-54.45503,21.372292,-47.478299,21.372292,1059.632745,220.522287,1.0,2.573157,0.533724,1.839434,1.0,142.0,1192.6848940707769,5.408455128486749,0.006083828402334645
46583.0,0.802683,0.381287,-0.458606,-0.266553,0.917227,0.296047,0.533525,-0.115389,0.837876,317.516025,254.616085,81.779753,3.595417,3.593889,3.59812,90.015856,89.951445,90.008152,38.030707,0.053626,0.043614,157.326994,1.0,-22.699164,-100.657491,-148.518278,-100.657491,-210.679132,65.350258,-148.518278,65.350258,1124.90549,150.303343,-104.426063,-68.024704,-104.426063,-339.159621,147.873523,-68.024704,147.873523,1076.125573,238.73732,1.0,4.139157,0.577416,1.783793,1.0,142.0,1256.155063623527,5.261661912027525,0.006356188309299292
47041.0,-0.234524,-0.865359,0.44289,0.471031,0.297382,0.830478,-0.850369,0.403382,0.337868,282.221068,-411.224426,117.866818,3.598108,3.594403,3.593626,89.988211,90.035896,90.046923,63.253091,0.047777,0.045097,100.567716,1.0,-259.503206,-62.446295,41.472429,-62.446295,-323.658713,-231.142286,41.472429,-231.142286,1115.756416,-373.237517,2.989715,149.642765,2.989715,-174.443845,-256.414262,149.642765,-256.414262,1132.413246,376.864546,1.0,2.651665,1.226145,5.155316,1.0,138.0,1439.8964987719005,3.820726874031553,0.0099435488820289
48046.0,-0.081858,0.939651,0.332196,-0.455373,-0.331751,0.826182,0.88653,-0.083643,0.455049,489.220948,412.677335,-158.693719,3.599721,3.596495,3.59601,89.928094,90.005119,90.083059,116.564472,0.067946,0.063249,103.000138,1.0,984.647811,715.435673,-455.461335,715.435673,52.098998,-388.474931,-455.461335,-388.474931,1188.498938,-334.629775,59.579667,-16.611065,59.579667,-50.173155,-80.579426,-16.611065,-80.579426,1087.795131,369.639977,1.0,2.759289,1.09837,1.664867,1.0,142.0,1306.6480138038023,3.53492072044957,0.00970872485627155
47808.0,-0.024723,0.855565,0.517105,-0.84068,-0.297701,0.452362,0.540967,-0.423537,0.726616,188.772167,384.315437,-9.340655,3.597255,3.595512,3.597804,90.018286,90.000677,90.070961,159.416437,0.0624,0.070598,72.887281,0.965278,270.721944,565.76536,-126.063463,565.76536,424.642134,-64.14523,-126.063463,-64.14523,1070.594327,-374.215017,-35.250038,-9.686892,-35.250038,-134.993234,230.584154,-9.686892,230.584154,1090.697395,691.388223,1.0,2.289511,0.757412,2.235038,1.0,138.0,1376.0943161733223,1.990335198656287,0.013243435435600897
48309.0,-0.345717,0.855181,0.386194,-0.636963,-0.516101,0.572641,0.689027,-0.048019,0.723143,394.139301,-78.683748,-174.067294,3.595858,3.59319,3.596604,90.028606,89.923029,89.98967,50.682871,0.074388,0.056697,118.724685,1.0,-598.778743,-30.585279,4.630746,-30.585279,-102.16774,94.146182,4.630746,94.146182,1098.332417,-119.168747,194.194024,-38.212942,194.194024,-200.63633,-53.255578,-38.212942,-53.255578,997.150079,244.759952,1.0,2.54825,0.762454,1.640375,1.0,140.0,1172.712353194418,4.791275466479982,0.008422848205493239
47445.0,-0.024106,-0.808348,0.588212,0.50385,0.498366,0.705526,-0.863455,0.313377,0.395272,247.454405,419.452223,9.537695,3.599625,3.592037,3.591613,89.94234,90.045791,90.031845,121.996371,0.064748,0.061048,80.60273,0.978261,-1269.423167,-209.042081,-36.166641,-209.042081,-345.457067,-501.117929,-36.166641,-501.117929,1351.108551,-783.202891,163.210688,93.871393,163.210688,-126.561772,-380.760769,93.871393,-380.760769,1554.007337,679.722532,1.0,2.446626,1.164432,5.06054,1.0,135.0,2119.9863483782665,3.1188996223804253,0.012136822164708318
48455.0,-0.427136,0.851138,0.305155,-0.569744,-0.515416,0.640108,0.702102,0.099553,0.705083,-118.444299,-121.713771,50.113926,3.59715,3.594577,3.596984,89.964104,89.940454,90.050182,141.283294,0.059354,0.063936,90.604986,0.88806,493.420487,309.751688,-161.453991,309.751688,-382.434049,130.728684,-161.453991,130.728684,1137.484798,-701.331316,236.181073,-146.876099,236.181073,-83.930377,-48.780987,-146.876099,-48.780987,1189.529505,728.850224,1.0,2.696739,0.788256,1.429942,1.0,119.0,1687.8742760532705,2.315804016345161,0.009801447350811355
48282.0,-0.458013,0.26232,0.84936,-0.820135,0.243902,-0.517581,-0.342933,-0.933649,0.103428,-262.027461,351.375077,54.484073,3.594016,3.59874,3.589344,90.037454,90.042833,89.976804,139.509236,0.067824,0.064626,101.699349,0.993056,-952.308362,737.633223,9.397797,737.633223,-787.15274,-292.83749,9.397797,-292.83749,1149.125951,-538.71607,62.856708,-49.129353,62.856708,-230.757148,-135.272112,-49.129353,-135.272112,1209.1673,626.871117,1.0,1.02351,1.467183,3.493599,1.0,143.0,1621.7756000349846,2.5870957459266455,0.009764624943666061
47724.0,0.034873,0.723406,0.689541,-0.923325,-0.240703,0.29922,0.382432,-0.647105,0.659545,485.179638,79.536119,-168.423279,3.59483,3.596653,3.596443,90.035911,89.969596,90.085515,113.072986,0.067679,0.062019,100.715274,0.993243,165.912727,326.986619,-156.441394,326.986619,-339.567096,-229.917693,-156.441394,-229.917693,1203.043316,-280.589542,-7.252559,61.141109,-7.252559,-101.31063,-141.974905,61.141109,-141.974905,978.702134,829.564041,1.0,1.980216,0.850583,2.607825,1.0,147.0,1187.4985445551183,1.43147302180992,0.009861890461619555
46602.0,0.702058,0.234147,-0.672525,-0.231421,0.968156,0.09549,0.673468,0.088597,0.733888,212.742042,56.307034,112.783874,3.597143,3.594301,3.596173,90.001172,89.949204,89.973383,111.043949,0.05683,0.059314,81.795838,0.978571,163.581143,88.805188,194.161182,88.805188,-200.678956,5.986823,194.161182,5.986823,981.564601,-118.435526,89.105021,-33.301838,89.105021,-129.192349,193.16958,-33.301838,193.16958,1044.542626,608.231095,1.0,4.571344,0.746768,1.439994,1.0,137.0,1183.180562834153,1.945281279698719,0.011963579369405078
47959.0,-0.199777,0.142426,0.969435,-0.977614,0.037696,-0.207001,-0.066026,-0.989087,0.131706,-312.103426,146.377347,-167.929467,3.591905,3.598955,3.587114,89.977715,90.038718,89.998936,163.440112,0.076146,0.074336,65.938392,0.844595,-1817.491274,583.951104,-597.225279,583.951104,-983.583916,51.961355,-597.225279,51.961355,1063.183981,-445.879227,-181.378863,-103.527838,-181.378863,-809.714202,-66.836113,-103.527838,-66.836113,1282.02961,650.396132,1.0,1.360428,1.438706,3.208248,1.0,124.0,1944.9372830291788,2.9903887605364465,0.01280885041903964
46604.0,-0.22583,0.770143,-0.596557,0.217387,0.636775,0.739771,0.949602,0.037379,-0.311222,-256.41116,-202.156648,-162.068167,3.597689,3.589265,3.594371,89.950989,90.073974,89.953371,164.882957,0.092397,0.080753,70.779304,0.944444,-1606.729155,-459.598997,264.876175,-459.598997,-327.816194,-76.551881,264.876175,-76.551881,1127.620676,-1224.906139,62.325005,-452.587104,62.325005,-95.723135,316.30693,-452.587104,316.30693,1118.932467,764.238594,1.0,3.820229,1.887275,1.531454,1.0,136.0,2086.5253712033486,2.730201520290336,0.013343505044921041
47912.0,0.198352,0.484034,-0.852272,0.377373,0.764798,0.522182,0.90457,-0.4252,-0.030962,354.784262,110.260948,3.660782,3.59915,3.593689,3.593074,90.044387,90.044696,89.978749,141.352064,0.08199,0.077993,72.069888,0.908451,130.196123,491.316096,502.530506,491.316096,-479.147923,535.058974,502.530506,535.058974,819.161344,-392.501325,131.940237,102.56358,131.940237,-324.56408,243.947771,102.56358,243.947771,838.828648,594.685828,1.0,4.162688,1.601763,2.010205,1.0,129.0,1225.852490068953,2.0613447174143067,0.012605139611150775
48398.0,0.701316,-0.664481,-0.258109,0.642123,0.431627,0.633543,-0.309571,-0.610052,0.729385,594.243199,361.6798,72.794205,3.593283,3.596085,3.595438,90.070903,90.072424,90.034898,119.399864,0.055445,0.058372,76.361775,0.956522,278.871535,-130.423643,99.667309,-130.423643,-1041.6607,104.918544,99.667309,104.918544,924.257018,-227.854604,31.18425,83.544492,31.18425,-539.981948,-4.889453,83.544492,-4.889453,1084.206966,555.44625,1.0,3.528467,0.753374,3.611183,1.0,132.0,1494.804793312026,2.691178117256217,0.012526188659181902
47328.0,-0.146657,0.533361,-0.833077,0.690727,0.658075,0.299722,0.708088,-0.531473,-0.464918,-263.640107,-363.956027,-27.875401,3.597906,3.593772,3.590504,89.906122,90.039288,89.97313,151.086733,0.086148,0.076966,78.168844,0.908451,-1724.438459,68.534979,-25.443229,68.534979,591.899836,369.072716,-25.443229,369.072716,563.902398,-1075.416614,344.466413,-124.194053,344.466413,-100.498545,180.140543,-124.194053,180.140543,1038.380689,664.956554,1.0,4.367031,2.054338,2.214665,1.0,129.0,1866.2057792009666,2.8065078356998443,0.011621650692442118
48154.0,-0.277038,0.827507,0.488346,-0.71987,-0.515382,0.464939,0.636425,-0.222739,0.738478,571.795468,216.656543,160.752377,3.596502,3.593785,3.597438,90.004491,89.948136,90.011273,70.252251,0.05968,0.057792,95.328703,0.992958,-74.32462,203.180856,203.822087,203.180856,-11.844191,-68.38797,203.822087,-68.38797,1060.950488,-147.993028,12.620792,114.312604,12.620792,16.578679,-14.0799,114.312604,-14.0799,978.752424,476.326162,1.0,2.331646,0.739986,1.907458,1.0,141.0,1058.903873122313,2.223064693058604,0.010416149268284915
48228.0,-0.425587,0.418066,0.802556,-0.85949,0.090721,-0.503037,-0.283111,-0.903875,0.320714,32.741643,-243.720721,18.01721,3.592534,3.598676,3.594555,90.014974,90.017757,89.946998,84.607391,0.060807,0.051474,95.458409,1.0,-99.454207,-254.607344,-244.172238,-254.607344,-651.677284,73.645717,-244.172238,73.645717,1180.487174,-324.663465,70.603233,-294.230074,70.603233,-238.00075,62.068668,-294.230074,62.068668,1196.077525,370.389095,1.0,1.010908,1.244314,3.445133,1.0,142.0,1503.3058724723012,4.058720660964117,0.010475766467048491
47483.0,0.248053,-0.584059,0.77288,-0.743825,0.396301,0.53821,-0.62064,-0.708393,-0.336134,391.653464,394.678725,-118.355295,3.595637,3.595703,3.59687,89.997028,89.954163,89.961256,88.037566,0.058739,0.050584,85.700647,1.0,492.693262,141.949376,-252.692295,141.949376,-157.217575,-19.456268,-252.692295,-19.456268,773.894003,-118.411252,-49.453035,-166.177739,-49.453035,-295.635404,48.664491,-166.177739,48.664491,1042.646469,477.014627,1.0,2.179081,1.913605,3.861059,1.0,138.0,1268.6814252576273,2.659627930565801,0.011668523342653411
48185.0,0.507109,-0.115214,-0.854147,0.681097,0.660862,0.315227,0.528154,-0.741611,0.413601,245.220475,-112.236774,-96.899809,3.59309,3.59745,3.590325,90.000836,89.924588,90.084553,151.522884,0.071727,0.073402,75.209754,0.95,-1489.706594,-348.29752,534.08393,-348.29752,-391.113687,-285.774321,534.08393,-285.774321,945.563118,-856.167932,-135.55821,162.081056,-135.55821,-212.32556,-146.301491,162.081056,-146.301491,836.48188,633.161904,1.0,4.358841,1.144391,2.522744,1.0,133.0,1496.4406214694134,2.363440712423869,0.0126313403444984
48107.0,-0.32271,0.934547,0.149934,-0.893769,-0.353019,0.276685,0.311505,-0.044717,0.949192,-137.476944,-340.190242,72.293311,3.593456,3.592807,3.598406,90.013451,89.939699,90.037988,155.565145,0.084312,0.076084,86.32587,0.805556,-367.887369,213.842858,-137.467608,213.842858,-721.086664,22.040032,-137.467608,22.040032,1213.404107,-856.650983,-77.004249,-156.474273,-77.004249,-469.256935,238.327891,-156.474273,238.327891,1198.071217,748.315142,1.0,2.644995,0.320138,1.713374,1.0,116.0,1908.2402480041085,2.5500489578548557,0.009331571173276331
46617.0,-0.585598,-0.215867,-0.78133,0.398028,0.763112,-0.509151,0.706151,-0.609149,-0.360956,16.588966,418.716184,-188.828479,3.596522,3.590384,3.595223,89.942,89.999718,90.015275,143.942987,0.063059,0.061684,113.44047,1.0,334.588045,-37.25395,-74.605475,-37.25395,-1067.424796,704.299372,-74.605475,704.299372,150.677314,-135.418233,237.078612,-18.935171,237.078612,-291.713725,-132.693355,-18.935171,-132.693355,870.952591,433.062505,1.0,5.289921,1.940089,2.282579,1.0,140.0,1118.092568109563,2.581827230943402,0.008815196199381049
48157.0,-0.381338,0.91991,-0.091364,-0.903061,-0.349566,0.249568,0.197642,0.177677,0.964038,497.136979,-66.45146,18.19356,3.591188,3.596087,3.600311,89.963345,89.972706,89.995902,141.232351,0.065385,0.068891,79.939455,0.895833,123.990886,-440.202133,190.064543,-440.202133,-804.216298,228.731305,190.064543,228.731305,1616.278355,-373.978071,-48.528285,122.290126,-48.528285,-757.794622,288.067541,122.290126,288.067541,1387.3298,555.979707,1.0,3.49253,0.268998,0.838542,1.0,128.0,2000.1898051733501,3.597594984115761,0.011206393638785754
48122.0,0.467842,0.255425,-0.846098,0.714545,0.454095,0.532187,0.520143,-0.853555,0.029932,49.496416,4.979697,148.464978,3.595974,3.597195,3.593547,90.007347,89.994172,90.039385,113.018358,0.056936,0.058568,88.388989,0.957143,-212.59366,205.363483,-33.86097,205.363483,6.600158,29.508787,-33.86097,29.508787,900.183271,-312.311099,205.110851,104.726017,205.110851,-161.090746,-48.534631,104.726017,-48.534631,1095.513072,554.302926,1.0,4.150926,1.54086,2.594302,1.0,134.0,1354.0642640559681,2.442823590752556,0.010828758319659024
47921.0,0.35043,-0.40006,-0.846848,0.936392,0.131131,0.325536,-0.019186,-0.907059,0.420565,-54.831441,110.06892,-3.175587,3.594947,3.598817,3.594304,90.019466,89.985389,90.021369,123.102459,0.058767,0.063476,95.131134,1.0,-36.998692,8.540349,430.987343,8.540349,74.527752,96.566344,430.987343,96.566344,1032.846991,-98.551843,-7.00677,168.850156,-7.00677,-56.555698,-30.346617,168.850156,-30.346617,1155.878861,500.79079,1.0,4.345395,1.136728,3.162741,1.0,144.0,1242.8954517468321,2.481865634443541,0.01051180573543883
46835.0,0.35727,0.372368,-0.856563,-0.177792,0.927435,0.329021,0.916923,0.03474,0.397548,66.534616,-38.295887,-15.641257,3.599716,3.59305,3.595795,90.022657,89.982074,89.990713,73.379247,0.060604,0.057541,150.21158,1.0,378.597169,-136.451926,251.953822,-136.451926,-494.712591,-172.762443,251.953822,-172.762443,1323.376171,-132.272534,-202.697724,105.573637,-202.697724,-340.036874,-157.227147,105.573637,-157.227147,1341.161122,474.799935,1.0,4.345648,1.161953,1.532926,1.0,142.0,1605.6195479020705,3.3816760061310256,0.0066572763564566725
48313.0,-0.370991,0.838316,0.39949,-0.658822,-0.540779,0.522983,0.654461,-0.069171,0.752925,198.544856,37.640983,115.914395,3.596421,3.594448,3.596071,90.015842,89.926994,89.984452,71.747433,0.053577,0.045026,95.590868,1.0,-299.83244,-141.715959,-14.060364,-141.715959,15.90661,-137.190641,-14.060364,-137.190641,1039.65226,-8.889965,127.923661,150.766478,127.923661,63.332937,-19.080013,150.766478,-19.080013,1079.765015,399.878375,1.0,2.489275,0.718301,1.676097,1.0,140.0,1068.3418328142616,2.6716669357633096,0.01046125033617228
46626.0,0.34652,-0.932036,0.105986,-0.071035,0.086589,0.993708,-0.935349,-0.351868,-0.036202,322.986828,274.796119,-190.073802,3.599965,3.593739,3.591457,89.97531,90.009555,89.978584,103.663048,0.070632,0.065565,103.203517,0.992857,-247.306483,-317.100218,-409.950389,-317.100218,-849.902486,128.82013,-409.950389,128.82013,1358.829249,-317.818645,52.286961,-263.727613,52.286961,-151.610684,25.569397,-263.727613,25.569397,1258.476989,361.967708,1.0,3.035338,1.607006,4.352576,1.0,139.0,1518.2375010076898,4.1944004049325025,0.009620379507027847
47650.0,0.082373,-0.80262,0.590776,0.567291,0.525143,0.634354,-0.819387,0.282888,0.498577,-270.778616,-309.790278,-134.831964,3.597167,3.593683,3.595262,89.896093,90.047066,89.998513,61.793613,0.051766,0.045,138.900792,1.0,-1036.79076,-134.563623,44.547954,-134.563623,510.343287,181.97366,44.547954,181.97366,1050.661239,-245.933011,67.493015,28.802846,67.493015,-15.119877,-29.339028,28.802846,-29.339028,1068.004257,136.349136,1.0,2.39175,1.04884,5.04482,1.0,138.0,1217.0111484868717,8.925697545211227,0.007199382995598759
48307.0,-0.494217,0.815155,0.302114,-0.843963,-0.533238,0.058159,0.208508,-0.22623,0.951496,478.260524,392.888454,145.845661,3.592777,3.593614,3.598795,90.05935,89.94145,89.957192,59.083938,0.0576,0.047306,127.657187,1.0,-947.857863,-316.650271,-30.369208,-316.650271,-156.432173,16.259825,-30.369208,16.259825,1371.59139,-278.351386,55.738136,187.574844,55.738136,-234.28564,46.148456,187.574844,46.148456,1399.177021,186.071436,1.0,1.760978,0.312734,2.396937,1.0,142.0,1665.0637711496277,8.948518950268259,0.007833479833767604
48484.0,0.361003,-0.821079,0.442161,0.213947,0.534407,0.817701,-0.907692,-0.200593,0.36859,594.586338,70.457183,142.388447,3.59914,3.592839,3.591587,89.971412,90.056541,89.96938,133.351095,0.086091,0.075432,73.608888,0.95,-866.188061,-286.90942,-415.764731,-286.90942,-575.182439,-250.635316,-415.764731,-250.635316,1258.657548,-669.681482,72.795109,-156.41724,72.795109,-338.596275,-170.083217,-156.41724,-170.083217,1284.02468,567.699024,1.0,2.64589,1.193305,4.494892,1.0,133.0,1823.1188411193916,3.2114179592448826,0.012906050149813431
46631.0,0.682041,0.589257,-0.433124,-0.248784,0.743883,0.620278,0.687696,-0.3153,0.653957,539.440101,392.136956,-145.536782,3.597529,3.593941,3.595777,90.040793,89.973124,89.989406,73.849903,0.05045,0.049058,118.968407,1.0,455.235435,-164.011214,190.123037,-164.011214,-399.288104,49.551349,190.123037,49.551349,785.802637,-60.221824,-97.447198,9.821007,-97.447198,-43.484767,-16.716125,9.821007,-16.716125,908.900906,446.130994,1.0,3.751159,0.857994,2.000686,1.0,144.0,964.7085625028624,2.162388570794663,0.008405592923506153
46632.0,-0.836277,-0.352977,-0.41958,0.547471,-0.579774,-0.603439,-0.030262,-0.73435,0.678096,165.885493,-355.037528,-32.376453,3.593239,3.597025,3.595999,90.048208,89.994216,90.01448,73.961203,0.059171,0.049308,105.336763,1.0,-315.018932,194.887271,-81.349638,194.887271,-31.742331,181.250309,-81.349638,181.250309,914.912976,25.991684,13.648803,30.713363,13.648803,-278.638195,22.728006,30.713363,22.728006,1005.143289,345.824576,1.0,5.67561,0.825627,3.182778,1.0,140.0,1162.347059086728,3.3610886552109243,0.009493361781014668
47832.0,0.258962,-0.454046,-0.852515,0.934643,-0.10488,0.339768,-0.243682,-0.884784,0.397211,403.331811,497.91929,180.586268,3.593184,3.600069,3.594763,90.040061,90.000219,90.029236,160.289417,0.07292,0.076634,75.571326,0.821429,70.958843,103.137461,449.313577,103.137461,-287.503387,560.698833,449.313577,560.698833,1272.167706,-340.943984,-43.191318,289.32857,-43.191318,-217.497879,113.210246,289.32857,113.210246,1361.869582,601.920441,1.0,4.333135,1.162321,3.410344,1.0,115.0,1666.8539475627726,2.769226352893991,0.010869585641516995
46634.0,-0.610687,-0.402607,-0.681887,0.433271,0.550895,-0.713296,0.662826,-0.731042,-0.161986,614.210279,-329.702974,149.690796,3.593163,3.594662,3.593181,90.103954,90.050941,90.097301,205.414758,0.108887,0.104628,67.269383,0.809859,-1655.687453,362.75469,-383.541778,362.75469,271.522079,-359.131107,-383.541778,-359.131107,486.427874,-121.883107,242.957504,356.101058,242.957504,-220.193962,-37.824069,356.101058,-37.824069,741.099944,837.748807,1.0,5.520296,1.733499,2.405096,1.0,115.0,989.795737240355,1.181494654447601,0.012039043081456537
48825.0,-0.490739,0.338965,-0.802669,-0.337335,0.775467,0.533719,0.803355,0.532686,-0.266207,533.305535,-377.450517,-90.123188,3.596901,3.594552,3.595603,90.052302,90.047928,89.963865,112.272907,0.071149,0.061448,80.213667,0.93662,107.068613,24.601952,259.912556,24.601952,-286.93162,-331.521906,259.912556,-331.521906,967.898206,-471.671956,-5.693529,-146.897572,-5.693529,-147.43224,-181.563421,-146.897572,-181.563421,1202.12731,579.74267,1.0,4.125589,1.840252,0.985284,1.0,133.0,1550.7919329258666,2.674966003323279,0.011676563795543719
47591.0,0.004547,-0.911565,-0.411132,0.992969,-0.044517,0.109685,-0.118288,-0.40874,0.904953,-110.580781,32.422963,-100.580674,3.59366,3.595499,3.598687,89.922965,90.01003,89.992178,158.755738,0.068856,0.078448,91.39091,0.914286,863.978607,-123.478451,-769.15308,-123.478451,-314.279284,-13.999022,-769.15308,-13.999022,458.105425,55.734734,17.04638,-93.373193,17.04638,-75.813506,-69.048809,-93.373193,-69.048809,1146.555621,464.473252,1.0,4.451672,0.439527,3.423293,1.0,128.0,1166.6290616569097,2.511724962919737,0.010004124042533332
47630.0,0.084229,0.551941,-0.829618,0.248817,0.794552,0.553874,0.964881,-0.253076,-0.070408,127.774452,243.422092,-26.854176,3.598019,3.592402,3.594442,89.980039,89.999023,90.071197,91.491946,0.058381,0.05248,102.157696,1.0,-467.150049,-418.057053,-134.924689,-418.057053,-469.988322,-114.472443,-134.924689,-114.472443,1115.235392,-118.019847,-264.284888,-6.241031,-264.284888,-364.872304,-97.797341,-6.241031,-97.797341,1221.824641,423.76015,1.0,4.123723,1.641263,1.827305,1.0,142.0,1498.8164066060476,3.5369451483487713,0.00978878771893994
46639.0,0.536773,-0.268012,0.800028,-0.179854,0.890067,0.418847,-0.824334,-0.368714,0.429561,154.235662,125.13345,95.013649,3.597745,3.594979,3.59518,90.009573,90.038321,89.926352,96.72616,0.05803,0.052687,87.398446,0.908451,-113.042765,205.66204,-128.185265,205.66204,-116.738418,-182.861525,-128.185265,-182.861525,1253.418495,115.96117,58.753054,16.029189,58.753054,-283.229894,19.478929,16.029189,19.478929,1278.615382,460.501702,1.0,2.053099,1.12679,4.291793,1.0,129.0,1406.522558620422,3.054326514998248,0.01039436101644187
47966.0,-0.198252,0.789578,0.580744,-0.940323,-0.320401,0.114613,0.276566,-0.523365,0.805978,433.776507,65.474303,94.127123,3.594289,3.594568,3.597041,90.058159,89.961082,90.02211,108.195897,0.065919,0.06339,92.048172,0.938356,-302.561077,17.512139,96.090328,17.512139,-259.7569,-79.074917,96.090328,-79.074917,1028.265987,-370.774486,-70.074339,25.151499,-70.074339,-154.31931,-67.472158,25.151499,-67.472158,1017.920174,419.692767,1.0,1.765647,0.63347,2.655454,1.0,137.0,1297.0378491525237,3.090446038476817,0.01019418397575565
46643.0,0.836261,0.010492,0.548232,-0.3421,0.791351,0.506687,-0.428527,-0.611272,0.665365,96.243549,-425.172522,104.181882,3.595755,3.595372,3.59677,90.064545,90.016098,90.063261,154.230506,0.074086,0.069174,81.1457,0.95,221.614417,-566.42196,528.44303,-566.42196,183.693792,158.992587,528.44303,158.992587,616.176977,-451.479674,-26.10793,101.492865,-26.10793,-67.269828,13.674725,101.492865,13.674725,738.812073,638.396996,1.0,2.316833,0.842814,3.753017,1.0,133.0,1056.1566681835982,1.6543885306496622,0.011707336309872241
47655.0,0.085868,0.445455,-0.891177,0.696059,0.613155,0.373554,0.712831,-0.652388,-0.257413,153.349922,122.865374,98.540671,3.597467,3.59761,3.594979,90.025872,90.055591,90.053151,117.562815,0.056771,0.06081,86.688807,0.978571,434.951068,444.168573,-78.074227,444.168573,-75.862712,106.692888,-78.074227,106.692888,1263.396505,-33.967703,377.887015,-228.404474,377.887015,-22.325546,82.79269,-228.404474,82.79269,1138.807185,596.523758,1.0,4.315468,1.831141,2.31195,1.0,137.0,1230.1419513194276,2.0621843385480507,0.011288320071125214
46879.0,0.619586,0.76263,0.185766,-0.449023,0.150252,0.880797,0.64381,-0.629143,0.435532,525.181144,-381.100593,51.163587,3.596497,3.594263,3.594193,89.995788,89.918151,90.067793,72.548683,0.072403,0.054038,116.294552,1.0,-279.917148,328.123911,471.908941,328.123911,-498.468541,-163.561539,471.908941,-163.561539,980.661361,-158.437331,-14.263071,224.948148,-14.263071,-243.749605,10.59563,224.948148,10.59563,1064.237923,258.534544,1.0,2.933732,1.120167,2.344673,1.0,146.0,1282.4625515058292,4.960507527016697,0.008598855086522025
46648.0,0.529277,0.424054,-0.734877,-0.183114,0.902821,0.389081,0.828453,-0.071365,0.555493,-101.391778,393.937,-54.395245,3.598839,3.596968,3.595105,89.9972,89.991784,90.064846,167.552213,0.058032,0.072906,127.482682,1.0,160.176706,-116.699371,246.264093,-116.699371,753.015249,-594.570061,246.264093,-594.570061,947.777937,-145.330246,112.482906,62.544932,112.482906,41.478287,-71.070127,62.544932,-71.070127,1040.502166,371.383413,1.0,4.22546,0.981841,1.656727,1.0,140.0,1111.6581087688078,2.9932896027556506,0.007844202712961436
46941.0,0.596197,-0.495666,0.631557,-0.500581,0.38551,0.775114,-0.627669,-0.778266,-0.018281,-191.598966,-1.743056,-144.484144,3.595466,3.594667,3.593647,89.984184,90.008388,89.914666,125.410781,0.068809,0.066225,83.961878,0.942029,-636.591707,121.050136,-230.234624,121.050136,-283.465522,134.25302,-230.234624,134.25302,796.636149,-653.323287,136.399416,-111.293961,136.399416,-256.119165,-162.177656,-111.293961,-162.177656,1040.88115,709.25934,1.0,2.457896,1.589079,3.820283,1.0,130.0,1548.5878589562126,2.183387333265449,0.011219722836594961
47812.0,-0.034522,0.774566,0.631551,-0.883129,-0.319471,0.343542,0.467858,-0.545881,0.69507,-45.303677,-219.48762,175.84964,3.593003,3.595526,3.596144,90.018248,90.004056,90.035948,89.472553,0.048948,0.046215,99.208343,1.0,148.913944,236.840016,-73.161726,236.840016,-429.099853,308.127149,-73.161726,308.127149,406.107608,-83.600353,110.320777,55.582313,110.320777,-234.111603,-14.731006,55.582313,-14.731006,1011.697138,303.372048,1.0,2.068994,0.802279,2.433009,1.0,146.0,1182.7056383903373,3.8985320044724006,0.010079797421876101
47285.0,0.214234,-0.877233,0.429611,-0.259342,0.372953,0.890869,-0.941725,-0.302271,-0.147604,354.472928,40.418838,-113.866722,3.598993,3.590543,3.593049,89.938007,89.980085,89.913272,125.238207,0.068046,0.06562,80.958465,0.958333,-1591.576491,47.464317,-17.738759,47.464317,-324.245436,-39.018589,-17.738759,-39.018589,1459.114595,-366.92954,75.971508,-225.717792,75.971508,-430.405117,104.479742,-225.717792,104.479742,1482.459382,583.604653,1.0,2.692255,1.718942,4.401801,1.0,138.0,1895.3592584835508,3.2476767427067634,0.01183734153062314
48684.0,-0.763628,0.338023,0.550103,-0.602518,-0.679279,-0.418989,0.232046,-0.651399,0.722381,26.324881,34.929553,144.372362,3.59478,3.595312,3.598463,90.075549,89.975183,89.992752,76.910188,0.053382,0.050999,103.19419,1.0,-122.156736,87.315188,394.839812,87.315188,44.74536,-201.811025,394.839812,-201.811025,1282.081127,-31.491659,132.762582,190.094535,132.762582,-131.771028,-48.389581,190.094535,-48.389581,1139.985479,343.281953,1.0,0.919877,0.763557,2.799381,1.0,140.0,1241.7597050655258,3.61731717678012,0.009690468038946765
48323.0,-0.513393,0.764631,0.389572,-0.827285,-0.320326,-0.46151,-0.228095,-0.559223,0.797021,-58.68245,-406.708359,132.719383,3.594606,3.594849,3.597099,90.03824,90.030188,89.978345,26.198412,0.047963,0.036038,155.677752,1.0,-134.269382,-47.752316,208.249638,-47.752316,-82.50507,3.162882,208.249638,3.162882,865.767855,-68.005658,-16.295161,110.332816,-16.295161,-106.702832,-138.03921,110.332816,-138.03921,955.46281,93.193835,1.0,0.701074,0.64845,3.528872,1.0,144.0,1054.6140422910696,11.316349866824018,0.006423525437340591
46845.0,0.809819,0.573932,0.121639,-0.575177,0.817544,-0.028161,-0.115607,-0.047158,0.992175,22.679487,217.072924,138.231378,3.593183,3.592598,3.600717,90.024266,90.035046,89.983217,106.212111,0.054376,0.054279,87.201421,0.993056,-409.669931,-24.28682,-118.549172,-24.28682,-678.114492,-60.627994,-118.549172,-60.627994,1721.266835,-73.285996,163.335288,-11.072592,163.335288,-574.733137,-86.543272,-11.072592,-86.543272,1619.10445,500.240603,1.0,1.34329,0.125183,4.325076,1.0,143.0,1997.4977033597931,3.993073915592959,0.011388071302186694
48690.0,-0.581132,0.01309,0.813704,-0.478087,0.803652,-0.354369,-0.658573,-0.594956,-0.46077,-247.655186,88.546331,96.334529,3.597103,3.595433,3.593859,89.973197,90.009406,89.934588,109.458842,0.075129,0.060683,86.122443,0.857143,133.443087,151.74296,441.67921,151.74296,-356.289655,-139.821226,441.67921,-139.821226,827.02588,-221.705607,-16.220782,-112.057092,-16.220782,-74.234943,-5.182445,-112.057092,-5.182445,946.34575,484.935699,1.0,1.160065,2.049659,3.977697,1.0,120.0,1106.1072880405975,2.2809359886713505,0.00995260898486124
48175.0,-0.298756,0.553061,0.777733,-0.72984,0.392669,-0.559593,-0.614881,-0.734802,0.286334,-238.624301,461.688077,147.80241,3.595358,3.596219,3.599183,90.008156,89.958826,89.941701,142.749219,0.060097,0.061257,104.34484,1.0,492.25062,-819.935729,-95.028277,-819.935729,574.818126,-78.574794,-95.028277,-78.574794,751.459929,-194.517079,28.604377,-2.024052,28.604377,-121.567082,-14.923088,-2.024052,-14.923088,922.656946,417.724796,1.0,0.94709,1.280398,3.838372,1.0,138.0,1082.906005486583,2.59239100923897,0.009583607584237035
48807.0,-0.814193,0.524016,-0.249996,-0.500344,-0.414847,0.759973,0.294528,0.743848,0.599953,-265.146598,-417.898383,102.828023,3.58855,3.599052,3.591144,89.973908,89.946972,90.005789,203.403489,0.10503,0.100479,68.109276,0.8,-703.391462,-889.751102,823.038022,-889.751102,-1318.659829,-510.555628,823.038022,-510.555628,498.663655,-180.815701,-39.352565,599.650596,-39.352565,-304.974683,-253.075921,599.650596,-253.075921,732.84246,600.102821,1.0,3.459396,0.927354,0.377011,1.0,112.0,1132.4787934980745,1.887141259577706,0.011745830333007799
46662.0,0.381197,0.180608,-0.906681,-0.111174,0.98257,0.148984,0.917785,0.044008,0.394631,199.878266,356.819128,-124.167683,3.598685,3.590981,3.593373,89.957724,89.999279,89.933482,145.43851,0.080745,0.080139,95.913427,1.0,-232.505948,-292.150913,624.819852,-292.150913,-1024.035619,487.60286,624.819852,487.60286,926.825107,-360.396802,76.527579,41.408557,76.527579,-314.003017,71.094566,41.408557,71.094566,1202.531417,481.747476,1.0,4.549526,1.16513,1.522883,1.0,142.0,1543.3262867785875,3.2036001508362597,0.010426068917337298
48823.0,-0.814033,0.399372,0.421726,-0.491748,-0.860286,-0.134505,0.309088,-0.316874,0.896692,-87.089963,-350.621715,-52.693931,3.592778,3.592172,3.598159,90.055858,89.948451,89.97113,133.889309,0.07062,0.072538,79.024942,0.929577,-943.774877,258.898068,304.858985,258.898068,-483.839188,-116.225551,304.858985,-116.225551,1117.277249,-566.61245,-35.643386,181.4577,-35.643386,-481.045367,-157.04805,181.4577,-157.04805,1217.020135,572.457003,1.0,1.262057,0.458558,2.368633,1.0,132.0,1755.047795623367,3.0658159240360745,0.011763083609729191
47698.0,0.074946,0.805745,-0.587502,-0.793111,0.405285,0.454664,0.604449,0.431879,0.669419,83.393496,312.752895,71.024595,3.596911,3.594411,3.597643,89.947773,89.998691,89.960658,76.248518,0.056838,0.049257,145.590243,0.992754,-168.548127,-426.561907,-17.15173,-426.561907,470.413738,117.003424,-17.15173,117.003424,1017.395274,100.404325,25.222818,-30.882532,25.222818,-101.264859,-1.580225,-30.882532,-1.580225,1094.295357,268.085263,1.0,4.05377,0.83737,0.950405,1.0,137.0,1109.1083583243076,4.137147808547415,0.006818822330010124
47026.0,0.388855,0.458211,-0.799271,-0.338762,0.877884,0.338467,0.856757,0.139148,0.496594,-175.745101,-267.075497,93.772489,3.596897,3.594742,3.594775,89.973845,89.950691,89.959518,128.97447,0.082811,0.074722,89.663973,0.854167,-212.073924,32.834077,168.522125,32.834077,-103.085729,239.458169,168.522125,239.458169,924.463595,-330.178436,-162.781133,220.305077,-162.781133,-384.821762,69.335196,220.305077,69.335196,1052.668226,686.162911,1.0,4.311816,1.051126,1.409789,1.0,123.0,1432.0243258595106,2.0870033965731363,0.009526312201222669
48538.0,-0.504542,0.860325,0.072651,-0.561468,-0.390868,0.729367,0.655889,0.327205,0.680254,514.021057,256.257778,-152.783711,3.595933,3.59754,3.595313,89.933171,89.970905,90.043291,136.946264,0.083881,0.08216,82.64041,0.905797,1043.958722,194.586975,246.664142,194.586975,-398.574946,32.528577,246.664142,32.528577,623.838102,-278.88044,-15.316056,173.422999,-15.316056,-534.762672,128.913254,173.422999,128.913254,1098.783787,469.822196,1.0,3.042312,0.822687,1.108051,1.0,125.0,1533.3462737646503,3.263673548885822,0.01096070312332671
48229.0,0.492194,-0.805395,0.330279,0.598257,0.588587,0.543741,-0.632324,-0.070034,0.771532,421.790955,-71.221642,164.519164,3.596026,3.593163,3.596888,90.007175,90.055485,90.039563,126.619963,0.07388,0.065204,76.515291,0.922535,16.768895,276.642599,-190.048376,276.642599,-446.033339,193.65892,-190.048376,193.65892,945.000728,-232.646662,139.730382,-34.885075,139.730382,-254.737972,258.381321,-34.885075,258.381321,1069.231771,675.467957,1.0,2.595735,0.689551,4.602082,1.0,131.0,1337.8200632741175,1.9805825715491603,0.012056871089989058
46887.0,0.295973,0.584609,-0.755402,-0.15073,0.809511,0.567426,0.943229,-0.054081,0.327712,395.315501,-371.1521,-143.900739,3.599263,3.592559,3.5926,90.008058,89.954262,89.976206,121.597344,0.072645,0.064669,96.69004,0.910959,-481.598649,75.753003,366.732358,75.753003,-744.383397,75.168635,366.732358,75.168635,1281.636141,-341.269291,-105.588057,195.639715,-105.588057,-439.02717,-148.368916,195.639715,-148.368916,1246.704879,658.819383,1.0,4.068148,1.236916,1.628069,1.0,133.0,1655.3046117212841,2.5125317415278356,0.009421435754913329
47978.0,-0.202343,0.580189,0.788948,-0.914933,0.175283,-0.363557,-0.349221,-0.795397,0.495366,253.311638,-214.632104,-72.682629,3.595759,3.597474,3.594713,90.011181,90.017513,89.933102,92.03808,0.059635,0.056593,119.339375,1.0,85.301995,-92.695228,-267.577056,-92.695228,-17.559245,387.962714,-267.577056,387.962714,968.055261,-209.320791,29.289476,-81.312007,29.289476,-194.603606,39.48985,-81.312007,39.48985,940.174504,371.703604,1.0,1.138987,1.05254,3.555305,1.0,142.0,1145.1682919785744,3.080864106925836,0.008379464028532074
47441.0,0.268435,-0.572285,0.774876,-0.677966,0.459209,0.574012,-0.684328,-0.679424,-0.264722,355.088945,-145.725551,-108.062507,3.596644,3.598258,3.595164,90.02267,89.920356,89.974016,118.377526,0.070748,0.070254,85.513489,0.985294,824.508498,-448.353777,-37.198144,-448.353777,-298.890273,-91.764896,-37.198144,-91.764896,1099.463947,-53.952618,-25.286617,274.391049,-25.286617,-171.81131,-35.149386,274.391049,-35.149386,986.581085,490.26834,1.0,2.20837,1.838711,3.930587,1.0,134.0,1130.0933610354682,2.3050506606962795,0.011522088637969151
46679.0,-0.775215,0.222563,-0.591191,0.585487,0.604511,-0.540159,0.237162,-0.764874,-0.598933,203.218836,-120.873975,115.140531,3.594452,3.596896,3.594623,89.957963,90.025108,90.034641,81.268614,0.055177,0.052482,110.900563,1.0,-223.160752,17.722788,-247.881297,17.722788,-132.954424,-83.317578,-247.881297,-83.317578,842.705113,61.171291,-93.373742,-76.928006,-93.373742,-177.820065,-4.609006,-76.928006,-4.609006,1079.692052,407.210365,1.0,5.45271,2.212965,2.840926,1.0,136.0,1161.426893596913,2.8521545457147512,0.00901708677529437
48219.0,0.533495,-0.799083,0.277218,0.682134,0.600277,0.417564,-0.500076,-0.033669,0.865327,305.587441,503.128907,106.279439,3.593867,3.594306,3.600572,90.069704,89.973498,90.035628,137.546462,0.09051,0.077614,85.427898,0.913043,580.524719,424.370876,833.199456,424.370876,-301.555742,552.816039,833.199456,552.816039,978.771546,-368.213762,156.773873,140.803607,156.773873,-272.564838,57.838626,140.803607,57.838626,1104.852546,464.714316,1.0,2.555513,0.524994,4.645163,1.0,126.0,1440.1345820197344,3.098967542931762,0.010687878566320337
46682.0,0.518196,0.19317,0.833162,-0.205745,0.973707,-0.097789,-0.830146,-0.120745,0.544315,-154.073383,208.232543,60.23448,3.597167,3.59506,3.594902,90.012375,90.078836,90.005377,85.533455,0.05974,0.052313,93.300606,0.985915,-423.004579,-13.404521,20.394759,-13.404521,124.955403,101.881492,20.394759,101.881492,1106.101836,-230.431845,141.23153,62.810138,141.23153,-139.058223,105.450729,62.810138,105.450729,1048.437531,455.746466,1.0,1.453959,0.995224,4.567951,1.0,140.0,1246.298350628489,2.7346308608095473,0.010567080346723578
48423.0,-0.606223,0.041689,0.794201,-0.794459,-0.077512,-0.602351,0.036449,-0.996119,0.08011,143.566568,356.072528,-106.574186,3.587564,3.60053,3.593118,90.00109,90.023548,89.943463,170.610019,0.075132,0.077006,147.40076,1.0,-843.759448,-688.824955,258.127593,-688.824955,-1550.919487,604.143822,258.127593,604.143822,1557.359928,-281.391321,-42.931591,-19.310399,-42.931591,-273.092495,-37.290561,-19.310399,-37.290561,1493.054347,307.944111,1.0,0.921918,1.490601,3.105018,1.0,145.0,1771.0746547133544,5.751286001093082,0.006784225535879191
48776.0,-0.46851,0.853981,0.226307,-0.350388,-0.414767,0.83976,0.811004,0.31414,0.493547,-121.622632,-3.416307,-77.894046,3.597638,3.595687,3.595033,89.983941,89.92877,89.951343,147.308237,0.06499,0.071224,96.164145,0.917808,-44.637414,-196.92149,44.951478,-196.92149,-138.583593,-94.535304,44.951478,-94.535304,1333.299179,45.470394,-144.75183,35.031642,-144.75183,-183.126147,-229.024525,35.031642,-229.024525,1429.383078,729.944785,1.0,2.878356,1.054633,1.201244,1.0,134.0,1529.641380867573,2.095557653538922,0.009544180941867677
47734.0,0.037824,0.777314,-0.627975,-0.740205,0.443968,0.504964,0.671317,0.445731,0.592164,116.974705,432.50072,173.579377,3.595585,3.593481,3.595772,89.9713,90.002432,89.945757,146.104003,0.07432,0.069955,68.227153,0.907143,-313.807359,-464.794094,86.508901,-464.794094,-50.354929,9.00121,86.508901,9.00121,535.442823,222.082372,-68.62697,41.538607,-68.62697,-714.173842,-0.438503,41.538607,-0.438503,959.529598,648.432964,1.0,4.035144,0.937055,0.984667,1.0,126.0,1454.534337547276,2.2431529831158863,0.013295923398709015
48179.0,0.564821,-0.277611,-0.777116,0.797591,-0.057958,0.600408,-0.21172,-0.958944,0.188684,408.701633,159.301703,163.315679,3.592443,3.599296,3.592805,90.033216,90.012568,89.977294,108.67417,0.068064,0.062055,78.461996,0.952055,-522.356586,-0.537684,166.283271,-0.537684,-699.344242,136.079883,166.283271,136.079883,1311.571266,-415.422536,103.214909,357.359111,103.214909,-669.590358,240.912174,357.359111,240.912174,1513.555189,524.355502,1.0,4.054574,1.380975,3.358891,1.0,139.0,2103.125901548255,4.0108779130313295,0.012133963556063498
46972.0,0.491072,0.796926,-0.351791,-0.421537,0.5708,0.704624,0.762335,-0.197728,0.616238,-96.737652,-373.744276,-156.391286,3.596945,3.59404,3.596191,89.977782,89.939759,90.034675,92.305333,0.059672,0.054822,82.040672,0.985915,-453.654409,31.246128,144.663125,31.246128,235.080221,30.458625,144.663125,30.458625,1040.076208,-104.558666,-60.01438,-50.732521,-60.01438,-40.848054,7.498374,-50.732521,7.498374,1050.939141,447.895086,1.0,3.604648,0.90684,1.824576,1.0,140.0,1127.0716732730127,2.51637427715162,0.012017393031592915
47017.0,-0.512909,-0.377499,-0.770986,0.797661,0.122356,-0.590565,0.317273,-0.917891,0.238358,390.508386,132.026459,-181.329915,3.593895,3.597721,3.590543,90.080597,89.958577,90.072986,139.379456,0.070526,0.072034,78.577476,0.957746,-1008.472534,-445.058501,-250.705195,-445.058501,-908.079908,51.590305,-250.705195,51.590305,1341.060606,-323.278035,-2.580892,-8.647299,-2.580892,-656.000949,-31.096161,-8.647299,-31.096161,1163.293849,501.266519,1.0,5.366043,1.330121,2.808795,1.0,135.0,1678.095151927997,3.3477104261336015,0.012188556425507991
46693.0,0.565321,-0.473595,0.675367,-0.242964,0.686829,0.685007,-0.788277,-0.551338,0.273212,-279.128097,-44.021091,-95.255767,3.597014,3.594711,3.593224,90.052744,90.01971,89.970608,90.965609,0.062934,0.058224,82.920895,0.992857,33.503476,-252.748913,-50.041767,-252.748913,-625.976448,132.673117,-50.041767,132.673117,794.675338,-645.706811,-42.993436,-136.331712,-42.993436,-348.930661,167.868985,-136.331712,167.868985,1014.697857,472.735467,1.0,2.363281,1.294066,4.102051,1.0,139.0,1545.5459603113054,3.269367475470812,0.011973544183284562
48073.0,-0.293859,0.805591,0.514461,-0.912326,-0.396949,0.100461,0.285145,-0.439835,0.851609,495.200682,-118.610472,-95.680649,3.592651,3.59616,3.598128,90.047452,89.964612,90.062228,163.015794,0.08029,0.079983,82.804898,0.985915,275.432117,-0.966775,-95.331194,-0.966775,-829.057066,72.014671,-95.331194,72.014671,1308.815591,-348.082097,3.364917,144.439062,3.364917,-371.183419,-7.896506,144.439062,-7.896506,974.430754,429.967517,1.0,1.763644,0.551749,2.566413,1.0,140.0,1340.0850523146032,3.1167123080942023,0.011906481667304271
46696.0,-0.759264,-0.530294,-0.377236,0.598584,-0.796531,-0.085059,-0.255374,-0.29039,0.922203,263.974262,-367.644994,-67.583891,3.582658,3.594214,3.598277,90.065957,90.142801,89.970744,231.405261,0.075726,0.092128,70.224496,0.833333,-2578.664539,1572.436923,41.222695,1572.436923,-1484.347208,106.492364,41.222695,106.492364,1535.687972,-772.089988,240.482929,-227.965979,240.482929,-592.365727,28.371672,-227.965979,28.371672,1430.328853,620.261529,1.0,4.93416,0.397058,3.862919,1.0,120.0,2137.773507985123,3.446567952443691,0.011866699620030025
47186.0,-0.26946,-0.806637,-0.52605,0.715621,-0.533261,0.451131,-0.644421,-0.254891,0.720939,281.480533,497.867293,109.898156,3.595202,3.59792,3.595135,89.987026,90.099113,89.974528,98.396639,0.063611,0.05603,99.840199,1.0,562.911776,654.819818,117.288489,654.819818,-443.884984,-118.109675,117.288489,-118.109675,1002.59464,-381.291051,37.649161,84.638278,37.649161,-74.884622,-119.946827,84.638278,-119.946827,943.086285,447.637133,1.0,4.003509,0.76564,4.335738,1.0,142.0,1208.0102448743257,2.69863725732138,0.010016005677232273
48451.0,-0.621934,0.273175,0.733876,-0.772656,-0.061742,-0.631816,-0.127286,-0.959981,0.24947,97.858521,-166.543522,-106.082211,3.592426,3.599226,3.59302,90.016857,90.004535,90.080161,180.958499,0.076808,0.084935,70.256541,0.808219,-199.308968,50.683918,-755.40271,50.683918,-687.913118,-520.695347,-755.40271,-520.695347,1011.99705,-1040.688745,159.60425,-261.441801,159.60425,-352.402241,147.566619,-261.441801,147.566619,1266.401606,566.396131,1.0,0.859991,1.318663,3.273415,1.0,118.0,2072.4782209693735,3.6590614016206504,0.011503825672260182
48581.0,0.747805,-0.636953,-0.187293,0.4666,0.303524,0.830758,-0.472305,-0.708636,0.524178,82.918767,-422.027884,144.004475,3.595696,3.596084,3.593924,90.081323,89.992231,89.910271,110.056768,0.058215,0.056545,84.714484,1.0,-643.19193,452.787209,93.067731,452.787209,-148.162888,-313.709522,93.067731,-313.709522,1202.229139,-226.347062,191.753416,137.19657,191.753416,0.674064,-134.125974,137.19657,-134.125974,965.838972,715.737441,1.0,3.363334,1.019046,3.72948,1.0,142.0,1121.3301260897545,1.5666780328315317,0.011804356855906719
47474.0,0.275301,0.586727,0.761551,-0.819113,-0.271524,0.505301,0.503254,-0.762906,0.405845,123.657357,527.485368,55.71372,3.596855,3.596684,3.59795,90.051511,90.039769,90.037012,111.923227,0.054548,0.054788,91.761382,1.0,96.396118,432.539166,70.325409,432.539166,929.338009,144.776776,70.325409,144.776776,995.554145,41.181825,24.450556,-21.482621,24.450556,-40.209179,22.192897,-21.482621,22.192897,1077.440295,376.550904,1.0,2.156614,1.152893,2.558461,1.0,146.0,1079.7972598983183,2.8675997014690964,0.010897830636421758
46711.0,-0.672448,0.295571,-0.678566,0.560816,0.801769,-0.206524,0.48301,-0.519427,-0.704909,19.843268,-236.652629,20.031692,3.59558,3.593626,3.596572,89.930113,90.056498,89.989038,117.56858,0.066408,0.064318,92.816093,0.992857,-420.009009,-375.813129,278.828876,-375.813129,-105.748967,240.913373,278.828876,240.913373,957.722608,-209.407157,118.097116,-53.163935,118.097116,-379.602454,-7.813068,-53.163935,-7.813068,1133.614398,431.762712,1.0,5.007835,2.353091,2.392507,1.0,139.0,1440.09550772301,3.3353864696935895,0.010697035049730007
46712.0,-0.74605,-0.62882,-0.219076,0.609653,-0.777346,0.155102,-0.267829,-0.017846,0.963301,-126.058934,15.689428,150.194607,3.594479,3.59345,3.598726,90.007155,90.048944,90.022834,80.196415,0.061758,0.056008,120.681842,1.0,-473.207709,-117.038296,30.574187,-117.038296,-94.160131,-52.857753,30.574187,-52.857753,1244.152938,-89.374233,-103.389523,-65.392568,-103.389523,-76.831507,-86.175205,-65.392568,-86.175205,1143.170098,329.154272,1.0,4.096325,0.271755,4.645854,1.0,148.0,1233.1492985679424,3.746417420242209,0.00828625071864581
48728.0,0.732682,0.007645,-0.680528,0.302251,0.892259,0.335438,0.609771,-0.451459,0.651432,-146.480498,-98.565013,-83.982556,3.595442,3.595778,3.596564,90.035766,89.986278,90.05269,124.80267,0.073931,0.06274,73.564141,0.912162,218.336371,-178.807374,-78.945598,-178.807374,-106.003261,-242.945677,-78.945598,-242.945677,878.596698,-22.801882,-109.824987,94.007551,-109.824987,-59.951679,-164.246166,94.007551,-164.246166,1036.717385,670.300114,1.0,4.254431,0.861326,2.208109,1.0,135.0,1095.0931116088702,1.6337355294092495,0.012399546675872963
48598.0,-0.719274,0.24582,0.649783,-0.667414,-0.504178,-0.548054,0.192884,-0.827875,0.526706,-199.88012,-272.529326,98.863771,3.596629,3.596726,3.594295,90.041472,89.965466,90.026988,99.081529,0.059326,0.058285,114.661285,1.0,-61.462444,336.463828,-307.463223,336.463828,199.180993,-114.562165,-307.463223,-114.562165,815.988874,-173.238903,111.285007,-48.833181,111.285007,-81.188359,-7.590125,-48.833181,-7.590125,712.262202,228.180716,1.0,0.870122,1.016076,2.91269,1.0,138.0,849.8203533332085,3.724330294998323,0.008721339552404284
48552.0,0.529459,0.403951,-0.745987,0.312957,0.724323,0.61434,0.788499,-0.55873,0.25708,-296.643373,-97.687228,-49.431262,3.593453,3.595698,3.591826,89.986947,89.934951,90.089431,174.602981,0.093951,0.086968,73.397279,0.8,-1359.238394,10.777248,-269.898869,10.777248,-235.529736,-331.278466,-269.898869,-331.278466,690.664335,-384.001205,362.209368,297.994706,362.209368,-546.989875,-147.024741,297.994706,-147.024741,896.863303,1047.531695,1.0,4.023466,1.310797,2.187271,1.0,112.0,1434.2786187364024,1.3691983026216716,0.010899586618190574
48399.0,0.464753,-0.847191,0.257435,0.375192,0.451776,0.809401,-0.80202,-0.279583,0.527823,449.332555,64.95148,106.216213,3.597151,3.59893,3.59431,90.079372,90.058398,89.999373,125.969626,0.07688,0.067465,80.88056,0.922535,1149.480092,-200.5925,352.680199,-200.5925,-561.518895,-180.436685,352.680199,-180.436685,1127.344596,-289.515091,49.015355,-9.727068,49.015355,-327.704021,-182.32937,-9.727068,-182.32937,1112.2742,465.269981,1.0,2.833653,1.014761,4.376963,1.0,131.0,1430.667775508089,3.0749195820309954,0.011406140115745984
46723.0,-0.376752,-0.059154,-0.924424,0.37206,0.904258,-0.209498,0.84831,-0.42287,-0.318671,328.841421,-19.030571,-45.554569,3.597885,3.5963,3.592785,89.949929,90.051013,90.038665,144.697309,0.076244,0.070334,87.447813,0.8,-616.813737,-370.635229,9.457506,-370.635229,128.446834,-87.087233,9.457506,-87.087233,1252.0539,-104.206004,101.542636,-216.638819,101.542636,-153.997317,-12.822925,-216.638819,-12.822925,1209.228123,765.334143,1.0,4.93525,1.895124,2.033231,1.0,120.0,1355.0061899167395,1.7704765981108717,0.009148313406076834
46724.0,-0.428233,-0.049304,-0.902322,0.410685,0.87882,-0.242927,0.804956,-0.4746,-0.356091,-285.930683,421.174098,123.080655,3.594179,3.590142,3.594789,89.975898,90.017539,90.131069,242.331454,0.093756,0.101772,81.316933,0.826389,-168.983735,416.572697,23.600194,416.572697,-1898.430762,-93.094006,23.600194,-93.094006,643.245623,-386.436869,109.513638,-102.45814,109.513638,-351.641987,10.425694,-102.45814,10.425694,1050.183169,958.35756,1.0,4.975377,1.934877,2.103532,1.0,119.0,1425.500085772427,1.4874407478691218,0.010162569707344964
46949.0,0.630268,-0.228192,0.742086,-0.544178,0.551894,0.631889,-0.553744,-0.802086,0.223664,-218.81239,120.819544,-114.534445,3.595173,3.597839,3.593759,90.012632,90.011419,89.99697,128.374593,0.064099,0.062398,89.770699,0.926471,-121.031694,-294.068033,158.661306,-294.068033,164.975475,-291.141931,158.661306,-291.141931,665.614846,-724.372541,102.310627,177.637664,102.310627,-0.629599,-267.419009,177.637664,-267.419009,1111.967767,534.032874,1.0,2.276163,1.345224,3.745833,1.0,126.0,1628.515546038027,3.0494668499340865,0.010320416464619488
47837.0,-0.001828,0.71662,-0.697462,-0.560802,0.576729,0.59404,0.827948,0.392224,0.400828,309.916791,503.27297,-169.765085,3.597714,3.586815,3.594518,89.88751,90.032789,89.860812,185.595574,0.076723,0.078077,86.016028,0.985294,-2146.260962,-1464.286449,295.539845,-1464.286449,-421.298202,-205.126016,295.539845,-205.126016,1123.406429,-294.063758,-128.996191,-116.591179,-128.996191,-285.00436,-215.256218,-116.591179,-215.256218,1429.582816,553.534922,1.0,4.006899,1.158376,1.128384,1.0,134.0,1735.7565941699443,3.1357670946909906,0.011454772126887792
47839.0,0.257013,-0.572187,-0.77881,0.889478,-0.17503,0.422129,-0.377852,-0.801228,0.463963,143.104586,195.633167,147.518094,3.594358,3.597231,3.593926,90.021388,90.014684,89.986824,118.958969,0.069328,0.067449,67.401232,0.805556,-66.46163,150.37621,291.038393,150.37621,-207.628936,60.1601,291.038393,60.1601,634.277314,-327.564545,153.506816,306.945485,153.506816,-249.38786,61.914668,306.945485,61.914668,865.570188,596.539566,1.0,4.215695,1.088332,3.582256,1.0,116.0,1194.8291683582597,2.002933646748688,0.011951650972789342
48824.0,-0.745589,0.649052,-0.15109,-0.459022,-0.335827,0.822508,0.48311,0.682607,0.548318,-249.896419,101.930406,134.330862,3.593962,3.596787,3.59439,89.972081,89.999047,89.95979,55.805236,0.066788,0.051871,112.99534,1.0,-268.370468,-64.832071,327.3957,-64.832071,-80.138454,-200.011063,327.3957,-200.011063,603.647879,-135.081539,-54.030701,84.71788,-54.030701,-101.82226,-2.898447,84.71788,-2.898447,893.833064,247.656978,1.0,3.323262,0.990445,0.615904,1.0,144.0,1016.4295891432123,4.104183121959973,0.008849922483528967
48345.0,-0.328102,0.87131,0.364922,-0.562713,-0.490562,0.66536,0.758751,0.012959,0.651251,-343.342263,394.235806,-60.21088,3.596188,3.58752,3.595265,90.013409,89.959395,90.021211,180.834476,0.079779,0.084466,66.919842,0.811594,-1515.369055,832.266246,-254.205956,832.266246,-582.644438,59.722002,-254.205956,59.722002,638.089463,-479.36996,-111.078467,-391.753847,-111.078467,-61.328051,84.167437,-391.753847,84.167437,741.957169,814.53322,1.0,2.639933,0.861564,1.553718,1.0,112.0,1133.800385487779,1.391963344954524,0.01212785290198384
47022.0,-0.496242,-0.244645,-0.833002,0.782094,0.290591,-0.551258,0.376926,-0.925044,0.047132,591.926473,-199.386586,-148.73903,3.59719,3.598737,3.593112,89.950041,89.966023,90.001296,168.879943,0.075695,0.069737,71.528329,0.842857,340.428277,-706.496807,368.797896,-706.496807,-27.927949,98.813663,368.797896,98.813663,1027.428233,-262.055156,498.853244,67.359482,498.853244,-302.099007,-188.124205,67.359482,-188.124205,1069.287901,751.818134,1.0,5.296996,1.523647,2.754665,1.0,118.0,1429.677194319768,1.901626376997935,0.011783541035888032
47301.0,0.331912,0.753989,-0.566865,-0.568348,0.639455,0.517762,0.752872,0.150325,0.640771,-78.97749,115.971663,143.505167,3.597187,3.594689,3.594352,90.012727,89.890214,89.966514,140.313687,0.063627,0.068881,66.678382,0.862319,-87.312644,304.068312,138.477241,304.068312,-665.970107,-241.292202,138.477241,-241.292202,1309.913031,-452.99925,271.869634,183.677346,271.869634,-364.277539,-228.982848,183.677346,-228.982848,956.796151,683.464473,1.0,3.972231,0.875295,1.373719,1.0,119.0,1410.8075212619133,2.0642002283883354,0.012932512369601289
48531.0,0.59949,-0.7268,0.335222,0.390501,0.631193,0.670153,-0.698656,-0.270845,0.66221,604.319526,174.571466,35.852409,3.595579,3.594391,3.596636,90.043383,90.032336,89.942179,151.392623,0.078216,0.078072,84.733672,0.964286,-277.156876,219.315527,345.280947,219.315527,14.246965,-118.992041,345.280947,-118.992041,925.621877,-220.514225,-24.605016,47.541445,-24.605016,-301.875897,-47.982769,47.541445,-47.982769,1155.83968,626.63082,1.0,2.677772,0.847032,4.34256,1.0,135.0,1420.1507683687603,2.2663276733958924,0.011380198417460298
47419.0,0.243664,-0.756049,0.607468,-0.531411,0.419879,0.735734,-0.811314,-0.502087,-0.299463,457.355206,506.579652,68.462861,3.595503,3.595017,3.58696,89.971982,89.859868,89.934756,212.355432,0.065971,0.071631,83.015679,0.957143,-814.461222,-981.206426,-50.264058,-981.206426,-2158.328688,-147.934501,-50.264058,-147.934501,1093.958618,-475.474703,-21.852434,-66.580827,-21.852434,-214.484673,85.198755,-66.580827,85.198755,1236.02311,446.437406,1.0,2.451398,1.874927,4.15822,1.0,134.0,1599.9324099912278,3.5837776774270296,0.011529665378030575
47499.0,-0.078289,-0.452759,-0.888189,0.9596,0.207297,-0.190254,0.270258,-0.867201,0.418238,66.781872,-359.891265,167.196727,3.593748,3.598664,3.593977,89.994815,89.979523,90.0291,132.053414,0.055543,0.063376,85.409474,0.986111,98.003699,-157.165962,504.649175,-157.165962,-384.837975,20.010615,504.649175,20.010615,890.180236,-426.877926,-136.822479,416.70919,-136.822479,-452.870969,-104.963396,416.70919,-104.963396,1261.429105,749.675305,1.0,4.923405,1.139292,2.839488,1.0,142.0,1745.7029235181828,2.3286120162624044,0.011545686371982573
46746.0,-0.683138,0.245253,-0.687876,0.612865,0.704756,-0.357373,0.397138,-0.66571,-0.631753,564.836285,256.326349,60.005963,3.595362,3.597119,3.597059,89.986387,90.050833,90.046147,66.582564,0.059376,0.050897,106.900466,1.0,103.408867,344.80969,-131.002878,344.80969,262.429573,138.914499,-131.002878,138.914499,1113.481129,6.605423,-57.331456,-62.329389,-57.331456,54.971783,141.386145,-62.329389,141.386145,1126.468046,285.078291,1.0,5.191539,2.254608,2.603704,1.0,142.0,1105.7302285508626,3.878689691425373,0.00935449617216823
48216.0,0.593504,-0.69981,-0.397515,0.7781,0.625155,0.06117,0.205701,-0.345611,0.915554,374.119764,-355.543204,110.485687,3.594191,3.602383,3.597634,90.03667,89.978718,90.027889,153.713456,0.074752,0.066524,133.533937,1.0,1050.506138,-935.400049,534.592572,-935.400049,497.818331,-446.76812,534.592572,-446.76812,1229.714339,-222.051799,33.438579,-156.157005,33.438579,-263.720189,34.311962,-156.157005,34.311962,1177.035072,245.937044,1.0,4.559706,0.413912,2.604724,1.0,144.0,1427.406168316772,5.803949438038997,0.007488732995268461
48147.0,-0.368314,0.353043,0.860061,-0.897468,-0.376496,-0.229787,0.242685,-0.856511,0.455514,-208.48342,-352.698147,65.181872,3.598611,3.597961,3.592682,90.009506,90.0517,90.059671,167.336229,0.08713,0.077833,85.806767,0.972222,205.529131,786.561594,-771.127961,786.561594,410.300137,-30.916163,-771.127961,-30.916163,783.501754,-430.516123,135.082948,-216.724574,135.082948,-231.402891,157.044171,-216.724574,157.044171,1066.571899,503.311791,1.0,1.30972,1.097847,2.865488,1.0,140.0,1431.8653748590152,2.844887404712152,0.01133036512143617
46749.0,-0.472791,-0.167013,-0.865203,0.461983,0.78913,-0.40478,0.750361,-0.591085,-0.295936,182.943362,250.104266,67.402125,3.597196,3.595397,3.593606,89.985371,90.037383,90.068438,140.651502,0.073045,0.070711,70.827133,0.9375,-403.030575,-25.065488,-158.994493,-25.065488,-187.365739,67.312347,-158.994493,67.312347,1140.138253,-200.315591,78.427083,-9.181868,78.427083,-173.127688,103.259582,-9.181868,103.259582,1018.887656,882.219018,1.0,5.149982,1.871231,2.238013,1.0,135.0,1211.0827393040345,1.372768796176682,0.013236452758860082
48270.0,0.628311,-0.22719,-0.744049,0.746376,-0.093719,0.658893,-0.219425,-0.96933,0.110684,-231.36505,133.723627,-165.536406,3.59284,3.599449,3.593401,89.97611,89.982048,90.012323,131.547629,0.06011,0.065547,85.714255,0.912162,-392.506013,-51.674524,633.972394,-51.674524,-301.534087,108.834174,633.972394,108.834174,1102.688921,-714.795489,-160.272748,77.181404,-160.272748,-408.99142,95.751083,77.181404,95.751083,1360.012321,525.43141,1.0,3.987615,1.459885,3.364209,1.0,135.0,1947.9395141895166,3.7073145554612283,0.010641893813345285
46751.0,0.646407,0.111591,0.754789,-0.350882,0.921911,0.164199,-0.677525,-0.370981,0.635085,-246.701913,-408.266422,-116.820361,3.59317,3.595597,3.593004,90.029911,90.208218,90.026885,183.560771,0.100335,0.091913,75.520299,0.847222,-2307.808762,35.93722,264.889225,35.93722,417.566949,348.903076,264.889225,348.903076,1202.048676,-675.163401,47.18351,2.739051,47.18351,-164.496067,114.196615,2.739051,114.196615,811.207192,767.158162,1.0,1.785001,0.882678,4.211427,1.0,122.0,1312.4380927711788,1.7107790254745134,0.011218467236206257
48766.0,-0.814242,0.459029,0.355392,-0.532379,-0.834539,-0.141837,0.231481,-0.304693,0.923893,324.802912,370.692074,116.103017,3.595426,3.594019,3.599561,90.059236,89.979166,90.0177,95.377447,0.053571,0.054686,86.624928,0.978571,94.953852,198.516027,92.792519,198.516027,-291.033794,35.124577,92.792519,35.124577,1526.840224,-368.85228,-37.788934,153.387585,-37.788934,-392.355504,-142.171568,153.387585,-142.171568,1490.806854,442.578283,1.0,1.191065,0.392663,2.491901,1.0,137.0,1880.5501491671255,4.249079137864353,0.011296644310053568
46760.0,-0.484373,-0.75249,-0.446252,0.479693,-0.655008,0.583832,-0.731627,0.068728,0.678232,-354.366758,355.85657,-52.574384,3.597596,3.592854,3.595496,90.028556,90.047296,90.069988,139.848692,0.091243,0.079381,79.396318,0.95,-860.731303,-229.261064,63.90153,-229.261064,372.470481,-341.940532,63.90153,-341.940532,967.170252,-570.365866,16.801721,-311.487441,16.801721,-369.406722,162.960137,-311.487441,162.960137,1098.204156,544.997605,1.0,3.794215,0.825442,4.806053,1.0,133.0,1606.8892743541396,2.9484336437664522,0.011965290380342324
47040.0,0.489154,0.870369,-0.056446,-0.488582,0.327047,0.808905,0.722507,-0.368101,0.585223,457.399255,-246.981694,38.303841,3.595719,3.596183,3.596182,90.062864,89.955219,90.005105,59.035633,0.060849,0.051848,111.609696,1.0,364.683618,-168.354504,-260.320559,-168.354504,-214.932933,202.386501,-260.320559,202.386501,924.169912,-4.967816,23.892851,-79.431157,23.892851,-207.546382,35.682878,-79.431157,35.682878,937.40052,210.530542,1.0,3.21126,0.945641,2.041997,1.0,144.0,1061.185594445634,5.040530387489498,0.008959795034295228
47084.0,0.394442,-0.338896,0.854145,-0.418483,0.761279,0.495304,-0.8181,-0.552814,0.158458,63.445875,-164.594932,-173.389541,3.594382,3.594836,3.59392,89.984381,89.985385,89.907676,129.221918,0.066007,0.065557,87.265294,0.985714,-387.320281,314.56198,-98.455688,314.56198,-521.540288,-459.974519,-98.455688,-459.974519,606.593299,-224.062158,58.344671,-77.562259,58.344671,-185.739207,71.679911,-77.562259,71.679911,921.45893,450.193904,1.0,2.096293,1.411667,4.118138,1.0,138.0,1131.6828061887961,2.513767503588401,0.011295601662672449
47443.0,-0.097981,-0.741557,-0.663696,0.810124,-0.446776,0.379592,-0.578013,-0.500484,0.644529,70.724199,484.496238,12.385855,3.594406,3.594261,3.596996,90.092549,90.00068,90.031169,180.644574,0.079719,0.080513,67.505171,0.855072,-633.599572,-52.564337,-337.823905,-52.564337,469.573202,591.28871,-337.823905,591.28871,563.950042,-16.636138,-287.451134,-24.360139,-287.451134,-463.191325,43.499898,-24.360139,43.499898,694.975566,814.233184,1.0,4.19286,0.870389,3.998754,1.0,118.0,1042.7904913305902,1.280702520877103,0.012666762965462305
46772.0,0.421139,0.870005,-0.256383,-0.198615,0.364273,0.909867,0.884982,-0.332259,0.326205,280.217475,252.971038,-117.495685,3.598278,3.592534,3.594718,90.003861,89.953344,90.045709,71.24309,0.058078,0.051028,88.838832,0.985714,-656.084687,-114.203132,244.085937,-114.203132,-159.596119,52.459301,244.085937,52.459301,1179.330299,-259.876509,-2.36432,183.910759,-2.36432,-271.730436,18.767713,183.910759,18.767713,1246.125923,380.83394,1.0,3.416252,1.23851,1.929954,1.0,138.0,1520.4182391428315,3.9923391259267267,0.011095530837235681
47414.0,-0.158407,-0.21466,-0.963757,0.934287,0.283159,-0.216631,0.319399,-0.934742,0.1557,-306.280743,423.970297,-184.568009,3.594033,3.599059,3.591633,90.007958,89.97104,90.032527,111.829104,0.061054,0.054833,74.988186,0.931507,-723.323524,-357.790266,213.837207,-357.790266,-360.066255,-123.320663,213.837207,-123.320663,1223.426139,-438.401137,8.487996,265.097418,8.487996,-512.479463,-281.698002,265.097418,-281.698002,1214.592486,631.911218,1.0,4.933492,1.414461,2.812334,1.0,136.0,1724.1239384452645,2.728427490023234,0.012422050054657944
47227.0,0.421704,0.791111,-0.443069,-0.652877,0.60401,0.457081,0.62922,0.096516,0.771211,93.341035,-218.806115,4.957998,3.597571,3.592657,3.595337,89.939158,89.931516,90.033987,126.2842,0.055408,0.052549,86.448563,0.881944,-984.511291,-111.333244,276.41266,-111.333244,329.033077,-251.351211,276.41266,-251.351211,1028.116241,160.678082,-227.613541,139.388943,-227.613541,-405.928165,-5.585382,139.388943,-5.585382,1138.191744,497.91472,1.0,3.911425,0.690054,1.418592,1.0,127.0,1372.549541703358,2.7565956308810433,0.010201950956663097
46976.0,0.676161,0.494787,0.545886,-0.636356,0.765613,0.094276,-0.371291,-0.411123,0.832539,-269.88309,-407.082259,13.476449,3.594453,3.587474,3.597466,90.06045,90.080065,89.943848,194.298911,0.065309,0.071859,83.727518,0.944444,-778.95911,-639.109184,200.013084,-639.109184,-1680.182911,745.057766,200.013084,745.057766,1114.305407,-111.46776,-97.582318,78.563738,-97.582318,-395.568611,50.144923,78.563738,50.144923,963.144077,437.832478,1.0,1.741811,0.587122,3.876125,1.0,136.0,1246.7793884280043,2.8476174132244347,0.011279971299280602
48094.0,0.469053,-0.65101,-0.596804,0.785373,0.616548,-0.05529,0.403953,-0.44278,0.80048,-226.242605,-408.74134,29.609645,3.593746,3.594452,3.597108,90.068272,89.970142,89.999827,118.329051,0.055353,0.057942,77.5247,0.89726,-470.326568,20.800688,-203.23975,20.800688,-179.546403,-245.679782,-203.23975,-245.679782,951.263631,35.754064,-7.103956,-16.21692,-7.103956,-318.361761,-138.52457,-16.21692,-138.52457,829.324471,705.273795,1.0,4.804769,0.642701,2.402017,1.0,131.0,1025.0827923324453,1.4534536794075064,0.01157385968600975
46778.0,-0.25659,0.13463,-0.957098,0.318297,0.946783,0.047846,0.912606,-0.292364,-0.285787,-46.02973,-301.454399,-25.633739,3.598473,3.58973,3.594227,90.011397,90.051868,90.010138,174.407091,0.074402,0.081592,74.090442,0.819444,-278.573273,-5.181996,93.750104,-5.181996,-1220.635157,670.575224,93.750104,670.575224,1000.764917,-530.981828,-37.855399,-56.327906,-37.855399,-537.965356,109.657345,-56.327906,109.657345,1041.333289,691.720911,1.0,4.662439,1.860624,1.880828,1.0,118.0,1579.7711389975527,2.2838273556219737,0.011060050093910898
48667.0,-0.700718,-0.172264,0.692329,-0.578946,0.704377,-0.410699,-0.416912,-0.688606,-0.593302,-13.655459,90.389804,42.857661,3.595055,3.596329,3.594691,89.897259,89.95877,89.968455,162.385893,0.071877,0.077114,82.780281,0.885714,-447.350999,337.87423,-54.657253,337.87423,-326.42106,-102.946592,-54.657253,-102.946592,1287.845766,-298.958133,71.150187,-177.53933,71.150187,-246.473777,-245.782711,-177.53933,-245.782711,1162.589149,770.311464,1.0,1.035381,2.20595,3.686005,1.0,124.0,1461.133284530238,1.8968084376454741,0.01069957711305667
47010.0,0.601797,0.365301,0.710208,-0.589628,0.803021,0.086583,-0.538683,-0.470864,0.698647,-30.772074,238.556331,99.522898,3.596231,3.594889,3.595847,90.053718,90.018087,89.943367,101.769057,0.076489,0.070215,92.046732,0.992958,149.947015,-207.907082,-194.747432,-207.907082,-344.278944,-113.395152,-194.747432,-113.395152,957.674908,-146.980347,44.596956,-53.672147,44.596956,-312.812761,-0.47905,-53.672147,-0.47905,1089.292056,462.907361,1.0,1.69211,0.797292,3.994067,1.0,141.0,1328.3584771838703,2.8695989502397876,0.010787542136748537
46782.0,-0.701668,-0.383202,-0.600681,0.664624,-0.048185,-0.745622,0.256781,-0.922407,0.288495,240.546922,177.069973,-54.206392,3.592993,3.598178,3.593636,90.088795,90.01777,90.082616,146.388948,0.073851,0.075755,72.456853,0.930556,-1085.748383,3.173066,-205.722729,3.173066,-239.637573,-46.477169,-205.722729,-46.477169,1486.344428,-1152.19369,-98.12852,390.033841,-98.12852,-215.294984,181.800196,390.033841,181.800196,1450.28091,791.561516,1.0,5.605033,1.278141,2.870086,1.0,134.0,2314.8441264873427,2.9244020580800227,0.01284289837981233
47692.0,0.112789,-0.645418,-0.755457,0.651283,0.622225,-0.434357,0.750406,-0.443026,0.49053,-288.074626,-417.266533,-121.281077,3.596935,3.594688,3.593686,90.068732,89.961391,89.973799,119.937061,0.079204,0.06977,79.703009,0.884058,-841.723318,-194.105772,-149.797215,-194.105772,516.865218,105.252134,-149.797215,105.252134,626.638166,-280.814277,7.984079,-75.484957,7.984079,-203.7397,186.094843,-75.484957,186.094843,1000.607727,569.45822,1.0,5.234192,1.058098,2.104113,1.0,122.0,1256.786594840105,2.2069864841710514,0.011091902439969362
47031.0,0.542355,0.024876,0.839781,-0.546426,0.769711,0.330097,-0.638177,-0.637908,0.43105,-283.499505,-190.872451,-41.558729,3.594572,3.596257,3.594986,90.037342,90.081727,89.993207,120.326759,0.081943,0.070408,82.984602,0.986301,-627.202102,51.156546,399.989232,51.156546,285.247115,56.238715,399.989232,56.238715,784.447458,-408.940713,-37.73133,83.147369,-37.73133,36.775966,-203.974379,83.147369,-203.974379,906.868614,555.833408,1.0,1.945319,1.125141,3.927202,1.0,144.0,1175.1580292343822,2.1142270549423006,0.011885349525445697
46790.0,-0.618462,0.287189,-0.731456,0.614633,0.756765,-0.22256,0.489623,-0.587222,-0.644546,-311.065309,-91.314625,160.032356,3.5953,3.594589,3.59493,89.97299,90.002872,90.026098,145.620465,0.062102,0.065129,66.45774,0.891304,43.504326,-130.972488,-73.268432,-130.972488,-247.107945,-0.634321,-73.268432,-0.634321,369.970503,56.502576,-264.94695,-314.57885,-264.94695,-350.225372,-64.093497,-314.57885,-64.093497,941.695503,746.818972,1.0,5.007759,2.271226,2.446582,1.0,123.0,1199.5729995012507,1.6062433393848632,0.013411590583730352
46793.0,0.703864,0.579484,0.410821,-0.436361,-0.103621,0.893785,0.560504,-0.808369,0.179929,37.181424,-306.309806,53.843696,3.591829,3.59572,3.592116,90.009221,89.908404,90.129023,181.298284,0.087132,0.085923,78.294771,0.932432,-928.778362,653.010259,75.470366,653.010259,-1444.851642,170.037156,75.470366,170.037156,1102.778685,-783.611224,-108.118714,-83.396861,-108.118714,-479.161813,57.621396,-83.396861,57.621396,1077.634286,785.453055,1.0,2.71075,1.389882,2.535326,1.0,138.0,1733.9962173031126,2.2076382621022623,0.011909249980436114
46794.0,-0.376033,-0.924649,0.060201,0.422348,-0.113206,0.899337,-0.824755,0.363606,0.433093,-94.581189,-278.600568,-170.563444,3.596503,3.593261,3.592614,90.049501,89.977597,90.096952,157.384507,0.084432,0.074153,84.356405,1.0,-834.382869,442.523732,-133.077337,442.523732,-78.833181,-822.027554,-133.077337,-822.027554,399.183107,-420.466748,48.933066,147.738473,48.933066,-432.485225,-261.45868,147.738473,-261.45868,1011.263636,687.329091,1.0,3.074753,1.122875,5.127621,1.0,142.0,1461.72496112415,2.1266740783479365,0.011854464400183957
48402.0,0.735638,-0.429376,-0.523901,0.676934,0.493881,0.545748,0.024414,-0.75612,0.653977,183.142812,-345.72825,109.139752,3.591964,3.594445,3.595533,90.114997,90.137405,90.048205,173.991158,0.090436,0.081631,73.897475,0.855072,364.578521,-23.438612,-554.096127,-23.438612,-2019.014562,-147.766278,-554.096127,-147.766278,1015.555634,-448.970201,-179.486666,-74.807223,-179.486666,-513.437613,55.233053,-74.807223,55.233053,1134.802713,553.214514,1.0,3.906569,0.857966,3.109315,1.0,117.0,1626.419729594012,2.939944069497085,0.011571058415730714
48350.0,-0.525667,0.568347,0.632974,-0.80042,-0.582437,-0.141756,0.288101,-0.581161,0.761084,-59.083644,-73.236047,-166.012257,3.59542,3.595397,3.595225,90.048096,89.966393,90.006999,67.536713,0.053719,0.050543,107.115749,1.0,-295.681991,77.948151,-143.438124,77.948151,126.208009,-53.684362,-143.438124,-53.684362,675.815213,-89.432008,92.838793,107.358164,92.838793,-45.252266,-154.690007,107.358164,-154.690007,1004.437893,318.247083,1.0,1.350479,0.705813,2.681364,1.0,143.0,1087.7645339207363,3.4179874444308305,0.009335695351390392
47767.0,0.196462,-0.252338,-0.947485,0.93934,0.325514,0.108081,0.281147,-0.911244,0.300983,211.556368,-174.158555,-197.502975,3.591701,3.597701,3.594508,90.011157,90.020896,90.023272,144.721933,0.067826,0.070011,70.392839,0.916667,3.253261,9.026576,172.879864,9.026576,-827.485166,-371.605546,172.879864,-371.605546,737.977062,-440.767435,91.834612,174.366762,91.834612,-705.115231,-144.111523,174.366762,-144.111523,1076.206784,915.834152,1.0,4.598808,1.265073,2.842328,1.0,130.0,1678.333533829581,1.8325736490219695,0.013022162666290532
46800.0,-0.096127,0.867059,-0.488844,0.200849,0.497913,0.843648,0.974895,-0.017087,-0.222011,332.314765,32.975047,115.186613,3.599858,3.593864,3.593739,89.992143,90.013775,89.977785,54.009952,0.057578,0.048867,108.354694,1.0,-338.385112,61.776987,46.571152,61.776987,-145.63602,324.391541,46.571152,324.391541,1385.452466,-71.645594,-47.912421,-2.440692,-47.912421,-249.842085,165.073875,-2.440692,165.073875,1430.572789,265.427663,1.0,3.666758,1.794672,1.588321,1.0,142.0,1605.6983870414203,6.049476414375921,0.009228949509100179
46804.0,-0.699959,-0.50927,-0.500701,0.691629,-0.30857,-0.653019,0.178062,-0.803386,0.568212,422.65758,-221.897921,130.103258,3.592877,3.596723,3.594903,90.050003,90.022652,90.052075,130.90282,0.068422,0.066668,74.670475,0.964286,-784.889775,179.866647,109.920156,179.866647,20.13392,126.262496,109.920156,126.262496,842.580142,-403.628594,108.611746,167.476975,108.611746,-262.929796,237.758579,167.476975,237.758579,1050.783019,561.225421,1.0,5.629052,0.966465,2.923479,1.0,135.0,1415.187609064918,2.5216028285805643,0.012913885977021039
47889.0,0.170875,0.682834,-0.71031,0.308729,0.647503,0.696725,0.935675,-0.338346,-0.100169,90.777803,342.685574,94.933497,3.600147,3.596368,3.593231,89.998427,89.991753,90.007047,59.422521,0.04863,0.042257,193.065722,0.993056,-1.911051,460.553144,23.422098,460.553144,148.247432,374.346689,23.422098,374.346689,1390.962647,-135.467736,138.513649,102.459589,138.513649,-185.63902,133.539936,102.459589,133.539936,1284.175415,141.326614,1.0,3.936645,1.671133,1.917773,1.0,143.0,1457.6579977004428,10.314108266263585,0.005143616327708344
46810.0,0.470731,0.656954,-0.588917,-0.25925,0.741025,0.619412,0.843328,-0.138899,0.519139,189.726184,-62.447533,13.228654,3.596483,3.594551,3.595159,90.011219,89.95228,90.009582,106.179143,0.05333,0.050995,79.568731,0.979167,-81.756021,45.841798,-25.835845,45.841798,-143.059617,14.036019,-25.835845,14.036019,773.575515,-60.878061,126.420961,104.573023,126.420961,-242.990847,3.07974,104.573023,3.07974,835.241794,512.402741,1.0,3.901759,1.024953,1.734034,1.0,141.0,1009.7456069339253,1.9706093003392526,0.012305927060719368
46811.0,0.409905,0.860306,-0.30307,-0.207714,0.411578,0.887388,0.888163,-0.300793,0.347405,467.881957,187.645336,-176.14483,3.598961,3.594943,3.593337,89.897151,89.970176,90.068567,172.750286,0.107692,0.10373,69.63339,0.807143,-753.823483,714.892477,387.020107,714.892477,414.606879,-524.890333,387.020107,-524.890333,1177.041428,-186.925221,272.722645,170.982816,272.722645,-219.898697,-80.407813,170.982816,-80.407813,1248.60626,856.789067,1.0,3.470702,1.215994,1.897341,1.0,113.0,1480.4495876383196,1.7279043870412967,0.011591321347416807
46814.0,0.808078,0.527622,0.261965,-0.536233,0.47476,0.697894,0.243854,-0.704427,0.666572,-148.901122,401.741176,109.025268,3.591681,3.595614,3.59245,90.041745,89.885782,90.030391,190.109043,0.085866,0.083864,82.323123,0.8,-437.636606,529.631743,285.964642,529.631743,-1353.196928,-519.103215,285.964642,-519.103215,543.39084,-169.324192,-44.976636,32.978026,-44.976636,-449.087833,-5.11129,32.978026,-5.11129,981.587036,715.603074,1.0,2.782502,0.841196,2.808331,1.0,112.0,1314.229772576985,1.8365345543177263,0.009717804316048604
46818.0,-0.402638,-0.910188,-0.097164,0.4562,-0.291561,0.840758,-0.793577,0.294195,0.532621,-308.49993,74.296637,-52.586199,3.597274,3.593898,3.596666,89.956139,90.02582,90.033498,65.935147,0.067015,0.054453,120.312173,0.993243,-239.320486,-344.050376,-81.80004,-344.050376,222.659555,29.004434,-81.80004,29.004434,1022.470164,-171.612521,-215.888268,-5.309459,-215.888268,143.826011,44.427629,-5.309459,44.427629,1026.470969,239.43941,1.0,3.256649,1.009102,5.067402,1.0,147.0,1092.447312600001,4.562520900799083,0.008255548671704234
46821.0,-0.043837,0.047493,-0.997909,0.160979,0.986152,0.039862,0.985984,-0.158895,-0.050875,397.31488,252.744602,-19.716327,3.601025,3.591272,3.591256,89.987743,89.992726,90.001994,111.443657,0.060005,0.056221,84.024534,1.0,-968.423093,-133.631084,-164.167332,-133.631084,-890.732942,410.045501,-164.167332,410.045501,1673.553912,-757.234948,257.521926,22.703892,257.521926,-467.322594,200.049328,22.703892,200.049328,1633.40755,582.282542,1.0,4.672465,1.621693,1.730577,1.0,138.0,2277.3413202932147,3.911058903588448,0.011901285879193332
46822.0,-0.668701,-0.425975,-0.609413,0.679519,-0.01742,-0.733451,0.301816,-0.904567,0.301108,-141.333816,-155.402416,7.592761,3.594511,3.597584,3.592568,90.072797,89.959654,90.041217,115.887795,0.066454,0.063436,91.274994,0.912162,-357.381444,-313.740991,-147.352892,-313.740991,-712.984095,-68.964273,-147.352892,-68.964273,1192.544945,-512.731777,5.538014,243.772226,5.538014,-347.17051,22.57671,243.772226,22.57671,1068.04481,563.598796,1.0,5.589894,1.264942,2.81955,1.0,135.0,1519.7117270233261,2.696442465472063,0.009993558586265149
48305.0,0.636475,-0.350936,-0.686836,0.713125,-0.071518,0.697379,-0.293857,-0.933664,0.204741,417.165783,349.324902,49.556542,3.596176,3.599311,3.59332,90.015206,90.058251,90.002897,143.448059,0.077405,0.074819,73.611658,0.871622,523.844501,459.106188,165.454664,459.106188,-472.629322,79.695588,165.454664,79.695588,1224.364912,-438.069706,10.352794,-93.395899,10.352794,-234.949523,20.438849,-93.395899,20.438849,1322.479119,642.455214,1.0,3.919374,1.364597,3.446512,1.0,129.0,1670.3660572066087,2.599972762002689,0.011840814670958776
48515.0,0.803746,-0.179932,-0.567112,0.594623,0.275585,0.755299,0.020385,-0.944287,0.328492,-298.331895,-248.295091,24.79943,3.589314,3.596941,3.594449,90.043638,89.936528,89.972113,167.178996,0.064337,0.078076,78.646697,0.847826,-1634.120526,-428.943887,-133.211795,-428.943887,-115.709171,20.850525,-133.211795,20.850525,770.809248,-645.649375,101.799283,29.338284,101.799283,-167.325963,238.207142,29.338284,238.207142,992.416534,697.40922,1.0,3.785634,1.236089,3.120008,1.0,117.0,1476.3139190537852,2.1168546051825716,0.010780185720959139
47266.0,0.445932,-0.446063,0.775998,-0.771513,0.247977,0.585897,-0.453777,-0.859962,-0.233562,552.432266,503.731924,117.193601,3.59361,3.598448,3.593302,90.033533,89.862002,89.992558,165.469944,0.085181,0.081936,78.150539,0.921429,911.18778,-542.972115,136.04812,-542.972115,-1461.240249,-178.659735,136.04812,-178.659735,864.329563,-206.055055,-34.019817,84.651842,-34.019817,-179.188426,10.397887,84.651842,10.397887,1057.355922,744.443593,1.0,2.217505,1.806536,3.627131,1.0,129.0,1252.7206661231025,1.6827610283739827,0.01179043691560464
47706.0,0.136053,-0.9399,-0.313174,0.985451,0.095891,0.140325,-0.101861,-0.327709,0.939272,60.68032,197.450641,145.246405,3.594831,3.591178,3.598579,90.093896,90.002703,89.957652,123.017741,0.069175,0.067234,79.621225,0.869565,-1345.8602,-152.19166,33.633466,-152.19166,77.568787,-11.099376,33.633466,-11.099376,1368.997521,-818.867538,-27.089578,5.766976,-27.089578,-258.066856,116.674647,5.766976,116.674647,1589.477701,627.146852,1.0,4.291138,0.350295,3.442952,1.0,120.0,2185.133314010546,3.4842450488941403,0.010921271306740133
46838.0,-0.146165,-0.493757,0.857228,0.252436,0.819231,0.514914,-0.95651,0.291658,0.004899,-153.315887,192.568577,108.951116,3.599419,3.590383,3.593443,89.975812,89.978148,90.024468,143.377831,0.094324,0.081653,77.538863,0.8,-790.032446,456.779346,158.637076,456.779346,-687.274387,-514.275639,158.637076,-514.275639,1205.803071,-864.963097,-1.960523,152.203618,-1.960523,-161.661841,-220.817077,152.203618,-220.817077,1357.496779,578.532832,1.0,2.111711,1.565898,5.008352,1.0,112.0,1981.1232192316736,3.4243920304105986,0.01031740689826726
47295.0,0.242091,0.930428,-0.275128,-0.335779,0.346383,0.87594,0.910299,-0.119675,0.396274,483.09979,87.284285,-171.187273,3.599066,3.588235,3.594073,89.980676,89.951362,90.018134,105.824707,0.059873,0.054028,98.439682,0.992857,-1724.282736,-349.457758,359.054173,-349.457758,-334.873773,-125.744259,359.054173,-125.744259,1266.918181,-399.241359,47.770641,132.792049,47.770641,-179.347372,-211.205801,132.792049,-211.205801,1255.936791,343.791049,1.0,3.44593,1.163341,1.701514,1.0,139.0,1572.3857957746281,4.573667058372506,0.010085942780676597
48436.0,-0.572366,0.63122,0.52341,-0.742712,-0.669595,-0.004664,0.347529,-0.391412,0.852068,-284.419358,183.815334,100.100571,3.593839,3.589907,3.597367,90.092317,89.945852,90.013071,136.002409,0.05366,0.057522,109.81042,1.0,-1151.045485,571.870138,245.720048,571.870138,-856.231331,-139.516187,245.720048,-139.516187,1141.277582,-426.006642,-47.731895,296.297257,-47.731895,-299.443538,133.646526,296.297257,133.646526,1144.607175,504.720169,1.0,1.561886,0.550873,2.415511,1.0,148.0,1537.8598979569074,3.0469555060655944,0.009106603908809383
48407.0,0.729281,-0.682501,0.048381,0.661399,0.721307,0.205593,-0.175215,-0.117936,0.977441,220.357566,-322.078779,154.077354,3.593032,3.589385,3.599666,89.986003,90.041305,89.983922,148.052218,0.059931,0.067583,85.800023,0.993243,-1116.66442,449.729399,-325.468858,449.729399,-852.963987,291.612824,-325.468858,291.612824,1375.053992,-426.700502,-73.646623,6.351419,-73.646623,-573.572815,107.836617,6.351419,107.836617,1476.247906,585.943279,1.0,2.910475,0.212812,4.119949,1.0,147.0,1983.7071936691664,3.3854935533259467,0.011576255638066671
46844.0,-0.604686,-0.526438,-0.597677,0.650655,-0.759301,0.010512,-0.45935,-0.382525,0.801668,-12.71683,192.250716,-99.921348,3.594801,3.594328,3.596937,90.06676,90.077998,90.025035,102.852448,0.073533,0.062117,99.16393,1.0,-805.950233,-73.902079,-159.693435,-73.902079,156.952357,-49.855573,-159.693435,-49.855573,1160.87195,179.263707,145.118566,3.575371,145.118566,-199.273975,-19.0076,3.575371,-19.0076,959.289288,426.733895,1.0,4.694803,0.640716,4.017993,1.0,152.0,1031.0552176245687,2.4161549614533637,0.010084311906557153
46955.0,-0.584478,-0.206834,-0.784605,0.793803,0.054586,-0.60572,0.168112,-0.976852,0.132281,248.698508,-243.11188,-31.808647,3.593693,3.598639,3.59322,90.013951,90.002078,90.015665,97.163365,0.045285,0.05348,123.3113,1.0,-402.619425,-56.412079,132.108119,-56.412079,-321.800571,-31.166893,132.108119,-31.166893,1095.040654,-334.577167,-16.599706,52.915924,-16.599706,-345.397077,83.330099,52.915924,83.330099,1090.813871,352.535505,1.0,5.369826,1.438126,2.971167,1.0,144.0,1433.4552477833586,4.0661301555523,0.00810955686948398
47405.0,0.184062,-0.370262,0.910509,-0.292388,0.863776,0.410365,-0.938419,-0.341754,0.050729,-104.254824,163.252495,60.330477,3.599581,3.593149,3.594619,89.993562,89.958627,89.926475,141.609414,0.062263,0.06871,71.323153,0.985915,-47.182841,194.983969,-431.219411,194.983969,-592.316903,-107.408251,-431.219411,-107.408251,1508.870065,-246.47802,130.629856,-152.813166,130.629856,-371.539015,162.232375,-152.813166,162.232375,1527.349878,685.302886,1.0,1.994231,1.520046,4.363137,1.0,140.0,1853.1038478552346,2.7040654369216166,0.013823211096682726
47203.0,0.319226,-0.529096,0.786227,-0.4144,0.668177,0.61791,-0.852272,-0.523065,-0.005958,546.682487,233.488336,155.051221,3.596839,3.592419,3.593897,89.864186,90.08934,89.963291,187.526439,0.093576,0.099179,79.29965,0.821429,-1753.163851,513.012834,-204.448952,513.012834,919.865105,340.879085,-204.448952,340.879085,532.426089,-545.469432,3.464258,-68.458155,3.464258,-101.062868,180.570812,-68.458155,180.570812,922.837303,745.326753,1.0,2.236891,1.576754,4.161935,1.0,115.0,1314.8669000454431,1.7641482675256164,0.010358545088156127
47294.0,0.365322,-0.442505,0.818981,-0.634058,0.525858,0.566961,-0.68155,-0.726404,-0.088467,444.366517,169.132582,16.705912,3.594339,3.596025,3.597608,89.969924,90.024247,89.874491,147.436415,0.061221,0.065153,78.203896,0.880597,-81.168089,944.68138,104.080093,944.68138,-112.297586,-164.259231,104.080093,-164.259231,1234.510243,-471.789619,125.007868,202.607325,125.007868,-327.59233,7.19313,202.607325,7.19313,1145.929095,639.967033,1.0,2.17632,1.659379,3.895144,1.0,118.0,1564.3153039272377,2.4443685741031564,0.011260270204440965
47289.0,-0.282184,-0.139463,-0.949169,0.916461,0.253364,-0.309688,0.283675,-0.957265,0.056317,-60.351167,-197.216656,165.205362,3.593556,3.599156,3.593342,90.000693,90.024759,90.039882,131.372635,0.062937,0.062449,80.775104,0.842466,-497.300564,167.146858,187.100372,167.146858,-273.414635,-90.739143,187.100372,-90.739143,1280.679756,-233.471794,140.952001,-21.81954,140.952001,-250.624928,-258.076637,-21.81954,-258.076637,1405.381822,700.943828,1.0,5.027771,1.51445,2.853498,1.0,123.0,1667.1704209443135,2.378465084286773,0.010429773015210232
48325.0,0.268358,-0.802481,0.532924,0.190022,0.586444,0.787385,-0.944392,-0.110033,0.309866,101.430662,125.782771,34.275121,3.599526,3.594865,3.59331,90.020893,90.041345,89.999503,96.035637,0.054817,0.052027,89.950825,0.979167,56.046234,-169.996013,-189.0985,-169.996013,-462.135988,-110.543693,-189.0985,-110.543693,1374.245439,-146.549107,-24.729029,-77.455608,-24.729029,-203.603601,-210.832248,-77.455608,-210.832248,1364.560215,482.072159,1.0,2.546589,1.255744,4.596399,1.0,141.0,1552.8097197429852,3.2211147039980483,0.010885581093892135
48437.0,-0.547998,0.626925,0.553772,-0.716503,-0.693432,0.076001,0.43165,-0.355131,0.829193,14.206208,210.922284,-97.893803,3.593914,3.594368,3.597592,90.054233,90.006956,90.018313,78.105607,0.058326,0.050814,114.804808,1.0,-48.485367,185.144899,227.515543,185.144899,-265.668939,421.601376,227.515543,421.601376,773.768333,55.551271,-79.824846,126.049917,-79.824846,-250.581335,-8.511898,126.049917,-8.511898,1089.814801,332.91368,1.0,1.707186,0.593134,2.259244,1.0,148.0,1223.433607389758,3.6749274087798316,0.008710436587289969
46876.0,-0.658354,-0.746835,-0.093849,0.7469,-0.663635,0.041575,-0.093331,-0.042724,0.994718,376.84078,252.31363,72.707695,3.593827,3.588253,3.59995,89.983238,90.03148,90.027941,151.362792,0.066705,0.070224,101.452008,0.979167,-1357.073164,-714.12689,-162.788858,-714.12689,-717.658562,-280.433082,-162.788858,-280.433082,1465.305934,-181.197937,31.945345,-94.125567,31.945345,-601.185766,-49.468292,-94.125567,-49.468292,1532.446166,575.867493,1.0,4.29537,0.102826,4.28309,1.0,141.0,1960.081882029462,3.403702945304923,0.009651529026414144
47705.0,0.070031,0.854188,-0.515226,-0.665317,0.424834,0.613897,0.743269,0.299797,0.598057,252.067312,-235.863427,-135.950403,3.596278,3.595346,3.595008,90.035008,89.93246,89.9546,61.068055,0.05745,0.047,135.150934,1.0,418.569854,-61.873364,-7.413974,-61.873364,-617.863752,-215.647106,-7.413974,-215.647106,869.099908,-153.959102,11.93189,27.721762,11.93189,-133.846365,-27.812061,27.721762,-27.812061,884.822118,141.075154,1.0,3.839825,0.929721,1.187407,1.0,138.0,1029.486034074401,7.297429808755701,0.007399134955293761
47758.0,0.155977,0.782694,-0.602546,0.570517,0.426584,0.70181,0.806338,-0.453229,-0.380003,-243.930744,423.002693,-123.868649,3.596644,3.592459,3.592065,89.93855,90.006156,90.03241,143.764276,0.078334,0.074854,84.178972,0.942029,-1210.872419,173.735821,-20.707954,173.735821,-169.558017,264.625662,-20.707954,264.625662,530.734407,-381.463056,64.805885,119.818279,64.805885,-470.400856,-130.867554,119.818279,-130.867554,904.313818,683.198438,1.0,3.851035,1.960596,2.082869,1.0,130.0,1342.478369657706,1.9649903966228126,0.011190787647062262
46884.0,-0.276114,-0.170797,-0.945828,0.396594,0.876152,-0.273991,0.875485,-0.450762,-0.174181,-206.136442,420.014622,-122.808968,3.596203,3.594072,3.593568,90.055395,90.004206,90.149578,152.574223,0.071779,0.067438,79.614224,0.933333,-564.709267,692.500989,-324.677116,692.500989,-771.518707,-544.62335,-324.677116,-544.62335,1227.635255,-114.159143,-72.323703,-36.249419,-72.323703,-518.169649,67.608191,-36.249419,67.608191,1016.610653,580.836965,1.0,4.994355,1.74587,2.04627,1.0,140.0,1380.957784426648,2.377530817837408,0.011723194086524037
47089.0,0.542161,0.727405,0.420647,-0.64904,0.044576,0.759447,0.533675,-0.684759,0.496282,195.865766,280.013738,-156.87494,3.594781,3.596579,3.595091,90.026392,89.98179,90.004835,114.09621,0.067719,0.062155,87.491739,1.0,189.491005,-46.929235,-170.227348,-46.929235,-107.752416,125.478442,-170.227348,125.478442,538.689668,2.199799,23.35151,-21.6626,23.35151,-363.536284,47.763202,-21.6626,47.763202,996.255876,477.214395,1.0,2.635771,1.051485,2.479564,1.0,144.0,1219.8132873746042,2.5561116767540177,0.011429650518204925
47192.0,0.360976,0.871103,0.332979,-0.474977,-0.13554,0.869498,0.802554,-0.472026,0.364827,53.785184,352.790784,67.810419,3.59762,3.596679,3.593638,90.042263,90.018997,90.055954,103.354752,0.067772,0.062837,136.70635,1.0,-81.922288,-352.239934,-410.872591,-352.239934,119.780727,-341.745455,-410.872591,-341.745455,995.2999,13.451102,-4.711329,-5.475179,-4.711329,-71.49081,-60.784569,-5.475179,-60.784569,1229.08315,258.347944,1.0,2.775865,1.197349,2.10246,1.0,146.0,1261.3662111022293,4.882431776202676,0.007314949159274607
47596.0,0.180648,0.365723,0.913024,-0.936779,-0.218874,0.273021,0.299687,-0.904622,0.303062,-104.589135,-94.456907,22.479411,3.594318,3.598444,3.594508,90.051791,89.967587,90.050517,62.107086,0.0519,0.045939,129.698221,1.0,-186.854576,-92.899976,75.145091,-92.899976,-330.278655,-28.097145,75.145091,-28.097145,1364.640731,-149.947646,14.668455,-92.306589,14.668455,-207.994423,-18.335828,-92.306589,-18.335828,1372.628733,312.19995,1.0,1.861362,1.262892,2.821688,1.0,140.0,1554.603748273537,4.979513123796262,0.007710205986557056
47737.0,0.017502,0.994878,-0.099559,-0.972406,0.040105,0.22982,0.232636,0.092789,0.968127,487.534774,-151.042533,97.886761,3.593066,3.592393,3.59997,89.994487,89.966349,90.012968,125.579896,0.067525,0.066817,89.246654,0.978873,-646.532772,98.356729,-184.74811,98.356729,-486.187153,178.099923,-184.74811,178.099923,1468.886932,-707.225286,32.608389,-154.189502,32.608389,-342.1238,216.99729,-154.189502,216.99729,1480.575495,623.787907,1.0,3.55039,0.253154,1.191272,1.0,139.0,2043.2685056739858,3.275582105303599,0.010968175904947652
47975.0,0.227901,0.739531,-0.633369,0.375509,0.533411,0.757935,0.898362,-0.41057,-0.156136,200.101187,74.618703,-25.186525,3.598989,3.59283,3.594411,89.993513,90.030355,90.042813,96.997638,0.073743,0.056643,96.166942,0.956522,-368.54844,-184.007034,349.269634,-184.007034,-292.266045,216.948969,349.269634,216.948969,1219.445824,-482.485327,-115.649023,55.615953,-115.649023,-247.555541,157.381803,55.615953,157.381803,1410.083788,566.850889,1.0,3.837697,1.727574,1.999473,1.0,132.0,1795.3597548188195,3.1672522521505995,0.009946474122053293
48495.0,0.372056,-0.635787,0.676276,0.217548,0.768016,0.602349,-0.902356,-0.076985,0.424059,-304.258832,75.323129,-67.555835,3.597724,3.596641,3.59482,90.023508,90.083124,89.969837,64.2862,0.063591,0.04981,148.173203,1.0,25.406507,-440.738061,291.976135,-440.738061,67.028169,-104.731662,291.976135,-104.731662,1287.620511,-126.130339,37.344551,-110.444264,37.344551,-90.421744,-23.421935,-110.444264,-23.421935,1129.146878,114.31831,1.0,2.298441,1.132874,4.627279,1.0,144.0,1242.0860127244962,10.865153733680074,0.006748858631341053
47728.0,0.136598,-0.584452,0.799848,0.547063,0.717636,0.430952,-0.825871,0.3787,0.417759,383.647888,26.286941,-120.741264,3.597074,3.595319,3.596925,90.054447,90.044701,90.096649,118.102485,0.066898,0.063682,81.201475,0.935714,949.634032,30.827378,-149.093515,30.827378,-751.528093,15.719437,-149.093515,15.719437,1217.919402,-254.540803,18.817597,48.824554,18.817597,-309.776343,-110.241974,48.824554,-110.241974,1232.471534,511.966161,1.0,2.064994,1.139819,5.142327,1.0,131.0,1519.0658341843937,2.967121559786827,0.01152336210641494
47095.0,0.596943,0.225781,0.769859,-0.733335,0.542744,0.409449,-0.32539,-0.808982,0.48956,576.662443,-195.310603,28.790774,3.593067,3.597915,3.594122,90.045941,90.040566,89.943813,92.633207,0.063401,0.057587,88.396846,1.0,-555.658184,244.207584,-217.255972,244.207584,-375.152546,-128.843173,-217.255972,-128.843173,1175.773183,-329.413035,-25.336106,-263.595954,-25.336106,-252.077734,-160.703275,-263.595954,-160.703275,1034.514572,435.507053,1.0,2.059598,1.059211,3.524013,1.0,138.0,1353.7954903747673,3.1085500936187302,0.011312620814548067
48230.0,0.583523,-0.53044,-0.614926,0.73641,0.664827,0.125319,0.342346,-0.525965,0.778563,-93.751158,192.489546,-38.378751,3.594441,3.596308,3.596414,90.030735,89.960698,90.028188,176.128539,0.077518,0.087103,75.570125,0.93662,1.304817,-227.595806,109.670984,-227.595806,-67.396458,1.294692,109.670984,1.294692,884.208847,-174.998701,-94.887045,218.472302,-94.887045,-256.69359,141.723964,218.472302,141.723964,1168.031589,871.34437,1.0,4.511347,0.678423,2.564591,1.0,132.0,1406.320610752686,1.6139664857795386,0.012394051220637784
47982.0,-0.197025,0.58869,0.783981,-0.882475,-0.454855,0.119771,0.427106,-0.668245,0.609122,-256.450488,388.703933,31.442983,3.591893,3.59703,3.596934,89.996025,89.968497,90.064821,153.598051,0.108471,0.091593,87.004068,0.823944,643.469041,-214.615148,-55.702315,-214.615148,-992.513781,167.505378,-55.702315,167.505378,803.664506,-163.503662,256.351656,53.621288,256.351656,-450.725967,43.530974,53.621288,43.530974,907.58559,634.119935,1.0,1.722397,0.915844,2.572886,1.0,117.0,1261.044936502336,1.9886536708585512,0.009470177877199948
46958.0,0.334184,0.747562,-0.573997,-0.228684,0.655124,0.72008,0.914344,-0.109376,0.389887,-122.314531,41.559102,-99.432163,3.597765,3.594254,3.594451,89.998865,89.953974,90.055846,50.633294,0.055588,0.045593,133.438114,1.0,-414.569868,30.536194,-184.707998,30.536194,-32.661603,-262.508608,-184.707998,-262.508608,1072.367067,28.939726,19.635746,159.776124,19.635746,-76.474669,-224.287207,159.776124,-224.287207,1294.512686,207.488182,1.0,3.81458,1.170287,1.689853,1.0,142.0,1342.8926845887993,6.472140589620662,0.0074941107156235726
48671.0,-0.712557,0.701508,-0.012245,-0.57898,-0.578062,0.575002,0.39629,0.416811,0.818061,-228.172524,258.843452,11.506353,3.595285,3.59313,3.595738,89.913183,89.947803,90.023576,133.849118,0.089131,0.080419,84.185524,0.845588,57.161383,368.654094,-9.85617,368.654094,-952.503844,12.687978,-9.85617,12.687978,875.205604,-246.484822,140.706559,-136.982013,140.706559,-447.34954,-60.094258,-136.982013,-60.094258,1028.268966,697.989937,1.0,3.162885,0.612765,0.760165,1.0,115.0,1397.5074993395967,2.002188606538029,0.01004433968956468
47210.0,0.364847,-0.176175,0.914248,-0.51631,0.778844,0.356126,-0.774797,-0.601967,0.193198,362.171438,348.860588,-181.036584,3.59746,3.597465,3.594491,89.972378,89.966217,89.857954,151.174733,0.070439,0.071491,87.075526,0.957143,25.519785,252.504584,-577.113005,252.504584,-320.461518,-547.968483,-577.113005,-547.968483,1736.9198,-401.455632,-63.393741,-264.189992,-63.393741,-201.043309,26.539771,-264.189992,26.539771,1079.428025,496.349525,1.0,1.942244,1.376376,4.051872,1.0,134.0,1411.482829960958,2.8437275727441422,0.01099210127079795
47114.0,0.565234,0.488656,0.664625,-0.722838,0.681617,0.113592,-0.397512,-0.544622,0.738492,247.346015,491.490804,163.176451,3.593637,3.596116,3.598856,90.006137,90.051504,89.987763,145.805862,0.0696,0.064288,71.556441,0.943662,185.561468,502.677217,406.827975,502.677217,-7.632376,115.251256,406.827975,115.251256,1042.535513,-363.368777,-56.486157,49.70323,-56.486157,-374.380675,-277.10445,49.70323,-277.10445,962.780907,604.359114,1.0,1.740073,0.739965,3.772096,1.0,134.0,1354.7079579137899,2.2415612283027304,0.01318765979431537
46923.0,-0.331189,-0.94352,-0.009177,0.480813,-0.177124,0.858747,-0.81187,0.279995,0.512318,-270.419359,-80.049705,-21.705191,3.596604,3.591193,3.594741,89.968068,90.049119,90.030698,160.934381,0.062544,0.072086,82.281957,0.880282,-986.764257,-242.868619,153.965548,-242.868619,-304.254574,7.295743,153.965548,7.295743,822.539982,-517.473752,74.093381,-13.62238,74.093381,-172.694397,56.260162,-13.62238,56.260162,809.231747,699.813351,1.0,3.152278,1.032914,5.044492,1.0,125.0,1195.0858009451617,1.7077207790297813,0.010698360030498545
47613.0,0.171643,0.985078,-0.012681,-0.973315,0.171555,0.152405,0.152306,-0.013817,0.988237,190.564686,-114.464106,117.169212,3.594168,3.594666,3.600913,89.98831,89.974856,89.969391,49.733422,0.061471,0.048456,133.234002,1.0,62.355756,-204.79308,150.142371,-204.79308,-260.660721,104.024991,150.142371,104.024991,1735.460406,-215.561823,-19.122243,-78.779593,-19.122243,-354.140699,140.616402,-78.779593,140.616402,1519.157781,299.305235,1.0,3.224608,0.153534,1.661264,1.0,144.0,1813.4526034595838,6.058873656050767,0.007505591553123203
48191.0,-0.385102,-0.341613,0.85732,-0.849923,0.493277,-0.185225,-0.359621,-0.799986,-0.480307,251.759602,184.051057,164.925254,3.592619,3.597905,3.594439,89.927027,89.930048,89.953028,123.234019,0.069911,0.064336,87.893279,0.950704,-715.079528,-378.541384,-38.650548,-378.541384,-483.090546,-96.628728,-38.650548,-96.628728,1403.023001,-115.661408,19.627705,100.514273,19.627705,-61.455632,5.760396,100.514273,5.760396,1102.274287,489.212425,1.0,1.358016,2.071801,3.564059,1.0,135.0,1195.0638622571985,2.442832195558399,0.010816572220499362
47761.0,0.028035,-0.473814,0.880178,-0.679609,0.636678,0.364381,-0.733039,-0.608392,-0.304159,-150.081007,71.47476,17.066206,3.59535,3.59672,3.593717,89.987214,89.978993,89.911331,103.559301,0.063368,0.061506,87.328732,0.992537,-201.303327,-62.127556,323.509952,-62.127556,-445.437093,-196.520586,323.509952,-196.520586,1081.373652,-243.883101,-215.893088,-141.194355,-215.893088,-113.324683,-29.369263,-141.194355,-29.369263,1059.946448,475.918932,1.0,1.9633,1.879852,4.019645,1.0,133.0,1263.8620331355462,2.6556246204039353,0.011365526296660301
47992.0,0.037486,0.8497,-0.525932,-0.181444,0.523341,0.832582,0.982687,0.064217,0.173791,-75.777542,239.703532,-21.117938,3.600379,3.592272,3.593227,89.986003,90.038161,89.994466,160.556833,0.091363,0.085302,69.383983,0.819444,-702.709433,-127.695754,283.459279,-127.695754,-230.149163,-584.003742,283.459279,-584.003742,1393.947092,-405.05817,-94.092456,253.933729,-94.092456,-358.222911,-172.456954,253.933729,-172.456954,1506.267349,836.635586,1.0,3.704987,1.396118,1.505541,1.0,118.0,1908.703539798082,2.281403721928321,0.011810276155521368
47147.0,0.534101,0.428212,0.728951,-0.716936,0.686363,0.122103,-0.448039,-0.587827,0.673588,371.436947,-353.277265,119.295833,3.592628,3.595352,3.594877,90.02381,90.089248,89.942383,94.272646,0.057699,0.051763,119.499497,1.0,-622.826553,550.146469,-133.838694,550.146469,-614.967903,139.72383,-133.838694,139.72383,856.664736,-65.418244,139.399942,-9.858236,139.399942,-320.560718,42.172929,-9.858236,42.172929,959.029397,327.88635,1.0,1.736761,0.831744,3.792854,1.0,142.0,1179.8100780370605,3.598228709542378,0.008368236060441325
48784.0,0.386592,0.701691,-0.598479,0.084659,0.619192,0.780663,0.918357,-0.352465,0.17997,322.502397,-58.128868,-66.693576,3.598679,3.596236,3.594795,90.058672,89.951893,90.017179,80.868231,0.066085,0.0532,123.634719,1.0,528.404697,179.288842,-166.133352,179.288842,-278.73838,307.549862,-166.133352,307.549862,1276.641605,-306.909399,-82.739826,109.156751,-82.739826,-112.989388,100.224743,109.156751,100.224743,1237.105516,286.167193,1.0,3.795652,1.389841,1.937259,1.0,152.0,1464.1639917582102,5.116463478600813,0.008088342886919975
46969.0,-0.173393,0.814554,-0.553566,0.345052,0.576698,0.740512,0.922428,-0.062609,-0.38106,359.95857,-236.738648,178.486331,3.599005,3.594422,3.590839,89.977961,90.084627,89.987976,150.932397,0.064534,0.068143,68.451341,0.859155,-700.790268,642.217905,-58.061994,642.217905,-655.102563,281.50572,-58.061994,281.50572,1367.52545,-449.766131,134.577257,-27.192292,134.577257,-7.471622,251.639396,-27.192292,251.639396,1284.760864,642.02636,1.0,3.783521,1.961738,1.638567,1.0,122.0,1580.716988212418,2.4620749032990146,0.012551324597132436
47862.0,0.18866,-0.574489,0.796473,0.436434,0.775592,0.45605,-0.879734,0.261569,0.39705,-197.773437,517.149952,93.633513,3.597462,3.591305,3.593259,90.030568,90.10008,90.100435,196.587469,0.057801,0.074431,70.944407,0.869565,-378.53557,-43.885233,-46.48554,-43.885233,-1647.561837,25.84466,-46.48554,25.84466,1412.52214,-68.666153,42.067226,-119.046947,42.067226,-284.761551,-169.470442,-119.046947,-169.470442,1229.933324,600.794055,1.0,2.090815,1.162496,5.001392,1.0,119.0,1430.7954909350715,2.3815074051208307,0.012256991590612634
46953.0,-0.533319,-0.603066,-0.593197,0.729441,-0.682959,0.03851,-0.428353,-0.412164,0.804136,417.547348,-131.274995,167.479573,3.593633,3.595172,3.596498,90.072872,90.095807,89.951676,116.06983,0.069317,0.064138,85.64711,0.959459,-585.899424,262.592987,225.664995,262.592987,-540.822881,25.020631,225.664995,25.020631,1425.661063,-132.652826,7.775865,20.691795,7.775865,-282.802357,190.486625,20.691795,190.486625,1246.048752,475.907159,1.0,4.64756,0.636576,3.946249,1.0,142.0,1468.9978368722682,3.0867319583067423,0.01120246789412976
48351.0,-0.467314,-0.482943,0.740529,-0.72655,0.687035,-0.010437,-0.503729,-0.542908,-0.671943,338.497188,456.461045,-100.632146,3.59634,3.59591,3.596578,89.911378,89.98621,90.008176,93.378707,0.056695,0.050466,89.331348,1.0,-215.730688,370.71154,-167.244109,370.71154,450.297261,-251.32422,-167.244109,-251.32422,1046.210385,-420.679607,92.138538,49.76722,92.138538,-60.082511,30.562167,49.76722,30.562167,1125.17877,372.127839,1.0,1.556704,2.307626,3.889575,1.0,146.0,1403.9948700506409,3.772883194720191,0.011194278631057934
47885.0,-0.122182,0.294575,0.947786,-0.979508,-0.189842,-0.067268,0.160114,-0.936582,0.311733,491.242416,153.650779,165.17447,3.593562,3.599004,3.592149,90.081012,90.028737,89.982664,159.211065,0.081709,0.081548,64.564989,0.802817,-897.465052,272.444251,25.705945,272.444251,-270.14938,487.635837,25.705945,487.635837,1304.18523,-678.278756,362.20861,-212.541204,362.20861,-448.421792,23.044468,-212.541204,23.044468,1203.436396,822.254252,1.0,1.499942,1.25378,2.972274,1.0,114.0,1814.8927575094187,2.2072160199779893,0.012434246678180338
48112.0,0.471691,-0.761567,-0.444437,0.744179,0.073465,0.663928,-0.472975,-0.643909,0.601395,-208.82525,-131.039568,-119.002454,3.595885,3.595279,3.596266,90.020384,90.013032,89.98921,155.868098,0.066076,0.070726,83.850178,0.95,101.286116,25.851739,-131.339448,25.851739,244.896932,54.900837,-131.339448,54.900837,546.800824,112.743765,-93.224081,-232.27532,-93.224081,-436.840702,188.016257,-232.27532,188.016257,1090.016241,1105.007241,1.0,3.731489,0.92555,3.775123,1.0,133.0,1366.6355956848338,1.236766190281312,0.011329731464612991
46974.0,-0.518531,-0.594871,-0.614211,0.749128,0.030256,-0.661734,0.41223,-0.803252,0.429945,568.218173,35.322591,33.890521,3.593854,3.596903,3.594324,90.073244,89.989709,90.043417,81.922211,0.054473,0.048145,89.927116,0.993243,-541.18988,-37.662649,110.922634,-37.662649,-269.273867,-178.605612,110.922634,-178.605612,1048.722717,-128.255055,248.268755,250.239034,248.268755,-370.587019,-117.759105,250.239034,-117.759105,1137.419896,368.424166,1.0,5.535016,1.126364,2.66744,1.0,147.0,1439.0845964602158,3.9060537534343385,0.011044977801801184
48819.0,0.242231,0.7877,-0.566439,0.00763,0.582261,0.812966,0.970188,-0.201248,0.135032,210.83542,191.095258,14.273333,3.601268,3.593314,3.593148,90.019507,89.985866,89.995031,106.712866,0.067996,0.065865,89.013279,0.993056,-147.182616,2.681703,453.275864,2.681703,-586.282336,147.862304,453.275864,147.862304,1709.770434,-476.56878,97.590665,284.858337,97.590665,-347.85049,4.66645,284.858337,4.66645,1715.834797,553.054777,1.0,3.750138,1.435351,1.775328,1.0,143.0,2146.862103759451,3.8818254412427784,0.011156268044007232
48732.0,-0.814731,0.088772,0.573003,-0.573098,0.026959,-0.819043,-0.088155,-0.995687,0.028911,241.552103,-212.568157,154.890901,3.592937,3.600121,3.5944,89.986428,90.031993,89.985647,95.595711,0.072669,0.062392,92.609812,1.0,-97.797052,-296.760103,-115.990457,-296.760103,-498.241014,89.187017,-115.990457,89.187017,1496.721577,-492.778345,-302.241677,-88.128254,-302.241677,-466.607851,-10.573085,-88.128254,-10.573085,1680.496714,474.777929,1.0,0.610458,1.541882,3.2299,1.0,142.0,2177.465270189678,4.586281579634419,0.010797991901765225
47165.0,0.573309,0.819118,0.019066,-0.817113,0.569881,0.08696,0.060365,-0.065434,0.996029,335.878052,-326.360077,-8.202355,3.595183,3.592514,3.600872,90.026092,90.061647,89.988327,93.233124,0.050327,0.050898,142.643451,1.0,-298.07129,-415.778134,-422.175696,-415.778134,-147.066972,480.909076,-422.175696,480.909076,1654.125665,-479.696536,-17.398587,0.592107,-17.398587,-486.721673,171.150073,0.592107,171.150073,1537.744135,170.849075,1.0,2.925755,0.089143,2.396469,1.0,144.0,2026.4465370048865,11.86103311946457,0.007010486587288189
47083.0,-0.254407,-0.862625,-0.437214,0.555261,-0.500436,0.664266,-0.79181,-0.073774,0.606296,303.58295,-91.997155,33.799842,3.596806,3.589887,3.595279,90.052222,90.03914,90.025086,140.912232,0.065183,0.06337,94.544217,0.864286,-1454.583556,-328.508735,-6.158168,-328.508735,77.407002,-94.856748,-6.158168,-94.856748,751.04736,-209.910585,47.586706,-98.135336,47.586706,-304.846037,52.532808,-98.135336,52.532808,981.994299,538.57586,1.0,3.723705,0.919402,4.619486,1.0,121.0,1246.5131657789025,2.314461635504611,0.009141606196812651
47188.0,0.507423,0.794699,0.333131,-0.747318,0.213384,0.629272,0.428997,-0.568262,0.702168,367.805717,-369.54162,-144.007808,3.594303,3.597792,3.595971,90.060761,89.919585,89.958785,85.589713,0.082533,0.076826,145.333032,1.0,789.094158,-166.486893,-156.215044,-166.486893,-811.703316,205.367538,-156.215044,205.367538,1090.80701,-199.444853,18.299468,82.127572,18.299468,-151.85936,-2.880958,82.127572,-2.880958,966.052205,342.728808,1.0,2.65471,0.792358,2.494945,1.0,142.0,1144.77207366958,3.340168806789011,0.0068807482114595945
47666.0,0.087023,-0.192516,-0.977428,0.994155,0.079722,0.07281,0.063905,-0.97805,0.198329,319.196673,504.888397,-8.224554,3.59516,3.599801,3.594399,90.012835,90.032548,90.016525,85.324417,0.055395,0.05148,107.355536,1.0,-26.60722,306.397808,208.06899,306.397808,58.491926,-15.284169,208.06899,-15.284169,1397.791855,-421.397797,3.544276,180.742647,3.544276,-276.798911,-20.140252,180.742647,-20.140252,1395.199353,310.025915,1.0,4.638035,1.371144,3.076346,1.0,142.0,1755.8675038525698,5.663615262138876,0.009314843344455008
46985.0,-0.285783,-0.182538,-0.940749,0.489966,0.81584,-0.307144,0.823566,-0.548712,-0.143716,-38.497884,468.119581,147.28908,3.599066,3.595864,3.591372,89.947087,90.05399,90.030161,120.068548,0.077232,0.06614,79.344146,0.964789,-843.060918,-553.363858,216.420894,-553.363858,108.29827,374.4722,216.420894,374.4722,1312.761974,-619.482106,-83.097505,91.93725,-83.097505,0.477205,162.399876,91.93725,162.399876,1198.366964,569.481273,1.0,5.027967,1.715011,2.158519,1.0,137.0,1610.3511608981353,2.8277508624908467,0.01215954860740451
48563.0,0.66743,0.484569,-0.565447,0.422361,0.379046,0.823368,0.613309,-0.788363,0.048324,564.647395,11.557739,-93.365211,3.596884,3.598488,3.594248,90.022379,90.010198,90.027004,75.01955,0.047733,0.045652,133.504126,1.0,488.462049,251.69069,-160.127815,251.69069,-96.165231,-62.279482,-160.127815,-62.279482,1109.645973,2.571783,198.511419,26.156937,198.511419,-180.366877,-49.568783,26.156937,-49.568783,1107.739388,258.866143,1.0,3.743369,1.522454,2.480441,1.0,142.0,1220.2257553437307,4.713732515200841,0.007490405202907361
47174.0,0.568016,0.028329,0.82253,-0.822995,0.012105,0.56792,0.006132,-0.999525,0.03019,104.770597,-257.663448,168.006602,3.590525,3.599745,3.592333,90.038673,89.9953,89.970522,176.9725,0.08642,0.082086,65.091,0.807143,-799.438602,208.301854,72.487297,208.301854,-1058.058676,379.840751,72.487297,379.840751,1407.371063,-591.090825,-33.583734,162.073401,-33.583734,-284.646472,41.701752,162.073401,41.701752,1624.795856,745.083836,1.0,2.175088,1.540602,3.135458,1.0,113.0,2084.914142645721,2.7982275844804674,0.01240022430136271
47151.0,-0.365483,-0.908218,-0.203869,0.817297,-0.417938,0.396679,-0.445476,-0.021642,0.895033,-87.969869,408.649616,161.033634,3.593645,3.59228,3.596183,90.028305,90.024197,90.009986,169.653996,0.083015,0.082972,67.802444,0.8,-769.321767,-16.148106,77.182763,-16.148106,-255.328546,209.852134,77.182763,209.852134,436.942602,-317.83725,168.391897,38.973488,168.391897,-379.677048,244.072653,38.973488,244.072653,873.198038,1020.660104,1.0,3.616329,0.462292,4.663846,1.0,111.0,1250.2508817282105,1.2249434232105643,0.011798984709164764
48501.0,0.746168,-0.366136,-0.556037,0.56748,-0.086956,0.818783,-0.348137,-0.926489,0.142891,-6.027426,328.74605,-81.078279,3.594208,3.597473,3.593579,90.010919,90.016455,89.963665,127.950234,0.061667,0.065767,87.30813,0.966216,-173.380743,3.627467,56.110678,3.627467,-409.674132,-1.520051,56.110678,-1.520051,872.129839,-570.117938,-118.008297,-72.327658,-118.008297,-246.690621,130.291104,-72.327658,130.291104,1215.532449,542.637278,1.0,3.738155,1.427415,3.501029,1.0,143.0,1656.1172015434943,3.051978307954534,0.011066735709492345
47226.0,0.430743,0.881342,0.194156,-0.674709,0.171614,0.717856,0.599356,-0.44021,0.668571,14.036034,218.614095,123.656933,3.595016,3.595857,3.595454,90.059219,89.94908,90.030286,102.482655,0.071715,0.061944,90.991466,0.878571,-40.283855,-75.235259,-245.02485,-75.235259,-350.631048,30.287845,-245.02485,30.287845,975.886827,-192.998248,116.692551,-26.008428,116.692551,-320.72751,-24.440028,-26.008428,-24.440028,1143.588622,448.523064,1.0,2.877446,0.838511,2.204285,1.0,123.0,1408.782686753841,3.1409369992929532,0.00965553187152738
47129.0,-0.320192,-0.318704,-0.892135,0.712177,0.54003,-0.448522,0.624725,-0.778971,0.05406,330.472633,398.615658,47.990747,3.595005,3.59676,3.588279,89.988125,89.974595,90.083962,163.928628,0.062949,0.065037,84.376223,0.950704,-1329.877868,-683.533925,117.647451,-683.533925,-916.436133,-15.529489,117.647451,-15.529489,1083.477489,-471.08566,132.557341,8.487823,132.557341,-386.766033,21.663614,8.487823,21.663614,1125.376917,698.128071,1.0,5.178235,1.51671,2.465641,1.0,135.0,1560.3762473261568,2.235085956493729,0.011267439643511894
47182.0,0.555516,-0.014626,0.831377,-0.830937,0.027201,0.555701,-0.030742,-0.999523,0.002957,-129.237179,-279.341974,-69.143248,3.593674,3.600367,3.592352,90.008834,90.01697,89.960892,142.626157,0.058576,0.070223,84.388266,0.986111,-690.80692,-105.803677,-95.255378,-105.803677,-289.888347,277.604601,-95.255378,277.604601,1585.033286,-547.611515,-73.066729,69.292502,-73.066729,-269.658303,-90.303236,69.292502,-90.303236,1254.955064,589.212526,1.0,2.160005,1.567839,3.172339,1.0,142.0,1684.991466870431,2.859734633120191,0.011685404224326637
47006.0,-0.472952,0.094117,-0.876047,0.737958,0.585543,-0.335495,0.481387,-0.805159,-0.346388,-117.34533,-421.682985,21.557453,3.594503,3.598717,3.591748,90.007411,90.005463,90.033761,128.167515,0.084912,0.072701,92.280592,0.978571,-646.45268,-40.958318,-478.189769,-40.958318,44.068377,-534.348846,-478.189769,-534.348846,810.236561,-723.162432,114.748905,39.598805,114.748905,-124.050428,-101.596549,39.598805,-101.596549,1029.731037,737.565618,1.0,5.078124,1.924515,2.602735,1.0,137.0,1549.2527600370042,2.1004948200242763,0.010604299114162597
48458.0,-0.348675,-0.519088,0.780367,-0.48972,0.810822,0.320535,-0.799125,-0.270399,-0.536921,554.989833,209.882525,-104.39756,3.595489,3.594312,3.592866,89.972633,89.869411,89.992768,104.286251,0.075964,0.073416,108.775295,1.0,-1115.728697,-498.472895,-190.340722,-498.472895,-366.05903,47.259025,-190.340722,47.259025,1046.931072,-380.868145,-30.776573,-7.710938,-30.776573,-168.344901,98.931566,-7.710938,98.931566,1032.424853,338.35149,1.0,1.960534,2.13758,4.386114,1.0,144.0,1322.9894927209073,3.9101039357648677,0.00919326396678584
47027.0,-0.181622,-0.912169,0.367371,0.38729,0.27704,0.879349,-0.903891,0.301988,0.302957,-73.026275,-91.582032,16.971778,3.599045,3.595276,3.593546,90.006553,90.04635,90.048669,40.706784,0.05105,0.044066,142.566967,1.0,70.143531,-10.416996,-42.627564,-10.416996,-460.839925,-183.896983,-42.627564,-183.896983,1404.506957,-89.85737,-21.685697,82.636634,-21.685697,-237.084747,-259.048557,82.636634,-259.048557,1350.811331,144.897689,1.0,2.745857,1.263002,5.034828,1.0,142.0,1537.8920666829358,10.613641095980045,0.007014247557079614
48630.0,0.843882,0.099844,-0.527158,0.484385,0.280748,0.828584,0.230727,-0.954574,0.188555,595.415486,-331.379711,12.914999,3.590318,3.598974,3.594305,90.066828,89.967334,90.033427,140.671473,0.084322,0.071664,94.291051,1.0,-1139.065727,-335.653542,-406.147023,-335.653542,-401.273575,155.174491,-406.147023,155.174491,1365.873937,-345.938129,-25.442161,2.761188,-25.442161,-538.974825,-251.303889,2.761188,-251.303889,1247.211451,422.30486,1.0,3.708216,1.381106,2.904434,1.0,146.0,1711.9525433464253,4.053831024692506,0.010605460320937562
47422.0,0.222949,0.94365,-0.244578,-0.451403,0.32231,0.832077,0.864019,-0.075107,0.497825,-207.47053,310.795104,-40.186522,3.597589,3.592582,3.594698,89.987729,89.944817,90.031577,113.830067,0.054795,0.058682,83.349971,0.9,-713.852427,56.038687,-19.895494,56.038687,-133.471488,-136.750899,-19.895494,-136.750899,1027.340812,-551.035489,-147.569505,149.17792,-147.569505,-102.095293,-227.613417,149.17792,-227.613417,1247.638099,466.509728,1.0,3.427478,1.049708,1.657506,1.0,126.0,1643.5194283249239,3.5230121253225484,0.010797844188812016
47262.0,-0.149071,-0.408203,-0.900638,0.573515,0.706275,-0.415037,0.805517,-0.5784,0.128825,348.938174,-259.202027,-142.399184,3.594387,3.593236,3.590773,90.039481,90.045945,90.110801,172.222056,0.065273,0.069038,68.307798,0.826389,-1445.790062,387.926314,413.172789,387.926314,-822.645032,-55.43888,413.172789,-55.43888,645.743823,-409.643115,-19.809634,228.634558,-19.809634,-652.105577,-115.240919,228.634558,-115.240919,862.798838,877.891689,1.0,5.144209,1.441612,2.193532,1.0,119.0,1426.8412550113273,1.625304434350702,0.012098018442930923
48611.0,-0.554831,-0.487869,0.673904,-0.528352,0.832327,0.167562,-0.642657,-0.26309,-0.719567,171.773299,-53.052501,22.264743,3.59621,3.592103,3.594841,89.935904,89.955909,89.993631,124.063829,0.070692,0.066611,78.787303,0.9375,-661.75581,504.883847,147.366848,504.883847,-354.596987,19.874472,147.366848,19.874472,718.749826,-141.624732,53.121421,0.616033,53.121421,-432.470792,5.255166,0.616033,5.255166,900.588489,575.175457,1.0,1.814498,2.373974,4.323824,1.0,135.0,1214.9324462203776,2.112281446355903,0.011899125421262358
48822.0,-0.73656,0.448322,0.506446,-0.452537,0.229839,-0.861617,-0.502682,-0.863818,0.033592,79.239391,101.822225,-137.148325,3.595623,3.599629,3.593297,89.959138,90.006672,89.981477,91.177209,0.058164,0.056187,112.714444,1.0,402.284147,216.895502,-510.613131,216.895502,-396.360865,86.226857,-510.613131,86.226857,1197.815477,61.453015,44.69209,-127.765425,44.69209,-232.388189,-152.289402,-127.765425,-152.289402,1187.847041,371.706504,1.0,0.531389,1.537198,3.66862,1.0,140.0,1310.4282575847267,3.5254380633187057,0.008871977401583067
47055.0,-0.434939,0.318413,-0.842283,0.768964,0.618048,-0.163434,0.468532,-0.71877,-0.513661,-83.666178,13.928255,128.851299,3.595113,3.597026,3.595586,89.931281,90.055844,90.022037,71.85205,0.059456,0.049738,121.585991,1.0,-374.986571,64.868275,195.377243,64.868275,129.070551,-64.968855,195.377243,-64.968855,1219.806237,-165.866092,85.076137,-39.883968,85.076137,58.473496,-74.352563,-39.883968,-74.352563,1188.978058,415.042216,1.0,4.904044,2.110243,2.563916,1.0,146.0,1262.043375177424,3.0407590517910688,0.00822463173409509
47256.0,0.504393,0.817386,0.27833,-0.861531,0.454781,0.225698,0.057903,-0.35363,0.933591,473.648625,416.839635,5.95764,3.594153,3.591066,3.599516,90.034001,90.015247,89.980616,129.734629,0.065854,0.063019,89.693635,1.0,-654.440635,-381.178354,351.933969,-381.178354,-406.69137,511.4981,351.933969,511.4981,1203.946459,-337.118372,-78.96273,277.701077,-78.96273,-463.355532,111.160811,277.701077,111.160811,1297.817683,581.473481,1.0,2.252148,0.366488,2.979294,1.0,138.0,1722.5340937024368,2.9623605374746864,0.011149063141436958
48060.0,-0.251003,0.935979,-0.246862,-0.849265,-0.090562,0.520142,0.464486,0.340209,0.817625,527.556732,-247.839746,67.381169,3.593337,3.591908,3.598491,89.960732,89.935613,89.978896,79.31283,0.058624,0.048628,97.148558,1.0,-826.374111,-73.615493,-298.190194,-73.615493,-506.371203,342.431873,-298.190194,342.431873,1197.190063,-372.231433,10.004151,-9.72188,10.004151,-315.28175,254.122571,-9.72188,254.122571,1035.281937,338.824494,1.0,3.584719,0.613522,0.938628,1.0,152.0,1397.4116688336715,4.12429353125123,0.010293513569187512
47374.0,0.285467,0.958381,0.003733,-0.576845,0.168708,0.799242,0.765349,-0.230311,0.600998,36.468919,66.590459,-134.379694,3.596633,3.595087,3.595783,90.024468,89.937203,90.032411,51.456026,0.044887,0.042023,149.559695,1.0,-23.558398,32.76561,-121.724883,32.76561,-145.026107,-7.703625,-121.724883,-7.703625,1081.210139,-18.837281,30.000991,0.138698,30.000991,-11.56508,-156.73383,0.138698,-156.73383,1069.494743,152.231474,1.0,3.136922,0.926047,1.863099,1.0,134.0,1093.4825509634325,7.183025442973984,0.006686293389405481
48293.0,0.517146,-0.454516,-0.725241,0.555552,0.822844,-0.119539,0.651093,-0.34109,0.678038,420.675316,94.251433,29.640107,3.594609,3.594761,3.593202,90.062516,89.897648,90.034849,151.229759,0.061437,0.068803,76.802585,0.816901,-1121.286571,-221.664759,266.138686,-221.664759,-302.727258,-145.293965,266.138686,-145.293965,963.312216,-135.032042,146.011574,144.672748,146.011574,-385.124766,-52.096608,144.672748,-52.096608,858.803375,784.867908,1.0,4.875747,0.825706,2.05336,1.0,116.0,1154.3521748440598,1.470759809488936,0.010636373762679993
47081.0,-0.409483,-0.602993,-0.684634,0.788785,0.143071,-0.597786,0.458412,-0.784812,0.417046,522.879255,-101.175761,117.938143,3.594466,3.597409,3.595491,90.00868,89.955975,90.04502,49.330188,0.053145,0.046016,119.33927,1.0,313.824899,122.775265,80.636718,122.775265,-395.931915,35.181562,80.636718,35.181562,956.613406,-107.782477,-65.363706,242.881443,-65.363706,-220.284469,-8.836702,242.881443,-8.836702,1059.065908,283.645667,1.0,5.430169,1.140603,2.612943,1.0,138.0,1246.182587743104,4.393448350272539,0.00837947140115739
47082.0,-0.45635,0.108281,-0.883187,0.859446,0.310683,-0.405992,0.23043,-0.944326,-0.234842,326.991503,-266.979339,107.272516,3.595945,3.597039,3.590286,89.99184,90.008362,90.037334,166.187902,0.068095,0.075707,85.082423,0.860294,-929.541804,-519.095968,-441.565326,-519.095968,-36.143164,45.383687,-441.565326,45.383687,701.182427,-557.874436,-243.847145,-120.949526,-243.847145,-389.230706,15.097327,-120.949526,15.097327,970.610513,863.576146,1.0,5.143271,1.807852,2.902255,1.0,117.0,1470.6040100498642,1.7029233807135107,0.010111301132079888
47320.0,0.388862,0.843371,0.370826,-0.759059,0.065174,0.647751,0.522127,-0.533364,0.665512,-102.37439,289.506643,157.656241,3.595648,3.595553,3.598525,90.069654,89.996871,90.044859,80.64678,0.048938,0.044041,124.598113,1.0,-286.030828,83.966688,-90.103549,83.966688,548.645396,353.449275,-90.103549,353.449275,1267.917141,-2.085221,8.315644,12.475969,8.315644,-123.543072,-19.604124,12.475969,-19.604124,1072.451896,449.40356,1.0,2.621653,0.842617,2.366841,1.0,148.0,1140.328827791501,2.537427224189103,0.008025803729467396
47090.0,-0.356236,0.168674,-0.919046,0.718638,0.678094,-0.154103,0.597206,-0.715358,-0.362777,194.977893,375.010221,-135.449808,3.594308,3.596737,3.59577,89.956363,89.968567,90.104603,109.867694,0.064428,0.061794,129.434628,1.0,413.598154,-168.256589,-158.019616,-168.256589,-830.964801,-354.516636,-158.019616,-354.516636,1137.358608,-120.774776,-59.058903,-21.08501,-59.058903,-204.78397,-31.065108,-21.08501,-31.065108,1206.919839,243.224176,1.0,4.878521,1.942042,2.445969,1.0,144.0,1372.9684152648247,5.644868194619044,0.007725907784120954
47346.0,0.344648,0.375779,0.860237,-0.703981,0.709668,-0.02796,-0.62099,-0.595955,0.509127,-318.338286,-110.837406,112.089508,3.59529,3.595569,3.595026,90.027209,90.03076,89.975989,97.022231,0.067206,0.063781,87.728612,0.978571,-148.830394,41.02199,31.316942,41.02199,-18.558825,-34.534584,31.316942,-34.534584,630.330959,-420.285363,8.454259,-170.306885,8.454259,61.532276,-33.046992,-170.306885,-33.046992,863.934368,477.567637,1.0,1.538305,1.036627,3.94756,1.0,137.0,1133.6819862439506,2.3738668586622644,0.01115452504822486
47092.0,-0.464333,-0.782622,-0.414605,0.884999,-0.428102,-0.183045,-0.034238,-0.451919,0.891402,-69.213161,102.032784,1.145271,3.593922,3.595838,3.596774,90.052386,90.043918,89.969727,125.336023,0.067715,0.064314,81.924652,0.956522,-17.622531,70.004331,344.120126,70.004331,-251.179015,-295.991014,344.120126,-295.991014,911.575401,-262.880727,77.101606,139.864831,77.101606,-134.752238,-71.862724,139.864831,-71.862724,953.232159,687.333003,1.0,5.128146,0.470368,3.21721,1.0,132.0,1167.2754878032931,1.6982677722566644,0.011675630919982425
47379.0,0.303051,0.429193,0.850855,-0.642478,0.751438,-0.150212,-0.703834,-0.501134,0.503471,-65.007927,-75.031192,4.010141,3.596199,3.594018,3.595754,90.065638,90.058163,89.964992,118.369944,0.081904,0.070137,98.262471,0.815068,-396.460891,-223.090469,286.319885,-223.090469,-203.397917,25.392694,286.319885,25.392694,1085.653397,36.743489,-136.80885,3.965928,-136.80885,-243.914641,-145.027387,3.965928,-145.027387,889.433699,555.892063,1.0,1.396055,1.043185,4.093651,1.0,119.0,1036.8162902488086,1.8651395824099195,0.008294804636044619
47922.0,-0.059508,0.926026,-0.372739,-0.592939,0.267599,0.759483,0.803046,0.266207,0.533153,566.128219,220.233169,-134.749529,3.597543,3.591695,3.596106,89.968152,89.920178,89.972037,95.367781,0.06926,0.057736,117.112064,1.0,-858.616558,-137.654938,-265.365487,-137.654938,-160.094764,37.27841,-265.365487,37.27841,1330.08238,-248.450425,-41.233317,65.389603,-41.233317,-38.650938,-101.914689,65.389603,-101.914689,1064.763949,230.387931,1.0,3.597837,1.008474,1.2507,1.0,142.0,1226.9099631486467,5.325409008289791,0.008538829953505045
48339.0,-0.182537,0.883859,-0.430667,-0.381111,0.340174,0.859672,0.90633,0.321054,0.274754,499.622472,123.885675,-34.463118,3.599399,3.593891,3.59376,89.976603,89.951425,89.993144,56.1444,0.053304,0.044123,117.525953,1.0,-299.876164,224.409911,-370.421365,224.409911,-214.747272,-164.925652,-370.421365,-164.925652,1301.579123,-236.558943,-44.949848,-166.047932,-44.949848,-250.602231,-173.465233,-166.047932,-173.465233,1271.880615,459.816988,1.0,3.606013,1.292462,1.230354,1.0,142.0,1530.206688304886,3.3278602753686997,0.008508758912169808
48239.0,-0.343342,-0.33125,0.878857,-0.704878,0.709283,-0.008037,-0.620696,-0.622246,-0.477018,501.656937,482.518242,-57.151879,3.59461,3.597724,3.592903,89.921922,89.908012,90.026997,93.215936,0.067718,0.057628,115.433678,1.0,-1243.497725,-266.083064,-293.66198,-266.083064,636.413416,-337.370683,-293.66198,-337.370683,887.618721,-203.408713,-23.248091,43.001585,-23.248091,-86.175125,-43.823885,43.001585,-43.823885,913.965288,266.287892,1.0,1.561651,2.068055,3.925744,1.0,148.0,1065.1324876272756,3.9999283468257567,0.008662983085404244
47142.0,-0.167572,-0.372366,-0.912833,0.475384,0.780646,-0.405712,0.863672,-0.501932,0.046202,504.165721,325.091177,-35.816299,3.597906,3.593708,3.591055,90.03907,89.961821,90.053462,122.017571,0.061211,0.056289,93.923073,0.978873,-1057.314877,-153.242804,-442.790391,-153.242804,-404.062352,98.615261,-442.790391,98.615261,1029.042049,-464.156886,228.019088,-178.506836,228.019088,-493.734204,266.351154,-178.506836,266.351154,1208.867431,568.793905,1.0,5.130621,1.524578,2.097248,1.0,139.0,1722.053717057105,3.0275530414783627,0.0104220716883912
47363.0,0.345892,0.777888,0.524641,-0.74105,-0.116477,0.66127,0.575502,-0.617514,0.536166,538.252783,508.091613,-114.79696,3.594762,3.593902,3.600476,90.016919,89.966783,90.060121,160.603344,0.068068,0.073576,84.03432,1.0,1.276414,783.559127,566.655474,783.559127,345.672392,406.446097,566.655474,406.446097,1021.127495,-492.913891,73.020163,194.285403,73.020163,-230.477945,41.136588,194.285403,41.136588,1126.554303,618.85493,1.0,2.470898,1.004908,2.391395,1.0,141.0,1516.6151210155497,2.4506795494309945,0.011899899945641258
47722.0,0.038754,0.002628,0.999245,-0.982975,0.179839,0.03765,-0.179604,-0.983693,0.009553,-310.935476,-316.349611,115.419723,3.593973,3.598818,3.591511,90.016174,89.985816,89.965298,100.707509,0.058136,0.050091,88.149252,0.992857,-888.359335,-170.57345,95.020498,-170.57345,-289.162983,47.260547,95.020498,47.260547,1200.049629,-641.390056,124.95878,-99.451431,124.95878,10.819672,-70.490092,-99.451431,-70.490092,1368.506961,420.707676,1.0,1.608457,1.561243,3.322185,1.0,139.0,1782.426650426506,4.2367343219725475,0.011263362733923142
48360.0,0.639743,-0.356995,-0.680649,0.620148,0.762904,0.182741,0.454032,-0.539011,0.709452,-297.025883,-296.548321,85.634592,3.594875,3.594683,3.592801,90.013726,89.857649,90.023047,125.604579,0.067729,0.059951,90.387488,0.992857,-1286.226227,-277.645127,535.42728,-277.645127,43.989695,540.494199,535.42728,540.494199,721.19054,-350.13973,266.782463,133.308742,266.782463,148.81231,8.6403,133.308742,8.6403,974.980444,370.340619,1.0,4.450094,0.782075,2.441561,1.0,139.0,1187.6402099251445,3.2068861717951185,0.0109844517418163
47657.0,0.076301,0.025496,-0.996759,0.986744,0.141667,0.079159,0.143226,-0.989586,-0.014349,373.379968,-8.061989,58.16034,3.593699,3.600777,3.592698,89.989099,90.050185,90.039449,124.627473,0.055961,0.060738,76.072707,0.964789,-504.687642,431.379931,127.99287,431.379931,-414.924705,46.781291,127.99287,46.781291,1740.432659,-676.581429,-8.082479,-36.047152,-8.082479,-470.338595,-84.850838,-36.047152,-84.850838,1825.800631,604.259363,1.0,4.633139,1.585146,2.997858,1.0,137.0,2407.2343060530247,3.9837765923918744,0.01268245916370506
48057.0,0.361671,-0.860791,-0.358095,0.614288,-0.06891,0.786067,-0.701316,-0.504271,0.503851,-303.435101,204.063593,-63.11477,3.597171,3.5927,3.593277,90.065358,90.006965,89.948071,97.234294,0.055738,0.053413,95.891346,1.0,-1002.606198,347.694071,-35.639125,347.694071,-34.402684,-330.178757,-35.639125,-330.178757,738.076031,-450.68926,61.08327,1.702976,61.08327,-385.282294,-64.525389,1.702976,-64.525389,1046.175647,398.956068,1.0,3.569055,1.042745,4.089001,1.0,150.0,1467.2765324916652,3.677789737219049,0.010428469739073222
48771.0,0.670292,0.609198,-0.423777,0.236806,0.36561,0.90014,0.703301,-0.703709,0.100804,-57.489037,-79.461397,-11.805124,3.595555,3.596755,3.593793,89.982894,90.030517,90.089824,114.123863,0.06034,0.06344,102.03251,0.905797,-303.995109,-119.351872,26.247656,-119.351872,-276.784608,-465.593968,26.247656,-465.593968,1103.47913,-256.365079,-12.438586,-21.752108,-12.438586,-255.543247,-159.256925,-21.752108,-159.256925,1058.356005,469.471744,1.0,3.5816,1.469821,2.356485,1.0,125.0,1321.7052261576707,2.815303035911083,0.008877533248961532
47697.0,0.083035,-0.361357,0.928723,-0.492987,0.795024,0.353413,-0.866065,-0.487194,-0.11213,407.802366,-94.539114,-42.423297,3.598385,3.594867,3.592789,90.031051,90.001762,89.991151,97.108427,0.064389,0.056216,92.04889,0.992857,-281.763172,-369.78821,135.020724,-369.78821,-6.662817,480.799904,135.020724,480.799904,794.633994,-323.170174,-63.725438,0.496419,-63.725438,-356.341373,142.088622,0.496419,142.088622,1054.472475,406.331025,1.0,1.934412,1.683162,4.199971,1.0,139.0,1401.0301285247872,3.4480018564292183,0.010786191989930569
48752.0,0.914944,-0.40348,0.009031,0.382854,0.874816,0.296848,-0.127673,-0.268142,0.954882,406.259098,-212.851288,-44.572837,3.592553,3.595064,3.597321,90.049939,89.982768,90.053515,160.00817,0.064499,0.069467,82.921482,0.929577,-144.76344,-454.305128,477.554146,-454.305128,-461.978714,32.056307,477.554146,32.056307,805.724833,-617.416491,-103.059507,-177.247429,-103.059507,-615.755542,-122.875418,-177.247429,-122.875418,1093.536104,786.10955,1.0,3.11118,0.301534,3.585969,1.0,132.0,1722.6061497484714,2.1913054608590765,0.011210327861723456
48560.0,0.759474,-0.396787,-0.515519,0.500442,0.862663,0.073285,0.41564,-0.313645,0.853739,-13.705422,-159.804584,-98.498192,3.595365,3.594076,3.597074,90.047699,89.933751,90.040268,94.11984,0.063452,0.057085,95.314956,1.0,-168.279946,24.494576,211.968701,24.494576,-404.17384,23.646443,211.968701,23.646443,1209.755721,-175.432672,64.438776,110.976866,64.438776,-255.65623,-56.778649,110.976866,-56.778649,1094.786327,527.314054,1.0,4.571177,0.547673,2.21724,1.0,138.0,1317.7870233592712,2.499055379546685,0.010491532934243814
48195.0,0.499829,-0.329853,-0.800854,0.653018,0.75094,0.098267,0.56898,-0.572089,0.590742,526.00337,-81.487332,13.320928,3.595858,3.593178,3.589053,90.141855,89.912076,90.061675,162.565645,0.076861,0.072685,85.109157,0.894366,-2076.321016,668.611937,559.05616,668.611937,-740.392884,41.904786,559.05616,41.904786,1106.404141,-282.074183,146.556793,70.325185,146.556793,-500.337408,48.366765,70.325185,48.366765,1093.478626,689.44432,1.0,4.590296,0.938818,2.358919,1.0,127.0,1503.858324400128,2.1812614605340834,0.010508457979439275
48660.0,0.617849,0.530549,-0.580328,0.298772,0.524288,0.797406,0.727322,-0.666063,0.165418,-288.994163,318.942407,59.392392,3.596506,3.595741,3.593815,90.073735,89.986157,90.043133,149.977742,0.089925,0.083317,82.513132,0.828767,241.857868,67.497142,-187.069139,67.497142,-641.951461,269.232752,-187.069139,269.232752,911.582276,-160.70632,50.536757,-37.136769,50.536757,-462.60862,7.267691,-37.136769,7.267691,1255.935454,734.669986,1.0,3.770714,1.404614,2.312259,1.0,121.0,1590.1873369191655,2.1644920402657712,0.010044061834908897
48127.0,-0.317352,0.929407,-0.188391,-0.83508,-0.179753,0.519933,0.449365,0.322323,0.833174,179.637786,165.608768,-105.47551,3.595802,3.593962,3.597397,89.96802,89.960742,89.994354,82.336779,0.058362,0.053765,99.547749,1.0,-216.828808,148.324095,-128.014668,148.324095,63.611608,51.451132,-128.014668,51.451132,970.912823,-168.974851,37.586242,20.614229,37.586242,-204.793947,89.251978,20.614229,89.251978,1092.039132,356.278596,1.0,3.489215,0.585974,0.948563,1.0,148.0,1282.1701698977383,3.598785288515447,0.010045430560162641
47159.0,-0.383236,-0.47872,-0.78991,0.86908,-0.476493,-0.132871,-0.312779,-0.737416,0.598655,-147.63808,103.832211,80.361497,3.593703,3.596563,3.594873,90.084415,90.062654,89.981202,112.137051,0.067999,0.062366,82.828648,0.972973,-731.890148,200.636353,-30.611887,200.636353,-205.030859,4.158765,-30.611887,4.158765,1190.899773,-64.319472,15.98445,110.680861,15.98445,-366.048163,-58.488786,110.680861,-58.488786,1002.179899,543.41026,1.0,4.879039,0.928976,3.542748,1.0,144.0,1249.879830532146,2.3000666762017814,0.011746817357202304
47453.0,0.254284,0.965161,0.06168,-0.646498,0.122203,0.753065,0.719291,-0.231368,0.655049,-154.447064,254.172801,48.676088,3.596303,3.594672,3.596686,90.023995,89.949781,89.992099,99.862319,0.061435,0.062801,89.628384,0.979167,35.095054,-176.850077,112.656954,-176.850077,11.967437,153.48669,112.656954,153.48669,909.691665,-178.939802,-78.901455,185.009656,-78.901455,-175.825417,122.043088,185.009656,122.043088,899.338843,468.719195,1.0,3.05987,0.856549,1.882005,1.0,141.0,1095.8319928831947,2.3379285605813407,0.010924742322699917
47178.0,-0.389264,-0.601745,-0.697407,0.91909,-0.304044,-0.25066,-0.061209,-0.738553,0.671411,187.18075,-371.635479,119.009727,3.588094,3.596772,3.594979,90.027906,89.972515,89.940717,163.620332,0.084831,0.077835,69.96324,0.802817,124.213052,333.647408,264.093871,333.647408,-1941.92354,34.828735,264.093871,34.828735,600.011666,-255.933299,137.873188,-31.460518,137.873188,-452.688169,12.160576,-31.460518,12.160576,816.650937,604.251819,1.0,5.057428,0.834685,3.224281,1.0,114.0,1189.6619641439,1.9688181760258798,0.011474840216090621
48617.0,0.84996,-0.521053,-0.077923,0.503491,0.759792,0.411355,-0.155132,-0.388869,0.908138,510.477647,280.585355,70.807433,3.585729,3.594393,3.599674,90.03973,89.914275,90.000573,181.68105,0.122618,0.087601,81.94725,0.826667,-1952.675069,-754.152989,953.586581,-754.152989,-370.338123,848.490685,953.586581,848.490685,1091.162129,-608.301261,-81.508985,-42.371113,-81.508985,-113.720157,402.708281,-42.371113,402.708281,1109.706193,919.893222,1.0,3.328806,0.431981,3.521178,1.0,124.0,1573.0307677324035,1.7100145213727898,0.010087794282297455
48400.0,0.278774,-0.384353,0.88009,0.166617,0.921879,0.349826,-0.945793,0.049116,0.321035,-76.42942,449.665678,-16.668471,3.599033,3.593207,3.593781,89.970853,90.044875,90.002882,43.423988,0.050794,0.044631,213.031046,1.0,-535.839858,196.080435,-120.609947,196.080435,-251.497749,-27.462763,-120.609947,-27.462763,1287.885259,-340.492221,-91.275969,-209.784952,-91.275969,-123.631943,-118.879311,-209.784952,-118.879311,1274.023256,106.70679,1.0,1.949136,1.243974,4.764274,1.0,142.0,1534.0858254540476,14.376646748103356,0.004694151480625035
47193.0,-0.313482,0.035827,-0.948918,0.799926,0.548453,-0.243554,0.511711,-0.835414,-0.200589,113.851869,238.797965,-15.499202,3.593198,3.597634,3.594647,89.953322,89.990421,90.07747,61.168399,0.051814,0.043455,128.826893,1.0,-27.292348,-58.271324,135.516355,-58.271324,-769.048068,-269.780376,135.516355,-269.780376,1145.376201,-164.571952,-51.545333,52.937662,-51.545333,-112.275651,-271.290873,52.937662,-271.290873,1077.833807,201.357954,1.0,4.96363,1.772755,2.592015,1.0,146.0,1241.2200807861425,6.1642465873791235,0.007762354402197683
48713.0,0.737256,0.558962,-0.379494,0.321687,0.203517,0.924715,0.594114,-0.80383,-0.029767,-241.785183,436.136961,-56.579028,3.596519,3.597498,3.59437,90.00515,90.024672,90.031688,96.787622,0.059244,0.05408,89.197278,1.0,405.269197,9.115212,-16.911202,9.115212,-186.439605,-72.669252,-16.911202,-72.669252,939.990386,-154.168937,24.878446,-35.168421,24.878446,-281.889544,-92.325316,-35.168421,-92.325316,1048.585009,638.127909,1.0,3.531024,1.600567,2.505102,1.0,148.0,1274.492393578681,1.9972365659040325,0.011211104446483221
48397.0,-0.341248,0.879489,-0.331735,-0.530016,0.11143,0.840635,0.776294,0.46269,0.428118,-45.739419,269.515577,-148.320689,3.598164,3.592188,3.5939,89.937567,89.952344,90.00959,104.810337,0.078176,0.07302,101.755796,1.0,-637.330449,546.406674,-598.985641,546.406674,-165.47949,-84.239178,-598.985641,-84.239178,810.77485,-197.343136,-24.804211,-103.062662,-24.804211,-321.964149,-60.330565,-103.062662,-60.330565,1188.862527,585.419302,1.0,3.517457,1.128387,1.033305,1.0,152.0,1456.3669162182725,2.487732999651372,0.009827450025549404
47201.0,-0.330732,-0.769162,-0.546815,0.862847,-0.011765,-0.505329,0.382247,-0.638946,0.667559,634.36355,-313.541775,-134.396943,3.596907,3.590924,3.595532,90.096236,90.001614,90.061633,179.542216,0.113051,0.095214,75.986154,0.902778,-1481.751658,-92.721277,-490.819733,-92.721277,517.829231,145.820973,-490.819733,145.820973,723.564466,-176.678637,99.847519,-6.709973,99.847519,3.581349,103.965352,-6.709973,103.965352,983.950601,994.66417,1.0,5.458377,0.83987,2.602464,1.0,130.0,1089.0162484387274,1.0948582258057284,0.011880822392984911
47208.0,-0.356959,-0.831476,-0.425708,0.923951,-0.247215,-0.291889,0.137458,-0.497526,0.856489,-159.506516,-285.337398,69.180602,3.593852,3.592282,3.596932,90.103504,89.965368,89.984058,89.278071,0.052031,0.047294,125.162883,1.0,-859.172934,-479.945379,-143.317382,-479.945379,-558.062321,-50.054442,-143.317382,-50.054442,1094.237804,-252.859072,87.631748,-103.950298,87.631748,-171.106646,-45.666442,-103.950298,-45.666442,982.594991,219.509427,1.0,5.313423,0.542368,2.872035,1.0,140.0,1203.102922781696,5.480871319397576,0.007989589054128771
47821.0,0.149599,0.926876,-0.344268,0.32937,0.281583,0.901236,0.932274,-0.248216,-0.263161,220.821517,-310.141487,-98.821445,3.600276,3.590895,3.590453,89.920571,90.030136,89.998609,129.371765,0.057815,0.059188,95.624257,0.992857,-1437.901175,676.415965,348.581883,676.415965,-688.998117,428.085935,348.581883,428.085935,1403.745808,-524.636445,-100.463903,-3.844097,-100.463903,-296.825705,210.107474,-3.844097,210.107474,1353.036885,379.112332,1.0,3.506482,1.837093,1.831007,1.0,139.0,1786.1943929219663,4.711517516454639,0.010382898975100011
47716.0,0.07619,0.954715,0.287601,-0.3747,-0.239883,0.895576,0.92401,-0.175998,0.339455,-17.577872,-234.335844,98.195972,3.599073,3.592219,3.594414,90.018293,89.974851,89.995821,139.556308,0.093316,0.077739,68.799748,0.805556,-712.478634,-44.930733,246.106983,-44.930733,-16.117144,-288.148207,246.106983,-288.148207,1141.976852,-459.406251,157.116235,-70.581671,157.116235,-262.670812,-276.97657,-70.581671,-276.97657,1292.350492,704.240191,1.0,2.83086,1.224459,1.759013,1.0,114.0,1685.9749006679176,2.394033913733159,0.011708705677235913
47791.0,0.192753,-0.955634,-0.222732,0.716283,-0.01811,0.697574,-0.67066,-0.293999,0.681014,-290.614902,-43.719935,-164.029181,3.594582,3.589036,3.596045,90.087932,90.078267,90.026829,135.371302,0.06055,0.06379,71.224282,0.828767,-1614.700841,596.499507,-376.02207,596.499507,-504.019016,385.106766,-376.02207,385.106766,848.781557,-554.060057,227.368196,38.243183,227.368196,-150.89352,124.696962,38.243183,124.696962,729.005479,504.149713,1.0,3.450656,0.82165,4.299246,1.0,121.0,1158.8970898151797,2.298716155006875,0.011636017615453112
47752.0,0.141742,-0.301804,-0.942774,0.466478,0.860379,-0.205295,0.873102,-0.410685,0.262736,-188.004646,-91.081967,161.624954,3.597136,3.594937,3.59565,90.020368,90.019319,89.992432,166.515637,0.071589,0.077586,82.309795,0.959459,181.573661,289.880738,83.203189,289.880738,344.311078,229.861599,83.203189,229.861599,448.445312,387.380854,-36.514131,-32.111272,-36.514131,-251.811485,-35.696472,-32.111272,-35.696472,1081.679918,867.305917,1.0,4.926798,1.304939,2.010464,1.0,140.0,1156.3466908502312,1.333262771744968,0.01165668071460997
47583.0,0.15241,-0.239169,0.958942,-0.556508,0.781067,0.283254,-0.816743,-0.57683,-0.014058,-294.163281,344.240522,49.447086,3.596558,3.596363,3.593718,90.001054,90.00332,89.944253,64.126373,0.052726,0.04541,105.655221,0.993056,-263.608169,-73.72916,83.310181,-73.72916,-8.990782,-118.703005,83.310181,-118.703005,945.057339,-318.947267,-82.666731,-0.88891,-82.666731,-50.935174,-13.862798,-0.88891,-13.862798,1131.109877,341.509959,1.0,1.858011,1.584854,4.097477,1.0,143.0,1338.3323277625545,3.918867642048924,0.009399024398425139
47882.0,0.251738,-0.235657,-0.938666,0.669687,0.742612,-0.006836,0.698676,-0.626892,0.34476,493.426071,-257.639709,-100.075772,3.597092,3.593702,3.592975,90.084662,89.972835,90.043972,89.169929,0.055819,0.055509,103.154293,1.0,-800.690297,510.743899,-154.811376,510.743899,-242.893063,265.351839,-154.811376,265.351839,916.466016,-261.429464,143.650071,-70.480468,143.650071,-169.934721,106.798319,-70.480468,106.798319,1057.817329,320.833365,1.0,4.719671,1.218813,2.302094,1.0,144.0,1286.7928282031587,4.010782445283266,0.009694216022594427
48044.0,-0.175185,-0.231389,0.956958,-0.682921,0.728697,0.051178,-0.709174,-0.644562,-0.285677,-114.520967,-247.700572,33.351224,3.597533,3.59555,3.593049,89.961871,89.956696,89.973557,126.956646,0.061843,0.067932,95.295026,0.965278,-650.492547,16.525522,-98.435199,16.525522,249.25857,239.469693,-98.435199,239.469693,932.394287,-208.69273,137.895073,-46.475102,137.895073,-228.804826,121.244461,-46.475102,121.244461,965.98569,574.337377,1.0,1.624225,1.86051,3.974684,1.0,139.0,1196.1628384803853,2.0826832561872175,0.010129363939729656
47263.0,-0.313646,-0.660837,-0.681851,0.940951,-0.119944,-0.316583,0.127426,-0.740884,0.659435,84.75489,-202.12194,20.595372,3.595355,3.596704,3.596863,90.062248,90.015695,90.025118,56.235553,0.056775,0.045578,117.002101,1.0,-109.503988,164.586856,-35.170794,164.586856,308.360471,-61.980404,-35.170794,-61.980404,1108.757145,41.985975,106.829677,121.084731,106.829677,-64.634319,-83.805703,121.084731,-83.805703,1134.760225,244.180876,1.0,5.14707,0.85073,2.971267,1.0,142.0,1160.5423198810036,4.752797757515635,0.008546855068867524
47598.0,0.024319,-0.141545,-0.989633,0.825107,0.561773,-0.060073,0.564452,-0.815093,0.130451,-156.712029,2.160217,110.727868,3.595069,3.598156,3.593779,89.998443,89.994208,90.047692,65.175024,0.057413,0.048175,115.898225,1.0,-238.565058,-95.488677,169.548336,-95.488677,-30.74653,-237.134144,169.548336,-237.134144,1043.365621,-376.3985,3.080982,-61.687983,3.080982,58.669888,-295.670289,-61.687983,-295.670289,1152.861529,339.676762,1.0,4.773017,1.439973,2.535918,1.0,150.0,1389.609624140774,4.090976421109355,0.008628259837456527
48393.0,0.425778,-0.298916,-0.854027,0.336955,0.928349,-0.156939,0.839747,-0.220948,0.495991,-128.714348,-182.662843,-108.406981,3.599104,3.594176,3.594807,90.031357,89.962604,89.989698,97.607285,0.056901,0.053946,91.314135,0.986301,-180.624846,334.993228,208.163009,334.993228,104.549914,313.857347,208.163009,313.857347,1151.50292,112.579552,194.392628,215.616381,194.392628,-239.92611,131.136721,215.616381,131.136721,1060.217162,626.910389,1.0,4.894125,1.05182,1.828077,1.0,144.0,1196.842396707229,1.909112399008639,0.010801186475675425
48415.0,0.386206,-0.301467,0.871758,0.276277,0.939503,0.202498,-0.880066,0.16264,0.44613,493.044858,-264.430925,-105.539476,3.597723,3.596077,3.594075,90.017371,90.062118,90.027655,61.569381,0.054701,0.044144,115.996197,1.0,-212.581445,-405.135983,-129.646544,-405.135983,139.963643,-11.240255,-129.646544,-11.240255,1088.260801,-415.806658,-35.140652,-150.849586,-35.140652,-172.861304,-81.906914,-150.849586,-81.906914,1160.907307,247.777969,1.0,1.799036,1.10836,4.895132,1.0,138.0,1478.1807887595508,5.965747458199363,0.008620972289289795
48434.0,-0.214688,-0.286006,0.933868,-0.365987,0.910052,0.194574,-0.905518,-0.300011,-0.300052,-300.26589,214.198667,-74.642439,3.59856,3.594575,3.591944,89.968159,89.93432,89.961629,69.527292,0.06021,0.056038,106.740259,1.0,-970.554341,-75.673694,26.489005,-75.673694,-131.802259,40.550354,26.489005,40.550354,1340.306627,-304.27121,-29.893567,121.250283,-29.893567,-351.744774,152.098625,121.250283,152.098625,1276.993731,391.023964,1.0,1.776211,1.875543,4.392457,1.0,140.0,1614.5487826151168,4.1290277099618296,0.009368536383259103
47318.0,-0.257285,0.016099,-0.966201,0.945867,0.2089,-0.248389,0.19784,-0.977805,-0.068975,320.324813,440.918983,-105.525773,3.593934,3.59922,3.585136,89.971536,89.924222,89.993703,201.710761,0.062484,0.069416,72.57002,0.805556,-2188.27029,-1197.524388,-52.266723,-1197.524388,-626.644219,-409.449855,-52.266723,-409.449855,1164.217737,-237.198636,130.093938,-277.330246,130.093938,-648.10523,-168.309099,-277.330246,-168.309099,1360.342554,678.759258,1.0,4.964018,1.639826,2.941957,1.0,115.0,1862.5374170844525,2.744032431428659,0.011100396554941008
47291.0,-0.26072,-0.602157,-0.754607,0.869068,-0.486773,0.088166,-0.420413,-0.632818,0.650226,275.061867,84.600721,-49.883298,3.594745,3.593131,3.593639,90.128914,90.034586,89.97819,112.780653,0.077369,0.063344,93.701934,0.986111,-1418.683032,-335.471286,-83.064393,-335.471286,-218.3283,37.14808,-83.064393,37.14808,881.76037,-173.122735,70.417727,133.289425,70.417727,-326.023296,-66.55979,133.289425,-66.55979,952.786735,535.344909,1.0,4.596079,0.862914,3.727989,1.0,142.0,1218.018516009157,2.2752033231890825,0.010523912985616711
48791.0,-0.252851,0.924526,-0.285162,-0.231952,0.228218,0.945577,0.93929,0.305234,0.15674,519.869937,491.209237,-46.062173,3.599274,3.589478,3.593044,90.09046,89.985515,89.926155,130.520686,0.085201,0.071891,100.348904,1.0,-1078.033491,-943.336377,-265.581992,-943.336377,-894.454661,-501.836142,-265.581992,-501.836142,1295.856416,-276.564785,-84.985546,-48.620468,-84.985546,-293.453748,-228.700063,-48.620468,-228.700063,1374.892732,393.144964,1.0,3.434494,1.413407,1.256599,1.0,144.0,1673.8895516858188,4.257690432188313,0.00996523091074318
47297.0,-0.282625,-0.956436,0.07317,0.939869,-0.260865,0.220444,-0.191753,0.131073,0.972651,-271.477107,-303.57589,-145.360956,3.595366,3.597637,3.599475,90.04019,89.983782,90.08449,123.202373,0.058109,0.053772,123.223888,1.0,402.390396,866.36578,176.479385,866.36578,732.157415,298.323204,176.479385,298.323204,1161.016771,-290.270716,66.631559,34.458895,66.631559,-168.913106,152.165528,34.458895,152.165528,1288.073138,195.826986,1.0,2.821114,0.234411,5.311991,1.0,148.0,1528.3779307138136,7.804736016893063,0.00811530958997171
48600.0,0.712561,-0.267962,-0.648424,0.415391,0.90593,0.082101,0.565427,-0.327851,0.75684,-25.502089,-465.081769,-142.042065,3.590491,3.590601,3.597012,90.112989,89.87877,89.960783,173.772644,0.091248,0.084781,72.211759,0.873239,-1868.551955,456.892503,-848.294723,456.892503,-962.259865,-34.561609,-848.294723,-34.561609,1124.965334,-378.459828,-92.330711,-295.882533,-92.330711,-512.390544,86.450612,-295.882533,86.450612,948.952744,489.47747,1.0,4.586443,0.712332,2.096253,1.0,123.0,1426.6750665690724,2.9146899581896437,0.012092753480773124
48071.0,-0.244668,0.962175,-0.11982,-0.815654,-0.137426,0.561981,0.524257,0.235231,0.818426,50.131584,-57.396209,107.362794,3.594383,3.594294,3.596752,89.96655,89.951756,89.983082,121.285802,0.069271,0.068647,71.822875,0.939189,-224.997439,-5.998957,106.52628,-5.998957,-289.982473,114.000292,106.52628,114.000292,850.547201,-296.804365,38.686086,168.220315,38.686086,-396.523001,127.072705,168.220315,127.072705,992.889969,652.062062,1.0,3.351658,0.61213,1.14903,1.0,139.0,1355.1082839940684,2.0781891218110284,0.013076460667997489
47546.0,0.202948,0.297126,0.933021,-0.778595,0.626797,-0.03025,-0.593803,-0.720307,0.358548,67.576054,-42.375199,-16.828347,3.595021,3.597376,3.595836,90.006939,90.024548,89.92121,69.10038,0.046662,0.043965,172.169659,1.0,301.535787,166.214757,-148.712193,166.214757,-343.731823,-127.976246,-148.712193,-127.976246,1157.631034,48.872966,90.295757,-73.02118,90.295757,7.441559,-86.53993,-73.02118,-86.53993,990.450842,429.371792,1.0,1.538386,1.204084,3.831021,1.0,144.0,971.0959201954886,2.261666784564852,0.005808224316689853
48106.0,0.423381,-0.176563,-0.88858,0.654175,0.738119,0.165029,0.62674,-0.651157,0.428009,509.144283,-35.491998,82.001062,3.593177,3.596311,3.597016,90.016234,89.953935,90.0599,145.919384,0.090326,0.079685,68.335273,0.876812,166.763011,-481.788024,-326.644457,-481.788024,-383.451066,-238.516635,-326.644457,-238.516635,851.024749,-340.396402,26.888479,220.853937,26.888479,-86.335819,-74.815253,220.853937,-74.815253,842.916007,574.017639,1.0,4.528759,1.128508,2.375299,1.0,121.0,1097.9365086518435,1.9127225960591838,0.012831030908444604
47542.0,0.226302,0.954972,0.191874,-0.911117,0.13787,0.388405,0.344462,-0.262717,0.901291,22.358266,-90.061981,174.931804,3.594274,3.595013,3.597712,90.016424,89.943518,89.970761,134.828837,0.05622,0.059738,66.763796,0.835714,193.569171,-215.502944,199.531159,-215.502944,-410.151713,58.769534,199.531159,58.769534,989.062812,332.347066,-140.563677,-5.267098,-140.563677,-359.137309,20.685915,-5.267098,20.685915,947.758982,880.663619,1.0,2.682751,0.448055,2.222368,1.0,117.0,1139.118316438688,1.2934772049879444,0.012517472793188692
47683.0,0.090728,-0.178911,0.979673,-0.593415,0.780301,0.197458,-0.799767,-0.599267,-0.035373,74.778022,133.399128,-22.599597,3.597187,3.596621,3.592075,90.020835,89.967135,89.967102,122.53113,0.067773,0.065263,91.248008,0.986486,-583.817692,-496.614786,-62.211381,-496.614786,139.900119,-6.473887,-62.211381,-6.473887,906.287875,-80.330927,-187.538801,51.726929,-187.538801,-456.952678,-83.566194,51.726929,-83.566194,1291.588948,555.436067,1.0,1.769686,1.606177,4.069335,1.0,146.0,1604.4704084785963,2.888668028247788,0.010811041485968658
47339.0,-0.058696,-0.400445,-0.914439,0.458382,0.802931,-0.381037,0.886815,-0.441527,0.136427,-208.326864,169.98422,-123.628934,3.597763,3.595764,3.59239,90.024445,89.960752,90.04974,150.672037,0.065772,0.072308,87.23678,0.802817,-637.897211,-253.661094,-124.088145,-253.661094,-43.581554,-100.444791,-124.088145,-100.444791,1152.907975,-677.849185,-108.828582,-76.663641,-108.828582,-221.162489,90.812283,-76.663641,90.812283,1014.902491,824.091606,1.0,5.107199,1.433942,2.032746,1.0,114.0,1523.2825373136423,1.8484383607635513,0.009202735360016727
47359.0,0.053439,0.970434,-0.235375,0.145191,0.225656,0.963327,0.98796,-0.085653,-0.128839,-225.511891,-154.149113,-122.546978,3.600664,3.589578,3.593219,89.995053,90.045431,90.013997,125.166752,0.069632,0.065834,97.573357,1.0,-1393.392282,-193.324297,167.365386,-193.324297,-531.283,-84.477034,167.365386,-84.477034,1713.404976,-699.525005,32.425804,178.003012,32.425804,-218.801355,250.566578,178.003012,250.566578,1498.603277,543.334102,1.0,3.381233,1.699995,1.657277,1.0,142.0,2019.359058513093,3.7166065061623774,0.010248699345252618
47562.0,0.200357,0.009389,0.979678,-0.878536,0.444303,0.175414,-0.433627,-0.895827,0.097267,408.07517,73.632433,48.826193,3.595347,3.596543,3.590806,90.023003,89.993543,89.987262,133.894787,0.073036,0.067955,95.73719,0.992958,-1024.797642,-340.990893,9.652942,-340.990893,60.053315,-74.113126,9.652942,-74.113126,540.4401,-176.240149,89.424971,93.072708,89.424971,-310.051654,-57.606377,93.072708,-57.606377,1062.255108,702.301755,1.0,1.747971,1.473375,3.5924,1.0,141.0,1316.2387023520073,1.8741782901453912,0.010371706125905721
47352.0,-0.22604,-0.243008,-0.94332,0.961853,-0.208866,-0.176675,-0.154094,-0.947271,0.280951,361.590839,525.559331,-168.591491,3.596773,3.599688,3.594935,90.010359,90.070021,89.97786,159.206778,0.059323,0.062714,88.442378,1.0,-122.511761,428.675805,245.957157,428.675805,707.795161,-175.618503,245.957157,-175.618503,1410.278297,-68.922491,-174.962423,64.96495,-174.962423,-377.690167,158.940693,64.96495,158.940693,1443.952946,606.15813,1.0,4.897535,1.286012,3.302852,1.0,140.0,1701.8599904051296,2.80761719785088,0.011306796838954284
47355.0,-0.179666,0.226344,-0.957334,0.838274,0.5445,-0.028584,0.514798,-0.807644,-0.287566,187.805885,-317.141735,153.174697,3.595594,3.597866,3.595422,89.960832,90.040302,90.036461,99.01478,0.058222,0.05832,93.27576,1.0,-17.290154,147.353862,185.602514,147.353862,140.516368,-107.934772,185.602514,-107.934772,1173.178505,-128.959141,227.807877,126.703935,227.807877,-108.418613,-19.166648,126.703935,-19.166648,1228.597372,511.783004,1.0,4.742238,1.862481,2.574121,1.0,148.0,1366.2850833500468,2.6696570082855793,0.010720898977397772
47636.0,0.127424,0.968016,0.216123,-0.691073,-0.069652,0.719421,0.711464,-0.241028,0.660094,326.685011,250.25988,73.299087,3.596408,3.596192,3.595629,90.008663,89.9317,90.015474,55.747376,0.043326,0.042872,140.646883,1.0,365.477792,-23.988379,-8.344467,-23.988379,-247.181292,-69.544586,-8.344467,-69.544586,996.151666,36.77837,5.144225,43.079425,5.144225,-156.73153,32.855914,43.079425,32.855914,1114.479699,278.349235,1.0,2.849758,0.849852,1.897439,1.0,142.0,1187.288284527604,4.26546271818424,0.007110004705898815
48627.0,-0.465401,0.865162,-0.186808,-0.453529,-0.051856,0.889732,0.760075,0.498804,0.41651,188.255895,463.923437,53.007224,3.598805,3.595764,3.594899,89.934537,89.982386,89.997773,126.270026,0.07108,0.06989,78.14868,0.964789,285.746965,606.196897,-171.586926,606.196897,92.328914,-69.629129,-171.586926,-69.629129,1081.147798,392.180646,86.027929,-183.43902,86.027929,-317.116052,73.138232,-183.43902,73.138232,1275.771862,745.686936,1.0,3.348546,1.141194,0.990035,1.0,137.0,1394.7628774747604,1.8704402747841093,0.012345557212226745
47572.0,0.204761,0.407456,0.889973,-0.978446,0.110079,0.174719,-0.026777,-0.906566,0.421213,-243.133652,249.346268,135.297232,3.594437,3.598175,3.59325,90.065286,90.022547,90.003977,76.488103,0.058275,0.056997,105.828094,1.0,-664.48227,76.238608,-150.801521,76.238608,-29.065677,-12.989331,-150.801521,-12.989331,1149.368056,-223.522603,-67.014764,-134.400231,-67.014764,20.752655,-56.121719,-134.400231,-56.121719,1083.881528,449.81221,1.0,1.76465,1.136014,3.171121,1.0,140.0,1211.9766986371062,2.6944059580710498,0.009449286689411604
47384.0,-0.202838,-0.720029,-0.663637,0.970516,-0.237947,-0.038469,-0.130212,-0.651874,0.747065,-36.949086,302.734649,-38.499755,3.594417,3.595336,3.597478,90.086069,90.034562,90.022586,89.435464,0.068352,0.057366,92.973224,1.0,-439.592255,246.355237,-248.592217,246.355237,25.685187,28.41931,-248.592217,28.41931,1250.462567,-147.030562,112.366624,-75.064487,112.366624,-78.877547,84.769636,-75.064487,84.769636,1230.108232,514.220052,1.0,4.77029,0.727161,3.338748,1.0,143.0,1351.438141554314,2.628131937480948,0.010755784912869108
47431.0,-0.154207,0.148183,-0.976863,0.968865,0.216508,-0.120102,0.193701,-0.964969,-0.176957,564.529267,-73.298132,14.410302,3.592158,3.599174,3.592359,89.992065,90.040408,90.05975,148.872785,0.061329,0.069576,83.980853,0.935714,-724.560289,322.969696,-241.26746,322.969696,-766.950359,132.518824,-241.26746,132.518824,1343.325739,-638.998691,196.131011,-165.907505,196.131011,-452.798701,-70.152762,-165.907505,-70.152762,1228.185876,948.039967,1.0,4.834722,1.74869,2.943492,1.0,131.0,1796.2640280860717,1.8947133988139886,0.011141992091935529
48266.0,-0.03901,-0.964374,0.261652,-0.227323,0.26355,0.937478,-0.973038,-0.022909,-0.229506,-284.505806,-219.216696,156.478803,3.598384,3.596795,3.592908,90.014179,90.019516,90.00373,190.706554,0.088155,0.101443,66.084161,0.802817,561.779353,-148.383958,66.295381,-148.383958,-340.529498,495.424608,66.295381,495.424608,854.369752,-406.036774,-39.52785,-77.700828,-39.52785,39.37109,176.549695,-77.700828,176.549695,1037.38681,593.71028,1.0,2.869417,1.802366,4.68885,1.0,114.0,1291.5203602984193,2.1753377089890025,0.012148402701216107
48135.0,0.168269,0.975043,-0.144836,0.113444,0.1268,0.98542,0.979192,-0.182246,-0.089276,545.618968,-390.832626,-116.119159,3.599115,3.593834,3.594235,90.031265,89.991861,90.046985,96.219495,0.074562,0.06152,90.903377,0.972222,-269.490261,-288.518733,-130.419848,-288.518733,-188.993304,230.858132,-130.419848,230.858132,1282.389915,-1040.007083,-86.161956,36.2995,-86.161956,-267.629991,-70.987677,36.2995,-70.987677,1275.569099,475.50946,1.0,3.287527,1.660191,1.75481,1.0,140.0,2044.577467136019,4.29976191669461,0.01069511422001407
48579.0,0.641452,-0.111663,-0.758993,0.381156,0.904989,0.188986,0.665777,-0.41052,0.623068,151.085768,436.109063,-80.109297,3.594813,3.595656,3.597048,90.05939,89.949741,90.022989,63.288225,0.075521,0.05529,150.318149,1.0,-105.062076,72.67635,-387.71644,72.67635,-18.096125,-195.897838,-387.71644,-195.897838,1039.421446,-137.726865,-24.164033,12.081814,-24.164033,-18.947446,-20.597117,12.081814,-20.597117,1068.797927,167.84202,1.0,4.468355,0.898138,2.123334,1.0,146.0,1152.1136637708823,6.864274296572947,0.006652556638387025
48334.0,0.399345,-0.909841,-0.112751,0.346781,0.03606,0.937253,-0.848685,-0.413387,0.329916,464.857191,419.965876,123.6837,3.598667,3.594468,3.593356,90.010411,90.029074,89.964976,68.72032,0.050341,0.046346,115.066025,1.0,-111.379523,94.979216,-233.222579,94.979216,-370.580471,-285.438118,-233.222579,-285.438118,1113.406197,-234.717871,63.955657,-166.101745,63.955657,-49.596253,-81.380169,-166.101745,-81.380169,1115.153293,254.489054,1.0,3.261317,1.234581,4.259121,1.0,146.0,1278.7724483363102,5.024862280859868,0.008690662600015948
48520.0,-0.416849,-0.093259,0.904179,-0.504419,0.851239,-0.144751,-0.756173,-0.516425,-0.40188,-54.513921,223.517086,-14.758233,3.597778,3.594568,3.592155,89.914434,89.956012,89.974262,137.847884,0.076927,0.069318,75.555937,0.89726,-839.522211,639.346452,70.281596,639.346452,-156.139441,136.393332,70.281596,136.393332,1072.401094,-447.740938,67.904034,243.483432,67.904034,-116.768402,60.135001,243.483432,60.135001,1196.025094,660.718513,1.0,1.412052,1.984365,4.113201,1.0,131.0,1522.5313440844266,2.3043570206188946,0.011875440046491647
47802.0,0.144287,-0.108797,-0.983537,0.335083,0.940588,-0.054889,0.931075,-0.321647,0.172171,-204.444113,0.974753,-158.442673,3.598555,3.593803,3.595084,89.988961,90.003839,90.038721,79.642522,0.062457,0.055328,93.232927,0.993056,152.300756,-27.630794,225.734437,-27.630794,-333.152613,166.332682,225.734437,166.332682,1076.92737,-298.520798,-30.856112,87.515193,-30.856112,-201.631284,97.753993,87.515193,97.753993,1243.182857,375.286585,1.0,4.768139,1.397764,1.903419,1.0,143.0,1500.1626440987366,3.9973788141101196,0.010651344240216763
48232.0,-0.293692,-0.051341,0.95452,-0.637104,0.754946,-0.155421,-0.712632,-0.653774,-0.254431,233.314308,-199.419513,130.593197,3.596675,3.594688,3.596261,90.021722,89.980679,89.944452,135.936519,0.065073,0.064829,80.698961,0.869565,370.546462,-286.26971,133.86531,-286.26971,-168.412337,272.291055,133.86531,272.291055,744.481923,-341.158992,-162.16124,269.247688,-162.16124,-233.415277,143.695462,269.247688,143.695462,1203.684329,677.070325,1.0,1.409387,1.828056,3.970039,1.0,120.0,1523.5752900172474,2.2502467376889506,0.010775417542240723
47597.0,0.025944,-0.999657,0.003557,0.798568,0.022865,0.60147,-0.601345,-0.012764,0.798888,33.321639,-174.521008,54.100081,3.594947,3.594966,3.596816,89.990637,90.084811,89.986796,87.951936,0.057487,0.050202,100.507313,1.0,56.111032,-153.829169,-8.150049,-153.829169,-459.59951,44.047936,-8.150049,44.047936,1100.303956,-409.290063,-114.024034,25.174307,-114.024034,-79.219759,-19.360502,25.174307,-19.360502,1133.683079,449.344311,1.0,3.135679,0.645353,4.691166,1.0,152.0,1411.003348613114,3.140138450786159,0.009949524767416677
47733.0,0.024778,0.129251,0.991302,-0.933555,0.357675,-0.023301,-0.357576,-0.924858,0.129525,237.602844,69.284574,-37.928869,3.594002,3.599125,3.593264,90.028262,89.969283,89.932561,78.165442,0.058908,0.0537,126.574773,1.0,-429.646854,-330.145083,-109.25998,-330.145083,-401.093575,-85.079539,-109.25998,-85.079539,1433.56335,-227.023754,-25.959774,6.098666,-25.959774,-132.04592,-196.865712,6.098666,-196.865712,1245.060045,381.077373,1.0,1.547295,1.440906,3.510518,1.0,138.0,1437.3018397851843,3.7716798257271082,0.007900468444845642
47556.0,0.01014,0.19121,-0.981497,0.694655,0.704689,0.14446,0.719272,-0.683266,-0.12568,236.256533,-232.008019,9.295439,3.597655,3.596416,3.594997,89.960482,89.957602,90.034164,90.524709,0.049259,0.045395,123.833586,1.0,-52.161256,-464.464073,-123.951806,-464.464073,476.152618,111.268568,-123.951806,111.268568,923.795685,-493.773202,-45.742088,-44.906734,-45.742088,-47.23861,-15.406659,-44.906734,-15.406659,1025.74102,270.787087,1.0,4.566254,1.696809,2.330528,1.0,140.0,1353.9057162298714,4.999890250416082,0.008075353644365915
47717.0,0.123013,-0.001249,-0.992404,0.519722,0.851983,0.06335,0.845433,-0.523568,0.105454,46.982775,-305.434245,35.57834,3.597563,3.5914,3.590736,90.08162,90.030987,89.986938,180.866642,0.082727,0.084625,75.628418,0.868421,-1020.963058,872.258875,44.069671,872.258875,-461.590023,733.741761,44.069671,733.741761,223.418812,-856.824027,205.134349,55.042177,205.134349,-410.26004,150.09249,55.042177,150.09249,839.468941,669.681823,1.0,4.648641,1.465145,2.125279,1.0,132.0,1539.4979702223243,2.2988498677263998,0.01148273391094866
48129.0,0.320928,-0.004635,-0.947092,0.412485,0.900851,0.135364,0.852562,-0.434103,0.291021,545.105025,-320.221566,-19.089068,3.596683,3.594737,3.593844,90.013809,89.881074,90.026592,102.325023,0.092675,0.066799,105.50097,1.0,-799.738919,-221.073523,-541.689027,-221.073523,0.406232,263.173257,-541.689027,263.173257,1087.245378,-162.806128,-37.229855,103.097191,-37.229855,-391.143346,203.748921,103.097191,203.748921,1085.387579,331.961445,1.0,4.570424,1.275503,2.041757,1.0,148.0,1391.1437850480895,4.190678785146538,0.009478585836698942
48674.0,0.515167,-0.857087,-0.002091,0.215883,0.127398,0.968072,-0.829456,-0.49917,0.250662,-216.087499,118.859421,-154.576349,3.597284,3.596185,3.594637,89.940713,89.988876,89.963788,111.260133,0.064454,0.058222,108.497276,1.0,205.086847,-384.011449,-85.082057,-384.011449,198.225272,-532.98947,-85.082057,-532.98947,676.818433,-310.266563,3.660973,-170.890071,3.660973,-89.285976,-110.400603,-170.890071,-110.400603,821.643641,448.847364,1.0,3.143753,1.317432,4.170644,1.0,146.0,1054.0288338623939,2.3483012676496275,0.009216821259180738
47787.0,-0.016705,0.878037,0.478301,-0.915783,-0.205444,0.345157,0.401325,-0.432254,0.807524,71.17091,-156.684675,-111.235042,3.594263,3.594513,3.595889,90.049588,89.914695,90.040582,122.184695,0.061168,0.060256,75.892829,0.945205,-340.801687,-73.801195,-63.228108,-73.801195,-619.224816,-289.069595,-63.228108,-289.069595,1082.072514,-823.977649,93.364857,112.016969,93.364857,-107.28388,105.26032,112.016969,105.26032,1201.857178,499.922102,1.0,2.195893,0.630855,2.393282,1.0,138.0,1786.0604432382077,3.5726774953394793,0.012454470500763648
47819.0,-0.041552,0.470107,0.881631,-0.90846,0.349529,-0.229193,-0.415901,-0.81045,0.41255,415.874663,-200.123659,-39.336995,3.594784,3.597767,3.590832,90.016357,90.009692,89.960436,128.81517,0.072666,0.070014,93.525627,1.0,-784.602672,244.329354,-665.059929,244.329354,-175.945987,49.284067,-665.059929,49.284067,727.417208,-146.550682,-25.103815,-148.204299,-25.103815,-493.297404,-125.72372,-148.204299,-125.72372,1043.470997,348.478872,1.0,1.316461,1.145545,3.615723,1.0,144.0,1406.3505534414653,4.035683843241622,0.010692256572629018
47935.0,-0.123173,0.067202,0.990107,-0.792984,0.593195,-0.138912,-0.596662,-0.802249,-0.019775,-12.20669,322.467063,-52.110681,3.596587,3.597145,3.591777,89.998025,89.965303,89.936247,88.624776,0.067689,0.055803,94.09899,0.986667,-878.125953,-102.860461,-141.488796,-102.860461,82.415581,110.783488,-141.488796,110.783488,1153.535442,-667.996049,-40.368012,80.502658,-40.368012,54.643918,-4.618803,80.502658,-4.618803,1210.29165,496.702677,1.0,1.431406,1.590573,3.781073,1.0,148.0,1642.8469594146306,3.307505748382811,0.01048541541200389
47833.0,-0.062122,0.929152,0.36444,-0.915298,-0.19863,0.350393,0.397958,-0.311804,0.862791,330.782613,-286.538203,116.136422,3.595267,3.598104,3.597651,89.995108,89.95449,89.929197,155.822256,0.055938,0.062177,109.412451,0.993056,855.75126,-709.269417,286.05585,-709.269417,222.234643,106.994705,286.05585,106.994705,813.295139,-568.980273,-89.953971,-83.777582,-89.953971,-82.804172,100.362609,-83.777582,100.362609,994.324405,625.268469,1.0,2.336546,0.530032,2.235402,1.0,143.0,1392.5281449534286,2.2270883852187797,0.009076261347988631
48279.0,-0.259428,0.070987,0.96315,-0.54347,0.813669,-0.206356,-0.798334,-0.576977,-0.172509,536.719378,506.327276,163.684455,3.595001,3.59237,3.59182,90.032085,89.862579,89.895612,208.863847,0.074682,0.087444,73.355033,0.880282,-1423.427789,-873.43255,-448.711276,-873.43255,-894.506166,319.882554,-448.711276,319.882554,914.143481,-50.454184,-12.56615,37.497746,-12.56615,-489.790346,212.212049,37.497746,212.212049,1171.134489,554.123838,1.0,1.359736,1.744173,4.086572,1.0,125.0,1502.3087850031181,2.7111426760223916,0.012000294512852307
47880.0,-0.085425,0.992464,0.087848,-0.829902,-0.119667,0.544925,0.551331,-0.026355,0.83387,-93.464746,24.843654,-102.473538,3.595891,3.592693,3.595227,90.04663,89.946836,90.012264,144.905171,0.074003,0.076998,90.522492,0.842466,-617.501772,-87.521879,-395.065453,-87.521879,-135.56064,-217.179829,-395.065453,-217.179829,638.715479,-143.740998,-74.905796,-115.503677,-74.905796,-272.48572,-185.29068,-115.503677,-185.29068,928.467887,841.90014,1.0,2.981756,0.584713,1.618563,1.0,123.0,1159.4014799319464,1.3771247026184679,0.009306703575946628
48811.0,-0.324794,0.128829,0.936969,-0.259478,0.940529,-0.219265,-0.909494,-0.314339,-0.27205,449.147278,131.560838,-30.846529,3.597027,3.59408,3.587573,90.04068,89.894057,89.991334,160.694676,0.084332,0.078747,93.942926,0.802817,-2341.649693,-46.826748,112.3389,-46.826748,-1.294376,342.229737,112.3389,342.229737,799.904885,50.463501,135.689461,238.610561,135.689461,-551.626583,3.359412,238.610561,3.359412,1058.145614,592.204676,1.0,1.340918,1.846319,4.379622,1.0,114.0,1428.695053062368,2.4125021482646454,0.008545795135229234
47960.0,-0.181243,0.939844,0.289559,-0.907305,-0.273391,0.319461,0.379407,-0.204818,0.902275,454.377929,301.471171,157.889581,3.591384,3.597398,3.598304,89.994058,89.937823,90.051439,115.168712,0.056475,0.056716,81.678642,0.992857,829.782651,-54.054122,16.194379,-54.054122,-1158.684579,217.812042,16.194379,217.812042,1125.344818,-129.208172,-164.201162,54.022173,-164.201162,-543.620645,459.024614,54.022173,459.024614,1031.157866,453.683075,1.0,2.405255,0.445779,2.065804,1.0,139.0,1476.3113523546842,3.254058689217543,0.012155650188209546
48814.0,-0.603082,0.797606,-0.010846,-0.394506,-0.286419,0.873115,0.693295,0.530838,0.487394,390.142737,127.127818,-59.494466,3.595122,3.594286,3.593969,89.969652,89.96642,89.895209,166.97733,0.104203,0.100645,76.831953,0.804054,-922.873088,-41.896751,129.99392,-41.896751,-285.376364,-266.899645,129.99392,-266.899645,971.752129,-143.396722,253.574829,-48.504776,253.574829,-449.586646,-135.330915,-48.504776,-135.330915,1186.795615,754.231238,1.0,3.154014,1.061693,0.917339,1.0,119.0,1527.8026496763268,2.0256422337101965,0.010465099071476162
48792.0,0.410278,-0.890133,0.198332,0.095763,0.258328,0.961299,-0.906919,-0.375407,0.191228,306.534512,-108.03095,-16.406153,3.598207,3.593633,3.594654,90.030706,90.066144,89.932972,67.062969,0.057771,0.048454,133.580327,1.0,-509.805037,92.908406,44.159553,92.908406,-244.330389,360.255489,44.159553,360.255489,1385.255351,-218.38496,-35.589012,-178.764119,-35.589012,-152.660681,66.23394,-178.764119,66.23394,1281.793967,157.820215,1.0,2.938131,1.378383,4.319926,1.0,146.0,1477.9938794310185,9.365047940347937,0.007486132295513844
48213.0,-0.144288,0.958816,0.244648,-0.417616,-0.283143,0.863381,0.897094,0.022407,0.441271,-4.139069,-266.381285,-160.005174,3.598375,3.594605,3.594141,89.96342,89.962953,90.007094,136.072187,0.057085,0.060557,95.994343,0.949275,120.484579,227.073155,-15.711166,227.073155,-355.09229,-268.29831,-15.711166,-268.29831,1041.134858,-116.551979,-108.702513,113.026753,-108.702513,-58.414613,-190.14556,113.026753,-190.14556,1011.429677,693.600268,1.0,2.865471,1.113782,1.545824,1.0,131.0,1120.5822817322369,1.6156024347617997,0.009888863971911344
47967.0,-0.086882,0.965996,0.243523,-0.57965,-0.247827,0.776266,0.810221,-0.073714,0.581471,41.282495,-388.728608,-72.269159,3.59738,3.594164,3.595391,90.023102,89.955434,89.960002,66.644338,0.06884,0.051679,108.048156,1.0,-303.208771,-298.785989,208.671894,-298.785989,173.501457,-166.848355,208.671894,-166.848355,884.260754,-466.579735,71.165294,179.830791,71.165294,207.346785,-70.490301,179.830791,-70.490301,929.638178,290.829436,1.0,2.837605,0.950261,1.661527,1.0,144.0,1222.4698388587262,4.203391017334044,0.009255132498512977
48821.0,0.746848,-0.491733,0.447679,0.245779,0.829652,0.501269,-0.617908,-0.264342,0.740482,-287.736154,103.592423,113.505954,3.591463,3.589953,3.596969,90.003523,90.128691,89.876621,197.559579,0.102117,0.115092,69.382781,0.805556,-2235.730999,503.298544,274.507912,503.298544,-679.482254,168.563052,274.507912,168.563052,1287.138049,-571.184488,297.881895,51.549246,297.881895,-128.223465,354.336211,51.549246,354.336211,777.945831,655.473696,1.0,2.412609,0.73701,4.308148,1.0,115.0,1257.5626279418607,1.9185554441254964,0.011610315821731046
49087.0,0.470033,0.077027,-0.879282,0.875421,0.086541,0.47555,0.112724,-0.993266,-0.026754,75.859684,256.710486,-557.153418,3.595659,3.600721,3.592668,90.045341,90.028336,89.954368,121.972607,0.061259,0.060013,93.064477,0.985714,-92.331223,550.885946,-627.407916,550.885946,-100.47708,-272.095225,-627.407916,-272.095225,1535.162094,-643.637087,204.00963,-83.347439,204.00963,-340.134176,-89.253642,-83.347439,-89.253642,1470.594489,510.782257,1.0,4.216606,1.597553,3.028588,2.0,138.0,1990.681651870772,3.8973195027617646,0.010591732009625971
48682.0,0.103141,-0.819909,0.563126,-0.490096,0.450761,0.74607,-0.865545,-0.352936,-0.355342,550.472212,-101.916092,-566.697509,3.597638,3.593372,3.593441,89.939507,89.963107,89.931942,107.763809,0.07689,0.067712,96.572357,0.971429,-912.527071,-38.31005,170.094383,-38.31005,-228.284199,-6.439577,170.094383,-6.439577,1203.718532,-510.246764,-33.551397,-11.288545,-33.551397,-230.237319,187.945656,-11.288545,187.945656,1213.447339,431.078092,1.0,2.495033,1.934076,4.325209,2.0,136.0,1610.6857371005012,3.7364128843283946,0.010059079328466634
47962.0,0.658457,0.58799,0.469789,-0.623467,0.775792,-0.097134,-0.421573,-0.22894,0.877418,535.558436,-250.338805,-432.498351,3.596247,3.593079,3.599646,90.008547,89.991811,89.962301,144.528944,0.089439,0.073971,70.12933,0.926667,581.028337,-446.099649,373.897003,-446.099649,-400.851602,-73.317407,373.897003,-73.317407,1141.482512,-369.593689,46.487604,193.813597,46.487604,-347.047913,-97.977432,193.813597,-97.977432,1326.263114,784.414731,1.0,1.366909,0.500342,4.214889,2.0,139.0,1695.640731214929,2.1616635488898397,0.01321368676985792
47483.0,0.889155,-0.064277,0.453069,-0.274732,0.716813,0.640859,-0.365959,-0.694296,0.619699,-17.173181,-260.418293,-309.822467,3.594722,3.596931,3.594741,90.064783,90.051816,90.014706,70.271877,0.053583,0.048171,126.803245,1.0,-318.326685,-472.82383,131.815521,-472.82383,2.752194,-110.702175,131.815521,-110.702175,919.232927,-218.326228,4.147517,54.675872,4.147517,-41.629097,-14.533118,54.675872,-14.533118,1034.286873,253.645469,1.0,2.526203,0.902437,3.626679,2.0,142.0,1175.3049451087256,4.633652435197751,0.007886233510822219
47861.0,0.604365,-0.564163,0.562551,-0.443618,0.348213,0.825803,-0.661775,-0.748644,-0.039825,-224.39078,-83.853562,-246.953165,3.595447,3.596237,3.591755,90.03031,90.006954,89.977851,132.528684,0.062954,0.063024,76.362789,0.950704,-63.606974,-374.929221,230.091059,-374.929221,-644.57169,195.500873,230.091059,195.500873,490.681053,-97.061293,-113.339123,2.91027,-113.339123,-449.507049,7.448395,2.91027,7.448395,875.056402,522.256589,1.0,2.543585,1.610632,3.865477,2.0,135.0,1192.2801091128904,2.28293933331857,0.01244983338678214
48626.0,0.153914,0.654893,0.739882,-0.774731,-0.384773,0.501738,0.613272,-0.650434,0.448144,219.616471,147.333551,-446.787225,3.595051,3.595481,3.596321,90.018205,89.975561,90.04347,144.990008,0.061423,0.068798,67.332142,0.826389,149.432596,203.241338,93.110433,203.241338,-137.681148,78.850347,93.110433,78.850347,720.438535,225.195951,279.306154,86.043623,279.306154,-453.073206,-111.797829,86.043623,-111.797829,972.454592,805.035053,1.0,2.166695,1.106108,2.385593,2.0,119.0,1264.4060482481318,1.5706223518296065,0.01227332111311712
47488.0,0.94797,-0.100816,0.301975,-0.29978,0.036622,0.953305,-0.107167,-0.994231,0.004494,-22.512841,463.938012,-390.008486,3.592505,3.600184,3.59226,89.989487,90.057498,89.996153,141.876521,0.080414,0.076585,99.728593,0.923611,-905.839229,-440.790347,169.206422,-440.790347,-388.676291,-103.363819,169.206422,-103.363819,1496.759168,-944.244322,-77.827588,8.342931,-77.827588,-231.102446,79.677863,8.342931,79.677863,1547.003127,580.75238,1.0,2.834825,1.566302,3.248967,2.0,133.0,2224.326590891408,3.830077443490474,0.009261245669032952
49071.0,-0.2732,0.282277,0.919609,-0.956689,0.020184,-0.290411,-0.100538,-0.959121,0.264537,513.567879,289.625983,-449.750785,3.598445,3.600759,3.59394,89.977142,90.081336,90.095161,173.835348,0.054054,0.067362,135.97897,1.0,610.869231,1122.786031,-717.659247,1122.786031,557.972592,-461.451551,-717.659247,-461.451551,1311.256487,-309.633835,68.850671,-198.986587,68.850671,-229.668998,37.104656,-198.986587,37.104656,1345.477042,203.292581,1.0,1.264909,1.303072,3.246034,2.0,142.0,1627.1817178710762,8.004137238392758,0.007354078354910322
49298.0,0.52058,-0.847727,-0.101763,0.578258,0.262368,0.772516,-0.628183,-0.461002,0.626788,-89.136194,-150.66989,-244.362761,3.596153,3.594442,3.595644,90.050543,90.02878,89.976732,104.181069,0.059767,0.062531,95.727062,1.0,-179.410304,259.57199,-2.065507,259.57199,-66.039049,17.037501,-2.065507,17.037501,806.308546,-273.1332,-4.441406,-40.758143,-4.441406,-189.028376,-55.047102,-40.758143,-55.047102,1112.42058,578.548296,1.0,3.272568,0.893372,4.079294,2.0,144.0,1346.786729104843,2.327872605305959,0.010446366775572825
49725.0,0.813644,-0.567374,-0.126767,0.380563,0.354959,0.853918,-0.439494,-0.743028,0.504732,598.818931,99.796715,-409.174082,3.597186,3.599554,3.593989,90.053446,89.982354,90.000101,89.558282,0.062824,0.056776,105.973708,0.993151,779.639681,310.534681,496.32363,310.534681,-68.333228,-372.157465,496.32363,-372.157465,1098.672768,28.131036,45.58744,118.936928,45.58744,-91.766832,-108.793044,118.936928,-108.793044,1109.848002,412.480241,1.0,3.28897,1.041725,3.675731,2.0,143.0,1155.5205544467747,2.801396138746861,0.009371673585300989
49285.0,-0.474668,0.862993,0.173012,-0.87062,-0.48923,0.051713,0.129271,-0.126081,0.983561,95.461613,282.88139,-243.912359,3.594758,3.591666,3.599893,90.016294,89.966696,89.981636,75.095484,0.070408,0.061002,110.813313,1.0,-814.488278,247.458735,117.484647,247.458735,-79.591287,-150.571079,117.484647,-150.571079,1477.071172,-472.670901,60.067562,86.513486,60.067562,-234.650266,-16.433157,86.513486,-16.433157,1452.935129,292.583452,1.0,1.861242,0.181571,2.343705,2.0,144.0,1820.6593567641496,6.2227010595395855,0.009024186471168857
48959.0,-0.114851,0.656845,0.745227,-0.826061,0.353527,-0.438909,-0.551753,-0.666013,0.501992,-57.941641,138.540757,-376.17841,3.596028,3.597231,3.595014,90.023429,90.045343,89.945436,109.264249,0.070216,0.064193,89.896225,0.95,141.70155,120.977171,-168.445482,120.977171,-156.421666,124.195534,-168.445482,124.195534,1141.478463,158.430933,30.142313,-60.891851,30.142313,-130.119744,-59.405563,-60.891851,-59.405563,1166.283303,483.984723,1.0,1.038534,1.044896,3.833438,2.0,133.0,1181.5047290177206,2.4412025274147355,0.010567740747734401
48173.0,0.312628,0.401657,-0.860776,-0.372849,0.885359,0.277711,0.87364,0.234119,0.426546,-139.11685,433.786675,-369.35808099999997,3.599223,3.594,3.595477,89.985728,89.98828,89.982302,51.651105,0.053753,0.043513,173.929106,1.0,138.147623,-287.175713,244.405237,-287.175713,-34.285097,-254.803938,244.405237,-254.803938,1142.1782,-268.545839,16.141956,169.164703,16.141956,-83.934136,-119.235093,169.164703,-119.235093,1175.217483,642.154303,1.0,4.400303,1.130126,1.308967,2.0,146.0,1372.7050321897839,2.1376560520996524,0.0057494689819195645
48409.0,-0.12858,0.568373,-0.812662,0.796477,0.547411,0.256838,0.59084,-0.614242,-0.523082,22.698057,37.558138,-528.632186,3.595064,3.596169,3.594908,89.954924,90.019351,90.032594,90.70282,0.056062,0.056866,86.97054,1.0,-196.547894,-6.781842,-94.437655,-6.781842,-27.150693,-180.426485,-94.437655,-180.426485,757.750604,-171.01809,-49.206071,98.329507,-49.206071,-116.409884,-54.065117,98.329507,-54.065117,901.383149,449.917786,1.0,4.406277,2.12126,2.375612,2.0,142.0,1051.5342554962554,2.3371697857178186,0.011498146383821465
47500.0,0.546858,0.816963,-0.18308,-0.138738,0.304078,0.94249,0.82565,-0.490008,0.279631,213.529101,408.875465,-296.828358,3.598633,3.599399,3.594553,89.928673,89.990102,89.959656,124.569944,0.064494,0.064636,147.785469,1.0,1297.642426,759.257962,314.637174,759.257962,399.18926,-389.255896,314.637174,-389.255896,629.007089,-93.161435,14.242164,90.70668,14.242164,6.938806,-36.444978,90.70668,-36.444978,1016.434349,145.492785,1.0,3.333454,1.287386,2.106409,2.0,148.0,1066.5229204372183,7.330417934038573,0.006766565121500544
48866.0,-0.02146,0.646353,0.762737,-0.73859,0.503929,-0.447817,-0.673813,-0.57296,0.466575,560.362647,464.28816,-566.948495,3.598863,3.595508,3.594936,90.016345,90.050198,90.039473,118.011366,0.075547,0.069128,97.9767,0.992958,4.789573,466.883799,351.955485,466.883799,721.601612,417.167586,351.955485,417.167586,688.111995,47.648307,30.974241,10.539895,30.974241,-61.493391,-6.259023,10.539895,-6.259023,1052.636103,380.57849,1.0,1.039902,1.085382,4.007706,2.0,141.0,1064.1572750993,2.7961571740412867,0.010134634050748801
49484.0,0.314136,-0.847726,0.42741,0.170237,0.493201,0.853096,-0.93399,-0.195227,0.299247,-99.046782,-268.925752,-475.273793,3.598462,3.594627,3.594026,89.969508,90.080126,89.963868,64.0816,0.067163,0.053917,134.127032,1.0,-505.947451,-375.461007,20.641277,-375.461007,-48.618955,148.792424,20.641277,148.792424,1358.718009,-293.889085,-146.006424,-70.989174,-146.006424,-197.102713,-139.017253,-70.989174,-139.017253,1177.274099,243.663146,1.0,2.677137,1.266893,4.506331,2.0,138.0,1437.2064987475578,5.898333508127478,0.0074556186406928016
48423.0,-0.156304,-0.817082,-0.554929,0.947788,-0.282193,0.148545,-0.277971,-0.502736,0.818528,93.894103,431.548536,-229.392278,3.593555,3.591816,3.597361,90.137947,89.944581,89.940996,162.955449,0.079054,0.072612,74.351629,0.898649,-1203.711722,-884.00989,-41.552903,-884.00989,-384.810488,577.320917,-41.552903,577.320917,1170.752943,-238.071228,-122.997899,-118.182772,-122.997899,-110.315001,25.901606,-118.182772,25.901606,843.645143,758.486086,1.0,4.450838,0.611952,3.646671,2.0,133.0,1034.6791128391646,1.3641372359191368,0.012086473586207507
48195.0,0.290996,0.398391,-0.869831,-0.351633,0.890078,0.290028,0.889762,0.221464,0.399096,19.365157,340.477037,-468.072011,3.597336,3.594143,3.593285,89.947854,89.946829,89.933036,129.492597,0.055124,0.057497,83.104751,0.964789,-686.508088,-79.712136,236.596392,-79.712136,-302.408061,357.485476,236.596392,357.485476,1138.802747,-463.104098,-19.292325,219.680114,-19.292325,-191.232815,-245.980377,219.680114,-245.980377,1319.035321,510.824597,1.0,4.390551,1.160265,1.326851,2.0,137.0,1687.3872679575768,3.303261585028132,0.011609312204064002
48920.0,-0.031184,0.580687,0.81353,-0.597121,0.641892,-0.481062,-0.801545,-0.500777,0.326724,502.401912,-255.669877,-242.219962,3.596759,3.594098,3.587181,89.992723,90.072399,89.934694,210.967839,0.068632,0.078479,78.627391,0.847826,-1379.994326,870.620992,-344.653771,870.620992,-1200.126684,441.321296,-344.653771,441.321296,858.726699,-294.881053,-241.237865,-3.899245,-241.237865,-171.205402,262.010724,-3.899245,262.010724,895.131561,600.640509,1.0,1.036778,1.237961,4.153959,2.0,117.0,1174.476692714238,1.9553737637003734,0.010782832664510005
49538.0,-0.308201,0.928881,0.205407,-0.399168,-0.322259,0.858379,0.863526,0.182561,0.4701,83.018875,135.413234,-337.257175,3.597895,3.593756,3.594811,89.980053,89.946007,89.959627,77.376705,0.068777,0.056972,105.689713,1.0,-347.109098,61.406825,82.786316,61.406825,-202.975426,-140.096008,82.786316,-140.096008,1173.11378,-131.221325,101.442229,-51.603789,101.442229,-113.914893,-104.987929,-51.603789,-104.987929,1117.282895,332.733704,1.0,2.906713,1.081392,1.362451,2.0,146.0,1247.1716414093737,3.7482576198814344,0.009461658770896653
48555.0,-0.040754,-0.668138,-0.742921,0.951162,0.201762,-0.23363,0.30599,-0.716159,0.627284,326.616895,506.128905,-511.986411,3.595983,3.594713,3.589738,90.158882,89.899804,89.96583,163.118582,0.087181,0.080036,84.859195,0.823944,-2079.616029,-1065.282535,208.309777,-1065.282535,92.31459,171.334488,208.309777,171.334488,928.562453,275.503188,-216.77251,117.348289,-216.77251,-472.740607,-22.672973,117.348289,-22.672973,678.275189,680.83755,1.0,5.017072,0.892735,2.737805,2.0,117.0,1034.1286024422782,1.5189065327584799,0.009709542967029089
48160.0,0.498866,0.630395,0.594756,-0.688968,0.704783,-0.169126,-0.52579,-0.325397,0.785914,169.341649,137.95966,-256.955943,3.595905,3.595399,3.596475,90.038178,90.066205,89.987808,39.153576,0.060889,0.047923,134.552471,1.0,-202.1916,94.285553,-95.580618,94.285553,99.976973,54.117541,-95.580618,54.117541,1091.244123,-120.021971,63.32365,-43.437257,63.32365,-60.489823,-17.115535,-43.437257,-17.115535,1099.650804,165.498023,1.0,1.293747,0.666623,4.158209,2.0,147.0,1192.9703393971415,7.208366104754869,0.007432044856314828
47513.0,0.423998,0.423359,-0.80062,-0.090158,0.899355,0.427822,0.901165,-0.109213,0.419494,412.521919,-325.675039,-556.311824,3.597237,3.592954,3.59223,90.021711,89.883638,90.028768,167.475664,0.078202,0.080741,71.317078,0.859155,-1063.743037,297.182537,-164.667336,297.182537,-707.489595,-47.788621,-164.667336,-47.788621,1268.434697,-670.705396,46.35207,-188.035679,46.35207,-218.649562,-147.658978,-188.035679,-147.658978,920.235819,798.772652,1.0,4.22163,1.137909,1.691399,2.0,122.0,1435.5263833914803,1.7971651630750627,0.012046974218433348
47514.0,0.275971,-0.771263,0.57358,-0.022071,0.591512,0.805994,-0.960913,-0.23509,0.146218,18.511637,-77.017316,-528.173101,3.598521,3.593879,3.594049,90.01046,90.029637,89.960476,40.680112,0.052039,0.043467,137.837045,1.0,-273.79452,47.713192,49.897539,47.713192,-294.950356,49.281655,49.897539,49.281655,1188.611865,-224.085872,-4.991165,-48.546599,-4.991165,-341.352723,2.716873,-48.546599,2.716873,1248.768971,135.837258,1.0,2.523096,1.424053,4.472449,2.0,144.0,1535.4353621568662,11.30349202246755,0.007254943690935917
48996.0,-0.156341,0.384772,0.909675,-0.854711,0.408869,-0.319837,-0.495002,-0.827512,0.264946,-299.499114,-137.95676,-471.699306,3.593499,3.597457,3.594187,90.030833,90.00238,89.900392,144.918826,0.075239,0.072903,67.994274,0.854167,-311.10459,-275.844682,-172.213829,-275.844682,-690.893927,-49.656278,-172.213829,-49.656278,1257.196863,122.415097,-13.06385,-320.740262,-13.06385,-480.722519,-80.526192,-320.740262,-80.526192,1133.555443,810.541999,1.0,1.232701,1.302648,3.680674,2.0,123.0,1441.5906653599773,1.77855147190217,0.012562337234455948
47911.0,-0.525559,-0.407393,-0.746873,0.697257,0.29675,-0.652512,0.487463,-0.863696,0.128098,340.132981,-30.004335,-257.80152799999996,3.595423,3.597966,3.59327,90.052513,89.998779,90.020771,100.146078,0.058513,0.059605,96.539692,0.992958,-375.077792,-319.720442,-16.721876,-319.720442,90.198691,-326.605195,-16.721876,-326.605195,963.123126,61.57041,156.918277,295.585689,156.918277,-120.252582,-87.301202,295.585689,-87.301202,1100.441789,553.890436,1.0,5.430459,1.442345,2.627767,2.0,141.0,1179.370956806981,2.1292495413424706,0.010285489620165766
48914.0,0.2537,-0.942064,0.219435,0.726425,0.335356,0.599869,-0.638704,0.007216,0.769419,287.920074,417.021581,-437.489749,3.595258,3.593633,3.593595,89.962363,90.122548,89.966793,166.146699,0.073943,0.070795,72.206267,0.864286,-673.387392,-587.232176,-195.659199,-587.232176,-732.997791,-376.086461,-195.659199,-376.086461,921.459132,-192.552758,-66.133897,101.074802,-66.133897,-323.098697,-112.565022,101.074802,-112.565022,1142.929081,667.893311,1.0,2.790907,0.692866,4.723687,2.0,121.0,1412.5654796362965,2.114956769848974,0.011969681246643037
47518.0,0.745698,0.59521,-0.29943,-0.24522,0.663032,0.707287,0.619517,-0.453997,0.64038,507.98043,-179.982817,-462.7249,3.597222,3.594954,3.594622,90.029737,89.956817,90.018367,93.981385,0.0666,0.06298,94.877776,1.0,183.792164,17.25863,280.190268,17.25863,-270.978284,-142.144282,280.190268,-142.144282,803.862876,-389.396524,21.381513,17.53936,21.381513,-45.270067,-110.483742,17.53936,-110.483742,896.115535,455.582646,1.0,3.542065,0.875804,2.203214,2.0,138.0,1156.8552863550494,2.5392874300902353,0.010539876061175802
48822.0,-0.012633,0.328624,0.944376,-0.998788,-0.049069,0.003714,0.047561,-0.943185,0.328846,335.679735,-13.026491,-246.610386,3.593651,3.599178,3.595744,90.071346,90.006726,90.01546,98.673772,0.067419,0.059913,90.395835,1.0,-2.057991,104.946841,186.266696,104.946841,-311.715655,-23.465657,186.266696,-23.465657,1524.175,-171.341336,23.056712,-68.626179,23.056712,-221.894108,48.641554,-68.626179,48.641554,1294.211678,650.974736,1.0,1.574729,1.235715,3.09121,2.0,138.0,1493.3835277191747,2.2940729419016574,0.011062456583314928
48380.0,-0.045631,-0.817217,0.574521,0.461181,0.49293,0.737789,-0.886132,0.298624,0.354392,-289.635962,282.573172,-487.75226299999997,3.598348,3.592847,3.594012,89.982174,89.994733,90.065369,82.770924,0.052099,0.049901,94.604532,1.0,-607.452424,294.09349,-320.467164,294.09349,-140.134384,-330.765172,-320.467164,-330.765172,1021.448253,-183.060166,-89.585982,43.867921,-89.585982,-139.94971,-175.754764,43.867921,-175.754764,1202.109983,298.106296,1.0,2.479971,1.208533,5.037433,2.0,138.0,1375.3070097747554,4.613478575356072,0.010570318132327951
48881.0,-0.058295,0.507004,0.85997,-0.860068,0.411845,-0.301108,-0.506838,-0.757186,0.412049,-8.161603,407.22693,-265.49219700000003,3.593494,3.596539,3.595332,90.036943,89.979013,89.879671,100.170648,0.055815,0.050932,153.040027,1.0,-112.57402,-635.874275,-308.961685,-635.874275,-727.222478,-29.146426,-308.961685,-29.146426,1155.635326,-142.635168,38.139596,-138.005048,38.139596,-125.268975,-82.966958,-138.005048,-82.966958,993.24117,249.565307,1.0,1.233998,1.146094,3.731464,2.0,148.0,1136.3663343350097,4.553382631565091,0.006534238261732664
47523.0,-0.785242,-0.588413,-0.192782,0.481933,-0.776279,0.406363,-0.388762,0.226186,0.893143,-193.1082,-219.365957,-229.337024,3.594339,3.596636,3.597076,89.957975,90.085975,90.015592,146.261754,0.068895,0.073313,68.236568,0.863636,-132.053942,464.623867,37.686369,464.623867,-25.266976,-316.321871,37.686369,-316.321871,1221.239034,-200.973326,-47.181415,-145.188262,-47.181415,-563.831362,-16.758552,-145.188262,-16.758552,1076.416416,707.747494,1.0,3.584557,0.466512,5.239326,2.0,114.0,1498.196103670047,2.116851160012793,0.012656498199030173
47525.0,0.749312,0.06909,0.658603,-0.253663,0.948631,0.189085,-0.611708,-0.308747,0.728347,-11.413605,227.392257,-373.648378,3.595074,3.59477,3.596771,90.040447,90.030837,89.923678,97.521241,0.065156,0.055392,89.849082,1.0,67.879658,296.791192,62.072969,296.791192,-387.813177,-387.016332,62.072969,-387.016332,984.957512,112.801808,-47.947468,9.129546,-47.947468,-255.965423,-139.377497,9.129546,-139.377497,1206.470408,614.671592,1.0,1.850377,0.754891,4.244964,2.0,142.0,1323.5428647251417,2.153252048656808,0.011129774258572837
49120.0,-0.284348,0.938877,0.194052,-0.841087,-0.341439,0.419514,0.460129,-0.043927,0.886765,-82.370378,-371.614387,-305.31817,3.594094,3.595465,3.598955,89.963726,89.956572,90.066098,80.268193,0.057183,0.051525,98.11213,0.992857,588.76635,383.913349,159.861994,383.913349,-587.473437,267.364252,159.861994,267.364252,1192.101692,89.081153,35.350497,122.334439,35.350497,-190.986532,127.638711,122.334439,127.638711,1322.629128,314.693767,1.0,2.70834,0.480498,1.665974,2.0,139.0,1403.5439787782025,4.460031071343725,0.010119615179081323
49275.0,0.631018,-0.531445,-0.56514,0.771143,0.509142,0.382248,0.084593,-0.677009,0.731097,229.403266,443.189619,-464.339796,3.594783,3.596218,3.595381,90.050582,89.917604,89.915373,182.319063,0.083886,0.082407,69.347052,0.830882,-1096.941764,-133.499256,25.659053,-133.499256,970.857266,-66.671583,25.659053,-66.671583,725.116209,-425.52016,-373.709653,-88.835027,-373.709653,-221.370543,-178.444784,-88.835027,-178.444784,746.550874,773.754032,1.0,4.117694,0.750868,3.017286,2.0,113.0,1144.8556908857072,1.4796119225724527,0.011981504275048346
48172.0,0.293926,0.570996,-0.766532,-0.338285,0.812194,0.475294,0.893963,0.119605,0.431884,145.503874,138.482098,-454.690409,3.598218,3.593443,3.594477,89.993768,89.95536,89.965161,102.839279,0.057158,0.055836,85.899804,0.971429,-198.239936,-86.422489,210.392107,-86.422489,-394.463178,-2.993142,210.392107,-2.993142,1125.726868,-187.125145,42.881118,35.423723,42.881118,-293.217331,-84.934719,35.423723,-84.934719,1236.902254,527.23065,1.0,4.157351,1.124215,1.437794,2.0,136.0,1482.5378300095947,2.8119340747917345,0.0113088616593351
48766.0,0.133775,0.550126,-0.824297,0.599292,0.617544,0.509401,0.789274,-0.56214,-0.247074,-312.73112,74.40753,-249.913084,3.59724,3.594688,3.590465,89.889005,90.02777,90.040472,127.327041,0.064905,0.065759,71.166959,0.816176,-1677.462583,285.642472,192.519052,285.642472,134.937581,-55.670668,192.519052,-55.670668,1032.174603,-56.703445,-1.296077,33.170636,-1.296077,-22.799737,-3.441671,33.170636,-3.441671,984.706115,490.70401,1.0,4.158852,1.820456,2.189679,2.0,111.0,1025.2858379254658,2.0894180952902053,0.011468468113130981
48842.0,0.164343,0.516369,-0.840449,0.468051,0.709184,0.527244,0.868285,-0.480022,-0.125138,62.744283,-413.243266,-500.38054999999997,3.597142,3.594386,3.594073,89.963191,89.938123,90.079697,113.710735,0.068032,0.064478,80.166501,0.891304,-685.62287,-421.849813,-453.756294,-421.849813,89.395112,150.411539,-453.756294,150.411539,978.530105,-419.944078,10.997465,-127.62631,10.997465,-458.71774,75.982401,-127.62631,75.982401,1170.112573,548.880462,1.0,4.152111,1.696263,2.075816,2.0,123.0,1614.9529181303483,2.942267087164688,0.011118160190127296
48607.0,0.119951,0.564377,-0.816756,-0.26999,0.810233,0.520218,0.955362,0.158116,0.249565,-4.153065,54.844815,-539.367559,3.599578,3.59243,3.59229,89.959121,90.011234,89.983175,126.798047,0.06838,0.066413,80.107141,0.842466,-929.529364,-215.170965,395.692063,-215.170965,-244.607995,-351.159331,395.692063,-351.159331,1195.623243,-941.215606,-88.519441,160.516618,-88.519441,-245.725103,-197.201396,160.516618,-197.201396,1170.152544,704.787121,1.0,4.145255,1.318566,1.40678,2.0,123.0,1878.1675265910203,2.664872087796026,0.010516740324061746
49467.0,-0.256153,0.275926,0.926418,-0.390725,0.847054,-0.360323,-0.884149,-0.454273,-0.109164,-123.812656,-416.286235,-574.469886,3.59639,3.591317,3.591243,89.975039,89.963625,89.856517,166.50904,0.075267,0.071676,76.805572,0.923611,-1094.048722,-195.566224,-188.250423,-195.566224,-1612.56557,-99.92294,-188.250423,-99.92294,1237.14772,-346.410306,138.365082,182.970579,138.365082,-520.639822,167.640239,182.970579,167.640239,1132.615909,487.997959,1.0,1.199858,1.680179,4.237765,2.0,133.0,1592.5166480495304,3.263367435619809,0.012025312434363486
48928.0,0.297067,-0.61382,-0.73142,0.862181,-0.156765,0.481736,-0.41036,-0.773724,0.482654,-75.228973,258.89902,-270.178221,3.594812,3.597746,3.594333,90.03504,90.029071,89.948907,79.148981,0.053206,0.047301,86.763245,0.993056,-70.886003,47.714381,249.381567,47.714381,-276.253593,-118.63008,249.381567,-118.63008,1089.531732,8.260965,37.454796,179.1749,37.454796,-317.859918,-114.756948,179.1749,-114.756948,1061.333105,430.443155,1.0,4.129971,1.067114,3.62924,2.0,143.0,1262.438642575608,2.9328812130270907,0.011445583899034667
49126.0,0.033282,0.545639,-0.837359,-0.151222,0.830927,0.535437,0.987939,0.108807,0.110168,482.464806,-40.245835,-488.645651,3.59981,3.592795,3.592963,89.956921,90.00498,89.957573,61.4103,0.060744,0.049493,125.264265,1.0,-833.645296,-209.112779,285.266752,-209.112779,-234.96538,43.497367,285.266752,43.497367,1443.284052,-252.387393,-77.611484,69.460327,-77.611484,-283.847049,17.400589,69.460327,17.400589,1438.888012,262.929604,1.0,4.143477,1.460405,1.461103,2.0,140.0,1709.6702731626337,6.502387890724674,0.007983122720593937
48776.0,0.116748,0.345516,-0.931122,0.310075,0.877988,0.364678,0.943517,-0.331293,-0.004632,-17.610301,-24.007669,-278.643289,3.598063,3.593784,3.594198,90.004126,90.02936,90.021694,91.677994,0.056235,0.059373,106.192215,0.985915,-86.2068,52.269394,291.519207,52.269394,-320.394558,127.048748,291.519207,127.048748,914.07795,-14.987467,35.975612,140.45384,35.975612,-417.509343,81.380661,140.45384,81.380661,1183.937532,596.12905,1.0,4.339098,1.575429,1.908474,2.0,140.0,1450.0937235321119,2.432516455173778,0.009284249320913025
47547.0,0.627298,0.352665,-0.694352,-0.211975,0.935247,0.283513,0.749375,-0.030662,0.661435,-132.466455,100.23194,-259.08669399999997,3.596604,3.594342,3.595501,90.027125,89.924578,90.00114,118.774522,0.066219,0.06734,91.42428,0.979167,-170.069841,192.054292,15.241984,192.054292,-257.601471,-142.933395,15.241984,-142.933395,1046.024485,-44.589795,5.827307,-19.593437,5.827307,-105.910346,-162.737858,-19.593437,-162.737858,1090.636284,482.481131,1.0,4.324737,0.848066,1.61169,2.0,141.0,1175.707128548852,2.4367940070776615,0.01071014176977932
48393.0,0.330029,0.797497,-0.505054,-0.750866,0.546033,0.371549,0.572085,0.256606,0.77902,430.993758,-124.973035,-361.84504400000003,3.593931,3.595256,3.595889,89.957645,89.899952,90.008028,91.402411,0.05576,0.053062,116.239879,1.0,-478.007882,533.77912,-23.472509,533.77912,-319.947778,68.869254,-23.472509,68.869254,1034.336876,-517.153506,85.256995,49.188048,85.256995,40.11153,38.685802,49.188048,38.685802,928.874435,486.215275,1.0,4.078128,0.677695,1.149153,2.0,142.0,1266.5342165952554,2.6048836425290327,0.008602899526418123
49308.0,-0.496932,0.686346,0.531025,-0.861326,-0.464647,-0.205475,0.105713,-0.559493,0.822066,106.193485,-299.150626,-262.976276,3.594005,3.593925,3.597247,90.071997,89.989927,90.024928,79.694301,0.062896,0.051544,93.113754,1.0,-317.039062,199.612756,127.677289,199.612756,-434.279703,-148.868259,127.677289,-148.868259,1016.621746,-376.010969,-39.486949,199.264895,-39.486949,-211.976058,-71.798863,199.264895,-71.798863,914.061679,356.422124,1.0,1.201599,0.605767,2.954851,2.0,150.0,1230.6069774029736,3.4526672014416637,0.01073955196780059
49334.0,0.592688,0.08271,-0.801174,0.633506,0.566401,0.527124,0.497384,-0.819969,0.283302,-272.254851,-315.403977,-255.085024,3.594679,3.597915,3.59347,90.001687,89.943445,90.052022,69.813468,0.051509,0.046191,114.130014,1.0,-738.337262,-82.581295,93.102881,-82.581295,173.030808,-138.802009,93.102881,-138.802009,1077.327645,-150.925432,227.058981,87.291411,227.058981,21.032856,-27.496197,87.291411,-27.496197,1086.180269,400.213965,1.0,4.130453,1.283561,2.596342,2.0,138.0,1179.9230055143582,2.948230468455438,0.008761937065915019
49754.0,-0.647122,0.756255,0.096495,-0.479522,-0.502149,0.719657,0.592699,0.419434,0.687592,-321.819544,306.697094,-234.582864,3.593816,3.596647,3.598888,90.031717,89.957784,89.979425,120.957249,0.061483,0.05979,93.29985,0.992958,-56.106736,-533.782,77.257755,-533.782,704.600642,490.518165,77.257755,490.518165,778.186474,-78.619305,41.793372,109.806859,41.793372,-155.496959,201.523851,109.806859,201.523851,853.365119,382.36178,1.0,3.008302,0.812629,0.954943,2.0,141.0,993.4616184866688,2.598224170016859,0.010642653766324383
49207.0,0.417392,0.128231,-0.899634,0.538501,0.762543,0.358532,0.731984,-0.634102,0.249227,146.578068,18.406109,-526.529499,3.596458,3.595624,3.595624,90.050742,90.011448,90.017493,96.301372,0.061958,0.05932,129.420404,1.0,447.230935,309.807462,-114.426788,309.807462,-93.388142,35.382302,-114.426788,35.382302,615.356558,-264.814724,-24.431675,33.534684,-24.431675,-186.760952,110.863299,33.534684,110.863299,1083.695031,234.141206,1.0,4.33315,1.318915,2.284666,2.0,138.0,1315.2276579842096,5.617241323956491,0.00772675690303053
49340.0,-0.528481,0.385033,0.75661,-0.845681,-0.16068,-0.508927,-0.074381,-0.908808,0.410531,417.488181,429.554006,-374.701508,3.582771,3.597639,3.59417,90.06869,90.000102,89.951624,234.017432,0.077087,0.083243,77.569978,0.875,-1421.354332,-1387.583907,45.888127,-1387.583907,-2386.329864,32.08025,45.888127,32.08025,1124.975707,-316.265116,-150.333059,-213.082676,-150.333059,-545.160098,119.993649,-213.082676,119.993649,1125.653509,636.890195,1.0,0.978669,1.14776,3.223256,2.0,125.0,1588.5125810176876,2.4941702564877573,0.01128013727166456
48376.0,-0.159046,-0.738761,-0.654932,0.81015,0.281465,-0.514231,0.564235,-0.61238,0.553742,-281.266427,-58.225774,-350.529849,3.596044,3.596152,3.594827,90.042547,89.931536,90.01481,82.742899,0.056228,0.054326,105.23327,1.0,-31.38516,-378.141483,-92.98506,-378.141483,-174.128945,54.233413,-92.98506,54.233413,984.332414,-346.185938,-108.514815,55.082956,-108.514815,-71.938351,64.701792,55.082956,64.701792,952.168947,536.700883,1.0,5.378019,0.983945,2.397091,2.0,146.0,1191.2654579693472,2.2196077847133844,0.009502698148598821
48189.0,0.23217,-0.22805,0.945563,-0.231952,0.9311,0.281515,-0.944614,-0.284685,0.163277,-134.733053,418.492184,-379.786795,3.599535,3.590457,3.594915,89.91824,90.05954,89.950187,109.580832,0.063594,0.051466,148.199105,1.0,-528.6328,973.488772,-70.543182,973.488772,-705.140902,465.012715,-70.543182,465.012715,1422.853742,-16.471089,79.324636,-37.107324,79.324636,-229.113693,121.53152,-37.107324,121.53152,1281.496174,169.289119,1.0,1.860162,1.406785,4.419669,2.0,148.0,1422.240653989348,8.401252616769469,0.0067476790767393635
47570.0,-0.221123,-0.247427,0.943337,0.229176,0.927011,0.296865,-0.947936,0.281834,-0.148279,402.568157,470.016688,-250.770736,3.599336,3.593228,3.598016,89.943539,89.957381,90.051581,149.722604,0.072925,0.066096,73.028775,0.886667,413.026991,855.644378,-79.70091,855.644378,-84.365829,-204.461494,-79.70091,-204.461494,1439.480763,-636.634363,-19.271484,105.695212,-19.271484,-172.122751,-152.122433,105.695212,-152.122433,1383.896437,520.276969,1.0,1.875681,1.719624,5.001379,2.0,133.0,1840.0458715330099,3.536666009009924,0.012141337438564456
47572.0,-0.220266,0.314732,-0.923269,0.23065,0.93648,0.264209,0.947778,-0.154756,-0.278868,410.573437,393.62348,-309.104946,3.599694,3.59319,3.594669,89.988377,90.023749,90.05158,82.701155,0.060942,0.057518,102.114012,1.0,-73.564968,-155.00129,-247.051649,-155.00129,-476.144556,-88.053966,-247.051649,-88.053966,1476.36585,-218.401642,63.256857,-176.336655,63.256857,-261.783797,36.877936,-176.336655,36.877936,1430.804363,343.417444,1.0,4.433671,1.853411,1.732651,2.0,142.0,1679.4792615122228,4.890489085092087,0.009792975326441977
49739.0,0.758243,-0.648955,0.062654,0.33326,0.468383,0.818264,-0.560362,-0.599562,0.571419,68.584025,389.68023,-462.126548,3.598251,3.595102,3.595646,90.051607,89.995399,89.983433,140.679262,0.068983,0.072615,90.543423,0.978571,502.652505,501.076687,-180.163923,501.076687,21.075611,-69.9289,-180.163923,-69.9289,805.121847,-304.663487,93.025697,39.819738,93.025697,-402.463646,21.880598,39.819738,21.880598,1165.581358,550.180788,1.0,3.065172,0.962563,3.893208,2.0,137.0,1524.1435527087338,2.7702594964270792,0.010807753535008279
48813.0,0.189862,-0.788357,-0.585189,0.936032,0.325221,-0.134441,0.296303,-0.52223,0.799675,568.932285,188.515755,-310.28898,3.592741,3.595425,3.593046,90.104261,89.88382,90.011997,145.360848,0.102534,0.078458,77.636453,0.815068,-1098.196816,-619.377257,574.878861,-619.377257,-715.693273,321.653625,574.878861,321.653625,973.154051,-228.827717,-19.694316,-2.666321,-19.694316,-45.273832,-52.551834,-2.666321,-52.551834,1019.923758,533.908784,1.0,4.93821,0.644043,2.625503,2.0,119.0,1168.8569601678805,2.1892446709921156,0.010498521873481263
47576.0,0.59076,-0.14847,0.793069,-0.215542,0.918162,0.332446,-0.777524,-0.367336,0.510412,385.048199,-74.731233,-422.967432,3.597689,3.593938,3.593418,90.01253,90.051699,89.969049,136.07542,0.069161,0.073972,82.723018,0.986111,-394.837204,-101.365056,-382.55933,-101.365056,-299.703304,107.268338,-382.55933,107.268338,923.396512,-37.338097,35.721648,8.101185,35.721648,-421.719461,34.314861,8.101185,34.314861,1050.076704,458.0416,1.0,1.967735,1.035132,4.271029,2.0,142.0,1322.9101814300568,2.888187844575813,0.011920636164410733
48326.0,-0.213805,-0.847923,-0.485093,0.82277,-0.424006,0.378509,-0.526628,-0.318193,0.7883,229.626035,446.988611,-261.971653,3.59465,3.593883,3.595734,90.034943,90.060563,89.936071,109.90267,0.058085,0.053026,116.524995,1.0,-265.861077,-181.493261,224.602915,-181.493261,-641.397809,-58.539149,224.602915,-58.539149,919.028852,-38.53675,-80.202762,-37.70805,-80.202762,-95.859743,-36.410992,-37.70805,-36.410992,899.867354,477.464833,1.0,4.049788,0.662756,4.168881,2.0,144.0,971.887557858174,2.0355165253776377,0.008581849756783942
48812.0,0.04296,0.654783,-0.754595,-0.549897,0.646089,0.529322,0.834127,0.39221,0.387819,396.365536,-200.549886,-456.942812,3.597443,3.595327,3.593975,89.977101,89.944874,89.936253,118.286501,0.064758,0.064376,85.862136,0.985075,-247.155313,133.908545,141.011721,133.908545,-303.442863,34.71192,141.011721,34.71192,1251.86005,-267.350074,133.543527,194.71643,133.543527,-228.011999,-43.4209,194.71643,-43.4209,1255.239364,524.570951,1.0,4.100681,1.172532,1.131268,2.0,132.0,1517.615117726453,2.8930597754858387,0.011472752087136523
47817.0,0.737746,0.653872,0.167879,-0.51803,0.388877,0.761853,0.432869,-0.64902,0.625617,-46.534575,39.455978,-378.349895,3.595069,3.596147,3.595169,90.050275,89.94294,90.054976,115.454289,0.064602,0.063722,80.193869,0.93662,-215.665543,94.262104,103.649088,94.262104,-307.250676,-190.857598,103.649088,-190.857598,1123.917577,-105.36164,-38.087308,-63.061929,-38.087308,-375.872065,22.080683,-63.061929,22.080683,1148.5217,476.46957,1.0,2.924703,0.894874,2.553388,2.0,133.0,1410.3276535714251,2.959953252778399,0.01167944646741012
47894.0,0.537659,0.836798,-0.103401,-0.40735,0.365167,0.837089,0.738233,-0.407948,0.537205,153.436579,-125.045172,-409.465261,3.596955,3.59297,3.593726,90.017435,89.980651,90.009202,234.754751,0.113247,0.117055,62.736478,0.805556,-234.557786,-267.049062,357.47645,-267.049062,-345.364085,-184.156727,357.47645,-184.156727,421.42881,-846.938412,-9.510794,133.747302,-9.510794,-98.281674,-219.750557,133.747302,-219.750557,542.350292,1121.37837,1.0,3.264494,1.003676,2.075634,2.0,116.0,1224.8312098449985,1.0922550698431954,0.012840312776244788
47584.0,-0.743396,-0.512849,-0.429358,0.526429,-0.052641,-0.848588,0.412596,-0.856863,0.309112,-302.970182,-83.847651,-388.482317,3.592292,3.597395,3.594657,90.063577,90.04189,90.105415,103.866295,0.063452,0.0614,105.494121,0.993056,-1366.502947,88.943356,178.035547,88.943356,123.859929,-0.324906,178.035547,-0.324906,1274.67077,-469.131671,87.357983,167.921457,87.357983,-94.824001,52.290906,167.921457,52.290906,1278.71851,485.492012,1.0,5.814775,1.256537,2.692839,2.0,143.0,1603.0518666304038,3.301911930593008,0.009413377642153158
49630.0,0.745565,-0.189046,-0.639057,0.432486,0.866822,0.248143,0.507039,-0.46139,0.728032,538.208383,199.610603,-245.169712,3.594612,3.594298,3.594639,90.067809,89.878177,90.007459,141.84809,0.063559,0.063452,70.033874,0.805556,-1174.982887,234.873694,155.610884,234.873694,-176.055586,183.610081,155.610884,183.610081,1161.173102,-585.190058,67.241372,-2.254463,67.241372,-8.893756,178.94541,-2.254463,178.94541,1102.859497,781.087657,1.0,4.342013,0.755349,2.309092,2.0,116.0,1495.4006052055997,1.9145106081296068,0.011502376692741574
48246.0,0.352663,0.546651,-0.759474,-0.53503,0.783663,0.315619,0.767705,0.295034,0.568844,492.841689,93.322276,-519.039463,3.597259,3.593924,3.595054,89.957154,89.941136,89.988431,64.231749,0.063161,0.049889,109.871144,1.0,-477.387546,-143.861395,3.767208,-143.861395,-3.498968,-110.17355,3.767208,-110.17355,1041.135445,-167.461572,22.949044,48.945589,22.949044,-75.313701,9.598031,48.945589,9.598031,1126.13373,247.051756,1.0,4.318527,0.965697,1.203891,2.0,142.0,1250.9751480736988,5.063615690607351,0.009101570836470037
49231.0,-0.420745,-0.098233,0.901845,-0.892705,0.221709,-0.392331,-0.161407,-0.970152,-0.180976,520.641791,56.008116,-582.377835,3.593904,3.598725,3.592289,90.009399,90.013886,90.002573,124.550793,0.080638,0.071622,92.144504,0.957143,-480.381707,187.749549,270.392517,187.749549,-297.591353,-394.263643,270.392517,-394.263643,972.120598,-604.417664,-72.952602,-213.057688,-72.952602,-464.816313,-214.114657,-213.057688,-214.114657,1313.465378,494.892533,1.0,1.16046,1.752775,3.306455,2.0,134.0,1871.4821389587282,3.7815930008358567,0.010387412796752371
47914.0,-0.482424,-0.603878,-0.634507,0.657127,0.22946,-0.718006,0.579182,-0.763334,0.286127,-2.444545,-153.324252,-561.031782,3.593016,3.595897,3.594473,89.999134,89.986779,89.975038,150.262889,0.051948,0.063528,82.967957,0.952055,179.06128,-42.843592,244.018847,-42.843592,-274.191024,-325.616421,244.018847,-325.616421,-137.053615,68.590294,135.48578,75.688604,135.48578,-447.784484,-165.69313,75.688604,-165.69313,752.517726,591.05838,1.0,5.559445,1.280614,2.492513,2.0,139.0,1061.233739794834,1.7954804054970575,0.011474972199206979
48608.0,0.027585,-0.770298,-0.637087,0.80416,-0.361473,0.471873,-0.593772,-0.525337,0.609472,-131.052584,-230.360242,-346.287324,3.59227,3.594502,3.595726,90.035047,90.044291,89.888909,108.647607,0.056172,0.051597,120.260024,1.0,-256.324789,-492.30477,195.442887,-492.30477,-1145.192687,256.224675,195.442887,256.224675,920.213424,-38.064187,-105.029195,23.632197,-105.029195,-176.083836,-44.850251,23.632197,-44.850251,993.291462,392.382632,1.0,4.074885,0.915402,3.988067,2.0,140.0,1111.436957756741,2.832533519874909,0.00831531515410308
49618.0,-0.646515,0.035184,0.76209,-0.608044,0.579553,-0.542587,-0.460762,-0.814174,-0.353297,85.335249,236.053334,-327.838329,3.596463,3.596879,3.593316,89.933323,90.032032,89.938025,77.177003,0.059063,0.053025,110.250843,1.0,252.963618,427.095034,174.226289,427.095034,-672.24639,-90.868472,174.226289,-90.868472,1096.33551,-288.361028,107.987652,-83.051504,107.987652,-123.016588,-196.034316,-83.051504,-196.034316,1098.723342,227.595411,1.0,0.95208,1.931889,3.65658,2.0,138.0,1328.4338141999585,5.836821614122784,0.009070225431292166
47697.0,0.224792,0.391602,-0.892254,-0.044832,0.918876,0.391991,0.973375,-0.048115,0.224112,439.198722,-308.445614,-306.296901,3.600668,3.593247,3.592507,90.071069,89.980006,90.008268,103.791648,0.077034,0.062529,101.896314,1.0,-124.525785,472.74338,242.155062,472.74338,-890.28129,-223.768312,242.155062,-223.768312,1626.541915,-444.619206,185.972066,84.348713,185.972066,-140.42456,-120.468804,84.348713,-120.468804,1426.491221,340.058767,1.0,4.298446,1.344764,1.620187,2.0,144.0,1751.1615072019215,5.149584945715931,0.009813897684267558
48476.0,-0.082189,-0.808984,-0.582056,0.800051,-0.401811,0.445495,-0.594275,-0.42906,0.680253,54.39333,-368.707282,-409.132179,3.594153,3.594284,3.594183,90.026955,90.113649,89.977543,133.029336,0.066931,0.064599,90.844542,0.978571,-427.009107,417.584847,-106.736863,417.584847,-905.328679,-178.598131,-106.736863,-178.598131,885.292982,-154.660006,-46.431952,90.515097,-46.431952,-265.346421,43.883175,90.515097,43.883175,996.106021,391.075938,1.0,4.059116,0.822688,4.087058,2.0,137.0,1213.7108712106801,3.103517126156404,0.010771929479263597
48554.0,-0.020869,-0.792449,-0.609581,0.804562,-0.375257,0.460285,-0.593502,-0.48084,0.645405,-70.071609,127.369725,-421.628181,3.597874,3.595596,3.596361,90.032012,90.026302,89.963879,76.497204,0.06867,0.062975,110.081685,1.0,52.042203,-116.120269,56.517083,-116.120269,429.188427,-218.038646,56.517083,-218.038646,1079.311429,154.321978,24.600198,-5.476084,24.600198,55.724969,-49.072911,-5.476084,-49.072911,1029.555126,454.913739,1.0,4.065642,0.869243,4.031475,2.0,136.0,929.6947267710576,2.043672562659308,0.009084163273845236
49317.0,-0.48267,0.416976,0.770169,-0.833889,0.049981,-0.549664,-0.26769,-0.907542,0.323587,-119.733238,170.926466,-506.535813,3.594425,3.598249,3.593011,90.062509,90.002302,90.002031,135.061903,0.063888,0.068123,83.982478,0.985915,-464.650883,306.976105,-190.90018,306.976105,-190.671584,-270.198004,-190.90018,-270.198004,1062.487636,-177.834192,60.566584,94.220182,60.566584,-444.298936,16.590173,94.220182,16.590173,1198.627427,720.352325,1.0,0.95094,1.241278,3.428421,2.0,140.0,1530.3739026894805,2.124479715796684,0.011739532143836003
47895.0,-0.500918,-0.631624,-0.591719,0.647952,-0.726933,0.227435,-0.573794,-0.269479,0.773396,-73.616841,-366.58653,-294.309433,3.59575,3.59304,3.59627,90.072457,90.053626,90.002928,97.720326,0.066641,0.059882,88.815368,0.965278,-736.069799,-312.890771,22.559537,-312.890771,-14.927827,92.015764,22.559537,92.015764,983.318235,-282.476437,14.434534,-22.813214,14.434534,-271.849736,91.686292,-22.813214,91.686292,1184.650702,463.359168,1.0,4.345435,0.686616,4.273319,2.0,139.0,1464.184287688359,3.1599337809764867,0.010868366834892807
48734.0,0.08705,0.440881,-0.893334,-0.293394,0.868312,0.399943,0.95202,0.227284,0.204938,218.523512,129.483317,-559.437729,3.598059,3.591953,3.592324,89.951957,90.003903,89.922523,144.364418,0.072486,0.072059,86.03471,0.880282,-952.938829,-378.00671,400.387563,-378.00671,-658.87428,150.17569,400.387563,150.17569,1086.338694,-515.465424,-114.919797,122.096945,-114.919797,-524.303151,-334.179587,122.096945,-334.179587,1192.59779,612.259781,1.0,4.291452,1.364396,1.336444,2.0,125.0,1742.8413897681191,2.8465717394037338,0.010231707644507664
49666.0,0.859636,-0.454934,-0.232509,0.472324,0.881145,0.022212,0.194769,-0.128914,0.97234,318.268467,-79.389757,-382.181099,3.591245,3.591751,3.599441,90.045706,89.991469,89.943874,126.61873,0.069164,0.069432,75.41867,0.965753,-1317.145263,276.194235,-381.762751,276.194235,-468.965285,-218.386364,-381.762751,-218.386364,1289.158529,-859.610456,-41.433229,-131.684963,-41.433229,-458.766477,-46.614499,-131.684963,-46.614499,1335.335718,554.460783,1.0,4.617145,0.235745,2.15548,2.0,141.0,2028.436974440623,3.658395754277581,0.01280522448884341
47602.0,-0.330181,-0.252933,-0.909399,0.301974,0.884493,-0.355645,0.894311,-0.392042,-0.215664,352.766568,-389.014834,-361.182561,3.597162,3.592915,3.59656,89.922911,89.981977,90.024617,151.109897,0.071027,0.074893,72.357478,0.838028,827.513795,-215.428794,30.350645,-215.428794,-844.279836,157.615508,30.350645,157.615508,688.052578,-291.690666,29.484055,-57.220405,29.484055,-299.820834,319.097063,-57.220405,319.097063,758.997859,668.964859,1.0,5.08518,1.788168,1.983939,2.0,119.0,1091.8010649012165,1.632075362722777,0.011581774588661036
48738.0,0.125562,-0.50778,-0.852287,0.908472,0.404046,-0.106885,0.398638,-0.760859,0.512037,267.072892,-310.830079,-369.310174,3.595661,3.598199,3.594584,90.043557,89.973947,90.010459,80.443796,0.057661,0.051682,102.290162,0.993151,-145.88683,-203.447622,220.122444,-203.447622,289.672767,-165.851022,220.122444,-165.851022,1030.723629,-201.705705,15.453564,63.825029,15.453564,-98.856435,41.896325,63.825029,41.896325,1193.577972,344.736169,1.0,4.837148,1.033242,2.658984,2.0,145.0,1348.4959828570315,3.9116753741526655,0.00970915463013931
47604.0,0.680669,0.03344,0.731828,-0.281598,0.934153,0.219227,-0.676308,-0.355303,0.645265,392.626404,104.086371,-513.358687,3.596703,3.593752,3.594401,90.065984,90.075243,89.987295,125.430548,0.052431,0.056579,78.354467,0.978873,-475.914833,-419.588635,-147.424747,-419.588635,-414.239558,37.925374,-147.424747,37.925374,1065.635404,84.41679,-86.732324,-151.501409,-86.732324,-202.410366,-28.72019,-151.501409,-28.72019,963.000711,605.210966,1.0,1.861851,0.869426,4.228663,2.0,139.0,1062.8528909159245,1.7561692544016536,0.012492880590968732
49541.0,0.748502,-0.580973,-0.319711,0.525699,0.225981,0.820106,-0.404211,-0.781922,0.474564,431.796069,196.066353,-400.61705,3.590964,3.595386,3.594974,90.053233,90.026955,89.888065,83.770501,0.058685,0.048867,111.578006,0.993056,-1431.043851,-437.473993,-53.793715,-437.473993,-380.888351,-5.425243,-53.793715,-5.425243,1004.008556,-82.758807,72.057681,71.14784,72.057681,-234.370261,-42.959927,71.14784,-42.959927,971.282354,192.160984,1.0,3.513311,1.076327,3.618704,2.0,141.0,1141.4326195413319,5.939981133429936,0.008900105277020277
47607.0,-0.514494,0.094117,-0.852313,0.409787,0.9001,-0.147971,0.75324,-0.425397,-0.501664,-261.44188,-86.659934,-561.570293,3.596747,3.595476,3.593155,89.998666,90.135846,90.035912,126.21183,0.072301,0.069572,93.948204,1.0,-1183.270235,292.632422,-43.772039,292.632422,158.846223,273.937513,-43.772039,273.937513,1343.478545,-91.776977,-59.038149,-132.968578,-59.038149,-221.673556,28.195825,-132.968578,28.195825,1023.593874,389.690377,1.0,4.884287,2.096318,2.084898,2.0,144.0,1192.5933829674202,3.0603613877984475,0.010644163032642965
48997.0,0.375727,-0.257053,-0.890367,0.908057,-0.089781,0.409112,-0.185101,-0.962218,0.199685,-182.372596,-137.567202,-338.968164,3.592323,3.600413,3.593315,89.982501,89.989837,90.053065,81.328116,0.061321,0.051617,139.80839,0.993333,-204.931653,13.020887,797.325297,13.020887,-478.380616,560.111169,797.325297,560.111169,1191.951696,-237.818549,15.274041,234.177289,15.274041,-419.086978,105.699275,234.177289,105.699275,1387.443723,131.001268,1.0,4.281674,1.36976,3.33164,2.0,148.0,1737.4199008033954,13.262618960324836,0.007104959866857776
49006.0,0.324277,0.265888,-0.907826,0.695372,0.58363,0.419325,0.641328,-0.767254,0.004367,150.177,-283.604168,-518.176091,3.595156,3.595678,3.595068,90.029243,89.98787,90.042011,142.440734,0.063227,0.063555,70.878081,0.885714,103.407576,-51.074644,-240.45348,-51.074644,-200.162381,103.488797,-240.45348,103.488797,563.989392,-579.440988,212.132063,-168.18214,212.132063,-291.178938,-139.001883,-168.18214,-139.001883,1133.245602,573.681853,1.0,4.279683,1.56643,2.445357,2.0,124.0,1610.013320901101,2.806456771260465,0.012496303335300515
47828.0,0.803733,0.122712,0.582198,-0.590257,0.041269,0.80616,0.074899,-0.991584,0.105601,285.522396,32.146549,-427.792037,3.594114,3.600502,3.59247,89.973433,89.97765,89.958793,81.610823,0.06188,0.055261,102.530672,1.0,-15.984455,-131.764836,-633.513088,-131.764836,-656.071968,-85.146685,-633.513088,-85.146685,1469.054962,-337.037633,-42.796023,-95.410619,-42.796023,-585.909203,-38.605176,-95.410619,-38.605176,1470.557932,330.389771,1.0,2.516131,1.464998,3.066201,2.0,144.0,1946.4112400032398,5.891257571661441,0.009753179029198209
49191.0,-0.366224,0.641446,0.674112,-0.85626,0.051298,-0.513992,-0.364278,-0.765452,0.530458,153.897761,209.198627,-569.503026,3.594376,3.596443,3.594286,90.023838,90.054175,89.965118,140.786369,0.084397,0.076733,77.868261,0.943662,34.351401,99.895061,-32.739018,99.895061,-538.782861,216.35686,-32.739018,216.35686,749.840743,-732.347469,-117.669959,-231.709361,-117.669959,-146.442667,-54.860557,-231.709361,-54.860557,956.844198,710.298171,1.0,0.919361,1.011656,3.585775,2.0,134.0,1503.2818304065754,2.1164095471204236,0.012118698785375468
48852.0,-0.043593,0.334106,0.941527,-0.947279,-0.313262,0.067303,0.317431,-0.888955,0.330147,-289.01512,289.84109,-279.74485400000003,3.59356,3.598515,3.591851,90.053571,90.020507,90.03895,130.228593,0.055552,0.061118,85.992218,0.978261,-865.79099,216.171599,-317.10375,216.171599,-354.759423,249.336,-317.10375,249.336,1137.84892,-771.453625,-51.178101,-217.992476,-51.178101,-159.331035,197.54088,-217.992476,197.54088,1277.205973,642.120785,1.0,1.642158,1.234337,2.798621,2.0,135.0,1839.7122416764055,2.8650563642421347,0.01137615731693303
49054.0,-0.152349,0.745533,0.648822,-0.667259,-0.561871,0.488943,0.729078,-0.358443,0.583065,231.42656,-159.28748,-431.009459,3.597567,3.592621,3.593688,90.020121,89.97188,90.040002,143.520405,0.077561,0.071702,71.533562,0.9375,-571.580802,253.291972,-190.454167,253.291972,-231.850569,-444.690219,-190.454167,-444.690219,707.261257,37.706667,-42.809971,-142.726815,-42.809971,-569.795744,21.806884,-142.726815,21.806884,1117.130947,634.26067,1.0,2.216589,0.948301,2.027732,2.0,135.0,1485.590182843644,2.342239166183273,0.013105736297599719
49413.0,0.277022,0.537145,-0.796702,0.160609,0.791601,0.589552,0.947345,-0.291276,0.133021,428.094873,392.845302,-455.062723,3.600296,3.593651,3.592634,89.955919,89.981252,90.020779,87.712932,0.060521,0.05618,101.86092,1.0,-796.285669,44.514021,436.339526,44.514021,-9.970082,200.778734,436.339526,200.778734,1462.600539,-451.661515,72.536126,239.021767,72.536126,-255.115597,109.57597,239.021767,109.57597,1324.304129,409.097489,1.0,4.075324,1.43738,1.869088,2.0,144.0,1702.7698933272236,4.162259459204902,0.009817307756497782
48874.0,0.246707,-0.648732,-0.719918,0.849306,0.502503,-0.161769,0.466706,-0.571522,0.674943,446.253085,491.406732,-529.504232,3.597596,3.595457,3.601739,90.083225,90.086812,90.000226,153.973267,0.084995,0.066043,132.675181,0.992958,732.710736,1009.946774,-632.074847,1009.946774,997.095469,-645.300395,-632.074847,-645.300395,1209.009578,-192.590903,1.59359,68.546845,1.59359,4.756815,8.195572,68.546845,8.195572,933.083904,139.708087,1.0,4.933423,0.829908,2.45681,2.0,141.0,1042.840745852149,7.4644264927351625,0.007484127720918654
49364.0,-0.462044,0.063616,0.884572,-0.724522,0.548139,-0.417865,-0.511452,-0.833964,-0.207173,257.724899,-195.856514,-401.790832,3.594209,3.597831,3.595172,89.983695,89.98006,89.931463,98.327436,0.060735,0.055127,94.083974,1.0,-95.443588,-255.816617,-60.779903,-255.816617,-233.385797,-147.290034,-60.779903,-147.290034,1160.611435,-213.743159,31.699503,-144.243822,31.699503,-256.834301,-107.444421,-144.243822,-107.444421,1063.472394,523.101047,1.0,1.129478,1.779481,3.691718,2.0,140.0,1308.8887171232784,2.5021718549977945,0.01062880273318387
47959.0,0.463824,0.862544,-0.202203,-0.394496,0.405447,0.824613,0.793247,-0.302707,0.528326,132.975157,462.709892,-247.544903,3.597528,3.595626,3.592674,90.00218,89.898542,89.966075,148.48178,0.069397,0.072202,77.782869,0.986111,403.852895,392.937745,508.033356,392.937745,-913.844657,3.534408,508.033356,3.534408,955.53296,-378.115062,-87.584442,155.299183,-87.584442,-353.088521,-132.341005,155.299183,-132.341005,991.224571,636.320763,1.0,3.382058,1.014169,1.935345,2.0,142.0,1370.5563771821999,2.1538765617525506,0.012677740133241935
47623.0,-0.364295,-0.898339,-0.245514,0.335187,-0.372441,0.865412,-0.868872,0.232972,0.43679,385.163644,370.990202,-331.133173,3.598469,3.588361,3.593398,89.900499,90.058451,90.028381,162.543134,0.067847,0.065384,81.639568,0.888889,-1188.803616,-992.173891,150.640987,-992.173891,-1202.789748,-45.257405,150.640987,-45.257405,1279.007795,159.234004,48.410059,150.431616,48.410059,-543.916369,-66.988132,150.431616,-66.988132,1232.975186,550.736888,1.0,3.418026,1.118769,4.974358,2.0,128.0,1557.0605468804865,2.827231261982376,0.010887967952010722
48192.0,0.446737,0.626735,0.638458,-0.641306,-0.273263,0.716976,0.623821,-0.729747,0.279853,217.877549,481.15327,-357.214409,3.597017,3.596091,3.601923,89.990618,90.05817,90.076703,165.021972,0.056589,0.059426,113.96219,1.0,489.040022,1087.987856,28.192253,1087.987856,1515.48158,-161.375583,28.192253,-161.375583,1001.491416,-251.410499,39.213239,56.845975,39.213239,-2.53722,-26.385099,56.845975,-26.385099,1192.894824,478.038177,1.0,2.414058,1.287156,2.434292,2.0,138.0,1338.8822803969886,2.8007852611256787,0.00877484014654334
49485.0,0.448265,0.261271,-0.854866,0.300003,0.856894,0.419204,0.842055,-0.444377,0.305733,-7.110305,151.157405,-500.485255,3.597201,3.595119,3.594651,90.044811,89.951527,90.045365,106.295826,0.072677,0.065377,87.343427,0.971831,-115.842142,155.930858,-182.336682,155.930858,-243.555185,55.371669,-182.336682,55.371669,1123.881613,-158.087264,123.554152,-64.95429,123.554152,-290.963337,81.006811,-64.95429,81.006811,1241.280238,526.942043,1.0,4.256472,1.260088,2.05638,2.0,138.0,1476.9438068355464,2.802858163351271,0.011126549911992804
47631.0,-0.483643,0.724578,-0.490995,0.420575,0.684348,0.595638,0.767598,0.081576,-0.635719,-107.514801,286.894762,-390.661306,3.597442,3.59383,3.595372,90.073294,90.062823,90.026394,95.369899,0.063609,0.055009,103.356525,0.972603,441.234031,-113.785825,-0.171751,-113.785825,-852.96833,175.295987,-0.171751,175.295987,1084.711147,324.267271,-122.952896,27.688634,-122.952896,-456.904391,169.111265,27.688634,169.111265,1111.001513,731.892254,1.0,3.830986,2.259736,1.464919,2.0,139.0,1370.0789939637466,1.871968157165039,0.009410175119567923
49495.0,0.764968,-0.279426,-0.580297,0.598408,0.641544,0.479926,0.238183,-0.714383,0.657971,75.095996,5.267129,-377.624633,3.594272,3.597378,3.59611,90.04719,90.007429,90.028983,117.17895,0.07712,0.066821,77.716602,0.992647,141.458278,-171.707893,13.506623,-171.707893,-142.132077,-230.537,13.506623,-230.537,985.198185,-469.692994,40.877166,-43.623723,40.877166,-33.672381,-143.101613,-43.623723,-143.101613,1191.016152,539.371282,1.0,4.02138,0.852675,2.819772,2.0,135.0,1497.3324465125133,2.7760700216748164,0.01277265055927175
47634.0,0.484395,0.650986,-0.584448,-0.194263,0.731414,0.653678,0.853009,-0.203102,0.480755,65.216795,109.020095,-309.104211,3.59827,3.593864,3.594705,90.020075,89.951937,90.035953,62.119331,0.047291,0.043386,115.056376,1.0,-178.868867,-95.268281,109.921371,-95.268281,-282.532191,-181.162639,109.921371,-181.162639,1189.027215,-195.629913,67.611315,74.150253,67.611315,24.985027,-119.882939,74.150253,-119.882939,1172.744958,207.181935,1.0,3.871133,1.06928,1.804545,2.0,144.0,1279.674920056555,6.176575771707871,0.008691391427103528
48089.0,0.333813,0.690015,-0.642221,-0.328243,0.723749,0.606996,0.883643,0.008182,0.468089,-53.608869,-359.66895,-398.822124,3.597327,3.592832,3.595399,89.997898,89.93513,89.952395,154.795345,0.068997,0.074405,74.544249,0.951389,-164.698565,-175.59025,181.397021,-175.59025,-540.233665,328.299822,181.397021,328.299822,1076.107224,-414.180144,-231.954076,0.662591,-231.954076,-96.577952,-8.969784,0.662591,-8.969784,1079.63984,806.797173,1.0,3.955181,1.083669,1.561537,2.0,137.0,1377.8031382087213,1.7077441323765288,0.012762741764290899
49206.0,-0.402278,0.391433,0.827619,-0.907783,-0.053284,-0.416042,-0.118753,-0.918663,0.376771,520.184612,481.575979,-440.102124,3.587077,3.597983,3.596166,90.068703,90.014721,89.86,181.805319,0.082707,0.074916,95.80665,1.0,-622.904712,-1142.931949,491.18533,-1142.931949,-1693.400638,596.285138,491.18533,596.285138,1479.815252,-4.783025,-119.276635,103.967462,-119.276635,-294.039801,137.089892,103.967462,137.089892,1417.583349,376.650356,1.0,1.104993,1.184488,3.270147,2.0,140.0,1597.2154007700508,4.24057849760814,0.010437688824314386
48992.0,0.267161,0.576592,-0.772118,0.5541,0.563622,0.612619,0.788415,-0.591499,-0.168912,-4.331011,471.126392,-574.826303,3.596313,3.5944,3.592303,90.081232,90.023328,90.081092,137.196995,0.080195,0.06789,88.150138,0.992857,92.137556,133.153404,-295.414952,133.153404,-1220.950354,455.146624,-295.414952,455.146624,791.696978,-281.275133,105.298526,65.350868,105.298526,-202.040281,73.543229,65.350868,73.543229,1041.651435,541.764431,1.0,4.041669,1.740522,2.21445,2.0,139.0,1291.1879479040908,2.38330143882054,0.011263249525485712
48549.0,-0.039296,-0.930055,-0.365313,0.919222,-0.176988,0.351718,-0.391773,-0.321982,0.861882,-106.571501,338.341525,-304.315879,3.594687,3.593329,3.599057,90.040773,90.001136,89.989069,157.406981,0.063749,0.063368,67.729304,0.842466,-414.472746,-202.474891,-217.788717,-202.474891,130.573886,413.409645,-217.788717,413.409645,1077.235497,-25.163935,144.045739,-456.263763,144.045739,-609.327114,190.702113,-456.263763,190.702113,1247.183843,889.916191,1.0,3.945948,0.531826,4.024461,2.0,121.0,1703.6267284417734,1.9143676063780857,0.012438722240523836
48862.0,-0.045689,0.914501,0.401995,-0.918664,0.119603,-0.376498,-0.392388,-0.3865,0.834655,93.976543,-243.506869,-464.493488,3.594471,3.592201,3.598133,90.084098,90.031777,90.031136,117.870354,0.062346,0.058555,94.238772,0.993243,-945.472816,321.583462,266.6613,321.583462,-5.818374,-383.152674,266.6613,-383.152674,1112.533997,-229.796729,-45.467374,231.528695,-45.467374,-186.955334,-86.341734,231.528695,-86.341734,1253.055596,453.270589,1.0,0.818138,0.58329,3.93455,2.0,147.0,1478.0070114868186,3.2607608950485396,0.010539642855278293
48245.0,0.45231,0.520526,0.724202,-0.745324,-0.225339,0.627467,0.489804,-0.823575,0.286037,-222.561896,282.388239,-569.256376,3.593739,3.596924,3.593247,89.994733,90.040796,90.078573,125.749641,0.0717,0.066366,77.710979,0.942857,-631.7312,268.626084,-520.7519,268.626084,-198.393598,-265.072624,-520.7519,-265.072624,742.639909,-122.696561,44.06257,-30.902149,44.06257,-478.976264,0.431197,-30.902149,0.431197,828.234131,465.813782,1.0,2.284749,1.280708,2.605058,2.0,132.0,1171.3983914069195,2.514735365659317,0.01213286735198639
47989.0,0.445843,0.067777,0.892541,-0.407672,0.903084,0.135063,-0.796886,-0.424081,0.430265,41.623914,-213.866177,-445.94226100000003,3.596606,3.594999,3.594672,90.035074,90.070905,89.965711,67.214055,0.065104,0.053231,106.918487,1.0,-423.335595,-41.471313,162.432992,-41.471313,-82.278884,50.039776,162.432992,50.039776,1076.818779,-86.978074,-39.325564,-8.317103,-39.325564,-139.591247,-8.508758,-8.317103,-8.508758,1180.76242,285.172929,1.0,1.720981,1.12601,4.223335,2.0,144.0,1295.3377979863476,4.542288787819504,0.009352919481548594
47886.0,0.724152,0.259072,0.639129,-0.58933,0.713802,0.378387,-0.358182,-0.650667,0.66958,540.911978,243.801497,-558.753843,3.593193,3.59486,3.594381,90.069807,90.090392,89.946135,143.576155,0.069983,0.072212,76.311889,0.970588,-1020.888311,80.375447,-254.812082,80.375447,-519.622942,204.989802,-254.812082,204.989802,1041.217091,-308.850334,190.520409,64.415668,190.520409,-498.081153,-149.101455,64.415668,-149.101455,1012.567136,436.629217,1.0,2.105339,0.837153,3.644807,2.0,132.0,1441.8787498534741,3.302295617687614,0.012718699703528505
48005.0,0.422952,0.078039,0.902785,-0.395829,0.912116,0.1066,-0.815126,-0.402435,0.416672,-298.188894,451.577744,-459.557128,3.597403,3.59222,3.596284,90.026631,89.993105,89.924548,93.506515,0.074539,0.06218,110.712824,1.0,535.014287,-110.541856,-182.414549,-110.541856,-988.53537,36.739188,-182.414549,36.739188,921.962812,-217.799909,-34.942263,-70.583609,-34.942263,-207.035621,187.541884,-70.583609,187.541884,955.603105,338.324592,1.0,1.688331,1.141015,4.253786,2.0,144.0,1181.2666420290716,3.4915187070677725,0.00903237731520605
48425.0,-0.023198,-0.85637,0.515842,0.455361,0.450298,0.768035,-0.890004,0.252711,0.379512,-143.014198,108.853951,-307.441243,3.598962,3.594751,3.59358,89.987999,90.060086,90.045354,109.567015,0.062427,0.063956,90.999354,0.919118,-178.747918,-141.309979,-113.954812,-141.309979,-403.623265,-149.830898,-113.954812,-149.830898,1436.238024,-143.696646,-161.989009,25.197759,-161.989009,-280.338177,-258.863407,25.197759,-258.863407,1461.355454,535.553155,1.0,2.550156,1.181528,4.989051,2.0,125.0,1698.409299954373,3.1713178871187364,0.010100269503012077
49350.0,0.625412,-0.766473,-0.146216,0.634867,0.390893,0.666443,-0.453655,-0.509629,0.731078,-301.254337,313.172607,-459.611764,3.593711,3.598794,3.595513,90.036147,90.037722,90.014391,154.226763,0.069375,0.071027,77.853737,0.852113,664.895434,-369.354301,476.259868,-369.354301,-353.198674,-10.628973,476.259868,-10.628973,744.201955,-58.012193,-70.878553,180.693879,-70.878553,-213.270477,45.930172,180.693879,45.930172,841.960009,782.245918,1.0,3.357568,0.750896,3.868949,2.0,121.0,1001.8088439248863,1.280682737835503,0.01094504943288721
48221.0,0.493211,-0.26488,0.828602,-0.776719,0.294836,0.556579,-0.391728,-0.918102,-0.060321,440.695849,-222.18254,-367.821566,3.591999,3.59861,3.594406,89.976301,90.027973,89.952169,97.272615,0.065836,0.060939,88.33388,0.992754,-573.159697,421.985937,200.464176,421.985937,-307.798593,-338.835033,200.464176,-338.835033,1101.362968,-374.123447,-8.650979,13.913004,-8.650979,-155.170322,-313.551974,13.913004,-313.551974,1076.525352,474.863467,1.0,2.162281,1.631154,3.544878,2.0,137.0,1381.5338431637517,2.9093285526716497,0.011238654975871093
48782.0,0.040315,0.830063,-0.55621,-0.788714,0.368192,0.492305,0.613437,0.418843,0.669526,173.822408,325.734518,-512.986556,3.595842,3.593535,3.596508,89.895322,89.970379,90.024067,133.699914,0.063443,0.064616,81.048147,0.971831,-948.258633,192.093469,-189.938934,192.093469,516.59972,338.991731,-189.938934,338.991731,893.006226,-98.981293,87.289098,-130.354974,87.289098,-89.180427,1.279381,-130.354974,1.279381,996.979678,556.821161,1.0,3.987863,0.837225,0.97172,2.0,137.0,1099.5204510742694,1.9746384083170099,0.01199078616812794
48872.0,0.064889,-0.759719,0.647006,-0.187884,0.627475,0.755629,-0.980045,-0.170594,-0.102023,304.917538,433.291779,-505.41936,3.599155,3.593298,3.590189,90.038804,89.958795,89.986168,155.371032,0.065239,0.066854,71.95025,0.858108,-405.377593,-389.701611,-177.228022,-389.701611,-1289.320198,101.62809,-177.228022,101.62809,1255.096844,-410.61505,-169.651906,-66.743072,-169.651906,-267.296686,81.966256,-66.743072,81.966256,1306.486372,702.498604,1.0,2.433482,1.672997,4.540049,2.0,127.0,1659.1719126615574,2.3618152452037577,0.011926407482948287
47661.0,-0.19969,0.508375,-0.837662,0.25171,0.852807,0.457561,0.946977,-0.119478,-0.29826,279.5394,-355.198316,-502.798623,3.599554,3.593214,3.595541,89.968024,90.009696,89.989143,136.438019,0.075578,0.07735,76.613055,0.891892,-185.171988,-449.637747,-75.991808,-449.637747,61.528744,289.29937,-75.991808,289.29937,1260.842889,-503.02768,-100.312728,-58.569482,-100.312728,-330.055939,233.063794,-58.569482,233.063794,1274.051073,542.117064,1.0,4.21244,1.873666,1.696301,2.0,132.0,1712.1339116782765,3.1582365237598875,0.011641514621757349
47898.0,0.746008,-0.203062,0.634223,-0.623173,0.122916,0.772365,-0.234794,-0.97142,-0.034846,516.099542,503.855933,-261.269181,3.594832,3.600304,3.591005,90.023994,89.949382,90.014648,106.47127,0.068999,0.063047,95.081936,1.0,170.601869,-490.717924,460.698367,-490.717924,-1032.160388,-138.999114,460.698367,-138.999114,1395.385225,-104.077349,-213.58724,219.137708,-213.58724,-463.15975,-57.888938,219.137708,-57.888938,1367.296492,383.488383,1.0,2.454091,1.605649,3.378746,2.0,146.0,1701.4610140281495,4.436799364605914,0.010517244831867958
49369.0,-0.458834,0.752928,0.471774,-0.710729,-0.629661,0.313674,0.533231,-0.191379,0.824038,-24.826863,-141.050608,-394.064164,3.592785,3.594785,3.596631,90.022543,89.926775,90.010559,104.445311,0.060336,0.055043,88.992201,1.0,-343.368671,-377.152502,105.974793,-377.152502,-507.768699,208.946626,105.974793,208.946626,844.836832,-242.619585,-94.395268,69.84391,-94.395268,-200.378959,-9.087547,69.84391,-9.087547,809.738768,517.237218,1.0,2.157562,0.602295,1.915382,2.0,140.0,1036.9153844110008,2.004719204894882,0.011236939740371182
47904.0,0.719047,0.571242,0.395794,-0.606754,0.238335,0.758318,0.338851,-0.785416,0.517978,297.50035,381.689964,-572.382867,3.593356,3.595687,3.590892,90.121194,89.952024,90.04331,206.199887,0.083462,0.090766,74.330006,0.95,-831.685895,-481.763814,-62.82765,-481.763814,-1401.191568,-124.614395,-62.82765,-124.614395,1037.905279,-290.956815,155.357831,95.749373,155.357831,-523.943237,44.761908,95.749373,44.761908,851.658107,708.014028,1.0,2.660549,1.026311,2.734289,2.0,133.0,1285.5139108862477,1.8156616395265088,0.01278084115854908
47665.0,-0.570301,-0.707133,0.417994,0.504729,0.099809,0.857489,-0.648078,0.7,0.299989,-300.60649,218.570164,-398.603348,3.595765,3.595908,3.594842,89.973524,89.988518,90.076325,97.930676,0.053702,0.056033,99.341053,0.964789,-462.002385,22.753577,-117.249887,22.753577,155.619542,-150.185985,-117.249887,-150.185985,943.729019,-22.056596,-143.496583,-47.057209,-143.496583,-81.725291,22.253837,-47.057209,22.253837,1064.232117,496.150456,1.0,2.688025,1.266115,5.536284,2.0,137.0,1125.111822747728,2.267682734423866,0.009711886182643946
48006.0,0.443155,0.871893,-0.208364,-0.41963,0.407157,0.811254,0.792164,-0.272075,0.546307,-298.20681,411.796572,-582.543226,3.597505,3.593492,3.593388,90.006978,89.920581,90.049341,160.699659,0.078982,0.078886,80.037619,0.945205,-568.424184,149.489321,170.170935,149.489321,-535.155637,-285.056459,170.170935,-285.056459,1148.064125,-108.587949,-59.949446,186.571985,-59.949446,-374.88321,-284.044392,186.571985,-284.044392,1060.63369,991.525701,1.0,3.393001,0.992848,1.901631,2.0,136.0,1355.9733708219178,1.3675625043852673,0.011809509225905382
49821.0,0.516476,0.30064,-0.80179,0.144965,0.892128,0.427893,0.843942,-0.337228,0.417181,-158.852233,-405.886561,-398.712436,3.597176,3.59497,3.593299,90.017572,89.958235,90.020217,103.212423,0.067232,0.056489,96.125634,1.0,-354.239215,244.578798,179.935541,244.578798,-125.864681,-13.29745,179.935541,-13.29745,820.283714,-177.429485,-8.698149,81.807315,-8.698149,-330.486589,42.993815,81.807315,42.993815,973.292481,524.800877,1.0,4.222168,1.140455,1.950946,2.0,146.0,1237.002875412487,2.3570899547343687,0.010403052322130847
48371.0,-0.21096,-0.927352,-0.309053,0.963417,-0.250722,0.094694,-0.165301,-0.27777,0.946319,-328.32937,124.930204,-370.621692,3.593641,3.596996,3.599113,89.999385,90.013956,89.965729,120.476103,0.057585,0.054647,81.770975,0.979452,746.573074,-40.152262,-127.584892,-40.152262,-400.495391,23.321426,-127.584892,23.321426,1192.216636,-192.098162,99.16237,-188.60387,99.16237,-247.039715,104.996899,-188.60387,104.996899,1306.775252,705.699672,1.0,4.415071,0.329146,3.678401,2.0,143.0,1540.8803414637998,2.183478897045314,0.011977990968066602
47672.0,0.508319,-0.238073,0.827607,-0.231356,0.887944,0.39753,-0.82951,-0.393544,0.396279,608.028416,-71.658642,-304.136486,3.598821,3.596555,3.594517,90.083709,90.028713,90.011482,86.653731,0.057425,0.048408,119.571849,1.0,380.622464,-782.032653,-22.899415,-782.032653,19.744259,59.874624,-22.899415,59.874624,1176.539351,-100.241,46.360594,-223.948496,46.360594,-189.712217,153.628919,-223.948496,153.628919,1172.600474,170.390018,1.0,2.01859,1.163336,4.269406,2.0,140.0,1341.2461560243744,7.871624005723002,0.00836317250559536
49565.0,0.811969,-0.506496,-0.290118,0.548804,0.831729,0.083915,0.198797,-0.227354,0.953305,-158.344249,-414.007305,-411.660417,3.587978,3.594584,3.598967,90.04428,89.944196,89.971652,105.063173,0.077443,0.062343,125.069068,1.0,-1698.836288,-685.075621,-195.237755,-685.075621,-372.144331,-129.532423,-195.237755,-129.532423,1321.322938,-291.396157,-110.935977,-192.000247,-110.935977,-343.829733,13.010402,-192.000247,13.010402,1245.86313,230.939658,1.0,4.43083,0.3068,2.423106,2.0,144.0,1575.9202119134782,6.823947976546662,0.007995582089090165
49490.0,-0.416531,0.866406,0.275396,-0.535431,-0.478605,0.695881,0.734721,0.1424,0.663255,302.823264,309.290645,-381.820577,3.595219,3.5934,3.593909,89.979402,89.914363,89.963097,116.813233,0.0502,0.051667,105.256431,0.933824,-592.604067,-187.558123,112.166706,-187.558123,-671.276875,-193.451399,112.166706,-193.451399,791.706382,22.174127,115.478621,19.150894,115.478621,-372.916618,-49.236784,19.150894,-49.236784,1011.553234,446.206057,1.0,2.764754,0.845637,1.379354,2.0,127.0,1240.1439391399813,2.7793077204686654,0.00887189496288355
48775.0,0.052349,0.770578,-0.635192,-0.65591,0.506159,0.559987,0.753022,0.387314,0.531927,284.177996,-390.58315,-534.798404,3.595305,3.59176,3.590042,89.978648,89.825743,89.960555,229.932873,0.10345,0.096137,68.251158,0.807143,-1274.967331,670.374681,-248.059163,670.374681,-1796.686963,-382.252235,-248.059163,-382.252235,1087.810956,-272.095759,-144.496571,153.544583,-144.496571,-123.636645,-193.421311,153.544583,-193.421311,1071.498096,773.902036,1.0,3.989832,1.009922,1.095738,2.0,112.0,1299.6984471774797,1.6794095204802895,0.011826070408944563
49518.0,0.76356,-0.62979,-0.142619,0.571425,0.556138,0.603476,-0.300747,-0.542286,0.784523,529.782457,337.217038,-329.00932,3.592243,3.595273,3.597011,90.027214,90.043789,89.964,99.702389,0.061733,0.058547,111.989545,1.0,-594.933335,-424.955845,-77.09232,-424.955845,-174.460043,96.390028,-77.09232,96.390028,854.16371,-253.668072,-62.78099,195.31571,-62.78099,-102.225996,287.254979,195.31571,287.254979,969.685336,499.723641,1.0,3.373664,0.66887,3.647954,2.0,138.0,1194.8702482437436,2.3910620795379653,0.008929404972580253
49427.0,0.185294,0.626579,-0.75701,0.057702,0.762084,0.644902,0.980988,-0.163177,0.105055,383.007122,-21.983859,-372.288989,3.600556,3.593582,3.591497,90.03103,89.978963,90.00476,122.370278,0.059014,0.065761,87.061419,0.979452,-392.332987,357.14327,190.296965,357.14327,-812.997308,164.165606,190.296965,164.165606,1598.960642,-324.938528,-23.809068,210.63431,-23.809068,-635.551057,111.641263,210.63431,111.641263,1652.126122,436.261209,1.0,4.006789,1.465547,1.735627,2.0,143.0,2159.26235466854,4.949471349098425,0.011250126763957292
48044.0,0.408634,0.910117,0.068597,-0.404393,0.113164,0.907557,0.818221,-0.398599,0.414288,-289.321602,454.850734,-461.16941099999997,3.602692,3.595325,3.593736,90.047928,90.021189,89.941639,149.101662,0.079367,0.07004,103.29479,1.0,819.335265,-942.672551,781.394953,-942.672551,137.12156,-689.402345,781.394953,-689.402345,1138.091002,-778.758985,-311.10837,241.068949,-311.10837,-57.283991,-223.005388,241.068949,-223.005388,1102.207933,1115.078132,1.0,3.066152,1.143636,2.024114,2.0,144.0,1689.664955560498,1.5152883973519604,0.00968103037917014
47684.0,-0.147764,0.833158,-0.532929,0.221948,0.553035,0.803052,0.963797,0.00038,-0.266636,441.212961,126.548637,-379.547546,3.599699,3.595058,3.592027,89.963521,90.02437,90.00049,95.568755,0.066656,0.061507,92.60246,0.992857,-438.158883,487.601544,-276.762375,487.601544,-185.837721,255.37443,-276.762375,255.37443,1337.012529,-73.763166,348.025025,-94.084008,348.025025,-519.209278,117.186038,-94.084008,117.186038,1355.643357,489.92662,1.0,3.72749,1.840698,1.570403,2.0,139.0,1728.0417137314578,3.527143950111259,0.010721713008488112
48589.0,0.172711,0.67701,0.715422,-0.707626,0.59053,-0.387995,-0.685154,-0.43924,0.581061,169.218874,-154.577553,-464.369198,3.596344,3.595144,3.596305,89.983601,90.035495,89.923808,93.873966,0.064674,0.057803,89.317616,1.0,505.264832,-180.642664,-132.044307,-180.642664,-464.178768,144.613746,-132.044307,144.613746,951.711919,-286.23729,4.014849,148.344089,4.014849,-204.75398,-1.425492,148.344089,-1.425492,1132.590931,445.352438,1.0,1.073861,0.950764,4.142309,2.0,138.0,1385.864466887715,3.1118376113789568,0.011195999678271753
48771.0,0.05754,0.76873,-0.63698,-0.633029,0.521467,0.572142,0.771987,0.370306,0.516633,-13.156004,268.132098,-489.463021,3.597525,3.594029,3.593591,89.9895,89.931155,89.958142,84.381165,0.06346,0.056196,91.851381,0.985714,-345.529849,114.162487,44.852579,114.162487,-470.468503,-336.398689,44.852579,-336.398689,1072.355986,-240.248639,-15.338606,56.695688,-15.338606,-336.360054,-180.066103,56.695688,-180.066103,1071.814088,420.415848,1.0,3.980564,1.027882,1.123537,2.0,138.0,1372.4996595364878,3.264623981388275,0.010731618722205167
49804.0,-0.577205,0.359501,0.733207,-0.403943,0.654633,-0.638973,-0.709693,-0.664992,-0.232639,-180.742372,37.048046,-354.825475,3.596312,3.594664,3.594253,90.018666,89.971116,89.927114,99.858712,0.063985,0.056275,85.821889,0.972222,-493.632429,-195.082906,284.472258,-195.082906,-63.296189,83.032184,284.472258,83.032184,836.665373,-470.395313,-92.277158,11.938921,-92.277158,-19.181998,31.578421,11.938921,31.578421,877.616966,522.603131,1.0,0.853965,1.805587,3.959496,2.0,140.0,1191.5244761215813,2.279979597216729,0.011328368686920887
48917.0,-0.108766,0.981984,-0.154525,-0.970772,-0.07147,0.229116,0.213944,0.174929,0.961056,248.65147,354.084332,-440.191257,3.592146,3.593337,3.599769,89.919854,89.977429,89.997638,117.547603,0.067434,0.063071,91.96924,0.985507,-562.34628,72.147256,359.50587,72.147256,-716.301122,265.101931,359.50587,265.101931,1564.779241,-572.462827,-84.208353,6.22643,-84.208353,-253.738427,160.489722,6.22643,160.489722,1335.550055,513.75863,1.0,3.734959,0.279999,0.885392,2.0,136.0,1777.2544034367875,3.459317857953622,0.010715615351393575
49458.0,0.340031,0.578929,-0.741093,0.206298,0.722935,0.659399,0.917507,-0.377102,0.126388,-268.479242,-227.607174,-578.525103,3.595009,3.591201,3.594006,89.977621,89.956037,90.13747,160.789076,0.068513,0.066027,92.831841,0.978873,-1267.082832,-748.203271,-402.600375,-748.203271,-667.879863,-226.092828,-402.600375,-226.092828,817.836079,-481.902762,-81.341032,-70.433656,-81.341032,-296.046065,5.538605,-70.433656,5.538605,1196.586283,762.730422,1.0,3.985258,1.444069,1.960756,2.0,138.0,1596.4384456651158,2.0930572580008038,0.010544582434813503
48704.0,0.099373,-0.626229,-0.77328,0.729787,0.574142,-0.371176,0.676414,-0.527445,0.514068,-271.794177,45.005735,-282.745527,3.596055,3.595634,3.593983,89.990608,89.971627,90.077571,152.712095,0.073379,0.076031,71.496152,0.933824,100.846762,-18.856294,402.915516,-18.856294,-489.430606,213.512743,402.915516,213.512743,791.425673,-204.835111,-128.781261,174.649498,-128.781261,-265.213113,153.918117,174.649498,153.918117,979.535094,872.280422,1.0,5.15991,1.030875,2.233078,2.0,127.0,1237.3243622960817,1.418493790631107,0.013061178453352288
47700.0,0.530207,-0.144608,0.835445,-0.26794,0.906276,0.326914,-0.804418,-0.397181,0.441768,63.470572,377.014273,-591.187994,3.596399,3.596488,3.593152,89.962931,90.017128,89.930312,165.352748,0.082525,0.082434,66.929197,0.802817,-472.513371,303.48447,-451.571721,303.48447,307.627964,-373.743889,-451.571721,-373.743889,670.25674,-666.277879,76.510392,-47.403419,76.510392,-299.375585,20.87347,-47.403419,20.87347,801.348349,760.396512,1.0,1.943784,1.113228,4.253754,2.0,114.0,1325.3192363137443,1.7429317670433295,0.011995019154346047
49368.0,0.662677,0.138132,-0.736056,0.65901,0.359334,0.660746,0.35576,-0.922929,0.147093,168.565012,-346.02054,-584.772669,3.594847,3.598598,3.589948,90.0723,90.01584,90.066633,152.624261,0.068535,0.065205,81.781201,0.944444,-532.212631,638.835996,-77.518215,638.835996,-1126.696828,106.908195,-77.518215,106.908195,1427.378054,-92.674677,39.031771,-123.513473,39.031771,-488.988822,-174.75279,-123.513473,-174.75279,1137.623105,504.945863,1.0,3.980855,1.423168,2.773676,2.0,136.0,1481.1381244061788,2.9332612324148872,0.011548424191031383
49526.0,-0.648403,0.745987,0.151912,-0.715019,-0.665251,0.214917,0.261385,0.030733,0.964745,330.092864,-273.072461,-373.217637,3.592791,3.591637,3.599201,89.976624,89.964932,89.97547,119.470198,0.066834,0.062639,79.38812,0.94,-900.739706,131.757543,259.907832,131.757543,-550.939807,11.192144,259.907832,11.192144,1286.852796,-358.85445,67.655057,-150.64052,67.655057,-490.192791,288.513333,-150.64052,288.513333,1118.607634,499.40375,1.0,2.526291,0.266322,1.453756,2.0,141.0,1573.8721916721674,3.1515025501353713,0.01184056254260713
49008.0,-0.211853,0.945492,0.247311,-0.97725,-0.202343,-0.063561,-0.010055,-0.25515,0.966849,123.820458,-156.725662,-239.648707,3.593981,3.592183,3.600001,90.048722,89.988062,89.999808,123.306005,0.05833,0.064536,81.17132,1.0,-766.571975,90.903818,138.11629,90.903818,-222.26039,-150.441097,138.11629,-150.441097,1529.408403,-504.778941,47.516745,221.621802,47.516745,-257.373512,-95.036956,221.621802,-95.036956,1470.049848,649.663926,1.0,1.319233,0.258208,3.180979,2.0,140.0,1875.6010753369003,2.8870328184682066,0.012319622250814698
48955.0,-0.120597,-0.487704,0.864639,-0.863595,0.481074,0.1509,-0.48955,-0.7285,-0.479195,-277.096389,292.109008,-288.844002,3.594173,3.596914,3.594276,89.94441,89.949507,89.925289,126.764778,0.061844,0.065508,90.129696,0.986111,-379.781428,-109.374842,118.221867,-109.374842,-567.253408,-28.63719,118.221867,-28.63719,1263.180896,-697.202126,-291.502647,94.389899,-291.502647,102.437176,-90.11571,94.389899,-90.11571,1042.272282,613.683826,1.0,1.74358,2.070534,3.733276,2.0,142.0,1533.2140077309966,2.498377735852202,0.010941022146574199
47988.0,-0.496904,-0.239946,-0.833974,0.77931,0.299413,-0.550479,0.381788,-0.92346,0.038212,369.267556,-147.605951,-290.45142,3.593735,3.597633,3.59311,89.988775,89.988743,90.072686,134.790372,0.079044,0.072158,78.924111,0.807143,-368.904265,7.02723,54.57121,7.02723,-648.12305,120.676141,54.57121,120.676141,1087.930451,-535.26658,-6.447084,124.529986,-6.447084,-437.195059,93.117545,124.529986,93.117545,1172.38573,606.903862,1.0,5.295809,1.532575,2.749561,2.0,113.0,1666.2495297277037,2.7454917229175644,0.010226824094350585
51096.0,0.284463,-0.631023,-0.721727,0.781721,0.588478,-0.206412,0.554971,-0.505473,0.660684,580.547079,-353.420797,-305.955188,3.59506,3.59627,3.596438,90.01491,89.960353,90.031462,100.988615,0.052569,0.054133,112.563991,1.0,260.594905,-155.75745,-6.619056,-155.75745,-110.887342,-58.890317,-6.619056,-58.890317,836.906716,-86.841874,52.342714,-72.041923,52.342714,-329.748547,-127.087254,-72.041923,-127.087254,944.52404,947.877204,1.0,4.99095,0.849066,2.309551,2.0,136.0,1179.5362179878546,1.244397705747394,0.008883835684184296
47724.0,0.296838,-0.380176,0.875987,-0.103632,0.899091,0.425319,-0.949288,-0.217032,0.227486,-305.653798,-42.039121,-357.355644,3.59878,3.594086,3.593007,89.961134,90.012247,89.918697,95.093848,0.057052,0.055106,127.76283,1.0,-739.142755,274.163871,-228.9342,274.163871,-86.027725,-407.171299,-228.9342,-407.171299,1283.757931,-404.702725,98.84858,-105.82303,98.84858,-227.536753,62.538373,-105.82303,62.538373,1337.218363,379.299632,1.0,2.022802,1.341301,4.487626,2.0,146.0,1666.0516703898786,4.39244209546156,0.007827002579701781
49398.0,0.439768,0.523582,-0.729703,0.350643,0.647908,0.676213,0.826833,-0.553242,0.101339,-142.361285,4.945836,-486.273982,3.598614,3.596138,3.594413,89.99744,90.007306,90.048236,87.307378,0.063533,0.055741,101.993944,1.0,96.370575,140.16165,251.851996,140.16165,51.954433,-22.056774,251.851996,-22.056774,1226.985867,-70.918126,-4.419791,47.989025,-4.419791,-14.232604,-87.031585,47.989025,-87.031585,1263.776341,273.660204,1.0,3.965019,1.469283,2.160488,2.0,144.0,1310.1097089434265,4.7873592498799225,0.00980450368700322
49683.0,0.78238,-0.117313,-0.611652,0.399261,0.848218,0.348019,0.477987,-0.516492,0.710467,337.987786,-258.570491,-354.72925,3.593683,3.593963,3.595148,90.072748,89.917249,89.986352,116.021849,0.06768,0.06511,84.259962,0.944444,-945.231415,354.680111,-185.499905,354.680111,-282.223184,147.171772,-185.499905,147.171772,828.919662,98.016849,23.556903,-118.392052,23.556903,-458.30954,31.11577,-118.392052,31.11577,961.857491,458.90194,1.0,4.195089,0.780634,2.394895,2.0,135.0,1244.1671505480542,2.7111830264828565,0.011208692451107442
47741.0,0.439902,-0.30746,0.843774,-0.218204,0.874816,0.432532,-0.871133,-0.374387,0.317744,570.433155,30.55086,-253.500214,3.598166,3.594937,3.59108,90.022367,90.074852,89.975131,112.874014,0.07598,0.067473,74.082791,0.914286,-978.304787,-501.864484,-139.258486,-501.864484,-210.351486,144.509432,-139.258486,144.509432,1177.386656,-21.469365,-41.081709,-202.311074,-41.081709,-501.448534,237.485207,-202.311074,237.485207,1183.928888,464.54821,1.0,2.044485,1.247447,4.306485,2.0,128.0,1528.461163577372,3.290209994733102,0.01234140868153847
48531.0,0.235716,0.583686,0.777013,-0.805538,-0.329918,0.492201,0.543641,-0.741933,0.392414,210.393821,48.836237,-346.38773,3.594763,3.596625,3.595134,90.045208,89.995559,90.058402,49.01355,0.045749,0.044029,122.908717,0.992958,-239.046646,187.213307,-108.228139,187.213307,-86.071394,127.097605,-108.228139,127.097605,964.510673,-32.295632,74.22178,40.534867,74.22178,-223.065802,99.022942,40.534867,99.022942,1055.748416,309.058096,1.0,2.135451,1.167541,2.509232,2.0,140.0,1200.2156366620384,3.8834628576176775,0.008078824872933953
48128.0,0.35398,-0.068334,0.932753,-0.398414,0.891289,0.216495,-0.846147,-0.448256,0.288274,513.217783,72.371778,-380.927413,3.598543,3.593288,3.591356,89.996865,90.054578,89.958096,113.811142,0.080034,0.07164,79.402687,0.979452,-1024.549939,-26.157725,-303.421096,-26.157725,-364.465388,394.827403,-303.421096,394.827403,1100.746921,-614.740088,0.670426,-64.080229,0.670426,-385.747433,201.341909,-64.080229,201.341909,1168.749266,459.125766,1.0,1.798861,1.278373,4.225216,2.0,143.0,1690.6655247840124,3.6823581902480558,0.012335250065278018
49826.0,-0.355093,0.589449,-0.725575,-0.281546,0.672686,0.68427,0.891426,0.447262,-0.07291,-293.95346,396.766637,-580.793485,3.596915,3.593389,3.596819,90.038327,89.944011,90.001252,150.468504,0.075812,0.074478,81.937888,0.939189,792.326716,-362.072785,-444.526672,-362.072785,-343.659921,-76.457628,-444.526672,-76.457628,358.079982,-233.496388,26.74247,-176.415618,26.74247,-396.007133,-244.47551,-176.415618,-244.47551,878.973301,566.966223,1.0,3.95628,1.643771,1.105759,2.0,139.0,1230.2403252445667,2.169865285333879,0.011462206592388616
48803.0,0.182804,-0.901518,-0.392236,0.97569,0.117302,0.185119,-0.120878,-0.416541,0.901045,-235.249536,-294.960186,-280.816309,3.59248,3.595255,3.598604,90.041744,90.005294,90.007701,123.937812,0.054417,0.057708,92.863136,0.977941,31.634825,-53.945299,-87.854081,-53.945299,-607.536659,224.720566,-87.854081,224.720566,1165.010973,-252.38195,117.389376,-104.503466,117.389376,-109.495323,23.896805,-104.503466,23.896805,1179.736414,550.491612,1.0,4.271425,0.448623,3.424029,2.0,133.0,1373.2091090414538,2.4945141381036224,0.010530992621227007
47976.0,0.658265,0.049589,0.751151,-0.641001,0.560131,0.524758,-0.394721,-0.826918,0.400501,440.091898,419.618641,-325.437722,3.594592,3.598121,3.596854,90.050071,89.963068,89.952157,124.876794,0.068602,0.065946,93.174696,0.992754,629.456877,177.062154,166.030285,177.062154,-334.146543,-251.180517,166.030285,-251.180517,1191.237201,-194.261549,-63.379248,-258.592197,-63.379248,-336.962063,-146.684161,-258.592197,-146.684161,1291.210743,471.911515,1.0,2.180585,1.158733,3.586949,2.0,137.0,1583.752300387504,3.3560365662776928,0.010654759742924196
49667.0,0.824855,-0.491725,-0.278964,0.448689,0.269209,0.852177,-0.343936,-0.82809,0.442689,124.323691,-9.412908,-565.926817,3.595607,3.596701,3.595291,90.044153,90.060916,89.921041,134.307406,0.061048,0.062843,106.381466,0.993056,-113.002035,-135.636559,-469.230263,-135.636559,-218.025694,-144.063562,-469.230263,-144.063562,1269.181363,-64.945433,-81.312958,193.454135,-81.312958,-305.494359,-50.142199,193.454135,-50.142199,1010.567274,446.749682,1.0,3.457953,1.112201,3.53525,2.0,142.0,1228.0951510336329,2.748955848240834,0.009334859137962998
47999.0,0.566834,-0.067084,0.821096,-0.57525,0.681237,0.452774,-0.589734,-0.728983,0.347558,22.100184,-96.97997,-302.107051,3.594872,3.596579,3.594286,90.042183,90.013927,89.94542,122.262575,0.072666,0.067661,79.848942,0.950704,-180.014671,-48.516022,62.82463,-48.516022,-313.769581,-161.977235,62.82463,-161.977235,914.969387,-276.498107,-39.703643,-49.239411,-39.703643,-267.265572,-80.696594,-49.239411,-80.696594,1016.794182,584.615422,1.0,2.074734,1.21583,3.821787,2.0,135.0,1291.7563421658465,2.209583075565609,0.011906281738836315
49140.0,0.373425,0.593413,-0.713032,0.531199,0.493356,0.688787,0.760514,-0.635972,-0.130989,-201.838356,112.597464,-354.65342,3.597087,3.59553,3.590252,89.964344,89.995193,90.050657,114.30494,0.064765,0.059815,95.104667,1.0,-948.245058,598.495482,-16.580745,598.495482,-344.391947,153.469497,-16.580745,153.469497,916.141442,-482.792742,-9.260596,-107.889163,-9.260596,-119.438228,31.167969,-107.889163,31.167969,1160.020867,482.728727,1.0,3.944284,1.702163,2.267248,2.0,138.0,1497.8191715243952,3.1028175613928095,0.010514731101471601
49114.0,-0.27688,0.797063,0.536683,-0.831498,0.081192,-0.549562,-0.48161,-0.598413,0.640276,448.014997,394.781309,-434.327001,3.600027,3.598929,3.596217,90.035273,90.109829,90.09832,131.413068,0.078026,0.065407,121.301007,0.992754,1372.182,1285.071658,328.760297,1285.071658,412.769188,131.803656,328.760297,131.803656,1258.563712,-170.206387,65.009195,71.721072,65.009195,-30.277965,132.326272,71.721072,132.326272,1131.641366,192.196107,1.0,0.773542,0.875939,3.81926,2.0,135.0,1245.9463455187868,6.482682531747569,0.008184218948817136
48233.0,0.310923,0.735456,-0.602023,-0.422996,0.674306,0.605298,0.851118,0.066453,0.520752,80.599254,144.876879,-524.296389,3.597318,3.591314,3.593527,89.922278,89.971944,90.024107,144.566298,0.063335,0.072122,83.205967,0.962687,-1357.178315,-287.917555,259.13392,-287.917555,118.846714,-184.910402,259.13392,-184.910402,663.900608,-615.624967,-7.213966,159.613246,-7.213966,-267.433715,-18.829154,159.613246,-18.829154,1008.86974,805.073372,1.0,3.924279,1.023065,1.492878,2.0,129.0,1487.9507989600954,1.8482176292375194,0.011569927430805533
49214.0,0.519818,-0.693172,-0.499301,0.706259,0.677527,-0.20532,0.480612,-0.245907,0.841749,610.169425,-246.672045,-537.099836,3.594783,3.599797,3.599577,89.95048,89.950946,90.026035,112.96443,0.074701,0.060414,106.065692,1.0,1255.588586,-768.542896,-332.825991,-768.542896,245.633078,-16.668554,-332.825991,-16.668554,1262.058871,-242.822145,85.160249,-197.199028,85.160249,-107.268761,-189.919772,-197.199028,-189.919772,1251.566614,231.124993,1.0,5.102525,0.570281,2.043724,2.0,148.0,1452.811055500066,6.285824118986847,0.009428119320618773
49489.0,-0.473432,0.711997,0.518577,-0.588383,-0.693752,0.415349,0.655491,-0.108482,0.747371,33.392642,-286.549977,-388.486291,3.596884,3.593445,3.595526,90.026904,89.924073,89.961315,105.813007,0.058991,0.058006,85.197714,1.0,-717.213447,42.745091,-17.913443,42.745091,157.642689,-299.802702,-17.913443,-299.802702,1013.300087,-174.159929,26.012285,10.838926,26.012285,-134.594424,-95.732052,10.838926,-95.732052,985.303592,576.119085,1.0,2.24611,0.7267,1.734808,2.0,140.0,1143.4663905332302,1.9847743640244622,0.011737404128002777
48249.0,-0.304343,-0.408071,-0.860728,0.887573,0.206555,-0.411763,0.345817,-0.889277,0.299329,523.526165,201.886814,-251.54364,3.594041,3.599838,3.591827,90.013083,90.025253,90.04912,157.600629,0.082516,0.079779,79.140978,0.95,-684.41679,-30.023138,700.468904,-30.023138,-207.121858,11.140191,700.468904,11.140191,1304.411049,59.388104,-128.13589,133.234002,-128.13589,-320.709061,-147.723571,133.234002,-147.723571,1274.449428,692.198639,1.0,5.158599,1.266807,2.770714,2.0,133.0,1457.6294144065669,2.105796417791811,0.012003895124975584
48750.0,0.058081,0.940113,-0.335879,-0.896297,0.19727,0.397161,0.439635,0.27798,0.854077,395.4643,51.259051,-336.833075,3.593955,3.587151,3.596452,89.882935,89.959783,89.939787,160.512492,0.079477,0.079159,74.522426,0.89726,-2414.909129,-453.273062,219.780219,-453.273062,-458.688512,123.719909,219.780219,123.719909,1017.521207,-963.692151,33.2053,-11.040691,33.2053,-719.059049,178.160661,-11.040691,178.160661,1222.741659,705.3406,1.0,3.843586,0.547022,1.006966,2.0,131.0,2080.910463546578,2.9502207352682914,0.012040134066488925
49295.0,0.158232,-0.710786,0.685381,0.059063,0.699696,0.711995,-0.985634,-0.07218,0.152696,256.589043,-380.831037,-291.53072,3.600127,3.596063,3.591768,90.082265,90.035738,89.957425,169.731767,0.071115,0.073772,72.90982,0.813333,382.972432,-575.149903,271.732972,-575.149903,-945.257357,-276.942883,271.732972,-276.942883,1600.632385,-790.807028,16.252419,-7.179221,16.252419,-245.879615,-316.736297,-7.179221,-316.736297,1447.478283,778.003053,1.0,2.375238,1.417501,4.639288,2.0,122.0,2040.2554173262722,2.6224259782259134,0.011155328596339971
49069.0,0.364016,0.643329,-0.673514,0.660368,0.331678,0.673724,0.656815,-0.690013,-0.304098,461.664455,-386.964702,-372.54283,3.594117,3.596071,3.59256,89.957396,90.024829,90.060435,105.699106,0.051651,0.056413,93.591657,0.992857,-608.090412,146.095848,-200.439446,146.095848,-567.935911,-173.234358,-200.439446,-173.234358,765.416511,-542.611917,-55.248368,-99.060524,-55.248368,-197.124629,-26.112557,-99.060524,-26.112557,807.766891,403.537175,1.0,3.926835,1.879788,2.380838,2.0,139.0,1219.2235666717056,3.021341383657418,0.010608392156151268
49007.0,0.35156,-0.59605,-0.721894,0.783326,0.609557,-0.121819,0.512646,-0.522652,0.681197,114.338738,-219.960168,-361.333814,3.595421,3.594601,3.595697,90.11929,89.960517,90.01332,135.172019,0.064727,0.067759,76.299796,0.859155,-874.77071,292.382951,-68.039463,292.382951,83.370286,-258.01848,-68.039463,-258.01848,1205.876922,-226.999569,97.724416,156.148242,97.724416,-196.983674,37.698871,156.148242,37.698871,1164.406848,607.652226,1.0,4.879563,0.8214,2.365859,2.0,120.0,1386.240822218171,2.2813062520043674,0.01126025291076794
47782.0,-0.553004,-0.169688,-0.815716,0.585647,0.617208,-0.525425,0.592625,-0.768284,-0.241941,451.20208,146.999395,-279.710815,3.594718,3.596199,3.597102,89.961046,89.991216,90.061648,142.364322,0.059831,0.063611,65.893091,0.88806,509.144713,323.132247,210.563673,323.132247,-323.038586,-14.152446,210.563673,-14.152446,869.994417,-389.363462,63.181251,43.854646,63.181251,-253.647509,-139.516141,43.854646,-139.516141,705.125196,774.597866,1.0,5.284625,1.815162,2.48456,2.0,119.0,1042.506384470191,1.3458678757452078,0.013477285501753134
48459.0,-0.111032,-0.565114,-0.817507,0.869426,0.343248,-0.355358,0.481426,-0.750218,0.453213,435.09321,-9.536295,-289.03063199999997,3.594715,3.597728,3.591274,90.06294,89.991108,90.048575,111.365574,0.075698,0.067617,70.18722,0.838028,-926.291826,-224.35282,558.925568,-224.35282,-196.194734,-69.97584,558.925568,-69.97584,981.490543,-151.240432,-54.816027,336.433667,-54.816027,-227.675116,-77.493756,336.433667,-77.493756,921.002589,552.99781,1.0,5.122435,1.10043,2.571064,2.0,119.0,1152.8886251400504,2.08479781346702,0.011939894470816767
47840.0,-0.559232,-0.475714,-0.678938,0.640936,0.271326,-0.718041,0.525796,-0.836707,0.153168,39.373246,455.722101,-406.95876499999997,3.594047,3.597478,3.589872,89.966688,89.917011,90.074153,144.990113,0.066583,0.067386,104.183314,0.993056,-119.44794,-371.574936,183.657165,-371.574936,-1727.048605,149.907259,183.657165,149.907259,1059.139074,-133.81235,-94.883,104.199553,-94.883,-352.524196,-0.579142,104.199553,-0.579142,1062.016961,423.206283,1.0,5.525772,1.417023,2.580544,2.0,143.0,1324.492411526798,3.12966150251318,0.00953181427882012
49635.0,-0.745729,0.570907,0.343445,-0.665859,-0.620988,-0.413528,-0.022811,-0.537065,0.843232,110.08514,-137.561995,-354.32107,3.593332,3.59541,3.597798,90.061015,90.011919,90.009593,121.204072,0.057256,0.057679,85.127383,0.978261,-141.093876,-157.097566,58.302233,-157.097566,-356.549831,-53.772526,58.302233,-53.772526,1142.602693,-414.836985,-228.354737,63.278332,-228.354737,-138.141043,40.638514,63.278332,40.638514,1125.174587,652.088231,1.0,0.693078,0.567528,3.18404,2.0,135.0,1437.1612557855553,2.203936810179228,0.01149173116246273
49162.0,-0.312184,0.539972,0.781647,-0.790727,0.308362,-0.528831,-0.526585,-0.783162,0.330705,432.720289,-229.549483,-376.05711,3.593628,3.598307,3.60113,89.968004,90.074761,89.939634,171.29699,0.101307,0.08833,77.517651,0.835714,1721.527735,-639.018371,182.430255,-639.018371,-496.510511,-305.9039,182.430255,-305.9039,1233.765369,-426.072015,182.56747,51.421236,182.56747,-394.506951,-151.236464,51.421236,-151.236464,1090.94922,679.628721,1.0,0.975975,1.233746,3.733542,2.0,117.0,1516.1136262915816,2.230796874006126,0.01078095103784814
49246.0,0.570314,-0.509713,-0.644154,0.742611,-0.015246,0.669549,-0.351098,-0.86021,0.369823,-215.375231,-341.200607,-574.425516,3.591281,3.598926,3.593547,90.048235,90.045633,89.939826,141.796634,0.067346,0.06818,97.67339,0.993243,-437.739815,-280.582485,291.021773,-280.582485,-1078.525956,81.417914,291.021773,81.417914,1385.461528,-88.839083,-20.65695,187.491224,-20.65695,-233.485486,58.088862,187.491224,58.088862,981.908585,402.568251,1.0,3.907663,1.191978,3.529109,2.0,147.0,1162.5482517025678,2.8878289552510386,0.010169023518073859
49279.0,0.611344,-0.460373,-0.643673,0.738123,0.038418,0.673572,-0.285366,-0.886894,0.363299,-292.906589,-239.722733,-410.686191,3.587584,3.598378,3.594783,90.038512,89.981876,89.925653,144.438771,0.065596,0.060166,122.965298,1.0,-1213.167451,-1023.988155,420.04066,-1023.988155,-901.993708,165.150691,420.04066,165.150691,1147.130563,-408.607518,73.970966,78.036953,73.970966,-116.492522,58.811239,78.036953,58.811239,1215.719177,566.939101,1.0,3.904297,1.19899,3.45289,2.0,148.0,1503.5103493900513,2.651978575367394,0.00813237568862721
48298.0,0.373255,0.819876,-0.434146,-0.656744,0.56404,0.500546,0.655262,0.098292,0.74898,-279.199951,-261.245926,-362.295558,3.596193,3.587419,3.595785,89.926264,89.959096,90.000275,152.743266,0.067519,0.067858,99.10782,0.992537,-1833.18168,-828.6609,203.537489,-828.6609,-271.251162,65.760996,203.537489,65.760996,761.529758,-212.306766,70.161119,-88.279081,70.161119,-180.658597,54.004488,-88.279081,54.004488,938.320546,532.188603,1.0,3.856071,0.724275,1.421903,2.0,133.0,1140.2867041711331,2.1426364595995175,0.010014719322854644
49030.0,0.404747,-0.552568,-0.728593,0.866851,-0.021808,0.498091,-0.291118,-0.833182,0.470167,302.379628,405.049255,-567.405325,3.588729,3.597024,3.593824,90.064885,90.019812,89.902736,193.617067,0.083306,0.083673,74.397141,0.894366,-949.0028,-679.222028,161.088245,-679.222028,-1489.341532,-36.638569,161.088245,-36.638569,1144.565592,-399.589512,115.21039,277.656941,115.21039,-132.154833,12.065157,277.656941,12.065157,696.428755,696.72607,1.0,4.112732,1.081316,3.477738,2.0,127.0,1023.4980898191179,1.469010754569752,0.012021510342715992
48976.0,-0.166627,-0.027525,0.985636,-0.975251,0.151935,-0.160629,-0.145332,-0.988007,-0.05216,177.911988,15.427868,-320.52556400000003,3.593645,3.600336,3.593536,89.986049,89.989098,89.985762,95.264983,0.066274,0.06011,107.00838,0.986111,-369.252864,-72.903916,-58.253435,-72.903916,-275.476666,-137.294748,-58.253435,-137.294748,1561.806899,-335.385452,7.127563,32.540592,7.127563,-250.167815,22.783788,32.540592,22.783788,1422.5455,574.460012,1.0,1.409247,1.62298,3.287641,2.0,142.0,1717.264729409864,2.989354687075876,0.009215268935012379
49480.0,-0.495857,0.670815,0.551482,-0.620021,-0.718122,0.316031,0.60803,-0.185224,0.772005,-226.648231,239.061619,-238.099308,3.595162,3.593957,3.597782,90.052054,89.90573,89.994187,100.813958,0.070263,0.062901,90.822175,0.992537,-632.637393,-41.434899,150.324693,-41.434899,-53.977839,159.799767,150.324693,159.799767,1430.418201,-407.72146,-140.391833,7.495036,-140.391833,-63.313267,35.48154,7.495036,35.48154,1128.88599,533.823692,1.0,2.09117,0.688807,1.866496,2.0,132.0,1402.258178835151,2.626818928889261,0.010928355327319566
48338.0,-0.213782,-0.29908,-0.929972,0.86166,0.390796,-0.323759,0.460259,-0.870534,0.17416,294.244278,180.461805,-522.370328,3.595102,3.597144,3.585978,89.99815,89.963612,90.012649,180.245457,0.076357,0.073954,77.415193,0.847222,-1922.507134,-1029.686777,418.137446,-1029.686777,-334.427869,18.727161,418.137446,18.727161,588.583555,-327.832682,-12.70315,234.648783,-12.70315,-131.453425,-340.804686,234.648783,-340.804686,912.557669,618.448641,1.0,5.047404,1.395743,2.655242,2.0,122.0,1209.1621237251738,1.9551536595989931,0.01094387247733142
49099.0,0.034947,0.860783,-0.50777,-0.15968,0.506363,0.847407,0.98655,0.051467,0.155146,426.990807,494.475152,-515.040328,3.599242,3.591263,3.593507,89.969597,89.940383,89.988681,113.049014,0.062988,0.057343,100.97978,0.986301,-1048.048862,-110.054066,-118.40362,-110.054066,-391.922338,235.915134,-118.40362,235.915134,1381.215965,-642.728031,-179.408701,103.761545,-179.408701,-185.271012,-29.52453,103.761545,-29.52453,1253.03758,500.217099,1.0,3.681427,1.415021,1.518675,2.0,144.0,1723.029924150204,3.4445642254028663,0.009767311832131144
48460.0,-0.089381,-0.892204,-0.4427,0.783402,-0.337454,0.521926,-0.615055,-0.300162,0.729116,468.290506,273.404412,-274.18368599999997,3.59506,3.593542,3.59638,90.005139,90.059183,89.945208,69.745076,0.052041,0.046414,106.235988,1.0,-175.256908,-314.303292,-40.252165,-314.303292,-519.11269,-26.881088,-40.252165,-26.881088,905.201063,-157.757538,-1.305767,154.542417,-1.305767,-95.039367,105.283992,154.542417,105.283992,956.387855,239.700344,1.0,3.845044,0.753767,4.258368,2.0,138.0,1096.1768568201076,4.573113407046707,0.009413006070974743
47826.0,0.36027,-0.544962,0.757114,-0.193759,0.7502,0.632185,-0.912504,-0.374455,0.164683,-7.662448,193.570941,-475.200632,3.598861,3.594064,3.592933,90.000786,90.015663,89.931958,90.34034,0.063774,0.056488,94.385239,0.992958,-497.781854,-32.915418,-173.288519,-32.915418,-409.578244,-76.688162,-173.288519,-76.688162,1362.114825,-421.370231,-139.076394,24.057612,-139.076394,-245.92068,34.016278,24.057612,34.016278,1219.707036,416.80311,1.0,2.266513,1.40536,4.322984,2.0,141.0,1565.8222954674497,3.7567433109303088,0.01052026789909384
47829.0,-0.501864,0.15569,-0.850819,0.579725,0.790566,-0.197292,0.641912,-0.592255,-0.487014,572.597369,-342.35863,-332.794064,3.594316,3.59542,3.592566,89.949978,90.06305,90.05196,170.924576,0.094693,0.100964,86.229832,0.802817,-977.94687,4.892154,-56.75825,4.892154,-370.936017,-157.190142,-56.75825,-157.190142,814.016021,-337.534403,44.210276,-104.164772,44.210276,-406.656454,-154.143089,-104.164772,-154.143089,1057.048453,717.136832,1.0,4.940247,2.079464,2.315981,2.0,112.0,1439.9511563129229,2.0079168884647705,0.009310200210061872
49095.0,-0.157123,0.774882,-0.612267,-0.602537,0.415991,0.681103,0.782472,0.47593,0.401533,237.008453,285.005609,-516.340187,3.596578,3.59143,3.594498,89.980777,89.974719,89.911221,137.860674,0.0853,0.074534,74.418733,0.915493,-870.813238,-529.378288,-90.077205,-529.378288,-480.195701,-264.563748,-90.077205,-264.563748,872.82816,-587.97937,-335.161676,68.165888,-335.161676,-301.650552,64.847627,68.165888,64.847627,1185.913026,760.764817,1.0,3.873819,1.157606,1.024341,2.0,130.0,1676.7977742271567,2.204094796128245,0.012301915970539298
48709.0,0.100435,0.746156,-0.658152,0.35566,0.590864,0.724145,0.929203,-0.306808,-0.206035,-9.733961,-329.373795,-542.186229,3.59994,3.593834,3.593091,90.011799,89.998131,90.072983,99.157454,0.058575,0.059356,102.587643,1.0,-321.141597,-66.268684,-307.387979,-66.268684,-493.400836,356.58753,-307.387979,356.58753,1549.575476,-255.64214,41.686799,-24.107596,41.686799,-222.449737,99.236299,-24.107596,99.236299,1265.164754,439.076881,1.0,3.879286,1.778317,1.88971,2.0,138.0,1507.5149138467095,3.433373468476263,0.00974776270081573
48047.0,0.608514,-0.048437,0.792063,-0.687989,0.465205,0.557006,-0.395451,-0.883877,0.24976,-95.193119,-262.859665,-509.069994,3.594914,3.597358,3.597151,90.085701,90.070758,89.916735,159.527441,0.093647,0.085402,93.29546,0.833333,-140.764595,361.287729,408.751348,361.287729,8.423397,638.524071,408.751348,638.524071,1576.882031,-330.981111,-31.728208,15.669405,-31.728208,-227.856263,-20.077382,15.669405,-20.077382,1064.927073,612.561547,1.0,2.18369,1.318364,3.562287,2.0,115.0,1347.7696599063893,2.200219172272642,0.008932192413221393
49519.0,-0.577045,0.493111,0.651046,-0.659494,0.18888,-0.727593,-0.481754,-0.849215,0.216211,337.976986,201.617468,-536.955136,3.596649,3.597126,3.593953,89.985639,89.985051,90.013702,140.791123,0.068342,0.065886,85.327603,0.993056,295.864097,388.787366,-304.520895,388.787366,259.245002,150.332901,-304.520895,150.332901,420.393806,-401.025074,147.826044,-3.265029,147.826044,-163.727162,-170.603211,-3.265029,-170.603211,908.890166,460.935799,1.0,0.729931,1.352864,3.657616,2.0,143.0,1224.5711801082725,2.6567066015809124,0.011638156529487886
47844.0,-0.529836,-0.794474,0.296792,0.618494,-0.122518,0.776179,-0.580292,0.594812,0.556292,249.35434,345.653941,-426.703065,3.595894,3.595826,3.595824,89.986246,90.058229,90.03604,94.211362,0.063731,0.058681,86.535622,0.986111,145.594799,165.358875,165.123548,165.358875,-154.535962,-43.510283,165.123548,-43.510283,932.739893,10.862717,-3.517901,78.852747,-3.517901,-240.394062,21.854278,78.852747,21.854278,1037.250851,488.754831,1.0,2.776372,0.98088,5.510143,2.0,142.0,1174.5298432840957,2.4031063608742023,0.011395434356501187
48038.0,0.659324,0.536571,0.526671,-0.741163,0.581573,0.335335,-0.126367,-0.611444,0.781132,404.599976,174.061395,-514.343293,3.595152,3.595149,3.594708,90.10936,90.054559,89.981093,131.151637,0.070297,0.06215,77.026868,0.972603,-674.665383,-408.245532,-433.37988,-408.245532,-177.515048,88.848566,-433.37988,88.848566,1069.340782,-299.868544,-70.774992,129.939925,-70.774992,-45.523937,-46.110463,129.939925,-46.110463,1023.118158,577.118817,1.0,2.137769,0.674319,3.345393,2.0,142.0,1223.3172948144586,2.119697467453151,0.012626801858281451
49418.0,0.425578,0.613029,-0.665641,0.320005,0.586099,0.744369,0.846451,-0.529796,0.053258,356.369049,311.285858,-227.456238,3.598867,3.596186,3.59334,89.999264,89.971115,90.038017,131.583261,0.070805,0.077076,89.255076,0.992857,-135.106933,372.472543,65.161834,372.472543,41.084843,223.03982,65.161834,223.03982,1254.40106,-703.669108,133.882918,88.273286,133.882918,76.832195,61.52333,88.273286,61.52333,1415.749565,634.895761,1.0,3.871214,1.517513,2.130044,2.0,139.0,1862.5346188010947,2.933606952844492,0.011123815523948463
48902.0,0.189343,0.737517,-0.648242,0.435098,0.528814,0.728729,0.880249,-0.420028,-0.220765,-185.149493,419.544394,-430.062826,3.597568,3.594839,3.599701,89.980497,90.039799,90.046231,130.019054,0.069333,0.057815,128.026809,0.992857,432.881843,-663.147461,321.542983,-663.147461,614.360142,-302.718873,321.542983,-302.718873,1146.331696,-243.134559,113.009818,228.362961,113.009818,-236.065251,85.470579,228.362961,85.470579,1149.964825,279.298677,1.0,3.868605,1.793396,2.016014,2.0,139.0,1408.934768111508,5.044545084298799,0.007755071049220637
48178.0,0.362622,0.820062,-0.442723,-0.465911,0.570954,0.675972,0.807113,-0.038852,0.589117,351.319413,304.272391,-558.598506,3.596932,3.594023,3.596222,89.97624,89.912602,90.020094,98.035586,0.059698,0.05789,90.207012,0.993056,-473.476604,118.222077,-42.878984,118.222077,28.208862,126.752986,-42.878984,126.752986,1266.358752,-186.957785,-64.401929,-63.89266,-64.401929,-226.68068,46.535527,-63.89266,46.535527,1028.015781,429.778569,1.0,3.721435,0.940831,1.618897,2.0,143.0,1238.4657922835029,2.881636920996642,0.011008634229010933
48552.0,0.223721,0.92716,-0.300539,-0.847056,0.33749,0.410605,0.482125,0.162713,0.86086,316.302577,512.326385,-482.247194,3.592915,3.59575,3.597625,89.969947,89.911875,90.001572,89.227215,0.053812,0.047119,116.998675,1.0,33.010219,434.787936,6.21071,434.787936,-651.615192,191.97542,6.21071,191.97542,1193.345117,-257.230385,-84.661404,-61.926989,-84.661404,32.596369,76.868165,-61.926989,76.868165,948.244088,218.991209,1.0,3.773437,0.533839,1.245309,2.0,146.0,1095.6609484291193,5.003218866329558,0.00854710534115023
48252.0,0.459992,-0.253864,0.850859,-0.767188,0.3688,0.524794,-0.447023,-0.89417,-0.025117,594.776003,-259.292576,-312.390302,3.595186,3.59907,3.592936,90.043226,89.980584,89.965164,123.937932,0.080181,0.070654,69.675396,0.885714,-34.659477,-407.598335,386.562055,-407.598335,-356.230754,-45.312058,386.562055,-45.312058,1217.371751,-481.368495,-242.842708,187.516612,-242.842708,-155.771466,70.869626,187.516612,70.869626,1389.287593,711.228166,1.0,2.123464,1.595916,3.605185,2.0,124.0,1752.3286602980938,2.463806615186966,0.012712005253619225
47864.0,-0.643574,0.052166,-0.763604,0.747063,0.259796,-0.611885,0.166462,-0.964253,-0.20617,41.523325,420.263722,-491.35837300000003,3.592558,3.601779,3.594254,90.057723,90.042519,89.999297,97.870133,0.078908,0.062012,116.650869,1.0,-649.719319,436.329137,-419.348753,436.329137,244.279911,-762.766838,-419.348753,-762.766838,1620.566933,-573.044652,18.597156,-138.917544,18.597156,-158.330558,-285.262715,-138.917544,-285.262715,1412.549444,306.728121,1.0,5.387929,1.778455,2.970645,2.0,146.0,1834.9065107973477,5.982191997313959,0.008572589373509082
47865.0,-0.593076,0.383035,-0.708199,0.701064,0.678222,-0.22028,0.395941,-0.627136,-0.670769,228.091865,-82.539542,-333.71059,3.596226,3.5961,3.594852,89.932357,90.026014,90.011135,90.692942,0.058812,0.055607,99.388559,1.0,-250.720122,-306.253881,-139.873086,-306.253881,179.898625,-85.228685,-139.873086,-85.228685,892.952428,-89.301693,-97.769951,-62.052327,-97.769951,-105.766798,42.790804,-62.052327,42.790804,959.96436,417.249351,1.0,5.013946,2.306042,2.578441,2.0,146.0,1062.9849509895041,2.547601208826096,0.010061520260093519
47868.0,-0.52739,-0.069858,-0.846747,0.642877,0.618782,-0.451462,0.55549,-0.78245,-0.281429,587.417393,197.654252,-296.39414,3.595839,3.59752,3.594554,89.991943,90.046991,90.061388,84.750368,0.058196,0.053056,93.486446,1.0,-346.084544,133.27111,-79.661452,133.27111,184.085281,2.899222,-79.661452,2.899222,1188.508765,110.946779,45.555426,60.78044,45.555426,-17.21375,-78.957363,60.78044,-78.957363,1092.407052,400.296714,1.0,5.202221,1.85608,2.524229,2.0,138.0,1055.687796828859,2.6372632097820796,0.010696737792342646
49204.0,0.507106,-0.626687,-0.591698,0.70007,-0.100948,0.706902,-0.502737,-0.772705,0.387534,-305.588963,358.843155,-327.979503,3.593979,3.598318,3.593944,90.026345,90.0499,89.959353,135.776133,0.071402,0.068105,105.708917,1.0,124.038394,19.037159,295.201919,19.037159,-652.732479,89.267463,295.201919,89.267463,1090.124054,-115.937891,10.365451,22.351473,10.365451,-373.437796,159.435605,22.351473,159.435605,1265.431535,574.433891,1.0,3.838508,1.172842,3.718403,2.0,142.0,1532.8764612399614,2.6684993438870084,0.009459939883784827
48516.0,-0.006239,-0.560884,-0.827871,0.575264,0.675165,-0.461761,0.817944,-0.479125,0.318444,-151.538638,104.324414,-507.528181,3.598357,3.592632,3.593785,90.024351,89.950727,90.081907,173.648064,0.077476,0.081733,73.495954,0.833333,-564.352745,210.756806,-105.338474,210.756806,-643.445301,327.343234,-105.338474,327.343234,1360.285005,-372.69975,-121.223812,211.84012,-121.223812,-339.354845,89.131585,211.84012,89.131585,1367.255073,724.133141,1.0,5.221178,1.246709,2.100685,2.0,115.0,1738.1521673474742,2.4003212516239114,0.011338488102351866
47907.0,-0.299407,0.792268,-0.531664,0.456822,0.60824,0.649121,0.837657,-0.048525,-0.544037,-178.423444,-162.986292,-570.752111,3.595105,3.594657,3.594886,89.99465,90.020846,89.997326,134.144387,0.077096,0.07419,78.683891,0.970588,-102.250212,53.585096,35.547409,53.585096,-28.291321,-34.145708,35.547409,-34.145708,249.546562,-381.308056,80.132934,114.296667,80.132934,-318.593764,-140.471569,114.296667,-140.471569,888.805901,595.786433,1.0,3.827843,2.146037,1.628661,2.0,132.0,1251.7512557560087,2.1010066467156507,0.01233528219899547
48403.0,-0.17089,-0.373378,-0.911803,0.935558,0.228804,-0.269036,0.309076,-0.89902,0.310216,261.383472,170.070884,-437.911265,3.594238,3.598194,3.590438,90.081081,90.000419,90.043496,135.038685,0.071113,0.068117,68.827886,0.8,-1397.082181,-126.218194,156.250192,-126.218194,-232.306639,-67.957979,156.250192,-67.957979,1252.426653,-381.903466,104.528487,70.389167,104.528487,-428.360765,-91.588215,70.389167,-91.588215,1337.201636,572.920949,1.0,4.999307,1.255376,2.810459,2.0,112.0,1748.0124549050295,3.0510534794653315,0.011623195865698968
49692.0,0.886648,-0.295152,-0.356007,0.455597,0.425522,0.781897,-0.079289,-0.855463,0.511758,-124.956313,-412.053414,-558.409777,3.589626,3.597744,3.591811,90.089692,90.123546,90.041062,229.590786,0.088088,0.096747,70.348117,0.8,-447.793647,-813.312687,84.416917,-813.312687,-2070.558516,-256.872041,84.416917,-256.872041,1112.741407,-299.905974,-427.336189,294.544529,-427.336189,-202.129362,-139.675003,294.544529,-139.675003,985.085933,722.578673,1.0,3.568856,1.033566,3.234014,2.0,112.0,1323.5496458908372,1.831703169975565,0.011372017249587505
47878.0,-0.197548,0.31832,-0.927172,0.331944,0.911658,0.242268,0.922382,-0.259909,-0.285761,105.941411,-387.809735,-288.358492,3.59812,3.598199,3.596247,89.903964,90.071543,90.068737,139.714041,0.075242,0.065449,144.096997,1.0,-154.235508,-254.475732,278.819366,-254.475732,833.816495,-773.282125,278.819366,-773.282125,1639.202337,-333.934729,5.45984,-126.650007,5.45984,-10.356503,240.66266,-126.650007,240.66266,1206.397543,301.67214,1.0,4.456806,1.860597,1.845455,2.0,138.0,1426.3238780216893,4.728059667762788,0.006939769882921294
47946.0,-0.348411,-0.469359,-0.811364,0.547032,0.601089,-0.582622,0.76116,-0.646834,0.047328,-116.894462,-153.421274,-538.008668,3.596217,3.595628,3.593434,90.000558,89.932487,90.042419,148.362458,0.070017,0.067221,74.487286,0.971831,73.47396,-287.800765,-347.125579,-287.800765,-527.192884,-201.800883,-347.125579,-201.800883,747.468106,154.172639,-105.105157,152.368093,-105.105157,-363.026336,-31.459254,152.368093,-31.459254,964.315407,693.006973,1.0,5.335144,1.52345,2.275174,2.0,138.0,1170.1584099334718,1.6885232840701472,0.013046937970058407
47882.0,0.56908,0.714418,0.407131,-0.428996,-0.164448,0.888211,0.701506,-0.68012,0.212899,75.180546,454.142906,-545.007636,3.594932,3.594576,3.587886,90.043109,89.929338,90.038641,192.995839,0.07392,0.075306,78.700066,0.852113,-529.439619,-571.720026,137.429237,-571.720026,-1903.399285,127.406098,137.429237,127.406098,532.625519,-409.267846,42.456423,-233.845396,42.456423,-354.827384,35.539296,-233.845396,35.539296,834.88448,609.005803,1.0,2.711799,1.356256,2.340717,2.0,121.0,1235.4992880417071,2.0287151320325054,0.01082734797198264
49004.0,-0.200991,0.31575,0.92731,-0.972333,-0.179339,-0.149685,0.11904,-0.93174,0.34306,135.196616,253.636175,-352.407826,3.593784,3.598703,3.593604,90.027779,89.975446,90.057407,124.785423,0.068084,0.066568,98.833374,0.992754,-331.066029,-69.830725,-338.830874,-69.830725,-348.909832,-305.852051,-338.830874,-305.852051,1199.815816,-204.766561,10.129887,-8.958569,10.129887,-390.360552,-13.663643,-8.958569,-13.663643,1280.566155,537.601976,1.0,1.410758,1.220624,3.01452,2.0,137.0,1586.3809150776015,2.9508465107977977,0.01004472436608306
49360.0,0.503079,-0.633381,0.587997,0.470827,0.771394,0.428103,-0.72473,0.061475,0.686285,240.051646,363.35928,-466.568169,3.597616,3.593421,3.595974,90.007257,90.012946,90.05512,118.189882,0.074938,0.065274,85.918823,0.985507,460.889506,344.645449,-340.235641,344.645449,-415.278623,29.155583,-340.235641,29.155583,730.305039,-489.875863,-131.090894,-89.048567,-131.090894,-218.077079,25.720017,-89.048567,25.720017,1088.758773,544.81253,1.0,2.200114,0.814428,4.797011,2.0,136.0,1468.4082914177388,2.6952542582266577,0.011470210666177306
49208.0,0.487746,-0.590164,-0.643281,0.659732,0.73176,-0.171118,0.571715,-0.340931,0.746263,557.024392,-36.711347,-363.553373,3.59443,3.593831,3.597331,90.059734,89.94509,90.014095,95.965907,0.066416,0.059179,87.794428,0.985915,-436.499896,114.158532,-245.989131,114.158532,-248.233723,-211.195056,-245.989131,-211.195056,1065.319125,-47.076243,98.765613,119.074808,98.765613,-116.897746,-176.53326,119.074808,-176.53326,1052.618277,484.38852,1.0,4.972376,0.728366,2.108514,2.0,140.0,1154.2566828482177,2.382915026244259,0.011229812898832259
48127.0,0.540195,0.837985,0.077268,-0.701617,0.397775,0.591193,0.464676,-0.373572,0.802821,-257.105225,94.073695,-495.120661,3.593852,3.595353,3.597833,90.033431,89.960212,90.043372,63.811109,0.059484,0.050142,129.337256,0.992754,-298.600847,269.538746,-157.936793,269.538746,-8.253271,165.802747,-157.936793,165.802747,1090.227725,-218.293791,-88.101221,-5.016886,-88.101221,162.490347,47.833326,-5.016886,47.833326,1122.739247,197.820863,1.0,3.011632,0.638785,2.247935,2.0,137.0,1200.115963304317,6.066680455763237,0.007675700186495375
47908.0,-0.536305,0.421558,-0.731209,0.707262,0.697242,-0.116765,0.460606,-0.579778,-0.672086,165.134704,-8.181763,-284.444217,3.595927,3.595684,3.59646,89.979396,90.046595,90.077468,86.838947,0.063169,0.059505,106.268544,1.0,272.919371,128.823912,-236.106006,128.823912,-330.235629,241.814537,-236.106006,241.814537,1127.270057,-90.097248,25.023487,-15.245451,25.023487,-153.692765,113.424478,-15.245451,113.424478,1162.440817,370.658493,1.0,4.87074,2.307819,2.470243,2.0,144.0,1289.5133124663155,3.4789795372807375,0.009410122340624145
49391.0,0.599529,0.525882,-0.603335,0.53982,0.290858,0.789934,0.590897,-0.799281,-0.109503,351.833439,-366.686031,-451.840074,3.595788,3.596307,3.592156,90.022802,90.021212,90.035207,131.501059,0.067261,0.061557,78.279937,0.888158,29.97438,287.472824,-82.029843,287.472824,-672.72102,190.139879,-82.029843,190.139879,650.922933,-270.95933,-36.239207,109.032476,-36.239207,-255.140729,-39.753325,109.032476,-39.753325,924.486076,610.667027,1.0,3.793854,1.68052,2.504984,2.0,135.0,1192.2734329069535,1.9524116747619216,0.01134592124160754
49385.0,0.63643,0.490945,-0.59492,0.586945,0.192176,0.786488,0.500452,-0.84973,-0.165852,200.843533,-403.209101,-429.616603,3.593872,3.598094,3.590538,89.985778,90.044031,90.07239,126.036917,0.075204,0.062145,95.839938,1.0,-463.270669,260.784282,-187.834895,260.784282,-1231.629941,-17.682027,-187.834895,-17.682027,1216.684105,-98.292127,51.440337,-26.353735,51.440337,-255.82317,-46.621159,-26.353735,-46.621159,1043.377305,366.270008,1.0,3.789193,1.737418,2.609335,2.0,146.0,1229.719121555922,3.3574114579316627,0.01043406351118466
48381.0,-0.03551,0.831219,-0.55481,0.433612,0.512996,0.740821,0.9004,-0.214266,-0.378643,321.573639,289.825183,-401.777319,3.597845,3.593781,3.59266,90.009126,90.05418,90.040744,130.035906,0.056013,0.062076,107.683291,0.847826,-285.556601,88.840183,-125.093591,88.840183,-748.347934,187.418507,-125.093591,187.418507,1051.658762,-565.046744,49.362226,-158.011181,49.362226,-441.376235,59.293128,-158.011181,59.293128,1065.622603,516.344659,1.0,3.784397,1.959126,1.804418,2.0,117.0,1579.8421073531601,3.0596658255608298,0.007873329205735363
47923.0,-0.532956,-0.500716,-0.682086,0.720261,-0.691507,-0.055152,-0.444052,-0.520674,0.729189,-287.227129,-231.642151,-410.971713,3.594254,3.59313,3.595668,90.087677,90.024517,89.963507,128.781249,0.061004,0.05769,89.265401,0.866667,-539.124855,-374.236549,-92.612073,-374.236549,-642.48121,95.772641,-92.612073,95.772641,855.179655,-5.291071,114.551757,24.93588,114.551757,-359.50675,146.651256,24.93588,146.651256,1032.894353,661.7689,1.0,4.793071,0.753661,3.847734,2.0,130.0,1263.9134255429474,1.909901516289066,0.009708879255468757
49531.0,0.785262,0.149075,-0.600949,0.566097,0.220274,0.794364,0.250794,-0.963979,0.088582,246.647907,301.205855,-324.13651500000003,3.592795,3.599147,3.593204,90.011234,89.989994,90.061212,124.5038,0.068138,0.064175,117.571961,1.0,-650.797323,-107.758786,58.846509,-107.758786,-472.731518,-10.425944,58.846509,-10.425944,1380.602133,-355.174655,112.282108,-151.613077,112.282108,-335.684879,40.973691,-151.613077,40.973691,1244.299634,469.4628,1.0,3.789251,1.482098,2.88707,2.0,143.0,1598.5865435179253,3.4051399674647813,0.008505429283432637
48193.0,-0.110783,0.835213,-0.538653,0.419625,0.530617,0.736451,0.900912,-0.144446,-0.40926,109.118141,-412.786628,-507.568896,3.596016,3.593519,3.5926,89.987318,90.071698,90.007057,150.308878,0.080103,0.073292,66.802708,0.868056,-568.156168,280.195939,73.319202,280.195939,-683.865675,-29.88743,73.319202,-29.88743,671.323881,-762.9905,-247.435925,-317.037717,-247.435925,-373.849481,-10.420233,-317.037717,-10.420233,948.798723,858.67735,1.0,3.773094,1.992439,1.729777,2.0,125.0,1592.7680930611266,1.854908707049425,0.012994323523531413
48285.0,-0.296713,-0.187492,-0.93638,0.94718,0.067182,-0.313587,0.121703,-0.979966,0.157655,-334.911735,-98.39666,-508.84259,3.593216,3.599256,3.590682,89.99834,89.971159,89.951881,142.604589,0.056873,0.061817,72.067319,0.927536,-791.409307,-510.70355,497.712855,-510.70355,-582.77142,-429.413304,497.712855,-429.413304,1077.171463,-509.506439,-18.954634,84.008627,-18.954634,-375.666596,-70.362043,84.008627,-70.362043,1292.329094,540.539031,1.0,5.035542,1.412481,3.018034,2.0,128.0,1741.4484388573903,3.2216886089348655,0.01287041078911233
49454.0,-0.443933,0.704832,-0.553296,-0.593666,0.231162,0.770795,0.671182,0.670654,0.315814,323.304613,121.567757,-377.413878,3.597094,3.595658,3.595743,89.975018,89.951837,89.958266,61.471513,0.058222,0.051577,99.254406,1.0,149.798993,-10.039016,-306.645097,-10.039016,2.865741,25.759528,-306.645097,25.759528,1035.947972,16.787358,32.217735,-137.901402,32.217735,46.646901,77.480175,-137.901402,77.480175,1123.342857,436.731189,1.0,3.764181,1.249482,0.785792,2.0,146.0,1100.8446260263643,2.5206457742278725,0.010075119486383304
47941.0,-0.58408,-0.616037,-0.528535,0.807171,-0.372158,-0.458228,0.085587,-0.69426,0.714617,228.239267,-198.884361,-254.010383,3.593551,3.595373,3.594744,90.039313,89.970389,90.023691,91.794762,0.0593,0.056418,99.418703,0.992647,-258.516769,49.007446,-75.872388,49.007446,-375.215338,265.466392,-75.872388,265.466392,479.419222,-262.573683,-6.736681,178.262074,-6.736681,-213.526346,23.368898,178.262074,23.368898,898.11063,376.258515,1.0,5.426658,0.774719,3.018934,2.0,135.0,1147.58088278313,3.0499798331025945,0.009984509655089747
47942.0,-0.26182,-0.961195,0.086916,0.442546,-0.039536,0.895874,-0.857673,0.273022,0.435725,-219.955216,271.210756,-233.009867,3.599147,3.595352,3.592022,90.022409,90.06358,90.015733,110.72599,0.05922,0.057956,84.900893,0.951389,224.225939,140.77002,280.264821,140.77002,-788.500574,-508.218651,280.264821,-508.218651,1203.698318,-149.40046,-64.126976,184.492572,-64.126976,-362.439366,-234.135243,184.492572,-234.135243,1297.605884,489.385967,1.0,3.044878,1.119953,5.020575,2.0,137.0,1586.5712720165786,3.2419631517889003,0.011205877422278705
48240.0,0.382748,0.164832,0.909029,-0.586411,0.803669,0.101182,-0.713881,-0.571792,0.404262,151.353353,-206.221112,-312.932049,3.595666,3.593843,3.594094,89.998376,90.045081,89.9254,125.243384,0.0633,0.062367,81.49262,0.993243,-305.036644,235.351027,-143.664451,235.351027,-639.511615,184.872316,-143.664451,184.872316,772.014406,-410.036446,-14.577661,60.57179,-14.577661,-218.793214,32.676849,60.57179,32.676849,899.057329,608.195426,1.0,1.681647,1.154624,4.037062,2.0,147.0,1226.2369594865947,2.016189052179085,0.012188134336581643
49390.0,0.460175,0.675644,-0.575972,0.379747,0.436615,0.815573,0.802515,-0.59403,-0.055655,34.218186,211.803255,-228.861026,3.596669,3.596076,3.592638,90.002847,90.043326,90.072005,159.251418,0.070325,0.08098,72.637132,0.809859,-81.984123,123.551779,37.871115,123.551779,-701.333238,-212.02259,37.871115,-212.02259,1105.877607,358.614604,170.647853,-150.366086,170.647853,-615.391032,65.216494,-150.366086,65.216494,1063.655868,935.705393,1.0,3.756479,1.62648,2.208003,2.0,115.0,1474.609171317145,1.5759331754937795,0.01114938018202591
48291.0,0.323042,-0.275326,0.90545,-0.529688,0.740253,0.414073,-0.784267,-0.613369,0.093296,266.500002,459.606345,-557.228119,3.597505,3.596916,3.592237,89.940204,89.969845,89.972601,132.123632,0.087637,0.071612,84.846777,1.0,-593.434109,-224.458922,-629.734583,-224.458922,444.871598,-238.190846,-629.734583,-238.190846,826.072299,-193.456746,-168.508454,-124.208963,-168.508454,-172.128392,54.296714,-124.208963,54.296714,1049.739727,464.738841,1.0,1.999714,1.477364,4.048663,2.0,144.0,1246.8180936804479,2.682836000962631,0.011785951515871957
48177.0,0.531341,0.846779,-0.025347,-0.777653,0.499397,0.381913,0.336054,-0.183215,0.92385,459.954381,-357.66674,-401.68694,3.596737,3.595719,3.598822,90.03363,89.971344,89.9338,106.136971,0.068247,0.067544,99.450068,1.0,878.626314,-387.93433,28.157884,-387.93433,-140.685062,147.687327,28.157884,147.687327,1224.604543,-268.008302,50.262905,10.28339,50.262905,-148.54999,316.749113,10.28339,316.749113,1163.97408,392.546528,1.0,3.207863,0.392775,2.069943,2.0,138.0,1403.924219369848,3.5764530297153665,0.010055297297534276
49382.0,-0.460535,-0.485485,0.74311,-0.684228,0.727467,0.051222,-0.565455,-0.484867,-0.667206,230.297293,-378.268644,-234.547665,3.596564,3.591963,3.594795,89.91705,89.928229,90.033527,117.538868,0.05521,0.056152,84.249838,0.972973,-1148.588577,473.812406,-301.094054,473.812406,130.006466,390.496179,-301.094054,390.496179,766.664083,-279.595083,52.818347,64.648268,52.818347,-106.355677,109.668782,64.648268,109.668782,985.678726,479.052975,1.0,1.639617,2.301248,4.003568,2.0,144.0,1194.1447709530514,2.492719664152073,0.011548663155886424
47975.0,-0.5635,-0.196426,-0.802424,0.824338,-0.069996,-0.561754,0.054176,-0.978017,0.201365,-283.474152,-87.749192,-573.8479130000001,3.593505,3.599006,3.594508,90.025462,89.977323,89.978504,132.819912,0.066029,0.070106,88.542901,0.979167,45.4948,18.620862,153.411966,18.620862,-470.371067,-171.06736,153.411966,-171.06736,1203.390648,-333.558019,253.275946,190.421411,253.275946,-345.743837,148.852585,190.421411,148.852585,1461.744042,495.601783,1.0,5.323162,1.368045,3.086255,2.0,141.0,1826.7621058992613,3.685947404872959,0.011058673128408116
49572.0,0.753302,-0.560564,0.343953,0.49165,0.827349,0.271613,-0.436826,-0.035502,0.898845,535.48697,94.551132,-503.437987,3.590086,3.595652,3.598246,90.018008,90.130916,90.040843,138.488878,0.065091,0.063349,105.998392,1.0,-770.899535,-1078.2068,135.851669,-1078.2068,-733.23577,160.115353,135.851669,160.115353,1435.720205,-97.965215,5.639623,137.073689,5.639623,-372.646031,71.636847,137.073689,71.636847,1185.569216,270.688995,1.0,2.239213,0.453668,4.631295,2.0,146.0,1446.8714872686205,5.345143371154119,0.009434105377749505
48203.0,0.506874,0.643311,0.573786,-0.77255,0.043716,0.633447,0.382419,-0.764356,0.519149,113.49671,-45.432214,-241.714013,3.594681,3.59695,3.593938,90.041113,89.98464,90.029361,111.145732,0.067425,0.062543,74.549751,0.898649,-177.515841,-107.283105,-233.326305,-107.283105,-232.042329,-100.066041,-233.326305,-100.066041,784.302562,-248.536746,-105.39961,-105.435249,-105.39961,-370.901914,-244.583869,-105.435249,-244.583869,1054.460863,611.999047,1.0,2.405574,1.024942,2.677692,2.0,133.0,1390.5943796087372,2.2722165768482596,0.012054352803941626
47983.0,-0.493852,-0.532532,-0.687401,0.766047,0.107601,-0.633714,0.411438,-0.839543,0.354806,-65.930083,-9.442592,-525.565179,3.594369,3.599877,3.593024,89.993935,90.022567,89.994332,136.509639,0.049165,0.056632,84.491657,0.985915,85.649189,-217.485802,896.78237,-217.485802,-43.708105,-55.947525,896.78237,-55.947525,806.422045,-334.800325,-235.920724,247.007924,-235.920724,-236.969993,-78.113886,247.007924,-78.113886,1349.684688,503.24879,1.0,5.457172,1.20809,2.685917,2.0,140.0,1665.6370451266228,3.3097686039674787,0.011668785238760318
49756.0,0.912935,-0.405932,-0.042048,0.405431,0.890354,0.207112,-0.046636,-0.206128,0.977413,598.126678,-345.637328,-463.442363,3.59366,3.591956,3.598587,90.029379,89.957251,90.021346,145.341672,0.077848,0.075675,94.74573,0.854167,-275.995346,133.917988,368.444498,133.917988,-783.660181,319.944407,368.444498,319.944407,1054.591821,-412.142111,-9.948223,-294.609868,-9.948223,-378.336013,76.077048,-294.609868,76.077048,1170.997984,660.440968,1.0,3.34189,0.212943,3.364095,2.0,122.0,1588.5423719502946,2.4052753371143,0.009015361431063965
49147.0,0.420224,-0.498439,-0.758268,0.613889,0.771536,-0.16695,0.668246,-0.395336,0.630204,380.571182,-361.359755,-555.055527,3.593912,3.589552,3.593481,90.151955,89.972411,90.08818,204.442557,0.069994,0.074679,89.492436,0.993243,-1434.006393,973.802213,161.764123,973.802213,-1394.649092,-491.615639,161.764123,-491.615639,800.035786,-563.973803,-37.850634,138.306344,-37.850634,-210.734533,-145.19028,138.306344,-145.19028,869.029078,617.993469,1.0,4.929104,0.88898,2.105018,2.0,147.0,1305.110530472646,2.111851655300658,0.011098625139671022
49540.0,0.187934,-0.538331,0.821511,0.037905,0.839767,0.541622,-0.98145,-0.07065,0.178226,279.034583,-328.216911,-346.585125,3.600169,3.592814,3.594445,89.995959,90.041415,90.03836,139.148714,0.064934,0.066442,90.889816,0.986301,-232.383028,136.30862,-209.234547,136.30862,-403.819436,438.782957,-209.234547,438.782957,1528.228909,-176.093088,90.70375,-106.910318,90.70375,-282.252398,-177.066964,-106.910318,-177.066964,1486.211137,481.867982,1.0,2.153681,1.391613,4.640528,2.0,144.0,1728.945192064496,3.58800596148448,0.010851611802140738
49455.0,0.677198,-0.51621,-0.524337,0.553872,-0.111489,0.825104,-0.484385,-0.849174,0.210415,518.97359,334.451108,-504.36078299999997,3.592694,3.598134,3.594335,90.00718,90.029037,89.943856,76.989189,0.066727,0.050995,131.792226,1.0,-237.063176,-332.51252,332.518052,-332.51252,-520.095418,135.952972,332.518052,135.952972,1019.011102,-150.921379,52.463552,114.726062,52.463552,-148.77009,11.531426,114.726062,11.531426,1118.758309,209.014175,1.0,3.707693,1.358797,3.659977,2.0,148.0,1273.34021013627,6.092123704702181,0.00758770096196721
49296.0,-0.037266,-0.529812,0.847296,-0.22256,0.830989,0.509827,-0.974206,-0.169575,-0.148883,407.099713,-33.003511,-577.272126,3.598757,3.59169,3.589995,89.92958,90.028642,89.950786,139.091428,0.08096,0.07415,93.900587,0.972222,-1702.961459,168.702069,520.95497,168.702069,-456.251136,116.922172,520.95497,116.922172,1107.089614,-178.731345,-94.706189,78.61029,-94.706189,-561.202717,38.485562,78.61029,38.485562,1249.456878,639.860866,1.0,2.112473,1.720235,4.540051,2.0,140.0,1656.719512666204,2.5891871197295635,0.010353737192292526
48220.0,0.53109,0.082613,0.843279,-0.846804,0.017169,0.531628,0.029441,-0.996434,0.079076,380.616362,94.703888,-271.58382,3.593296,3.600372,3.592631,89.98695,89.972045,90.003578,134.10737,0.064547,0.06907,88.842154,0.985714,-288.214372,-176.822195,-236.695346,-176.822195,-669.974956,-140.627178,-236.695346,-140.627178,1536.45247,-431.519969,-82.545423,-79.304691,-82.545423,-525.534072,-6.611785,-79.304691,-6.611785,1660.473483,533.351933,1.0,2.133291,1.491638,3.112055,2.0,138.0,2142.851409938573,4.017706278639423,0.011095115951375965
49686.0,-0.664085,0.544218,0.512657,-0.544698,0.117531,-0.830356,-0.512148,-0.83067,0.218384,14.214284,-153.962635,-561.997437,3.593384,3.598038,3.593647,90.015148,90.006158,90.000081,123.747157,0.056826,0.061812,88.927175,1.0,-11.31974,89.165513,-514.791124,89.165513,-331.654379,-251.055189,-514.791124,-251.055189,579.006499,-86.200299,156.679841,-176.694797,156.679841,-415.190955,-182.144969,-176.694797,-182.144969,1040.870688,616.601668,1.0,0.553111,1.350638,3.694091,2.0,146.0,1347.6013858111612,2.18552990649899,0.011245156500248658
48395.0,0.24432,-0.301568,0.92161,-0.483581,0.785905,0.385361,-0.84051,-0.539825,0.04618,-252.402838,169.775491,-252.206604,3.595277,3.594031,3.592538,89.963527,90.023277,89.921953,145.734782,0.065033,0.063639,81.553045,0.876812,-898.229686,306.745103,-13.498784,306.745103,-427.549223,-123.388857,-13.498784,-123.388857,664.185754,-328.577794,-236.468535,-129.897659,-236.468535,-259.173911,20.748394,-129.897659,20.748394,1002.210604,698.608945,1.0,1.966841,1.5246,4.141475,2.0,121.0,1318.4721181119316,1.8872820446235938,0.010751431782835332
49830.0,-0.853743,0.070538,0.515895,-0.520075,-0.067218,-0.851471,-0.025384,-0.995242,0.094072,96.042671,280.758771,-433.894681,3.593374,3.600154,3.593019,90.013199,89.958533,90.062401,137.267922,0.064217,0.068435,86.804067,0.985915,-658.896863,199.604544,-574.006734,199.604544,-174.074037,-255.477202,-574.006734,-255.477202,1479.706073,-207.442846,29.67464,-94.001895,29.67464,-645.914398,-25.549857,-94.001895,-25.549857,1270.999671,530.333568,1.0,0.544736,1.476585,3.167092,2.0,140.0,1741.8616089531743,3.2844641826503698,0.011357935567696384
48027.0,-0.427922,-0.157011,-0.890073,0.74278,0.499981,-0.445305,0.514938,-0.851684,-0.097328,0.309298,-22.199245,-297.10040300000003,3.594623,3.597577,3.594888,89.966469,90.007993,90.030296,93.731511,0.053012,0.054161,103.280296,1.0,39.370381,-24.823076,296.848602,-24.823076,-93.216352,-129.668882,296.848602,-129.668882,851.411476,-48.588512,103.696368,-78.46941,103.696368,-191.721053,-107.01032,-78.46941,-107.01032,1156.11997,541.570796,1.0,5.176278,1.668279,2.597789,2.0,144.0,1290.547803186792,2.3829715574005803,0.00968238898153429
48040.0,-0.502483,-0.856577,-0.117418,0.862522,-0.506019,0.000358,-0.059722,-0.101096,0.993082,-146.695402,462.190839,-217.99749,3.590013,3.591829,3.600206,89.97568,90.009158,90.016491,162.290402,0.055677,0.067545,71.824122,0.811594,-995.743005,309.163071,-440.166552,309.163071,-1060.451586,-139.892729,-440.166552,-139.892729,1451.852824,-195.233886,33.329748,-188.467166,33.329748,-622.321982,184.396926,-188.467166,184.396926,1633.444394,809.148832,1.0,4.709343,0.11769,3.675181,2.0,112.0,2088.1690416727442,2.580698332729898,0.011299741332027699
49272.0,-0.310557,-0.422708,0.851394,-0.642584,0.75338,0.139655,-0.700457,-0.503722,-0.505593,497.887974,484.562993,-279.535794,3.591078,3.594855,3.591709,89.997705,89.831129,89.912114,185.705863,0.086937,0.082422,86.770009,0.965753,-1296.074986,-1143.631825,-157.461129,-1143.631825,-1422.999203,-244.740556,-157.461129,-244.740556,883.550204,-131.722568,-96.657697,119.925646,-96.657697,-461.031655,22.199553,119.925646,22.199553,1075.45511,470.342543,1.0,1.733379,2.100866,4.088937,2.0,141.0,1407.6293078664748,2.992774795339904,0.011130032267254921
49337.0,0.576824,-0.682181,-0.449337,0.606871,-0.010327,0.794733,-0.546792,-0.731111,0.408039,-237.195011,279.275599,-398.368038,3.596366,3.595773,3.59376,90.100239,90.024264,89.960641,123.903547,0.070604,0.066672,86.113015,0.986301,-468.450837,544.391798,-112.580851,544.391798,-199.961913,165.12623,-112.580851,165.12623,1133.49625,-264.087423,-69.982847,140.62452,-69.982847,-60.195655,-121.079888,140.62452,-121.079888,1229.990168,499.865028,1.0,3.656177,1.150492,3.783744,2.0,144.0,1413.757219172203,2.828277914997892,0.011453564829892437
48049.0,-0.352092,0.325859,-0.877409,0.665232,0.746565,0.010317,0.658405,-0.580048,-0.479632,220.3653,-357.303356,-267.527983,3.594021,3.592252,3.593454,90.05587,90.128879,90.110511,186.4095,0.0605,0.068885,86.356916,0.88,-569.027858,905.028651,-88.600218,905.028651,-1458.393305,638.677152,-88.600218,638.677152,772.340112,-403.910321,-74.27232,29.020147,-74.27232,-250.549551,227.046864,29.020147,227.046864,1213.348723,617.469244,1.0,4.700631,2.071031,2.293009,2.0,132.0,1560.2736515029094,2.5268848070802203,0.010190266637127245
49233.0,0.542964,-0.754646,-0.368374,0.705589,0.17212,0.6874,-0.455339,-0.633154,0.625925,-276.681948,-402.261608,-510.592834,3.593052,3.592461,3.595826,89.986108,90.020957,89.845866,151.691537,0.078786,0.071102,97.939088,0.979167,-1420.90149,-856.972433,-377.566394,-856.972433,66.268011,-418.05763,-377.566394,-418.05763,549.477279,-274.667793,126.62017,-3.745251,126.62017,-13.398781,92.313506,-3.745251,92.313506,942.894122,533.005254,1.0,3.633542,0.89448,3.765062,2.0,141.0,1118.4961659382056,2.0984711830593055,0.009997714089394013
48272.0,0.467653,-0.032794,0.883303,-0.828149,0.333066,0.450818,-0.308982,-0.942333,0.128601,66.284246,-46.786321,-438.223412,3.594122,3.59913,3.592559,89.993891,90.00949,89.93653,103.891579,0.066274,0.064742,106.362066,1.0,-598.290373,-28.777066,-271.71451,-28.777066,-333.836664,-87.491846,-271.71451,-87.491846,1374.098485,-521.498899,43.005683,74.671723,43.005683,-313.070352,-69.660507,74.671723,-69.660507,1278.002213,366.633449,1.0,2.042711,1.441838,3.458437,2.0,140.0,1707.567792244545,4.657425002824947,0.00940184821156069
48055.0,-0.459767,-0.601245,-0.653543,0.821376,-0.008163,-0.570328,0.337572,-0.799023,0.497602,93.137392,114.996241,-424.345735,3.593772,3.597196,3.594297,90.033325,89.927077,90.052116,129.750237,0.071033,0.062642,76.715809,0.902778,39.577289,6.255675,-15.341478,6.255675,-815.220178,269.891929,-15.341478,269.891929,1064.954393,-119.828968,64.776353,392.276326,64.776353,-444.577781,110.39108,392.276326,110.39108,1019.764661,735.420452,1.0,5.429898,1.049965,2.741858,2.0,130.0,1379.0990794413992,1.8752525520481436,0.011767822196856454
48059.0,-0.048799,0.077445,-0.995802,0.23825,0.969113,0.063694,0.969977,-0.234142,-0.065743,178.442256,-262.275929,-361.776687,3.598982,3.594315,3.59288,90.003326,90.028317,90.049925,119.092499,0.064376,0.063992,87.695846,0.978261,-527.308038,110.144172,106.228955,110.144172,-258.710059,-93.232062,106.228955,-93.232062,1329.946222,-147.031735,-32.858466,24.83272,-32.858466,-126.162014,204.08962,24.83272,204.08962,1207.939424,623.229497,1.0,4.648514,1.636587,1.807654,2.0,135.0,1356.6931133261885,2.176875645098339,0.011155157793905085
48935.0,0.033805,0.881108,-0.471705,-0.269427,0.462535,0.844672,0.962427,0.098536,0.253031,584.091674,-378.147277,-284.273287,3.599457,3.595777,3.5938,90.037305,89.970796,89.966888,75.840396,0.054143,0.049671,120.591804,1.0,446.837432,13.8797,174.241429,13.8797,-472.420918,-136.917782,174.241429,-136.917782,1364.224251,-437.736921,169.266263,39.123773,169.266263,-365.513898,-260.856622,39.123773,-260.856622,1413.472198,160.1186,1.0,3.650898,1.314985,1.468769,2.0,140.0,1836.344843574978,11.468654132467922,0.008292437519219797
48062.0,0.256458,0.155706,0.953931,-0.201405,0.973884,-0.104816,-0.945339,-0.165246,0.28112,403.882476,-169.135936,-466.363406,3.598009,3.593785,3.587232,89.97254,90.071033,90.018615,170.765475,0.090666,0.078549,81.642558,0.847826,-2092.589931,440.704021,-255.282944,440.704021,-249.474819,464.706209,-255.282944,464.706209,896.552859,-408.471993,241.105949,2.557214,241.105949,-522.255891,180.140368,2.557214,180.140368,1147.089815,673.008517,1.0,1.461357,1.285835,4.539337,2.0,117.0,1636.3554252282195,2.4314037399146606,0.010384608478337977
48065.0,0.64857,0.564699,0.510364,-0.760911,0.46407,0.45349,0.019241,-0.682462,0.730668,113.15154,-153.428252,-553.101826,3.593616,3.59568,3.595825,90.09988,90.028585,89.98789,145.113371,0.071145,0.071737,71.174148,0.898551,-560.611072,-127.432016,-213.67842,-127.432016,-332.217206,188.485305,-213.67842,188.485305,1141.843169,-588.67492,63.609932,233.862121,63.609932,-536.344285,-118.373664,233.862121,-118.373664,1224.978808,637.2302,1.0,2.297256,0.751496,3.113407,2.0,123.0,1803.2557274978444,2.829834065456792,0.012624682209051523
48152.0,-0.390459,-0.243111,-0.887941,0.880218,0.18401,-0.437443,0.269737,-0.952385,0.142142,-205.844134,-173.038374,-484.442201,3.593382,3.59891,3.590766,90.036911,89.975079,90.007879,126.702434,0.063221,0.058148,79.300045,0.805556,-862.158817,-446.204906,101.123939,-446.204906,-602.687687,-311.344147,101.123939,-311.344147,1141.338461,-258.494585,-55.134467,79.354854,-55.134467,-470.92378,-245.549289,79.354854,-245.549289,1241.889674,629.506269,1.0,5.170138,1.428171,2.865598,2.0,116.0,1633.1650558342915,2.594358684352183,0.010158329670556935
48286.0,0.463839,0.667008,0.583056,-0.847617,0.1427,0.51106,0.257679,-0.731258,0.631557,-3.052716,465.787954,-417.605558,3.596852,3.595871,3.596127,90.085282,90.041499,90.02091,77.741602,0.062721,0.051171,151.636634,1.0,-491.285913,-217.147375,-66.781395,-217.147375,778.762937,200.739258,-66.781395,200.739258,999.3211,-53.399458,35.945053,-125.158087,35.945053,-137.3051,-51.918035,-125.158087,-51.918035,1052.362517,180.594002,1.0,2.290486,0.887237,2.802801,2.0,144.0,1156.4032287563434,6.403331317483864,0.006594712462425142
48084.0,-0.241266,-0.9673,0.078237,0.537738,-0.066142,0.840514,-0.807854,0.244859,0.536112,-27.257684,306.663394,-582.258444,3.5949,3.592439,3.593263,89.98455,90.047795,90.071959,130.223758,0.073374,0.065245,81.250033,0.980263,-896.5586,199.759946,-297.689582,199.759946,-627.802682,-123.931715,-297.689582,-123.931715,517.02318,-647.559732,-78.775007,-21.390069,-78.775007,-135.608639,-236.508386,-21.390069,-236.508386,797.360561,550.48229,1.0,3.048778,1.004972,5.006685,2.0,149.0,1287.287649097462,2.338472413158763,0.012064770484462448
48090.0,-0.12421,-0.071422,-0.989682,0.361898,0.92544,-0.112206,0.923906,-0.372101,-0.089101,86.212612,104.876346,-438.370055,3.598524,3.594255,3.591428,90.004166,89.999122,90.012232,97.911364,0.06208,0.058417,84.719115,0.92029,-891.913914,-95.301156,-224.051637,-95.301156,-53.868596,312.645783,-224.051637,312.645783,942.356423,-416.150035,71.997413,-11.590976,71.997413,-284.019917,112.21295,-11.590976,112.21295,1072.145317,460.233315,1.0,4.825283,1.660016,1.953669,2.0,127.0,1431.5254366067538,3.1104341862056506,0.010862837743288513
49557.0,0.79086,0.064293,-0.608611,0.542338,0.387158,0.74564,0.283568,-0.919769,0.271319,-271.742683,27.853717,-266.395266,3.594524,3.598324,3.593093,90.055238,90.013748,90.001753,135.700866,0.06985,0.071686,70.289933,0.902985,-51.605902,261.100123,-269.395124,261.100123,-505.214732,-213.613991,-269.395124,-213.613991,1034.875889,-472.823645,183.296232,-188.501958,183.296232,-246.711274,-62.993784,-188.501958,-62.993784,983.52454,662.024309,1.0,3.82615,1.296034,2.842535,2.0,121.0,1377.5349485234638,2.0807920944840466,0.012846576479166653
49737.0,0.834462,-0.461449,0.301228,0.380745,0.877961,0.290201,-0.39838,-0.12747,0.90832,405.375229,32.649257,-447.287464,3.591099,3.593726,3.598585,90.017083,90.097524,89.976404,128.523584,0.06953,0.066533,74.083273,0.964789,-1213.691611,-322.92133,155.009051,-322.92133,-401.019197,76.487784,155.009051,76.487784,1387.487215,-190.010504,40.8251,157.604395,40.8251,-362.387838,49.89268,157.604395,49.89268,1214.452855,578.107843,1.0,2.337552,0.431547,4.402711,2.0,137.0,1505.3488820864075,2.6039239915421932,0.01302303422798288
48097.0,-0.459627,-0.878362,-0.131234,0.88261,-0.468188,0.042425,-0.098707,-0.096329,0.990443,-98.325038,-151.191505,-236.045108,3.592505,3.592253,3.600286,90.014484,89.985687,90.007675,86.466964,0.055085,0.052527,100.48319,1.0,-706.695908,-23.435598,-242.983713,-23.435598,-563.516209,258.067467,-242.983713,258.067467,1499.496425,-479.220969,60.1602,-227.098869,60.1602,-452.873689,18.773382,-227.098869,18.773382,1421.695075,423.501312,1.0,4.399718,0.138362,3.939181,2.0,142.0,1898.8815675575652,4.483767850895266,0.009951913349884692
49406.0,-0.017053,-0.458398,0.888583,-0.161289,0.878335,0.450016,-0.98676,-0.135644,-0.088913,-0.167674,-417.532691,-366.896097,3.600341,3.587788,3.59351,89.931489,90.003146,89.979364,152.093779,0.084135,0.079863,71.271062,0.880282,-1158.663255,1003.878106,-8.571869,1003.878106,-1096.740964,268.555226,-8.571869,268.555226,1536.673436,-506.222723,226.985673,-71.870459,226.985673,-676.404831,221.751397,-71.870459,221.751397,1484.300045,534.740681,1.0,2.039584,1.659827,4.575781,2.0,125.0,2099.83103034783,3.926821176988085,0.012351183991056567
48100.0,-0.30299,-0.08628,-0.94908,0.65124,0.708336,-0.2723,0.695761,-0.700583,-0.15843,43.918469,265.502716,-244.854978,3.595061,3.595044,3.594598,89.992139,90.077889,90.128548,149.319556,0.071233,0.075485,86.779198,0.8,-465.563167,591.017652,273.073965,591.017652,-744.519333,158.530872,273.073965,158.530872,1340.691334,-651.786397,180.573753,202.290257,180.573753,-324.971037,-79.619527,202.290257,-79.619527,1081.503729,661.714167,1.0,4.991793,1.729897,2.359648,2.0,112.0,1613.8580256577377,2.438905053180972,0.009218799187335196
49297.0,-0.307234,-0.384201,0.87063,-0.606505,0.784051,0.131967,-0.73332,-0.487496,-0.473908,-278.999057,-381.452598,-334.496055,3.59728,3.596502,3.595437,89.935564,89.967409,89.981446,84.796846,0.07291,0.057435,98.456133,0.986486,-204.48315,198.834934,-36.032288,198.834934,481.21765,-121.239375,-36.032288,-121.239375,1113.128303,-30.479751,17.462173,233.585599,17.462173,-49.956527,134.520838,233.585599,134.520838,973.958511,356.483114,1.0,1.721228,2.064519,4.125694,2.0,146.0,1040.9423843611412,2.920032796731969,0.010019548502885037
48356.0,-0.122766,-0.941,-0.315354,0.650047,-0.316351,0.690913,-0.749912,-0.120174,0.650531,-169.729896,354.32228,-569.336038,3.595341,3.590879,3.594032,90.050048,90.141887,90.033145,195.559852,0.075322,0.08719,69.498345,0.855072,-1390.394052,475.34374,-218.6553,475.34374,-934.497986,-11.433716,-218.6553,-11.433716,1217.505741,-629.544138,-148.815385,-70.844875,-148.815385,-194.934931,-156.18638,-70.844875,-156.18638,1181.062051,767.968458,1.0,3.569781,0.862513,4.553489,2.0,118.0,1648.9218340423743,2.1471218210401735,0.012303487226926053
48113.0,-0.398926,-0.698828,-0.593715,0.826787,0.005909,-0.562484,0.396588,-0.715266,0.575424,324.37315,-245.848508,-266.871921,3.595071,3.596786,3.595423,90.068268,89.977894,90.007366,96.165271,0.059992,0.052233,91.425023,0.992958,-79.794976,-215.717508,100.953361,-215.717508,-53.097238,-189.093075,100.953361,-189.093075,983.216387,-360.265558,-160.593491,139.226536,-160.593491,-286.918451,38.990593,139.226536,38.990593,974.320716,511.673165,1.0,5.470782,0.957673,2.63533,2.0,141.0,1312.87211929804,2.5658412617711543,0.010860899646697382
48604.0,0.133667,0.960456,-0.244251,-0.400748,0.277797,0.873058,0.906385,-0.018816,0.422033,148.057551,204.007144,-410.114557,3.598136,3.592781,3.592206,89.999035,89.926972,89.973669,140.193717,0.067262,0.069281,77.15711,0.95,-514.463676,17.729717,294.720514,17.729717,-921.233271,-142.335271,294.720514,-142.335271,1129.752838,-619.906753,205.483923,50.916832,205.483923,-529.979277,-373.194348,50.916832,-373.194348,1266.110854,620.370278,1.0,3.414383,1.13511,1.591553,2.0,133.0,1879.7904677365814,3.0301104588646677,0.01231253995905238
49160.0,-0.329303,0.920553,-0.210099,-0.830916,-0.176834,0.52755,0.448485,0.348298,0.823134,-3.848878,452.59767,-461.26501,3.592806,3.59221,3.596986,89.92659,89.940727,89.988955,130.129602,0.063153,0.060361,113.156532,0.945946,-861.909874,165.614202,23.498517,165.614202,-764.434226,273.263041,23.498517,273.263041,1008.238148,-497.413811,103.970077,-163.687775,103.970077,-289.67104,-153.494893,-163.687775,-153.494893,1238.8383,536.92923,1.0,3.520593,0.603888,0.910481,2.0,140.0,1656.1726169818965,3.084526832301338,0.008359623463893361
48121.0,-0.382149,0.231196,-0.894712,0.806699,0.555749,-0.20095,0.450777,-0.798556,-0.398885,-294.337195,201.812028,-426.785829,3.600668,3.597931,3.59508,89.961358,89.927199,90.026936,117.470852,0.06997,0.062065,132.544241,1.0,701.018135,-964.93705,-460.221895,-964.93705,857.317544,22.917059,-460.221895,22.917059,1071.842279,-180.332356,16.798145,-133.093064,16.798145,128.967277,-91.85689,-133.093064,-91.85689,1089.746674,131.586863,1.0,4.93332,1.981096,2.627693,2.0,148.0,1155.7496483928928,8.783168942882185,0.007544650695159211
48344.0,0.414542,0.907035,0.073769,-0.85951,0.363608,0.35921,0.298993,-0.212313,0.930337,-105.531809,115.952733,-284.50705,3.594535,3.594783,3.598666,90.013553,89.942634,90.010599,42.241827,0.04386,0.036427,118.027335,1.0,-48.866723,112.475317,154.781525,112.475317,-182.207157,-25.604369,154.781525,-25.604369,1277.58212,5.415438,54.687958,15.282408,54.687958,-88.865554,60.540386,15.282408,60.540386,1409.864112,159.273543,1.0,2.939045,0.375466,2.188264,2.0,141.0,1455.6596081714313,9.13936854014374,0.008472613568712706
48430.0,0.283114,0.210422,0.935718,-0.686346,0.725918,0.044421,-0.669907,-0.654802,0.34994,-149.205138,-352.953167,-569.584766,3.593937,3.596028,3.591874,90.019206,90.014109,89.906699,141.718479,0.072842,0.069016,75.684012,0.910959,-734.461584,77.016281,-378.116216,77.016281,-732.986941,-320.478254,-378.116216,-320.478254,803.853314,-426.146381,125.874592,-360.833167,125.874592,-464.624174,-47.480695,-360.833167,-47.480695,952.134989,775.981986,1.0,1.618233,1.213289,3.938393,2.0,133.0,1437.1492105835493,1.8520393984810226,0.012036346593254069
48306.0,-0.050891,-0.376837,-0.92488,0.389207,0.845378,-0.36586,0.919743,-0.378589,0.103645,204.563509,-107.774445,-334.961677,3.599304,3.592461,3.592401,90.055109,89.982959,90.072077,145.34871,0.076065,0.071064,81.468075,0.826389,-988.637953,334.939761,-158.400466,334.939761,-507.827717,132.414593,-158.400466,132.414593,1480.048889,-510.571867,-169.249334,16.535164,-169.249334,-137.297633,213.782427,16.535164,213.782427,1280.876771,696.723781,1.0,5.089076,1.466965,1.961284,2.0,119.0,1654.0515452554732,2.3740420384121683,0.010143715805240275
48364.0,0.408648,0.641983,0.648741,-0.905329,0.375227,0.198958,-0.115697,-0.668627,0.734542,-143.887087,283.93132,-365.660845,3.592344,3.596342,3.596327,90.058133,89.977444,89.988028,97.56787,0.057917,0.056935,106.328213,0.985915,-5.658519,78.125111,39.632695,78.125111,-683.913882,-265.874749,39.632695,-265.874749,909.523817,-409.603942,87.32058,-29.110584,87.32058,-270.898222,-60.321144,-29.110584,-60.321144,1203.064425,446.223892,1.0,1.868373,0.745805,3.312933,2.0,138.0,1550.914383314429,3.475641737521372,0.009272374397940836
48454.0,-0.01745,-0.934599,-0.355274,0.47357,-0.320669,0.820307,-0.880584,-0.153933,0.448193,-122.67132,36.369287,-335.458116,3.598817,3.592185,3.593444,90.047468,90.048782,89.99164,114.508113,0.056753,0.057898,77.784943,0.935714,-944.153994,198.765152,53.271679,198.765152,-196.808326,-296.078838,53.271679,-296.078838,1203.19429,-310.478814,16.47248,170.763145,16.47248,-339.029649,-271.482636,170.763145,-271.482636,1188.808866,635.646416,1.0,3.550303,1.106053,4.53933,2.0,131.0,1539.1021001548452,2.421317986562588,0.012029500362300195
48970.0,0.02991,-0.392764,0.919153,-0.256505,0.885755,0.386839,-0.96608,-0.247337,-0.074253,289.717191,-192.271845,-385.870803,3.598903,3.593491,3.592284,89.99419,90.004884,89.992687,120.577569,0.069366,0.062716,79.120415,0.929577,-670.323889,-79.710647,31.131774,-79.710647,-284.522145,339.055243,31.131774,339.055243,1082.070626,-582.358004,2.559995,-151.012881,2.559995,-610.202012,104.716098,-151.012881,104.716098,1367.345006,588.37317,1.0,1.969159,1.645118,4.461751,2.0,132.0,1970.2125116163556,3.348576400273921,0.01174888933532515
48167.0,-0.335755,-0.595236,-0.730043,0.811388,-0.576433,0.096825,-0.478455,-0.559838,0.676508,365.362577,163.834108,-235.713807,3.594619,3.595423,3.595809,90.055631,90.057521,89.951178,113.810063,0.05557,0.057391,82.53875,1.0,-276.330046,67.566338,47.710991,67.566338,-379.805892,-18.472557,47.710991,-18.472557,1108.202169,-222.183894,102.106711,-29.33126,102.106711,-93.302197,26.002602,-29.33126,26.002602,815.882587,504.327373,1.0,4.580529,0.827786,3.848769,2.0,140.0,984.5691545257861,1.9522421491204405,0.012115521497478458
48389.0,0.387712,0.100613,0.916273,-0.921665,0.026595,0.387073,0.014576,-0.99457,0.103043,247.490068,-166.850964,-545.77592,3.59541,3.601948,3.592637,89.988879,89.989433,89.941488,87.016302,0.072324,0.064318,145.129898,1.0,-319.664668,-368.559218,-533.696162,-368.559218,-17.152924,344.048791,-533.696162,344.048791,1942.652682,-531.904411,-53.356576,-138.948982,-53.356576,-400.578848,-15.905982,-138.948982,-15.905982,1638.47204,231.071953,1.0,1.970499,1.46757,3.126938,2.0,144.0,2111.766912150014,9.139001444065407,0.006890378989999704
48392.0,0.382839,0.822715,0.420207,-0.923429,0.327649,0.199814,0.02671,-0.464528,0.885156,201.667428,245.734566,-488.565836,3.592394,3.594519,3.598274,90.056512,90.008985,89.991156,130.069456,0.060491,0.063823,74.844013,0.930556,-281.686452,123.132385,80.456964,123.132385,-606.222643,199.550593,80.456964,199.550593,1156.414256,-290.126061,174.932321,93.32189,174.932321,-444.75279,-57.528996,93.32189,-57.528996,1165.573709,529.880754,1.0,2.014663,0.483968,3.084157,2.0,134.0,1549.2018098487797,2.9236800886879912,0.012433272384793156
49355.0,-0.30208,-0.336169,0.892042,-0.529226,0.837449,0.136379,-0.792886,-0.430894,-0.430886,519.545821,218.622703,-458.12808,3.597903,3.595036,3.592124,89.922975,89.986449,90.005821,115.359261,0.06216,0.062256,116.683838,1.0,-967.012864,443.637082,252.687073,443.637082,471.568465,136.923897,252.687073,136.923897,728.669441,-206.468725,65.232396,77.468151,65.232396,-204.81828,79.324374,77.468151,79.324374,980.095375,291.082735,1.0,1.722506,2.01627,4.214588,2.0,154.0,1190.961977039904,4.091489579551683,0.008570167189735394
49701.0,0.276685,0.788256,-0.549635,0.060763,0.556468,0.828644,0.959038,-0.262671,0.106069,60.488742,-191.407125,-439.091002,3.598716,3.592412,3.593592,90.033962,89.984443,90.080285,122.905297,0.069,0.066274,83.906579,0.945205,-505.040401,-337.889778,-168.426446,-337.889778,-722.775413,-76.210971,-168.426446,-76.210971,1365.483839,-491.261281,-52.370642,178.611097,-52.370642,-468.381533,168.657721,178.611097,168.657721,1450.375373,519.485655,1.0,3.727257,1.464527,1.83813,2.0,138.0,1942.5163443069762,3.739306996469376,0.011264968864956346
49435.0,-0.408891,0.854098,-0.321442,-0.577325,0.030691,0.815938,0.706756,0.519206,0.480543,465.470845,363.608962,-571.666786,3.59263,3.595422,3.591637,89.962238,89.92417,89.921668,179.78386,0.086693,0.09147,64.751781,0.833333,-533.311982,-124.305835,454.791542,-124.305835,-1401.470493,57.329581,454.791542,57.329581,672.47931,-92.903852,-155.573971,103.086974,-155.573971,-482.518893,23.383874,103.086974,23.383874,694.961292,704.414487,1.0,3.516876,1.069523,0.937203,2.0,119.0,1051.678761958198,1.492982869272247,0.01286965373199542
48399.0,0.37504,0.107695,0.920732,-0.926908,0.028953,0.374169,0.013638,-0.993762,0.110682,173.696492,10.62558,-488.263318,3.593464,3.600328,3.592612,90.018939,89.997095,89.994649,47.303971,0.056797,0.047648,132.090552,1.0,-545.177204,-109.004893,-94.983194,-109.004893,-410.102815,36.814468,-94.983194,36.814468,1563.131965,-469.989616,-53.909759,-64.328892,-53.909759,-337.787905,69.136536,-64.328892,69.136536,1461.264834,222.526361,1.0,1.956793,1.459887,3.12787,2.0,144.0,1871.035581482449,8.408152513141799,0.007570564168737822
48201.0,-0.372801,-0.854073,-0.362738,0.927904,-0.341614,-0.149311,0.003606,-0.39225,0.919852,-192.035055,-80.024131,-495.728017,3.593618,3.593564,3.598474,90.05158,90.001249,89.977112,52.445295,0.0507,0.044198,115.997013,0.993151,-300.169231,-174.191339,-134.026603,-174.191339,-453.271936,-154.744001,-134.026603,-154.744001,1152.528472,-271.007436,14.759762,-228.763118,14.759762,-265.623475,-81.793454,-228.763118,-81.793454,1043.637703,250.829836,1.0,5.102875,0.403094,3.132399,2.0,145.0,1328.7863892521007,5.297561129259362,0.008561867019799899
48205.0,-0.206319,-0.214373,-0.954713,0.620565,0.72571,-0.297059,0.756526,-0.65375,-0.016695,-65.334998,-241.890497,-463.988825,3.595689,3.59657,3.594913,90.025833,90.001671,90.080733,130.588083,0.065033,0.065399,94.916241,0.95,-82.074278,249.681802,-80.813411,249.681802,-158.557493,-256.429283,-80.813411,-256.429283,1060.579999,-437.284371,49.828101,25.714582,49.828101,-297.151874,-197.951693,25.714582,-197.951693,1278.330528,629.86255,1.0,5.014044,1.587493,2.283447,2.0,133.0,1659.6098676504255,2.6348762403010393,0.010008824517186684
48411.0,0.366533,0.327819,0.87074,-0.927288,0.052165,0.370697,0.076099,-0.943299,0.323103,144.056394,-157.323013,-461.598729,3.593001,3.599652,3.592701,89.9901,90.020237,89.975853,138.17292,0.086642,0.072591,79.603975,0.965278,-360.892933,77.72198,-757.690738,77.72198,-385.993968,103.17497,-757.690738,103.17497,1062.16894,-541.237991,76.236174,-80.156729,76.236174,-326.291829,10.532646,-80.156729,10.532646,1142.095293,650.791904,1.0,1.973282,1.24179,3.061093,2.0,139.0,1589.731978310974,2.442765450123015,0.01212600250175949
49395.0,0.650248,-0.520313,-0.55358,0.587151,0.80658,-0.068428,0.482111,-0.28054,0.82998,116.992917,141.218573,-229.731557,3.595688,3.593214,3.598096,90.009633,89.933073,90.035162,149.360115,0.090754,0.08601,93.886413,0.823944,21.010382,65.287686,-93.002893,65.287686,-509.400819,256.187659,-93.002893,256.187659,1260.559213,-402.767266,206.151197,-422.811035,206.151197,-270.805282,-60.95132,-422.811035,-60.95132,1163.785139,716.962604,1.0,4.835375,0.591725,2.097801,2.0,116.0,1559.9717793898592,2.1758063400889163,0.008775966337109928
48216.0,-0.21566,0.282721,-0.934644,0.651064,0.754989,0.078151,0.72774,-0.591659,-0.346891,92.577523,-55.610241,-253.17051,3.595952,3.59603,3.593775,89.985629,90.03438,90.051515,129.687521,0.077953,0.071722,74.46492,0.821918,-322.583238,141.308327,-110.98871,141.308327,-112.207603,-55.319612,-110.98871,-55.319612,861.795502,210.099774,70.642927,-124.784608,70.642927,-279.261338,69.025799,-124.784608,69.025799,898.289292,697.056059,1.0,4.628968,1.92505,2.253419,2.0,120.0,1033.8505381632758,1.4831669918290973,0.011037653703247113
48227.0,-0.242133,-0.957674,-0.15567,0.718654,-0.284816,0.634363,-0.65185,0.041728,0.757199,207.823425,-248.368106,-248.416675,3.600032,3.59212,3.595395,90.0164,90.013369,89.982795,177.196146,0.082187,0.079139,78.64566,0.905797,-559.443792,-454.497191,446.525278,-454.497191,658.132409,-549.235166,446.525278,-549.235166,826.867791,-109.767731,-110.768318,369.890629,-110.768318,-146.033093,-118.260843,369.890629,-118.260843,907.429717,840.22929,1.0,3.382232,0.711782,4.776316,2.0,125.0,1093.2523047710106,1.3011356754428431,0.01151744419208892
48449.0,0.321794,0.623864,0.712209,-0.889646,0.456647,0.001961,-0.324005,-0.634245,0.701964,-149.353662,-420.971933,-261.318178,3.595389,3.592147,3.596837,90.082445,90.023387,89.957198,78.651591,0.062789,0.051989,123.635963,1.0,-549.121159,-514.377518,417.974665,-514.377518,-311.884905,315.397973,417.974665,315.397973,902.283688,75.805557,-194.184899,87.511007,-194.184899,-146.126308,76.160294,87.511007,76.160294,871.059795,330.796377,1.0,1.57355,0.792644,3.613883,2.0,142.0,946.8632785380387,2.862374996743204,0.00808826150365327
48456.0,0.317003,0.618855,0.718699,-0.889186,-0.069686,0.452207,0.329934,-0.782408,0.528187,98.610049,326.94283,-244.360214,3.594118,3.596248,3.59573,90.057129,89.966588,90.057403,79.530429,0.065742,0.055512,108.047268,1.0,-221.891244,147.802111,140.794192,147.802111,-343.993301,-95.737268,140.794192,-95.737268,1086.764693,-173.745626,-4.892332,-217.762932,-4.892332,-73.221353,-92.388795,-217.762932,-92.388795,971.042248,397.369306,1.0,2.132412,1.014333,2.742529,2.0,144.0,1116.9380807936234,2.8108312945379414,0.009255208562978196
48483.0,0.269088,0.804733,0.529147,-0.791508,-0.12825,0.597551,0.548732,-0.579618,0.602441,295.837781,53.729282,-521.120309,3.595505,3.59575,3.593284,90.074505,89.968542,89.961058,140.045715,0.055508,0.061568,88.579759,0.869565,-244.866519,-770.138221,-122.787347,-770.138221,-97.808065,149.52344,-122.787347,149.52344,430.452916,-421.480133,-155.787705,83.261553,-155.787705,-454.092821,37.46753,83.261553,37.46753,816.764587,516.816916,1.0,2.416832,0.92424,2.38356,2.0,120.0,1264.5752828632035,2.4468535059777405,0.009816746058205013
48239.0,-0.202453,-0.894769,0.397996,0.654649,0.1786,0.734532,-0.728319,0.409256,0.549602,337.368353,-246.035667,-244.194941,3.596797,3.596391,3.593594,89.991942,90.059161,89.99246,88.725067,0.068504,0.060213,98.850026,0.993056,397.540955,-382.370474,67.958705,-382.370474,-375.362838,-240.116532,67.958705,-240.116532,689.713509,-216.511206,-125.765297,-10.496809,-125.765297,-353.093138,-33.377545,-10.496809,-33.377545,975.486525,378.261187,1.0,2.645039,0.988909,5.224337,2.0,143.0,1270.865623493207,3.359756874799864,0.010046087393037206
49761.0,-0.657693,0.69177,-0.298151,-0.48275,-0.083228,0.871794,0.578267,0.717306,0.388691,115.681127,250.74567,-553.028631,3.597515,3.59676,3.593918,89.966626,89.977999,89.981049,99.344956,0.056737,0.054751,96.114866,0.993056,387.062114,326.41536,-66.286451,326.41536,-180.775121,-158.115362,-66.286451,-158.115362,898.72212,-211.305842,46.82602,84.092639,46.82602,-283.712338,-22.415076,84.092639,-22.415076,1087.548735,387.843803,1.0,3.47112,1.171586,0.678489,2.0,143.0,1339.267125848056,3.4531095133884504,0.01033197091488428
49574.0,-0.566942,0.781292,-0.261072,-0.586926,-0.160742,0.793523,0.578009,0.603112,0.549692,-125.94736,-403.243962,-435.488123,3.595874,3.596452,3.592087,90.012757,89.939217,89.939604,157.713539,0.067392,0.068843,92.742083,0.948529,76.815407,-227.212148,9.406845,-227.212148,-710.382426,-681.65525,9.406845,-681.65525,686.284869,-239.023535,-14.169426,74.45777,-14.169426,-120.655604,-57.755527,74.45777,-57.755527,1019.710575,545.995848,1.0,3.459442,0.9888,0.764147,2.0,129.0,1206.747322048439,2.210176737549914,0.010227600775367532
48930.0,0.029924,0.997383,-0.06581,-0.294393,0.071714,0.95299,0.955216,-0.009144,0.295769,-159.086302,436.773051,-567.140534,3.598702,3.591199,3.592419,89.937529,89.947112,90.086292,127.237317,0.067437,0.060517,95.395216,0.985507,-1100.631503,717.403922,-529.45173,717.403922,-648.989052,-157.340928,-529.45173,-157.340928,1218.923735,-542.356059,-59.165643,-120.631474,-59.165643,-403.30217,-108.502281,-120.631474,-108.502281,1367.532054,572.435584,1.0,3.21054,1.270536,1.580368,2.0,136.0,1850.3513643811323,3.232418487074927,0.010330780109560211
49201.0,0.438245,-0.265817,-0.858651,0.579671,0.813663,0.043967,0.686966,-0.517004,0.510671,-284.995492,-406.493667,-483.181654,3.596608,3.592448,3.594,90.000665,89.96001,90.095042,126.434051,0.064647,0.059012,94.5335,0.979452,-169.451914,-53.719565,368.540904,-53.719565,-1013.869174,366.338753,368.540904,366.338753,857.826015,-70.301677,233.440841,106.017867,233.440841,-369.676457,17.754205,106.017867,17.754205,950.583805,528.217621,1.0,4.661229,1.034832,2.215953,2.0,143.0,1219.4248695435335,2.308565297831163,0.010360898517456774
48649.0,0.143179,0.988934,-0.038863,-0.930541,0.147889,0.334997,0.337037,-0.011801,0.941417,-218.364926,314.166794,-383.833032,3.593771,3.593015,3.598555,90.001572,89.960653,89.999754,118.54652,0.057262,0.061091,79.629874,0.928571,-475.413322,-25.593159,-16.527316,-25.593159,-340.918297,156.466135,-16.527316,156.466135,1128.06513,-405.651516,-123.446499,-21.977919,-123.446499,-296.164231,198.984193,-21.977919,198.984193,1310.047382,589.861691,1.0,3.257086,0.343988,1.605796,2.0,128.0,1676.0819019465205,2.8414828891583683,0.011661088400064528
49234.0,0.508625,-0.836337,-0.204549,0.654668,0.221367,0.722777,-0.559205,-0.501534,0.660116,27.834863,43.694049,-234.792745,3.596776,3.593786,3.595901,90.032107,90.046324,89.935495,112.526114,0.063101,0.064795,75.894992,0.926471,-516.667938,32.261262,-252.2612,32.261262,88.743203,-228.645513,-252.2612,-228.645513,1050.586508,-536.671133,39.850049,-128.570989,39.850049,-20.517178,-109.512186,-128.570989,-109.512186,1384.959168,557.512129,1.0,3.417385,0.849823,3.981306,2.0,126.0,1729.1050929453888,3.1014663233369566,0.012207274493157599
49522.0,0.268649,-0.303694,0.91411,0.115235,0.952315,0.28252,-0.95632,0.029439,0.290835,114.031954,-302.022635,-240.480503,3.598172,3.592985,3.591901,89.943702,90.041483,90.025003,110.259793,0.07361,0.058418,84.357839,0.930556,-1051.244786,238.431636,-257.555894,238.431636,-300.861239,239.907956,-257.555894,239.907956,1027.7988,-526.564819,-37.387194,5.424973,-37.387194,-353.179633,1.515994,5.424973,1.515994,1170.69591,615.436751,1.0,1.870549,1.275697,4.743163,2.0,134.0,1617.8840149638338,2.6288388081065928,0.011031055454135094
49738.0,0.828483,-0.480662,-0.287368,0.376664,0.098545,0.921093,-0.414415,-0.871351,0.262691,194.997704,66.511316,-345.591108,3.595626,3.599042,3.593266,90.02616,90.027123,89.978045,84.736805,0.058491,0.052535,99.177878,1.0,308.744606,62.343372,239.303284,62.343372,-492.902279,-66.64225,239.303284,-66.64225,1217.010629,103.050555,120.638155,349.163257,120.638155,-369.863501,41.317577,349.163257,41.317577,1169.023917,506.106884,1.0,3.444009,1.304986,3.585531,2.0,142.0,1402.7446182590338,2.7716371039502277,0.010082893687239405
48494.0,0.293572,0.462526,0.836591,-0.935182,0.320334,0.151066,-0.198117,-0.826714,0.526587,-17.94488,288.182426,-348.529156,3.592939,3.597407,3.593622,90.029424,90.079571,90.033812,139.016098,0.077585,0.069878,73.957311,0.84507,-722.131776,733.802366,-169.857111,733.802366,-21.903091,-172.459982,-169.857111,-172.459982,672.934915,-498.238725,191.36557,-62.395219,191.36557,-396.88513,-38.042353,-62.395219,-38.042353,894.135061,629.777479,1.0,1.749444,1.016215,3.376801,2.0,120.0,1356.2175697071918,2.1534869297972974,0.011426456540584608
49250.0,-0.298941,-0.19716,0.933682,-0.667575,0.742359,-0.056981,-0.681893,-0.640337,-0.35354,264.41298,-69.943518,-501.24291800000003,3.596365,3.59562,3.595099,90.031768,89.937233,89.941782,138.681173,0.055424,0.062393,83.132786,0.992754,-6.938556,-524.600731,111.005631,-524.600731,-102.898863,264.251917,111.005631,264.251917,905.21559,-368.438046,-193.973465,16.585346,-193.973465,-324.514498,307.335648,16.585346,307.335648,1122.610505,609.664191,1.0,1.509844,1.932149,3.958409,2.0,137.0,1502.9736862055,2.4652484242846073,0.01194178672178748
49274.0,-0.022368,-0.962953,0.268739,-0.205975,0.267478,0.941292,-0.978302,-0.034299,-0.204327,586.986903,75.265903,-429.860116,3.600067,3.591411,3.592336,89.972056,89.939416,90.01333,117.814921,0.0584,0.0566,91.428743,0.992857,-1043.993787,-189.952018,-162.638261,-189.952018,-665.614563,-21.150224,-162.638261,-21.150224,1596.017279,-536.874882,100.315224,78.305042,100.315224,-353.183992,85.545817,78.305042,85.545817,1532.703177,500.806997,1.0,2.863491,1.776573,4.677344,2.0,139.0,1988.5592102605995,3.970709718859218,0.010859353059245276
48308.0,-0.25742,-0.890476,-0.375215,0.907619,-0.089562,-0.410129,0.331605,-0.446128,0.831269,-174.657281,-141.272102,-350.525726,3.594928,3.591677,3.597575,90.045574,89.961203,90.044093,135.926973,0.076647,0.078774,95.056785,0.929577,-937.838048,105.142194,-406.573574,105.142194,-50.227754,46.105056,-406.573574,46.105056,976.142113,-720.303758,67.808322,-23.387665,67.808322,-178.541789,64.340252,-23.387665,64.340252,1020.033029,486.016116,1.0,5.542215,0.58941,2.502396,2.0,132.0,1544.795566852621,3.178486301167472,0.009779175679042795
48721.0,0.08643,-0.048729,0.995065,-0.488371,0.868491,0.08495,-0.868345,-0.493304,0.051266,-280.194203,383.793195,-542.391478,3.597126,3.592803,3.593231,90.018787,89.976136,89.950063,148.161413,0.07109,0.072596,78.201904,0.855263,-363.833246,-238.215653,-182.582328,-238.215653,-662.786914,265.502239,-182.582328,265.502239,731.281066,-576.960655,-63.82579,-57.745374,-63.82579,-131.203506,89.936932,-57.745374,89.936932,1021.144584,770.143335,1.0,1.655961,1.519508,4.195759,2.0,130.0,1432.4439392988731,1.8599705719700517,0.010936600725220194
48317.0,0.145699,-0.111068,0.983075,-0.11093,0.985578,0.127791,-0.98309,-0.127672,0.131277,184.074193,176.828543,-268.226696,3.600808,3.593376,3.592071,89.999202,89.984087,89.997028,60.800587,0.055405,0.046192,119.500586,1.0,-649.040736,-80.928034,-473.381971,-80.928034,-367.739629,175.841185,-473.381971,175.841185,1582.737141,-354.513951,92.319089,-158.814522,92.319089,-317.554766,133.374393,-158.814522,133.374393,1457.783412,289.704115,1.0,1.700063,1.439139,4.583244,2.0,140.0,1804.842618139733,6.229951611628758,0.008368159801325159
48535.0,0.253638,0.631424,0.732784,-0.917831,-0.082059,0.388397,0.305374,-0.771084,0.558727,130.487244,362.535134,-560.110915,3.594839,3.597484,3.593942,90.07539,90.041405,90.03347,179.270399,0.07518,0.082778,65.207937,0.828767,-650.866681,152.187285,-451.536616,152.187285,249.922397,162.555491,-451.536616,162.555491,968.274698,-270.264104,-139.055741,-325.193265,-139.055741,-503.000898,167.185721,-325.193265,167.185721,1182.424525,792.581116,1.0,2.058178,0.977946,2.764511,2.0,121.0,1617.820580382925,2.041205054881632,0.012709603126993575
49636.0,0.392795,-0.262164,0.881466,0.16601,0.962972,0.212428,-0.904518,0.062892,0.421773,572.169494,296.161316,-355.032044,3.600218,3.594517,3.593148,89.963581,90.006767,89.957134,138.394276,0.065375,0.069232,114.463147,1.0,-378.33118,396.047469,-587.034013,396.047469,209.820677,-454.152514,-587.034013,-454.152514,1186.892077,-143.272344,161.35395,-325.257405,161.35395,-380.530341,-111.885038,-325.257405,-111.885038,1266.989664,304.285833,1.0,1.807281,1.135397,4.781808,2.0,138.0,1577.3349458577497,5.183727846632116,0.008736436365846204
48582.0,0.185923,-0.04569,0.981501,-0.77141,0.611914,0.174611,-0.608572,-0.789604,0.078523,311.829933,238.891049,-338.616136,3.598112,3.597319,3.59297,89.980699,90.029343,89.986176,64.929481,0.050565,0.043531,142.597539,1.0,-551.014699,64.685886,-114.433179,64.685886,802.763433,143.100407,-114.433179,143.100407,911.410222,-222.478335,-57.831819,-56.016224,-57.831819,94.035326,-5.704424,-56.016224,-5.704424,1115.443498,139.21856,1.0,1.746856,1.492193,3.79823,2.0,146.0,1213.1081357995138,8.713695471347455,0.007012743747281641
49068.0,0.274908,-0.211584,-0.937901,0.435174,0.897229,-0.074855,0.85735,-0.387572,0.338731,34.968456,487.677049,-296.636851,3.60145,3.594449,3.591784,90.01204,89.997465,89.987385,126.467725,0.078183,0.067599,93.922406,1.0,-651.861043,275.248307,616.342268,275.248307,382.42916,778.543303,616.342268,778.543303,1232.638065,-187.223073,-19.867693,215.271581,-19.867693,-60.273229,225.314625,215.271581,225.314625,1219.598838,512.726526,1.0,4.792032,1.225228,1.99536,2.0,136.0,1374.6984303154595,2.6811533256140905,0.010647086702612793
48360.0,-0.167425,-0.963779,0.207603,0.786423,-0.003565,0.617678,-0.594565,0.266678,0.758535,8.656034,334.07522,-362.731265,3.596351,3.591696,3.596434,89.985078,90.027081,90.045739,126.073908,0.070004,0.069251,79.642702,0.93662,-918.237632,209.250089,96.801102,209.250089,228.771724,-105.456293,96.801102,-105.456293,761.815297,-554.911273,-15.698734,143.949765,-15.698734,-197.033103,107.996863,143.949765,107.996863,962.271572,655.894807,1.0,2.817352,0.709734,5.134017,2.0,133.0,1382.5438257913559,2.10787432837741,0.011760274029879097
48368.0,-0.059721,-0.988026,-0.142259,0.489855,-0.153181,0.858241,-0.869756,-0.018431,0.493138,13.600149,479.537692,-443.909116,3.598823,3.595249,3.593966,90.093915,90.044696,90.020132,103.22101,0.074733,0.066679,125.29927,1.0,-121.373591,822.530737,285.162974,822.530737,30.84342,-324.44234,285.162974,-324.44234,1150.928867,-211.286261,44.347392,-102.859374,44.347392,-51.415446,-133.019852,-102.859374,-133.019852,1099.930857,337.398462,1.0,3.305856,1.055103,4.691201,2.0,142.0,1248.1604167716628,3.69936605333922,0.007980892466492423
48377.0,-0.206188,-0.665448,-0.717402,0.961056,-0.275584,-0.020591,-0.184003,-0.693709,0.696355,505.572467,-98.089579,-535.091982,3.595998,3.596461,3.597554,90.060876,89.935376,89.962303,120.487316,0.053404,0.062534,128.397041,1.0,379.345271,-660.970854,-94.338991,-660.970854,156.106575,289.450894,-94.338991,289.450894,1074.58647,-230.005538,-42.355758,29.517476,-42.355758,-110.024382,68.200015,29.517476,68.200015,1103.315465,641.919939,1.0,4.741083,0.80049,3.400867,2.0,142.0,1279.70870897653,1.9935643547232609,0.007788341477433269
48382.0,-0.128854,0.441557,-0.887933,0.731489,0.64689,0.215538,0.669567,-0.62174,-0.406349,303.318168,93.323497,-261.66905099999997,3.597354,3.595558,3.594907,89.969747,90.045058,90.035493,102.03102,0.061909,0.059122,95.822241,1.0,-168.775031,53.257852,87.042089,53.257852,142.528415,222.497659,87.042089,222.497659,1026.797726,-71.529721,-7.145083,-36.865557,-7.145083,-93.558853,43.617856,-36.865557,43.617856,1144.549773,423.411755,1.0,4.474254,1.989251,2.319174,2.0,140.0,1228.2541566098257,2.9008503946939914,0.01043599053376345
48383.0,-0.207332,-0.339067,-0.917631,0.977111,-0.11743,-0.17738,-0.047613,-0.933405,0.355653,-36.929251,278.496117,-488.994669,3.59177,3.596748,3.593567,90.039191,90.012839,89.997847,141.260125,0.060731,0.067052,81.32272,0.905797,-499.069408,169.567943,30.481149,169.567943,-771.208319,21.05873,30.481149,21.05873,675.863649,-296.097613,-20.347638,349.58995,-20.347638,-429.393136,57.977494,349.58995,57.977494,655.594505,673.26057,1.0,4.903336,1.207184,3.192559,2.0,125.0,1069.96882875705,1.5892343565538822,0.011138301817745397
49076.0,-0.220223,-0.068613,0.973033,-0.81031,0.568203,-0.143328,-0.543046,-0.820023,-0.180729,523.697742,318.452158,-532.607388,3.593715,3.597332,3.597615,89.969435,89.985332,89.920044,116.375951,0.064842,0.061457,105.201109,1.0,677.446614,-185.898839,-254.585347,-185.898839,-594.783722,-160.231028,-254.585347,-160.231028,1151.915883,-189.943068,-62.779318,131.834298,-62.779318,-253.946955,-73.558888,131.834298,-73.558888,1008.846762,441.361979,1.0,1.424548,1.752524,3.726519,2.0,150.0,1240.1492204790227,2.8098234090957406,0.00950560321564671
49039.0,0.285014,-0.153513,-0.946151,0.501573,0.865049,0.010738,0.816818,-0.477624,0.323549,531.04802,467.272937,-463.492598,3.597133,3.595958,3.595901,90.052205,89.97449,90.04858,94.617036,0.055652,0.050528,98.570659,0.993333,135.710638,243.685598,-143.248336,243.685598,46.612177,-151.340318,-143.248336,-151.340318,1144.248535,-21.950186,88.208306,80.711975,88.208306,-15.343479,103.25399,80.711975,103.25399,1087.0825,584.956273,1.0,4.701041,1.241319,2.099918,2.0,149.0,1114.1756949148396,1.9047162093000405,0.010077369980858097
49358.0,0.358916,-0.175268,-0.916766,0.291755,0.95406,-0.068175,0.886599,-0.243002,0.393563,-104.704697,-281.731778,-484.45372399999997,3.598403,3.591344,3.593878,89.992292,89.970541,90.072926,95.768671,0.056935,0.04911,136.162615,1.0,-167.069607,-69.096335,362.34032,-69.096335,-1148.01516,35.41438,362.34032,35.41438,1148.533353,-417.958634,-10.661466,212.761311,-10.661466,-74.028926,0.370999,212.761311,0.370999,1107.235841,220.22815,1.0,4.786617,1.166292,1.83831,2.0,144.0,1397.849070948828,6.347276998643579,0.007344159775427345
48642.0,0.140354,0.271881,0.952041,-0.852416,0.522336,-0.023501,-0.503675,-0.808236,0.305067,-97.837347,-312.742379,-261.71562800000004,3.595492,3.597541,3.594404,89.958795,90.038731,89.991819,144.982778,0.060832,0.065219,85.050304,0.946667,78.350477,528.484353,-330.486991,528.484353,278.196194,-59.859882,-330.486991,-59.859882,537.984044,-321.264742,-2.381474,4.956798,-2.381474,-238.208896,-184.422302,4.956798,-184.422302,1194.560645,519.706706,1.0,1.546117,1.260787,3.698881,2.0,142.0,1484.6744045674684,2.8567543720851436,0.011130671561150447
48439.0,-0.144135,-0.757584,-0.636626,0.948179,-0.289827,0.130221,-0.283165,-0.584865,0.760099,579.339433,-262.725265,-233.377836,3.596798,3.592924,3.597543,90.10816,90.037534,89.975331,141.874361,0.073012,0.077354,90.640393,1.0,-886.393102,-276.483893,-345.585673,-276.483893,357.238929,-208.324293,-345.585673,-208.324293,1373.854533,-255.764542,-2.056849,-184.224935,-2.056849,7.357218,27.290874,-184.224935,27.290874,1111.926247,475.736645,1.0,4.510623,0.707331,3.592483,2.0,144.0,1267.2639165516814,2.6637929406335337,0.011032608828163398
48751.0,0.06061,0.996733,-0.053376,-0.787531,0.080607,0.610981,0.613288,0.005004,0.789844,-162.434735,241.481607,-352.334787,3.597357,3.594398,3.597093,90.010158,89.95168,89.977676,48.891638,0.057787,0.04895,128.241308,0.98,-59.699158,-236.094423,54.89056,-236.094423,255.482384,-137.005,54.89056,-137.005,1091.3915,-424.543504,1.630445,10.107768,1.630445,211.182011,-89.589298,10.107768,-89.589298,1097.821703,177.726172,1.0,3.228733,0.660242,1.562637,2.0,145.0,1326.662975061391,7.464646090849192,0.007641843453437015
48810.0,0.150443,-0.08333,-0.9851,0.550432,0.834772,0.013448,0.821214,-0.544254,0.171453,83.330204,100.773799,-311.033217,3.596309,3.594961,3.594199,90.002429,89.989492,90.099388,118.524851,0.060137,0.058262,84.815737,0.873333,-144.702605,-67.532272,129.482846,-67.532272,-621.83466,-159.73368,129.482846,-159.73368,1112.640329,-374.795237,1.38974,-49.442064,1.38974,-446.151122,-65.897869,-49.442064,-65.897869,1132.111371,626.885293,1.0,4.698739,1.398492,2.156078,2.0,131.0,1545.4700177747961,2.4653154812084512,0.010296827344670719
48484.0,-0.074918,-0.086881,-0.993398,0.818545,0.563612,-0.111024,0.569536,-0.821458,0.028891,-292.212281,-243.704346,-531.435012,3.595246,3.598196,3.593785,89.94975,89.959096,90.095237,115.944692,0.058852,0.058678,104.183555,0.986111,-136.141153,-519.50365,214.574693,-519.50365,-491.854899,-53.96556,214.574693,-53.96556,1462.349625,-396.828975,-133.430697,-19.987599,-133.430697,101.885715,-168.461094,-19.987599,-168.461094,1091.248055,831.160191,1.0,4.823689,1.541901,2.535362,2.0,140.0,1325.1039623095132,1.5942822775417467,0.009465131037235196
48937.0,0.254917,-0.061541,-0.965003,0.65069,0.749132,0.124113,0.715276,-0.659556,0.231011,-80.852119,11.101788,-523.80196,3.596444,3.596527,3.593984,90.000584,90.007247,90.056498,114.402954,0.052985,0.05254,80.270523,0.866197,-117.08899,47.796625,294.792905,47.796625,-15.850062,-99.501422,294.792905,-99.501422,893.33273,-91.420149,182.136483,364.493854,182.136483,-100.497265,-45.999011,364.493854,-45.999011,1284.133779,502.36079,1.0,4.584477,1.33768,2.315688,2.0,123.0,1425.0705590363195,2.8367471892786846,0.010790972422093226
49304.0,-0.445854,0.007681,0.895073,-0.801691,0.441341,-0.403126,-0.398128,-0.897307,-0.190616,-151.889892,236.137588,-445.262728,3.593656,3.596373,3.594257,90.006329,89.980171,89.906516,186.813257,0.075378,0.081688,68.883695,0.819444,-312.372806,-338.442004,287.339942,-338.442004,-573.789195,195.325602,287.339942,195.325602,902.868047,-197.547161,-70.440663,284.608233,-70.440663,-204.881973,-103.681709,284.608233,-103.681709,837.988729,804.931359,1.0,1.147624,1.762586,3.559189,2.0,118.0,1073.5544059687368,1.3337216819362814,0.011896051743449591
48980.0,-0.129859,0.991429,-0.014339,-0.823338,-0.099762,0.558715,0.552496,0.08436,0.829236,131.095095,472.356464,-549.245239,3.593638,3.592914,3.596804,89.98883,89.941779,90.010345,83.953447,0.045998,0.044428,96.130603,0.993243,-481.895188,108.621118,-54.50146,108.621118,-527.095519,227.80287,-54.50146,227.80287,767.984754,-540.43665,-19.40627,-41.161607,-19.40627,-158.995913,94.425005,-41.161607,94.425005,923.007022,425.501148,1.0,3.167251,0.593058,1.419278,2.0,146.0,1318.0241296106149,3.097580666481809,0.01033222479630134
48885.0,0.222342,-0.044052,-0.973973,0.67184,0.730859,0.120314,0.706537,-0.681105,0.192097,-320.316772,133.841548,-494.816032,3.597121,3.594175,3.592807,90.021253,89.941685,90.010863,173.44357,0.08221,0.08531,77.692132,0.915493,-712.205686,-32.264537,-233.002878,-32.264537,163.657869,472.635941,-233.002878,472.635941,515.426652,-406.091945,-7.703428,-98.40357,-7.703428,-94.43805,237.388673,-98.40357,237.388673,1082.645345,766.470811,1.0,4.589483,1.377498,2.337869,2.0,130.0,1378.066792445224,1.7979377331372688,0.011783599914596243
48707.0,0.088073,0.929149,0.359062,-0.990749,0.044348,0.128257,0.103246,-0.367037,0.924459,248.120007,69.935034,-259.420479,3.59403,3.592025,3.598128,90.057607,90.017313,90.027105,116.561063,0.049578,0.055124,81.419476,0.884058,-916.006427,230.589684,170.62417,230.589684,-126.43476,196.545165,170.62417,196.545165,1031.634006,-648.877294,25.416321,168.602477,25.416321,-274.106806,-12.070963,168.602477,-12.070963,1284.90241,448.106013,1.0,1.91387,0.391182,2.867383,2.0,122.0,1782.4553763009337,3.977753756008924,0.010858065458441417
48804.0,0.031848,0.440315,0.897278,-0.745943,0.60799,-0.271879,-0.665248,-0.660659,0.347813,168.677953,127.751582,-464.101951,3.595264,3.596103,3.595301,89.996836,89.9978,89.941904,109.698158,0.078532,0.067473,78.76283,0.857143,236.464127,-98.024182,-247.223779,-98.024182,-228.795711,-40.880382,-247.223779,-40.880382,672.73173,-195.267907,35.857323,130.347395,35.857323,-261.263452,-56.800026,130.347395,-56.800026,989.39721,519.544682,1.0,1.276586,1.215559,3.930452,2.0,120.0,1225.600382219908,2.358989370273081,0.010882582558295582
48537.0,-0.046438,0.363992,-0.930244,0.872393,0.468407,0.139731,0.486594,-0.80505,-0.339296,359.851541,-12.041673,-562.947811,3.593426,3.597221,3.59441,89.965804,90.056433,89.995429,100.387743,0.060091,0.054643,114.074694,1.0,-234.851744,444.05212,187.585238,444.05212,-177.165689,-399.146309,187.585238,-399.146309,644.163968,-32.444057,4.919084,42.433591,4.919084,-269.854841,-127.045042,42.433591,-127.045042,923.309959,341.643366,1.0,4.563295,1.916964,2.597924,2.0,144.0,1100.095389957768,3.2200109805667,0.008766186127135261
48825.0,-0.008796,0.999065,0.042336,-0.93112,-0.02362,0.363948,0.364608,-0.036218,0.930456,126.235129,202.114128,-559.115722,3.596555,3.591324,3.598549,89.984083,89.932514,89.976727,141.323935,0.085499,0.088344,84.816658,0.911765,-938.786011,-120.743863,281.586795,-120.743863,184.099672,-245.238488,281.586795,-245.238488,1368.157653,-646.811871,-65.727105,127.299637,-65.727105,-145.02269,4.116144,127.299637,4.116144,1220.834135,645.244415,1.0,3.02579,0.37514,1.669807,2.0,124.0,1678.7304937251909,2.6016970541700712,0.010749834071509867
49029.0,-0.052352,-0.036866,0.997948,-0.44349,0.896225,0.009843,-0.894749,-0.442065,-0.063269,-117.956207,-407.082322,-264.597356,3.597524,3.59715,3.59304,90.005572,89.981818,89.917124,129.477861,0.066286,0.064466,95.454626,0.972222,-478.090957,-144.820924,-2.268784,-144.820924,112.880657,-390.846795,-2.268784,-390.846795,1336.152062,-596.74029,-54.958537,-46.032698,-54.958537,26.595965,220.651232,-46.032698,220.651232,1064.480894,487.533148,1.0,1.580659,1.634108,4.2535,2.0,140.0,1467.3357930615794,3.009714927243428,0.010185174262795813
49415.0,0.455937,-0.039562,-0.889132,0.355204,0.92409,0.141027,0.816059,-0.380122,0.43538,1.710108,-58.708024,-514.941881,3.597122,3.594617,3.594646,90.02129,89.985799,90.035891,45.466678,0.051299,0.042556,144.665691,1.0,14.737151,106.652183,195.474343,106.652183,-187.932826,-22.911769,195.474343,-22.911769,775.22447,-53.664998,24.400593,204.08634,24.400593,-211.708018,-5.578678,204.08634,-5.578678,1089.226441,184.45916,1.0,4.555087,1.120337,2.006714,2.0,146.0,1242.3818900133317,6.735268066998309,0.006912489015795735
49127.0,0.349108,-0.025287,-0.936741,0.50181,0.849271,0.164091,0.791397,-0.527352,0.309177,459.852971,496.038341,-379.057425,3.595681,3.594331,3.596171,90.049358,89.966335,90.063759,106.6601,0.064185,0.056463,83.044959,0.992958,178.295336,52.233993,-326.655759,52.233993,-551.702373,-43.713363,-326.655759,-43.713363,918.39712,-153.514148,68.757484,-34.309835,68.757484,-27.023415,257.419942,-34.309835,257.419942,865.666843,440.740432,1.0,4.538976,1.256469,2.158583,2.0,140.0,989.9192818263662,2.2460369186786253,0.011956872662192536
49325.0,0.415355,-0.909478,-0.018147,0.404006,0.166561,0.899465,-0.815021,-0.380928,0.436617,-54.262914,-81.185829,-515.468579,3.597824,3.593343,3.594928,90.025908,90.064524,89.957731,119.157205,0.069378,0.065392,94.927989,0.909722,-451.368959,70.959038,-232.465416,70.959038,-256.349815,30.830292,-232.465416,30.830292,1228.155726,-274.803747,56.252309,-115.990646,56.252309,-274.215072,-77.897745,-115.990646,-77.897745,1218.006908,634.199563,1.0,3.161765,1.118962,4.275172,2.0,131.0,1498.2055520138126,2.362356645165037,0.009583285283753351
48781.0,0.029271,0.328917,0.943905,-0.994379,0.105713,-0.006002,-0.101757,-0.938423,0.330162,-252.785629,75.980161,-515.387986,3.59523,3.599092,3.593384,90.08369,89.951871,90.012318,109.719303,0.066791,0.062815,117.584863,1.0,-638.021486,-390.995134,47.215599,-390.995134,176.372678,-371.372143,47.215599,-371.372143,1429.909936,-15.26494,-2.15459,-112.592968,-2.15459,-239.242833,51.893764,-112.592968,51.893764,1324.056249,313.716733,1.0,1.564438,1.234321,3.249605,2.0,142.0,1468.1473931121395,4.679850446842884,0.008504496025138883
48578.0,0.004885,-0.905727,0.423834,0.774779,0.271388,0.571022,-0.632213,0.325589,0.703064,444.294982,220.349445,-368.655936,3.595395,3.595226,3.597071,89.993191,90.06611,90.033704,81.900984,0.057735,0.051827,97.188758,0.978261,181.9849,115.356322,106.871449,115.356322,-285.60437,76.038528,106.871449,76.038528,1068.53893,-182.409732,107.392044,46.326331,107.392044,-206.132952,71.807219,46.326331,71.807219,1011.391979,400.439375,1.0,2.503077,0.7911,5.187963,2.0,135.0,1211.6817773447472,3.0258807025276853,0.01006557774922898
48986.0,-0.043992,0.98373,0.174184,-0.50137,-0.172546,0.847854,0.864114,-0.050032,0.500803,326.198844,-337.16054,-241.230849,3.5972,3.589331,3.595674,90.029844,89.957185,89.978638,148.444091,0.064264,0.066908,77.28296,0.93662,-1558.086907,-37.456305,152.073176,-37.456305,104.495251,-8.618875,152.073176,-8.618875,892.67739,-392.55039,-195.81666,151.688508,-195.81666,-202.35374,-99.043245,151.688508,-99.043245,1007.603056,673.626468,1.0,2.938971,1.04627,1.628631,2.0,133.0,1335.5419470130676,1.9826150106279188,0.01211935981748111
49705.0,-0.504017,0.863686,0.003635,-0.42836,-0.253627,0.867284,0.749983,0.435569,0.497801,554.887384,-357.693865,-456.391852,3.595644,3.602031,3.597349,90.114398,89.98787,89.931013,198.565535,0.093369,0.078455,138.873075,1.0,1044.072768,-1328.109782,468.761198,-1328.109782,1214.496255,-423.408556,468.761198,-423.408556,744.149059,-293.617113,65.938909,-54.763108,65.938909,-214.838143,-35.021767,-54.763108,-35.021767,892.729159,130.408571,1.0,3.137401,1.049735,1.044635,2.0,144.0,1151.7788686385761,8.832079515989605,0.007200819885352146
48815.0,-0.0006,0.17387,0.984768,-0.984217,0.174167,-0.03135,-0.176965,-0.969245,0.171022,551.09314,-365.758974,-545.076173,3.593135,3.599941,3.59913,89.977558,89.914262,89.931547,163.220583,0.080293,0.077358,83.592901,0.970588,1294.225294,-788.620539,-367.967968,-788.620539,-549.757126,112.149133,-367.967968,112.149133,1475.223344,-964.822906,-56.656396,0.161567,-56.656396,-416.640413,-32.495623,0.161567,-32.495623,1428.737232,518.556991,1.0,1.538972,1.39893,3.322184,2.0,132.0,2172.7231462796476,4.189940901364972,0.01161089025968844
49487.0,0.411936,0.050993,-0.909785,0.264757,0.948661,0.173049,0.871902,-0.312157,0.377287,553.448681,-347.985279,-456.045011,3.598972,3.593072,3.598326,89.984282,90.003102,90.001894,119.269818,0.057528,0.054198,102.229552,1.0,1031.261505,-170.332383,148.021284,-170.332383,-270.951041,496.858441,148.021284,496.858441,950.660778,-154.049604,-35.231651,17.692416,-35.231651,-208.107659,122.016639,17.692416,122.016639,1119.545898,653.715743,1.0,4.524425,1.183931,1.914597,2.0,142.0,1306.1958639410107,1.9981098480918957,0.009781907290369422
48646.0,0.056779,-0.949106,0.309798,0.810828,0.224885,0.540356,-0.582524,0.220512,0.78233,-172.305059,351.958356,-271.218219,3.595991,3.590745,3.597699,89.994465,90.044102,89.986846,166.360865,0.075525,0.080957,66.952731,0.859155,-975.274699,174.158082,505.363511,174.158082,128.943943,25.313266,505.363511,25.313266,905.721007,-258.45487,195.86991,203.545213,195.86991,293.780041,-35.848866,203.545213,-35.848866,917.653073,793.752947,1.0,2.62102,0.672398,5.074265,2.0,122.0,1048.5781028206497,1.3210383744510996,0.012832262211977582
48851.0,-0.051135,0.968666,0.243046,-0.991111,-0.07915,0.106934,0.12282,-0.235418,0.964103,583.089396,-230.374122,-513.6509599999999,3.594816,3.593646,3.598814,90.144147,89.985464,89.893866,158.499308,0.075149,0.070119,83.89806,0.828571,-908.642254,-969.071468,-647.991021,-969.071468,169.953673,323.972655,-647.991021,323.972655,1583.861952,-424.053859,121.740454,125.025131,121.740454,-164.733278,-30.511233,125.025131,-30.511233,1384.822723,506.075953,1.0,1.985281,0.268754,2.660727,2.0,116.0,1701.0996279119872,3.3613524172170797,0.009875925617350388
48915.0,-0.084398,0.383366,0.919732,-0.863175,0.432999,-0.259692,-0.4978,-0.815808,0.294368,451.652322,-115.460826,-311.20094,3.595352,3.597486,3.596611,90.042857,89.950996,89.952564,109.461114,0.050994,0.055785,114.271316,1.0,196.648164,-579.461246,-109.172308,-579.461246,270.715387,-214.671572,-109.172308,-214.671572,986.292149,-131.305384,24.39513,-101.304378,24.39513,-66.78436,-150.698408,-101.304378,-150.698408,1054.062006,268.175204,1.0,1.295604,1.272002,3.689474,2.0,148.0,1165.3126087672686,4.345340625777126,0.008751102507649426
49236.0,0.472266,-0.107939,-0.874822,0.586548,0.779325,0.220487,0.657971,-0.617254,0.43136,592.786433,-204.566088,-235.761445,3.595838,3.596313,3.596225,90.02105,89.957373,90.111674,147.521471,0.077702,0.068534,74.326068,0.892857,146.194043,-352.02175,91.798721,-352.02175,-467.73885,-89.692499,91.798721,-89.692499,1475.781901,117.395339,-76.79502,-18.043187,-76.79502,-64.706354,195.260552,-18.043187,195.260552,834.857542,630.69508,1.0,4.465494,1.124797,2.324276,2.0,125.0,843.6980545804498,1.337727344536206,0.012012703268522155
49081.0,-0.22976,0.967269,0.107709,-0.827648,-0.252415,0.501284,0.512064,0.02603,0.858553,345.227069,-132.964122,-262.016906,3.595331,3.593249,3.599443,89.965098,89.93928,89.999579,96.642063,0.070459,0.062181,86.574767,0.992857,-328.632635,231.645222,271.28583,231.645222,-100.911632,193.347939,271.28583,193.347939,1486.720906,-386.232943,78.215207,131.238015,78.215207,-109.225397,244.958094,131.238015,244.958094,1295.509622,398.845226,1.0,2.929944,0.538356,1.520007,2.0,139.0,1581.6589334593616,3.9655957508172897,0.011468202969578884
48948.0,-0.133052,0.315232,0.939641,-0.928706,0.291441,-0.229277,-0.346125,-0.903156,0.253981,-294.732723,-254.906147,-396.115953,3.593237,3.59731,3.592215,90.073624,89.950479,89.917403,89.447876,0.060338,0.051306,120.740845,1.0,-1106.090345,-567.328942,-43.216542,-567.328942,-458.477735,1.843096,-43.216542,1.843096,1156.710584,-348.22887,16.331429,-175.262495,16.331429,113.571977,-50.976103,-175.262495,-50.976103,1041.370516,272.115232,1.0,1.331469,1.314003,3.507568,2.0,140.0,1236.0076731229944,4.5422215582661485,0.00828220143730152
48960.0,-0.151971,0.118723,0.981229,-0.971973,0.162214,-0.170164,-0.179372,-0.979587,0.090743,-303.066741,377.817618,-348.112686,3.591988,3.600061,3.59245,90.014927,90.049112,89.98561,90.949571,0.049085,0.046853,148.929527,1.0,-517.446151,383.426941,-28.479631,383.426941,-877.080465,-242.138556,-28.479631,-242.138556,1471.61802,-277.429372,27.124525,-78.981515,27.124525,-244.66798,-97.130027,-78.981515,-97.130027,1562.368003,551.652928,1.0,1.399084,1.479928,3.322696,2.0,144.0,1827.0083232280624,3.3118800435843285,0.006714585214522302
48774.0,0.039634,0.973697,0.224372,-0.865808,-0.078629,0.49416,0.498805,-0.213848,0.839918,225.466667,313.085624,-326.598372,3.593397,3.594675,3.597144,89.988872,89.927256,90.038322,183.098276,0.084168,0.083136,90.053218,0.80137,43.905898,305.511648,129.686683,305.511648,-713.670626,68.490517,129.686683,68.490517,945.918837,-387.800324,-224.680991,-206.817025,-224.680991,-302.088399,244.32767,-206.817025,244.32767,876.452301,659.915565,1.0,2.715378,0.573664,1.975815,2.0,117.0,1269.6585515945653,1.9239712153092878,0.008898849122748728
48909.0,0.212046,0.157922,-0.964416,0.530295,0.810335,0.249287,0.820868,-0.564285,0.088083,400.779053,-218.15461,-566.024909,3.596404,3.595112,3.593722,90.000154,90.001344,90.078229,108.009589,0.067327,0.06121,86.229801,0.979452,-280.55575,-34.908346,96.758193,-34.908346,-410.394464,-105.194474,96.758193,-105.194474,973.21375,-145.602676,16.18352,139.79147,16.18352,-186.533378,180.317085,139.79147,180.317085,976.979083,425.490565,1.0,4.459441,1.482599,2.173033,2.0,143.0,1160.625498110587,2.727734980705358,0.01135862530866794
49166.0,-0.206985,0.197724,0.958156,-0.588802,0.756965,-0.283402,-0.781325,-0.622824,-0.040261,165.784931,454.825583,-426.412347,3.597905,3.591959,3.593427,89.942286,89.954735,89.931161,162.4386,0.088055,0.081834,78.507586,0.884058,-343.226809,63.335778,-360.764664,63.335778,-787.642839,800.682658,-360.764664,800.682658,870.820297,-580.766624,196.344679,-25.157965,196.344679,-182.315396,-42.584163,-25.157965,-42.584163,1175.143829,488.650719,1.0,1.283217,1.611068,4.039396,2.0,122.0,1604.0849101990239,3.282681980867041,0.01126079714131065
49074.0,0.37231,0.453887,-0.80955,0.676246,0.464752,0.571574,0.63567,-0.760258,-0.133908,326.788464,276.987912,-566.903292,3.595605,3.592498,3.593939,89.96426,89.976831,90.067312,134.524543,0.077445,0.070458,77.97568,0.894366,-790.920381,-354.287232,303.436636,-354.287232,-145.345451,369.458307,303.436636,369.458307,329.336385,-116.333231,19.569869,183.958303,19.569869,-395.920492,140.422698,183.958303,140.422698,843.454686,558.731714,1.0,4.097622,1.705107,2.445209,2.0,127.0,1143.749529107791,2.04704601591273,0.011469806996232672
49219.0,-0.343439,0.359721,0.867554,-0.781396,0.403021,-0.47644,-0.521028,-0.841531,0.142671,286.462995,506.343904,-482.937493,3.598807,3.598572,3.594391,89.914023,90.049227,90.040684,204.966805,0.090034,0.081644,83.780687,0.875,1010.773471,1001.951258,-462.418458,1001.951258,456.194557,232.548754,-462.418458,232.548754,631.653235,-348.923918,-144.296864,76.84329,-144.296864,-352.802157,-104.881507,76.84329,-104.881507,1055.586662,524.14744,1.0,1.068586,1.427636,3.695969,2.0,126.0,1416.4769651475392,2.702439918713596,0.010443934411757689
45767.0,0.332713,0.585748,-0.739055,-0.454673,0.786237,0.418455,0.826181,0.196803,0.527914,179.712276,-146.903403,-896.192484,3.595931,3.594626,3.593545,90.025635,89.93233,89.928429,123.247546,0.062595,0.058813,66.066412,0.847826,-9.223075,391.220195,266.561209,391.220195,-828.568766,98.96603,266.561209,98.96603,803.318374,-568.837479,212.505925,220.837115,212.505925,-231.990146,-30.78141,220.837115,-30.78141,814.642218,539.473558,1.0,4.197191,1.014654,1.336947,3.0,117.0,1277.7391058462363,2.36849255519255,0.012832935440780407
46437.0,-0.161532,0.868081,0.469407,-0.950342,-0.265039,0.163108,0.266002,-0.41975,0.867786,-88.585286,59.376886,-701.743295,3.595377,3.594222,3.597181,90.038363,89.951039,90.009338,78.946447,0.064269,0.058924,108.320898,0.993243,-269.362863,-31.784627,104.557159,-31.784627,23.177373,-225.308316,104.557159,-225.308316,957.666552,22.280402,54.012066,4.803223,54.012066,-47.493939,0.361131,4.803223,0.361131,1020.504376,416.76852,1.0,1.905222,0.520066,2.57675,3.0,147.0,1035.9417741199886,2.4856526450701906,0.009169449463020516
45071.0,-0.873418,-0.178175,-0.453206,0.477891,-0.134723,-0.868026,0.093603,-0.974733,0.202817,332.850117,408.512434,-758.645597,3.594708,3.600247,3.595274,89.98418,89.918174,89.975204,90.832066,0.058058,0.056483,101.384257,0.992958,726.459161,522.929575,332.978314,522.929575,-450.468687,195.560842,332.978314,195.560842,1394.59849,-233.861999,-34.696114,224.959622,-34.696114,-455.139793,90.539215,224.959622,90.539215,1464.371929,311.454872,1.0,5.802006,1.366562,3.045856,3.0,141.0,1831.3246010999894,5.879903529330533,0.009794005789281466
45168.0,0.233402,0.467232,-0.85277,-0.022929,0.879394,0.475543,0.97211,-0.09144,0.215966,-220.920396,-32.570226,-924.441506,3.600117,3.594881,3.592758,90.008568,89.96494,89.974194,74.546088,0.068821,0.055534,103.269438,0.993151,-324.132396,355.036271,284.889151,355.036271,-171.928864,229.387334,284.889151,229.387334,1479.368663,-588.402087,71.75522,126.499628,71.75522,-209.751024,-29.845735,126.499628,-29.845735,1327.800774,428.50456,1.0,4.203695,1.353116,1.664584,3.0,144.0,1762.4327173848742,4.1129847425308,0.009617085356850689
45708.0,-0.26444,0.524102,-0.809561,0.656286,0.712888,0.247143,0.706654,-0.465949,-0.532477,512.086634,67.318507,-827.822244,3.594858,3.596919,3.589228,89.964099,90.112225,90.018146,164.310102,0.106671,0.091499,79.131506,0.866197,-1477.914249,947.390243,-439.459364,947.390243,-127.19261,-0.342588,-439.459364,-0.342588,708.726896,-892.267146,34.945103,-70.379687,34.945103,-281.79973,52.723958,-70.379687,52.723958,963.923793,603.655047,1.0,4.416095,2.13232,2.153733,3.0,123.0,1640.6361233144567,2.7178371678791855,0.010946297420397887
47287.0,0.915499,-0.317545,-0.247036,0.330583,0.243791,0.911746,-0.229295,-0.916369,0.328165,484.129967,495.526618,-678.334394,3.594751,3.598689,3.593359,90.011755,90.02599,89.958819,58.383598,0.059992,0.052094,151.101365,1.0,-32.949393,-90.1192,-18.592691,-90.1192,-378.238649,-389.077321,-18.592691,-389.077321,1128.0395,-100.583221,-84.507893,211.655421,-84.507893,-156.898186,-199.092198,211.655421,-199.092198,1106.615084,375.761495,1.0,3.406188,1.236436,3.38678,3.0,144.0,1263.7901058181308,3.3632772985910404,0.006618073900258942
46103.0,0.168654,0.68681,0.706999,-0.717821,-0.405972,0.565615,0.675492,-0.602892,0.424538,407.934024,-149.840053,-666.375465,3.597186,3.595874,3.592591,90.015857,89.991164,90.044658,152.288186,0.059479,0.06742,84.606047,0.907143,-337.032919,-236.242333,-312.788595,-236.242333,-15.107367,-380.972629,-312.788595,-380.972629,750.0321,-354.571468,58.849252,30.054921,58.849252,-196.716159,-84.809455,30.054921,-84.809455,915.079755,877.706593,1.0,2.245551,1.132345,2.299465,3.0,127.0,1202.1566964468452,1.3696566780225214,0.01072196411682016
45144.0,0.398551,-0.795515,0.456412,-0.103487,0.455459,0.884221,-0.911289,-0.39964,0.099199,452.28554,537.672319,-896.3296780000001,3.598465,3.594253,3.592358,90.028452,90.032584,90.007247,113.416091,0.060581,0.057415,92.535855,0.978571,57.737204,-241.671354,-313.28935,-241.671354,-677.039161,396.753602,-313.28935,396.753602,857.241879,-224.953614,64.747251,-343.959724,64.747251,-442.590983,-152.207569,-343.959724,-152.207569,1162.538872,627.831819,1.0,2.665089,1.471434,4.299103,3.0,137.0,1543.93081742102,2.459147132555606,0.010575046829145307
45080.0,0.941398,-0.045414,0.334227,-0.309395,0.278365,0.909279,-0.134331,-0.959401,0.248001,257.788683,461.815324,-727.024443,3.594831,3.599061,3.596154,90.022247,89.940149,89.915866,146.146949,0.0924,0.091946,77.580057,0.830986,339.190685,683.259335,-413.844056,683.259335,-98.141279,11.481139,-413.844056,11.481139,1378.049784,-87.504893,32.342915,-148.693507,32.342915,-78.336845,38.939591,-148.693507,38.939591,1368.551914,679.029984,1.0,2.789348,1.32018,3.280704,3.0,118.0,1457.8547135463432,2.146966625771776,0.010711335259782035
46977.0,0.681067,-0.223854,-0.697164,0.491801,0.84524,0.209046,0.542475,-0.485241,0.685757,38.242397,-361.104476,-900.453166,3.596661,3.594009,3.596729,90.045029,89.943601,90.018286,90.894506,0.06353,0.059916,134.873981,1.0,-35.328796,213.748644,-46.222219,213.748644,-162.183164,304.321064,-46.222219,304.321064,1081.045174,-78.631361,9.489983,61.004837,9.489983,-123.157769,70.811089,61.004837,70.811089,929.79136,230.177342,1.0,4.421067,0.815153,2.300561,3.0,146.0,1034.6109519670763,4.494842728556124,0.007414328490830267
45084.0,0.311211,0.040823,-0.949464,-0.036214,0.998861,0.031077,0.949651,0.024712,0.312334,239.649162,-58.634468,-870.2138,3.599759,3.593797,3.593758,89.986471,89.970397,89.988736,28.179099,0.046222,0.037792,130.138809,1.0,-271.117823,-88.32537,288.546484,-88.32537,-260.487758,77.713458,288.546484,77.713458,1392.047712,-335.571927,15.888869,301.87657,15.888869,-297.370247,46.589625,301.87657,46.589625,1388.485697,152.127751,1.0,4.67967,1.253147,1.54478,3.0,142.0,1725.7278308576842,11.343938364392729,0.007684102902770533
47252.0,-0.508835,0.822009,0.255709,-0.376747,-0.479717,0.792422,0.774047,0.306875,0.553787,19.039091,491.760651,-760.092049,3.598113,3.59312,3.593877,89.917244,89.937245,90.036787,107.242057,0.070494,0.0545,111.952055,1.0,352.220707,438.120684,-332.543941,438.120684,-1114.092905,50.2173,-332.543941,50.2173,1007.872499,80.524052,22.926587,-70.400325,22.926587,-114.094464,-76.389415,-70.400325,-76.389415,932.075808,376.90486,1.0,2.829448,0.983891,1.19335,3.0,142.0,968.1076291525403,2.5685729527407535,0.00893239521150371
45087.0,0.712433,-0.165878,0.681853,-0.219156,0.870467,0.440747,-0.666641,-0.463435,0.583796,472.267554,175.167303,-643.2736130000001,3.596555,3.593635,3.589361,90.040614,90.096147,89.949799,162.603839,0.083413,0.076473,74.191074,0.881944,-1287.65874,-519.04952,-775.749361,-519.04952,-776.369883,-150.576858,-775.749361,-150.576858,763.136791,-317.021949,58.494968,-326.929162,58.494968,-146.282187,70.138523,-326.929162,70.138523,1178.538059,535.115277,1.0,2.144633,0.9474,4.104906,3.0,127.0,1448.0739128325295,2.7060971253723514,0.011887467756565972
46733.0,-0.455084,0.593862,0.663495,-0.872719,-0.445413,-0.199921,0.176804,-0.670026,0.720976,133.721954,277.30826,-681.459204,3.594082,3.595022,3.597227,90.070034,89.976014,90.001614,127.454037,0.059135,0.064077,101.952514,0.993056,-306.472785,-29.722747,275.026292,-29.722747,-143.042281,-79.909981,275.026292,-79.909981,1036.022101,-95.631392,76.431857,15.829083,76.431857,-181.704952,-66.792234,15.829083,-66.792234,1034.213026,704.151177,1.0,1.278133,0.765587,2.883598,3.0,143.0,1178.6101948002445,1.6738027760198497,0.009740377760571947
46895.0,-0.492282,0.862091,-0.120242,-0.673972,-0.290097,0.679415,0.550836,0.415503,0.723835,-293.331321,184.330314,-673.739184,3.593525,3.594216,3.596825,89.993233,89.956398,89.93418,139.254927,0.073564,0.071447,80.892595,0.873239,-636.727684,-434.697682,17.549135,-434.697682,-45.666969,137.147467,17.549135,137.147467,777.459772,-480.198219,-141.878926,-142.011168,-141.878926,-244.473507,274.037665,-142.011168,274.037665,942.102308,704.196498,1.0,3.316758,0.761452,0.92454,3.0,124.0,1352.693102420558,1.920902910284791,0.010795042488128858
45863.0,0.337137,0.719645,-0.607001,-0.663218,0.639149,0.389398,0.668192,0.271293,0.692762,220.942,-136.608202,-731.705076,3.594749,3.593868,3.595677,89.952415,89.926528,89.999142,90.895355,0.057494,0.0533,100.50618,1.0,-651.348236,122.02228,-124.322229,122.02228,-189.363439,129.024331,-124.322229,129.024331,860.124206,-238.570609,60.774807,79.110854,60.774807,-365.741825,55.562543,79.110854,55.562543,1152.802187,434.058988,1.0,4.142005,0.805485,1.185119,3.0,142.0,1462.4680582606784,3.369284126563642,0.009949636927798867
46151.0,0.072558,0.341132,-0.937211,0.486917,0.807977,0.331789,0.870429,-0.480418,-0.107478,47.424587,311.51519,-824.554549,3.598481,3.595731,3.593503,89.972831,89.99658,90.016421,64.51635,0.049243,0.043797,132.011639,1.0,-427.496946,21.832644,21.777686,21.832644,412.70653,227.691939,21.777686,227.691939,986.987705,-186.877226,28.099109,-36.561769,28.099109,-177.321543,156.117605,-36.561769,156.117605,1054.516981,233.315412,1.0,4.37214,1.678483,2.075122,3.0,140.0,1244.6536830914379,5.3346398012122656,0.00757508964796657
45327.0,0.725342,-0.178751,0.664776,-0.449842,0.607908,0.654286,-0.521077,-0.773625,0.360532,444.203498,-305.829107,-771.77979,3.595456,3.596034,3.595467,90.127943,89.928626,89.988999,172.952063,0.087898,0.080206,75.926421,0.838028,1046.129702,-176.230781,570.830772,-176.230781,-1049.67214,-63.744973,570.830772,-63.744973,761.616128,-476.365698,150.599823,39.615665,150.599823,-546.163965,14.178314,39.615665,14.178314,1125.240074,982.559186,1.0,2.348242,1.201958,3.734347,3.0,119.0,1643.21033450511,1.6723779675752888,0.011037369982183144
46891.0,0.159374,-0.983956,0.080187,0.030706,0.086127,0.995811,-0.986741,-0.156244,0.04394,306.108011,-44.078412,-749.033116,3.600476,3.593017,3.593732,89.952356,90.003212,89.998789,58.755291,0.062774,0.04984,131.187333,1.0,-495.308246,-382.946369,-336.801606,-382.946369,-210.398983,-90.650748,-336.801606,-90.650748,1541.484697,-404.830521,-37.085248,-213.109107,-37.085248,-273.982389,51.933215,-213.109107,51.933215,1511.916492,207.583514,1.0,3.061242,1.526842,4.555349,3.0,142.0,1864.7663335573786,8.983210167438338,0.007622687169042457
46691.0,0.557165,-0.830395,0.003506,0.743803,0.500933,0.442519,-0.369222,-0.243948,0.896752,537.632142,461.790795,-825.94522,3.59745,3.594411,3.599135,90.063472,90.008765,90.036091,116.668706,0.054579,0.05822,95.53951,1.0,465.157216,642.806608,151.063275,642.806608,102.43206,177.361013,151.063275,177.361013,1316.639132,-207.462188,119.963214,112.744625,119.963214,-99.870656,67.41343,112.744625,67.41343,1257.076477,440.658299,1.0,3.133669,0.458421,4.128523,3.0,137.0,1422.1859233906368,3.2274120937198933,0.010466873861923721
46008.0,0.165089,0.392855,-0.90466,-0.328225,0.886847,0.325223,0.930061,0.243242,0.275354,-0.034898,-108.286348,-778.85286,3.59873,3.592963,3.593553,89.964851,89.978885,89.988901,124.96,0.059749,0.060314,104.97166,0.864286,-576.866698,-275.666836,63.594757,-275.666836,-223.221078,-264.66735,63.594757,-264.66735,1085.118235,-633.311523,-259.936663,-41.642546,-259.936663,-140.976469,-445.397377,-41.642546,-445.397377,1392.868166,768.386507,1.0,4.367279,1.291839,1.314993,3.0,121.0,1884.409362718559,2.4524238069664057,0.008233517503676707
47062.0,-0.682926,0.493766,0.538337,-0.654991,-0.74019,-0.152004,0.323417,-0.456414,0.828908,-138.039882,50.372393,-830.343177,3.59509,3.595258,3.59678,90.049596,89.966224,90.041123,73.401809,0.063992,0.054404,106.62406,0.992958,39.691675,10.651947,-155.894952,10.651947,-253.079881,-3.813286,-155.894952,-3.813286,1021.539762,-200.68144,-145.069774,2.999991,-145.069774,-110.755478,-128.245687,2.999991,-128.245687,1132.9778,436.007571,1.0,1.295602,0.593644,2.525114,3.0,141.0,1301.8943711273962,2.9859444140877,0.009312701092042453
47108.0,-0.565941,-0.07538,0.820993,-0.524209,0.801496,-0.287766,-0.63633,-0.59323,-0.493114,565.155468,-233.384447,-934.850707,3.595282,3.596557,3.597262,90.001786,89.978683,89.932585,133.275269,0.061375,0.062728,100.373392,1.0,403.071643,-455.856297,-19.948651,-455.856297,-7.038232,-122.251311,-19.948651,-122.251311,961.112399,-424.487905,-277.91701,-13.565681,-277.91701,49.762622,-55.952091,-13.565681,-55.952091,929.431086,1231.998947,1.0,1.233667,2.086462,3.96203,3.0,144.0,1215.0423029795638,0.9862364784793634,0.009962799702933223
47141.0,0.558001,0.105455,-0.823112,0.25318,0.922967,0.289883,0.790275,-0.370151,0.488318,121.077877,46.60419,-791.366947,3.597953,3.593846,3.593667,90.052729,89.954211,90.021826,149.886447,0.055921,0.067837,72.362078,0.898649,-236.666733,386.886224,232.056305,386.886224,-456.311954,83.737094,232.056305,83.737094,1039.011833,-502.987267,-6.563685,200.910505,-6.563685,-541.71534,-96.552794,200.910505,-96.552794,1212.466431,533.893485,1.0,4.373774,1.060636,2.008832,3.0,133.0,1745.8566338395137,3.270046709484596,0.012418783772351038
45982.0,0.300305,0.745995,0.594398,-0.854042,0.487801,-0.180727,-0.424769,-0.453367,0.7836,-18.586325,83.111303,-964.522426,3.594764,3.594454,3.598008,90.053627,90.085845,89.988999,97.842002,0.064895,0.057854,88.250618,0.993243,-362.605609,173.390045,272.138161,173.390045,-213.577512,134.700569,272.138161,134.700569,1410.684892,-227.436198,175.148863,21.134411,175.148863,-208.995179,-87.072712,21.134411,-87.072712,1340.36501,457.91671,1.0,1.275627,0.670357,3.894436,3.0,147.0,1567.9470433207318,3.4240878506502455,0.011254799371489953
47081.0,-0.566236,0.811522,0.144251,-0.551476,-0.503072,0.665427,0.612578,0.297238,0.732392,-6.145626,48.131765,-757.818953,3.595691,3.593719,3.595995,89.972145,89.952815,89.966678,119.184242,0.059947,0.065978,72.755704,0.891304,-372.664745,110.273367,-7.204628,110.273367,-140.731855,-53.756872,-7.204628,-53.756872,842.44594,-422.092478,181.343974,30.698389,181.343974,-220.451256,-28.405813,30.698389,-28.405813,912.940083,443.449,1.0,2.928116,0.748968,1.119039,3.0,123.0,1256.8809462252846,2.8343303203418757,0.012250640856969785
46188.0,0.09804,-0.37036,-0.9237,0.957666,0.287557,-0.013652,0.270672,-0.883258,0.382874,546.906453,473.71898,-805.868674,3.593018,3.597655,3.59226,90.06281,89.945188,90.028008,106.129362,0.057002,0.055503,97.449242,1.0,-926.294276,-341.067729,70.544545,-341.067729,-515.376047,-32.773382,70.544545,-32.773382,1082.616376,-360.135772,-48.778237,1.596888,-48.778237,-561.544719,-113.262971,1.596888,-113.262971,1300.874652,593.544759,1.0,4.727167,1.177891,2.844231,3.0,136.0,1773.54766733631,2.9880605303033434,0.010261752472122873
46634.0,0.347647,0.400959,-0.847569,0.437865,0.729904,0.524895,0.829105,-0.553599,0.078183,223.977566,272.334115,-934.5103340000001,3.596617,3.59684,3.593357,90.000578,89.956072,90.071279,98.494878,0.062231,0.056232,91.190579,1.0,-515.579016,83.950522,-302.730806,83.950522,79.75308,-107.209557,-302.730806,-107.209557,1156.321078,-296.526374,19.136259,165.142595,19.136259,-135.021146,77.190374,165.142595,77.190374,1102.46817,463.139531,1.0,4.157903,1.492533,2.159518,3.0,142.0,1335.1113100454231,2.882740989875518,0.010966045077967978
46673.0,0.567427,-0.81873,-0.08779,0.789295,0.510432,0.341281,-0.234606,-0.262944,0.935853,-155.907271,148.491629,-977.740631,3.593113,3.591946,3.596883,89.996696,90.017244,90.014785,137.443821,0.070084,0.070316,74.199268,0.922535,-523.252828,122.264153,-265.994386,122.264153,-589.944595,332.842535,-265.994386,332.842535,479.371832,-578.43591,138.473304,-97.530338,138.473304,-374.566906,-57.688539,-97.530338,-57.688539,1001.186721,537.935296,1.0,3.393372,0.360125,3.870096,3.0,131.0,1496.2437560082763,2.7814567423519208,0.012433208909823745
46201.0,0.085389,0.542054,0.835994,-0.749887,0.587431,-0.304293,-0.656033,-0.600917,0.456639,27.783101,-359.484964,-837.522777,3.59717,3.595758,3.593554,89.959346,90.06396,89.928203,103.530955,0.057445,0.056922,178.411209,1.0,157.425506,387.708695,-317.111244,387.708695,-488.050285,558.57592,-317.111244,558.57592,958.236835,-280.245614,33.327068,-4.564964,33.327068,-112.799948,73.998089,-4.564964,73.998089,1151.777033,205.298325,1.0,1.221713,1.096582,3.970811,3.0,142.0,1357.9014558793137,6.614284144204848,0.005605028997925797
45112.0,0.62193,0.5572,-0.55021,-0.201836,0.792953,0.574881,0.756614,-0.246484,0.605625,-242.476921,194.039381,-986.321826,3.597492,3.59387,3.594715,90.00357,90.005918,90.008025,134.120858,0.066095,0.068489,68.622141,0.880282,224.787771,-248.085319,364.204796,-248.085319,-117.141736,-144.245069,364.204796,-144.245069,409.059735,-261.651119,157.123426,154.401086,157.123426,-113.8496,-11.081083,154.401086,-11.081083,852.539279,697.66625,1.0,3.905066,0.920246,1.885726,3.0,125.0,1065.3986067673443,1.5270892160360978,0.012827958836201279
46578.0,0.488272,-0.27716,-0.82751,0.852538,-0.051115,0.520159,-0.186465,-0.959463,0.211332,109.351097,-359.697462,-987.597804,3.594033,3.599697,3.595722,90.074089,89.973841,89.991276,128.493865,0.06945,0.061864,88.552993,1.0,-256.210587,-237.033519,-112.562716,-237.033519,164.557071,416.222115,-112.562716,416.222115,1545.874572,-113.615177,-62.506803,288.659336,-62.506803,-553.03885,-71.467368,288.659336,-71.467368,1278.160625,644.512139,1.0,4.151217,1.357859,3.333543,3.0,144.0,1676.5937061078575,2.6013376702403077,0.011292673077690328
46048.0,0.073245,-0.847966,0.524966,0.147533,0.529801,0.835192,-0.986341,0.016276,0.163909,295.002706,373.928703,-657.0835059999999,3.599937,3.593425,3.593198,89.982315,90.016544,90.015143,92.291416,0.049152,0.049177,99.01337,1.0,-505.555294,-83.043877,-194.101028,-83.043877,-290.192917,-72.317012,-194.101028,-72.317012,1446.595492,-332.366078,-1.910377,-68.19304,-1.910377,-244.307419,-98.430077,-68.19304,-98.430077,1479.620472,441.175222,1.0,2.580439,1.406145,4.728889,3.0,142.0,1772.6379478940298,4.01799072000927,0.010099646138698239
46787.0,-0.494873,0.200971,0.845406,-0.834556,0.161143,-0.526829,-0.242109,-0.966252,0.087977,-13.0918,52.165782,-967.783194,3.594824,3.598569,3.592487,90.009723,90.013549,89.990903,122.463363,0.064414,0.06646,87.724573,0.993151,-344.993923,353.712246,-119.327285,353.712246,-240.958266,-122.003945,-119.327285,-122.003945,1047.52683,-563.156976,275.391704,22.613468,275.391704,-177.500361,-166.915626,22.613468,-166.915626,1289.346657,759.21905,1.0,1.013516,1.482706,3.387103,3.0,144.0,1715.8758824346712,2.260053778200996,0.011321240628894254
46527.0,-0.191936,0.595331,0.780219,-0.766123,0.405973,-0.498239,-0.613364,-0.693374,0.378176,-76.017409,-382.418373,-931.2992,3.596911,3.596622,3.59202,89.990514,90.02219,89.93817,146.427359,0.072934,0.070314,77.281373,0.943662,-241.248436,319.953005,-412.942103,319.953005,-264.737351,469.339648,-412.942103,469.339648,876.117385,-499.637792,126.731863,-181.787693,126.731863,-283.192741,74.976549,-181.787693,74.976549,873.268726,693.240243,1.0,1.002485,1.182971,3.865839,3.0,134.0,1294.4531107602088,1.8672503851744926,0.01221073026225867
45578.0,-0.495394,-0.751841,-0.435109,0.799537,-0.590464,0.10997,-0.339596,-0.293407,0.893637,422.595896,390.54442,-650.9956520000001,3.594792,3.585426,3.598461,90.086917,90.035667,89.922283,203.22457,0.087112,0.087244,75.988173,0.979167,-1390.241633,-1421.250309,-197.004833,-1421.250309,-1479.092219,-161.210288,-197.004833,-161.210288,1325.784331,-289.401331,-155.168822,45.527392,-155.168822,-443.914747,93.424173,45.527392,93.424173,1499.446766,595.65297,1.0,4.464832,0.465412,3.999829,3.0,141.0,1877.8742176115052,3.1526313343346635,0.012885781580773102
46577.0,0.47565,-0.290813,-0.830172,0.823723,0.478366,0.304381,0.308608,-0.82861,0.467084,-277.547111,76.686404,-636.199723,3.595595,3.597315,3.597289,90.067151,90.031905,90.02822,117.181976,0.06066,0.062706,93.133627,1.0,607.901686,252.220407,-262.544171,252.220407,-114.23731,-106.960259,-262.544171,-106.960259,1168.384036,-191.541521,19.399225,112.900018,19.399225,-134.48758,-4.146172,112.900018,-4.146172,1271.744914,459.638959,1.0,4.360961,1.084806,2.785068,3.0,142.0,1439.0382330442062,3.1308012623103303,0.010737260345288603
45515.0,0.406553,0.155584,0.900282,-0.31155,0.94994,-0.023474,-0.858866,-0.270939,0.434673,-127.14435,-182.751326,-908.322131,3.598123,3.59321,3.591506,90.026931,90.075659,89.980113,147.660912,0.066132,0.068575,78.348808,0.972973,-1111.755845,-112.7843,-269.021398,-112.7843,-395.189231,221.134615,-269.021398,221.134615,1121.705146,-218.193012,86.379424,-284.441279,86.379424,-467.147522,209.266061,-284.441279,209.266061,894.021669,704.360515,1.0,1.544728,1.121121,4.406808,3.0,144.0,1294.2222001598375,1.8374428614298994,0.012418478657645945
46995.0,0.648347,0.102276,-0.754444,0.450855,0.746924,0.488708,0.613495,-0.656997,0.438154,-208.089385,-308.451959,-953.1092679999999,3.589708,3.596281,3.595511,90.024926,89.918331,90.096339,102.268711,0.077131,0.05977,155.223657,1.0,-1236.826042,-806.192603,-597.516911,-806.192603,-405.128458,-335.630492,-597.516911,-335.630492,882.853962,-193.508987,1.31156,-41.888832,1.31156,-153.471201,-6.612349,-41.888832,-6.612349,964.530248,149.759535,1.0,4.137582,1.117253,2.390421,3.0,140.0,1139.1411919657173,7.6064685428257865,0.0064423169723414
45125.0,0.918547,0.390747,-0.059902,-0.35682,0.884754,0.299816,0.170151,-0.25402,0.952115,-269.031943,59.774429,-929.705503,3.591147,3.593023,3.599146,90.010056,89.975984,89.966078,157.210226,0.067942,0.072653,75.088869,0.809859,-718.682571,396.208836,-81.110244,396.208836,-669.000544,461.604963,-81.110244,461.604963,1136.113636,-421.64459,211.098265,148.763627,211.098265,-457.945334,104.399303,148.763627,104.399303,1005.70226,805.888458,1.0,3.338793,0.310717,2.551402,3.0,115.0,1465.8256234369253,1.8188939286644124,0.010785340234649159
45127.0,-0.460364,-0.870627,-0.17342,0.342532,-0.354434,0.870085,-0.818985,0.341154,0.461386,-147.802541,268.248446,-856.29166,3.596364,3.594935,3.592393,89.942041,90.11472,89.994526,163.414138,0.072966,0.073981,71.554655,0.80137,148.354472,146.195338,70.399961,146.195338,-1355.662589,247.884154,70.399961,247.884154,1057.844192,-22.014162,-150.868401,379.932923,-150.868401,-616.038032,-209.671727,379.932923,-209.671727,1170.057474,613.06286,1.0,3.338328,1.09124,5.107086,3.0,117.0,1624.9069358417214,2.6504736167539513,0.011199411135446046
45412.0,0.673334,-0.547284,0.497094,-0.491231,0.171325,0.854014,-0.552553,-0.819224,-0.153483,133.36666,-202.50255,-876.710428,3.593765,3.597333,3.592138,90.015766,89.974976,89.965144,123.321636,0.068071,0.067471,67.347562,0.905405,-89.02875,-43.449691,365.893447,-43.449691,-847.016147,26.922076,365.893447,26.922076,661.976406,-315.435755,-180.655301,189.619138,-180.655301,-394.2305,38.797085,189.619138,38.797085,945.532532,563.653179,1.0,2.614463,1.724889,3.734987,3.0,134.0,1322.1875941395008,2.345746716953229,0.013443768016427975
45703.0,0.53769,0.686739,0.489161,-0.727439,0.671177,-0.142667,-0.426289,-0.279124,0.860446,564.925896,-389.867464,-730.881,3.59376,3.591827,3.594706,90.074567,90.10611,90.033273,176.774029,0.101118,0.083041,80.977952,0.887324,-1603.195956,25.192752,-187.23031,25.192752,-293.779395,214.009181,-187.23031,214.009181,801.972575,-92.83525,-189.430432,152.530894,-189.430432,-237.955499,-40.804276,152.530894,-40.804276,1276.08974,952.024287,1.0,1.287011,0.534652,4.132663,3.0,126.0,1462.6295374005226,1.5363363701671222,0.010957599915591839
47275.0,-0.563694,0.785794,0.254514,-0.385268,-0.522695,0.760499,0.730628,0.330633,0.597381,430.379832,121.198221,-950.54669,3.598436,3.594835,3.596492,89.947944,90.008511,89.971899,108.693977,0.049859,0.052541,109.063636,1.0,359.85264,555.140909,15.36384,555.140909,222.929845,-249.321622,15.36384,-249.321622,958.796484,-239.242231,88.662215,134.629849,88.662215,-37.930515,-73.127906,134.629849,-73.127906,925.972875,326.388673,1.0,2.818643,0.930565,1.145839,3.0,142.0,1089.5786360728098,3.33828568883213,0.009168958936964103
45939.0,0.33648,0.585002,0.737939,-0.821622,-0.200521,0.5336,0.460129,-0.785853,0.413179,445.353322,432.87079,-968.148449,3.59519,3.596232,3.594431,90.031404,90.021094,90.018993,138.485698,0.075387,0.071798,81.671474,0.943662,-284.10372,7.297193,-193.797563,7.297193,242.144753,62.27916,-193.797563,62.27916,496.089383,-174.207978,115.855868,91.504109,115.855868,-315.181767,165.047525,91.504109,165.047525,930.345904,595.308791,1.0,2.196855,1.144854,2.611891,3.0,134.0,1196.8304957442353,2.010436455564177,0.011554364746741316
45464.0,0.507081,-0.67253,0.539048,-0.378628,0.388025,0.840284,-0.77428,-0.630191,-0.057879,-224.062137,-145.508536,-941.9037,3.595783,3.595747,3.593763,90.018583,90.003506,89.937814,103.468989,0.080715,0.067042,81.01462,0.927536,-147.159602,44.187309,185.121442,44.187309,-353.988522,104.861257,185.121442,104.861257,799.122538,-448.714921,-18.926174,55.515344,-18.926174,-163.796379,-13.394876,55.515344,-13.394876,1031.205952,492.680842,1.0,2.571211,1.628708,4.029226,3.0,128.0,1361.0298125480351,2.7624979429340897,0.011448995255424269
45523.0,0.412963,-0.49626,0.763668,-0.32933,0.700397,0.633234,-0.849119,-0.513001,0.125805,233.707628,-17.78938,-890.805861,3.595254,3.593612,3.592962,89.954105,90.072394,89.890245,160.813234,0.073586,0.082213,87.703174,0.857143,-1436.707336,366.808738,219.127462,366.808738,-160.686517,-24.189753,219.127462,-24.189753,929.013211,-415.098318,76.142948,285.842617,76.142948,-346.771604,-12.588248,285.842617,-12.588248,1053.936477,485.113019,1.0,2.263091,1.444657,4.168919,3.0,119.0,1458.8022858259967,3.007139014395317,0.00977322667934458
45137.0,0.621031,0.17767,0.763383,-0.220207,0.97429,-0.047612,-0.752216,-0.138534,0.644189,469.525225,-103.793848,-627.035881,3.59656,3.594279,3.595886,90.02101,90.089818,89.988586,77.36684,0.04758,0.049478,104.043284,1.0,-394.842132,-26.388537,37.237707,-26.388537,-138.582844,-11.734613,37.237707,-11.734613,1229.016543,17.715856,30.667768,120.578321,30.667768,-250.048248,64.065839,120.578321,64.065839,1220.415831,382.298854,1.0,1.508507,0.870834,4.530262,3.0,138.0,1361.9518283899258,3.5625318102311807,0.00961138443111811
47198.0,-0.458319,0.814735,0.355177,-0.384398,-0.542017,0.747299,0.801363,0.205972,0.561599,220.004585,97.425237,-778.796662,3.596816,3.594741,3.594901,89.9973,89.940707,89.990092,69.48497,0.056287,0.046654,96.833525,1.0,-92.39583,-130.460512,-128.025053,-130.460512,-170.143008,-8.695647,-128.025053,-8.695647,884.66204,-75.515186,-26.103127,-34.997498,-26.103127,-226.964162,-0.243301,-34.997498,-0.243301,919.700732,413.622251,1.0,2.697915,0.974479,1.319215,3.0,142.0,1079.604390704133,2.610121646246089,0.010327001934505638
45556.0,0.223689,0.384738,-0.895511,-0.12124,0.92264,0.366109,0.967091,0.026677,0.25303,425.649738,186.305644,-736.344334,3.598642,3.59361,3.594474,90.023836,89.959851,89.999197,84.670033,0.067141,0.058407,91.569668,0.986301,-47.586761,93.713304,-48.146225,93.713304,-434.788569,-72.628209,-48.146225,-72.628209,1179.312965,-410.310914,7.617177,191.225457,7.617177,-321.191168,-88.595994,191.225457,-88.595994,1359.312615,376.21372,1.0,4.324297,1.314985,1.543219,3.0,144.0,1736.4208013338189,4.615516949604652,0.010771044839869902
46623.0,0.26059,-0.915706,0.3059,0.291133,0.376631,0.879426,-0.920508,-0.140112,0.364739,-139.543006,69.700189,-853.712619,3.599023,3.594174,3.594558,90.001727,90.016012,90.015147,107.121638,0.062043,0.05515,96.683355,0.972222,-6.566109,119.234436,-386.572872,119.234436,-71.176437,-177.744298,-386.572872,-177.744298,1060.986032,-113.876406,-74.390841,-271.047483,-74.390841,-180.07944,-104.58886,-271.047483,-104.58886,1306.313447,613.62575,1.0,2.806843,1.197444,4.561336,3.0,140.0,1477.4293929239552,2.4077043587625764,0.010055732964583201
45146.0,-0.795046,0.244785,-0.554962,0.542012,0.697406,-0.468879,0.272259,-0.673576,-0.687147,173.201339,363.69073,-976.525889,3.594788,3.594079,3.59604,89.921299,90.002499,90.016966,114.780986,0.064022,0.062922,82.011402,0.977941,-39.538724,-226.804623,208.97286,-226.804623,-556.375043,129.921528,208.97286,129.921528,786.034801,-153.144447,-50.473146,138.668813,-50.473146,-234.208575,-108.430109,138.668813,-108.430109,1114.68084,594.419388,1.0,5.413906,2.32835,2.757471,3.0,133.0,1319.802164182127,2.2203215285806372,0.011924451675634077
45697.0,-0.107714,0.608819,-0.785962,0.376106,0.756761,0.534655,0.920294,-0.238015,-0.310495,400.417376,87.628768,-796.2322,3.598078,3.593948,3.594141,89.987596,90.050833,90.047178,104.798737,0.061056,0.061205,98.221749,0.963235,-298.644266,-2.153208,-36.031979,-2.153208,-368.146796,-67.299242,-36.031979,-67.299242,1207.592356,-333.331544,-27.640334,119.168496,-27.640334,-271.265699,187.071992,119.168496,187.071992,1031.383253,460.242109,1.0,4.115038,1.88651,1.82388,3.0,131.0,1348.728013991903,2.930475042630015,0.009806738424093832
46400.0,-0.086796,0.85385,0.513231,-0.824833,-0.350498,0.443623,0.558675,-0.384825,0.734706,-317.056768,350.746853,-738.689763,3.594656,3.590771,3.596322,90.085222,89.916105,90.017112,136.335669,0.067976,0.06737,89.638549,0.9375,-1384.408881,43.261653,298.586469,43.261653,-456.256725,43.518928,298.586469,43.518928,1151.093151,-552.321575,-119.768376,7.287593,-119.768376,-299.990987,-84.479257,7.287593,-84.479257,1279.877108,707.740174,1.0,2.283576,0.745564,2.173978,3.0,135.0,1724.6604613478728,2.436855395109834,0.010458669963522056
45649.0,-0.069672,0.415715,-0.906823,0.286772,0.879007,0.38093,0.955462,-0.233511,-0.180457,406.871092,-350.63511,-919.621462,3.599433,3.595372,3.588476,89.907354,90.044214,89.94982,114.923648,0.069189,0.068078,133.284149,1.0,-2080.383739,259.355256,233.022523,259.355256,667.864056,460.057785,233.022523,460.057785,1149.501594,-667.309471,92.997765,42.795816,92.997765,-293.684156,183.694057,42.795816,183.694057,1183.072079,736.29697,1.0,4.3147,1.752248,1.810494,3.0,138.0,1704.5017003965497,2.3149649799544196,0.0075027676396838446
45803.0,0.230985,-0.872484,0.430601,-0.277781,0.365012,0.888597,-0.932461,-0.324866,-0.158047,-93.013712,-159.916035,-763.556552,3.598677,3.593313,3.591624,89.99953,89.983598,89.966902,124.165023,0.076202,0.066279,80.759914,0.924658,-495.626956,-171.37007,-138.615824,-171.37007,-779.658402,266.306684,-138.615824,266.306684,1106.45207,-584.393306,175.372886,-92.548664,175.372886,-475.658221,-6.289226,-92.548664,-6.289226,1255.707613,529.381278,1.0,2.690353,1.729509,4.377144,3.0,135.0,1796.4497001072514,3.3934892954549323,0.011449467368179714
45394.0,0.682556,0.014744,0.730684,-0.485326,0.75666,0.438091,-0.54642,-0.653642,0.523619,203.65944,166.291393,-680.23627,3.594259,3.593967,3.59489,90.092357,90.024135,89.941383,188.614988,0.087586,0.092983,65.776262,0.804348,-257.516066,-123.284174,223.390331,-123.284174,-967.568811,47.161725,223.390331,47.161725,916.082346,-293.26666,-251.025888,-43.429919,-251.025888,-587.830137,56.035113,-43.429919,56.035113,852.949867,1089.823142,1.0,2.110894,1.019703,3.83788,3.0,111.0,1337.6260914350653,1.2273790488430143,0.012228545307120066
46786.0,-0.410638,0.393045,0.822735,-0.713986,0.422594,-0.558246,-0.567098,-0.816658,0.107095,528.149741,212.046196,-894.048776,3.593975,3.59664,3.592541,90.039765,89.989556,89.944928,113.471091,0.059446,0.059661,80.011269,0.979167,-809.642601,10.766854,-46.963242,10.766854,-258.520586,-219.198067,-46.963242,-219.198067,771.551416,-414.482591,-124.43836,-100.913582,-124.43836,-404.45116,-93.259102,-100.913582,-93.259102,989.072651,545.486666,1.0,0.974629,1.463496,3.748559,3.0,141.0,1407.7508894764833,2.5807246578534757,0.012237863643932458
45845.0,-0.1943,-0.707622,-0.679351,0.805892,0.279699,-0.521831,0.559273,-0.648875,0.515921,280.99442,489.814179,-830.931172,3.59699,3.59508,3.596824,90.091036,90.027524,90.017212,108.862789,0.071033,0.061005,115.433095,1.0,-530.914636,148.003625,-132.496088,148.003625,937.670241,-249.220982,-132.496088,-249.220982,891.891953,-193.52498,61.763431,-8.340353,61.763431,-134.611554,54.489057,-8.340353,54.489057,931.084578,686.026134,1.0,5.367393,1.028714,2.430224,3.0,146.0,1098.6823257458186,1.601516722606108,0.00866302683818709
45911.0,-0.161013,-0.865899,-0.473597,0.855127,-0.361986,0.371111,-0.49278,-0.345232,0.798738,89.790368,458.931839,-649.559449,3.590992,3.592309,3.595824,90.030775,90.12774,89.902906,191.730499,0.073473,0.077608,69.747024,0.938356,-620.858037,-140.173553,33.646528,-140.173553,-1970.811776,-97.904944,33.646528,-97.904944,1169.969609,-898.595941,-200.010739,-65.805346,-200.010739,-155.331182,20.288474,-65.805346,20.288474,1137.713142,629.864448,1.0,4.047727,0.645601,4.101274,3.0,137.0,1794.1683588072747,2.848499172328702,0.013453706641304151
45392.0,0.711471,0.563641,-0.419664,-0.506217,0.825303,0.250238,0.487394,0.034404,0.872504,-158.709887,184.319264,-695.752896,3.594879,3.59353,3.598788,90.018341,89.93691,89.982523,84.619586,0.065339,0.05733,103.200959,1.0,-20.084823,5.435556,-207.205676,5.435556,-482.257713,-6.92288,-207.205676,-6.92288,1329.582905,-21.898943,-55.552432,-15.220204,-55.552432,-109.06668,-35.632621,-15.220204,-35.632621,1010.19084,394.829266,1.0,4.174709,0.510493,1.500325,3.0,146.0,1079.9134333613522,2.735140290642366,0.009689832436537727
46234.0,0.058662,0.53013,0.845884,-0.85926,-0.404519,0.313109,0.508164,-0.745202,0.43179,-89.766227,-370.378399,-958.813962,3.591187,3.596277,3.592971,90.066875,89.908838,90.072474,182.921928,0.091455,0.091787,74.414552,0.883562,-719.612245,-329.803704,75.811143,-329.803704,-1428.071919,290.155439,75.811143,290.155439,1091.83256,-600.6663,15.609091,87.903918,15.609091,-574.023862,37.645701,87.903918,37.645701,935.258001,795.217535,1.0,1.925313,1.12432,2.543108,3.0,129.0,1525.0880190785285,1.9178249371456937,0.011873510976724014
46379.0,0.283238,-0.505088,-0.815268,0.938313,-0.029875,0.344494,-0.198356,-0.862551,0.465469,416.021573,115.179323,-955.207573,3.596652,3.599718,3.598129,89.949568,90.131926,90.034019,151.290838,0.075729,0.071013,113.432667,1.0,2001.898524,742.321991,126.459951,742.321991,-158.226496,-235.255134,126.459951,-235.255134,1012.609654,-302.998369,66.544613,253.337866,66.544613,-191.993086,8.907191,253.337866,8.907191,1052.388946,218.085574,1.0,4.312593,1.086632,3.367627,3.0,146.0,1323.048560137092,6.0666486823062025,0.008815802594150414
46111.0,0.108981,0.411446,-0.904895,-0.131567,0.908279,0.397139,0.985299,0.075774,0.153118,-202.98884,-117.439059,-806.355142,3.59948,3.591431,3.591786,89.916808,89.943559,89.975868,133.132539,0.061062,0.065848,103.100027,1.0,-1431.637556,-456.124905,-121.973195,-456.124905,-445.455417,207.495642,-121.973195,207.495642,1451.92554,-493.429315,-9.694939,95.700813,-9.694939,-203.290043,11.133144,95.700813,11.133144,1292.92179,435.828318,1.0,4.298822,1.417074,1.494043,3.0,144.0,1662.5200439724374,3.8146214353433483,0.009699318507452962
46860.0,-0.564135,0.666144,0.487857,-0.791364,-0.267642,-0.549645,-0.235571,-0.696147,0.678149,-231.204545,24.265207,-746.298286,3.595031,3.596054,3.595781,90.092707,90.001367,90.002412,156.09756,0.071943,0.081092,72.050681,0.816901,-247.270886,304.335274,-152.158615,304.335274,-93.146753,-195.845859,-152.158615,-195.845859,1075.299977,-535.097301,26.252057,212.149319,26.252057,9.353382,173.052285,212.149319,173.052285,1078.470941,678.267694,1.0,0.725914,0.825555,3.46789,3.0,116.0,1441.6148530140047,2.125436410677706,0.011337866466522364
46252.0,0.154644,-0.762961,-0.627675,0.856221,-0.213477,0.47044,-0.492921,-0.610179,0.62025,187.070158,-258.041628,-906.6760879999999,3.594524,3.596306,3.596928,89.970511,90.048069,89.920248,108.651481,0.073078,0.065655,95.359736,0.992857,655.583242,-457.735697,-26.729192,-457.735697,-534.640052,-263.611274,-26.729192,-263.611274,861.737713,-204.0761,47.573222,-20.493757,47.573222,-308.778214,-73.437262,-20.493757,-73.437262,1040.333827,537.102048,1.0,4.06921,0.901735,3.82109,3.0,139.0,1302.2550160643727,2.4245951414885925,0.010411700384740999
45173.0,0.896067,-0.00174,0.443916,-0.402575,0.418232,0.814257,-0.187077,-0.908338,0.374064,330.381382,-381.530199,-789.785264,3.593321,3.599039,3.592633,90.017353,89.978311,90.001441,113.148126,0.086247,0.06391,84.569872,0.993151,-281.758482,1.306443,89.871564,1.306443,-466.523456,-635.059881,89.871564,-635.059881,963.149278,-338.715671,-201.630432,193.64106,-201.630432,-440.877152,-131.563806,193.64106,-131.563806,1187.590274,571.292706,1.0,2.642459,1.187409,3.344708,3.0,145.0,1602.3645111052251,2.80480477743965,0.01174355567193007
45485.0,0.520619,0.714909,-0.466756,-0.410697,0.68898,0.597189,0.748521,-0.119213,0.652307,-303.642705,238.500485,-903.504565,3.59623,3.594085,3.596531,90.018113,89.942543,90.007073,47.544951,0.05002,0.043935,150.552564,1.0,-56.599968,-85.685843,-91.362623,-85.685843,-180.299487,77.063016,-91.362623,77.063016,966.699165,-122.240004,-0.769507,34.339346,-0.769507,-115.862732,-9.903155,34.339346,-9.903155,1033.950935,173.21293,1.0,3.805006,0.860172,1.728734,3.0,142.0,1153.4310574974513,6.659035543694407,0.006642198401881751
46096.0,0.164988,-0.646504,0.744857,-0.66856,0.48192,0.566374,-0.725125,-0.591427,-0.352716,-318.722868,-150.856581,-920.293931,3.595527,3.596554,3.594371,89.96879,89.925308,89.950086,75.986878,0.07066,0.057499,112.037045,0.993056,-35.200245,-267.461286,-92.497225,-267.461286,-443.962459,-249.420527,-92.497225,-249.420527,1098.714739,-189.722967,-68.201853,93.242751,-68.201853,35.555439,92.137038,93.242751,92.137038,923.353147,225.677475,1.0,2.220908,1.931268,4.028196,3.0,143.0,1027.2842770636662,4.552001820578975,0.008863639700600815
45787.0,0.24425,0.45514,-0.856265,-0.294118,0.876185,0.381831,0.924033,0.158581,0.347873,548.404129,-255.091897,-698.085719,3.59806,3.592946,3.591382,89.995988,89.925451,89.957618,90.295457,0.056012,0.055894,122.483524,0.993056,-950.557602,274.358631,161.316006,274.358631,-753.07225,14.231225,161.316006,14.231225,1192.962815,-338.644549,8.1139,168.199601,8.1139,-385.012843,-68.385019,168.199601,-68.385019,1096.798593,165.942947,1.0,4.292929,1.215495,1.400834,3.0,143.0,1467.6447701034103,8.844273267627399,0.008107670056913124
45545.0,0.421798,0.903895,-0.071134,-0.356453,0.237451,0.903636,0.833683,-0.355796,0.422352,396.249298,-350.198669,-931.027086,3.59643,3.593899,3.591802,90.048498,89.923493,90.042554,159.596934,0.072496,0.071556,94.680909,0.952055,-380.652695,-52.794613,-51.962302,-52.794613,-1170.136354,-55.708182,-51.962302,-55.708182,968.044864,-804.569102,17.607528,-79.329504,17.607528,-192.486089,86.279874,-79.329504,86.279874,1020.840225,701.859515,1.0,3.22015,1.134757,1.97417,3.0,139.0,1612.4510361563691,2.2973985558297505,0.01005540620654582
46547.0,-0.151688,0.77121,0.618244,-0.623873,-0.55985,0.545298,0.766663,-0.302991,0.56606,153.616663,-430.495615,-891.840023,3.593784,3.59457,3.591799,89.907682,89.831403,90.064835,169.07073,0.107859,0.09794,78.024847,0.847826,277.416697,-684.461976,166.25314,-684.461976,-2253.318397,-287.716468,166.25314,-287.716468,838.455079,-391.285635,36.502368,-238.821737,36.502368,-564.242089,-132.598309,-238.821737,-132.598309,912.796995,476.267217,1.0,2.293583,0.969078,1.947165,3.0,117.0,1418.822704081799,2.9790475880723886,0.010866102691620786
47207.0,0.37009,0.497775,-0.784381,0.103709,0.816917,0.567355,0.923189,-0.291319,0.250709,-68.534385,-215.133907,-965.759917,3.597906,3.592697,3.592863,90.014,89.973154,90.048364,123.464054,0.052572,0.056188,65.507341,0.835714,-537.963428,-40.546345,146.171314,-40.546345,-695.132337,-36.403629,146.171314,-36.403629,1022.807147,-466.97899,-27.22269,88.621125,-27.22269,-781.417985,82.717929,88.621125,82.717929,1095.05789,572.430865,1.0,4.086186,1.317384,1.876464,3.0,116.0,1744.0109456582386,3.0466752446310497,0.012757562545547376
45967.0,-0.095361,-0.581901,-0.807649,0.789181,0.450313,-0.417625,0.606712,-0.677207,0.416283,546.665195,-184.554618,-843.226969,3.59389,3.597473,3.598025,89.958704,89.939113,90.076118,122.115058,0.064209,0.06169,78.224677,0.892857,1198.362406,99.720648,26.204837,99.720648,-792.7781,-121.465975,26.204837,-121.465975,1030.353148,123.739174,-20.272371,227.240127,-20.272371,-460.28848,-108.411081,227.240127,-108.411081,878.059304,707.93115,1.0,5.189613,1.141443,2.411045,3.0,125.0,1182.5745135805314,1.6704654309681548,0.01141400686128752
45424.0,0.682785,0.485373,0.546093,-0.514533,0.850092,-0.112245,-0.51871,-0.204344,0.830171,-232.72858,-343.726588,-649.29993,3.594312,3.592918,3.597029,90.00812,90.070021,90.007471,115.016667,0.059013,0.058435,78.284635,0.959459,-521.851085,-38.184084,213.088582,-38.184084,-390.001854,192.436372,213.088582,192.436372,921.828502,-264.562348,-25.849294,146.728791,-25.849294,-371.776097,105.555388,146.728791,105.555388,1034.685041,518.488048,1.0,1.368078,0.591382,4.337112,3.0,142.0,1365.225383328497,2.633089400217952,0.012256032106428037
45185.0,-0.696197,-0.060167,-0.715325,0.52062,0.643745,-0.560845,0.494232,-0.762871,-0.416849,-52.413691,323.697347,-747.833161,3.592992,3.596218,3.595479,89.953337,89.980837,90.107374,155.49416,0.062083,0.06869,75.445274,0.802817,-6.886121,521.817981,0.43432,521.817981,-917.079328,-222.905615,0.43432,-222.905615,1052.082463,-208.548245,71.322697,102.971035,71.322697,-405.151833,-15.571899,102.971035,-15.571899,1089.829139,788.347079,1.0,5.377323,2.000772,2.566725,3.0,114.0,1411.258937355475,1.7901492565249613,0.010641050889416878
45986.0,-0.131845,-0.2162,-0.967406,0.990209,0.016433,-0.138626,0.045868,-0.976211,0.211917,291.921478,74.359628,-800.117899,3.592943,3.599856,3.591312,90.048983,90.009382,90.033403,148.35442,0.063909,0.06728,68.930196,0.830986,-1051.282179,66.238417,85.460484,66.238417,-493.419066,187.892682,85.460484,187.892682,1513.53957,-348.126562,-91.390519,255.215351,-91.390519,-641.641755,88.708647,255.215351,88.708647,1530.886422,863.067659,1.0,4.854716,1.357261,3.094641,3.0,118.0,2056.544934109625,2.382831650177295,0.012055471306073177
46298.0,0.183798,0.45333,-0.872187,0.788776,0.461456,0.406068,0.586558,-0.762595,-0.272762,536.982919,-16.739568,-749.442324,3.594414,3.598513,3.58911,89.976324,90.00525,90.026188,134.83156,0.070549,0.066114,75.708525,0.855072,-1165.63097,642.878154,-636.187212,642.878154,-209.384353,-253.418543,-636.187212,-253.418543,767.724482,-78.971024,193.853149,-83.122376,193.853149,-203.663339,-265.295876,-83.122376,-265.295876,1038.42492,531.378652,1.0,4.276659,1.847059,2.485941,3.0,118.0,1220.4938599028108,2.296843983681171,0.01129426309652711
46440.0,-0.131941,0.529948,0.837703,-0.830787,0.401873,-0.385085,-0.540725,-0.746762,0.38725,-131.154038,53.774876,-690.728821,3.595614,3.597508,3.595596,90.023257,89.999499,89.948224,94.339941,0.073751,0.061133,97.729616,1.0,143.043526,-138.97254,-211.878492,-138.97254,91.017639,-65.8547,-211.878492,-65.8547,1016.570406,152.892044,-10.417193,-80.153584,-10.417193,-123.660062,-173.07771,-80.153584,-173.07771,1187.850811,496.991248,1.0,1.139912,1.173149,3.768307,3.0,144.0,1208.8041610773332,2.432244362333989,0.010232312792470197
47013.0,0.765977,-0.151541,-0.624752,0.533251,0.692561,0.485802,0.35906,-0.705262,0.611295,450.948452,-359.291101,-649.29052,3.596121,3.595997,3.595733,90.051429,90.005408,90.052437,78.790185,0.053967,0.047428,97.945459,1.0,407.485791,55.868563,141.871245,55.868563,-322.882815,-16.607219,141.871245,-16.607219,924.673747,-111.449037,132.69267,136.644497,132.69267,-283.706922,-104.176354,136.644497,-104.176354,1120.199586,531.743888,1.0,4.051462,0.913101,2.67068,3.0,146.0,1339.4555342814654,2.5189862347443954,0.01020976378292331
45265.0,-0.4744,-0.708833,0.522016,0.45078,0.31374,0.835682,-0.756136,0.631762,0.170689,-190.923846,-14.395536,-682.406015,3.596484,3.594041,3.595002,89.987434,90.049011,90.057414,125.913718,0.053058,0.056279,74.800667,0.943662,-175.103208,228.113009,375.314243,228.113009,-276.537299,84.154009,375.314243,84.154009,814.373518,-356.667734,17.343078,39.155392,17.343078,-295.363505,-61.991869,39.155392,-61.991869,1095.136322,658.600233,1.0,2.583239,1.399267,5.408412,3.0,133.0,1423.6394158541898,2.161613896444203,0.012615689643516146
45754.0,-0.316799,-0.74718,-0.584261,0.811276,-0.532589,0.241208,-0.491396,-0.397582,0.774892,-76.425798,272.242979,-754.148133,3.595985,3.59439,3.595922,90.075,90.052992,90.016999,81.606377,0.053968,0.050221,89.038945,0.992754,-721.169786,59.782149,9.943397,59.782149,334.638415,8.708826,9.943397,8.708826,962.639073,-320.328372,7.409267,68.373929,7.409267,-41.187383,57.673884,68.373929,57.673884,1067.904309,398.158243,1.0,4.32086,0.684251,4.032132,3.0,137.0,1274.2209977177818,3.2002878757875712,0.01114966040983527
46791.0,-0.20822,0.566957,-0.796997,-0.43794,0.674567,0.594279,0.874559,0.472777,0.107835,340.923813,29.329412,-959.23226,3.597555,3.595144,3.591358,89.92707,90.006203,89.880403,145.798069,0.062223,0.072356,94.625929,1.0,-1367.738536,13.492416,221.731742,13.492416,-210.367002,275.706196,221.731742,275.706196,1529.772314,-81.215948,69.375149,11.449838,69.375149,-174.256348,12.837197,11.449838,12.837197,1081.218063,525.135553,1.0,4.071679,1.462751,1.075207,3.0,136.0,1213.2164992719206,2.3102920614326043,0.010567927951333508
46779.0,-0.09041,0.596553,-0.797465,-0.2865,0.751315,0.594511,0.953805,0.282223,0.102986,-121.876839,-88.992585,-717.093749,3.599464,3.595024,3.592574,90.002483,90.048684,89.996866,105.760778,0.072183,0.066161,96.260841,0.992857,-387.990088,279.55948,295.449615,279.55948,53.27661,-595.76508,295.449615,-595.76508,1125.123076,-126.768137,170.095872,80.908719,170.095872,-320.570823,-257.427257,80.908719,-257.427257,1344.494034,483.943993,1.0,4.071774,1.467628,1.283113,3.0,139.0,1601.1299546921834,3.3085025909024632,0.010314235671387912
45199.0,0.895802,0.437629,-0.077591,-0.431757,0.898277,0.081752,0.105476,-0.039733,0.993628,566.572223,32.679873,-794.867377,3.592862,3.593963,3.599223,90.032368,89.950659,89.950652,122.896048,0.06404,0.065605,89.809202,0.992647,-156.620589,430.025535,118.602409,430.025535,-669.62952,-251.011891,118.602409,-251.011891,1334.122515,-746.670835,-78.62317,36.472724,-78.62317,-513.272803,-74.792115,36.472724,-74.792115,1379.490602,634.489608,1.0,3.900889,0.112951,1.931056,3.0,135.0,2022.034741197475,3.1868681783003687,0.011052842892424319
45524.0,0.471932,0.774708,-0.420841,-0.401204,0.613767,0.679945,0.785058,-0.152045,0.600472,-70.196723,333.145766,-958.097568,3.595098,3.594429,3.594546,90.0193,89.917815,89.997774,78.616252,0.071122,0.05397,100.234215,1.0,-200.278671,261.17093,-51.915283,261.17093,-583.232303,131.125909,-51.915283,131.125909,741.704817,-181.82673,96.830835,-18.440882,96.830835,-268.667658,-18.849297,-18.440882,-18.849297,848.255093,354.89454,1.0,3.695818,0.926705,1.762102,3.0,142.0,1079.6373695949967,3.04213575558248,0.009976633228483906
46803.0,0.514081,-0.850727,0.109472,0.508939,0.405268,0.759433,-0.690436,-0.334696,0.641309,-32.840983,223.116834,-657.171545,3.596206,3.595398,3.597893,89.982357,90.056712,89.980498,65.732273,0.049894,0.044771,133.501632,0.992754,17.116726,-235.471011,-175.510206,-235.471011,423.801968,281.504104,-175.510206,281.504104,1026.470598,-98.756151,-11.053349,-6.342521,-11.053349,-131.747873,-17.460783,-6.342521,-17.460783,1022.614184,146.081643,1.0,2.99843,0.874593,4.261007,3.0,136.0,1138.3787957308841,7.792757340023099,0.007436268644266462
46369.0,0.245981,-0.717345,-0.651851,0.772528,0.551264,-0.315132,0.585401,-0.426057,0.689769,100.231998,422.210688,-643.035525,3.590477,3.595695,3.594307,90.072106,89.884339,89.966464,184.043174,0.085737,0.082721,70.846224,0.907143,-1002.291852,-980.025091,-267.096722,-980.025091,-662.6627,-547.847256,-267.096722,-547.847256,621.293629,-232.784628,6.538091,115.544908,6.538091,-155.322806,-104.149804,115.544908,-104.149804,952.359075,687.949228,1.0,5.162702,0.809626,2.19994,3.0,127.0,1156.2624942528505,1.6807381230942389,0.012804394486853667
45562.0,-0.339186,0.728963,-0.594614,0.578587,0.660048,0.479138,0.741748,-0.181519,-0.645648,189.632114,185.511392,-770.183175,3.597061,3.593206,3.595104,89.955105,90.021131,90.027973,100.193344,0.056791,0.055849,92.42322,1.0,-409.962364,-332.695275,-315.052522,-332.695275,12.258657,5.261749,-315.052522,5.261749,717.530079,-192.359412,-148.685135,-78.062438,-148.685135,-34.894749,-42.586714,-78.062438,-42.586714,1040.938187,451.268169,1.0,4.034123,2.272668,1.810798,3.0,138.0,1172.2321776601964,2.5976398474056706,0.01081979182287741
45206.0,0.834354,0.378961,0.400302,-0.398897,0.916288,-0.036014,-0.38044,-0.129631,0.915675,440.696124,61.636981,-710.286269,3.593964,3.592372,3.597859,90.039489,90.067873,89.99091,153.930052,0.086425,0.080809,74.709813,0.944444,-556.60145,-130.039281,-64.549544,-130.039281,-638.50835,-89.031659,-64.549544,-89.031659,1187.239655,-474.918302,-34.219965,317.91762,-34.219965,-595.220149,-106.529474,317.91762,-106.529474,1354.799312,630.66561,1.0,1.481071,0.413612,4.383988,3.0,136.0,1915.1111849661459,3.036650729958378,0.012641498647573914
45208.0,-0.652416,0.255698,-0.713423,0.518325,0.837316,-0.173899,0.552895,-0.48324,-0.678813,362.170547,351.135224,-914.685239,3.596136,3.590805,3.593486,89.875332,90.043698,90.099461,218.084684,0.089888,0.093753,79.334382,0.929577,-546.944552,-649.723948,-401.415743,-649.723948,-1676.562605,-26.228993,-401.415743,-26.228993,1164.071016,-280.062086,-23.236055,66.247756,-23.236055,-79.985349,9.438172,66.247756,9.438172,904.428205,635.120674,1.0,4.95148,2.316941,2.28907,3.0,132.0,1099.919231861434,1.7318271580330165,0.011717202259166774
46968.0,-0.491195,0.352419,0.796572,-0.600746,0.525137,-0.602773,-0.630739,-0.774617,-0.04623,69.171828,364.161618,-930.518684,3.594746,3.592697,3.591284,89.934297,90.033352,89.899608,158.421489,0.063739,0.06289,72.261603,0.930556,-434.656879,115.804027,106.047017,115.804027,-1632.76839,457.07359,106.047017,457.07359,537.041663,-619.853648,205.452872,34.230215,205.452872,-472.540329,84.251819,34.230215,84.251819,965.866937,587.04211,1.0,0.923016,1.617043,3.824968,3.0,134.0,1529.8607599033871,2.6060494363911766,0.012877599739933809
46914.0,-0.590162,0.795028,0.140139,-0.749454,-0.604087,0.270922,0.300046,0.05486,0.952346,231.063375,-124.734254,-976.101982,3.593122,3.592507,3.598301,89.997398,89.969763,90.031007,156.631207,0.098434,0.091052,88.100353,0.885714,-314.780111,134.530313,9.305221,134.530313,-766.384207,258.053285,9.305221,258.053285,1000.140593,368.573168,110.522327,130.267039,110.522327,-802.304667,272.203185,130.267039,272.203185,1052.2375,757.760279,1.0,2.664227,0.30996,1.389955,3.0,124.0,1648.1197412101994,2.1749883002381543,0.010053467095642626
45794.0,0.45238,0.525689,0.720419,-0.75005,-0.212749,0.626229,0.48247,-0.823644,0.29805,-149.076409,370.8496,-659.47288,3.595047,3.597095,3.594277,90.088633,90.010327,90.047599,117.512818,0.060301,0.060126,106.116545,0.978571,-711.338879,-69.202257,51.798769,-69.202257,185.251022,286.901817,51.798769,286.901817,1136.239065,-458.657433,-110.022921,63.166046,-110.022921,-227.733506,63.266973,63.166046,63.266973,1194.908766,532.828295,1.0,2.286365,1.268148,2.611698,3.0,137.0,1555.9024105315177,2.920082182444004,0.009221662842490772
45709.0,0.513935,0.685796,0.51532,-0.701814,0.681581,-0.207132,-0.493283,-0.255207,0.83159,-278.372579,95.710975,-718.007219,3.596279,3.593343,3.597926,90.017143,90.037112,89.964248,110.704902,0.059301,0.058593,81.343323,0.986486,108.171376,-350.988563,71.118399,-350.988563,-282.321397,77.326228,71.118399,77.326228,1099.429044,178.870179,-117.575548,74.81995,-117.575548,-259.2121,57.162979,74.81995,57.162979,1205.339298,577.480708,1.0,1.188612,0.588832,4.234947,3.0,146.0,1308.5297462569795,2.265928070201402,0.012127436692007283
45216.0,-0.793854,-0.225579,-0.564721,0.607849,-0.267229,-0.747735,0.017763,-0.936858,0.349258,131.445385,-202.535849,-775.442973,3.594181,3.598468,3.593092,90.0255,90.018365,90.009453,157.764419,0.094794,0.093314,72.400675,0.943662,-421.471033,-173.456406,196.412314,-173.456406,-156.270674,257.889146,196.412314,257.889146,1000.700081,-339.687445,-65.53693,139.191643,-65.53693,-267.640358,436.156166,139.191643,436.156166,1227.96621,814.396186,1.0,5.636337,1.214017,3.122634,3.0,134.0,1584.3642536908628,1.9454465540569992,0.013033884007296891
46981.0,-0.148363,-0.792201,0.591951,-0.265683,0.608498,0.747758,-0.952576,-0.046332,-0.300753,15.94203,-264.622542,-660.107341,3.598946,3.592208,3.594015,89.982873,89.94185,90.038974,154.6766,0.076008,0.081458,87.255295,0.892857,-796.449365,84.594168,-316.454167,84.594168,-246.840682,200.600585,-316.454167,200.600585,1306.468729,-389.948975,183.95762,-37.564607,183.95762,-373.995829,233.752931,-37.564607,233.752931,1341.697267,883.229163,1.0,2.471974,1.876279,4.663789,3.0,125.0,1743.171523053801,1.9736344723184835,0.010232697052941027
47153.0,0.740086,-0.071502,-0.6687,0.361196,0.881009,0.305551,0.567283,-0.467666,0.677848,525.889006,477.926404,-664.12309,3.599955,3.598001,3.597379,90.101049,90.019433,89.879082,183.925218,0.079259,0.073702,131.400351,0.993243,1098.187703,1383.596916,-356.820845,1383.596916,1120.104793,-46.724416,-356.820845,-46.724416,869.970131,116.793427,-73.154748,29.342183,-73.154748,-143.243694,-50.07576,29.342183,-50.07576,851.194832,405.49689,1.0,4.283785,0.825964,2.260237,3.0,147.0,896.9261267946166,2.2119186334440606,0.007558906749039049
46529.0,0.450282,-0.304502,-0.83936,0.892127,0.192182,0.40887,0.036808,-0.932923,0.35819,554.05755,-331.135885,-887.69505,3.593738,3.599519,3.592366,90.052736,90.088174,89.969802,178.768106,0.066661,0.074394,99.15323,0.978261,-124.980368,553.86437,47.229589,553.86437,-827.700453,-674.343718,47.229589,-674.343718,1341.169333,-257.402456,-56.906618,146.809433,-56.906618,-48.188445,-8.930026,146.809433,-8.930026,1321.285648,916.0315,1.0,4.259097,1.204467,3.102158,3.0,135.0,1491.4410147135397,1.6281547247158419,0.009866153629085004
45441.0,0.749031,0.364767,0.553081,-0.594833,0.737871,0.318936,-0.291765,-0.567884,0.769663,378.890343,-264.286358,-771.02506,3.591509,3.594074,3.597058,90.045852,89.965522,89.900171,165.055913,0.075646,0.065513,90.705434,0.880282,230.706979,520.356927,184.833157,520.356927,-1420.718253,-133.895424,184.833157,-133.895424,748.609371,-524.700118,-61.321248,140.486735,-61.321248,-340.458585,-88.955897,140.486735,-88.955897,1047.107952,727.89227,1.0,2.093873,0.692483,3.6162,3.0,125.0,1496.158648116729,2.055467147791979,0.009704843041707954
46015.0,-0.079992,-0.610846,-0.787698,0.9119,0.274278,-0.305303,0.402541,-0.742724,0.535091,303.167817,174.411755,-733.673601,3.593311,3.595895,3.594593,90.04943,89.97664,90.03806,133.881645,0.061775,0.06206,63.151002,0.846667,-330.201459,28.86959,52.83869,28.86959,-517.693202,-103.39887,52.83869,-103.39887,730.02494,-301.963985,-108.798812,276.341859,-108.798812,-578.186281,-44.308471,276.341859,-44.308471,752.444819,650.239337,1.0,5.082151,1.006181,2.644928,3.0,125.0,1243.7651857853334,1.9127805947940266,0.013407024008898543
46133.0,0.028668,-0.791402,-0.610623,0.943743,-0.179897,0.277464,-0.329435,-0.584225,0.741723,-225.568854,457.016551,-924.778898,3.589744,3.598927,3.59799,89.960591,90.067287,89.952011,153.402043,0.09867,0.090502,97.77826,1.0,1399.572814,-44.374256,34.45263,-44.374256,-1615.171972,76.291167,34.45263,76.291167,893.182845,95.356825,-7.951992,-143.239642,-7.951992,-310.654907,77.598146,-143.239642,77.598146,924.764333,585.56421,1.0,4.285887,0.73516,3.655032,3.0,144.0,1099.755993761827,1.8781134075148258,0.010227222288471895
46735.0,0.626895,-0.044591,-0.777827,0.776866,0.11139,0.619735,0.059008,-0.992776,0.104471,-143.578276,-176.923513,-657.265822,3.591014,3.600742,3.592178,89.982923,89.984138,90.046136,139.024164,0.066663,0.069979,79.91602,0.993151,-937.286353,-230.718252,462.16016,-230.718252,-794.540527,-44.5554,462.16016,-44.5554,1652.172307,-502.826002,81.69915,105.995548,81.69915,-643.892393,-235.416158,105.995548,-235.416158,1661.63724,693.654926,1.0,4.039631,1.466134,3.082226,3.0,145.0,2250.584768833543,3.244530795465789,0.0124274331979996
45329.0,0.511227,0.456563,-0.728146,-0.280018,0.889482,0.361125,0.812549,0.019277,0.582574,-189.605519,-377.739225,-791.845343,3.597266,3.592436,3.595174,89.975126,89.934083,90.017477,70.283388,0.055025,0.050636,118.523933,1.0,-530.337923,-323.581038,62.109495,-323.581038,-337.260681,-66.078819,62.109495,-66.078819,1049.259639,-38.885745,-89.618341,260.09222,-89.618341,-184.439411,-112.460752,260.09222,-112.460752,958.323864,219.189958,1.0,4.251985,0.948905,1.547077,3.0,140.0,1107.70280822283,5.053620240316074,0.008437114553058242
46510.0,0.357708,0.551445,-0.753627,0.691203,0.386303,0.610745,0.62792,-0.739377,-0.242977,299.011579,247.897142,-840.174791,3.5974,3.597049,3.593436,89.971317,90.026391,90.035848,86.382864,0.051357,0.049599,101.786216,0.971429,-123.420749,405.277419,47.342544,405.277419,70.42481,89.137207,47.342544,89.137207,1072.276281,-192.66942,75.089379,66.145261,75.089379,-73.054916,119.238195,66.145261,119.238195,899.826202,472.107466,1.0,4.031334,1.81623,2.437531,3.0,134.0,1046.589465770747,2.2168458267312108,0.009543816817003984
47012.0,0.727518,-0.190531,-0.659102,0.499199,0.806019,0.318015,0.470657,-0.560385,0.681506,34.148868,-284.533357,-835.670261,3.594007,3.596321,3.595306,90.036005,89.921586,90.021851,99.991491,0.063279,0.055944,87.005535,0.986301,-706.374375,-149.181068,52.33797,-149.181068,153.550789,-13.058556,52.33797,-13.058556,945.197744,-25.69019,159.680641,-77.897366,159.680641,-108.662371,114.493485,-77.897366,114.493485,949.678382,439.956107,1.0,4.262841,0.820978,2.443003,3.0,144.0,1035.694303546383,2.354085525959941,0.011336071894736352
45232.0,0.736488,-0.167694,0.655335,-0.368217,0.713298,0.596341,-0.567452,-0.680503,0.463588,330.303232,-40.840794,-753.197607,3.594486,3.595721,3.593844,90.018666,90.091879,89.931516,70.314498,0.05282,0.048295,143.366673,1.0,-1024.436943,21.86318,-146.947553,21.86318,-59.9156,111.747021,-146.947553,111.747021,1035.349526,-123.166584,11.72135,92.422887,11.72135,-69.43035,31.178922,92.422887,31.178922,1093.807509,277.301275,1.0,2.309097,1.088756,3.836648,3.0,142.0,1194.05048058804,4.305968231080222,0.0069751217565047355
46485.0,0.358126,0.31448,-0.879118,0.811534,0.360751,0.459643,0.461691,-0.878044,-0.126017,513.93833,-89.483993,-908.191499,3.594381,3.598141,3.591707,89.986476,90.002435,90.05121,96.373083,0.067713,0.060804,117.180898,1.0,-724.023832,238.667672,-199.571072,238.667672,-359.47868,-99.760163,-199.571072,-99.760163,1085.50772,-72.179351,54.512195,-83.996851,54.512195,-305.732328,-131.743308,-83.996851,-131.743308,1025.163595,417.236538,1.0,4.230632,1.69715,2.657505,3.0,140.0,1239.1665579001415,2.969937781192455,0.008533814103387397
46093.0,0.201687,0.946909,0.250372,-0.974082,0.220644,-0.049803,-0.102402,-0.233838,0.966868,213.082086,192.719409,-674.395872,3.591726,3.594326,3.600065,90.006939,90.000231,89.987623,147.078869,0.078077,0.074971,69.487405,0.819444,-32.142266,27.476243,333.643648,27.476243,-842.703989,-138.61572,333.643648,-138.61572,1402.757154,-533.451755,6.221924,67.555326,6.221924,-596.604365,-70.568866,67.555326,-70.568866,1328.730891,789.981204,1.0,1.374442,0.258134,3.554355,3.0,118.0,1896.4442921025375,2.4006195115783253,0.011792698259490334
45826.0,0.20517,0.978289,0.029251,-0.250547,0.023608,0.967817,0.946114,-0.205896,0.249951,-291.746115,482.285894,-731.063748,3.60027,3.592484,3.590301,89.930782,89.95412,90.058227,197.708567,0.070921,0.07828,75.34625,0.898551,-702.666,642.541678,141.61655,642.541678,-1221.423165,-472.457412,141.61655,-472.457412,1598.429079,-490.216172,-20.784978,7.625043,-20.784978,3.141238,-178.506118,7.625043,-178.506118,1610.070256,618.97144,1.0,3.111379,1.318167,1.785078,3.0,124.0,1908.5802797715,3.0834706683259894,0.01192562337209881
47029.0,-0.688259,0.583654,0.430868,-0.697083,-0.696558,-0.169947,0.200934,-0.417319,0.886268,-151.613893,397.290158,-953.342608,3.595927,3.595015,3.59882,90.012724,89.941049,89.985826,109.39541,0.05372,0.055026,92.09795,1.0,-67.622587,2.87214,112.387961,2.87214,446.037901,-450.970307,112.387961,-450.970307,1162.714616,-263.636548,177.525531,139.190313,177.525531,-0.103401,-181.05565,139.190313,-181.05565,981.954016,480.1761,1.0,1.195101,0.481572,2.692863,3.0,146.0,1164.2353610113512,2.4246008100181395,0.010858004982738487
46706.0,-0.316499,0.880651,0.352537,-0.687375,-0.469031,0.554549,0.653715,-0.066811,0.753786,435.935286,492.968124,-676.307189,3.596653,3.593705,3.597818,90.006191,89.969732,90.011834,104.026584,0.064217,0.060389,109.910983,1.0,-98.476916,321.397484,36.042915,321.397484,211.406841,116.759891,36.042915,116.759891,987.562815,263.357522,-120.456894,161.309898,-120.456894,-226.675779,-1.405724,161.309898,-1.405724,1042.399672,474.270327,1.0,2.575323,0.716992,1.672645,3.0,138.0,1122.138781912408,2.3660320244163366,0.009098271826028523
45473.0,0.68529,0.575451,0.446356,-0.571568,0.045157,0.819311,0.451318,-0.816588,0.359855,-239.156291,-106.571205,-660.9883629999999,3.594678,3.59584,3.594012,90.055379,89.965434,90.055992,148.894644,0.078164,0.08355,77.467541,0.895833,-396.480144,-58.95239,176.031294,-58.95239,-434.297721,60.771452,176.031294,60.771452,915.925352,-88.232324,-151.934706,12.848165,-151.934706,-263.283814,-96.348176,12.848165,-96.348176,941.727186,695.671957,1.0,2.642755,1.202684,2.636689,3.0,129.0,1138.4879069156182,1.6365298262491528,0.01156397877660787
46122.0,0.020147,-0.767951,-0.640192,0.92107,-0.2348,0.310643,-0.388875,-0.59592,0.702606,-107.011339,-184.283052,-811.097074,3.594772,3.593635,3.596026,90.04823,90.0665,89.948174,116.032396,0.065138,0.063234,82.471945,0.952703,-447.648277,-72.50617,-258.514322,-72.50617,-442.049585,-332.627164,-258.514322,-332.627164,947.29099,-302.140323,-143.670246,-123.653062,-143.670246,-145.548954,-138.678518,-123.653062,-138.678518,753.272347,560.795865,1.0,4.260624,0.791743,3.719768,3.0,141.0,1007.234063660648,1.7960796905316838,0.011551843478409535
46434.0,-0.1553,0.677018,0.719395,-0.935095,-0.335578,0.113946,0.318557,-0.655007,0.685191,479.216385,-84.983671,-909.997641,3.594377,3.592345,3.592535,90.150508,90.015288,90.110044,172.714513,0.082115,0.076589,94.3916,0.898551,-1673.661264,952.703301,-311.951467,952.703301,-647.326665,-169.734516,-311.951467,-169.734516,935.027094,-160.837709,-8.658017,18.383142,-8.658017,-319.286365,112.644962,18.383142,112.644962,932.143711,528.090076,1.0,1.727883,0.81593,2.688932,3.0,124.0,1184.3657119148222,2.2427342715579117,0.009519395793693507
46866.0,-0.14432,0.450876,-0.880842,-0.306975,0.825844,0.47302,0.940711,0.338663,0.019222,-316.520564,-252.657349,-915.123587,3.596449,3.59291,3.590461,89.96301,90.046199,89.980658,206.712098,0.097553,0.104708,66.458902,0.823529,-1397.992323,36.385277,183.250023,36.385277,-285.418895,-296.942632,183.250023,-296.942632,458.995085,-924.111176,223.830277,-262.877596,223.830277,-144.097083,-314.468873,-262.877596,-314.468873,555.485781,1088.978395,1.0,4.219574,1.551573,1.225234,3.0,112.0,1344.2820141704835,1.2344432362870554,0.012391552902875224
46574.0,0.188467,0.607926,-0.771302,0.184104,0.749582,0.635793,0.964669,-0.261826,0.02935,511.170188,292.073167,-967.35391,3.599874,3.592866,3.59408,89.973021,90.002019,90.071414,98.378263,0.072496,0.060968,92.893001,1.0,-609.772207,-300.761601,76.208659,-300.761601,-270.884497,-113.699441,76.208659,-113.699441,1603.04409,-283.06376,-33.168013,258.543262,-33.168013,-202.520114,164.092386,258.543262,164.092386,1359.202595,446.18763,1.0,4.022999,1.541442,1.835827,3.0,148.0,1625.5476691433828,3.643193042226166,0.010765073678694049
47245.0,-0.723079,0.670917,-0.1644,-0.495263,-0.337627,0.800451,0.48153,0.660211,0.576412,-123.431997,-90.688631,-712.714014,3.595867,3.596262,3.595374,89.946742,89.945073,89.963844,66.135204,0.055817,0.051908,109.170039,1.0,64.430214,2.30441,-95.420122,2.30441,-288.063915,-38.671159,-95.420122,-38.671159,1135.998508,-137.218112,58.224667,40.155334,58.224667,-170.608233,-100.976041,40.155334,-100.976041,969.20104,247.302468,1.0,3.34416,0.956466,0.630159,3.0,140.0,1128.5480725776597,4.563432309044565,0.009160022375736258
45634.0,-0.316638,0.656714,-0.684447,0.649611,0.675933,0.348022,0.691191,-0.334427,-0.640635,33.770366,166.214159,-761.679284,3.596167,3.595864,3.594806,89.984091,90.043632,90.049563,56.145503,0.054239,0.046937,125.771185,1.0,73.203644,139.751517,-313.176407,139.751517,-174.434059,-14.380533,-313.176407,-14.380533,828.724136,-3.905263,97.777301,-194.051755,97.777301,-99.726814,89.455297,-194.051755,89.455297,1046.087439,505.773454,1.0,4.241987,2.266121,2.021434,3.0,140.0,1119.6840732598255,2.2138055376465555,0.007950946792780874
46518.0,-0.131156,-0.711292,0.690552,-0.619965,0.602403,0.502747,-0.77359,-0.362179,-0.519985,-190.876112,471.783831,-888.13865,3.596404,3.589382,3.595546,89.984506,89.960498,89.972137,149.527769,0.081464,0.073629,81.529877,0.871429,-788.966173,679.713125,-416.832833,679.713125,-621.340856,339.819469,-416.832833,339.819469,606.431181,-388.546587,44.877674,2.566871,44.877674,-383.755661,80.267775,2.566871,80.267775,987.722781,549.472256,1.0,2.200092,2.117629,4.27452,3.0,122.0,1376.1883425549993,2.5045638383514657,0.01068846209592589
46189.0,0.095659,-0.796434,-0.597111,0.951404,-0.103241,0.290122,-0.29271,-0.595847,0.747855,-57.715595,-265.482587,-738.97977,3.593459,3.592239,3.596923,90.102173,90.067178,89.96217,152.663908,0.070125,0.071169,92.835526,0.985714,-1059.604296,20.032868,-464.779318,20.032868,-614.472966,-132.542928,-464.779318,-132.542928,1226.934331,-279.76031,47.821735,-293.382379,47.821735,-328.077594,-50.807918,-293.382379,-50.807918,936.014056,638.149108,1.0,4.260104,0.725971,3.598216,3.0,138.0,1267.82923600183,1.9867288383044015,0.010617853342049248
46164.0,0.072653,-0.726734,-0.683066,0.906445,-0.237568,0.349168,-0.416027,-0.644531,0.641484,-106.590318,113.183134,-886.254799,3.59566,3.596659,3.596816,90.013512,90.043473,89.917158,96.816043,0.059701,0.055226,104.479729,0.993243,396.785837,-281.443174,51.57664,-281.443174,-222.239331,-356.963362,51.57664,-356.963362,1191.230055,-365.339376,-26.510897,-140.573037,-26.510897,119.101235,-51.227013,-140.573037,-51.227013,951.480189,288.760419,1.0,4.239839,0.874365,3.714779,3.0,147.0,1161.0734075184591,4.020888359766714,0.009506561794393627
45912.0,-0.134948,-0.698819,-0.702454,0.766654,-0.522762,0.372775,-0.627719,-0.488234,0.606298,237.548643,414.659505,-910.250485,3.595983,3.592861,3.59525,90.115211,90.050607,90.010275,118.269328,0.073814,0.073523,92.597819,1.0,-1267.407048,-69.496258,-333.352108,-69.496258,291.124333,135.437878,-333.352108,135.437878,938.83609,-146.983679,21.52364,-108.469619,21.52364,-125.260003,130.265916,-108.469619,130.265916,742.541405,894.864279,1.0,4.224503,0.919399,4.051338,3.0,140.0,891.2360176140783,0.9959454618191081,0.010799390426247512
45263.0,-0.724117,-0.43768,-0.533002,0.622154,-0.74805,-0.230967,-0.297622,-0.498857,0.81398,-262.712964,386.187622,-967.872867,3.593936,3.594408,3.598459,90.092097,89.977531,90.001507,142.447964,0.077669,0.067961,88.911467,0.992958,-73.111487,-239.813963,-535.567147,-239.813963,-405.843274,322.655105,-535.567147,322.655105,1196.128393,-204.79047,178.249662,-200.364885,178.249662,-44.754625,-22.392361,-200.364885,-22.392361,974.274473,541.635278,1.0,5.121296,0.619826,3.679515,3.0,140.0,1132.0018958752119,2.0899707641923797,0.011167940801156727
45264.0,-0.75087,-0.235425,-0.617065,0.644381,-0.056303,-0.762629,0.1448,-0.97026,0.193979,212.003685,454.102856,-667.409642,3.592118,3.599187,3.59318,90.060069,90.014335,90.007221,138.910477,0.066569,0.066241,80.579962,0.972973,-798.584944,37.758984,108.989767,37.758984,-468.93831,-280.824842,108.989767,-280.824842,1340.752921,-769.204128,115.293351,-131.536433,115.293351,-217.723785,-40.122702,-131.536433,-40.122702,1294.02946,744.955517,1.0,5.602903,1.375579,2.993448,3.0,144.0,1856.7131729140629,2.4923812637715694,0.012074627188332505
45587.0,0.452362,0.885483,-0.106246,-0.433161,0.322282,0.841728,0.779577,-0.334744,0.529345,-130.466499,499.41248,-861.286162,3.591666,3.596507,3.592571,89.980197,89.858217,90.067269,201.442778,0.093656,0.085709,73.061813,0.851351,-418.794596,1152.64826,-450.157488,1152.64826,-1181.363039,244.175089,-450.157488,244.175089,629.335067,6.636647,19.944349,114.202459,19.944349,-326.455363,-108.310687,114.202459,-108.310687,895.968766,639.346542,1.0,3.267152,1.012968,1.976381,3.0,125.0,1103.1635036561709,1.7254547122523904,0.011652475692055438
46858.0,-0.481053,0.746185,0.460212,-0.701869,-0.642348,0.307846,0.525326,-0.174919,0.832728,548.128434,410.971092,-966.109509,3.592815,3.595105,3.594529,90.017115,89.799753,89.980842,214.053953,0.099808,0.091749,82.846044,0.979167,-1077.553079,-1088.697607,-177.207875,-1088.697607,-775.06737,-490.331778,-177.207875,-490.331778,1353.752007,-344.656309,70.955504,-7.800279,70.955504,-154.584763,143.7296,-7.800279,143.7296,1322.183808,527.75696,1.0,2.160358,0.58678,1.892221,3.0,139.0,1586.4991599836387,3.006116982301169,0.011819115949579921
45444.0,-0.393438,0.727955,-0.561506,0.52281,0.67955,0.514667,0.756225,-0.091071,-0.647943,-293.848846,17.010264,-812.791648,3.594996,3.595415,3.595142,90.009524,90.118998,90.015182,125.058029,0.063803,0.059049,87.155093,0.978261,-169.447357,547.064535,141.156933,547.064535,-576.088017,-95.427089,141.156933,-95.427089,1114.198399,-526.096359,55.481913,148.415023,55.481913,-217.118827,105.289732,148.415023,105.289732,1004.831738,522.203802,1.0,3.970487,2.275677,1.690648,3.0,135.0,1411.8530236623367,2.7036437081749485,0.01122436987130517
47192.0,-0.585191,0.802754,0.114621,-0.465081,-0.448052,0.763511,0.664268,0.393492,0.635541,394.617643,293.217357,-954.466577,3.591672,3.594747,3.593219,89.97916,89.859306,89.994977,185.407263,0.094702,0.095115,75.320786,0.862319,-469.42019,-787.025912,54.032814,-787.025912,-1409.035305,300.588473,54.032814,300.588473,600.919746,-292.684583,-39.299856,-57.6292,-39.299856,-708.974368,160.766941,-57.6292,160.766941,1010.536779,581.744584,1.0,2.992582,0.882087,1.036007,3.0,119.0,1561.1644863954718,2.6835909251807863,0.01144861924303339
45570.0,0.653464,0.670521,0.351265,-0.674196,0.726541,-0.132657,-0.344158,-0.150135,0.926831,-139.56366,-79.852117,-863.165705,3.593634,3.591406,3.599545,90.053219,89.992239,90.033727,130.473883,0.067061,0.061911,76.318951,0.893333,-829.041431,-484.501915,463.469109,-484.501915,-216.522817,-451.647638,463.469109,-451.647638,1146.295177,-288.368436,-15.438096,199.10553,-15.438096,-447.317547,-91.228615,199.10553,-91.228615,1378.295683,600.440692,1.0,1.209699,0.384915,4.301038,3.0,134.0,1761.846159802272,2.9342550950931754,0.011705257846114788
47269.0,0.887416,-0.124536,-0.443827,0.335311,0.835084,0.436121,0.31632,-0.535841,0.782825,47.079333,466.483373,-728.54286,3.592721,3.594632,3.600156,90.013855,89.996553,90.019457,145.029044,0.057825,0.066129,81.007554,0.847222,-145.633705,-515.804591,-596.087518,-515.804591,28.179151,415.124476,-596.087518,415.124476,1032.302867,-182.630626,-23.167157,-373.993812,-23.167157,-267.620778,92.213912,-373.993812,92.213912,1071.424696,492.504473,1.0,3.935749,0.671603,2.608318,3.0,122.0,1340.9489362443185,2.7227142285148718,0.010458555507058022
45508.0,0.68017,0.058369,0.730727,-0.604254,0.609002,0.513802,-0.415024,-0.791018,0.449495,165.499438,-133.240546,-826.133486,3.595244,3.596726,3.595054,90.049632,89.945629,89.950774,133.087052,0.081356,0.074706,86.71159,0.971014,581.861924,-91.443176,-37.656501,-91.443176,-603.71468,-286.534268,-37.656501,-286.534268,800.518338,-148.450733,-283.01385,27.482516,-283.01385,-523.531842,-218.986253,27.482516,-218.986253,1189.149188,645.48568,1.0,2.183626,1.104596,3.624782,3.0,134.0,1590.0230120945541,2.4632971131049013,0.011198203146776574
47112.0,-0.652195,0.184166,0.735339,-0.582439,0.499128,-0.641589,-0.485187,-0.846732,-0.218264,247.040476,-372.728016,-876.594065,3.592254,3.597919,3.598948,89.995161,90.01685,89.978935,160.997617,0.064396,0.063966,77.401204,0.838235,477.016514,-801.25745,-456.146972,-801.25745,223.857463,-405.286443,-456.146972,-405.286443,662.499376,-598.447514,33.724891,-95.97778,33.724891,-366.735672,-342.612528,-95.97778,-342.612528,1046.342149,582.438156,1.0,0.85338,1.790831,3.661931,3.0,114.0,1572.8018012039304,2.700375627869975,0.01082974109808421
45279.0,0.633676,-0.182337,0.751803,-0.333981,0.812112,0.478468,-0.69779,-0.554281,0.453719,232.559882,-142.967633,-971.7750080000001,3.59831,3.595305,3.595496,90.097947,90.002225,90.024434,113.447553,0.085427,0.07162,118.777002,1.0,788.063042,-728.766628,127.769674,-728.766628,-280.776188,209.677864,127.769674,209.677864,851.836241,101.333614,-34.754785,-85.049327,-34.754785,-297.940134,38.304996,-85.049327,38.304996,916.965931,497.848085,1.0,2.137571,1.099862,4.04111,3.0,144.0,1075.996092670346,2.1612940274146997,0.008419138243613861
47066.0,0.749109,-0.65848,0.072389,0.458269,0.594025,0.661153,-0.478357,-0.462102,0.746751,392.360253,-229.693637,-944.359766,3.594339,3.593613,3.596004,90.087425,90.055754,90.006297,121.251723,0.059989,0.060376,91.777118,0.907143,-122.549948,135.696754,110.328175,135.696754,-905.070294,194.207195,110.328175,194.207195,952.559665,-193.525046,-64.968857,-112.372145,-64.968857,-485.844804,112.537711,-112.372145,112.537711,1205.426906,441.452539,1.0,3.032538,0.727633,3.944274,3.0,127.0,1572.766222868401,3.5627073896349275,0.009884195753455671
45869.0,-0.18268,-0.757566,-0.626675,0.81564,-0.472673,0.333634,-0.548962,-0.450192,0.70425,-13.846237,-280.150189,-675.101453,3.599005,3.59445,3.59514,90.078654,90.044879,90.027504,98.737357,0.066463,0.057518,109.713279,1.0,-771.714953,93.275201,10.062365,93.275201,971.853621,-318.165123,10.062365,-318.165123,1015.37139,-122.180509,90.400948,-49.762181,90.400948,-29.959582,32.431097,-49.762181,32.431097,888.56323,470.309233,1.0,4.223168,0.789431,4.025524,3.0,144.0,972.4562547059701,2.0676954362619755,0.009114666967523595
45825.0,0.21517,0.194815,0.956948,-0.275941,0.952098,-0.131782,-0.936781,-0.235706,0.25862,235.719038,-275.547674,-974.643042,3.598189,3.592673,3.592102,89.959106,90.064854,89.942773,128.871957,0.066275,0.067554,85.690707,0.963768,-707.967969,486.023596,-51.259099,486.023596,-854.731478,57.561858,-51.259099,57.561858,1211.944995,-453.350243,82.709348,5.118544,82.709348,-369.535409,96.025301,5.118544,96.025301,1191.066031,484.052227,1.0,1.433946,1.309203,4.465893,3.0,133.0,1607.9083469497996,3.3217662418683584,0.011247053895820931
46579.0,0.452771,-0.562288,-0.691976,0.766668,-0.150707,0.624106,-0.455212,-0.813093,0.362852,-232.198603,-125.860025,-658.134997,3.592578,3.59727,3.593733,90.018543,89.963496,89.969581,123.958187,0.066286,0.062775,89.597398,1.0,-495.678029,-199.74966,580.945288,-199.74966,-173.121648,174.727348,580.945288,174.727348,490.556633,-67.191235,127.063788,-27.616624,127.063788,-333.849613,-23.747266,-27.616624,-23.747266,1000.777699,516.166848,1.0,3.978515,1.199469,3.651969,3.0,140.0,1228.6378884072892,2.3803115081255455,0.011161038404262589
47083.0,-0.492371,0.747463,0.445949,-0.492271,-0.661685,0.565546,0.717802,0.05893,0.693749,-70.480959,421.218646,-795.641983,3.594979,3.592706,3.59653,89.973608,89.907356,90.0391,79.276495,0.065254,0.054324,142.229864,1.0,-151.521826,62.338037,40.779851,62.338037,-917.745467,320.672112,40.779851,320.672112,1066.340748,-171.175731,154.696076,-57.888843,154.696076,-65.092856,25.132747,-57.888843,25.132747,1042.993187,150.450903,1.0,2.473885,0.804115,1.488882,3.0,138.0,1173.7088416777642,7.801274823041535,0.007030872222446898
46078.0,-0.020482,-0.218294,-0.975668,0.998742,0.040198,-0.02996,0.04576,-0.975055,0.217196,86.214288,-181.771168,-644.401276,3.592069,3.600613,3.592213,90.024072,89.987886,89.997043,129.939397,0.067271,0.071447,66.516752,0.816176,-676.717193,-121.335756,302.275816,-121.335756,-742.835244,-103.739421,302.275816,-103.739421,1607.526406,-910.183161,5.594337,122.270449,5.594337,-520.343875,161.152151,122.270449,161.152151,1620.311461,742.128468,1.0,4.743086,1.351855,3.094697,3.0,111.0,2366.3484560648258,3.188596797050542,0.01227023231681547
46203.0,0.085684,0.914806,-0.394701,-0.873751,0.259362,0.411449,0.478767,0.309616,0.821536,532.433907,77.425445,-661.608603,3.595598,3.590703,3.5976,89.984075,89.964829,89.997007,86.054487,0.055178,0.050214,130.398184,0.993056,-931.060653,-278.997884,-503.22503,-278.997884,38.204697,-37.413982,-503.22503,-37.413982,803.766477,-142.91955,-28.637642,-117.995613,-28.637642,-64.898208,109.675347,-117.995613,109.675347,1177.575632,242.036518,1.0,3.906219,0.606697,0.996748,3.0,143.0,1291.064239305358,5.334171264624447,0.007615566179970728
45295.0,-0.606755,-0.648768,0.459291,0.574031,0.042066,0.817752,-0.549852,0.759822,0.34689,-95.826886,486.42774,-665.0905270000001,3.594541,3.595471,3.596117,89.937779,90.083147,90.049589,137.523125,0.073209,0.0688,89.136873,0.958904,-114.100203,221.050551,390.480071,221.050551,-426.884546,481.775884,390.480071,481.775884,1069.927387,-340.491681,30.501813,99.37724,30.501813,-133.894178,174.546013,99.37724,174.546013,1027.960214,596.953694,1.0,2.629848,1.216544,5.656757,3.0,140.0,1289.797950456847,2.1606331670624472,0.01075765805695248
45896.0,-0.109903,-0.802493,-0.586452,0.659275,-0.500409,0.561202,-0.743826,-0.324956,0.58406,-122.436251,-73.683223,-952.106811,3.598486,3.591197,3.595855,90.035377,90.070846,89.97957,86.427886,0.069565,0.061654,113.937071,1.0,-854.266485,-331.979708,-309.971509,-331.979708,-98.792341,-374.749333,-309.971509,-374.749333,1318.777501,-109.377138,-81.169133,20.675094,-81.169133,-24.757435,-251.045353,20.675094,-251.045353,1010.239935,178.993671,1.0,3.948989,0.947075,4.300507,3.0,142.0,1103.852781304186,6.166993364274796,0.008776774681174663
45300.0,0.535714,0.624584,-0.568248,-0.28483,0.767183,0.574719,0.794911,-0.14603,0.588891,421.702609,-200.11374,-889.664121,3.594299,3.59621,3.594209,90.045221,89.888785,89.990412,110.22014,0.07261,0.064234,99.982515,0.986486,-178.152557,768.983272,-315.785834,768.983272,-521.129467,122.790327,-315.785834,122.790327,835.546207,-561.491586,186.888016,-139.110537,186.888016,-202.824794,211.558486,-139.110537,211.558486,1009.735149,433.217107,1.0,3.92133,0.941111,1.752477,3.0,146.0,1451.938485847744,3.351526203344837,0.009866585172417397
45301.0,-0.720041,-0.546984,-0.427025,0.669957,-0.708312,-0.222378,-0.18083,-0.446209,0.876469,78.298058,-292.891504,-760.825383,3.595145,3.593395,3.596014,90.075296,90.030542,89.908938,152.623376,0.079123,0.078331,99.539997,0.863014,165.125598,-296.278808,461.467698,-296.278808,-1002.126719,-161.492517,461.467698,-161.492517,927.739696,-575.780077,-240.867459,1.483258,-240.867459,-490.85205,2.633077,1.483258,2.633077,1082.582401,800.741679,1.0,5.192507,0.502318,3.526624,3.0,126.0,1630.9681555341497,2.036821859417848,0.008670022362970334
46224.0,0.060912,-0.197083,0.978493,-0.955927,0.270566,0.114003,-0.287215,-0.942312,-0.171916,181.570357,-270.12015,-907.421391,3.593018,3.599407,3.593455,89.973601,89.980057,89.956728,84.790566,0.062123,0.051618,94.87017,1.0,-370.935267,-109.488152,53.752117,-109.488152,-566.662351,-157.685986,53.752117,-157.685986,1398.879379,-601.664629,24.334785,327.11564,24.334785,-408.036823,-328.143111,327.11564,-328.143111,1361.570989,444.522248,1.0,1.686783,1.74357,3.437446,3.0,146.0,1916.5345959331378,4.311448087370281,0.010540721071755221
45631.0,0.410943,-0.510224,0.755511,-0.438621,0.615845,0.654481,-0.79921,-0.600338,0.029282,121.287172,-316.246577,-807.098942,3.594989,3.592068,3.59275,90.07865,89.972184,89.894355,189.735747,0.082412,0.083839,100.109175,0.816901,-205.598691,282.633618,63.893138,282.633618,-1696.942898,204.071452,63.893138,204.071452,672.087293,-451.162038,-110.771949,171.777706,-110.771949,-539.42267,-134.556476,171.777706,-134.556476,922.106424,881.009651,1.0,2.284664,1.54151,4.068143,3.0,115.0,1435.1913941682963,1.629030275138605,0.008160101209504524
46416.0,0.318095,-0.497145,-0.807256,0.863502,0.50344,0.030217,0.391383,-0.706679,0.589427,237.607298,-119.019117,-639.1871659999999,3.595222,3.597762,3.595255,90.029504,89.961506,90.055913,66.976962,0.063517,0.056544,109.620084,1.0,89.529973,-168.343696,333.676235,-168.343696,-101.863754,54.099571,333.676235,54.099571,1129.520991,-40.591207,-42.493765,245.291466,-42.493765,-56.243179,62.366316,245.291466,62.366316,1020.31243,319.870092,1.0,4.674974,0.940446,2.635811,3.0,146.0,1091.679500033836,3.4128839405024336,0.009122415925169332
46815.0,-0.48908,0.574361,0.656438,-0.775851,0.057429,-0.628297,-0.398567,-0.816585,0.417531,-19.977635,-379.805704,-655.14575,3.596315,3.598724,3.592538,90.084927,90.031962,89.994897,84.62774,0.073548,0.057659,105.267928,1.0,-199.053171,730.581307,-244.478266,730.581307,-196.947662,-106.781626,-244.478266,-106.781626,1328.585388,-392.132114,81.95154,-84.366463,81.95154,-154.487026,30.265468,-84.366463,30.265468,1285.987583,604.280953,1.0,0.807299,1.140069,3.595667,3.0,148.0,1576.3331873044392,2.6086097525970495,0.009499569517507744
46559.0,-0.298087,0.363884,0.882458,-0.953216,-0.162138,-0.25513,0.050242,-0.917224,0.395191,218.285202,40.150438,-721.365846,3.593532,3.598659,3.593455,90.054392,89.993999,90.0077,79.622363,0.057496,0.054658,88.3217,0.985915,-482.008713,12.719424,-190.501182,12.719424,-334.670655,54.93101,-190.501182,54.93101,1213.006956,-177.755364,-42.979832,-118.038276,-42.979832,-330.323128,9.787612,-118.038276,9.787612,1171.051295,359.971558,1.0,1.289357,1.16452,3.086871,3.0,140.0,1435.3563374430719,3.98741596535544,0.011162772002803387
45550.0,0.657726,0.489248,0.572742,-0.638519,0.765504,0.079353,-0.399613,-0.417899,0.815886,14.721168,-377.54451,-656.275622,3.593891,3.597189,3.597815,90.021343,90.038964,89.936014,108.490869,0.053473,0.051266,84.181458,0.924658,339.761794,517.825091,-74.164526,517.825091,-225.872883,-167.162205,-74.164526,-167.162205,1185.735636,-130.527509,136.228287,-70.272119,136.228287,-459.53062,122.838554,-70.272119,122.838554,1245.330526,426.838345,1.0,1.70847,0.616537,3.904626,3.0,135.0,1575.6995823311222,3.691560518844956,0.010984105312122296
45322.0,-0.350781,-0.330284,-0.876279,0.400555,0.792899,-0.459202,0.846468,-0.512078,-0.145837,530.416285,405.437056,-973.56121,3.598527,3.595778,3.589514,89.935217,89.979281,90.057248,170.557506,0.078234,0.072924,75.066978,0.950704,-632.559194,-944.48965,-243.71104,-944.48965,-752.704169,-103.784345,-243.71104,-103.784345,1272.568008,-321.468782,-112.603106,-0.339739,-112.603106,178.923854,40.652816,-0.339739,40.652816,1096.32171,726.533101,1.0,5.19508,1.717156,2.114853,3.0,135.0,1249.7279374108339,1.7201252574599954,0.01266474321105613
47039.0,-0.701334,-0.005454,0.712812,-0.69648,0.218206,-0.683595,-0.151811,-0.975888,-0.156834,-223.08925,463.877185,-694.189545,3.594385,3.600302,3.594827,89.97496,90.009001,89.974789,67.50598,0.052333,0.046084,109.811184,1.0,42.279596,-58.572812,-6.419141,-58.572812,-169.888783,-73.263892,-6.419141,-73.263892,1600.18376,-97.436363,198.483992,-15.058084,198.483992,-124.344533,-85.246511,-15.058084,-85.246511,1471.703839,396.45308,1.0,0.806319,1.72828,3.295918,3.0,150.0,1593.8365414663324,4.0202400280667066,0.009106540550550844
46340.0,0.197444,0.718563,-0.666846,0.630948,0.42747,0.647437,0.750281,-0.548577,-0.368974,349.9225,-234.869636,-808.193547,3.597545,3.59414,3.594609,89.968345,89.99234,90.058329,74.024949,0.051603,0.048401,127.446873,1.0,-498.83189,-182.23159,-57.644622,-182.23159,197.40794,305.181958,-57.644622,305.181958,877.907697,-172.186128,-56.16599,81.888859,-56.16599,-182.128806,53.345724,81.888859,53.345724,1046.318844,212.802317,1.0,3.941757,1.948702,2.202132,3.0,142.0,1227.394823868869,5.767770018541993,0.007846406714113732
45801.0,-0.27829,-0.493151,-0.824231,0.852949,0.267673,-0.448139,0.441625,-0.82774,0.346142,105.524318,-27.206047,-621.150941,3.594083,3.597593,3.594789,90.035851,89.971149,90.054563,99.57474,0.066593,0.061204,79.22412,0.944444,-81.58786,33.7868,60.476626,33.7868,-408.388461,-87.891669,60.476626,-87.891669,1113.849098,0.914435,53.05887,182.411415,53.05887,-483.496732,-221.696575,182.411415,-221.696575,1138.766607,556.70225,1.0,5.210387,1.217341,2.651481,3.0,134.0,1464.4039562506161,2.630497642591917,0.01192116744244051
46097.0,0.118019,0.19191,0.974291,-0.217689,0.962281,-0.163175,-0.968857,-0.192835,0.155344,-280.277948,-202.339723,-801.355522,3.599238,3.592868,3.592026,90.056493,90.027784,89.954531,96.995594,0.069632,0.058377,112.492407,1.0,-940.613582,-370.203217,-18.289948,-370.203217,-472.257065,-93.18194,-18.289948,-93.18194,1387.484161,-805.696938,-257.659763,-92.027243,-257.659763,-119.64151,190.74723,-92.027243,190.74723,1382.610643,652.320683,1.0,1.404856,1.41482,4.515923,3.0,144.0,1959.9728007752524,3.004615447361574,0.008889488870124362
46515.0,-0.253752,0.956316,0.145152,-0.966247,-0.25751,0.007394,0.044449,-0.138377,0.989382,284.447373,-329.691056,-1012.643716,3.594318,3.594739,3.599861,90.051424,90.040405,89.930576,190.337076,0.063548,0.0744,69.213416,0.875,-370.788567,-483.474544,-76.324403,-483.474544,197.60164,541.214329,-76.324403,541.214329,1478.677177,-394.507588,184.984131,510.496085,184.984131,-837.514742,85.333867,510.496085,85.333867,1553.118872,563.535171,1.0,1.621691,0.145857,2.830786,3.0,125.0,2253.6408451817474,3.999113029950969,0.012642057718983269
47131.0,0.839706,-0.429798,-0.331915,0.454868,0.22282,0.862233,-0.296628,-0.875,0.382605,260.252703,-272.743631,-938.9052320000001,3.594471,3.597985,3.593669,90.089728,90.024417,89.956081,80.976586,0.061251,0.05639,103.33844,1.0,-300.470629,193.300522,-25.115427,193.300522,-582.855602,100.298148,-25.115427,100.298148,1411.88363,-105.832356,-61.96399,188.674832,-61.96399,-279.360908,-157.393836,188.674832,-157.393836,1209.015686,292.090165,1.0,3.509056,1.178182,3.468438,3.0,140.0,1426.625080272337,4.88419416748365,0.009676941126651418
46817.0,-0.490495,0.630828,0.601224,-0.775639,-0.63052,0.028778,0.397238,-0.452217,0.798562,533.896494,225.951859,-679.0344230000001,3.593016,3.59583,3.596147,90.03602,89.896915,90.022989,80.587433,0.061537,0.053782,132.79939,1.0,-498.827132,-579.333927,-109.624644,-579.333927,-393.009967,-160.639676,-109.624644,-160.639676,1104.964147,67.308943,52.900044,183.593162,52.900044,-65.701991,2.799089,183.593162,2.799089,1215.16783,177.207474,1.0,1.618626,0.645894,2.420828,3.0,150.0,1230.989130619842,6.946598260408825,0.007530155070742419
46325.0,0.225686,-0.256742,-0.93976,0.934096,0.330958,0.133909,0.276641,-0.908048,0.314515,-278.382599,-225.12277,-741.970475,3.593786,3.597923,3.594484,90.01288,89.980934,90.05168,92.284786,0.055282,0.052265,105.914374,0.985507,-90.660284,-150.018965,216.936714,-150.018965,-383.387377,60.313511,216.936714,60.313511,1022.425889,-210.994718,-104.28886,59.694098,-104.28886,-250.372469,47.676856,59.694098,47.676856,1172.213183,561.60913,1.0,4.570849,1.250851,2.845871,3.0,136.0,1407.7701505075636,2.5066724796791737,0.009304752157624989
46046.0,0.228068,0.568223,0.790637,-0.814335,-0.333799,0.474802,0.533707,-0.752131,0.386595,118.506502,-211.074319,-755.959965,3.596331,3.597077,3.594808,90.041472,89.968918,90.01088,119.359763,0.061239,0.05858,77.661763,0.901408,-7.470128,-294.729461,43.668675,-294.729461,223.525337,92.502953,43.668675,92.502953,895.145382,112.323348,-149.234493,20.191736,-149.234493,-481.730276,172.73239,20.191736,172.73239,1234.033643,735.310076,1.0,2.111606,1.173859,2.524457,3.0,127.0,1522.1288049680486,2.070050247710802,0.01160684441325392
45569.0,-0.451862,-0.496434,-0.741198,0.727386,0.275981,-0.628286,0.516459,-0.823036,0.236394,499.802625,-50.113369,-875.482676,3.5944,3.596413,3.593014,90.066831,90.015539,90.081915,59.609824,0.058534,0.047065,149.035345,1.0,-1009.746534,63.423328,-7.324768,63.423328,-165.49292,-63.158989,-7.324768,-63.158989,1064.206228,-260.007201,22.37395,-12.712291,22.37395,-88.803514,-112.806587,-12.712291,-112.806587,974.050831,308.652252,1.0,5.415525,1.332144,2.581194,3.0,140.0,1162.3146240474166,3.7657739948951243,0.006709817728136906
45341.0,-0.65418,-0.708711,0.264152,0.653692,-0.35412,0.668795,-0.380441,0.610186,0.694937,-360.823252,427.627276,-860.075725,3.597769,3.594333,3.597079,89.903528,89.993871,89.958882,125.940763,0.059651,0.059112,100.566353,0.992857,347.563697,-849.075949,23.501213,-849.075949,118.469029,456.347974,23.501213,456.347974,912.399125,-486.510871,-99.014027,24.758294,-99.014027,-14.488919,108.834891,24.758294,108.834891,1023.022159,504.177521,1.0,2.765432,0.802464,5.725677,3.0,139.0,1343.747856751572,2.6652276247587245,0.009872655917034198
46138.0,0.156855,-0.283382,0.946093,-0.899948,0.353571,0.255109,-0.406804,-0.89145,-0.19957,-96.249007,-181.019093,-796.528932,3.593169,3.598585,3.593712,90.020824,89.969184,89.917795,101.643874,0.065303,0.058886,96.014767,1.0,-67.248533,-157.474835,365.807753,-157.474835,-852.367843,63.820707,365.807753,63.820707,1265.150356,-146.563835,-68.06073,68.721161,-68.06073,-405.191198,-166.338897,68.721161,-166.338897,1225.909526,397.683169,1.0,1.834177,1.771715,3.569706,3.0,148.0,1527.513673550754,3.841031737379748,0.010415064591053999
45345.0,0.58136,-0.105354,0.806797,-0.349976,0.862787,0.36485,-0.734532,-0.494469,0.464718,372.033681,300.198318,-977.71272,3.597399,3.595905,3.595178,89.966164,90.015653,89.918701,134.247164,0.089895,0.080382,77.872644,0.971831,67.092532,442.359941,-490.198894,442.359941,139.880327,-130.809872,-490.198894,-130.809872,977.368473,-467.405493,-141.19169,-95.202478,-141.19169,-270.871092,149.514511,-95.202478,149.514511,873.281839,513.838843,1.0,1.995495,1.08748,4.119894,3.0,138.0,1269.2879920826767,2.4702063874191715,0.012479748343975583
47025.0,-0.61326,0.71114,0.34379,-0.640143,-0.70244,0.311118,0.46274,-0.029279,0.88601,-186.210226,371.811252,-812.998615,3.596278,3.590109,3.597579,89.999249,89.957504,90.023773,105.220642,0.055677,0.051854,87.562612,1.0,-369.580387,748.219185,-64.455924,748.219185,-721.332594,-32.981379,-64.455924,-32.981379,1019.824516,-29.551835,214.60726,2.702795,214.60726,-332.148105,30.260526,2.702795,30.260526,1024.783901,405.892435,1.0,2.306347,0.482128,1.633985,3.0,143.0,1247.9827195519842,3.074663659479104,0.011420399382329983
45684.0,0.362509,0.289047,0.886024,-0.421706,0.898672,-0.120637,-0.831115,-0.32991,0.447669,209.117537,-314.296726,-658.7694779999999,3.598321,3.597452,3.595139,90.070689,90.009074,90.012349,107.530823,0.047981,0.046247,145.798004,1.0,-108.819417,-427.36007,-143.108146,-427.36007,995.030037,-80.532254,-143.108146,-80.532254,974.536704,-178.666903,-6.05735,-148.130144,-6.05735,-57.590485,99.86349,-148.130144,99.86349,1033.110378,140.66719,1.0,1.435474,1.106639,4.334516,3.0,144.0,1166.3232767591935,8.291366855051228,0.0068588044593532295
46222.0,0.125834,-0.435843,-0.891183,0.868528,0.482507,-0.113341,0.479401,-0.759755,0.439257,17.287625,-44.893916,-964.161733,3.593988,3.597494,3.594563,90.01694,89.995234,90.032915,51.514383,0.054236,0.044867,115.569023,1.0,10.297227,-74.175337,260.492293,-74.175337,-212.924763,-273.002895,260.492293,-273.002895,710.024513,-152.392034,-118.651428,59.220503,-118.651428,-114.045289,-147.383462,59.220503,-147.383462,1014.578052,245.416292,1.0,4.83889,1.116025,2.578694,3.0,142.0,1161.0428440933222,4.7309118503563825,0.00865283770721156
47186.0,0.672532,0.344073,-0.655221,0.295333,0.687025,0.66391,0.678586,-0.640009,0.36043,0.238318,-1.327881,-930.8702069999999,3.595152,3.595771,3.595014,90.015911,89.938865,90.101232,105.262846,0.062389,0.063057,94.445714,0.978261,-698.831334,-275.190384,-39.173256,-275.190384,-97.167303,-8.315442,-39.173256,-8.315442,1271.563164,124.816757,-116.567781,-75.738744,-116.567781,-211.242391,-33.356211,-75.738744,-33.356211,883.710038,483.76528,1.0,3.920404,1.202067,2.326946,3.0,135.0,979.3955144010483,2.0245262628211935,0.010357918412263791
45597.0,0.665091,0.211652,0.716141,-0.723937,-0.052547,0.687862,0.183218,-0.975931,0.118274,130.526634,23.516925,-813.973504,3.5927,3.598946,3.592179,90.029142,90.010609,90.034253,140.116125,0.05723,0.063879,84.458906,0.912162,-813.417294,-56.242144,-36.655914,-56.242144,-543.435681,37.872937,-36.655914,37.872937,1246.927929,-472.008486,22.653427,61.228204,22.653427,-579.423624,-42.657346,61.228204,-42.657346,1107.010434,494.448106,1.0,2.336055,1.452244,2.956016,3.0,135.0,1636.7683362961577,3.3102934694953765,0.010800068852419187
47171.0,0.70235,0.303967,-0.643668,0.321032,0.671799,0.667552,0.635329,-0.675493,0.374255,388.254426,514.404606,-883.527045,3.593327,3.596745,3.594479,90.097155,89.99371,90.068796,102.070803,0.078665,0.060834,105.014872,1.0,-146.817429,-76.665463,-577.113572,-76.665463,-817.976496,-277.801338,-577.113572,-277.801338,1054.724857,-201.212306,31.45795,-54.747053,31.45795,-162.115547,22.859741,-54.747053,22.859741,1038.655656,320.568311,1.0,3.908778,1.187203,2.386826,3.0,142.0,1222.1736204393928,3.8125216326806326,0.00952246078060258
47060.0,-0.709814,0.514957,0.480608,-0.681609,-0.674259,-0.284225,0.17769,-0.529333,0.829598,384.730959,-100.435553,-800.697813,3.592763,3.595506,3.598947,90.01073,90.007361,89.99192,127.870528,0.069422,0.067869,85.490398,0.972222,-4.285236,-438.798797,526.874955,-438.798797,-60.018845,-38.405622,526.874955,-38.405622,897.827394,-318.804588,-166.543367,12.089604,-166.543367,-246.400512,-34.934417,12.089604,-34.934417,888.857032,498.168376,1.0,1.036734,0.592409,2.817725,3.0,138.0,1182.4029616659682,2.3735006448220792,0.011372294699107612
45377.0,-0.557546,-0.749937,0.356,0.603524,-0.071724,0.794112,-0.570001,0.657609,0.492595,470.368896,485.388369,-912.022089,3.594966,3.59224,3.590335,89.820072,90.095609,90.107703,246.524841,0.064794,0.083309,80.551915,0.951389,-1821.03964,-801.794197,278.664484,-801.794197,-1651.988806,16.382082,278.664484,16.382082,1607.003073,-258.840891,18.820851,118.759502,18.820851,-0.474163,-103.943199,118.759502,-103.943199,977.076124,871.659961,1.0,2.720154,1.055728,5.569032,3.0,137.0,1137.4845375359455,1.3049636193349778,0.011810879977217179
46166.0,0.120146,0.932993,-0.339248,-0.866924,0.265114,0.422087,0.483743,0.24339,0.840686,238.389643,106.087469,-691.120155,3.594404,3.591074,3.596656,89.991019,89.956703,89.984235,154.558798,0.067261,0.074841,81.910341,0.846667,-877.282611,-271.592178,-291.861555,-271.592178,-369.346193,-21.448899,-291.861555,-21.448899,666.070072,61.922516,-106.470069,-25.671165,-106.470069,-407.209138,103.122873,-25.671165,103.122873,839.671343,648.848771,1.0,3.818609,0.572247,1.104641,3.0,127.0,1098.5518871325758,1.6930784741096099,0.010336509281532597
45592.0,0.632828,0.504992,0.58695,-0.676229,-0.008779,0.736639,0.37715,-0.863079,0.335935,-62.042171,477.10391,-930.839354,3.595358,3.597879,3.593687,90.00762,89.985965,90.118049,110.792694,0.056604,0.055968,107.994773,1.0,-417.154793,138.426516,44.236904,138.426516,-214.625698,-658.406225,44.236904,-658.406225,1382.073426,-201.659963,-3.420184,-1.537864,-3.420184,-210.427575,15.024924,-1.537864,15.024924,1045.322137,265.907459,1.0,2.468809,1.228199,2.729617,3.0,148.0,1251.46080331485,4.706377203637788,0.009259707411950391
47102.0,0.524994,0.524851,-0.670009,0.262291,0.649135,0.714021,0.809682,-0.550594,0.203128,61.782214,314.450496,-932.125853,3.595463,3.593637,3.592535,90.099251,89.955129,90.080968,133.891949,0.063163,0.058172,107.88465,1.0,-360.839699,8.147009,-420.903982,8.147009,-1325.221759,268.059277,-420.903982,268.059277,964.225931,-313.405058,-18.22942,91.330215,-18.22942,-213.573481,23.978688,91.330215,23.978688,916.650524,361.044912,1.0,3.895202,1.366245,2.167982,3.0,144.0,1186.2297682488481,3.2855462819784815,0.009269159236276895
45386.0,0.719411,0.665116,0.200173,-0.502311,0.299149,0.811291,0.479721,-0.684201,0.549306,344.085807,353.647205,-850.0387,3.595079,3.596738,3.594141,90.080666,89.984667,90.058198,147.112439,0.066883,0.073907,72.933798,0.931507,-347.64842,-247.754441,-245.689058,-247.754441,-334.74848,-167.382157,-245.689058,-167.382157,1164.261669,-74.153077,-249.938422,-119.232042,-249.938422,-406.857044,-207.038361,-119.232042,-207.038361,1196.446815,745.682438,1.0,2.89969,0.989263,2.530102,3.0,136.0,1495.8316826815108,2.0059902264742764,0.012771952449260904
45586.0,0.679343,0.502257,0.535005,-0.726055,0.565833,0.390739,-0.106471,-0.653889,0.749061,457.123139,90.062552,-798.233922,3.592131,3.596257,3.595193,90.063134,90.086467,90.022512,99.064229,0.064767,0.060741,104.346599,0.978571,-1172.00263,318.571283,-292.4909,318.571283,116.98322,91.687336,-292.4909,91.687336,875.445176,-332.919539,-158.96723,85.292785,-158.96723,-211.437317,26.282901,85.292785,26.282901,938.687591,313.054165,1.0,2.201601,0.724152,3.303004,3.0,136.0,1225.6394805852901,3.9151035750803382,0.009378082365674419
45389.0,-0.673735,-0.402705,-0.619604,0.7242,-0.526633,-0.445188,-0.147025,-0.748656,0.64645,-180.945769,-357.094507,-796.825971,3.591655,3.598212,3.596873,90.007611,89.963654,89.870617,150.02322,0.05078,0.055074,120.033271,1.0,837.187169,779.123169,481.425709,779.123169,-1162.121811,-52.961473,481.425709,-52.961473,1023.190107,-64.669651,53.26588,112.883277,53.26588,-181.503811,32.201077,112.883277,32.201077,869.460764,584.730625,1.0,5.335426,0.867873,3.33551,3.0,136.0,1003.9177225782744,1.7168892472123798,0.008331023487646187
46186.0,0.099582,0.913623,-0.394178,-0.825523,0.297023,0.479884,0.555513,0.277615,0.783795,-236.534138,-136.48235,-783.040769,3.594909,3.59118,3.596923,89.964128,89.951948,89.952899,92.156823,0.044435,0.045243,110.334371,1.0,-915.316961,-428.147011,-85.845977,-428.147011,-360.578996,54.170435,-85.845977,54.170435,939.054778,-235.840953,13.476749,-87.229281,13.476749,-31.094789,35.686063,-87.229281,35.686063,904.694953,320.667195,1.0,3.829248,0.670042,1.107352,3.0,144.0,1056.4188761471753,3.2944401317608287,0.00906335886937716
45398.0,-0.623502,-0.601167,-0.499843,0.697705,-0.139365,-0.702698,0.352778,-0.786877,0.506332,-239.234546,-402.569029,-916.06811,3.590841,3.602669,3.594024,89.931788,89.951439,89.934377,206.334141,0.088626,0.101815,76.33136,0.866197,1375.993369,728.421912,1336.239586,728.421912,-993.3183,35.949607,1336.239586,35.949607,537.726618,-59.401181,288.570708,298.127222,288.570708,-601.069287,16.659946,298.127222,16.659946,945.495341,543.114396,1.0,5.664902,1.03987,2.720131,3.0,123.0,1406.0101666216312,2.5887919321910795,0.011347852311291191
46163.0,0.071365,-0.249603,-0.965715,0.933412,0.358031,-0.02356,0.351637,-0.899729,0.258534,450.268988,75.937228,-800.8502,3.594465,3.598277,3.59201,90.020214,89.994298,90.041247,59.601106,0.051953,0.049905,115.647497,1.0,-726.514046,-20.561133,305.306519,-20.561133,-180.846398,-88.980872,305.306519,-88.980872,1055.063856,-451.613486,13.260695,146.826083,13.260695,-240.124395,-115.214929,146.826083,-115.214929,1152.114221,314.943483,1.0,4.736781,1.309292,2.76902,3.0,138.0,1517.8127181097313,4.819317750765242,0.00864696622011629
46225.0,0.127533,-0.894708,-0.428057,0.835012,-0.13605,0.533146,-0.535248,-0.425427,0.729741,498.908136,515.192505,-823.110121,3.59067,3.593615,3.595618,90.0231,90.060803,89.898938,152.326139,0.061062,0.062611,84.306974,0.985714,-521.858114,-650.084005,180.078772,-650.084005,-1370.032967,229.087671,180.078772,229.087671,688.637832,-386.602953,-39.909402,145.215792,-39.909402,-296.759565,248.241349,145.215792,248.241349,857.611641,504.513931,1.0,3.818092,0.752853,4.040813,3.0,138.0,1227.837713723415,2.433704281048713,0.011691962755062233
46390.0,0.224155,0.757721,-0.612874,0.60455,0.385138,0.697272,0.764378,-0.52681,-0.371749,507.874604,-329.059019,-913.195304,3.597017,3.594009,3.586453,89.884022,90.091332,90.056985,192.439138,0.074255,0.07442,120.894041,1.0,-1841.266058,1207.333967,-81.897446,1207.333967,-1280.216002,180.671269,-81.897446,180.671269,1242.537831,-241.804974,91.301908,64.744122,91.301908,-301.023653,162.39478,64.744122,162.39478,1137.423076,603.599441,1.0,3.86266,1.951689,2.174237,3.0,142.0,1420.0802291567836,2.352686455116819,0.008271706295267274
46483.0,0.308529,-0.607691,-0.731793,0.659234,0.691206,-0.296049,0.685726,-0.391083,0.613868,-110.978208,241.178538,-978.64206,3.595858,3.598546,3.59527,90.031533,89.944549,90.025643,113.255777,0.062819,0.062448,96.127068,0.993056,119.715409,-495.672053,243.953035,-495.672053,373.736982,-272.082566,243.953035,-272.082566,1023.194613,5.238489,-19.9859,12.140605,-19.9859,-15.627554,-143.709601,12.140605,-143.709601,1182.851438,399.273873,1.0,5.096814,0.909846,2.089106,3.0,142.0,1194.855318339949,2.9925707619239814,0.010330659414266127
45410.0,-0.523118,-0.842888,0.126043,0.61595,-0.2717,0.739449,-0.589027,0.464455,0.661308,340.348344,362.829334,-906.00331,3.593628,3.593149,3.593976,89.901904,90.086623,89.968377,184.629579,0.067022,0.074414,80.961033,0.921429,-241.603455,-454.892364,21.377786,-454.892364,-1391.741237,349.962174,21.377786,349.962174,666.257282,-396.099879,123.374862,-18.175593,123.374862,-465.223057,-54.169834,-18.175593,-54.169834,1142.77696,618.0422,1.0,2.97276,0.848235,5.380086,3.0,129.0,1578.9732603062764,2.55479845924158,0.01138114183893874
45417.0,-0.651588,-0.590638,-0.476003,0.741475,-0.36343,-0.564032,0.160145,-0.720462,0.674751,423.507849,-374.010867,-760.279061,3.587261,3.594678,3.595007,90.066016,90.033478,90.168229,167.168699,0.073535,0.065744,94.876808,0.985507,-2507.355785,1022.42258,-180.697953,1022.42258,-327.70001,375.223388,-180.697953,375.223388,806.306019,-266.615973,-184.910525,37.228044,-184.910525,-274.247589,-67.48455,37.228044,-67.48455,1115.654321,453.386728,1.0,5.582227,0.830169,2.922867,3.0,136.0,1396.91709089446,3.0810718634323586,0.01038722761414992
45420.0,-0.609991,0.326852,-0.721857,0.711734,0.626459,-0.31778,0.348347,-0.707613,-0.614766,287.341218,-149.373361,-746.659172,3.594729,3.59519,3.594636,89.944224,90.005486,90.041016,118.801878,0.060641,0.061987,73.740777,0.859155,-132.205539,-181.581496,-91.303012,-181.581496,-447.000138,-11.366994,-91.303012,-11.366994,671.505669,-238.285236,82.138585,39.274338,82.138585,-367.809298,-27.777777,39.274338,-27.777777,714.071407,585.941676,1.0,5.127085,2.232886,2.684137,3.0,122.0,1026.6003985129291,1.7520521931826694,0.011651016370494713
46057.0,0.049076,0.769533,-0.636719,0.3296,0.589299,0.737625,0.942844,-0.246062,-0.224718,49.613948,-228.689821,-969.08663,3.599339,3.592567,3.591553,90.017027,90.042885,90.006837,106.200007,0.063097,0.058609,93.942853,0.992958,-549.823416,182.503094,235.602135,182.503094,-887.822612,417.436932,235.602135,417.436932,1225.804493,-217.685146,22.963561,26.019263,22.963561,-659.840163,389.234517,26.019263,389.234517,1172.485544,627.263074,1.0,3.853701,1.79745,1.826081,3.0,141.0,1690.3483158115707,2.6947996556410887,0.010569808860286583
47057.0,0.83347,-0.510625,-0.211162,0.533872,0.842712,0.069409,0.142507,-0.170584,0.974984,-232.863485,-176.960197,-889.221295,3.588055,3.593307,3.599509,90.031493,89.982632,89.990972,162.693664,0.06275,0.069335,72.564904,0.875,-1516.225185,-591.150523,-300.413443,-591.150523,-757.01969,-134.310271,-300.413443,-134.310271,1341.292006,-937.102025,-180.902228,-232.431207,-180.902228,-233.187525,269.749693,-232.431207,269.749693,1374.563544,685.618959,1.0,4.394812,0.224149,2.445634,3.0,126.0,2081.277131296508,3.0356178223719565,0.012058170710182432
46289.0,0.075479,0.968349,-0.237915,-0.206537,0.248603,0.946329,0.975523,-0.022289,0.218764,-151.486854,144.801503,-810.778132,3.599853,3.592144,3.594018,90.003626,89.990635,89.955506,115.74331,0.059726,0.059055,72.418928,0.915493,-611.957164,-238.530062,472.890358,-238.530062,-250.553563,-157.16301,472.890358,-157.16301,1361.575716,-808.401999,-219.83297,469.596656,-219.83297,-170.160576,-245.361143,469.596656,-245.361143,1404.804381,587.031697,1.0,3.387896,1.350249,1.593641,3.0,130.0,2034.6650433257173,3.4660224545348823,0.012641625957235933
46947.0,0.767571,0.067083,-0.637443,0.619548,0.177276,0.764679,0.164301,-0.981872,0.094511,180.042784,434.781967,-795.644678,3.593648,3.599296,3.597014,89.988637,89.876809,90.041941,108.133462,0.069577,0.062818,125.803852,0.993151,-1015.708277,-303.716682,139.848592,-303.716682,1256.832583,131.050953,139.848592,131.050953,1352.182336,-323.742635,-116.021055,-76.869011,-116.021055,-221.819496,-124.236407,-76.869011,-124.236407,1269.318547,130.45488,1.0,3.836494,1.476144,2.975795,3.0,145.0,1553.0504726924157,11.90488598580916,0.007894440306962937
45449.0,-0.632824,-0.657833,-0.408399,0.75939,-0.630284,-0.161458,-0.151195,-0.412309,0.898411,222.954885,-350.999488,-805.544294,3.595886,3.594313,3.597224,90.049647,90.063938,90.030244,126.704846,0.069878,0.069754,90.610991,0.959459,-550.380466,-171.571778,115.158812,-171.571778,456.032823,-288.100906,115.158812,-288.100906,984.402464,-231.193287,-26.256417,-198.600805,-26.256417,-306.595562,24.850797,-198.600805,24.850797,935.694336,717.436978,1.0,5.088876,0.45466,3.493069,3.0,142.0,1218.9586294038875,1.6990462811130536,0.010588770627174797
45664.0,0.505266,0.793065,0.340227,-0.634527,0.074216,0.769329,0.584878,-0.604599,0.54072,317.248499,229.625838,-622.469616,3.595154,3.594438,3.594146,90.040329,89.977903,90.048494,115.796908,0.061165,0.060738,82.939926,0.986111,-505.486215,-78.198795,-10.597205,-78.198795,-240.727515,-118.051563,-10.597205,-118.051563,611.444483,-399.038636,119.303237,30.877399,119.303237,-168.365059,-13.614078,30.877399,-13.614078,1014.023245,497.531782,1.0,2.725212,0.999504,2.372773,3.0,142.0,1317.3940771402536,2.6478591414693855,0.011889460812877985
45739.0,-0.337923,-0.246728,-0.908258,0.828919,0.379035,-0.41137,0.445759,-0.891884,0.076433,205.214455,30.997341,-726.854369,3.594149,3.597549,3.591983,90.034256,89.995644,90.068771,134.401422,0.07277,0.075342,74.648687,0.804348,-814.836338,-64.503033,-117.869439,-64.503033,-440.716117,-81.828106,-117.869439,-81.828106,1104.661317,-525.73965,-26.47405,155.378056,-26.47405,-519.620628,94.702651,155.378056,94.702651,1135.262044,662.321239,1.0,5.13767,1.494289,2.67811,3.0,111.0,1665.5807455000825,2.514762697350375,0.010775112494610923
45453.0,-0.475376,0.501351,-0.722955,0.609051,0.780533,0.140801,0.634882,-0.373383,-0.676395,208.847554,-368.331587,-828.392571,3.594224,3.595031,3.59558,89.944191,90.072661,89.974056,78.593825,0.065314,0.054729,105.971853,0.993333,-787.362427,115.810226,308.746121,115.810226,214.256869,-118.989749,308.746121,-118.989749,742.777644,-204.439465,-127.686887,103.256089,-127.686887,-184.874081,-23.230721,103.256089,-23.230721,786.435581,336.445906,1.0,4.520039,2.313654,2.102431,3.0,148.0,991.694701425137,2.947560614469588,0.00937355507032608
47034.0,-0.657874,0.605359,0.448044,-0.667576,-0.744116,0.025167,0.348632,-0.282547,0.893657,102.798187,37.825213,-878.080297,3.593009,3.593301,3.597258,90.068317,89.952976,89.938603,134.932412,0.072378,0.073514,85.418367,0.938356,-1207.082224,82.617905,248.441805,82.617905,104.531425,165.178957,248.441805,165.178957,919.75575,-560.090965,-47.356651,92.157944,-47.356651,-283.374295,60.970491,92.157944,60.970491,1123.318356,491.99597,1.0,1.626908,0.465366,2.251874,3.0,136.0,1566.9880314757536,3.184961111522425,0.010985412540139053
45465.0,-0.62509,-0.375871,-0.684093,0.7703,-0.155476,-0.618437,0.126093,-0.913536,0.38672,557.523295,56.494773,-699.719397,3.594195,3.598511,3.593125,90.057552,89.979486,90.036254,115.256988,0.055146,0.058224,103.687253,0.97973,-375.524976,-190.438537,25.46319,-190.438537,-428.086343,255.861043,25.46319,255.861043,1250.845062,-173.135857,186.704661,31.900434,186.704661,-315.375295,101.473097,31.900434,101.473097,1194.626139,441.161413,1.0,5.447424,1.173724,3.004432,3.0,145.0,1456.0853086995699,3.300572683358347,0.009448895323709657
46946.0,0.756991,0.192823,-0.624327,0.608132,0.141634,0.781098,0.23904,-0.970958,-0.010046,81.949818,498.81814,-967.609051,3.595738,3.597707,3.590455,90.064364,90.013497,90.004309,166.170693,0.084155,0.085185,83.328277,0.979452,-39.12255,663.232284,-406.816225,663.232284,-850.784434,363.187116,-406.816225,363.187116,800.289561,-655.774289,-26.889862,-240.393099,-26.889862,-488.032587,-128.736427,-240.393099,-128.736427,1226.391081,494.052057,1.0,3.815903,1.580842,2.900203,3.0,141.0,1819.6922450731279,3.683199410448215,0.011754137194028385
45662.0,0.552811,-0.030068,0.832764,-0.709785,0.506585,0.489466,-0.436583,-0.861666,0.258704,315.888479,-270.745426,-824.017671,3.592951,3.597768,3.59378,90.035054,90.040832,89.946842,92.647734,0.067425,0.056333,104.249157,0.992647,-664.796519,203.033524,170.521485,203.033524,-336.598294,-144.497302,170.521485,-144.497302,1078.105319,-161.072138,-144.203655,160.695725,-144.203655,-194.507747,-144.430886,160.695725,-144.430886,1096.973563,396.501473,1.0,2.102168,1.309116,3.610564,3.0,135.0,1294.785317398635,3.2655246085268264,0.009521870761986113
46695.0,-0.154239,-0.597908,0.786585,-0.439789,0.754443,0.487239,-0.884758,-0.27078,-0.379318,472.679553,-80.184967,-650.528683,3.59794,3.595564,3.593166,89.980411,89.934189,89.948539,83.826901,0.055624,0.053288,99.885172,1.0,-385.268237,-335.340664,181.410383,-335.340664,-220.390323,-89.768652,181.410383,-89.768652,1285.932051,-181.206906,-40.504316,32.284476,-40.504316,-279.803565,123.037938,32.284476,123.037938,1240.553606,322.747532,1.0,2.125384,1.959855,4.415391,3.0,136.0,1478.0632621522595,4.579626846386728,0.0100114960006276
46344.0,0.180907,0.792851,-0.581946,0.51727,0.426555,0.741945,0.836483,-0.435246,-0.332951,585.533406,-220.898177,-690.119093,3.597606,3.596414,3.595116,90.033449,90.015955,90.03887,102.771731,0.062585,0.058357,124.183368,1.0,555.465037,-54.680906,-138.826606,-54.680906,-86.120391,261.252843,-138.826606,261.252843,897.717903,-308.99798,97.335507,145.13534,97.335507,-211.859452,105.883036,145.13534,105.883036,967.854946,535.389949,1.0,3.806719,1.910228,2.050574,3.0,138.0,1243.8126621067038,2.323190161544672,0.008052608139924181
46702.0,-0.324444,0.607625,0.724934,-0.703091,0.35777,-0.614543,-0.632771,-0.709079,0.311139,-113.633406,-417.817706,-695.297718,3.595633,3.594986,3.593535,90.087757,89.971889,89.973768,156.966502,0.068853,0.076308,75.452459,0.84058,-1005.749923,107.178906,22.529205,107.178906,438.173367,-157.365156,22.529205,-157.365156,547.900662,-231.366761,42.395819,-21.705095,42.395819,-474.084906,-75.743999,-21.705095,-75.743999,720.328453,790.491357,1.0,0.867625,1.254405,3.870184,3.0,116.0,1096.1905982591798,1.3867205359706163,0.011140524923117482
45475.0,-0.577666,-0.766014,-0.282002,0.74237,-0.636661,0.208685,-0.339395,-0.088799,0.936443,146.445368,346.38834,-692.844349,3.593149,3.594001,3.597882,89.995851,90.058568,89.990698,121.712306,0.072035,0.066867,95.471728,0.992754,-277.986851,191.182465,-104.006811,191.182465,-534.108271,-58.229095,-104.006811,-58.229095,1037.459947,-215.931576,87.631691,9.221767,87.631691,-517.383442,-73.606869,9.221767,-73.606869,1340.980686,539.123261,1.0,4.07531,0.358446,4.456485,3.0,137.0,1730.3380796025378,3.2095407576979653,0.01039840820729672
46001.0,0.045747,-0.602628,0.79671,0.246805,0.779639,0.575544,-0.967985,0.170302,0.184398,519.892667,-162.954324,-763.693646,3.600003,3.59025,3.593636,89.971823,89.996604,90.039884,102.841708,0.062834,0.054066,104.468717,1.0,-860.010953,576.009449,-204.40773,576.009449,-677.228233,-255.586902,-204.40773,-255.586902,1444.736618,-261.218534,-66.05508,-100.830244,-66.05508,-420.531451,-17.617405,-100.830244,-17.617405,1309.808751,345.500673,1.0,2.196399,1.385337,4.886542,3.0,148.0,1659.79594037666,4.8040309906332945,0.009572243526260594
47180.0,0.371051,-0.605686,0.703894,0.114422,0.78205,0.612621,-0.921536,-0.146773,0.359484,50.918913,-46.823085,-879.914612,3.598606,3.59346,3.593292,90.005975,90.034913,89.965195,78.188307,0.056747,0.046648,99.520217,1.0,-433.793313,4.558355,-174.176298,4.558355,-393.271856,-235.731432,-174.176298,-235.731432,1143.062657,-432.039614,-27.408047,-198.877312,-27.408047,-398.198452,-257.16252,-198.877312,-257.16252,1186.251047,455.142651,1.0,2.286976,1.203081,4.554446,3.0,152.0,1626.3677358686216,3.573314283544527,0.010048209601472232
46600.0,-0.204595,-0.5317,0.821849,-0.649652,0.701793,0.292301,-0.732184,-0.474112,-0.489003,171.250821,-359.650743,-640.037212,3.595716,3.587246,3.592852,89.822356,89.928026,89.926479,216.386016,0.086197,0.092881,71.076605,0.857143,-2358.126093,1097.347024,-479.849371,1097.347024,-1147.301869,86.811866,-479.849371,86.811866,1160.937342,-841.662109,-38.047311,-4.700861,-38.047311,-365.564669,237.023867,-4.700861,237.023867,894.090284,721.311983,1.0,1.912507,2.081743,4.137751,3.0,120.0,1567.276420584667,2.1728135086100004,0.012059425179354022
46961.0,0.769044,-0.603463,-0.210722,0.608239,0.79224,-0.048995,0.196509,-0.090491,0.976317,17.188272,-144.654251,-822.851059,3.593995,3.593955,3.600124,90.011778,89.978024,89.984083,43.470295,0.054638,0.047739,183.114892,1.0,-352.877133,38.852932,-182.933736,38.852932,-79.769479,-34.712292,-182.933736,-34.712292,1504.635647,-222.491517,-24.406235,-186.28804,-24.406235,-414.383348,-102.739965,-186.28804,-102.739965,1449.623617,199.703086,1.0,4.940839,0.218067,2.002339,3.0,146.0,1785.5104395617598,8.940825479090291,0.005461052288417919
47004.0,-0.234157,-0.588681,0.773708,-0.333036,0.796253,0.505043,-0.913377,-0.139414,-0.382501,-287.866491,80.982175,-653.6789220000001,3.599305,3.593482,3.592756,89.994522,89.974117,89.994677,122.221148,0.06069,0.061245,84.500814,0.972222,-494.760751,-21.98888,298.771808,-21.98888,-284.144718,406.646587,298.771808,406.646587,1146.714052,34.707597,-4.937884,259.215176,-4.937884,-538.274196,182.894464,259.215176,182.894464,1402.808162,724.592941,1.0,2.149107,1.963298,4.560923,3.0,140.0,1749.1153370054087,2.413928204422583,0.011505474965010396
47003.0,0.809074,0.022868,-0.587262,0.587143,0.012335,0.809389,0.025753,-0.999662,-0.003447,521.281384,-142.807876,-938.967217,3.592445,3.60094,3.592767,90.032212,90.013425,90.005418,96.937025,0.05702,0.053605,90.896549,0.992958,-489.228096,-82.552408,-178.783653,-82.552408,-696.936223,224.010713,-178.783653,224.010713,1723.440351,-642.319683,-53.003476,30.707908,-53.003476,-538.910736,66.626099,30.707908,66.626099,1594.546762,469.652525,1.0,3.769269,1.574243,3.115836,3.0,141.0,2188.4004284618104,4.659616018165367,0.010924045092184963
45519.0,-0.25476,-0.448447,0.856734,0.433765,0.738837,0.51572,-0.86426,0.503006,0.006295,284.576617,273.624368,-839.150977,3.599747,3.594437,3.59447,89.981197,89.963232,89.988613,101.950622,0.064646,0.061332,139.314105,1.0,-225.289768,-54.073339,182.831235,-54.073339,528.539974,-694.43104,182.831235,-694.43104,929.976714,-182.29565,-55.903008,37.101841,-55.903008,-22.699471,-46.894503,37.101841,-46.894503,1158.908684,178.078396,1.0,2.112656,1.564502,5.239474,3.0,140.0,1270.9345024105824,7.136938174188082,0.007178024077317942
45727.0,0.512779,0.021357,0.858255,-0.738844,0.520099,0.428493,-0.437226,-0.853839,0.282475,484.640304,-333.434592,-923.477797,3.589024,3.596092,3.594524,89.983042,90.06876,89.838345,206.768823,0.093262,0.085234,105.068922,0.830986,-954.504495,1255.455618,-263.31982,1255.455618,-1417.223171,83.684203,-263.31982,83.684203,1092.809824,-229.855368,-36.556582,75.413736,-36.556582,-235.735223,38.37737,75.413736,38.37737,959.714055,528.22244,1.0,2.033852,1.284423,3.614851,3.0,118.0,1195.1890264288263,2.262662348136566,0.007908960938992026
46994.0,-0.564144,0.537134,0.627079,-0.637459,-0.766035,0.082677,0.524774,-0.353096,0.774555,213.328215,123.78961,-952.033326,3.592138,3.594661,3.596919,90.063224,89.926318,89.965267,74.613505,0.055951,0.053609,166.434312,1.0,-1009.110707,-238.953003,482.650645,-238.953003,-5.021606,275.545014,482.650645,275.545014,872.839387,-37.206225,-2.22715,84.633155,-2.22715,-22.01353,98.885234,84.633155,98.885234,1035.185676,118.284528,1.0,1.701885,0.684785,2.16307,3.0,148.0,1070.8278104852347,9.052982909863196,0.006008376445837683
46555.0,0.36983,-0.518209,-0.771158,0.628129,0.75104,-0.203454,0.684602,-0.409143,0.603259,30.603199,107.634594,-826.307483,3.59604,3.595635,3.595562,90.052775,89.962712,90.031787,55.581821,0.061242,0.051688,120.966077,1.0,-195.34895,72.339302,77.488503,72.339302,88.337456,-189.463639,77.488503,-189.463639,945.787985,-329.218979,-20.619536,107.596257,-20.619536,-95.160157,-76.178185,107.596257,-76.178185,964.135119,310.712392,1.0,4.97034,0.923215,2.109476,3.0,144.0,1199.2419877172574,3.8596529092320764,0.00826678044622378
45528.0,-0.493126,-0.855098,-0.160108,0.725913,-0.505876,0.465983,-0.479456,0.113564,0.870187,484.83808,-9.622174,-983.56167,3.594505,3.59313,3.59751,90.006564,90.066369,90.018213,112.019533,0.06696,0.063529,90.646309,0.985507,-565.009484,50.022582,111.915105,50.022582,-230.129932,95.305392,111.915105,95.305392,1051.869978,-311.180478,-154.514492,-14.766028,-154.514492,-235.614999,60.557361,-14.766028,60.557361,1137.635269,423.870596,1.0,3.472547,0.515214,4.944962,3.0,136.0,1419.9002510074502,3.3498437126963396,0.010872003624549126
45535.0,-0.485745,-0.087069,-0.869753,0.728642,0.509302,-0.457922,0.482838,-0.856172,-0.183949,1.542929,-225.869984,-727.978958,3.59621,3.597743,3.592232,89.992227,90.024151,90.011997,157.171663,0.075041,0.076398,73.065454,0.934783,-601.68515,-367.750685,-63.062577,-367.750685,318.814873,-144.455387,-63.062577,-144.455387,829.489279,-731.261278,-136.116239,-45.135668,-136.116239,-141.107939,-93.096328,-45.135668,-93.096328,1203.742288,862.292036,1.0,5.197008,1.755798,2.628103,3.0,129.0,1724.092453296242,1.9994298698315263,0.012793775290850858
46219.0,0.069773,-0.266913,0.961192,-0.862411,0.468137,0.192599,-0.501376,-0.842381,-0.197526,-155.355141,-276.451884,-712.794163,3.594998,3.597566,3.593208,89.998848,89.991103,89.933259,77.058194,0.055904,0.050634,125.940148,1.0,-353.756902,-87.606612,252.803622,-87.606612,-284.957259,26.471497,252.803622,26.471497,1069.903972,-221.211461,36.604737,97.289793,36.604737,-45.901204,-372.435171,97.289793,-372.435171,1178.722926,493.137207,1.0,1.768553,1.769629,3.678468,3.0,144.0,1362.8139977045034,2.763559468560853,0.007940279695399437
46221.0,0.065748,0.26282,0.962602,-0.980199,-0.163565,0.111608,0.186781,-0.95088,0.246862,517.126093,-346.84054,-807.300852,3.587951,3.598312,3.586907,90.143358,90.154715,90.067703,283.469792,0.080339,0.096683,77.768543,0.830986,-2783.508974,1426.539127,20.205326,1426.539127,-1669.072736,387.4033,20.205326,387.4033,1371.079369,-252.839747,-81.575956,-232.349258,-81.575956,-617.270035,233.876707,-232.349258,233.876707,1425.884988,847.500392,1.0,1.686225,1.321356,2.947632,3.0,117.0,1910.290201942385,2.25402869423379,0.010685374419320163
45546.0,-0.416108,0.515338,-0.749187,0.650034,0.744707,0.151219,0.635854,-0.424073,-0.644866,8.485304,-41.139686,-872.393208,3.595373,3.595051,3.595733,89.984163,90.02762,90.07501,89.470368,0.067089,0.059526,92.394447,0.993151,232.094921,4.31653,-213.554122,4.31653,-521.881236,-108.809006,-213.554122,-108.809006,827.54946,-294.292911,-116.753829,-185.318798,-116.753829,-348.084622,-123.304264,-185.318798,-123.304264,1118.238303,418.517312,1.0,4.51322,2.271644,2.158985,3.0,145.0,1456.5384618291994,3.480234676240106,0.010749033434877315
47170.0,-0.530702,0.63495,-0.561421,-0.442762,0.357136,0.822445,0.722715,0.685049,0.091599,-264.885842,-249.25322,-779.554432,3.596317,3.595189,3.59457,90.025498,89.994491,89.921799,65.307742,0.059732,0.051281,135.275525,1.0,-114.08437,-248.977884,4.721264,-248.977884,-311.91802,-249.981612,4.721264,-249.981612,941.334352,-159.6792,-25.835987,48.536994,-25.835987,17.122087,90.479506,48.536994,90.479506,988.290402,125.705566,1.0,3.740562,1.479069,0.812148,3.0,140.0,1074.494210497681,8.54770591858821,0.007392320229398482
46615.0,0.490742,-0.405429,-0.771232,0.757747,0.635527,0.148071,0.430106,-0.657064,0.619092,438.524963,371.549741,-631.299682,3.594694,3.595607,3.594118,90.079725,90.00661,90.094478,138.363547,0.0597,0.066171,65.974982,0.854167,-130.254874,361.127848,376.900498,361.127848,-852.963008,-172.465604,376.900498,-172.465604,1036.263181,-332.859456,122.363472,128.254722,122.363472,-412.586127,-61.918044,128.254722,-61.918044,937.630049,653.246587,1.0,4.522704,0.90321,2.561999,3.0,123.0,1322.2079170969891,2.024056372294509,0.012946831876361862
45552.0,-0.497589,0.018259,-0.867221,0.755302,0.500732,-0.422831,0.426525,-0.86541,-0.26295,15.66072,176.794176,-923.398579,3.593888,3.599271,3.59532,90.037905,90.022311,90.054618,100.578524,0.054059,0.051343,91.532024,0.993056,-85.940757,505.062686,-342.122386,505.062686,113.336981,-398.775003,-342.122386,-398.775003,1156.592798,-279.157614,122.386522,22.544621,122.386522,-115.514758,-205.164327,22.544621,-205.164327,1171.344603,685.754679,1.0,5.166043,1.836875,2.683674,3.0,143.0,1391.6018402366497,2.0292998106348317,0.010849273910953831
46976.0,0.742511,-0.376294,-0.554147,0.555506,-0.116342,0.823333,-0.374286,-0.919167,0.122649,83.999993,298.823546,-694.991591,3.595442,3.5972,3.593762,89.985399,90.041256,89.985783,114.176406,0.06804,0.058095,107.604791,0.993056,400.927614,57.175309,85.323848,57.175309,-484.848911,-64.685795,85.323848,-64.685795,691.11891,-414.915569,-30.585334,30.437255,-30.585334,-89.887262,184.560198,30.437255,184.560198,981.863027,633.192477,1.0,3.734004,1.447838,3.528292,3.0,143.0,1276.5518129549307,2.0160565062350395,0.009228734062593924
45557.0,-0.208703,0.196259,-0.958084,0.407565,0.907987,0.097216,0.889007,-0.370192,-0.269488,385.342761,-58.653115,-898.4646769999999,3.598104,3.593853,3.596399,90.04563,90.050846,90.050522,113.793865,0.074239,0.065119,69.846853,0.885714,463.22917,402.960412,85.641028,402.960412,-476.362737,242.015373,85.641028,242.015373,1162.746359,-297.570239,-9.633266,-73.049021,-9.633266,-455.994005,290.748474,-73.049021,290.748474,1359.880931,576.399066,1.0,4.611266,1.843658,1.965369,3.0,124.0,1761.3332599745734,3.0557531472033537,0.012680800379080788
46522.0,-0.253645,0.966666,-0.034935,-0.948174,-0.241322,0.206713,0.191392,0.085557,0.977778,-110.295614,480.210669,-814.684636,3.591894,3.589675,3.598564,89.950538,89.963335,90.095317,171.846329,0.068423,0.069166,81.014156,0.986301,-982.444484,925.084942,74.51191,925.084942,-1298.52274,116.040471,74.51191,116.040471,1142.117468,-356.140222,-2.26592,25.228498,-2.26592,-668.784693,156.704836,25.228498,156.704836,1255.054328,494.712933,1.0,3.309015,0.211212,1.15042,3.0,144.0,1793.411281275807,3.625155441965789,0.012174427886405433
47010.0,-0.486319,0.721593,-0.492744,-0.549967,0.185427,0.814342,0.678992,0.667023,0.306676,575.85706,103.856721,-917.558921,3.59267,3.597117,3.594083,90.035505,89.983623,89.9521,136.862698,0.073798,0.066854,71.308296,0.895833,159.218016,-367.506501,569.436752,-367.506501,-579.587805,19.417267,569.436752,19.417267,322.429002,-223.510449,-88.312696,-21.225127,-88.312696,-431.293736,-62.529203,-21.225127,-62.529203,970.804796,547.623216,1.0,3.685741,1.259098,0.79429,3.0,129.0,1314.0932998669928,2.3996303689706844,0.012562815973053122
46356.0,0.246388,-0.278179,-0.928391,0.840154,0.538849,0.061512,0.483151,-0.795147,0.366479,194.139886,-284.070934,-660.901681,3.595288,3.59609,3.593547,90.038751,89.974063,90.011828,162.477459,0.085517,0.08648,95.71507,0.861842,-511.889623,6.497823,-48.225188,6.497823,122.886753,-38.296269,-48.225188,-38.296269,584.860463,-540.842824,-69.61482,-19.709981,-69.61482,-10.028211,-76.992372,-19.709981,-76.992372,746.343547,681.972591,1.0,4.646229,1.195574,2.595586,3.0,131.0,1124.1563372489074,1.6483893225100412,0.009004245621927665
46105.0,0.130674,0.34618,-0.929023,-0.342349,0.895174,0.285413,0.930442,0.280754,0.23549,-241.609621,-432.098364,-714.247998,3.600275,3.593377,3.593057,89.990312,89.960653,90.008048,103.933986,0.052942,0.051764,88.837363,0.985507,-567.415628,-1.85475,-74.351736,-1.85475,-142.405665,-580.798655,-74.351736,-580.798655,1401.974087,-379.031564,109.612638,55.014389,109.612638,-464.448797,-236.524273,55.014389,-236.524273,1344.955067,508.714861,1.0,4.414323,1.333074,1.277741,3.0,136.0,1783.2338907592925,3.5053701542233746,0.011093384210425068
46654.0,0.463752,-0.447334,-0.764739,0.622221,0.778916,-0.0783,0.630694,-0.439525,0.639565,-135.795795,-84.103716,-876.20937,3.596088,3.595761,3.595785,89.990706,89.936157,90.084227,134.11039,0.058321,0.065491,80.24481,0.909091,272.510958,-365.682899,280.737119,-365.682899,-458.351115,112.062658,280.737119,112.062658,1134.075962,-206.120334,-47.75847,96.750953,-47.75847,-230.159179,-11.60831,96.750953,-11.60831,1115.634235,597.809642,1.0,4.814421,0.876864,2.179433,3.0,138.0,1337.242961608584,2.2369043047461985,0.011328969437400374
46447.0,0.299593,-0.388988,-0.871167,0.710363,0.700495,-0.068488,0.636889,-0.598327,0.486186,-33.734042,-308.608008,-976.692479,3.595445,3.595144,3.595934,89.982213,89.995154,90.071444,132.996384,0.071429,0.069893,78.41913,0.992958,515.115188,-45.454994,223.252017,-45.454994,-484.384227,88.996444,223.252017,88.996444,609.102548,-202.697861,-9.767116,-44.037023,-9.767116,-32.845123,58.677014,-44.037023,58.677014,1001.563333,566.267404,1.0,4.790844,1.063076,2.324985,3.0,141.0,1130.7767909068373,1.996895429472464,0.012662190973044461
46094.0,0.190698,0.973208,-0.128451,-0.908512,0.224535,0.352407,0.371807,0.049496,0.92699,152.761429,34.265105,-964.158278,3.593267,3.594688,3.599089,90.00506,89.987511,89.984185,91.972404,0.052086,0.05506,131.707535,1.0,48.221804,-96.825659,-148.106179,-96.825659,-321.872487,451.445986,-148.106179,451.445986,1059.098405,-413.895195,110.735452,-29.914402,110.735452,-213.945073,223.660797,-29.914402,223.660797,1167.985009,475.930593,1.0,3.491124,0.38449,1.438452,3.0,144.0,1507.7844389149977,3.1680763142599613,0.007592580029684709
45961.0,-0.001618,0.892569,-0.450907,0.398164,0.414199,0.818477,0.917313,-0.178211,-0.356059,346.772185,-374.078361,-780.153103,3.598289,3.593888,3.592114,89.992865,90.033091,90.011262,110.429488,0.057031,0.04831,84.358649,0.945205,-387.653027,232.549439,-56.9668,232.549439,-552.159812,366.249594,-56.9668,366.249594,959.400575,-161.053692,-65.141579,48.077891,-65.141579,-471.636855,132.94773,48.077891,132.94773,1162.913505,565.338877,1.0,3.645135,1.934844,1.762682,3.0,136.0,1509.5447875091206,2.6701591716451523,0.011204600965100803
47127.0,-0.62964,-0.457553,0.627853,-0.549715,0.833465,0.056115,-0.548969,-0.309808,-0.776307,-302.059628,75.632405,-716.994877,3.596562,3.593096,3.595408,89.91808,89.947277,89.992925,97.623227,0.057549,0.053542,84.589426,0.951389,-561.325057,520.328192,227.95702,520.328192,-182.398156,-46.987098,227.95702,-46.987098,977.355385,-133.018678,140.922924,-23.320977,140.922924,-114.887383,41.308864,-23.320977,41.308864,1088.572349,424.44427,1.0,1.659935,2.459582,4.198599,3.0,137.0,1219.4451707095477,2.873039541114662,0.011247138619902682
47072.0,0.646839,0.443298,-0.620553,0.374994,0.523658,0.764959,0.664062,-0.727509,0.172488,-209.741423,78.667954,-752.354995,3.597492,3.596892,3.592291,90.059582,89.984661,90.018839,179.121458,0.082219,0.082022,68.158067,0.826087,259.894016,592.669843,-77.187164,592.669843,-531.487014,179.737312,-77.187164,179.737312,953.991294,-807.925503,196.605056,220.447342,196.605056,-100.617043,-2.932847,220.447342,-2.932847,1405.620891,688.600465,1.0,3.82314,1.397441,2.401757,3.0,114.0,1974.805608173282,2.8678540148433997,0.01212016473413191
46535.0,-0.226627,0.944586,-0.237481,-0.837818,-0.06472,0.542099,0.496689,0.321821,0.806059,-239.012906,464.059928,-692.033437,3.594629,3.592812,3.598527,89.926489,89.945784,90.013315,117.178135,0.056971,0.056999,85.220181,0.947368,-608.295335,356.150446,-110.77723,356.150446,-202.167554,406.141096,-110.77723,406.141096,1295.192754,-409.414014,55.387521,-120.372079,55.387521,-258.555779,95.940362,-120.372079,95.940362,1173.572306,536.125712,1.0,3.554488,0.633334,0.995876,3.0,143.0,1519.8252202373835,2.834829940477437,0.01111670955028833
46074.0,0.019406,-0.340982,-0.93987,0.635794,0.7297,-0.251605,0.771615,-0.59268,0.230955,307.267881,369.174679,-662.3469279999999,3.596127,3.595504,3.59316,89.973279,89.927338,90.101386,94.392213,0.054059,0.048118,105.808339,1.0,-225.282878,-494.757221,41.573631,-494.757221,-869.801948,0.946243,41.573631,0.946243,1251.55626,-91.946999,-50.148516,-16.848895,-50.148516,-206.596022,115.077409,-16.848895,115.077409,1148.997293,365.79465,1.0,4.973958,1.337737,2.225783,3.0,138.0,1306.67186459871,3.572145914651048,0.009451050923311442
45665.0,0.219086,0.97501,-0.036844,-0.170747,0.075491,0.982419,0.960649,-0.208943,0.183019,-67.710787,394.136924,-816.294629,3.598914,3.591987,3.599232,89.987701,89.982607,90.049511,174.744449,0.074062,0.079389,94.56129,0.92029,-865.635901,55.927222,27.201757,55.927222,1211.587883,117.68151,27.201757,117.68151,1298.562691,-503.615156,7.409199,304.319805,7.409199,-53.410233,90.482988,304.319805,90.482988,1209.213425,633.538514,1.0,3.179079,1.386739,1.784963,3.0,126.0,1562.364176323643,2.46609186623758,0.0097322064874538
45852.0,0.411656,0.680204,0.606517,-0.851037,0.524988,-0.011154,-0.326001,-0.511577,0.794992,-200.689409,350.163542,-681.548272,3.591627,3.595,3.597312,90.05284,90.064399,90.024353,67.091037,0.059165,0.049009,146.542212,1.0,-630.580738,550.784304,349.263936,550.784304,-422.970225,-139.619339,349.263936,-139.619339,973.953285,-105.343135,5.675919,215.787688,5.675919,-123.766424,-22.115595,215.787688,-22.115595,997.839511,127.495834,1.0,1.552409,0.651801,3.708951,3.0,142.0,1128.2685195193983,8.8494540105475,0.0068239723309212776
45667.0,-0.421947,-0.622725,-0.65892,0.8757,-0.091744,-0.47406,0.234756,-0.777044,0.584031,-343.353651,424.034221,-725.034903,3.59306,3.598435,3.5954,90.047273,89.89364,89.93322,160.858109,0.073966,0.081305,84.929907,0.979167,878.072427,-502.430315,145.610989,-502.430315,-1210.212805,-242.3957,145.610989,-242.3957,1073.602945,9.058629,-47.091752,60.928598,-47.091752,-294.494427,-66.495829,60.928598,-66.495829,1119.792334,571.475665,1.0,5.336049,0.94711,2.848197,3.0,141.0,1292.5958953250713,2.2618564087502677,0.011529118947463347
46698.0,0.525818,-0.331771,-0.783226,0.671096,0.727578,0.142341,0.522634,-0.600465,0.605224,-295.094306,66.240071,-909.28058,3.59594,3.595464,3.595543,90.02523,90.02174,90.019075,137.488156,0.074017,0.074555,89.860166,1.0,351.396902,239.033319,65.417292,239.033319,16.881158,-117.299985,65.417292,-117.299985,390.131533,-140.406996,-110.938566,165.819125,-110.938566,-202.308373,-27.851315,165.819125,-27.851315,1104.863788,706.328191,1.0,4.532614,0.920749,2.425385,3.0,144.0,1289.204935131645,1.8252208414709092,0.011128401432065015
47273.0,0.66349,0.612257,-0.430027,0.219196,0.390473,0.894139,0.715356,-0.687512,0.12487,146.290033,518.964105,-880.071869,3.599081,3.592961,3.590842,90.001367,89.952523,90.011327,151.945115,0.097128,0.083423,78.877748,0.957746,-165.44323,637.768877,743.59195,637.768877,-747.078853,471.742911,743.59195,471.742911,540.421131,-649.670996,199.293958,52.99073,199.293958,-263.924699,-21.582381,52.99073,-21.582381,902.282489,555.560294,1.0,3.589876,1.445599,2.336349,3.0,136.0,1411.0079514467711,2.539792650204716,0.01214215699971556
45674.0,-0.435889,-0.413019,-0.799635,0.899921,-0.211826,-0.381146,-0.011963,-0.885745,0.464017,545.845211,323.4833,-823.72644,3.594324,3.598245,3.593639,90.082972,90.089333,89.986725,116.493259,0.068452,0.064573,90.470197,0.985714,-1032.785116,200.298909,290.00959,200.298909,278.350166,-355.437192,290.00959,-355.437192,1305.057424,-296.788533,8.910208,282.982619,8.910208,-204.551788,-2.524524,282.982619,-2.524524,1284.295916,507.935123,1.0,5.157182,1.088272,3.155098,3.0,138.0,1556.4784818991386,3.0643253664093213,0.010895455439319978
45848.0,0.433528,0.13943,0.890288,-0.89871,-0.005609,0.438507,0.066135,-0.990216,0.122875,-40.239047,-388.352193,-807.477969,3.593702,3.600594,3.593422,90.031036,90.033779,89.99717,82.910784,0.05887,0.053721,161.877018,1.0,-605.17844,129.585609,-82.066476,129.585609,-70.056496,170.267137,-82.066476,170.267137,1647.871025,-472.792959,-19.237387,-150.211559,-19.237387,-357.818318,15.542834,-150.211559,15.542834,1450.968025,177.770716,1.0,2.028462,1.44761,3.074904,3.0,144.0,1873.5722937831708,10.539262798396846,0.0061775291659993395
45679.0,-0.370262,-0.68564,-0.626741,0.803702,0.101869,-0.586248,0.4658,-0.720778,0.513332,417.445411,384.394857,-668.131702,3.593001,3.596933,3.589565,90.048105,89.852194,90.041919,198.66824,0.078322,0.082969,70.836567,0.852113,-293.426621,-723.53311,204.38183,-723.53311,-2027.608933,380.36501,204.38183,380.36501,1003.850471,15.725024,71.397621,6.759677,71.397621,-836.240018,231.201679,6.759677,231.201679,1074.901985,774.119308,1.0,5.464417,1.031734,2.567861,3.0,121.0,1671.5352700390656,2.1592734514756033,0.012029281430309856
46032.0,0.183558,0.946642,0.264905,-0.492408,-0.144691,0.858253,0.850788,-0.287981,0.439575,80.650927,173.750571,-973.6340720000001,3.599011,3.592187,3.59442,90.015063,89.971245,90.011404,79.425034,0.064706,0.058845,91.935649,1.0,-678.66262,-76.155261,326.109641,-76.155261,13.777324,-392.846887,326.109641,-392.846887,1053.854414,-574.55377,53.798038,160.158854,53.798038,-150.247044,-354.926668,160.158854,-354.926668,1257.898445,380.147322,1.0,2.842213,1.115671,1.897178,3.0,150.0,1695.9610957766001,4.461325906109106,0.010877173445526012
47293.0,-0.744977,0.522332,-0.414943,-0.456105,0.055085,0.888219,0.486803,0.850961,0.197202,217.06396,-7.356059,-644.6061090000001,3.594524,3.596872,3.593941,90.011857,89.995057,89.969341,120.133007,0.065575,0.06392,79.71824,0.986667,-46.575997,-62.319231,212.939096,-62.319231,-244.536317,-158.992547,212.939096,-158.992547,601.746704,-79.433662,-28.581857,284.977439,-28.581857,-483.924931,7.554615,284.977439,7.554615,920.504638,620.109626,1.0,3.578628,1.372293,0.519624,3.0,147.0,1276.526812885298,2.0585502294481364,0.012376929044093297
46005.0,0.215396,0.883318,0.416358,-0.551568,-0.241793,0.798316,0.805839,-0.401604,0.435129,431.871618,351.114006,-759.96906,3.597934,3.595875,3.596152,89.983442,89.941813,90.040742,41.642312,0.057959,0.051702,118.248166,1.0,417.509662,207.708624,140.239904,207.708624,-59.478316,-93.607542,140.239904,-93.607542,1238.116245,-125.529348,-35.122432,193.27935,-35.122432,74.097984,-161.34925,193.27935,-161.34925,1171.294299,199.816458,1.0,2.660858,1.120615,2.033137,3.0,142.0,1229.3043776892214,6.152167794352662,0.008456790780163136
45870.0,0.419621,0.708916,0.566883,-0.905386,0.282328,0.317124,0.064767,-0.64632,0.760313,251.900733,474.732479,-714.978739,3.592477,3.597999,3.596072,90.035344,89.932101,90.017995,129.768952,0.069773,0.069364,89.149895,0.985915,404.125679,225.530382,-80.067572,225.530382,-722.414176,-532.021933,-80.067572,-532.021933,965.108455,-313.084846,38.533177,-169.381379,38.533177,-114.272876,-135.672521,-169.381379,-135.672521,1240.386212,555.621576,1.0,2.08084,0.707002,3.041718,3.0,140.0,1476.6131191876457,2.657587795308449,0.011059070793072723
45871.0,0.415293,0.576174,0.703957,-0.899456,0.144344,0.412484,0.136051,-0.80448,0.578188,410.844559,207.69123,-721.316114,3.594018,3.598569,3.597912,90.014408,90.042876,90.05016,104.412195,0.071025,0.061684,104.820381,1.0,225.778839,750.738566,-130.391998,750.738566,385.544764,-9.140999,-130.391998,-9.140999,1134.663603,7.400893,137.531339,-11.706258,137.531339,-89.878649,-54.895531,-11.706258,-54.895531,1176.139162,325.712537,1.0,2.100822,0.95429,2.974061,3.0,146.0,1227.0516871747861,3.767284177872423,0.00954012941433594
45763.0,0.152681,0.899874,-0.408553,-0.089274,0.424268,0.901125,0.984235,-0.101112,0.145113,521.67289,-232.803531,-957.126008,3.599528,3.589504,3.587367,89.911443,90.001874,90.003579,202.194857,0.073575,0.083901,78.517033,0.842466,-2065.596185,670.023272,566.044613,670.023272,-1322.108668,-373.132015,566.044613,-373.132015,1211.076234,-516.668986,-330.127922,179.255747,-330.127922,-788.12768,48.936601,179.255747,48.936601,1329.535894,615.852436,1.0,3.567255,1.425169,1.673169,3.0,123.0,2022.6132949826883,3.2842498896646215,0.010729722810590666
45905.0,0.359533,0.658024,0.66162,-0.818889,-0.11745,0.561806,0.447389,-0.743781,0.496621,302.62428,208.623025,-685.177308,3.593373,3.597704,3.594478,90.017081,89.940008,90.034476,117.364683,0.062021,0.062225,90.197023,0.985507,252.74717,-25.399473,-223.854618,-25.399473,-786.686287,13.699217,-223.854618,13.699217,904.743908,-469.58131,-149.292084,-75.705052,-149.292084,-264.193025,116.479966,-75.705052,116.479966,1138.396617,669.528245,1.0,2.27479,1.051095,2.600066,3.0,136.0,1526.0104047424231,2.2792323044450846,0.010926158837858762
46835.0,-0.453677,0.844067,-0.285881,-0.701704,-0.140594,0.698459,0.549354,0.517478,0.656069,-5.842292,-127.987198,-809.397654,3.596072,3.595878,3.595826,89.9454,89.951436,89.98286,44.384792,0.055206,0.044052,175.934727,1.0,91.717467,191.991532,23.980194,191.991532,-143.877414,2.843826,23.980194,2.843826,1040.439099,-70.449448,-19.445654,-14.801669,-19.445654,-162.533374,-73.725451,-14.801669,-73.725451,1179.703692,246.873529,1.0,3.530092,0.855198,0.815268,3.0,140.0,1300.3868004767778,5.267420957379265,0.0056839261756435385
47255.0,0.928593,-0.313463,-0.198634,0.370389,0.749776,0.548313,-0.022946,-0.582732,0.812341,436.537341,-401.167996,-758.198808,3.589298,3.596534,3.595458,90.068094,89.929184,89.955863,137.420195,0.096856,0.070473,80.9577,0.883562,-1775.317708,23.134828,436.197474,23.134828,108.265617,-199.944726,436.197474,-199.944726,850.487845,-844.754459,-207.407833,-127.30296,-207.407833,-138.012423,-42.08898,-127.30296,-42.08898,1110.000255,484.628963,1.0,3.48915,0.622642,3.180948,3.0,129.0,1727.6543700030566,3.5649011963881665,0.010913872306154941
45715.0,-0.384441,-0.67533,-0.629392,0.879024,-0.476063,-0.026109,-0.281998,-0.563288,0.776649,498.187575,-25.844097,-871.62206,3.593302,3.594124,3.595166,90.104096,90.075751,90.009488,85.95895,0.064771,0.053069,123.487178,1.0,-1226.712682,187.044588,33.053291,187.044588,-270.816333,-52.669962,33.053291,-52.669962,1042.10245,-25.861934,15.512815,-135.702084,15.512815,-218.519912,-34.496399,-135.702084,-34.496399,1002.90632,297.038757,1.0,4.753849,0.681467,3.605742,3.0,144.0,1143.925656239442,3.8510989871919046,0.008098006742044101
46255.0,0.145321,-0.28492,-0.947472,0.698587,0.70768,-0.105663,0.700612,-0.646537,0.301882,521.305387,201.534002,-654.997313,3.593947,3.595742,3.595596,90.017707,89.955384,90.07511,107.378758,0.05156,0.053428,107.241307,1.0,95.282465,-156.476846,-169.723774,-156.476846,-648.252679,-262.879411,-169.723774,-262.879411,847.826836,214.178721,-92.051819,130.638273,-92.051819,-346.535266,-68.820965,130.638273,-68.820965,1126.909411,441.806709,1.0,4.823451,1.26413,2.316076,3.0,144.0,1296.906132943069,2.935460477452978,0.00932476512991398
45946.0,0.304299,0.789246,0.533379,-0.745096,-0.151653,0.649487,0.593493,-0.595057,0.541916,408.550791,-339.360076,-901.298175,3.591043,3.595999,3.594926,90.066023,89.971516,90.109231,164.306162,0.093805,0.087598,89.887044,0.885714,-724.851893,514.999414,-552.896777,514.999414,-884.146483,434.585103,-552.896777,434.585103,979.843937,-536.360846,-173.613001,4.357939,-173.613001,-204.687333,185.068447,4.357939,185.068447,721.325978,649.245796,1.0,2.454039,0.998081,2.35751,3.0,124.0,1150.1957034290879,1.771587448875969,0.009853633633785977
45723.0,0.554206,0.685427,0.472278,-0.799194,0.279558,0.532105,0.23269,-0.672337,0.702722,160.967924,35.751918,-683.886263,3.592986,3.596176,3.596147,90.034038,89.945955,89.989732,153.291674,0.06215,0.071054,69.837711,0.93662,247.512873,169.455945,50.392694,169.455945,-699.449055,57.859266,50.392694,57.859266,754.225931,25.642023,124.628857,133.004648,124.628857,-589.977012,-109.730744,133.004648,-109.730744,939.622364,706.777234,1.0,2.41569,0.79158,2.808405,3.0,133.0,1345.7184415576467,1.904020640197427,0.013411378846594787
45904.0,0.389743,0.772397,0.501501,-0.914826,0.387284,0.114477,-0.105801,-0.503403,0.85755,219.315023,-184.719256,-727.650625,3.594335,3.594631,3.597885,90.048805,90.021486,90.004325,52.504845,0.048918,0.043531,110.637639,1.0,-241.482274,59.568404,176.16209,59.568404,-59.185202,97.533609,176.16209,97.533609,1032.081081,-161.580905,50.29827,238.856694,50.29827,-275.248652,56.700241,238.856694,56.700241,1141.151622,252.501996,1.0,1.795221,0.540309,3.34875,3.0,144.0,1380.293113824692,5.466464169355287,0.009038515364558712
45737.0,-0.069561,-0.996689,0.042093,0.332493,0.016619,0.942959,-0.940537,0.079589,0.330236,346.798855,237.85502,-960.401663,3.597155,3.585878,3.594283,89.956637,90.034708,89.952025,179.271709,0.07449,0.083204,72.12334,0.867647,-2418.126639,-457.987082,524.337871,-457.987082,-213.08419,17.749823,524.337871,17.749823,709.591748,-638.192319,-13.040405,18.735118,-13.040405,-353.272858,-160.349384,18.735118,-160.349384,958.461017,928.908093,1.0,3.096983,1.234243,4.796809,3.0,116.0,1481.6335927071007,1.5950271118017922,0.012030044642968559
46268.0,0.023731,0.995064,-0.096357,-0.921099,0.059229,0.384796,0.388604,0.079623,0.917958,-175.387413,325.897484,-669.524363,3.594536,3.591143,3.595344,89.91957,89.908026,90.054397,176.057817,0.086988,0.087454,94.807869,0.801471,-1150.928574,714.480178,342.886104,714.480178,-513.250433,-399.537488,342.886104,-399.537488,772.001511,-1076.743201,313.063182,365.301119,313.063182,-42.459716,123.351801,365.301119,123.351801,1127.786967,724.066218,1.0,3.386958,0.407894,1.368699,3.0,109.0,1958.2104819775118,2.7044632566706928,0.008453633737933716
45925.0,0.355505,0.72428,0.590791,-0.863277,0.496733,-0.089497,-0.358286,-0.4782,0.801845,-68.883211,-238.366569,-649.03566,3.594401,3.595472,3.596866,90.02582,90.029493,90.000308,133.775845,0.065688,0.065207,72.017197,0.890411,-1.168814,160.039529,136.889016,160.039529,-32.723588,-50.135173,136.889016,-50.135173,734.476298,9.184929,19.074418,197.825228,19.074418,-235.238001,-106.81737,197.825228,-106.81737,884.229845,803.951276,1.0,1.420453,0.640419,3.784606,3.0,130.0,1038.0311505775303,1.2911617675914109,0.012363866369306208
45741.0,-0.384433,-0.304075,-0.871636,0.919764,-0.045329,-0.389846,0.079032,-0.951569,0.297103,326.578617,-46.53096,-740.68898,3.592884,3.598791,3.592752,90.049698,90.019615,90.040417,93.477643,0.066192,0.058115,102.588876,1.0,-819.609116,145.661952,74.803959,145.661952,-382.032627,188.325438,74.803959,188.325438,1258.655091,-281.392353,74.707862,290.285926,74.707862,-294.92157,102.822786,290.285926,102.822786,1201.626056,435.541797,1.0,5.13296,1.269139,3.058729,3.0,144.0,1514.8945509886812,3.478184094897972,0.009747645543947669
46013.0,0.222238,0.942457,0.249768,-0.626012,-0.058464,0.777618,0.747475,-0.329174,0.576997,183.344923,151.85165,-922.110833,3.597678,3.595499,3.596667,89.989043,89.963347,90.061352,94.438042,0.059277,0.05961,135.194436,1.0,117.439235,376.005237,-45.968971,376.005237,285.339,-181.704175,-45.968971,-181.704175,1161.103191,-57.677288,-23.670773,50.406462,-23.670773,-40.300735,-38.022791,50.406462,-38.022791,973.398732,227.467127,1.0,2.830805,0.955749,1.985623,3.0,148.0,1024.164680928095,4.502473365868357,0.007396754109022652
45752.0,-0.352059,-0.514306,-0.782013,0.879269,0.104672,-0.464682,0.320844,-0.851195,0.415363,-61.147887,261.477039,-754.853864,3.593368,3.597611,3.594207,90.023092,89.98144,90.071098,113.768324,0.061295,0.058665,79.776056,0.942029,-224.412554,208.292128,202.00203,208.292128,-545.736173,239.318463,202.00203,239.318463,1038.222294,-494.9557,-59.761262,163.027832,-59.761262,-266.725589,104.9187,163.027832,104.9187,1066.685764,501.951352,1.0,5.248542,1.142455,2.781128,3.0,130.0,1471.4847953748351,2.931528701958422,0.011808417803958622
47154.0,0.513999,-0.380617,0.768723,0.215747,0.924721,0.3136,-0.830216,0.00466,0.557422,190.885684,177.621581,-772.126736,3.598155,3.593193,3.596681,90.026753,90.009696,90.027186,100.324186,0.065155,0.056854,88.166139,0.993056,670.192333,127.825256,-170.457921,127.825256,-512.24737,-4.305862,-170.457921,-4.305862,901.504438,-131.96681,86.037013,14.078364,86.037013,-248.85232,-178.301481,14.078364,-178.301481,1005.355596,498.717474,1.0,1.958136,0.979519,4.718001,3.0,143.0,1212.2891472939039,2.4308134575086173,0.011263462495505219
46233.0,0.053985,0.198282,0.978657,-0.980753,-0.173645,0.089282,0.187642,-0.964641,0.185092,-173.248438,26.389647,-842.08,3.593396,3.598588,3.594619,90.010345,90.006928,90.012289,130.527548,0.058454,0.05908,83.088418,0.892857,-34.86382,73.337891,-142.734488,73.337891,-350.831166,170.299333,-142.734488,170.299333,1048.744791,-524.42089,-136.657807,-116.654798,-136.657807,-246.715352,-14.072193,-116.654798,-14.072193,1241.303329,723.258657,1.0,1.661774,1.384631,2.949472,3.0,125.0,1651.9419731778503,2.284026547334988,0.010745865928028621
47179.0,0.787715,0.490867,-0.37223,0.371881,0.10282,0.922568,0.491131,-0.865146,-0.101551,47.531138,325.062407,-829.824508,3.59408,3.597142,3.597398,89.971418,89.966487,90.070136,80.698831,0.064488,0.054208,139.300195,1.0,-587.168139,-160.058008,-66.572148,-160.058008,811.941852,-76.774565,-66.572148,-76.774565,998.02242,-198.288633,1.718234,-140.144133,1.718234,-118.731729,14.810937,-140.144133,14.810937,1048.580713,202.138235,1.0,3.525088,1.672522,2.625273,3.0,142.0,1215.2005689416799,6.011730383129544,0.007178740848137363
45764.0,-0.167503,0.361634,-0.91715,0.547438,0.807807,0.218539,0.819911,-0.465477,-0.333283,471.205909,-145.919911,-736.590266,3.598366,3.593528,3.596833,89.961823,89.989042,90.040716,67.364926,0.049405,0.042788,121.742255,1.0,325.597041,-602.007839,-1.510025,-602.007839,-64.257864,268.196319,-1.510025,268.196319,992.022153,-69.749872,-57.230672,-17.799448,-57.230672,-251.375183,180.933543,-17.799448,180.933543,998.17575,153.013373,1.0,4.47847,1.910579,2.087139,3.0,146.0,1180.9581062859338,7.718005839175468,0.008214074891252835
47121.0,0.712484,-0.605292,-0.354948,0.377816,-0.095335,0.92096,-0.591289,-0.790274,0.160764,-246.259755,185.266853,-790.373707,3.595482,3.598047,3.596188,89.99117,90.015181,89.94776,55.644957,0.05949,0.043188,143.145563,1.0,199.193009,-267.945007,207.865482,-267.945007,240.773112,-20.72536,207.865482,-20.72536,1088.680415,126.991564,14.666995,89.165032,14.666995,-76.334689,24.34186,89.165032,24.34186,1071.056358,228.070842,1.0,3.50946,1.409331,3.783946,3.0,148.0,1063.5420043181805,4.663209005551795,0.006985895888369239
45988.0,0.283592,-0.070997,0.956313,-0.79471,0.540707,0.275811,-0.536667,-0.83821,0.096918,146.709717,31.900964,-693.8803359999999,3.594132,3.596873,3.593624,90.010675,90.01309,89.917165,153.177703,0.069626,0.077164,65.405167,0.8,-372.942362,116.840538,19.038802,116.840538,-556.554494,-35.772207,19.038802,-35.772207,1042.167182,-431.800987,-116.176635,-15.018477,-116.176635,-410.183755,42.757607,-15.018477,42.757607,1055.94192,752.992348,1.0,1.851587,1.473726,3.711086,3.0,112.0,1480.9957670658432,1.966813834163748,0.012231449542816701
46617.0,-0.225483,-0.262103,0.938328,-0.658038,0.751207,0.051706,-0.718431,-0.605797,-0.341858,-126.587949,55.225527,-934.987822,3.59711,3.596092,3.593865,89.980929,89.968558,89.948056,141.743356,0.062417,0.068102,70.076002,0.902778,-299.494387,-44.327934,148.201957,-44.327934,42.65585,84.262952,148.201957,84.262952,1048.106067,-437.251265,-106.705159,-1.064034,-106.705159,92.980516,-121.865115,-1.064034,-121.865115,1276.271167,612.748827,1.0,1.625845,1.919689,4.011843,3.0,130.0,1525.9159503987971,2.4902796760454624,0.012882841118704231
45772.0,-0.350625,-0.698338,-0.624008,0.935507,-0.230251,-0.267976,0.043459,-0.677723,0.734032,404.264966,-334.079598,-972.196911,3.595171,3.593828,3.593962,90.087456,89.977968,90.074746,172.627448,0.083931,0.083536,90.567295,0.819444,-1094.038516,-89.402162,-144.676843,-89.402162,165.384044,547.783741,-144.676843,547.783741,576.452223,53.799235,41.692849,15.197295,41.692849,-642.165181,-2.481139,15.197295,-2.481139,715.123753,585.789949,1.0,5.118017,0.746556,3.077555,3.0,116.0,1176.2042654298393,2.0078942416778123,0.00904790189438693
47017.0,-0.503148,0.813323,-0.292143,-0.560655,-0.049949,0.826541,0.657653,0.579664,0.481126,-240.371305,-85.844721,-821.825269,3.599026,3.594996,3.595429,89.984936,89.950891,90.001459,81.145318,0.069213,0.058196,110.924269,1.0,439.38284,274.755424,-548.015091,274.755424,96.481111,-183.434074,-548.015091,-183.434074,918.844644,-73.294544,-51.74014,-21.424397,-51.74014,-92.54863,43.721335,-21.424397,43.721335,1048.159687,250.275237,1.0,3.48134,1.068858,0.848346,3.0,138.0,1132.8762464498918,4.526521520984083,0.009015159703238613
45959.0,0.339729,0.000278,0.940523,-0.931888,0.135295,0.33657,-0.127154,-0.990805,0.046223,-331.016618,322.263875,-742.660255,3.593192,3.600347,3.593606,89.970964,89.995962,89.920575,94.085756,0.041806,0.046635,124.385121,1.0,-306.173921,73.962509,-468.872767,73.962509,-555.729501,276.554491,-468.872767,276.554491,1674.41417,-393.24145,-69.160096,-4.028913,-69.160096,-274.50131,-148.726937,-4.028913,-148.726937,1617.985649,187.258522,1.0,1.914451,1.524557,3.269229,3.0,138.0,1959.7218085478844,10.465327759811563,0.008039546787915252
45779.0,0.509683,0.830636,0.224203,-0.845812,0.436029,0.307377,0.15756,-0.346299,0.924798,21.127853,79.557136,-682.914329,3.593456,3.592746,3.596626,90.048095,89.95046,90.035098,132.671064,0.062461,0.065603,78.771346,0.958333,-765.938883,-26.085799,182.96313,-26.085799,-423.508978,-271.569563,182.96313,-271.569563,801.232894,-585.963272,-28.387831,93.51989,-28.387831,-481.775716,34.29238,93.51989,34.29238,1228.545537,511.962467,1.0,2.511402,0.390291,2.714604,3.0,138.0,1767.0013812074656,3.451427585232465,0.012166010213917127
46823.0,0.538412,-0.279028,-0.795145,0.509651,0.859278,0.043564,0.671095,-0.428702,0.604852,560.755487,37.446548,-817.885688,3.598443,3.593067,3.594162,90.095429,89.984367,90.00803,125.253258,0.059031,0.0584,94.334348,1.0,-304.615411,904.403553,251.225229,904.403553,-194.81322,123.946446,251.225229,123.946446,902.124706,-272.66151,25.732308,119.476692,25.732308,-249.818129,-8.431472,119.476692,-8.431472,971.996956,494.362275,1.0,4.657656,0.921216,2.139265,3.0,142.0,1237.9500193796348,2.504135291026474,0.010600592691858113
46030.0,0.244924,0.940801,0.234319,-0.833846,0.08109,0.546008,0.494685,-0.329116,0.804344,-207.847234,463.255277,-692.744142,3.594845,3.593612,3.596519,89.986715,89.921542,90.069127,96.678984,0.056681,0.051094,108.588389,1.0,-397.273917,514.673755,254.599137,514.673755,-366.943919,-262.96475,254.599137,-262.96475,972.984701,-279.627262,105.82756,-159.00425,105.82756,-125.452855,-8.442374,-159.00425,-8.442374,1189.818806,585.286425,1.0,2.736213,0.636225,2.157856,3.0,146.0,1408.5117470654475,2.406534112021217,0.009209087722997713
46146.0,0.128456,0.991715,-0.000291,-0.558647,0.072603,0.826222,0.819397,-0.105971,0.563345,419.048797,239.729766,-718.188638,3.597205,3.590183,3.594748,90.048002,90.00812,90.026736,190.576615,0.071807,0.08053,84.132459,0.840278,-1294.925824,-363.619861,-220.035166,-363.619861,243.077436,-336.920559,-220.035166,-336.920559,471.881374,-641.953929,-76.067414,265.998199,-76.067414,-79.383543,-145.798984,265.998199,-145.798984,985.172092,882.471427,1.0,3.141944,0.972367,1.69941,3.0,121.0,1456.708821804948,1.6507150002092341,0.009987560211451802
47044.0,0.314446,0.902537,-0.294195,0.129809,0.266122,0.955159,0.940358,-0.338536,-0.033477,296.335518,64.052926,-888.682175,3.599215,3.595347,3.593602,90.046739,89.977931,90.036085,124.214507,0.064729,0.061003,70.368138,0.93662,234.910113,-152.25125,-4.173821,-152.25125,-437.334818,389.755591,-4.173821,389.755591,1298.689194,-489.763659,147.170001,207.076976,147.170001,-256.838047,183.38754,207.076976,183.38754,1466.175155,515.651651,1.0,3.440378,1.604279,1.916358,3.0,133.0,1870.2916602257437,3.627044840443541,0.013310285402180174
47201.0,0.420649,-0.448535,0.788588,0.135461,0.890541,0.434267,-0.897054,-0.075851,0.435364,-52.699223,200.341203,-751.780253,3.597787,3.592138,3.59536,90.021198,90.025583,90.042375,126.486786,0.062585,0.063315,92.580478,0.85,233.688991,121.804004,-258.048297,121.804004,-784.659701,286.334574,-258.048297,286.334574,846.75748,-492.161888,225.593582,-298.747945,225.593582,-326.397574,-68.230348,-298.747945,-68.230348,990.435238,681.40913,1.0,2.074169,1.120354,4.628034,3.0,119.0,1445.1328605847027,2.120800554264224,0.009181201246336188
45838.0,-0.267297,-0.284888,-0.920539,0.962816,-0.117841,-0.243104,-0.03922,-0.95129,0.305793,-68.162726,325.909124,-765.46873,3.590345,3.600276,3.593407,89.989346,90.020976,89.957413,120.06465,0.078834,0.068081,87.915703,1.0,-261.197067,360.004463,689.232628,360.004463,-1127.429068,-129.305869,689.232628,-129.305869,1334.971004,-208.153315,-82.460946,188.30462,-82.460946,-697.08378,-26.022634,188.30462,-26.022634,1366.295229,547.478596,1.0,4.970583,1.260025,3.182797,3.0,144.0,1876.1499906196127,3.4268919448672155,0.011374532260749824
46639.0,0.362054,-0.231151,-0.903043,0.454793,0.889443,-0.045331,0.813684,-0.394285,0.427152,50.762974,-41.995275,-705.596808,3.597193,3.593491,3.595126,90.048281,89.964818,90.024588,128.635483,0.064742,0.059647,72.385007,0.809859,-182.501081,344.339147,-87.805767,344.339147,-285.983651,136.327046,-87.805767,136.327046,910.155079,661.607125,458.380942,329.591702,458.380942,-421.697019,171.172186,329.591702,171.172186,971.671364,711.735989,1.0,4.762545,1.129456,2.022022,3.0,115.0,1366.2409550244754,1.9195895333943487,0.011188214708606715
45857.0,-0.213904,0.328062,-0.92012,0.880952,0.47179,-0.036586,0.422101,-0.818407,-0.389925,5.74863,-45.161311,-703.262581,3.595095,3.596861,3.594008,89.97332,90.013142,90.027115,92.751007,0.062658,0.054754,84.491013,0.993056,-257.046297,9.510012,-133.96484,9.510012,10.290062,-65.262167,-133.96484,-65.262167,731.660804,-459.513834,84.178216,-6.50667,84.178216,-104.048312,-152.887036,-6.50667,-152.887036,1142.477897,404.129263,1.0,4.75213,1.971346,2.665417,3.0,143.0,1464.9769563234545,3.6250207308631706,0.011753392044192915
45872.0,0.141239,0.080453,0.986701,-0.113647,0.991421,-0.06457,-0.983431,-0.103015,0.14917,448.418436,-357.621562,-758.654362,3.599613,3.593867,3.593008,90.003642,90.041625,89.94735,117.611117,0.066135,0.064386,88.868501,0.965278,-539.570694,62.978524,47.942601,62.978524,-328.170088,-284.130787,47.942601,-284.130787,1498.042628,-292.451464,6.367528,-4.286852,6.367528,-382.6713,-29.324032,-4.286852,-29.324032,1483.790105,540.964652,1.0,1.505449,1.421067,4.608019,3.0,139.0,1823.2155849836408,3.3703044704363436,0.010861868818964325
46521.0,-0.237532,-0.237133,0.941991,-0.907162,0.400895,-0.12783,-0.347327,-0.884902,-0.310344,332.962976,-336.229071,-645.685952,3.592808,3.59652,3.594632,89.959087,90.01416,89.904587,142.527237,0.071446,0.069545,77.569907,0.978873,-39.786875,187.749182,71.480028,187.749182,-1035.048521,161.391865,71.480028,161.391865,1000.760322,-276.69464,-13.235895,84.520691,-13.235895,-412.547183,-293.892726,84.520691,-293.892726,1240.398408,654.878631,1.0,1.435919,1.886351,3.51562,3.0,139.0,1611.333944642568,2.460507746575973,0.012619236477877948
46066.0,0.004593,-0.990473,-0.137632,0.686032,-0.097016,0.721074,-0.727556,-0.097732,0.679051,196.834445,446.834658,-688.537625,3.598428,3.589755,3.596948,90.004484,90.016072,90.042138,165.622501,0.106109,0.097499,84.521758,0.805556,-1355.936185,99.500226,-448.912488,99.500226,704.485513,-212.039615,-448.912488,-212.039615,904.349307,-406.73283,109.937079,-40.579555,109.937079,111.026266,10.420852,-40.579555,10.420852,1212.060857,1106.861335,1.0,3.330195,0.824328,4.578859,3.0,116.0,1435.5498662201728,1.2969554729456447,0.009530753016282506
46193.0,0.094336,0.938907,0.330989,-0.584778,-0.216809,0.781683,0.80569,-0.267296,0.528599,419.325775,425.490396,-795.153814,3.597596,3.595182,3.596285,89.947969,90.00756,90.064516,156.646285,0.072034,0.068943,79.259662,0.965753,340.623782,671.907601,-142.938945,671.907601,303.415159,-347.021152,-142.938945,-347.021152,702.225545,-356.108207,116.093491,-93.700219,116.093491,-271.199631,-70.222382,-93.700219,-70.222382,1034.632035,851.502714,1.0,2.741051,1.013847,1.891131,3.0,141.0,1357.8194183810592,1.5946154910095323,0.012184672198072203
46887.0,0.352912,-0.406597,0.842693,0.241847,0.909678,0.337633,-0.90386,0.084648,0.41937,517.656519,169.069262,-787.037094,3.598705,3.594695,3.59224,90.02586,90.0617,90.011175,134.20838,0.063241,0.066225,82.165785,0.942857,-496.457494,-436.996084,-282.637776,-436.996084,-294.918611,-244.624378,-282.637776,-244.624378,1185.743347,-237.721957,30.919064,-136.015242,30.919064,-117.11986,-159.473658,-136.015242,-159.473658,1282.638798,700.908774,1.0,1.951871,1.138045,4.805769,3.0,132.0,1475.2453973910935,2.1047609219842545,0.011475056192793629
46084.0,0.200443,0.712741,0.672177,-0.910234,0.389241,-0.141299,-0.362348,-0.583516,0.726782,-55.669746,423.932215,-661.90212,3.596858,3.595729,3.59447,90.066231,90.045833,90.000443,89.522997,0.059846,0.056234,99.545162,1.0,-533.894994,141.497079,-225.619642,141.497079,491.691407,170.944544,-225.619642,170.944544,830.369914,-227.671541,2.172051,-206.948483,2.172051,-23.778614,151.41753,-206.948483,151.41753,869.493849,362.037644,1.0,1.363602,0.757171,3.697292,3.0,142.0,1034.8718285536231,2.858464708586003,0.0100456916228636
46508.0,-0.172799,-0.31727,0.932459,-0.751557,0.654378,0.083378,-0.636634,-0.686388,-0.351522,513.586093,208.721064,-797.397794,3.596481,3.597665,3.595737,89.996276,89.975265,89.940798,146.374847,0.072433,0.077463,78.109045,0.878571,305.314756,-155.213344,172.936874,-155.213344,91.64684,-54.590924,172.936874,-54.590924,1177.733975,-88.92799,-82.691171,-264.027846,-82.691171,-102.123424,-175.34085,-264.027846,-175.34085,976.225736,1026.599628,1.0,1.659976,1.929993,3.889402,3.0,123.0,1108.7161292950616,1.0799888282202472,0.011248005912759528
46259.0,0.105602,0.972141,-0.209261,0.120434,0.196386,0.973102,0.987089,-0.127964,-0.09634,15.255255,488.183466,-827.511735,3.599279,3.593663,3.593663,89.979646,90.091571,90.041764,145.184653,0.066259,0.069383,96.148734,0.992958,-394.01884,68.212868,-20.745442,68.212868,-413.934584,-664.257475,-20.745442,-664.257475,1469.672948,-237.091993,-42.24996,252.45182,-42.24996,-441.049456,107.983918,252.45182,107.983918,1375.690183,632.924614,1.0,3.353412,1.667286,1.699715,3.0,141.0,1740.5421814024587,2.749999198802622,0.01032731226601486
46124.0,0.169909,0.265119,0.949127,-0.865014,0.501531,0.01476,-0.472103,-0.823516,0.314546,448.399095,104.835265,-711.15643,3.593028,3.598369,3.595754,89.999542,90.09629,89.956196,174.902084,0.081375,0.085367,77.790759,0.886667,76.715423,842.737927,129.457824,842.737927,-413.581672,-194.167304,129.457824,-194.167304,1150.553419,-117.526538,115.021176,-5.549312,115.021176,-628.721559,-265.561352,-5.549312,-265.561352,1111.743423,649.344839,1.0,1.586346,1.250818,3.662131,3.0,133.0,1569.6048206925586,2.4172130529439055,0.011398101926219798
45906.0,-0.070741,0.036055,-0.996843,0.551991,0.833801,-0.009015,0.830844,-0.550886,-0.078886,-287.588513,161.144409,-799.621806,3.598427,3.595468,3.594858,90.021124,89.960936,90.039844,68.832816,0.04989,0.043338,128.968495,1.0,101.038192,-54.29392,-467.14098,-54.29392,132.292028,235.745038,-467.14098,235.745038,1027.120398,-115.568215,28.505586,-81.347241,28.505586,44.18621,99.80881,-81.347241,99.80881,1016.088073,214.083075,1.0,4.721432,1.649765,2.156287,3.0,144.0,1066.969604226753,4.983904515696783,0.007753831662531226
46465.0,8.3e-05,-0.364475,0.931213,-0.332592,0.87819,0.343752,-0.943071,-0.309742,-0.121149,-269.750961,-64.938198,-990.844445,3.597973,3.592607,3.594411,89.992803,89.967585,89.945663,123.373342,0.059033,0.059676,75.821325,0.965278,-200.773894,173.993919,-157.620602,173.993919,-673.172082,9.246223,-157.620602,9.246223,1087.676733,-735.793342,145.547494,-213.198015,145.547494,-456.812749,351.653011,-213.198015,351.653011,1289.667796,726.321888,1.0,1.924423,1.692243,4.395049,3.0,139.0,1938.55142400387,2.6689976662301413,0.012730956627307687
46839.0,-0.419891,0.899825,-0.118348,-0.654957,-0.21016,0.725854,0.628269,0.382292,0.677592,331.090871,248.285009,-711.50725,3.595601,3.593539,3.596466,89.979988,89.930971,89.950852,107.813163,0.055435,0.057089,84.805408,0.978873,-523.170192,-145.926182,-160.452212,-145.926182,-167.680643,31.871174,-160.452212,31.871174,1075.100227,-340.947825,26.26016,-0.710882,26.26016,-165.021197,21.637091,-0.710882,21.637091,1067.087973,645.583706,1.0,3.303217,0.826314,1.024161,3.0,139.0,1329.1624037870831,2.058853703143312,0.01154257756769474
46630.0,-0.19398,0.97004,-0.146266,-0.570208,0.009834,0.821441,0.798269,0.242745,0.551217,160.209717,-73.943863,-981.285627,3.595015,3.593318,3.59431,89.991319,89.967179,89.971811,162.698128,0.061723,0.06607,68.026984,0.891892,-469.677601,-79.002483,57.317499,-79.002483,-325.839651,-8.641133,57.317499,-8.641133,356.601727,-234.452075,-55.297794,-101.734372,-55.297794,-567.458388,10.641122,-101.734372,10.641122,623.156294,846.086185,1.0,3.317806,0.986974,1.275592,3.0,132.0,1068.697825156399,1.263107522735877,0.013110856127327356
46883.0,-0.515289,-0.303758,0.801379,-0.704769,0.682233,-0.194572,-0.487624,-0.665048,-0.565626,-221.693183,-83.014553,-827.4453579999999,3.594236,3.596538,3.595139,89.949421,89.939349,89.964139,98.000683,0.06922,0.060942,93.027086,0.963768,-474.21707,-193.366187,-43.525827,-193.366187,-105.761593,-72.613123,-43.525827,-72.613123,1049.882617,-503.156757,-48.372396,-6.925996,-48.372396,-26.834899,34.477757,-6.925996,34.477757,1093.917492,545.747814,1.0,1.332609,2.171989,3.774265,3.0,133.0,1421.0875152369028,2.6039270864342905,0.010360079428909555
46198.0,0.088532,0.929821,0.357205,-0.641703,-0.221036,0.734412,0.761827,-0.294238,0.5771,-193.845091,367.029071,-680.748945,3.596935,3.596747,3.592541,89.993741,89.911757,89.992767,130.113306,0.064499,0.066417,103.678961,0.93662,504.87764,-442.224229,77.927912,-442.224229,-777.773363,-392.607742,77.927912,-392.607742,829.055575,9.030536,-105.419533,55.751039,-105.419533,-514.524738,-42.768326,55.751039,-42.768326,1067.232751,555.219042,1.0,2.688899,0.955623,1.939373,3.0,133.0,1399.9883366953895,2.521506343968998,0.009033848246222298
46581.0,0.447607,-0.285573,-0.847406,0.75273,0.631904,0.184648,0.482749,-0.720517,0.497804,-191.617306,150.340629,-882.125526,3.594868,3.598519,3.595023,90.076243,89.969404,90.060611,116.437716,0.065363,0.058684,75.735236,0.944444,-240.626648,17.503134,72.073055,17.503134,-142.245888,-329.96871,72.073055,-329.96871,1546.746417,-28.656151,72.056777,-25.72606,72.056777,16.003915,-276.902447,-25.72606,-276.902447,1153.244348,603.545352,1.0,4.497844,1.049732,2.551284,3.0,136.0,1186.5901936063708,1.9660331898411685,0.012470338113160432
46141.0,0.151115,0.08058,0.985226,-0.871196,0.481809,0.094219,-0.467099,-0.872563,0.143009,534.609147,361.742142,-758.02662,3.594023,3.597216,3.586396,90.059121,89.941421,89.977986,170.810156,0.08471,0.083159,70.031833,0.833333,-2178.350039,-842.322785,-180.256741,-842.322785,-305.062638,-378.268279,-180.256741,-378.268279,650.522991,-604.615946,41.264747,126.331394,41.264747,-201.571838,-186.463242,126.331394,-186.463242,872.600431,720.973908,1.0,1.666138,1.427295,3.633094,3.0,115.0,1337.3677976845584,1.8549461816093327,0.011899345830345465
46391.0,0.283806,-0.002916,-0.958877,0.893755,0.363054,0.263427,0.347356,-0.931764,0.105643,-84.902524,255.58503,-880.026763,3.593037,3.599191,3.593316,90.025492,89.986064,90.042822,124.389419,0.066694,0.07049,76.295102,0.9,-469.178482,-76.387793,-139.883876,-76.387793,-470.713649,-244.435996,-139.883876,-244.435996,1307.904485,-312.027241,9.89726,-204.401075,9.89726,-476.810056,-427.073511,-204.401075,-427.073511,1343.216089,641.018709,1.0,4.444279,1.464956,2.784757,3.0,126.0,1791.0727699669505,2.794103736474485,0.011796301157051995
46744.0,-0.254506,-0.125219,0.95893,-0.550211,0.834201,-0.037098,-0.795295,-0.537056,-0.281206,160.865528,420.238257,-807.137483,3.59636,3.596056,3.594521,89.964282,89.955375,89.957351,63.556672,0.058678,0.052581,120.461053,1.0,-262.448358,22.626658,-198.767628,22.626658,45.829231,-99.617296,-198.767628,-99.617296,971.772565,-9.815124,41.861319,0.449663,41.861319,-121.030631,86.663149,0.449663,86.663149,955.560961,302.087417,1.0,1.532129,1.855847,4.118439,3.0,152.0,1028.8984257160744,3.40596253870473,0.008301438308031393
45963.0,-0.123574,0.151746,-0.980664,0.877741,0.47773,-0.036681,0.462927,-0.865302,-0.192229,561.031353,330.301263,-656.431321,3.593574,3.598633,3.595065,89.955973,90.014117,90.078503,84.413321,0.050995,0.046726,91.491087,1.0,-11.762964,-10.648406,140.292265,-10.648406,-583.138594,-210.688879,140.292265,-210.688879,1442.795906,-327.158123,77.110126,-113.963742,77.110126,-149.805343,-315.513671,-113.963742,-315.513671,1291.670463,405.202881,1.0,4.749776,1.764229,2.650347,3.0,146.0,1566.466784298864,3.8658826423765333,0.010930026440717663
46187.0,0.100156,0.993809,-0.048093,-0.782761,0.108541,0.612784,0.61421,-0.023729,0.788786,160.668731,515.785962,-877.048232,3.594574,3.589629,3.594689,90.003002,89.92602,89.999093,172.46785,0.069304,0.073709,74.066556,0.918919,-1406.810379,-107.228104,47.416379,-107.228104,-674.993152,-137.516556,47.416379,-137.516556,598.873392,-1291.938371,168.262338,194.989135,168.262338,134.331259,38.045405,194.989135,38.045405,772.66694,1004.187915,1.0,3.219914,0.661965,1.609411,3.0,136.0,1844.7199291905818,1.8370266178622372,0.01240666570212877
47048.0,0.23176,-0.140892,0.962516,0.063416,0.989539,0.129578,-0.970704,0.031008,0.23827,398.393473,-217.680011,-931.966506,3.600374,3.596678,3.595418,90.08668,90.02599,90.087077,139.718071,0.071013,0.063574,129.530385,1.0,423.114481,-924.022522,-218.515751,-924.022522,242.973387,499.46918,-218.515751,499.46918,1626.569342,-444.901488,60.253567,-266.576493,60.253567,-167.308819,-14.381693,-266.576493,-14.381693,1372.604241,325.664629,1.0,1.704616,1.330212,4.744322,3.0,144.0,1712.3182422178202,5.257919005437401,0.007720196307607671
45980.0,-0.1315,0.125036,-0.983399,0.979931,0.166309,-0.109891,0.149807,-0.978114,-0.144397,-275.202025,99.087482,-934.81975,3.594604,3.599539,3.594554,89.973997,89.955454,89.979342,131.619317,0.058721,0.06197,90.568853,0.986301,8.952591,-364.039876,21.248178,-364.039876,-33.704547,-434.151189,21.248178,-434.151189,1269.847035,-337.625638,21.368224,27.136574,21.368224,-328.307521,-113.355487,27.136574,-113.355487,1419.528972,561.233522,1.0,4.823673,1.7157,2.989614,3.0,144.0,1755.5163412268178,3.127960594675273,0.010890068354956421
46197.0,0.089443,0.492501,0.865703,-0.823762,0.525141,-0.213645,-0.559836,-0.694024,0.452674,-285.915659,-26.279604,-859.272826,3.594387,3.59626,3.592124,90.059904,90.053326,89.928964,140.864218,0.059851,0.06558,71.577584,0.842857,-907.192341,186.962379,-229.483842,186.962379,-566.52893,-41.411054,-229.483842,-41.411054,1068.874408,-258.549509,218.161925,-14.795641,218.161925,-514.37908,-9.615633,-14.795641,-9.615633,996.223935,834.266831,1.0,1.328844,1.101035,3.820377,3.0,118.0,1413.0968879482755,1.6938188543999244,0.011775432375588424
45990.0,-0.08352,-0.819248,0.567325,0.803547,0.281336,0.524559,-0.589353,0.499683,0.634807,309.869209,475.449757,-810.504969,3.593294,3.593665,3.593841,89.956542,90.022566,90.076687,215.014239,0.08532,0.095709,87.558763,0.909722,-709.591672,294.127616,-295.766148,294.127616,-709.359939,35.50925,-295.766148,35.50925,466.087667,-386.668735,25.092519,-113.773653,25.092519,-819.953612,307.269857,-113.773653,307.269857,984.6817,1297.010037,1.0,2.317048,0.883038,5.415634,3.0,131.0,1656.3558909546323,1.277057111127531,0.010389845274538656
46451.0,0.350943,-0.191655,-0.916574,0.87105,0.426063,0.244423,0.343673,-0.88416,0.316464,446.712198,199.22264,-879.952632,3.593446,3.597241,3.588111,90.005804,89.917905,90.058536,146.743587,0.077226,0.075552,76.755698,0.93662,-1977.963956,-233.500897,617.143801,-233.500897,-342.78301,67.198721,617.143801,67.198721,810.893453,-410.5011,65.661568,90.425901,65.661568,-381.973131,-84.501281,90.425901,-84.501281,1063.163638,542.538702,1.0,4.451783,1.248797,2.770865,3.0,133.0,1464.6441570424904,2.6996123071833695,0.012202611980676667
46024.0,-0.083741,-0.965328,-0.247245,0.995277,-0.068799,-0.068483,0.049098,-0.251812,0.96653,450.122138,401.0293,-871.4072630000001,3.594985,3.597056,3.600489,89.981234,90.009856,90.067161,128.734186,0.069672,0.064623,101.153841,1.0,678.369853,658.264068,-345.176773,658.264068,170.889952,-33.062557,-345.176773,-33.062557,1461.671863,-290.995467,-16.791847,-209.49261,-16.791847,-387.461203,66.855085,-209.49261,66.855085,1564.681871,399.192267,1.0,4.982599,0.259455,2.949029,3.0,142.0,1915.2891016235535,4.797911332344405,0.009885932062629239
46836.0,0.455677,-0.061703,-0.888004,0.398624,0.906119,0.141591,0.7959,-0.418499,0.437494,31.440106,-425.272522,-694.305668,3.597438,3.593711,3.593139,90.016747,89.99796,90.066242,107.322655,0.066162,0.061547,83.959692,0.993151,-194.364983,97.261741,516.917079,97.261741,-578.151404,-45.947364,516.917079,-45.947364,791.008381,-139.510203,128.467407,91.406384,128.467407,-532.385213,57.273574,91.406384,57.273574,1057.545136,509.851342,1.0,4.554271,1.117986,2.054885,3.0,145.0,1441.7662204300245,2.8278168588796704,0.011828902373772404
46034.0,-0.073509,-0.98951,-0.124366,0.994659,-0.063683,-0.081223,0.072451,-0.129672,0.988906,383.911573,-243.949033,-797.533822,3.593696,3.594201,3.600487,90.006012,90.000996,89.974878,55.672867,0.053497,0.047909,135.794124,1.0,-104.892678,-190.356055,-176.753415,-190.356055,-304.373542,-185.616987,-176.753415,-185.616987,1567.558797,-269.662024,38.862082,-144.869915,38.862082,-373.805812,-68.930135,-144.869915,-68.930135,1474.255765,182.531156,1.0,5.290939,0.149091,2.632076,3.0,140.0,1803.9262944414145,9.882840463911894,0.007364088890915486
46035.0,-0.04686,-0.881075,0.470649,0.844415,0.216768,0.489873,-0.533637,0.420378,0.733835,144.726229,471.191427,-976.212454,3.589944,3.598586,3.595936,90.040789,90.108748,90.099681,184.144747,0.102266,0.098068,70.303206,0.868056,1166.565483,343.591044,-275.777999,343.591044,-2001.648077,142.180221,-275.777999,142.180221,899.793735,-521.270318,122.758181,122.044711,122.758181,-137.328803,185.030823,122.044711,185.030823,863.125813,703.866315,1.0,2.376206,0.746846,5.379623,3.0,125.0,1257.214083810373,1.7861546390529757,0.012347317418212763
46248.0,0.041923,0.581055,0.812784,-0.887522,0.395263,-0.236793,-0.458853,-0.711437,0.53227,414.359172,-205.893099,-677.965104,3.595658,3.596578,3.593615,90.055881,90.005662,89.945836,80.788306,0.066203,0.056137,97.166556,1.0,-475.00202,-121.341824,-343.073425,-121.341824,1.916461,45.47591,-343.073425,45.47591,925.879769,-262.530657,90.376373,-259.516581,90.376373,-154.11369,-88.037379,-259.516581,-88.037379,1015.157763,483.724375,1.0,1.287307,1.009517,3.714421,3.0,146.0,1252.2656777225707,2.5888000325031597,0.0102916069187427
46292.0,0.014781,0.287245,0.957743,-0.817497,0.555006,-0.15384,-0.575743,-0.780678,0.243025,-278.377378,270.027859,-642.735133,3.593165,3.597922,3.59491,89.982481,90.032978,89.931633,143.651473,0.074218,0.076304,79.830292,0.956522,197.362228,304.759893,-235.437169,304.759893,-659.406163,-331.239831,-235.437169,-331.239831,955.312412,-199.352155,52.790267,-46.761257,52.790267,-242.908348,-171.453793,-46.761257,-171.453793,1121.053423,678.108553,1.0,1.411529,1.325313,3.77704,3.0,132.0,1352.2785384272688,1.9941918332171056,0.011981942894559373
46597.0,0.274308,-0.025863,-0.961294,0.353325,0.93243,0.075736,0.89438,-0.360424,0.264912,-280.563771,266.41537,-930.511034,3.597367,3.596056,3.593997,89.98369,89.959373,89.991711,93.139732,0.055304,0.055706,143.408232,1.0,-316.745257,-146.202562,-4.501887,-146.202562,494.962183,243.265732,-4.501887,243.265732,711.672316,-169.816431,-38.584575,70.909896,-38.584575,-172.337302,128.960045,70.909896,128.960045,1026.483418,268.340613,1.0,4.633766,1.302684,1.953876,3.0,142.0,1204.788843778638,4.489774508261401,0.006973100400540466
46083.0,0.186779,0.024172,0.982104,-0.796657,0.588695,0.137021,-0.574848,-0.807993,0.129213,553.808104,306.153394,-978.813118,3.595938,3.593901,3.585391,90.178156,89.973977,89.904759,204.311333,0.080166,0.073415,77.286899,0.826667,-2479.869617,-1402.989044,607.661778,-1402.989044,-1001.688547,485.903628,607.661778,485.903628,974.439055,-670.475178,-232.159121,-31.863328,-232.159121,-203.932836,-72.91533,-31.863328,-72.91533,1269.772878,648.503197,1.0,1.709419,1.441221,3.759963,3.0,124.0,1766.9716280818543,2.7246922393843716,0.010696081880578492
46907.0,0.35465,-0.020818,-0.934767,0.231166,0.970667,0.066086,0.905972,-0.239524,0.34906,-302.871015,1.037866,-846.255166,3.596998,3.593143,3.593509,89.998342,89.951124,90.041839,126.960957,0.057196,0.061978,83.02418,0.934783,-497.402093,-137.805299,43.583549,-137.805299,-535.520844,-9.596307,43.583549,-9.596307,873.997032,-347.168048,72.276323,215.939466,72.276323,-695.995721,42.418314,215.939466,42.418314,1267.375654,755.5965,1.0,4.641808,1.214229,1.829265,3.0,129.0,1825.3409020092524,2.4157614573509174,0.011259165703292703
46278.0,0.008079,0.203623,0.979016,-0.994289,0.105824,-0.013805,-0.106415,-0.973313,0.203315,-306.950258,267.573537,-862.369316,3.59577,3.599654,3.590363,90.042053,90.008179,90.035673,99.037781,0.058722,0.058982,141.433469,1.0,-1259.129845,138.862979,-162.024359,138.862979,362.881761,-403.46679,-162.024359,-403.46679,1331.669527,-300.064705,42.224886,-73.250024,42.224886,-268.948663,-184.830359,-73.250024,-184.830359,1204.111774,382.629886,1.0,1.556696,1.366054,3.250493,3.0,138.0,1499.2311849801365,3.918228135948943,0.007070462225599515
46610.0,0.150811,-0.988537,-0.007127,0.087383,0.006149,0.996156,-0.984693,-0.150854,0.087309,514.263057,-347.64659,-863.246188,3.600785,3.593217,3.593522,89.990255,90.013473,89.997384,74.372945,0.069975,0.055575,103.757706,0.992754,-381.14609,-76.142824,-300.548778,-76.142824,-342.734803,-72.303648,-300.548778,-72.303648,1643.071722,-701.282857,-56.291324,-135.175104,-56.291324,-313.554565,-91.460559,-135.175104,-91.460559,1547.562919,410.154195,1.0,3.148747,1.483376,4.560372,3.0,137.0,2087.5952583688586,5.08978155975915,0.009568002592501419
46311.0,-0.026353,0.947296,0.319273,-0.993015,-0.061552,0.100662,0.115009,-0.31439,0.942302,96.072591,-350.808925,-784.790686,3.593274,3.594374,3.599619,90.022147,90.029589,89.988968,56.237096,0.057068,0.045499,167.460016,1.0,-70.74871,16.501737,295.031026,16.501737,-323.04102,458.528841,295.031026,458.528841,1241.312738,-403.801237,-40.941982,351.29608,-40.941982,-301.289611,75.140483,351.29608,75.140483,1328.53685,226.293217,1.0,1.876217,0.341356,2.790899,3.0,140.0,1712.2989057054497,7.566726605444164,0.005971574731009222
46355.0,-0.040674,0.942076,0.332923,-0.804005,-0.228686,0.548889,0.59323,-0.245346,0.766736,-172.491706,200.580527,-673.4928649999999,3.59615,3.593522,3.596503,90.021393,89.96214,90.009219,55.720779,0.052751,0.050032,119.848969,1.0,-365.690009,57.421382,83.747026,57.421382,109.012091,-42.884321,83.747026,-42.884321,800.101914,-149.986172,-70.480679,42.416408,-70.480679,-79.847635,0.871026,42.416408,0.871026,909.064988,299.703749,1.0,2.596378,0.697056,1.962952,3.0,142.0,1028.2529125895803,3.4308977315781934,0.008343834814298652
46445.0,-0.058987,0.989885,0.129025,-0.567512,-0.139585,0.811447,0.821249,-0.025358,0.570006,99.112999,326.329011,-705.411113,3.59821,3.593054,3.594716,90.044717,89.962614,89.995121,52.7561,0.05714,0.043037,143.515888,1.0,-566.314907,-273.082291,-195.721354,-273.082291,91.675576,-307.786653,-195.721354,-307.786653,963.671022,-209.662755,31.379446,4.782719,31.379446,-4.842517,-34.233045,4.782719,-34.233045,1073.846088,112.760049,1.0,2.983906,0.964284,1.601664,3.0,146.0,1195.0281491692633,10.597974723913639,0.0069678696479932595
46601.0,-0.076934,0.116902,0.990159,-0.382788,0.913532,-0.137597,-0.920627,-0.389607,-0.025533,-54.357278,477.012015,-666.240664,3.599434,3.593479,3.592162,89.977666,90.008027,89.959753,85.209634,0.056681,0.05532,105.463803,1.0,-650.658257,257.16302,87.327799,257.16302,-417.467405,335.450016,87.327799,335.450016,1305.675806,-731.108855,113.082588,-111.58915,113.082588,-32.408141,229.359613,-111.58915,229.359613,1175.572426,383.497861,1.0,1.432716,1.596332,4.312046,3.0,140.0,1688.1353187144932,4.401941941247212,0.00948192623017776
46359.0,-0.078814,0.224985,0.971169,-0.996173,0.019144,-0.085278,-0.037779,-0.974174,0.222615,-5.667342,358.847744,-955.006648,3.591579,3.59906,3.59301,90.012093,90.081213,89.991973,155.708698,0.077683,0.074973,95.008684,0.943662,-338.823337,640.509976,-232.191442,640.509976,-999.342782,166.838756,-232.191442,166.838756,1178.116538,-647.88847,65.150395,64.662876,65.150395,-53.128702,80.829059,64.662876,80.829059,957.284294,562.511271,1.0,1.483211,1.3463,3.180353,3.0,134.0,1409.5552496842079,2.505825789371975,0.009932376286782374
46950.0,-0.234927,0.968127,0.086833,-0.367421,-0.171152,0.914171,0.899895,0.182859,0.395918,22.166596,89.285553,-679.479306,3.598772,3.594473,3.593038,89.991191,89.947141,89.960724,147.039486,0.093748,0.092471,74.69904,0.808219,-173.17877,-83.793114,41.584654,-83.793114,-537.564929,-295.143672,41.584654,-295.143672,1284.158009,-314.752707,-176.424116,226.262607,-176.424116,-478.75273,-413.932844,226.262607,-413.932844,1366.486962,594.591907,1.0,3.046891,1.163729,1.370325,3.0,118.0,1821.9307487055598,3.0641701093747984,0.010819670507144403
47213.0,-0.114378,0.087328,0.989592,-0.175851,0.978619,-0.106685,-0.97775,-0.186223,-0.096575,253.172623,476.624666,-862.980822,3.599912,3.594318,3.593926,89.917456,90.008341,90.012687,104.805092,0.06166,0.057078,102.274579,1.0,-60.581352,759.406585,122.476543,759.406585,-186.594237,306.398986,122.476543,306.398986,1341.006196,-641.345551,167.047889,231.210008,167.047889,-407.1818,215.118591,231.210008,215.118591,1331.155594,456.445146,1.0,1.463404,1.667523,4.524183,3.0,146.0,1891.9393402678409,4.144943498353777,0.009777600746711457
46381.0,-0.087728,0.943178,0.320499,-0.934459,-0.18938,0.301532,0.345094,-0.273041,0.897975,389.215897,-223.48722,-676.078033,3.593684,3.593368,3.59903,89.997359,89.95751,90.016394,94.677906,0.054758,0.053705,87.853101,0.985915,-202.370865,167.387568,429.918237,167.387568,-424.220796,92.804918,429.918237,92.804918,1144.167911,-508.243884,104.069323,292.250917,104.069323,-308.213325,157.3455,292.250917,157.3455,1149.869471,471.747833,1.0,2.325711,0.455651,2.240152,3.0,140.0,1596.3795767024349,3.3839680122122253,0.01122231302910981
46543.0,-0.252284,0.954962,0.156205,-0.879887,-0.29357,0.373653,0.402681,-0.043176,0.914321,265.73951,310.564168,-790.523181,3.593024,3.593707,3.597974,90.039055,89.928115,89.955629,83.506421,0.052402,0.049096,134.993608,1.0,-608.430962,-521.203075,-58.246547,-521.203075,-406.954583,128.978956,-58.246547,128.978956,1149.068253,-126.713454,43.739596,43.630376,43.739596,-92.875592,95.703757,43.630376,95.703757,1208.089069,261.656093,1.0,2.745624,0.416967,1.67761,3.0,136.0,1321.8955673749026,5.052034341026802,0.007407758151037789
46642.0,-0.35453,0.891963,0.280553,-0.846252,-0.433697,0.30946,0.397702,-0.127706,0.908584,-125.244565,340.848034,-664.407246,3.593704,3.59413,3.597044,90.05424,89.939266,89.963215,131.599951,0.049018,0.055456,85.579287,0.835714,-666.804358,-415.368734,-126.095866,-415.368734,-92.064331,110.281966,-126.095866,110.281966,940.668126,-543.742278,-20.336756,-111.526167,-20.336756,-83.559556,-10.570933,-111.526167,-10.570933,863.102465,687.850296,1.0,2.405149,0.430915,1.881505,3.0,117.0,1246.3134380704716,1.8118963462225097,0.009765376988943598
46682.0,0.26596,0.285662,-0.920686,0.259935,0.898455,0.353853,0.928277,-0.333429,0.1647,569.741142,-150.582666,-826.60192,3.597849,3.591993,3.583187,89.943726,89.897543,90.03342,177.009042,0.083385,0.076856,66.720956,0.810811,-3466.596684,332.530925,169.708888,332.530925,-621.498769,378.174271,169.708888,378.174271,972.459468,-368.47699,-75.822732,362.507911,-75.822732,-618.173836,148.824792,362.507911,148.824792,962.947678,562.610547,1.0,4.345459,1.405343,1.915636,3.0,120.0,1512.2748162790992,2.6879603028115633,0.012152268921326606
