%GrainID,O11,O12,O13,O21,O22,O23,O31,O32,O33,X,Y,Z,a,b,c,alpha,beta,gamma,DiffPos,DiffOme,DiffAngle,GrainRadius,Confidence,eFab11,eFab12,eFab13,eFab21,eFab22,eFab23,eFab31,eFab32,eFab33,eKen11,eKen12,eKen13,eKen21,eKen22,eKen23,eKen31,eKen32,eKen33,RMSErrorStrain,PhaseNr,Eul0,Eul1,Eul2,layer,num_spots,eqv_strain,strain/error,Confidence/R
50666.0,-0.471849,0.090168,0.877057,-0.878004,0.042676,-0.476746,-0.080416,-0.995012,0.059031,59.965902,298.988154,271.069887,3.592327,3.595685,3.59453,90.007497,89.980347,89.970868,93.56787,0.053696,0.052189,105.817534,0.992958,-366.100936,-371.033027,105.264754,-371.033027,-403.292312,130.649429,105.264754,130.649429,302.404798,-65.549364,16.78339,-26.120027,16.78339,247.274812,138.198416,-26.120027,138.198416,174.716416,237.799454,1.0,1.072899,1.511731,3.222237,0.0,140.0,308.9866026400684,1.2993579145899485,0.009383681158171765
48541.0,0.195615,-0.742318,0.640858,0.021856,0.65662,0.753905,-0.980437,-0.133468,0.144669,342.388926,238.657862,218.002786,3.595921,3.595305,3.595124,90.04952,90.002636,90.022273,122.553906,0.076672,0.068917,67.02851,0.96,604.83142,11.118801,-76.800363,11.118801,-305.69849,136.00593,-76.800363,136.00593,293.104173,-341.175458,-21.340611,95.488627,-21.340611,-26.075211,-5.410812,95.488627,-5.410812,464.426483,555.382251,1.0,2.437069,1.425618,4.577089,0.0,142.0,708.2650384903045,1.2752748889886734,0.014322263765075487
50143.0,0.284129,-0.817232,-0.501401,0.957605,0.26783,0.106112,0.047572,-0.510294,0.858684,-186.634821,125.050709,239.989913,3.596004,3.596597,3.596338,90.040092,90.024712,89.913464,101.746352,0.048718,0.049052,115.308872,1.0,-91.319157,-400.471153,-1.56268,-400.471153,687.056753,-613.587143,-1.56268,-613.587143,715.395132,182.207852,-11.375002,-46.909856,-11.375002,129.702504,-103.57431,-46.909856,-103.57431,422.380629,160.994157,1.0,4.503835,0.538101,3.048636,0.0,140.0,287.82512369721456,1.787798570212797,0.008672359573511396
49339.0,-0.287749,0.583323,-0.759562,0.730406,0.646646,0.219902,0.619441,-0.491512,-0.612134,387.718792,-199.063937,493.49109699999997,3.595603,3.595355,3.597253,89.964015,90.024521,90.010334,83.143093,0.066478,0.062236,93.743956,1.0,139.727076,-106.07023,256.078015,-106.07023,168.846177,-135.274301,256.078015,-135.274301,801.532903,358.286185,-76.969782,27.666399,-76.969782,67.35065,25.980277,27.666399,25.980277,737.400856,565.447793,1.0,4.430583,2.229553,2.241547,0.0,136.0,586.6795656512353,1.037548599382782,0.010667354383892227
49815.0,0.173123,0.980091,-0.097209,-0.97143,0.186189,0.147166,0.162335,0.068954,0.984323,-57.84417,476.944384,286.239644,3.597369,3.591888,3.596101,89.946312,90.019995,89.952281,140.99754,0.063671,0.065664,85.850518,0.993056,-678.924251,-618.591631,423.476215,-618.591631,595.32162,167.374586,423.476215,167.374586,399.321725,-382.231412,-135.280131,17.248038,-135.280131,257.2745,-96.491704,17.248038,-96.491704,413.378377,804.265767,1.0,3.725341,0.1773,1.169128,0.0,143.0,744.3770733467625,0.925536189515278,0.011567268586544815
51077.0,0.775435,-0.147015,-0.614075,0.447273,0.814349,0.369841,0.445699,-0.561446,0.69723,163.438838,-72.427247,569.002123,3.596406,3.593261,3.596022,90.022637,90.03508,90.020044,130.664621,0.072789,0.068975,71.517449,0.871622,700.102518,135.666658,-68.39368,135.666658,-479.225773,135.720163,-68.39368,135.720163,187.574491,305.415651,-43.605357,165.062074,-43.605357,-393.706899,90.010576,165.062074,90.010576,253.317544,700.049805,1.0,4.1703,0.79927,2.470619,0.0,129.0,694.9821621261736,0.9927610252333028,0.012187543210608645
50353.0,0.309203,0.366044,-0.877728,0.564629,0.672013,0.479159,0.765237,-0.643748,0.001109,-135.433622,-423.859386,569.320601,3.596934,3.590974,3.592178,89.934514,89.978194,89.990845,169.763618,0.095588,0.079018,63.198229,0.878571,-1083.279951,-121.342223,593.592946,-121.342223,88.662632,623.176331,593.592946,623.176331,-156.1179,-607.748022,119.264835,56.236917,119.264835,274.555925,41.500179,56.236917,41.500179,554.693363,775.102237,1.0,4.212693,1.569687,2.270182,0.0,123.0,1057.561026007273,1.36441488041696,0.013901829432593752
51169.0,-0.718148,0.672522,-0.178822,-0.551378,-0.393133,0.735818,0.424553,0.627025,0.653142,-326.058424,211.572464,275.109185,3.59534,3.599312,3.59535,90.026009,90.002246,90.038138,91.621415,0.067101,0.060687,98.695287,1.0,1037.754194,-383.147622,456.890511,-383.147622,342.11296,-145.925786,456.890511,-145.925786,228.153009,139.869368,11.855282,-17.897431,11.855282,118.650049,14.665297,-17.897431,14.665297,451.817308,290.268296,1.0,3.379995,0.85907,0.595185,0.0,142.0,323.86424954318187,1.1157410368481366,0.010132196079433865
48807.0,0.748379,-0.439875,0.496426,-0.402068,0.294395,0.866991,-0.527513,-0.848435,0.043459,13.295216,-448.750809,496.610078,3.595093,3.594064,3.591612,90.043051,90.008334,90.003555,144.491375,0.063864,0.068352,72.032336,0.957746,-65.397631,-336.283607,66.807973,-336.283607,-788.116001,335.312103,66.807973,335.312103,-106.627861,-181.596041,5.968373,146.588581,5.968373,-16.905376,128.527905,146.588581,128.527905,247.918181,573.50079,1.0,2.621575,1.527324,3.69785,0.0,136.0,411.5834558506114,0.7176685072231747,0.013296056371127544
50588.0,-0.41568,0.282617,0.864487,-0.903358,-0.017918,-0.428513,-0.105615,-0.959066,0.262752,361.673867,-272.05582,558.7077879999999,3.595057,3.597744,3.595294,90.028474,90.009134,89.971745,137.053499,0.068445,0.070304,71.478122,0.895833,75.010337,-7.342071,107.063579,-7.342071,42.913348,133.762644,107.063579,133.762644,959.828162,-115.096348,-2.286907,-299.492812,-2.286907,190.362059,-129.334662,-299.492812,-129.334662,711.071619,562.633916,1.0,1.110607,1.304923,3.251273,0.0,129.0,776.7366792376316,1.3805365392114606,0.01253296777998728
48554.0,-0.53072,0.382306,-0.756424,0.333621,0.914668,0.22821,0.779123,-0.131243,-0.612978,133.394558,-416.498208,278.776603,3.596075,3.595043,3.595006,89.978247,90.0384,89.965825,91.370595,0.052294,0.04638,90.684735,1.0,-340.98156,-145.375319,49.174285,-145.375319,326.026486,172.437355,49.174285,172.437355,544.1361,221.872656,20.416263,-55.085717,20.416263,-87.146471,-17.055509,-55.085717,-17.055509,454.162854,456.245312,1.0,4.419377,2.230621,1.73768,0.0,144.0,473.32893840857884,1.0374439494702772,0.011027214227400014
50860.0,-0.286945,0.874491,0.391059,-0.441743,-0.483024,0.75601,0.850015,0.044185,0.524902,474.763359,-136.789876,484.867531,3.596315,3.593269,3.596606,89.97435,89.990281,89.974647,111.805536,0.065056,0.063359,82.15286,0.934783,-174.596978,399.644224,267.560746,399.644224,161.02782,-59.390684,267.560746,-59.390684,561.493764,219.857518,178.007861,-63.084473,178.007861,153.541619,41.706089,-63.084473,41.706089,509.002706,536.871326,1.0,2.664227,1.018197,1.518861,0.0,129.0,367.7391013556306,0.684966925120584,0.011378581342146822
48556.0,0.771004,-0.298138,0.562731,-0.230718,0.692845,0.683181,-0.593567,-0.656567,0.465401,429.313512,320.075135,527.819026,3.596052,3.594916,3.594717,90.014028,89.956308,89.96355,125.836483,0.058425,0.05999,80.295186,0.913043,444.68506,243.124741,-191.935097,243.124741,-297.911762,-237.313457,-191.935097,-237.313457,260.330378,37.26068,56.873476,185.738788,56.873476,-340.408117,47.257062,185.738788,47.257062,570.463938,609.329216,1.0,2.45257,1.086709,3.876639,0.0,126.0,811.3499289679269,1.3315460799567618,0.011371080203986327
50298.0,-0.140453,0.316732,0.938059,-0.768628,0.56233,-0.304953,-0.624087,-0.76385,0.164468,323.215718,-257.460254,268.360386,3.598164,3.595842,3.592034,90.030871,89.98669,90.00524,60.210376,0.050213,0.043574,119.884635,1.0,-799.637588,192.551743,5.632878,192.551743,776.099188,271.985275,5.632878,271.985275,529.728458,-26.345011,103.568954,-19.235109,103.568954,262.036255,100.662841,-19.235109,100.662841,677.907652,196.240511,1.0,1.256483,1.405578,3.826631,0.0,140.0,626.0706328277652,3.1903230868970023,0.008341352501094072
49146.0,0.325924,0.016472,0.945252,-0.249595,0.965873,0.069229,-0.911853,-0.258493,0.318913,303.368954,-392.155887,411.824181,3.594613,3.597461,3.593316,90.054344,90.061723,90.003272,129.146492,0.070039,0.066453,85.448945,0.956522,-704.561403,-338.91841,412.651671,-338.91841,670.861812,-242.929929,412.651671,-242.929929,358.185625,-451.799464,-151.268067,-15.374762,-151.268067,-32.978696,-63.603634,-15.374762,-63.603634,531.363036,518.750924,1.0,1.643904,1.246214,4.436155,0.0,132.0,866.3852140009195,1.6701371967116139,0.01119407618198212
50490.0,-0.327022,0.763765,0.556525,-0.89417,-0.440647,0.079309,0.305805,-0.471692,0.827037,-419.032357,419.472504,251.636339,3.594933,3.592402,3.595975,90.042252,89.923974,90.06465,200.797957,0.065004,0.076622,88.940963,1.0,-540.627612,273.770002,-33.831357,273.770002,-595.067898,-615.220105,-33.831357,-615.220105,880.920837,-231.608533,152.744149,-128.404595,152.744149,135.859481,54.831689,-128.404595,54.831689,247.955526,915.482768,1.0,1.712351,0.596981,2.566403,0.0,142.0,470.00930580492934,0.513400494508193,0.011243413229065217
49341.0,-0.167331,0.599629,-0.782589,0.516035,0.729632,0.448716,0.840064,-0.328759,-0.43152,341.426113,478.307162,359.863454,3.59639,3.593606,3.596258,90.113473,90.014115,89.999539,151.852188,0.074356,0.071912,74.188867,0.930556,1053.418566,31.811105,216.362683,31.811105,-664.142093,633.712288,216.362683,633.712288,174.625982,-23.435384,-155.272218,180.849381,-155.272218,-56.951956,71.359855,180.849381,71.359855,542.742153,807.045037,1.0,4.191778,2.016973,1.943824,0.0,134.0,622.1638337953425,0.770915878633106,0.012543067951152294
48960.0,0.529127,0.831754,-0.167957,-0.338215,0.388261,0.857242,0.778226,-0.396785,0.486751,54.48526,133.857407,415.509473,3.595627,3.592843,3.593818,89.967433,89.98038,90.049068,131.208111,0.078209,0.072493,61.535775,0.878378,-790.266012,126.311913,264.93997,126.311913,-37.61381,-234.409565,264.93997,-234.409565,289.971147,-129.250154,-58.784085,403.293585,-58.784085,-220.987216,-158.795249,403.293585,-158.795249,318.886836,621.863175,1.0,3.335068,1.06243,2.042299,0.0,130.0,627.5676320358499,1.0091731706670843,0.014274265660910258
48563.0,-0.633766,0.10481,-0.766391,0.389652,0.899149,-0.199256,0.668216,-0.424908,-0.610689,464.536329,-404.495404,304.059214,3.590669,3.594751,3.594423,89.994097,90.103754,90.014271,156.841112,0.097431,0.079509,72.511051,0.89726,-1377.60564,451.96622,523.346496,451.96622,-138.318299,-49.623193,523.346496,-49.623193,296.713899,-735.750123,244.953192,130.992407,244.953192,53.929499,126.913067,130.992407,126.913067,481.90323,1065.854578,1.0,4.96675,2.227727,2.137184,0.0,131.0,1102.1200282199868,1.0340247637609592,0.012374113843695356
50420.0,0.432248,0.24093,-0.868973,0.764133,0.413815,0.494832,0.478814,-0.877901,-0.005231,453.788816,448.081578,375.868239,3.597417,3.597244,3.594292,90.003156,90.034513,89.986181,99.773254,0.057193,0.053263,81.695572,1.0,348.424232,555.04495,79.417035,555.04495,360.47108,-95.547756,79.417035,-95.547756,607.248234,-139.077436,-22.661766,93.763021,-22.661766,39.42028,15.4934,93.763021,15.4934,615.659049,466.200789,1.0,4.19474,1.576028,2.642282,0.0,138.0,688.4247864107142,1.4766701443971906,0.012240565498458105
48565.0,-0.637139,-0.732268,0.240494,0.3935,-0.040749,0.918421,-0.662731,0.679796,0.31411,411.709058,-403.724523,214.607054,3.59585,3.598701,3.595318,89.926259,90.052631,89.976016,160.376265,0.07774,0.075324,73.301682,0.964789,834.640775,-278.164801,-272.587148,-278.164801,-201.927118,614.148685,-272.587148,614.148685,937.292611,272.402974,121.401239,146.552187,121.401239,-455.776586,-101.471499,146.552187,-101.471499,662.213955,658.702701,1.0,2.885487,1.251277,5.510498,0.0,137.0,1000.4672224658929,1.5188448763714615,0.01316189442965306
49753.0,-0.026796,-0.690555,-0.722784,0.937994,-0.267352,0.220657,-0.345613,-0.672054,0.6549,-352.227362,340.596379,469.917016,3.59752,3.59513,3.595853,90.024339,89.95031,89.995499,90.452407,0.057674,0.053185,112.561865,1.0,20.132927,-379.56622,14.682863,-379.56622,887.68026,94.578525,14.682863,94.578525,282.866718,79.046858,21.706242,-2.091242,21.706242,72.86717,28.572298,-2.091242,28.572298,298.578569,228.868098,1.0,4.416089,0.856745,3.616586,0.0,144.0,224.850908368969,0.9824475771584775,0.00888400347666592
49886.0,0.100026,-0.934477,0.341683,-0.21117,0.315644,0.925082,-0.972318,-0.164686,-0.165761,33.765969,-134.861803,390.885047,3.595517,3.592672,3.594429,89.98708,89.99523,89.968276,124.728361,0.06601,0.063204,83.25539,0.878571,-631.181873,116.791744,138.98511,116.791744,-109.006095,-46.925961,138.98511,-46.925961,294.371267,-523.685103,-187.738596,28.596856,-187.738596,-107.700127,-137.355287,28.596856,-137.355287,431.479198,609.36127,1.0,2.787781,1.737326,4.544607,0.0,123.0,853.9589392564426,1.4014000910435982,0.01055272217210201
50003.0,0.168719,0.360866,-0.917229,0.877544,0.368749,0.306497,0.448832,-0.856621,-0.254461,-45.625994,-258.746563,396.603384,3.60009,3.59667,3.595421,89.982402,89.986265,89.953948,120.479447,0.069263,0.062382,128.696931,1.0,181.846163,265.539423,50.072267,265.539423,1596.410902,100.783261,50.072267,100.783261,435.973815,257.610912,3.616775,7.63143,3.616775,181.200166,-66.421854,7.63143,-66.421854,537.255293,189.685736,1.0,4.389899,1.828087,2.658965,0.0,144.0,329.80267517350444,1.738679365819602,0.007770193059226874
50981.0,-0.642672,0.496624,0.583384,-0.691596,-0.703688,-0.162843,0.329649,-0.508121,0.795704,313.704927,405.914599,347.73062600000003,3.588388,3.595152,3.595034,89.985924,89.947046,90.088161,186.862138,0.064875,0.066476,62.643798,0.891892,-458.770909,-1115.719167,-127.848294,-1115.719167,-1402.569606,4.625751,-127.848294,4.625751,289.229741,-100.906272,-99.985003,-189.28606,-99.985003,-104.188866,120.568249,-189.28606,120.568249,291.630219,745.604999,1.0,1.29859,0.650627,2.566089,0.0,132.0,447.94686863702856,0.6007830811727545,0.01423751478159099
48571.0,-0.395624,-0.503863,0.767856,0.287168,0.726281,0.62454,-0.872362,0.467587,-0.142641,323.617803,502.843678,347.1359,3.59766,3.593937,3.584608,90.016998,90.036559,90.000143,236.537681,0.097536,0.09932,76.519279,0.842857,-1283.169625,-1389.129922,773.25951,-1389.129922,-1399.836501,131.519307,773.25951,131.519307,453.323489,-302.369162,-145.463695,94.165136,-145.463695,-98.848748,24.04479,94.165136,24.04479,469.004676,745.844626,1.0,2.253628,1.713926,5.204421,0.0,118.0,708.8028763361323,0.9503358362149442,0.01101496264751789
50092.0,0.192008,0.263999,-0.945218,0.620896,0.713199,0.325323,0.760014,-0.649346,-0.026976,-2.854184,-67.206411,283.71546,3.594936,3.595102,3.594504,90.022123,90.045944,90.008032,131.937354,0.063943,0.059867,71.877342,0.85,185.089064,348.287066,156.631592,348.287066,-248.765914,-78.138307,156.631592,-78.138307,152.599552,142.48654,106.552088,-2.202012,106.552088,-62.575887,33.648367,-2.202012,33.648367,237.667694,874.990976,1.0,4.38091,1.597776,2.277832,0.0,119.0,282.8355284872,0.32324393764627807,0.011825701623746743
50480.0,-0.344572,0.445155,0.826503,-0.936269,-0.098864,-0.337085,-0.068344,-0.889979,0.450851,-364.320904,226.26599,388.998004,3.59584,3.598756,3.595929,89.922573,89.972573,89.959883,127.627646,0.078862,0.065542,97.933498,0.993056,737.540505,-490.800587,-627.635686,-490.800587,577.469959,438.625988,-627.635686,438.625988,437.798524,153.883917,35.978436,-2.505455,35.978436,364.332417,3.503136,-2.505455,3.503136,477.440762,657.669498,1.0,1.183545,1.103078,3.218235,0.0,142.0,286.12986255600754,0.4350663417204846,0.01014010548260004
48983.0,0.73773,0.599423,-0.310559,-0.545106,0.800292,0.249783,0.398264,-0.014985,0.917149,-353.981024,460.44763,320.204898,3.589866,3.596184,3.594293,90.005815,89.85439,89.972458,173.923837,0.069507,0.069929,102.645077,1.0,-957.497959,1265.934105,360.642602,1265.934105,-729.671801,-204.978798,360.642602,-204.978798,605.482361,82.352782,50.415663,85.985587,50.415663,328.772301,-24.853053,85.985587,-24.853053,369.550412,451.73185,1.0,4.035029,0.40993,1.608405,0.0,140.0,283.45838680030624,0.6274925861444267,0.009742308440179747
50422.0,0.477788,-0.825536,-0.300349,0.872962,0.484422,0.057208,0.098269,-0.289526,0.952112,-57.988225,328.870854,574.698128,3.59404,3.594099,3.597396,89.991214,89.980069,90.051558,168.326665,0.079876,0.073173,59.880515,0.828767,243.585833,141.639717,-143.953541,141.639717,-547.043796,320.384835,-143.953541,320.384835,668.855187,-10.44492,76.688105,65.098513,76.688105,-183.365401,36.48798,65.098513,36.48798,375.712684,902.618782,1.0,4.524172,0.310725,2.814382,0.0,121.0,504.3624068044888,0.5587767691770553,0.013840345227491781
48581.0,0.464907,0.371532,-0.803633,-0.110261,0.924921,0.363818,0.878467,-0.080532,0.470967,44.930731,454.093835,308.779772,3.595835,3.598107,3.594447,89.959174,89.986576,90.00859,119.822191,0.068679,0.063927,78.118431,1.0,-184.010593,114.176822,133.976626,114.176822,1039.949542,1.363253,133.976626,1.363253,303.584368,135.8832,-75.831537,24.449444,-75.831537,336.08879,151.591769,24.449444,151.591769,261.725323,561.67856,1.0,4.287278,1.080409,1.662214,0.0,146.0,229.60927249244165,0.40879123549320034,0.012801076355463412
48583.0,0.80041,-0.397233,0.448944,-0.266618,0.434864,0.860121,-0.536898,-0.808146,0.24216,214.981698,413.172434,355.296364,3.597929,3.59668,3.592304,90.0444,89.940989,90.092243,171.258232,0.103981,0.099868,64.830002,0.805556,1536.536043,-559.470375,221.746318,-559.470375,-676.078121,-232.111439,221.746318,-232.111439,-113.347022,32.965015,-239.949537,116.693399,-239.949537,-173.741274,117.948688,116.693399,117.948688,408.96845,707.041987,1.0,2.660536,1.326205,3.727995,0.0,116.0,570.663749288721,0.8071143719626385,0.012425666746084632
49647.0,-0.123127,-0.948501,-0.291867,0.989974,-0.137908,0.030539,-0.069217,-0.285181,0.955971,-232.094215,128.224316,482.821488,3.593703,3.594322,3.59687,89.985859,90.011995,90.005892,157.553577,0.075982,0.077577,69.994968,0.861111,-9.748594,94.060846,-295.842281,94.060846,-277.750312,-69.65047,-295.842281,-69.65047,475.237181,-294.09941,-76.468581,7.375292,-76.468581,-154.217938,80.738486,7.375292,80.738486,515.026185,684.343619,1.0,4.608135,0.297845,3.379702,0.0,124.0,755.2382285622684,1.1035950472744431,0.012302470086135334
48585.0,-0.097255,-0.132027,-0.986464,0.151536,0.977642,-0.145786,0.983656,-0.163663,-0.075074,508.338455,140.784133,317.36560099999997,3.59726,3.594594,3.587613,89.965877,90.03042,89.961453,163.339666,0.078605,0.080231,73.123486,0.965753,-1888.28525,-574.456004,53.7204,-574.456004,-38.413844,431.165453,53.7204,431.165453,603.890452,-389.374112,-120.728551,9.738722,-120.728551,54.753226,40.107288,9.738722,40.107288,794.647243,636.618177,1.0,4.859114,1.645941,1.735668,0.0,141.0,1041.8774036019306,1.6365812998172227,0.013207152076967446
50925.0,-0.643492,0.680786,0.349925,-0.737645,-0.429427,-0.52103,-0.204443,-0.593399,0.778512,-155.15266,218.488745,508.71905,3.596132,3.595499,3.59604,90.019637,90.008167,89.957201,86.130214,0.066502,0.060657,100.007936,1.0,-74.588915,52.679675,140.370573,52.679675,452.807547,199.44371,140.370573,199.44371,581.377542,265.19313,61.615145,3.808846,61.615145,253.793211,-46.896972,3.808846,-46.896972,445.351014,432.15603,1.0,0.591411,0.678505,3.473385,0.0,138.0,197.85929632789322,0.4578422666644111,0.009999206462975098
48826.0,-0.329788,-0.752019,0.570708,0.355165,0.461283,0.813066,-0.874699,0.470834,0.114965,57.127329,5.869089,325.129982,3.594938,3.595403,3.595193,89.99867,90.003583,90.011374,96.325507,0.060732,0.054029,85.74098,1.0,103.932907,27.619703,-72.154022,27.619703,87.59994,84.224172,-72.154022,84.224172,173.978424,201.194615,97.398238,-83.132951,97.398238,-60.778038,183.377134,-83.132951,183.377134,293.783504,654.402039,1.0,2.529579,1.455576,5.206191,0.0,144.0,372.79570593276753,0.5696738147430613,0.011663034408983896
49164.0,0.463915,-0.653783,0.597788,-0.440017,0.415614,0.796021,-0.768874,-0.632323,-0.094866,497.29808,-334.534841,534.705136,3.594033,3.590632,3.593943,90.025928,89.98296,89.919183,183.607126,0.077317,0.07976,72.890278,0.807143,-778.971882,661.515934,-245.21213,661.515934,-887.832312,258.939443,-245.21213,258.939443,104.376137,-397.293145,75.599523,12.83286,75.599523,-108.253236,59.723293,12.83286,59.723293,665.361328,896.789376,1.0,2.497471,1.665805,4.024137,0.0,113.0,955.3607576368998,1.0653123054358082,0.011073397195713812
50338.0,-0.22105,0.792457,0.568462,-0.927047,0.010271,-0.374805,-0.302856,-0.609842,0.732374,168.676878,-27.152696,454.150853,3.595327,3.592987,3.594171,90.045611,89.985116,89.992926,118.192704,0.062697,0.060493,80.479448,0.888889,-762.283396,75.774849,37.93018,75.774849,210.192862,-40.273076,37.93018,-40.273076,69.242129,320.429892,-46.030667,145.11185,-46.030667,-92.421403,-26.005246,145.11185,-26.005246,81.717662,574.693747,1.0,0.987889,0.748994,3.602527,0.0,128.0,383.101129400212,0.6666178836990408,0.011044919194773802
50986.0,-0.592311,-0.257979,0.763292,-0.641924,0.723633,-0.253554,-0.486932,-0.640158,-0.594218,-373.891031,-85.958342,389.195613,3.597014,3.596054,3.595484,90.00168,89.977748,89.997463,84.910615,0.061414,0.057497,83.567392,1.0,203.631384,51.259491,161.21447,51.259491,513.416521,162.828515,161.21447,162.828515,487.945424,193.188182,104.576549,-117.60237,104.576549,321.05451,111.987212,-117.60237,111.987212,590.286054,427.04639,1.0,1.25008,2.207089,3.79187,0.0,136.0,388.8982537827888,0.9106698075185434,0.011966389952674364
50903.0,0.687305,-0.039806,-0.725278,0.522121,0.721237,0.4552,0.504977,-0.691544,0.516493,90.462753,231.349185,420.315983,3.594704,3.594878,3.595649,90.009826,89.992178,90.022722,53.624662,0.062008,0.049653,106.82997,1.0,66.261333,-140.451467,-40.970895,-140.451467,-103.565181,66.268187,-40.970895,66.268187,318.598363,198.347944,12.998881,-22.827505,12.998881,145.03332,4.081104,-22.827505,4.081104,296.615991,261.489849,1.0,4.151907,1.028046,2.510873,0.0,142.0,135.15999092446668,0.5168842746337993,0.009360669108116382
48595.0,0.455324,0.410228,-0.790185,-0.112933,0.906966,0.405781,0.883134,-0.095523,0.459292,252.855639,-287.995414,348.756895,3.595768,3.594776,3.592062,90.034209,89.926871,89.963482,98.14081,0.059333,0.054595,101.944638,0.992958,-551.018358,684.100127,95.633393,684.100127,-454.513694,173.786782,95.633393,173.786782,555.458376,-84.85713,43.993938,93.496117,43.993938,117.661812,-36.396443,93.496117,-36.396443,469.155732,346.8639,1.0,4.237979,1.093599,1.678542,0.0,140.0,494.71945900379416,1.4262639006359386,0.009740168972888992
50221.0,-0.109748,0.893009,0.436452,-0.829723,-0.324083,0.454456,0.54728,-0.312258,0.776518,-80.866489,-343.974358,303.099278,3.596791,3.594448,3.596047,90.10518,90.022828,89.904292,121.331869,0.06606,0.060182,160.9322,1.0,-850.094614,-601.775443,7.103411,-601.775443,1328.105061,369.840706,7.103411,369.840706,371.840592,8.523404,8.15812,6.466696,8.15812,54.950461,12.747703,6.466696,12.747703,350.730609,153.187949,1.0,2.376401,0.681676,2.089291,0.0,144.0,321.8333841002171,2.1009053662583934,0.006213796866009413
50462.0,0.503028,-0.498645,-0.705915,0.849257,0.133608,0.510794,-0.160389,-0.856447,0.490687,390.776361,148.600881,500.430209,3.593593,3.595363,3.594903,90.047456,89.974685,89.987632,104.658722,0.05807,0.054562,81.374122,1.0,-517.862321,-133.873808,-23.581678,-133.873808,-55.772222,182.129379,-23.581678,182.129379,472.612579,-110.051264,-52.353942,38.134223,-52.353942,-13.972916,115.749023,38.134223,115.749023,566.930688,530.516232,1.0,4.086004,1.057918,3.326721,0.0,148.0,644.7379681803453,1.2153029997776683,0.012288919074297355
48600.0,-0.516395,-0.814063,-0.265778,0.358939,-0.487541,0.795906,-0.777495,0.315604,0.543963,-90.144601,-349.589301,294.603241,3.595843,3.597552,3.592979,90.021185,90.018794,89.980999,87.085283,0.052199,0.050452,116.57498,0.992857,579.810507,529.469312,180.587772,529.469312,-93.098855,-264.332444,180.587772,-264.332444,112.23651,66.596282,-50.123281,-29.961405,-50.123281,-134.767456,-41.250793,-29.961405,-41.250793,341.76296,287.036197,1.0,3.463881,0.995644,5.097992,0.0,139.0,418.9348270031887,1.4595191525729023,0.008516896164168331
48602.0,0.89028,0.448522,0.078928,-0.327514,0.510138,0.795295,0.316443,-0.733885,0.601063,-390.20853,-187.455525,557.885702,3.592991,3.594815,3.595533,90.010768,90.04585,90.008208,131.779531,0.079411,0.075435,74.017053,0.842857,-500.362126,-171.550857,-340.801327,-171.550857,248.873854,123.435407,-340.801327,123.435407,6.333769,79.391455,-40.319931,139.225091,-40.319931,22.691905,240.826116,139.225091,240.826116,202.863771,641.298967,1.0,3.042673,0.925966,2.734491,0.0,118.0,291.0601007590194,0.4538602363895893,0.011387335294205781
48603.0,-0.795453,-0.308097,-0.521853,0.498846,0.156066,-0.852524,0.344104,-0.938467,0.02955,10.384142,426.944221,414.163564,3.592009,3.595304,3.594896,89.992422,89.975976,90.063605,154.392824,0.059319,0.068404,97.383385,0.9375,-531.162485,567.179467,-113.116151,567.179467,-436.002201,70.102988,-113.116151,70.102988,407.08209,42.095288,152.567444,73.300528,152.567444,257.370206,125.51576,73.300528,125.51576,125.221276,490.798369,1.0,5.733896,1.541242,2.790148,0.0,135.0,262.0329726143754,0.5338912864528599,0.009626898880132375
48866.0,0.839277,0.070061,0.539171,-0.520034,0.392852,0.758441,-0.158678,-0.916929,0.366145,-46.093554,-130.144559,517.192513,3.595225,3.596648,3.595296,90.02308,89.997839,90.000858,117.052831,0.053912,0.057147,69.645424,0.821918,143.526101,-29.950575,82.92292,-29.950575,75.377928,-34.937174,82.92292,-34.937174,601.272227,132.904647,-46.05546,140.170267,-46.05546,166.423948,4.352961,140.170267,4.352961,564.675221,585.028206,1.0,2.523592,1.195933,3.312949,0.0,120.0,435.22125676610403,0.7439320913120282,0.011801464515457612
49003.0,0.522707,0.742923,-0.418142,-0.364427,0.63813,0.67822,0.770694,-0.202129,0.604296,484.752864,-165.030318,489.982003,3.594667,3.593817,3.593369,89.991311,89.896541,90.040688,162.542852,0.074026,0.075624,70.036694,0.864286,-932.120913,443.932434,-5.131747,443.932434,-498.469798,-25.924854,-5.131747,-25.924854,770.159294,-131.780487,-150.501828,-139.392016,-150.501828,150.985862,-148.34215,-139.392016,-148.34215,818.458537,733.325933,1.0,3.694077,0.921914,1.827288,0.0,121.0,873.0865576976547,1.1905845933006909,0.012340473980682184
49046.0,0.568718,0.474173,-0.672101,-0.453963,0.862339,0.224254,0.685913,0.177572,0.705685,252.802484,490.336144,519.844566,3.594876,3.599918,3.596014,90.043745,89.947344,89.95549,133.482279,0.072175,0.068463,111.66265,1.0,597.94413,1012.555992,23.747129,1012.555992,550.565655,139.216025,23.747129,139.216025,683.122243,37.063881,27.524559,42.488684,27.524559,55.13428,-15.571254,42.488684,-15.571254,546.897808,349.866544,1.0,4.390344,0.787407,1.317474,0.0,142.0,503.13843535465503,1.4380867333078153,0.008955546012923749
50980.0,-0.288713,0.247503,0.924871,-0.37885,0.857629,-0.347772,-0.879271,-0.450794,-0.153842,-185.110316,297.186406,329.247484,3.595913,3.597702,3.595029,90.033293,89.938993,90.013842,102.11326,0.06897,0.061891,95.693546,1.0,-253.950951,-112.987769,-287.231779,-112.987769,1054.41505,51.328873,-287.231779,51.328873,429.31916,88.642132,68.3793,39.947262,68.3793,324.255879,-120.58706,39.947262,-120.58706,530.581828,528.423372,1.0,1.21113,1.725252,4.238641,0.0,146.0,402.8734646762854,0.7624065967246532,0.010450025542997435
48610.0,0.607409,0.473124,-0.638129,-0.192954,0.867108,0.45923,0.770599,-0.155811,0.61798,-195.888121,-127.04762,227.330544,3.594669,3.594225,3.594417,89.986064,89.934467,90.01421,134.301439,0.058812,0.061813,75.874749,0.895833,-664.31627,104.960995,-15.888642,104.960995,-90.477657,100.8166,-15.888642,100.8166,501.154273,-494.865533,48.165519,168.615362,48.165519,133.195615,-115.999153,168.615362,-115.999153,366.013474,897.71051,1.0,4.088596,0.904625,1.770301,0.0,129.0,792.4922451731625,0.8827926557005136,0.011806734279938114
50315.0,-0.168504,0.661949,0.730363,-0.823246,0.312991,-0.473607,-0.5421,-0.681073,0.492206,-69.579861,-407.3332,430.747503,3.592587,3.591815,3.596867,90.006176,90.032071,89.939992,136.596995,0.076847,0.067878,103.439968,1.0,-157.961078,-618.774079,540.179645,-618.774079,-825.319569,-11.629448,540.179645,-11.629448,161.443699,235.683679,-112.881006,47.099987,-112.881006,135.297254,66.642174,47.099987,66.642174,146.881582,361.892923,1.0,0.995509,1.056174,3.81386,0.0,146.0,153.62292778214675,0.42449829222592106,0.009667443052573258
48613.0,-0.290719,0.245591,-0.924753,0.255611,0.951305,0.172284,0.922033,-0.186291,-0.339339,210.601388,-143.379894,373.440733,3.594689,3.595247,3.59099,90.044966,90.06361,90.065435,159.267438,0.097206,0.086819,79.367279,0.84058,-923.429206,810.054954,-106.304835,810.054954,-360.053882,-342.394695,-106.304835,-342.394695,365.616953,-700.936454,-66.929054,-6.002016,-66.929054,-16.775255,14.0624,-6.002016,14.0624,427.424328,720.102469,1.0,4.528198,1.91701,1.770156,0.0,114.0,986.320886032756,1.369695187134202,0.010591014465797676
50997.0,-0.594581,0.05614,0.802073,-0.635514,0.578275,-0.511585,-0.492539,-0.813908,-0.308154,202.510087,249.276976,509.452357,3.59161,3.594966,3.594818,90.011034,89.971831,89.969412,150.112413,0.084231,0.077805,68.813079,0.847826,-554.406419,-529.645971,-129.118401,-529.645971,-304.436251,-149.686172,-129.118401,-149.686172,72.486467,-256.30208,-65.29219,-11.397012,-65.29219,167.749118,-15.569628,-11.397012,-15.569628,337.98456,684.419983,1.0,1.003025,1.884048,3.685793,0.0,116.0,533.3522277215284,0.7792762353075953,0.012320710137094721
50204.0,0.169047,-0.847011,0.503979,0.292701,0.531413,0.794938,-0.941142,0.013133,0.337755,-223.574901,214.819187,555.914593,3.596294,3.595536,3.595809,89.990378,90.000766,89.996066,58.338069,0.057149,0.052264,113.347229,1.0,164.196485,-0.507779,-13.843518,-0.507779,366.140583,-34.442196,-13.843518,-34.442196,421.122079,107.005405,84.725586,47.790779,84.725586,195.277483,-137.98751,47.790779,-137.98751,472.450453,358.297911,1.0,2.576558,1.226265,4.726343,0.0,138.0,361.1933711708223,1.0080811528114721,0.008822447701831335
49741.0,-0.007028,-0.697656,-0.716398,0.765507,0.457192,-0.452741,0.643389,-0.55159,0.530847,294.438529,-226.919193,575.008975,3.595771,3.595704,3.595092,89.987539,89.969061,90.058238,115.133674,0.058483,0.058472,72.153325,0.950704,287.252667,69.340238,168.108487,69.340238,-344.338671,199.514764,168.108487,199.514764,709.263863,88.04218,70.028192,61.674598,70.028192,-198.051536,223.17345,61.674598,223.17345,702.745633,596.757031,1.0,5.275983,1.011196,2.279525,0.0,135.0,824.292614273128,1.3812868076172329,0.013176163399261226
50825.0,-0.34578,0.183162,0.920265,-0.535288,0.767008,-0.353788,-0.770651,-0.614939,-0.167172,367.994509,454.05904,453.763357,3.595994,3.598208,3.594127,89.973198,89.96436,90.018876,108.301253,0.074466,0.062142,87.420454,0.992754,-168.562728,350.344474,-343.619179,350.344474,772.212253,-144.422559,-343.619179,-144.422559,539.016235,82.384525,46.982698,97.574536,46.982698,93.980308,-88.050295,97.574536,-88.050295,627.517658,600.442892,1.0,1.203774,1.738757,4.038901,0.0,137.0,552.8056739839251,0.9206631993637208,0.011356083783321463
49216.0,-0.430873,-0.565061,-0.703601,0.768381,0.179141,-0.61441,0.473223,-0.805366,0.356995,496.987687,-377.58722,283.222808,3.594831,3.597115,3.594606,89.988353,89.96994,90.016526,115.356656,0.069468,0.063806,79.009609,0.963768,366.837674,-67.428404,202.865524,-67.428404,-287.861478,51.556879,202.865524,51.556879,569.543286,-274.557498,-129.603893,-239.466424,-129.603893,89.440095,17.727173,-239.466424,17.727173,482.235463,642.314523,1.0,5.430219,1.205747,2.61035,0.0,133.0,696.850564899394,1.0849055096009312,0.012198111244924653
48619.0,0.898631,0.388825,0.20317,-0.347706,0.348853,0.870289,0.267513,-0.852712,0.448686,-346.693801,47.3164,283.10580600000003,3.596081,3.596474,3.594914,89.995616,90.019679,89.97049,72.343291,0.063893,0.05227,141.48814,1.0,499.263783,-103.075872,-315.062389,-103.075872,205.221423,-94.366154,-315.062389,-94.366154,199.058547,231.032305,-68.723086,2.924224,-68.723086,295.574659,77.073118,2.924224,77.073118,202.808229,204.496242,1.0,2.912249,1.105502,2.837596,0.0,144.0,121.60477620404396,0.5946553101158893,0.007067730199859862
50606.0,-0.416285,0.716486,0.55978,-0.878901,-0.474791,-0.045897,0.232894,-0.511098,0.827369,-379.457478,64.504083,575.312453,3.594532,3.596138,3.59495,89.983885,89.97476,89.977491,117.630096,0.072312,0.066608,78.69207,0.909722,100.995429,-386.004831,-39.133182,-386.004831,230.785292,-43.973758,-39.133182,-43.973758,57.656392,-231.724394,-204.901554,2.652839,-204.901554,339.096351,52.780941,2.652839,52.780941,90.96862,633.813503,1.0,1.488988,0.596389,2.71403,0.0,131.0,528.5360646525448,0.8338983977950133,0.011560529542557464
48621.0,-0.841318,-0.525609,-0.126168,0.534391,-0.843879,-0.047892,-0.081298,-0.107715,0.990852,-166.068636,344.484056,476.966474,3.596631,3.595281,3.596615,90.05945,89.927085,90.039474,190.732788,0.079791,0.078226,79.284557,0.85,183.367477,-399.530891,-327.681764,-399.530891,493.597212,733.044262,-327.681764,733.044262,519.392932,281.936269,-96.831737,184.025284,-96.831737,-294.834732,-73.359214,184.025284,-73.359214,574.763415,892.172346,1.0,5.075174,0.135365,3.788129,0.0,119.0,789.793757691052,0.8852479694445181,0.010720877206894148
50834.0,0.299246,-0.831372,0.468265,0.18871,0.532625,0.825045,-0.935329,-0.158525,0.316274,-278.690487,-118.706916,322.904455,3.595893,3.595593,3.594853,89.986338,89.996277,89.993702,40.833727,0.062066,0.047987,113.574625,1.0,88.557174,-115.854465,-65.0833,-115.854465,226.12964,-116.130673,-65.0833,-116.130673,274.865929,121.54313,88.284374,-47.478322,88.284374,389.182627,-64.195927,-47.478322,-64.195927,255.17321,225.437101,1.0,2.625365,1.248997,4.544499,0.0,142.0,253.67359014464301,1.125252183511014,0.008804783638951041
50300.0,0.341678,0.145925,-0.928419,0.766881,0.527766,0.365181,0.543277,-0.836761,0.068419,105.19337,332.428645,407.125302,3.596412,3.595442,3.594285,90.023786,90.000506,90.001263,115.394248,0.067818,0.067172,84.9291,1.0,7.394887,269.841162,-88.410423,269.841162,219.651537,163.162773,-88.410423,163.162773,306.881279,250.08009,158.162614,15.950179,158.162614,85.68818,47.338335,15.950179,47.338335,283.29511,542.7866,1.0,4.337641,1.502324,2.565737,0.0,142.0,232.85461598183886,0.42899846087180277,0.011774527223295667
48626.0,0.725967,0.686044,0.048126,-0.264471,0.213894,0.940375,0.634844,-0.695409,0.336719,-232.362132,299.687242,305.29508599999997,3.597164,3.595436,3.595869,90.022256,90.032248,89.986387,91.840413,0.063124,0.055605,106.52429,0.993056,532.960353,-405.909561,99.400753,-405.909561,382.322869,-34.539925,99.400753,-34.539925,266.670182,190.859842,-3.315778,-18.726475,-3.315778,42.87266,-32.978202,-18.726475,-32.978202,349.768064,402.445835,1.0,3.09046,1.227366,2.401692,0.0,143.0,267.8718664184998,0.6656097370680947,0.00932234328902826
51245.0,0.208529,0.932756,-0.294078,0.000501,0.300586,0.953755,0.978016,-0.199033,0.062213,-365.595707,-404.742535,475.503942,3.596181,3.590857,3.594811,90.03958,89.980675,90.005724,88.642579,0.056709,0.046953,135.260886,1.0,-771.791827,-554.53047,152.01729,-554.53047,-277.334532,267.779664,152.01729,267.779664,389.11158,-104.81494,-27.598594,24.769454,-27.598594,206.50983,2.978326,24.769454,2.978326,358.844472,230.922278,1.0,3.44068,1.508543,1.771561,0.0,144.0,410.600245924794,1.7780884957526446,0.007393120284603193
50855.0,0.697468,-0.129075,-0.704896,0.59747,0.647869,0.472541,0.395687,-0.750736,0.528986,489.346147,28.981688,448.761638,3.595293,3.596198,3.595012,90.039417,89.980821,89.992748,102.161899,0.068931,0.064166,81.950075,0.979167,-119.39805,191.568414,-126.485462,191.568414,174.874174,-65.678961,-126.485462,-65.678961,579.446189,-34.141813,-53.342604,-145.830522,-53.342604,114.097932,-127.358116,-145.830522,-127.358116,527.109157,482.252756,1.0,4.121827,1.013391,2.656528,0.0,141.0,532.9418550314145,1.105108987767847,0.011948335617752638
50439.0,-0.268826,0.921336,0.280842,-0.840155,-0.366889,0.399414,0.471032,-0.128578,0.872695,420.783636,-74.744381,552.886743,3.595811,3.594636,3.595992,89.985915,89.953381,89.984221,72.379543,0.047473,0.043549,95.660685,1.0,-41.611847,-84.072563,168.38651,-84.072563,37.361053,-274.050804,168.38651,-274.050804,621.159045,-169.251702,117.765912,55.659681,117.765912,33.609154,-133.566126,55.659681,-133.566126,561.904937,340.352584,1.0,2.528765,0.510102,1.837276,0.0,144.0,673.4423034624808,1.9786607627532538,0.010453615296608005
50654.0,0.342432,0.436837,-0.831814,0.336358,0.769661,0.542665,0.87727,-0.465613,0.116623,417.852321,-359.248681,219.352718,3.596459,3.59537,3.588671,90.019713,89.949127,89.984761,191.943623,0.074618,0.07844,66.954639,0.808824,-1166.967663,958.3389,-80.308112,958.3389,-252.090437,297.323441,-80.308112,297.323441,383.327794,-166.420915,160.329809,-16.884778,160.329809,-191.377586,-130.08577,-16.884778,-130.08577,502.095745,897.448277,1.0,4.134337,1.453907,2.058742,0.0,110.0,704.5609261593569,0.7850713452975484,0.012080178641542672
48634.0,-0.534093,-0.434602,0.725166,0.387581,0.636435,0.666882,-0.751349,0.637238,-0.171472,454.488046,473.028709,542.299413,3.597234,3.594863,3.586655,90.11795,90.027028,90.006401,252.307637,0.077679,0.084611,73.498513,0.871429,-173.443962,-1370.501857,104.547437,-1370.501857,-1906.755874,-109.914272,104.547437,-109.914272,556.537321,52.156237,-229.337723,260.457515,-229.337723,292.90245,27.89988,260.457515,27.89988,646.236648,727.260817,1.0,2.31435,1.74312,5.415793,0.0,122.0,598.9798814260354,0.8236108249264245,0.011856416741383597
50117.0,0.25856,-0.449387,-0.855101,0.935524,-0.10409,0.337581,-0.240712,-0.887252,0.393498,296.900383,490.311472,234.878982,3.596616,3.596387,3.597305,89.984999,90.144531,90.047714,217.692764,0.083106,0.093925,92.013631,0.978873,1404.358611,1018.209744,-351.125766,1018.209744,-185.166884,-51.148185,-351.125766,-51.148185,471.062796,98.824726,141.888046,122.138739,141.888046,-39.42182,-53.092638,122.138739,-53.092638,371.271162,801.428965,1.0,4.336387,1.166362,3.406516,0.0,137.0,399.25635216743603,0.49818058693128975,0.01063834770307021
48835.0,0.458013,-0.805016,0.377058,-0.215764,0.310806,0.925659,-0.862363,-0.50532,-0.03134,279.395082,359.247732,273.021065,3.596596,3.595442,3.596826,90.063581,89.982011,90.032517,131.660526,0.063024,0.061582,72.669424,0.93662,917.217707,415.487739,-224.417137,415.487739,196.009915,234.412879,-224.417137,234.412879,177.631576,49.950892,67.944134,-7.293034,67.944134,-107.542654,87.974095,-7.293034,87.974095,360.201922,547.406656,1.0,2.754775,1.602142,4.182349,0.0,133.0,423.35473284625095,0.7733825086084648,0.012888776990994175
49766.0,0.053729,-0.82566,0.561603,0.358201,0.540921,0.760984,-0.932097,0.16028,0.324815,476.567935,4.840953,344.876123,3.596476,3.587832,3.592475,89.915252,90.029832,89.968364,213.765702,0.108656,0.113947,62.717776,0.856164,-2233.05093,222.410823,330.876067,222.410823,-292.773294,-233.003405,330.876067,-233.003405,455.274877,-302.477845,194.19658,572.594638,194.19658,-201.899117,58.688547,572.594638,58.688547,441.269977,928.330623,1.0,2.505818,1.23998,4.88268,0.0,125.0,874.778629648996,0.9423136628004957,0.013651058034966036
49337.0,0.376549,0.506005,-0.775996,-0.488321,0.820242,0.297901,0.787244,0.266761,0.555954,-111.292847,462.175107,316.866671,3.594129,3.594496,3.593881,90.002318,89.949428,89.954946,111.417322,0.061172,0.058415,101.397805,1.0,-277.60746,309.287016,60.771929,309.287016,-560.662346,186.6718,60.771929,186.6718,360.964144,-225.755517,-21.292045,126.077621,-21.292045,19.101928,0.725589,126.077621,0.725589,469.000859,484.326274,1.0,4.345843,0.981286,1.244085,0.0,144.0,620.312342592251,1.2807736765324669,0.009862146424175553
48903.0,0.833682,0.213073,0.509483,-0.551037,0.381912,0.741958,-0.036487,-0.899302,0.435804,-210.306783,293.781745,467.263369,3.594592,3.596393,3.594192,89.998223,89.970621,89.968395,108.697528,0.063365,0.059693,77.408915,1.0,271.545861,146.369456,-246.909351,146.369456,-346.409989,-151.52697,-246.909351,-151.52697,340.652836,238.861939,114.567607,-173.33828,114.567607,-144.631599,-67.852414,-173.33828,-67.852414,412.987201,609.27082,1.0,2.539866,1.119865,3.182143,0.0,140.0,529.1452520937916,0.8684894052431259,0.012918408687164781
49314.0,0.269976,0.422606,-0.865169,-0.275005,0.894949,0.351337,0.92276,0.143073,0.357833,391.805959,312.120739,314.000587,3.596076,3.595247,3.598043,90.085607,89.979726,89.972055,97.801381,0.070416,0.060099,105.191927,1.0,1259.241925,303.101261,-223.494776,303.101261,-370.7704,-5.643238,-223.494776,-5.643238,541.699184,-113.275405,-71.169007,18.207513,-71.169007,161.722886,15.827891,18.207513,15.827891,605.768628,377.369081,1.0,4.326643,1.20485,1.416972,0.0,144.0,631.7814484712791,1.6741738533456563,0.009506432941379617
48786.0,0.264574,0.533965,-0.803046,-0.062581,0.840471,0.538231,0.962333,-0.092146,0.255783,-101.830506,76.452559,428.375835,3.596028,3.595675,3.594409,89.9806,90.0185,90.016753,74.108409,0.050645,0.046252,108.215208,1.0,-78.07484,26.27357,175.26596,26.27357,337.957846,-226.538056,175.26596,-226.538056,266.223748,8.407516,59.252442,-64.874525,59.252442,150.872102,-34.735273,-64.874525,-34.735273,352.212441,351.724251,1.0,4.121919,1.312139,1.666258,0.0,146.0,310.18144643742573,0.8818881426445223,0.009240845334788804
48648.0,-0.764368,0.320618,-0.559415,0.519473,0.82017,-0.239728,0.381954,-0.473841,-0.793464,293.231586,-156.645168,515.601688,3.593549,3.59493,3.59457,90.007207,90.070656,90.044604,117.917657,0.076018,0.063505,86.348457,0.992857,-517.381653,418.612556,-363.407966,418.612556,-210.176822,222.639382,-363.407966,222.639382,400.821212,21.47033,87.309585,-300.556469,87.309585,-49.785641,46.253986,-300.556469,46.253986,531.041148,597.532902,1.0,5.117249,2.487277,2.463156,0.0,139.0,613.2880520797935,1.0263670000882954,0.011498259893630758
51124.0,0.753796,-0.656791,0.020418,0.381408,0.462621,0.800319,-0.535088,-0.595489,0.599227,-74.821818,-402.192761,516.954734,3.594977,3.593357,3.592819,90.078731,90.007017,90.007006,188.572803,0.089172,0.094121,63.14658,0.814286,-51.954223,438.476835,73.663925,438.476835,-982.816525,14.690386,73.663925,14.690386,180.610864,-83.904681,127.200982,-10.981084,127.200982,-228.797303,110.722435,-10.981084,110.722435,162.628342,833.643314,1.0,3.116086,0.928261,3.873616,0.0,114.0,372.7107701442785,0.4470866183235274,0.01289517183670121
49475.0,-0.26834,-0.846086,-0.460577,0.919682,-0.367283,0.138882,-0.286668,-0.386317,0.876687,-236.749183,-438.68442,280.39504999999997,3.593638,3.589319,3.595792,89.967116,90.008016,89.90612,180.380326,0.06086,0.060652,104.540081,1.0,-461.8298,-921.028909,-505.648243,-921.028909,-1058.587707,-463.200556,-505.648243,-463.200556,-2.911885,-351.199307,-117.720689,-76.139207,-117.720689,63.27889,-120.555811,-76.139207,-120.555811,740.215607,794.93782,1.0,4.419521,0.501864,3.77999,0.0,142.0,967.6015640885904,1.217204087847513,0.009565709060432047
48651.0,0.839596,0.013393,0.543046,-0.341424,0.79056,0.508374,-0.422502,-0.612238,0.668324,12.487373,-444.163745,216.327151,3.594052,3.59408,3.591974,90.085003,90.104076,89.961547,216.505381,0.070125,0.088186,63.392256,0.9,-1194.555482,-481.366527,-444.064793,-481.366527,-798.154091,-0.450304,-444.064793,-0.450304,845.17186,-290.271286,143.396612,53.225044,143.396612,75.257089,79.658836,53.225044,79.658836,208.314386,623.788952,1.0,2.32323,0.838843,3.745639,0.0,126.0,471.44164285249104,0.7557710686297808,0.014197317729156066
49751.0,0.120012,-0.232552,0.965151,-0.174475,0.952106,0.251104,-0.977321,-0.198531,0.073689,252.508457,388.243541,382.916639,3.596832,3.594118,3.595295,89.966466,89.994558,90.037222,147.375376,0.063785,0.068117,67.166843,0.859155,40.541236,258.416268,-236.844722,258.416268,114.274857,419.618094,-236.844722,419.618094,408.034186,-394.04526,141.278721,163.798084,141.278721,79.459017,101.626217,163.798084,101.626217,537.03546,771.316796,1.0,1.825324,1.49704,4.511978,0.0,122.0,832.5172294458356,1.0793453918846538,0.012791355996886737
48654.0,-0.332109,0.468322,-0.818766,0.291771,0.876468,0.382979,0.89698,-0.111702,-0.427726,50.089184,453.561834,564.2063929999999,3.596155,3.588161,3.596142,90.038904,89.970295,90.080325,208.0707,0.071828,0.079307,68.240854,0.864286,522.311674,-715.857499,-321.816671,-715.857499,-1843.513543,-112.033341,-321.816671,-112.033341,273.398056,16.93585,-441.358478,-36.735521,-441.358478,-47.747248,157.619228,-36.735521,157.619228,400.245608,946.031466,1.0,4.274872,2.012772,1.694689,0.0,121.0,584.5056933997024,0.6178501608102984,0.012665228368918126
50715.0,-0.49708,0.425652,0.75613,-0.850692,-0.06735,-0.521332,-0.17098,-0.902377,0.395577,371.894676,-326.295985,298.633156,3.59373,3.594321,3.592705,90.079533,90.123665,90.003983,164.428283,0.099013,0.077598,65.618481,0.888889,-35.337222,722.373942,546.324083,722.373942,-1369.288169,-0.91493,546.324083,-0.91493,437.732186,-19.44954,117.952834,197.719057,117.952834,-255.994395,34.644644,197.719057,34.644644,517.659582,663.867869,1.0,0.96717,1.164101,3.32885,0.0,128.0,715.6427444443665,1.0779897293754497,0.013546320890908767
50590.0,0.504646,-0.042868,-0.862262,0.669508,0.650003,0.35952,0.545061,-0.758722,0.356722,-148.433088,350.134596,532.925778,3.594364,3.595624,3.594998,89.994799,89.975097,90.004607,121.697592,0.07211,0.070286,87.563604,0.992857,-156.803879,-188.725123,-60.582953,-188.725123,157.092858,-51.518403,-60.582953,-51.518403,212.827853,-309.744461,122.687983,4.828276,122.687983,-47.671742,-29.065821,4.828276,-29.065821,404.579485,575.490502,1.0,4.317356,1.20604,2.518628,0.0,139.0,635.3552924365571,1.1040239417132154,0.01133869501305588
48659.0,0.824145,0.490942,0.28242,-0.338226,0.026638,0.940688,0.4543,-0.870785,0.188003,478.642247,382.245009,498.032638,3.598013,3.598495,3.59442,89.936486,89.934521,89.956602,136.299181,0.065241,0.061568,88.52348,0.979452,1588.651294,331.087436,-220.891247,331.087436,-317.000531,-307.362648,-220.891247,-307.362648,592.805881,-161.100523,-28.841247,-146.782471,-28.841247,-153.611049,-113.586368,-146.782471,-113.586368,801.904993,682.700897,1.0,2.849927,1.381668,2.660726,0.0,143.0,972.9760490530552,1.4251864225294186,0.011064318754752975
51114.0,0.685747,-0.726846,-0.038031,0.351069,0.284541,0.892069,-0.637575,-0.625085,0.450296,81.149294,227.718899,385.066542,3.598823,3.59516,3.593449,90.035491,89.992187,90.042066,94.038578,0.077207,0.061651,102.880912,1.0,940.663975,528.520051,-333.318814,528.520051,-324.25292,-166.804173,-333.318814,-166.804173,276.598627,326.382108,180.830186,-146.103248,180.830186,60.353289,31.38316,-146.103248,31.38316,385.924109,403.623579,1.0,3.1842,1.1037,3.936882,0.0,148.0,362.5319766737037,0.8981932561321044,0.009719976043758244
50389.0,-0.204389,0.748834,0.630454,-0.768858,-0.521435,0.370086,0.605873,-0.409088,0.682323,-291.986952,-49.864255,516.140816,3.594528,3.592908,3.593135,90.054181,89.965067,89.954594,145.396236,0.06446,0.069495,75.481618,0.915493,-1112.124952,-246.754225,139.020845,-246.754225,91.849915,-46.268876,139.020845,-46.268876,4.279461,-209.487839,-17.363704,-1.794151,-17.363704,8.050408,-11.916174,-1.794151,-11.916174,254.372814,706.129082,1.0,2.101613,0.819861,2.164686,0.0,130.0,402.3893578381897,0.5698524081439683,0.012128688073432661
50731.0,-0.494188,0.799108,0.342351,-0.831013,-0.549882,0.083943,0.255333,-0.243015,0.935815,522.823937,-276.95924,235.41521,3.594055,3.594348,3.596214,90.049854,89.986953,89.940333,123.846937,0.065801,0.068265,81.069815,1.0,-756.250501,-207.336604,13.722873,-207.336604,337.946716,236.84862,13.722873,236.84862,527.894259,-345.943021,-12.807108,-120.933623,-12.807108,-60.336859,15.050166,-120.933623,15.050166,593.913805,525.744025,1.0,1.811249,0.360233,2.331482,0.0,144.0,841.2695378181095,1.6001504492953762,0.012335047267592752
50780.0,-0.429487,0.364041,0.826447,-0.684267,0.466035,-0.560883,-0.589337,-0.806403,0.048946,-398.058774,93.762736,394.968565,3.595795,3.595457,3.593057,90.037561,89.971232,89.986484,89.927437,0.052458,0.050468,89.942036,0.992958,-651.682531,143.109832,97.446413,143.109832,322.205308,7.832631,97.446413,7.832631,354.109407,-321.490092,53.905219,-0.376864,53.905219,258.601705,113.253819,-0.376864,113.253819,454.142911,567.84396,1.0,0.974531,1.521831,3.772707,0.0,141.0,707.0883695845299,1.2452159737413249,0.011039976902457489
49824.0,0.035785,-0.62751,-0.777785,0.883661,-0.343635,0.317897,-0.466758,-0.698674,0.542209,-90.212675,-247.504831,199.496312,3.594144,3.594257,3.595843,89.979054,90.010333,89.935404,96.207483,0.070106,0.06496,87.202583,1.0,290.55068,-356.233422,-31.858614,-356.233422,-547.6393,-272.83339,-31.858614,-272.83339,263.127512,264.937919,-10.876185,47.78448,-10.876185,-146.403148,-125.573688,47.78448,-125.573688,346.014359,401.229703,1.0,4.324387,0.997732,3.730561,0.0,146.0,471.96687505283995,1.176300935658395,0.011467550221534149
50320.0,0.407173,-0.272658,-0.871704,0.9113,0.185197,0.367741,0.061169,-0.944118,0.323881,408.541364,-365.667365,508.23566,3.594269,3.597624,3.595974,89.980658,89.987829,90.014032,104.272239,0.055538,0.053286,92.776111,1.0,330.818183,-290.687989,287.883119,-290.687989,17.826823,-17.48342,287.883119,-17.48342,665.556653,24.772563,103.525678,35.097348,103.525678,-55.629096,51.471905,35.097348,51.471905,717.175852,918.534837,1.0,4.313177,1.240968,3.076893,0.0,140.0,743.3075908769987,0.8092317906032764,0.010778636754886179
50541.0,0.172427,0.368536,-0.913482,0.117392,0.913075,0.39053,0.978002,-0.174574,0.114176,-133.27616,429.920761,392.349846,3.596923,3.591222,3.598982,89.998417,90.008013,89.978492,116.082073,0.070193,0.061167,134.982223,0.993243,906.411853,-707.023564,168.211674,-707.023564,-583.879873,415.004804,168.211674,415.004804,485.90171,-37.327253,32.516944,-40.682623,32.516944,195.156889,19.203765,-40.682623,19.203765,498.869248,407.574103,1.0,4.308388,1.456371,1.747436,0.0,147.0,468.1979170461012,1.1487430472149043,0.007358324510628336
49969.0,0.129123,0.388767,-0.912243,0.561717,0.729441,0.390371,0.817191,-0.562828,-0.124189,-230.452128,399.186343,409.33442,3.597178,3.595929,3.594604,89.988773,89.980631,89.984241,106.961003,0.063522,0.061812,82.417641,1.0,-65.825875,70.974392,-54.624083,70.974392,626.847791,227.55015,-54.624083,227.55015,409.754131,88.074069,151.94132,73.454689,151.94132,167.964336,153.058856,73.454689,153.058856,415.807229,521.574621,1.0,4.308044,1.695307,2.173922,0.0,144.0,355.7251275386047,0.6820215424910498,0.01213332470896613
48669.0,0.851592,0.424699,0.307282,-0.357682,0.042241,0.932888,0.383216,-0.904349,0.187879,-322.491896,-24.565015,506.111652,3.595227,3.593334,3.595423,90.0502,90.037121,90.042142,113.647626,0.074719,0.060998,90.172244,1.0,-504.887898,-352.002035,425.71267,-352.002035,374.639296,176.618612,425.71267,176.618612,63.654725,32.885482,-81.079973,105.585687,-81.079973,352.789657,69.155676,105.585687,69.155676,240.446258,544.631486,1.0,2.823397,1.381794,2.740783,0.0,146.0,309.67596490603324,0.5685972494547133,0.011089887038854216
48670.0,-0.174134,0.168433,-0.97021,0.207237,0.969466,0.131108,0.962668,-0.178233,-0.203722,-321.529749,244.150391,553.817597,3.594502,3.595345,3.593502,90.017297,90.045524,90.03557,141.275373,0.070951,0.067929,76.422989,0.986111,-387.984393,342.865303,214.12679,342.865303,-35.361944,-311.548459,214.12679,-311.548459,180.537344,-14.912376,137.405713,-182.552278,137.405713,-25.396501,42.909288,-182.552278,42.909288,527.19525,726.386635,1.0,4.578069,1.775955,1.753868,0.0,142.0,583.2746115958843,0.8029809243336151,0.012903329389537485
48671.0,0.308419,-0.921791,0.234903,-0.062464,0.226784,0.97194,-0.949198,-0.314437,0.012366,111.698935,-416.210992,432.332365,3.596375,3.598288,3.593518,89.96674,89.949447,89.99424,129.405682,0.067356,0.063874,104.185009,0.992958,772.724838,-405.277615,69.431196,-405.277615,-195.495032,-552.796877,69.431196,-552.796877,524.277249,129.322627,31.853578,35.400645,31.853578,202.373718,-28.713918,35.400645,-28.713918,438.799258,392.795081,1.0,2.904455,1.55843,4.3925,0.0,141.0,284.29544559558576,0.723775473134262,0.009530718570077583
48942.0,0.772115,0.540587,0.334071,-0.537647,0.275442,0.796911,0.338783,-0.79492,0.503318,-432.168691,397.432443,260.539785,3.596233,3.59582,3.594962,90.001911,89.977383,89.961282,76.199519,0.08027,0.075053,90.488057,1.0,720.089119,-60.126068,-56.849701,-60.126068,-94.750469,67.480557,-56.849701,67.480557,151.778346,71.94419,53.108099,-22.941243,53.108099,220.917883,30.733299,-22.941243,30.733299,278.798737,234.999604,1.0,2.744638,1.043362,2.738719,0.0,140.0,193.35086991814407,0.8227710456828857,0.011051182146611901
50617.0,-0.41441,0.910079,0.004602,-0.857963,-0.392355,0.331596,0.303584,0.133469,0.94341,-352.073289,449.731183,506.252251,3.593351,3.588568,3.595003,89.883553,89.964167,90.1228,224.863241,0.080364,0.078685,78.553575,0.971831,-674.765298,1398.451174,353.412287,1398.451174,-1706.24525,-87.533556,353.412287,-87.533556,346.350875,-342.787584,39.859006,61.72643,39.859006,237.90364,-60.099272,61.72643,-60.099272,362.609,438.024688,1.0,3.127717,0.338029,1.156588,0.0,138.0,657.211643112168,1.5003986330381631,0.012371569339778617
48937.0,0.80089,0.558395,0.216266,-0.559029,0.567773,0.604252,0.214621,-0.604838,0.766882,421.371827,13.50727,231.115125,3.595839,3.595969,3.595099,90.038455,89.978564,89.97997,135.772249,0.063732,0.073546,75.328964,0.962121,447.39412,-76.98432,-86.326559,-76.98432,-225.710178,-106.604379,-86.326559,-106.604379,525.471207,-252.650848,-20.453065,-289.642075,-20.453065,147.114906,71.105066,-289.642075,71.105066,419.862093,776.24734,1.0,2.797891,0.696828,2.800612,0.0,127.0,640.5183552146133,0.8251472465137378,0.01277225849010747
49727.0,0.010775,-0.887965,0.459785,0.562837,0.385441,0.731198,-0.826498,0.250905,0.503933,-293.692654,-244.987608,467.14566,3.59655,3.59493,3.592351,89.977929,90.012938,90.005716,113.794982,0.061921,0.05874,93.423747,0.978873,-256.291358,-334.79916,-228.631096,-334.79916,-194.107282,-356.15274,-228.631096,-356.15274,341.871,447.528482,13.221531,7.82004,13.221531,-109.259386,-55.237999,7.82004,-55.237999,359.797145,466.852378,1.0,2.580258,1.042651,5.007124,0.0,138.0,520.8907488040132,1.1157504456451826,0.01047777499226187
48897.0,-0.249965,0.454738,-0.854828,0.326494,0.870734,0.367728,0.911548,-0.187177,-0.366122,-223.652017,-282.966507,365.958953,3.595413,3.596047,3.596865,90.051592,90.028544,90.026352,92.548251,0.064246,0.060735,84.802973,0.992958,814.698361,311.065366,179.482166,311.065366,-103.895008,-130.92487,179.482166,-130.92487,430.493727,250.055546,142.551784,166.273464,142.551784,146.980267,-1.119153,166.273464,-1.119153,522.726904,531.958918,1.0,4.306141,1.945635,1.773321,0.0,140.0,386.07862574524296,0.7257677476237797,0.01170899987197383
48969.0,0.729194,0.541966,-0.41779,-0.522994,0.835108,0.170507,0.441309,0.094169,0.8924,52.241137,-93.941962,546.850589,3.595323,3.595743,3.594833,89.975558,90.006477,90.013835,84.088791,0.057665,0.057385,97.124652,1.0,15.072049,-50.893546,87.998262,-50.893546,415.888449,134.463644,87.998262,134.463644,36.044913,93.629748,35.436492,4.080244,35.436492,263.234432,38.1473,4.080244,38.1473,344.15822,515.361481,1.0,4.324905,0.468159,1.360564,0.0,148.0,226.02028488848845,0.43856650762862975,0.010296047186866625
49317.0,0.259093,0.447904,-0.855718,-0.258262,0.885839,0.385474,0.930684,0.121125,0.345191,395.333922,147.852963,260.741122,3.596133,3.596863,3.596002,90.045914,89.961278,89.966049,103.554632,0.05949,0.055641,92.758956,1.0,627.704072,469.445309,-104.790451,469.445309,64.307504,202.150302,-104.790451,202.150302,636.235259,-197.261282,29.820982,-129.455168,29.820982,114.07519,55.949358,-129.455168,55.949358,606.652486,601.163896,1.0,4.289145,1.218354,1.441377,0.0,142.0,713.0944996762291,1.186189830129501,0.010780630174406017
50697.0,0.553703,-0.831132,-0.051311,0.608112,0.361493,0.706769,-0.568869,-0.422543,0.705581,-398.737146,139.095973,510.99771499999997,3.593533,3.592641,3.595059,90.055394,90.000451,89.919023,127.671929,0.073426,0.06507,88.950353,0.965753,-1197.817646,134.629901,337.580467,134.629901,-96.186741,-55.775843,337.580467,-55.775843,461.761921,50.052389,35.731199,112.124328,35.731199,87.826856,140.741727,112.124328,140.741727,275.971191,459.37054,1.0,3.214065,0.787554,4.073526,0.0,141.0,263.01115194264963,0.5725468419081677,0.010857213798803023
50817.0,-0.578649,0.809601,0.098544,-0.814119,-0.580603,-0.010477,0.048733,-0.086289,0.995078,-63.414578,251.224918,498.852779,3.595407,3.594135,3.595923,90.014761,89.998584,90.020418,101.234671,0.054918,0.054842,86.672995,1.0,99.956106,231.316496,-86.846038,231.316496,-103.609528,37.572736,-86.846038,37.572736,349.878158,-189.095631,179.788563,35.573214,179.788563,-18.264058,-55.979606,35.573214,-55.979606,427.803701,1017.693759,1.0,1.464881,0.099262,2.627482,0.0,144.0,576.1116660929101,0.5660953120701118,0.01153761907039211
48797.0,-0.390294,0.626327,-0.674822,0.386077,0.776735,0.497622,0.835832,-0.066315,-0.544966,55.762236,-237.234689,251.354374,3.594789,3.595283,3.594376,90.056816,90.016331,90.052207,126.543298,0.070795,0.066635,73.517513,0.828571,581.934299,303.470704,-100.983194,303.470704,-643.635738,-63.330857,-100.983194,-63.330857,124.239424,339.695758,5.878336,85.475699,5.878336,-141.369082,43.805044,85.475699,43.805044,223.571276,616.36612,1.0,4.076993,2.147144,1.64997,0.0,116.0,442.7070353243928,0.7182533578003814,0.01127038941047965
49251.0,0.303182,0.918952,0.252205,-0.284716,-0.165219,0.944267,0.909405,-0.358091,0.211549,196.983313,274.528229,366.538682,3.595589,3.596033,3.594326,89.993254,90.02271,90.035656,133.275726,0.071789,0.067517,83.968098,0.889706,141.586014,0.782282,-337.781578,0.782282,-14.772408,-228.007757,-337.781578,-228.007757,353.488017,153.902834,18.91804,-137.943357,18.91804,84.581898,33.802554,-137.943357,33.802554,448.962023,746.008566,1.0,2.880594,1.357636,1.945916,0.0,121.0,357.37340739656355,0.4790473242321504,0.010595762214359077
49290.0,-0.330552,-0.506574,-0.796315,0.723611,0.405648,-0.558424,0.605907,-0.760811,0.232475,231.626995,181.222088,488.001267,3.595137,3.595354,3.594344,89.956738,89.984835,90.015843,111.811032,0.06897,0.062846,83.324685,0.943662,313.89004,-108.188663,181.962333,-108.188663,-307.776215,225.769396,181.962333,225.769396,164.560024,106.407963,-30.985694,-111.637525,-30.985694,-323.472683,202.057066,-111.637525,202.057066,323.675309,588.286935,1.0,5.32396,1.336175,2.469053,0.0,134.0,605.0529543787331,1.0284997309667148,0.01132511932088312
48695.0,0.529854,-0.796261,0.291931,-0.195146,0.220516,0.955662,-0.825332,-0.563331,-0.038546,-192.943485,-412.997771,437.538744,3.596238,3.594088,3.594621,90.008777,89.975297,89.988696,120.034798,0.063153,0.059424,78.53658,1.0,18.108577,156.680381,-273.882187,156.680381,-144.420271,-42.865071,-273.882187,-42.865071,328.310928,-151.389057,136.886581,77.222291,136.886581,189.700895,-82.934906,77.222291,-82.934906,585.657703,650.721755,1.0,2.845121,1.609352,4.113471,0.0,140.0,657.1648198743559,1.0099014130461272,0.01273292012460945
49259.0,0.430928,0.535412,-0.726384,-0.489757,0.814857,0.310076,0.757918,0.222131,0.613367,161.702232,-130.467893,240.157686,3.594608,3.595255,3.595045,90.008879,89.978038,89.978316,104.635224,0.06885,0.06652,83.206953,1.0,106.657911,194.7181,-5.689268,194.7181,-154.006316,95.394581,-5.689268,95.394581,238.696554,-145.398536,73.328564,91.774077,73.328564,37.210168,30.79286,91.774077,30.79286,298.2803,560.008224,1.0,4.308931,0.91048,1.285699,0.0,140.0,400.29745297409613,0.7148063828685775,0.012018226409516523
49778.0,0.197588,0.914278,-0.353632,-0.893985,0.316062,0.317641,0.402181,0.25338,0.879801,204.495842,442.638963,443.321101,3.595611,3.592042,3.595859,90.035864,89.986342,89.94848,113.726733,0.070758,0.059699,78.425271,0.992754,-231.032588,-644.821448,-283.410696,-644.821448,-235.04191,-295.412586,-283.410696,-295.412586,268.502542,-46.866822,-118.532309,-184.522857,-118.532309,155.489096,70.976665,-184.522857,70.976665,551.410706,491.318464,1.0,3.980556,0.495354,1.0086,0.0,137.0,563.6232160471478,1.147164736001348,0.01265859827248796
49637.0,0.233592,0.794584,0.56042,-0.577589,-0.350264,0.737365,0.782193,-0.495935,0.377124,47.59835,500.178162,219.512475,3.596672,3.59327,3.595702,89.959471,90.050232,90.07786,130.504699,0.069961,0.06632,75.757134,0.971429,-197.238271,723.737483,-251.11551,723.737483,190.134097,-580.716045,-251.11551,-580.716045,401.562015,-224.519696,34.612648,-75.488544,34.612648,-69.149429,-186.083662,-75.488544,-186.083662,465.829587,540.019552,1.0,2.491702,1.184107,2.135863,0.0,136.0,651.6172677948332,1.2066549542169784,0.012822937573113577
49805.0,0.168186,0.681156,0.712559,-0.830351,-0.291674,0.474809,0.531254,-0.67153,0.516543,121.751437,57.39088,288.045084,3.595298,3.597546,3.595806,89.951454,90.029317,90.000212,98.086354,0.06329,0.059034,98.810454,0.992958,866.759204,104.605652,-407.123023,104.605652,323.637385,2.62085,-407.123023,2.62085,41.286179,78.885332,-62.154188,-56.013806,-62.154188,273.200598,-2.836232,-56.013806,-2.836232,220.017653,462.130743,1.0,2.158575,1.027988,2.472296,0.0,141.0,188.4386915035299,0.4077605620440835,0.010049118891812805
48711.0,-0.711446,0.377498,-0.59274,0.535617,0.837316,-0.109622,0.454928,-0.395472,-0.797899,431.305251,369.491542,402.515498,3.595786,3.595339,3.594028,89.946991,90.018543,90.00168,100.661748,0.082105,0.065632,82.387282,0.964789,-234.387201,-275.553081,-298.338871,-275.553081,118.584669,-215.667662,-298.338871,-215.667662,374.85636,187.598598,-37.105128,60.531493,-37.105128,-117.191657,-142.946561,60.531493,-142.946561,579.899554,527.960737,1.0,4.895264,2.494597,2.286392,0.0,137.0,620.8643786208762,1.1759669519153584,0.01171041180846335
50083.0,-0.04392,0.328159,0.943601,-0.996232,-0.085088,-0.016778,0.074783,-0.940782,0.33066,377.599236,508.817611,372.53817300000003,3.593772,3.596957,3.596102,90.003025,90.026623,90.007797,118.770629,0.062497,0.066699,91.159739,0.992857,408.005399,207.412105,-68.269019,207.412105,-282.218009,81.145366,-68.269019,81.145366,600.328372,148.093802,12.845595,-125.287248,12.845595,66.987722,-28.407195,-125.287248,-28.407195,566.576291,596.29865,1.0,1.553017,1.233794,3.062269,0.0,139.0,477.6493676920328,0.8010237281134761,0.010891398010694173
49371.0,0.415571,0.731434,-0.540652,-0.604121,0.666323,0.437094,0.679955,0.144976,0.718779,-254.136128,61.009593,480.467655,3.596157,3.595407,3.595705,90.008959,90.001978,89.99563,92.206074,0.057136,0.051538,78.624571,0.852113,338.582303,-83.82254,14.251179,-83.82254,210.37016,-85.778024,14.251179,-85.778024,299.113288,-150.774009,-72.192112,-16.214061,-72.192112,332.257534,-55.647481,-16.214061,-55.647481,379.59964,637.864488,1.0,4.032512,0.768751,1.360728,0.0,121.0,514.64250335219,0.8068210615797599,0.010837744348392056
50573.0,-0.302485,0.764096,0.569789,-0.727717,-0.571206,0.379672,0.615573,-0.2998,0.728828,472.540653,-212.610138,219.719613,3.596608,3.597886,3.596292,89.931032,90.002685,90.086055,107.619665,0.064155,0.061794,83.36086,1.0,1577.991556,104.935997,-309.586705,104.935997,-250.908127,-175.164851,-309.586705,-175.164851,497.359251,205.949048,43.158984,-40.301011,43.158984,136.23638,-59.487778,-40.301011,-59.487778,593.718901,431.470258,1.0,2.158572,0.754188,2.024011,0.0,138.0,433.0439179079893,1.003647203668878,0.011996037468903271
50487.0,-0.250822,0.618266,0.744873,-0.737327,0.376569,-0.560843,-0.627246,-0.689887,0.361412,-100.01593,228.026383,397.15307,3.594806,3.596414,3.593644,89.998488,90.049414,89.989102,77.506431,0.057502,0.05164,114.658698,0.992754,153.680314,362.13079,-61.563034,362.13079,-435.116702,-54.734013,-61.563034,-54.734013,460.146036,121.930476,-17.95033,-50.902043,-17.95033,283.914668,-78.455156,-50.902043,-78.455156,478.40856,289.15009,1.0,0.925418,1.201014,3.879468,0.0,137.0,319.9578430067094,1.1065458876623882,0.008658340076389145
51217.0,-0.782291,0.570794,-0.249429,-0.554108,-0.454721,0.697276,0.28458,0.683683,0.672006,-6.132797,390.567634,334.502269,3.597782,3.59721,3.593875,89.988174,89.984826,90.073202,110.823624,0.072378,0.066851,103.501304,1.0,1319.528133,203.560106,301.352036,203.560106,-205.525272,-140.154094,301.352036,-140.154094,177.718827,436.203211,192.072343,-218.56354,192.072343,242.236323,45.461528,-218.56354,45.461528,241.509224,481.901412,1.0,3.485128,0.833882,0.394432,0.0,138.0,320.6417515107168,0.6653679435799553,0.009661714020530602
48722.0,0.898958,0.234854,0.369755,-0.426147,0.273568,0.862299,0.101361,-0.93274,0.346009,502.983961,-399.505362,290.403861,3.594273,3.595829,3.595984,90.006174,90.029271,90.058437,97.974737,0.062314,0.059393,94.614535,1.0,-435.966655,-68.646889,306.666469,-68.646889,537.46198,-131.60834,306.666469,-131.60834,416.840606,179.342602,37.50479,-139.929912,37.50479,150.443268,-85.616255,-139.929912,-85.616255,368.98034,696.437873,1.0,2.736507,1.217483,3.033347,0.0,138.0,252.02360406912157,0.36187521362601366,0.01056920059904115
49859.0,0.112969,-0.846894,0.519623,-0.515402,0.397163,0.759357,-0.84947,-0.353599,-0.391624,328.444769,-378.387619,566.663044,3.596078,3.591791,3.594433,90.031989,89.97685,89.969579,147.28276,0.069646,0.065495,64.705348,0.864286,-388.431212,433.542621,-222.89383,433.542621,-515.098615,290.931833,-222.89383,290.931833,369.468681,-33.491612,-38.020013,-52.029767,-38.020013,-65.097815,174.364131,-52.029767,174.364131,565.445025,770.565111,1.0,2.541486,1.973192,4.317946,0.0,121.0,636.0587718981564,0.8254445507826221,0.013357257579388956
48726.0,-0.434051,-0.814563,0.38482,0.375664,0.224593,0.89913,-0.818826,0.534832,0.208517,115.85985,-276.117368,324.135576,3.595009,3.593343,3.594568,90.068602,90.027737,90.061414,98.115351,0.060136,0.050688,115.247964,1.0,-174.661458,705.010039,35.59998,705.010039,-543.608427,-244.209928,35.59998,-244.209928,355.101664,201.177009,57.244751,72.178917,57.244751,212.719513,6.902281,72.178917,6.902281,401.558791,190.171723,1.0,2.737191,1.360738,5.290989,0.0,142.0,210.6513226408377,1.1076900357096606,0.008676942874235939
48976.0,0.79828,0.57311,0.185188,-0.59663,0.710431,0.373257,0.082354,-0.408453,0.909057,247.090671,284.278816,568.9906149999999,3.593465,3.595795,3.593853,90.027644,89.993579,90.046813,119.825054,0.071998,0.06321,81.260294,0.985507,-546.69073,106.727785,-85.677828,106.727785,180.539198,-422.554363,-85.677828,-422.554363,57.659663,-53.782618,21.347509,-13.855341,21.347509,-40.462289,58.156253,-13.855341,58.156253,309.730225,555.350193,1.0,2.681037,0.429782,2.942636,0.0,134.0,361.2468474733365,0.650484778841765,0.012127780389275972
48728.0,0.64442,0.160453,0.747648,-0.280014,0.959341,0.035467,-0.711559,-0.232207,0.663147,517.030999,-149.481475,459.94982,3.595778,3.595846,3.59559,90.035273,90.03749,89.972067,65.618355,0.056984,0.049356,92.226385,1.0,-78.958991,-20.31344,-35.775234,-20.31344,160.675712,-280.2947,-35.775234,-280.2947,750.795137,203.695473,-56.426747,86.325553,-56.426747,98.145914,-146.532066,86.325553,-146.532066,735.649782,307.542201,1.0,1.618199,0.845781,4.396949,0.0,142.0,611.8369332794903,1.9894405752773108,0.01084288406186581
51280.0,0.681588,0.095188,-0.725519,0.221545,0.918122,0.328588,0.697392,-0.384696,0.604692,-265.678296,421.601834,517.890509,3.595954,3.596517,3.597237,89.95743,90.058588,90.070286,132.712379,0.077723,0.065142,95.810458,0.993151,901.223724,-736.538512,130.282712,-736.538512,408.396522,-351.290089,130.282712,-351.290089,215.395822,29.594815,13.024738,12.95036,13.024738,101.652672,-38.091693,12.95036,-38.091693,526.624199,486.535741,1.0,4.287126,0.921417,2.074883,0.0,145.0,466.6443191152767,0.9591162165315142,0.010365789087450141
48731.0,-0.797233,-0.537277,-0.275231,0.597385,-0.767789,-0.231584,-0.086894,-0.349046,0.933068,1.858948,355.905098,505.897774,3.593149,3.597378,3.596313,89.990751,90.020846,90.066871,83.292069,0.063602,0.055365,133.845174,1.0,-592.479841,395.424987,-96.809243,395.424987,911.86613,51.498185,-96.809243,51.498185,408.406017,-35.919549,107.989369,-89.494985,107.989369,214.068799,-19.809884,-89.494985,-19.809884,348.725024,222.067698,1.0,5.41188,0.367945,3.385581,0.0,140.0,359.63394729729345,1.6194788820537664,0.007471319063024268
48732.0,-0.767835,-0.347128,-0.538453,0.583105,-0.030534,-0.811823,0.265365,-0.937321,0.225857,-237.286791,-402.370314,262.449803,3.59421,3.597593,3.59656,89.960824,89.97359,89.99272,103.633914,0.057253,0.057052,107.433884,1.0,507.593598,457.863447,339.433873,457.863447,80.784801,110.567909,339.433873,110.567909,563.840899,-125.484136,-115.649177,-39.057985,-115.649177,69.704679,-71.503599,-39.057985,-71.503599,575.464138,772.676833,1.0,5.697542,1.342974,2.865702,0.0,140.0,638.4509852749628,0.8262846225065517,0.009308050335404423
51289.0,0.740324,-0.67189,0.022029,0.24651,0.301813,0.920946,-0.625423,-0.676368,0.389067,473.784897,283.074459,274.76797799999997,3.597919,3.596304,3.594888,90.023583,90.015933,90.037965,111.435079,0.075706,0.067556,98.734975,1.0,1012.525386,85.196685,-165.909684,85.196685,-98.745952,78.390655,-165.909684,78.390655,446.597594,40.212445,-31.074667,-99.94723,-31.074667,-79.59569,-218.271462,-99.94723,-218.271462,504.600545,567.022616,1.0,3.117677,1.171178,3.887876,0.0,148.0,574.1044373100334,1.0124894865040681,0.010128123291670454
48737.0,-0.765759,0.237529,-0.597656,0.587206,0.637245,-0.499107,0.262301,-0.733143,-0.627455,-70.487797,129.477874,258.031285,3.594428,3.596236,3.594982,89.955797,90.013826,90.003893,95.898268,0.057904,0.058439,84.434031,0.971014,-211.146967,-62.550824,21.683697,-62.550824,-44.436723,-130.542554,21.683697,-130.542554,651.854594,126.706471,-17.785547,-17.06911,-17.785547,44.107756,-146.183061,-17.06911,-146.183061,412.273639,424.192877,1.0,5.408174,2.249077,2.798007,0.0,134.0,358.38737690296637,0.8448689177375469,0.01150026817978168
48738.0,-0.601841,-0.796617,0.05646,0.486364,-0.309536,0.817091,-0.633433,0.519219,0.573737,-109.422094,436.354713,416.669555,3.592559,3.595671,3.594342,89.992916,90.057959,90.005493,125.629092,0.066331,0.062478,91.754288,0.986111,-73.018808,439.523518,-185.282457,439.523518,-611.394622,207.917657,-185.282457,207.917657,225.434863,-254.762898,107.376765,-2.801479,107.376765,163.381057,139.318425,-2.801479,139.318425,537.046277,703.639301,1.0,3.072604,0.959734,5.399022,0.0,142.0,702.7989383853931,0.9988056911923301,0.010747301532109321
49960.0,0.066286,0.832986,0.549309,-0.613269,-0.400251,0.680955,0.787088,-0.382012,0.484313,371.11995,479.684362,379.710135,3.595463,3.594986,3.593045,89.936574,89.976479,90.042354,147.088225,0.081725,0.084215,80.676791,0.905797,386.376272,123.919704,-167.269402,123.919704,-787.060366,-414.483429,-167.269402,-414.483429,197.88003,-77.386504,71.829753,19.410776,71.829753,-167.941969,-66.969647,19.410776,-66.969647,329.742644,622.960393,1.0,2.462795,1.065218,2.022654,0.0,125.0,467.2666515491629,0.7500744137182457,0.011227479288312298
48740.0,0.692346,0.318333,-0.64755,-0.314766,0.940777,0.12594,0.649291,0.116632,0.751544,-218.782348,192.711791,301.368632,3.595965,3.594446,3.595305,90.021037,90.00111,89.96405,107.195866,0.06082,0.059773,71.595926,0.928571,443.563299,163.059191,132.743722,163.059191,-264.814151,-14.514905,132.743722,-14.514905,237.129048,262.087383,19.012572,82.467219,19.012572,-42.737606,-2.174009,82.467219,-2.174009,478.758917,596.774907,1.0,4.520299,0.720397,1.393061,0.0,130.0,459.6596679577319,0.7702396038540742,0.012969606678458213
49373.0,-0.296611,-0.607568,-0.736806,0.799134,0.264523,-0.539826,0.522883,-0.748925,0.407068,198.773682,80.707493,479.902381,3.596253,3.595559,3.596008,89.984101,89.987353,89.998665,37.105857,0.053195,0.047013,136.47279,1.0,489.340351,-31.496379,-82.139375,-31.496379,257.56443,123.684151,-82.139375,123.684151,254.605877,323.445295,-18.180645,-15.619339,-18.180645,308.965082,132.295995,-15.619339,132.295995,351.012419,193.841048,1.0,5.344698,1.151554,2.532091,0.0,138.0,122.17343468943602,0.6302763834078942,0.007327467988307412
51024.0,0.436217,0.293011,-0.850799,0.229797,0.877874,0.420156,0.870005,-0.37879,0.315611,199.442556,-380.357106,347.040381,3.596725,3.594558,3.597526,89.9585,90.069889,90.017854,117.515331,0.089318,0.076444,87.813044,1.0,894.263803,-523.272903,510.729268,-523.272903,213.401388,-99.905682,510.729268,-99.905682,168.064919,-47.675523,51.546698,8.822991,51.546698,63.203782,-99.585548,8.822991,-99.585548,409.128759,532.012326,1.0,4.253684,1.249696,1.981433,0.0,140.0,424.032277643043,0.7970346868298743,0.011387829808063594
49706.0,-0.06322,-0.624964,-0.778089,0.913097,0.27846,-0.29785,0.402812,-0.729301,0.553048,232.934438,411.081604,437.826041,3.598147,3.59509,3.593769,90.038363,90.011976,90.025741,147.448028,0.101599,0.092052,70.969897,0.886667,-475.460258,80.714442,144.686618,80.714442,771.805541,333.338956,144.686618,333.338956,478.424069,21.382882,-16.280257,148.295148,-16.280257,168.6943,59.632222,148.295148,59.632222,554.296756,722.20401,1.0,5.077977,0.984778,2.636965,0.0,133.0,496.54096227379284,0.6875355929881819,0.012493564701101368
50418.0,-0.275589,0.487958,0.828219,-0.891627,0.192224,-0.40994,-0.359238,-0.851438,0.382102,-39.642813,139.547814,514.696717,3.596096,3.596036,3.596152,90.008631,89.998819,89.983946,62.980592,0.050318,0.046226,118.151679,1.0,280.690655,-78.675856,55.098702,-78.675856,350.502502,63.124307,55.098702,63.124307,499.366238,179.321154,0.067213,69.879168,0.067213,308.991409,-55.524664,69.879168,-55.524664,367.848995,322.714782,1.0,1.111184,1.178727,3.540851,0.0,140.0,184.0794308431043,0.5704090457285105,0.008463696906076129
48750.0,0.737189,0.651004,0.180956,-0.352531,0.142099,0.924948,0.576432,-0.745655,0.334253,294.261783,72.430383,550.265344,3.593295,3.595972,3.595392,90.003985,89.974714,90.047093,97.822615,0.059431,0.056741,82.097929,0.992958,-411.086496,332.359828,-180.334875,332.359828,0.137147,73.804141,-180.334875,73.804141,532.629761,162.029116,235.62445,140.950304,235.62445,-76.568817,97.175906,140.950304,97.175906,574.775069,480.867945,1.0,2.948393,1.229983,2.4835,0.0,141.0,624.0114553006841,1.2976773806386368,0.012094799614250928
48751.0,0.428667,0.658357,-0.618717,-0.156983,0.728688,0.666611,0.88972,-0.188626,0.415715,-16.36857,-294.341283,418.862672,3.595151,3.593724,3.596661,89.9786,89.955273,90.031301,100.803797,0.07586,0.066091,106.819623,1.0,-410.550199,-273.618283,-269.38271,-273.618283,252.299785,224.890603,-269.38271,224.890603,523.556389,128.840116,-5.970085,33.218144,-5.970085,51.2538,-3.278002,33.218144,-3.278002,468.89268,587.329006,1.0,3.889747,1.142067,1.779709,0.0,144.0,385.8771600233138,0.6570034104927448,0.009361575822075313
49219.0,0.361037,0.059528,0.930649,-0.344268,0.935975,0.073687,-0.866678,-0.346997,0.358416,-74.909462,-114.061761,375.258583,3.595237,3.596322,3.596581,89.979314,90.006596,89.959166,93.899104,0.06281,0.05456,98.53921,0.993151,459.821176,330.655534,40.113855,330.655534,202.656165,-268.015544,40.113855,-268.015544,427.541695,429.872542,-79.273077,-51.470882,-79.273077,204.085285,44.035747,-51.470882,44.035747,337.235703,408.769586,1.0,1.649809,1.204226,4.331559,0.0,145.0,216.33242052938056,0.5292282692709446,0.010078739214572554
48753.0,-0.493126,3.1e-05,-0.869958,0.427402,0.871005,-0.242236,0.75773,-0.491275,-0.429528,-126.278855,219.180819,373.385303,3.595682,3.594741,3.595261,89.996428,90.016985,90.017761,137.910332,0.082555,0.071288,83.034997,0.885135,46.103283,55.696864,-1.658483,55.696864,-41.235453,76.438684,-1.658483,76.438684,402.276825,366.018301,3.012999,-147.5931,3.012999,17.622578,-41.573304,-147.5931,-41.573304,426.686239,864.035269,1.0,4.983956,2.014766,2.146012,0.0,131.0,404.76843297166727,0.4684628596702194,0.010659782404761212
49328.0,0.272798,0.498489,-0.822855,-0.288382,0.858336,0.424377,0.917833,0.121528,0.377907,30.761705,134.502226,265.000677,3.596508,3.594523,3.595004,89.981736,89.991843,89.997106,73.971221,0.051752,0.047267,88.90407,1.0,-84.485749,-141.678203,76.619694,-141.678203,95.75361,-25.772255,76.619694,-25.772255,493.542835,-114.201017,-98.59538,-117.670511,-98.59538,263.626117,-32.408104,-117.670511,-32.408104,279.482665,441.629538,1.0,4.236231,1.183261,1.439155,0.0,144.0,409.21763143591323,0.9266083815161684,0.01124807896871313
49733.0,0.003824,0.542918,-0.839777,0.640177,0.643812,0.419141,0.768218,-0.539209,-0.345102,28.886042,-390.858551,360.379284,3.597507,3.593223,3.594639,90.01749,90.032174,89.999293,118.814208,0.067977,0.06304,95.497247,0.978261,-3.306402,64.777702,261.332247,64.777702,-92.64203,569.920561,261.332247,569.920561,415.222154,194.760786,-32.407848,124.814477,-32.407848,-302.730629,53.683985,124.814477,53.683985,534.822641,477.521313,1.0,4.249454,1.923143,2.182794,0.0,135.0,739.5612185958031,1.548750178184828,0.01024386598285917
49387.0,0.238464,-0.705588,0.667293,-0.267084,0.612971,0.743594,-0.933703,-0.355544,-0.042279,261.336494,-413.502023,513.789115,3.597012,3.59631,3.594927,90.024319,90.001265,90.038618,71.900414,0.061164,0.053395,106.306308,1.0,586.39438,-291.664581,-175.147001,-291.664581,159.142855,290.937705,-175.147001,290.937705,375.074798,-10.473016,96.690991,-90.327118,96.690991,-68.414485,61.100426,-90.327118,61.100426,520.968313,242.480471,1.0,2.410222,1.613088,4.348553,0.0,142.0,576.6373555553208,2.378077513530237,0.009406779511146225
50276.0,-0.175335,0.742697,0.646265,-0.91585,-0.363891,0.169714,0.361216,-0.562125,0.744002,190.250963,29.53661,237.446412,3.594922,3.593502,3.593923,90.055918,90.009549,89.967291,151.707165,0.069262,0.076033,78.277328,0.971831,-807.310079,5.539259,35.349335,5.539259,266.458821,223.753189,35.349335,223.753189,19.184847,-93.075393,-17.196917,-114.655926,-17.196917,-76.836222,103.032328,-114.655926,103.032328,479.128068,705.889614,1.0,1.827605,0.731757,2.570444,0.0,136.0,580.0270972600473,0.8216966020696365,0.012415229605180187
51180.0,-0.731095,0.619951,-0.284888,-0.548104,-0.285013,0.786352,0.406303,0.731046,0.548169,-206.987165,212.778719,553.9204609999999,3.594802,3.595458,3.594083,89.972771,90.031994,89.977454,107.257967,0.05755,0.058597,90.604819,0.985714,-307.75605,238.635329,233.905029,238.635329,103.931766,-131.708193,233.905029,-131.708193,237.68676,86.829586,43.727131,295.643462,43.727131,167.810492,-228.525491,295.643462,-228.525491,227.217079,469.627951,1.0,3.489174,0.990623,0.507272,0.0,138.0,347.92759726330706,0.7408579419569238,0.010879266808093285
48759.0,-0.455536,0.075155,-0.88704,0.410832,0.901723,-0.134582,0.789749,-0.425731,-0.441643,249.244033,-284.047202,345.822803,3.596409,3.595374,3.592762,89.945286,90.034693,89.915371,179.634329,0.093089,0.08694,80.503746,0.826389,-694.917729,-716.212974,115.204066,-716.212974,676.481765,371.416793,115.204066,371.416793,107.198296,-428.221861,119.43424,-139.501669,119.43424,-144.566551,103.735764,-139.501669,103.735764,259.299361,839.305781,1.0,4.862961,2.028225,2.06521,0.0,119.0,625.6928094414228,0.7454885020521773,0.010265224179754319
51251.0,-0.606932,0.744758,0.277434,-0.424473,-0.598889,0.679083,0.671904,0.294395,0.679615,227.808344,375.356759,345.152866,3.594846,3.595488,3.594394,89.973642,89.956562,90.01376,123.731747,0.063167,0.064045,73.543915,0.985915,194.935695,-231.844257,26.403693,-231.844257,-431.251491,-10.040647,26.403693,-10.040647,377.510939,383.999682,-165.225612,-4.685586,-165.225612,-47.632923,116.810355,-4.685586,116.810355,323.058143,646.767056,1.0,2.753745,0.823559,1.157841,0.0,140.0,440.95442973465913,0.68178245265272,0.013405799786426927
49601.0,-0.017629,0.672576,-0.739818,0.445898,0.667565,0.596265,0.89491,-0.319372,-0.311669,-147.939475,-295.161957,497.844172,3.596181,3.594782,3.59344,90.067543,89.972506,89.958043,194.546796,0.087399,0.095209,72.870638,0.867647,391.288443,239.964182,-42.67795,239.964182,-167.420348,721.124351,-42.67795,721.124351,-173.95741,104.739202,41.93667,170.500166,41.93667,-302.15803,-256.509274,170.500166,-256.509274,581.439107,755.593119,1.0,4.034024,1.887746,1.913584,0.0,118.0,811.9393620117062,1.0745722024126931,0.011906674949106386
50330.0,0.398225,-0.603112,-0.691139,0.860075,0.507432,0.05276,0.318886,-0.615441,0.720794,-206.817354,-340.229249,446.57892,3.596656,3.595948,3.596301,90.021037,89.992506,89.975879,124.184543,0.066934,0.067015,72.773994,0.875,123.854349,29.956879,-110.029497,29.956879,661.943451,-39.152715,-110.029497,-39.152715,517.391453,-129.906659,-110.991253,-161.096062,-110.991253,158.777929,-13.600178,-161.096062,-13.600178,647.826442,623.275206,1.0,4.636198,0.76585,2.663537,0.0,126.0,701.8048027127599,1.1259950595768762,0.012023525876565192
49056.0,-0.018002,0.465875,-0.884667,0.159807,0.874776,0.457415,0.986984,-0.133141,-0.090198,288.147848,-227.08412,433.916103,3.596622,3.595413,3.596954,90.001896,90.01629,90.010979,84.008445,0.066549,0.057443,91.780732,1.0,533.600542,-149.492089,106.627939,-149.492089,224.717321,-105.240762,106.627939,-105.240762,568.353856,242.863943,46.309707,-77.375231,46.309707,170.747587,-20.88119,-77.375231,-20.88119,631.216693,527.188816,1.0,4.235197,1.661117,1.704884,0.0,148.0,436.4067677989987,0.827799745658866,0.010895533062429704
48764.0,0.449615,0.888032,-0.096151,-0.177536,0.194343,0.964734,0.875401,-0.416689,0.245037,403.982025,264.352831,567.717756,3.595257,3.59554,3.592309,89.976136,89.986616,90.008994,163.375341,0.075297,0.081302,63.136142,0.833333,89.793963,322.372719,0.604924,322.372719,-572.935837,-199.633133,0.604924,-199.633133,173.082987,61.497102,211.620947,152.360004,211.620947,-409.522009,-96.159397,152.360004,-96.159397,454.478615,743.853754,1.0,3.24093,1.323239,2.015058,0.0,118.0,786.973947868854,1.0579686445581264,0.013198985139129977
48765.0,0.812083,0.083506,0.577536,-0.415396,0.777825,0.471629,-0.409838,-0.622908,0.666347,-100.639991,432.74061,251.514893,3.595333,3.593261,3.596124,90.024036,89.99205,90.009895,95.223704,0.077989,0.06775,89.627898,0.971429,267.399181,-121.553324,246.192673,-121.553324,-260.198765,273.972122,246.192673,273.972122,130.96357,-229.014431,128.489372,94.07514,128.489372,364.968594,-77.144513,94.07514,-77.144513,265.592266,432.017639,1.0,2.255591,0.841498,3.723532,0.0,136.0,571.9675091845846,1.3239448058383205,0.010838466835404306
50778.0,0.395188,0.309563,-0.864868,0.334053,0.828615,0.449227,0.855707,-0.466441,0.224048,314.346471,80.284122,553.5559000000001,3.596645,3.595418,3.59412,90.000142,89.949426,89.992143,101.662506,0.059923,0.056438,79.662687,0.992958,-312.719741,166.380244,-97.505231,166.380244,323.271214,301.891605,-97.505231,301.891605,534.833063,147.112882,109.525793,147.008562,109.525793,125.888726,229.294888,147.008562,229.294888,592.26228,603.444908,1.0,4.233329,1.34483,2.069866,0.0,141.0,522.2011521688958,0.8653667389449505,0.012464530602639601
50835.0,-0.491796,0.865714,0.093144,-0.690112,-0.452783,0.564564,0.530925,0.213371,0.820117,100.596533,-400.403601,327.91918,3.595832,3.593842,3.597759,90.0264,90.015206,89.973773,103.759726,0.055812,0.054643,83.297825,0.992647,-326.470064,101.985258,-101.273109,101.985258,725.333091,306.145606,-101.273109,306.145606,494.801311,270.74794,-95.431293,81.021685,-95.431293,86.058053,76.217514,81.021685,76.217514,435.264846,495.401117,1.0,2.978083,0.609181,1.188665,0.0,135.0,328.13311539951076,0.6623584488193852,0.011916841766276609
50288.0,-0.174907,0.617422,0.76694,-0.893984,0.2268,-0.386465,-0.412554,-0.753228,0.512296,-128.12658,-236.698821,589.812898,3.595111,3.594559,3.596137,89.980887,90.021353,89.98455,104.944476,0.070996,0.059226,84.941147,1.0,391.265403,-81.497006,199.01256,-81.497006,-74.826383,171.52434,199.01256,171.52434,124.817947,228.410845,-50.659402,-49.89027,-50.659402,33.105506,-97.529379,-49.89027,-97.529379,481.862936,561.283554,1.0,1.10403,1.03294,3.642679,0.0,142.0,403.49501829891057,0.7188791038386821,0.01177285727022264
51131.0,-0.685615,0.701986,-0.19274,-0.565508,-0.346878,0.748249,0.458403,0.622006,0.634803,499.684936,38.128716,334.721241,3.595251,3.595664,3.593162,89.968637,90.006795,89.994606,167.302626,0.086372,0.090304,62.666624,0.84507,42.00204,234.451504,236.484425,234.451504,-242.855054,-256.79154,236.484425,-256.79154,160.884972,-294.364171,30.460922,328.814575,30.460922,-2.53621,-205.04167,328.814575,-205.04167,332.024534,783.939336,1.0,3.3937,0.883043,0.635113,0.0,120.0,638.7842861270511,0.8148389254025787,0.013485168755859579
49953.0,0.137326,-0.870882,-0.471917,0.898454,-0.091076,0.429519,-0.41704,-0.482979,0.76994,119.369537,365.838432,533.250074,3.595105,3.590603,3.595961,90.048756,89.978657,89.93771,124.228885,0.074732,0.068237,73.393349,0.895833,-1298.998872,-507.293345,-207.532624,-507.293345,222.684597,22.026626,-207.532624,22.026626,365.991814,-248.945558,116.271024,-47.837931,116.271024,15.728435,-126.465185,-47.837931,-126.465185,285.898714,712.512213,1.0,3.97399,0.692048,3.853858,0.0,129.0,488.26426760458946,0.6852714363291755,0.012205915279870931
51255.0,-0.630825,0.251444,0.734054,-0.433106,0.670841,-0.60199,-0.6438,-0.697674,-0.314281,-414.310768,243.07122,415.830242,3.59591,3.594583,3.597523,89.969116,90.064943,89.996263,118.424637,0.069599,0.065762,80.043324,0.964286,1157.756424,-221.336117,-33.598617,-221.336117,-210.596988,12.74128,-33.598617,12.74128,108.220838,243.559853,-87.89384,-21.655255,-87.89384,-6.243275,-7.825596,-21.655255,-7.825596,422.183457,676.958882,1.0,0.883925,1.890496,3.886852,0.0,135.0,380.9466728129127,0.562732365202814,0.012047050919574505
48775.0,-0.77675,-0.374051,-0.506701,0.629786,-0.468315,-0.619719,-0.005489,-0.800479,0.599335,476.641089,-82.557281,373.718053,3.595525,3.595215,3.595857,90.071522,90.018726,90.045507,60.978449,0.059849,0.046316,113.594588,1.0,-366.464346,-356.414446,-339.572891,-356.414446,234.327575,-64.234229,-339.572891,-64.234229,792.378477,75.436246,81.686433,-88.387706,81.686433,137.516039,-87.6604,-88.387706,-87.6604,696.628462,226.160277,1.0,5.597786,0.928126,3.14845,0.0,139.0,606.462892486174,2.68156238810308,0.0088032362950249
49022.0,0.770516,0.285428,0.569945,-0.627576,0.183152,0.756706,0.111598,-0.940737,0.320249,309.132334,247.093722,288.205883,3.594884,3.595007,3.595495,90.042351,90.007485,90.022857,92.004849,0.07065,0.061815,87.155503,1.0,-167.321036,-50.432228,304.296401,-50.432228,144.024305,162.52741,304.296401,162.52741,347.511507,203.337972,87.902342,26.714176,87.902342,106.713182,12.316655,26.714176,12.316655,381.979936,409.389306,1.0,2.496052,1.244804,3.023516,0.0,144.0,254.86206130009558,0.6225420585365646,0.011473744807599814
50734.0,-0.333614,0.330802,0.882764,-0.606959,0.641128,-0.469634,-0.72132,-0.692478,-0.013106,478.052839,61.511151,553.525982,3.595484,3.596277,3.593486,90.012298,89.969472,89.94644,112.94163,0.055301,0.0593,75.463975,0.932836,-524.896462,-61.89454,-150.186054,-61.89454,27.562411,-62.93428,-150.186054,-62.93428,782.576648,-347.783757,206.615288,-69.666816,206.615288,173.024282,19.128257,-69.666816,19.128257,737.239876,561.091699,1.0,1.081874,1.583903,3.947388,0.0,125.0,958.8327234774727,1.7088699141091246,0.012361341951573582
50639.0,0.586793,-0.773733,0.23877,0.724839,0.633357,0.271049,-0.360946,0.01402,0.932481,89.479044,-98.780314,519.410857,3.596129,3.593969,3.594741,89.982704,90.034912,89.968393,145.507166,0.088658,0.086834,76.640475,0.823944,-387.236446,107.088132,-248.909904,107.088132,302.329018,-249.637115,-248.909904,-249.637115,256.829718,-91.908419,60.274244,-36.366918,60.274244,138.952496,-11.219364,-36.366918,-11.219364,196.184223,980.647586,1.0,2.419426,0.369574,4.751211,0.0,117.0,271.28556913270563,0.27663920556747856,0.010750768441870957
50718.0,-0.39094,0.881014,0.266419,-0.701228,-0.472584,0.533801,0.596192,0.021863,0.802544,-263.608183,75.357997,469.062285,3.595468,3.596374,3.595853,89.998883,89.995494,90.026525,93.352087,0.064376,0.054922,82.500409,1.0,561.617028,-1.689441,-91.015198,-1.689441,101.457828,98.848057,-91.015198,98.848057,303.478954,111.844745,-28.179325,36.172718,-28.179325,174.54636,-104.065619,36.172718,-104.065619,429.722143,486.518582,1.0,2.678666,0.639248,1.534141,0.0,140.0,307.80716554910333,0.6326729891461851,0.012121152029682664
48782.0,0.873158,0.470991,-0.125545,-0.468324,0.882034,0.051852,0.135156,0.013521,0.990732,58.273307,-281.35284,469.422154,3.595304,3.595718,3.596626,89.985231,89.989335,90.015183,92.004377,0.06306,0.059882,93.031386,1.0,43.557275,-28.792375,83.859222,-28.792375,364.287882,75.521923,83.859222,75.521923,545.875787,-15.760844,-14.800531,130.59145,-14.800531,379.253897,-10.284213,130.59145,-10.284213,544.6255,602.449745,1.0,4.320715,0.136252,1.471089,0.0,134.0,511.60809638814055,0.8492129022116867,0.010749060537483554
49911.0,0.092085,0.794514,0.600224,-0.902613,0.321147,-0.286625,-0.420488,-0.515376,0.746711,-217.613508,-28.14067,255.694899,3.594612,3.594221,3.593558,90.068938,89.997625,89.993888,107.211909,0.065522,0.062016,93.279723,0.993333,-773.911492,-4.90946,-281.545186,-4.90946,19.50481,-146.116385,-281.545186,-146.116385,244.932723,52.598505,54.526001,-156.342742,54.526001,-6.137597,-48.376461,-156.342742,-48.376461,160.758167,525.905188,1.0,1.125286,0.727693,3.825945,0.0,149.0,209.32900875568458,0.3980356412754852,0.010648970301937968
48784.0,0.150912,-0.974488,0.166128,0.014516,0.170219,0.985299,-0.988441,-0.146282,0.039834,250.600458,130.642016,496.604153,3.59575,3.591044,3.595637,89.994108,89.991439,89.936063,215.957895,0.088499,0.099553,60.911855,0.805556,-1140.156013,181.873594,323.45836,181.873594,234.605423,-143.510278,323.45836,-143.510278,407.228659,-532.170556,142.794553,233.451362,142.794553,-138.060863,98.355368,233.451362,98.355368,613.910852,1074.569292,1.0,2.974557,1.530952,4.565463,0.0,116.0,1039.5027431038045,0.9673668797747522,0.013224946112706632
49962.0,0.087615,0.001421,0.996153,-0.174953,0.984478,0.013983,-0.980671,-0.175505,0.086504,196.396685,-355.02637,544.288197,3.596287,3.594944,3.594809,90.004148,90.060447,90.004484,104.966394,0.066924,0.057209,80.045213,1.0,-69.773455,46.212147,483.232332,46.212147,83.138499,112.850075,483.232332,112.850075,492.479622,104.941161,24.482424,64.654137,24.482424,-66.013487,112.823044,64.654137,112.823044,500.43488,588.30206,1.0,1.584833,1.484184,4.535299,0.0,140.0,516.1237276945114,0.877310760554725,0.012492939459102945
51022.0,0.812727,-0.49904,-0.300721,0.541671,0.457025,0.705494,-0.214632,-0.736266,0.641752,-358.591493,-335.919953,349.249887,3.598095,3.596467,3.595779,90.055573,90.00464,90.120967,122.691131,0.082266,0.073927,105.211255,1.0,1491.977474,353.103383,501.4894,353.103383,-349.73339,487.929113,501.4894,487.929113,557.84884,207.276858,24.418125,2.7795,24.418125,259.156318,5.262414,2.7795,5.262414,184.730561,518.591079,1.0,3.544527,0.874016,3.425246,0.0,142.0,69.59347080774313,0.13419720011755762,0.009504686547080919
49421.0,-0.223087,-0.692561,-0.685996,0.721597,0.355812,-0.593881,0.655385,-0.6275,0.420374,-37.65483,-89.841472,508.45516,3.595003,3.596256,3.595681,90.008706,89.984367,90.01582,106.456391,0.068878,0.064421,75.629173,0.978571,256.036665,8.73485,55.757201,8.73485,28.050704,-146.114257,55.757201,-146.114257,472.53388,169.22541,19.546166,151.285229,19.546166,121.850002,-160.373443,151.285229,-160.373443,422.291462,593.474131,1.0,5.425939,1.136939,2.334462,0.0,137.0,339.14252044885137,0.57145291215541,0.012939067838279814
49803.0,0.181629,0.95972,-0.214356,-0.93517,0.23598,0.26414,0.304084,0.152484,0.940363,516.351475,-240.919509,418.876642,3.595464,3.596087,3.597885,90.026462,90.0337,89.937014,157.467746,0.088842,0.07945,81.18042,0.930556,701.519627,-588.431115,-166.802715,-588.431115,131.25507,309.288306,-166.802715,309.288306,617.358283,-261.853178,-17.377232,-47.817163,-17.377232,47.245717,113.578245,-47.817163,113.578245,462.066914,649.477981,1.0,3.823321,0.347102,1.105987,0.0,134.0,638.3227054092499,0.982824243597028,0.011462813323705396
49069.0,0.666585,-0.009294,0.745371,-0.574349,0.630994,0.521507,-0.475172,-0.775732,0.415274,-209.09758,307.036321,274.819013,3.592484,3.596588,3.594653,89.94796,90.033279,89.907115,132.550707,0.073927,0.066196,105.037704,0.992857,-597.680324,808.482554,-461.953245,808.482554,-124.059672,-233.88788,-461.953245,-233.88788,582.037971,168.57978,-22.290688,-26.71639,-22.290688,75.730675,-31.861524,-26.71639,-31.861524,361.532766,433.909554,1.0,2.181295,1.142553,3.691186,0.0,135.0,255.80592427875033,0.5895374322150794,0.009452386735338388
49033.0,0.765155,0.1717,0.62053,-0.642273,0.136201,0.754278,0.044993,-0.975689,0.214493,-122.699066,-324.379943,525.10241,3.594275,3.596971,3.59216,90.054641,89.965314,89.966659,145.703246,0.068552,0.065068,80.126584,0.84,-71.79655,-307.576328,-89.615721,-307.576328,-892.609584,295.252319,-89.615721,295.252319,737.040436,-50.363362,-2.714906,85.970026,-2.714906,119.539122,109.673173,85.970026,109.673173,704.886659,603.866278,1.0,2.453174,1.354624,3.095512,0.0,126.0,696.7929458609685,1.153886168588087,0.010483412097038855
49034.0,0.766054,0.623458,0.156403,-0.640157,0.718059,0.273112,0.057967,-0.309341,0.949183,165.541992,-72.171874,566.172073,3.595781,3.595542,3.595111,90.004517,90.016645,89.991429,73.983294,0.059977,0.055957,87.083694,1.0,288.10752,-53.369511,-158.282147,-53.369511,207.954046,46.799694,-158.282147,46.799694,119.722442,138.825311,-38.012517,-128.498506,-38.012517,226.110738,34.401231,-128.498506,34.401231,186.371712,412.774815,1.0,2.621511,0.320167,2.956352,0.0,146.0,141.71977540711782,0.3433343563054297,0.011483206029362971
51150.0,-0.769544,0.374105,0.517539,-0.598658,-0.140529,-0.788581,-0.222283,-0.916677,0.332104,238.199848,-421.646689,331.51667,3.595596,3.594205,3.589617,90.094695,90.020933,90.014561,205.13108,0.08005,0.087739,71.931861,0.830986,-362.836642,963.426008,125.0207,963.426008,-1180.931555,-242.778055,125.0207,-242.778055,206.58955,-190.107953,16.465326,188.300653,16.465326,-31.09284,16.19086,188.300653,16.19086,355.891532,803.306996,1.0,0.580786,1.232263,3.379489,0.0,118.0,513.3925049107071,0.639098759835408,0.011552405129626773
48913.0,0.32647,0.621557,-0.712099,-0.142599,0.777143,0.612955,0.934389,-0.098566,0.342347,-11.4953,497.525128,353.50077699999997,3.595648,3.593416,3.591872,90.086078,89.942827,90.057421,208.722064,0.104752,0.102188,60.756474,0.89726,-290.953939,355.39898,-469.478915,355.39898,-1209.522212,-436.014427,-469.478915,-436.014427,584.618875,-118.249983,40.165037,412.254405,40.165037,-235.506129,-118.246864,412.254405,-118.246864,460.463029,825.781853,1.0,4.001674,1.221382,1.675895,0.0,131.0,745.4376872507652,0.9027053386347124,0.01476813812467129
48986.0,0.679977,0.539664,-0.496381,-0.498838,0.836642,0.226251,0.537393,0.093768,0.838103,451.21822,487.530036,270.60209499999996,3.596455,3.594393,3.595006,90.053227,89.938148,89.960617,181.164947,0.063805,0.076355,81.898313,0.885135,347.232991,242.564514,235.357551,242.564514,-530.68777,-478.125008,235.357551,-478.125008,636.861081,-467.542067,-311.311278,-14.42682,-311.311278,-10.305492,85.436063,-14.42682,85.436063,515.761517,1063.129862,1.0,4.284721,0.577,1.398049,0.0,131.0,897.0314850919532,0.8437647338815446,0.010807731778309035
49617.0,-0.126761,-0.285344,-0.950005,0.923089,0.316642,-0.218277,0.363096,-0.904608,0.22326,505.546193,-108.778713,550.728488,3.592609,3.598096,3.592241,90.031267,90.044054,90.015669,135.566453,0.076492,0.073918,78.869982,0.972603,-811.32337,273.920296,340.25883,273.920296,-332.313549,-455.709648,340.25883,-455.709648,788.981879,-113.515101,111.096557,145.721231,111.096557,-316.788649,-323.409495,145.721231,-323.409495,769.909162,848.238142,1.0,4.938233,1.345638,2.759894,0.0,142.0,1051.172424391484,1.239242109430495,0.012331725903018466
50993.0,-0.683103,0.148798,0.715003,-0.716225,-0.327919,-0.616028,0.1428,-0.932914,0.330575,112.867967,-282.83154,538.586095,3.59544,3.596305,3.592983,90.007511,90.011158,90.010473,97.022582,0.05619,0.050725,94.575539,1.0,-49.704766,308.845586,-202.625892,308.845586,-194.250022,157.110709,-202.625892,157.110709,385.139157,-103.571745,-128.879185,67.463013,-128.879185,176.710099,82.543986,67.463013,82.543986,561.959038,537.272958,1.0,0.859621,1.233883,2.989703,0.0,144.0,596.6019604008877,1.1104261837814062,0.010573558560422266
49071.0,0.697718,0.701306,0.146147,-0.607268,0.470792,0.639985,0.380021,-0.53528,0.754361,314.930832,-25.03904,537.552916,3.592709,3.593742,3.596882,90.015586,89.96813,90.038278,107.682646,0.066518,0.060994,80.324963,1.0,-696.980586,265.165143,156.170223,265.165143,-133.208195,258.461245,156.170223,258.461245,582.757886,-447.85388,125.251372,10.819016,125.251372,0.598628,182.153495,10.819016,182.153495,591.412742,584.620424,1.0,2.917082,0.716117,2.524221,0.0,140.0,922.9635313461996,1.57873980014458,0.012449429948694779
48816.0,0.741498,0.563603,0.364049,-0.401066,-0.06266,0.913903,0.53789,-0.823666,0.17958,-179.420749,-165.227333,438.65479700000003,3.594387,3.59598,3.592349,89.989508,89.972644,90.010593,153.809759,0.072934,0.07771,94.297789,0.938356,56.471362,-7.018599,-154.05425,-7.018599,-760.110599,-67.390552,-154.05425,-67.390552,285.03262,-165.342625,43.95922,-98.314864,43.95922,-236.829397,25.263886,-98.314864,25.263886,436.347438,630.53918,1.0,2.762514,1.390237,2.56308,0.0,137.0,647.5581347754783,1.0269911138202044,0.009950986231501143
50642.0,-0.436307,0.575319,0.691842,-0.845928,-0.524314,-0.097474,0.306663,-0.627777,0.71544,-419.622019,-104.844901,516.996773,3.595177,3.595996,3.594565,90.028645,89.975314,89.989316,110.865006,0.051852,0.051904,75.643901,0.978873,-260.601883,-93.550211,-140.244013,-93.550211,275.132759,63.089677,-140.244013,63.089677,407.354414,68.467303,-74.36831,-46.514657,-74.36831,321.692671,113.687083,-46.514657,113.687083,286.08483,805.377346,1.0,1.430826,0.773543,2.687195,0.0,139.0,268.026967794951,0.3327967556154119,0.012940540969720745
48823.0,0.759568,0.276835,0.588573,-0.423782,0.897105,0.124948,-0.493422,-0.344333,0.79873,-412.306324,448.648896,560.806092,3.592256,3.594433,3.594681,90.00092,90.018228,89.954554,170.609307,0.079241,0.08536,63.284354,0.823944,-389.14822,443.702471,51.232205,443.702471,-479.385094,-179.227837,51.232205,-179.227837,75.431948,-494.347034,156.098794,3.472464,156.098794,204.841358,-146.677224,3.472464,-146.677224,166.925574,731.112623,1.0,1.77998,0.645614,4.103109,0.0,115.0,705.8410322364555,0.965434065876408,0.013019711001553401
50233.0,0.33869,-0.660332,-0.670262,0.927445,0.354331,0.119565,0.158542,-0.662126,0.73243,381.956755,-147.644913,385.079661,3.59404,3.597264,3.596006,90.014877,89.977802,90.019273,111.470245,0.061766,0.056699,79.408152,0.993056,314.295109,-242.391403,211.552889,-242.391403,-152.990593,43.042057,211.552889,43.042057,698.163645,293.308036,32.176257,-52.630658,32.176257,-41.830679,-192.40235,-52.630658,-192.40235,614.396697,585.588855,1.0,4.53586,0.748912,2.906573,0.0,143.0,594.6789883915599,1.0155230642010082,0.012505718556452492
48828.0,0.408354,0.694085,-0.592869,-0.175194,0.697008,0.695332,0.895854,-0.180074,0.406225,-378.26085,24.523908,293.44593399999997,3.594096,3.593242,3.596918,89.953281,90.009093,90.03771,112.193246,0.069803,0.064068,110.715813,1.0,-501.282778,-494.819453,-152.398158,-494.819453,579.552054,56.448454,-152.398158,56.448454,-68.724969,277.101253,-30.266226,-10.313261,-30.266226,322.733051,161.937531,-10.313261,161.937531,199.379982,262.43574,1.0,3.847618,1.152477,1.769162,0.0,146.0,179.1760226550371,0.6827424597542892,0.009032133467691739
51302.0,-0.774058,0.633103,0.003917,-0.467071,-0.575216,0.671543,0.427409,0.517984,0.740955,-251.925597,418.599375,552.534713,3.595795,3.59407,3.599674,90.02162,89.973537,89.988485,101.406601,0.081887,0.063993,132.554717,0.992857,0.00826,-7.638676,-388.318021,-7.638676,676.095265,632.062256,-388.318021,632.062256,803.103776,134.709624,-30.969133,-28.112196,-30.969133,216.14036,-61.725231,-28.112196,-61.725231,441.633545,223.394869,1.0,3.135759,0.736305,0.689883,0.0,139.0,282.8599608340109,1.266188261620328,0.007490167249197174
48831.0,-0.701349,-0.612195,-0.36514,0.6263,-0.284631,-0.725764,0.340379,-0.737701,0.583044,467.929492,107.431487,259.13548000000003,3.594519,3.59573,3.595996,90.036904,89.990234,90.058691,92.135088,0.063568,0.057061,87.896093,1.0,-420.828361,109.117301,-110.73224,109.117301,154.01237,74.065939,-110.73224,74.065939,829.476542,110.982096,63.282655,-90.033393,63.282655,194.999351,17.066102,-90.033393,17.066102,666.302769,480.968254,1.0,5.817052,0.948326,2.709295,0.0,142.0,527.3375569746643,1.0964082402300594,0.011377069968286305
50361.0,-0.044234,0.68699,-0.725319,-0.394538,0.655001,0.644449,0.917814,0.314672,0.242071,-22.800487,-94.362583,229.044627,3.595229,3.59635,3.595545,90.019854,90.011895,89.951956,124.127524,0.062899,0.061646,75.777355,0.934783,470.020701,-47.852374,391.430146,-47.852374,-4.023955,164.0253,391.430146,164.0253,341.285808,74.161148,87.17332,246.703773,87.17332,70.236466,-45.76891,246.703773,-45.76891,416.395828,575.930818,1.0,3.985962,1.326297,1.240506,0.0,129.0,414.00566536342205,0.7188461746171431,0.012335914865331471
48836.0,-0.085196,-0.154232,-0.984355,0.181041,0.969105,-0.167511,0.979778,-0.19248,-0.054642,-121.225884,-406.456024,450.747156,3.596889,3.594148,3.593363,90.009292,90.047156,89.983881,101.19094,0.059261,0.052646,89.298395,0.993151,-460.759903,79.434729,284.851245,79.434729,-45.149386,335.172576,284.851245,335.172576,555.52344,-69.74577,-119.855146,4.240878,-119.855146,7.08086,207.005781,4.240878,207.005781,494.185791,495.793506,1.0,4.880948,1.625465,1.764778,0.0,145.0,568.7900764025497,1.147231800173175,0.011121711650024617
50133.0,0.22865,-0.678272,-0.698331,0.693311,0.617023,-0.372294,0.683403,-0.399035,0.611336,-367.778133,327.632669,230.137304,3.596166,3.593882,3.594124,90.026569,89.991845,90.003365,87.178792,0.062752,0.057179,82.635985,1.0,-405.833421,128.766603,94.238602,128.766603,120.684053,171.64427,94.238602,171.64427,271.844017,157.246425,-6.134283,165.32476,-6.134283,-128.219064,65.571792,165.32476,65.571792,405.429839,525.95248,1.0,5.20218,0.913048,2.099289,0.0,142.0,487.53002598425536,0.926946909698487,0.012101265568505052
48871.0,0.422434,-0.657835,0.623541,-0.206504,0.599993,0.772894,-0.882556,-0.45526,0.117611,54.552552,112.986976,364.663327,3.594589,3.594988,3.595194,89.982927,90.027419,89.974699,119.856953,0.070396,0.071125,79.670177,0.978571,-299.601802,56.027098,197.334876,56.027098,258.33218,15.892781,197.334876,15.892781,194.380844,-39.722504,-2.280456,121.580216,-2.280456,197.384116,214.56128,121.580216,214.56128,160.568575,728.076063,1.0,2.462743,1.452912,4.236148,0.0,137.0,307.3488962482628,0.4221384438623727,0.012282776778567971
48842.0,-0.432976,-0.314233,-0.844861,0.441479,0.743238,-0.502686,0.785893,-0.590639,-0.183078,-52.21869,-251.029062,387.843881,3.595889,3.594343,3.594772,89.957447,90.010838,89.990636,154.605935,0.069883,0.073159,86.378123,0.928571,205.628771,-228.899933,134.743907,-228.899933,-178.362148,291.554008,134.743907,291.554008,190.685644,157.839144,39.86583,56.98642,39.86583,88.949884,-80.82118,56.98642,-80.82118,502.739543,651.944299,1.0,5.249119,1.754912,2.21529,0.0,130.0,394.9538559584775,0.6058092026639188,0.010750071519845366
49202.0,0.451642,0.804529,-0.385684,-0.456427,0.579781,0.674928,0.766612,-0.128789,0.629062,-388.832825,90.089702,397.799601,3.596546,3.590876,3.593983,89.897511,89.975884,90.042631,87.172573,0.074989,0.058359,122.431604,1.0,-1524.349979,-124.981048,622.451673,-124.981048,413.419937,-75.531733,622.451673,-75.531733,325.706689,32.744434,-129.721324,28.354233,-129.721324,258.776995,74.444281,28.354233,74.444281,370.036856,203.904282,1.0,3.660751,0.89045,1.73724,0.0,142.0,325.57330691028056,1.5966967624067874,0.00816782568657681
49122.0,0.628007,0.344859,0.697624,-0.58857,0.796945,0.13588,-0.509109,-0.495934,0.703461,449.206708,-334.158926,441.73939,3.593704,3.596119,3.594955,90.013084,90.053477,89.996629,82.649032,0.058562,0.050695,102.883667,1.0,-490.189469,309.398737,13.101058,309.398737,167.204659,-66.655051,13.101058,-66.655051,477.781759,132.642428,154.734099,-50.468257,154.734099,-81.296897,20.517661,-50.468257,20.517661,472.192326,907.177172,1.0,1.763163,0.790541,3.940099,0.0,136.0,503.8752222260567,0.5554319903301719,0.009719715764019182
50939.0,-0.660649,0.740087,0.125753,-0.741592,-0.669424,0.043737,0.116551,-0.064363,0.991097,239.689867,-120.595174,397.855028,3.595526,3.598931,3.596698,89.975011,89.997863,90.054354,80.586503,0.062098,0.055869,117.726991,1.0,1243.958361,-430.702668,80.892967,-430.702668,158.495745,-89.731019,80.892967,-89.731019,526.511875,186.354382,17.601214,69.021974,17.601214,42.18074,12.189351,69.021974,12.189351,539.442343,380.784311,1.0,1.90551,0.133538,2.075348,0.0,142.0,447.52646454104195,1.175275481717633,0.008494228821324414
50711.0,0.662078,-0.668409,-0.338943,0.747976,0.617553,0.243229,0.046738,-0.414558,0.908822,-102.887313,-416.563411,324.10544500000003,3.594465,3.595991,3.593964,90.007964,89.975155,90.064145,147.217994,0.063125,0.073214,105.616404,0.828571,463.343536,-107.343237,491.107294,-107.343237,-382.393344,135.721385,491.107294,135.721385,-26.175235,-40.706341,40.286202,-94.76146,40.286202,13.733645,-38.617681,-94.76146,-38.617681,349.776809,530.336953,1.0,4.08994,0.430345,3.029324,0.0,116.0,378.48835323483524,0.7136752419264951,0.00784509762328208
50661.0,-0.431038,0.66176,0.613416,-0.816263,0.003793,-0.577668,-0.384604,-0.749706,0.538535,324.427421,-425.899353,269.519747,3.591486,3.594801,3.594476,90.004739,90.070368,89.996379,132.241515,0.073329,0.06461,78.437479,0.828767,84.309628,-139.650235,110.788573,-139.650235,-1206.765542,-127.009708,110.788573,-127.009708,159.894046,21.81736,-239.103844,20.24891,-239.103844,-249.652164,-153.011262,20.24891,-153.011262,295.492652,511.374548,1.0,0.815403,1.002099,3.615591,0.0,121.0,532.5722522013522,1.0414524036916912,0.01056595661367444
50692.0,-0.443729,0.639902,0.627399,-0.795898,-0.603168,0.052289,0.411887,-0.476144,0.77694,24.802446,-123.717592,249.873237,3.594922,3.596218,3.595527,90.032279,89.969101,90.073129,127.827384,0.061984,0.061468,76.642305,0.993056,250.24847,-23.445758,-409.756999,-23.445758,-435.6508,5.52683,-409.756999,5.52683,865.173177,276.623791,168.029827,-115.561671,168.029827,-90.473137,-21.500983,-115.561671,-21.500983,382.005884,545.174889,1.0,1.653947,0.681005,2.428427,0.0,143.0,464.8538413367738,0.852669208938517,0.012957021582271046
50687.0,-0.287773,0.635062,-0.716856,-0.577388,0.482139,0.658912,0.764074,0.603521,0.227931,285.609831,360.833588,254.633873,3.591613,3.592336,3.595536,89.957623,90.013107,89.900397,170.99976,0.076995,0.076682,70.282582,0.885714,-929.348262,-891.919396,133.249504,-891.919396,-511.715259,385.32927,133.249504,385.32927,121.962757,-177.518146,123.661465,-98.686529,123.661465,343.754941,229.438738,-98.686529,229.438738,67.956647,665.507044,1.0,3.969083,1.340844,0.902261,0.0,122.0,512.131911397241,0.7695364249176017,0.012602183568042505
51110.0,-0.709863,-0.268813,0.651025,-0.606985,0.70236,-0.371833,-0.357301,-0.659113,-0.661745,88.235157,-180.040246,571.930873,3.597161,3.594622,3.596376,90.002315,90.022947,89.998807,110.333026,0.064181,0.062244,75.291036,0.978261,726.123586,197.690656,-67.743971,197.690656,206.00059,172.171098,-67.743971,172.171098,163.538213,644.316539,95.22654,148.459302,95.22654,100.17214,113.849993,148.459302,113.849993,524.403305,509.679539,1.0,1.051861,2.29394,3.638345,0.0,135.0,527.5175403594963,1.0349984647107764,0.012993060687861964
48857.0,-0.121459,0.282265,-0.951617,0.213213,0.943755,0.25272,0.969427,-0.172202,-0.17481,-338.356312,51.038622,437.259053,3.595602,3.595525,3.592388,90.018863,90.045426,89.969455,140.370474,0.070243,0.070683,72.557833,0.878378,-593.112256,423.54596,269.379142,423.54596,149.480163,228.878675,269.379142,228.878675,246.82968,441.025875,96.772873,-76.693666,96.772873,130.037247,113.175428,-76.693666,113.175428,159.454398,619.740575,1.0,4.452812,1.746509,1.746595,0.0,130.0,330.8664152361992,0.533878898015027,0.012105901784580583
50306.0,0.312942,0.648614,-0.693806,0.665983,0.370961,0.64719,0.677151,-0.664596,-0.315877,230.601831,-297.197737,327.446286,3.594145,3.596304,3.597027,90.045399,90.051571,90.032067,66.610284,0.061753,0.049208,119.029784,1.0,911.333345,-316.857066,6.381509,-316.857066,-463.962899,-144.179592,6.381509,-144.179592,457.569371,33.107813,47.587232,42.063299,47.587232,104.762902,88.113089,42.063299,88.113089,359.419425,130.772235,1.0,3.96174,1.892177,2.346838,0.0,140.0,311.57690699893556,2.3825921993222456,0.008401258629520826
50659.0,-0.370196,0.634866,0.678159,-0.727827,0.255416,-0.63642,-0.577254,-0.729183,0.367519,466.985474,161.195582,506.437652,3.592897,3.594863,3.594997,90.067324,89.968272,89.931402,105.151371,0.05496,0.052169,108.858656,1.0,-950.205868,-432.788232,-157.779669,-432.788232,-16.06169,-309.451729,-157.779669,-309.451729,557.848976,-28.009669,51.744608,-80.676717,51.744608,168.47103,-197.485627,-80.676717,-197.485627,666.481039,290.647431,1.0,0.817138,1.194457,3.811219,0.0,140.0,648.5430566407609,2.2313737795974564,0.009186224015111853
51054.0,-0.705777,0.014537,0.708285,-0.659482,0.351712,-0.664366,-0.258771,-0.935995,-0.238643,309.616095,-217.337087,567.16709,3.59569,3.59628,3.59397,89.982946,90.001949,89.975286,135.063133,0.058148,0.059879,76.010437,0.992958,39.789153,205.984921,121.371465,205.984921,-111.292193,58.094901,121.371465,58.094901,549.674065,218.718572,15.092983,-11.364528,15.092983,-11.109501,-117.387747,-11.364528,-117.387747,471.091129,697.164396,1.0,0.817383,1.811765,3.411321,0.0,141.0,430.25315158948234,0.617147338645048,0.01306344285324922
48861.0,-0.713288,-0.411569,-0.567302,0.669321,-0.159882,-0.725567,0.20792,-0.897245,0.389513,142.970611,198.946484,549.635376,3.594542,3.594854,3.594036,90.011361,89.984343,90.019575,150.441325,0.066305,0.072836,67.677272,0.89726,-121.669145,-44.408631,-120.249373,-44.408631,-246.068466,117.070157,-120.249373,117.070157,148.50405,-144.53534,-30.501355,-107.608374,-30.501355,-133.275083,85.608781,-107.608374,85.608781,161.758131,917.060456,1.0,5.619595,1.170693,2.913881,0.0,131.0,324.61147424436683,0.3539695470680799,0.013257922098278429
49100.0,0.730462,0.199154,0.653271,-0.678608,0.319377,0.661429,-0.076914,-0.926464,0.368441,283.010173,220.996122,419.343394,3.593726,3.595966,3.596769,89.987066,90.023844,89.977686,103.047712,0.061127,0.055765,97.723442,1.0,-8.582037,454.722213,-151.549254,454.722213,301.887212,146.252516,-151.549254,146.252516,330.188118,-30.729274,187.053969,-105.946258,187.053969,79.82492,141.250708,-105.946258,141.250708,460.69094,551.237656,1.0,2.3624,1.193465,3.224421,0.0,142.0,499.0106816739853,0.9052550678322768,0.010232959252499518
50302.0,-0.145705,-0.581251,0.800573,-0.77705,0.568095,0.271038,-0.612343,-0.582594,-0.534435,349.373527,365.932247,473.35778,3.597659,3.595895,3.597401,90.019288,90.033086,89.971493,161.057023,0.066407,0.069647,72.10239,0.871429,866.500965,379.384488,119.579574,379.384488,498.347339,204.451841,119.579574,204.451841,508.450677,-575.38525,-208.155164,-115.270046,-208.155164,18.806172,166.629923,-115.270046,166.629923,740.931129,692.48749,1.0,1.897239,2.134636,3.951882,0.0,122.0,1169.142557537328,1.6883230013835022,0.012085993265965248
50507.0,0.159156,-0.72646,0.668525,0.103036,0.685681,0.720573,-0.981862,-0.045801,0.183982,-178.857013,-17.145894,242.100233,3.596703,3.593155,3.594046,89.980707,89.958393,90.016839,118.60923,0.092317,0.078577,81.735029,0.986667,-357.225342,186.269447,-483.037008,186.269447,-102.240731,-201.642292,-483.037008,-201.642292,371.274831,-165.398127,109.584748,-31.429805,109.584748,-173.254613,-115.707097,-31.429805,-115.707097,507.977638,578.464788,1.0,2.393646,1.38576,4.665775,0.0,148.0,691.791586376715,1.1959095881506188,0.01207153177862089
50571.0,-0.192763,-0.700769,0.686852,-0.535158,0.661793,0.525011,-0.822465,-0.266372,-0.502591,245.927557,-116.489944,498.277856,3.59503,3.59396,3.595169,89.999415,89.993402,90.00771,96.801438,0.051587,0.051437,81.605359,0.978261,-85.530538,108.70873,-137.231078,108.70873,-20.150179,57.446666,-137.231078,57.446666,88.75397,351.379957,44.626676,-75.236068,44.626676,-251.281472,98.159592,-75.236068,98.159592,371.893345,484.903123,1.0,2.223433,2.097389,4.39918,0.0,135.0,623.6583267684791,1.2861503611484868,0.011987705366261547
50187.0,-0.108731,0.627505,0.770984,-0.91645,-0.36373,0.166795,0.385094,-0.688432,0.614625,47.587288,18.025903,413.840232,3.595409,3.595321,3.594825,90.040095,89.999509,89.973671,87.003881,0.056175,0.053028,87.136677,1.0,-290.860697,-79.924487,58.213803,-79.924487,372.560937,206.286241,58.213803,206.286241,289.340605,239.70948,-114.969504,-50.008826,-114.969504,8.517799,30.283904,-50.008826,30.283904,352.469114,406.930969,1.0,1.783853,0.908886,2.631577,0.0,144.0,323.58987319423886,0.7951959861630459,0.011476223726089531
50028.0,0.191329,-0.257,-0.947282,0.941192,0.321862,0.102777,0.278481,-0.911238,0.303468,-130.902644,-291.191406,510.689418,3.594061,3.598627,3.595799,90.014821,90.008381,89.995749,77.637451,0.054746,0.046968,99.276467,0.993056,288.765987,-52.202297,62.703686,-52.202297,-52.554718,-409.463195,62.703686,-409.463195,950.797034,206.915896,-172.360841,184.150514,-172.360841,124.638506,-217.215844,184.150514,-217.215844,829.645656,652.886132,1.0,4.604315,1.262466,2.845,0.0,143.0,727.2553182163668,1.1139083564059633,0.010002934532309656
51039.0,-0.632149,0.724611,0.274456,-0.618427,-0.68523,0.384717,0.466836,0.073467,0.881287,135.404118,-300.485994,388.982739,3.594571,3.594788,3.595964,90.001011,90.022232,90.022104,157.675735,0.077383,0.081906,71.584892,0.970588,254.310775,92.990662,118.12387,92.990662,-27.906213,274.826891,118.12387,274.826891,80.160478,-32.056451,17.57505,75.277938,17.57505,-119.450607,205.587124,75.277938,205.587124,444.834584,1027.051535,1.0,2.521931,0.492218,1.414704,0.0,132.0,559.3939347088814,0.5446600444532527,0.013558559255771456
50739.0,0.675028,-0.712106,-0.192983,0.732489,0.67815,0.059776,0.088304,-0.181708,0.97938,-297.657617,470.538061,447.996482,3.595254,3.587659,3.596163,90.080398,90.00557,89.988611,176.971745,0.058075,0.0662,96.165003,1.0,-1194.785558,1137.884639,92.765125,1137.884639,-790.555581,-224.596765,92.765125,-224.596765,553.2653,35.357268,-78.58878,-80.629059,-78.58878,109.767384,-10.178228,-80.629059,-10.178228,501.600964,423.343992,1.0,4.412011,0.203429,2.689236,0.0,148.0,444.761093494019,1.05059030457203,0.010398793415521445
50217.0,0.290005,-0.728629,-0.620482,0.757025,-0.221999,0.614516,-0.5855,-0.647933,0.487209,-394.539301,-120.974184,223.612747,3.594497,3.592634,3.595793,90.050555,89.974557,89.953857,132.955055,0.062998,0.064009,73.780262,0.92029,-853.054958,-397.626617,-166.315956,-397.626617,234.1524,113.551197,-166.315956,113.551197,257.395342,-117.940316,-127.867228,-99.439923,-127.867228,252.639516,119.992099,-99.439923,119.992099,406.070479,673.540794,1.0,3.931821,1.061905,3.876417,0.0,127.0,498.2029861042591,0.7396775229389582,0.012473390240874994
49391.0,0.270066,0.115915,0.955839,-0.337518,0.941132,-0.018768,-0.901746,-0.317544,0.293291,159.122117,352.897977,449.127079,3.595491,3.595083,3.595295,89.984905,89.998201,89.976015,79.085649,0.057966,0.052296,93.04783,1.0,207.916715,146.711191,-98.766039,146.711191,-29.000228,-85.186973,-98.766039,-85.186973,279.813269,59.079322,111.916326,-109.916856,111.916326,99.990773,90.349929,-109.916856,90.349929,368.133219,470.986249,1.0,1.551164,1.273129,4.373806,0.0,138.0,330.33586152091254,0.7013705012031308,0.010747160895638297
51083.0,0.807616,-0.52688,-0.264866,0.467288,0.297797,0.832442,-0.359721,-0.796062,0.48671,-6.564248,376.701447,509.666796,3.594371,3.594972,3.594278,90.008702,90.041264,89.988764,86.47756,0.065789,0.054046,109.373021,1.0,-8.776961,-179.403828,-143.184888,-179.403828,-396.386641,-31.837319,-143.184888,-31.837319,238.236546,77.140939,-16.602896,-69.243661,-16.602896,75.942753,-21.634197,-69.243661,-21.634197,281.051165,334.526309,1.0,3.449643,1.062476,3.566005,0.0,144.0,214.42696358711544,0.640986845632866,0.009143022574095307
51117.0,0.863793,-0.273062,-0.423437,0.465521,0.754026,0.463394,0.192747,-0.597396,0.778439,-280.033913,85.959761,323.111416,3.596033,3.593734,3.596478,89.998469,90.011121,89.967049,70.450216,0.058648,0.050732,119.611878,1.0,272.523069,232.478685,-365.484378,232.478685,192.053829,254.742564,-365.484378,254.742564,98.616578,221.953273,73.892249,53.314675,73.892249,258.312305,57.97291,53.314675,57.97291,296.764556,272.297692,1.0,3.881965,0.678621,2.829491,0.0,140.0,113.78125695562234,0.41785611960171276,0.008360373708035919
49187.0,0.542277,0.781933,-0.307435,-0.559211,0.608983,0.562515,0.627072,-0.133119,0.767503,142.742603,68.716358,339.109488,3.596601,3.594817,3.595625,89.995272,90.021429,89.998708,104.77142,0.05136,0.052096,97.334958,1.0,240.744926,-269.416267,105.096242,-269.416267,386.054457,-41.311164,105.096242,-41.311164,158.61661,95.408502,-56.890745,2.060964,-56.890745,369.655189,7.067163,2.060964,7.067163,424.781408,558.757157,1.0,3.641772,0.69586,1.779977,0.0,134.0,309.574530934633,0.5540412808253891,0.010273801114703312
48898.0,-0.62144,-0.047853,-0.781999,0.625642,0.570478,-0.532096,0.471576,-0.819918,-0.324579,-292.92297,54.110599,431.515948,3.591823,3.596259,3.596744,89.987001,89.958215,90.034019,152.349644,0.06514,0.069087,65.889976,0.84058,373.333348,544.753811,265.248798,544.753811,-545.74383,-405.45074,265.248798,-405.45074,340.552434,177.858781,86.204152,320.110485,86.204152,-40.407971,-289.514959,320.110485,-289.514959,191.408684,888.405552,1.0,5.30986,1.901363,2.619646,0.0,116.0,442.800249156404,0.4984212988759035,0.012757327457517969
48905.0,-0.332142,-0.940888,0.066416,0.394377,-0.074565,0.915919,-0.856825,0.330408,0.395831,167.13184,362.621812,544.828287,3.596124,3.595624,3.591652,90.012248,89.986947,89.997278,124.882632,0.063861,0.062251,84.214835,1.0,279.621146,-32.686975,43.073844,-32.686975,-563.938579,-543.818833,43.073844,-543.818833,56.127656,115.494261,-19.447703,61.53366,-19.447703,91.631327,-140.794356,61.53366,-140.794356,203.832745,635.160639,1.0,3.069206,1.163824,5.080437,0.0,146.0,168.73613764596655,0.26565899598505593,0.011874392439289349
49417.0,0.262343,-0.360305,0.895185,-0.338391,0.834418,0.435016,-0.903697,-0.417046,0.09698,-266.115238,-355.307219,314.751637,3.595112,3.593295,3.589471,90.08423,90.03833,89.952004,189.800235,0.074324,0.071867,71.556985,0.927536,-982.00695,-686.612318,440.337588,-686.612318,-1217.418303,69.800428,440.337588,69.800428,433.624856,-485.084789,95.875419,-221.796052,95.875419,12.28786,98.802547,-221.796052,98.802547,210.614347,708.932431,1.0,2.023142,1.473664,4.280022,0.0,128.0,660.65555593196,0.9319020079248709,0.0129622006852301
50550.0,-0.313051,0.585835,0.747527,-0.781605,-0.60605,0.147637,0.53953,-0.538053,0.647616,-309.569672,-260.746831,451.410956,3.601542,3.594327,3.596662,90.055458,90.091075,89.95297,152.059932,0.063886,0.062015,110.041002,1.0,242.671693,1131.903603,26.019455,1131.903603,1783.379993,-177.352148,26.019455,-177.352148,283.586746,433.164343,100.91867,-48.951962,100.91867,414.961206,-14.07318,-48.951962,-14.07318,349.481011,341.046709,1.0,1.765787,0.866345,2.354825,0.0,136.0,124.07719490058824,0.36381290781078385,0.009087521758480533
48908.0,-0.704297,-0.272194,-0.655649,0.699369,-0.424565,-0.575002,-0.121854,-0.863513,0.489384,100.783947,-246.098904,283.351569,3.597078,3.596472,3.595324,89.964225,89.982019,90.052949,158.528736,0.061528,0.072351,89.966011,0.830769,507.183681,-126.06777,-86.085057,-126.06777,759.377806,485.759671,-86.085057,485.759671,27.731623,85.050653,57.83928,95.056857,57.83928,293.705193,72.948573,95.056857,72.948573,304.518969,566.980064,1.0,5.432349,1.059413,3.281781,0.0,108.0,243.2838060336378,0.4290870552260508,0.009234254034004019
49142.0,0.700958,0.421546,0.575289,-0.702181,0.266645,0.660184,0.1249,-0.866718,0.482908,-374.161578,174.210722,537.613542,3.596358,3.592886,3.595323,90.024134,89.994105,90.051293,187.043468,0.092588,0.090796,80.416416,0.802817,-142.223672,-256.64012,604.593148,-256.64012,301.639507,-75.80479,604.593148,-75.80479,-63.191692,-237.233685,77.446361,-134.678435,77.446361,492.461659,-184.974297,-134.678435,-184.974297,81.916555,1081.402399,1.0,2.424801,1.066823,2.998471,0.0,114.0,667.228228764701,0.6170027266276676,0.009983247699076766
50230.0,0.324579,-0.856305,-0.401733,0.880331,0.118155,0.459409,-0.345928,-0.502773,0.792183,302.002468,291.416834,426.193598,3.594941,3.595248,3.596641,90.068817,89.969195,90.022466,86.998469,0.066149,0.056235,138.524814,1.0,-180.153348,253.888198,252.552582,253.888198,268.249245,489.116758,252.552582,489.116758,637.185753,198.864868,-81.936036,73.00858,-81.936036,82.579109,64.144466,73.00858,64.144466,427.056939,288.208846,1.0,3.860114,0.656419,3.744247,0.0,146.0,322.8748931677224,1.1202809963984326,0.0072189232464878106
49186.0,0.57324,0.654856,0.492503,-0.602212,-0.070883,0.795183,0.55564,-0.752422,0.35373,-112.655256,-102.573077,548.694802,3.595931,3.594432,3.595605,90.025533,90.000341,90.010266,90.656291,0.071344,0.062709,96.856778,0.993151,-82.234433,-85.888678,225.285035,-85.888678,292.167748,53.372009,225.285035,53.372009,276.19197,178.836155,-26.634554,-61.686522,-26.634554,181.479266,-65.681785,-61.686522,-65.681785,474.617344,460.600843,1.0,2.58706,1.209241,2.505512,0.0,145.0,305.5049227030381,0.6632747797707311,0.010253810012139779
50193.0,0.285284,-0.550108,-0.784853,0.804487,0.582554,-0.115895,0.520974,-0.598341,0.608748,472.843823,-431.799511,453.042906,3.597322,3.59676,3.594647,90.007876,89.954611,89.958317,124.282031,0.063222,0.059952,80.265343,0.992857,-138.597956,-354.607698,34.884153,-354.607698,931.38334,183.050026,34.884153,183.050026,460.91351,-310.714484,-47.704891,-67.779742,-47.704891,-19.40323,45.857773,-67.779742,45.857773,559.67208,438.993938,1.0,4.858994,0.916315,2.425205,0.0,139.0,771.7585147711416,1.7580163368250008,0.012369684883798478
48923.0,0.496246,0.867578,-0.032377,-0.287316,0.199305,0.936871,0.819261,-0.455616,0.348173,-53.975746,121.792176,253.337597,3.595482,3.594728,3.594937,89.962161,89.994641,90.040207,113.230169,0.063063,0.06404,74.439,0.89726,-274.050497,309.577494,25.873544,309.577494,203.402822,-220.345001,25.873544,-220.345001,328.193766,145.884288,173.434244,57.930916,173.434244,-42.271222,-142.355874,57.930916,-142.355874,381.855056,687.550016,1.0,3.176137,1.215174,2.078334,0.0,131.0,419.23664755608786,0.6097544001163805,0.012053627802630341
48964.0,-0.648452,-0.143016,-0.747701,0.708617,0.24549,-0.661511,0.27816,-0.958792,-0.057845,108.667543,-212.116626,436.731748,3.594628,3.596337,3.596091,90.020194,90.020415,90.024587,61.778617,0.059256,0.049515,95.474395,1.0,-44.201737,274.190721,-139.581181,274.190721,325.164259,-34.40072,-139.581181,-34.40072,507.852294,231.231878,7.476285,-94.339319,7.476285,372.717274,4.583685,-94.339319,4.583685,414.623011,340.486469,1.0,5.436702,1.628673,2.859229,0.0,144.0,185.56903555046568,0.5450114834092443,0.010474012430243733
50450.0,0.469765,-0.555762,-0.685893,0.802069,0.593277,0.068615,0.368791,-0.582366,0.72446,334.418039,22.643288,348.446401,3.594208,3.595966,3.595106,90.026474,89.958573,90.002649,52.800383,0.055731,0.048955,162.700471,1.0,-276.6245,-253.589818,77.360004,-253.589818,24.251808,-21.813174,77.360004,-21.813174,546.948315,223.275679,-11.122266,-58.845466,-11.122266,82.915633,17.333288,-58.845466,17.333288,496.854242,181.243475,1.0,4.612683,0.760545,2.577073,0.0,150.0,368.59310186237633,2.0336903265752126,0.00614626370688257
51294.0,-0.824716,0.429937,0.367419,-0.496604,-0.239675,-0.83423,-0.270605,-0.870465,0.411173,322.761054,-234.717904,279.059807,3.59462,3.594751,3.594971,90.041213,90.001778,89.964077,131.249765,0.076242,0.072746,85.24799,0.943662,-340.1904,114.059747,248.005516,114.059747,-45.385258,-96.253926,248.005516,-96.253926,419.094481,-223.736113,-93.913595,246.52641,-93.913595,54.607474,61.516586,246.52641,61.516586,577.837188,650.035602,1.0,0.414867,1.147056,3.442995,0.0,134.0,742.9109063919427,1.1428772579627764,0.011069609969689607
48936.0,-0.470438,-0.855718,0.215485,0.527225,-0.076745,0.846253,-0.707617,0.511719,0.48726,162.874747,335.952125,446.842154,3.595231,3.595985,3.595875,90.02368,89.978741,90.017358,107.478298,0.061499,0.056596,82.025495,0.965278,215.206727,209.632307,-135.757937,209.632307,470.725694,-128.657724,-135.757937,-128.657724,112.615351,21.248252,119.663372,-40.143294,119.663372,175.838894,103.776507,-40.143294,103.776507,242.668389,702.567697,1.0,2.892257,1.061847,5.338489,0.0,139.0,242.32403940806074,0.3449120140917335,0.011768024075929074
49786.0,0.20302,-0.039711,0.978369,-0.964966,0.161484,0.206793,-0.166203,-0.986076,-0.005535,435.940583,3.62127,216.347896,3.594546,3.595875,3.589742,90.011406,90.016522,90.003972,132.803467,0.063045,0.06529,76.851057,0.978873,-1381.617916,-160.080795,148.077354,-160.080795,-39.770603,-64.851959,148.077354,-64.851959,292.809772,-141.668001,-145.976402,-1.44918,-145.976402,-255.312053,-2.744865,-1.44918,-2.744865,642.690201,510.402576,1.0,1.779096,1.576332,3.308573,0.0,139.0,856.3057060156266,1.6777064738317986,0.01273727438778103
48943.0,-0.254962,-0.1872,-0.948657,0.349487,0.896918,-0.270919,0.901583,-0.400618,-0.163256,425.84203,313.986647,284.798526,3.597178,3.594304,3.590748,89.937907,89.995413,89.995023,103.277844,0.064276,0.057729,134.207659,1.0,-743.623676,-782.144849,-150.024239,-782.144849,-340.51324,204.811135,-150.024239,204.811135,529.711036,5.753788,-83.91169,-5.255952,-83.91169,60.292889,25.898684,-5.255952,25.898684,632.321506,644.920711,1.0,4.990566,1.734786,1.988941,0.0,146.0,605.9652074661835,0.9395964451608122,0.007451139580640476
48945.0,-0.668205,-0.325503,-0.668991,0.705728,0.007291,-0.708446,0.235479,-0.945513,0.224845,47.716078,-351.925823,264.002213,3.593216,3.596863,3.594013,90.000706,89.949872,90.035864,158.377426,0.074364,0.083106,72.151044,0.952703,34.784042,175.47087,-32.703697,175.47087,-753.19456,158.105956,-32.703697,158.105956,682.579003,301.654651,52.939338,296.989783,52.939338,-170.885842,119.295997,296.989783,119.295997,587.562367,902.95888,1.0,5.526422,1.344013,2.897509,0.0,141.0,720.4640812525151,0.7978924591256195,0.013204285720384032
51172.0,0.455508,0.585773,-0.67036,0.161456,0.68617,0.709297,0.875468,-0.431324,0.21798,321.08064,18.428194,334.839658,3.596519,3.593956,3.593324,89.954345,89.943016,90.030619,83.312595,0.06315,0.054369,115.286349,0.993151,-908.915621,116.005197,148.588191,116.005197,154.272562,195.599488,148.588191,195.599488,636.681567,108.838805,28.01717,143.822662,28.01717,123.190599,93.912075,143.822662,93.912075,623.218253,337.662032,1.0,3.898776,1.351052,2.02857,0.0,142.0,529.2702248880613,1.5674555464620947,0.008614645260385512
49185.0,0.627537,0.761368,0.162835,-0.672362,0.42448,0.606421,0.392589,-0.490036,0.778292,376.27208,-370.999104,491.162381,3.593954,3.595378,3.595824,90.012541,89.98084,90.047547,122.582154,0.075258,0.067895,77.760656,0.957746,-364.72691,268.615855,-42.190653,268.615855,87.964076,-93.873411,-42.190653,-93.873411,536.79321,48.024769,155.31515,-28.990165,155.31515,135.641455,-0.147733,-28.990165,-0.147733,592.56809,991.552561,1.0,2.879263,0.678855,2.466154,0.0,136.0,524.6098230355053,0.529079187195509,0.012316588481455198
49692.0,0.204019,-0.556178,0.805631,-0.560016,0.608687,0.562034,-0.802969,-0.565832,-0.187285,-180.552332,-237.413641,256.968022,3.594035,3.595362,3.595735,90.007201,90.007627,89.950925,120.583529,0.051723,0.05501,80.796914,0.958333,162.278367,287.028172,254.30006,287.028172,-203.105544,-200.412108,254.30006,-200.412108,294.138275,-247.326785,128.982644,360.07678,128.982644,-83.615164,-88.133126,360.07678,-88.133126,323.482319,852.417279,1.0,2.179931,1.759194,4.098532,0.0,138.0,612.1444990747946,0.7181277458299793,0.011861009939067722
48952.0,0.755732,0.119887,0.643814,-0.527164,0.694648,0.489451,-0.388546,-0.709289,0.588168,403.002254,119.562858,432.367555,3.592217,3.59615,3.592063,90.020937,90.094945,89.949412,135.886112,0.069193,0.065118,75.206317,0.819444,-1458.905347,164.097836,-455.987798,164.097836,-204.557192,-102.959662,-455.987798,-102.959662,607.391026,173.075874,140.245131,231.638733,140.245131,-77.313855,-37.600617,231.638733,-37.600617,440.902235,511.952629,1.0,2.220816,0.942005,3.642742,0.0,118.0,507.4851725227219,0.9912736916968189,0.010895946413650331
51191.0,0.612173,-0.649732,0.450659,0.244465,0.697526,0.673569,-0.751985,-0.30217,0.585843,154.416017,435.307548,265.776196,3.597504,3.592016,3.596836,90.048868,89.938525,90.064823,113.496199,0.068722,0.067511,114.960914,1.0,1081.839781,816.852601,-289.185909,816.852601,-474.930742,304.820375,-289.185909,304.820375,-14.213051,-74.352906,-11.520461,176.2484,-11.520461,204.899277,76.325974,176.2484,76.325974,228.565264,280.438365,1.0,2.551934,0.944877,4.330306,0.0,146.0,336.03131484579706,1.1982358934584327,0.008698608641890234
50074.0,0.005733,-0.562082,0.827062,-0.660406,0.618922,0.425205,-0.750887,-0.548634,-0.367654,198.642391,26.938877,261.118016,3.596168,3.596071,3.594692,90.002162,90.005694,89.990182,86.229867,0.061268,0.057662,89.095438,1.0,124.370692,-81.038246,188.099768,-81.038246,260.572102,77.031276,188.099768,77.031276,369.161597,273.843857,-132.436397,5.538822,-132.436397,243.597569,113.53346,5.538822,113.53346,408.238606,626.94294,1.0,2.045672,1.947281,4.081388,0.0,136.0,214.21174579090973,0.3416766217846073,0.011223919231420132
50159.0,-0.104976,0.330747,0.937863,-0.985146,-0.163455,-0.052625,0.135892,-0.929456,0.342993,501.423039,-346.239301,385.555029,3.59061,3.597024,3.595227,90.022102,90.044821,90.025711,188.116447,0.120693,0.103925,75.540951,0.807143,148.781416,301.103493,-56.683657,301.103493,-1214.002014,183.742098,-56.683657,183.742098,686.870798,158.690612,17.417185,109.926157,17.417185,-467.075042,465.709618,109.926157,465.709618,633.562919,873.257753,1.0,1.514744,1.220695,2.996415,0.0,113.0,1042.208984036195,1.1934723516118557,0.01068484033249727
51242.0,0.492695,0.573691,-0.654316,0.152187,0.683519,0.713891,0.856791,-0.45131,0.249458,-145.464648,-86.907264,554.760804,3.595394,3.595588,3.594618,89.972878,89.997492,90.013426,79.275917,0.059466,0.054389,99.62853,1.0,-150.830631,68.803579,83.965115,68.803579,308.508475,-137.295179,83.965115,-137.295179,226.183445,-26.44879,150.394245,-122.557843,150.394245,358.517205,-115.036398,-122.557843,-115.036398,356.418049,441.648107,1.0,3.883476,1.318676,2.05561,0.0,144.0,430.7543268385269,0.9753338008500213,0.010037285504463431
51057.0,0.35237,0.650946,-0.672387,0.143984,0.672207,0.726227,0.924719,-0.352713,0.14314,427.14445,-173.619221,578.301897,3.596185,3.595369,3.591022,90.027281,89.97025,90.014461,141.254821,0.07019,0.064963,67.195193,0.966216,-316.183964,596.669921,-96.932579,596.669921,-660.805676,50.386152,-96.932579,50.386152,519.234324,169.891844,182.360934,-103.890874,182.360934,-327.833892,19.17082,-103.890874,19.17082,773.619858,717.862464,1.0,3.888515,1.427163,1.93519,0.0,143.0,972.636443638668,1.3549063956054233,0.014379242872328678
50830.0,0.732446,-0.042145,-0.679519,0.680271,0.005051,0.732944,-0.027458,-0.999099,0.03237,-261.434669,364.757699,285.805344,3.595577,3.596314,3.594419,89.949023,89.928257,89.962726,168.287674,0.080489,0.08395,96.690205,0.986301,-534.052301,183.217318,106.491873,183.217318,689.261342,-554.095289,106.491873,-554.095289,424.578167,-64.178388,-53.568526,-88.174925,-53.568526,108.601313,163.009763,-88.174925,163.009763,310.98941,762.878456,1.0,3.889185,1.538421,3.169068,0.0,144.0,365.6429435637493,0.4792938386029731,0.010200629939713128
48968.0,-0.37281,-0.904898,0.205356,0.46348,0.010129,0.88605,-0.803865,0.425507,0.415626,-278.657187,210.828196,448.576224,3.595461,3.59235,3.594412,90.032084,90.056266,90.046539,132.650778,0.066459,0.064678,75.789854,0.916667,-615.809423,466.207118,314.949849,466.207118,-441.055627,-39.278928,314.949849,-39.278928,500.196521,158.489582,79.498396,187.046733,79.498396,-36.195013,20.916198,187.046733,20.916198,470.613664,642.34999,1.0,2.913847,1.142165,5.199222,0.0,132.0,476.86188415731505,0.7423708127672191,0.012094851112920734
49567.0,0.304206,0.846122,-0.437648,-0.677788,0.515076,0.524691,0.669375,0.137018,0.73018,466.881044,-55.621862,384.223824,3.595444,3.594957,3.594974,89.97782,89.923139,89.981068,130.615178,0.064759,0.061883,84.400574,0.867647,-163.45614,250.709657,186.690744,250.709657,-364.278323,-27.426999,186.690744,-27.426999,847.964337,-329.602428,-76.080224,-48.371235,-76.080224,-83.080318,-10.391862,-48.371235,-10.391862,738.179435,745.464693,1.0,3.836786,0.75221,1.36889,0.0,118.0,971.5330130908927,1.3032582524882808,0.010280107810641191
49184.0,0.672118,0.714438,0.194515,-0.734379,0.609645,0.298363,0.094576,-0.343383,0.934422,126.494354,178.523007,250.586809,3.59628,3.593661,3.59599,90.005768,89.969485,90.068011,106.951703,0.058054,0.057913,110.358547,1.0,-461.372963,-254.705364,402.913342,-254.705364,546.633595,-252.686223,402.913342,-252.686223,390.021331,126.910072,54.303176,-19.380962,54.303176,189.849281,38.243941,-19.380962,38.243941,278.713416,298.57601,1.0,2.563853,0.364165,2.872831,0.0,138.0,145.05691507274324,0.4858291028563991,0.009061373379625957
51200.0,0.535817,0.543857,-0.645848,0.195691,0.664099,0.721579,0.821343,-0.513022,0.249408,445.751724,481.214455,351.266671,3.591419,3.596092,3.596001,90.096322,89.993007,90.105517,209.834921,0.123993,0.105378,63.026785,0.875,3.852313,-503.903466,-1143.374236,-503.903466,-715.248995,-411.598085,-1143.374236,-411.598085,511.349964,-610.000815,-269.870872,174.45576,-269.870872,47.220414,-49.902123,174.45576,-49.902123,311.237347,844.002594,1.0,3.871665,1.318728,2.129117,0.0,126.0,868.6073388853052,1.029152451734414,0.013882986416013446
49291.0,-0.355721,-0.33055,-0.874185,0.764727,0.434765,-0.475576,0.537266,-0.837685,0.098125,91.936855,-419.881578,489.064009,3.595959,3.594459,3.595813,89.936491,89.942688,90.031305,100.230736,0.057566,0.053019,110.470783,0.992857,829.341168,-218.383582,-9.639365,-218.383582,-524.693179,419.334826,-9.639365,419.334826,253.400442,170.713762,13.701622,0.527947,13.701622,152.556315,101.944176,0.527947,101.944176,452.49565,540.5015,1.0,5.210631,1.472513,2.571308,0.0,139.0,304.60242305119766,0.5635551854179826,0.00898750758379254
50954.0,0.716614,-0.650323,0.252079,0.519947,0.739005,0.4284,-0.464886,-0.17593,0.867715,463.954744,333.985963,389.116106,3.595911,3.59499,3.595111,90.022767,90.064008,90.052145,130.913156,0.069681,0.065119,77.000143,0.963768,490.447838,-214.814105,-319.020198,-214.814105,-580.087488,-104.336115,-319.020198,-104.336115,586.928396,-136.731998,-102.673867,60.325888,-102.673867,-72.983244,-131.932426,60.325888,-131.932426,621.455497,728.505378,1.0,2.609731,0.520209,4.35061,0.0,133.0,744.4925444050948,1.0219451590721063,0.012516444287642427
48991.0,-0.608528,-0.579284,-0.542331,0.70135,-0.712339,-0.026081,-0.371215,-0.396235,0.83976,-13.000349,457.651099,518.273677,3.592799,3.592426,3.596197,90.068053,89.995585,89.968699,147.831735,0.074623,0.069145,73.330043,0.868421,-451.992283,-274.489807,-180.713166,-274.489807,-888.647898,318.145491,-180.713166,318.145491,561.539831,-312.898903,-33.6853,12.476677,-33.6853,36.225109,65.936456,12.476677,65.936456,425.942715,608.538444,1.0,4.760443,0.573955,3.894401,0.0,132.0,643.4715608993702,1.0574049466287625,0.011842635902995446
50303.0,-0.193718,-0.209456,0.958437,-0.936818,0.329555,-0.117328,-0.291283,-0.920609,-0.260063,-357.179282,-217.093591,324.067707,3.595889,3.595798,3.593608,89.993415,89.972981,90.004312,79.168829,0.059819,0.052824,94.958027,1.0,-377.968397,-118.765734,42.673028,-118.765734,378.703916,26.22071,42.673028,26.22071,298.324566,-82.558977,35.803795,-80.256601,35.803795,360.75562,-19.551422,-80.256601,-19.551422,366.87303,428.712189,1.0,1.448987,1.833883,3.448029,0.0,138.0,453.16239986260695,1.0570317604443173,0.01053096859310272
49240.0,0.551251,0.812149,-0.191146,-0.650147,0.561713,0.511652,0.522907,-0.157776,0.837661,-80.099562,143.192613,295.776211,3.596025,3.5964,3.595795,90.063082,89.98949,89.96564,113.074943,0.060923,0.060491,78.346765,0.986111,843.802294,-144.406476,-259.824563,-144.406476,-223.361812,-157.753997,-259.824563,-157.753997,491.621044,-170.757073,-66.954165,-189.61028,-66.954165,242.424829,-85.554892,-189.61028,-85.554892,397.037911,539.086507,1.0,3.499123,0.57781,1.863838,0.0,142.0,542.5161150500152,1.0063618881301646,0.012586492881997105
49244.0,0.547924,0.709729,0.442791,-0.649264,0.027038,0.760082,0.52748,-0.703956,0.475616,-182.056952,34.407114,400.167347,3.595447,3.595146,3.594928,90.059016,89.979697,90.010429,189.507672,0.114459,0.11039,69.53113,0.804054,-182.421043,-270.7953,86.914535,-270.7953,-79.661431,191.957848,86.914535,191.957848,623.602672,612.832059,241.031417,-254.94443,241.031417,154.154499,-129.31182,-254.94443,-129.31182,284.744439,767.997833,1.0,2.614098,1.075132,2.498534,0.0,119.0,521.9204214318354,0.6795857996019051,0.011563942654175187
49258.0,0.515364,0.811728,0.274767,-0.619226,0.131083,0.774194,0.592418,-0.569135,0.570198,316.875334,260.483182,522.73968,3.594864,3.598233,3.595125,89.942031,89.97249,89.996104,140.042934,0.073274,0.072174,86.483199,0.979167,979.317509,491.856622,-150.333867,491.856622,-38.905492,-183.250616,-150.333867,-183.250616,172.249825,105.348421,-4.145394,116.944955,-4.145394,84.007088,-17.19581,116.944955,-17.19581,527.496598,730.777672,1.0,2.800553,0.964049,2.336153,0.0,141.0,445.1578289371452,0.6091563084006556,0.011322048806265828
49005.0,0.219169,-0.258089,0.940933,-0.075967,0.956939,0.280174,-0.972725,-0.132886,0.190125,204.983888,233.479235,237.338924,3.595025,3.596555,3.596361,89.948394,89.990936,90.01472,100.862243,0.05322,0.053468,112.431536,1.0,265.085721,335.849828,-94.989772,335.849828,754.725615,126.59323,-94.989772,126.59323,14.992414,4.824253,146.192291,42.853582,146.192291,309.003511,40.921317,42.853582,40.921317,315.390161,430.902695,1.0,1.860198,1.379507,4.576618,0.0,142.0,336.4087899729497,0.7807070920569427,0.008894301684182275
49008.0,-0.403169,0.093741,-0.910312,0.526224,0.837577,-0.146809,0.748694,-0.538217,-0.387014,473.133903,205.684277,433.062266,3.595917,3.59751,3.595056,90.021282,90.001572,90.04174,79.572501,0.056561,0.048679,109.947405,1.0,182.060453,257.972058,-288.348664,257.972058,359.681337,-288.932361,-288.348664,-288.932361,643.92293,-117.640491,-92.669558,-88.231948,-92.669558,90.252834,-65.774796,-88.231948,-65.774796,676.883801,324.690569,1.0,4.872285,1.968188,2.194077,0.0,142.0,724.4558812398307,2.23121935284739,0.009095257864430724
49012.0,-0.248429,-0.159105,-0.955494,0.380596,0.891053,-0.24733,0.890747,-0.425101,-0.160808,355.541264,129.51168,287.960562,3.596787,3.596113,3.591179,90.003296,90.040701,89.997585,104.080872,0.072031,0.059932,87.196357,0.986486,-1035.431622,-217.245699,22.718834,-217.245699,418.895289,123.418526,22.718834,123.418526,576.99886,-424.085972,-62.438867,-105.759888,-62.438867,134.717217,29.766886,-105.759888,29.766886,580.147601,674.173374,1.0,4.96568,1.732306,2.016072,0.0,146.0,878.3817650809737,1.3029018928311662,0.011313385489258455
51027.0,-0.357216,-0.637926,0.682237,-0.412604,0.763072,0.497473,-0.837947,-0.103788,-0.535792,-95.681449,36.31865,541.63451,3.594798,3.594903,3.5952,89.99614,90.024196,89.982685,66.36917,0.051221,0.043922,104.186283,1.0,222.494539,126.156515,136.777558,126.156515,77.835948,-96.529669,136.777558,-96.529669,-111.169318,190.056132,84.34259,15.743083,84.34259,180.721886,-3.251609,15.743083,-3.251609,261.339427,358.573369,1.0,2.200838,2.136242,4.589156,0.0,140.0,106.59680900089137,0.2972803287041971,0.009598192499102785
50596.0,-0.316941,-0.54126,0.778836,-0.728543,0.664713,0.165475,-0.607268,-0.51497,-0.605006,234.371575,-66.849071,252.45187,3.596386,3.593892,3.592283,89.982835,89.999042,89.998723,130.807641,0.057848,0.058861,70.542787,0.978873,-564.282845,163.478846,336.596531,163.478846,140.284744,281.311033,336.596531,281.311033,-37.429031,-249.444178,23.089544,71.540098,23.089544,225.105134,315.737007,71.540098,315.737007,375.012361,666.964208,1.0,1.780147,2.22057,4.009051,0.0,139.0,630.7244448672909,0.9456646058393751,0.013876301768457205
49457.0,0.442427,-0.211591,0.871486,-0.800728,0.344402,0.490124,-0.403847,-0.914667,-0.017054,38.729029,-28.321746,424.39110900000003,3.594113,3.59535,3.596066,90.012289,89.99598,89.958205,130.187026,0.057377,0.057051,67.068367,0.935714,251.865316,286.446299,14.615671,286.446299,-268.109479,145.66471,14.615671,145.66471,380.026601,300.965246,100.958216,-32.29842,100.958216,-48.90741,27.308743,-32.29842,27.308743,289.401926,813.036407,1.0,2.08311,1.587851,3.557375,0.0,131.0,357.05046404229495,0.4391567966307503,0.013951644297527032
50961.0,-0.592775,0.611591,0.523998,-0.662386,-0.740323,0.114749,0.458107,-0.279069,0.843954,445.968053,338.950738,282.835566,3.59106,3.594984,3.595682,90.017598,89.90489,89.977606,119.33625,0.063685,0.061509,102.211513,1.0,-1018.178063,-706.385038,197.229063,-706.385038,-317.399673,1.32421,197.229063,1.32421,640.231227,-14.776536,-22.935994,81.100532,-22.935994,80.861063,-95.474859,81.100532,-95.474859,567.633257,553.564011,1.0,1.786381,0.566184,2.117936,0.0,148.0,552.0974068926346,0.9973506151443695,0.009783633669526054
50676.0,0.590363,-0.557675,-0.583498,0.692196,-0.022008,0.721374,-0.415134,-0.829768,0.373028,510.364206,-267.222382,378.266197,3.596512,3.594998,3.592372,90.043415,90.024311,90.018766,90.757527,0.068249,0.056219,115.538127,1.0,-22.661262,687.889703,-104.631902,687.889703,-301.665818,13.789543,-104.631902,13.789543,229.85764,-29.920697,16.689907,56.710751,16.689907,-39.76421,-61.122971,56.710751,-61.122971,583.876278,220.074077,1.0,3.821719,1.188526,3.605481,0.0,150.0,623.1440841924077,2.8315196986713147,0.008655151558757743
49030.0,-0.038225,0.090501,-0.995162,0.176478,0.980848,0.082421,0.983562,-0.172474,-0.053464,212.502702,83.371007,491.932902,3.59614,3.59648,3.594371,90.031359,89.987333,89.982166,107.286995,0.06229,0.060969,99.669073,1.0,-40.545918,290.839941,-166.456097,290.839941,489.894192,157.873133,-166.456097,157.873133,321.335279,-23.903692,123.433471,38.395023,123.433471,168.020894,126.177082,38.395023,126.177082,572.180785,661.778425,1.0,4.629756,1.624286,1.744388,0.0,144.0,549.7467377298552,0.8307111821148525,0.010033202576289639
50542.0,-0.264251,-0.534024,0.803113,-0.697541,0.680884,0.223234,-0.666039,-0.501214,-0.552428,-37.175279,31.02125,475.039688,3.594967,3.595727,3.595042,90.009852,90.013852,90.004809,79.430542,0.055696,0.055366,107.723276,1.0,250.144348,-43.144047,83.044872,-43.144047,213.518403,-57.062815,83.044872,-57.062815,-42.030312,-255.571781,-127.077665,59.459373,-127.077665,141.081923,-72.233807,59.459373,-72.233807,346.758785,380.559133,1.0,1.841913,2.15607,4.06727,0.0,134.0,547.6276346554495,1.439007994206907,0.0092830448268209
51095.0,-0.634097,0.746564,0.201404,-0.569619,-0.62713,0.531264,0.522929,0.22215,0.822918,-77.171825,57.771001,282.76768500000003,3.596028,3.59433,3.596235,89.979009,89.980577,89.994703,105.027957,0.063319,0.058598,76.802595,0.992647,65.364683,198.921805,-7.139643,198.921805,-2.957356,-35.28454,-7.139643,-35.28454,597.517875,-203.644169,44.673031,-9.407961,44.673031,203.33066,-54.98589,-9.407961,-54.98589,468.507196,541.783922,1.0,2.77923,0.604268,1.16908,0.0,135.0,589.6592322892506,1.088366059503055,0.012924654433876876
49333.0,0.440285,0.309031,0.843,-0.592967,0.805095,0.014561,-0.674195,-0.506283,0.537716,-340.953199,-231.685051,334.675483,3.59567,3.594542,3.596147,90.010175,89.996032,89.974742,57.008322,0.053464,0.047715,122.322695,0.992958,362.389102,-116.40248,25.765959,-116.40248,-157.825629,26.227699,25.765959,26.227699,390.340536,384.06441,-15.713648,-130.389827,-15.713648,386.391194,28.79295,-130.389827,28.79295,252.559849,309.529138,1.0,1.588068,1.00307,4.068284,0.0,141.0,176.53028341404328,0.5703187898712246,0.008117528803628796
51210.0,0.687337,0.423282,-0.590254,0.278156,0.597298,0.75224,0.670967,-0.681225,0.292807,-255.661835,209.28252,425.301466,3.595152,3.59653,3.59342,89.993875,89.946059,90.017464,102.991417,0.056157,0.05338,82.662015,0.985915,-482.286768,394.441272,-63.03161,394.441272,173.106469,-36.498064,-63.03161,-36.498064,553.939749,166.359069,160.485778,-97.262751,160.485778,140.203273,-59.805805,-97.262751,-59.805805,520.897064,513.597004,1.0,3.806911,1.273635,2.363781,0.0,140.0,405.89270198233567,0.7902941388309495,0.011927062266749729
50783.0,0.657415,-0.462422,-0.594955,0.652622,-0.04528,0.75633,-0.376683,-0.885503,0.272019,-237.488153,12.219651,280.957328,3.593978,3.594103,3.594983,89.99625,90.002303,89.980517,136.627176,0.071673,0.068376,75.983699,0.895833,-175.224419,-194.124134,-95.324512,-194.124134,-84.136882,-56.612556,-95.324512,-56.612556,-62.262326,289.882057,-22.746846,-39.96874,-22.746846,23.011579,11.589549,-39.96874,11.589549,29.325855,752.152984,1.0,3.808131,1.295306,3.543792,0.0,129.0,266.94860155960316,0.3549126404311429,0.011789805073848799
49282.0,0.562646,0.774876,0.288091,-0.720457,0.2887,0.630551,0.405427,-0.562334,0.720701,55.24773,429.582129,430.818531,3.596902,3.593121,3.595989,89.992771,90.001631,90.01544,94.088015,0.079337,0.06447,99.077811,0.992958,-145.147583,-194.144651,423.419911,-194.144651,504.777734,-20.615246,423.419911,-20.615246,138.943673,-71.429335,108.763477,122.429047,108.763477,275.682222,-65.428633,122.429047,-65.428633,278.61338,426.277791,1.0,2.713025,0.765984,2.51693,0.0,141.0,380.5744567471759,0.892785091745903,0.010022001798162457
49873.0,0.10208,0.796982,-0.595315,-0.251204,0.599698,0.759776,0.962536,0.071987,0.261422,-93.935915,-433.247901,445.748068,3.595971,3.592452,3.595353,89.975369,89.987673,89.970185,110.506043,0.076001,0.071429,85.132489,0.993056,-514.850766,-348.516699,148.865733,-348.516699,-32.566665,186.189692,148.865733,186.189692,423.845895,-37.692532,-46.173879,55.230182,-46.173879,29.339295,-15.056438,55.230182,-15.056438,498.159064,475.229705,1.0,3.806216,1.306301,1.496146,0.0,143.0,509.6743171959324,1.0724799225164858,0.011664829863015046
49407.0,0.339494,0.859012,0.383201,-0.494175,-0.183752,0.849722,0.800335,-0.477843,0.362119,176.296859,177.742221,249.006814,3.596175,3.596519,3.59721,89.976698,90.030157,90.055729,89.87419,0.067699,0.056772,136.339323,1.0,293.655444,423.697124,-342.022565,423.697124,679.417961,-174.151079,-342.022565,-174.151079,607.401916,231.138796,56.928734,-34.11086,56.928734,308.127823,-5.92589,-34.11086,-5.92589,209.895569,323.607979,1.0,2.71793,1.200256,2.109047,0.0,142.0,106.50700034108662,0.329123529865395,0.007334641085169537
50499.0,-0.306426,0.874487,-0.375998,-0.840546,-0.063194,0.538042,0.44675,0.480914,0.754411,417.920042,456.155187,569.787463,3.598078,3.593365,3.597962,89.972535,90.040559,90.002525,157.385486,0.080537,0.074945,71.030652,0.92,-306.200717,159.504413,-291.400864,159.504413,1215.665072,226.289611,-291.400864,226.289611,532.491649,311.164019,-316.63085,-13.028642,-316.63085,-39.671811,-32.037978,-13.028642,-32.037978,439.287423,661.921266,1.0,3.751531,0.71604,0.748587,0.0,138.0,510.43130937268415,0.7711359879056736,0.012952154796495462
51107.0,0.599618,0.523106,-0.605655,0.295458,0.558632,0.775006,0.743749,-0.643654,0.18041,423.325488,7.428519,488.428681,3.595889,3.5949,3.595149,89.983961,90.013091,90.062518,96.887158,0.058343,0.053049,92.090557,1.0,-179.44208,-274.30889,220.151753,-274.30889,-1.257839,-180.543847,220.151753,-180.543847,657.898872,-67.66417,80.85305,152.06934,80.85305,218.128833,-5.775271,152.06934,-5.775271,546.184968,650.009489,1.0,3.804941,1.389393,2.284174,0.0,140.0,552.5634411198554,0.8500851917868777,0.010858876659851238
49311.0,0.497886,0.853924,-0.151403,-0.662848,0.487275,0.568504,0.559234,-0.182693,0.808629,316.590796,397.675015,250.588258,3.592518,3.59136,3.595686,90.04816,89.990092,89.90777,167.078013,0.094422,0.086593,68.500896,0.941176,-53.819035,-609.507386,-21.023343,-609.507386,-1227.842298,610.227921,-21.023343,610.227921,-15.240122,-421.6576,-234.461109,-72.812112,-234.461109,81.236875,227.899218,-72.812112,227.899218,306.866974,604.151493,1.0,3.401869,0.628979,1.886551,0.0,128.0,708.1233482807886,1.172095668860308,0.01373961590225039
51145.0,-0.784011,0.600354,0.157805,-0.618192,-0.778175,-0.110823,0.056266,-0.18444,0.981232,-120.102453,-221.817872,583.127239,3.594016,3.594407,3.597287,89.988424,89.973304,89.970811,119.141952,0.092456,0.0806,74.317981,0.930556,-417.787308,-27.562808,53.733024,-27.562808,169.928499,-283.261366,53.733024,-283.261366,662.346484,78.89093,-18.586745,-149.192252,-18.586745,50.476349,-122.345682,-149.192252,-122.345682,443.173593,627.164871,1.0,0.958541,0.194048,2.845495,0.0,134.0,414.77630356424055,0.6613513012979972,0.012521276647706563
49061.0,0.206805,0.945264,-0.252403,-0.080052,0.273463,0.958546,0.975102,-0.178027,0.132224,-240.358166,-15.916693,499.142372,3.596361,3.591955,3.595234,89.987999,90.008793,90.02043,96.91138,0.057034,0.053688,85.078621,1.0,-775.782484,-166.750211,93.441038,-166.750211,145.790465,-115.164269,93.441038,-115.164269,443.750182,-140.744188,-92.212812,110.009754,-92.212812,-18.057833,-23.297486,110.009754,-23.297486,639.772908,477.34382,1.0,3.399067,1.438184,1.75138,0.0,146.0,737.8083575512954,1.5456539430033795,0.01175383413889607
49064.0,-0.41817,0.273046,-0.86636,0.588609,0.80788,-0.029491,0.691863,-0.52228,-0.498548,-131.982108,-316.297664,528.847582,3.595984,3.595799,3.595576,89.903973,90.016971,89.985241,76.546802,0.05764,0.051805,115.476176,1.0,-276.473247,-557.174171,334.218882,-557.174171,399.36097,-225.050342,334.218882,-225.050342,748.840648,309.47285,-125.260692,107.994851,-125.260692,206.348036,-116.316643,107.994851,-116.316643,603.307539,295.837356,1.0,4.746416,2.092719,2.217419,0.0,146.0,397.4131566183354,1.3433501502032603,0.008659794900032021
49390.0,0.367663,0.356588,0.858877,-0.536646,0.835627,-0.117211,-0.759496,-0.417819,0.498591,-350.567437,-369.947487,498.332353,3.595865,3.595379,3.59638,89.973892,90.002576,90.013211,52.777793,0.055921,0.046038,142.802178,1.0,496.632083,97.294489,99.772009,97.294489,276.456971,196.241433,99.772009,196.241433,173.857377,134.441839,-23.505694,-11.314549,-23.505694,284.946084,44.197242,-11.314549,44.197242,310.890504,200.034926,1.0,1.435164,1.048824,4.209449,0.0,150.0,170.89422368425895,0.854321928182976,0.007002694314648338
49308.0,0.532535,0.710728,0.459643,-0.714056,0.085669,0.694828,0.454457,-0.698231,0.553121,276.42016,203.328874,383.635461,3.595259,3.596668,3.595078,90.008156,89.994559,89.965756,115.070117,0.062035,0.058569,86.470828,0.908451,534.572885,-166.260984,-203.13799,-166.260984,30.659764,145.259172,-203.13799,145.259172,209.137856,52.386842,35.923465,-320.696225,35.923465,-86.495282,97.832828,-320.696225,97.832828,415.212379,608.136278,1.0,2.557161,0.98469,2.564607,0.0,129.0,535.3517214057421,0.8803153845160708,0.010505866787814268
49304.0,0.552999,0.814123,-0.177187,-0.739795,0.577611,0.345064,0.383269,-0.059738,0.921703,240.87989,-240.106525,207.816172,3.596531,3.595733,3.596487,90.017185,90.04171,89.972439,140.514851,0.066322,0.068149,65.048681,0.922535,681.793138,-315.527966,-195.227987,-315.527966,343.049704,191.149516,-195.227987,191.149516,235.197215,377.013195,-109.063588,-99.093603,-109.063588,74.916634,57.539678,-99.093603,57.539678,251.383711,638.321901,1.0,3.615975,0.398349,1.725416,0.0,131.0,296.41488076175045,0.4643658321880929,0.01418222454041766
49713.0,0.254669,0.920807,0.295394,-0.931889,0.315282,-0.179388,-0.258314,-0.22959,0.938383,464.236087,71.531714,567.28644,3.593693,3.596271,3.595835,90.023524,90.030694,89.980575,118.089769,0.080529,0.070539,68.012871,0.84507,296.097953,145.632435,-243.663042,145.632435,-366.753499,22.722119,-243.663042,22.722119,509.667996,-28.498285,-22.838601,13.138361,-22.838601,-75.935119,-111.050931,13.138361,-111.050931,720.584005,581.648771,1.0,1.025038,0.352876,3.985796,0.0,120.0,780.1785169310197,1.3413223853111513,0.012425148175262296
50680.0,-0.41514,0.790567,-0.45018,-0.772031,-0.044362,0.634035,0.481276,0.610766,0.628759,265.352116,439.726205,524.258932,3.597321,3.597039,3.592689,89.980041,89.99745,90.018515,162.576345,0.069292,0.07335,80.607144,0.810811,398.22546,558.931692,334.402474,558.931692,157.131904,-373.192601,334.402474,-373.192601,231.595836,-90.616153,28.431451,134.22167,28.431451,-134.670902,101.638558,134.22167,101.638558,428.56543,810.342853,1.0,3.759014,0.89084,0.667373,0.0,120.0,562.341890483211,0.6939555132760714,0.010058798262347565
49364.0,0.417794,-0.134681,0.898504,-0.602268,0.699385,0.384882,-0.680236,-0.701942,0.211084,-27.532067,160.272141,534.279978,3.596453,3.596895,3.593618,90.009809,89.971207,90.01825,116.855913,0.053457,0.058669,100.162941,1.0,69.299939,-488.752781,-180.776742,-488.752781,391.312015,-203.461912,-180.776742,-203.461912,302.946065,-216.370931,77.227596,-105.703088,77.227596,321.007283,-55.592911,-105.703088,-55.592911,568.498044,684.805902,1.0,1.975508,1.358112,3.911288,0.0,140.0,705.8286101472981,1.0306987835325319,0.009983732406579396
50689.0,0.600136,-0.533388,-0.596099,0.685107,0.727405,0.038866,0.412875,-0.431716,0.80197,358.768521,-123.00347,274.176111,3.593334,3.598076,3.597542,89.955041,89.879586,89.977432,147.954782,0.077508,0.075834,131.999371,1.0,-228.100069,-1108.725929,-170.430635,-1108.725929,580.870122,439.055296,-170.430635,439.055296,961.016088,233.85722,-52.221049,-87.968388,-52.221049,46.067782,10.816007,-87.968388,10.816007,561.584124,241.839399,1.0,4.647281,0.640211,2.378499,0.0,148.0,460.5977569305709,1.9045604596899073,0.0075757936755622875
50108.0,0.245429,-0.253834,-0.935592,0.897884,0.42337,0.120674,0.365471,-0.86967,0.33182,417.416386,454.431846,564.081587,3.597413,3.596082,3.594203,90.052012,89.931151,89.997904,111.174869,0.064588,0.057967,87.806111,0.992857,-556.206279,-155.367194,-298.269008,-155.367194,761.75327,278.207479,-298.269008,278.207479,760.671951,157.418097,-117.183178,-219.632557,-117.183178,-143.241426,-77.531597,-219.632557,-77.531597,621.639516,520.724532,1.0,4.584116,1.232564,2.74376,0.0,139.0,704.596618220181,1.353108169330845,0.011307379277963922
50667.0,-0.285757,0.791562,-0.540159,-0.594159,0.2959,0.747943,0.751876,0.53467,0.385758,-105.465223,-49.327383,477.53021,3.595237,3.594844,3.593241,89.975918,89.97603,90.002985,123.069865,0.06272,0.061139,62.889416,0.895833,-195.703947,326.439851,-46.724621,326.439851,-265.751642,2.739282,-46.724621,2.739282,211.265086,-447.051422,380.010342,-66.098112,380.010342,-150.213096,32.966679,-66.098112,32.966679,398.078004,665.016894,1.0,3.767058,1.174767,0.95265,0.0,129.0,814.7930112472117,1.2252215223380651,0.014244574953597915
49093.0,-0.555931,-0.282503,-0.78175,0.768139,0.1848,-0.613034,0.317652,-0.941298,0.114265,264.93318,-112.582224,308.38028199999997,3.596103,3.59503,3.594646,90.010868,89.968931,90.025349,127.281451,0.059087,0.061971,70.95537,0.923611,231.985983,-180.955278,-290.399423,-180.955278,-80.204532,141.515255,-290.399423,141.515255,281.715008,-8.628455,-58.995255,-73.189057,-58.995255,-94.279093,89.920899,-73.189057,89.920899,317.39488,657.417981,1.0,5.37741,1.456281,2.816132,0.0,133.0,392.7384474309733,0.5973953539171196,0.013016787876661062
50610.0,0.547647,-0.485664,-0.681332,0.71769,0.691263,0.084128,0.430122,-0.535058,0.727124,-215.395437,0.523682,288.741734,3.595118,3.596295,3.596246,89.972862,90.045679,90.037053,131.180067,0.068274,0.068799,91.812351,0.993056,954.148527,-82.481709,52.49366,-82.481709,-77.686578,-188.079142,52.49366,-188.079142,79.765747,42.988898,-101.727844,67.539765,-101.727844,49.4926,19.696425,67.539765,19.696425,499.662144,597.895058,1.0,4.589535,0.756674,2.464491,0.0,143.0,465.9359156501222,0.7792938065230207,0.010816148254388999
49102.0,-0.391377,-0.245327,-0.886927,0.593726,0.669051,-0.447057,0.703074,-0.701559,-0.116194,-108.274316,-419.929547,512.157641,3.595669,3.593208,3.590901,89.918064,90.050177,90.018711,234.995312,0.107788,0.110231,66.050578,0.804348,-850.589169,-538.666783,447.148211,-538.666783,-638.055864,580.402783,447.148211,580.402783,251.380059,-194.478314,-349.081761,163.667445,-349.081761,-253.16231,-199.456766,163.667445,-199.456766,427.644945,1098.601561,1.0,5.179273,1.687253,2.355116,0.0,111.0,753.8639944029181,0.6862032798467125,0.012177758686684012
49922.0,0.089256,0.905652,-0.41452,-0.702643,0.352223,0.618248,0.705922,0.236078,0.667789,-61.640937,51.331211,559.246625,3.594774,3.595286,3.594846,90.001344,90.024531,89.98889,74.229817,0.051946,0.046646,100.220697,1.0,169.947044,-97.37408,132.845374,-97.37408,167.556019,30.749247,132.845374,30.749247,-147.011275,-54.145563,-12.016738,-82.778807,-12.016738,117.367774,-32.882012,-82.778807,-32.882012,379.587534,326.147553,1.0,3.732228,0.839562,1.248064,0.0,142.0,386.2753979527124,1.1843577987927212,0.009977978899907272
49348.0,0.540937,0.563325,0.624542,-0.806657,0.13727,0.574858,0.238101,-0.814753,0.528664,468.373436,-290.692329,222.576468,3.593558,3.59793,3.596045,89.949102,89.94085,89.938163,153.029701,0.085227,0.072814,64.018267,0.842466,1316.517193,220.513163,-364.542842,220.513163,-605.7324,120.930979,-364.542842,120.930979,209.403208,-1.413561,104.893629,100.187041,104.893629,-562.271547,-38.489439,100.187041,-38.489439,456.161642,781.329335,1.0,2.314794,1.01377,2.857273,0.0,123.0,893.007625267743,1.1429336967973218,0.0131597751622986
49138.0,-0.49037,-0.498925,-0.714571,0.752738,-0.655694,-0.058746,-0.43923,-0.566692,0.697092,-432.899019,307.379745,383.305303,3.595737,3.594242,3.592858,90.056878,90.018096,90.068538,147.971299,0.079525,0.078802,62.609055,0.873333,-992.829308,-303.881833,-40.282664,-303.881833,661.639935,84.627857,-40.282664,84.627857,-54.777253,-347.284577,215.392939,21.009299,215.392939,55.858942,250.998434,21.009299,250.998434,-106.994505,661.090247,1.0,4.794416,0.799462,3.800951,0.0,131.0,453.6181460447888,0.6861667497036736,0.013948988688617006
49481.0,0.320726,0.938772,-0.125862,-0.546531,0.291951,0.7849,0.773588,-0.182951,0.606705,3.983824,278.127392,424.213904,3.593597,3.596581,3.594681,90.010449,89.931293,89.974143,208.213766,0.078894,0.101392,70.79667,0.929577,527.216933,231.444819,-10.916499,231.444819,-689.873368,335.257812,-10.916499,335.257812,339.227832,101.430952,194.529696,-112.955651,194.529696,-151.427386,120.575699,-112.955651,120.575699,390.520631,966.519535,1.0,3.300593,0.918888,1.803026,0.0,132.0,519.0986207324745,0.5370803195741661,0.01313023621026243
50423.0,0.190255,-0.5519,0.811917,0.198713,0.831553,0.518684,-0.961414,0.062656,0.267876,337.439861,-361.957913,400.262969,3.597434,3.595698,3.592841,89.934655,89.95286,89.985384,145.068881,0.090085,0.077555,88.710729,0.993151,-650.772419,18.873448,-547.768782,18.873448,690.313066,-340.505324,-547.768782,-340.505324,447.256766,-196.563883,31.269168,56.738764,31.269168,182.87701,-96.679804,56.738764,-96.679804,662.589547,830.605657,1.0,2.139285,1.299608,4.777468,0.0,145.0,752.515838630685,0.905984485283472,0.011195387651475618
49995.0,0.024415,0.242335,0.969885,-0.987238,-0.146874,0.061549,0.157366,-0.959011,0.235656,360.140016,367.557127,470.288959,3.594459,3.597076,3.596291,89.996432,89.990451,90.006924,95.232429,0.063736,0.063915,82.404914,1.0,461.757266,-64.451106,-67.598674,-64.451106,-88.871829,32.62624,-67.598674,32.62624,629.888656,-122.651165,-84.819961,-39.206684,-84.819961,232.768844,58.705361,-39.206684,58.705361,550.986804,512.808888,1.0,1.634172,1.332902,2.97895,0.0,136.0,591.4562663626336,1.1533658643658953,0.01213519863633375
49736.0,0.183103,-0.412879,0.892191,-0.607568,0.665946,0.43287,-0.772874,-0.621327,-0.128915,292.044694,466.03416,248.848576,3.596679,3.597152,3.593903,89.953568,90.019649,90.018989,67.722428,0.056508,0.047224,125.897734,1.0,-382.603685,-148.183875,7.598169,-148.183875,910.946234,-88.342028,7.598169,-88.342028,448.867132,-38.878207,-149.382107,59.564175,-149.382107,123.631051,99.677899,59.564175,99.677899,460.054349,135.278345,1.0,2.022515,1.700072,4.035264,0.0,140.0,470.22413399673934,3.4759749167299416,0.007942954715928405
49154.0,-0.496008,0.13129,-0.858335,0.772415,0.518293,-0.36708,0.396675,-0.845065,-0.358488,382.600546,-107.234733,422.381458,3.595597,3.595308,3.593668,90.03988,90.022314,90.047444,206.263022,0.087281,0.096065,63.93143,0.823944,-191.971456,155.323832,-555.747405,155.323832,55.369897,188.824675,-555.747405,188.824675,233.952927,180.502623,-15.317745,226.536875,-15.317745,-310.344817,49.450409,226.536875,49.450409,436.215401,847.430906,1.0,5.116514,1.937444,2.702722,0.0,117.0,687.2666117609,0.8110001734594513,0.012887933212193127
50521.0,0.34903,0.772192,-0.530941,0.459488,0.35277,0.815122,0.816731,-0.528463,-0.231686,87.126569,14.256509,328.95207600000003,3.595756,3.594803,3.595391,89.988792,90.021574,89.992316,99.428897,0.065312,0.059686,98.627115,1.0,121.627243,39.353305,232.528115,39.353305,119.11007,-83.805479,232.528115,-83.805479,240.378143,165.689101,63.157295,-56.923643,63.157295,69.535713,-35.427407,-56.923643,-35.427407,390.417615,510.763373,1.0,3.718926,1.804606,2.145092,0.0,144.0,296.17557577891404,0.5798684702846029,0.010139199549738426
49367.0,0.517535,0.626183,0.58314,-0.798806,0.109293,0.591578,0.306704,-0.771978,0.556762,439.342585,-255.103238,316.213247,3.59016,3.592599,3.595844,90.062835,90.002868,90.156551,149.127797,0.080295,0.067973,125.468095,1.0,-1771.3076,964.802135,512.092908,964.802135,-524.087054,-199.120348,512.092908,-199.120348,728.334059,110.918934,38.020794,-111.361873,38.020794,33.701923,-66.888477,-111.361873,-66.888477,687.160858,193.333202,1.0,2.363378,0.980314,2.763419,0.0,148.0,629.486884426152,3.2559688553968704,0.007970153687278029
51045.0,-0.644421,0.573795,0.505451,-0.621248,-0.007467,-0.783579,-0.445839,-0.818965,0.361281,481.206836,-79.398304,294.116716,3.593921,3.59407,3.594249,90.08568,89.968366,89.922201,132.792892,0.074827,0.064268,87.363112,0.951389,-1307.335065,116.066624,210.192336,116.066624,94.125299,-121.288165,210.192336,-121.288165,660.347348,0.987023,131.438481,8.826334,131.438481,161.162554,-27.766453,8.826334,-27.766453,557.983121,542.95248,1.0,0.572891,1.201155,3.640121,0.0,137.0,510.1739153808538,0.9396290360085542,0.010890053916577514
49369.0,0.532777,0.374756,0.758753,-0.833159,0.075154,0.547904,0.148307,-0.924072,0.352272,255.064737,-140.404035,335.940347,3.594548,3.594922,3.59367,90.037349,90.036165,89.993431,124.584115,0.063497,0.058303,71.06116,0.90411,-597.224511,-92.24034,-35.438338,-92.24034,127.837344,213.653572,-35.438338,213.653572,168.490026,-292.382864,-244.952133,-69.762744,-244.952133,-55.376713,18.915218,-69.762744,18.915218,221.54606,618.979604,1.0,2.196208,1.210799,2.982457,0.0,132.0,497.40342621312544,0.8035861327235678,0.01272298397605668
49720.0,0.152369,0.895699,-0.41774,-0.351412,0.444154,0.824158,0.923739,0.021222,0.382434,488.774229,174.908878,517.679454,3.598665,3.5948,3.592876,89.992347,90.043613,89.977515,138.253177,0.061728,0.066876,84.505209,0.92029,0.4026,11.353082,547.132765,11.353082,-5.949004,-664.856975,547.132765,-664.856975,595.169433,-311.854653,196.381561,18.875035,196.381561,13.059747,-260.032018,18.875035,-260.032018,832.94105,632.365584,1.0,3.61072,1.178367,1.547826,0.0,127.0,1060.2216447969506,1.6765960571265854,0.010890334582806607
49416.0,0.465332,0.866036,-0.182884,-0.770526,0.498023,0.397822,0.435609,-0.044202,0.89905,-270.77746,334.608265,424.177446,3.59652,3.592953,3.596143,90.018582,90.015167,90.050183,129.304334,0.071844,0.067733,65.913607,0.957143,-531.888392,-313.57435,-273.474515,-313.57435,585.514467,-126.520846,-273.474515,-126.520846,334.319253,181.896777,-29.186945,-94.709793,-29.186945,-87.703218,-162.283789,-94.709793,-162.283789,583.928849,686.99985,1.0,3.572496,0.453201,1.671922,0.0,134.0,608.1284214187018,0.8851944020347338,0.014521174664284417
51240.0,-0.789672,0.525679,0.316353,-0.533204,-0.843088,0.069978,0.3035,-0.113421,0.946057,455.806501,350.330669,513.524501,3.597483,3.594029,3.597036,89.992612,90.010842,89.991327,110.712425,0.052067,0.064741,102.567602,1.0,490.908393,458.720345,130.343501,458.720345,146.969806,-121.096968,130.343501,-121.096968,565.972294,70.960637,58.274038,206.246678,58.274038,28.252855,-99.696444,206.246678,-99.696444,639.162724,821.913776,1.0,1.788493,0.329955,1.928437,0.0,144.0,625.1791100603776,0.7606383154969502,0.009749667346224981
49177.0,-0.511067,-0.359927,-0.780553,0.828724,0.034648,-0.558584,0.228095,-0.932337,0.280573,-68.650291,-123.449123,367.698056,3.595479,3.59638,3.595198,89.998437,89.996468,89.98194,72.321619,0.064679,0.057894,113.227457,0.992958,280.666101,-95.777572,162.01761,-95.777572,161.453226,-105.921216,162.01761,-105.921216,346.996086,309.329749,24.215534,133.94856,24.215534,135.677173,-49.725868,133.94856,-49.725868,552.2263,425.817691,1.0,5.333526,1.286406,2.901657,0.0,141.0,383.5159924863576,0.9006577241675889,0.008769586691326998
50219.0,-0.109291,-0.511465,0.852325,-0.833687,0.514118,0.201613,-0.541314,-0.688539,-0.482591,324.278666,-386.92529,406.222871,3.594356,3.593416,3.596375,89.99791,89.970706,89.921489,85.865572,0.061982,0.051923,118.286601,1.0,245.913103,237.663781,-192.640859,237.663781,-823.190856,307.94361,-192.640859,307.94361,556.064556,-74.640096,-9.785459,82.814534,-9.785459,87.773153,62.773067,82.814534,62.773067,604.881094,249.432978,1.0,1.803071,2.074406,3.807849,0.0,142.0,621.236438097488,2.490594640206268,0.008454042905502035
49403.0,0.514408,0.618963,0.593523,-0.848353,0.468382,0.246812,-0.125228,-0.630478,0.766038,-117.044258,269.028987,285.452455,3.594391,3.595183,3.596085,89.992586,89.934941,89.889477,128.91197,0.075749,0.072013,132.770051,1.0,1161.037814,-325.917586,-71.099737,-325.917586,-1010.86152,109.663213,-71.099737,109.663213,247.941847,51.334092,44.757714,67.518332,44.757714,139.975247,-42.196111,67.518332,-42.196111,387.68539,274.302169,1.0,1.964885,0.698141,3.337665,0.0,146.0,312.1405931821731,1.1379443127267912,0.007531819054584833
49194.0,-0.414435,-0.127667,-0.90108,0.721893,0.556798,-0.41091,0.554178,-0.820779,-0.138595,486.28846,396.607539,495.822192,3.595128,3.596557,3.598755,90.052159,90.03415,90.034541,162.824904,0.067437,0.06377,76.136977,0.943662,574.295668,790.627732,-126.722853,790.627732,543.900563,-59.308667,-126.722853,-59.308667,611.458374,-324.139475,-52.906902,1.333384,-52.906902,-135.590685,-73.367144,1.333384,-73.367144,718.373497,734.962774,1.0,5.140237,1.709839,2.547715,0.0,134.0,965.3792651476244,1.3135077031093612,0.01239426671747159
49203.0,-0.174596,-0.925006,-0.337461,0.403328,-0.37984,0.832495,-0.898244,0.009242,0.439399,164.512977,401.831757,260.6597,3.596065,3.590606,3.59477,89.974878,90.01997,89.961995,103.409255,0.058571,0.060669,108.310331,1.0,-748.490235,-625.635189,212.386375,-625.635189,-457.501017,52.74535,212.386375,52.74535,432.499059,-306.14076,49.111888,10.044585,49.111888,252.602357,25.540855,10.044585,25.540855,356.652934,290.63124,1.0,3.526712,1.115866,4.722678,0.0,140.0,619.299476801164,2.1308771789335657,0.00923272960914504
49204.0,-0.397635,-0.206591,-0.893984,0.713155,0.543457,-0.442792,0.577319,-0.813618,-0.068766,-114.33485,-107.515919,282.514002,3.593446,3.597102,3.591064,89.986256,90.000078,89.988353,145.34533,0.072019,0.068082,63.178395,0.833333,-785.703375,-460.500198,240.305144,-460.500198,-168.0779,-458.026302,240.305144,-458.026302,228.243963,-348.24884,-144.682561,249.542246,-144.682561,-134.715063,-310.150333,249.542246,-310.150333,417.30411,733.488822,1.0,5.172271,1.639616,2.524473,0.0,120.0,776.3663980742513,1.0584570272759402,0.013190157806319708
49206.0,-0.509487,-0.306497,-0.804042,0.860391,-0.168142,-0.481098,0.012262,-0.936903,0.349373,418.223276,173.661229,431.516375,3.59363,3.596644,3.596789,89.973892,90.033047,90.029468,118.292793,0.057519,0.058326,81.170314,0.933824,133.832844,622.161073,73.667659,622.161073,267.97902,196.409075,73.667659,196.409075,388.449787,-187.699815,148.588267,36.078373,148.588267,6.874145,79.450303,36.078373,79.450303,622.731749,565.765861,1.0,5.251594,1.213894,3.128505,0.0,127.0,747.8227207517039,1.321788344439722,0.01150450151024425
50500.0,-0.272121,0.898486,-0.344488,-0.76456,0.015497,0.644366,0.584293,0.438728,0.68273,235.560321,223.705678,359.306469,3.596444,3.595013,3.596324,90.005087,90.005889,90.008316,42.2918,0.044321,0.038265,130.803663,1.0,201.990956,22.089859,-179.136287,22.089859,511.516043,0.702908,-179.136287,0.702908,276.938465,198.516748,-64.181675,-101.159262,-64.181675,241.586971,124.968444,-101.159262,124.968444,275.265224,148.233149,1.0,3.632548,0.819304,0.926739,0.0,142.0,164.06399808867485,1.1067969559809787,0.007645045842485313
50795.0,0.562248,-0.484108,-0.670461,0.523139,0.836119,-0.165018,0.640471,-0.257963,0.723361,427.404674,-241.762008,460.445116,3.596944,3.594643,3.596859,90.027544,90.002989,90.012656,102.765369,0.061029,0.058235,75.639594,0.979167,376.271481,359.686276,24.902464,359.686276,138.979835,-66.118255,24.902464,-66.118255,660.200869,393.635477,224.52456,-68.20098,224.52456,67.621726,-127.849388,-68.20098,-127.849388,800.45956,528.148825,1.0,4.953719,0.762138,1.953689,0.0,141.0,676.7400785692707,1.2813435276870506,0.012945164671296357
50518.0,-0.278434,-0.356479,0.89185,-0.746613,0.664464,0.0325,-0.604188,-0.656818,-0.451161,206.055423,-147.494796,383.796474,3.595359,3.595447,3.596365,90.006118,89.978257,89.993578,68.538739,0.063578,0.055219,104.624345,1.0,348.726336,-152.298081,-140.295976,-152.298081,116.044567,67.437269,-140.295976,67.437269,355.978639,191.185539,68.483432,60.113615,68.483432,40.810991,51.712303,60.113615,51.712303,280.072666,354.328214,1.0,1.607221,2.038863,3.885279,0.0,144.0,228.28300345072788,0.6442699012693578,0.00955800487926591
49427.0,0.495729,0.865224,-0.075102,-0.864467,0.499892,0.052964,0.083368,0.038668,0.995768,137.318286,-24.837209,502.497677,3.595335,3.595443,3.595158,90.036495,90.021752,90.001045,81.829413,0.057094,0.05041,98.831462,1.0,235.08367,-2.24691,-362.215269,-2.24691,181.258537,1.277746,-362.215269,1.277746,60.59492,94.328174,-12.936011,-261.567235,-12.936011,231.498747,52.385289,-261.567235,52.385289,277.428192,423.114019,1.0,4.098169,0.092029,1.13651,0.0,140.0,284.11649245633646,0.6714891960512811,0.010118235425880879
50404.0,-0.076193,0.88996,-0.449629,-0.439925,0.374671,0.816142,0.894797,0.259987,0.362968,-200.503706,188.924069,322.653001,3.595292,3.595159,3.595116,89.989285,89.950035,90.02129,113.928692,0.065444,0.062437,73.435188,0.971831,94.694698,195.03214,-313.120565,195.03214,-78.956598,222.406597,-313.120565,222.406597,358.738531,404.745486,77.742734,77.280766,77.742734,-9.340269,-39.277057,77.280766,-39.277057,480.780571,513.971404,1.0,3.645142,1.199345,1.288027,0.0,138.0,467.87027554764956,0.9103040984506787,0.013233860039957957
50171.0,0.266247,-0.32566,-0.907225,0.7702,0.637796,-0.002911,0.579573,-0.69797,0.420635,377.807778,-63.280395,511.929705,3.594381,3.595024,3.592371,90.03146,89.981722,90.038117,150.22754,0.081615,0.082691,76.411065,0.84507,-722.839433,35.352012,176.271449,35.352012,-353.737264,-45.916127,176.271449,-45.916127,396.117044,-147.357427,-42.402354,8.87322,-42.402354,-101.792188,-60.616366,8.87322,-60.616366,33.649734,673.830136,1.0,4.715598,1.136651,2.448606,0.0,120.0,175.37225236749205,0.26026181228482786,0.01105952390534015
50616.0,-0.307494,-0.58721,0.748753,-0.686976,0.681469,0.252318,-0.658416,-0.436789,-0.612947,-242.066483,68.007375,555.257105,3.595464,3.594952,3.594046,89.995115,90.046373,89.971715,140.301907,0.067361,0.064956,65.027212,0.857143,169.233427,285.336531,397.655525,285.336531,33.757116,-59.166215,397.655525,-59.166215,-135.933375,205.463018,-29.516654,168.603408,-29.516654,24.219061,32.836746,168.603408,32.836746,247.723223,611.787703,1.0,1.895829,2.230581,4.126656,0.0,120.0,255.10223266137848,0.41697835934008387,0.013181297085287924
49458.0,0.473012,0.76648,0.434475,-0.879303,0.379584,0.287651,0.055559,-0.518097,0.853515,-132.734617,217.293007,493.454709,3.594433,3.595703,3.596749,90.01716,89.986447,90.036587,71.718871,0.065602,0.055286,100.026469,0.992754,-38.895513,254.451233,149.520973,254.451233,139.149688,-176.545492,149.520973,-176.545492,640.804014,322.162203,222.136824,99.444168,222.136824,230.650975,-106.997972,99.444168,-106.997972,484.475823,364.795682,1.0,2.155606,0.548102,3.034765,0.0,137.0,320.28954498780746,0.8779970838246036,0.009924912974784704
49719.0,0.221988,0.875755,-0.428689,-0.771327,0.426677,0.472229,0.596469,0.22583,0.770211,-328.92377,-17.993366,225.133564,3.594787,3.5964,3.596128,89.966361,89.916812,89.925735,191.83684,0.077501,0.085368,66.197627,0.9,318.598679,100.057118,444.184147,100.057118,-659.957803,132.805635,444.184147,132.805635,1200.342375,-270.637361,-37.525197,-206.737047,-37.525197,-220.473044,253.434599,-206.737047,253.434599,469.899617,898.069971,1.0,3.878699,0.691624,1.208863,0.0,126.0,771.3922640315236,0.8589445020331535,0.013595653511869844
49627.0,0.219384,0.947138,0.234095,-0.513267,-0.092011,0.853283,0.829716,-0.30735,0.465949,314.547078,290.726729,398.602402,3.594843,3.596757,3.596405,89.964407,89.921287,89.979538,86.540396,0.064695,0.056588,125.313152,1.0,812.281172,240.845408,338.67957,240.845408,-284.453881,429.948751,338.67957,429.948751,523.802834,186.017611,-3.52829,64.184713,-3.52829,127.414432,21.632265,64.184713,21.632265,490.887985,212.04981,1.0,2.873834,1.08609,1.925552,0.0,152.0,343.0695431801108,1.617872438462033,0.007980008355387948
50713.0,-0.250101,-0.421819,0.871504,-0.506307,0.824212,0.25363,-0.825289,-0.377815,-0.419706,-419.908846,429.963491,438.831674,3.595927,3.592474,3.594159,89.991117,90.006434,89.992681,98.450505,0.05997,0.056191,89.583273,1.0,-233.349944,301.383688,77.869131,301.383688,-360.462013,285.842012,77.869131,285.842012,131.954278,113.389871,30.13578,67.672086,30.13578,-21.980979,86.687463,67.672086,86.687463,197.39374,434.310762,1.0,1.854,2.003918,4.28307,0.0,144.0,215.65107630705774,0.49653634027852556,0.011162798215689216
50797.0,-0.452439,0.824047,-0.340948,-0.693327,-0.084572,0.715643,0.560889,0.560174,0.609597,74.485295,-116.512929,350.562844,3.595143,3.59543,3.595144,89.970951,90.000087,89.983657,108.568161,0.060549,0.058938,89.203176,0.957143,-82.696869,75.243808,145.848165,75.243808,99.644939,22.754522,145.848165,22.754522,399.559447,-115.264151,1.687984,-164.799343,1.687984,167.504406,-78.46086,-164.799343,-78.46086,447.261285,638.437711,1.0,3.586201,0.915244,0.786036,0.0,134.0,512.1686749818883,0.8022218395897487,0.01072992064766842
49520.0,0.380157,0.00409,0.924913,-0.784713,0.530761,0.320185,-0.489598,-0.847512,0.204982,-191.97821,-160.093099,444.635905,3.595245,3.596267,3.59403,90.004122,90.029158,90.01117,65.466626,0.068125,0.055622,133.030083,1.0,-328.269427,17.211282,90.159916,17.211282,382.672851,-102.950131,90.159916,-102.950131,313.07365,77.280763,82.441284,-25.907116,82.441284,110.984534,-185.451203,-25.907116,-185.451203,407.830494,238.237683,1.0,1.904063,1.364351,3.665445,0.0,142.0,361.4598399572519,1.5172236205690932,0.007517096715635365
50559.0,0.472785,-0.3614,-0.803657,0.652271,0.756741,0.043424,0.592467,-0.544732,0.593506,60.756249,-122.292752,391.222071,3.5948,3.596619,3.595641,89.986189,90.023557,90.035352,49.981892,0.067705,0.054463,119.402989,1.0,565.469547,-155.886385,200.601758,-155.886385,-1.478021,-264.810886,200.601758,-264.810886,225.69397,264.277362,56.119285,99.4124,56.119285,163.962387,-76.635728,99.4124,-76.635728,286.540215,215.261202,1.0,4.658408,0.935388,2.314244,0.0,142.0,164.22835335789256,0.7629259329226107,0.008374999724671884
49512.0,0.406759,0.369342,0.835544,-0.835097,0.521126,0.176184,-0.370352,-0.769424,0.520409,306.734523,-400.60613,505.138679,3.59277,3.5943,3.598212,90.013718,89.943167,89.928508,130.404201,0.088013,0.076354,77.098382,0.821918,1017.199789,-125.174908,262.536056,-125.174908,-1097.05039,-15.90257,262.536056,-15.90257,373.999918,300.265517,206.148692,-81.659739,206.148692,-504.2042,-67.602194,-81.659739,-67.602194,433.79492,678.245381,1.0,1.778613,1.023467,3.590198,0.0,120.0,901.5119121196014,1.3291825309453917,0.010660638766712381
49277.0,-0.438778,0.061368,-0.896498,0.88587,0.196844,-0.420102,0.15069,-0.978512,-0.140735,488.976715,-445.693188,458.747082,3.596699,3.596944,3.59465,90.001909,89.979263,90.00368,162.949178,0.076872,0.073933,74.482913,0.894366,233.042695,-319.923671,-117.86552,-319.923671,303.806661,-60.351799,-117.86552,-60.351799,596.089042,-443.67159,153.396067,-10.557812,153.396067,-318.652533,22.802167,-10.557812,22.802167,955.168621,860.37025,1.0,5.150606,1.712,2.988794,0.0,127.0,1347.450680410859,1.5661288618601803,0.012007666778553626
49284.0,-0.431545,-0.902085,0.003369,0.875812,-0.418075,0.241178,-0.216155,0.10703,0.970475,-331.806124,-244.72684,469.058769,3.596066,3.593701,3.595599,90.019774,89.979892,90.036316,71.010596,0.054524,0.048182,133.964774,1.0,-412.853022,-34.876169,93.225857,-34.876169,587.164488,146.353415,93.225857,146.353415,144.269335,316.146003,-5.702757,-78.827772,-5.702757,294.255832,-36.006226,-78.827772,-36.006226,295.265605,176.271191,1.0,3.127625,0.243604,5.172152,0.0,140.0,78.19965258404713,0.4436326329924618,0.00746464887851787
50685.0,0.58173,-0.332129,-0.742482,0.663311,0.722024,0.196722,0.470753,-0.606936,0.640328,-322.787696,430.492341,510.818573,3.595177,3.591437,3.597804,90.028216,90.00454,90.035112,212.915649,0.115013,0.113101,68.324482,0.801471,440.83731,244.443226,-460.568395,244.443226,-766.527549,462.331468,-460.568395,462.331468,380.235377,-221.029496,67.925327,175.622585,67.925327,262.367363,8.242825,175.622585,8.242825,306.516365,923.19458,1.0,4.453389,0.875871,2.481893,0.0,109.0,532.5476142975729,0.5768530555038277,0.011730363356432032
49507.0,0.431247,0.106716,0.8959,-0.88515,0.242363,0.397203,-0.174746,-0.964299,0.198978,302.464291,214.383574,530.7882970000001,3.594971,3.595902,3.591486,90.004693,90.003647,89.984705,85.701163,0.054878,0.047596,106.692919,1.0,-731.061401,-327.780469,-220.697736,-327.780469,-116.275365,-7.35409,-220.697736,-7.35409,329.652878,96.259942,81.253987,-39.076514,81.253987,81.583915,144.314584,-39.076514,144.314584,444.164661,322.554859,1.0,1.988112,1.370481,3.320862,0.0,142.0,384.80625118246996,1.192994743205744,0.009372693233746843
49761.0,0.150475,0.981534,0.118102,-0.430816,-0.042418,0.901442,0.889806,-0.186524,0.416478,158.495147,-247.891397,543.854533,3.595639,3.593226,3.595743,89.957762,89.993505,90.066083,124.005739,0.068754,0.06452,86.084593,0.986667,-479.553731,607.646001,-211.316472,607.646001,178.924165,-51.997589,-211.316472,-51.997589,407.533699,-95.248573,68.636014,134.168213,68.636014,246.224019,14.415895,134.168213,14.415895,533.584311,644.481254,1.0,3.01132,1.141228,1.777428,0.0,148.0,560.7985419223155,0.8701549322679221,0.011461598012085624
49832.0,0.050733,-0.958166,-0.281682,0.743471,-0.152088,0.651244,-0.666841,-0.242462,0.704653,-103.155749,240.232004,497.621786,3.594301,3.597365,3.593686,89.972673,90.038535,89.966054,135.105072,0.062341,0.062804,88.689793,0.978571,756.429096,-137.23145,197.66985,-137.23145,-615.119237,-163.539699,197.66985,-163.539699,173.12078,-254.120874,212.244103,80.358037,212.244103,-115.474316,-59.419454,80.358037,-59.419454,415.151386,901.190963,1.0,3.549823,0.788862,4.363652,0.0,137.0,644.6957922141988,0.7153819985811363,0.011033637207835179
51017.0,0.195183,0.883266,-0.426316,0.035945,0.427941,0.903091,0.980108,-0.191593,0.051778,330.833437,-260.776401,232.884241,3.596891,3.596087,3.594638,90.045785,89.965085,90.002904,110.587571,0.06862,0.060758,93.288923,0.978873,551.389518,-43.06222,-144.336839,-43.06222,-243.736991,309.409202,-144.336839,309.409202,636.642044,-162.882736,-15.190417,-89.402021,-15.190417,-121.715678,-40.758937,-89.402021,-40.758937,748.814639,498.360149,1.0,3.582642,1.518996,1.763843,0.0,139.0,895.9734942150129,1.7978433789556736,0.010492917792608669
50375.0,-0.26754,0.18848,0.944933,-0.960187,-0.133974,-0.245136,0.080393,-0.972896,0.216819,-144.607073,288.973493,261.416653,3.596793,3.595832,3.596092,89.942155,89.947698,89.992463,131.65603,0.071993,0.072157,131.676849,1.0,329.88901,-429.371195,-408.188041,-429.371195,819.04056,37.520015,-408.188041,37.520015,101.141804,-108.239649,16.084942,-57.625369,16.084942,128.846507,101.80226,-57.625369,101.80226,444.781105,482.799978,1.0,1.31697,1.352241,3.059147,0.0,144.0,491.31005124766284,1.0176264988306665,0.007594349406097954
49323.0,-0.407806,-0.794822,-0.449391,0.909304,-0.398177,-0.120918,-0.082829,-0.457944,0.885114,-368.33998,-445.45391,250.429464,3.598677,3.588608,3.59526,90.062022,90.004722,90.084502,154.210019,0.085219,0.080861,84.288766,1.0,-1746.563137,-657.962563,-545.831445,-657.962563,1127.801917,0.950227,-545.831445,0.950227,150.946069,-282.044561,-54.427639,-114.58746,-54.427639,201.913102,-20.738154,-114.58746,-20.738154,498.49419,519.34153,1.0,4.975234,0.484058,3.32053,0.0,144.0,691.447825403286,1.331393284498711,0.011863977223251792
49335.0,-0.392924,-0.584098,-0.71024,0.916563,-0.186348,-0.353816,0.074312,-0.790003,0.608583,-229.925596,33.839663,487.000898,3.594119,3.59688,3.597088,89.954504,90.022102,90.003778,133.240023,0.080359,0.068616,81.036141,1.0,712.638732,539.708955,126.550352,539.708955,145.812582,-77.101004,126.550352,-77.101004,216.667446,-181.916219,117.019476,22.72932,117.019476,269.373783,-141.4637,22.72932,-141.4637,581.299826,566.04675,1.0,5.174567,0.916522,3.047803,0.0,148.0,683.6638394727487,1.2077868823957538,0.01234017300996601
49653.0,0.239685,0.044757,0.969818,-0.648932,0.750382,0.12575,-0.722106,-0.659487,0.2089,41.66407,-136.441145,312.306537,3.597462,3.595855,3.595774,89.984408,90.030025,89.959309,167.293566,0.107305,0.106128,74.066372,0.802817,212.23022,238.331414,-64.80149,238.331414,220.225337,237.600538,-64.80149,237.600538,922.224791,-49.3659,295.829378,-192.055094,295.829378,356.539966,34.450222,-192.055094,34.450222,658.018594,771.648357,1.0,1.69974,1.360346,3.972284,0.0,114.0,687.1761980264617,0.8905302419071459,0.010839156533818074
51258.0,-0.648164,0.665294,-0.370497,-0.440704,0.069058,0.894992,0.621019,0.743381,0.248437,-398.082844,287.804858,288.33722,3.595708,3.596636,3.59442,89.990512,89.968147,90.032153,94.17748,0.058862,0.05691,82.376391,0.978873,669.032025,156.82429,62.151568,156.82429,-208.646129,194.179009,62.151568,194.179009,246.932821,-85.173887,14.556018,46.02831,14.556018,213.700263,51.263562,46.02831,51.263562,339.742145,377.75362,1.0,3.534081,1.31973,0.695956,0.0,139.0,382.886145911908,1.0135869668486777,0.011882931360758449
49559.0,0.386768,0.243653,0.889406,-0.917727,0.007061,0.39715,0.090487,-0.969837,0.226338,-384.399091,36.86907,565.045597,3.596607,3.595798,3.595573,89.995372,89.971314,89.974093,48.358026,0.052447,0.045412,103.925715,0.993056,510.951598,-313.622803,-75.112219,-313.622803,288.504067,118.647725,-75.112219,118.647725,245.803803,179.763334,-54.375808,30.251288,-54.375808,328.778879,44.506527,30.251288,44.506527,215.990352,189.974174,1.0,1.990764,1.34248,3.048561,0.0,139.0,150.0305487359481,0.7897418137264705,0.009555440633725735
49351.0,-0.155872,-0.986025,0.058809,0.501157,-0.027638,0.864915,-0.851203,0.164289,0.498461,-235.743208,-310.166244,248.550169,3.596241,3.594022,3.592139,90.00383,90.021398,90.035559,122.628105,0.060512,0.055398,70.568362,0.939189,-274.684074,125.470681,-146.135518,125.470681,-588.308108,-435.282588,-146.135518,-435.282588,357.066197,-257.167956,174.389499,164.222519,174.389499,4.984993,-149.775595,164.222519,-149.775595,505.023394,605.83129,1.0,3.073704,1.048973,4.903052,0.0,139.0,713.9392194394165,1.17844560230525,0.013308924472414425
50012.0,0.161639,-0.445198,-0.880722,0.748843,0.636591,-0.184356,0.642734,-0.629723,0.436282,442.108259,-327.103131,395.773606,3.59455,3.59392,3.593835,90.041337,90.010531,90.044112,92.522183,0.053833,0.04866,100.476026,1.0,-443.240967,342.083305,92.157669,342.083305,-387.907387,-50.897849,92.157669,-50.897849,297.856099,89.710498,57.172731,21.354764,57.172731,-298.132149,2.055937,21.354764,2.055937,402.563579,559.2474,1.0,4.918734,1.119334,2.345969,0.0,136.0,610.2732721286719,1.0912402491789357,0.00995262292718464
49354.0,-0.376051,0.079329,-0.923197,0.920905,0.14228,-0.362892,0.102564,-0.986642,-0.126559,-43.806617,-384.361302,321.406793,3.597494,3.596709,3.59686,89.968594,90.051016,90.029527,124.731465,0.065998,0.061305,121.573797,1.0,280.08995,207.642038,166.831141,207.642038,939.918796,414.603415,166.831141,414.603415,682.671675,56.000702,27.407605,12.106391,27.407605,132.680467,-42.260916,12.106391,-42.260916,476.950279,346.517199,1.0,5.086917,1.697696,3.038012,0.0,142.0,390.9127946201745,1.1281194577016493,0.008225456674681305
50088.0,0.131391,0.827544,-0.545809,0.220894,0.512299,0.829913,0.966407,-0.229609,-0.115488,-56.883277,-140.951237,252.624144,3.595751,3.594194,3.594174,90.021842,90.014304,90.049811,136.729509,0.083637,0.072412,60.997652,0.849315,-50.651361,-169.978738,-217.938302,-169.978738,-440.815836,-149.701997,-217.938302,-149.701997,462.855645,-221.40728,59.942553,300.51835,59.942553,-260.295136,-197.967784,300.51835,-197.967784,581.510621,639.946471,1.0,3.723341,1.686542,1.804062,0.0,124.0,881.6092675845666,1.3776297042578216,0.013923732670890348
51030.0,0.199683,-0.375875,0.9049,0.036882,0.925728,0.376387,-0.979166,-0.041783,0.198716,380.767125,453.370511,461.097654,3.596005,3.595469,3.595207,89.995792,90.041619,90.006064,93.177514,0.071093,0.061454,89.451583,1.0,0.703597,-46.602981,242.155234,-46.602981,204.488398,174.63845,242.155234,174.63845,478.948692,-191.92748,-105.59212,-3.444097,-105.59212,155.250198,146.687261,-3.444097,146.687261,681.404807,502.95621,1.0,1.964971,1.370749,4.669742,0.0,146.0,777.5276076818584,1.545915115914084,0.011179232009790145
49361.0,0.150902,-0.977884,0.144816,-0.082594,0.133509,0.9876,-0.985092,-0.160991,-0.06062,430.353774,22.90418,487.381861,3.597181,3.593822,3.595078,90.02292,89.996372,90.005761,103.167997,0.064788,0.061956,92.874014,1.0,-153.879408,226.818368,-201.200656,226.818368,34.874175,63.809962,-201.200656,63.809962,636.653696,-97.45752,17.212288,-98.91434,17.212288,103.869105,16.118592,-98.91434,16.118592,641.705641,723.815674,1.0,2.995996,1.631454,4.550393,0.0,142.0,667.7098568074765,0.9224860427759631,0.010767274471414576
49363.0,-0.343816,-0.728389,-0.592654,0.877916,-0.025356,-0.478142,0.333247,-0.684694,0.648182,-223.170404,158.797621,428.699158,3.596058,3.594552,3.594824,90.027414,90.030968,89.999042,119.716323,0.076472,0.068431,74.793529,0.964789,-288.935268,-100.814251,52.289193,-100.814251,508.48485,-91.142424,52.289193,-91.142424,117.673606,-187.490602,100.997302,7.921611,100.997302,31.463619,-127.23909,7.921611,-127.23909,595.690827,557.613129,1.0,5.391251,0.865601,2.688634,0.0,137.0,713.9138369950144,1.2803031346756804,0.012899364596100285
49375.0,-0.356683,-0.573055,-0.737824,0.923491,-0.096896,-0.371182,0.141215,-0.813768,0.563773,-168.927526,-49.352451,380.048353,3.595374,3.595639,3.594982,90.017959,90.023367,89.954903,80.040015,0.05251,0.049901,115.48077,1.0,62.104064,-152.869143,180.885971,-152.869143,219.736603,-406.866748,180.885971,-406.866748,211.377399,100.945472,95.032548,-53.55327,95.032548,208.593428,-118.841359,-53.55327,-118.841359,327.807497,365.643235,1.0,5.178494,0.97185,2.969771,0.0,146.0,241.14317825688482,0.6595040060207454,0.008659450400270104
51073.0,0.479147,0.807207,-0.344724,0.231069,0.262887,0.936749,0.846774,-0.528495,-0.060559,35.397781,465.230111,549.0512160000001,3.597162,3.595183,3.593446,90.024775,89.996631,89.99354,122.720349,0.065223,0.06539,81.963148,0.921429,346.445497,101.597426,199.312416,101.597426,-358.356248,274.22351,199.312416,274.22351,448.858243,51.085664,-17.782924,59.749808,-17.782924,137.848952,-31.803391,59.749808,-31.803391,491.990663,549.224793,1.0,3.494213,1.631393,2.128768,0.0,129.0,409.0770277034979,0.7448262221904063,0.011241991339815304
50794.0,0.27867,0.895093,-0.34807,0.1849,0.305643,0.934021,0.94242,-0.324641,-0.080329,244.015094,197.912912,348.62268,3.595281,3.594732,3.594742,90.0215,89.997781,90.004654,108.177853,0.053173,0.055188,88.697788,0.958333,102.759114,-136.366195,-4.839269,-136.366195,-99.589552,95.427893,-4.839269,95.427893,145.610513,5.552428,0.921265,52.646144,0.921265,183.5038,144.550202,52.646144,144.550202,130.707934,553.951359,1.0,3.498308,1.651212,1.902542,0.0,138.0,206.904366923167,0.3735063802292558,0.01080447462793548
49395.0,-0.303376,-0.691813,-0.655254,0.853608,-0.502914,0.135762,-0.423458,-0.518144,0.743109,-183.355517,88.566583,557.602161,3.595667,3.595749,3.595578,89.975663,90.012273,89.95677,133.153442,0.071979,0.069616,75.587589,0.971831,566.458735,-40.731913,147.325575,-40.731913,-115.009324,-239.144882,147.325575,-239.144882,319.63768,18.179898,-110.509536,-123.211847,-110.509536,138.595962,-47.852819,-123.211847,-47.852819,638.367873,642.123559,1.0,4.508091,0.733092,3.82677,0.0,138.0,588.8251987814147,0.9169967220925695,0.012857018101212358
49398.0,-0.238263,-0.926857,0.290114,0.718847,0.032564,0.694405,-0.653062,0.373999,0.65851,-292.582626,380.180643,265.23842,3.59507,3.597149,3.595898,89.978319,89.996947,89.929763,119.005314,0.073593,0.068453,97.51562,1.0,773.179523,-503.014832,55.617412,-503.014832,267.030117,318.229467,55.617412,318.229467,43.220568,28.687011,20.540935,96.503642,20.540935,208.175496,28.905174,96.503642,28.905174,278.598689,655.028073,1.0,2.745846,0.851959,5.232483,0.0,148.0,240.29874862507,0.3668525953773435,0.010254767390085814
50865.0,0.299203,-0.341748,0.890891,0.170491,0.937785,0.302478,-0.938835,0.061387,0.338853,380.07034,-101.08797,529.761726,3.597054,3.59365,3.591003,89.914012,90.002953,89.982871,111.56728,0.055126,0.052033,91.4186,1.0,-1304.124418,426.406778,-464.351123,426.406778,126.77565,-99.087195,-464.351123,-99.087195,477.090849,-98.252262,14.409192,-195.474151,14.409192,75.987916,-37.310741,-195.474151,-37.310741,522.736006,466.161402,1.0,1.898107,1.225099,4.777682,0.0,144.0,581.0700105914987,1.2464996202999634,0.010938693001205445
49406.0,-0.328496,-0.70807,-0.625081,0.916918,-0.397856,-0.031186,-0.22661,-0.583392,0.779937,209.708004,455.074636,362.725297,3.592385,3.593869,3.594921,90.049862,89.983253,89.96274,147.708053,0.059797,0.068861,67.897762,0.878571,-346.624363,-238.554402,5.732292,-238.554402,-845.707591,166.595323,5.732292,166.595323,344.554391,-384.304561,-131.408146,64.71359,-131.408146,-203.673761,86.654026,64.71359,86.654026,376.31799,653.750579,1.0,4.762239,0.676232,3.51209,0.0,123.0,703.9218304997419,1.0767437201761039,0.012939616478080677
50838.0,0.614851,-0.286743,-0.734668,0.529924,0.84013,0.115593,0.584071,-0.46039,0.668507,430.266973,320.657634,425.540447,3.594937,3.594667,3.59662,90.029468,90.005871,90.030886,145.336432,0.062029,0.067973,76.251617,0.929577,334.286604,63.606281,-155.192009,63.606281,-288.301937,-153.602558,-155.192009,-153.602558,511.320517,-327.932801,111.607129,-173.808413,111.607129,140.319822,-203.110795,-173.808413,-203.110795,485.352021,779.255364,1.0,4.556328,0.838597,2.238328,0.0,132.0,750.2063732956509,0.962722116463546,0.01219091524314822
50813.0,0.593047,-0.272898,-0.75751,0.537266,0.834853,0.11986,0.5997,-0.478067,0.641726,282.06753,-246.579354,448.474505,3.596789,3.598268,3.594841,89.986868,89.994451,90.010516,97.862161,0.063161,0.057309,99.03488,1.0,323.352753,-169.131479,376.029556,-169.131479,795.856199,-153.234446,376.029556,-153.234446,460.486919,148.257102,-39.665723,-89.826808,-39.665723,336.296488,70.993728,-89.826808,70.993728,555.748742,366.991445,1.0,4.555462,0.87405,2.243813,0.0,140.0,368.50443741609575,1.004122691241742,0.01009745253389513
49424.0,-0.305776,-0.847017,-0.434814,0.908193,-0.12239,-0.400257,0.285808,-0.517285,0.806679,-152.517683,458.924045,341.879821,3.594355,3.595872,3.594283,89.980356,89.903028,90.002512,107.872266,0.07598,0.062132,127.545814,0.993151,531.541929,-106.387354,-198.481938,-106.387354,-698.717039,585.710077,-198.481938,585.710077,246.225183,95.828458,72.084539,-40.439093,72.084539,167.175276,-48.859033,-40.439093,-48.859033,384.087678,159.104194,1.0,5.456429,0.632286,2.63682,0.0,145.0,273.0043915964938,1.7158843191556208,0.007786621676192368
49750.0,0.19862,0.966107,-0.164889,-0.755822,0.258093,0.601764,0.623925,0.005104,0.781467,-285.042134,-127.033232,345.710989,3.596548,3.593343,3.594613,90.02391,90.006641,89.961804,80.490202,0.058289,0.049986,106.925393,1.0,-145.648807,-521.814361,105.939607,-521.814361,106.373022,-231.979573,105.939607,-231.979573,118.053844,391.298058,48.724118,88.916646,48.724118,291.479324,-181.161857,88.916646,-181.161857,270.098011,266.785566,1.0,3.409037,0.673782,1.562616,0.0,140.0,211.84916055940897,0.7940802935321057,0.009352315403694612
49428.0,0.490747,0.383817,0.78221,-0.848821,0.007985,0.52862,0.196647,-0.923375,0.32971,148.622004,307.28709,551.17128,3.59394,3.596189,3.5967,90.027589,89.980715,89.986722,147.972637,0.07202,0.07564,78.101337,0.9375,367.564107,163.635296,129.114033,163.635296,-162.595154,307.578022,129.114033,307.578022,520.63542,220.162338,134.742622,-382.479929,134.742622,171.515914,-39.614732,-382.479929,-39.614732,269.009107,860.113581,1.0,2.165098,1.2348,2.931762,0.0,135.0,362.8230284760947,0.4218315307313985,0.012003635738015599
49433.0,-0.317209,-0.72913,-0.606422,0.943688,-0.306043,-0.125657,-0.093972,-0.612133,0.785151,-255.341596,-116.381014,559.040214,3.595208,3.595451,3.592927,90.030381,89.984834,89.992263,108.076319,0.064446,0.056423,72.635673,0.854167,-219.700688,-217.262345,377.933972,-217.262345,35.619958,181.087929,377.933972,181.087929,7.33252,113.266632,-101.100043,116.479802,-101.100043,195.918717,8.974586,116.479802,8.974586,294.749966,454.220741,1.0,4.916707,0.667856,3.293918,0.0,123.0,206.5661427934784,0.45477038837704337,0.011759607431461398
49651.0,0.300879,0.423529,0.854456,-0.917702,0.372303,0.13861,-0.259411,-0.825841,0.500692,-111.723725,-412.954742,258.520928,3.591971,3.593002,3.591444,90.114466,89.909592,90.018447,211.844317,0.086012,0.092484,89.373895,0.986111,-1184.264601,-889.533355,331.596626,-889.533355,-929.481776,-665.845003,331.596626,-665.845003,-60.167728,-176.35149,-87.542534,88.983628,-87.542534,124.912723,-46.262369,88.983628,-46.262369,229.406243,568.684847,1.0,1.731615,1.046399,3.445951,0.0,142.0,382.68873891898926,0.6729364092217306,0.01103354620496287
49442.0,-0.307344,-0.788836,-0.532238,0.951186,-0.238203,-0.196225,0.028009,-0.566566,0.82354,33.522759,116.07863,248.506598,3.596678,3.594035,3.59473,90.031781,90.026013,89.979444,143.482073,0.061858,0.065958,83.126664,1.0,-292.2218,-292.9798,93.425538,-292.9798,453.987089,-262.671834,93.425538,-262.671834,178.159249,-233.763128,-181.514912,-122.011527,-181.514912,79.463599,9.539917,-122.011527,9.539917,442.211771,931.774194,1.0,5.065607,0.603172,3.092196,0.0,140.0,615.8439379818332,0.6609368900184771,0.012029834374202722
50973.0,-0.090766,-0.298788,0.949993,-0.208204,0.938543,0.275295,-0.973865,-0.172805,-0.147397,230.232064,232.179212,513.013705,3.596418,3.595549,3.594956,89.978161,90.039841,90.018366,139.877874,0.0786,0.074535,69.821361,0.939189,21.272299,196.873662,289.557538,196.873662,424.048788,243.446118,289.557538,243.446118,306.318484,-308.746227,-60.771428,-102.334059,-60.771428,-98.290244,95.284379,-102.334059,95.284379,487.872239,707.099517,1.0,1.852856,1.718732,4.536774,0.0,139.0,727.0990187348625,1.0282838571573547,0.01345131327359832
49446.0,-0.200107,0.519998,-0.830397,0.715596,0.656482,0.238649,0.669238,-0.546474,-0.503475,249.438989,-251.582118,467.036059,3.597691,3.593766,3.596692,90.027387,89.981347,90.000982,133.970294,0.06491,0.066032,80.784736,0.977941,596.288743,-323.686537,70.248783,-323.686537,307.208363,502.074537,70.248783,502.074537,189.261914,-47.15887,-114.266092,118.418198,-114.266092,257.716937,201.470747,118.418198,201.470747,555.984071,618.063256,1.0,4.432539,2.098413,2.255554,0.0,133.0,568.8580908888838,0.9203881404800478,0.012105517062035085
49690.0,-0.037241,-0.368168,-0.929013,0.714963,0.639693,-0.282171,0.698169,-0.674719,0.239404,59.016622,283.031718,265.68139099999996,3.59624,3.595069,3.592571,90.0641,89.982505,89.946222,115.667311,0.066226,0.060646,88.256404,0.964789,-867.028694,-150.980618,-364.768398,-150.980618,772.118246,-3.426178,-364.768398,-3.426178,-0.773246,-235.335784,175.606793,-98.301607,175.606793,87.18376,118.241249,-98.301607,118.241249,164.92615,470.872005,1.0,5.007266,1.329045,2.339115,0.0,137.0,419.5207195429752,0.8909442801616019,0.010931659984696408
49468.0,-0.178998,0.148824,-0.972528,0.691709,0.721981,-0.016829,0.699642,-0.675718,-0.232176,9.463221,471.15122,549.12562,3.594391,3.596513,3.59314,90.023885,90.001471,89.998555,123.358066,0.066445,0.062311,83.548295,0.986111,-357.889033,212.942539,-256.712016,212.942539,228.38661,-254.038806,-256.712016,-254.038806,80.424891,-325.365945,-66.049062,-213.837888,-66.049062,210.654326,23.513862,-213.837888,23.513862,331.727909,669.28097,1.0,4.729691,1.80511,2.338802,0.0,142.0,636.2829207004726,0.9506962684154497,0.011802885983490148
49469.0,-0.218509,0.380501,-0.898595,0.791548,0.607659,0.064828,0.570706,-0.697116,-0.433964,444.935579,-401.305455,544.4232,3.594024,3.595478,3.592871,90.011927,90.055851,90.049795,97.024323,0.06604,0.055042,101.002832,1.0,-447.492114,446.913826,-237.085414,446.913826,-527.96867,107.96907,-237.085414,107.96907,460.847372,-116.825795,76.708729,-115.240719,76.708729,-52.680785,-66.452119,-115.240719,-66.452119,581.743723,368.827518,1.0,4.64037,2.019684,2.455572,0.0,146.0,681.9014646368375,1.8488356517824616,0.009900712486952842
51275.0,0.819196,-0.285627,-0.497327,0.297999,0.952898,-0.056409,0.490014,-0.101993,0.865727,5.715112,382.295333,349.393375,3.593513,3.598052,3.596473,90.003827,89.979432,90.0115,78.991321,0.067769,0.055862,121.132774,1.0,-143.436398,-409.930793,-205.308009,-409.930793,748.424109,-193.17533,-205.308009,-193.17533,457.177799,294.916881,95.003607,-140.250811,95.003607,211.955771,-5.149109,-140.250811,-5.149109,351.539194,234.689628,1.0,4.825331,0.524195,1.77601,0.0,142.0,190.59892058625633,0.8121318449840328,0.008255404107231953
49709.0,-0.053841,-0.084824,-0.99494,0.882099,0.462922,-0.087201,0.467977,-0.882331,0.049899,-336.632117,481.981972,350.379703,3.597855,3.595956,3.592005,89.999796,89.989808,89.938405,139.471381,0.063894,0.065306,89.999547,1.0,-733.387081,-252.583965,5.333044,-252.583965,1166.002657,-79.085277,5.333044,-79.085277,10.775676,-120.181099,71.43853,181.996174,71.43853,105.494684,-108.389084,181.996174,-108.389084,259.508494,676.836774,1.0,4.79981,1.520877,2.653932,0.0,148.0,383.2593093521814,0.5662507181564301,0.011111167037318532
51004.0,0.464296,0.840162,-0.280278,0.263494,0.171095,0.949367,0.845577,-0.514639,-0.141939,-230.832391,-440.350348,532.712071,3.597549,3.594794,3.596709,89.998795,89.956817,89.993535,115.394965,0.072621,0.064733,91.254364,1.0,162.84017,115.167193,234.619795,115.167193,745.623905,382.639206,234.619795,382.639206,435.264174,5.164536,-181.068379,118.298969,-181.068379,300.044237,-1.041957,118.298969,-1.041957,535.662656,375.119762,1.0,3.428664,1.713216,2.117534,0.0,144.0,497.0264415397102,1.3249806912057869,0.010958380028817034
49526.0,-0.210452,-0.976783,-0.04005,0.908625,-0.210554,0.360649,-0.360709,0.039509,0.931841,0.928244,-435.393959,475.29972,3.592142,3.593488,3.596889,90.017769,89.99003,89.987388,151.793346,0.083507,0.08108,71.09834,0.915493,-328.927061,8.712726,99.645566,8.712726,-496.067707,543.593995,99.645566,543.593995,351.622824,-404.992395,-65.455821,-47.878233,-65.455821,-157.982578,116.249794,-47.878233,116.249794,416.91272,708.672761,1.0,3.252188,0.371342,4.821487,0.0,130.0,740.6695207292482,1.0451502604447473,0.012876432839360245
50779.0,-0.421608,-0.182949,0.888131,-0.674978,0.717354,-0.172651,-0.605518,-0.67226,-0.425929,-208.392134,-247.387006,373.408454,3.595514,3.596273,3.593674,89.986084,89.970583,90.010881,73.840943,0.054028,0.050544,88.821805,1.0,-427.72318,13.790812,27.019387,13.790812,430.397261,-63.583599,27.019387,-63.583599,342.464561,-649.011389,-4.62556,48.743565,-4.62556,216.256878,-52.221922,48.743565,-52.221922,439.673015,493.443204,1.0,1.378793,2.010785,3.874805,0.0,138.0,997.8788417862704,2.022276999049055,0.011258496717106796
49817.0,0.142973,0.239365,0.960345,-0.624693,0.774438,-0.100026,-0.76767,-0.58562,0.260253,96.195202,-253.141747,322.490833,3.592802,3.594615,3.594429,90.002892,90.009654,89.947076,140.536584,0.057773,0.055749,86.349776,0.952703,-95.925109,65.68169,-9.421728,65.68169,-685.557702,-345.593418,-9.421728,-345.593418,120.600994,-135.260071,-232.223542,8.502973,-232.223542,216.771529,98.375075,8.502973,98.375075,221.889587,621.805624,1.0,1.467015,1.307512,4.060712,0.0,139.0,416.5482650371674,0.6699010896002565,0.011033068574491727
49711.0,0.252682,0.714743,0.652146,-0.902654,0.416828,-0.107093,-0.348377,-0.561602,0.750491,-136.805423,354.0178,498.348269,3.59282,3.595119,3.595904,90.02167,90.005123,90.035105,70.910299,0.066814,0.0536,113.281486,1.0,-144.289853,286.480076,252.456032,286.480076,-174.678081,-371.367479,252.456032,-371.367479,213.68935,125.141229,24.469679,37.348539,24.469679,94.37349,-20.319386,37.348539,-20.319386,337.568309,268.314295,1.0,1.408032,0.721992,3.696825,0.0,140.0,233.26537684980502,0.8693736457455798,0.0088275678163332
49784.0,0.176403,0.242715,0.953924,-0.724137,0.688421,-0.041251,-0.666714,-0.683495,0.297198,397.127432,-138.665149,268.951362,3.595305,3.595004,3.592135,90.029158,90.020349,89.982147,139.999946,0.071849,0.075171,91.143862,0.93662,-814.584117,-28.365563,-28.880199,-28.365563,-35.55015,30.005332,-28.880199,30.005332,355.747705,-79.325382,-42.636627,-15.804294,-42.636627,-121.392572,37.151025,-15.804294,37.151025,584.493318,629.750529,1.0,1.52758,1.269039,3.914563,0.0,133.0,687.7032750900884,1.092024926413501,0.010276281687515062
49499.0,-0.226223,-0.521533,-0.822695,0.882822,-0.466697,0.053097,-0.411641,-0.714281,0.565998,80.939632,-248.144473,482.751239,3.597234,3.595399,3.594336,90.028668,89.992137,89.978672,103.285279,0.064273,0.064197,90.846134,0.992857,-135.942576,-295.013207,196.572378,-295.013207,445.669859,-167.735079,196.572378,-167.735079,454.897118,204.364057,21.255171,66.230908,21.255171,136.31534,-71.024684,66.230908,-71.024684,502.868532,434.979921,1.0,4.647938,0.969153,3.664404,0.0,139.0,348.5118533528135,0.8012136572915822,0.010928995613616314
50145.0,-0.063615,0.992693,-0.102532,-0.830258,0.004363,0.557362,0.553737,0.120584,0.823914,-154.387358,-51.863662,368.775951,3.5969,3.592444,3.595061,90.019352,90.008286,90.00002,69.49418,0.061593,0.051797,108.823393,1.0,-592.655092,-72.860104,-233.328186,-72.860104,508.081352,-220.378334,-233.328186,-220.378334,135.979779,26.930633,25.025056,-52.722503,25.025056,219.554417,-138.83223,-52.722503,-138.83223,386.399497,313.683622,1.0,3.323518,0.602513,1.356379,0.0,146.0,337.7717593463648,1.0767911859496597,0.009189200707976455
51056.0,-0.534171,0.821282,-0.200393,-0.52746,-0.138543,0.838208,0.660642,0.553445,0.507199,-395.345618,-79.97289,357.269455,3.596221,3.592501,3.596215,90.047389,89.990993,89.966964,97.991885,0.059251,0.055453,86.687713,1.0,-386.694721,-308.466982,-557.105424,-308.466982,459.418323,-172.097325,-557.105424,-172.097325,125.939593,-189.176947,16.741739,-12.17699,16.741739,265.371476,109.380169,-12.17699,109.380169,424.923885,379.531422,1.0,3.376261,1.038865,0.873464,0.0,140.0,560.2588470312592,1.476185671475863,0.01153566019211973
49877.0,0.108665,0.016349,0.993944,-0.617769,0.78446,0.054635,-0.778816,-0.619964,0.095343,-189.789662,23.767635,485.110293,3.59586,3.597268,3.593138,89.961616,90.054829,89.984502,118.870829,0.082193,0.067271,67.891243,0.828767,-528.519362,526.812747,72.943248,526.812747,479.692579,-163.154948,72.943248,-163.154948,617.341633,-555.790374,423.098288,-109.066622,423.098288,506.478933,-77.315897,-109.066622,-77.315897,655.436049,629.653527,1.0,1.625709,1.475308,4.040071,0.0,121.0,1206.8558129873215,1.9166982494919327,0.012207273918964777
49857.0,0.120409,0.989137,0.084314,-0.656038,0.015541,0.754568,0.745061,-0.14617,0.650783,-315.896979,446.093752,434.904485,3.596194,3.592639,3.594708,89.959789,89.989669,90.01375,146.325246,0.070296,0.072762,83.670338,0.993151,-534.576261,301.629176,268.106213,301.629176,90.247109,-236.588967,268.106213,-236.588967,255.17243,79.284922,-219.532643,246.387865,-219.532643,9.096066,-38.72818,246.387865,-38.72818,669.088657,839.914606,1.0,3.030316,0.862182,1.764521,0.0,145.0,690.64726577079,0.8222827187872358,0.011869809824360934
50557.0,-0.207094,-0.172734,0.962951,-0.578594,0.815324,0.021819,-0.788886,-0.55264,-0.268791,-343.937284,205.465487,379.4596,3.59544,3.59754,3.593551,90.006049,90.000899,89.969992,93.233202,0.072458,0.064774,93.08965,1.0,-235.799126,-148.272375,288.66096,-148.272375,334.05744,-333.849975,288.66096,-333.849975,544.477941,164.743708,-137.11701,38.214454,-137.11701,373.790982,-67.751275,38.214454,-67.751275,441.498267,451.653894,1.0,1.593451,1.842934,4.101306,0.0,146.0,284.7416429161377,0.6304421299114001,0.010742332794247265
49544.0,-0.171338,-0.064079,-0.983126,0.85134,0.492593,-0.180477,0.495846,-0.867897,-0.029847,386.425896,-249.10869,473.431532,3.594289,3.596931,3.592882,90.038866,90.02315,90.032156,166.978487,0.076151,0.073433,73.627432,0.866197,-617.766189,269.663025,-196.211704,269.663025,-73.231034,-202.424474,-196.211704,-202.424474,657.467166,-548.603153,-61.335864,39.68877,-61.335864,91.117876,-221.420014,39.68877,-221.420014,670.405961,1072.056238,1.0,4.893942,1.600648,2.622529,0.0,123.0,1075.2551009638598,1.0029838574232146,0.01176459610868949
51139.0,0.744041,-0.195527,-0.638884,0.361367,0.922057,0.138656,0.561976,-0.334037,0.756705,42.709251,-388.476477,394.082772,3.595263,3.593495,3.593222,89.995397,89.945815,90.066018,146.454937,0.101946,0.083866,82.567056,0.986111,-377.585352,-301.084572,547.460464,-301.084572,-610.157938,55.009877,547.460464,55.009877,363.447785,-295.431845,-126.762705,117.547262,-126.762705,58.124505,141.747533,117.547262,141.747533,431.748241,768.430704,1.0,4.498675,0.712538,2.107086,0.0,142.0,658.9216281714341,0.8574899789160874,0.011943153211130599
49818.0,0.160723,-0.026254,0.98665,-0.844646,0.513512,0.151256,-0.510628,-0.857681,0.060358,58.423618,-96.402247,520.699796,3.595733,3.59448,3.595492,90.000918,89.998516,89.995322,65.627056,0.062445,0.056042,106.552965,1.0,214.793666,-15.571976,-16.546533,-15.571976,142.892845,170.98635,-16.546533,170.98635,55.38688,253.557028,-44.479932,25.25421,-44.479932,66.187115,52.270562,25.25421,52.270562,218.080193,439.35933,1.0,1.722914,1.510402,3.678593,0.0,146.0,183.65766244758987,0.41801243289311707,0.009385003974314557
49855.0,0.123432,0.626779,0.769359,-0.739622,0.574994,-0.349773,-0.661607,-0.525861,0.534552,-356.832501,52.780399,557.171113,3.595332,3.59385,3.599263,89.928516,89.942767,89.949546,161.286438,0.088306,0.088472,77.403169,0.802817,1414.108674,-782.339581,110.378862,-782.339581,-204.996554,148.218894,110.378862,148.218894,-35.407047,189.546116,-185.596201,159.905584,-185.596201,-9.704756,53.778527,159.905584,53.778527,127.619476,580.012241,1.0,1.144099,1.006819,4.040812,0.0,114.0,279.96033362629663,0.4826800433446311,0.010371888003706928
49562.0,-0.191432,-0.327354,-0.925307,0.954808,-0.280495,-0.098303,-0.227364,-0.902309,0.366256,477.665883,-386.848166,563.162281,3.593353,3.596854,3.595658,90.021319,90.007974,89.95711,118.723385,0.071225,0.066112,86.468213,0.979167,177.011785,56.813527,19.920755,56.813527,-500.978481,-98.242847,19.920755,-98.242847,781.157229,49.323286,122.321947,37.45385,122.321947,-194.724136,86.634838,37.45385,86.634838,590.587945,560.364108,1.0,4.81823,1.195814,3.388434,0.0,141.0,708.8893450184071,1.265051303068838,0.01132401105594723
49813.0,0.16479,-0.122746,0.978661,-0.890831,0.407406,0.201099,-0.423397,-0.90496,-0.04221,440.472789,-244.083599,314.120572,3.598616,3.59686,3.595303,90.003797,89.90031,90.016565,142.761348,0.078799,0.073153,86.42158,0.930556,482.937364,-925.03892,-339.771449,-925.03892,746.176301,60.885624,-339.771449,60.885624,593.979405,194.264109,56.764394,-159.148202,56.764394,70.408855,4.111017,-159.148202,4.111017,844.773216,569.900936,1.0,1.773459,1.613018,3.579201,0.0,134.0,735.1847578841906,1.2900220221505139,0.010767634657917618
51192.0,0.68465,-0.167357,-0.709398,0.283638,0.95774,0.047798,0.671419,-0.233937,0.703186,109.839453,-390.665182,488.973076,3.594995,3.596444,3.597427,89.942429,89.984331,90.06132,102.469078,0.065157,0.056657,126.068912,1.0,531.649375,-781.725442,-151.135531,-781.725442,200.594978,-11.695893,-151.135531,-11.695893,559.196959,469.140264,0.403372,14.97377,0.403372,154.788937,98.134027,14.97377,98.134027,260.655881,543.133916,1.0,4.645113,0.790928,1.906064,0.0,144.0,290.0623210637507,0.5340530438606428,0.00793216966923614
49603.0,-0.062579,-0.106131,-0.992381,0.625506,0.770644,-0.121861,0.777705,-0.628367,0.018159,333.374088,366.604535,560.764941,3.595126,3.594562,3.592402,89.970919,89.952794,90.0393,143.236981,0.068834,0.065102,68.758733,0.943662,-540.571386,-482.827025,-142.645148,-482.827025,-438.719214,-4.730381,-142.645148,-4.730381,386.05761,94.996738,10.481264,39.600849,10.481264,84.233883,-57.220055,39.600849,-57.220055,369.882617,696.789939,1.0,4.834574,1.552636,2.250381,0.0,134.0,286.96830225941216,0.41184334933316563,0.013724249398254618
49600.0,-0.154511,-0.157079,-0.975424,0.954308,0.231865,-0.188505,0.255777,-0.959982,0.114076,356.733862,-80.932501,259.20385,3.594012,3.596372,3.593129,89.993982,90.032848,90.000582,94.28112,0.058299,0.051932,102.701757,1.0,-490.43949,180.014389,250.570923,180.014389,-79.788761,-143.030583,250.570923,-143.030583,373.467996,173.428914,-79.943711,125.709415,-79.943711,-91.774593,1.884725,125.709415,1.884725,592.21296,460.265809,1.0,4.90329,1.456472,2.881202,0.0,146.0,611.0843064474761,1.3276769520967744,0.009736931764468255
49666.0,0.062295,-0.155151,-0.985925,0.170456,0.974984,-0.142659,0.983394,-0.15917,0.087183,-394.332353,-416.868704,329.151935,3.596168,3.59342,3.593397,89.999587,90.004394,89.959214,138.650187,0.07953,0.077238,71.945764,0.924658,-371.639419,22.821423,27.020236,22.821423,-225.955268,465.126565,27.020236,465.126565,253.674645,53.2981,211.229755,-1.528213,211.229755,230.828627,186.219132,-1.528213,186.219132,197.275737,592.719499,1.0,4.856087,1.483502,1.731263,0.0,135.0,293.5296487010331,0.4952252274410718,0.01285215346382311
49616.0,-0.092382,0.461755,-0.882184,0.778548,0.585824,0.225105,0.620748,-0.666027,-0.413618,141.219663,-25.252496,510.51637900000003,3.595499,3.595007,3.594649,90.016141,89.992018,90.002769,59.227889,0.057843,0.047217,103.856273,1.0,126.195563,11.416336,-143.928737,11.416336,117.382032,121.639866,-143.928737,121.639866,16.54488,327.264509,6.425592,75.392459,6.425592,65.347011,69.302982,75.392459,69.302982,293.635925,342.0378,1.0,4.462552,1.997221,2.391368,0.0,140.0,262.3354792120088,0.7669780334571465,0.0096286913742803
50096.0,0.019618,-0.036316,0.999148,-0.495755,0.867482,0.041264,-0.868241,-0.496142,-0.000985,-405.081669,250.67102,275.277646,3.595905,3.594065,3.58918,89.916933,89.991697,89.994443,120.708653,0.080309,0.070035,87.968418,0.979167,-1594.019954,531.973585,-428.476758,531.973585,-57.875291,178.231253,-428.476758,178.231253,240.245014,-272.922893,61.710841,29.858318,61.710841,164.151594,-11.707704,29.858318,-11.707704,257.105669,439.041637,1.0,1.612072,1.571781,4.193239,0.0,141.0,493.8927362579392,1.1249337070459657,0.011130892452789136
49626.0,0.019927,-0.997516,-0.067563,0.333887,-0.057057,0.940885,-0.942403,-0.041307,0.331921,75.790031,-203.848056,285.20538999999997,3.596675,3.594248,3.596012,90.037315,90.011445,90.005518,81.372564,0.069985,0.05804,92.523014,1.0,-176.280515,294.113493,30.859533,294.113493,346.907763,35.243152,30.859533,35.243152,584.554394,128.056542,53.440277,-67.881002,53.440277,171.155776,-54.081371,-67.881002,-54.081371,514.834008,471.851861,1.0,3.213277,1.232458,4.668585,0.0,134.0,377.59224821148956,0.800234733442091,0.01080812175011938
49629.0,-0.118146,-0.750376,-0.650368,0.926816,0.151773,-0.343477,0.356445,-0.643352,0.677529,-320.125464,-390.615616,296.905287,3.592233,3.597173,3.596725,89.936098,89.957429,90.070616,142.612592,0.075283,0.075593,74.070411,0.978873,1096.878814,442.442747,64.506585,442.442747,-987.083911,277.257598,64.506585,277.257598,419.98481,-178.376037,116.803297,-102.02717,116.803297,-56.233737,-51.969867,-102.02717,-51.969867,200.217711,579.90422,1.0,5.198285,0.826399,2.63565,0.0,139.0,363.4208604921362,0.6266911809887091,0.01321543902328286
49640.0,0.170152,0.980404,-0.099279,-0.311443,0.149087,0.938497,0.934907,-0.128767,0.330707,465.357819,-94.360679,358.354888,3.597503,3.59368,3.595329,89.992718,89.985484,90.023605,34.430331,0.049191,0.037675,124.238172,1.0,-345.144023,40.293727,-13.584328,40.293727,175.120246,-110.582257,-13.584328,-110.582257,807.243579,139.693476,51.015638,26.493793,51.015638,141.975331,-109.20953,26.493793,-109.20953,824.509403,135.924151,1.0,3.246985,1.233744,1.707668,0.0,144.0,691.9818194585583,5.090940898785223,0.008049055969690216
51112.0,-0.447132,0.889784,-0.091424,-0.422822,-0.120186,0.898208,0.788223,0.440273,0.429959,-60.10641,98.09251,418.951,3.596779,3.596122,3.593864,90.006262,89.997496,90.002109,89.707946,0.064349,0.059382,99.362925,0.993056,440.977498,39.836654,-73.531942,39.836654,-96.242751,-305.542874,-73.531942,-305.542874,363.195744,244.733987,174.250136,-287.978196,174.250136,-21.000889,-75.355791,-287.978196,-75.355791,384.436635,589.926184,1.0,3.243028,1.126349,1.061402,0.0,143.0,465.28002848026955,0.7887088946034467,0.009994230745522035
50964.0,-0.095656,0.98933,-0.109887,-0.213977,0.087376,0.972923,0.972144,0.116579,0.203336,254.18332,-124.489531,492.704241,3.595717,3.596274,3.59455,90.005386,89.989775,89.987037,83.700893,0.063429,0.056279,93.283533,0.992857,410.115134,-27.823285,112.573731,-27.823285,-83.765081,18.531042,112.573731,18.531042,319.017234,278.151521,-15.825231,149.073879,-15.825231,-77.490814,40.565875,149.073879,40.565875,408.092081,476.316453,1.0,3.254062,1.366032,1.451447,0.0,139.0,455.7056845268584,0.9567288336497132,0.010643432640999992
49967.0,0.13766,-0.03726,-0.989778,0.743959,0.663599,0.07849,0.653892,-0.74716,0.119071,113.359437,447.403826,404.843907,3.591591,3.591575,3.594068,90.014421,89.97526,90.136697,199.374108,0.072284,0.076721,67.230101,0.828767,-256.720381,-203.112396,-158.487503,-203.112396,-2040.019883,180.265691,-158.487503,180.265691,350.49908,267.663132,-48.611596,-93.926964,-48.611596,-138.337782,48.103139,-93.926964,48.103139,526.248862,586.497133,1.0,4.633254,1.451442,2.422667,0.0,121.0,588.9090082652913,1.0041123393953424,0.012327320466170353
49686.0,0.126951,0.109761,0.985817,-0.153151,0.98411,-0.089849,-0.980014,-0.139573,0.141744,223.700947,-74.306011,244.54689,3.597488,3.593817,3.592671,90.025405,89.999891,90.048685,141.658293,0.071761,0.073186,67.570911,0.819444,-609.673592,-250.599772,-92.143909,-250.599772,-68.122781,524.646159,-92.143909,524.646159,609.537519,-88.159697,-135.149162,-454.117843,-135.149162,-106.207674,208.608023,-454.117843,208.608023,444.750683,717.109878,1.0,1.479906,1.428573,4.570921,0.0,118.0,703.5206967829879,0.9810500710784908,0.012127171113617219
49688.0,-0.013474,0.163581,-0.986438,0.584617,0.80163,0.124949,0.811197,-0.575005,-0.106433,230.31017,93.596684,585.8173360000001,3.596151,3.594122,3.594078,90.00938,89.997529,89.996501,154.157866,0.072948,0.072169,57.324598,0.802632,-156.897205,50.242455,-65.400895,50.242455,36.24022,291.047949,-65.400895,291.047949,157.114382,-222.669297,44.617699,-285.32564,44.617699,-57.318927,123.820843,-285.32564,123.820843,175.726017,769.403357,1.0,4.586393,1.677432,2.187427,0.0,122.0,440.7204945315687,0.5728081253115311,0.014001528628251348
49978.0,0.143461,-0.989014,-0.035626,0.701004,0.076142,0.709081,-0.698579,-0.1267,0.704226,111.120361,346.668277,342.928073,3.592922,3.591739,3.595825,89.952022,90.005379,89.976024,135.523552,0.074078,0.067836,62.561011,0.842466,-856.314652,-436.445071,-216.213536,-436.445071,-80.750619,361.724828,-216.213536,361.724828,-101.998151,10.61781,-124.158112,-143.831357,-124.158112,-110.716821,150.707213,-143.831357,150.707213,38.796569,662.08184,1.0,3.191793,0.789464,4.532971,0.0,123.0,251.09104827842665,0.379244729440739,0.01346631051087074
49691.0,0.19045,0.031912,0.981178,-0.486469,0.871195,0.066091,-0.852688,-0.489899,0.181443,150.984662,-17.925019,440.432877,3.59575,3.595346,3.591553,89.950655,90.007218,89.988807,174.187991,0.095376,0.09235,66.456034,0.802632,-838.669771,334.200091,-371.86983,334.200091,161.039018,48.002669,-371.86983,48.002669,239.98306,-791.182143,-118.726069,-179.482696,-118.726069,204.863564,155.443788,-179.482696,155.443788,263.224473,904.239822,1.0,1.638053,1.388342,4.190904,0.0,122.0,1051.9019420255206,1.1632997313687437,0.012077639180213493
49702.0,-0.080524,-0.438769,-0.894985,0.9873,-0.158476,-0.011137,-0.136947,-0.884515,0.445957,1.508718,348.282876,492.272966,3.595593,3.596609,3.595768,89.943972,89.951227,90.028735,148.721103,0.072579,0.069621,90.359933,0.901408,758.422052,-178.244395,385.506115,-178.244395,314.842803,411.66837,385.506115,411.66837,-31.066309,-122.248963,-81.025671,-111.719778,-81.025671,234.385073,20.063472,-111.719778,20.063472,166.188021,688.976363,1.0,4.724832,1.108553,3.2952,0.0,128.0,349.43388779084717,0.5071783395722201,0.009975748875333939
50065.0,0.006414,0.976872,0.213728,-0.68108,-0.152226,0.716211,0.732181,-0.150159,0.664351,102.965726,63.985528,520.913247,3.594586,3.594384,3.594774,89.985102,89.998347,89.995016,154.233076,0.066161,0.068348,64.966281,0.802817,-39.27607,72.100597,129.270202,72.100597,-50.697514,-2.832252,129.270202,-2.832252,-42.472565,177.972482,114.179604,-44.767099,114.179604,-244.547733,-31.714372,-44.767099,-31.714372,235.953864,1006.309029,1.0,2.851591,0.844171,1.773076,0.0,114.0,467.3527962003475,0.4644227396675256,0.01235744123940233
49731.0,0.041355,0.171097,-0.984386,0.382312,0.907541,0.173801,0.923107,-0.38353,-0.027881,374.135879,22.849136,340.088533,3.597214,3.595418,3.594017,89.983034,89.987407,90.02328,52.746953,0.05943,0.054626,140.563113,1.0,-249.818866,-114.850244,-65.369943,-114.850244,170.115825,40.522772,-65.369943,40.522772,755.52116,35.757581,56.946034,19.590758,56.946034,202.219269,56.881835,19.590758,56.881835,662.666277,193.562044,1.0,4.537632,1.598681,1.964574,0.0,140.0,567.022372344711,2.9294088894034984,0.007114241984666348
50886.0,-0.394393,0.918825,-0.014652,-0.530572,-0.214664,0.820008,0.750299,0.331179,0.572165,195.192169,-198.966047,277.927422,3.59561,3.592372,3.594867,90.000491,90.037969,89.972642,144.905719,0.066372,0.067245,73.36273,0.979167,-695.345255,185.255164,-62.640422,185.255164,405.676016,-217.183812,-62.640422,-217.183812,-92.157842,-69.931415,85.486904,109.831005,85.486904,-82.439925,107.302691,109.831005,107.302691,356.795201,690.823261,1.0,3.159459,0.961654,1.15512,0.0,141.0,459.07878158517224,0.664538685221215,0.013346926975045777
51175.0,0.620871,-0.03203,-0.783259,0.261117,0.950556,0.16811,0.739147,-0.308897,0.598536,183.018576,356.155026,251.986409,3.595916,3.591842,3.594894,89.937714,89.998437,89.982958,140.701232,0.078051,0.07504,85.805318,0.978873,159.523475,-250.167025,208.132633,-250.167025,-456.895116,681.455258,208.132633,681.455258,-139.704482,206.289729,-97.936256,-84.422762,-97.936256,117.589945,117.014329,-84.422762,117.014329,72.163849,615.053564,1.0,4.500967,0.929124,1.966647,0.0,139.0,191.75183548888378,0.31176444900477607,0.011408069136227664
50037.0,0.012425,0.891391,0.453065,-0.802896,-0.26117,0.535862,0.59599,-0.370422,0.712449,168.738557,100.653846,460.02632,3.594589,3.597365,3.595862,89.984576,89.984061,89.999847,95.020394,0.06216,0.0585,103.208094,1.0,754.596211,-95.970053,-38.221442,-95.970053,-44.449303,123.120915,-38.221442,123.120915,290.171654,348.116007,15.70546,28.900304,15.70546,137.485967,96.832566,28.900304,96.832566,326.46939,523.95777,1.0,2.439724,0.777814,2.126892,0.0,142.0,219.35812758092163,0.4186561210475448,0.009689162557347489
50442.0,-0.050837,0.0991,0.993778,-0.348531,0.930744,-0.110643,-0.935918,-0.351987,-0.012777,321.455532,-382.148512,295.95696399999997,3.596711,3.593721,3.594052,90.022647,90.034525,90.013075,105.431232,0.060407,0.059365,79.113388,0.992857,-197.718236,-63.910976,396.500252,-63.910976,-89.832794,319.065523,396.500252,319.065523,360.701206,-266.288553,-57.918907,264.156836,-57.918907,-199.245082,185.708773,264.156836,185.708773,480.043469,541.954589,1.0,1.459917,1.583573,4.352665,0.0,139.0,769.5359065144954,1.419926912943799,0.012549797513412016
49994.0,0.025555,0.092888,0.995349,-0.952005,0.306055,-0.00412,-0.305014,-0.947471,0.096251,464.079686,354.81441,407.838707,3.591838,3.596629,3.594005,89.992843,89.932062,89.966928,119.850417,0.069479,0.064018,93.53149,1.0,-155.526111,-530.195288,-311.443395,-530.195288,-846.629863,-205.221995,-311.443395,-205.221995,515.016687,37.41698,1.962702,52.059914,1.962702,-45.72557,-45.908573,52.059914,-45.908573,528.846503,446.241824,1.0,1.566657,1.474396,3.453041,0.0,140.0,541.1937049927752,1.2127812228393349,0.01069158633097794
50066.0,0.186394,0.006322,-0.982455,0.648895,0.750045,0.127937,0.737694,-0.661357,0.135702,302.441606,93.02832,223.589896,3.595548,3.594816,3.588732,89.964322,89.975802,90.019156,165.31182,0.075195,0.074094,62.999377,0.854167,-1686.994103,-145.532244,328.312649,-145.532244,10.980642,91.22226,328.312649,91.22226,250.343961,-274.373396,1.851003,108.20275,1.851003,-102.861164,29.668257,108.20275,29.668257,466.274452,655.993099,1.0,4.582896,1.434675,2.301685,0.0,123.0,678.5197970811104,1.0343398400310158,0.013558340426128341
51264.0,-0.653156,0.757214,0.003771,-0.439385,-0.38305,0.812536,0.616708,0.529056,0.582899,-182.474414,-371.76065,362.138053,3.590295,3.594447,3.594658,89.970941,89.882725,89.951721,195.721037,0.082687,0.082356,60.478506,0.84058,-994.609038,-755.185889,243.029676,-755.185889,-1012.517031,447.195502,243.029676,447.195502,663.70007,-64.882945,-77.139321,17.229599,-77.139321,-1.598822,115.782553,17.229599,115.782553,309.521504,896.825385,1.0,3.136952,0.948504,0.861751,0.0,116.0,367.7355225995162,0.4100413845885018,0.013898822169978868
50025.0,0.010236,0.603644,0.797188,-0.955139,0.24188,-0.170892,-0.295982,-0.759676,0.579039,268.859265,-118.68896,414.615192,3.596487,3.594897,3.594088,90.041463,89.981404,90.002261,80.653935,0.058911,0.058596,107.516538,1.0,-445.232398,-118.813059,-46.058674,-118.813059,532.433212,-44.743189,-46.058674,-44.743189,260.641679,228.858927,65.853736,-18.62002,65.853736,63.721614,-63.977772,-18.62002,-63.977772,383.072487,491.719165,1.0,1.359624,0.953246,3.513116,0.0,142.0,288.2724378245853,0.586254224653996,0.009300894714448489
49779.0,0.001912,0.248341,-0.968671,0.868943,0.478992,0.124516,0.494908,-0.841958,-0.214878,-48.586768,502.703427,479.952196,3.592445,3.595821,3.597161,90.000811,90.026023,90.015381,139.418543,0.066001,0.064241,72.547302,0.979452,654.722012,118.431957,163.948961,118.431957,-564.352271,-317.714925,163.948961,-317.714925,245.368425,96.186788,8.068766,178.428601,8.068766,168.927361,68.350821,178.428601,68.350821,507.111879,538.832076,1.0,4.584547,1.787364,2.610188,0.0,143.0,414.35488873974316,0.7689870503175894,0.013500874229616423
50008.0,0.014399,0.173071,0.984804,-0.999253,0.037818,0.007964,-0.035865,-0.984183,0.173487,523.309808,-48.680746,484.32357,3.59364,3.59672,3.592799,90.02379,90.027197,90.052845,128.850794,0.063245,0.060933,72.562583,0.992754,-587.155428,308.71376,26.36465,308.71376,-266.812782,-443.618596,26.36465,-443.618596,558.095398,-518.940867,299.747383,-82.299515,299.747383,-274.504528,-164.136351,-82.299515,-164.136351,607.723892,793.539086,1.0,1.578883,1.396427,3.178018,0.0,137.0,1070.699130547003,1.3492708165694602,0.013681348691790643
50075.0,0.199501,0.023898,-0.979606,0.718612,0.676077,0.162841,0.66618,-0.736444,0.117704,139.980309,455.121488,491.124618,3.596435,3.595865,3.59021,89.922265,89.915995,89.962355,170.304073,0.106755,0.100075,68.505295,0.929577,-1505.811677,-615.915126,189.442029,-615.915126,991.580995,133.994407,189.442029,133.994407,36.406903,-778.876311,6.181613,251.371871,6.181613,265.077489,-32.329721,251.371871,-32.329721,413.698381,778.409199,1.0,4.547664,1.452819,2.406247,0.0,132.0,1146.8585272748553,1.4733362976031008,0.01356941824715885
50064.0,-0.015174,0.94512,0.32637,-0.848966,-0.184616,0.495151,0.52823,-0.269564,0.805176,49.295221,-135.344064,547.947009,3.596167,3.594315,3.596479,90.00015,89.951905,90.00094,133.424874,0.079001,0.071053,72.85422,0.809859,-58.724171,-9.551218,216.305442,-9.551218,45.044936,-168.753211,216.305442,-168.753211,775.735495,-345.823406,122.164169,-117.105793,122.164169,387.224578,11.845941,-117.105793,11.845941,293.895821,689.924256,1.0,2.558825,0.634824,2.042661,0.0,115.0,706.5683119885858,1.0241244685106212,0.011116157718797896
49820.0,0.074819,0.267855,-0.96055,0.304023,0.911264,0.277792,0.949722,-0.312813,-0.013254,-231.725627,-22.289547,268.606317,3.595117,3.595869,3.594288,90.015919,89.971434,90.013841,76.248345,0.059266,0.051051,94.941456,1.0,-62.101911,138.225692,-317.308059,138.225692,165.661839,-73.301768,-317.308059,-73.301768,189.503639,-129.025501,106.992321,-144.160431,106.992321,108.750885,17.619169,-144.160431,17.619169,405.577607,454.325405,1.0,4.430868,1.584051,1.888979,0.0,142.0,489.51722560024945,1.0774595041636499,0.010532806659295388
50607.0,-0.321312,0.945468,0.053379,-0.721418,-0.280906,0.632967,0.613445,0.164871,0.772336,-237.798573,416.694674,220.952598,3.594807,3.597679,3.595465,90.079213,89.939644,89.971652,202.198331,0.065126,0.081211,71.443455,0.927536,493.794201,-883.820916,-361.895605,-883.820916,20.135649,-30.490784,-361.895605,-30.490784,522.363854,-755.691629,-81.720544,-256.839952,-81.720544,101.755504,-55.37669,-256.839952,-55.37669,521.46391,834.73061,1.0,3.05746,0.688285,1.308238,0.0,128.0,1152.40279022374,1.3805685048781668,0.012982798774219416
50098.0,-0.054181,0.86671,0.49586,-0.979648,-0.142257,0.141607,0.193272,-0.478096,0.856779,-379.540594,-186.567193,570.193092,3.595886,3.593617,3.594628,90.066236,89.967426,89.950171,109.748263,0.060448,0.057474,89.977065,1.0,-794.657593,-483.430925,-80.75998,-483.430925,364.20143,-14.750644,-80.75998,-14.750644,404.570395,242.922503,-53.924296,-211.284143,-53.924296,282.37206,18.168977,-211.284143,18.168977,258.141966,416.61458,1.0,1.84897,0.541806,2.757426,0.0,148.0,192.60502695685716,0.46230985712707695,0.01111394331433238
50509.0,-0.083067,0.164874,0.98281,-0.376494,0.907936,-0.184134,-0.922688,-0.385318,-0.013345,-76.73057,-144.648175,516.074926,3.596195,3.593911,3.596642,89.975604,90.020459,90.040926,126.382418,0.061212,0.064461,83.143449,0.9375,615.53336,178.291417,162.323223,178.291417,33.339591,451.210611,162.323223,451.210611,53.906372,240.767871,-12.202069,-89.888359,-12.202069,-30.721482,26.364493,-89.888359,26.364493,562.761242,484.522982,1.0,1.385588,1.584142,4.3168,0.0,135.0,521.0536366540749,1.0753950916905628,0.011275692929216829
49863.0,0.078832,0.147443,-0.985924,0.592233,0.788631,0.165291,0.801901,-0.596927,-0.025151,251.962191,-122.940569,329.808619,3.59568,3.594544,3.592395,90.009384,89.974645,89.980841,111.651509,0.057454,0.052716,76.370966,0.966216,-640.253018,72.496446,-206.254549,72.496446,218.254349,234.875096,-206.254549,234.875096,-23.237021,-151.23144,-89.377391,-212.000197,-89.377391,-108.91931,104.216286,-212.000197,104.216286,333.951694,560.822389,1.0,4.546283,1.59595,2.210697,0.0,143.0,514.3043212795446,0.9170538326699089,0.012651614227322985
50173.0,-0.0722,0.455405,0.887352,-0.781611,0.526827,-0.333973,-0.619574,-0.717677,0.317912,-280.132844,-120.943715,459.563687,3.593687,3.596086,3.597734,89.919749,90.037292,89.935989,204.05351,0.116429,0.114975,87.808164,0.8,1302.856834,44.726985,-187.352882,44.726985,-859.653307,57.955131,-187.352882,57.955131,469.187452,377.548043,163.80747,-366.34338,163.80747,-262.964206,-93.069669,-366.34338,-93.069669,335.435844,737.712212,1.0,1.210825,1.24727,3.85376,0.0,112.0,715.7742249277171,0.9702621337759786,0.00911077015572265
50118.0,-0.067236,0.521578,0.85055,-0.964086,0.185569,-0.190006,-0.256939,-0.832779,0.490369,-72.814434,-296.909536,294.40977,3.595482,3.597493,3.596989,89.946783,89.998494,90.022372,121.925289,0.068158,0.065344,137.677622,1.0,1086.362326,103.645525,-266.319644,103.645525,282.548863,-162.708995,-266.319644,-162.708995,228.4038,82.879856,-59.860118,-120.654158,-59.860118,153.693204,-111.940801,-120.654158,-111.940801,338.115193,507.044231,1.0,1.351013,1.058283,3.440858,0.0,144.0,274.0238869902271,0.5404338916346473,0.007263344510700511
50161.0,-0.071828,0.963879,0.256471,-0.814984,-0.204956,0.542028,0.575015,-0.170087,0.800268,450.015149,462.905052,270.316834,3.597067,3.596491,3.597096,89.95039,90.016354,90.075281,93.632415,0.06584,0.060523,116.648163,1.0,809.146822,778.346726,-41.927665,778.346726,452.714295,-77.636288,-41.927665,-77.636288,526.789888,-51.823084,-4.924466,112.457603,-4.924466,154.946326,8.987822,112.457603,8.987822,465.037255,180.031292,1.0,2.699639,0.643055,1.858391,0.0,140.0,461.07602348436956,2.5610882328410414,0.008572788240137139
50655.0,0.382443,0.081846,-0.920347,0.39871,0.883942,0.244289,0.833527,-0.460379,0.305425,293.272097,203.699456,511.34805900000003,3.596511,3.593732,3.595183,89.984318,89.988591,90.030853,50.27945,0.05268,0.045869,119.750529,1.0,66.886399,-208.534924,158.636598,-208.534924,-244.810469,191.907681,158.636598,191.907681,513.307423,213.023648,16.85728,153.6789,16.85728,-50.533728,192.216298,153.6789,192.216298,502.593273,281.513847,1.0,4.45294,1.260412,2.075423,0.0,148.0,524.6595341354476,1.8637077349003286,0.008350693799440334
51246.0,0.503636,0.097858,-0.858356,0.15431,0.967396,0.20083,0.850023,-0.233598,0.472115,-180.370518,-246.433417,291.288559,3.596165,3.594454,3.593485,90.044947,89.985913,89.988211,121.99959,0.055474,0.056331,74.504676,0.952055,-187.657594,449.279853,152.217407,449.279853,-193.508598,-12.79507,152.217407,-12.79507,348.614468,-32.676037,-65.162833,177.264879,-65.162833,-228.07306,0.837561,177.264879,0.837561,256.600842,563.936208,1.0,4.482553,1.079108,1.83899,0.0,139.0,452.9207994015055,0.8031419032443214,0.01277845970365672
50237.0,0.206777,0.105159,-0.97272,0.401471,0.897531,0.182373,0.892224,-0.428229,0.14337,-315.371822,-410.569738,305.450404,3.592736,3.592454,3.593853,89.980921,89.964619,90.065658,198.447377,0.091425,0.09391,68.490324,0.808219,-447.340233,-444.046417,-229.82239,-444.046417,-923.679477,-245.738202,-229.82239,-245.738202,-69.916165,-129.442813,73.752916,-84.841147,73.752916,-43.866618,59.59638,-84.841147,59.59638,222.544352,824.618677,1.0,4.527053,1.42693,2.018281,0.0,118.0,336.50922456864447,0.4080785870541766,0.011800484401271048
50213.0,-0.108771,0.134606,0.984911,-0.842739,0.512995,-0.16318,-0.527219,-0.847772,0.057639,134.787871,-359.803097,469.519583,3.597259,3.594836,3.59354,90.017569,90.022173,90.012962,114.854084,0.080264,0.070874,87.042177,0.957746,-310.775572,222.065441,244.377755,222.065441,566.173384,219.583037,244.377755,219.583037,138.413442,-276.394675,107.627388,210.480202,107.627388,7.14332,88.670978,210.480202,88.670978,484.827066,638.948502,1.0,1.406608,1.513125,3.697951,0.0,136.0,701.304592671399,1.097591731534256,0.011003240417573655
49937.0,0.117688,-0.927714,0.354255,0.846731,0.280129,0.452299,-0.518841,0.246729,0.818492,87.26191,158.886898,371.292461,3.594308,3.595508,3.595433,90.00352,90.03072,90.033864,136.825089,0.071418,0.069313,71.125498,0.932432,268.878554,100.885041,-92.395084,100.885041,-383.427946,-13.053291,-92.395084,-13.053291,400.653101,-204.347733,-26.123565,20.845405,-26.123565,293.012037,-24.585794,20.845405,-24.585794,212.268089,649.54491,1.0,2.47716,0.612016,5.156276,0.0,138.0,463.7009911196092,0.7138859592012032,0.013109672708372462
51049.0,-0.104396,0.985262,0.135498,-0.200897,-0.154325,0.96738,0.974034,0.073769,0.214047,141.639118,62.048647,335.05314599999997,3.596445,3.59519,3.594982,90.03004,89.97743,90.000889,55.159771,0.051066,0.042255,131.918179,1.0,53.657335,-268.520128,-80.775536,-268.520128,86.26318,88.148398,-80.775536,88.148398,526.338057,201.80818,20.294667,-32.95666,20.294667,294.738434,2.994229,-32.95666,2.994229,414.291544,156.722986,1.0,3.002431,1.35508,1.495205,0.0,142.0,187.5348350672276,1.1966007020005833,0.007580456367579179
49964.0,0.132486,-0.650366,-0.747978,0.65885,0.621569,-0.423754,0.740516,-0.436664,0.510843,25.54437,36.615552,431.56737,3.595662,3.595404,3.59574,89.994802,89.992618,90.002847,149.101204,0.072815,0.07996,75.045963,0.830986,273.863457,0.561223,-46.870279,0.561223,152.353261,34.774696,-46.870279,34.774696,293.007695,134.599188,-59.499695,-97.548352,-59.499695,128.086256,-62.11928,-97.548352,-62.11928,245.855965,688.756411,1.0,5.227837,1.034631,2.10359,0.0,117.0,160.72063108963334,0.23334901646328685,0.011073027339258742
50254.0,-0.17117,0.403658,0.898755,-0.971428,0.083073,-0.222321,-0.164404,-0.911131,0.377905,-123.974251,421.84378,256.778559,3.591063,3.595513,3.593102,89.938473,90.043076,89.904082,180.319353,0.084691,0.073174,107.765723,1.0,26.553337,-106.611192,-465.604862,-106.611192,-1304.986836,837.212983,-465.604862,837.212983,12.850651,-247.079609,56.089774,-166.465058,56.089774,315.524996,27.856367,-166.465058,27.856367,355.884235,629.220149,1.0,1.328298,1.183264,3.320112,0.0,146.0,603.8075811499269,0.9596125968145482,0.009279388400706967
50998.0,0.273846,-0.945771,0.174714,0.106745,0.210424,0.971765,-0.955831,-0.247464,0.15858,-428.314261,429.618748,451.178739,3.595879,3.602906,3.594395,89.846026,90.051275,90.050258,222.376533,0.085829,0.086535,81.081196,0.972222,1788.116776,-1755.112456,-125.371586,-1755.112456,451.677778,63.681404,-125.371586,63.681404,248.254553,-287.978265,-92.423267,-78.314116,-92.423267,71.954285,204.166968,-78.314116,204.166968,155.100247,690.560405,1.0,2.963703,1.411544,4.459052,0.0,140.0,456.7943887285251,0.6614836087054906,0.011990721005151429
50719.0,0.201778,-0.960058,0.193842,0.113002,0.21941,0.969066,-0.972891,-0.173631,0.15276,0.612467,-465.398071,377.451434,3.5961,3.591006,3.592573,90.022764,90.066157,89.952594,183.13573,0.079411,0.08009,64.358346,0.895833,-1096.263508,138.219413,233.668594,138.219413,-801.63102,373.720216,233.668594,373.720216,633.709681,-84.233446,23.169072,-211.300942,23.169072,-382.821059,-72.677983,-211.300942,-72.677983,558.752666,732.140393,1.0,2.944169,1.417436,4.535779,0.0,129.0,855.8175206411863,1.168925425811312,0.01391945343032899
50424.0,0.230484,0.189312,-0.954483,0.287657,0.923798,0.252687,0.929586,-0.332804,0.158464,53.904407,189.800679,370.600753,3.595826,3.594457,3.595943,90.080409,89.999801,89.998417,127.302737,0.074312,0.068315,76.003678,0.84507,572.119219,513.80603,-224.916946,513.80603,-341.588435,85.995701,-224.916946,85.995701,326.581251,228.628629,219.215261,-239.943903,219.215261,-69.157588,84.333039,-239.943903,84.333039,338.029687,611.600152,1.0,4.453589,1.411662,1.914592,0.0,120.0,466.6676561067505,0.7630273710375901,0.011118804013668918
50333.0,-0.201152,0.233686,0.951277,-0.877183,0.389266,-0.281109,-0.435991,-0.89099,0.126684,-381.600371,328.878482,515.701113,3.595362,3.59557,3.600221,90.009694,89.966969,89.981729,96.974567,0.055541,0.05439,133.119468,1.0,1236.448294,-651.496393,105.461507,-651.496393,340.126049,7.213968,105.461507,7.213968,351.763006,168.715963,5.829389,3.904692,5.829389,175.706634,39.967472,3.904692,39.967472,259.844962,133.772267,1.0,1.283467,1.443771,3.596671,0.0,138.0,94.611212335289,0.7072558046376608,0.007512049251879521
50511.0,0.147744,-0.962764,0.226402,0.07765,0.239499,0.967786,-0.985973,-0.125405,0.110144,490.841388,-125.115736,220.762578,3.598318,3.587963,3.595607,89.932987,89.968709,89.947096,130.236289,0.077432,0.070046,97.773573,0.993151,-2081.490901,12.56658,-71.802186,12.56658,452.45016,-421.304152,-71.802186,-421.304152,979.064176,-76.762783,-1.579289,-23.698755,-1.579289,216.909563,-40.586926,-23.698755,-40.586926,907.338357,274.644361,1.0,2.911788,1.460429,4.585879,0.0,145.0,875.9873160312811,3.1895332306905844,0.010157662950498905
50495.0,-0.248284,0.061642,0.966724,-0.723301,0.652036,-0.227342,-0.644353,-0.755678,-0.117304,-97.10988,33.141385,329.397188,3.594851,3.595434,3.594287,89.987594,89.993667,90.029878,117.467658,0.062423,0.059223,73.921067,0.992857,-120.890149,126.031885,-141.061573,126.031885,323.574126,-94.052363,-141.061573,-94.052363,-105.199834,-279.460351,69.856878,58.239284,69.856878,178.626049,-133.596255,58.239284,-133.596255,369.979272,518.829832,1.0,1.339826,1.688371,3.847642,0.0,139.0,594.7313112540724,1.1462935910247973,0.013431313160022435
51183.0,-0.401886,0.108969,0.909183,-0.347451,0.900494,-0.261511,-0.84721,-0.420994,-0.324035,-348.087717,-339.099367,350.674328,3.59333,3.595886,3.59528,89.98267,89.992288,89.966392,168.280254,0.077071,0.078881,77.585046,0.808219,19.743129,-71.059608,-276.257474,-71.059608,-21.080016,-409.390485,-276.257474,-409.390485,77.96455,-84.734827,384.264788,-129.558396,384.264788,-65.839798,-19.184467,-129.558396,-19.184467,438.964255,590.330542,1.0,1.290724,1.900787,4.25121,0.0,118.0,623.162962675518,1.0556170117241164,0.01041720075799143
50419.0,0.884355,0.309934,0.34908,-0.358762,-0.027198,0.933033,0.298673,-0.950369,0.08714,-126.554826,-340.507511,64.526066,3.595777,3.597025,3.593315,89.964539,89.96611,89.954878,152.496616,0.071476,0.072767,71.821659,0.964789,703.535812,14.561704,-458.257122,14.561704,-513.536715,-117.752923,-458.257122,-117.752923,337.124983,13.979085,-129.163716,25.258272,-129.163716,-146.991929,-35.845989,25.258272,-35.845989,502.304478,665.933423,1.0,2.783581,1.483546,2.837095,1.0,137.0,597.4397258653029,0.8971463290937762,0.013433120501992303
50305.0,0.244192,0.298641,-0.922596,0.002421,0.951207,0.308543,0.969724,-0.077577,0.231554,-152.676772,275.607586,-161.139684,3.596949,3.596197,3.592182,90.038508,89.942694,90.038564,107.746674,0.064026,0.06412,102.675792,0.993056,-622.18989,540.21519,-269.792578,540.21519,100.604958,-305.516754,-269.792578,-305.516754,828.866643,27.022967,156.885068,5.890366,156.885068,212.093443,-62.751728,5.890366,-62.751728,568.043292,379.915113,1.0,4.389653,1.337121,1.650626,1.0,141.0,498.2632179195258,1.3115119690422155,0.009671763720118175
51681.0,0.097011,-0.843088,-0.528953,0.991901,0.03812,0.121158,-0.081984,-0.536422,0.839958,-379.251989,-285.969545,4.61697,3.593977,3.594203,3.593962,90.049827,89.948583,89.974536,120.486414,0.047357,0.049497,87.466939,0.978261,-639.236464,-364.008946,274.479692,-364.008946,-92.213622,262.860328,274.479692,262.860328,152.298337,-7.144797,158.267125,23.799718,158.267125,219.531041,47.955176,23.799718,47.955176,361.700605,452.705537,1.0,4.48722,0.57359,3.293253,1.0,134.0,353.2088359202301,0.7802176184123635,0.011184351609697923
50308.0,-0.702196,0.276047,-0.656291,0.40599,0.912477,-0.050584,0.584887,-0.301968,-0.75281,-230.826801,476.132456,-181.991266,3.592539,3.598908,3.596178,89.922103,90.037572,90.001572,174.698489,0.086275,0.085387,73.70624,0.978571,-584.917809,145.352887,293.641213,145.352887,805.544921,-802.168348,293.641213,-802.168348,725.443315,-44.022138,77.99836,-13.621326,77.99836,125.079932,-77.066046,-13.621326,-77.066046,411.93735,648.324443,1.0,4.789313,2.423117,2.047386,1.0,137.0,410.54502386052417,0.6332400826364095,0.013276637093412987
50584.0,0.748345,0.57621,-0.328575,-0.426497,0.797375,0.426959,0.508015,-0.179376,0.842463,-323.982004,-139.405685,57.644369,3.595669,3.595615,3.596073,89.994097,89.997432,89.996308,24.228643,0.054105,0.041817,147.22666,1.0,262.792097,-1.822254,13.98987,-1.822254,274.355732,85.538807,13.98987,85.538807,335.351965,183.219252,45.952071,-21.357888,45.952071,314.28176,37.711722,-21.357888,37.711722,332.349323,113.796795,1.0,3.797502,0.568957,1.910223,1.0,142.0,151.20926755707862,1.3287656085312298,0.006792248088763271
51019.0,0.512027,0.656146,0.554347,-0.609975,-0.176637,0.772483,0.60478,-0.73367,0.30979,-242.002036,345.134436,105.64073,3.594018,3.595869,3.594206,90.03113,90.011796,90.037232,110.709723,0.062618,0.061195,88.654545,1.0,-437.694394,5.139062,-241.239545,5.139062,-52.544784,108.785639,-241.239545,108.785639,454.412512,29.040099,1.746867,93.881384,1.746867,-92.34754,-157.098644,93.881384,-157.098644,466.57956,460.08034,1.0,2.519141,1.255824,2.452197,1.0,140.0,533.3012125326736,1.1591480143069657,0.011279737547578638
50312.0,0.937009,0.031236,0.347905,-0.297087,0.595114,0.746712,-0.183718,-0.803034,0.566907,273.38872,13.634727,139.076985,3.595366,3.594926,3.596978,90.031561,89.978831,90.019911,94.11271,0.068778,0.059477,91.109287,0.993151,332.545186,65.716738,381.621185,65.716738,115.403713,241.686824,381.621185,241.686824,400.274032,-28.524627,58.882373,69.880892,58.882373,118.850452,30.48375,69.880892,30.48375,471.354511,483.659783,1.0,2.705582,0.96805,3.366502,1.0,144.0,452.6462614590386,0.9358774026060351,0.01090065604398814
51504.0,-0.007522,0.412205,-0.91106,0.713309,0.640728,0.284005,0.70081,-0.647731,-0.298849,79.220305,-217.395826,140.432279,3.595998,3.593497,3.593581,90.013156,89.999756,89.974092,149.977525,0.071433,0.075375,66.777811,0.913043,-241.515915,107.837243,14.156215,107.837243,175.891891,385.809967,14.156215,385.809967,-252.6788,104.632848,146.988195,167.31792,146.988195,6.815473,159.240846,167.31792,159.240846,77.550707,725.715907,1.0,4.410206,1.874283,2.316855,1.0,126.0,252.72796523929583,0.3482464181941871,0.013672850102858269
51827.0,0.234525,-0.650297,-0.722573,0.971665,0.179294,0.154013,0.029399,-0.738219,0.67392,105.549986,-345.524607,-17.085379,3.595096,3.595176,3.595259,90.011841,90.00183,89.996432,88.189869,0.066625,0.058552,89.256225,1.0,30.923986,8.351077,-29.528484,8.351077,101.107037,-31.644411,-29.528484,-31.644411,232.588845,-6.052299,-0.774243,52.137816,-0.774243,66.417791,-50.698167,52.137816,-50.698167,308.975147,537.932606,1.0,4.502386,0.831295,3.10179,1.0,146.0,292.62788639973377,0.5439861483312536,0.011203700358154291
52766.0,-0.646017,0.749714,-0.143497,-0.641758,-0.431665,0.633886,0.413291,0.501591,0.759998,200.13312,446.499771,-2.465236,3.593526,3.59585,3.595372,89.989474,89.997169,89.985204,156.728806,0.092176,0.092517,87.7986,0.95,-103.989371,-240.457743,217.378717,-240.457743,-9.768996,36.301534,217.378717,36.301534,260.604019,16.840439,1.876242,183.709349,1.876242,143.224266,-148.570803,183.709349,-148.570803,393.281167,836.342618,1.0,3.364217,0.707487,0.689181,1.0,133.0,389.8383255974369,0.4661227554440337,0.010820218090037883
52357.0,-0.459852,0.71426,0.527607,-0.885383,-0.323252,-0.334073,-0.068066,-0.620758,0.781042,142.201762,-232.59017,24.593391,3.596478,3.594231,3.594442,90.056406,90.021109,90.003715,116.009778,0.063802,0.06191,84.202398,0.929577,-253.417039,519.116471,-4.283429,519.116471,120.787361,149.02887,-4.283429,149.02887,391.052732,275.700164,57.441113,-136.202594,57.441113,280.027264,110.965917,-136.202594,110.965917,266.069411,642.141804,1.0,1.006332,0.674464,3.250805,1.0,132.0,160.5496668855379,0.2500221382340308,0.011039792477169118
50320.0,-0.695248,-0.16932,-0.698542,0.410488,0.704247,-0.579255,0.590026,-0.689469,-0.420122,-78.66793,70.80788,54.347672,3.594673,3.595971,3.595438,89.979928,89.978831,90.017739,134.415815,0.071574,0.068867,80.418614,0.95,279.902775,82.144004,120.602547,82.144004,-88.557961,-220.904584,120.602547,-220.904584,326.385453,348.386338,85.42555,174.1924,85.42555,-93.695437,-101.241019,174.1924,-101.241019,571.003362,772.439177,1.0,5.404703,2.004376,2.433759,1.0,133.0,615.8954942447181,0.7973384993712173,0.011813185439878382
50882.0,0.482209,-0.656978,0.57953,-0.436361,0.393497,0.809166,-0.759647,-0.643071,-0.096932,428.496211,6.953591,-78.032558,3.596623,3.598262,3.59543,90.085141,89.94253,90.034801,138.810756,0.078586,0.072795,90.460796,0.935714,1647.352529,-122.761183,139.143495,-122.761183,-346.984418,44.459455,139.143495,44.459455,393.439297,104.761056,-79.311554,63.283946,-79.311554,-262.375455,-94.10235,63.283946,-94.10235,701.880628,514.111679,1.0,2.520073,1.667881,4.009907,1.0,130.0,851.4271676483379,1.656113257929583,0.01034386210795669
51886.0,0.272777,-0.913266,-0.302553,0.954252,0.296859,-0.03574,0.122456,-0.278963,0.952462,280.739205,393.208721,13.593451,3.594305,3.59715,3.595718,90.006754,89.936722,90.062619,112.377444,0.061076,0.058659,103.442795,0.992958,723.540487,59.809319,360.358946,59.809319,-397.714428,528.661163,360.358946,528.661163,494.547331,243.847879,-16.768073,-22.302523,-16.768073,150.33457,10.143176,-22.302523,10.143176,478.237404,346.458406,1.0,4.829972,0.309578,2.727951,1.0,141.0,293.70532781223545,0.8477361862948577,0.009599102576453005
51798.0,0.205579,-0.875649,-0.437009,0.953196,0.280326,-0.113294,0.22171,-0.393264,0.892293,-237.645209,-164.899698,141.580214,3.595533,3.59497,3.598251,90.00146,90.010493,90.014919,124.180455,0.064874,0.062388,77.079694,0.965753,298.428599,217.657064,-313.131739,217.657064,168.957328,-97.798403,-313.131739,-97.798403,793.752196,327.800508,14.124346,-142.794614,14.124346,143.068066,89.615379,-142.794614,89.615379,396.652572,642.407442,1.0,4.966052,0.468396,2.62824,1.0,141.0,270.28027690120405,0.42073030172213366,0.012529279112083656
50972.0,-0.394722,-0.771768,-0.498566,0.739338,-0.58896,0.326351,-0.545503,-0.239791,0.803073,272.548463,480.718717,17.98808,3.595832,3.594174,3.593412,89.98383,89.996705,89.977884,137.357237,0.093878,0.07992,83.572699,0.985915,99.213767,-173.734374,211.844992,-173.734374,-136.478074,-279.536847,211.844992,-279.536847,-186.025737,-264.218528,-24.066135,18.019518,-24.066135,-83.397868,-167.578913,18.019518,-167.578913,301.424481,563.845488,1.0,4.132802,0.638361,4.298235,1.0,140.0,521.6398307025959,0.9251467676949751,0.011797094168276174
51796.0,0.024564,0.90903,0.416006,-0.653813,-0.30019,0.694561,0.756257,-0.289051,0.586962,-270.143044,86.753687,-16.601331,3.596881,3.594329,3.594613,89.99331,90.032602,89.987212,123.918701,0.056383,0.060923,85.8332,1.0,-56.839411,46.328227,38.900805,46.328227,505.20576,-385.240925,38.900805,-385.240925,-2.582539,339.937798,84.362868,30.893408,84.362868,163.09341,-98.438807,30.893408,-98.438807,408.95226,504.869803,1.0,2.601947,0.943495,1.935875,1.0,138.0,248.11897345175075,0.49145140386174124,0.011650503534762772
50327.0,0.190834,0.433755,-0.88059,0.019453,0.895229,0.445181,0.98143,-0.102086,0.162402,73.30636,-296.888125,74.184227,3.596865,3.595197,3.594736,90.039128,90.013839,89.996654,93.573203,0.075514,0.062232,79.83556,0.986111,350.870501,252.158622,163.042884,252.158622,-171.635879,-62.146806,163.042884,-62.146806,537.730831,79.453134,262.069548,-10.091554,262.069548,54.893389,127.694484,-10.091554,127.694484,624.217162,505.313791,1.0,4.244313,1.407671,1.674441,1.0,142.0,612.0183162385067,1.211164878416126,0.012351776576753517
51630.0,0.132179,0.677979,0.723099,-0.745257,-0.413008,0.523466,0.653545,-0.608086,0.450678,297.530328,85.711451,-42.946057,3.593932,3.595427,3.596245,89.979552,89.968188,90.033734,109.007273,0.069481,0.067681,82.945919,0.971014,477.981438,171.66972,55.214119,171.66972,-452.741291,114.101752,55.214119,114.101752,359.147488,105.208881,179.406901,164.394815,179.406901,-206.081555,20.355404,164.394815,20.355404,437.930214,533.258041,1.0,2.197396,1.103272,2.320178,1.0,134.0,596.572137417112,1.1187306923649596,0.0117065916166412
50567.0,0.860883,0.426454,0.277519,-0.49176,0.837368,0.23872,-0.130583,-0.341983,0.930589,427.234592,-398.164457,47.167213,3.59617,3.594559,3.597654,90.00343,89.950804,89.972425,80.469611,0.070307,0.056058,103.184187,1.0,722.69654,10.195796,407.21872,10.195796,-204.105086,3.387486,407.21872,3.387486,639.092663,107.5585,201.893607,117.206924,201.893607,-71.629027,51.008804,117.206924,51.008804,616.680404,318.800277,1.0,2.281177,0.374778,3.506347,1.0,144.0,652.2015563720653,2.045799842175373,0.009691407463432358
51635.0,0.104604,-0.852619,0.511955,-0.194692,0.487262,0.851276,-0.975271,-0.18872,-0.115029,-353.089961,-82.237779,-8.199443,3.595969,3.593016,3.593495,89.93113,89.989227,89.988609,130.277676,0.057194,0.059042,76.068678,0.835616,-968.288483,-223.894756,-58.353311,-223.894756,96.335166,-106.714642,-58.353311,-106.714642,387.194197,-389.484735,-165.145508,-120.550794,-165.145508,161.973928,206.564777,-120.550794,206.564777,405.341564,535.63267,1.0,2.600146,1.686081,4.521246,1.0,122.0,748.9309442790824,1.3982174468168314,0.010985020667770774
51994.0,0.353277,-0.813445,-0.462064,0.863991,0.473105,-0.172308,0.358768,-0.338347,0.869947,254.400067,375.130208,118.962536,3.597804,3.59427,3.596514,90.019354,89.969107,89.98902,109.001754,0.067878,0.059635,83.076275,0.979167,-145.104632,187.412004,-34.57932,187.412004,647.080127,306.102733,-34.57932,306.102733,712.701456,186.764093,-10.154884,-128.732826,-10.154884,157.038694,37.579815,-128.732826,37.579815,480.977296,477.546357,1.0,5.069326,0.515702,2.326909,1.0,140.0,331.29479547118893,0.6937437394610654,0.011786361388976577
50332.0,-0.676714,-0.673291,0.297889,0.412633,-0.01175,0.910822,-0.609748,0.739285,0.285773,-200.461626,-426.986967,40.322432,3.595781,3.59588,3.596585,90.014413,90.02982,90.004603,59.063875,0.059619,0.050389,106.723122,1.0,440.498464,277.880447,103.01239,277.880447,282.527703,75.053124,103.01239,75.053124,396.583263,104.788516,-87.676377,48.124998,-87.676377,112.24901,-55.116048,48.124998,-55.116048,404.208132,183.283727,1.0,2.825503,1.280983,5.593516,1.0,140.0,311.8567830195048,1.701497389451846,0.009370040730255248
52471.0,-0.414489,-0.004691,0.910042,-0.674156,0.673314,-0.303582,-0.61132,-0.739342,-0.282244,-315.414893,-136.305606,65.170477,3.596087,3.59599,3.593113,90.030768,89.971835,89.987429,56.517916,0.053184,0.045687,121.145748,1.0,-493.198548,-86.572516,318.69896,-86.572516,396.778231,35.355222,318.69896,35.355222,365.956804,237.965641,47.243744,-20.392991,47.243744,374.061607,-40.631619,-20.392991,-40.631619,459.545921,137.529086,1.0,1.248814,1.856928,3.832488,1.0,136.0,201.712247054857,1.4666879052396014,0.00825452000180807
52507.0,-0.250862,0.941852,0.223571,-0.452533,-0.318269,0.833018,0.855735,0.107799,0.506061,-279.510011,246.129534,-14.406156,3.595795,3.592834,3.594365,89.9479,89.999285,90.040318,132.271935,0.055391,0.057034,77.605859,0.915493,-100.53381,617.126095,-174.843874,617.126095,-413.069974,-55.658273,-174.843874,-55.658273,171.965325,-402.921527,151.465641,-111.6546,151.465641,132.872391,-135.295219,-111.6546,-135.295219,409.795048,618.849821,1.0,2.879385,1.040185,1.445484,1.0,130.0,743.2494841535039,1.2010175311232802,0.011796699524967568
52012.0,-0.198865,0.147449,0.968871,-0.977688,0.038414,-0.206521,-0.067669,-0.988323,0.13652,-401.1794,161.664776,-179.618684,3.592537,3.594952,3.599294,90.030534,89.946217,89.990429,154.023008,0.077478,0.074874,65.706261,0.918919,904.464167,-811.985068,372.666553,-811.985068,-344.850577,-109.699434,372.666553,-109.699434,152.783623,399.175526,-318.184031,-113.258138,-318.184031,-389.067246,194.471704,-113.258138,194.471704,203.352617,725.390654,1.0,1.360783,1.433849,3.209954,1.0,134.0,786.9136432834783,1.0848135951907072,0.013985257812798085
51186.0,-0.275087,-0.688292,-0.671253,0.827573,-0.524881,0.199056,-0.489336,-0.500754,0.714,-175.560381,-374.887494,-38.429471,3.594409,3.595933,3.595921,89.975732,90.018772,89.976951,117.13959,0.060143,0.058281,80.26199,0.992958,509.741895,156.994271,-14.627278,156.994271,-231.786692,-41.756921,-14.627278,-41.756921,290.223454,-433.864083,-96.010939,-105.053425,-96.010939,271.473436,-64.880804,-105.053425,-64.880804,443.285627,613.381107,1.0,4.424107,0.775602,3.91546,1.0,141.0,816.4275290243917,1.3310281645573925,0.012371460014883758
52304.0,0.591531,-0.387128,-0.707265,0.806282,0.283289,0.519284,-0.000669,-0.877428,0.479709,-308.622126,267.081096,155.171344,3.595361,3.59581,3.594808,90.027237,89.979531,90.002278,74.905385,0.049994,0.045907,96.349645,1.0,-156.168338,94.154061,52.311493,94.154061,211.875026,89.674206,52.311493,89.674206,433.467946,181.712571,12.624939,67.427814,12.624939,148.622401,-79.785628,67.427814,-79.785628,373.304597,477.425768,1.0,4.079067,1.070474,3.142356,1.0,138.0,229.01094014062522,0.47967863381145615,0.010378865433287273
50343.0,0.89677,0.405691,0.17669,-0.302213,0.269856,0.914245,0.32322,-0.873266,0.364604,112.649754,-347.158366,-109.602078,3.592122,3.595133,3.594057,89.958449,89.911777,90.047266,125.337868,0.060063,0.058625,99.685928,1.0,-579.460111,871.235952,299.878713,871.235952,-396.318142,-273.886354,299.878713,-273.886354,164.994196,-47.879039,-40.929577,52.525746,-40.929577,263.971879,16.595187,52.525746,16.595187,342.509947,333.703117,1.0,2.950683,1.197589,2.7871,1.0,142.0,362.5514862191673,1.0864492051453247,0.010031506152001714
50345.0,0.622202,0.578309,-0.527658,-0.177761,0.760777,0.624195,0.762408,-0.294579,0.576158,-94.108494,-322.734302,-138.117468,3.594116,3.59686,3.591126,90.022933,90.033552,90.064647,151.478092,0.074114,0.070662,135.89428,0.992958,-241.781336,267.713398,-107.978415,267.713398,-28.49692,-987.084507,-107.978415,-987.084507,-319.738832,-8.408338,-8.77616,25.607032,-8.77616,-34.581958,-10.416683,25.607032,-10.416683,383.790682,309.76191,1.0,3.843376,0.956776,1.939506,1.0,141.0,406.69562827058394,1.3129297539215972,0.007306841759638448
50348.0,0.936506,0.224837,0.269082,-0.325625,0.842334,0.429467,-0.130097,-0.489818,0.862063,-170.908226,442.123227,-84.35571,3.594421,3.594633,3.595845,90.009172,89.995639,89.963056,63.812071,0.052323,0.043483,159.16162,1.0,88.063632,273.77022,-47.468025,273.77022,-219.323654,84.351625,-47.468025,84.351625,319.89102,115.453029,-21.882054,-55.067563,-21.882054,237.664503,0.38766,-55.067563,0.38766,328.921597,196.65306,1.0,2.581881,0.531469,3.401201,1.0,142.0,192.48304821462636,0.9787950831511412,0.006282921724471012
52209.0,-0.353084,0.65257,0.670436,-0.933257,-0.296257,-0.203136,0.066061,-0.697413,0.713619,-293.121326,-28.307932,25.792055,3.594722,3.594634,3.593886,90.04532,89.977174,89.991322,124.141387,0.0716,0.068635,65.721585,0.842466,-595.38094,18.762741,-118.628224,18.762741,53.019372,-31.251427,-118.628224,-31.251427,269.994765,75.308615,59.503221,-46.653613,59.503221,-34.692077,-89.300897,-46.653613,-89.300897,210.060321,621.72575,1.0,1.276598,0.776146,3.047152,1.0,123.0,235.26546231612443,0.3784071390257271,0.012818710930358725
52052.0,0.409819,-0.701387,-0.583185,0.893931,0.436022,0.103791,0.181484,-0.563863,0.805681,-13.939444,-343.387947,51.078341,3.598176,3.593711,3.594257,90.049835,90.022366,89.999151,145.872267,0.069392,0.064639,78.790076,0.986486,-292.704534,678.425324,77.160423,678.425324,637.793731,-60.463919,77.160423,-60.463919,189.460992,-46.105316,-58.037725,21.615707,-58.037725,103.304389,96.135563,21.615707,96.135563,161.925517,731.263237,1.0,4.536261,0.633972,2.830204,1.0,146.0,210.53861671112972,0.28791084531319017,0.012520434680123928
51753.0,0.170956,-0.564658,-0.807425,0.95769,-0.097336,0.270841,-0.231524,-0.819565,0.524127,-49.02482,-279.110099,148.530625,3.594226,3.594891,3.595562,90.061236,90.058139,89.950165,167.036715,0.084353,0.080059,68.283397,0.912162,-272.960745,95.089285,-411.835804,95.089285,-430.843828,-340.312641,-411.835804,-340.312641,829.94406,145.466178,-148.303641,148.692836,-148.303641,-65.85698,-180.612657,148.692836,-180.612657,389.619902,588.327464,1.0,4.388745,1.019106,3.416914,1.0,135.0,461.96017144710225,0.7852092579636947,0.013358474242281768
52119.0,0.441456,-0.231425,-0.866925,0.830587,0.470931,0.297238,0.339473,-0.851274,0.400114,178.180011,-421.809556,121.030723,3.594376,3.595751,3.597834,89.97959,89.961606,89.996906,93.604076,0.053933,0.052412,98.525398,1.0,451.615905,-571.446013,-194.996716,-571.446013,304.671779,79.98388,-194.996716,79.98388,283.852193,-62.223172,-141.74992,-22.523157,-141.74992,109.022477,-69.024798,-22.523157,-69.024798,433.513,301.495864,1.0,4.382085,1.159155,2.762136,1.0,138.0,457.3951556300903,1.5170860043044914,0.010149667195457561
52136.0,-0.085947,0.940305,0.329303,-0.45638,-0.330966,0.825941,0.885624,-0.0793,0.457582,416.844034,411.00536,-153.639321,3.597416,3.597731,3.599181,89.892604,90.04051,90.065993,143.075466,0.066848,0.068201,102.9337,1.0,1567.452062,1042.03179,-125.803687,1042.03179,668.620259,-52.232762,-125.803687,-52.232762,573.054109,5.508367,2.447421,20.914132,2.447421,251.159825,-4.887451,20.914132,-4.887451,550.562722,382.29524,1.0,2.762208,1.095522,1.6601,1.0,142.0,473.1658802154893,1.2376975455291814,0.00971499130022529
50357.0,0.800095,0.381073,-0.463283,-0.266357,0.917675,0.294832,0.537496,-0.112495,0.835729,237.315462,239.211862,87.324233,3.594975,3.593468,3.595933,90.01636,89.994491,90.034835,61.848395,0.058393,0.044836,152.860345,1.0,-109.057593,-313.378584,-152.865976,-313.378584,-200.663604,-157.91936,-152.865976,-157.91936,352.87048,285.540892,23.507201,-85.986698,23.507201,123.805188,4.342125,-85.986698,4.342125,409.06361,333.973349,1.0,4.145637,0.581338,1.777112,1.0,142.0,259.55384730762813,0.7771693402626212,0.006541919030733576
50785.0,0.725367,0.645613,-0.238802,-0.607551,0.763542,0.218826,0.323612,-0.013645,0.946091,99.663286,400.883071,4.15649,3.593931,3.591131,3.595839,89.98607,90.009591,89.967053,146.613607,0.060753,0.066017,68.763858,0.905405,-258.748872,-395.627424,-32.254042,-395.627424,-857.705859,320.974955,-32.254042,320.974955,192.950801,-193.224722,-8.93213,-135.651712,-8.93213,-139.597091,236.576672,-135.651712,236.576672,449.073895,686.655069,1.0,3.970614,0.329848,1.612936,1.0,134.0,660.9203822848832,0.9625216678985634,0.013166873214123617
52881.0,-0.512592,0.026341,0.858228,-0.452149,0.841437,-0.29588,-0.729939,-0.539713,-0.419403,123.853791,372.757711,-1.106783,3.597051,3.592035,3.59518,89.948397,90.017315,90.042166,173.657468,0.082053,0.081914,73.345375,0.993056,421.865007,621.47565,-38.873828,621.47565,-375.417419,557.202209,-38.873828,557.202209,-34.237628,-274.183465,-151.485426,-242.302472,-151.485426,-466.260682,148.691893,-242.302472,148.691893,468.882026,884.101564,1.0,1.238801,2.003584,4.07571,1.0,143.0,899.7731012423529,1.0177259467469428,0.013539449488123825
52735.0,0.722954,-0.640323,-0.259467,0.480775,0.196549,0.854532,-0.496178,-0.742532,0.449947,76.283335,-118.382369,-179.070196,3.594357,3.595223,3.594113,90.027197,89.977281,90.039511,157.570696,0.080127,0.084068,62.144559,0.810811,153.225985,281.515828,310.680835,281.515828,-128.965407,183.936161,310.680835,183.936161,-171.586833,-174.688423,-84.829741,-16.549117,-84.829741,-183.960413,16.237822,-16.549117,16.237822,322.416391,636.422224,1.0,3.436383,1.10409,3.730673,1.0,120.0,507.5515102785898,0.797507521168195,0.013047176020671415
50367.0,0.385772,0.686491,-0.616369,-0.076323,0.689538,0.720216,0.919432,-0.230796,0.318399,108.226166,-356.299404,-117.925766,3.594405,3.594407,3.595995,90.076805,90.039581,90.001651,138.113332,0.079759,0.07248,75.31833,0.853333,798.230929,-358.413993,-183.451585,-358.413993,-489.966984,-164.228294,-183.451585,-164.228294,-145.984701,449.741774,-7.881297,126.87299,-7.881297,-392.408059,132.992806,126.87299,132.992806,172.826423,717.452235,1.0,3.84945,1.246756,1.816735,1.0,128.0,760.314871551824,1.059742843440754,0.01132968561570603
52429.0,-0.347858,0.856009,0.382419,-0.636898,-0.515084,0.573628,0.688009,-0.044021,0.724366,323.501791,-96.977277,-173.439648,3.594194,3.590204,3.5955,89.963176,90.024741,89.927706,109.024252,0.058689,0.052711,119.619342,1.0,-1020.475246,528.058578,715.096419,528.058578,54.817956,-193.225418,715.096419,-193.225418,-237.685906,80.654861,103.437631,42.276568,103.437631,79.333299,44.342166,42.276568,44.342166,422.070303,115.358959,1.0,2.55359,0.760682,1.634692,1.0,140.0,357.57112828397845,3.099638999724143,0.008359852037975598
50372.0,0.726471,-0.033643,0.686373,-0.239341,0.923877,0.298608,-0.64417,-0.381208,0.663118,387.54879,56.562961,-164.096909,3.596232,3.59364,3.595717,90.061764,90.002358,90.060191,100.242663,0.081803,0.065392,102.192042,1.0,376.484875,-701.085219,212.219248,-701.085219,-275.728893,228.983653,212.219248,228.983653,278.862498,-15.959063,-39.291465,3.659833,-39.291465,185.590803,-45.80198,3.659833,-45.80198,469.968051,441.457904,1.0,1.98115,0.84582,4.178035,1.0,148.0,426.08712738245936,0.9651817840879782,0.009785497778780074
51416.0,-0.021504,-0.810065,0.585945,0.504691,0.497128,0.705798,-0.863032,0.310899,0.398142,181.523374,402.513519,3.37956,3.595423,3.595159,3.593299,90.029594,90.038665,90.018753,121.144845,0.063162,0.060779,80.380157,0.963768,186.795405,-168.193558,-22.952836,-168.193558,-626.476375,-102.80482,-22.952836,-102.80482,345.021892,-200.364575,85.531321,25.684703,85.531321,225.015132,-161.496844,25.684703,-161.496844,431.118573,635.1632,1.0,2.448714,1.161306,5.058157,1.0,133.0,580.2078515155933,0.9134783808564372,0.011990123383312127
50608.0,0.850209,0.265943,0.454333,-0.515494,0.245453,0.820986,0.106818,-0.932216,0.345778,-371.37511,354.081795,55.190761,3.597714,3.596233,3.595273,90.009912,90.006506,89.974332,92.947061,0.05523,0.05286,101.897185,1.0,694.539759,-319.061919,-166.628796,-319.061919,301.22644,79.109588,-166.628796,79.109588,395.031135,136.100189,-13.710174,46.378072,-13.710174,101.162443,33.314879,46.378072,33.314879,308.247054,399.225505,1.0,2.636143,1.217728,3.027506,1.0,144.0,198.63583354018505,0.4975529645586773,0.009813813796720685
51826.0,0.232203,-0.699394,-0.675966,0.968563,0.230034,0.094708,0.089257,-0.676707,0.730822,123.652911,39.858626,114.707277,3.59503,3.595442,3.596639,89.977462,90.005192,90.026846,103.711337,0.067684,0.063737,81.768188,0.978261,617.609021,84.147273,-131.059167,84.147273,-13.376369,149.905621,-131.059167,149.905621,200.074468,180.61476,2.791282,-291.312393,2.791282,-17.373391,157.350814,-291.312393,157.350814,468.413589,569.432901,1.0,4.573188,0.751271,3.010451,1.0,135.0,511.10734401066344,0.8975725552792803,0.011963833661081008
50377.0,0.659621,0.530847,-0.532073,-0.21257,0.810782,0.545387,0.720912,-0.246646,0.647651,166.701162,-426.232049,-21.374632,3.593515,3.594068,3.588593,90.012026,89.935793,90.01905,186.128676,0.09351,0.091618,64.216514,0.80137,-1135.560171,673.351382,389.420743,673.351382,-812.355928,-517.977758,389.420743,-517.977758,-290.518341,-316.049319,177.14234,241.453926,177.14234,-87.398289,141.901177,241.453926,141.901177,-101.129669,769.39601,1.0,3.914635,0.866299,1.900443,1.0,117.0,362.8934601409203,0.4716601794450692,0.012479188764435266
51947.0,0.192714,0.484038,-0.853562,0.378755,0.765762,0.519762,0.905211,-0.423456,-0.035759,240.497855,108.423316,14.074689,3.596881,3.59387,3.594016,90.017596,90.00735,89.979022,105.41023,0.064359,0.062034,76.033137,0.978873,0.857726,179.781772,209.850842,179.781772,-152.065453,392.661346,209.850842,392.661346,303.491934,-42.884027,102.220007,175.663978,102.220007,-21.927606,221.832026,175.663978,221.832026,254.164768,548.651657,1.0,4.165427,1.606563,2.008352,1.0,139.0,387.73603992196223,0.7067071337068107,0.012874294532921876
51064.0,-0.261955,0.70289,-0.661306,0.633726,0.642078,0.431424,0.727854,-0.306073,-0.613635,498.40784,335.788805,80.329514,3.594685,3.595135,3.5962,89.971584,90.033744,90.037063,113.703543,0.060906,0.05923,77.795738,0.963768,17.284997,-26.811403,-9.427815,-26.811403,-172.166006,-333.171246,-9.427815,-333.171246,655.170159,-241.180977,-86.156034,43.754945,-86.156034,27.718649,-104.783738,43.754945,-104.783738,563.044242,555.41691,1.0,4.134341,2.231453,1.968862,1.0,133.0,719.7687774532394,1.2959072086106262,0.012388442153476325
52152.0,-0.303141,0.846636,0.437393,-0.949928,-0.304968,-0.068052,0.075775,-0.436121,0.896692,394.485358,306.432973,-40.818633,3.590989,3.596281,3.594785,90.051199,89.941664,89.967495,123.696013,0.073954,0.072553,113.064968,0.992958,-398.171455,-729.036498,-449.01301,-729.036498,-690.548254,-84.452535,-449.01301,-84.452535,485.395696,-270.166952,-233.613514,272.245887,-233.613514,75.409767,-24.209065,272.245887,-24.209065,595.960995,594.476636,1.0,1.416448,0.458558,2.969562,1.0,141.0,816.8516492826517,1.374068550076124,0.008782189722991829
51595.0,0.150046,0.534086,0.832009,-0.690611,0.658815,-0.298362,-0.707491,-0.529826,0.467698,-352.667608,-359.613982,-35.235006,3.594572,3.593415,3.592601,90.042193,89.964416,89.935455,157.887201,0.076248,0.064822,76.62763,0.929577,-677.358253,-464.726716,-470.475173,-464.726716,-475.74429,-74.256951,-470.475173,-74.256951,141.921619,-56.143967,100.748465,-133.603741,100.748465,81.768276,67.032296,-133.603741,67.032296,386.678701,739.313406,1.0,1.226476,1.084112,4.069605,1.0,132.0,422.3874889315108,0.5713239953496945,0.01213109422802193
50705.0,0.587946,-0.215348,0.779708,-0.396729,0.763248,0.50996,-0.704929,-0.609162,0.363314,-69.703989,410.077745,-184.221253,3.598216,3.596486,3.59515,89.993104,89.953039,90.068578,122.772411,0.084285,0.071517,112.919508,1.0,933.378451,-554.536345,-351.869573,-554.536345,708.400882,34.368675,-351.869573,34.368675,-75.911372,56.370874,-88.11159,-46.956985,-88.11159,219.390248,-32.759488,-46.956985,-32.759488,314.557086,298.827046,1.0,2.150006,1.198974,3.999739,1.0,140.0,243.77741445952267,0.8157809599989242,0.008855865719854182
50622.0,0.828869,0.279905,0.484386,-0.515193,0.7194,0.465875,-0.218067,-0.635702,0.740493,483.227197,197.245458,160.860976,3.594306,3.596959,3.594517,90.012966,90.006308,89.966046,75.373508,0.064349,0.055728,93.058138,1.0,13.344206,234.132421,-300.977479,234.132421,4.864227,-266.900426,-300.977479,-266.900426,416.230065,133.161857,267.152075,34.576103,267.152075,-26.416634,-168.021323,34.576103,-168.021323,611.731463,416.299872,1.0,2.336717,0.736992,3.472048,1.0,142.0,637.5431400575053,1.5314516840819623,0.010745970438394115
51510.0,0.032955,0.564475,-0.824792,0.465218,0.721726,0.512527,0.884582,-0.400598,-0.23882,380.338748,-23.883386,-38.160428,3.596212,3.594785,3.593394,90.019636,90.004985,90.043734,145.30709,0.065734,0.07162,66.107692,0.898551,-102.670859,128.661429,-251.67112,128.661429,-407.331946,87.838501,-251.67112,87.838501,556.946108,-426.211873,-58.124943,-29.544702,-58.124943,-143.078044,122.79819,-29.544702,122.79819,553.927717,659.32473,1.0,4.156382,1.811947,1.996032,1.0,124.0,881.9443300742416,1.3376478841833244,0.013592230689281967
53067.0,0.422858,-0.801557,0.422726,0.092112,0.502087,0.859898,-0.901502,-0.324677,0.286145,-52.217271,-262.0725,17.844121,3.595659,3.594545,3.595864,90.005093,90.035058,89.962641,75.997885,0.066823,0.054583,94.89491,1.0,-233.663493,88.59109,213.122262,88.59109,162.987732,142.411895,213.122262,142.411895,584.389152,-3.630043,-43.669948,-48.229628,-43.669948,172.480682,-20.13228,-48.229628,-20.13228,518.201815,378.915055,1.0,2.684688,1.280595,4.3667,1.0,142.0,463.5753889048526,1.2234282665407756,0.010537973006139107
52292.0,0.503536,-0.111978,-0.856687,0.68095,0.661717,0.313749,0.531751,-0.741345,0.40945,118.637319,-131.078202,-84.001446,3.594268,3.595171,3.593757,90.001201,89.98727,90.004125,120.67167,0.076528,0.069196,74.4643,0.992857,-326.315028,-30.530729,52.471681,-30.530729,-24.623786,-86.846576,52.471681,-86.846576,66.001269,-238.250492,13.483951,16.563632,13.483951,-23.890143,-32.332415,16.563632,-32.332415,123.828222,601.996248,1.0,4.361324,1.148945,2.519364,1.0,139.0,317.11543920358866,0.5267731157081708,0.013333328856915329
51871.0,0.146808,0.323321,-0.934832,0.278188,0.893432,0.35269,0.949241,-0.311837,0.041219,-198.842761,-287.826274,68.46235,3.595683,3.5878,3.59254,89.896328,89.951216,90.079401,208.703584,0.081185,0.085122,83.049225,0.842466,-1459.710446,-1239.076168,-26.427819,-1239.076168,-1290.618608,151.549339,-26.427819,151.549339,467.229235,-511.593291,-107.638767,73.075825,-107.638767,116.22059,182.732665,73.075825,182.732665,465.000355,767.863035,1.0,4.351625,1.529565,1.888201,1.0,123.0,878.9223099584458,1.1446342249805603,0.010144176541081509
50390.0,0.919548,0.381214,-0.09543,-0.348613,0.903406,0.249653,0.181383,-0.1963,0.963622,386.955577,-69.464408,21.63727,3.594058,3.594822,3.597276,90.020081,90.013302,89.983534,97.454775,0.071074,0.061618,80.344121,0.979167,-16.905662,120.021414,-282.718339,120.021414,-109.800975,100.813236,-282.718339,100.813236,665.262386,-130.256789,-23.069825,-93.193758,-23.069825,-113.569007,124.083544,-93.193758,124.083544,712.135203,529.811245,1.0,3.506704,0.270559,2.39567,1.0,141.0,845.1660255643478,1.5952210028391296,0.012187164260593504
51155.0,-0.252218,-0.581525,-0.773444,0.742272,0.396524,-0.540186,0.620821,-0.71035,0.331639,308.978033,372.651507,-111.233532,3.59597,3.595772,3.594886,90.020273,90.000404,90.003825,81.767758,0.058245,0.051513,84.981,1.0,-27.160447,-95.273145,-0.439079,-95.273145,304.492068,-11.993212,-0.439079,-11.993212,392.591541,1.686517,-115.720412,13.472835,-115.720412,120.433105,3.437007,13.472835,3.437007,557.747528,645.998207,1.0,5.322051,1.232756,2.42335,1.0,138.0,517.1679228065408,0.8005717619685914,0.011767336228098045
52515.0,-0.258508,0.464657,-0.846917,-0.455528,0.714485,0.531042,0.851861,0.523073,0.026964,-57.745851,-8.248692,159.193174,3.594577,3.594717,3.594628,90.016903,90.018694,90.031571,111.992753,0.05928,0.057595,86.336632,0.992857,84.030445,128.078705,119.697551,128.078705,124.818788,-202.836159,119.697551,-202.836159,-292.035203,95.553278,69.603703,37.842414,69.603703,-12.620827,-116.801947,37.842414,-116.801947,310.692696,526.491489,1.0,4.152331,1.543829,1.020121,1.0,139.0,310.15912707195713,0.5891056808174864,0.011499834739905073
50673.0,0.713017,0.552129,0.432157,-0.468468,-0.083442,0.879532,0.521674,-0.829573,0.199159,33.445779,261.064068,-21.522263,3.594625,3.595052,3.592792,90.03766,90.020055,90.00728,124.322903,0.072893,0.065636,87.072698,0.826389,-405.951574,-401.020629,-61.58722,-401.020629,-238.118792,78.29339,-61.58722,78.29339,156.694847,30.577948,-70.943064,-97.353037,-70.943064,-21.374543,39.21286,-97.353037,39.21286,344.538824,647.172255,1.0,2.684889,1.370297,2.580232,1.0,119.0,360.0245518901355,0.5563040583223635,0.00949079354357436
50397.0,0.351591,-0.93021,0.105323,-0.070553,0.085857,0.993806,-0.933491,-0.356844,-0.035443,260.316314,269.786251,-181.885176,3.595667,3.592985,3.593627,89.915864,90.014535,89.927564,123.758108,0.083244,0.073663,106.280057,0.992857,-961.941006,-654.27349,234.851347,-654.27349,-172.691751,-137.033138,234.851347,-137.033138,592.929289,175.003777,42.222377,-70.95741,42.222377,144.137464,14.925641,-70.95741,14.925641,365.529585,312.438717,1.0,3.036007,1.606246,4.347261,1.0,139.0,220.03178282033954,0.7042398103956481,0.009341893747761162
50496.0,0.41765,-0.755155,0.505282,-0.146617,0.492806,0.857698,-0.8967,-0.432301,0.095102,-293.114073,190.664544,-94.824342,3.595563,3.595922,3.594898,89.9651,90.009374,90.004277,159.572208,0.067252,0.07447,65.162666,0.815068,-4.879626,-273.749969,-49.407081,-273.749969,400.690869,-56.844739,-49.407081,-56.844739,205.856509,9.508578,-110.041233,-23.208863,-110.041233,-25.92111,149.951778,-23.208863,149.951778,396.030545,753.712544,1.0,2.609216,1.475551,4.263162,1.0,119.0,436.69072747968727,0.5793863070954638,0.012508205235187891
50492.0,0.395489,0.349303,-0.849456,-0.132071,0.936876,0.323761,0.908926,-0.015855,0.416657,-113.779161,98.353632,-3.61389,3.597677,3.595322,3.596208,89.967224,90.047988,90.014389,121.280117,0.06065,0.066672,90.593797,1.0,519.316878,-438.774707,409.090415,-438.774707,439.324032,-142.479549,409.090415,-142.479549,427.97304,267.595559,-51.383462,184.781256,-51.383462,162.402523,-26.212733,184.781256,-26.212733,440.376047,436.409101,1.0,4.348247,1.141032,1.588239,1.0,144.0,295.2923738114925,0.6766411908799594,0.011038283338538069
50690.0,0.353735,0.370831,-0.858694,-0.178935,0.927924,0.327016,0.918071,0.037973,0.394594,-14.27193,-56.375312,-18.114527,3.596353,3.595005,3.59562,90.015774,89.996952,89.974488,54.211707,0.056614,0.056475,145.267869,0.993056,376.618727,86.748489,109.687004,86.748489,-56.676798,102.724484,109.687004,102.724484,446.911665,306.825679,171.001196,6.247464,171.001196,153.787025,29.168579,6.247464,29.168579,388.398821,480.707895,1.0,4.348517,1.165171,1.529458,1.0,143.0,255.25925124992133,0.531006987621706,0.006836033369498937
52444.0,-0.372386,0.839258,0.396199,-0.659194,-0.539691,0.523639,0.653293,-0.066176,0.754207,123.899788,26.339728,122.763224,3.595471,3.596027,3.594819,90.005133,90.009605,90.006464,72.54431,0.059349,0.050801,94.273245,1.0,314.034191,-59.660299,-120.439102,-59.660299,241.732444,-15.852535,-120.439102,-15.852535,27.632219,232.509038,-57.043375,-41.261369,-57.043375,235.357933,46.738945,-41.261369,46.738945,267.788873,463.851263,1.0,2.493864,0.71635,1.671748,1.0,140.0,80.67221672892894,0.17391828623506184,0.010607463443100956
50650.0,0.82151,0.363485,0.439317,-0.533013,0.215881,0.818103,0.202529,-0.906242,0.371091,477.982232,66.828796,133.7442,3.590929,3.597107,3.593001,90.000897,90.052778,90.018516,134.084267,0.074741,0.070576,73.135699,0.992857,-1153.126965,140.269233,-543.065886,140.269233,-158.80883,-226.282691,-543.065886,-226.282691,425.998532,-296.126037,188.082056,-93.892108,188.082056,-216.126791,-139.927621,-93.892108,-139.927621,658.955197,599.411344,1.0,2.64879,1.190613,2.921724,1.0,139.0,943.3991782115482,1.573876083018456,0.013575545370804482
50407.0,-0.81654,-0.298908,-0.493879,0.532327,-0.058848,-0.844491,0.223361,-0.952466,0.207168,400.667943,382.076172,150.672478,3.596454,3.595806,3.593146,90.061733,89.960796,90.0225,87.066887,0.063056,0.052542,121.002157,0.993056,257.288177,-370.822027,-412.437248,-370.822027,-529.259103,-200.846574,-412.437248,-200.846574,601.092352,150.370663,5.237254,4.782861,5.237254,140.27888,-39.615381,4.782861,-39.615381,708.784716,243.035363,1.0,5.753999,1.362117,2.911247,1.0,142.0,564.6045114675122,2.3231372772180165,0.008206928079802743
52953.0,-0.648403,0.755579,0.093137,-0.481443,-0.501739,0.718659,0.589734,0.42114,0.689097,-404.919718,302.38554,-171.29874,3.595032,3.594362,3.596057,89.973167,89.949638,90.082495,106.240228,0.06522,0.061578,100.554804,1.0,662.258792,8.679775,-205.87832,8.679775,-639.628044,570.482523,-205.87832,570.482523,318.531409,58.837304,-71.314923,-49.313043,-71.314923,87.870421,123.555884,-49.313043,123.555884,258.121897,470.828795,1.0,3.012712,0.810554,0.950658,1.0,142.0,227.726055113645,0.4836706198346365,0.009944825709172482
51860.0,0.251192,-0.833379,-0.492324,0.941892,0.32765,-0.07406,0.22303,-0.445112,0.867256,140.081464,500.32937,-9.977047,3.594996,3.594208,3.599667,90.008348,90.104336,90.001467,171.599815,0.095117,0.079503,65.290073,0.84507,404.638771,562.432742,-694.154554,562.432742,176.011174,-799.192863,-694.154554,-799.192863,711.657315,138.379115,61.48632,-191.413595,61.48632,-26.942742,46.825169,-191.413595,46.825169,673.188126,629.109751,1.0,4.861699,0.521133,2.677094,1.0,120.0,658.579425544075,1.0468434553704367,0.012943315287762045
51784.0,-0.003412,0.413066,0.910695,-0.99317,-0.10761,0.045089,0.116625,-0.904321,0.410612,-173.618807,29.286384,-100.357843,3.595115,3.597004,3.594215,89.935921,89.98699,90.007668,128.825314,0.071366,0.06405,90.589662,0.985714,406.698363,-153.256419,-647.117031,-153.256419,79.843307,-106.174163,-647.117031,-106.174163,100.781809,48.106237,29.856655,-171.989238,29.856655,242.038614,69.819986,-171.989238,69.819986,452.802582,629.019017,1.0,1.620266,1.147671,3.013337,1.0,138.0,386.54247575997965,0.6145163585093639,0.010881087071502706
52457.0,0.680388,-0.401968,-0.612776,0.714538,0.549626,0.432836,0.162811,-0.732348,0.66118,527.666403,-316.941582,154.04758,3.592507,3.597391,3.596337,89.97222,90.006641,90.036739,166.485366,0.062431,0.067808,70.292159,0.908451,341.424979,-726.261581,172.94136,-726.261581,-183.258617,-123.148592,172.94136,-123.148592,402.280833,-256.646397,-116.996557,-260.518115,-116.996557,-461.757664,-79.178631,-260.518115,-79.178631,757.942208,952.722618,1.0,4.097412,0.848406,2.922837,1.0,129.0,1159.9286948565136,1.2174883569905062,0.012923930818514196
52137.0,0.349504,0.420591,-0.837228,0.579361,0.605248,0.545909,0.736334,-0.675854,-0.032137,76.611416,-369.573599,-30.757335,3.595661,3.594541,3.594142,90.061122,89.992018,90.029852,111.057195,0.062061,0.057748,102.183703,1.0,162.969318,122.394311,-280.149815,122.394311,-475.2443,354.812465,-280.149815,354.812465,345.891134,72.615448,89.406155,88.089351,89.406155,143.908136,-20.910193,88.089351,-20.910193,301.463492,443.071784,1.0,4.134579,1.602939,2.313393,1.0,140.0,230.82830256854518,0.520972697662339,0.009786296352951704
52869.0,-0.52926,0.807899,0.259196,-0.476092,-0.535648,0.697437,0.702297,0.245724,0.668131,-219.73739,397.034039,115.44275,3.594959,3.592538,3.594891,89.930661,89.967255,90.060062,148.692233,0.073675,0.071812,80.62657,0.914286,242.765903,457.333307,-50.379175,457.333307,-1050.9767,275.157752,-50.379175,275.157752,297.219983,-1.075406,52.842942,-54.326618,52.842942,-65.17625,17.881375,-54.326618,17.881375,292.277041,561.260001,1.0,2.78577,0.839102,1.234223,1.0,128.0,336.92186325672503,0.6002955183986557,0.011339760577685496
50416.0,0.678937,0.590215,-0.436682,-0.249082,0.744665,0.619219,0.690654,-0.311641,0.652593,452.164434,382.13631,-139.064286,3.595758,3.595578,3.595614,89.973027,89.978399,90.017925,62.858809,0.050367,0.050449,117.542799,1.0,-100.616819,41.887137,139.35878,41.887137,456.986041,21.771459,139.35878,21.771459,402.81914,78.037752,-122.005464,-52.960948,-122.005464,236.30495,7.712688,-52.960948,7.712688,474.819068,428.268999,1.0,3.755809,0.859795,1.994669,1.0,144.0,364.6898849690172,0.8515439731116685,0.008507539453778024
52007.0,0.33656,0.492938,-0.802334,0.77507,0.338874,0.533321,0.534784,-0.801359,-0.26801,449.675079,-404.866387,-75.254591,3.595158,3.595464,3.59109,89.949743,90.043443,90.000538,130.673059,0.056825,0.057456,81.4103,0.971831,-735.325033,659.95197,144.17765,659.95197,-353.182868,-116.086839,144.17765,-116.086839,390.162045,107.729245,172.721999,25.712067,172.721999,-105.07877,53.213932,25.712067,53.213932,579.878529,590.186557,1.0,4.125741,1.842123,2.55312,1.0,138.0,627.4421415212847,1.0631250984615102,0.011937445261840332
51223.0,-0.268426,-0.797919,-0.539698,0.89008,-0.419694,0.177806,-0.368383,-0.432646,0.822868,67.709592,94.092075,98.974281,3.59536,3.594617,3.595818,90.0256,89.997677,90.016772,93.210144,0.055029,0.054773,86.642053,0.978873,-171.309497,-23.643873,-93.913161,-23.643873,289.267571,122.653779,-93.913161,122.653779,320.154387,-124.801534,42.20936,125.32919,42.20936,142.616027,175.860034,125.32919,175.860034,475.023546,592.445137,1.0,4.394133,0.604357,3.846936,1.0,139.0,554.2656035061849,0.9355560015444685,0.011297897107770518
51329.0,0.341965,0.675363,0.65341,-0.751944,0.613685,-0.24077,-0.563595,-0.408993,0.717695,288.222721,-151.894879,34.761328,3.593126,3.593408,3.59518,90.053929,90.063251,90.037559,129.24148,0.0762,0.065916,74.335694,0.8,-982.942706,244.753024,382.776216,244.753024,-144.847577,-136.669034,382.776216,-136.669034,429.309662,-137.160103,52.238662,41.994517,52.238662,162.140538,-7.327691,41.994517,-7.327691,292.294578,557.673396,1.0,1.217752,0.77031,4.084632,1.0,112.0,385.8571233926178,0.6919052014319467,0.010761990060925508
52495.0,-0.08025,-0.830541,0.551146,-0.247333,0.552228,0.79616,-0.965601,-0.072425,-0.249737,30.089398,227.923834,-19.593735,3.595297,3.595161,3.59485,89.970616,89.990604,90.050195,88.186901,0.058591,0.052698,100.456358,1.0,-209.571725,-215.672399,-338.17182,-215.672399,377.31655,143.810121,-338.17182,143.810121,134.129362,302.057401,-48.73777,-36.332905,-48.73777,56.860763,-69.386915,-36.332905,-69.386915,219.187578,394.524567,1.0,2.536083,1.823205,4.637524,1.0,142.0,230.32996439227392,0.5838165317402755,0.009954571516518646
51824.0,-0.013519,0.838363,0.544945,-0.790683,-0.342572,0.50741,0.612076,-0.424019,0.667511,6.994701,-433.485831,102.584024,3.595362,3.593651,3.594572,89.996392,89.910614,89.996075,148.831486,0.063387,0.066146,77.765395,0.985714,-210.254417,-280.658343,370.469944,-280.658343,-558.633986,-322.141569,370.469944,-322.141569,590.966014,-194.674046,-0.548122,-2.173645,-0.548122,-23.042506,-4.910189,-2.173645,-4.910189,501.585089,938.491342,1.0,2.320542,0.839936,2.176644,1.0,138.0,628.296102454367,0.6694745857915085,0.012675483741836585
52029.0,-0.198445,0.791815,0.577624,-0.940869,-0.318996,0.114045,0.274562,-0.520837,0.808297,342.683181,38.648921,101.477379,3.594541,3.594415,3.59558,90.04461,89.959226,89.983271,111.008686,0.069216,0.063411,91.381317,0.993151,-464.782375,-236.63981,63.788744,-236.63981,-15.823457,-56.235068,63.788744,-56.235068,567.629129,42.682195,166.775173,-2.167322,166.775173,-42.45213,62.509507,-2.167322,62.509507,537.529241,470.393748,1.0,1.765727,0.629542,2.656457,1.0,145.0,563.9543350547069,1.1988984493363353,0.010868206243952471
51962.0,-0.082218,0.447609,0.890442,-0.694738,0.614852,-0.373223,-0.714548,-0.649309,0.26042,74.043211,120.252907,96.880199,3.596748,3.596024,3.595332,90.001104,90.008824,89.993929,93.583851,0.056813,0.055169,85.565447,0.992857,205.721036,97.940421,8.165411,97.940421,346.752052,108.690406,8.165411,108.690406,528.074928,341.457765,30.68431,-86.563673,30.68431,201.32965,-7.27525,-86.563673,-7.27525,353.143304,532.190401,1.0,1.173896,1.30734,3.974788,1.0,139.0,166.6604548400576,0.3131594529455965,0.011603480549806512
51770.0,0.181454,-0.617659,-0.765226,0.881724,0.446766,-0.151533,0.435473,-0.647222,0.625673,438.009984,-395.655414,59.863547,3.595604,3.596641,3.596365,89.995018,89.968271,89.993362,56.133902,0.053353,0.045874,115.240827,1.0,425.519803,-287.187206,-64.587422,-287.187206,268.314469,25.614913,-64.587422,25.614913,527.001175,-63.65084,82.220445,23.06209,82.220445,146.224446,-78.545383,23.06209,-78.545383,516.805403,255.637313,1.0,4.907883,0.894803,2.549333,1.0,144.0,518.8928066301203,2.0298007381657945,0.008677480247516795
52894.0,0.846807,-0.213537,-0.487155,0.425426,0.821651,0.379346,0.319267,-0.528481,0.786624,160.223608,439.891923,-214.24254,3.588815,3.596071,3.593601,89.988989,89.857086,90.058132,198.470478,0.099006,0.098363,60.60555,0.819444,-2066.817989,-812.349302,622.214451,-812.349302,12.927556,111.70524,622.214451,111.70524,455.471027,-621.385843,-96.086997,16.365394,-96.086997,42.85777,-60.065879,16.365394,-60.065879,221.207682,845.435329,1.0,4.050773,0.665475,2.598148,1.0,118.0,775.4530247840842,0.9172233501305268,0.013520939913918773
51206.0,0.21818,-0.876195,0.429744,-0.258229,0.372825,0.891246,-0.941124,-0.305425,-0.144916,273.809845,11.898359,-117.28437,3.596813,3.595525,3.594443,90.0256,90.002987,90.018446,87.93966,0.053647,0.050153,81.379846,0.993056,404.671957,-48.403598,-164.64318,-48.403598,-102.262731,263.57242,-164.64318,263.57242,409.886763,257.73271,70.339866,-200.8264,70.339866,-37.151615,177.127617,-200.8264,177.127617,468.375715,483.991081,1.0,2.6923,1.716224,4.398581,1.0,143.0,500.9315425524727,1.0350015986192784,0.012202726458833555
50802.0,0.493707,0.630022,-0.599438,-0.385869,0.776438,0.498246,0.779332,-0.014683,0.626439,-291.415966,-14.484485,-143.979366,3.595592,3.594165,3.595403,90.033425,89.978858,90.001805,116.223617,0.063182,0.065917,81.476421,0.978261,161.740985,-48.501846,-131.038371,-48.501846,-302.752228,-134.038591,-131.038371,-134.038591,402.106588,-172.597168,31.477162,-126.671889,31.477162,-54.181946,-82.431809,-126.671889,-82.431809,350.486774,772.31714,1.0,4.018917,0.89382,1.589635,1.0,135.0,493.5296959728612,0.6390246576333412,0.012006676140082296
52059.0,0.422895,-0.525757,-0.738065,0.903639,0.183731,0.386886,-0.067803,-0.830556,0.552793,-181.985901,386.550198,-43.759389,3.594723,3.595583,3.594824,90.005903,90.033699,90.011005,98.04394,0.0608,0.05874,124.557939,0.992958,262.921115,172.529114,23.275087,172.529114,-237.393861,-85.069298,23.275087,-85.069298,227.351993,-53.39855,57.678324,82.112692,57.678324,249.261655,8.53116,82.112692,8.53116,422.879649,355.549426,1.0,4.229578,0.985084,3.223047,1.0,140.0,426.4976121156669,1.199545213485078,0.00797185637440581
52202.0,0.512019,-0.387374,-0.766667,0.827446,0.462026,0.319162,0.230585,-0.797793,0.557097,-142.75562,-422.824511,134.471373,3.598055,3.596533,3.595707,90.035382,90.025306,89.946171,79.575012,0.05571,0.044433,148.557473,1.0,278.137574,447.693907,-232.172131,447.693907,916.463491,-339.365047,-232.172131,-339.365047,494.751525,73.110731,-49.396883,-0.439375,-49.396883,138.262056,-77.78711,-0.439375,-77.78711,437.456482,118.156072,1.0,4.317912,0.97991,2.860231,1.0,144.0,345.86590273143923,2.9271953347555364,0.006731401522964786
50913.0,0.385306,0.456742,-0.801827,-0.338476,0.878306,0.337658,0.858472,0.141297,0.493013,-252.57703,-300.71512,99.693832,3.595261,3.595324,3.595267,90.039427,89.972619,89.961171,122.24722,0.058335,0.060968,84.696554,0.909722,373.242323,354.07459,-5.831717,354.07459,-301.960608,105.902764,-5.831717,105.902764,382.018207,54.068823,-39.135531,100.321299,-39.135531,-84.967444,7.841961,100.321299,7.841961,364.626624,608.857432,1.0,4.313817,1.055247,1.407667,1.0,131.0,409.51082466894377,0.6725890219057781,0.01074095647386079
51287.0,0.340991,-0.547152,0.764428,-0.678269,0.419838,0.603064,-0.650904,-0.724127,-0.227956,-43.529169,24.244278,145.926564,3.595234,3.59586,3.5961,89.984772,89.987574,89.994732,64.187282,0.057199,0.048665,100.178929,1.0,258.551472,59.631319,-87.453824,59.631319,208.20396,-172.564926,-87.453824,-172.564926,360.599378,181.277134,25.210807,-74.237447,25.210807,271.923592,-2.157429,-74.237447,-2.157429,373.340545,415.946339,1.0,2.238738,1.800774,3.873789,1.0,140.0,179.7466123304464,0.4321389455250053,0.009982139058404189
52906.0,-0.578243,0.015034,0.815726,-0.478089,0.803936,-0.353719,-0.66111,-0.594525,-0.457683,-319.209363,72.585289,92.466056,3.594661,3.594707,3.589629,90.031676,89.927985,89.972944,149.804199,0.075591,0.069729,82.467833,0.942857,-1557.471511,-4.150714,564.484472,-4.150714,-1.094192,36.599384,564.484472,36.599384,104.656406,-198.480405,81.091841,-85.675778,81.091841,57.818216,53.858812,-85.675778,53.858812,290.595649,677.124863,1.0,1.161643,2.046184,3.97997,1.0,132.0,438.3464377070212,0.6473642627224296,0.011433027469025407
50448.0,-0.811076,-0.118669,-0.572776,0.573802,0.028772,-0.818489,0.113609,-0.992517,0.044757,-85.029799,208.640461,140.019882,3.593683,3.596988,3.595301,90.008883,89.979477,90.007983,105.962272,0.057469,0.057038,86.893582,1.0,8.889636,268.137006,-20.179888,268.137006,-158.559424,-78.498992,-20.179888,-78.498992,636.911628,-148.325048,252.667552,-96.986214,252.667552,213.164471,-12.608491,-96.986214,-12.608491,539.594883,545.884106,1.0,5.672595,1.526025,3.027623,1.0,144.0,640.5367300436101,1.173393258758133,0.011508329809674553
51709.0,0.074111,0.803436,-0.590761,-0.793202,0.406537,0.453385,0.604432,0.434992,0.667416,-8.713542,309.79671,77.070737,3.595027,3.595878,3.598196,89.983341,90.01796,90.002096,82.418481,0.061578,0.056936,140.661327,1.0,413.766785,-208.429557,-185.536434,-208.429557,478.240852,418.626471,-185.536434,418.626471,465.68458,390.104271,48.615754,-24.22845,48.615754,76.558187,17.676577,-24.22845,17.676577,335.723058,251.55762,1.0,4.057808,0.840063,0.94699,1.0,138.0,294.3886457820469,1.1702632811601847,0.0071092746053789185
51969.0,0.295055,0.554864,-0.777861,0.729266,0.395222,0.558543,0.617343,-0.732069,-0.288031,-335.458534,454.251434,149.093129,3.597144,3.595354,3.59513,89.995007,89.969646,90.019815,77.661893,0.058906,0.056552,101.392099,1.0,-39.52825,-62.632166,-77.108192,-62.632166,551.497535,297.251677,-77.108192,297.251677,435.822568,66.07503,70.617318,1.179695,70.617318,154.950295,3.467854,1.179695,3.467854,360.18532,348.412992,1.0,4.089652,1.862967,2.44101,1.0,138.0,268.3481189045417,0.770201241245739,0.00986270143199225
50459.0,0.858781,0.507466,0.070529,-0.391862,0.561897,0.728502,0.33006,-0.653261,0.681403,434.891372,249.107503,-149.585395,3.594798,3.595777,3.595262,89.990324,89.971861,89.97999,94.327505,0.067395,0.057482,86.22595,0.971014,274.716518,315.297821,21.889901,315.297821,22.666085,26.826248,21.889901,26.826248,152.248603,13.190203,47.617036,78.016883,47.617036,-338.992296,-17.965198,78.016883,-17.965198,538.20926,429.440425,1.0,3.04508,0.821119,2.673754,1.0,134.0,768.8222289314792,1.790288440897196,0.011261273433345763
53065.0,-0.814523,0.401104,0.419127,-0.49258,-0.859824,-0.134419,0.306459,-0.31594,0.897922,-171.407418,-362.659587,-42.326679,3.596253,3.594057,3.596801,90.026408,90.006281,89.943891,177.277152,0.080298,0.086936,77.631309,0.950704,-10.997497,548.940933,301.773267,548.940933,326.299341,-42.502931,301.773267,-42.502931,488.528879,-315.404799,-106.445049,108.090594,-106.445049,-17.548094,-106.19442,108.090594,-106.19442,694.912823,960.476553,1.0,1.260448,0.45577,2.371427,1.0,135.0,913.3723068935815,0.9509574221678908,0.012246399194428114
51760.0,0.179332,-0.379205,-0.907768,0.982819,0.110003,0.148207,0.043656,-0.918751,0.392417,139.184261,375.929557,-130.984895,3.590455,3.594755,3.596375,90.007669,89.925276,90.024873,175.250517,0.080882,0.08226,95.543722,1.0,108.437025,-748.475245,-156.489967,-748.475245,-1001.580696,431.129903,-156.489967,431.129903,159.231546,117.618254,-61.595968,-9.739211,-61.595968,169.452629,-52.078307,-9.739211,-52.078307,319.208981,523.122364,1.0,4.550552,1.167538,3.094111,1.0,141.0,194.49188537763698,0.3717904237365715,0.010466412434717584
52499.0,-0.326315,0.494085,0.805853,-0.544499,0.598623,-0.587513,-0.772683,-0.6305,0.07369,324.193709,-87.600314,166.381246,3.595318,3.595796,3.593165,90.008862,89.985738,89.960763,122.715996,0.068727,0.064452,74.978082,0.9375,-433.252378,118.217802,-181.386928,118.217802,-87.60123,-45.793705,-181.386928,-45.793705,536.936791,111.483456,61.652719,-155.873519,61.652719,-1.247054,2.17659,-155.873519,2.17659,644.584182,778.89126,1.0,0.940834,1.49704,4.027975,1.0,135.0,614.8805010667608,0.7894304797652509,0.012503654067864793
52460.0,0.271578,-0.803061,0.530414,0.190693,0.585101,0.788221,-0.943335,-0.112918,0.312039,18.175921,116.893888,31.134316,3.596153,3.595133,3.594262,89.971059,90.002206,89.999136,96.34053,0.063609,0.055191,90.497024,0.993056,-161.976092,-174.082174,-177.727353,-174.082174,197.981739,-78.152308,-177.727353,-78.152308,333.395231,191.245995,-113.455064,-135.113223,-113.455064,-13.837512,136.274267,-135.113223,136.274267,510.214482,539.650792,1.0,2.54927,1.253458,4.593255,1.0,143.0,496.4766351967043,0.9199961207445134,0.01097335532271205
50753.0,0.292594,0.583353,-0.757686,-0.151521,0.810635,0.565607,0.944156,-0.050688,0.325578,327.444717,-405.882617,-149.179195,3.597037,3.594533,3.594714,90.050548,89.941863,89.968879,124.593338,0.078478,0.069622,97.391081,0.979452,288.554635,255.546382,-89.810907,255.546382,-584.096356,262.459412,-89.810907,262.459412,868.72746,-94.487582,44.084557,58.527073,44.084557,1.358205,-121.660631,58.527073,-121.660631,710.526573,680.112929,1.0,4.071136,1.239174,1.624431,1.0,143.0,771.4950557749947,1.1343631665837581,0.010056896277801866
51859.0,0.211331,0.621172,-0.754642,0.689149,0.452812,0.565716,0.693118,-0.639615,-0.332387,374.758861,308.418182,-27.247868,3.596177,3.598388,3.594277,89.979558,89.99084,89.963788,161.241942,0.07488,0.08124,82.857612,0.818841,226.028734,533.912281,-281.718419,533.912281,707.685537,-197.368343,-281.718419,-197.368343,351.63808,118.833574,-25.753475,17.500462,-25.753475,33.77993,9.386196,17.500462,9.386196,644.672962,778.336347,1.0,4.069113,1.909629,2.31607,1.0,110.0,573.8108980126883,0.7372274213126119,0.00988250783766252
52044.0,-0.199632,0.583191,0.787423,-0.914984,0.176619,-0.362781,-0.350645,-0.792902,0.498352,164.73685,-237.037082,-76.769192,3.593556,3.596208,3.594537,89.987436,90.046968,89.999077,89.901674,0.053114,0.05118,116.419576,1.0,318.390538,250.952156,-117.249843,250.952156,-559.453309,28.550153,-117.249843,28.550153,263.268342,468.0285,11.631407,-66.144301,11.631407,-28.254941,21.389757,-66.144301,21.389757,244.319007,421.831964,1.0,1.139064,1.0491,3.557966,1.0,142.0,434.79395581675817,1.0307278559307045,0.008589620700903428
50726.0,0.777373,0.224941,0.587446,-0.583931,0.605323,0.540934,-0.233916,-0.763535,0.601911,115.902188,-130.888556,117.92857,3.595169,3.596317,3.595746,90.003392,90.041696,90.032999,83.657076,0.067034,0.059626,107.683909,1.0,-250.187148,-45.379128,77.094454,-45.379128,697.376625,-7.620794,77.094454,-7.620794,390.512934,3.51322,45.863792,-23.977467,45.863792,351.836124,108.811671,-23.977467,108.811671,265.856164,562.345953,1.0,2.314997,0.924904,3.438873,1.0,136.0,331.1516256705026,0.588875271358986,0.009286438515154571
52324.0,0.533716,-0.80013,0.273749,0.682927,0.59872,0.418504,-0.498757,-0.036411,0.865977,222.877747,475.607409,112.969563,3.596948,3.592397,3.59851,89.964824,89.952878,89.994461,120.357856,0.061615,0.058268,86.559459,0.956522,-219.187729,761.650021,2.883737,761.650021,664.52466,481.497264,2.883737,481.497264,565.244027,-347.62333,215.713391,191.907832,215.713391,132.642464,-83.842382,191.907832,-83.842382,363.863432,403.262685,1.0,2.562331,0.523696,4.639514,1.0,132.0,680.4106934488874,1.6872642045938058,0.011050461856514144
51089.0,-0.272499,-0.568796,-0.776026,0.676642,0.460116,-0.574847,0.684032,-0.681737,0.25949,285.035024,-157.282127,-96.488007,3.596511,3.595979,3.595114,89.993394,90.001697,90.011702,101.688515,0.076663,0.068047,86.647376,1.0,223.754573,-78.708668,72.558263,-78.708668,250.277382,152.004279,72.558263,152.004279,467.269945,282.161089,-128.171433,243.197573,-128.171433,136.868907,154.997124,243.197573,154.997124,418.014382,566.049268,1.0,5.349949,1.308302,2.354514,1.0,136.0,366.0630681864762,0.6466982449776372,0.01154103039427299
51781.0,0.191865,-0.831126,-0.521936,0.974261,0.097171,0.203406,-0.118339,-0.547528,0.828377,-225.707857,202.035292,63.32161,3.594012,3.595312,3.594597,90.028125,90.07667,89.992529,114.488123,0.0531,0.051718,93.100234,0.992958,-8.093277,270.057022,45.009482,270.057022,-455.688858,-543.253366,45.009482,-543.253366,379.777556,149.744442,-27.780346,-45.016944,-27.780346,64.458073,-186.725467,-45.016944,-186.725467,432.264793,595.206073,1.0,4.340781,0.594592,3.354451,1.0,141.0,373.41016730235543,0.6273628315320557,0.010665472656062283
52965.0,0.741649,-0.669973,-0.033055,0.305921,0.293972,0.905535,-0.596966,-0.681702,0.422983,438.61888,200.672382,37.714078,3.596381,3.597628,3.594074,90.094949,89.957797,90.00725,178.715023,0.089401,0.089354,63.052743,0.837838,618.284897,705.120529,512.768035,705.120529,-288.476636,-33.646334,512.768035,-33.646334,743.347462,74.708468,278.865748,37.07265,278.865748,62.425789,-374.155869,37.07265,-374.155869,562.793255,823.058524,1.0,3.17808,1.134062,3.860819,1.0,124.0,639.3140371424142,0.7767540442147395,0.013287891376906473
52572.0,-0.604802,0.04667,0.795007,-0.795686,-0.076959,-0.600801,0.033144,-0.995941,0.08368,61.06315,357.771944,-100.204633,3.590289,3.596558,3.594597,90.018255,90.044364,90.010837,150.425391,0.066993,0.068041,145.662426,0.993151,-111.690722,-461.338406,76.513286,-461.338406,-1191.437574,-62.181307,76.513286,-62.181307,530.640122,80.522358,-46.626078,-79.494127,-46.626078,318.707249,-20.776283,-79.494127,-20.776283,326.319338,304.04647,1.0,0.923646,1.487019,3.108326,1.0,145.0,255.5323693247312,0.8404385333752804,0.00681816874311842
50487.0,-0.630645,-0.037348,-0.775173,0.503719,0.740155,-0.445463,0.590385,-0.671398,-0.447962,59.436891,443.288784,167.892679,3.595992,3.595866,3.596007,90.016876,89.993674,89.983766,145.914616,0.06307,0.065121,66.761388,0.935714,402.854313,9.623198,-31.344339,9.623198,507.874687,10.090461,-31.344339,10.090461,103.058879,384.564439,-49.694446,222.575071,-49.694446,52.486628,-105.774133,222.575071,-105.774133,172.307144,770.262927,1.0,5.23397,2.035281,2.420311,1.0,131.0,363.649445897062,0.47211079898833297,0.01401579607661842
52093.0,-0.223099,0.470372,0.853801,-0.840229,0.351266,-0.413071,-0.494209,-0.809544,0.316853,-194.058535,-1.957756,-77.882884,3.594632,3.596679,3.59587,89.97864,89.991989,89.994434,108.912771,0.071814,0.065011,92.793608,0.979452,459.936118,-74.342305,-261.767047,-74.342305,64.73432,-103.6214,-261.767047,-103.6214,299.016866,374.223434,-63.938526,-95.461933,-63.938526,179.760992,-180.833989,-95.461933,-180.833989,294.460582,660.511346,1.0,1.120191,1.248387,3.689681,1.0,143.0,251.18401706632062,0.3802872101856682,0.010555166687774441
50740.0,0.778833,0.564743,0.27292,-0.599204,0.798521,0.057605,-0.1854,-0.208399,0.960311,319.723428,137.686898,164.874552,3.593484,3.595041,3.59714,90.016626,90.042176,90.020373,114.402817,0.066823,0.060848,77.0971,1.0,-493.316691,168.438504,-63.869265,168.438504,112.268297,94.363858,-63.869265,94.363858,782.719427,-98.499004,81.762169,-37.644889,81.762169,-23.475712,33.70018,-37.644889,33.70018,684.212014,595.928046,1.0,1.778811,0.282683,3.868655,1.0,146.0,752.6432713083017,1.2629767576139581,0.012970656483836617
50497.0,0.569409,-0.47174,0.673227,-0.241806,0.686611,0.685635,-0.785687,-0.553197,0.276893,-373.337923,-57.368509,-98.357252,3.59465,3.595139,3.59404,90.016174,90.057244,90.002568,86.026634,0.070695,0.059259,80.965121,1.0,-353.07883,-267.038719,259.232406,-267.038719,-0.57383,254.447471,259.232406,254.447471,244.295917,21.20052,89.450476,-131.895472,89.450476,67.477012,202.357226,-131.895472,202.357226,209.865798,345.776358,1.0,2.365325,1.290237,4.098921,1.0,140.0,280.6510666030986,0.8116548749209124,0.012350997412824222
52177.0,-0.295048,0.436751,0.84982,-0.884408,0.211782,-0.415898,-0.361621,-0.874298,0.323781,297.569827,126.677641,-155.782242,3.594653,3.596094,3.595097,89.98299,90.036019,89.999904,158.552513,0.07189,0.076132,70.056313,0.828571,409.085323,190.396853,-81.732916,190.396853,-242.666077,16.658535,-81.732916,16.658535,285.317096,17.444767,21.881575,-5.696125,21.881575,-114.783709,-86.934309,-5.696125,-86.934309,446.697232,934.942024,1.0,1.115668,1.241074,3.533779,1.0,116.0,514.347222481472,0.5501380933556925,0.011827213915753743
52025.0,0.392854,-0.831713,-0.392324,0.912811,0.404432,0.056665,0.11154,-0.380379,0.91808,442.107621,240.853026,94.001016,3.594659,3.593057,3.596558,90.073252,90.005889,89.972689,109.851853,0.066549,0.061512,83.914637,0.93662,-806.996072,144.099266,-13.073579,144.099266,47.223918,-242.678524,-13.073579,-242.678524,773.729467,55.309109,144.788851,56.472736,144.788851,147.477068,-182.119175,56.472736,-182.119175,906.474699,506.794793,1.0,4.568948,0.407587,2.856356,1.0,133.0,835.1753591048247,1.6479556827349342,0.011161580785959904
51280.0,0.355186,-0.48803,0.797289,-0.704005,0.421467,0.571614,-0.614996,-0.764324,-0.193876,-175.239151,-379.751469,-153.019281,3.595054,3.596773,3.59405,89.951906,89.958238,90.00382,116.837686,0.065045,0.063593,79.980198,0.992958,-85.146205,-348.672747,-199.489234,-348.672747,9.743098,-428.651836,-199.489234,-428.651836,535.563824,143.850479,-108.631512,137.448194,-108.631512,162.029953,1.318808,137.448194,1.318808,727.590989,688.711419,1.0,2.192806,1.765908,3.819149,1.0,141.0,594.5521792757484,0.8632820117009682,0.012415048034764805
52293.0,0.576395,-0.681705,-0.450608,0.805157,0.567981,0.170644,0.139608,-0.461168,0.876261,206.473136,191.580049,-37.736889,3.592924,3.595364,3.59628,90.025186,89.9953,89.952021,144.938491,0.070408,0.070255,63.368157,0.863014,-485.521734,-356.382619,-202.610171,-356.382619,92.229952,-222.616374,-202.610171,-222.616374,489.829791,170.248866,-173.966664,-10.798093,-173.966664,-178.602322,31.213181,-10.798093,31.213181,642.043789,773.852873,1.0,4.350381,0.502749,2.847636,1.0,126.0,729.6507838455352,0.9428805000321232,0.013619048444157844
52160.0,-0.295073,0.807436,0.510861,-0.912698,-0.396381,0.099323,0.282692,-0.436954,0.853906,408.135298,-122.87442,-67.524927,3.593947,3.594475,3.596429,90.028456,89.961961,90.067003,113.745592,0.074641,0.061993,91.463707,1.0,28.716285,216.07653,-110.709288,216.07653,-654.957455,-237.909866,-110.709288,-237.909866,800.66603,-89.300775,42.806603,64.389916,42.806603,-83.732244,4.242271,64.389916,4.242271,415.869807,613.196434,1.0,1.762823,0.54735,2.567357,1.0,142.0,506.86548014651254,0.8265956095669542,0.010933298384680603
51120.0,-0.26865,-0.804529,-0.529679,0.715149,-0.534973,0.449851,-0.645282,-0.257947,0.719079,204.940846,475.901722,106.886412,3.595251,3.590953,3.593925,89.949611,90.055363,89.955309,142.516435,0.056191,0.054707,99.350063,1.0,-329.783755,-388.322887,-143.99344,-388.322887,-1096.246936,-549.366463,-143.99344,-549.366463,287.042058,110.363811,125.746866,199.236919,125.746866,40.908477,-188.063,199.236919,-188.063,382.054777,393.382388,1.0,4.008307,0.768321,4.332104,1.0,142.0,407.0219875426919,1.0346726237848043,0.010065418881515957
52359.0,0.620829,-0.73375,-0.27601,0.773268,0.631075,0.061649,0.128949,-0.251703,0.959176,-16.822176,-194.547684,-114.931935,3.593155,3.594906,3.596525,89.950929,89.993785,89.957419,162.862472,0.102147,0.096208,70.455992,0.856164,-291.088205,-410.145614,-492.806749,-410.145614,157.204809,229.250766,-492.806749,229.250766,234.941442,-430.006434,47.742655,112.159132,47.742655,77.876188,-37.990514,112.159132,-37.990514,455.590122,807.99631,1.0,4.49264,0.286724,2.66815,1.0,125.0,777.6076454078728,0.9623900948357955,0.012151755666146891
52493.0,-0.526869,0.382839,0.758843,-0.797497,0.086106,-0.597147,-0.293952,-0.919794,0.259946,273.69264,-427.861238,-72.728723,3.594314,3.595338,3.593199,90.023065,90.016848,89.963408,132.8164,0.059921,0.059766,72.312211,0.944444,-383.655245,113.403005,130.646711,113.403005,-390.382443,141.167442,130.646711,141.167442,392.828673,-246.781172,-112.260867,278.736273,-112.260867,-22.010287,189.341056,278.736273,189.341056,572.772237,634.135194,1.0,0.904084,1.30783,3.450919,1.0,136.0,795.3539033826675,1.2542339723580576,0.01306064338151685
50514.0,0.373712,0.771092,-0.515515,-0.124374,0.592424,0.795968,0.919168,-0.233346,0.3173,286.118616,134.200808,-165.628934,3.594849,3.594882,3.594994,90.029321,89.957848,89.98939,109.50634,0.06314,0.062584,81.369264,1.0,161.55339,53.358735,-174.677608,53.358735,-268.809066,316.203159,-174.677608,316.203159,247.390229,-156.482084,7.191521,-125.457298,7.191521,-161.552425,117.464275,-125.457298,117.464275,341.625173,572.775429,1.0,3.71632,1.247915,1.819411,1.0,142.0,522.3542400557857,0.9119704051686646,0.012289652761268678
52373.0,0.610967,0.117615,-0.78287,0.742913,0.256455,0.618313,0.273494,-0.959374,0.069308,-319.101408,78.163948,106.23071,3.594706,3.594776,3.594387,90.011517,89.967809,90.009909,118.555276,0.054483,0.055205,81.504869,0.847222,-326.268115,-22.131509,-74.130264,-22.131509,151.053071,166.664705,-74.130264,166.664705,77.429806,261.198248,-100.222911,-11.681433,-100.222911,78.156709,13.525115,-11.681433,13.525115,18.699274,661.412919,1.0,4.043897,1.501433,2.863884,1.0,122.0,235.99911940549308,0.35681056814297435,0.010394740957132267
52110.0,0.439911,0.127365,-0.888964,0.830629,0.318578,0.456688,0.34137,-0.939301,0.034353,303.341082,-126.650777,22.619935,3.594604,3.595997,3.592742,89.977414,89.982389,90.080371,155.698144,0.055937,0.068545,81.787544,0.934783,-684.526814,-73.898849,349.815168,-73.898849,-304.570244,292.510243,349.815168,292.510243,743.913313,-49.585953,90.387931,-78.540294,90.387931,201.076582,205.578779,-78.540294,205.578779,320.194122,762.457035,1.0,4.237817,1.536436,2.793004,1.0,129.0,386.4322605555083,0.5068249656264346,0.011429405436113843
50754.0,0.767408,0.099546,0.633384,-0.613507,0.400994,0.680303,-0.186262,-0.910656,0.368799,-423.439711,7.313299,5.839825,3.596399,3.594725,3.593046,89.96326,90.015992,90.006208,168.801171,0.093973,0.080075,60.68003,0.8,-20.855716,-349.36585,-333.038659,-349.36585,273.014999,-192.032344,-333.038659,-192.032344,-266.204518,-13.394609,-206.313278,170.929873,-206.313278,319.828309,261.282696,170.929873,261.282696,2.223448,783.623674,1.0,2.391895,1.19308,3.343346,1.0,112.0,459.47281780515266,0.5863437170801359,0.013183909104857068
50522.0,-0.350874,-0.474459,0.807327,0.341845,0.737741,0.582134,-0.871797,0.480236,-0.096662,288.532201,261.448334,-163.979741,3.593844,3.59576,3.590799,89.975286,89.993791,89.994524,159.936583,0.077097,0.076728,79.785812,0.911765,-861.392631,-531.898805,13.591544,-531.898805,-15.287932,229.274767,13.591544,229.274767,-185.209147,-387.702352,103.46779,-74.865994,103.46779,70.294216,104.923757,-74.865994,104.923757,402.78154,625.479365,1.0,2.19552,1.66761,5.215891,1.0,124.0,702.1939559495147,1.1226492754873132,0.011427658341059434
50788.0,0.675559,0.295833,0.675355,-0.559502,0.802239,0.208258,-0.480186,-0.518552,0.707478,-59.67438,-260.626567,31.492501,3.594661,3.594821,3.596579,89.995412,90.024975,90.020996,99.503082,0.065649,0.059224,93.072731,0.992857,-30.94031,92.539872,299.152787,92.539872,258.444278,203.893846,299.152787,203.893846,284.439628,119.72945,52.346976,-20.052134,52.346976,104.128712,16.813465,-20.052134,16.813465,412.654759,503.142835,1.0,1.869912,0.784873,3.888595,1.0,139.0,305.26580321561033,0.6067179774419531,0.010667539131305817
53000.0,-0.759626,-0.27421,0.589726,-0.505993,0.818852,-0.271021,-0.408581,-0.504272,-0.76077,33.709723,503.812206,64.228355,3.594873,3.593928,3.596819,90.003822,90.004034,89.935031,104.451385,0.060728,0.056702,91.419869,1.0,483.616342,-317.139783,-7.708897,-317.139783,-564.411121,173.783555,-7.708897,173.783555,469.555177,390.456024,4.925012,-134.567913,4.925012,250.469601,28.106737,-134.567913,28.106737,529.930581,511.899312,1.0,1.140011,2.435295,3.822546,1.0,146.0,269.75168344515095,0.5269623871757635,0.01093854116111236
52957.0,0.728604,0.00869,-0.68488,0.302958,0.892699,0.333626,0.614291,-0.450571,0.647791,-236.836745,-110.532395,-92.210423,3.597652,3.59561,3.596012,89.986944,90.023628,90.018821,133.870032,0.074523,0.068204,73.202347,0.939189,798.430929,-84.167617,282.930691,-84.167617,243.798321,28.172229,282.930691,28.172229,363.401775,-68.662062,-134.910879,34.07881,-134.910879,449.181032,89.947533,34.07881,89.947533,560.873395,639.230562,1.0,4.25909,0.866115,2.203641,1.0,139.0,599.2206811604335,0.9374093117287993,0.012830039452150353
53046.0,-0.748765,0.634974,-0.190155,-0.467668,-0.30279,0.830424,0.469721,0.710722,0.523676,-0.980849,-442.65345,147.345627,3.592993,3.597136,3.593869,89.978986,89.934363,89.980362,142.242836,0.078589,0.070634,83.901415,1.0,-56.961887,-470.094047,216.710988,-470.094047,-701.076302,-60.786246,216.710988,-60.786246,695.225851,184.412055,155.325998,95.441364,155.325998,-14.619208,9.453078,95.441364,9.453078,414.004513,477.094444,1.0,3.366697,1.019636,0.584005,1.0,142.0,403.75196908285704,0.8462726283244184,0.01191875011881504
51445.0,-0.017578,0.712961,-0.700984,0.574824,0.58085,0.57636,0.818088,-0.392811,-0.420037,-297.835419,249.162718,13.428573,3.595626,3.595008,3.595533,90.015269,90.008933,90.006443,106.521916,0.065351,0.063112,80.606999,0.898551,278.933547,-51.532478,54.687997,-51.532478,1.346975,76.270977,54.687997,76.270977,261.148826,-8.147655,4.830804,0.247698,4.830804,-124.833765,70.670174,0.247698,70.670174,379.081426,617.968631,1.0,4.024248,2.004283,2.018444,1.0,123.0,460.98754670368646,0.74597240633026,0.011147307444109165
50968.0,0.224495,-0.745761,0.627251,-0.154292,0.608358,0.778521,-0.962183,-0.271554,0.021508,-214.617507,6.020888,137.972853,3.59733,3.595288,3.595809,89.998686,89.970628,89.975646,88.633013,0.063814,0.062141,114.527262,1.0,228.512879,122.349941,-136.753371,122.349941,163.256387,-224.125056,-136.753371,-224.125056,778.685124,400.467116,-92.875931,68.014135,-92.875931,180.755309,-118.363611,68.014135,-118.363611,294.268736,444.661722,1.0,2.463388,1.549286,4.437317,1.0,148.0,238.04346289168015,0.5353360793481571,0.008731545507479259
50797.0,0.648593,0.719056,-0.24957,-0.547243,0.66844,0.503699,0.52901,-0.190121,0.827044,-300.01209,-293.767126,116.266298,3.596233,3.592827,3.59462,89.945545,89.995059,90.00836,93.175821,0.065883,0.056051,111.919261,0.992754,-355.279844,-289.431374,525.865173,-289.431374,227.439438,109.224229,525.865173,109.224229,-22.680298,143.83179,-9.225937,65.878048,-9.225937,234.212409,11.102662,65.878048,11.102662,208.633379,289.161839,1.0,3.601613,0.596967,1.915811,1.0,137.0,99.61085618908653,0.34448133451346097,0.008870269434677558
50965.0,0.379988,-0.058726,0.923125,-0.370558,0.904737,0.21009,-0.847523,-0.421903,0.322028,228.917879,-43.935566,-38.472374,3.59582,3.594762,3.594411,90.015966,90.000689,90.027767,140.036414,0.062612,0.062215,81.951987,0.94,-12.855936,-262.05341,-36.140656,-262.05341,152.750315,207.328692,-36.140656,207.328692,75.222205,545.214278,-72.429549,-16.732883,-72.429549,-55.35237,-59.492075,-16.732883,-59.492075,304.439809,979.395575,1.0,1.79457,1.242926,4.250497,1.0,141.0,529.9533279337988,0.5411024324199125,0.011470130675416081
52732.0,0.5248,0.406692,-0.747788,0.312548,0.72506,0.613679,0.791769,-0.555779,0.253401,-370.707719,-118.200585,-63.267263,3.595914,3.594479,3.596478,90.01214,90.011672,89.996639,157.258695,0.071033,0.075585,68.809925,0.885714,505.213674,-152.822525,53.159386,-152.822525,55.800099,156.021559,53.159386,156.021559,176.479763,-92.775831,-124.422628,24.408957,-124.422628,3.00158,85.692791,24.408957,85.692791,209.381269,864.973303,1.0,4.025177,1.314602,2.182827,1.0,124.0,298.4919299783878,0.345088026350783,0.012871893117162966
52267.0,-0.297072,0.636737,0.711557,-0.743563,0.313255,-0.59075,-0.599051,-0.704583,0.380395,503.267598,56.714565,-179.813331,3.595456,3.59942,3.596236,89.983249,90.034326,90.010725,186.422073,0.081804,0.084906,60.84313,0.802817,1050.810108,265.162435,-296.286592,265.162435,109.180383,-266.634992,-296.286592,-266.634992,757.070426,339.804611,58.478226,50.009832,58.478226,-246.496226,-253.939838,50.009832,-253.939838,766.086512,897.249085,1.0,0.877897,1.180573,3.846215,1.0,114.0,910.0543728775257,1.0142717201851765,0.01319486686500185
50538.0,0.615153,-0.161041,0.771785,-0.296482,0.859811,0.41572,-0.730538,-0.484552,0.48117,165.114378,243.598824,-97.960902,3.595752,3.593057,3.595596,90.047362,90.008792,89.973212,146.833932,0.088046,0.086243,72.107831,0.859155,219.700298,-23.776648,90.339088,-23.776648,-676.000035,137.048436,90.339088,137.048436,507.410682,55.910134,43.855075,110.528643,43.855075,-152.278221,89.210176,110.528643,89.210176,395.366344,745.354669,1.0,2.064882,1.068808,4.126734,1.0,122.0,495.7998261809657,0.6651864498898923,0.011914864004160657
52954.0,-0.467117,0.847197,0.253099,-0.37695,-0.44974,0.809717,0.799819,0.282827,0.529433,376.992512,46.857473,111.031519,3.59601,3.593421,3.594172,89.993957,89.973455,89.968743,99.955802,0.057323,0.051816,82.015275,0.964789,-444.57515,60.185225,-75.124539,60.185225,-214.969773,-151.363591,-75.124539,-151.363591,487.684698,-74.603363,153.508284,92.893411,153.508284,-249.300198,-55.80236,92.893411,-55.80236,641.046422,493.078637,1.0,2.838638,1.012865,1.230906,1.0,137.0,833.1724090316186,1.6897353616875894,0.011763528196424386
50593.0,0.491991,-0.743627,0.45273,-0.245252,0.380578,0.891635,-0.835342,-0.549709,0.004865,307.017775,-232.690657,-144.997121,3.593975,3.591359,3.594993,90.043777,90.008751,89.87481,173.625959,0.070731,0.074308,64.005506,0.804348,-1134.144871,886.654744,212.16571,886.654744,-522.743597,196.371008,212.16571,196.371008,571.192156,-441.942815,230.062599,-68.126633,230.062599,-140.500849,-82.521912,-68.126633,-82.521912,507.252203,888.651431,1.0,2.671762,1.565931,4.130365,1.0,110.0,868.3295206174068,0.977131741790226,0.012566856357638982
51839.0,0.236802,-0.672087,-0.701586,0.941881,0.335923,-0.003892,0.238295,-0.659889,0.712574,-332.174845,436.974859,64.488772,3.592621,3.594814,3.593866,89.988431,90.10653,90.098897,210.478149,0.116819,0.109615,63.762167,0.809859,534.698561,931.116501,367.034302,931.116501,-1062.578801,-268.2114,367.034302,-268.2114,-287.516462,340.858542,129.2339,358.272947,129.2339,-352.142917,-112.158353,358.272947,-112.158353,266.38268,884.799982,1.0,4.717937,0.777637,2.795051,1.0,115.0,743.2469955386297,0.840016965030442,0.012701246493081077
50929.0,0.432605,-0.049832,0.900205,-0.409034,0.878953,0.245222,-0.803458,-0.474299,0.359856,-344.757717,400.673451,126.45038,3.591773,3.591106,3.593656,89.937326,90.08598,89.872783,242.732852,0.079696,0.095705,78.214647,0.916667,-1082.862576,1191.317752,165.688538,1191.317752,-1350.594312,-78.638537,165.688538,-78.638537,291.24466,-106.088276,99.57926,202.079393,99.57926,-21.48236,105.746877,202.079393,105.746877,290.518416,930.276673,1.0,1.83675,1.202683,4.179116,1.0,132.0,421.13019455090006,0.45269349084377186,0.011719889242739917
51046.0,-0.225402,-0.633337,0.740323,0.55165,0.543366,0.6328,-0.803042,0.551034,0.226905,-296.782804,105.930821,-107.605644,3.595592,3.593734,3.594605,89.970446,89.964748,90.018144,114.839405,0.073117,0.064635,86.786151,0.971014,-510.585529,206.275114,-57.209026,206.275114,271.474474,-169.309123,-57.209026,-169.309123,158.434214,-66.577029,189.184231,36.385497,189.184231,73.660622,-144.736435,36.385497,-144.736435,356.9602,541.736346,1.0,2.278048,1.341898,5.313782,1.0,132.0,428.02094218813386,0.7900908723376183,0.011188582381075986
50769.0,0.768084,0.491032,0.411016,-0.633519,0.676197,0.376048,-0.093276,-0.549223,0.830454,505.282738,-144.036166,-181.347071,3.59128,3.594796,3.594733,90.109374,90.013111,90.056746,163.587832,0.087209,0.077829,71.755245,0.950704,-1395.949146,-74.989324,53.838528,-74.989324,-387.421795,-478.292994,53.838528,-478.292994,832.145954,-52.100189,88.3376,-150.266072,88.3376,-234.358515,-164.947027,-150.266072,-164.947027,437.848883,473.813835,1.0,2.311795,0.590874,3.309821,1.0,135.0,636.9919132148483,1.344392810342586,0.013249261430296836
51885.0,-0.004252,0.713304,-0.700842,-0.560906,0.578514,0.592204,0.827869,0.395625,0.397637,248.738742,514.203547,-164.045742,3.597427,3.597666,3.594607,90.041035,89.951233,90.028758,99.767377,0.058075,0.052926,88.570154,1.0,758.210715,614.091587,-160.549063,614.091587,128.654234,-286.448339,-160.549063,-286.448339,636.813561,259.230014,40.143136,65.945122,40.143136,116.959033,-74.926005,65.945122,-74.926005,491.700195,397.987221,1.0,4.010811,1.161857,1.124998,1.0,136.0,340.64318622947644,0.8559148843361392,0.011290485054367186
52465.0,-0.347177,0.554476,0.756323,-0.595956,0.492255,-0.634446,-0.724089,-0.671,0.159543,-419.68234,414.053293,-135.018414,3.595461,3.594695,3.595597,89.97489,90.042246,89.961145,180.355718,0.070675,0.086042,67.985379,0.911765,403.357807,-157.048923,157.158658,-157.048923,-450.840402,57.327635,157.158658,57.327635,473.27806,-37.064548,93.352488,-120.048295,93.352488,-35.591813,134.900721,-120.048295,134.900721,364.353398,938.465318,1.0,0.872808,1.410568,3.965027,1.0,124.0,437.65365023774746,0.46635037208455205,0.013411192427124663
51879.0,0.258207,-0.568601,-0.781039,0.890185,-0.174088,0.421028,-0.375366,-0.803982,0.461209,36.55602,170.774152,155.10216,3.594202,3.596307,3.595237,89.986091,90.00141,90.001152,136.702343,0.079332,0.076259,68.353727,0.883562,331.027659,-36.479057,203.342721,-36.479057,-104.81316,90.446707,203.342721,90.446707,198.268018,235.016092,75.517995,-17.221437,75.517995,-17.010906,-8.953233,-17.221437,-8.953233,234.327332,741.65057,1.0,4.217983,1.091439,3.578398,1.0,129.0,260.58448798388804,0.3513574970809879,0.012926317829019035
51243.0,0.329195,0.75302,-0.56973,-0.567372,0.640037,0.518113,0.754798,0.152688,0.63794,-143.988935,93.1687,167.063052,3.595092,3.593881,3.593523,89.967943,89.967148,90.039675,142.685504,0.073043,0.072659,66.194046,0.905797,-754.257271,190.209545,-47.591361,190.209545,111.016203,-169.70383,-47.591361,-169.70383,162.886205,-218.493934,96.222518,51.040705,96.222518,-168.461972,-131.377196,51.040705,-131.377196,350.225827,779.60361,1.0,3.974404,0.878977,1.3712,1.0,125.0,565.0965571713832,0.7248511293725066,0.013683964868985345
50560.0,0.871938,0.331063,0.360724,-0.489312,0.563232,0.665841,0.017264,-0.757078,0.653096,-411.000891,375.434679,-59.78471,3.586769,3.594798,3.594668,90.001943,90.052461,89.90855,211.379722,0.090015,0.088993,67.050116,0.826087,-1519.668101,1015.29465,-825.227433,1015.29465,-689.032031,448.957148,-825.227433,448.957148,-14.305513,-178.496766,-183.835007,-320.84096,-183.835007,-184.947124,127.052181,-320.84096,127.052181,430.092062,701.298965,1.0,2.6451,0.859131,3.118793,1.0,114.0,699.2888892168196,0.9971337819054383,0.012320441026530066
53058.0,-0.746652,0.647238,-0.153606,-0.459876,-0.335379,0.822214,0.480651,0.684547,0.54806,-325.983718,82.53056,133.506139,3.594675,3.595222,3.593855,89.961615,90.045325,90.002905,79.494577,0.048365,0.04401,109.43274,1.0,-93.02639,407.306757,366.357839,407.306757,-48.622104,-55.328559,366.357839,-55.328559,11.078378,186.501057,-9.241146,2.968186,-9.241146,168.032659,-1.355846,2.968186,-1.355846,185.069455,245.980001,1.0,3.326284,0.990753,0.612164,1.0,144.0,19.71616678981828,0.08015353569259592,0.009138033096859313
50562.0,0.531458,0.802001,-0.272667,-0.254562,0.458221,0.851605,0.80793,-0.383182,0.447685,38.106069,105.467734,66.349831,3.595022,3.594484,3.595475,90.013045,89.998453,90.027787,103.558707,0.065556,0.060534,88.540435,0.840278,-169.238165,-150.262524,-129.695206,-150.262524,100.361757,-17.557706,-129.695206,-17.557706,280.726968,189.693016,-82.606308,-94.865247,-82.606308,10.43424,89.726823,-94.865247,89.726823,394.997782,623.898747,1.0,3.451459,1.106622,2.013654,1.0,121.0,359.15460007778785,0.5756616787656217,0.009490330604316546
51577.0,0.146114,0.73883,-0.65786,-0.524554,0.621677,0.581688,0.838745,0.26009,0.478392,126.683499,78.210005,63.110922,3.594166,3.593236,3.593424,89.96501,89.969008,90.004445,123.451557,0.058083,0.060042,67.38083,0.835821,-747.401843,94.205121,-85.111005,94.205121,-248.426915,86.772591,-85.111005,86.772591,51.533766,-399.316523,230.641302,-105.646702,230.641302,-100.102624,24.283315,-105.646702,24.283315,88.018077,614.305416,1.0,3.988366,1.071973,1.270105,1.0,112.0,479.49600659721636,0.7805498602298117,0.012404433130313176
52376.0,-0.333025,0.600113,0.727296,-0.670483,0.39162,-0.630148,-0.662984,-0.697494,0.271946,525.586692,146.66959,36.489486,3.591587,3.59686,3.595037,90.051745,89.952405,89.911175,145.003959,0.08334,0.077164,88.785835,1.0,-746.547712,-581.540138,-634.904386,-581.540138,-105.036456,-553.652011,-634.904386,-553.652011,645.001824,249.895064,-55.92591,-32.819775,-55.92591,-56.00344,-293.278358,-32.819775,-293.278358,725.472867,380.790045,1.0,0.856843,1.295382,3.90163,1.0,140.0,729.9927808976727,1.9170479651002237,0.011263057896566496
50568.0,-0.243222,-0.498969,0.831789,0.290632,0.780652,0.553277,-0.925406,0.376314,-0.044856,461.732501,-194.163583,-126.856246,3.59649,3.590569,3.593959,89.94183,89.960953,90.019282,157.844974,0.061893,0.068746,74.53221,0.978571,-1010.177292,600.085593,184.493391,600.085593,-261.619368,-454.24178,184.493391,-454.24178,380.642121,-23.580453,74.485482,-156.362977,74.485482,2.592959,-237.745767,-156.362977,-237.745767,551.912681,693.556586,1.0,2.157758,1.615667,5.098613,1.0,137.0,617.8229227506296,0.8908039159628564,0.013129504679922948
51373.0,0.248142,-0.754462,0.607628,-0.529507,0.419615,0.737255,-0.811201,-0.504688,-0.295369,369.637958,505.670668,82.594426,3.595531,3.594702,3.593373,89.962827,89.949553,89.991177,106.582875,0.060838,0.055139,83.694882,1.0,-326.432953,-316.022287,-219.186928,-316.022287,-324.273599,-181.595267,-219.186928,-181.595267,479.067461,-140.921786,-128.910768,95.339373,-128.910768,126.328993,58.926553,95.339373,58.926553,637.688139,496.949464,1.0,2.452283,1.870638,4.155843,1.0,140.0,701.0401028403186,1.4106869080762678,0.011948161895968739
52251.0,-0.369546,0.357612,0.857642,-0.897768,-0.375486,-0.230269,0.239686,-0.855058,0.459812,-280.92205,-368.689312,69.675915,3.59144,3.595722,3.594274,90.004979,89.910292,89.970402,133.679661,0.061735,0.060217,85.299275,1.0,-776.619063,-881.194197,103.079514,-881.194197,-219.400432,107.050448,103.079514,107.050448,220.235281,-48.414961,-29.711685,-45.717718,-29.711685,154.907689,-6.37995,-45.717718,-6.37995,325.290323,569.38335,1.0,1.308492,1.093013,2.868292,1.0,144.0,327.5258599342386,0.5752290788521277,0.011723429067832055
51587.0,0.166096,0.863891,-0.475504,-0.789487,0.405426,0.460802,0.590865,0.298867,0.749371,94.676789,213.983669,72.659023,3.594211,3.596176,3.595679,90.0198,89.995025,90.012667,135.616202,0.066178,0.067589,72.226717,0.972222,456.612788,154.084672,-160.400797,154.084672,3.882338,116.741056,-160.400797,116.741056,52.906203,12.916225,97.678774,-30.923389,97.678774,0.707649,288.772827,-30.923389,288.772827,401.158039,773.052979,1.0,3.942691,0.723684,1.10251,1.0,140.0,475.4324279293278,0.6150062684504936,0.013460697652919766
50820.0,0.685854,0.247312,0.684427,-0.611722,0.70537,0.358118,-0.394208,-0.664297,0.635067,466.861782,227.545731,67.225101,3.595134,3.595782,3.592009,90.072215,90.048582,89.998181,94.886701,0.067932,0.055861,107.859651,1.0,-893.030417,-463.277167,-298.411263,-463.277167,-58.578578,-187.793409,-298.411263,-187.793409,590.431233,-52.285617,2.84995,26.707283,2.84995,209.48526,-24.40031,26.707283,-24.40031,720.53466,337.064039,1.0,2.052861,0.882701,3.677161,1.0,142.0,681.5136925589159,2.021911606414103,0.009271307580997087
51467.0,-0.079695,-0.450193,-0.889368,0.95938,0.207583,-0.191046,0.270625,-0.868467,0.415363,-16.529925,-363.625834,165.076989,3.595312,3.595851,3.591901,90.027731,89.970305,89.980851,116.816782,0.060125,0.057972,82.685093,1.0,-706.173507,-443.546349,187.608329,-443.546349,121.66597,-52.843286,187.608329,-52.843286,262.640244,-63.472942,-73.557767,279.303868,-73.557767,-322.38753,-77.588143,279.303868,-77.588143,539.927456,568.908606,1.0,4.923985,1.142454,2.839516,1.0,144.0,808.9740146679351,1.4219753509370099,0.012094078433218912
52323.0,0.591484,-0.698682,-0.40248,0.778734,0.624436,0.060441,0.209094,-0.349175,0.913431,291.454413,-367.065838,119.953089,3.594935,3.599809,3.595173,90.009664,90.000183,90.044357,95.892207,0.077272,0.058877,129.896157,1.0,999.967885,-500.34884,484.160457,-500.34884,200.006553,-284.8207,484.160457,-284.8207,384.655351,-63.947327,10.872687,-21.555503,10.872687,37.832334,-1.269395,-21.555503,-1.269395,521.204517,244.408093,1.0,4.563331,0.419159,2.60204,1.0,144.0,541.8888939726639,2.21714791568978,0.007698457160668734
52599.0,0.222506,0.627899,-0.745811,0.093445,0.747731,0.657394,0.970443,-0.215967,0.1077,-310.25492,105.334731,-165.514722,3.596241,3.593217,3.596011,89.979307,90.037632,90.020094,110.621082,0.067222,0.062613,83.47111,0.972973,-58.742127,-454.30067,291.932156,-454.30067,32.145255,-216.397492,291.932156,-216.397492,373.648635,79.324211,-193.2688,-4.426591,-193.2688,-74.19927,152.074865,-4.426591,152.074865,234.228384,558.278742,1.0,3.989919,1.462887,1.789772,1.0,144.0,341.64393911808924,0.6119594271029745,0.011656404233752252
50581.0,0.474633,-0.841484,0.258123,-0.226992,0.166318,0.95959,-0.850411,-0.514045,-0.11207,216.605593,324.771822,-62.981183,3.596748,3.595195,3.590328,89.991939,89.987505,90.012768,160.375508,0.073706,0.072835,69.062221,0.948529,218.827755,-422.503623,-220.274849,-422.503623,-1114.653107,109.500694,-220.274849,109.500694,353.357325,-3.415905,-27.486213,16.983885,-27.486213,-126.637839,162.307556,16.983885,162.307556,421.408893,757.633544,1.0,2.87882,1.683103,4.168692,1.0,129.0,518.2164147122911,0.6839934937097916,0.013734412045624771
50970.0,-0.46106,-0.351843,-0.814635,0.833612,0.142937,-0.533536,0.304162,-0.925081,0.227398,253.966564,376.180825,136.909828,3.595095,3.596014,3.594186,89.983698,90.010947,89.99582,102.465232,0.065101,0.062662,85.44038,1.0,-15.810982,-84.374683,271.293976,-84.374683,103.921038,42.568281,271.293976,42.568281,210.836497,90.699778,-39.301639,-123.235782,-39.301639,226.547401,-39.09974,-123.235782,-39.09974,285.907175,424.375516,1.0,5.292228,1.341392,2.823932,1.0,140.0,209.13486913897808,0.49280616165183777,0.011704067795578624
51344.0,0.337937,0.85235,-0.399122,-0.761136,0.496943,0.416797,0.553598,0.162935,0.816689,-9.129684,-171.541928,-174.656221,3.596467,3.594258,3.593456,90.039498,90.03616,90.008659,121.619585,0.064384,0.063996,88.062402,1.0,176.424124,-278.971838,-87.150448,-278.971838,297.982043,-386.197162,-87.150448,-386.197162,-485.493167,224.189205,85.025675,172.188821,85.025675,146.724716,-42.195203,172.188821,-42.195203,152.280339,439.771486,1.0,3.905331,0.615146,1.284559,1.0,140.0,185.9982297987477,0.4229429049402892,0.011355583964198477
50602.0,-0.481608,-0.751809,-0.450374,0.479796,-0.656229,0.582373,-0.733382,0.064388,0.67676,-411.746992,339.756399,-58.209842,3.595318,3.594434,3.593981,90.039381,90.035663,90.03651,125.206258,0.066835,0.063159,78.912444,0.985714,-652.438404,193.936443,142.60509,193.936443,218.152365,-127.709394,142.60509,-127.709394,298.407727,-167.474963,-215.082032,44.509834,-215.082032,16.091906,20.532956,44.509834,20.532956,412.934352,627.033921,1.0,3.799867,0.827443,4.79996,1.0,138.0,548.2016998430308,0.8742775812969629,0.012491236489900123
51685.0,0.097156,0.668085,0.737715,-0.810408,-0.377175,0.448305,0.577754,-0.641405,0.504777,-31.137156,449.28726,-5.635739,3.593085,3.595931,3.594884,89.993606,89.962214,89.99479,151.218303,0.059552,0.066755,67.652186,0.905797,273.520237,-241.766301,10.792754,-241.766301,-477.871044,242.425961,10.792754,242.425961,115.264266,-117.951579,51.394253,-25.160196,51.394253,-168.45253,-214.216622,-25.160196,-214.216622,361.13347,780.045551,1.0,2.116854,1.041672,2.408357,1.0,125.0,541.4235451063948,0.6940922160408486,0.013389027813528449
52355.0,-0.301369,0.428841,0.851629,-0.640386,0.570711,-0.513999,-0.706458,-0.700275,0.102629,-187.021232,-152.856891,56.804364,3.596265,3.596896,3.596305,89.933844,89.993345,90.023505,133.412168,0.064635,0.06552,87.495076,0.940299,909.573916,260.321604,-388.523805,260.321604,333.39723,179.222071,-388.523805,179.222071,215.418969,450.118752,52.657788,-104.483368,52.657788,12.017287,-161.831398,-104.483368,-161.831398,584.461462,616.20383,1.0,1.027772,1.467986,3.931386,1.0,126.0,546.5764896897721,0.8870059923025341,0.010746879058656969
50959.0,0.447827,-0.419344,0.789684,-0.456421,0.652243,0.605193,-0.76885,-0.631451,0.100695,4.085898,-214.229191,21.960808,3.594609,3.596058,3.594596,90.014629,90.022695,89.989243,105.340877,0.06166,0.051356,84.812684,0.951389,-58.585009,-82.293375,290.506085,-82.293375,86.389842,-44.527127,290.506085,-44.527127,262.230558,168.483864,13.037694,122.81023,13.037694,90.267213,12.646205,122.81023,12.646205,449.617683,495.10365,1.0,2.224694,1.46993,4.024799,1.0,137.0,344.532451160983,0.6958794409230935,0.011217532038014502
51724.0,0.059868,-0.48507,0.872424,-0.808906,0.488525,0.32713,-0.584882,-0.725293,-0.363129,374.855187,-265.370307,46.658429,3.595144,3.595557,3.594918,89.978517,89.993025,89.966691,43.125913,0.068375,0.053209,110.688855,1.0,-77.772624,85.816079,12.147823,85.816079,-69.183125,-17.336232,12.147823,-17.336232,535.587678,7.859486,-62.508415,17.406736,-62.508415,23.15041,-61.295807,17.406736,-61.295807,558.219979,214.290778,1.0,1.929538,1.94242,3.820228,1.0,144.0,548.3525949703682,2.558918307582831,0.009034333221714146
50614.0,-0.677652,-0.544094,-0.494722,0.63538,-0.094494,-0.766396,0.370243,-0.833686,0.40974,-340.286329,-421.075743,11.362527,3.595181,3.594912,3.598069,89.987724,89.996485,89.994445,116.732469,0.065705,0.062633,81.864258,0.930556,411.145362,343.075715,-172.938998,343.075715,573.665507,-221.94166,-172.938998,-221.94166,111.797108,31.701531,38.381962,-58.712132,38.381962,42.769484,53.798135,-58.712132,53.798135,271.972914,448.401945,1.0,5.709968,1.148627,2.723653,1.0,134.0,247.09192881067304,0.5510500825563391,0.011367060824028967
52442.0,-0.467172,0.600778,0.648704,-0.785196,0.055388,-0.616765,-0.406469,-0.797495,0.445853,-327.850825,-413.923593,30.59084,3.592458,3.594742,3.592706,90.001826,90.037655,89.98492,130.138968,0.078695,0.06824,76.241724,0.9375,-263.769456,5.989503,-108.728466,5.989503,-935.309766,56.662175,-108.728466,56.662175,-1.458417,-406.558695,93.720456,-0.28936,93.720456,-147.580741,-96.752895,-0.28936,-96.752895,351.302524,619.599297,1.0,0.810632,1.108669,3.612956,1.0,135.0,677.3200186982001,1.0931581458818216,0.01229641659204873
50619.0,0.418059,0.870512,-0.259685,-0.197861,0.366258,0.909234,0.88661,-0.328732,0.325358,210.3356,236.935654,-114.175755,3.594882,3.59263,3.596699,89.964638,89.997034,90.045923,105.629562,0.070262,0.067882,87.162591,1.0,-838.034747,-85.498286,-6.480741,-85.498286,627.49944,32.560482,-6.480741,32.560482,207.729117,-93.557655,58.496869,99.367509,58.496869,46.785939,6.368604,99.367509,6.368604,400.99516,472.58445,1.0,3.419794,1.239407,1.925857,1.0,140.0,452.62981585924797,0.9577755168610562,0.01147281177082035
51605.0,0.161852,-0.21126,0.963936,-0.933501,0.283948,0.218973,-0.319968,-0.935277,-0.151253,-375.756855,408.78167,-185.767653,3.59678,3.595796,3.596215,90.029325,89.938402,90.034223,126.176138,0.06296,0.060032,75.07284,0.972603,701.604286,-612.380526,37.446689,-612.380526,443.670135,-54.209208,37.446689,-54.209208,125.301496,173.320515,-2.726457,30.478186,-2.726457,78.616397,-14.538522,30.478186,-14.538522,207.611405,534.616733,1.0,1.794171,1.722632,3.471222,1.0,142.0,119.38599207910025,0.22331136440336644,0.012955457659521073
51193.0,0.488883,0.866426,-0.101488,-0.84309,0.499155,0.200107,0.224036,-0.012266,0.974504,243.452768,18.731468,118.482841,3.595904,3.595549,3.595786,89.996583,90.002422,89.995154,52.597935,0.060316,0.052928,106.056514,1.0,281.938464,-62.822318,27.859754,-62.822318,275.273471,30.280409,27.859754,30.280409,282.563273,149.987105,60.822575,13.461768,60.822575,216.453581,67.755285,13.461768,67.755285,392.198552,321.63555,1.0,3.610957,0.226298,1.62549,1.0,144.0,230.95188625621216,0.7180546001715673,0.009428935218444007
50914.0,0.546303,0.025677,0.837194,-0.545141,0.769753,0.332118,-0.635905,-0.637826,0.434516,-345.42194,-205.707026,-38.14017,3.593698,3.596313,3.594794,89.991054,90.058028,89.979144,109.741873,0.068466,0.062811,80.537171,1.0,-530.378628,363.543793,141.344928,363.543793,245.141899,-102.757574,141.344928,-102.757574,447.583774,-301.573907,99.388585,96.750372,99.388585,224.313797,26.258694,96.750372,26.258694,290.517831,614.07486,1.0,1.948458,1.121296,3.925483,1.0,146.0,575.0677542801651,0.9364782565437789,0.012416626851717948
52307.0,-0.366235,0.604434,0.707482,-0.803962,-0.588358,0.086483,0.468526,-0.537116,0.70142,-120.451126,229.48341,93.116147,3.595095,3.594157,3.596417,90.005452,90.006962,90.02748,88.193323,0.069952,0.056919,91.042601,1.0,284.474172,233.964371,145.595505,233.964371,-202.561897,-43.937206,145.595505,-43.937206,321.013785,214.962837,105.024151,25.916266,105.024151,-62.733897,-61.52475,25.916266,-61.52475,356.433785,496.473353,1.0,1.692433,0.793409,2.424294,1.0,142.0,384.7476970914593,0.7749614249517623,0.01098386896920926
52354.0,0.60071,-0.380604,-0.703056,0.746769,-0.046863,0.66343,-0.285451,-0.92355,0.256072,189.190506,163.928352,-41.113895,3.595725,3.595026,3.595484,90.032595,90.030004,90.040866,149.329836,0.073851,0.0741,71.229187,0.965278,444.687222,234.713701,-146.88398,234.713701,26.992657,398.839036,-146.88398,398.839036,88.269289,304.530964,-46.238213,-81.182797,-46.238213,-25.085548,-42.899474,-81.182797,-42.899474,247.25099,823.526604,1.0,3.955981,1.31184,3.441359,1.0,139.0,317.76461881697287,0.3858583526913878,0.013551720027353394
50878.0,0.643696,0.757697,0.107475,-0.621846,0.436009,0.650541,0.446053,-0.485583,0.751828,-352.25656,-436.581086,-125.747989,3.593813,3.593894,3.597776,90.00931,89.995696,89.984606,130.478536,0.068407,0.065372,78.903247,0.971014,-109.219216,28.313383,62.143494,28.313383,63.68564,593.493382,62.143494,593.493382,396.918514,-38.733962,-94.57052,-229.824916,-94.57052,-147.872387,118.781186,-229.824916,118.781186,363.151894,530.127452,1.0,2.977863,0.719966,2.3986,1.0,134.0,523.6302707820025,0.9877441147529983,0.012306388354334773
50632.0,0.601618,-0.310649,0.735903,-0.344204,0.730537,0.589779,-0.720819,-0.608122,0.332578,252.307734,123.040052,-1.118992,3.595771,3.594058,3.594692,90.017836,89.992915,89.997414,139.984851,0.068162,0.072484,70.050515,0.898551,195.74832,-58.640671,-101.378396,-58.640671,-242.472408,130.281839,-101.378396,130.281839,130.485179,-439.432437,85.410339,197.004326,85.410339,62.047735,222.324644,197.004326,222.324644,413.8549,810.521348,1.0,2.246412,1.231761,4.01159,1.0,124.0,789.5095757620177,0.9740762260120231,0.012827186209837286
51833.0,-0.047173,0.997732,-0.048009,-0.986226,-0.038893,0.160763,0.158532,0.054932,0.985825,318.039472,240.557345,-18.3825,3.596101,3.595317,3.596332,89.958211,90.0212,90.02592,105.90388,0.075946,0.067178,82.907286,1.0,146.907355,281.90264,317.610762,281.90264,416.580757,188.775099,317.610762,188.775099,418.109784,9.758456,1.946204,-21.011301,1.946204,195.495583,173.852283,-21.011301,173.852283,359.560452,568.664254,1.0,3.431796,0.168576,1.237239,1.0,138.0,338.95561373713576,0.5960557769420403,0.012061666088068544
52547.0,0.734872,-0.427232,-0.526722,0.677675,0.493288,0.545365,0.026828,-0.75772,0.652028,112.634278,-391.144851,88.769284,3.594387,3.596102,3.595669,90.015051,89.987886,90.033938,108.145815,0.063468,0.056879,74.690503,0.904412,132.630257,-155.242569,233.541085,-155.242569,-66.727395,156.919212,233.541085,156.919212,472.774187,-33.485703,33.706412,19.092252,33.706412,-66.169957,2.079847,19.092252,2.079847,379.652747,473.48768,1.0,3.909603,0.86054,3.106201,1.0,123.0,431.7215339890075,0.9117904271321432,0.01210879514360748
52484.0,-0.525659,0.571592,0.630052,-0.801593,-0.580792,-0.141876,0.284834,-0.579623,0.763483,-137.618601,-80.959341,-161.987323,3.596022,3.595278,3.596807,90.012399,90.0185,90.007169,63.243575,0.056444,0.05207,104.638652,1.0,442.440284,176.637239,172.481844,176.637239,178.398658,32.397325,172.481844,32.397325,460.703497,196.827081,32.074008,-42.239897,32.074008,88.920175,-11.855819,-42.239897,-11.855819,454.192035,392.688613,1.0,1.34931,0.702107,2.684839,1.0,145.0,328.431437758056,0.8363660846922903,0.009556698035444877
50646.0,-0.715623,-0.314195,-0.623831,0.698462,-0.314377,-0.642898,0.005877,-0.895795,0.444428,84.442221,223.055398,57.311607,3.595958,3.594861,3.594523,90.003873,90.005742,90.053181,156.001315,0.075185,0.077921,66.786385,0.80137,-113.570166,-207.300905,-270.05809,-207.300905,378.768059,289.282357,-270.05809,289.282357,46.56046,293.034408,1.30788,130.222085,1.30788,185.122996,114.18717,130.222085,114.18717,108.495122,776.479409,1.0,5.512838,1.11026,3.135032,1.0,117.0,219.7370811192995,0.282991510878944,0.011999002491301185
51047.0,0.371854,0.926571,0.05649,-0.422998,0.114961,0.898809,0.826316,-0.358121,0.434686,-215.491206,-291.114304,-173.032703,3.596931,3.59394,3.594394,89.968357,89.991585,90.021582,84.408696,0.063775,0.060472,83.426706,0.993056,-205.019235,195.86141,260.476442,195.86141,47.856375,-321.960957,260.476442,-321.960957,447.842736,-136.452385,-45.891925,47.971296,-45.891925,-155.461487,-184.968106,47.971296,-184.968106,512.506979,537.913076,1.0,3.078825,1.121107,1.979756,1.0,143.0,680.302228806636,1.2647066211244806,0.011903334646821608
52782.0,-0.683687,0.710453,0.166821,-0.647917,-0.696117,0.309231,0.335821,0.103331,0.936241,9.05679,335.511588,96.71434,3.597709,3.595487,3.596078,90.012167,90.030722,89.965637,67.013349,0.057611,0.046082,185.490824,1.0,245.556875,361.592047,18.510475,361.592047,906.66772,23.725197,18.510475,23.725197,253.20894,209.514022,73.946986,-51.130829,73.946986,182.327706,21.794047,-51.130829,21.794047,307.540777,91.237133,1.0,2.64687,0.359022,1.272293,1.0,144.0,139.39673950411714,1.527850940955336,0.005391102257435656
52612.0,-0.502423,0.701882,0.504908,-0.65321,-0.690723,0.310192,0.56647,-0.173964,0.805511,325.758966,-231.494704,113.991211,3.59471,3.592926,3.595668,90.021231,89.993154,89.999872,106.499849,0.064317,0.060238,76.595746,0.978261,-347.322807,277.516886,74.070666,277.516886,-163.382837,98.749325,74.070666,98.749325,255.771523,-88.671288,50.377976,-68.412672,50.377976,-126.471375,73.033002,-68.412672,73.033002,496.175335,504.576833,1.0,2.121702,0.634258,1.868756,1.0,135.0,612.3689348714906,1.2136287178121208,0.012771740613375578
51205.0,0.247823,0.949226,0.193789,-0.326405,-0.106526,0.939208,0.912164,-0.296011,0.283432,152.253039,-195.739275,-184.218336,3.595929,3.594543,3.594329,90.050682,89.976457,89.941982,141.99868,0.071079,0.068754,74.023059,0.978873,61.586911,-562.579393,442.54656,-562.579393,-68.535823,162.634419,442.54656,162.634419,167.537698,-449.230671,-106.727927,-39.645212,-106.727927,42.145179,29.256575,-39.645212,29.256575,358.71358,764.364659,1.0,2.938116,1.283425,1.88459,1.0,139.0,712.4491216305657,0.9320801442634016,0.013223892841283415
52010.0,-0.187975,0.807678,0.558858,-0.942693,0.01134,-0.333469,-0.275674,-0.589515,0.75926,488.238572,-199.132532,9.543407,3.595113,3.594105,3.59539,90.038691,89.948836,89.956495,149.300887,0.071213,0.070085,76.667825,0.887324,-569.218673,-425.643837,-104.599751,-425.643837,386.835865,-155.636223,-104.599751,-155.636223,289.353183,-197.840759,69.879003,-162.178451,69.879003,-122.483175,-172.353835,-162.178451,-172.353835,501.033632,776.458177,1.0,1.032808,0.708621,3.579009,1.0,126.0,697.93034848607,0.8988640588249868,0.01157361644209941
52920.0,0.860696,-0.40614,-0.307006,0.414197,0.207945,0.886115,-0.296046,-0.889837,0.347199,388.235406,164.5051,-179.030003,3.592106,3.597357,3.593553,90.013417,89.973844,90.016496,160.721719,0.083843,0.08758,72.491169,0.964286,-503.207558,-39.900128,651.29452,-39.900128,-254.018961,-27.666763,651.29452,-27.666763,422.154933,127.915483,-41.533635,-162.80212,-41.533635,-202.892012,-185.288436,-162.80212,-185.288436,926.572795,686.504839,1.0,3.475113,1.216214,3.462771,1.0,135.0,1028.7905319969143,1.4985918140001842,0.013302116841294145
50664.0,-0.670769,-0.42106,-0.610555,0.678471,-0.015843,-0.734456,0.299577,-0.906895,0.296304,-198.411611,-166.124388,0.647984,3.593693,3.596779,3.59504,89.955764,90.027959,90.021714,108.771752,0.070148,0.063957,89.10683,0.986486,-107.638078,329.937362,427.463461,329.937362,167.117632,308.185633,427.463461,308.185633,299.317515,-282.261768,179.958531,51.169889,179.958531,1.576491,-3.491659,51.169889,-3.491659,463.013155,449.271913,1.0,5.589647,1.269976,2.822545,1.0,146.0,671.359105159839,1.4943269003327146,0.011070823639444921
51942.0,-0.135148,0.319336,0.937955,-0.985787,-0.138684,-0.094823,0.099798,-0.937439,0.33354,-44.483708,171.044541,151.158248,3.596322,3.595292,3.593218,90.054527,89.994418,90.00116,118.527778,0.064505,0.063271,77.054851,0.92029,-645.528984,124.392585,184.278853,124.392585,420.70366,-55.960642,184.278853,-55.960642,394.51786,-214.090238,43.087661,-343.371093,43.087661,286.437149,19.176271,-343.371093,19.176271,610.723379,617.281156,1.0,1.470043,1.23074,3.035534,1.0,127.0,779.8072524685763,1.2632934682823467,0.011943310356930028
50668.0,-0.591925,-0.466848,-0.657022,0.618135,0.260183,-0.741764,0.517237,-0.845197,0.134566,114.340419,-68.860637,24.738498,3.595385,3.59444,3.595354,89.984492,89.994721,90.004493,100.257576,0.066033,0.056264,80.580518,0.986111,215.682165,70.357956,-65.799346,70.357956,49.895535,149.607107,-65.799346,149.607107,1.503367,80.266246,124.604173,-144.532551,124.604173,-104.657636,114.77535,-144.532551,114.77535,223.414967,555.464095,1.0,5.558296,1.435821,2.592417,1.0,142.0,344.02317515676714,0.6193436772124166,0.012237585764837104
52422.0,0.637165,-0.346874,-0.688258,0.713432,-0.072426,0.696972,-0.291609,-0.935111,0.201323,328.266386,333.299012,45.128416,3.598031,3.596751,3.593706,89.988838,89.992037,90.022536,160.097457,0.067896,0.075766,72.743209,0.959459,375.252458,603.867603,227.40758,603.867603,408.807173,-134.789185,227.40758,-134.789185,403.10368,-8.676248,35.132574,-94.657001,35.132574,66.395502,-26.596432,-94.657001,-26.596432,639.948742,723.400897,1.0,3.9207,1.368088,3.44388,1.0,142.0,621.1545250978317,0.8586587709163868,0.013189671079811725
53030.0,-0.656361,0.679828,0.327146,-0.4304,-0.693548,0.577709,0.619634,0.238382,0.747816,-200.604252,227.950936,-107.059439,3.596166,3.595158,3.594872,90.014059,89.980105,90.039208,145.075294,0.066757,0.06647,64.78172,0.873239,404.816412,-102.222812,-346.010538,-102.222812,-50.645995,126.12844,-346.010538,126.12844,195.550606,-72.231345,93.960009,-146.372585,93.960009,112.840745,-31.332094,-146.372585,-31.332094,458.049302,765.443,1.0,2.626335,0.72603,1.203537,1.0,124.0,490.64797282453935,0.6409987064020958,0.013479713104252247
51375.0,0.17685,0.803075,-0.56903,-0.275784,0.595416,0.754601,0.944811,0.023478,0.326774,-342.567589,-251.015437,15.643531,3.594049,3.588929,3.596392,89.951005,89.9866,90.001203,198.693752,0.069873,0.077055,76.101212,0.862319,-1316.637603,-811.819155,-105.942401,-811.819155,12.255973,298.385861,-105.942401,298.385861,-45.269086,450.630638,-48.723097,184.92284,-48.723097,-23.322375,113.48869,184.92284,113.48869,92.956317,916.5173,1.0,3.7877,1.237908,1.545952,1.0,119.0,469.17919401178676,0.5119152622779589,0.011331212438508863
52679.0,0.775432,-0.443037,-0.449914,0.588416,0.248525,0.769416,-0.229065,-0.861367,0.453404,460.528972,483.509677,138.452832,3.590894,3.597264,3.595366,89.99685,90.026075,89.968639,128.188224,0.067302,0.062668,80.380685,0.985714,-488.666022,-732.386271,169.411698,-732.386271,-339.341814,-135.123578,169.411698,-135.123578,634.225997,-85.400364,-241.614597,133.21893,-241.614597,261.095875,-1.366147,133.21893,-1.366147,672.273811,585.3801,1.0,3.670722,1.100215,3.401509,1.0,138.0,699.0662482495704,1.1942091100288008,0.012263070412997849
50683.0,-0.633403,-0.520442,-0.57266,0.668586,0.00453,-0.743621,0.389606,-0.853885,0.345091,-370.448419,169.410151,105.234632,3.593855,3.595516,3.593964,90.009787,90.047293,90.020066,74.808336,0.06094,0.051846,106.262271,1.0,-577.010908,4.221208,296.010029,4.221208,180.182777,59.970058,296.010029,59.970058,150.090616,38.80584,-121.706018,14.021099,-121.706018,166.730303,137.819556,14.021099,137.819556,255.457797,606.032847,1.0,5.626946,1.21846,2.713533,1.0,148.0,247.16398501118658,0.4078392553055571,0.009410677850090367
52779.0,-0.720374,0.693059,0.027044,-0.68511,-0.717106,0.127997,0.108102,0.073678,0.991406,-235.074762,-147.408248,-115.195157,3.596664,3.594386,3.595586,90.071008,90.067699,89.939709,204.888665,0.084667,0.099824,80.432143,0.847222,-295.447979,358.207677,-35.400472,358.207677,937.45334,756.246036,-35.400472,756.246036,28.280654,228.929254,-107.284801,106.58773,-107.284801,124.320591,-102.26077,106.58773,-102.26077,450.353359,663.832907,1.0,2.933371,0.131199,0.972558,1.0,122.0,328.8322742289552,0.49535398254813423,0.01053337594150637
51343.0,0.370056,0.909702,-0.188416,-0.863846,0.411567,0.290487,0.341802,0.055267,0.938145,-182.327058,149.457603,69.258191,3.593574,3.595822,3.596862,90.026491,89.972842,89.980126,131.272182,0.072101,0.070004,70.59669,0.978873,388.460067,94.97852,-200.727377,94.97852,-438.952878,18.166817,-200.727377,18.166817,617.047996,-340.638849,204.519419,-71.937709,204.519419,-142.493524,-110.327322,-71.937709,-110.327322,657.127717,676.914306,1.0,3.717,0.353562,1.410492,1.0,139.0,938.8708207631934,1.386986229189243,0.013865706734975818
52558.0,0.729149,-0.682881,0.044888,0.66232,0.720662,0.204885,-0.172261,-0.119661,0.977756,145.828931,-340.525662,159.791555,3.594568,3.59444,3.59572,90.023113,90.007382,90.024913,108.228564,0.066914,0.059405,82.664976,1.0,160.678321,14.670097,94.891488,14.670097,-337.646552,-65.065472,94.891488,-65.065472,318.016952,116.675218,-79.204368,207.50665,-79.204368,12.346125,44.568667,207.50665,44.568667,281.961036,551.688094,1.0,2.925911,0.211313,4.105262,1.0,148.0,306.49161749194536,0.5555523507308922,0.012097021597151375
52260.0,0.523137,-0.603225,-0.602036,0.759966,0.649898,0.009189,0.385719,-0.462334,0.798416,-77.264172,177.488843,-92.035603,3.595403,3.593941,3.596027,90.019597,89.98658,90.024016,87.526308,0.064622,0.056845,97.802733,1.0,33.634642,198.00563,-40.995525,198.00563,-194.88225,127.984882,-40.995525,127.984882,481.295016,231.381368,123.165442,-90.198566,123.165442,167.877743,-59.149068,-90.198566,-59.149068,356.388545,409.984055,1.0,4.697128,0.646137,2.446292,1.0,152.0,218.4055936159874,0.5327172873003254,0.010224663149239397
51238.0,0.237963,0.930326,-0.279045,-0.33592,0.348399,0.875086,0.911335,-0.114502,0.395422,423.879698,66.244805,-162.08802,3.596289,3.590628,3.59475,89.940386,90.027565,89.994222,102.834698,0.073817,0.066986,100.691614,1.0,-1181.405014,-117.852456,502.960291,-117.852456,358.192548,-207.687286,502.960291,-207.687286,112.106819,-14.549458,-63.226695,37.58774,-63.226695,173.757729,-98.165886,37.58774,-98.165886,544.234407,380.851522,1.0,3.450277,1.164269,1.695783,1.0,140.0,503.7471910104067,1.3226865639528853,0.009931313644451066
50932.0,-0.496976,-0.141676,-0.856121,0.817908,0.253117,-0.51668,0.2899,-0.957006,-0.009916,-246.262322,170.795753,102.403586,3.593089,3.595934,3.594648,90.002013,90.037072,89.977803,134.757385,0.079875,0.073158,75.114435,0.928571,-377.800614,262.725504,259.410381,262.725504,65.012764,-284.504588,259.410381,-284.504588,159.689506,-179.091658,204.493137,209.024221,204.493137,-9.990417,7.641497,209.024221,7.641497,620.984745,683.755049,1.0,5.255387,1.580712,2.847455,1.0,130.0,773.0451397518203,1.1305878338776558,0.012362084597987058
52657.0,0.785693,-0.527123,-0.323771,0.618614,0.668168,0.413361,-0.001559,-0.525064,0.851061,480.415223,218.165354,167.352734,3.590538,3.59522,3.595842,90.011051,90.111419,89.975688,150.286979,0.072931,0.066891,77.909632,0.885714,-367.808164,-694.102028,-756.317623,-694.102028,-711.039331,-551.387111,-756.317623,-551.387111,348.061888,-8.226854,123.556433,-243.975318,123.556433,-122.463055,-32.307232,-243.975318,-32.307232,617.245187,482.831321,1.0,3.806044,0.552794,3.144562,1.0,124.0,729.789121845115,1.511478419282404,0.011368478803750479
52523.0,-0.52786,0.621697,0.578668,-0.767178,-0.056679,-0.638925,-0.36442,-0.781204,0.506871,-325.61757,-459.143148,-15.056356,3.598319,3.5956,3.593573,90.012314,89.983789,90.024766,162.740946,0.09288,0.085979,64.025588,0.815789,239.215883,642.587645,-113.071325,642.587645,566.390966,187.303601,-113.071325,187.303601,104.354647,-595.408599,-1.399739,-347.221047,-1.399739,-101.054289,-111.258983,-347.221047,-111.258983,308.896873,683.899811,1.0,0.735949,1.039245,3.57807,1.0,124.0,845.4670276837314,1.2362439849888063,0.012741608870503462
50704.0,-0.628909,-0.550902,-0.548617,0.692428,-0.075976,-0.717475,0.353577,-0.831104,0.429243,-58.362079,204.698612,-97.984462,3.597686,3.596194,3.595064,90.01753,90.026025,89.953931,96.070335,0.064949,0.056663,111.265796,1.0,503.219563,-521.644156,185.640218,-521.644156,608.204393,-140.129823,185.640218,-140.129823,202.146926,398.7769,112.461333,11.308874,112.461333,80.674186,14.70786,11.308874,14.70786,311.600748,352.511293,1.0,5.630374,1.127142,2.739358,1.0,148.0,301.3334863273822,0.8548193839775289,0.008987487942835552
52749.0,0.582034,-0.663998,0.469407,0.35315,0.726383,0.589621,-0.732477,-0.177409,0.65727,485.28092,441.576086,63.08444,3.596792,3.594036,3.601325,89.988052,89.934457,89.975524,208.847309,0.100393,0.088247,68.377078,0.927536,593.017737,1044.80658,348.915813,1044.80658,1041.806672,385.201636,348.915813,385.201636,571.134586,0.798301,239.337072,-146.446206,239.337072,-33.210129,35.992274,-146.446206,35.992274,619.741209,919.033858,1.0,2.469224,0.853605,4.474761,1.0,128.0,682.1395018909548,0.7422354420928796,0.013565013702398925
50712.0,-0.586705,-0.786943,0.191045,0.658908,-0.326762,0.677545,-0.470763,0.5234,0.710235,-324.236041,348.41827,7.321672,3.592515,3.59467,3.591589,90.018067,90.10311,90.015592,198.15089,0.098056,0.099725,72.870223,0.857143,-134.637475,504.149042,236.998902,504.149042,-1348.440202,-447.236555,236.998902,-447.236555,-33.872743,-268.189666,69.348377,-137.045653,69.348377,-333.898042,-17.342704,-137.045653,-17.342704,254.868679,810.598525,1.0,2.866761,0.780964,5.550684,1.0,120.0,574.6264401238997,0.7088915442128391,0.011762596088116816
51226.0,0.369361,-0.440218,0.818401,-0.632637,0.52597,0.568442,-0.680693,-0.727711,-0.084225,380.656465,175.244172,10.721411,3.595131,3.595209,3.59122,89.973673,90.006718,89.933818,141.739414,0.065226,0.067467,78.182207,0.904412,-1004.784671,-178.498401,6.085426,-178.498401,-441.960121,16.993393,6.085426,16.993393,705.878129,-681.786188,-37.433643,-102.802573,-37.433643,-178.666326,165.591783,-102.802573,165.591783,532.313584,639.159301,1.0,2.177873,1.655122,3.893619,1.0,123.0,1070.4545091208092,1.674785155196872,0.011568002934478428
50715.0,-0.135803,-0.284345,0.949055,0.253767,0.915989,0.310751,-0.957685,0.28304,-0.052237,-121.297086,-218.324863,174.423192,3.597791,3.593787,3.59198,90.018062,90.028821,90.007158,149.658341,0.081569,0.07296,77.064875,0.890411,-552.353225,-347.389788,337.493761,-347.389788,-400.579456,-140.219091,337.493761,-140.219091,768.469083,-29.10718,114.117579,-72.773765,114.117579,-311.238247,33.853784,-72.773765,33.853784,687.332746,719.508981,1.0,1.887226,1.623057,4.999754,1.0,130.0,899.7848400297631,1.2505540080670143,0.011554044563103489
50826.0,-0.585717,-0.202802,-0.784734,0.793236,0.055423,-0.606387,0.166469,-0.97765,0.128408,178.239678,-260.127996,-35.336458,3.594781,3.595344,3.594979,89.971121,89.985432,89.948506,101.014066,0.051257,0.053874,120.657772,1.0,355.459416,-76.108676,428.297593,-76.108676,-67.897821,-205.80397,428.297593,-205.80397,-42.153912,266.742425,-30.529105,81.749723,-30.529105,-34.663509,100.420516,81.749723,100.420516,69.825427,477.90522,1.0,5.370279,1.442033,2.972936,1.0,144.0,289.0404505797869,0.6048070589808309,0.00828790374150121
52790.0,-0.614545,0.667513,0.420429,-0.587714,-0.742906,0.320441,0.526238,-0.050166,0.848856,259.451607,279.701796,-176.40731,3.588454,3.595037,3.596373,90.019551,89.920902,89.980105,162.412875,0.072324,0.07646,89.250152,0.942857,-1137.923908,-889.77811,491.458372,-889.77811,-538.874421,487.867442,491.458372,487.867442,463.952722,18.591568,9.756025,112.963768,9.756025,5.778136,111.164375,112.963768,111.164375,434.361995,468.12642,1.0,2.222045,0.556978,1.66584,1.0,132.0,444.1472857978879,0.9487763707032129,0.010564206097934712
51541.0,-0.017097,-0.994313,-0.10512,0.972639,-0.040902,0.228694,-0.231692,-0.098334,0.967806,407.471364,-166.067427,99.500092,3.594369,3.594679,3.59752,89.993357,90.021388,89.962902,113.467845,0.068251,0.06386,89.197913,1.0,14.087799,-323.536225,-62.262073,-323.536225,-167.471606,-2.864738,-62.262073,-2.864738,805.931664,138.182985,83.561313,-42.772578,83.561313,-422.958207,184.272408,-42.772578,184.272408,824.04368,565.790377,1.0,3.572448,0.254433,4.311012,1.0,142.0,1096.4603268473459,1.9379267859964784,0.011211024634623458
51594.0,0.170217,0.944732,-0.280192,-0.876898,0.274934,0.394287,0.44953,0.178585,0.875232,-295.776137,398.204555,-123.816731,3.595482,3.593504,3.59489,89.968703,89.949396,90.018123,126.586135,0.074517,0.064639,78.535466,0.98,-535.345495,217.964771,97.650809,217.964771,-30.904795,-254.234105,97.650809,-254.234105,470.167,-153.231616,-64.32749,-208.026284,-64.32749,-104.167842,-198.905168,-208.026284,-198.905168,590.320224,573.605078,1.0,3.759416,0.504882,1.192645,1.0,147.0,764.2167907391903,1.3323047860799975,0.012478438722194632
51721.0,0.068137,0.852867,-0.517664,-0.664764,0.425717,0.613884,0.74394,0.302296,0.595962,169.429141,-248.093683,-131.798866,3.595261,3.59478,3.595724,90.003075,90.007595,89.991107,35.045209,0.0611,0.046697,131.547335,1.0,119.437569,-164.9797,-9.993024,-164.9797,165.267678,23.105378,-9.993024,23.105378,144.806671,46.192824,-90.407381,-16.999115,-90.407381,97.817165,32.026724,-16.999115,32.026724,223.110256,167.470944,1.0,3.84216,0.932333,1.184833,1.0,138.0,178.73929650729443,1.0672854182233213,0.007601826369192504
52569.0,0.745819,-0.65885,-0.098343,0.664523,0.746155,0.040769,0.046519,-0.095757,0.994317,309.196261,246.691001,61.620659,3.59453,3.594618,3.595838,90.051665,90.00873,90.009904,109.223737,0.054347,0.055724,99.831489,1.0,-6.725014,24.324425,209.735471,24.324425,-161.776284,-367.675933,209.735471,-367.675933,381.03178,124.378287,-0.271985,76.050339,-0.271985,-7.291235,-83.129314,76.050339,-83.129314,490.645996,514.615905,1.0,4.319399,0.106661,2.689369,1.0,144.0,457.4230536503998,0.8888630320324045,0.010016879543888201
51098.0,0.545301,0.824344,-0.151998,-0.778125,0.565234,0.273919,0.311718,-0.031095,0.949666,118.940772,449.079143,73.601589,3.596414,3.593185,3.594788,89.952732,89.979785,89.962472,170.820024,0.081343,0.079408,69.294925,0.891304,6.418957,-403.901474,574.610569,-403.901474,-91.163586,66.331005,574.610569,66.331005,130.760105,111.666758,7.569798,163.336593,7.569798,-197.165592,-25.745733,163.336593,-25.745733,385.96323,696.717306,1.0,3.648191,0.318629,1.670221,1.0,123.0,525.2397923038346,0.7538779183186166,0.012862471530202247
52166.0,-0.1508,-0.603097,0.783284,-0.570471,0.700194,0.429292,-0.807355,-0.382104,-0.449638,-316.155922,397.814422,-114.021448,3.595758,3.587897,3.59432,89.876156,90.013903,89.993886,169.594734,0.076253,0.073137,84.349029,0.914286,-1739.146318,1177.201749,-296.263783,1177.201749,-198.754609,138.643505,-296.263783,138.643505,198.317773,-173.771476,44.889864,-118.134276,44.889864,-196.140524,85.936259,-118.134276,85.936259,510.214612,677.144645,1.0,2.072154,2.037157,4.270346,1.0,127.0,707.9225566896054,1.0454524921918351,0.01083931861266595
50743.0,-0.541371,-0.730241,0.416732,0.64786,-0.046384,0.760346,-0.535906,0.681613,0.498204,106.814569,276.99307,-132.615763,3.59453,3.594364,3.594989,89.988776,89.960337,89.975681,130.135638,0.070975,0.070916,87.437158,0.992958,-109.031693,-161.344924,-124.280091,-161.344924,336.483283,168.048882,-124.280091,168.048882,-321.581797,-149.037988,-51.562682,79.0239,-51.562682,231.58701,50.658986,79.0239,50.658986,216.743338,540.01156,1.0,2.640223,1.04927,5.616896,1.0,141.0,384.7703418043346,0.7125224167503647,0.011356247420576044
50746.0,0.3687,-0.180493,0.911857,-0.219224,0.936412,0.273994,-0.903328,-0.300922,0.305687,-192.2783,-114.925164,25.057713,3.596975,3.595785,3.597681,89.978006,89.963992,89.965441,52.207359,0.060634,0.049645,127.08415,1.0,882.312197,344.480322,-234.246389,344.480322,283.091544,-185.353085,-234.246389,-185.353085,564.915284,176.95648,25.908971,-23.332188,25.908971,176.117818,-86.453936,-23.332188,-86.453936,521.363937,137.626693,1.0,1.862693,1.260137,4.390825,1.0,140.0,354.1518076427654,2.573278481978532,0.00786880189228948
52219.0,-0.330402,-0.357534,0.873501,-0.869691,0.474896,-0.13458,-0.366705,-0.804141,-0.467851,-26.892295,336.152944,76.112522,3.598534,3.596199,3.594135,89.974903,89.997815,90.069042,101.24411,0.074945,0.064494,133.351146,1.0,-251.755881,248.805753,-46.592236,248.805753,1360.762002,-162.210461,-46.592236,-162.210461,182.993208,217.035303,21.254283,-70.831013,21.254283,183.491289,15.922665,-70.831013,15.922665,355.004926,181.226924,1.0,1.417928,2.057653,3.569442,1.0,146.0,170.53036054716304,0.940976962932743,0.0074989981713393
50749.0,-0.513166,-0.804506,0.299049,0.62766,-0.11411,0.770079,-0.585408,0.58288,0.563514,335.17475,138.971243,162.142277,3.595155,3.59246,3.592755,89.924202,89.976083,90.033064,173.11361,0.076503,0.078984,68.845861,0.805556,-1050.803503,-569.055692,-91.521546,-569.055692,-163.270285,-130.718678,-91.521546,-130.718678,142.017719,-128.519673,138.191486,-146.233456,138.191486,42.909141,79.631363,-146.233456,79.631363,379.406457,709.118662,1.0,2.771182,0.972163,5.495623,1.0,116.0,485.20131498491025,0.6842314847792149,0.011700863178978909
51597.0,0.17202,0.984942,-0.017269,-0.973212,0.172634,0.151843,0.152537,-0.009314,0.988254,117.724084,-130.377879,124.376206,3.596267,3.595876,3.595575,90.013503,90.01233,89.987,77.754019,0.059468,0.060262,126.884631,1.0,362.368734,-145.28852,-111.620466,-145.28852,404.70101,56.388447,-111.620466,56.388447,206.170517,327.848319,56.214323,-69.715775,56.214323,124.211548,86.28434,-69.715775,86.28434,361.480556,264.503415,1.0,3.254836,0.153423,1.631779,1.0,144.0,247.07654088499226,0.934114748140368,0.007881175144056651
52692.0,0.73953,-0.634778,0.223944,0.536068,0.756612,0.374392,-0.407095,-0.156825,0.899822,109.412004,77.022804,-22.477217,3.59524,3.595643,3.595833,90.004075,89.986805,90.065872,100.748873,0.061507,0.056186,94.755019,1.0,780.159937,-118.289051,50.451917,-118.289051,-214.090935,283.709437,50.451917,283.709437,127.506412,200.381245,-138.609973,-0.937403,-138.609973,122.590758,200.687302,-0.937403,200.687302,188.670514,544.805227,1.0,2.602531,0.451435,4.344681,1.0,138.0,223.3702420047236,0.4100001815965022,0.01055353067893955
52230.0,0.513577,-0.753031,-0.411319,0.790555,0.601622,-0.114338,0.333558,-0.266449,0.904292,-162.016259,220.985282,88.784008,3.593245,3.595803,3.595699,89.994399,90.010686,90.08731,173.825479,0.129608,0.115407,76.033107,0.802817,761.53677,-44.769619,125.716527,-44.769619,-864.487478,-212.369304,125.716527,-212.369304,248.341813,1.540191,75.859156,15.055294,75.859156,-229.232295,-292.004728,15.055294,-292.004728,197.541945,661.969639,1.0,4.983522,0.441078,2.24481,1.0,114.0,453.1450825588276,0.6845405829236643,0.01055878197901343
52172.0,-0.139842,0.797502,-0.586885,-0.546844,0.431918,0.717223,0.825473,0.421233,0.37571,281.183855,10.373336,-119.03615,3.594806,3.596345,3.596444,90.031851,89.945494,89.992619,119.141963,0.062736,0.058102,79.853487,0.978571,771.330566,-60.146979,-187.920895,-60.146979,-243.546311,263.681591,-187.920895,263.681591,410.339168,295.772836,20.992679,-15.714528,20.992679,-149.10319,170.556418,-15.714528,170.556418,471.417816,685.387171,1.0,3.827378,1.185634,1.098949,1.0,137.0,573.7934525682047,0.8371814893048307,0.012254580692262066
52554.0,0.672895,0.375681,-0.637241,0.603507,0.219354,0.766592,0.427776,-0.900415,-0.079124,-383.612805,60.067408,-68.332659,3.598676,3.595718,3.594379,90.041639,90.028602,89.929476,116.327366,0.054905,0.058714,140.930863,0.993056,1192.70579,659.593352,-172.593493,659.593352,162.219079,145.134182,-172.593493,145.134182,-89.445559,96.056564,8.749956,59.514872,8.749956,344.080654,98.643342,59.514872,98.643342,212.072016,218.171586,1.0,3.835109,1.650003,2.698073,1.0,142.0,237.09222972281103,1.086723684186863,0.007046405442078362
50763.0,0.593065,0.196512,0.780805,-0.452611,0.883398,0.121451,-0.665896,-0.42543,0.612856,-342.226112,360.268658,43.009054,3.597689,3.595579,3.594105,90.03232,89.989873,90.069287,171.176773,0.080115,0.082031,83.654267,0.908451,43.907643,-685.653942,-149.908532,-685.653942,760.907869,215.793868,-149.908532,215.793868,71.376077,228.774452,-24.797686,-4.045745,-24.797686,-149.792394,8.776634,-4.045745,8.776634,45.690675,679.369347,1.0,1.725105,0.911126,4.143868,1.0,129.0,328.7161696954734,0.4838548738577006,0.010859589505458222
50764.0,-0.599551,0.22912,-0.766839,0.732445,0.543274,-0.410338,0.322587,-0.807686,-0.493538,510.65216,-206.639,34.255283,3.591809,3.596862,3.595951,89.963307,90.041322,90.001237,99.587267,0.074212,0.062765,92.651264,1.0,-505.115536,489.370052,314.844945,489.370052,-141.308584,-180.790189,314.844945,-180.790189,757.780823,252.60768,76.742326,-38.202077,76.742326,-43.572153,-86.380197,-38.202077,-86.380197,553.141653,372.638776,1.0,5.203723,2.08695,2.761606,1.0,138.0,527.4116093030295,1.415342801853314,0.010793160900643514
50765.0,-0.528976,-0.580675,-0.618871,0.664401,-0.737071,0.123687,-0.527974,-0.34575,0.775694,-173.40428,160.704299,-31.974828,3.595836,3.596026,3.596115,89.965691,89.993795,89.944431,179.27226,0.068378,0.079161,74.263799,0.964789,900.929221,108.000658,135.30995,108.000658,-186.271353,-61.353044,135.30995,-61.353044,329.791644,36.029704,70.322885,159.900024,70.322885,232.037747,-167.781056,159.900024,-167.781056,466.930171,931.209473,1.0,4.515128,0.682983,4.132603,1.0,137.0,428.5233535688003,0.46017933235608344,0.012991376861827388
51972.0,-0.080707,-0.520699,0.849917,-0.676215,0.655053,0.337104,-0.73227,-0.54752,-0.404972,-276.048902,485.7834,113.479929,3.594998,3.600652,3.594943,90.1095,89.95098,89.958411,211.586128,0.086171,0.093267,61.711212,0.807143,1305.679499,-1053.832019,599.23774,-1053.832019,-196.105868,-159.336607,599.23774,-159.336607,660.922396,-17.53972,-244.235917,34.389774,-244.235917,430.408386,-19.413399,34.389774,-19.413399,471.335916,871.130207,1.0,1.948395,1.987744,4.07036,1.0,113.0,516.3080647778492,0.5926875920832914,0.013079357443182286
52006.0,-0.069421,0.824232,-0.561981,-0.562772,0.432784,0.704263,0.823692,0.365158,0.43381,-293.054046,424.852116,-116.245773,3.595666,3.593539,3.590753,89.936992,89.961309,90.046264,147.018896,0.064025,0.067465,75.449076,0.873239,-1012.986044,805.024312,-191.918393,805.024312,-267.159829,-213.932569,-191.918393,-213.932569,93.395611,-170.125884,79.029676,17.261406,79.029676,-60.03141,-105.694831,17.261406,-105.694831,348.492183,555.221107,1.0,3.815095,1.122079,1.153513,1.0,122.0,487.10860357347593,0.8773236417567892,0.0115738859412937
50836.0,0.330041,0.746887,-0.577263,-0.229123,0.656626,0.718572,0.915738,-0.104894,0.387842,-206.321193,28.128003,-98.418463,3.595866,3.594086,3.595437,89.9881,89.98342,90.050074,50.142361,0.048544,0.043521,129.338718,1.0,-363.054333,-143.510992,-240.135004,-143.510992,219.947048,-171.368966,-240.135004,-171.368966,467.736975,112.817793,3.267909,38.068839,3.267909,210.8569,-116.728659,38.068839,-116.728659,596.695448,215.708481,1.0,3.818372,1.172507,1.684845,1.0,142.0,455.6582491178957,2.112379851758799,0.007731636863757997
51134.0,0.368664,-0.175438,0.912857,-0.5138,0.779923,0.357392,-0.774659,-0.600784,0.19739,262.179264,319.96389,-168.493308,3.596453,3.594484,3.592461,90.042339,90.008429,90.007515,101.675962,0.067221,0.060852,91.071043,1.0,-388.496917,-527.183978,9.852723,-527.183978,-124.962764,248.102792,9.852723,248.102792,284.457795,169.122208,-33.887149,-86.483625,-33.887149,53.892326,129.795456,-86.483625,129.795456,432.168034,394.715679,1.0,1.943961,1.372101,4.052738,1.0,140.0,363.16350899612877,0.92006355034133,0.01098043864502573
50778.0,-0.550245,0.010741,-0.834934,0.699381,0.552199,-0.453808,0.456176,-0.833643,-0.311357,348.585809,-73.993185,49.461791,3.595728,3.594911,3.594146,90.01336,89.995711,90.003567,189.339013,0.080023,0.087043,71.430409,0.828767,4.824925,-117.050536,-215.403567,-117.050536,125.447657,12.792297,-215.403567,12.792297,26.64951,-524.468814,142.276696,-136.871274,142.276696,2.267605,150.709973,-136.871274,150.709973,533.304692,1133.709826,1.0,5.210248,1.887417,2.640896,1.0,121.0,940.9758983669565,0.8299971269429188,0.011602439515641022
50782.0,-0.567762,-0.661313,-0.490215,0.722494,-0.114917,-0.681759,0.394522,-0.741255,0.543041,129.11213,486.633065,162.39346,3.597057,3.594166,3.596546,90.032135,89.999871,89.999336,145.207293,0.070227,0.068345,70.632408,0.964789,81.804668,-253.151634,-357.258015,-253.151634,521.824114,-143.351551,-357.258015,-143.351551,383.51071,105.708229,-210.440744,46.810825,-210.440744,70.525431,-26.538249,46.810825,-26.538249,371.883312,645.954927,1.0,5.659792,0.996742,2.65249,1.0,137.0,341.81488749368134,0.529162133774825,0.013659296452132852
51534.0,-0.01399,-0.954035,-0.299368,0.880352,-0.153715,0.448723,-0.474115,-0.257271,0.842037,234.72807,38.929748,42.05392,3.592857,3.591677,3.59651,90.053808,90.016827,90.003302,144.260288,0.058843,0.060809,62.951135,0.851351,-1001.998165,58.363887,-28.417936,58.363887,-370.381334,412.749239,-28.417936,412.749239,488.370451,-359.228683,-96.600187,-6.07318,-96.600187,-125.406481,237.304548,-6.07318,237.304548,377.169332,799.230878,1.0,3.729934,0.569747,4.215218,1.0,126.0,688.4984381516517,0.8614512490740526,0.013523997621329623
51776.0,0.012001,-0.328144,0.944551,-0.859039,0.480078,0.177697,-0.511769,-0.81354,-0.276127,-379.892453,-96.737656,-28.669012,3.59466,3.595402,3.589138,89.952778,89.96275,89.997325,166.780533,0.07227,0.078939,76.57004,0.93662,-1618.980853,-383.863145,21.756608,-383.863145,-71.428508,-61.448878,21.756608,-61.448878,293.187331,-493.660365,-119.374536,59.639495,-119.374536,44.733658,73.572003,59.639495,73.572003,320.996053,710.841959,1.0,1.756752,1.850559,3.703109,1.0,133.0,729.6177415378565,1.0264134415535486,0.01223219943466139
52383.0,0.60105,-0.527789,-0.600148,0.710076,0.697281,0.097933,0.366784,-0.485014,0.793871,407.847279,168.473245,80.425683,3.591714,3.594595,3.594295,90.039104,89.895514,89.994515,156.596929,0.100697,0.082472,64.605033,0.875,-1264.730989,-509.722635,116.91358,-509.722635,-318.117316,153.809438,116.91358,153.809438,575.09438,457.239838,-59.937388,-259.132022,-59.937388,-170.705021,34.48545,-259.132022,34.48545,549.409321,697.651594,1.0,4.550633,0.653647,2.494114,1.0,126.0,717.381118181532,1.0282799098449877,0.013543836437634819
51461.0,-0.030842,-0.472119,-0.880995,0.677807,0.63791,-0.36558,0.734593,-0.60842,0.300331,-248.913493,51.573502,15.467007,3.596108,3.594513,3.594319,90.032308,89.985432,89.984495,106.311406,0.066659,0.061294,88.008302,0.992537,-328.327129,-37.380927,-234.830094,-37.380927,318.98181,109.454814,-234.830094,109.454814,209.409012,-11.773551,32.291252,-15.278522,32.291252,334.342327,-119.904018,-15.278522,-119.904018,199.589455,489.609056,1.0,5.105727,1.265757,2.262522,1.0,133.0,321.0206811137561,0.655667368035276,0.011277765590796195
53016.0,0.382185,0.703031,-0.599735,0.084542,0.619681,0.780287,0.920211,-0.348917,0.177397,224.304215,-72.54749,-59.261125,3.595656,3.596826,3.595547,90.048181,89.952726,89.982309,80.678988,0.079313,0.059173,119.693526,1.0,653.338752,229.370456,-337.481097,229.370456,25.058564,379.928869,-337.481097,379.928869,380.470287,255.048987,-25.135821,12.452378,-25.135821,174.51518,88.224486,12.452378,88.224486,308.431396,261.674394,1.0,3.796897,1.392456,1.933218,1.0,152.0,141.6414051152767,0.5412887480128328,0.008354670744681714
51163.0,-0.254308,-0.520907,-0.814851,0.758267,0.415583,-0.502317,0.600299,-0.745618,0.289301,-358.320355,-459.883525,116.446061,3.596803,3.594629,3.588971,90.012772,90.065913,89.983902,180.974073,0.085772,0.08247,66.25089,0.885714,-1332.889109,-540.416024,534.480842,-540.416024,492.7878,451.529208,534.480842,451.529208,-222.459583,-163.360816,106.241133,-131.279623,106.241133,-67.207656,-34.689115,-131.279623,-34.689115,419.660984,564.693007,1.0,5.264818,1.2773,2.463748,1.0,124.0,561.599590790502,0.9945219505622496,0.013369088324700242
50805.0,-0.536489,0.429862,-0.726222,0.716298,0.68695,-0.122541,0.446202,-0.585934,-0.676451,298.146323,-369.548428,126.232562,3.594842,3.594687,3.596099,89.991643,90.004189,90.033882,48.273341,0.058126,0.047182,115.866076,1.0,267.157309,12.766186,41.347945,12.766186,-283.547432,70.791136,41.347945,70.791136,408.071477,25.409879,109.775015,-65.071742,109.775015,-111.502579,-55.236622,-65.071742,-55.236622,481.307075,285.065743,1.0,4.879552,2.313729,2.490757,1.0,142.0,550.9149277586184,1.9325890300281308,0.008630653893897295
52644.0,-0.269887,-0.60039,0.75279,-0.396073,0.781819,0.481544,-0.87766,-0.168198,-0.448801,-229.630231,178.954265,68.688731,3.59646,3.590888,3.593312,89.928963,89.98865,89.993183,149.764316,0.055993,0.062281,75.29083,0.857143,-1157.615439,555.021561,208.268674,555.021561,-280.811036,64.701061,208.268674,64.701061,447.280344,-284.809187,3.500178,116.921414,3.500178,-22.570526,-4.346337,116.921414,-4.346337,537.508196,611.989593,1.0,2.139881,2.036219,4.523041,1.0,120.0,734.5800864980135,1.2003146702169714,0.011384427559106467
51688.0,0.095211,0.175913,0.97979,-0.245642,0.957976,-0.148127,-0.964673,-0.226574,0.134422,106.235805,84.930654,70.657727,3.595699,3.59473,3.594207,90.017649,90.009843,89.998534,131.247899,0.06095,0.066467,73.99138,0.805556,-208.687916,-103.266747,64.290275,-103.266747,41.587733,21.297294,64.290275,21.297294,282.77432,-266.076172,-172.112701,76.570926,-172.112701,0.324719,67.734579,76.570926,67.734579,383.240254,613.393434,1.0,1.420751,1.435966,4.481699,1.0,116.0,591.3190151529137,0.9640126261164278,0.010887160098919631
52411.0,-0.191588,0.794017,-0.576915,-0.437121,0.457258,0.774494,0.87876,0.400565,0.259476,-297.129916,475.499997,86.084308,3.595781,3.596571,3.595712,89.939867,89.965776,89.974308,171.782024,0.06599,0.074328,68.221094,0.911765,-61.702678,206.192428,32.2569,206.192428,403.915859,481.778076,32.2569,481.778076,726.339048,56.299178,-42.755296,171.282993,-42.755296,317.377241,2.143135,171.282993,2.143135,465.150146,955.373144,1.0,3.781817,1.308316,1.143105,1.0,124.0,389.8162442411674,0.4080251226333063,0.013364854571226902
53015.0,-0.795239,0.585346,0.158002,-0.512928,-0.788476,0.339426,0.323262,0.188881,0.927268,161.980123,-430.251986,68.146437,3.593602,3.592708,3.595368,90.006917,89.936009,90.008976,164.570501,0.055927,0.065921,73.678656,0.847826,-468.545582,-85.071059,-376.119794,-85.071059,-640.169607,55.237341,-376.119794,55.237341,400.790862,-118.618883,-190.165362,89.670645,-190.165362,-355.940911,34.750586,89.670645,34.750586,212.812739,686.182318,1.0,2.705926,0.383749,1.042003,1.0,117.0,528.0938924490047,0.7696116303145611,0.011507077436374517
51707.0,0.121667,-0.946581,-0.298632,0.97981,0.066449,0.188566,-0.158649,-0.315545,0.935554,400.299478,114.74792,164.127794,3.592441,3.594628,3.596564,90.066952,89.996074,89.954949,173.401348,0.075381,0.077878,66.88899,0.915493,-416.174301,-357.461878,372.819126,-357.461878,-547.268849,92.839694,372.819126,92.839694,798.971108,-197.447742,-88.814273,275.913584,-88.814273,-576.086714,81.158084,275.913584,81.158084,813.508345,955.901157,1.0,4.149177,0.360971,3.607461,1.0,130.0,1271.2746521190797,1.3299227046746631,0.013686751735973288
52083.0,0.033503,0.848442,-0.528226,-0.182304,0.524844,0.831447,0.982671,0.068442,0.172259,-177.349041,215.057393,-20.857849,3.596903,3.594475,3.596613,90.009034,90.007585,89.979542,134.100251,0.0881,0.080452,69.327995,0.888889,176.106578,-331.777935,142.784999,-331.777935,276.918846,-9.579021,142.784999,-9.579021,595.881968,-102.743522,-145.425275,18.279838,-145.425275,-38.706113,-77.984783,18.279838,-77.984783,596.167101,743.091891,1.0,3.707571,1.397674,1.50126,1.0,128.0,684.4659526765756,0.921105398896858,0.012821501617059602
52792.0,-0.532833,0.613733,-0.582599,-0.525536,0.299613,0.796269,0.663251,0.730455,0.162895,-384.487114,327.294326,52.919716,3.594724,3.595613,3.598071,90.026666,89.986033,89.988288,125.818883,0.064022,0.061503,80.548825,0.876712,579.908613,-523.291882,42.381987,-523.291882,362.783069,63.112631,42.381987,63.112631,222.163347,165.865287,-39.15301,95.123685,-39.15301,227.198736,188.501593,95.123685,188.501593,245.854537,675.76489,1.0,3.773253,1.407173,0.737216,1.0,128.0,199.59909481021597,0.29536766080021704,0.010884230775557559
51079.0,0.573665,0.531418,0.6233,-0.788189,0.151102,0.596595,0.22286,-0.833524,0.50554,-32.19785,-290.261696,-145.458732,3.596052,3.594535,3.592376,90.042135,90.023556,89.958068,153.471146,0.05907,0.066474,89.817344,0.885135,-319.278144,-656.126964,-262.852159,-656.126964,31.023102,206.861623,-262.852159,206.861623,-62.226057,-36.617729,72.411846,106.905538,72.411846,-292.107826,112.743008,106.905538,112.743008,277.739601,681.774917,1.0,2.334307,1.040789,2.880334,1.0,131.0,516.1863489438414,0.7571213549703552,0.009854833828085587
51109.0,0.481674,0.743446,0.46398,-0.686383,-0.009127,0.727183,0.544856,-0.668733,0.505893,252.580632,448.533052,-91.172192,3.593961,3.597561,3.597073,89.928964,89.993231,90.050698,126.176267,0.065642,0.063483,88.321431,1.0,660.165461,847.824009,-260.892632,847.824009,168.27116,-177.738503,-260.892632,-177.738503,387.387366,-309.57096,57.929722,142.319826,57.929722,207.729075,70.601862,142.319826,70.601862,488.379039,559.872088,1.0,2.573663,1.04038,2.457917,1.0,146.0,716.2335660001576,1.2792807167057016,0.011322280319484406
51131.0,0.449099,0.472963,0.758035,-0.662693,0.745378,-0.072453,-0.59929,-0.469806,0.648178,-297.423193,-166.493723,-115.720615,3.594093,3.596483,3.593908,90.013601,90.055208,90.01856,142.168543,0.056137,0.066114,82.977881,0.992857,-542.979056,428.499509,-8.295597,428.499509,315.519487,-84.046619,-8.295597,-84.046619,300.189392,4.322389,162.683497,-186.315098,162.683497,-188.595741,-45.294351,-186.315098,-45.294351,578.209883,1028.573678,1.0,1.475506,0.865608,4.04752,1.0,138.0,724.3622529188834,0.7042395390939447,0.011965321216144336
52713.0,-0.615847,0.521417,0.590642,-0.662973,-0.748004,-0.030929,0.425675,-0.410627,0.806341,497.943644,38.023203,38.957428,3.593408,3.595965,3.596513,89.980427,89.938217,90.007066,77.666784,0.06221,0.051958,91.328838,0.993243,-123.12499,-579.560902,128.088079,-579.560902,-3.196446,-196.150593,128.088079,-196.150593,589.36214,235.258354,-73.301249,89.650504,-73.301249,-111.251494,-147.71222,89.650504,-147.71222,657.609017,320.358035,1.0,1.518479,0.632857,2.338203,1.0,147.0,686.4544491578874,2.142772692303121,0.010875458636624721
52280.0,0.478021,-0.524122,-0.704835,0.648824,0.751598,-0.118862,0.59205,-0.400495,0.699343,-214.366219,-424.366919,-113.789358,3.591036,3.595527,3.593359,90.007876,89.886186,89.999234,165.849826,0.068191,0.071578,77.342857,0.910959,-1089.372272,-916.524269,-136.890979,-916.524269,-450.468293,-88.365673,-136.890979,-88.365673,342.274867,-1.656933,-16.249812,260.174728,-16.249812,-137.771796,-15.125551,260.174728,-15.125551,351.194631,662.806482,1.0,4.879455,0.796319,2.165545,1.0,133.0,492.13577422259476,0.7425029591406361,0.011778191746912066
50850.0,-0.440812,-0.251915,-0.861524,0.662746,0.555962,-0.501671,0.605353,-0.792114,-0.078119,219.226407,-115.009228,22.30213,3.596753,3.595192,3.595599,89.995554,89.975714,90.00171,115.059464,0.077021,0.064142,91.006626,0.971429,468.768439,-159.622681,-187.217406,-159.622681,171.323029,119.79275,-187.217406,119.79275,284.671648,148.012092,117.88111,205.55125,117.88111,-36.769754,43.982646,205.55125,43.982646,447.527048,523.629547,1.0,5.239697,1.648995,2.48905,1.0,136.0,471.97433740464675,0.9013516141491663,0.010674266728666547
50852.0,-0.567822,-0.238217,-0.787928,0.812303,-0.007269,-0.58319,0.133198,-0.971185,0.197632,134.781789,185.34107,16.722999,3.59551,3.596127,3.595302,89.997919,89.993355,89.987819,110.163998,0.05823,0.061302,88.082218,1.0,275.424762,-61.717025,104.427754,-61.717025,138.404574,-61.022974,104.427754,-61.022974,342.322157,-58.880699,140.61923,90.695809,140.61923,301.3316,-16.289737,90.695809,-16.289737,412.902792,659.936157,1.0,5.34956,1.371855,3.005293,1.0,144.0,451.20836280843855,0.6837151715699047,0.011353029279984753
50853.0,-0.573814,-0.813621,-0.093584,0.818389,-0.574,-0.027621,-0.031244,-0.092437,0.995228,164.878209,-230.512745,160.490931,3.593538,3.595261,3.594664,90.009846,89.940687,89.979148,108.989616,0.063848,0.059412,88.455402,0.992958,197.916027,125.814903,-203.980653,125.814903,-373.750514,477.103355,-203.980653,477.103355,-35.470452,46.234804,-105.172294,-27.007558,-105.172294,126.775002,86.784982,-27.007558,86.784982,401.448896,428.5023,1.0,4.999385,0.097731,3.467543,1.0,141.0,344.3057520337237,0.8035096941923618,0.011225521308466836
51093.0,0.573725,0.818918,0.014606,-0.816652,0.570593,0.086616,0.062597,-0.061621,0.996135,246.971529,-335.963264,-12.289861,3.601159,3.594627,3.596442,90.025422,90.078606,89.980535,158.717131,0.061882,0.065121,136.670972,1.0,709.159565,-951.924448,-498.844047,-951.924448,1100.541089,395.734183,-498.844047,395.734183,416.94639,-208.648725,-148.929266,48.226201,-148.929266,121.947962,72.886451,48.226201,72.886451,497.802722,493.056162,1.0,2.974539,0.087952,2.348338,1.0,144.0,630.2229003490659,1.278196986308156,0.007316842672341571
52817.0,0.850216,-0.519968,-0.082251,0.504131,0.759201,0.411663,-0.151607,-0.391468,0.907617,442.469824,254.023205,68.473162,3.585891,3.593851,3.597182,90.004727,89.956609,89.936636,164.178645,0.091182,0.075374,81.095363,0.9,-2386.449741,-641.443944,390.563655,-641.443944,-100.019126,470.694846,390.563655,470.694846,455.995537,-546.495475,187.666757,-160.871113,187.666757,-21.743606,185.23097,-160.871113,185.23097,704.294837,679.307816,1.0,3.338798,0.433224,3.511083,1.0,135.0,1120.2870185175227,1.6491596182628387,0.01109804514963451
51133.0,0.483687,0.746761,0.456502,-0.727688,0.053299,0.683835,0.48633,-0.662953,0.569189,158.333196,-415.41803,-192.090436,3.592296,3.594417,3.596761,90.095021,89.978118,90.044119,198.987564,0.06851,0.086519,70.114682,0.925676,-851.486342,166.462427,8.289924,166.462427,-317.996742,602.546891,8.289924,602.546891,960.566678,-277.874813,-213.215372,-105.671901,-213.215372,-30.030436,-38.107242,-105.671901,-38.107242,466.720771,727.366546,1.0,2.55297,0.965277,2.508682,1.0,137.0,689.1046515933281,0.9473966810584221,0.013202313318628473
50859.0,0.307735,0.930139,-0.200349,-0.214756,0.273035,0.937727,0.926919,-0.245545,0.283776,341.64065,-84.779497,-179.015449,3.595833,3.594934,3.594064,90.019836,89.939811,89.972263,161.405273,0.091057,0.09502,82.965172,0.84507,206.146327,33.597454,169.642603,33.597454,-476.050518,411.171703,169.642603,411.171703,438.98005,-289.625036,1.204004,59.703995,1.204004,94.861462,155.098251,59.703995,155.098251,472.578146,662.157701,1.0,3.352082,1.283067,1.829753,1.0,120.0,675.6055348089451,1.020309110335251,0.010185840390953448
51291.0,-0.182379,-0.939783,-0.289043,0.815466,-0.308817,0.489537,-0.54932,-0.146424,0.822683,-100.256357,458.298238,135.120693,3.595962,3.59512,3.594986,90.022359,90.010552,90.005013,100.861895,0.060837,0.05556,79.083689,1.0,-20.40346,103.837759,150.362397,103.837759,259.972288,-95.594419,150.362397,-95.594419,274.3093,101.690979,-60.668903,92.684122,-60.668903,144.823592,-215.164964,92.684122,-215.164964,273.430313,608.79512,1.0,3.674955,0.604681,4.451891,1.0,142.0,260.52355539012837,0.42793305470340887,0.012644832488782863
50861.0,-0.20805,-0.364936,-0.907489,0.395885,0.816983,-0.4193,0.894422,-0.446497,-0.0255,-101.386722,400.69423,163.596906,3.596984,3.593369,3.593242,90.055916,90.038586,90.022963,170.342361,0.074925,0.078694,65.324732,0.892857,-847.732818,345.739585,-71.531416,345.739585,85.813064,293.067847,-71.531416,293.067847,587.364802,-699.412781,-246.280352,-279.834728,-246.280352,-33.112296,139.164091,-279.834728,139.164091,433.446493,826.223328,1.0,5.145214,1.596299,2.033805,1.0,124.0,1044.6281087286734,1.2643410968041238,0.01366797800257336
51114.0,0.506613,0.796312,0.330501,-0.747668,0.214877,0.628347,0.429343,-0.565434,0.704237,288.058361,-385.77825,-143.547537,3.591233,3.596525,3.595502,90.024999,89.919865,90.00294,123.720473,0.070273,0.071318,141.850778,1.0,185.961341,436.267753,-121.243852,436.267753,-1146.518645,199.091606,-121.243852,199.091606,692.460624,0.676122,99.411334,40.65873,99.411334,40.170915,36.318578,40.65873,36.318578,520.697609,351.836737,1.0,2.657375,0.789449,2.492155,1.0,142.0,510.96490408030746,1.452278430152413,0.007049661722687203
50866.0,-0.454401,0.547267,-0.702865,0.692802,0.713095,0.107337,0.559951,-0.438172,-0.703179,106.711847,-80.26395,129.181302,3.59525,3.595662,3.594268,90.046134,89.999406,90.046071,117.242955,0.074005,0.06572,88.236703,0.881944,554.300782,218.568768,-335.052695,218.568768,-261.372158,164.926456,-335.052695,164.926456,-26.170082,23.482794,202.556225,-142.774054,202.556225,-70.107562,215.922647,-142.774054,215.922647,244.396478,598.735742,1.0,4.560846,2.350654,2.234786,1.0,127.0,399.0794833707807,0.666536930028107,0.009995205736551601
52975.0,-0.488638,0.663829,-0.566184,-0.379736,0.422433,0.823013,0.785515,0.617156,0.045662,480.655442,-1.82308,-88.647825,3.597234,3.596026,3.595106,90.00419,89.988335,89.985433,25.618863,0.060705,0.043148,135.735747,1.0,357.307786,92.937693,-130.342136,92.937693,103.009523,-52.678069,-130.342136,-52.678069,693.192614,160.595978,91.736922,-8.400024,91.736922,108.814285,-55.681561,-8.400024,-55.681561,685.112549,158.802869,1.0,3.744179,1.525118,0.904854,1.0,141.0,560.0440408208558,3.5266619825417376,0.007367256025783687
50993.0,-0.267703,-0.416665,-0.868749,0.578619,0.65144,-0.49074,0.770412,-0.634048,0.066698,427.297286,15.165374,24.705474,3.595044,3.595215,3.594209,89.978332,89.986113,90.028276,116.85249,0.056615,0.054736,71.15627,0.891304,55.775857,-122.679575,79.04549,-122.679575,-327.077041,-19.57315,79.04549,-19.57315,340.096085,138.964012,-155.861799,-225.528694,-155.861799,-471.798499,-81.215453,-225.528694,-81.215453,624.880322,581.014643,1.0,5.226585,1.504049,2.259404,1.0,123.0,983.4830971128271,1.6926993303210554,0.012526007897828258
52979.0,0.361715,0.746929,-0.557906,0.086991,0.568775,0.81788,0.928221,-0.344373,0.140758,-72.802358,330.317897,-87.167442,3.596464,3.593214,3.59487,90.021633,90.041907,89.992974,123.588626,0.073565,0.066081,88.119386,0.993243,175.071252,-311.193689,416.885796,-311.193689,-331.087439,-87.666864,416.885796,-87.666864,246.891965,-64.98854,-74.95447,-7.001251,-74.95447,129.805753,-86.837871,-7.001251,-86.837871,296.43913,570.64853,1.0,3.740229,1.429569,1.926058,1.0,147.0,328.75026117857357,0.5760993744758679,0.011271560607560292
51811.0,0.191023,-0.429332,-0.882714,0.717923,0.674376,-0.172639,0.669401,-0.600743,0.437048,-73.809261,203.181053,123.239207,3.593458,3.594512,3.595702,90.034848,89.998649,90.021143,108.481393,0.069621,0.061708,88.426208,0.942857,-20.418363,194.010254,-201.310376,194.010254,-315.595649,-288.391189,-201.310376,-288.391189,183.168221,-8.33506,76.126605,-77.574603,76.126605,79.27097,-120.572413,-77.574603,-120.572413,188.093093,521.222369,1.0,4.905529,1.118482,2.302192,1.0,132.0,220.9380783519375,0.4238844905598008,0.010662642007672656
50883.0,0.187829,0.085444,-0.978478,-0.079318,0.994275,0.071598,0.978994,0.064163,0.193531,264.870655,477.171843,-7.943185,3.596654,3.599003,3.596648,90.128259,90.069534,89.978425,151.221798,0.096502,0.076581,104.677237,1.0,952.036161,1117.162832,632.966561,1117.162832,993.857084,-31.345436,632.966561,-31.345436,299.84812,-15.188194,100.742136,13.340671,100.742136,95.198292,2.450457,13.340671,2.450457,533.552633,359.244493,1.0,4.639347,1.376037,1.50535,1.0,142.0,510.3702744546055,1.420676682313417,0.009553175347950768
50884.0,-0.555754,-0.0102,-0.831284,0.830836,0.028242,-0.555801,0.029146,-0.999549,-0.007221,-222.818159,-284.482891,-55.164385,3.594557,3.59681,3.598087,89.972798,89.997509,90.026788,135.356174,0.066697,0.066457,81.599102,1.0,649.267262,446.718124,79.433874,446.718124,214.444855,311.613334,79.433874,311.613334,592.298846,293.789718,79.803495,140.303855,79.803495,-222.522093,101.423898,140.303855,101.423898,380.200116,637.226849,1.0,5.301732,1.578018,3.112442,1.0,144.0,588.1452070806339,0.9229761865866294,0.012255036826263112
51902.0,0.236557,-0.459051,-0.856337,0.673065,0.713053,-0.196312,0.700731,-0.529932,0.477649,433.506925,123.639931,-27.305657,3.596138,3.594532,3.592013,90.028866,89.990492,90.022402,138.588884,0.088982,0.076811,83.454399,0.828571,-735.928617,60.18294,348.53492,60.18294,-21.657111,151.707576,348.53492,151.707576,329.871636,-293.140562,7.682353,-147.009257,7.682353,-161.459285,109.356981,-147.009257,109.356981,522.104138,685.03435,1.0,4.937741,1.07282,2.218289,1.0,116.0,774.4893049878198,1.1305846268699078,0.009928428098799201
51248.0,0.315657,0.891778,-0.324181,-0.541267,0.449837,0.710406,0.779352,-0.048776,0.624684,298.310562,402.271496,51.25446,3.59652,3.59607,3.595338,89.990614,89.973593,89.968909,110.180226,0.066643,0.060502,83.062413,0.950704,419.38318,65.208904,290.603246,65.208904,46.787041,29.094492,290.603246,29.094492,565.361928,-312.770899,-155.359099,37.317508,-155.359099,24.516801,-46.363565,37.317508,-46.363565,645.826234,573.413143,1.0,3.5697,0.896069,1.6333,1.0,135.0,854.4632253085231,1.4901354036604688,0.011445658338868629
53010.0,0.873944,0.097374,-0.476172,0.336314,0.586133,0.737117,0.350876,-0.804342,0.479499,-214.414816,-423.460077,15.029886,3.59446,3.595841,3.596547,89.964271,90.001924,90.029168,106.220607,0.061951,0.056865,90.593456,0.985714,-0.884927,-393.3813,137.332156,-393.3813,530.363009,-63.646017,137.332156,-63.646017,201.496847,11.283535,-213.983802,-6.485464,-213.983802,143.060846,37.854394,-6.485464,37.854394,301.964964,546.330709,1.0,3.715145,1.070712,2.730251,1.0,138.0,314.6486909534166,0.5759308158411001,0.010880631378054503
51153.0,0.468052,0.12778,0.874414,-0.738396,0.600158,0.307543,-0.485488,-0.78961,0.375258,-317.85998,-72.601513,-10.969695,3.595517,3.595381,3.592228,90.022266,90.065184,89.984476,148.093481,0.06549,0.063497,71.63186,0.857143,-977.16485,-47.635432,-88.171271,-47.635432,182.371923,197.552177,-88.171271,197.552177,489.767594,-290.769834,35.793877,-244.995834,35.793877,353.746371,27.12856,-244.995834,27.12856,437.233382,643.817645,1.0,1.908997,1.186122,3.692857,1.0,119.0,722.986888066872,1.1229684269788411,0.011965946437800162
51401.0,0.203692,0.976164,-0.074922,-0.409101,0.15439,0.899333,0.889464,-0.152537,0.430797,482.143352,-123.892897,-180.159418,3.596384,3.59317,3.597345,90.076155,90.003405,89.968299,183.792591,0.074503,0.081374,71.64034,0.842466,-185.916027,-836.547223,68.71448,-836.547223,454.610377,208.384477,68.71448,208.384477,475.401681,-385.726193,85.246827,58.915409,85.246827,-23.367241,-168.271053,58.915409,-168.271053,570.468242,791.760296,1.0,3.224709,1.12542,1.740637,1.0,123.0,853.4729579203878,1.077943617824943,0.011759659432102082
53044.0,-0.839951,0.537852,0.072098,-0.512097,-0.829573,0.222633,0.179554,0.15008,0.972233,529.464903,-138.326,74.784375,3.594408,3.59562,3.596672,89.948643,90.055638,90.062387,151.105351,0.074337,0.070782,64.401315,0.910959,592.530359,-234.268238,716.99025,-234.268238,-346.773293,93.062086,716.99025,93.062086,442.502285,-401.695897,-125.590919,129.81821,-125.590919,-224.605768,-93.194194,129.81821,-93.194194,528.128448,639.532853,1.0,2.828407,0.236207,0.874578,1.0,133.0,873.0720281993686,1.3651715062077796,0.014145037255838643
51867.0,0.234544,-0.361866,-0.902243,0.792643,0.608501,-0.038001,0.562767,-0.706243,0.429551,-151.092307,440.284389,-24.912096,3.592854,3.593211,3.594657,90.073069,90.038609,90.064564,161.320123,0.061622,0.06215,113.290748,0.815068,-281.476762,661.597549,-131.236866,661.597549,-981.81796,-219.484107,-131.236866,-219.484107,288.645072,-30.876642,-200.784129,-71.736053,-200.784129,42.193563,-216.507601,-71.736053,-216.507601,113.703589,721.469454,1.0,4.754482,1.126801,2.468778,1.0,118.0,291.4276800913908,0.4039362698942356,0.007194479817539911
52494.0,-0.106936,0.841049,-0.530285,-0.28054,0.486149,0.827621,0.953867,0.237268,0.183961,490.975545,-344.384716,25.70856,3.596308,3.596104,3.596731,90.036465,90.027176,89.924553,116.960377,0.06906,0.054176,96.933993,1.0,567.551363,-418.462,604.300023,-418.462,177.693593,7.095326,604.300023,7.095326,623.168345,144.791256,57.166703,81.221991,57.166703,-219.092358,-32.908974,81.221991,-32.908974,515.01081,435.046777,1.0,3.711426,1.385782,1.327,1.0,146.0,642.1850708536973,1.4761287861550973,0.010316298432068098
52200.0,0.34579,0.781794,-0.518871,0.488589,0.322079,0.810892,0.801068,-0.533913,-0.270604,471.402282,187.606695,-105.480638,3.594413,3.595447,3.595262,90.066267,90.01332,90.079049,116.49791,0.069543,0.06241,109.118293,1.0,285.924781,-640.710771,-370.293942,-640.710771,-517.470195,141.149291,-370.293942,141.149291,481.022346,-17.579534,27.384748,61.045625,27.384748,27.140636,41.496337,61.045625,41.496337,528.883888,452.461826,1.0,3.710818,1.844817,2.158684,1.0,143.0,529.936842569441,1.1712299516057758,0.009164366235091306
51718.0,0.12732,-0.328937,-0.93573,0.814897,0.572516,-0.090378,0.565449,-0.751017,0.340942,66.310325,-56.034703,-145.154995,3.595146,3.595184,3.595082,90.02642,89.982846,89.987697,138.874257,0.07084,0.06607,60.155158,0.808219,-88.17441,-23.661964,-230.860192,-23.661964,218.338738,-61.63088,-230.860192,-61.63088,201.368904,69.589644,72.899124,71.114724,72.899124,232.922362,25.797266,71.114724,25.797266,-55.472281,803.25377,1.0,4.808675,1.222877,2.496231,1.0,118.0,266.5006188914278,0.3317763686206263,0.013435572723456234
50916.0,-0.178047,-0.914015,0.364521,0.387244,0.275467,0.879864,-0.904622,0.297816,0.304901,-146.626416,-103.574981,18.678936,3.597008,3.593995,3.593835,89.97377,90.006626,89.99139,52.160212,0.05386,0.047232,137.357347,1.0,-307.166275,-262.495854,171.580795,-262.495854,-28.402953,-197.22697,171.580795,-197.22697,507.526791,120.245462,58.310603,31.606627,58.310603,87.213984,-190.040329,31.606627,-190.040329,555.272709,153.97044,1.0,2.748826,1.260962,5.030429,1.0,142.0,484.86616819919624,3.1490860726201486,0.0072802803915541555
50921.0,-0.071568,-0.624451,0.777778,0.250039,0.743647,0.620056,-0.965587,0.238851,0.102915,464.34269,365.730252,-75.021038,3.596939,3.593774,3.597102,89.943066,89.970632,90.020685,138.072243,0.064832,0.062274,68.937734,0.880282,-231.615856,602.283101,-105.082205,602.283101,612.251538,-69.825568,-105.082205,-69.825568,618.65617,33.718316,118.558037,100.444422,118.558037,-91.186999,65.451043,100.444422,65.451043,554.10676,652.820716,1.0,2.243836,1.467699,4.954885,1.0,125.0,610.5132674173975,0.9351928522706341,0.012769233174969167
51351.0,0.24881,-0.298932,0.921267,-0.484643,0.785112,0.385642,-0.838579,-0.542437,0.050469,-257.924347,237.537428,-127.074115,3.593465,3.595604,3.59267,89.912952,89.999732,89.84393,238.839924,0.105226,0.109799,69.135164,0.804348,-1109.604816,706.834646,-148.653378,706.834646,-599.290715,-926.759942,-148.653378,-926.759942,1013.727326,-227.626204,-135.841968,-33.694448,-135.841968,15.346829,-197.03143,-33.694448,-197.03143,278.546624,929.974375,1.0,1.967234,1.520306,4.138229,1.0,111.0,485.86807335672546,0.5224531841070625,0.011634426729645132
51507.0,0.240552,0.136739,0.960957,-0.968893,-0.025477,0.246164,0.058143,-0.990279,0.126357,-142.445582,-67.788993,-159.177217,3.594837,3.596391,3.594427,90.011384,90.028831,89.972716,152.074395,0.072709,0.07938,87.782243,0.978873,-197.129585,157.00272,-56.058809,157.00272,153.119821,287.177244,-56.058809,287.177244,442.877992,-285.606126,76.663826,93.497292,76.663826,-53.186907,-164.421557,93.497292,-164.421557,508.487588,821.272624,1.0,1.821569,1.444101,3.082947,1.0,139.0,728.8902728327092,0.8875131734973176,0.01115115046672936
51215.0,-0.248407,-0.219578,-0.94344,0.831316,0.451601,-0.323992,0.4972,-0.864778,0.070358,-301.292046,275.462277,-43.536585,3.594231,3.594897,3.592226,90.064359,90.093821,90.013143,131.713102,0.066004,0.06223,82.415347,0.928571,-1258.203916,621.058805,8.793764,621.058805,355.127737,-94.055966,8.793764,-94.055966,103.919902,-153.765478,38.27593,29.202012,38.27593,250.058119,-111.455736,29.202012,-111.455736,353.824448,542.886731,1.0,5.043186,1.50038,2.619799,1.0,130.0,476.23458485241923,0.8772264224899967,0.011266967061365403
51195.0,-0.152535,-0.405341,-0.90135,0.572495,0.70718,-0.414905,0.805595,-0.579306,0.124185,286.391018,-296.186022,-154.153777,3.594974,3.594,3.593916,90.01127,90.02956,90.02184,135.411698,0.077066,0.069636,70.599559,0.944444,-384.882276,195.35258,160.556358,195.35258,-95.20988,116.341904,160.556358,116.341904,110.042247,59.222073,128.628958,4.523692,128.628958,-418.413349,62.832438,4.523692,62.832438,327.457763,750.168676,1.0,5.143788,1.446289,2.194228,1.0,136.0,666.0256674073311,0.887834548036142,0.013377477329568021
50945.0,-0.492031,-0.444685,-0.748439,0.829211,-0.501241,-0.247318,-0.26517,-0.742302,0.615364,-414.989904,91.947337,108.135853,3.592328,3.59722,3.595053,89.969029,90.020628,89.983087,141.329519,0.060324,0.06568,63.841919,0.854167,134.782506,646.566033,266.403761,646.566033,-264.630386,182.369903,266.403761,182.369903,235.538936,-172.05948,-55.863468,2.841502,-55.863468,-64.672382,231.247185,2.841502,231.247185,492.669397,526.518366,1.0,5.031538,0.907948,3.484691,1.0,123.0,651.5107136475073,1.23739408863756,0.013379406718648292
52410.0,-0.320347,0.839843,-0.438225,-0.618863,0.164701,0.768038,0.717208,0.51724,0.466986,-162.044543,0.952458,127.074583,3.596036,3.596307,3.594938,90.013873,90.006236,89.99116,62.872907,0.062102,0.053379,116.517241,1.0,387.380764,-1.712043,134.103421,-1.712043,187.834857,-190.401709,134.103421,-190.401709,276.39375,205.112481,21.97764,34.935238,21.97764,186.512747,-113.961507,34.935238,-113.961507,436.137806,504.546974,1.0,3.660097,1.084917,0.945993,1.0,146.0,262.7426401106945,0.5207496103439013,0.008582420862505661
53064.0,-0.733498,0.452172,0.507465,-0.452982,0.231425,-0.860958,-0.506741,-0.861384,0.035076,-7.626654,90.91719,-134.621069,3.595145,3.596085,3.595927,90.019133,90.005671,90.010581,76.772369,0.059036,0.052641,110.12551,1.0,243.645324,-7.55238,-50.803164,-7.55238,335.272592,-229.938785,-50.803164,-229.938785,238.209179,308.895602,69.202992,24.851999,69.202992,54.737106,-142.441688,24.851999,-142.441688,484.19526,393.326121,1.0,0.532602,1.535713,3.673355,1.0,140.0,398.93939569531915,1.0142712990458091,0.009080548185429515
52401.0,0.276229,0.817011,-0.506153,0.226795,0.456359,0.860407,0.93395,-0.352462,-0.059234,402.330946,413.561727,4.859439,3.594902,3.592981,3.594616,90.03928,90.038396,90.098386,121.415292,0.070113,0.06182,91.63575,1.0,-342.953687,-635.150709,-301.224238,-635.150709,-702.852993,-359.303237,-301.224238,-359.303237,565.068917,91.438054,-54.965509,-35.822953,-54.965509,-73.187555,16.527389,-35.822953,16.527389,596.340599,483.968805,1.0,3.673344,1.630065,1.93166,1.0,140.0,607.1089641396285,1.2544382155780236,0.010912771489293207
50954.0,-0.487572,-0.551185,-0.677103,0.832097,-0.528183,-0.169222,-0.264361,-0.645924,0.716167,83.545105,-51.221847,23.172581,3.593023,3.594376,3.595737,90.003814,89.998196,90.004437,116.341329,0.05215,0.054151,80.332156,0.965278,-52.432777,181.255101,-254.072216,181.255101,-327.411195,71.297912,-254.072216,71.297912,78.190738,98.170805,148.634639,-26.501033,148.634639,-254.533856,-24.823132,-26.501033,-24.823132,101.873267,581.916608,1.0,4.957294,0.772501,3.530071,1.0,139.0,378.52109997703474,0.6504731000511927,0.012016084816645529
51188.0,0.503075,0.120979,0.855733,-0.86217,0.001719,0.506616,0.059819,-0.992654,0.105169,-216.263065,442.386522,-169.200053,3.599025,3.594212,3.594863,90.059342,89.881414,90.011947,239.754678,0.077908,0.105282,66.357369,0.833333,1096.288008,-1023.394146,648.521777,-1023.394146,-12.548607,50.033672,648.521777,50.033672,-7.226099,-68.797601,27.045594,77.119532,27.045594,87.251773,-5.492739,77.119532,-5.492739,352.701947,829.517933,1.0,2.105332,1.465432,3.081403,1.0,115.0,375.85945231913314,0.4531058791698638,0.012558258601241407
52139.0,-0.251725,0.934856,-0.250358,-0.849836,-0.089748,0.51935,0.463048,0.343497,0.817066,460.89154,-252.708478,76.568364,3.59504,3.594839,3.597724,90.017236,89.980154,89.953614,83.477086,0.060242,0.05378,96.645468,1.0,-17.024695,-467.18152,-188.047839,-467.18152,206.960248,89.248237,-188.047839,89.248237,750.591625,-10.381784,-37.763658,-185.577811,-37.763658,-94.588774,163.51866,-185.577811,163.51866,620.258892,446.957537,1.0,3.590786,0.614493,0.932553,1.0,152.0,710.5318500708385,1.5897077266891204,0.010347096668826727
52520.0,-0.384613,-0.439069,0.811968,-0.597515,0.788901,0.143565,-0.703597,-0.429946,-0.565772,489.757623,-100.089415,-105.463199,3.59334,3.594522,3.598079,90.003337,89.954575,89.975888,146.22727,0.075151,0.071142,65.153792,0.934211,387.381788,-199.855683,-581.228133,-199.855683,-430.802884,-172.786034,-581.228133,-172.786034,521.662715,161.680355,-61.481096,-102.238706,-61.481096,-182.135658,-178.666136,-102.238706,-178.666136,300.621889,741.85524,1.0,1.745799,2.172165,4.163871,1.0,142.0,468.9352030587892,0.632111465653042,0.014338551469114799
52309.0,0.514072,-0.622993,-0.589584,0.670766,0.720396,-0.17636,0.534605,-0.304811,0.788218,-32.377403,-299.592233,-59.586661,3.592232,3.593248,3.594424,90.016066,89.942997,90.022163,189.024069,0.086241,0.088291,69.798744,0.8125,-656.708641,-251.959997,-46.876315,-251.959997,-800.895911,-53.05431,-46.876315,-53.05431,256.521166,-573.227958,-55.297204,61.457516,-55.297204,-48.819256,-99.335431,61.457516,-99.335431,343.026745,968.048921,1.0,5.003044,0.662889,2.088986,1.0,117.0,804.0907779427738,0.8306303126831065,0.011640610610414423
52412.0,0.513528,-0.455155,-0.727409,0.556115,0.822129,-0.121824,0.653472,-0.341963,0.675304,329.29241,103.898744,30.87278,3.592503,3.595549,3.596382,90.016662,89.939432,90.052482,152.934402,0.065274,0.070885,76.754152,0.964789,-153.108034,-466.928598,-241.516095,-466.928598,-494.740337,-416.675097,-241.516095,-416.675097,706.303692,-241.384134,-113.638386,-126.13661,-113.638386,-42.070519,-184.436835,-126.13661,-184.436835,375.03997,785.98676,1.0,4.878325,0.829419,2.052911,1.0,137.0,586.4926951975112,0.7461864818149243,0.012569860715808573
52521.0,-0.42786,-0.40479,0.808135,-0.647002,0.761497,0.03888,-0.63113,-0.506229,-0.587713,80.669746,456.951884,-136.023346,3.595272,3.593398,3.590414,90.066435,89.914109,89.977739,186.283952,0.064645,0.073896,68.962619,0.871622,-892.064074,-646.372036,532.135799,-646.372036,-421.549745,739.116245,532.135799,739.116245,-117.100298,-287.857446,66.403771,320.75136,66.403771,-36.256479,57.668409,320.75136,57.668409,332.805425,764.272937,1.0,1.61887,2.199026,4.036369,1.0,129.0,612.6405743703215,0.8015991993320071,0.012639050149763019
51242.0,0.410937,0.787575,0.459191,-0.773342,0.034412,0.633054,0.482776,-0.615257,0.623206,-418.811148,382.218756,35.952238,3.595477,3.5968,3.594055,89.925884,89.881661,89.931551,200.165208,0.089185,0.093986,58.681503,0.817568,1592.54198,-224.000534,412.568623,-224.000534,-969.757302,-289.567279,412.568623,-289.567279,-39.242699,-130.789196,-61.451199,352.257024,-61.451199,-163.138598,-9.274538,352.257024,-9.274538,261.349956,1180.066449,1.0,2.51405,0.89796,2.476268,1.0,121.0,513.2889281995712,0.4349661229963256,0.013932294815284468
51245.0,0.413102,0.68635,0.598557,-0.787605,0.599228,-0.143543,-0.457193,-0.412128,0.788115,433.593326,-112.813708,122.855229,3.594855,3.594855,3.595248,90.04234,90.029013,90.001217,50.337317,0.058856,0.04688,115.858105,1.0,-363.906778,31.946083,-64.909508,31.946083,50.571875,-68.721226,-64.909508,-68.721226,518.293717,208.485617,3.365604,-15.659153,3.365604,-45.202657,17.838731,-15.659153,17.838731,621.835961,254.688526,1.0,1.335427,0.663056,3.978783,1.0,138.0,583.5318758145721,2.2911588715016244,0.00863124768008246
51229.0,0.45905,0.111679,0.881363,-0.858424,0.311334,0.407652,-0.228872,-0.943716,0.238786,261.67119,-282.123711,126.629005,3.596757,3.592949,3.593412,89.980401,89.963516,89.9747,181.227471,0.062087,0.077681,82.498809,0.956522,139.033312,-487.365628,-352.436203,-487.365628,5.969114,235.636423,-352.436203,235.636423,-451.826142,-95.598817,-331.093891,224.581606,-331.093891,-136.41875,113.534224,224.581606,113.534224,139.212274,977.698914,1.0,2.004017,1.329681,3.379521,1.0,131.0,442.83185320363714,0.452932745308989,0.011594373441197195
51866.0,-0.050921,0.98115,-0.186417,-0.889471,0.040326,0.455209,0.454146,0.188993,0.870651,59.263237,-454.963142,-127.615915,3.591601,3.596808,3.595393,90.092281,89.944387,89.900422,199.883813,0.076478,0.07697,68.519856,0.844156,773.601685,-1077.194604,-246.474655,-1077.194604,-1138.520626,-73.047067,-246.474655,-73.047067,245.193066,-201.528469,126.704659,-6.337593,126.704659,-98.693691,219.459126,-6.337593,219.459126,474.788482,694.840167,1.0,3.530279,0.514272,1.176446,1.0,130.0,668.2986712720905,0.9618020129111081,0.012319874110651954
50994.0,-0.347368,0.377045,-0.858587,0.703203,0.710457,0.027492,0.620355,-0.594211,-0.51193,-409.725053,-124.323478,110.67916,3.59583,3.594943,3.595393,90.012231,89.995134,90.016458,76.009785,0.069385,0.061303,86.034562,0.992958,310.529373,-27.909246,-110.378902,-27.909246,32.513675,128.589884,-110.378902,128.589884,198.204881,94.969226,-75.000358,-87.966998,-75.000358,158.236014,83.390558,-87.966998,83.390558,258.686709,403.272273,1.0,4.68038,2.108226,2.334672,1.0,141.0,188.90776880649,0.46843728531391,0.011541384961081107
52116.0,-0.16986,0.917475,-0.359704,-0.679504,0.15532,0.717043,0.713738,0.366217,0.597045,118.731448,373.348156,-135.476205,3.59698,3.595702,3.595849,89.986778,90.023069,90.025209,71.06089,0.059944,0.050652,127.127489,1.0,250.931619,218.220537,-62.168224,218.220537,721.219879,-104.779035,-62.168224,-104.779035,226.972191,144.53051,-41.774982,-50.427439,-41.774982,189.137182,17.689565,-50.427439,17.689565,318.316674,211.568827,1.0,3.606559,0.930984,1.096725,1.0,144.0,167.00332600095265,0.7893569594775541,0.007866119341034102
51264.0,0.387371,0.845374,0.367812,-0.758991,0.065959,0.647751,0.523332,-0.530087,0.667182,-187.062831,265.300129,155.828614,3.596315,3.59437,3.592695,89.935575,89.941489,90.031814,112.83383,0.066429,0.061882,118.934003,1.0,227.477683,208.565434,367.398802,208.565434,-413.440159,-791.388525,367.398802,-791.388525,-48.991633,154.134966,-69.748642,53.347283,-69.748642,212.471711,-92.189722,53.347283,-92.189722,480.034468,369.746624,1.0,2.625164,0.840377,2.362607,1.0,150.0,320.5605371178971,0.866973533524128,0.008408024406611455
51003.0,-0.257595,0.149904,-0.954554,0.569654,0.821513,-0.024715,0.780474,-0.550132,-0.297011,-38.295018,-298.383318,-74.065376,3.594779,3.596033,3.59216,89.997837,89.982749,90.009544,144.477014,0.089037,0.079702,68.10112,0.869863,-570.133145,-59.469266,-348.438106,-59.469266,162.925302,-223.128526,-348.438106,-223.128526,60.032485,-552.874645,-154.513164,47.620715,-154.513164,111.080417,-4.273524,47.620715,-4.273524,369.463377,670.939111,1.0,4.738275,1.872357,2.184782,1.0,127.0,835.9264247621703,1.2459050472050515,0.012773108577362606
52426.0,-0.429407,0.849438,-0.306699,-0.752619,-0.148877,0.641405,0.499173,0.506251,0.703232,-131.017701,-92.468055,-0.341691,3.595282,3.595194,3.593778,89.990071,89.99447,89.95245,125.978415,0.059139,0.063936,91.853462,0.931507,-241.483338,-104.434067,181.867867,-104.434067,7.813132,-366.782335,181.867867,-366.782335,242.860354,-167.856171,-136.823172,150.019972,-136.823172,-57.804827,-222.608506,150.019972,-222.608506,449.731035,640.747423,1.0,3.587622,0.790862,0.778359,1.0,136.0,627.4111831785585,0.9791864323714314,0.010141229080728608
51233.0,0.465172,0.418544,0.780023,-0.884516,0.184632,0.428418,0.035295,-0.889231,0.456095,-128.614137,95.79531,-3.001639,3.594725,3.596091,3.594525,90.001419,90.030408,89.988196,132.420222,0.080134,0.074284,83.005473,0.963768,-132.039417,107.776247,-259.683895,107.776247,163.917177,115.153052,-259.683895,115.153052,279.769967,-186.499608,37.936994,28.405326,37.936994,263.545531,-61.424209,28.405326,-61.424209,304.575686,746.842496,1.0,2.073054,1.097194,3.101922,1.0,133.0,476.65897788635885,0.6382322650884061,0.011610897030850002
51698.0,0.084912,0.948137,-0.306311,-0.708845,0.27353,0.65017,0.700235,0.16192,0.695308,-25.714265,244.90667,-185.430586,3.597102,3.592731,3.595521,89.973384,90.021555,90.032666,120.770423,0.069905,0.066607,84.391263,0.985714,-648.394462,29.64595,-115.485318,29.64595,746.715818,-198.867787,-115.485318,-198.867787,216.776813,-132.828606,164.864232,-53.178869,164.864232,-51.663956,70.573399,-53.178869,70.573399,403.954146,515.581307,1.0,3.581875,0.801948,1.343553,1.0,138.0,526.685150609746,1.0215365519637545,0.011680284960304481
51014.0,-0.375924,0.061444,-0.924611,0.758728,0.593245,-0.269056,0.531989,-0.802673,-0.269635,480.345818,191.856645,-130.858105,3.596301,3.595461,3.593111,89.970007,90.007499,90.007093,79.792466,0.066406,0.057553,116.698396,1.0,-397.718295,-327.039437,-14.915822,-327.039437,175.198782,102.611774,-14.915822,102.611774,404.035688,97.421187,-0.924537,10.614147,-0.924537,140.746834,-5.148117,10.614147,-5.148117,581.359856,202.84907,1.0,4.995563,1.84381,2.556291,1.0,141.0,463.90926331999674,2.2869676618186947,0.00856909807055103
51021.0,-0.433373,0.185562,-0.881904,0.858709,0.38201,-0.341596,0.273509,-0.905337,-0.324897,434.592318,116.697333,-27.817939,3.595638,3.595762,3.591621,89.959109,89.994889,89.993825,83.872771,0.055495,0.051709,116.752476,1.0,-709.575048,-504.664256,-43.108974,-504.664256,40.459394,-122.640087,-43.108974,-122.640087,335.2881,134.350712,-36.79087,-13.938686,-36.79087,51.627037,-3.541609,-13.938686,-3.541609,470.303924,275.069796,1.0,5.081933,1.901699,2.848204,1.0,142.0,385.57664600066346,1.4017411275524538,0.008565128845747134
51025.0,-0.057829,0.376795,-0.92449,0.271578,0.897054,0.348625,0.960677,-0.230911,-0.154205,452.796717,478.443571,-115.103159,3.596543,3.603276,3.596312,90.068937,90.008297,89.996793,259.02957,0.077017,0.093473,70.526294,0.809859,1123.682914,1095.460285,-191.572195,1095.460285,1623.122433,-251.330006,-191.572195,-251.330006,566.031771,321.579234,-90.598154,-333.386494,-90.598154,-6.643254,-33.038724,-333.386494,-33.038724,356.851539,882.789134,1.0,4.351779,1.72562,1.806684,1.0,115.0,459.2231524145358,0.5201957463315762,0.011483078920891548
52347.0,-0.338271,-0.328436,0.881874,-0.705442,0.708737,-0.00664,-0.622836,-0.624357,-0.471438,415.486302,468.499177,-52.313541,3.594997,3.596084,3.592424,90.003438,89.933029,89.973923,67.621728,0.060927,0.05352,113.372524,1.0,-733.407562,-449.294799,238.12561,-449.294799,1.115107,70.166862,238.12561,70.166862,532.569517,-14.967245,-59.130616,144.050678,-59.130616,176.591839,28.142745,144.050678,28.142745,549.768741,247.341753,1.0,1.563267,2.061717,3.925771,1.0,148.0,515.9656864792611,2.0860436227249552,0.008820479290026216
51269.0,0.432053,0.845043,0.315013,-0.87946,0.317442,0.354654,0.1997,-0.430271,0.880334,121.949059,444.830261,-133.385137,3.593452,3.590045,3.595536,90.021765,89.996673,89.955767,171.561799,0.073309,0.06807,84.070867,0.902778,-788.98399,-502.666996,396.251554,-502.666996,-657.336344,436.531879,396.251554,436.531879,3.145269,-207.519371,-91.658206,53.897861,-91.658206,-143.292043,145.331084,53.897861,145.331084,207.266856,686.385616,1.0,2.415321,0.494231,2.707054,1.0,130.0,416.9564129649528,0.6074667114891183,0.010738297726845137
51297.0,0.371304,0.912682,-0.170721,-0.781159,0.406445,0.473913,0.50192,-0.042605,0.863864,406.676463,307.417677,-40.510577,3.594585,3.59396,3.596851,89.992192,89.945777,90.008327,106.267652,0.065638,0.060011,93.084013,1.0,-300.11496,96.597994,46.986223,96.597994,-208.400908,59.776936,46.986223,59.776936,835.31239,3.338535,-76.315792,120.921206,-76.315792,-46.559993,81.486001,120.921206,81.486001,628.262341,606.884891,1.0,3.487359,0.527906,1.655478,1.0,142.0,666.7210131154486,1.0985955046876403,0.010742983330553228
52322.0,0.521308,-0.344417,-0.780779,0.661902,0.740684,0.115206,0.538632,-0.576857,0.614095,489.479388,536.768757,-114.686906,3.599636,3.596615,3.598013,90.045986,90.088682,89.964096,168.532624,0.067353,0.068009,86.983185,0.985915,1289.023576,906.198889,-121.285017,906.198889,1014.399079,-186.903674,-121.285017,-186.903674,488.701834,74.628504,-124.855511,67.537573,-124.855511,82.589607,-18.369052,67.537573,-18.369052,441.971074,477.179392,1.0,4.565893,0.909558,2.390449,1.0,140.0,383.98596876450046,0.804699396499714,0.011334547016184793
52497.0,0.636715,-0.355501,-0.684261,0.620585,0.762944,0.181083,0.457677,-0.53994,0.706397,-381.474665,-318.699899,92.296379,3.598154,3.595165,3.596615,90.034874,90.05923,89.970512,110.755812,0.070384,0.06425,88.624369,0.992857,830.082076,685.047252,-189.862335,685.047252,494.546947,-112.759141,-189.862335,-112.759141,263.946334,255.532895,140.731969,136.216169,140.731969,178.9395,140.01623,136.216169,140.01623,317.929811,425.716961,1.0,4.453679,0.786402,2.438468,1.0,139.0,240.8584070822663,0.5657712263013789,0.011202979622907103
51317.0,0.362167,0.364084,0.858066,-0.785289,0.615108,0.070454,-0.502152,-0.699346,0.508683,-363.600711,200.805525,-63.010775,3.593679,3.594521,3.593712,90.029237,90.034481,89.994555,101.967092,0.05899,0.056796,93.573643,1.0,-591.167244,103.820181,103.879004,103.820181,-241.159734,-25.430545,103.879004,-25.430545,190.1575,-35.360044,-177.051577,-12.784582,-177.051577,27.522409,74.774869,-12.784582,74.774869,160.514356,566.263433,1.0,1.652721,1.037142,3.764318,1.0,150.0,240.47954452625615,0.4246778628318318,0.010686769991417348
51413.0,0.325477,-0.013945,0.945447,-0.923605,0.209481,0.321047,-0.202531,-0.977713,0.055302,117.955117,259.665454,-159.605214,3.593411,3.596113,3.592837,89.992058,89.965219,89.950377,169.689213,0.069319,0.0771,74.226951,0.93662,-331.308416,-235.18618,-251.357598,-235.18618,-691.785519,159.434964,-251.357598,159.434964,505.361855,-8.951352,-83.518353,99.407417,-83.518353,-157.724188,88.707815,99.407417,88.707815,299.471385,686.015485,1.0,1.898151,1.515466,3.345851,1.0,133.0,426.2482098658189,0.6213390501904179,0.012618327809261625
51582.0,0.183593,-0.230325,0.955638,-0.952289,0.199439,0.231018,-0.243801,-0.952457,-0.18272,87.057689,-383.154179,-47.895137,3.593456,3.596796,3.594033,90.029065,89.981604,90.061089,117.227207,0.067251,0.063473,90.870653,1.0,51.752741,-317.628736,416.584669,-317.628736,-203.733183,-556.759372,416.584669,-556.759372,169.393496,-43.585641,-26.393343,179.893319,-26.393343,-277.056528,-68.11175,179.893319,-68.11175,535.834768,410.876986,1.0,1.807988,1.754549,3.392183,1.0,142.0,744.1690206029389,1.8111723118094984,0.011004652954348198
51282.0,0.425206,0.612915,0.665985,-0.899535,0.367616,0.235997,-0.100181,-0.699424,0.707651,-138.91574,-91.881665,0.890213,3.595094,3.593094,3.595357,90.071544,90.021338,90.018684,127.420191,0.077778,0.073425,97.092098,0.985507,-778.422636,-199.66132,308.337068,-199.66132,105.979903,122.349497,308.337068,122.349497,483.850849,-131.669924,18.554032,30.104303,18.554032,-59.807203,-129.028651,30.104303,-129.028651,494.152541,503.043039,1.0,1.911348,0.784628,3.283858,1.0,136.0,604.3747915213393,1.201437540459315,0.010150228703472862
51699.0,0.088087,-0.360183,0.928714,-0.49231,0.794768,0.35493,-0.865951,-0.488479,-0.107313,317.09922,-126.056546,-24.131411,3.596939,3.596051,3.592397,90.000325,90.013141,90.010955,97.446147,0.064744,0.058855,93.777475,1.0,-520.81942,-322.277911,151.284906,-322.277911,409.960523,216.799231,151.284906,216.799231,435.767081,69.549764,9.999729,-17.85944,9.999729,-14.586573,-2.945541,-17.85944,-2.945541,527.684847,629.053057,1.0,1.935841,1.678316,4.198788,1.0,140.0,505.7995729592234,0.8040650424169601,0.010663541538093237
52227.0,-0.31816,0.928259,-0.192637,-0.835624,-0.178609,0.519454,0.447781,0.326241,0.832502,87.549515,158.400841,-103.327749,3.593045,3.595504,3.594951,89.992742,90.030471,90.020962,103.559043,0.061621,0.057134,97.464301,1.0,190.228952,-1.218622,203.402884,-1.218622,-142.315061,378.356294,203.402884,378.356294,-248.411224,245.177744,-40.65856,114.522725,-40.65856,-31.088041,88.768134,114.522725,88.768134,168.165548,532.043396,1.0,3.496716,0.587189,0.941149,1.0,148.0,279.2205105365662,0.5248077743954672,0.010260166950768979
51313.0,0.004139,0.915295,-0.402763,0.295717,0.383632,0.874859,0.955267,-0.122725,-0.26908,346.678823,-230.22461,-35.734476,3.595324,3.592848,3.595159,90.00605,90.0207,89.987751,96.909061,0.092511,0.07606,85.563029,0.978873,-381.693984,-209.873607,245.917704,-209.873607,-78.610364,-47.0572,245.917704,-47.0572,212.940182,-68.224266,-109.489711,-54.917054,-109.489711,-235.923611,-24.894026,-54.917054,-24.894026,327.161512,507.890842,1.0,3.573041,1.843234,1.698568,1.0,139.0,512.3247152686009,1.0087299728641315,0.011440373388370811
51300.0,0.396886,0.520162,0.756249,-0.861862,-0.072204,0.501976,0.315713,-0.85101,0.419651,-90.181799,-185.489445,-91.571673,3.597009,3.595326,3.594124,90.006897,90.053129,89.974009,129.323509,0.059145,0.062117,94.216651,1.0,-186.653115,-197.604001,-249.246667,-197.604001,860.293131,85.355608,-249.246667,85.355608,-51.141952,76.323506,-33.509195,-6.637554,-33.509195,-62.146787,83.641765,-6.637554,83.641765,382.113318,455.345824,1.0,2.156791,1.137735,2.786346,1.0,140.0,401.4304262562577,0.8815946146818241,0.010613835127720683
51734.0,0.040668,0.005974,0.999155,-0.982779,0.180638,0.038922,-0.180253,-0.983532,0.013217,-402.556588,-327.028314,116.454102,3.596978,3.595639,3.591238,89.996758,90.015636,90.017796,83.627032,0.06019,0.051548,86.929251,0.985714,-982.354115,76.238697,-15.810642,76.238697,674.065595,-78.053135,-15.810642,-78.053135,206.788669,-349.156946,64.318589,10.602783,64.318589,490.479813,7.201152,10.602783,7.201152,282.719509,399.654476,1.0,1.609731,1.557579,3.322852,1.0,138.0,759.5636313365056,1.9005507931218708,0.011339267147257488
52302.0,0.496469,-0.327605,-0.803862,0.653325,0.750769,0.097529,0.571563,-0.573603,0.586766,439.878508,-95.436594,14.088653,3.594151,3.595509,3.591933,90.021074,89.918632,90.03508,109.133608,0.062009,0.056777,86.793003,0.964789,-1086.346116,-315.00205,337.233317,-315.00205,-193.718683,25.985107,337.233317,25.985107,548.207944,-182.973659,-16.167226,-167.998573,-16.167226,-206.408257,94.541244,-167.998573,94.541244,549.300724,460.149405,1.0,4.591654,0.943737,2.357976,1.0,137.0,762.8910263468069,1.657920271236267,0.01111597671070328
52067.0,0.330706,-0.537363,-0.775806,0.619737,0.743625,-0.250895,0.71173,-0.397823,0.578945,-73.08761,92.551397,22.688564,3.595256,3.596457,3.594576,89.998424,89.95739,90.021415,115.746777,0.066917,0.06103,79.483108,0.902778,13.114734,-369.862787,118.251223,-369.862787,23.149271,-50.003916,118.251223,-50.003916,538.790418,288.231024,-309.894801,202.41525,-309.894801,-61.878907,31.90371,202.41525,31.90371,475.186375,685.025345,1.0,5.025172,0.953362,2.080486,1.0,129.0,571.404075908123,0.8341356711526097,0.011358111461871873
52783.0,-0.030052,0.996765,0.074539,-0.14331,-0.078099,0.986591,0.989221,0.018967,0.145193,296.150676,-32.61011,44.444179,3.596576,3.593999,3.595183,90.010372,89.980907,89.961461,98.021524,0.068488,0.060746,77.683227,0.978873,-238.101721,-115.143483,312.231025,-115.143483,103.644038,77.275889,312.231025,77.275889,561.948309,-86.809517,83.596016,45.522387,83.596016,45.64056,140.070748,45.522387,140.070748,559.856744,495.498382,1.0,3.066183,1.425088,1.551625,1.0,139.0,609.573274505347,1.2302225328060648,0.012600828232843623
52800.0,-0.474104,-0.382581,0.793005,-0.476757,0.868748,0.13409,-0.740222,-0.314499,-0.594275,-229.973456,80.967232,81.793872,3.594898,3.595388,3.596452,89.989914,90.007328,89.984605,93.1105,0.072168,0.058379,82.51606,1.0,379.106126,54.22475,-111.677193,54.22475,71.872327,-198.868551,-111.677193,-198.868551,249.240842,187.86013,52.099466,-96.287654,52.099466,232.995732,-139.728175,-96.287654,-139.728175,145.210385,544.173916,1.0,1.738303,2.20716,4.310628,1.0,146.0,171.50354923891092,0.31516312009139175,0.012118852984497806
51618.0,0.058039,-0.25194,-0.966001,0.753219,0.646118,-0.123258,0.655204,-0.720456,0.227266,-228.713311,246.415767,49.221038,3.594809,3.596768,3.597661,89.973887,89.95643,90.010263,103.14717,0.063052,0.059673,89.39262,0.993056,865.07226,-395.185385,-146.723688,-395.185385,64.356439,-177.140532,-146.723688,-177.140532,466.213913,-206.629786,32.256646,113.346459,32.256646,175.525645,-61.723363,113.346459,-61.723363,331.138742,492.622128,1.0,4.839299,1.341527,2.403592,1.0,141.0,492.9501627378626,1.0006658952556484,0.011108925994114505
51107.0,-0.390593,-0.598131,-0.699769,0.9185,-0.304081,-0.252769,-0.061597,-0.741468,0.668155,102.111112,-388.61346,105.960126,3.594727,3.595815,3.592759,89.982817,89.915751,89.986419,164.112928,0.073624,0.071917,70.315922,0.915493,419.159397,-437.670695,286.510649,-437.670695,-395.985607,542.711056,286.510649,542.711056,-279.937913,53.756779,-48.474202,35.235975,-48.474202,-257.091106,-72.915225,35.235975,-72.915225,262.192437,673.269727,1.0,5.059023,0.83907,3.224477,1.0,130.0,459.93975557202384,0.6831433779466871,0.013019711239795732
52564.0,0.283245,-0.385833,0.878012,0.166849,0.921368,0.35106,-0.944422,0.047059,0.325349,-160.169535,430.894524,-23.897588,3.595947,3.596598,3.595503,89.980171,90.036771,89.974488,53.415965,0.057755,0.047977,205.813973,1.0,-58.250757,-21.040265,267.613717,-21.040265,617.204324,-54.621906,267.613717,-54.621906,505.690494,55.905764,-26.446774,-84.720179,-26.446774,227.489749,-16.771255,-84.720179,-16.771255,392.371634,101.755521,1.0,1.951161,1.239416,4.762176,1.0,142.0,301.7231387821471,2.965177081469094,0.004858756601525786
51948.0,-0.037649,0.947782,-0.31669,-0.549746,0.245003,0.798594,0.834483,0.204165,0.511815,28.27479,239.859179,-12.87801,3.595601,3.594431,3.5969,89.99665,90.012208,89.999093,53.21235,0.049919,0.043141,124.989377,0.993151,-37.202646,-166.619042,-72.810889,-166.619042,553.223537,99.543487,-72.810889,99.543487,238.316477,266.531283,-101.212318,-26.825834,-101.212318,194.63187,-34.848782,-26.825834,-34.848782,268.957212,345.519,1.0,3.519129,1.0335,1.330849,1.0,145.0,120.3467108443203,0.3483070709405859,0.007945883272944067
51119.0,-0.381014,-0.733686,-0.562612,0.924061,-0.322359,-0.205416,-0.030652,-0.598155,0.800794,-292.1204,410.751161,-55.352413,3.588793,3.59516,3.595979,90.004117,90.0856,90.054855,161.015839,0.0847,0.07331,87.637163,1.0,-685.01751,1233.266566,-19.253471,1233.266566,-824.239528,-279.460736,-19.253471,-279.460736,314.747067,-99.435799,232.301188,-39.743793,232.301188,9.879288,-40.679905,-39.743793,-40.679905,407.225856,612.882717,1.0,5.062463,0.642176,3.192792,1.0,148.0,506.13116607412456,0.825820588564785,0.011410684300677328
52846.0,-0.550308,0.765287,-0.333911,-0.505267,0.013155,0.862863,0.664731,0.643555,0.379435,519.66357,-299.436964,-119.44337,3.595822,3.59814,3.595698,90.056926,90.017893,90.026427,149.653052,0.076003,0.068221,77.417079,0.993056,1065.560302,-171.023694,315.756806,-171.023694,403.356047,-271.006368,315.756806,-271.006368,43.641719,-121.296269,-48.127163,44.367245,-48.127163,172.57911,124.109538,44.367245,124.109538,788.494094,514.645872,1.0,3.510825,1.181611,0.801583,1.0,143.0,813.3155264135266,1.5803401341836207,0.012827350409332803
52889.0,-0.688219,0.528189,0.497364,-0.561938,-0.8217,0.095054,0.45889,-0.21407,0.862319,287.049237,423.323016,-2.918572,3.5879,3.595681,3.593293,90.003023,89.878365,90.045727,187.909025,0.078379,0.071569,79.074302,0.808219,-1378.626603,-1332.488902,-151.849168,-1332.488902,-905.342426,158.715513,-151.849168,158.715513,237.889918,-280.28821,-304.599955,-98.393191,-304.599955,354.115126,-39.519286,-98.393191,-39.519286,203.732573,665.178197,1.0,1.759634,0.530964,2.007283,1.0,118.0,638.5118688134667,0.9599110008313557,0.01022100707256322
51831.0,0.14494,0.927213,-0.345354,0.329319,0.283932,0.900517,0.933028,-0.244252,-0.264196,125.078265,-349.079477,-109.774658,3.595663,3.594606,3.593139,89.987219,90.038335,89.968638,95.684506,0.053477,0.052644,94.152731,0.992857,-44.107806,312.351628,332.413508,312.351628,-426.511949,-47.128452,332.413508,-47.128452,244.425931,-39.343313,-83.320888,144.248847,-83.320888,134.063581,29.64113,144.248847,29.64113,293.853185,389.553344,1.0,3.5078,1.838166,1.826835,1.0,139.0,323.7017299545141,0.8309561063722101,0.010545174733168388
51905.0,0.285347,-0.073503,-0.955602,0.895982,0.374459,0.238742,0.340285,-0.924326,0.172708,-106.653097,-227.928605,104.176536,3.592838,3.594871,3.593503,90.005837,89.939478,90.058808,152.697666,0.072891,0.067419,66.846296,0.833333,-630.623215,-475.969505,-34.106067,-475.969505,-567.495454,303.473106,-34.106067,303.473106,360.467364,89.807319,117.129755,-81.953296,117.129755,-279.142508,-118.446681,-81.953296,-118.446681,537.773494,683.677628,1.0,4.467567,1.397218,2.788846,1.0,120.0,726.5835914808542,1.0627575946961574,0.012466405019658832
51468.0,0.22658,0.195065,0.95426,-0.697585,0.716244,0.019224,-0.679733,-0.670033,0.298361,-390.349472,-66.10247,-167.736413,3.595842,3.595245,3.588808,90.016874,89.993664,89.982879,138.569991,0.067607,0.066531,71.616868,0.910959,-1499.423951,-192.955057,-524.470376,-192.955057,65.648354,23.721521,-524.470376,23.721521,230.3288,-245.577113,-26.27764,-126.736741,-26.27764,146.099108,98.055576,-126.736741,98.055576,233.295934,530.562654,1.0,1.590939,1.267822,3.934177,1.0,133.0,463.6185724851427,0.8738243617221176,0.012719894424872084
51164.0,-0.337792,-0.760391,-0.55471,0.93304,-0.348056,-0.091065,-0.123825,-0.548327,0.827046,21.721761,36.320374,124.870385,3.594737,3.596623,3.595023,90.007223,90.017894,89.992523,118.065676,0.065882,0.062848,79.13503,0.965753,248.681168,163.752474,253.839946,163.752474,43.416856,-43.674428,253.839946,-43.674428,309.275644,126.888073,34.09814,197.517051,34.09814,-27.694794,30.525292,197.517051,30.525292,555.822729,649.192704,1.0,4.875104,0.596965,3.363691,1.0,141.0,552.283756140879,0.8507239110020541,0.012203862183409799
51475.0,0.237335,0.958741,-0.156486,-0.781115,0.284114,0.556002,0.577521,-0.009725,0.816318,-384.759171,344.356153,56.134201,3.598201,3.592753,3.594988,89.963982,90.025275,90.001408,103.774745,0.075626,0.060239,102.94516,0.993151,-535.682233,-229.407711,345.123858,-229.407711,860.448864,-262.549936,345.123858,-262.549936,153.906656,193.313891,-123.975837,116.808565,-123.975837,100.888358,-10.73284,116.808565,-10.73284,314.959774,440.755826,1.0,3.415944,0.61579,1.587634,1.0,145.0,237.55097922018962,0.5389627662464287,0.009647379245415715
52241.0,-0.137883,-0.301269,0.943517,-0.466872,0.859914,0.206347,-0.87351,-0.41205,-0.259222,-272.12896,-137.448543,162.225557,3.595137,3.596302,3.59547,89.993244,90.000429,89.982921,124.289922,0.059804,0.061408,80.318932,0.979452,202.21801,-16.636071,49.858102,-16.636071,255.898702,-220.980566,49.858102,-220.980566,289.878919,473.594607,-75.39725,5.879461,-75.39725,93.394111,-107.910436,5.879461,-107.910436,378.563143,699.655357,1.0,1.786106,1.833012,4.271622,1.0,143.0,361.213743143053,0.5162738190012215,0.012194534658404073
51656.0,0.076045,-0.02592,-0.996767,0.957217,0.281813,0.0657,0.279199,-0.959119,0.046241,-107.263898,197.581829,92.866269,3.595444,3.597372,3.593176,89.97087,90.038876,90.048228,158.113552,0.077444,0.081172,73.410967,0.885714,-364.321562,288.94492,412.272617,288.94492,-25.04246,172.229905,412.272617,172.229905,881.837799,43.802707,146.959115,-224.26371,146.959115,-152.939321,-31.419164,-224.26371,-31.419164,709.226645,742.688102,1.0,4.646572,1.524539,2.858321,1.0,124.0,816.7447983397883,1.0997143971208905,0.01206514552519108
51187.0,-0.229108,-0.958235,0.171158,0.728759,-0.052286,0.682772,-0.645307,0.281161,0.710301,-219.151853,-269.624055,30.841241,3.594026,3.598604,3.594162,90.017199,90.052466,90.050488,140.530889,0.062049,0.06513,93.551315,1.0,863.575161,484.942526,-362.640319,484.942526,-589.140372,-163.712774,-362.640319,-163.712774,440.351185,48.944414,55.123297,113.947229,55.123297,-126.602371,-110.928222,113.947229,-110.928222,520.46143,715.267612,1.0,2.895973,0.78087,5.123289,1.0,144.0,597.6319777352376,0.8355361933195398,0.010689320615108404
51925.0,0.24673,-0.232806,-0.940705,0.669968,0.742347,-0.007996,0.700191,-0.628269,0.339132,416.688739,-257.337435,-101.039716,3.596432,3.594018,3.592997,90.046031,89.990253,90.021812,82.611058,0.055523,0.054557,102.510955,1.0,-604.786862,329.622663,12.485014,329.622663,-85.157032,212.750165,12.485014,212.750165,474.585561,13.817112,1.094676,42.842034,1.094676,-1.858828,44.788247,42.842034,44.788247,593.689673,320.360659,1.0,4.720889,1.224802,2.302108,1.0,144.0,590.3134239673583,1.842652670930354,0.009755054959735767
52904.0,0.685124,-0.656665,-0.315272,0.317616,-0.120197,0.940571,-0.655534,-0.744543,0.126217,13.497188,-210.504183,25.828142,3.593437,3.59646,3.59599,90.032398,90.00032,89.951648,71.180748,0.064277,0.051062,114.911385,1.0,-424.916362,-104.54936,305.555469,-104.54936,308.049781,297.087847,305.555469,297.087847,580.137586,400.065834,-10.884243,76.783951,-10.884243,140.971755,22.157778,76.783951,22.157778,473.248468,213.366828,1.0,3.465015,1.444241,3.863502,1.0,142.0,310.363550693575,1.4546007624651711,0.008702357908226413
52577.0,0.389991,-0.303782,0.869266,0.276576,0.93907,0.204092,-0.878301,0.160824,0.450248,403.44431,-264.394084,-97.754107,3.597037,3.592181,3.595366,89.971814,89.99521,90.011489,77.214198,0.0568,0.049154,114.3459,0.992857,85.361536,473.364707,-172.89997,473.364707,-524.822356,-58.746925,-172.89997,-58.746925,540.710779,40.4807,158.594839,-54.01652,158.594839,-95.011493,-25.145094,-54.01652,-25.145094,656.641778,350.719422,1.0,1.801406,1.103753,4.893491,1.0,138.0,709.242138809093,2.0222493945861175,0.008682926104040459
52981.0,-0.421405,-0.299291,0.856062,-0.337162,0.928013,0.158475,-0.841867,-0.221849,-0.491979,-217.576912,-193.394373,-100.728639,3.596256,3.595143,3.596733,89.958106,90.032599,90.011127,94.061327,0.061662,0.055002,90.10998,1.0,484.679148,506.488658,20.560764,506.488658,356.716413,-67.081136,20.560764,-67.081136,246.396785,93.566032,112.709145,210.629101,112.709145,-16.128034,-35.59063,210.629101,-35.59063,497.496692,378.536765,1.0,1.753845,2.085158,4.454726,1.0,146.0,513.0814355976872,1.355433561645425,0.011097549905127046
51578.0,0.020672,-0.138307,-0.990174,0.824617,0.562357,-0.061334,0.565314,-0.815246,0.125675,-242.928129,-9.607129,117.116233,3.595148,3.596628,3.593832,89.976246,89.974051,90.018638,75.486701,0.059881,0.05435,111.54979,1.0,-189.16117,-336.523981,145.091162,-336.523981,54.065452,-87.671398,145.091162,-87.671398,521.011123,154.488399,21.562285,78.910175,21.562285,224.206755,-280.689844,78.910175,-280.689844,387.436707,216.707439,1.0,4.774252,1.444788,2.535291,1.0,150.0,327.09890336095,1.5094032067858547,0.00896460674645824
52582.0,-0.209578,-0.285237,0.935263,-0.366208,0.909785,0.195405,-0.906625,-0.301549,-0.295127,-372.91499,190.827401,-69.252109,3.595423,3.59616,3.591142,89.939687,90.000812,89.934626,129.651835,0.067774,0.066674,103.376751,1.0,-1045.145929,101.429465,431.222996,101.429465,121.629112,-567.189108,431.222996,-567.189108,506.186575,-207.472958,-36.748455,226.213918,-36.748455,238.381457,-52.8647,226.213918,-52.8647,380.938905,700.554938,1.0,1.776764,1.870385,4.391294,1.0,140.0,569.3479160830517,0.8127098749863522,0.009673354891952446
52594.0,0.598313,-0.260115,-0.757866,0.486952,0.869173,0.086117,0.636317,-0.420569,0.646701,175.750571,62.703658,-46.124277,3.595178,3.594757,3.594762,90.008361,89.967776,89.975044,87.049825,0.059664,0.053998,92.859469,0.993056,-304.280022,80.022767,-84.824534,80.022767,229.617359,177.723944,-84.824534,177.723944,207.192134,-51.69894,96.056896,93.604736,96.056896,141.952632,168.822585,93.604736,168.822585,284.206256,523.823585,1.0,4.599244,0.867545,2.154826,1.0,143.0,346.62954590910385,0.6617295513891454,0.010694181333300539
52321.0,0.256192,-0.28737,0.922922,0.233226,0.944955,0.229489,-0.938068,0.156456,0.309112,442.751682,480.345404,-39.863466,3.597473,3.594279,3.590851,90.050982,90.026237,90.013346,111.458977,0.069566,0.059785,98.849116,1.0,-737.411425,-590.656612,-366.170935,-590.656612,-399.356108,-275.920141,-366.170935,-275.920141,686.503713,-235.299941,-117.441807,46.428469,-117.441807,194.434649,-7.994471,46.428469,-7.994471,740.394065,321.162143,1.0,1.814509,1.256537,4.877653,1.0,144.0,854.031742268218,2.6591918159800607,0.010116428355312759
51524.0,0.067788,0.956932,-0.282286,0.219871,0.261652,0.939784,0.973171,-0.125773,-0.192665,-342.364692,-314.821164,-140.018255,3.594788,3.597344,3.595965,89.93655,90.000005,90.000203,82.733039,0.064094,0.059019,120.204964,1.0,390.461417,548.004957,-151.798699,548.004957,623.51105,-176.512536,-151.798699,-176.512536,64.182859,66.882421,62.092033,-76.669484,62.092033,278.490473,64.313987,-76.669484,64.313987,301.685993,231.694656,1.0,3.433392,1.764674,1.699324,1.0,148.0,246.22509634211494,1.0627137483141387,0.008319123992250436
52784.0,0.709262,-0.264909,-0.653276,0.414121,0.90652,0.08201,0.570483,-0.328702,0.752665,-159.070931,-455.812052,-139.184104,3.598285,3.593835,3.595372,90.021954,89.971492,89.937078,144.073413,0.090983,0.080507,71.822789,0.971831,49.461318,698.360941,116.320377,698.360941,364.444942,491.911765,116.320377,491.911765,495.567619,107.313484,85.208924,129.3789,85.208924,-132.306296,113.679406,129.3789,113.679406,341.054192,538.899813,1.0,4.587506,0.718696,2.093518,1.0,138.0,442.43994559014936,0.8210059363857106,0.013530956031239612
52153.0,-0.245035,0.961622,-0.123452,-0.816299,-0.135932,0.561407,0.523081,0.238339,0.81828,-30.90167,-75.473179,100.312564,3.594668,3.595512,3.595475,89.973275,89.963447,90.017379,122.946993,0.064459,0.064332,71.594129,0.966216,235.713734,185.922747,55.749082,185.922747,-306.791162,21.940505,55.749082,21.940505,469.794296,129.692036,74.591275,165.959938,74.591275,-273.218746,54.646035,165.959938,54.646035,427.295397,672.73988,1.0,3.358046,0.612385,1.143259,1.0,143.0,630.7789018252903,0.9376267418921119,0.013495743484776524
52363.0,-0.298418,0.931821,-0.206532,-0.628286,-0.028894,0.777446,0.718473,0.361765,0.594072,-19.405969,-56.654608,-13.813861,3.596102,3.594641,3.595533,90.005623,90.012768,89.989219,49.025152,0.053295,0.047481,165.804433,1.0,-27.997551,-42.356273,-51.969836,-42.356273,397.422719,-125.834704,-51.969836,-125.834704,202.541342,73.427825,-80.39515,-27.037961,-80.39515,211.927604,20.28852,-27.037961,20.28852,353.281738,443.853225,1.0,3.40125,0.934684,1.104338,1.0,144.0,253.86066639682093,0.571947328752249,0.006031201831618097
51241.0,0.020305,-0.260033,0.965386,0.210418,0.94507,0.250135,-0.977401,0.198056,0.073905,255.110842,443.684679,-96.672694,3.594406,3.592592,3.59161,90.093444,90.048103,90.09805,200.556266,0.080866,0.080756,71.372159,0.875,-450.20807,-810.952685,4.806431,-810.952685,-1363.686545,645.306949,4.806431,645.306949,249.583927,-109.666446,-47.39899,256.855066,-47.39899,-69.946673,29.479725,256.855066,29.479725,180.441647,734.750572,1.0,1.824324,1.496824,4.912317,1.0,126.0,355.01411368925227,0.4831763692580729,0.012259682378390712
51252.0,-0.203483,0.230819,-0.951482,0.791063,0.611378,-0.020862,0.5769,-0.756928,-0.306997,-192.001336,-160.728988,-91.672912,3.595094,3.596538,3.59528,90.034168,90.01905,90.015124,99.465107,0.07338,0.061654,88.047524,0.965278,245.736909,349.413322,-205.781186,349.413322,133.769223,-59.316774,-205.781186,-59.316774,368.877085,58.534479,154.83285,62.349785,154.83285,12.678511,-26.155355,62.349785,-26.155355,477.37834,507.926354,1.0,4.734312,1.882833,2.490355,1.0,139.0,467.0632159338823,0.9195490886733597,0.01096314758379804
52943.0,0.492144,-0.264689,0.829297,0.176224,0.963221,0.202855,-0.85249,0.046308,0.520688,268.698988,204.068666,67.575712,3.59656,3.593175,3.597832,90.024728,89.961224,90.048234,147.988143,0.069107,0.074173,90.116334,0.942029,1164.345005,42.253792,-71.151569,42.253792,-555.958259,200.011466,-71.151569,200.011466,322.173772,-32.765114,27.890767,140.072265,27.890767,54.688025,23.761895,140.072265,23.761895,541.69316,776.847559,1.0,1.810696,1.02314,4.766657,1.0,128.0,550.5762910553292,0.7087314424519279,0.010453476724874317
51263.0,0.049136,0.97041,-0.236412,0.144229,0.227323,0.96308,0.988324,-0.081419,-0.128791,-320.555585,-175.646081,-130.002658,3.595969,3.598463,3.593792,90.000893,89.995993,90.002339,91.565657,0.058632,0.053739,97.105029,1.0,962.236385,281.468006,-100.33639,281.468006,-179.101357,91.415367,-100.33639,91.415367,330.563512,290.954419,114.07379,90.354397,114.07379,96.177676,119.071578,90.354397,119.071578,252.373028,485.26911,1.0,3.382308,1.699946,1.652992,1.0,144.0,241.71850601060578,0.4981122866250559,0.010298127813751026
51565.0,0.172747,0.891423,0.418956,-0.738922,-0.163959,0.653537,0.65127,-0.422472,0.630369,450.374298,-42.68059,76.09239,3.595568,3.594745,3.594446,90.034805,89.986852,89.996426,124.875506,0.075194,0.068315,68.527459,0.963768,-207.145014,-252.120222,-53.376515,-252.120222,52.70151,-27.414065,-53.376515,-27.414065,304.227466,-516.113532,-106.19478,272.0367,-106.19478,-213.994089,-83.028306,272.0367,-83.028306,687.444101,546.061847,1.0,2.571528,0.888768,2.14625,1.0,133.0,1115.9481259777986,2.0436295487565874,0.014063968138669785
53052.0,0.608315,-0.255964,0.751289,0.183381,0.966286,0.18073,-0.77222,0.027832,0.634745,166.112357,367.227796,135.076686,3.597169,3.592802,3.590115,90.042306,89.972518,90.038172,192.343395,0.098942,0.08733,63.12978,0.828767,-46.646657,-337.521655,-992.754188,-337.521655,-753.948051,-244.556678,-992.754188,-244.556678,-350.104408,-1355.054165,66.34915,-115.846884,66.34915,286.095712,159.07563,-115.846884,159.07563,347.312901,678.682697,1.0,1.806871,0.883118,4.748415,1.0,121.0,1682.2404316646919,2.478684721300169,0.013127988090565182
51275.0,-0.063,-0.399502,-0.914565,0.456771,0.803232,-0.382334,0.887351,-0.441833,0.131878,-307.924556,154.753483,-132.858602,3.594849,3.596346,3.593298,89.985459,89.994638,89.949286,175.816545,0.075269,0.08094,85.071376,0.873239,-143.708417,-479.900021,-12.765599,-479.900021,466.161433,121.760025,-12.765599,121.760025,-247.177766,-49.724473,-14.520916,184.211216,-14.520916,40.659198,8.982521,184.211216,8.982521,26.906959,856.517864,1.0,5.108359,1.438533,2.032782,1.0,124.0,181.06446449967717,0.21139601648714376,0.010264780482685504
51278.0,-0.225228,-0.95607,0.187621,0.911003,-0.138372,0.388493,-0.345465,0.258423,0.902148,-40.003738,-105.189209,176.258422,3.59466,3.596114,3.595053,90.000138,90.036088,89.985043,138.216005,0.070776,0.066566,65.837302,0.922535,434.448669,-73.871605,39.449808,-73.871605,-254.015691,-155.61338,39.449808,-155.61338,266.061052,129.488487,-52.88887,80.266819,-52.88887,-18.936696,-83.194289,80.266819,-83.194289,235.287575,835.180797,1.0,2.691681,0.446073,5.354637,1.0,131.0,247.07831625053973,0.29583811928872655,0.014012345159587495
51537.0,0.204612,0.911216,0.357519,-0.869011,0.001001,0.494793,0.450505,-0.411928,0.792061,463.713977,374.528591,-94.140447,3.595644,3.59347,3.592232,90.116247,89.950008,90.001005,179.862436,0.086682,0.083256,83.934003,0.883562,-973.642599,-711.11787,-485.145429,-711.11787,-357.493159,-371.614212,-485.145429,-371.614212,528.986248,321.164435,-181.691804,-114.964162,-181.691804,-118.525901,42.322908,-114.964162,42.322908,548.832547,691.569193,1.0,2.515884,0.656619,2.311494,1.0,129.0,617.4777352263302,0.892864721963302,0.01052686597111304
51289.0,-0.203959,0.010619,-0.978922,0.877832,0.444635,-0.178073,0.433372,-0.895649,-0.100009,331.755628,59.943739,65.626192,3.596031,3.595699,3.592682,90.02488,90.020925,90.038138,99.97222,0.054549,0.057203,95.200035,1.0,-600.722626,109.575299,-269.086156,109.575299,142.600644,222.92134,-269.086156,222.92134,511.021383,-95.481698,-39.771363,71.699716,-39.771363,181.427312,106.139161,71.699716,106.139161,362.551065,723.421441,1.0,4.892329,1.670972,2.690937,1.0,142.0,416.08930762043906,0.5751686140865143,0.010504197818834835
52269.0,0.480346,-0.357606,-0.800865,0.666198,0.742672,0.067954,0.57048,-0.566177,0.594976,148.089195,312.615893,36.028081,3.591652,3.593971,3.594188,89.981446,89.927462,90.063683,166.101781,0.067358,0.0759,65.590972,0.830986,-527.391871,-693.07174,-10.888591,-693.07174,-976.698044,71.37079,-10.888591,71.37079,276.143227,49.960277,-121.544456,-125.0578,-121.544456,-141.906821,65.16265,-125.0578,65.16265,252.536308,614.238495,1.0,4.627741,0.93356,2.352409,1.0,118.0,377.7720425509694,0.6150250198027224,0.012669213074018786
51570.0,0.181935,0.228789,0.956324,-0.837736,0.545309,0.028916,-0.514876,-0.806408,0.290876,107.823327,-338.154141,155.585297,3.595799,3.597157,3.595835,89.991351,90.006782,90.032613,102.799063,0.060535,0.05362,89.892485,1.0,312.24821,160.720493,-18.795478,160.720493,672.2177,-252.852968,-18.795478,-252.852968,286.906585,297.807464,99.49612,29.77623,99.49612,352.758963,-22.808543,29.77623,-22.808543,282.575397,574.483167,1.0,1.601024,1.275654,3.709828,1.0,148.0,112.10912796621662,0.19514780311433672,0.011124400443485349
52310.0,0.238971,0.944354,-0.226027,0.210168,0.176951,0.961518,0.948009,-0.277279,-0.156187,273.941528,509.595765,-162.31793,3.596464,3.594693,3.594683,89.968029,90.057321,90.049112,133.860249,0.062507,0.06538,90.854466,0.992857,-243.714905,73.086894,-141.617401,73.086894,-133.224133,-470.320328,-141.617401,-470.320328,826.536193,-422.075521,-49.696146,-99.21878,-49.696146,242.873108,71.225179,-99.21878,71.225179,760.536084,576.652625,1.0,3.372474,1.727625,1.855345,1.0,138.0,1033.1462851997576,1.7916267791198517,0.01092799334707443
51564.0,0.177761,0.979489,-0.094879,-0.78016,0.199034,0.593073,0.599792,-0.031405,0.799539,-25.328247,105.956061,-17.958145,3.596372,3.594341,3.594702,90.010633,89.977645,90.013217,107.258112,0.062133,0.058117,89.575209,0.993243,-121.829451,-17.080098,-70.810594,-17.080098,101.537786,-298.673711,-70.810594,-298.673711,352.703702,137.167312,-41.476196,-83.77283,-41.476196,53.900433,-167.985131,-83.77283,-167.985131,458.905456,559.968118,1.0,3.300227,0.644269,1.623108,1.0,147.0,406.1487561688978,0.7253069292936027,0.011088369327723254
52451.0,0.468141,-0.862779,-0.190933,0.454816,0.050006,0.889181,-0.757619,-0.503102,0.415816,106.805845,458.967721,66.883024,3.595699,3.5962,3.594541,90.015729,90.012418,90.010443,100.892888,0.073071,0.068663,78.387502,1.0,406.621866,153.285998,47.216467,153.285998,-91.56775,12.780782,47.216467,12.780782,302.655399,296.170568,-27.993288,-75.31138,-27.993288,196.358413,-41.082439,-75.31138,-41.082439,478.346159,510.230387,1.0,3.35311,1.141957,4.126196,1.0,142.0,259.69433332595065,0.5089746513391227,0.012757135697473814
52384.0,-0.366498,-0.119777,0.922677,-0.709467,0.677553,-0.193852,-0.601944,-0.725655,-0.3333,276.870668,-341.186512,10.202066,3.595078,3.59426,3.597385,90.021664,89.941076,89.984354,149.233706,0.078288,0.074904,93.203217,0.811594,342.981598,-541.407992,-274.782438,-541.407992,73.024491,365.573675,-274.782438,365.573675,279.624499,-202.441619,-94.029149,75.435516,-94.029149,-164.194464,-158.164338,75.435516,-158.164338,398.14498,601.485146,1.0,1.363711,1.910598,3.834075,1.0,112.0,607.3362708040961,1.0097277960112687,0.008707789560525578
51636.0,0.124868,0.969293,0.211845,-0.691381,-0.068135,0.71927,0.711618,-0.236279,0.661643,251.404855,230.384215,77.271003,3.595526,3.596244,3.594284,90.015579,89.980124,90.004005,49.786272,0.049435,0.04409,138.353951,1.0,335.559874,-144.81769,-157.143107,-144.81769,-121.751452,-126.471475,-157.143107,-126.471475,296.101538,233.806683,-1.919741,-3.60628,-1.919741,228.916201,65.124881,-3.60628,65.124881,349.597678,152.060318,1.0,2.855164,0.847788,1.891374,1.0,142.0,131.115219191935,0.8622579573451571,0.007227838401232214
53037.0,0.71559,-0.205044,-0.667749,0.239766,0.969969,-0.040902,0.656082,-0.130835,0.743262,-122.638009,287.899779,-37.224036,3.597229,3.594974,3.594985,89.987055,90.018729,90.066599,93.383565,0.079764,0.064707,91.11328,1.0,745.219298,-308.692311,402.620832,-308.692311,-175.286842,-196.061189,402.620832,-196.061189,254.867064,-6.798847,56.954938,42.113249,56.954938,245.859303,-71.379557,42.113249,-71.379557,344.564807,428.866951,1.0,4.773565,0.732863,1.767633,1.0,144.0,325.7330060231096,0.7595199519654982,0.01097534848926523
51554.0,0.206612,0.410846,0.887985,-0.978054,0.111652,0.17591,-0.026873,-0.904842,0.424898,-320.704025,235.410086,137.741271,3.59564,3.594567,3.595562,90.011851,90.000604,90.023188,79.127484,0.057883,0.056633,102.500764,1.0,71.189036,46.288882,207.637022,46.288882,287.769066,-136.195611,207.637022,-136.195611,71.796913,24.593804,8.223747,72.004278,8.223747,169.5964,-61.69495,72.004278,-61.69495,349.056151,441.755302,1.0,1.766365,1.131947,3.171283,1.0,140.0,293.3386601500519,0.6640297441185028,0.009756024842897755
52297.0,-0.125779,0.977217,-0.170956,-0.410219,0.10567,0.905844,0.903272,0.184065,0.387582,406.4449,-137.05127,-78.262555,3.59519,3.59242,3.594822,89.943868,89.971698,89.997944,116.014134,0.072263,0.063222,79.898569,0.952703,-771.474867,342.554778,3.137359,342.554778,-58.86436,213.98692,3.137359,213.98692,332.206663,-327.220249,-21.793697,-45.965438,-21.793697,-168.431068,138.064278,-45.965438,138.064278,477.477638,589.514386,1.0,3.328124,1.172789,1.369772,1.0,141.0,749.1411906977854,1.2707767757473953,0.011923905670951378
51586.0,0.180391,0.822436,0.539499,-0.947866,-0.001136,0.318667,0.262695,-0.568857,0.779354,365.442082,504.900068,82.301025,3.596101,3.595174,3.596537,90.01873,90.036208,90.038056,104.466732,0.056828,0.054143,79.352861,0.939189,-65.810121,381.038687,-9.890911,381.038687,580.848208,87.79311,-9.890911,87.79311,483.590501,-318.302381,-66.699705,19.539464,-66.699705,209.988809,138.156901,19.539464,138.156901,646.100619,470.557506,1.0,2.104329,0.677162,2.708973,1.0,139.0,847.1231299385348,1.8002542072690577,0.01183560350772986
52095.0,-0.26145,0.964567,0.035415,-0.937764,-0.262531,0.227324,0.228567,0.026223,0.973175,-394.052117,-233.850784,151.124335,3.591213,3.596982,3.596921,90.051744,89.941912,89.989351,170.532068,0.090724,0.087067,65.206598,0.859155,426.28515,-613.448566,-434.022929,-613.448566,-905.102179,9.38298,-434.022929,9.38298,727.151449,-181.464844,63.445944,100.632503,63.445944,2.807759,-76.648381,100.632503,-76.648381,484.044238,588.426915,1.0,2.987044,0.232146,1.456568,1.0,122.0,607.6545784124488,1.0326763832895862,0.013175890574754413
51613.0,0.156218,0.152077,0.975945,-0.968414,0.217997,0.121043,-0.194346,-0.964028,0.181329,476.427223,-82.099843,5.340095,3.59507,3.596422,3.593036,90.003723,89.988757,89.966085,95.177817,0.066684,0.06252,85.556064,0.992857,-403.993836,-186.239804,-194.711985,-186.239804,-48.476819,155.28238,-194.711985,155.28238,538.04395,-481.000673,-104.363224,-128.332102,-104.363224,-54.210375,133.860401,-128.332102,133.860401,631.367504,543.438452,1.0,1.694193,1.388459,3.340524,1.0,139.0,989.3050779886635,1.8204546887467277,0.011604753112532151
52211.0,0.163676,0.975666,-0.145897,0.113034,0.128369,0.985264,0.980017,-0.177755,-0.089272,468.83243,-406.786785,-108.861707,3.596624,3.592258,3.593694,89.964784,90.01267,90.003176,95.297941,0.054751,0.051843,92.490635,1.0,-740.464766,234.853401,173.046989,234.853401,-234.870484,-66.524138,173.046989,-66.524138,518.001805,-241.64603,-6.305524,71.41781,-6.305524,-32.620164,178.930503,71.41781,178.930503,532.662022,445.6741,1.0,3.288603,1.660188,1.750225,1.0,144.0,713.6257086319616,1.6012276877475304,0.010811905443183518
51939.0,-0.076351,-0.258424,0.96301,-0.742767,0.659074,0.117974,-0.665182,-0.706285,-0.24227,-340.202518,-423.54732,42.504508,3.592517,3.592531,3.600652,90.033993,90.032584,89.904854,216.669042,0.125416,0.116674,73.274019,0.802817,1702.742258,400.577389,19.813116,400.577389,-1394.697652,47.456827,19.813116,47.456827,102.10742,-126.747991,293.145827,190.363528,293.145827,42.218375,171.110512,190.363528,171.110512,317.289194,989.541814,1.0,1.692694,1.815501,3.89703,1.0,114.0,514.0816783171888,0.5195148613671304,0.010956366403213123
52767.0,0.637344,-0.111118,-0.762526,0.381991,0.904965,0.187406,0.669235,-0.41072,0.61922,65.090127,412.474665,-76.509829,3.594076,3.594573,3.595365,90.007107,89.993114,90.073172,108.25474,0.084822,0.070327,143.973723,1.0,46.622906,-372.705898,29.150088,-372.705898,-512.861311,-304.71476,29.150088,-304.71476,407.994066,102.407625,-3.495701,15.0664,-3.495701,272.255814,7.665744,15.0664,7.665744,331.024447,370.742947,1.0,4.471395,0.903047,2.12124,1.0,146.0,206.17320483142385,0.5561082321315848,0.006945711892162433
52474.0,0.402437,-0.908226,-0.114759,0.346704,0.035191,0.937314,-0.847255,-0.416997,0.329048,391.14185,409.59828,128.410078,3.596921,3.5985,3.59594,90.05687,89.978598,90.025814,81.310447,0.064003,0.054144,112.36323,0.993243,1008.777279,571.02828,208.590713,571.02828,450.745222,10.068284,208.590713,10.068284,526.35545,242.246459,6.420857,-46.764737,6.420857,188.310945,-114.085479,-46.764737,-114.085479,518.748252,267.34814,1.0,3.26342,1.235501,4.255021,1.0,147.0,325.1281223494831,1.2161226270341101,0.008839573230495421
52463.0,-0.139956,-0.109082,0.984131,-0.334235,0.94078,0.056744,-0.932041,-0.320989,-0.168127,-274.601789,-16.851558,-155.169603,3.594989,3.595775,3.593954,90.007653,89.973387,89.985445,67.92549,0.061048,0.051514,93.289277,1.0,-252.634887,-190.298829,-113.80988,-190.298829,166.064547,-148.573091,-113.80988,-148.573091,225.144651,-247.619836,-56.724514,153.967358,-56.724514,223.769719,12.362316,153.967358,12.362316,335.651019,480.87415,1.0,1.628392,1.739725,4.380717,1.0,144.0,554.7725187667461,1.1536750702169083,0.010719345589954568
51674.0,0.104711,0.21766,0.970392,-0.993628,0.063822,0.092903,-0.041711,-0.973936,0.222956,-352.897045,-437.042289,-130.473729,3.593018,3.596374,3.593055,89.958483,89.931866,90.022341,143.781176,0.069298,0.06737,76.312874,0.93662,-160.073096,-482.552108,-509.103792,-482.552108,-556.5403,-407.914162,-509.103792,-407.914162,222.564281,-50.975784,-151.515658,-144.194993,-151.515658,-164.896272,-96.084225,-144.194993,-96.084225,431.273975,787.61298,1.0,1.666243,1.345951,3.184394,1.0,133.0,583.2811176562711,0.7405681882696641,0.012273420602662666
51502.0,-0.014606,-0.036118,-0.999241,0.751301,0.659042,-0.034803,0.659799,-0.751238,0.01751,330.740241,335.730258,59.961822,3.592341,3.594911,3.59599,89.986434,89.955207,90.102024,160.19322,0.066347,0.068937,73.772803,0.90411,366.127159,-319.859344,-155.744381,-319.859344,-1263.715181,-239.543909,-155.744381,-239.543909,623.611238,-239.954251,-68.092072,-85.507362,-68.092072,51.611656,-33.021006,-85.507362,-33.021006,729.578946,715.90809,1.0,4.747205,1.553286,2.420907,1.0,132.0,867.2377366137193,1.2113813892139693,0.012255329379310693
53048.0,-0.405648,0.909734,-0.088511,-0.30253,-0.042254,0.952203,0.862511,0.413037,0.292362,-134.9244,202.113116,-6.740875,3.597495,3.595488,3.592205,89.947478,90.050738,90.000667,145.22191,0.071456,0.075083,65.713267,0.838028,190.717571,704.990337,16.409222,704.990337,-350.512092,-549.031039,16.409222,-549.031039,428.473764,134.604523,214.115068,27.736087,214.115068,-139.042207,-254.397127,27.736087,-254.397127,460.891632,751.065427,1.0,3.234281,1.274101,1.124189,1.0,119.0,595.0903705133381,0.7923282701086681,0.012752797696087762
51736.0,0.048998,0.955957,0.289388,-0.755529,-0.154032,0.63675,0.65328,-0.24984,0.714706,158.037948,-212.316068,145.25889,3.593744,3.594934,3.595148,89.983466,90.018895,90.005836,129.131368,0.059167,0.06043,77.663433,0.949275,128.523415,172.660396,21.795959,172.660396,7.529438,167.662056,21.795959,167.662056,-245.812969,-11.483038,-15.332102,114.502752,-15.332102,5.038385,78.191331,114.502752,78.191331,172.689444,596.747751,1.0,2.715022,0.774593,1.936074,1.0,131.0,213.87974991113808,0.3584089752374083,0.01222293379691315
52217.0,0.433464,-0.225246,-0.872567,0.64219,0.756493,0.123738,0.632219,-0.613989,0.472563,230.582648,35.018731,-97.325533,3.594497,3.594231,3.595904,89.99216,89.933121,89.973379,180.475117,0.087724,0.08979,68.774796,0.802817,-233.508092,-330.099104,-439.723886,-330.099104,226.849103,318.427316,-439.723886,318.427316,120.266564,440.948839,-322.479637,-229.361418,-322.479637,170.272186,135.384807,-229.361418,135.384807,41.083836,897.939669,1.0,4.57152,1.0786,2.341567,1.0,114.0,506.08335990663113,0.563605081029816,0.011673128045338006
51858.0,-9.5e-05,0.027256,0.999628,-0.60228,0.797987,-0.021816,-0.798285,-0.602059,0.01634,-43.612054,-182.836256,52.517007,3.595522,3.596384,3.593774,90.003923,89.979258,89.973873,83.18483,0.068216,0.055124,98.828655,1.0,-270.057005,-124.236804,-140.702269,-124.236804,156.698558,-177.338399,-140.702269,-177.338399,519.357474,-150.412324,-133.229351,103.658791,-133.229351,156.950829,-11.065973,103.658791,-11.065973,494.560915,510.721503,1.0,1.548976,1.554456,4.066212,1.0,152.0,577.6545888478812,1.131055938421847,0.010118522811020752
51983.0,0.248137,-0.968078,-0.035408,0.525152,0.103712,0.844665,-0.814029,-0.228188,0.534122,380.526002,475.248192,77.59831,3.595798,3.593336,3.595682,89.994024,90.014237,90.034755,185.70019,0.096409,0.100402,70.792988,0.808219,-196.081831,149.582384,-419.132801,149.582384,129.733466,107.10673,-419.132801,107.10673,232.024259,16.152078,151.344808,-107.525541,151.344808,173.793817,-147.857854,-107.525541,-147.857854,299.860189,1262.629726,1.0,3.183488,1.007327,4.439085,1.0,118.0,320.7236716158102,0.25401245116560023,0.011416653299052726
52164.0,0.333727,-0.032304,-0.942116,0.509902,0.846771,0.151589,0.79286,-0.530976,0.299062,247.672946,-205.589192,72.242788,3.596086,3.592743,3.590973,90.097323,90.007835,90.032644,163.669,0.066299,0.064913,64.349521,0.880282,-891.570613,863.456442,70.444801,863.456442,-800.703534,74.722427,70.444801,74.722427,461.812262,-167.851733,98.830649,-301.895824,98.830649,-198.378219,97.36553,-301.895824,97.36553,320.31666,652.681852,1.0,4.552854,1.267087,2.160894,1.0,125.0,580.4599779555895,0.8893459748833179,0.013679697786717016
51518.0,0.117916,-0.951429,0.284393,-0.149372,0.266138,0.952291,-0.981725,-0.154771,-0.110734,139.202686,463.898139,-154.892753,3.594891,3.593327,3.593876,90.065786,90.109882,90.040326,179.500944,0.078387,0.077075,75.454119,0.929577,-49.72726,382.190935,-133.260978,382.190935,-234.927369,1113.620966,-133.260978,1113.620966,-309.315453,-212.838807,-137.775022,209.911263,-137.775022,-27.352079,163.1036,209.911263,163.1036,400.524049,741.238076,1.0,2.851383,1.681758,4.556024,1.0,132.0,603.3939506360537,0.8140352879498511,0.0123197648096587
51525.0,0.006552,0.193305,-0.981117,0.69401,0.705492,0.143634,0.719936,-0.681846,-0.129534,154.737692,-254.979954,10.692264,3.596462,3.59647,3.592455,89.992704,90.022371,89.966004,71.53639,0.068136,0.056883,121.304622,1.0,-614.715994,289.07535,77.158602,289.07535,721.781389,15.143819,77.158602,15.143819,217.601986,-0.081306,5.146496,-22.231913,5.146496,201.783791,34.285187,-22.231913,34.285187,214.99628,185.850854,1.0,4.567023,1.700695,2.329028,1.0,140.0,211.8098001610121,1.1396762274819145,0.008243708966011204
52393.0,-0.132374,0.990825,-0.027248,-0.35964,-0.022395,0.932822,0.923654,0.133281,0.359305,139.603233,51.900039,-34.512219,3.595873,3.593195,3.595553,90.014887,89.993595,89.996005,44.814867,0.065501,0.053199,124.321522,1.0,-418.005424,-119.984586,-116.036329,-119.984586,205.740074,-4.226047,-116.036329,-4.226047,323.789681,55.11347,-63.857606,-19.187331,-63.857606,188.364859,60.166226,-19.187331,60.166226,328.043017,219.215584,1.0,3.170794,1.203273,1.427488,1.0,140.0,248.8527089639415,1.1351962502991644,0.008043659568453482
52977.0,0.275855,-0.021511,-0.960959,0.041448,0.999086,-0.010466,0.960305,-0.036943,0.276494,-359.894461,-356.495254,-22.877198,3.596579,3.593752,3.594845,89.99403,90.031987,90.003805,123.956316,0.058919,0.056412,76.812515,0.971429,216.445213,-35.13256,366.440872,-35.13256,-277.16147,12.636354,366.440872,12.636354,326.382925,-311.961155,127.608297,75.30926,127.608297,223.577253,65.812609,75.30926,65.812609,421.523683,538.470794,1.0,4.72328,1.290652,1.609247,1.0,136.0,672.0915769377592,1.2481486172075644,0.012646754243107388
52150.0,-0.118073,0.000374,0.993005,-0.520113,0.851832,-0.062165,-0.845897,-0.523815,-0.100384,-20.679675,-337.541605,57.132455,3.596473,3.591545,3.592889,90.010913,90.053912,89.994519,135.511968,0.077787,0.066105,75.599694,0.980263,-390.847801,215.447011,541.863216,215.447011,-579.197015,539.579964,541.863216,539.579964,48.075295,-255.694369,66.084198,183.527842,66.084198,-341.446579,33.890733,183.527842,33.890733,283.323242,614.446701,1.0,1.508275,1.671349,4.157941,1.0,149.0,611.1579228877915,0.994647577882905,0.012966494282371037
52689.0,-0.313944,-0.002893,0.949437,-0.412901,0.900896,-0.133786,-0.854957,-0.434025,-0.284026,491.039242,-340.348164,-13.239682,3.595933,3.593742,3.595538,89.948099,90.003053,89.980338,71.418165,0.0618,0.051144,105.892333,1.0,246.616867,363.970995,-114.343772,363.970995,-404.824521,37.008323,-114.343772,37.008323,434.148002,159.648023,59.290768,-4.600021,59.290768,-52.211328,60.573984,-4.600021,60.573984,446.070623,338.778642,1.0,1.430807,1.858786,4.242634,1.0,148.0,439.32666515962893,1.296795637901013,0.00944355433173807
52892.0,0.517953,-0.855399,-0.004244,0.216317,0.126178,0.968135,-0.827606,-0.502366,0.250391,-304.046071,108.896967,-152.605143,3.59555,3.600257,3.594074,89.964329,89.955013,90.038369,122.130818,0.071297,0.064799,106.297648,1.0,1480.628776,-161.372705,399.394143,-161.372705,83.650992,-546.137857,399.394143,-546.137857,9.747173,33.71826,-2.866533,90.39228,-2.866533,104.197984,-44.974453,90.39228,-44.974453,194.071273,364.926221,1.0,3.145977,1.317712,4.16683,1.0,146.0,164.40835201640974,0.4505249076536206,0.009407545875333009
51807.0,-0.017299,0.879762,0.4751,-0.916048,-0.204373,0.345091,0.400696,-0.429245,0.809439,-15.210351,-162.41451,-113.187684,3.593666,3.59683,3.596431,89.957746,89.967736,90.043201,114.243856,0.065638,0.057206,77.036543,0.993151,871.258933,222.466569,64.915809,222.466569,-541.906776,-110.648217,64.915809,-110.648217,423.254232,231.476921,130.751054,290.366783,130.751054,-35.214271,55.938928,290.366783,55.938928,494.420395,593.851535,1.0,2.198992,0.6276,2.39058,1.0,145.0,537.3933138423871,0.9049287274173453,0.012891946618113433
52054.0,-0.062689,0.249718,0.966287,-0.474676,0.844215,-0.248966,-0.877925,-0.474281,0.065612,-345.805911,-259.060288,-94.512914,3.593757,3.593056,3.591659,90.077228,89.949609,89.916828,177.048201,0.066124,0.070325,73.427682,0.866197,-1231.663323,-727.903717,-228.560116,-727.903717,-644.613552,-321.815889,-228.560116,-321.815889,274.801805,-309.838633,11.68017,144.952717,11.68017,140.434439,-42.99569,144.952717,-42.99569,428.360137,590.907444,1.0,1.318629,1.505137,4.217078,1.0,123.0,657.6773486329934,1.1129955381523224,0.011796600088778506
51844.0,-0.039164,0.472401,0.880513,-0.908267,0.350515,-0.228452,-0.416554,-0.808688,0.415339,342.251958,-217.414488,-41.150166,3.597098,3.595777,3.596357,89.995073,89.945608,89.961986,99.183172,0.062976,0.05587,94.776707,1.0,404.83509,-533.355681,-193.904432,-533.355681,578.378607,199.060322,-193.904432,199.060322,410.26719,25.162713,-21.724048,-22.367837,-21.724048,-6.111691,-2.536497,-22.367837,-2.536497,429.406916,327.513767,1.0,1.31694,1.142481,3.617246,1.0,144.0,421.62539852561935,1.2873516810840486,0.010551115687106538
52595.0,0.455347,0.046586,-0.889094,0.336389,0.915604,0.220255,0.824319,-0.399374,0.401247,302.18838,-175.405856,-65.316279,3.596298,3.592833,3.595631,90.084898,90.030544,90.005246,143.590544,0.089737,0.08549,83.124012,0.819444,560.012409,623.377328,-39.330157,623.377328,-751.123956,16.468829,-39.330157,16.468829,340.967327,504.423727,-24.117225,189.219728,-24.117225,-126.293089,64.884474,189.219728,64.884474,350.596985,513.685896,1.0,4.469548,1.157919,2.021959,1.0,118.0,595.728177392074,1.1597129335863137,0.009858090102773191
51633.0,0.069567,-0.990513,0.118512,0.594469,0.136565,0.792437,-0.801104,0.015324,0.598329,-100.283851,303.368416,-48.995032,3.595577,3.593443,3.596101,90.010535,90.002105,90.011283,84.043506,0.06282,0.05736,92.344597,0.993333,-312.797211,219.400927,-3.633514,219.400927,260.097807,74.210896,-3.633514,74.210896,303.253031,-166.145047,42.193393,50.285756,42.193393,320.342333,68.291387,50.285756,68.291387,363.996623,518.892775,1.0,2.993139,0.929382,4.731515,1.0,149.0,516.2774632000941,0.9949598222871653,0.010756806919629528
52388.0,0.359006,0.062359,-0.93125,0.350516,0.915722,0.196447,0.865016,-0.396943,0.306892,254.524563,-279.213339,112.341134,3.596292,3.589612,3.591915,90.098697,90.014454,89.973717,206.830005,0.065907,0.077551,106.690767,0.993151,-436.957148,952.115948,127.084807,952.115948,-1354.473562,542.647552,127.084807,542.647552,9.105675,-67.273993,31.423662,93.879264,31.423662,-352.216301,176.359412,93.879264,176.359412,426.123435,1011.762076,1.0,4.504487,1.258871,2.001015,1.0,144.0,704.2020281486763,0.696015441627085,0.009308687414347674
52047.0,-0.084513,0.086256,0.992682,-0.545096,0.829953,-0.118524,-0.834103,-0.551124,-0.023124,-167.425489,20.821762,-113.741774,3.594523,3.596873,3.592426,90.006743,89.967631,89.966483,115.092226,0.061178,0.059967,85.766597,0.979167,-692.163667,-116.762946,-226.112876,-116.762946,165.040337,-386.554201,-226.112876,-386.554201,416.009745,-211.839429,-20.554257,76.247979,-20.554257,174.967806,-276.226678,76.247979,-276.226678,394.164431,589.573318,1.0,1.451961,1.593922,4.128502,1.0,141.0,586.8193035026279,0.9953288006541503,0.011416647439095665
52687.0,-0.412169,-0.092054,0.906445,-0.504706,0.85136,-0.143034,-0.758544,-0.516442,-0.397364,-154.14297,201.725335,-2.665209,3.596418,3.594387,3.594444,89.94403,89.986179,90.031973,161.006426,0.088973,0.080433,76.093239,0.986301,-182.143212,535.706302,-182.066277,535.706302,184.162057,232.961961,-182.066277,232.961961,283.502011,73.450246,242.940487,64.012237,242.940487,33.986603,-232.879591,64.012237,-232.879591,460.393212,731.400537,1.0,1.41429,1.979439,4.114642,1.0,144.0,504.54467600768044,0.6898336143929854,0.01296174289544962
52635.0,0.585229,0.110148,-0.803352,0.438446,0.790426,0.427776,0.682109,-0.602573,0.414286,198.692626,-135.305808,-12.31222,3.595678,3.595334,3.593873,89.96958,90.01407,90.023703,145.660494,0.068728,0.071878,85.013067,0.888889,-22.478174,-85.011553,409.03971,-85.011553,99.326562,-139.897371,409.03971,-139.897371,108.024215,-23.984888,96.666805,-43.805837,96.666805,-28.88582,47.301043,-43.805837,47.301043,220.44747,666.442268,1.0,4.22309,1.143638,2.294363,1.0,128.0,266.63599071930685,0.4000886551200964,0.010455910266124148
52133.0,-0.108123,0.22598,0.968113,-0.511271,0.822528,-0.249098,-0.852591,-0.521901,0.026603,501.526346,-208.127829,-111.579994,3.594956,3.596335,3.588156,89.995127,89.989706,89.942694,165.371988,0.061539,0.068914,72.698071,0.971831,-1718.009786,414.637628,-257.789831,414.637628,-213.17015,-345.29535,-257.789831,-345.29535,602.598753,-241.769933,-152.083395,-117.838426,-152.083395,99.572257,-15.28557,-117.838426,-15.28557,530.976354,746.217467,1.0,1.318956,1.54419,4.163094,1.0,138.0,691.2431421523582,0.9263293513234772,0.013368043837091633
53041.0,-0.319529,0.127969,0.938896,-0.260282,0.940873,-0.216819,-0.911128,-0.313658,-0.267328,405.776538,123.242691,-27.187745,3.597145,3.594234,3.596689,89.996566,90.001121,89.970245,100.253532,0.060706,0.060038,90.966316,0.929577,535.731779,-131.106455,57.798913,-131.106455,-194.510166,22.020557,57.798913,22.020557,729.048988,-156.219286,-162.357513,164.128753,-162.357513,-20.492565,76.685204,164.128753,76.685204,619.465771,438.262556,1.0,1.343845,1.841416,4.380844,1.0,132.0,747.8047764672598,1.706294015378443,0.010218914438614838
51801.0,0.015314,0.991873,0.126307,-0.705999,-0.078725,0.703823,0.708047,-0.099951,0.699056,154.273917,382.505908,161.895546,3.596242,3.592157,3.59249,90.075921,89.998556,90.011173,167.194018,0.085564,0.085541,67.92947,0.823944,-886.342484,-392.178285,-497.214265,-392.178285,-56.316728,-440.91303,-497.214265,-440.91303,15.148495,72.078374,65.734778,-112.530712,65.734778,217.042467,83.59458,-112.530712,83.59458,110.533021,739.840111,1.0,2.964025,0.79672,1.711034,1.0,117.0,186.81009635911425,0.2525006330173335,0.01212940421881696
51959.0,-0.138743,0.878241,0.45765,-0.921196,-0.284081,0.265886,0.363522,-0.384695,0.848446,347.246712,3.388992,-27.082663,3.594238,3.591023,3.595893,90.046744,89.942232,89.999597,149.405899,0.061727,0.066455,68.738508,0.887324,-1125.892853,2.886792,275.11009,2.886792,-362.937533,-198.177623,275.11009,-198.177623,635.057886,-435.921745,22.506589,79.102234,22.506589,-136.231728,6.526609,79.102234,6.526609,690.962516,720.889328,1.0,2.097115,0.557753,2.384486,1.0,126.0,1013.4451196738714,1.4058262209062298,0.01290868867854973
51732.0,0.148471,-0.337495,-0.929545,0.979687,-0.077928,0.184774,-0.134798,-0.938096,0.319069,524.387683,-420.169811,170.131954,3.592736,3.595271,3.592273,90.065516,90.05219,89.978835,135.536288,0.071361,0.066014,70.915474,0.923611,-840.025426,373.825142,-271.710596,373.825142,-734.59442,-140.87026,-271.710596,-140.87026,477.35537,-478.745717,44.872445,-51.80844,44.872445,-55.362895,25.271805,-51.80844,25.271805,543.169162,523.425103,1.0,4.516168,1.246049,3.284309,1.0,133.0,891.573925565941,1.7033457517721324,0.013024110929583575
51751.0,0.128758,0.291645,-0.947821,0.402286,0.858241,0.31873,0.906414,-0.422335,-0.006819,-49.648361,428.708254,155.699021,3.599049,3.592575,3.596158,89.950415,90.0077,89.985032,160.995816,0.088032,0.077948,66.885929,0.907143,110.131062,-466.772696,474.2413,-466.772696,99.901136,654.202943,474.2413,654.202943,780.527626,-52.108332,-10.952887,-132.448921,-10.952887,-53.036706,-21.434909,-132.448921,-21.434909,590.566684,642.845281,1.0,4.387992,1.577616,2.006826,1.0,127.0,653.6209024678151,1.0167623871346658,0.013562538691807659
52839.0,-0.284129,0.181954,0.941363,-0.320744,0.907221,-0.272164,-0.903545,-0.379266,-0.199407,380.541844,296.115578,156.930883,3.596826,3.593921,3.593944,90.009588,89.999006,89.966955,127.98047,0.064328,0.068146,79.731671,0.985714,-220.156353,-88.442862,215.923041,-88.442862,-269.347994,42.285625,215.923041,42.285625,620.307813,-64.433571,162.500818,205.259451,162.500818,-196.972004,88.352174,205.259451,88.352174,595.33473,651.003126,1.0,1.289354,1.771549,4.314971,1.0,138.0,773.0222199449684,1.1874324240110767,0.012362891529013608
53028.0,0.414272,-0.888911,0.195488,0.096439,0.256449,0.961735,-0.905029,-0.379567,0.191965,216.400154,-115.161009,-6.8092,3.594739,3.594476,3.596967,89.984271,90.040044,89.951597,74.622413,0.062207,0.056089,128.762536,1.0,-449.93411,-114.451645,272.701117,-114.451645,591.892284,262.4015,272.701117,262.4015,403.224162,15.206826,-2.73647,7.091551,-2.73647,366.205909,60.10229,7.091551,60.10229,288.554392,506.760234,1.0,2.941058,1.377632,4.315273,1.0,146.0,323.61559112448714,0.6385970512526189,0.0077662341164203225
51840.0,0.242643,-0.220048,-0.94483,0.967034,-0.022704,0.253634,-0.077263,-0.975225,0.207285,424.994852,-313.391039,156.940097,3.594212,3.597648,3.595914,89.988024,89.980999,89.972164,130.987882,0.065165,0.068338,77.877637,1.0,263.606963,-306.587991,171.092623,-306.587991,-46.544744,-178.910739,171.092623,-178.910739,771.489203,-228.462379,-33.146949,-68.201597,-33.146949,-226.507015,-3.174406,-68.201597,-3.174406,752.150394,554.284553,1.0,4.450128,1.361998,3.220654,1.0,144.0,981.8390755571743,1.77136286812087,0.012840656682996174
52080.0,-0.243435,0.953159,0.179518,-0.929121,-0.282281,0.238855,0.278341,-0.108649,0.954317,291.789251,-151.319128,172.566427,3.594648,3.594469,3.59694,90.010332,90.020145,89.997224,83.886595,0.061699,0.055488,84.988489,0.993151,-76.915119,44.517202,73.227924,44.517202,109.65731,315.152249,73.227924,315.152249,478.254334,-7.448137,75.63878,-57.583078,75.63878,121.345408,46.990261,-57.583078,46.990261,565.831186,498.057389,1.0,2.497081,0.30343,1.942951,1.0,145.0,528.9953908439593,1.0621173433569104,0.011685711932118242
51427.0,-0.657447,-0.151782,-0.738055,0.384743,0.774568,-0.502014,0.64787,-0.614009,-0.45084,173.742218,141.109574,-456.527837,3.595453,3.595776,3.59339,89.992499,89.992439,89.998122,126.223661,0.063739,0.058504,68.373316,0.887324,-30.287973,-261.877693,-155.381821,-261.877693,40.943612,-203.903204,-155.381821,-203.903204,100.176296,308.019771,-128.920197,-25.067224,-128.920197,243.176545,68.332401,-25.067224,68.332401,38.339694,631.233899,1.0,5.309692,2.038503,2.329367,2.0,126.0,275.46984710347505,0.4363990076259752,0.01297763589526651
52861.0,0.108086,-0.819041,0.563462,-0.489085,0.449639,0.747409,-0.865513,-0.356366,-0.351981,470.639957,-75.758141,-542.238034,3.593479,3.594544,3.594356,89.95143,89.980093,89.922964,141.406383,0.078449,0.07166,95.927225,0.978873,-563.831995,109.786277,434.220119,109.786277,-292.436859,-518.786333,434.220119,-518.786333,342.950633,211.881046,-121.703208,27.760613,-121.703208,-206.638893,-73.565222,27.760613,-73.565222,625.789783,696.796052,1.0,2.495609,1.930483,4.321804,2.0,138.0,731.7472682121596,1.0501598941495718,0.010204329375732488
52605.0,-0.114407,-0.561576,-0.819477,0.868924,0.343279,-0.356554,0.481542,-0.752856,0.448694,342.200483,-16.127268,-286.159353,3.593772,3.595039,3.5954,90.0016,90.001556,90.000007,144.209805,0.064551,0.070787,72.941488,0.986111,130.682683,74.669899,-16.543551,74.669899,-158.356031,-172.405528,-16.543551,-172.405528,25.348629,413.073218,61.724481,-114.226728,61.724481,-314.840553,19.900278,-114.226728,19.900278,327.159074,739.797751,1.0,5.122783,1.105493,2.572549,2.0,142.0,698.3135886662976,0.9439249953414601,0.013519205969584825
52950.0,0.061213,0.891128,0.449603,-0.717037,-0.274092,0.640883,0.694342,-0.361613,0.622194,-113.208112,-283.752603,-300.693458,3.593606,3.595984,3.59596,89.974054,89.975099,90.031079,69.601083,0.055403,0.048054,123.416474,1.0,505.981112,244.944949,-26.917528,244.944949,-382.795546,216.727345,-26.917528,216.727345,246.371747,33.889793,-36.082096,3.048063,-36.082096,189.171992,-16.966307,3.048063,-16.966307,358.994731,281.332087,1.0,2.529836,0.899254,2.050945,2.0,136.0,283.76411030048945,1.0086446708813894,0.008102646004940962
53135.0,0.301189,-0.095794,-0.94874,0.953539,0.037545,0.298922,0.006986,-0.994693,0.102652,-101.709713,442.88826,-385.638041,3.595074,3.596434,3.595565,90.014169,89.961215,90.028923,107.996074,0.07432,0.064602,97.719259,0.965278,17.997717,-287.864358,-8.814272,-287.864358,277.35476,299.488885,-8.814272,299.488885,497.772092,-133.921139,-81.326233,122.066302,-81.326233,38.258263,92.39169,122.066302,92.39169,645.713607,485.21481,1.0,4.407163,1.467963,3.13457,2.0,138.0,725.10468987457,1.4943993359859935,0.009878073267010755
53851.0,-0.418787,0.866453,0.271803,-0.537047,-0.477678,0.695273,0.732255,0.1452,0.665371,240.98061,295.232022,-375.70354,3.594965,3.594241,3.59506,90.045018,89.951946,89.978585,100.513059,0.058413,0.053388,105.716923,1.0,-503.412692,-330.190573,-188.419365,-330.190573,72.985006,95.17343,-188.419365,95.17343,442.376671,0.565481,20.206407,-175.361203,20.206407,214.232983,13.950298,-175.361203,13.950298,428.880712,479.202636,1.0,2.76893,0.842805,1.375043,2.0,136.0,401.38079046335747,0.8376013826087498,0.009459223477399168
52339.0,-0.195455,0.662346,-0.723253,0.643296,0.643241,0.415225,0.740248,-0.384108,-0.55181,433.783289,-244.145104,-343.07003199999997,3.596723,3.595658,3.597796,90.044738,90.002893,90.063402,149.433002,0.074053,0.073207,70.265981,0.93662,1087.995422,-294.119424,-73.262087,-294.119424,-200.164877,79.81487,-73.262087,79.81487,768.296223,-171.793751,-420.412285,18.706644,-420.412285,286.714079,78.287648,18.706644,78.287648,690.863793,744.773583,1.0,4.191226,2.155329,2.049442,2.0,133.0,834.4406915188031,1.1203951248614614,0.013329636712821245
53336.0,-0.271848,0.286976,0.918555,-0.956912,0.020629,-0.289644,-0.10207,-0.957716,0.269003,432.40741,264.760312,-444.096206,3.598713,3.59805,3.595472,89.967889,90.04687,90.11676,165.402438,0.061167,0.06768,134.024394,1.0,840.692646,833.581649,-564.449092,833.581649,837.274156,-686.151077,-564.449092,-686.151077,549.117035,125.742329,-45.593831,18.492924,-45.593831,82.657517,-48.999807,18.492924,-48.999807,550.522307,285.549494,1.0,1.265339,1.298439,3.247768,2.0,142.0,451.8984634741223,1.5825573953709136,0.007461328271329472
51441.0,-0.560999,-0.607959,0.561842,0.347912,0.442696,0.826424,-0.751157,0.659095,-0.036836,-325.756126,-95.799573,-242.661466,3.594635,3.595589,3.59467,90.004069,89.990946,90.008088,95.015006,0.061299,0.054502,76.445468,0.992857,-1.641613,-46.606582,-158.331876,-46.606582,27.258426,15.590973,-158.331876,15.590973,162.137194,-239.491474,60.198855,13.884251,60.198855,145.150252,-4.048538,13.884251,-4.048538,67.687159,504.503203,1.0,2.544521,1.607641,5.432599,2.0,139.0,356.4113484253508,0.7064600309888436,0.012987781041513147
51442.0,0.4663,0.586354,-0.662384,-0.09717,0.778192,0.620464,0.879274,-0.224959,0.419847,450.176873,-264.290312,-412.76425,3.597337,3.593256,3.595174,90.046576,89.971741,90.005339,136.208097,0.069935,0.07259,69.804275,0.953333,205.773807,-136.237225,42.036415,-136.237225,-611.964749,57.844404,42.036415,57.844404,836.187942,5.337669,-94.008955,65.906882,-94.008955,-302.683676,24.853019,65.906882,24.853019,880.365411,879.024588,1.0,3.959657,1.13752,1.821269,2.0,143.0,1067.9078729927066,1.2148782725435054,0.013657229446190794
53908.0,-0.52217,0.846307,-0.10537,-0.578991,-0.261068,0.772408,0.626185,0.464336,0.626326,-168.856037,-163.775624,-249.647016,3.596478,3.595443,3.594228,89.990358,90.007035,90.025321,83.467496,0.062346,0.055931,93.852935,1.0,443.839328,271.04356,-70.694116,271.04356,44.485385,-163.282324,-70.694116,-163.282324,47.981836,107.184825,178.025284,-54.37341,178.025284,86.580396,-193.332332,-54.37341,-193.332332,306.877015,430.913533,1.0,3.277173,0.893966,0.932737,2.0,142.0,313.74544113544005,0.7280937290392318,0.010654967796158958
52355.0,-0.237717,-0.744902,-0.623388,0.74557,-0.551289,0.37444,-0.622588,-0.375768,0.686427,425.393722,-380.914389,-453.469154,3.5922,3.593329,3.593812,90.010997,90.048123,89.914775,162.681371,0.076709,0.077563,86.09749,0.816901,-308.406725,-64.52734,239.016894,-64.52734,-1354.711469,160.775076,239.016894,160.775076,304.319902,-1148.268068,-78.419403,97.09322,-78.419403,-160.521268,21.887312,97.09322,21.887312,373.966361,712.494441,1.0,4.171489,0.814232,4.169358,2.0,116.0,1342.1255621480398,1.8836996963293355,0.009488093090750962
52576.0,-0.130211,-0.563883,-0.815525,0.853552,0.354756,-0.381573,0.504475,-0.745778,0.43511,530.779341,89.50912,-407.474576,3.595152,3.597354,3.598943,89.975735,89.999706,90.01038,66.867846,0.060851,0.049851,105.89132,0.993151,1192.966549,236.086403,-23.993257,236.086403,231.316065,-202.262449,-23.993257,-202.262449,586.728429,268.470848,59.210706,49.060016,59.210706,205.391041,-191.486535,49.060016,-191.486535,636.724245,333.104434,1.0,5.150017,1.120636,2.546854,2.0,144.0,441.30929531790395,1.3248376493178229,0.009378965150306938
52270.0,0.309432,0.398661,-0.86332,-0.372401,0.886165,0.275734,0.874968,0.236181,0.422669,-225.75343,421.350852,-365.829743,3.596828,3.594486,3.596277,90.011081,90.01801,89.99365,44.827646,0.051317,0.043416,168.573982,1.0,527.348651,-187.321102,119.63501,-187.321102,6.119712,-171.832102,119.63501,-171.832102,404.482712,133.654424,19.572983,18.215074,19.572983,168.645769,-52.184587,18.215074,-52.184587,414.887682,607.197495,1.0,4.403241,1.134408,1.307149,2.0,146.0,270.28577645259065,0.44513651436027524,0.005932113533392122
53699.0,0.168346,0.473279,-0.864677,0.051694,0.871751,0.487215,0.984372,-0.12672,0.12229,3.166878,264.375161,-242.366224,3.59559,3.596532,3.594703,89.970327,89.980956,89.989765,61.307411,0.069909,0.059948,106.984204,1.0,-135.596331,97.916107,-44.635877,97.916107,613.359699,124.771699,-44.635877,124.771699,246.605915,-70.530515,55.088493,-3.673387,55.088493,299.773056,5.4738,-3.673387,5.4738,283.346594,248.65654,1.0,4.199267,1.4482,1.698824,2.0,144.0,365.5412898036565,1.4700650536022761,0.009347174280046052
51451.0,-0.791666,-0.583871,0.179889,0.459731,-0.375382,0.80482,-0.402384,0.719849,0.565601,466.552791,-28.759098,-499.429225,3.597803,3.597152,3.593032,90.072726,90.072424,89.932741,196.938782,0.118632,0.108345,60.37586,0.802817,1602.106512,477.401129,201.035425,477.401129,-320.317688,-464.635288,201.035425,-464.635288,-236.062188,130.94821,255.523692,90.15356,255.523692,-229.879179,-414.837786,90.15356,-414.837786,166.007773,758.968467,1.0,2.921692,0.969635,5.773471,2.0,114.0,572.895135144822,0.7548339095157981,0.013296986577085609
51452.0,-0.744058,-0.658995,0.110016,0.437543,-0.356183,0.825645,-0.50491,0.662465,0.553359,-152.917083,122.559307,-382.762409,3.596541,3.59636,3.59535,89.984904,90.006659,89.992022,102.672441,0.056646,0.056165,88.629177,0.992857,533.912958,-87.519733,-20.598966,-87.519733,127.575863,-50.4875,-20.598966,-50.4875,460.013542,317.934321,77.289309,9.935287,77.289309,117.967587,-92.824572,9.935287,-92.824572,434.248043,535.197705,1.0,3.009124,0.984404,5.631942,2.0,139.0,296.29548262702855,0.5536187466032362,0.011202371878055463
52547.0,-0.133019,0.570845,-0.810211,0.795994,0.548585,0.255827,0.590507,-0.610894,-0.527361,-59.308605,28.882066,-508.696501,3.594628,3.595953,3.595785,89.963585,90.032365,89.996092,107.407881,0.065437,0.063042,86.137389,1.0,-59.984489,158.674471,200.32574,158.674471,104.763255,-238.334973,200.32574,-238.334973,551.748826,313.205723,293.846582,98.438082,293.846582,13.166268,-61.677793,98.438082,-61.677793,126.921206,532.210617,1.0,4.406542,2.126288,2.373162,2.0,142.0,379.0948506544323,0.7123023076678539,0.011609360483401696
51454.0,0.543242,0.818795,-0.185641,-0.137463,0.304872,0.942421,0.828246,-0.486444,0.278173,131.992602,394.783659,-296.17929100000003,3.595917,3.597858,3.595095,89.944745,90.050091,89.965599,104.064479,0.06925,0.061236,143.56114,1.0,890.062318,300.765932,75.776842,300.765932,539.79034,-548.777816,75.776842,-548.777816,-137.466059,221.618723,10.617697,10.220361,10.617697,268.791223,21.807745,10.220361,21.807745,284.578129,161.242458,1.0,3.336085,1.288905,2.101839,2.0,148.0,61.1453656338091,0.37921380256935244,0.006965673301284735
53827.0,0.647059,-0.76223,0.017885,0.505376,0.446343,0.738494,-0.570886,-0.46881,0.674023,478.648015,441.389059,-560.369472,3.600089,3.597169,3.595866,90.042408,90.010325,90.082069,108.196438,0.072317,0.06866,98.272749,1.0,1730.699428,491.327086,-243.775576,491.327086,50.007009,-37.665035,-243.775576,-37.665035,694.857277,194.210588,-19.24463,62.600628,-19.24463,185.312885,1.207017,62.600628,1.207017,596.283989,433.545452,1.0,3.117379,0.831155,4.024855,2.0,142.0,410.5334421110942,0.9469213440419026,0.010175760932463586
51725.0,0.758709,-0.474084,0.446773,-0.446031,0.121798,0.886692,-0.474782,-0.872015,-0.119047,384.661785,-389.256188,-370.076916,3.593481,3.596607,3.596386,89.963772,90.093315,90.032254,184.214165,0.077608,0.085005,72.253492,0.805556,-478.17807,-316.136596,580.35481,-316.136596,1040.42065,-220.610989,580.35481,-220.610989,63.086736,-572.057653,168.194091,166.577698,168.194091,19.32887,243.659753,166.577698,243.659753,241.492801,630.19981,1.0,2.674858,1.690126,3.640177,2.0,116.0,785.5158682205226,1.2464552603094607,0.011149025157150884
52817.0,0.157616,0.559786,0.813509,-0.947269,-0.147039,0.284711,0.278995,-0.815487,0.507093,29.375281,453.469539,-238.381976,3.598916,3.596168,3.593245,89.992851,90.011047,89.955744,181.182603,0.062406,0.071883,71.917103,0.925676,-21.6167,-443.906823,-344.495961,-443.906823,1171.485811,-16.948095,-344.495961,-16.948095,-7.250869,-91.123713,-172.680032,167.217934,-172.680032,234.983401,-133.309419,167.217934,-133.309419,227.041152,825.421784,1.0,1.907453,1.038988,2.811954,2.0,137.0,400.6028323579076,0.4853310636128154,0.012871430596974966
52304.0,0.28753,0.395274,-0.872402,-0.350887,0.891011,0.288059,0.891182,0.223288,0.394889,-54.600263,326.935333,-469.56267,3.595376,3.595505,3.59372,89.99785,89.991495,89.981665,118.227123,0.064918,0.066377,83.383945,1.0,-181.902735,163.693901,178.479721,163.693901,61.826511,85.919929,178.479721,85.919929,225.999986,92.663106,20.822193,45.121938,20.822193,-48.796748,3.916893,45.121938,3.916893,299.285113,540.402515,1.0,4.393469,1.164849,1.325297,2.0,144.0,306.26121907540016,0.5667279677175451,0.011992716343655844
53728.0,-0.571965,0.28089,0.770686,-0.806446,-0.020741,-0.590945,-0.150006,-0.959516,0.238386,-62.396147,-90.680572,-528.621185,3.592774,3.596039,3.594812,90.010493,89.984235,90.034631,86.509342,0.051,0.04727,135.129127,1.0,-202.334942,-221.092167,-266.661622,-221.092167,-229.890881,-362.202571,-266.661622,-362.202571,266.524016,36.524868,63.37419,62.664819,63.37419,139.285279,-54.6879,62.664819,-54.6879,336.043199,148.176082,1.0,0.916644,1.330093,3.296672,2.0,144.0,278.7342036904909,1.8811011866982075,0.007400329020108299
51464.0,-0.847491,-0.425377,-0.317511,0.49236,-0.853474,-0.170774,-0.198344,-0.301059,0.93275,-184.605482,-280.073389,-475.76868,3.595141,3.59415,3.596206,89.9993,89.9988,90.00525,33.990927,0.062369,0.047266,130.835853,1.0,65.870081,-105.622368,-148.090435,-105.622368,-42.056935,-118.404158,-148.090435,-118.404158,331.668189,35.736542,-78.035111,-79.606618,-78.035111,63.152374,-91.346784,-79.606618,-91.346784,395.462445,266.067918,1.0,5.205859,0.368829,3.724143,2.0,138.0,368.60597330308354,1.385383010750975,0.007643164905264921
52168.0,0.528199,0.579338,0.620785,-0.623744,0.760791,-0.179279,-0.576151,-0.292516,0.763207,-78.676727,-375.748381,-232.542789,3.594967,3.59384,3.596106,90.077252,90.030087,90.049633,131.8225,0.069636,0.069013,74.748639,0.921429,-842.738158,-313.044308,227.667398,-313.044308,427.693157,-191.414756,227.667398,-191.414756,606.350443,-281.050345,-42.774013,197.411003,-42.774013,199.82256,-37.073674,197.411003,-37.073674,329.667271,709.003051,1.0,1.289651,0.702535,4.242594,2.0,129.0,584.9517811865816,0.8250342228591927,0.012327033807264371
52756.0,0.026649,0.582128,-0.81266,0.596228,0.643264,0.480337,0.802373,-0.497331,-0.329939,468.28575,-286.255346,-217.691349,3.594884,3.596062,3.59051,89.993659,90.124258,90.024176,182.773272,0.074459,0.077265,78.366041,0.934783,-664.488238,1018.968623,211.456656,1018.968623,-854.636625,-189.068948,211.456656,-189.068948,747.661466,-344.519865,34.053683,-137.732498,34.053683,-80.995861,-62.785446,-137.732498,-62.785446,685.249726,641.210638,1.0,4.178563,1.907035,2.125666,2.0,129.0,936.245285881424,1.4601212618706179,0.011928419351948634
52795.0,0.011032,-0.942953,-0.332744,0.998844,-0.005176,0.047786,-0.046782,-0.332887,0.941806,258.286468,-22.505995,-245.04959,3.594899,3.595172,3.596899,89.977211,89.995231,90.005159,91.373444,0.058779,0.055495,88.859548,0.992754,298.61996,11.51114,-305.93553,11.51114,49.762438,75.065226,-305.93553,75.065226,416.353439,-100.318328,26.854847,-205.766488,26.854847,150.606223,-12.592256,-205.766488,-12.592256,556.039178,681.846916,1.0,4.569752,0.342834,3.281213,2.0,137.0,601.2377150224149,0.8817781541779606,0.011172170265822194
53898.0,-0.310694,0.928642,0.202717,-0.400136,-0.321237,0.858311,0.862184,0.185558,0.471389,-2.694727,124.135453,-334.035801,3.596306,3.595259,3.595364,89.98355,90.005434,90.000899,57.121042,0.071731,0.057243,105.226281,1.0,238.283805,164.972274,-14.114435,164.972274,163.895031,-110.933489,-14.114435,-110.933489,351.350094,295.703223,87.182999,-145.104486,87.182999,159.158112,-82.853608,-145.104486,-82.853608,360.884576,339.74443,1.0,2.909662,1.079931,1.358812,2.0,146.0,241.73136297419086,0.7115094218739387,0.009503329306107474
52717.0,-0.044407,-0.664322,-0.746126,0.950915,0.200845,-0.23542,0.306251,-0.719956,0.622795,274.896103,483.834814,-506.921601,3.597704,3.594948,3.593438,90.051343,90.005855,89.984502,167.148271,0.07665,0.077758,81.029278,0.950704,-614.167455,-159.952324,119.110277,-159.952324,844.803134,41.994998,119.110277,41.994998,289.339396,-425.96346,-56.878936,89.116782,-56.878936,185.714931,-176.508743,89.116782,-176.508743,420.338335,965.109129,1.0,5.018026,0.898486,2.739405,2.0,135.0,777.471494579084,0.8055788420369236,0.011732845503078529
53879.0,-0.630222,0.502577,0.591808,-0.706685,-0.687017,-0.169126,0.321583,-0.524808,0.788137,82.557407,131.156263,-250.228774,3.595557,3.595723,3.595883,90.011368,89.997566,90.002963,37.042047,0.049597,0.041087,128.611057,1.0,212.234907,15.150671,2.367139,15.150671,208.616676,32.616204,2.367139,32.616204,397.91784,162.103671,-6.17529,-70.362415,-6.17529,272.58682,62.385588,-70.362415,62.385588,299.40201,135.239325,1.0,1.292438,0.66302,2.591841,2.0,148.0,150.16301538966633,1.1103502283057558,0.007775381241132324
53147.0,0.255776,-0.942271,0.216112,0.726657,0.334832,0.599881,-0.637612,0.003604,0.770349,184.581961,425.771071,-432.422083,3.594949,3.594917,3.596117,90.037947,89.996438,90.030514,134.283943,0.077479,0.07474,73.271233,0.927536,331.817849,377.38836,135.877536,377.38836,-61.567579,125.691875,135.877536,125.691875,219.721009,139.016266,201.074478,-42.606175,201.074478,-0.332924,40.875188,-42.606175,40.875188,434.679158,699.328377,1.0,2.795808,0.691407,4.718042,2.0,128.0,425.409081481074,0.6083109101135102,0.012658938058269063
53239.0,-0.152853,0.38781,0.908977,-0.854256,0.4106,-0.318832,-0.496872,-0.825234,0.268528,-405.376028,-139.116921,-463.111402,3.594797,3.595358,3.596765,90.000981,89.992212,89.983467,137.604176,0.073898,0.075558,66.966158,0.902778,449.723303,-242.29552,46.123561,-242.29552,35.825808,-35.56111,46.123561,-35.56111,265.628278,280.59048,-50.239413,-11.048955,-50.239413,352.226781,-43.645184,-11.048955,-43.645184,210.662427,759.305786,1.0,1.233445,1.298932,3.683554,2.0,130.0,135.80984630748685,0.17886054447567037,0.013481107875413728
53524.0,-0.423133,0.80371,0.418339,-0.899811,-0.426907,-0.089952,0.106297,-0.414488,0.903826,357.35893,-333.350847,-566.384061,3.594332,3.596255,3.596335,90.038031,89.980671,89.986796,150.772498,0.067474,0.071961,72.164319,0.971429,-31.969782,-240.771421,-177.960531,-240.771421,78.891067,64.043645,-177.960531,64.043645,704.620915,95.870517,-15.376157,-80.783193,-15.376157,-116.739415,61.82142,-80.783193,61.82142,418.185359,734.648785,1.0,1.359,0.442169,2.890549,2.0,136.0,474.92668490344437,0.6464676653667158,0.013461347844216473
52534.0,-0.041744,-0.819142,0.572069,0.461286,0.492091,0.738283,-0.886269,0.294706,0.357317,-388.101742,281.708518,-486.751352,3.596164,3.593263,3.594936,90.018135,89.977825,90.028388,95.466185,0.058707,0.057319,93.380317,1.0,-135.138513,375.996085,-133.249249,375.996085,-81.125594,-289.713088,-133.249249,-289.713088,255.779856,242.303746,-85.000676,9.297905,-85.000676,127.767164,76.692801,9.297905,76.692801,303.781329,349.350784,1.0,2.482367,1.205403,5.033412,2.0,138.0,183.94175115103593,0.5265245122536664,0.010708894894841704
52231.0,-0.304597,0.597592,-0.74169,0.706622,0.663919,0.244736,0.638675,-0.449549,-0.6245,430.748784,-184.312925,-461.18674599999997,3.595056,3.593774,3.595406,89.910153,90.02504,89.984152,90.271461,0.069865,0.058856,94.114299,1.0,-830.361969,-269.593897,243.956136,-269.593897,245.180308,-242.408139,243.956136,-242.408139,588.335317,-119.209996,-38.012291,-21.891938,-38.012291,77.967607,-80.34045,-21.891938,-80.34045,547.72805,462.800703,1.0,4.393668,2.245287,2.18412,2.0,138.0,598.7188016167025,1.2936860245363597,0.010625377977898979
53094.0,-0.055049,0.509791,0.858535,-0.859485,0.41343,-0.300601,-0.508188,-0.754446,0.415398,-88.190722,380.659788,-268.485794,3.597867,3.596155,3.596831,90.026204,89.894925,90.033043,159.007714,0.061164,0.06244,145.453672,1.0,262.850646,-601.446884,-178.584338,-601.446884,1497.00075,-221.166859,-178.584338,-221.166859,83.49359,159.745771,-80.136095,8.350015,-80.136095,124.88982,-30.76063,8.350015,-30.76063,329.069771,572.960169,1.0,1.234003,1.142416,3.734373,2.0,148.0,203.38584750664936,0.3549737983734946,0.006875041284622914
51958.0,-0.528711,-0.403427,-0.746801,0.695829,0.297859,-0.65353,0.486094,-0.865174,0.123235,254.198243,-42.334907,-254.224857,3.596707,3.596558,3.594004,90.008515,89.996235,89.978413,81.884382,0.059342,0.05717,96.730245,1.0,182.700302,-453.307389,45.574153,-453.307389,299.564139,-67.358029,45.574153,-67.358029,365.967934,50.509637,-98.698723,-64.830635,-98.698723,135.649385,139.779296,-64.830635,139.779296,400.481783,274.029476,1.0,5.431279,1.447247,2.629701,2.0,142.0,353.616692066186,1.2904330484001874,0.01033802819376711
52256.0,0.230663,-0.596083,0.769077,-0.215864,0.739348,0.637783,-0.948787,-0.313129,0.041867,-355.345963,-213.281789,-242.637892,3.5939,3.594822,3.591132,89.981019,90.039587,90.002615,167.194769,0.067154,0.070531,65.610634,0.819444,-866.181539,-459.835724,216.623444,-459.835724,-148.121314,118.534152,216.623444,118.534152,-200.541963,102.597175,176.029515,35.773061,176.029515,34.262842,-58.829951,35.773061,-58.829951,264.521279,766.533299,1.0,2.26314,1.528917,4.393614,2.0,118.0,262.2008219867948,0.34206057627092695,0.012489499796633574
52855.0,0.067791,-0.654615,-0.752917,0.949092,-0.190368,0.250967,-0.307618,-0.731601,0.608384,-103.919592,203.632173,-367.347919,3.597243,3.596777,3.595986,89.980795,89.951864,89.978682,119.589779,0.061604,0.055804,89.263244,1.0,548.362154,-364.821666,266.606442,-364.821666,786.288022,-29.580647,266.606442,-29.580647,274.537978,353.414997,-41.611071,-61.807766,-41.611071,160.37279,38.329863,-61.807766,38.329863,445.639841,696.579848,1.0,4.390645,0.916773,3.539622,2.0,142.0,262.37310768103373,0.376659055576115,0.01120281938218602
51713.0,-0.529646,-0.569841,0.628297,0.508035,0.380049,0.772957,-0.679246,0.72859,0.088207,158.9578,414.315977,-458.725703,3.593479,3.594559,3.59119,89.999823,90.100496,90.033441,206.053214,0.070159,0.080089,68.658518,0.88806,-98.762189,-151.947114,254.788104,-151.947114,-1488.526843,429.568786,254.788104,429.568786,197.00519,-1.122331,192.238475,5.264207,192.238475,29.907218,-46.174194,5.264207,-46.174194,265.280149,772.210058,1.0,2.459066,1.482474,5.532823,2.0,118.0,304.9644486777481,0.39492421203059247,0.012934447550994328
52275.0,0.290553,0.569111,-0.769215,-0.33805,0.813109,0.473895,0.895154,0.122342,0.428639,64.806931,115.90534,-444.880592,3.595058,3.594582,3.595505,90.001948,89.996414,89.996055,86.568166,0.05912,0.05508,86.675921,0.978571,131.395173,-86.624107,-51.63526,-86.624107,-13.261326,37.518134,-51.63526,37.518134,139.144874,-128.171563,-112.654108,-177.315475,-112.654108,162.199228,26.809685,-177.315475,26.809685,173.602987,474.522232,1.0,4.160233,1.127811,1.434967,2.0,137.0,348.4170262869799,0.7342480558149694,0.01128999829145167
51486.0,-0.784185,-0.588129,-0.197883,0.480653,-0.777397,0.405742,-0.392462,0.223063,0.892309,-263.244272,-215.171696,-209.7092,3.596477,3.591955,3.594877,89.966674,90.030889,89.979554,123.522144,0.053,0.057389,66.543294,0.820896,179.150223,-394.218891,256.016298,-394.218891,-772.575383,-117.258601,256.016298,-117.258601,339.421619,117.057949,-164.12475,175.425552,-164.12475,-24.83038,-117.056309,175.425552,-117.056309,291.258669,683.202208,1.0,3.595358,0.468361,5.229226,2.0,110.0,358.82470069193334,0.525210101036344,0.012336269376745911
53398.0,-0.285817,0.939315,0.189725,-0.841471,-0.340738,0.419315,0.458515,-0.039801,0.887795,-162.847631,-379.434468,-292.943222,3.594713,3.596273,3.596401,89.969072,89.907054,90.014503,107.317693,0.053989,0.053569,96.131669,0.992857,468.403219,-151.542923,94.79248,-151.542923,-597.84892,-339.393066,94.79248,-339.393066,1008.962828,128.38602,-8.997229,67.931934,-8.997229,225.045705,2.914601,67.931934,2.914601,738.099096,376.599477,1.0,2.716691,0.478265,1.657383,2.0,138.0,570.6895832213656,1.51537540032581,0.010328094896594378
54002.0,-0.741128,0.289683,0.605652,-0.669252,-0.24728,-0.700681,-0.05321,-0.924628,0.377137,49.261357,-325.41526,-376.337347,3.592872,3.596162,3.59137,89.974474,90.017939,90.032685,194.799974,0.089305,0.090964,63.740477,0.809859,-255.16149,18.242645,-583.172726,18.242645,-832.739821,296.793965,-583.172726,296.793965,26.200761,-198.473227,-35.109006,-149.956668,-35.109006,-171.445428,-5.536602,-149.956668,-5.536602,114.043372,995.155807,1.0,0.712781,1.184093,3.199077,2.0,115.0,328.2730793921931,0.329871038367154,0.012705568551048025
51493.0,-0.678566,-0.092244,-0.728725,0.437223,0.746468,-0.501619,0.590241,-0.658997,-0.466196,-399.890283,195.401879,-239.810509,3.593479,3.595164,3.59423,89.953964,90.034494,89.983073,139.214636,0.072509,0.068678,67.835935,0.922535,-460.984819,-243.204063,402.098493,-243.204063,-109.591916,-15.626539,402.098493,-15.626539,195.398204,271.351325,-140.448664,-161.168024,-140.448664,-137.580409,-48.96773,-161.168024,-48.96773,419.843819,719.436452,1.0,5.315254,2.055783,2.411177,2.0,131.0,534.8575279685172,0.7434395720172894,0.01359950297729367
53258.0,0.304751,-0.84767,0.434261,0.645128,0.519143,0.560626,-0.700669,0.109303,0.705064,148.019951,168.855621,-421.841191,3.594439,3.592471,3.595326,89.994084,90.005496,90.006719,148.668328,0.071663,0.074254,68.652629,0.880597,-450.984227,289.259314,65.370693,289.259314,-197.646672,102.669772,65.370693,102.669772,96.696872,-661.221529,223.882028,79.03213,223.882028,58.095283,-17.551593,79.03213,-17.551593,226.311056,964.832098,1.0,2.482532,0.788282,4.867139,2.0,118.0,842.1529728690816,0.8728492497448832,0.012826850374513697
52953.0,0.129682,0.551125,-0.824284,0.598266,0.619448,0.508293,0.790734,-0.559058,-0.249388,-404.053778,73.470775,-241.31595,3.595731,3.595186,3.593057,90.020682,90.001949,89.999051,130.616876,0.071145,0.06742,66.800021,0.941176,-107.066047,312.189743,-149.906973,312.189743,-92.573886,223.073423,-149.906973,223.073423,131.132067,531.114836,-10.533396,-109.730256,-10.533396,-132.567331,16.921124,-109.730256,16.921124,385.561454,527.53856,1.0,4.159819,1.822845,2.186213,2.0,128.0,611.871821780037,1.1598617962259232,0.014089456648524108
53442.0,-0.239008,0.936857,0.255291,-0.672682,-0.349354,0.652266,0.700268,-0.015833,0.713705,-347.278437,-84.30504,-309.249906,3.5951,3.593392,3.59603,90.001619,90.007476,89.986214,145.445412,0.056713,0.066704,88.819134,0.847222,-352.649913,146.78212,123.683044,146.78212,272.428814,94.914636,123.683044,94.914636,164.195049,-93.778816,-19.575247,-76.311153,-19.575247,223.343326,201.574316,-76.311153,201.574316,280.935679,584.830367,1.0,2.76853,0.776023,1.593402,2.0,122.0,396.5806763390661,0.6781123189163433,0.009538732949141341
53503.0,0.517455,-0.840891,0.158561,0.710502,0.525474,0.468042,-0.476892,-0.129533,0.869365,-47.134022,-448.115454,-502.091957,3.596374,3.595319,3.594615,90.004242,90.00976,89.995261,112.025551,0.067622,0.068063,79.02104,0.971014,194.508205,61.134336,-89.65098,61.134336,222.21144,-241.565593,-89.65098,-241.565593,163.819058,110.005754,-113.208872,64.001541,-113.208872,-207.231097,-106.649839,64.001541,-106.649839,410.279739,508.013265,1.0,2.814953,0.516881,4.447168,2.0,134.0,554.3253870428969,1.0911632141001217,0.012288043791881252
53696.0,-0.448013,-0.018298,0.89384,-0.699812,0.629367,-0.337877,-0.55637,-0.776893,-0.29477,-85.929289,-422.987778,-348.202515,3.596589,3.594871,3.594445,89.983795,90.002908,90.00871,151.331339,0.07028,0.07154,68.133193,0.884058,52.05038,298.619698,34.983993,298.619698,251.73983,160.503313,34.983993,160.503313,164.711095,438.073945,-54.564574,161.466243,-54.564574,-135.208789,27.484011,161.466243,27.484011,357.847347,705.52091,1.0,1.209392,1.870011,3.763074,2.0,122.0,558.0769526749406,0.791014050419768,0.01297543768424298
52807.0,0.11582,0.56185,-0.819091,-0.271012,0.811227,0.518134,0.955583,0.161974,0.246224,-57.38681,39.273666,-536.339205,3.595332,3.594828,3.593684,90.00004,89.954718,89.987036,118.404576,0.060044,0.058691,79.339981,0.952055,-247.020682,235.589902,-155.553299,235.589902,-211.702724,175.124332,-155.553299,175.124332,353.976784,-442.432501,112.209443,-48.420501,112.209443,56.873158,11.714509,-48.420501,11.714509,240.283308,683.908469,1.0,4.148363,1.322014,1.40289,2.0,139.0,621.1503041518332,0.9082360174016696,0.011999687774061856
53314.0,0.250121,0.277396,-0.927627,0.389335,0.848391,0.35868,0.886486,-0.450871,0.1042,-184.579004,-433.674165,-574.414356,3.598746,3.592359,3.594453,90.018004,90.024902,90.004688,162.622611,0.071146,0.072461,79.242298,0.993056,126.01133,133.070618,435.185912,133.070618,-501.579776,544.796342,435.185912,544.796342,747.429848,152.963321,-20.847461,-146.606196,-20.847461,-104.439934,19.965865,-146.606196,19.965865,249.959931,603.831585,1.0,4.343432,1.466407,2.041304,2.0,143.0,342.60325888665164,0.567382143295223,0.012531893004920176
53165.0,0.297509,-0.609824,-0.734577,0.862655,-0.157941,0.4805,-0.40904,-0.77664,0.479079,-156.880416,245.450578,-266.886524,3.595866,3.595031,3.593989,89.986263,90.033055,89.990608,95.566264,0.063891,0.056731,86.595848,1.0,148.835365,235.255983,-19.202822,235.255983,-92.966746,-314.671658,-19.202822,-314.671658,129.26733,312.085539,148.208304,-74.439502,148.208304,-102.053365,-220.457968,-74.439502,-220.457968,471.505529,511.303268,1.0,4.133124,1.071192,3.626355,2.0,144.0,565.7113020946748,1.1064104954922267,0.01154789776987922
53435.0,0.029503,0.543339,-0.838995,-0.152955,0.831929,0.533384,0.987793,0.112592,0.107651,400.551377,-51.095471,-481.086215,3.596439,3.595516,3.597289,90.033485,89.985044,89.988025,55.882161,0.055474,0.049476,122.22324,1.0,826.565173,-89.938967,-77.855533,-89.938967,54.7716,96.613785,-77.855533,96.613785,516.057879,145.082965,49.0429,26.157738,49.0429,37.613952,-11.446017,26.157738,-11.446017,532.231138,270.542287,1.0,4.146103,1.462937,1.457303,2.0,140.0,453.27151035735034,1.675418343592809,0.008181750050154127
53440.0,-0.345602,0.931627,0.112385,-0.878714,-0.363322,0.30961,0.329273,0.008247,0.944199,-98.975053,-34.647695,-284.205186,3.595028,3.594912,3.595892,90.011254,89.997356,89.995755,77.185047,0.055192,0.058996,103.806202,0.986111,8.825777,-35.381844,-56.648111,-35.381844,132.173542,82.30545,-56.648111,82.30545,307.506342,288.284527,-21.016864,13.677372,-21.016864,164.476215,-21.717865,13.677372,-21.717865,358.435769,591.52763,1.0,2.793393,0.335643,1.545755,2.0,142.0,172.51184099704503,0.29163784115552643,0.009499538380182717
51566.0,0.697949,-0.62327,0.352708,-0.283347,0.211985,0.935295,-0.65771,-0.752726,-0.028647,-186.874324,87.728892,-254.664284,3.595152,3.595306,3.595719,89.994219,89.960365,89.950719,113.546783,0.076053,0.071479,90.866633,0.993056,-75.471836,351.671783,-130.510873,351.671783,39.457182,-225.230609,-130.510873,-225.230609,579.795067,-51.178186,197.899177,89.044845,197.899177,55.978469,-138.016594,89.044845,-138.016594,592.111341,478.14489,1.0,2.780975,1.599447,3.859726,2.0,143.0,637.1635951795306,1.3325743064608107,0.010928720116657124
54176.0,-0.795415,0.508922,0.32911,-0.547726,-0.371168,-0.749821,-0.259446,-0.77668,0.573982,348.795713,-144.651816,-353.535326,3.594731,3.595661,3.594768,90.015441,90.0116,89.956932,74.844984,0.050795,0.052269,114.638807,0.985915,-231.051567,-19.617077,132.158315,-19.617077,33.48332,228.428285,132.158315,228.428285,458.671162,147.539822,-46.22011,193.803225,-46.22011,3.121224,123.139681,193.803225,123.139681,555.473222,518.119782,1.0,0.4136,0.959436,3.463983,2.0,140.0,536.0262001137768,1.0345603830154024,0.00860018545028997
51827.0,0.689225,-0.527876,0.496303,-0.462671,0.206492,0.862147,-0.557589,-0.823838,-0.101914,33.981128,-322.311357,-258.353711,3.594307,3.595707,3.595219,90.002704,89.975695,89.977452,85.258611,0.064754,0.058794,92.021726,1.0,64.698477,227.847421,37.668887,227.847421,-130.58576,-110.968775,37.668887,-110.968775,347.352936,204.31042,-66.452212,113.87621,-66.452212,-9.400212,-43.946359,113.87621,-43.946359,214.688172,416.078907,1.0,2.619263,1.672887,3.736591,2.0,148.0,249.9679889902558,0.6007706345716194,0.010866998951964886
51520.0,0.398083,-0.101184,0.911752,-0.097896,0.983537,0.151893,-0.912111,-0.149723,0.381624,-218.015233,487.871129,-514.195189,3.595451,3.593028,3.595368,90.048284,90.009161,90.00324,115.093834,0.068564,0.062253,77.392147,0.966216,193.735595,-316.347736,109.005152,-316.347736,-573.022635,-11.464625,109.005152,-11.464625,275.311707,-266.392162,-119.283484,-142.411831,-119.283484,-27.738122,1.235765,-142.411831,1.235765,339.609325,571.578653,1.0,1.735875,1.179244,4.54969,2.0,143.0,552.6773513048005,0.9669314072595367,0.012484677547451941
53836.0,-0.413172,0.130054,0.901319,-0.539125,0.762729,-0.357196,-0.733917,-0.633506,-0.245023,54.960308,2.367965,-512.3083799999999,3.596214,3.596093,3.595129,89.989547,89.985062,89.973976,83.961324,0.060695,0.058622,126.155344,1.0,64.213818,20.631168,-20.917632,20.631168,165.623154,-4.732031,-20.917632,-4.732031,664.860586,205.593138,47.809866,49.880227,47.809866,177.971,97.597673,49.880227,97.597673,202.603279,563.407349,1.0,1.193481,1.818339,4.00029,2.0,138.0,106.83482600386306,0.1896227058335071,0.007926735152812869
51524.0,-0.236006,-0.227913,-0.944646,0.231142,0.931041,-0.282377,0.943862,-0.28499,-0.167051,-220.804682,399.60839,-378.959758,3.597032,3.599154,3.596162,89.947003,89.977015,89.981661,106.497619,0.061823,0.052066,143.600592,1.0,758.385063,-641.175206,-52.247434,-641.175206,928.751413,-133.917633,-52.247434,-133.917633,573.380431,166.216356,-22.662679,-59.273996,-22.662679,244.291688,56.803442,-59.273996,56.803442,467.228383,387.178115,1.0,5.002858,1.738634,1.864033,2.0,150.0,280.43289732978064,0.7242994540891875,0.006963759592300288
51526.0,-0.803777,0.086062,-0.588674,0.525279,0.567239,-0.634289,0.279331,-0.819044,-0.50114,-352.229242,-327.420616,-253.5879,3.595364,3.59595,3.59594,90.020133,90.027838,90.001792,52.76174,0.058377,0.050765,109.467837,1.0,20.238222,93.855898,-109.977308,93.855898,569.405152,45.166833,-109.977308,45.166833,254.01808,181.52646,77.855884,-32.429093,77.855884,365.18151,130.833741,-32.429093,130.833741,296.090147,196.082968,1.0,5.535069,2.095712,2.812918,2.0,138.0,209.73031612782285,1.0695998651337368,0.009135103308928996
51529.0,0.623648,0.177762,0.761226,-0.219087,0.97452,-0.04808,-0.750376,-0.13679,0.646702,383.443865,-124.273501,-588.63202,3.600557,3.593791,3.595893,89.976813,89.956602,89.957829,122.893106,0.0965,0.077393,82.403431,0.992857,1303.348188,4.765638,-734.784638,4.765638,-340.632041,121.536136,-734.784638,121.536136,711.810051,161.351217,25.131038,-48.301056,25.131038,-166.312672,-1.304039,-48.301056,-1.304039,579.073732,522.647221,1.0,1.507719,0.867543,4.532074,2.0,139.0,648.808911529296,1.241389766289977,0.012048733747506217
51698.0,0.388433,-0.755774,0.527186,-0.159418,0.508368,0.846255,-0.907582,-0.412756,0.076983,376.653789,472.698795,-374.690578,3.597459,3.594225,3.593182,89.969951,89.975095,90.022958,110.954004,0.080017,0.068179,83.59366,0.979452,-90.270273,-293.174135,-604.227031,-293.174135,-128.830579,-60.428779,-604.227031,-60.428779,398.656474,-108.177301,-219.483239,-109.449397,-219.483239,-143.252246,-85.724022,-109.449397,-85.724022,487.239422,567.888801,1.0,2.584459,1.493737,4.285562,2.0,143.0,653.6520768698019,1.1510212487352818,0.011716821586708849
51535.0,-0.225309,0.313731,-0.922393,0.228709,0.937313,0.26294,0.947063,-0.151717,-0.282938,333.227265,384.480812,-298.416603,3.596239,3.593546,3.593018,89.937907,89.98982,90.030806,87.735971,0.065424,0.054266,101.127604,1.0,-657.663626,-413.330919,-331.516567,-413.330919,-141.385454,-205.09422,-331.516567,-205.09422,404.151967,-19.602166,24.000286,-108.63845,24.000286,130.845553,83.74613,-108.63845,83.74613,424.7141,360.478285,1.0,4.434691,1.857652,1.729644,2.0,142.0,409.57160213756805,1.136189388322151,0.009888496913266135
54113.0,-0.657416,0.735747,-0.162731,-0.515491,-0.281611,0.809299,0.549612,0.615932,0.564406,-367.504865,-66.432521,-345.912072,3.594325,3.595922,3.59569,90.010361,89.999105,89.998923,56.583836,0.058391,0.04905,101.358569,1.0,149.206855,-205.387884,134.327489,-205.387884,205.870621,62.480523,134.327489,62.480523,122.283837,69.586638,-63.267511,-40.711784,-63.267511,281.6629,63.850591,-40.711784,63.850591,198.52886,293.125758,1.0,3.340023,0.971083,0.728559,2.0,146.0,203.86195579163623,0.6954760891113371,0.009865964070585882
51538.0,-0.731789,0.405998,-0.547403,0.497936,0.866917,-0.022683,0.465344,-0.289171,-0.836561,236.951779,374.432988,-558.277018,3.594728,3.594476,3.594469,89.981995,90.073445,90.077116,175.466241,0.076297,0.07957,77.14006,0.950704,-220.982645,353.91718,-551.22848,353.91718,-629.006069,2.105582,-551.22848,2.105582,696.088871,94.550291,-129.730564,70.747053,-129.730564,3.534035,160.746943,70.747053,160.746943,-19.391274,707.648247,1.0,4.753803,2.561773,2.126812,2.0,135.0,215.99111732353074,0.30522384283321874,0.012324387613906444
51810.0,0.780338,0.543559,0.309218,-0.529297,0.310745,0.789482,0.333042,-0.779731,0.53019,342.167245,-220.758301,-374.88616,3.588669,3.596404,3.595785,90.034176,89.96997,90.040511,158.772829,0.071976,0.072956,76.553229,0.871429,-1137.429165,824.465842,-315.559611,824.465842,-496.326856,255.158752,-315.559611,255.158752,698.030564,-389.626668,131.593315,-448.81272,131.593315,124.240236,-58.034357,-448.81272,-58.034357,499.211834,638.694356,1.0,2.768286,1.011971,2.737924,2.0,122.0,874.0346801297874,1.368470962548771,0.011383308207678607
52824.0,0.148526,0.594222,0.790468,-0.918621,-0.213066,0.332774,0.366164,-0.775566,0.514219,299.399791,-69.493309,-409.31949,3.594674,3.595786,3.594891,90.031226,90.008202,90.019735,97.099563,0.05885,0.05629,84.648398,0.993056,-174.701046,116.696244,-77.926859,116.696244,17.246493,77.495914,-77.926859,77.495914,471.88181,46.467597,25.257409,-2.569776,25.257409,-88.976793,32.998828,-2.569776,32.998828,479.846007,523.421548,1.0,1.96926,1.0307,2.700493,2.0,143.0,515.9077444163956,0.9856448332853037,0.011731539207629187
52454.0,-0.212146,-0.845975,-0.489205,0.822201,-0.425082,0.378538,-0.528186,-0.321919,0.78574,150.869805,429.440475,-262.660284,3.595861,3.592528,3.594877,90.02635,89.993213,89.934937,108.103785,0.077027,0.06043,113.018314,0.993056,-391.378671,-629.265929,267.237796,-629.265929,-181.566961,-99.675872,267.237796,-99.675872,306.754484,106.07086,13.742255,-6.586413,13.742255,298.289226,10.294119,-6.586413,10.294119,347.345805,351.924119,1.0,4.05384,0.666904,4.165027,2.0,143.0,221.44451471831817,0.6292393807720754,0.008786682130119195
51876.0,0.647045,0.760224,0.058239,-0.466772,0.334567,0.818651,0.602873,-0.556888,0.571331,-17.959844,391.751909,-470.708863,3.595718,3.593808,3.595926,89.973958,90.018178,90.045375,123.472741,0.065435,0.06635,89.99315,1.0,-416.401542,-11.373861,214.98808,-11.373861,620.704193,-152.784923,214.98808,-152.784923,138.065534,444.239006,-45.449706,55.182762,-45.449706,-100.376743,-91.291629,55.182762,-91.291629,265.484657,517.810558,1.0,3.070572,0.962669,2.316565,2.0,140.0,491.21352645238096,0.9486355943564614,0.011111956854493926
53010.0,0.187299,-0.786241,-0.58885,0.936075,0.324592,-0.135657,0.297795,-0.525799,0.796777,472.109761,181.448945,-312.82055,3.595132,3.592311,3.593593,90.098253,89.95024,90.010255,157.620613,0.093162,0.077313,79.022526,0.917808,-1388.449268,48.29998,165.425431,48.29998,-70.715783,239.112641,165.425431,239.112641,571.751382,44.822228,88.129533,-59.901961,88.129533,-106.647293,-138.456507,-59.901961,-138.456507,666.591338,596.141084,1.0,4.938815,0.648854,2.626271,2.0,134.0,725.6809623334977,1.217297350929596,0.011614511031955621
54041.0,0.85831,-0.455037,-0.237161,0.473031,0.88077,0.022029,0.19886,-0.131092,0.971221,250.015882,-108.671882,-368.270989,3.595398,3.594458,3.596453,89.972917,89.995349,89.996844,109.418293,0.072116,0.066824,79.480843,0.986301,158.384215,62.706434,-153.982104,62.706434,13.172659,259.917814,-153.982104,259.917814,409.554342,-34.76582,-65.416369,-73.23808,-65.416369,-86.049593,140.594092,-73.23808,140.594092,514.119333,537.899052,1.0,4.619769,0.240493,2.153623,2.0,144.0,595.0724329414634,1.1062901686271487,0.01240929213596791
51839.0,0.745485,0.42979,0.509444,-0.525617,0.849079,0.052829,-0.409852,-0.307156,0.858881,-384.491365,-102.60597,-382.309429,3.594395,3.599386,3.594666,89.958337,90.03941,89.94933,108.273095,0.072634,0.062936,104.646656,1.0,361.349883,933.186359,-400.257856,933.186359,561.676759,-18.99327,-400.257856,-18.99327,251.895658,82.852819,-56.10807,52.261191,-56.10807,354.487943,32.606665,52.261191,32.606665,218.324462,301.665054,1.0,1.674127,0.537716,4.069253,2.0,144.0,246.06148978972774,0.8156778073131657,0.009555967082216177
53022.0,0.040564,0.65199,-0.757142,-0.54982,0.647288,0.527936,0.834298,0.394877,0.384734,297.874366,-193.404264,-456.046035,3.595099,3.594666,3.598082,89.982575,89.932203,89.997247,143.577529,0.077742,0.07093,84.627826,0.992537,339.130771,-153.547932,-631.199232,-153.547932,23.905423,350.823115,-631.199232,350.823115,645.153914,358.103133,-57.776628,-48.651917,-57.776628,-80.790119,-16.01518,-48.651917,-16.01518,400.420425,590.766352,1.0,4.103495,1.175877,1.128732,2.0,132.0,466.32825249603485,0.7893615655619378,0.011728258268149296
53795.0,-0.448538,0.823909,0.346393,-0.608244,-0.565365,0.557138,0.654869,0.039206,0.754725,-408.413261,-37.840843,-544.019906,3.595077,3.591788,3.593877,90.076932,89.947755,89.942805,152.987586,0.072693,0.067868,64.824899,0.878571,-1462.180196,-148.294397,-332.871622,-148.294397,154.368416,-88.020849,-332.871622,-88.020849,338.545216,197.362591,16.746595,95.916401,16.746595,238.509855,110.334009,95.916401,110.334009,391.933485,609.203103,1.0,2.585343,0.715562,1.510999,2.0,123.0,218.59864743333867,0.3588272061597471,0.013552986792929673
53289.0,-0.164249,0.656684,0.736062,-0.762318,0.389058,-0.517209,-0.626014,-0.646065,0.4367,-149.711939,16.166315,-374.760133,3.594423,3.594714,3.595201,90.044004,90.040619,89.990953,133.615404,0.071212,0.069879,78.498854,0.985915,-238.699372,82.995621,272.5365,82.995621,-189.938906,-240.059056,272.5365,-240.059056,460.694957,211.367209,146.432041,115.074469,146.432041,-158.882017,-48.06194,115.074469,-48.06194,365.458641,666.945531,1.0,0.958281,1.118869,3.91123,2.0,140.0,495.6074170080158,0.7431002892618764,0.0125596101059004
51944.0,0.534996,0.837954,-0.10776,-0.406609,0.367183,0.836568,0.740573,-0.403744,0.537161,62.536597,-135.633204,-402.910453,3.596197,3.596148,3.594022,90.006508,89.983965,89.975012,210.231612,0.110062,0.112493,61.181524,0.875,578.479189,50.148595,128.834882,50.148595,-215.334056,-110.621716,128.834882,-110.621716,233.980049,114.239085,15.916809,134.365646,15.916809,-179.95018,-60.70184,134.365646,-60.70184,371.609141,1065.46598,1.0,3.269699,1.003728,2.06993,2.0,126.0,494.971025146095,0.4645582631799234,0.014301703239690466
51558.0,-0.216257,-0.250869,0.943556,0.230499,0.925988,0.299027,-0.948738,0.282156,-0.142426,325.833853,467.189073,-243.139852,3.597102,3.59335,3.59525,90.029854,90.011601,90.027085,135.303075,0.07672,0.076364,74.49982,0.939189,271.54975,-65.312894,110.15469,-65.312894,-543.287749,-13.863775,110.15469,-13.863775,683.532735,392.361339,-23.52028,299.126417,-23.52028,151.603711,144.796475,299.126417,144.796475,542.748197,663.645739,1.0,1.877698,1.713709,5.00146,2.0,139.0,447.25172194411147,0.673931430069969,0.012606594217274619
52774.0,0.187936,0.644033,0.741553,-0.867199,-0.24567,0.433142,0.461135,-0.724477,0.512335,454.822658,182.697233,-233.570058,3.594888,3.594776,3.592023,90.052433,89.99717,90.022011,170.587838,0.066763,0.074077,69.202016,0.881944,-886.849687,-192.973071,-213.224714,-192.973071,-113.299401,-86.231327,-213.224714,-86.231327,295.045327,-127.643634,-150.345892,15.505123,-150.345892,136.84821,31.809042,15.505123,31.809042,395.631705,849.753995,1.0,2.099443,1.032895,2.574761,2.0,127.0,472.50718517431994,0.5560517372728797,0.012744484206934087
51560.0,0.762868,-0.350246,0.543471,-0.313889,0.534236,0.784898,-0.565249,-0.769363,0.297613,411.111329,80.059476,-513.18691,3.596929,3.595887,3.595178,90.038126,89.978914,89.999309,58.885155,0.052349,0.044949,109.35528,1.0,705.480076,-76.568101,-0.193678,-76.568101,-145.849796,54.237082,-0.193678,54.237082,489.840193,172.473245,37.440205,0.724496,37.440205,-10.262238,-34.003476,0.724496,-34.003476,596.015426,325.640266,1.0,2.535979,1.268605,3.775228,2.0,142.0,540.4584336636098,1.6596793765781095,0.009144505871138551
53111.0,-0.04724,0.854497,0.517304,-0.766367,-0.363164,0.529899,0.640664,-0.371412,0.672014,140.518471,-65.314385,-242.786761,3.592811,3.595851,3.597028,89.94866,89.99926,90.028048,148.470343,0.083204,0.076714,59.700867,0.802817,810.15647,331.270155,174.50001,331.270155,-409.714647,320.395477,174.50001,320.395477,7.97363,-75.066617,111.334875,49.528393,111.334875,5.648004,317.200021,49.528393,317.200021,51.23621,827.732079,1.0,2.368221,0.833871,2.096178,2.0,114.0,314.43766696907255,0.3798785560527642,0.013447325647716305
53411.0,-0.336888,0.889719,0.30807,-0.918534,-0.382459,0.100098,0.206884,-0.249251,0.946083,133.365627,-322.696164,-408.394385,3.593328,3.593001,3.596018,89.991208,89.95625,90.020537,147.028679,0.073338,0.070047,64.146926,0.840278,-323.605911,54.194707,151.588536,54.194707,-600.929636,-317.993945,151.588536,-317.993945,402.930482,-365.24565,-69.125743,91.058546,-69.125743,85.028859,63.76098,91.058546,63.76098,424.811932,615.828027,1.0,1.884957,0.329874,2.448812,2.0,121.0,695.7348229036139,1.1297550491374662,0.013099271506790522
52889.0,0.094945,0.41933,-0.902856,-0.222759,0.892904,0.391282,0.970239,0.163969,0.178186,402.738244,38.04112,-577.9429250000001,3.59613,3.595508,3.59236,90.011288,89.996474,89.985098,95.700413,0.055834,0.052245,96.078053,0.992754,-419.085679,375.179181,192.579613,375.179181,-37.938201,-2.074405,192.579613,-2.074405,395.07441,-257.781817,-3.149329,-162.712307,-3.149329,16.246515,64.382501,-162.712307,64.382501,573.743711,411.32154,1.0,4.303439,1.391654,1.40338,2.0,137.0,749.4247238176708,1.8219924096794706,0.01033278640648557
53281.0,0.404733,-0.567445,-0.717076,0.888947,0.428007,0.163046,0.214394,-0.703432,0.677657,31.525713,479.729189,-549.032469,3.594563,3.591276,3.594974,90.020139,89.978176,90.034706,162.25229,0.08446,0.08484,76.152935,0.950704,-399.290688,270.290224,-295.701175,270.290224,-413.545003,540.113253,-295.701175,540.113253,-135.21576,-327.163761,-9.59061,-78.099966,-9.59061,-161.582878,-59.944609,-78.099966,-59.944609,443.261602,544.660188,1.0,4.488815,0.826225,2.845754,2.0,134.0,707.6321518668849,1.2992176910622388,0.01248414128752884
51732.0,0.221538,0.390414,-0.893587,-0.045937,0.919518,0.390355,0.974069,-0.045429,0.221643,356.349931,-320.521701,-298.32243900000003,3.595786,3.59582,3.592506,89.982891,89.909154,90.006408,97.433246,0.065874,0.057206,101.302101,1.0,-864.097892,312.448631,-472.877937,312.448631,243.533304,191.537627,-472.877937,191.537627,589.244693,-129.788972,32.251982,-6.250889,32.251982,155.401761,-6.859587,-6.250889,-6.859587,591.005552,380.864059,1.0,4.300532,1.347297,1.617401,2.0,144.0,629.411884057681,1.6525893404336192,0.009871463574087176
54101.0,0.767251,0.028539,-0.640711,0.363626,0.803564,0.471234,0.528301,-0.594534,0.606158,-209.159435,-237.734131,-345.862241,3.594751,3.594721,3.595994,90.03015,90.032744,90.037424,63.194095,0.056611,0.049737,116.414851,1.0,421.032759,-214.418696,-131.207957,-214.418696,-413.841024,-153.83105,-131.207957,-153.83105,338.881269,175.924248,-131.850209,-67.087634,-131.850209,111.041948,-92.888332,-67.087634,-92.888332,418.141365,315.913921,1.0,4.078242,0.919575,2.415113,2.0,140.0,318.55855211328685,1.0083713661775824,0.008589969333036384
52689.0,0.253226,0.907779,-0.334386,-0.884198,0.357425,0.300733,0.392517,0.21951,0.893166,255.260314,-393.517721,-353.658616,3.595193,3.592905,3.593557,89.915595,89.960546,90.046276,164.30279,0.080922,0.079621,70.149314,0.93662,-1141.457479,368.001053,417.783271,368.001053,233.821208,-98.00329,417.783271,-98.00329,192.688948,-517.356588,-68.245524,91.43888,-68.245524,139.052174,-26.386398,91.43888,-26.386398,357.051353,831.493712,1.0,3.979927,0.46646,1.060889,2.0,133.0,794.8451093265156,0.9559243778460657,0.01335180555008706
53014.0,0.019483,0.613804,0.789218,-0.804644,-0.458903,0.37677,0.593438,-0.64238,0.484953,-152.862226,121.537769,-418.677995,3.596675,3.594035,3.595064,90.051299,89.985854,90.020655,67.29702,0.059275,0.054817,107.616,1.0,-451.875837,145.388757,207.482464,145.388757,266.707539,-155.238863,207.482464,-155.238863,617.040985,185.302157,35.576897,39.59001,35.576897,226.825161,-88.159794,39.59001,-88.159794,480.613461,392.593108,1.0,2.016199,1.064486,2.395777,2.0,136.0,290.9031436778925,0.7409787328153823,0.009292298542967588
52779.0,0.038733,-0.763625,0.644497,0.579768,0.542493,0.607923,-0.81386,0.350113,0.463737,5.667927,216.825431,-322.262425,3.595908,3.592915,3.594225,90.050733,89.991065,90.033124,94.075895,0.060615,0.051461,109.49153,1.0,101.246606,365.221426,-83.480598,365.221426,-512.046582,-444.319156,-83.480598,-444.319156,84.213965,141.922692,58.318053,-80.055272,58.318053,-28.483194,-107.131862,-80.055272,-107.131862,277.56457,423.158757,1.0,2.327,1.088587,5.118645,2.0,138.0,294.1366480945968,0.6950976276135455,0.009133126553259418
53634.0,0.456588,-0.809807,0.36843,0.466428,0.570526,0.675978,-0.75761,-0.136798,0.638212,275.416004,269.404128,-548.822781,3.594724,3.593597,3.595897,90.007777,89.971101,89.981631,131.668028,0.05875,0.062611,76.733777,0.964789,-159.117946,351.41139,172.025768,351.41139,234.577156,13.348256,172.025768,13.348256,-76.309508,-502.925614,24.513745,2.054007,24.513745,-16.334957,125.316021,2.054007,125.316021,180.988346,629.103009,1.0,2.642572,0.878623,4.533749,2.0,137.0,619.6406739822417,0.984959005310117,0.01257319837129873
52229.0,0.49854,0.595561,0.629893,-0.648367,-0.226132,0.726969,0.575393,-0.770825,0.273407,-139.35736,-360.448089,-292.443439,3.595314,3.594986,3.595907,90.059349,89.990216,90.037025,126.044675,0.059961,0.061962,85.959967,0.979452,-334.198842,94.746436,293.667005,94.746436,237.24305,240.295364,293.667005,240.295364,649.264421,-247.118932,-14.210236,185.057827,-14.210236,250.915676,-28.0547,185.057827,-28.0547,669.044845,709.358007,1.0,2.427618,1.293864,2.500358,2.0,143.0,810.8882887060003,1.14312981696702,0.011394280781890016
51575.0,0.600692,0.634848,-0.485939,-0.229863,0.719298,0.655571,0.765723,-0.282097,0.578005,-66.564833,-176.778708,-571.087712,3.594597,3.595569,3.595273,89.99776,89.962635,90.012144,106.313965,0.061966,0.060891,84.26017,1.0,-169.711211,199.425817,-133.208777,199.425817,136.175816,76.054256,-133.208777,76.054256,372.441476,143.966073,92.629749,-154.835522,92.629749,-51.588615,-82.250024,-154.835522,-82.250024,366.740192,603.715501,1.0,3.779468,0.954514,1.923773,2.0,146.0,401.15333629565566,0.6644741366275696,0.011868003589359005
51924.0,0.586515,-0.078791,0.806097,-0.445607,0.799698,0.402389,-0.676339,-0.59521,0.433925,-34.337468,-380.372567,-417.165116,3.591913,3.594049,3.597332,90.011966,90.027704,89.938966,117.654173,0.077302,0.06718,88.294241,0.992857,-67.737042,685.796842,521.932734,685.796842,-522.349565,-65.220712,521.932734,-65.220712,331.761294,181.03309,10.600539,283.370964,10.600539,-181.43322,106.772715,283.370964,106.772715,392.797464,428.305474,1.0,2.03379,1.121951,3.990708,2.0,139.0,567.3115041264863,1.3245488058517934,0.011244867034985895
51841.0,0.770383,0.419366,0.480253,-0.548286,0.051307,0.834715,0.325411,-0.906366,0.269458,-189.968006,163.837811,-506.504621,3.59425,3.595309,3.595797,89.976895,90.030686,90.055446,138.167908,0.068296,0.070327,83.776115,0.992958,-414.949554,245.053271,52.923396,245.053271,453.747477,-348.202888,52.923396,-348.202888,276.725237,48.04496,88.069719,258.036646,88.069719,82.680895,55.507536,258.036646,55.507536,211.885689,624.937492,1.0,2.619496,1.297966,2.796897,2.0,141.0,283.6086389902884,0.4538192101143588,0.011852519062264942
51579.0,0.684208,0.033559,0.728515,-0.279505,0.934729,0.219449,-0.6736,-0.353772,0.648929,313.478686,85.216331,-510.232384,3.595483,3.594497,3.594985,89.986908,90.047011,90.003657,101.888713,0.060945,0.056651,78.934531,0.992958,-272.228907,49.811244,-61.510323,49.811244,74.216227,283.312089,-61.510323,283.312089,405.000451,-143.479517,-3.168888,-257.071845,-3.168888,-67.396028,219.328234,-257.071845,219.328234,606.884225,547.380355,1.0,1.863379,0.86462,4.228788,2.0,141.0,772.9131828837664,1.4120221447913788,0.012579513521148304
51581.0,0.894409,-0.128046,0.428528,-0.398559,0.206559,0.89358,-0.202936,-0.970019,0.133714,-326.359337,81.251673,-462.890278,3.597119,3.595689,3.59409,89.989795,90.008253,90.026167,145.746653,0.090405,0.082629,86.40197,0.804348,487.746708,-413.605152,53.702968,-413.605152,93.746337,-157.580483,53.702968,-157.580483,163.193585,207.922292,25.712003,-20.391224,25.712003,41.147779,64.422728,-20.391224,64.422728,358.909162,717.781492,1.0,2.694428,1.43668,3.347826,2.0,111.0,282.3330171278547,0.3933411773284546,0.009309371071053124
51582.0,0.894577,-0.08329,0.439085,-0.398999,0.293746,0.868627,-0.201327,-0.952248,0.229546,152.088381,108.294643,-547.122299,3.594932,3.596039,3.595115,90.016197,89.979364,89.965898,115.242474,0.056125,0.053651,84.550019,0.938356,172.568195,200.477615,-136.076419,200.477615,-148.444893,78.886608,-136.076419,78.886608,494.67746,-57.340934,171.295665,105.032316,171.295665,-99.234288,250.263982,105.032316,250.263982,365.952556,646.383305,1.0,2.673561,1.339185,3.349947,2.0,137.0,525.2810252733047,0.8126463372585169,0.0110982352351689
52664.0,0.011792,-0.89696,0.441953,0.442184,0.401097,0.802243,-0.896847,0.185965,0.401351,-264.124672,242.973723,-446.612459,3.595282,3.592122,3.594852,89.971159,89.984111,89.999457,172.36202,0.077442,0.082106,68.172584,0.868056,-778.052693,164.105216,5.029742,164.105216,194.23015,-102.581352,5.029742,-102.581352,37.278437,-685.071487,211.87161,64.558091,211.87161,201.244675,166.998188,64.558091,166.998188,334.202147,878.873251,1.0,2.638061,1.157805,4.916846,2.0,125.0,989.3359770320361,1.125686753927656,0.012733212518393025
53143.0,-0.094784,0.51632,0.851134,-0.900602,-0.408784,0.147686,0.424183,-0.752535,0.503745,-353.746294,-102.384375,-568.017577,3.595452,3.595975,3.593799,89.972231,90.019117,89.992389,97.5974,0.063754,0.056591,92.833899,0.993056,137.092404,-52.462175,-378.835117,-52.462175,276.32558,32.449935,-378.835117,32.449935,-133.932099,377.473131,3.572576,6.870392,3.572576,92.903774,134.888762,6.870392,134.888762,147.551515,469.100376,1.0,1.742603,1.042868,2.628313,2.0,143.0,286.54184650147624,0.6108326941555814,0.010697126919122507
51979.0,0.503951,0.855135,0.121562,-0.403108,0.108383,0.908712,0.763897,-0.506949,0.399331,185.018338,-333.151716,-366.617112,3.598629,3.597088,3.594825,90.052422,90.039347,89.923544,122.368843,0.070229,0.067689,99.16653,0.993151,1190.369159,-852.430467,170.508497,-852.430467,306.066044,-160.632737,170.508497,-160.632737,260.764939,-38.732385,2.943149,136.657377,2.943149,228.7558,-58.336983,136.657377,-58.336983,230.941876,466.996252,1.0,3.008609,1.160009,2.156697,2.0,145.0,297.8334867748387,0.6377641908244667,0.010014981869386779
52285.0,-0.323083,-0.578054,-0.749313,0.81981,0.224604,-0.526749,0.472789,-0.784478,0.401329,357.870367,186.363646,-404.672794,3.5962,3.594483,3.590377,90.071547,90.00717,90.006685,95.055388,0.068305,0.056319,110.437432,1.0,-1256.207434,-602.545363,79.398321,-602.545363,112.903738,138.905977,79.398321,138.905977,263.484843,23.677669,-34.240731,-13.120229,-34.240731,83.048907,5.583296,-13.120229,5.583296,503.298829,500.705446,1.0,5.32511,1.157829,2.599205,2.0,142.0,454.0016574068756,0.9067240251404728,0.009054900878173263
53455.0,-0.375556,0.891746,0.252479,-0.908716,-0.407853,0.088829,0.182187,-0.196072,0.963516,-256.767989,-141.289116,-342.360251,3.597982,3.597253,3.59598,89.997993,90.00686,90.065618,91.282141,0.075367,0.061903,132.823076,1.0,1108.243529,452.95956,-202.173918,452.95956,446.727146,-78.975477,-202.173918,-78.975477,390.388599,125.63088,-77.325892,-18.945683,-77.325892,238.883461,69.712454,-18.945683,69.712454,337.307272,402.516098,1.0,1.909098,0.270953,2.392884,2.0,148.0,205.08215023011434,0.5095004926489035,0.007528812237415734
53574.0,-0.269571,0.908418,0.319545,-0.58525,-0.418064,0.69477,0.764732,0.000276,0.644349,101.340885,-275.283824,-525.897247,3.595009,3.594369,3.597659,90.024405,89.948516,89.962354,148.323067,0.071304,0.064776,73.138143,0.921429,-358.957736,-180.661711,287.316448,-180.661711,318.498239,351.803338,287.316448,351.803338,823.376058,-17.198381,287.802032,176.165389,287.802032,285.611575,-81.017479,176.165389,-81.017479,207.413435,709.575764,1.0,2.710512,0.870625,1.570436,2.0,129.0,405.5252243397124,0.5715037701593658,0.012598474095794312
51592.0,0.779971,0.609116,0.143607,-0.342721,0.223742,0.912404,0.523629,-0.760866,0.383269,-57.84914,-93.708303,-325.928872,3.59519,3.59324,3.594946,90.039101,89.994288,90.033039,121.185193,0.077215,0.074181,72.931168,0.916667,-400.03716,-240.429966,303.150949,-240.429966,-84.658652,184.511937,303.150949,184.511937,249.755082,0.449486,-115.669298,29.084549,-115.669298,-96.743713,-121.804761,29.084549,-121.804761,334.440503,739.74217,1.0,2.98548,1.177463,2.538829,2.0,131.0,418.63402360235995,0.5659188303437669,0.01256893349082247
53064.0,-0.043921,0.338289,0.940017,-0.94726,-0.313078,0.06841,0.317441,-0.887436,0.334199,-384.994089,291.319314,-290.767102,3.595796,3.597032,3.595902,89.969384,89.9754,89.963331,130.934274,0.0633,0.066095,84.026098,0.978261,501.959432,-397.006174,-178.977625,-397.006174,477.938591,225.908408,-178.977625,225.908408,274.480013,-85.360492,51.97561,-64.78466,51.97561,22.026615,78.879498,-64.78466,78.879498,416.322459,697.088116,1.0,1.643444,1.230041,2.798069,2.0,135.0,468.1707614674104,0.6716091563199312,0.011642347119343801
53747.0,0.273465,0.537444,-0.797729,0.160307,0.792278,0.588725,0.94843,-0.288877,0.130504,345.667286,385.64063,-448.078308,3.59629,3.597126,3.59404,89.97232,89.966821,90.012026,83.628323,0.060604,0.050564,101.896005,1.0,-264.489771,294.414341,-152.482565,294.414341,613.693694,-23.803171,-152.482565,-23.803171,550.746073,-130.815133,-54.509999,97.175577,-54.509999,67.495786,-37.537858,97.175577,-37.537858,566.326361,413.71772,1.0,4.076611,1.439919,1.866454,2.0,144.0,630.4366388128325,1.5238328172475486,0.009813927444947424
53733.0,-0.580355,0.126953,0.804407,-0.807064,0.042299,-0.588947,-0.108794,-0.991006,0.077911,218.39425,15.478118,-422.47116,3.593913,3.595072,3.59481,90.02163,89.969155,89.938831,97.106656,0.046879,0.049381,101.058373,1.0,-431.991208,-259.660485,387.573331,-259.660485,85.514425,288.961669,387.573331,288.961669,227.720317,245.567875,44.374997,-88.017932,44.374997,-2.357444,75.82128,-88.017932,75.82128,198.306184,481.516308,1.0,0.938817,1.492806,3.250936,2.0,144.0,252.15497978353625,0.5236686184749868,0.009895271122166196
51875.0,0.737993,0.434758,0.516092,-0.550624,-0.054159,0.832995,0.390103,-0.898917,0.199419,186.589642,94.341243,-428.568784,3.595016,3.595765,3.59557,89.955357,90.007507,89.97814,149.156375,0.094906,0.080875,70.415816,0.871622,404.573088,116.72017,-329.540097,116.72017,220.713353,-183.913058,-329.540097,-183.913058,-32.691309,-307.774909,201.222051,23.764771,201.222051,139.047504,124.160604,23.764771,124.160604,371.614502,732.890632,1.0,2.586913,1.370031,2.732149,2.0,129.0,632.4610856405563,0.8629678945610487,0.012378213440003307
51599.0,-0.672184,-0.645301,0.362982,0.513266,-0.052808,0.856603,-0.533598,0.762101,0.366708,88.090056,197.64833,-570.382963,3.595072,3.596464,3.594366,90.023741,90.036417,89.935924,143.559126,0.078043,0.07531,80.219426,0.992958,964.457772,29.455992,-179.14698,29.455992,-341.981366,111.577435,-179.14698,111.577435,-155.6768,58.66948,29.82642,133.068113,29.82642,-27.250805,-78.522287,133.068113,-78.522287,337.304686,581.575427,1.0,2.740785,1.195329,5.672347,2.0,141.0,357.11644514783694,0.6140500931925326,0.01237802424564843
53250.0,-0.067817,0.886009,0.458681,-0.549506,-0.416894,0.724046,0.832733,-0.202946,0.51514,180.582548,-218.664428,-398.528119,3.594972,3.596073,3.595957,90.006675,89.97077,90.003817,90.313091,0.063245,0.057254,92.423846,1.0,303.360549,-109.880075,52.045597,-109.880075,78.386074,238.682976,52.045597,238.682976,392.15803,-76.533095,16.930351,-131.521103,16.930351,237.396098,-52.537714,-131.521103,-52.537714,263.630382,393.065914,1.0,2.576906,1.029625,1.809847,2.0,140.0,350.33408343098154,0.8912858402445487,0.010819718538871452
53083.0,0.243456,-0.647601,-0.72204,0.850691,0.500159,-0.161761,0.465891,-0.574852,0.672675,362.258968,461.661144,-520.827094,3.587027,3.59591,3.591947,90.033513,89.82123,90.006984,251.076327,0.076062,0.082489,129.283715,0.992958,-1198.118065,-1558.340261,18.394642,-1558.340261,-1927.316258,-198.144399,18.394642,-198.144399,523.17128,29.52178,-37.144367,185.22557,-37.144367,166.992558,-34.659765,185.22557,-34.659765,326.664057,313.329865,1.0,4.932782,0.832979,2.46051,2.0,141.0,306.61132384082237,0.9785576100153185,0.007680456892811287
53846.0,0.645312,0.155732,-0.747877,0.488983,0.667953,0.561012,0.586914,-0.727727,0.354888,173.813817,-155.42559,-434.044352,3.595451,3.595187,3.592709,90.020708,90.0162,89.979102,145.582242,0.073435,0.066863,69.851209,0.951389,-15.513775,479.856333,63.085336,479.856333,-169.057093,-149.74986,63.085336,-149.74986,-58.613227,-759.734155,5.435307,73.054022,5.435307,285.595044,33.924982,73.054022,33.924982,423.546335,694.335127,1.0,4.068799,1.208002,2.462899,2.0,137.0,1122.8696310412845,1.6171868415945552,0.013620222378684956
54104.0,-0.111441,-0.800642,0.588688,-0.181925,0.598804,0.77996,-0.976977,-0.020177,-0.212388,163.83523,-119.576849,-295.910421,3.594698,3.593849,3.594775,90.014133,89.996872,90.010831,170.515455,0.085034,0.090134,69.701031,0.835616,-59.962688,143.873111,-115.180974,143.873111,-185.735501,52.142896,-115.180974,52.142896,-4.224935,271.511889,117.353663,154.548334,117.353663,-133.322099,-13.383026,154.548334,-13.383026,159.978881,792.629394,1.0,2.495047,1.784814,4.691739,2.0,122.0,399.4432984181781,0.5039471175834012,0.011988574458819698
51609.0,-0.461458,-0.862775,-0.20658,0.392592,-0.407407,0.824555,-0.795568,0.299396,0.52672,54.033492,457.101819,-245.772231,3.595082,3.595889,3.594276,89.989041,89.947498,90.060068,134.734597,0.069111,0.06269,75.894286,0.993056,-43.515682,-75.172665,-406.856087,-75.172665,379.860343,-558.851769,-406.856087,-558.851769,-51.620995,-0.5371,39.472883,62.894894,39.472883,129.532951,-131.010606,62.894894,-131.010606,351.29057,565.330518,1.0,3.387074,1.016059,5.072325,2.0,143.0,334.5847065628194,0.5918391028075003,0.013084726826470178
53653.0,-0.504446,0.343807,0.792043,-0.843847,-0.390626,-0.367878,0.182913,-0.853937,0.48717,390.084916,-278.389098,-490.992788,3.592956,3.596698,3.591531,90.026822,89.987477,90.061987,177.983602,0.081528,0.084609,85.502806,0.862319,-649.329448,75.101928,-617.188899,75.101928,-747.407159,-13.868032,-617.188899,-13.868032,551.873372,-329.315226,-104.485055,94.468047,-104.485055,-45.283114,5.078038,94.468047,5.078038,312.184278,731.217117,1.0,1.135977,1.061951,2.930581,2.0,119.0,569.990999166269,0.7795099238168806,0.010085271353550664
52288.0,0.444966,0.630415,0.636067,-0.640378,-0.272525,0.718085,0.626036,-0.726847,0.28244,131.208881,455.86251,-350.907546,3.597098,3.594507,3.602499,89.999958,90.072175,90.040603,170.1164,0.058177,0.058753,111.275582,0.992754,421.807494,1051.895765,244.32663,1051.895765,1832.480261,-111.748452,244.32663,-111.748452,494.314217,136.10715,54.240578,84.553435,54.240578,147.511188,-83.315727,84.553435,-83.315727,680.904036,512.51389,1.0,2.416688,1.28446,2.430573,2.0,137.0,550.9042023945593,1.0749058964910383,0.008921579938355208
53542.0,-0.437775,0.052066,0.897576,-0.89864,0.006044,-0.438645,-0.028263,-0.998625,0.044143,-242.276661,-388.59219,-270.719022,3.590278,3.595557,3.594727,89.999474,89.976563,89.952684,176.995504,0.076642,0.076194,83.061253,0.891304,-419.26894,-632.928354,139.116543,-632.928354,-846.874638,333.61834,139.116543,333.61834,248.016429,-369.301478,-277.359715,-48.302429,-277.359715,390.779133,8.559229,-48.302429,8.559229,284.243177,633.465948,1.0,1.11623,1.526639,3.169887,2.0,123.0,753.3907538747471,1.1893153156114826,0.010730683294652443
52420.0,-0.248672,-0.360726,-0.89891,0.864762,0.335351,-0.373799,0.436289,-0.870297,0.228549,309.75459,374.39341,-338.027774,3.595286,3.595504,3.593194,90.035211,90.008484,89.981839,114.669455,0.062063,0.059033,81.713715,0.965278,-514.451056,-163.562924,-33.974593,-163.562924,294.098938,-190.143074,-33.974593,-190.143074,154.365257,-167.708825,137.376877,-81.293959,137.376877,107.203344,-81.556322,-81.293959,-81.556322,444.062812,547.288356,1.0,5.106472,1.340209,2.676897,2.0,139.0,552.9531441843374,1.010350646276745,0.011812925161951088
53830.0,0.442758,0.26237,-0.857396,0.300159,0.857689,0.417461,0.844908,-0.442189,0.300996,-93.710194,166.519317,-501.971389,3.595121,3.594992,3.594396,89.99861,89.972718,89.98602,102.602874,0.060137,0.05956,87.575965,0.992958,-202.692338,95.150812,-75.927598,95.150812,175.564686,166.816456,-75.927598,166.816456,107.212585,-130.76284,-56.691021,-106.690397,-56.691021,212.626859,74.6999,-106.690397,74.6999,241.530485,480.705224,1.0,4.259281,1.26506,2.052955,2.0,141.0,379.22249828820094,0.7888878242941686,0.011338247885706998
53727.0,0.723209,-0.489255,-0.487441,0.685354,0.59549,0.419143,0.085198,-0.637198,0.765977,-185.063632,285.507272,-392.39282000000003,3.595603,3.596606,3.594881,90.022678,89.965415,89.980005,69.548677,0.051169,0.047591,102.464,0.986301,-171.896166,65.062585,241.625848,65.062585,520.736153,-105.97676,241.625848,-105.97676,449.143431,40.607821,116.437368,88.650121,116.437368,241.937207,-110.829919,88.650121,-110.829919,371.703479,379.463437,1.0,4.002184,0.698237,3.008673,2.0,142.0,329.8081299110218,0.8691433686429763,0.00962582955965022
52570.0,0.277716,0.763028,-0.583663,-0.640985,0.599722,0.479031,0.71555,0.241085,0.655642,-0.857038,-10.504027,-374.306241,3.595868,3.59609,3.595565,89.998179,90.01447,89.987499,104.763964,0.063888,0.062869,76.143895,0.985507,394.076777,-47.170149,145.952136,-47.170149,319.431757,30.338819,145.952136,30.338819,205.267885,140.169311,34.221077,-2.469232,34.221077,253.489967,11.373458,-2.469232,11.373458,385.070177,514.967767,1.0,4.025133,0.855764,1.245819,2.0,136.0,214.58233740728252,0.4166908128199071,0.012942692253922656
52719.0,-0.039985,-0.928037,-0.370336,0.919482,-0.179242,0.349892,-0.391093,-0.326526,0.860481,-154.846634,298.512849,-285.69127000000003,3.592341,3.59426,3.594331,90.005326,90.083469,89.995862,170.896073,0.075916,0.080911,66.827063,0.945205,-182.558047,256.660145,-50.056476,256.660145,-1057.665179,-273.849055,-50.056476,-273.849055,324.589409,-19.02579,-30.578552,-1.116078,-30.578552,-291.110408,-26.820377,-1.116078,-26.820377,449.855036,909.334235,1.0,3.955367,0.534584,4.016722,2.0,138.0,650.1509427383677,0.714974667965039,0.014144045205158875
51627.0,0.885492,0.356847,0.297598,-0.45136,0.508472,0.733301,0.110357,-0.783656,0.611314,297.768389,-397.726082,-334.50599,3.594991,3.595611,3.594657,90.034431,90.003351,90.010691,125.887396,0.065112,0.060272,68.493194,0.902778,-54.674805,-155.181166,-16.309984,-155.181166,-97.516032,-63.631881,-16.309984,-63.631881,441.116725,-250.863635,-30.444485,-4.914776,-30.444485,-126.132059,65.441014,-4.914776,65.441014,596.78195,677.204486,1.0,2.756068,0.913076,3.00169,2.0,130.0,795.1465243069916,1.1741601550864382,0.013180550464619885
53876.0,-0.651119,0.587572,0.48042,-0.732398,-0.652464,-0.19464,0.199092,-0.478592,0.855168,-11.220301,95.887388,-318.410632,3.596226,3.594472,3.595837,89.990718,89.997318,90.023214,62.943314,0.059779,0.051612,113.237163,1.0,406.013472,158.26121,17.146639,158.26121,35.032122,-232.227016,17.146639,-232.227016,202.721167,209.184279,113.281352,27.232301,113.281352,267.160785,-59.072887,27.232301,-59.072887,405.690476,322.813268,1.0,1.185862,0.544922,2.747375,2.0,144.0,208.28134740868208,0.6452068984001057,0.00883102308029388
53977.0,-0.579553,0.771775,0.26169,-0.565042,-0.611951,0.553392,0.587236,0.172854,0.790744,-83.662145,455.049871,-577.964593,3.596179,3.594498,3.596161,90.024543,90.008462,89.967922,125.119881,0.065744,0.062905,88.228424,1.0,-193.313549,174.827611,-82.469011,174.827611,608.420635,11.457897,-82.469011,11.457897,312.809256,51.140523,12.025036,160.423928,12.025036,115.809522,15.463999,160.423928,15.463999,231.295828,634.366544,1.0,2.699873,0.658773,1.284529,2.0,140.0,211.1332048388699,0.3328252519553898,0.011334215830490182
51733.0,-0.645128,-0.331324,-0.688502,0.606089,0.326788,-0.725166,0.465258,-0.885118,-0.010008,-128.51703,-371.272108,-399.131018,3.59436,3.596359,3.597377,90.027719,89.979487,89.994524,148.813765,0.064262,0.068514,73.292012,0.972222,422.245172,344.467846,-15.686132,344.467846,371.339073,-389.132938,-15.686132,-389.132938,284.584139,91.901931,-109.048341,70.366245,-109.048341,248.258071,-61.846781,70.366245,-61.846781,467.261942,731.754612,1.0,5.523717,1.580804,2.65764,2.0,140.0,349.50467524203145,0.47762551750344345,0.013265047219606961
53181.0,-0.135066,0.9549,0.26443,-0.956614,-0.056138,-0.2859,-0.258161,-0.291573,0.921053,130.297803,343.6826,-492.626398,3.594694,3.59299,3.597017,89.95525,89.930289,89.89959,212.021281,0.07547,0.089562,73.233266,0.802817,-472.466276,-1059.791346,303.954233,-1059.791346,475.774529,-400.248526,303.954233,-400.248526,127.714842,104.851485,-141.201831,151.155826,-141.201831,-74.470713,62.516172,151.155826,62.516172,285.856013,817.543247,1.0,0.746405,0.400021,3.866288,2.0,114.0,363.86529662876325,0.4450716191026935,0.010962463424750168
52079.0,-0.450227,-0.723162,-0.523767,0.746045,-0.626964,0.22435,-0.490624,-0.289746,0.821788,-317.013848,259.441257,-572.1899510000001,3.591019,3.594207,3.59532,90.017522,90.098877,90.012304,149.672187,0.094706,0.084349,76.045356,0.978571,-835.747491,688.190686,-216.653631,688.190686,-772.115239,27.598449,-216.653631,27.598449,584.340712,-217.596014,-89.637823,-77.38981,-89.637823,-196.617167,-124.4753,-77.38981,-124.4753,393.524067,490.953082,1.0,4.307693,0.606255,4.178936,2.0,137.0,619.0524513161614,1.2609197783102244,0.012868254571653264
53273.0,0.401703,-0.826537,-0.394299,0.907737,0.416286,0.052155,0.121033,-0.378871,0.917501,457.891809,469.548173,-441.409614,3.588713,3.592711,3.595415,90.08713,89.882189,89.84953,195.350573,0.077183,0.079677,96.112994,1.0,-2320.575316,-1376.219505,134.195712,-1376.219505,-427.421529,114.193523,134.195712,114.193523,688.18151,207.068458,-171.643071,125.139776,-171.643071,38.964366,69.590704,125.139776,69.590704,529.99701,663.553582,1.0,4.580879,0.409046,2.832382,2.0,140.0,473.6038181232692,0.7137386203172801,0.01040442044704174
51636.0,-0.449981,0.068649,-0.890396,0.406024,0.903759,-0.135514,0.795401,-0.422501,-0.434547,-43.509487,-231.067788,-445.816825,3.595721,3.596543,3.595646,89.98957,90.048921,89.980678,71.585859,0.072178,0.056292,105.457182,1.0,-106.362287,2.03503,277.193939,2.03503,607.793316,94.514814,277.193939,94.514814,524.798006,441.657176,-77.6957,-45.747492,-77.6957,122.057077,72.93398,-45.747492,72.93398,436.417424,322.469477,1.0,4.863425,2.020332,2.059075,2.0,144.0,332.5412278499633,1.0312331912578607,0.009482521541301947
52068.0,0.427664,0.077529,0.900607,-0.394176,0.912594,0.108619,-0.813467,-0.40145,0.420844,-376.119961,432.348114,-460.546704,3.595452,3.592135,3.594075,89.911417,90.021754,89.935731,120.257172,0.078649,0.066881,108.17463,1.0,-119.50163,799.123762,-397.138266,799.123762,-810.531727,304.25858,-397.138266,304.25858,216.457584,81.098857,223.282631,-106.514357,223.282631,243.271463,-39.53306,-106.514357,-39.53306,253.774552,357.599079,1.0,1.690823,1.136421,4.253951,2.0,144.0,274.20076699259977,0.7667826431750954,0.009244311720779632
53441.0,-0.260117,0.726674,0.635834,-0.714347,-0.587872,0.379624,0.649652,-0.355459,0.672013,511.10214,236.488341,-561.383759,3.593931,3.59391,3.596161,89.985996,89.973061,89.987926,118.393584,0.072086,0.068523,80.468421,0.985294,18.077109,-28.328778,414.105931,-28.328778,-231.341427,24.093218,414.105931,24.093218,152.511422,-87.592041,178.051429,81.582712,178.051429,-97.930118,-231.586152,81.582712,-231.586152,477.839842,488.344299,1.0,2.109044,0.833873,2.071451,2.0,134.0,628.218286538987,1.286424942044807,0.012244480353355012
52582.0,-0.018401,-0.740794,0.67148,0.442805,0.5961,0.669767,-0.896429,0.309659,0.317059,65.783617,414.625623,-436.482251,3.593976,3.595813,3.590762,89.90301,90.061691,89.998718,161.71794,0.075549,0.080225,76.251419,0.804348,-1164.620753,-865.859994,4.998628,-865.859994,-69.413064,482.819489,4.998628,482.819489,211.551504,-354.710504,-40.114017,7.788424,-40.114017,-25.208642,-129.503635,7.788424,-129.503635,431.574842,589.652451,1.0,2.354917,1.24817,5.044992,2.0,110.0,693.9483956789312,1.1768769798243934,0.010548629921234646
52820.0,0.04234,-0.399195,-0.915888,0.91813,0.377064,-0.121903,0.394011,-0.835743,0.382478,1.45841,-243.895953,-458.613799,3.596225,3.596207,3.593641,90.014325,90.005936,89.99328,98.744846,0.057497,0.056053,94.100586,1.0,-280.178824,-19.111402,180.072902,-19.111402,465.44998,-47.633251,180.072902,-47.633251,330.093399,-93.650576,-36.809795,79.935698,-36.809795,180.900744,-8.416238,79.935698,-8.416238,534.679768,444.217862,1.0,4.844709,1.17832,2.701044,2.0,148.0,550.9357091142468,1.2402376316741779,0.010626926382796383
54163.0,0.815849,-0.152727,-0.557731,0.34211,0.905072,0.252596,0.466209,-0.396886,0.790652,-294.926049,108.79628,-252.122785,3.594605,3.595117,3.591368,89.980362,89.976638,90.085248,209.616519,0.112905,0.112772,60.246257,0.802817,-286.0366,-493.601166,794.953781,-493.601166,-325.634571,-259.471463,794.953781,-259.471463,-260.323204,-17.400998,-238.736702,112.83142,-238.736702,-245.790309,-118.896435,112.83142,-118.896435,165.080061,965.398357,1.0,4.287126,0.658923,2.276048,2.0,114.0,435.92959978183217,0.45155411403070383,0.013325591330926999
52588.0,-0.019282,-0.85835,0.512702,0.454946,0.449101,0.768981,-0.89031,0.24808,0.381843,-213.928394,108.315902,-315.853143,3.597162,3.591894,3.594746,89.990052,89.992486,90.00037,117.060472,0.06337,0.063974,88.236652,0.963235,-660.472997,278.3505,130.217121,278.3505,85.250932,-361.83249,130.217121,-361.83249,458.877991,109.655057,26.779046,-3.87719,26.779046,-3.483725,-253.670844,-3.87719,-253.670844,672.183368,547.828734,1.0,2.553547,1.179006,4.98414,2.0,131.0,664.599908116148,1.2131527005959273,0.010916495335747779
51646.0,-0.205024,0.507564,-0.836865,0.25109,0.85369,0.456253,0.946002,-0.116586,-0.302471,208.542383,-368.579934,-504.030219,3.594891,3.595979,3.594208,89.958408,90.044473,89.973746,122.33478,0.062662,0.06013,78.043333,0.993243,-502.458447,135.193608,312.642976,135.193608,515.110233,-76.573737,312.642976,-76.573737,225.437745,114.881372,9.366331,9.881695,9.366331,-203.994018,-7.11518,9.881695,-7.11518,464.906583,549.350119,1.0,4.213244,1.878081,1.693418,2.0,147.0,579.6469526616044,1.0551503178278268,0.012726814217429694
51647.0,-0.364387,-0.122829,-0.923112,0.357254,0.896981,-0.260374,0.859995,-0.424663,-0.282967,158.386595,-119.555363,-410.348326,3.594712,3.594592,3.593332,90.020152,90.015947,90.039334,144.584156,0.065414,0.069986,66.39366,0.802817,-499.703704,211.414183,-97.666219,211.414183,-172.753022,-157.996692,-97.666219,-157.996692,231.364416,-484.869951,-244.683355,-107.121607,-244.683355,270.575221,178.464541,-107.121607,178.464541,77.720649,642.086164,1.0,4.987308,1.857682,2.029469,2.0,114.0,734.5714192608372,1.1440386983028605,0.012091772015581006
53556.0,-0.385704,0.274834,0.880738,-0.792163,0.390727,-0.46884,-0.472981,-0.878521,0.067008,-355.229559,35.809443,-437.250494,3.595823,3.59442,3.591139,90.044025,89.908997,89.953463,127.932064,0.084415,0.084539,67.10884,0.855072,-1551.230389,-147.501324,40.800102,-147.501324,433.196981,348.076002,40.800102,348.076002,326.608611,-188.85562,153.268293,112.202397,153.268293,216.887854,169.456605,112.202397,169.456605,320.379452,593.18059,1.0,1.081624,1.503738,3.635473,2.0,118.0,515.6805061613904,0.8693482471525078,0.01274157026108632
52450.0,-0.151311,0.627264,-0.763967,0.665811,0.635919,0.390259,0.730617,-0.449607,-0.513861,-403.744227,313.884404,-472.017356,3.594402,3.594812,3.597872,89.916779,89.993015,89.931335,144.82862,0.070446,0.064954,78.100586,0.802817,-281.931613,-259.701983,648.482996,-259.701983,997.839965,-495.422569,648.482996,-495.422569,79.559387,-47.482547,151.310482,380.594068,151.310482,466.486261,-108.446384,380.594068,-108.446384,-64.387979,728.771874,1.0,4.240113,2.110476,2.122448,2.0,114.0,638.5679975803006,0.8762248110309215,0.010279269863608961
52511.0,-0.211759,-0.925748,-0.313288,0.963153,-0.252063,0.093815,-0.165817,-0.281878,0.945013,-404.136914,100.490169,-364.236961,3.596702,3.592808,3.59567,90.027305,89.990972,89.99654,92.722977,0.061262,0.054516,80.551397,0.993151,-526.699264,-293.220031,-15.659505,-293.220031,485.313265,24.169991,-15.659505,24.169991,308.392902,113.392209,-118.121376,82.028463,-118.121376,334.957864,-172.915521,82.028463,-172.915521,262.821487,469.409634,1.0,4.421435,0.333162,3.673334,2.0,145.0,276.1301902231375,0.5882499425291674,0.012329407521014192
52985.0,0.037551,0.826926,-0.561055,-0.788326,0.36955,0.49191,0.614111,0.423822,0.665764,67.929692,308.230079,-517.676338,3.595595,3.594004,3.596311,89.995217,90.015147,89.956364,104.244329,0.056807,0.052179,81.915949,1.0,-11.562432,-485.778514,25.332137,-485.778514,121.250087,3.60052,25.332137,3.60052,360.25135,461.238859,-262.28084,-221.635778,-262.28084,175.409876,18.227531,-221.635778,18.227531,281.324146,518.090627,1.0,3.992563,0.842279,0.966719,2.0,140.0,389.00783673147885,0.750849014551809,0.012207634925892148
51659.0,0.295801,-0.506585,0.80986,-0.082204,0.831155,0.54993,-0.951706,-0.229244,0.204213,-245.818807,-432.294901,-411.045737,3.596392,3.593841,3.588601,90.056319,90.022961,90.016452,140.055741,0.056468,0.056707,121.649409,1.0,-794.034243,-920.791279,-216.054781,-920.791279,-1097.892067,89.781576,-216.054781,89.781576,392.963136,-154.444839,-128.235949,-54.13053,-128.235949,105.035817,33.316589,-54.13053,33.316589,472.521446,201.418792,1.0,2.167319,1.365136,4.476015,2.0,140.0,559.5486899642098,2.7780361723359444,0.008220344087327214
53223.0,-0.167412,0.975804,-0.140639,-0.96788,-0.135534,0.211753,0.187569,0.171571,0.967151,154.036431,-187.467163,-254.590086,3.592849,3.594308,3.596888,89.923743,90.017026,90.058255,159.00939,0.072632,0.074488,76.925321,0.805556,-141.992501,516.303618,476.483753,516.303618,-579.314908,388.090306,476.483753,388.090306,670.984625,159.656752,-67.403587,-87.62955,-67.403587,-16.427923,177.579084,-87.62955,177.579084,385.213347,601.164615,1.0,3.727859,0.257023,0.829912,2.0,116.0,392.9580569583634,0.6536613219631421,0.010471922502604833
53821.0,-0.632689,0.748346,0.199206,-0.773768,-0.621335,-0.123393,0.031433,-0.232209,0.972158,422.21185,489.35262,-263.479914,3.588486,3.595587,3.596995,89.994836,89.977272,89.995774,128.85129,0.053017,0.053082,97.314297,1.0,-610.935681,-1008.385959,31.581158,-1008.385959,-861.086263,-168.685284,31.581158,-168.685284,595.059216,-9.666237,-91.510464,75.914821,-91.510464,-117.803867,-4.89984,75.914821,-4.89984,645.881524,373.436757,1.0,1.016216,0.236526,3.007046,2.0,146.0,723.1506899161569,1.9364743195757694,0.010275982366701986
51934.0,0.760351,0.645742,-0.069882,-0.625954,0.757233,0.186494,0.173344,-0.098058,0.979968,185.634765,407.888643,-487.40639,3.594876,3.589791,3.596118,90.065366,89.954528,90.018313,190.623563,0.085352,0.080962,73.165546,0.945946,-698.042014,-688.593479,-13.523025,-688.593479,-864.251794,-505.353862,-13.523025,-505.353862,605.604421,-727.66562,-90.935101,-230.153796,-90.935101,289.707261,-237.269195,-230.153796,-237.269195,469.078457,779.600623,1.0,3.500114,0.200497,2.085601,2.0,140.0,1156.6596173330013,1.4836566098190525,0.012928844951146812
52462.0,-0.182139,-0.693602,-0.696952,0.753391,-0.553918,0.354367,-0.631844,-0.460534,0.623443,208.678519,-296.107198,-491.667588,3.59183,3.595154,3.591218,89.980394,90.084723,89.976425,179.961748,0.09205,0.08953,65.8804,0.830986,-417.562543,770.226791,216.123543,770.226791,-1181.311008,-69.148772,216.123543,-69.148772,-76.537499,-880.875164,171.201894,-152.113923,171.201894,87.803078,-36.9378,-152.113923,-36.9378,141.610369,657.39101,1.0,4.242002,0.897657,4.082547,2.0,118.0,1016.7175441109441,1.5465948402776972,0.01261355425892982
54227.0,0.51169,0.301133,-0.804669,0.144698,0.892983,0.426197,0.846898,-0.334515,0.413357,-238.108597,-424.78575,-392.210974,3.595953,3.593558,3.595581,90.034317,90.013832,89.996977,97.319435,0.05963,0.05285,93.274013,0.992958,462.648891,33.84624,42.596988,33.84624,-448.749685,80.841674,42.596988,80.841674,228.463168,56.626593,-109.006863,6.893391,-109.006863,99.968465,53.672673,6.893391,53.672673,334.698229,527.182453,1.0,4.2253,1.144659,1.946975,2.0,141.0,279.7468239274518,0.5306451729102823,0.010645601792645076
53352.0,0.467868,0.082134,-0.879973,0.876147,0.087627,0.474013,0.116042,-0.992762,-0.030964,2.836217,231.493269,-540.692559,3.597378,3.596051,3.593437,90.023801,89.967065,89.934562,117.506247,0.070286,0.069935,92.414284,1.0,-280.718614,368.925233,-474.391643,368.925233,793.482576,-336.87468,-474.391643,-336.87468,222.454279,-85.352302,53.31351,38.028178,53.31351,260.075516,-144.623764,38.028178,-144.623764,285.524333,433.979665,1.0,4.218288,1.601765,3.025232,2.0,140.0,384.2683026219669,0.8854523232602773,0.010820838042742397
51669.0,0.511966,-0.238475,0.82524,-0.230236,0.887447,0.399286,-0.827576,-0.394421,0.399438,526.965044,-82.940686,-294.945445,3.597066,3.597102,3.591207,90.01818,90.044514,90.012014,80.809072,0.067157,0.053644,116.260568,1.0,-702.724802,-699.356112,-282.867411,-699.356112,396.995976,-63.016559,-282.867411,-63.016559,626.760322,-63.574486,-108.318345,-178.030153,-108.318345,175.984508,-67.710535,-178.030153,-67.710535,717.656107,284.889236,1.0,2.021435,1.159893,4.267638,2.0,140.0,718.7267721097961,2.522828809544058,0.008601368608486412
51943.0,0.754452,0.460371,0.467826,-0.628851,0.711173,0.314292,-0.188014,-0.531311,0.826051,-103.119156,-154.197719,-386.466583,3.595602,3.594283,3.595071,90.032289,89.981539,90.024742,97.155955,0.068884,0.059819,88.286745,1.0,-28.058362,-338.820727,187.112896,-338.820727,42.865079,-154.61149,187.112896,-154.61149,189.482403,-6.098933,-69.236584,-41.483497,-69.236584,177.311713,-167.163107,-41.483497,-167.163107,237.694193,545.408693,1.0,2.162355,0.598733,3.481709,2.0,140.0,272.40386504764103,0.49944907102469127,0.011326728604616696
54109.0,0.575564,-0.717952,0.391498,0.239549,0.60577,0.758722,-0.781884,-0.34291,0.520644,188.258626,376.13585,-561.04018,3.59234,3.595095,3.593622,89.959522,90.088912,89.933533,147.049775,0.06883,0.067767,76.184396,0.978571,-1246.186067,-645.057708,298.911182,-645.057708,30.009137,42.396512,298.911182,42.396512,334.221809,-64.101145,-33.691076,70.02543,-33.691076,244.072047,-26.799424,70.02543,-26.799424,172.577314,616.80566,1.0,2.66523,1.023191,4.299081,2.0,137.0,288.3003589418564,0.467408744176985,0.012844769419711615
53487.0,0.565381,-0.606317,-0.559217,0.811892,0.528694,0.247617,0.14552,-0.594022,0.791178,294.779225,-235.325369,-551.4273430000001,3.595957,3.595235,3.591416,90.043171,89.940797,89.993183,184.424512,0.104132,0.097959,70.512021,0.805195,-753.948791,233.201458,705.671779,233.201458,365.081761,39.778191,705.671779,39.778191,-60.269687,-36.558418,86.33517,51.433112,86.33517,169.426653,-99.435145,51.433112,-99.435145,288.748023,845.347977,1.0,4.295545,0.658064,2.901349,2.0,124.0,310.2188190171537,0.366971741173462,0.011419258568691429
53972.0,-0.362497,0.867736,0.340044,-0.402917,-0.474913,0.782378,0.840389,0.1466,0.52178,229.532077,499.829616,-473.90255,3.597665,3.594056,3.5953,89.942339,90.04571,90.054992,148.127541,0.091498,0.078549,83.558437,0.979167,678.364914,752.152846,-354.445403,752.152846,-121.590344,-224.068142,-354.445403,-224.068142,220.992578,-393.811583,75.684734,-50.558593,75.684734,-31.75072,-83.436014,-50.558593,-83.436014,393.635482,696.495574,1.0,2.731595,1.02186,1.398091,2.0,141.0,691.0076872307217,0.9921207155161644,0.011718349877702955
51674.0,-0.566731,-0.710826,0.416584,0.505229,0.099569,0.857222,-0.650815,0.696284,0.302701,-387.690516,207.562475,-403.579904,3.595715,3.596682,3.594485,89.993396,90.003831,89.98794,99.331006,0.067241,0.058042,96.189619,0.979167,414.289398,-208.467018,-150.090668,-208.467018,13.966783,9.829342,-150.090668,9.829342,312.398542,315.86983,-168.263008,60.887364,-168.263008,59.367688,21.4745,60.887364,21.4745,464.494052,563.286386,1.0,2.689232,1.263271,5.531528,2.0,140.0,387.77001991067067,0.688406518510587,0.010179549624788514
51675.0,-0.152621,0.831986,-0.533391,0.221658,0.55478,0.801927,0.963107,0.00416,-0.269088,366.259534,110.188138,-365.590596,3.596924,3.592642,3.595043,89.987482,89.992831,90.007465,77.693033,0.060079,0.055504,94.211805,0.992958,-436.032938,-307.046597,-185.697415,-307.046597,7.789964,103.951863,-185.697415,103.951863,536.437838,70.8802,-75.467906,90.534776,-75.467906,16.569628,43.497433,90.534776,43.497433,581.711506,429.204126,1.0,3.728535,1.843242,1.566477,2.0,141.0,550.8899933101328,1.2835151386921495,0.01053963460311582
52320.0,0.495908,-0.261121,0.828185,-0.775461,0.296059,0.557683,-0.390814,-0.918784,-0.055671,357.962889,-234.618767,-360.772736,3.594093,3.596813,3.595326,90.00541,90.008268,90.004496,83.13867,0.056827,0.051187,88.435389,1.0,78.125439,107.916972,240.183307,107.916972,57.729755,-202.28984,240.183307,-202.28984,423.549745,-89.927646,9.961552,-115.38506,9.961552,52.53444,-3.106248,-115.38506,-3.106248,514.314309,447.988123,1.0,2.163432,1.626496,3.543768,2.0,138.0,556.2276168945971,1.2416124185832424,0.011307690408870141
52728.0,0.212812,-0.439126,0.872857,-0.809907,0.420451,0.408988,-0.546591,-0.793971,-0.266174,-379.719138,398.070082,-567.835002,3.597525,3.596606,3.593046,89.941366,90.039219,90.061704,158.533994,0.079904,0.075032,80.927253,0.986486,-643.130015,-328.825987,49.872612,-328.825987,1290.153905,-222.562803,49.872612,-222.562803,173.945892,-214.383964,29.845448,129.44783,29.845448,341.606087,-202.914252,129.44783,-202.914252,172.332504,807.640335,1.0,2.008979,1.840218,3.744509,2.0,145.0,536.4515994100302,0.6642209114160081,0.012189787289579692
51679.0,0.871199,0.047239,0.488653,-0.480459,0.286532,0.82889,-0.100858,-0.956906,0.272322,-27.833802,-204.463648,-443.785773,3.594654,3.595162,3.594769,89.990608,89.994514,90.036923,201.398886,0.107793,0.114631,79.026607,0.8,1.90462,-20.216205,239.739608,-20.216205,99.056194,-239.271239,239.739608,-239.271239,0.29092,19.193182,65.63433,186.844785,65.63433,-44.724334,-25.686071,186.844785,-25.686071,427.94627,936.8249,1.0,2.60891,1.294991,3.246605,2.0,112.0,476.6549881656355,0.5087983764795699,0.01012317281950369
53142.0,-0.108741,0.981065,-0.16027,-0.971058,-0.070345,0.228248,0.212652,0.180452,0.960321,130.456949,328.909086,-445.090222,3.594875,3.594857,3.595908,90.01542,89.928454,89.985468,116.976903,0.072972,0.064668,89.939898,1.0,76.931399,-80.205017,-230.479708,-80.205017,-203.299589,-509.369502,-230.479708,-509.369502,520.384187,-106.782655,10.376913,-187.649496,10.376913,154.208739,-29.740165,-187.649496,-29.740165,451.266631,525.023845,1.0,3.753779,0.282646,0.867128,2.0,138.0,510.9234977844985,0.9731434155804837,0.011118536069498322
53581.0,0.626275,-0.180793,-0.75835,0.763005,-0.057509,0.643829,-0.160011,-0.981838,0.10193,308.038475,-49.223747,-385.349563,3.595003,3.596201,3.594536,90.020458,90.017507,89.999149,89.100961,0.055272,0.052731,89.318932,1.0,103.678269,105.390477,-93.096558,105.390477,-117.27667,122.651659,-93.096558,122.651659,436.017821,236.085009,148.79074,-20.749475,148.79074,-78.987853,-20.319518,-20.749475,-20.319518,397.809528,442.109796,1.0,4.008483,1.468689,3.303143,2.0,146.0,440.01967722735134,0.9952723988666184,0.011195834719564268
51990.0,0.627694,0.764355,-0.147515,-0.556299,0.572989,0.601843,0.544546,-0.295711,0.784872,470.005427,329.655825,-325.40455199999997,3.596994,3.597828,3.595551,90.011388,89.983454,89.946328,62.633445,0.065934,0.055188,114.57715,1.0,1199.056171,135.714661,97.562512,135.714661,93.528354,-48.170617,97.562512,-48.170617,418.676293,240.867225,-51.765717,74.413999,-51.765717,0.030931,-11.782396,74.413999,-11.782396,622.742474,251.463041,1.0,3.381959,0.668307,2.068281,2.0,138.0,549.606417552917,2.185634975888632,0.008727743708060464
51692.0,-0.640317,-0.055421,-0.766109,0.570766,0.633131,-0.522849,0.514024,-0.772058,-0.373772,-106.413524,254.976595,-487.48898099999997,3.595576,3.595441,3.595225,89.966983,89.977286,90.002097,75.723222,0.055346,0.053336,90.926184,1.0,392.758039,-181.464933,107.675275,-181.464933,-131.703638,-46.037693,107.675275,-46.037693,301.216262,137.058091,51.617255,-0.18961,51.617255,122.22013,-28.734036,-0.18961,-28.734036,251.713282,390.798978,1.0,5.311255,1.953869,2.554201,2.0,140.0,132.9839971774494,0.34028747428671474,0.010997932124810164
54206.0,-0.572916,0.362133,0.735273,-0.404368,0.655429,-0.637887,-0.712919,-0.662776,-0.229071,-254.535137,15.183417,-350.817251,3.594693,3.594771,3.594617,90.031774,89.976311,89.981006,91.054936,0.060342,0.054619,84.826276,0.993056,-412.411297,-127.077992,95.373635,-127.077992,238.111837,-7.982714,95.373635,-7.982714,135.235559,-198.7415,-27.328638,-224.733097,-27.328638,224.892189,26.294254,-224.733097,26.294254,152.663484,528.576686,1.0,0.856201,1.80192,3.963424,2.0,143.0,439.36474697289407,0.8312223346394322,0.011706938543429635
52126.0,0.405475,0.911711,0.066136,-0.404874,0.114255,0.907206,0.819553,-0.394626,0.415455,-391.751915,445.671878,-463.991193,3.597578,3.595581,3.596785,90.047531,90.039306,89.940603,131.351338,0.060431,0.054739,101.408206,1.0,641.258448,-701.744501,275.363529,-701.744501,718.775607,4.903274,275.363529,4.903274,231.273526,-232.088039,274.61776,-160.581305,274.61776,170.27025,100.059909,-160.581305,100.059909,240.924881,691.173326,1.0,3.068821,1.142353,2.019546,2.0,144.0,527.941935544854,0.7638343606229591,0.00986113490657748
52436.0,-0.177045,0.678345,-0.713094,0.70612,0.592266,0.388092,0.685601,-0.43482,-0.583851,86.739519,-183.291381,-467.142488,3.59636,3.594637,3.595071,89.99569,89.989783,90.008896,80.243394,0.069701,0.05952,89.615533,1.0,52.620618,-179.398507,-87.662505,-179.398507,229.792754,164.59974,-87.662505,164.59974,231.853318,-123.54405,-133.785054,-254.417646,-133.785054,96.605597,-49.356858,-254.417646,-49.356858,379.52792,481.212158,1.0,4.213982,2.194261,2.135996,2.0,138.0,504.5724095598254,1.0485445996562404,0.011158779806621248
52645.0,0.271815,-0.385307,0.881847,-0.814785,0.395475,0.42394,-0.512095,-0.833749,-0.206447,471.265232,-280.768638,-262.240014,3.594031,3.594549,3.592863,89.919203,90.058068,89.920744,162.048884,0.071703,0.062436,73.596901,0.854167,-1295.696241,585.155779,-120.022103,585.155779,-93.863614,28.667685,-120.022103,28.667685,614.760321,188.132648,-9.871996,182.053271,-9.871996,38.259025,-194.218094,182.053271,-194.218094,742.222149,715.351506,1.0,2.018918,1.778738,3.692394,2.0,123.0,682.4527949525663,0.9540104259633253,0.011606018574070122
53804.0,0.335594,0.579453,-0.742705,0.205251,0.724507,0.657998,0.919374,-0.373261,0.124207,-347.910378,-243.470742,-573.502689,3.595408,3.595695,3.593333,89.961338,89.939032,89.993511,113.994853,0.066408,0.067587,95.008757,0.985915,-639.868343,319.324731,-164.546298,319.324731,459.825702,247.330531,-164.546298,247.330531,239.05335,-729.49717,94.321989,-53.410206,94.321989,274.736146,-52.256983,-53.410206,-52.256983,371.711929,645.791925,1.0,3.987392,1.446268,1.95646,2.0,140.0,1061.1951882553044,1.6432462952448723,0.010377096081785386
54097.0,0.775838,-0.623519,0.096432,0.371212,0.574692,0.729336,-0.510174,-0.530049,0.677326,-328.015908,24.422541,-290.200737,3.592391,3.593738,3.595208,90.005847,89.951757,89.950805,143.481571,0.069199,0.07011,68.587761,0.941176,-847.00335,286.163802,359.874336,286.163802,255.172211,12.066866,359.874336,12.066866,-210.925417,69.26916,-60.767812,124.443264,-60.767812,151.989728,178.269421,124.443264,178.269421,129.258169,780.801022,1.0,3.010136,0.826675,3.907886,2.0,128.0,209.0410921762628,0.267726458196494,0.013722214959021624
51710.0,0.301136,-0.379565,0.874784,-0.102437,0.899183,0.425414,-0.948063,-0.217717,0.231895,-381.977704,-64.185987,-353.84594500000003,3.59579,3.596073,3.595715,89.992082,89.983405,89.98164,57.469485,0.05926,0.048224,124.464691,1.0,281.146223,63.758792,-79.803026,63.758792,362.63759,-204.384995,-79.803026,-204.384995,289.980274,-39.370754,69.858037,-26.823428,69.858037,338.808322,44.476244,-26.823428,44.476244,276.599537,324.824633,1.0,2.02343,1.336771,4.486658,2.0,146.0,359.23059314685514,1.1059216471025926,0.008034407123543174
53041.0,0.142982,-0.737824,0.659676,0.360041,0.659633,0.659739,-0.921915,0.14318,0.359963,84.365751,-354.170456,-576.466778,3.595139,3.594939,3.595797,89.996867,90.006542,90.043225,115.480717,0.068991,0.063141,83.226556,0.986111,202.53601,151.097297,-187.82416,151.097297,-16.096461,284.660477,-187.82416,284.660477,273.710339,343.740978,156.509659,29.795368,156.509659,-191.777841,-63.564223,29.795368,-63.564223,111.738012,614.189006,1.0,2.356242,1.202569,4.866465,2.0,142.0,488.29439193917005,0.795023009479219,0.01184851383253201
51712.0,-0.746329,-0.147603,-0.649004,0.66473,-0.214495,-0.71563,-0.033579,-0.965508,0.2582,250.815657,-282.958744,-359.816852,3.593502,3.596161,3.595002,89.987429,90.024399,90.003172,116.290484,0.078304,0.066632,79.926396,0.96,-343.827219,220.671649,116.406515,220.671649,147.390054,121.728444,116.406515,121.728444,320.258647,13.278813,135.490569,-188.01438,135.490569,-139.653771,-48.989858,-188.01438,-48.989858,433.966808,704.345082,1.0,5.546572,1.309638,3.176357,2.0,144.0,553.8808510775195,0.7863771114930842,0.012011050767258415
53427.0,-0.281887,0.72419,0.629356,-0.780905,0.207929,-0.589027,-0.557428,-0.657506,0.506911,498.755408,-372.445402,-301.485515,3.596225,3.595122,3.599116,90.023346,89.884806,89.934702,170.640136,0.064692,0.068467,111.987548,1.0,-205.037581,-968.007623,-209.282285,-968.007623,1467.000648,-140.824908,-209.282285,-140.824908,471.866197,-401.322088,-14.238724,68.462546,-14.238724,2.100182,-0.748346,68.462546,-0.748346,639.977457,633.202862,1.0,0.818487,1.039199,3.844803,2.0,136.0,911.3938008737261,1.439339357998237,0.008929564204763193
52922.0,0.116535,-0.484455,-0.867019,0.863241,0.481111,-0.152798,0.491156,-0.73064,0.474268,-348.659121,260.790151,-285.701631,3.593273,3.596729,3.594435,89.99907,90.026409,90.046881,126.013613,0.063515,0.064194,87.386945,1.0,160.1629,140.543643,428.062187,140.543643,-458.521888,-274.57506,428.062187,-274.57506,358.280661,63.767941,-161.680975,254.563577,-161.680975,37.476006,-184.520468,254.563577,-184.520468,386.41305,729.764996,1.0,4.886832,1.076664,2.54975,2.0,144.0,454.9917175990739,0.6234770372558044,0.01144335689959181
54196.0,-0.832472,0.500808,0.237027,-0.553014,-0.777387,-0.29974,0.034149,-0.380605,0.924107,313.277451,-158.903277,-287.95496,3.594161,3.595418,3.594294,90.02692,89.99317,90.030728,125.225627,0.063683,0.06326,78.928621,0.935714,72.773355,-152.373491,-280.915026,-152.373491,-266.857048,154.736175,-280.915026,154.736175,97.226455,-466.299911,14.430154,-257.358236,14.430154,-107.375643,99.316044,-257.358236,99.316044,403.287989,599.002808,1.0,0.669091,0.392104,3.052108,2.0,131.0,793.8025076803219,1.3252066552588213,0.011855192554295355
53263.0,-0.210889,0.946732,0.243359,-0.97744,-0.201265,-0.064053,-0.011661,-0.251377,0.967819,41.383257,-165.95123,-237.056404,3.59517,3.595272,3.598356,90.001849,89.971252,90.002967,118.36933,0.063805,0.062591,79.875612,1.0,174.58126,-50.908615,135.237014,-50.908615,145.033204,-294.222904,135.237014,-294.222904,953.694888,-27.884211,19.460007,69.994543,19.460007,220.799169,10.300753,69.994543,10.300753,548.4421,608.156078,1.0,1.313431,0.254382,3.187949,2.0,140.0,504.6887063454277,0.8298670762366823,0.012519465891541463
53729.0,0.435383,0.525833,-0.730713,0.350904,0.648357,0.675648,0.829041,-0.550575,0.097767,-223.315626,-8.381143,-482.302468,3.597006,3.59647,3.596162,90.031819,90.032077,89.98514,60.882147,0.074266,0.05489,102.578847,1.0,914.850357,147.808105,117.074733,147.808105,143.277486,1.58947,117.074733,1.58947,449.023068,370.627462,6.225483,107.026478,6.225483,82.027996,-112.572809,107.026478,-112.572809,591.889817,313.573106,1.0,3.966125,1.472873,2.157028,2.0,144.0,462.8470856912651,1.476042035605136,0.009748598558531274
51741.0,0.61525,-0.11494,0.779908,-0.348255,0.847917,0.399693,-0.707238,-0.517518,0.481653,265.511201,-269.054602,-346.099601,3.59562,3.593064,3.594594,89.939545,90.006276,89.932888,131.49716,0.062141,0.059733,83.747986,0.985915,-168.402318,635.537811,-516.157428,635.537811,-285.752294,142.338357,-516.157428,142.338357,190.984827,187.457227,-84.276387,56.361478,-84.276387,70.933035,90.822029,56.361478,90.822029,354.879074,509.315882,1.0,2.044384,1.068257,4.080673,2.0,140.0,273.8840676980193,0.5377489243463633,0.011772402502909144
52929.0,0.068263,0.931568,-0.357102,-0.891567,0.21759,0.397194,0.447715,0.291267,0.845408,427.017846,72.589957,-366.365829,3.5956,3.589409,3.595328,89.935466,89.968047,90.005207,130.891221,0.071046,0.066982,83.316354,0.97973,-1659.009678,-40.381033,-108.695678,-40.381033,63.071362,-119.279581,-108.695678,-119.279581,515.069633,-326.82137,8.246426,26.803528,8.246426,46.661315,-46.39336,26.803528,-46.39336,666.105959,534.894777,1.0,3.873889,0.563468,0.994025,2.0,144.0,869.917762897975,1.6263343751026662,0.011759155951543438
53003.0,0.182669,-0.899503,-0.396896,0.975915,0.116923,0.184172,-0.119257,-0.420979,0.899197,-316.874503,-309.974115,-279.033734,3.593632,3.595492,3.596831,90.010894,89.954242,90.002546,124.577555,0.060301,0.061635,91.144826,1.0,131.961038,-221.582699,23.137542,-221.582699,-137.006706,470.25854,23.137542,470.25854,487.063274,294.221275,-64.394085,-149.784978,-64.394085,161.214198,152.591111,-149.784978,152.591111,671.231773,528.127946,1.0,4.277928,0.452866,3.417645,2.0,136.0,497.3655609326331,0.9417520218341809,0.010971549827743376
51748.0,0.442827,-0.307981,0.842053,-0.218235,0.873887,0.434391,-0.869643,-0.376125,0.319768,486.784245,31.138952,-244.159495,3.596942,3.595577,3.590603,89.973297,90.021391,89.97231,115.795556,0.065623,0.060845,77.383179,0.992857,-1000.090188,-294.218185,-480.76578,-294.218185,109.770349,-173.425211,-480.76578,-173.425211,584.465402,-63.181143,-83.99551,-282.752164,-83.99551,-0.782815,-118.89714,-282.752164,-118.89714,800.162388,545.112224,1.0,2.047061,1.245312,4.304178,2.0,139.0,878.2026146727158,1.6110492041960076,0.012830398192868245
51749.0,0.587419,-0.233624,0.774828,-0.329722,0.805269,0.492773,-0.739069,-0.544942,0.395999,131.46925,35.829732,-344.60157300000003,3.595206,3.595497,3.595971,90.013377,90.011968,89.999624,38.603177,0.048122,0.03998,119.671692,0.992958,208.104919,4.827118,170.677193,4.827118,173.300899,50.498427,170.677193,50.498427,301.226147,160.261703,71.215428,42.872681,71.215428,159.919719,61.458539,42.872681,61.458539,322.793161,196.355718,1.0,2.13725,1.16364,4.077042,2.0,141.0,185.70761140518388,0.9457713444595685,0.008297350721839881
53149.0,0.061674,-0.241877,0.968345,-0.170032,0.953464,0.248989,-0.983507,-0.180006,0.017677,-41.379601,-324.91775,-451.146788,3.594641,3.592283,3.591659,90.081163,89.97826,89.951728,181.474323,0.072908,0.073379,67.701618,0.838028,-502.218766,-645.588635,-1.24722,-645.588635,-1164.972367,-300.591914,-1.24722,-300.591914,97.585322,195.830449,124.88871,228.617291,124.88871,-221.22785,249.851795,228.617291,249.851795,246.839378,716.487709,1.0,1.822473,1.553118,4.531368,2.0,119.0,543.6266771285473,0.7587383151167877,0.012378256602375442
53702.0,0.36024,-0.725755,0.586095,0.282391,0.68364,0.672972,-0.889091,-0.076924,0.451221,-376.747489,387.058498,-567.65359,3.595669,3.591269,3.595421,89.960799,89.989425,89.997972,105.872662,0.058641,0.055667,82.738418,0.972973,-671.014191,588.543523,-236.140814,588.543523,11.44711,76.558788,-236.140814,76.558788,141.831596,-218.379501,22.696754,111.808318,22.696754,21.767304,44.362671,111.808318,44.362671,443.528265,428.381137,1.0,2.425087,1.102663,4.626085,2.0,144.0,589.979288050874,1.3772298476598748,0.01175962779467212
51760.0,-0.178759,-0.979317,0.094776,0.26097,0.045683,0.964265,-0.948652,0.197105,0.247406,32.286008,-201.705525,-563.254608,3.594659,3.594562,3.594343,90.000468,90.026869,90.03113,186.926654,0.090471,0.095775,68.109478,0.820896,-135.622451,103.280757,-207.322875,103.280757,-229.186264,175.144691,-207.322875,175.144691,182.139779,316.988955,-354.397148,-45.748484,-354.397148,-165.207953,71.929341,-45.748484,71.929341,211.093115,817.155674,1.0,3.043619,1.320794,4.917248,2.0,110.0,540.6599760409939,0.6616364460818686,0.012052595675450632
52804.0,0.052489,-0.661151,0.748414,0.559964,0.640024,0.526127,-0.826853,0.391469,0.403815,354.348471,396.492387,-318.605544,3.59635,3.595267,3.600073,89.985718,89.978439,89.99367,123.790156,0.067781,0.059903,91.393391,0.992754,783.862614,617.213617,313.086371,617.213617,845.573082,145.969826,313.086371,145.969826,448.566617,233.419972,-43.611238,173.253275,-43.611238,238.600199,-25.123947,173.253275,-25.123947,443.315398,449.336564,1.0,2.183526,1.155113,5.154567,2.0,137.0,259.6305186660153,0.5778085726093176,0.01086242658399665
52616.0,-0.065082,-0.818794,-0.570386,0.681752,-0.453883,0.573764,-0.728683,-0.35152,0.587754,-48.467854,-122.811805,-303.978491,3.593688,3.595171,3.595081,89.979877,90.02376,89.96223,102.623379,0.066267,0.058175,79.378746,0.971831,293.691539,-96.521543,65.375464,-96.521543,-537.871618,148.039602,65.375464,148.039602,165.835256,35.741097,-51.642178,51.625488,-51.642178,-171.266056,-74.722467,51.625488,-74.722467,326.156203,539.537525,1.0,3.924039,0.942516,4.262917,2.0,138.0,442.1510646184184,0.8195001165459593,0.012242962366777625
53781.0,-0.368406,-0.714151,0.595202,-0.531458,0.687085,0.495446,-0.762778,-0.133799,-0.632667,-306.141754,111.549214,-353.569701,3.595559,3.594006,3.595099,89.981889,89.992838,89.989013,93.218945,0.046915,0.049965,93.844065,0.992754,-149.124917,163.962022,108.820842,163.962022,-2.896152,-45.395371,108.820842,-45.395371,275.580994,-79.941619,27.128436,-164.993832,27.128436,-33.027851,-17.004676,-164.993832,-17.004676,466.675158,437.16399,1.0,2.264984,2.255789,4.538745,2.0,137.0,544.5484428382164,1.245638834155156,0.010578761693667043
52052.0,0.606052,-0.306081,0.734177,-0.603962,0.423564,0.675147,-0.51762,-0.852589,0.07184,9.633888,123.098992,-526.652854,3.594441,3.594066,3.595405,89.995385,89.98993,89.951874,117.45217,0.054892,0.060881,85.256882,0.992537,-44.252471,333.170076,-219.123571,333.170076,-243.293684,118.307881,-219.123571,118.307881,201.399424,81.818942,54.20156,-222.911767,54.20156,55.752779,-8.745494,-222.911767,-8.745494,56.155215,566.958045,1.0,2.314334,1.498894,3.687228,2.0,133.0,200.49209043003052,0.3536277370048264,0.011641722952054474
53763.0,0.51533,0.474525,-0.713625,0.415877,0.589619,0.692385,0.749321,-0.653587,0.106504,-28.699635,-304.500621,-386.656243,3.593844,3.595142,3.594825,90.024103,89.985138,90.050787,119.810043,0.066753,0.06257,86.291128,0.992857,-198.758383,-228.761519,-312.101839,-228.761519,-307.444879,-39.415478,-312.101839,-39.415478,391.702003,-45.015244,35.184987,-51.140786,35.184987,289.664429,-187.587017,-51.140786,-187.587017,303.960503,617.963455,1.0,3.942096,1.46409,2.288061,2.0,139.0,382.4671957306782,0.6189155566338114,0.011505898961014857
52087.0,0.534841,0.799041,0.274732,-0.549893,0.082294,0.831171,0.641531,-0.595618,0.483402,372.121291,382.178508,-432.247927,3.595332,3.596707,3.595382,89.992924,89.955741,89.993757,46.859684,0.058475,0.046138,118.744081,1.0,596.990464,162.686053,12.0068,162.686053,-172.82269,82.817471,12.0068,82.817471,465.879899,247.224986,-17.32692,-34.57328,-17.32692,7.779662,-43.041984,-34.57328,-43.041984,494.472548,191.199819,1.0,2.822362,1.06626,2.319099,2.0,138.0,424.4747370182173,2.220058257577207,0.008421472393221857
51778.0,0.48856,0.825333,-0.283081,-0.267866,0.450644,0.851568,0.830396,-0.340214,0.441245,41.282793,-17.0713,-561.3010899999999,3.59462,3.596623,3.595899,90.032668,90.004167,90.003949,94.889843,0.057944,0.059998,106.612487,0.993056,490.060794,-60.548974,-349.414852,-60.548974,143.784159,36.796121,-349.414852,36.796121,178.788898,-121.092646,3.854922,-121.005752,3.854922,338.663543,49.946298,-121.005752,49.946298,106.718325,358.28663,1.0,3.462524,1.113811,1.959637,2.0,143.0,414.00483310690873,1.1555129285926988,0.009314631221387792
53501.0,0.516494,-0.693025,-0.502941,0.706302,0.676864,-0.207346,0.484119,-0.248135,0.839081,515.867671,-255.118266,-538.847297,3.595096,3.602116,3.596954,89.953533,89.951818,89.979794,141.782787,0.064871,0.059366,109.11334,1.0,1106.155812,-1161.138732,-69.778138,-1161.138732,946.594184,67.503513,-69.778138,67.503513,713.124706,-35.341497,-18.323565,-47.898989,-18.323565,117.761729,-132.375959,-47.898989,-132.375959,716.963731,164.845493,1.0,5.103426,0.575204,2.044433,2.0,148.0,699.5273347563334,4.243533274860802,0.009164782234692843
51780.0,-0.341024,-0.057969,-0.938266,0.396395,0.896155,-0.199441,0.852393,-0.439938,-0.282632,357.229967,43.296178,-340.876026,3.595479,3.594733,3.592854,89.976816,90.031614,90.012031,131.58114,0.06988,0.069788,75.384296,0.979452,-596.843837,-175.295192,71.458833,-175.295192,-93.48973,23.117465,71.458833,23.117465,368.822824,-308.603768,-47.665311,61.29627,-47.665311,-219.893072,-34.397634,61.29627,-34.397634,596.353522,584.276076,1.0,4.921836,1.857333,2.047258,2.0,143.0,867.1488927069289,1.4841423914590146,0.01299278565923067
53307.0,0.411907,-0.745336,-0.524221,0.835604,0.079495,0.54355,-0.363454,-0.661933,0.65555,-158.589731,175.59862,-567.049759,3.596466,3.594577,3.595943,89.997211,90.033169,89.963923,125.659686,0.078283,0.071566,72.949209,0.826389,98.897637,-62.272355,-346.489057,-62.272355,214.425394,-316.325067,-346.489057,-316.325067,455.790248,42.656253,74.539112,-151.533874,74.539112,247.674238,-80.638936,-151.533874,-80.638936,245.800621,828.871066,1.0,3.90889,0.855885,3.64373,2.0,119.0,260.6102138672381,0.3144158658172272,0.011328279104438269
53856.0,-0.172759,-0.712458,0.680116,-0.297955,0.695949,0.653359,-0.938817,-0.08977,-0.332512,-35.600256,-390.690902,-405.896929,3.596874,3.596285,3.593318,90.029558,90.035912,89.972341,128.790376,0.080548,0.063703,73.773516,0.835616,435.905858,-239.136319,515.17822,-239.136319,-120.871052,309.961624,515.17822,309.961624,312.080065,-80.300329,55.116176,162.472329,55.116176,-130.759738,74.520346,162.472329,74.520346,374.182245,679.262049,1.0,2.336131,1.909762,4.617058,2.0,122.0,508.2073725338543,0.7481757199331687,0.011326774773754853
51786.0,-0.711622,-0.683571,-0.16225,0.698574,-0.713027,-0.059883,-0.074755,-0.155958,0.984931,188.259614,-415.210719,-261.03284199999996,3.594157,3.59363,3.596136,90.02973,90.014138,89.957389,147.554784,0.063546,0.066544,71.840896,0.933333,59.292614,-86.753673,209.649576,-86.753673,-617.035927,24.852612,209.649576,24.852612,474.804711,-82.277279,-108.709758,-80.54823,-108.709758,278.803575,-95.353994,-80.54823,-95.353994,387.605451,777.605745,1.0,5.065958,0.173823,3.588564,2.0,140.0,449.502130594059,0.578059168781037,0.012991667030433474
52374.0,0.422327,-0.532069,0.733854,-0.710202,0.308842,0.632637,-0.563252,-0.788365,-0.247445,-392.190842,18.212868,-424.912563,3.595179,3.594265,3.595206,89.990504,90.017667,89.971521,121.45471,0.07685,0.073031,69.591428,0.871429,-217.799399,201.785621,-73.432503,201.785621,162.700692,136.759005,-73.432503,136.759005,174.609051,146.973622,41.097848,-89.879129,41.097848,232.52704,244.424095,-89.879129,244.424095,208.276391,646.425486,1.0,2.282258,1.820838,3.761955,2.0,122.0,240.76041465570026,0.3724488280087711,0.012522073839324006
51792.0,0.260508,0.799434,-0.541332,-0.087467,0.577928,0.811387,0.961502,-0.164024,0.220479,245.644594,44.513842,-504.817401,3.594934,3.593926,3.593909,89.994794,89.980965,89.984714,135.726211,0.063634,0.064185,71.900478,0.849315,-239.411262,64.712242,102.752806,64.712242,-221.922538,177.729452,102.752806,177.729452,57.617643,-874.091147,112.313834,112.356529,112.313834,-85.672112,-105.689476,112.356529,-105.689476,341.268801,733.592607,1.0,3.729943,1.348491,1.739761,2.0,124.0,1080.6470051610193,1.4730887346047357,0.011812369314151151
51793.0,-0.207485,0.831078,-0.516003,0.294463,0.556078,0.777219,0.932867,0.009317,-0.3601,-70.676238,73.030742,-441.190927,3.595345,3.593615,3.59391,90.010442,89.974456,90.00786,160.656179,0.077098,0.076918,64.161588,0.85,-120.86373,-173.753521,-193.883064,-173.753521,-220.763333,229.053744,-193.883064,229.053744,-33.84294,-194.093795,-17.122263,-11.799588,-17.122263,-228.48457,-77.366542,-11.799588,-77.366542,297.389952,974.129653,1.0,3.727684,1.939171,1.560809,2.0,119.0,514.2518778970875,0.5279090686885061,0.013247801784457081
53638.0,-0.360979,0.645495,0.673075,-0.659216,0.333893,-0.673758,-0.659643,-0.686914,0.304992,374.581924,-410.32323,-361.281662,3.594991,3.596599,3.595679,90.017909,89.976451,89.956341,98.891931,0.057028,0.056832,94.846612,1.0,-70.467253,-206.955455,-299.296865,-206.955455,291.542328,-91.786824,-299.296865,-91.786824,626.672707,-228.913697,32.386923,-120.085765,32.386923,68.836582,-14.288086,-120.085765,-14.288086,450.812127,425.295939,1.0,0.784891,1.260866,3.906741,2.0,140.0,600.0409240805928,1.4108785649152245,0.010543339175889593
51795.0,-0.657633,-0.516554,-0.548353,0.659861,-0.746161,-0.088471,-0.36346,-0.420018,0.831554,377.835881,235.918684,-591.325977,3.592432,3.593812,3.593658,90.042643,90.159652,90.022596,240.889932,0.118203,0.122735,68.21921,0.898649,-1788.421315,389.958416,392.923635,389.958416,-119.02077,-494.50036,392.923635,-494.50036,701.891393,-62.344495,82.140256,-18.120778,82.140256,-384.236312,-151.923722,-18.120778,-151.923722,385.781721,1124.967969,1.0,4.87235,0.588897,3.854926,2.0,132.0,686.5105683087972,0.6102489912837663,0.013172961105823418
53516.0,-0.34778,0.725355,0.594062,-0.783941,0.122581,-0.608613,-0.514281,-0.677373,0.526005,46.424766,-256.864056,-359.316657,3.593297,3.595516,3.594928,90.045152,90.028634,89.985196,131.280103,0.066877,0.06712,73.462174,0.978571,-218.25022,20.771149,-48.898303,20.771149,-428.493626,-299.185882,-48.898303,-299.185882,512.956383,-351.466573,-65.080043,-212.438901,-65.080043,29.521001,10.513403,-212.438901,10.513403,337.278787,681.135208,1.0,0.7733,1.0169,3.790974,2.0,137.0,627.8737543304275,0.9218048736227235,0.013320746538211622
51798.0,0.579256,0.79058,0.198607,-0.348352,0.019808,0.937154,0.736962,-0.612038,0.286874,-5.262386,227.842354,-422.081724,3.59547,3.593731,3.593619,90.0077,90.002853,90.008159,130.237016,0.092897,0.082776,73.124646,0.809859,-211.741397,-146.413535,173.68176,-146.413535,-234.494421,-125.298577,173.68176,-125.298577,56.727709,-348.459939,4.796216,-35.666385,4.796216,-119.27034,-2.894826,-35.666385,-2.894826,228.697434,766.504392,1.0,2.932757,1.279834,2.263853,2.0,115.0,504.3189909805315,0.6579466422425032,0.01107504848638857
52622.0,0.307221,0.861396,0.40449,-0.88685,0.413305,-0.206581,-0.345126,-0.295256,0.890905,431.048244,169.593091,-246.173292,3.594925,3.595752,3.598183,89.990578,90.07193,89.997797,142.959848,0.064492,0.069586,76.624305,1.0,281.877378,258.201057,229.800626,258.201057,-129.403652,293.715883,229.800626,293.715883,1137.487526,742.63147,-48.614893,96.121561,-48.614893,-35.24912,-18.079404,96.121561,-18.079404,652.07082,651.994403,1.0,1.098611,0.471462,4.004708,2.0,140.0,742.8332869116678,1.1393246375945771,0.013050689334147957
51802.0,-0.555831,-0.168441,-0.814051,0.584588,0.617018,-0.526826,0.591023,-0.768711,-0.244489,369.066485,147.673322,-272.93494699999997,3.595502,3.594093,3.591753,90.039131,90.025487,90.0506,143.809144,0.068957,0.066879,65.757602,0.941176,-868.038471,-29.362288,-553.899078,-29.362288,-186.714615,103.326986,-553.899078,103.326986,255.065351,-5.230456,38.402612,-240.063963,38.402612,56.5294,110.569688,-240.063963,110.569688,230.614525,747.968254,1.0,5.286769,1.817789,2.486137,2.0,127.0,313.6394824383998,0.4193219174224469,0.014312809034611693
53787.0,-0.571108,0.64686,0.505379,-0.742715,-0.66938,0.017462,0.349586,-0.36538,0.862721,-283.130229,-370.951412,-571.683042,3.597132,3.594927,3.594899,90.052158,90.008563,89.924583,170.343556,0.065597,0.079447,95.124274,0.986486,-491.41187,372.980781,14.422064,372.980781,1056.990971,178.563092,14.422064,178.563092,194.637405,-100.37137,-18.194252,-50.67554,-18.194252,-38.409282,97.529589,-50.67554,97.529589,338.055915,802.353463,1.0,1.605334,0.53017,2.378281,2.0,145.0,422.13766828488536,0.5261243177121868,0.010370497019509447
51812.0,0.472698,0.678124,-0.562765,-0.271496,0.719622,0.639089,0.838359,-0.149307,0.524272,-59.201657,458.628717,-401.728709,3.597398,3.594059,3.594718,90.041265,90.013712,89.994316,98.111835,0.065251,0.058298,102.862224,1.0,446.290508,-242.300789,207.27076,-242.300789,-355.234693,-266.624926,207.27076,-266.624926,452.483659,291.88577,-12.766642,31.509697,-12.766642,147.489863,-54.557319,31.509697,-54.557319,331.423699,477.77728,1.0,3.863572,1.018937,1.747043,2.0,146.0,176.6969236119013,0.36983115566295094,0.009721741968168995
52177.0,0.439279,-0.371381,0.817991,-0.499633,0.65573,0.566026,-0.746593,-0.657339,0.102494,-328.364244,-284.25816,-354.172147,3.595251,3.595665,3.593974,89.953924,90.009308,89.951307,115.676087,0.066634,0.070588,96.120155,1.0,-521.261889,153.139685,-192.086366,153.139685,143.566658,-222.904066,-192.086366,-222.904066,563.196403,-143.745631,73.176508,20.418204,73.176508,452.285984,55.858219,20.418204,55.858219,211.448115,588.714822,1.0,2.176113,1.468122,3.99048,2.0,134.0,525.7170959426512,0.8929910990803136,0.010403645312473748
51817.0,-0.646751,-0.456537,-0.610972,0.672387,0.03683,-0.739283,0.360013,-0.888942,0.28315,-381.304352,-250.620716,-410.358716,3.594881,3.594391,3.596131,90.044835,90.063305,90.074322,88.438185,0.058967,0.056643,119.598942,1.0,-898.202404,214.355663,-320.984169,214.355663,766.856894,91.297421,-320.984169,91.297421,458.622532,96.252084,44.920258,-54.130863,44.920258,263.682721,114.430304,-54.130863,114.430304,255.342219,249.055402,1.0,5.59253,1.28372,2.756792,2.0,148.0,200.5936998092433,0.8054179841047708,0.008361277978529275
52073.0,0.634811,0.535635,0.556875,-0.665071,0.011919,0.746685,0.393313,-0.844366,0.363802,461.891551,96.622659,-255.539288,3.594939,3.596188,3.594242,90.033888,90.00912,90.069893,145.578327,0.069763,0.067692,71.420316,0.952055,-553.014117,6.132904,47.5668,6.132904,30.478789,-220.226506,47.5668,-220.226506,841.363218,-210.902563,56.68408,-95.360319,56.68408,241.763304,-30.768539,-95.360319,-30.768539,568.553102,822.365114,1.0,2.500787,1.19845,2.70567,2.0,139.0,685.247823951477,0.8332647047956816,0.0133303106639853
52257.0,0.340154,0.744644,-0.574283,-0.414148,0.66691,0.619445,0.844261,0.027132,0.535245,32.569957,-150.162675,-337.502012,3.594818,3.595333,3.595338,89.989843,90.007368,89.983843,98.429819,0.051505,0.052068,83.529681,0.992754,169.533219,-13.707704,101.777866,-13.707704,169.215113,142.15965,101.777866,142.15965,14.07904,-35.131863,0.427996,-122.786512,0.427996,98.68155,115.061731,-122.786512,115.061731,357.673707,503.080783,1.0,3.889176,1.005999,1.538671,2.0,137.0,375.3352179618067,0.7460734550892331,0.011885044790246477
54142.0,0.630656,0.249933,-0.734715,0.251527,0.829791,0.498178,0.734171,-0.49898,0.460447,316.129102,103.581048,-413.190602,3.593753,3.592437,3.592721,89.92226,89.932522,90.119795,157.705199,0.069294,0.066789,76.169161,0.840278,-1577.803854,-837.381653,458.681578,-837.381653,-327.173727,-46.337831,458.681578,-46.337831,424.464513,-69.488353,29.599192,79.060901,29.599192,-141.721524,77.571596,79.060901,77.571596,375.249858,609.674716,1.0,4.116543,1.092297,2.167734,2.0,121.0,494.9672985325109,0.8118547244011196,0.011031735008870584
52067.0,0.671918,0.512153,0.535,-0.703257,0.214639,0.677761,0.232285,-0.831642,0.504395,530.265219,-401.093044,-587.187289,3.599124,3.598374,3.594754,90.060533,89.930857,89.861429,217.859456,0.091196,0.092358,64.840414,0.854167,1793.318825,-920.194763,-393.808466,-920.194763,-445.80791,512.818136,-393.808466,512.818136,882.461152,-322.565293,8.901723,-194.65941,8.901723,-38.330185,-151.360761,-194.65941,-151.360761,489.939109,662.220454,1.0,2.473371,1.042115,2.869225,2.0,123.0,745.4340536523106,1.1256584558052787,0.013173373630834623
53834.0,0.348724,-0.688398,0.636003,0.207051,0.718422,0.664079,-0.914069,-0.099895,0.393064,365.564082,-98.421576,-442.507179,3.594689,3.591518,3.594093,89.977697,90.050774,89.980151,172.222078,0.073844,0.082947,64.273352,0.866197,-949.52026,223.992848,132.990961,223.992848,-427.452978,177.600522,132.990961,177.600522,285.694724,-339.69576,-30.141657,-17.246911,-30.141657,-77.850085,101.897571,-17.246911,101.897571,479.018534,1141.879858,1.0,2.377786,1.166835,4.603535,2.0,123.0,730.1857801769569,0.6394593748731812,0.0134767671678303
53838.0,-0.49693,0.672439,0.548532,-0.62069,-0.717172,0.316873,0.606469,-0.183005,0.77376,-301.17948,221.262139,-234.284028,3.595782,3.591982,3.595647,90.052904,90.01426,89.982479,124.123939,0.070896,0.063696,88.870081,0.985075,-574.257504,639.192295,3.172712,639.192295,136.820618,121.563436,3.172712,121.563436,211.731447,119.950598,12.697817,-112.544475,12.697817,270.660111,74.127578,-112.544475,74.127578,437.369517,556.330825,1.0,2.094638,0.686041,1.863862,2.0,132.0,298.9512839421369,0.5373624298853779,0.011084439092612057
53976.0,-0.723434,0.07661,0.68613,-0.677288,0.113971,-0.726836,-0.133882,-0.990526,-0.030564,-58.653593,333.454255,-378.635523,3.594335,3.595316,3.594882,90.010334,90.04843,90.001722,123.534452,0.058749,0.060734,72.682257,0.902778,372.051144,-99.41228,56.399099,-99.41228,-427.72634,-151.837157,56.399099,-151.837157,142.209592,119.153331,47.350652,104.02457,47.350652,-74.915781,-28.189075,104.02457,-28.189075,335.222576,553.892414,1.0,0.756597,1.601365,3.275941,2.0,130.0,369.69510396189753,0.6674492999319134,0.012420885608987072
51843.0,0.363783,-0.544545,0.755734,-0.192578,0.749827,0.632988,-0.911359,-0.375808,0.167907,-91.458299,188.200314,-475.589894,3.596392,3.596264,3.593985,89.944475,90.009505,90.002746,93.980297,0.067706,0.060062,92.351502,1.0,-368.641224,-213.948731,-230.851214,-213.948731,658.314016,-50.097867,-230.851214,-50.097867,383.457686,-108.68999,-170.433215,-146.702076,-170.433215,395.789152,-68.343429,-146.702076,-68.343429,338.864966,573.299688,1.0,2.268036,1.40209,4.321274,2.0,142.0,520.0503401369509,0.9071177797971364,0.010828194218216397
52973.0,0.03152,-0.086851,0.995723,-0.977429,0.205534,0.048869,-0.208899,-0.974788,-0.078413,-277.146551,103.752305,-342.251583,3.595396,3.596547,3.590018,89.986892,90.065445,90.02798,124.838996,0.067259,0.058476,76.587155,0.8,-1352.730058,477.201496,156.923437,477.201496,346.758813,-325.889902,156.923437,-325.889902,376.960529,-68.467154,9.782334,-157.016891,9.782334,207.380552,-177.734243,-157.016891,-177.734243,453.766017,624.811521,1.0,1.619835,1.649289,3.352702,2.0,112.0,497.0082635330667,0.7954531035817227,0.010445615847722769
54223.0,0.89079,-0.089152,-0.445585,0.339176,0.783007,0.521402,0.302412,-0.615591,0.727733,376.445209,256.531132,-265.448984,3.593018,3.595717,3.595684,90.034156,89.992704,90.057309,88.594945,0.050229,0.048821,105.882292,1.0,-321.062579,-420.572526,58.368406,-420.572526,-303.643374,-142.937015,58.368406,-142.937015,679.409701,23.88384,-56.280355,-88.595587,-56.280355,107.435289,-39.481112,-88.595587,-39.481112,548.876096,304.059302,1.0,3.848745,0.755786,2.684966,2.0,138.0,498.16203261294214,1.6383712957840775,0.009444449880250042
51849.0,-0.505119,0.158164,-0.848433,0.578939,0.791169,-0.197186,0.640066,-0.590793,-0.491202,509.859793,-355.470352,-333.587157,3.595003,3.596157,3.59373,89.97459,90.063854,89.991388,129.090114,0.075256,0.067729,84.169155,0.866197,-723.094463,20.319889,111.150709,20.319889,387.177312,-3.77829,111.150709,-3.77829,521.605704,-261.601398,59.601919,-44.510129,59.601919,-184.733103,-64.75767,-44.510129,-64.75767,552.277772,781.816687,1.0,4.940747,2.084265,2.316185,2.0,123.0,782.9698947718948,1.0014750360168443,0.010291145253864079
53016.0,0.159046,-0.615447,0.771964,0.602959,0.679702,0.417666,-0.781757,0.399035,0.479194,174.113663,271.693609,-502.258551,3.59357,3.594872,3.595811,90.026041,89.982713,90.037216,126.03343,0.069859,0.06154,75.382001,0.971831,499.698833,154.189606,-117.617388,154.189606,-368.605863,199.898681,-117.617388,199.898681,-122.171815,-2.639534,-41.855015,282.079879,-41.855015,56.865931,260.890644,282.079879,260.890644,120.721449,788.247599,1.0,2.066737,1.071061,5.184349,2.0,138.0,351.3642002870385,0.4457535940899688,0.01289208281961101
51853.0,-0.295212,-0.930226,-0.218012,0.391488,-0.325918,0.860532,-0.871543,0.16869,0.460387,259.132931,159.411283,-524.014632,3.59562,3.590122,3.595201,90.003661,89.990237,90.012814,120.049682,0.065544,0.058759,76.142381,0.909722,-1147.56401,-417.509743,186.040642,-417.509743,99.936543,-49.635642,186.040642,-49.635642,136.161517,-340.500904,66.600631,32.318093,66.600631,-62.94514,-1.905309,32.318093,-1.905309,364.614555,553.695623,1.0,3.389717,1.092365,4.903578,2.0,131.0,618.5700871847943,1.1171662940611584,0.01194764319229786
53512.0,-0.095842,-0.658155,0.746757,-0.355023,0.723473,0.592068,-0.929932,-0.208371,-0.303,-77.543497,-341.00667,-535.890247,3.595573,3.594034,3.594,89.973729,89.952383,90.013419,92.973123,0.0663,0.062021,100.562623,1.0,-497.294956,-108.110272,-300.428455,-108.110272,-63.862834,-49.494835,-300.428455,-49.494835,390.36543,-58.744039,-32.965001,148.679468,-32.965001,-87.469246,21.635423,148.679468,21.635423,389.182698,503.658505,1.0,2.241164,1.878635,4.491958,2.0,138.0,481.74221607191646,0.9564858158642957,0.009944052473651169
53903.0,0.79,-0.047381,-0.611273,0.558802,0.465876,0.686076,0.252271,-0.883581,0.394518,-200.913746,-292.041875,-509.576315,3.596188,3.594936,3.594358,90.032559,90.060141,90.050089,132.180761,0.085364,0.083049,90.462762,0.876812,734.641109,56.247559,187.836298,56.247559,-724.775325,83.573099,187.836298,83.573099,340.11386,95.173469,-178.023824,3.702863,-178.023824,-261.96912,52.659652,3.702863,52.659652,431.326901,562.931581,1.0,3.869397,1.165253,2.863482,2.0,121.0,621.6623599428974,1.104330225777291,0.009692518563605212
52722.0,0.222271,0.925925,-0.305381,-0.846568,0.338659,0.41065,0.483652,0.16725,0.859132,236.274516,496.282654,-470.721596,3.592817,3.594712,3.595308,90.008528,89.940996,89.960284,97.62061,0.066423,0.053816,116.545489,1.0,96.453355,-7.54407,34.643428,-7.54407,-935.352782,-16.490688,34.643428,-16.490688,453.479078,99.328271,-31.755703,26.834811,-31.755703,186.761659,-23.578585,26.834811,-23.578585,357.730518,212.091286,1.0,3.781019,0.537224,1.237862,2.0,146.0,231.3799812830808,1.0909452512022622,0.008580340677106772
53873.0,-0.573001,0.496951,0.651698,-0.65995,0.191704,-0.72644,-0.485938,-0.846339,0.218116,254.73441,196.852184,-525.467101,3.597253,3.595019,3.59488,89.965852,90.001156,90.059696,145.675203,0.064431,0.068233,85.34083,1.0,762.486966,411.207931,-87.072519,411.207931,366.848132,156.295207,-87.072519,156.295207,-314.352094,110.884293,-63.347807,-15.671107,-63.347807,111.637402,1.259705,-15.671107,1.259705,81.432306,783.869069,1.0,0.731217,1.350912,3.662799,2.0,144.0,63.915988572053905,0.08153911297149793,0.011717720579938114
52091.0,-0.510736,-0.030425,-0.859199,0.846163,0.159101,-0.508621,0.152175,-0.986793,-0.055514,345.700703,462.11307,-518.906858,3.595339,3.596119,3.589053,89.978232,89.962544,90.009026,128.858149,0.052272,0.054257,99.972364,0.993243,-829.725219,-932.431566,11.698915,-932.431566,-613.84969,33.552437,11.698915,33.552437,411.416359,-120.340176,-24.238584,-209.20456,-24.238584,81.812263,-22.719496,-209.20456,-22.719496,456.35938,503.90059,1.0,5.246884,1.626339,2.988587,2.0,147.0,538.9985519014298,1.0696525517095143,0.009935175685152349
53506.0,0.023062,0.164861,-0.986047,-0.152421,0.975359,0.159509,0.988047,0.146616,0.047622,92.005317,4.14823,-325.761159,3.596814,3.595459,3.593852,90.005208,89.983833,90.005989,84.389966,0.063839,0.057481,103.810287,0.993056,-226.527686,133.365846,-110.2777,133.365846,191.805277,-91.355014,-110.2777,-91.355014,564.509508,-21.210501,65.440356,33.382123,65.440356,264.746829,-146.895186,33.382123,-146.895186,517.99736,496.099006,1.0,4.552012,1.523157,1.423482,2.0,143.0,488.4235080315846,0.9845282939986069,0.00956606545168303
51871.0,-0.660839,-0.523014,-0.538283,0.740242,-0.335869,-0.582438,0.123831,-0.783357,0.609112,320.414043,155.907584,-513.860653,3.595557,3.59615,3.595497,90.01907,89.992594,89.983395,99.298268,0.057021,0.050038,80.460155,0.993151,319.951462,-81.834472,91.142215,-81.834472,47.211365,-58.256436,91.142215,-58.256436,462.755373,38.340824,46.301429,104.306686,46.301429,184.134548,-25.524108,104.306686,-25.524108,632.782048,518.556522,1.0,5.537166,0.915856,2.984812,2.0,144.0,546.0831158102523,1.0530831117581667,0.012343389097373725
54150.0,-0.738611,0.648337,0.184694,-0.530587,-0.728098,0.433994,0.41585,0.222557,0.881781,-273.226539,410.730281,-419.511313,3.595138,3.597618,3.596312,90.006161,89.989092,89.985189,90.034435,0.066116,0.057733,124.959278,0.992857,249.178221,-322.220271,78.68319,-322.220271,628.013983,-39.241044,78.68319,-39.241044,471.419921,53.3843,49.892194,12.894976,49.892194,112.458083,-23.217794,12.894976,-23.217794,418.306436,293.305049,1.0,2.739241,0.491172,1.079398,2.0,139.0,342.7775942890282,1.1686726684647974,0.00794544443510629
52165.0,0.528115,0.797269,0.29233,-0.618128,0.124885,0.776094,0.582248,-0.590565,0.558768,150.096396,334.294738,-428.840099,3.594235,3.594326,3.594758,90.035982,89.9926,90.002395,103.076814,0.057875,0.055812,85.870977,0.993056,-255.99748,-146.551463,-46.880326,-146.551463,-172.054662,180.911156,-46.880326,180.911156,177.302022,-87.834555,38.336813,-211.569553,38.336813,197.548795,44.408069,-211.569553,44.408069,219.077164,569.734916,1.0,2.78136,0.977897,2.363286,2.0,143.0,352.42525857154874,0.6185776028014206,0.011564512652511221
51879.0,-0.358518,-0.819975,-0.446212,0.465807,-0.571364,0.675697,-0.809005,0.034401,0.586795,274.22184,289.890255,-556.744114,3.596383,3.591626,3.594792,90.025806,90.004727,90.007104,104.247501,0.071886,0.063954,90.816765,1.0,-735.275646,-389.706725,218.352344,-389.706725,3.640862,-97.690896,218.352344,-97.690896,336.579723,-141.917512,-43.692989,81.64467,-43.692989,-69.404657,129.665596,81.64467,129.665596,265.340658,446.931692,1.0,3.725225,0.943701,4.754886,2.0,144.0,400.78292216999876,0.8967431250545526,0.01101118279207589
52435.0,0.251489,0.850107,-0.462679,-0.369265,0.526159,0.766029,0.894649,-0.021797,0.446238,511.865156,-274.862612,-324.695028,3.596156,3.592437,3.592892,89.973509,89.934406,90.040152,140.986339,0.062994,0.062706,70.531756,1.0,-1013.27274,225.124891,-141.223347,225.124891,-426.852973,-117.706278,-141.223347,-117.706278,678.37175,-122.800646,-143.536575,193.56474,-143.536575,-4.216314,-79.824699,193.56474,-79.824699,767.153939,624.820109,1.0,3.684946,1.108239,1.595155,2.0,140.0,865.3775284892573,1.3850026848115693,0.014178010823947158
53654.0,-0.384961,0.704804,-0.595866,-0.678646,0.221388,0.700304,0.625495,0.673972,0.393087,148.487801,-95.250868,-324.746199,3.595148,3.594766,3.594692,89.979094,89.976382,89.998965,83.266353,0.06035,0.054403,96.940264,1.0,-47.932748,124.975247,-149.965717,124.975247,-95.987102,83.70392,-149.965717,83.70392,251.096246,288.083018,-48.48299,-181.620713,-48.48299,-81.07742,104.823376,-181.620713,104.823376,328.744887,502.720774,1.0,3.84659,1.16681,0.748111,2.0,146.0,433.2286207585644,0.8617678901778671,0.01031563107771194
53571.0,-0.056214,0.761123,-0.646167,-0.26116,0.613448,0.745303,0.963657,0.21065,0.16429,-31.510902,407.405959,-484.075089,3.596723,3.595476,3.592542,90.008201,89.977667,90.019955,77.296052,0.061244,0.05503,114.331527,1.0,-35.444913,451.333887,-180.277228,451.333887,-310.511094,-167.403408,-180.277228,-167.403408,490.913513,113.03501,64.446137,-98.016911,64.446137,126.742277,-2.211921,-98.016911,-2.211921,391.679436,289.934054,1.0,3.855865,1.405758,1.355587,2.0,146.0,290.4053817894414,1.0016256379095136,0.008746493869534341
52179.0,0.530211,-0.068519,0.845093,-0.641999,0.618609,0.452946,-0.553817,-0.782706,0.284004,503.608991,184.525953,-288.830967,3.595967,3.596952,3.595602,89.994692,90.032617,89.963823,78.406381,0.051561,0.047647,94.806758,1.0,-13.472544,176.061578,-69.794308,176.061578,365.906279,19.644524,-69.794308,19.644524,843.691003,159.570636,-20.358142,-25.016804,-20.358142,165.9356,-164.921048,-25.016804,-164.921048,839.602046,459.00716,1.0,2.062806,1.282829,3.757379,2.0,138.0,692.3397220916215,1.5083418787881686,0.010547771288624804
54059.0,-0.68319,0.653021,0.326826,-0.574062,-0.756901,0.312336,0.451337,0.025766,0.891981,397.82448,243.882974,-274.402419,3.59661,3.5953,3.596199,89.952997,90.021586,90.048841,149.781292,0.063923,0.070156,80.795126,0.808824,991.9009,165.541088,171.996505,165.541088,-196.869171,-76.423932,171.996505,-76.423932,286.081593,-99.01408,77.677195,79.598927,77.677195,0.912706,46.066711,79.598927,46.066711,274.595909,1171.497514,1.0,2.333527,0.469087,1.51377,2.0,110.0,350.86329142749776,0.29949981731459124,0.01001080188921297
53495.0,0.508428,-0.623004,-0.594446,0.700715,-0.101911,0.706126,-0.5005,-0.775551,0.384734,-370.661909,353.446517,-317.11576,3.595168,3.595581,3.597227,90.022243,89.950303,89.994937,113.779601,0.063308,0.062368,104.444418,1.0,-68.198419,-206.284582,91.808926,-206.284582,856.471897,220.578116,91.808926,220.578116,255.999662,273.691058,-134.578905,203.972823,-134.578905,272.215427,-49.477969,203.972823,-49.477969,396.774198,616.483876,1.0,3.841332,1.175877,3.71469,2.0,142.0,248.91084717933467,0.40375889276191657,0.009574470509280831
54100.0,-0.565991,0.507604,-0.649609,-0.464633,0.454495,0.759967,0.681007,0.731965,-0.02139,9.381793,-176.922469,-534.678834,3.595513,3.593766,3.595273,90.030077,90.003759,90.014372,146.557151,0.070092,0.072064,70.309914,0.948529,282.573922,-36.80102,-31.228057,-36.80102,-29.106384,-317.539407,-31.228057,-317.539407,-161.346371,104.24649,-73.890597,-134.183747,-73.890597,111.88707,78.756329,-134.183747,78.756329,229.166488,565.0435,1.0,3.848859,1.592188,0.749349,2.0,129.0,192.2489697134605,0.3402374679355846,0.013490686391680124
52174.0,0.5597,0.828619,-0.011245,-0.675636,0.464139,0.572793,0.479846,-0.312995,0.819623,-244.293378,98.336082,-514.351217,3.594558,3.594387,3.596327,90.034716,89.951816,90.013137,162.677186,0.085009,0.084258,72.56555,0.913043,-189.257759,8.697734,-33.853128,8.697734,-314.417314,10.223947,-33.853128,10.223947,795.686454,130.482052,-334.924155,-45.977191,-334.924155,-69.847625,-19.405832,-45.977191,-19.405832,576.20778,663.846739,1.0,3.161222,0.610043,2.148774,2.0,126.0,643.5013626377408,0.9693522990066852,0.012582320398591343
52183.0,0.530383,0.791189,-0.304491,-0.648509,0.609984,0.455364,0.546013,-0.044053,0.836618,-279.358081,-170.783753,-554.398044,3.595278,3.595558,3.594318,89.997743,89.963958,89.969688,107.158928,0.062033,0.063093,77.192668,0.992647,284.568118,166.190437,273.88675,166.190437,-260.990175,-90.825736,273.88675,-90.825736,236.006727,75.818802,31.190568,377.999914,31.190568,-18.186385,-51.516091,377.999914,-51.516091,259.2339,544.912626,1.0,3.730984,0.579717,1.651302,2.0,135.0,411.8289263206697,0.7557705706761687,0.012859343066105708
52533.0,0.202456,0.318496,0.926052,-0.329491,0.912657,-0.241855,-0.922197,-0.25616,0.289714,20.978599,-402.301964,-279.98323800000003,3.59556,3.597658,3.597103,90.091589,90.027293,90.025305,131.338078,0.056731,0.054359,136.879106,1.0,65.60768,-474.62125,449.565708,-474.62125,1186.484096,-290.163485,449.565708,-290.163485,443.74842,94.099121,-31.219498,26.551397,-31.219498,177.379182,85.841713,26.551397,85.841713,316.041264,740.436782,1.0,1.315335,1.276868,4.441448,2.0,138.0,210.94277248506035,0.28488964569707226,0.007305716914895689
53254.0,-0.200777,0.320885,0.925593,-0.972689,-0.177629,-0.149413,0.116468,-0.930312,0.347785,30.576369,256.272916,-342.280391,3.592997,3.59612,3.595422,90.009372,90.008297,90.033232,100.563329,0.06151,0.057303,97.403656,1.0,198.264738,17.615426,-48.552981,17.615426,-568.198465,-128.357185,-48.552981,-128.357185,458.537068,71.352789,28.720082,16.759734,28.720082,90.879837,87.927105,16.759734,87.927105,356.07068,414.205062,1.0,1.410753,1.215589,3.017048,2.0,138.0,287.2517429463315,0.6935012854727775,0.010266555087008234
51919.0,0.369105,0.912972,-0.173906,-0.229457,0.270845,0.934876,0.900617,-0.305163,0.309458,186.486802,162.781846,-432.847445,3.595714,3.594654,3.594616,89.982148,89.987308,90.006674,126.536548,0.058111,0.061617,67.805973,0.885714,-87.141017,151.389797,104.818278,151.389797,20.920577,-28.261328,104.818278,-28.261328,278.553771,-223.909389,-73.508393,-72.442051,-73.508393,63.864303,-77.573697,-72.442051,-77.573697,319.791757,681.904954,1.0,3.325511,1.256174,1.897493,2.0,124.0,484.2143199406186,0.710090632279845,0.013062477548991149
52383.0,0.291311,0.886573,-0.359341,-0.424059,0.456387,0.78223,0.857503,-0.075491,0.50891,-208.661941,-426.366383,-558.701748,3.596265,3.593891,3.594396,90.049296,90.029671,89.991281,154.724749,0.072104,0.071876,69.567125,0.878571,205.184867,-465.875203,31.016693,-465.875203,-196.181682,-344.402985,31.016693,-344.402985,82.872652,220.436911,-175.634019,24.922679,-175.634019,-41.097184,20.01666,24.922679,20.01666,419.904138,764.479226,1.0,3.57222,1.036878,1.658605,2.0,123.0,429.2511789352265,0.5614948900327953,0.012629111811074555
53917.0,0.789042,0.069141,-0.610436,0.542448,0.38802,0.745111,0.288379,-0.919054,0.268659,-351.941773,3.092119,-284.266189,3.597351,3.596144,3.593428,90.021395,89.986361,89.964827,136.047692,0.068274,0.068479,69.469852,0.955224,252.450257,657.980013,-120.389795,657.980013,187.423662,-66.084268,-120.389795,-66.084268,311.646554,64.634787,218.298091,353.608241,218.298091,150.35552,-93.599164,353.608241,-93.599164,451.460288,569.395454,1.0,3.827964,1.298796,2.837544,2.0,128.0,509.81691116055475,0.8953652642975874,0.013750194832716786
54174.0,-0.583479,-0.63476,0.506588,-0.428821,0.770535,0.471581,-0.689685,0.057922,-0.721789,154.636578,361.233118,-470.222055,3.596607,3.595061,3.594223,90.02832,90.018528,89.997053,102.652425,0.061523,0.053978,86.744078,0.971014,449.405523,104.515598,136.570287,104.515598,-14.673504,325.530261,136.570287,325.530261,29.881203,66.969097,-51.394593,6.360372,-51.394593,350.782027,33.251432,6.360372,33.251432,212.588144,549.572592,1.0,2.320421,2.37718,4.796176,2.0,134.0,251.5288350870411,0.4576808209661247,0.011194009117256397
52362.0,0.353773,-0.46649,0.810698,-0.545256,0.60138,0.583984,-0.759961,-0.648636,-0.041605,-231.644973,-171.758145,-540.213225,3.594251,3.596108,3.595767,90.030325,89.992313,89.957683,103.001298,0.0568,0.053727,75.858625,0.971831,370.249924,154.535685,280.115833,154.535685,-276.397053,-171.40331,280.115833,-171.40331,435.7774,284.802982,134.811935,163.732572,134.811935,-190.684001,-213.013877,163.732572,-213.013877,372.86924,593.523039,1.0,2.195048,1.612413,4.005859,2.0,138.0,586.0768206311757,0.9874542050105247,0.01281108113942218
53491.0,0.48371,-0.590166,-0.646319,0.659791,0.731081,-0.173771,0.575066,-0.342381,0.743017,457.441744,-56.983219,-362.413843,3.595289,3.593208,3.596053,90.059443,89.977005,89.992693,94.687648,0.050165,0.050992,88.153628,1.0,-517.996325,360.968079,-141.307553,360.968079,-3.219054,-104.135502,-141.307553,-104.135502,612.180533,353.486546,-66.004933,-86.509311,-66.004933,1.247978,-55.369949,-86.509311,-55.369949,628.520989,365.212557,1.0,4.97504,0.733229,2.10781,2.0,142.0,554.7733316118641,1.519042324746419,0.011343832610043004
52217.0,0.538732,0.839394,0.072008,-0.700963,0.399184,0.591018,0.467353,-0.368875,0.803438,-343.034585,70.158381,-498.021257,3.593709,3.593563,3.595726,90.028782,90.004467,90.066015,77.285145,0.063124,0.053196,124.990748,0.992754,-867.059514,83.279535,-247.427154,83.279535,138.49109,1.667482,-247.427154,1.667482,387.833516,150.487515,1.441576,41.84932,1.441576,305.038989,-62.739073,41.84932,-62.739073,305.329555,252.959021,1.0,3.020352,0.637749,2.238971,2.0,137.0,167.92372138209495,0.6638376473717257,0.007942619880953109
51959.0,-0.538943,0.423375,-0.728212,0.706425,0.698055,-0.116976,0.458807,-0.577471,-0.675295,97.21069,-26.488777,-277.879994,3.596144,3.595224,3.59629,90.008873,90.009601,90.033536,103.816157,0.06534,0.065343,101.197499,1.0,481.771516,31.496674,-78.29369,31.496674,4.037778,207.776683,-78.29369,207.776683,470.394656,45.592365,-160.254092,164.2046,-160.254092,266.158687,115.214857,164.2046,115.214857,278.114785,649.859807,1.0,4.871663,2.312161,2.470207,2.0,144.0,317.59849526469895,0.4887184771910335,0.009881667134876525
51969.0,-0.603931,-0.596312,-0.528846,0.78922,-0.540101,-0.29227,-0.111346,-0.593887,0.796806,271.038351,-374.432957,-449.725369,3.595958,3.595541,3.594769,90.032194,90.014985,90.050177,123.117279,0.061552,0.06144,79.096126,0.986842,-371.442593,-122.793308,12.528696,-122.793308,621.589828,204.45033,12.528696,204.45033,319.104312,-151.599128,-184.852963,223.792082,-184.852963,-12.973943,-134.532783,223.792082,-134.532783,444.945283,501.219505,1.0,5.217269,0.648806,3.326928,2.0,150.0,607.5775955169468,1.2121986264619664,0.01247648968294604
52500.0,-0.039686,0.831151,-0.554628,0.432978,0.514552,0.740113,0.90053,-0.21077,-0.380291,238.504383,259.037307,-398.627338,3.594536,3.592277,3.594652,90.017639,90.023137,90.080945,126.30769,0.062458,0.061816,105.234975,0.913043,-301.387799,-518.060996,-289.283402,-518.060996,-766.952203,-251.383261,-289.283402,-251.383261,301.004862,91.129234,-52.415205,-123.964313,-52.415205,-214.043272,13.707342,-123.964313,13.707342,276.378527,583.559898,1.0,3.784699,1.960907,1.800709,2.0,126.0,444.6429430823707,0.7619491068633554,0.008676231452518519
53182.0,0.153744,-0.602665,0.783044,0.221548,0.793314,0.567071,-0.962953,0.086298,0.255487,164.172708,280.115577,-323.22907399999997,3.596183,3.594288,3.596355,90.002964,89.990825,90.013632,79.404243,0.059549,0.051181,116.833366,1.0,305.051118,288.361713,-88.67442,288.361713,40.050036,13.745789,-88.67442,13.745789,379.93316,99.221588,101.396049,10.839925,101.396049,28.740046,56.010989,10.839925,56.010989,334.697167,434.383478,1.0,2.197572,1.312445,4.801769,2.0,144.0,295.237189715365,0.6796694733296578,0.008559198748069966
51975.0,-0.59592,-0.63251,-0.494783,0.785358,-0.587631,-0.194687,-0.167608,-0.5046,0.846928,99.830554,-419.73355,-433.623522,3.597862,3.594202,3.596065,90.003673,90.07437,90.033144,131.521639,0.06504,0.061604,95.584766,1.0,-282.916819,-219.855272,49.782674,-219.855272,955.87781,-573.56058,49.782674,-573.56058,413.541966,304.066814,-7.166873,-54.830848,-7.166873,10.013824,-53.142405,-54.830848,-53.142405,402.125548,422.99349,1.0,5.087263,0.560616,3.462287,2.0,146.0,359.6228107998344,0.8501852139611755,0.010461918168005976
51980.0,-0.531365,-0.497013,-0.686025,0.719711,-0.692003,-0.056113,-0.446842,-0.523556,0.725411,-334.428508,-210.023522,-421.128032,3.596543,3.591231,3.591895,90.105678,89.995546,89.999648,180.943546,0.071801,0.075054,85.190106,0.946667,-1070.646909,-1039.63679,258.31052,-1039.63679,-288.709868,-26.83656,258.31052,-26.83656,91.725129,82.378119,56.561995,399.421507,56.561995,66.190983,17.809918,399.421507,17.809918,465.328633,644.271996,1.0,4.794001,0.759165,3.848101,2.0,142.0,524.7880392405185,0.8145442336446338,0.011112405471123608
52271.0,-0.115687,0.83527,-0.537531,0.41928,0.531654,0.7359,0.900456,-0.140242,-0.411718,74.156726,-425.817827,-521.6187199999999,3.592977,3.59461,3.592722,89.968005,90.084838,89.969088,134.041019,0.075561,0.068462,68.455278,0.9375,-589.069292,629.324602,386.681163,629.324602,-518.486829,-351.974792,386.681163,-351.974792,18.187847,-177.574446,183.455839,134.807389,183.455839,-303.753073,-125.014496,134.807389,-125.014496,169.917649,597.298817,1.0,3.772458,1.995134,1.7253,2.0,134.0,480.7402139839059,0.8048571339860965,0.013695072569860864
54242.0,0.701004,0.446544,-0.556051,0.232514,0.59399,0.770138,0.674189,-0.669159,0.312562,244.814459,106.843607,-372.423244,3.596767,3.593982,3.595587,90.001365,89.970077,90.022775,64.973208,0.070158,0.059169,99.365595,1.0,-14.421983,-61.298907,275.120132,-61.298907,123.574798,338.804486,275.120132,338.804486,479.353601,131.804844,50.456122,5.656351,50.456122,222.046099,196.889581,5.656351,196.889581,479.146789,316.063889,1.0,3.766941,1.252908,2.35245,2.0,144.0,358.4031655477101,1.1339579686931907,0.010063845539293556
54073.0,-0.531577,0.612191,-0.585361,-0.459475,0.372151,0.806466,0.711554,0.697658,0.083459,147.712037,-216.536438,-244.0249,3.593559,3.59484,3.595304,89.951883,89.998587,89.992766,84.149486,0.061738,0.055495,98.042009,0.978261,-363.135921,-64.385334,-23.359826,-64.385334,257.815375,377.429463,-23.359826,377.429463,-38.856536,-55.694328,-60.906573,113.312383,-60.906573,139.146004,73.354651,113.312383,73.354651,180.77021,417.256303,1.0,3.769448,1.48724,0.795259,2.0,134.0,253.4818776847433,0.6074968211678358,0.009977977909449001
52336.0,0.385342,0.165907,0.907737,-0.585241,0.804494,0.101402,-0.713446,-0.570319,0.407101,90.325099,-233.422763,-306.955402,3.596043,3.592707,3.595403,89.945848,89.976951,89.97425,117.502581,0.080449,0.06761,81.283719,0.986486,502.032916,161.392555,-365.121841,161.392555,-398.679654,429.488579,-365.121841,429.488579,-122.554454,94.868706,-162.324539,31.548761,-162.324539,-83.507667,162.695483,31.548761,162.695483,208.22397,514.71699,1.0,1.682044,1.151519,4.038022,2.0,146.0,324.41986302787166,0.630287846196551,0.012136329539744606
53348.0,-0.204357,0.880664,-0.427398,-0.762695,0.130447,0.633466,0.613624,0.455428,0.645021,195.715956,24.633441,-419.747515,3.595144,3.593979,3.593906,89.946029,90.031141,90.00802,154.159211,0.071211,0.069121,77.244507,0.905405,-578.990252,287.66604,216.542294,287.66604,322.978183,62.244281,216.542294,62.244281,-75.658255,-92.87425,141.10713,96.149781,141.10713,-124.651371,214.682561,96.149781,214.682561,329.548805,854.33835,1.0,3.735134,0.869746,0.93231,2.0,134.0,499.3073850215256,0.58443751825202,0.011721286537565706
53125.0,-0.083274,-0.258372,0.96245,-0.896104,0.441937,0.041106,-0.435963,-0.859031,-0.26833,-275.543455,259.807029,-245.317743,3.593012,3.597611,3.59238,89.987432,90.072558,89.940161,140.472336,0.069156,0.06234,82.233765,0.979167,-488.733795,542.053122,593.712614,542.053122,-595.009893,-340.678914,593.712614,-340.678914,744.099807,134.586094,-207.562266,153.820361,-207.562266,55.00236,-171.40487,153.820361,-171.40487,447.458112,539.043267,1.0,1.61348,1.842456,3.611227,2.0,141.0,448.5686282053581,0.8321570004979917,0.01190711625571321
54135.0,0.904069,-0.272817,-0.328985,0.415645,0.740438,0.528196,0.099492,-0.614267,0.782801,178.422692,466.689421,-558.638413,3.597167,3.597966,3.595783,90.012218,89.983683,89.91954,129.54887,0.068924,0.064716,86.488836,0.986111,198.654905,502.232478,-175.581989,502.232478,1100.996606,-361.326735,-175.581989,-361.326735,562.032546,-119.44125,-140.442512,14.864446,-140.442512,336.951211,-88.85143,14.864446,-88.85143,433.316754,503.710531,1.0,3.698641,0.671641,2.981019,2.0,142.0,531.4514317595675,1.0550731006248657,0.011401598698819347
53090.0,0.195384,-0.827945,-0.525673,0.553396,-0.349444,0.75607,-0.809677,-0.43863,0.389906,195.466296,-350.023043,-496.911818,3.595912,3.594335,3.597142,89.987407,89.978671,90.013572,144.281792,0.06743,0.066616,78.997893,0.986111,215.518805,-275.763657,-215.44276,-275.763657,611.566397,-96.38806,-215.44276,-96.38806,54.273334,-15.511916,-21.29744,-125.664823,-21.29744,69.249411,-14.968626,-125.664823,-14.968626,219.631319,827.768557,1.0,3.749137,1.170267,4.215914,2.0,142.0,234.30266159023975,0.28305334819602207,0.01248275064753942
52012.0,-0.57666,-0.455744,-0.678057,0.81499,-0.378848,-0.43848,-0.057047,-0.805464,0.589893,-39.411866,204.861796,-223.817491,3.595053,3.594449,3.595472,89.983483,89.991118,89.986494,163.876935,0.069259,0.076736,72.018202,0.901408,317.327509,30.216992,-33.868565,30.216992,4.995317,-98.315034,-33.868565,-98.315034,-112.762201,220.973834,178.790777,-147.337769,178.790777,8.172836,-67.00539,-147.337769,-67.00539,68.16447,863.585634,1.0,5.28642,0.93987,3.212299,2.0,128.0,282.38306095682356,0.32698906725540033,0.012516391342288716
52022.0,0.182879,0.937001,-0.297632,-0.066171,0.313782,0.947186,0.980906,-0.153526,0.119387,-385.054066,-137.126326,-523.337151,3.595053,3.591141,3.59621,89.941485,90.034464,90.04876,138.989911,0.079316,0.076601,72.937702,0.949275,-1237.946879,-61.797032,-72.172077,-61.797032,627.135843,-378.481613,-72.172077,-378.481613,104.437669,61.23758,-104.132646,22.197241,-104.132646,304.533681,29.514325,22.197241,29.514325,201.938592,498.063962,1.0,3.44605,1.451124,1.726051,2.0,131.0,232.19243215844998,0.4661899873784684,0.01301487398108594
52786.0,0.055131,-0.526425,0.848432,0.45658,0.768973,0.447454,-0.887972,0.362709,0.28275,-290.101458,-311.643506,-476.919827,3.594218,3.594181,3.592388,90.043729,90.071206,90.023786,171.927456,0.072555,0.078168,68.483547,0.835714,-219.917346,-562.892665,176.301621,-562.892665,-916.134256,62.324932,176.301621,62.324932,179.691867,233.200183,-49.806967,46.875542,-49.806967,-221.45617,-80.893604,46.875542,-80.893604,338.346763,654.840438,1.0,2.056115,1.284137,5.100175,2.0,117.0,523.4406674857341,0.7993407815259786,0.012203135447993077
52490.0,-0.030579,0.847771,-0.52948,0.382348,0.49936,0.777463,0.923512,-0.178672,-0.339414,357.103832,-349.740626,-397.407299,3.595272,3.595065,3.595754,89.954718,90.071228,89.997082,100.727336,0.072004,0.062725,99.367877,1.0,-232.267521,224.931175,274.566849,224.931175,161.683071,-507.882804,274.566849,-507.882804,590.000019,-184.183974,69.742093,-124.616204,69.742093,266.283781,-12.009982,-124.616204,-12.009982,604.625972,377.179089,1.0,3.739477,1.91709,1.761905,2.0,138.0,696.5715554300539,1.846792613230088,0.010063614421388917
52494.0,0.405653,0.912753,-0.048242,-0.890148,0.40649,0.20592,0.207564,-0.04059,0.977379,506.809652,-357.680593,-455.711767,3.593987,3.595238,3.595367,89.978279,89.927678,89.955396,119.965241,0.079258,0.064652,91.338635,0.958333,327.622624,-14.492918,449.543694,-14.492918,-617.666174,-329.649047,449.543694,-329.649047,392.265379,-19.372017,-132.625678,-133.160449,-132.625678,-207.833609,0.76433,-133.160449,0.76433,503.406341,460.2512,1.0,3.371716,0.213105,1.763914,2.0,138.0,658.6577409752118,1.4310831584474126,0.010492088041385773
53744.0,0.191046,0.80213,-0.565764,0.071119,0.563554,0.823012,0.979001,-0.19747,0.050618,-350.765267,-100.016519,-559.61519,3.595154,3.597171,3.595791,90.026266,90.052493,90.005747,136.777064,0.063751,0.070912,88.305782,0.993056,824.709846,30.881751,82.716968,30.881751,143.032598,-422.208737,82.716968,-422.208737,115.834751,169.859824,17.346273,161.430953,17.346273,108.317403,20.777393,161.430953,20.777393,289.70779,499.444938,1.0,3.743833,1.520157,1.769831,2.0,143.0,213.5910763385504,0.4276569048709638,0.011245650935971555
53712.0,-0.455796,-0.484871,0.746424,-0.685421,0.726202,0.05319,-0.567845,-0.487371,-0.663341,166.42896,-381.820516,-244.408776,3.59481,3.590074,3.594225,90.001172,89.980632,89.951818,169.344065,0.06612,0.07222,80.994114,0.966216,-302.696059,362.052836,-41.834925,362.052836,-1107.6462,515.888479,-41.834925,515.888479,-11.666216,-109.916137,-79.408081,86.216219,-79.408081,-101.568726,-201.376612,86.216219,-201.376612,402.572865,651.936816,1.0,1.641936,2.296071,4.003107,2.0,143.0,546.950879708775,0.8389630195524577,0.011929459466647169
52037.0,-0.561492,-0.341289,-0.753822,0.826648,-0.27223,-0.492487,-0.037133,-0.899674,0.434981,441.565195,83.100537,-495.042782,3.594934,3.596452,3.59617,90.03329,89.956153,89.986344,54.652261,0.058144,0.053255,108.085,1.0,518.580844,-89.452877,-158.021118,-89.452877,-274.86811,-7.607745,-158.021118,-7.607745,683.911487,105.723273,58.239888,-9.184367,58.239888,-79.816591,-52.530955,-9.184367,-52.530955,639.082303,274.253861,1.0,5.291094,1.120779,3.182843,2.0,146.0,650.0254315744445,2.3701596367842734,0.009251977610214185
52364.0,0.391493,0.747602,0.536492,-0.627329,-0.209695,0.74999,0.673194,-0.630174,0.386899,99.245957,-106.635945,-426.011702,3.595415,3.59424,3.595039,90.01792,89.966062,90.011513,194.734869,0.097705,0.08871,65.863545,0.802817,-84.820046,-18.318919,265.881331,-18.318919,-141.573863,65.266587,265.881331,65.266587,357.947618,337.782258,-31.658312,203.940472,-31.658312,18.313742,-24.529641,203.940472,-24.529641,275.620819,888.342549,1.0,2.520651,1.17353,2.323199,2.0,114.0,344.18353481599644,0.3874446126704626,0.012189094893085393
52178.0,0.468135,-0.366828,0.80392,-0.545674,0.595576,0.589516,-0.695046,-0.714651,0.078641,-410.275015,-58.729248,-542.21727,3.595448,3.593467,3.59112,89.899381,90.064651,89.9184,190.322301,0.069963,0.077641,63.05398,0.826087,-1843.273881,214.397945,-512.314944,214.397945,97.879538,88.418124,-512.314944,88.418124,578.107814,203.826282,-165.670131,-26.253426,-165.670131,169.86778,340.06086,-26.253426,340.06086,134.542955,667.377895,1.0,2.203525,1.492074,3.913085,2.0,114.0,333.81659432906036,0.5001912661926874,0.013101266565568105
54075.0,0.271123,0.788826,-0.551584,0.060821,0.557863,0.827701,0.960621,-0.257956,0.103273,-38.32975,-201.242827,-435.354177,3.595954,3.594713,3.594017,89.996587,90.03793,90.03137,117.199142,0.065359,0.062645,83.071542,0.972603,-85.017992,-13.283069,85.338747,-13.283069,-163.3239,-408.861817,85.338747,-408.861817,377.189254,-6.922165,58.778451,-122.703252,58.778451,16.095145,162.526052,-122.703252,162.526052,511.048602,556.866349,1.0,3.729414,1.467339,1.833138,2.0,142.0,539.0691071284449,0.968040371080934,0.011708016687592004
52303.0,0.505867,0.647004,0.570512,-0.772084,0.044662,0.633949,0.384687,-0.761177,0.522135,33.0003,-62.445495,-249.073427,3.59512,3.596139,3.594086,90.010353,89.988253,89.973521,116.169073,0.071207,0.066389,75.191294,0.952703,274.470403,-257.697942,-198.509033,-257.697942,-130.826252,60.145554,-198.509033,60.145554,169.209859,172.083749,-145.396101,-38.839068,-145.396101,-277.915239,-197.215469,-38.839068,-197.215469,570.427623,620.959503,1.0,2.408814,1.021444,2.673647,2.0,141.0,765.8903980217092,1.2333983042718797,0.012670389739535538
53739.0,0.688739,-0.528634,-0.49617,0.633953,0.107066,0.765925,-0.351771,-0.842071,0.408869,-152.295635,-20.939899,-519.180058,3.59548,3.596021,3.595337,90.004834,90.006762,90.004516,112.439057,0.074383,0.067541,86.655087,0.992958,284.997511,23.624025,55.181867,23.624025,114.626543,22.496673,55.181867,22.496673,328.587122,-33.487577,-143.007932,82.983497,-143.007932,151.242215,-94.019131,82.983497,-94.019131,594.323344,461.490388,1.0,3.716424,1.149582,3.537302,2.0,141.0,582.6054518411398,1.262443307575758,0.011458738712015835
52316.0,0.497505,0.760659,0.416998,-0.771543,0.16829,0.613514,0.396498,-0.626958,0.670606,292.414619,-382.373412,-558.804839,3.592076,3.5929,3.596015,89.983811,90.01101,90.136107,166.980076,0.069567,0.074139,91.480555,0.993243,-1267.126195,985.326774,195.920232,985.326774,104.372089,-237.886871,195.920232,-237.886871,261.622587,-107.274303,-111.991711,-11.929144,-111.991711,78.307161,40.092361,-11.929144,40.092361,586.888523,954.127805,1.0,2.544629,0.835771,2.577679,2.0,147.0,631.0290319724666,0.6613674066153712,0.01085742210462103
52309.0,0.519932,0.557771,0.646963,-0.806132,0.06989,0.587594,0.282526,-0.827047,0.485975,60.003351,130.977657,-243.280635,3.594354,3.596279,3.595277,89.985061,89.98713,89.975167,134.420049,0.078056,0.077527,89.371981,0.859155,461.931365,53.276893,-210.80996,53.276893,-136.236932,106.768512,-210.80996,106.768512,144.162628,141.064359,2.376069,-132.454337,2.376069,-136.237099,78.769918,-132.454337,78.769918,304.549492,797.491516,1.0,2.308141,1.063317,2.812413,2.0,122.0,408.3797569297163,0.512080377955665,0.009613247803022291
53808.0,0.678423,-0.511963,-0.526912,0.554966,-0.112843,0.824184,-0.48141,-0.851564,0.207567,430.239021,315.954448,-493.127916,3.591647,3.595493,3.594406,89.988396,89.994474,89.91256,99.798599,0.058337,0.049558,130.863098,1.0,-876.810907,-570.727536,183.953511,-570.727536,-396.031483,-171.532996,183.953511,-171.532996,527.848608,70.951588,14.648953,173.917758,14.648953,-42.73498,-45.330318,173.917758,-45.330318,568.235019,255.524529,1.0,3.710419,1.361709,3.656125,2.0,148.0,584.0697776470702,2.2857679453821445,0.007641573639040701
53913.0,0.19249,-0.539544,0.819658,0.03738,0.838704,0.543303,-0.980587,-0.073942,0.181611,176.587472,-367.523002,-338.879572,3.596093,3.593364,3.595605,89.968984,89.986076,89.965358,106.444603,0.065832,0.063646,90.434991,0.993151,-199.66402,448.896528,-31.168868,448.896528,72.700211,-249.403269,-31.168868,-249.403269,360.832585,10.501326,245.794103,-36.949852,245.794103,88.378132,-68.615351,-36.949852,-68.615351,409.768941,579.322103,1.0,2.156145,1.388172,4.637126,2.0,145.0,429.2456324460966,0.7409446838352318,0.01098193286711335
52535.0,0.033203,0.846878,-0.530749,0.221794,0.511558,0.83013,0.974528,-0.14528,-0.170848,295.012174,-42.543417,-577.679014,3.596356,3.593955,3.593544,89.972257,89.978385,90.005812,88.810122,0.056624,0.053801,97.609428,1.0,-477.094323,132.150526,-145.462013,132.150526,-0.761021,232.009773,-145.462013,232.009773,376.024188,-70.827867,21.680978,-39.230743,21.680978,79.010087,107.745107,-39.230743,107.745107,282.323555,414.701536,1.0,3.710449,1.742486,1.718783,2.0,144.0,323.2111474859973,0.7793825665646855,0.010244911997640228
52317.0,0.532465,0.087659,0.841901,-0.845845,0.017445,0.533143,0.032047,-0.995998,0.083435,284.052205,81.155009,-281.28267700000004,3.59472,3.595523,3.595102,90.007969,90.037321,89.970306,104.987437,0.058053,0.055412,89.343788,0.992857,-206.605352,166.638421,-114.137892,166.638421,309.310059,273.52968,-114.137892,273.52968,209.955689,-32.016495,-14.230747,3.710967,-14.230747,68.180964,100.320788,3.710967,100.320788,476.043997,497.241517,1.0,2.135314,1.487264,3.109428,2.0,139.0,474.3090063034271,0.9538805391091812,0.011112770369664649
54183.0,0.92102,-0.299691,-0.248812,0.386127,0.786535,0.481943,0.051265,-0.539952,0.840133,-343.787976,175.268761,-246.694723,3.596253,3.593972,3.595072,90.020709,90.020591,89.996058,125.702223,0.058545,0.058387,79.193601,0.971014,379.901442,208.798185,-167.214035,208.798185,-231.118651,-4.434211,-167.214035,-4.434211,150.440642,-79.067628,-50.656456,-51.538022,-50.656456,-71.651281,58.590106,-51.538022,58.590106,373.811671,625.195374,1.0,3.61817,0.573268,3.046932,2.0,134.0,456.3849638304134,0.729987749126265,0.012261268432534089
53796.0,0.661696,-0.512288,-0.547466,0.544821,0.830163,-0.118321,0.5151,-0.219979,0.828421,-67.43818,-166.123166,-565.534224,3.595766,3.595299,3.59627,89.983196,89.94721,90.024148,123.874438,0.063715,0.063942,89.231535,0.993151,184.542004,-224.159326,86.123441,-224.159326,-81.249818,229.513475,86.123441,229.513475,762.771566,33.026035,95.387665,31.351185,95.387665,-76.644737,-54.283223,31.351185,-54.283223,403.298201,520.341735,1.0,4.925239,0.594514,1.974411,2.0,145.0,446.66370822071815,0.8584045410478522,0.011130045000346572
52343.0,-0.256752,-0.927201,-0.272722,0.77005,-0.366778,0.522012,-0.584038,-0.075982,0.808162,310.500005,192.406433,-506.448884,3.594347,3.596794,3.595875,90.009451,90.068819,89.974301,236.636396,0.143343,0.144936,71.610648,0.80137,488.279322,270.49477,168.998581,270.49477,-480.240999,70.630224,168.998581,70.630224,768.759978,64.373241,-166.924646,153.573122,-166.924646,42.283596,125.526219,153.573122,125.526219,213.967288,972.48623,1.0,3.623034,0.629772,4.583018,2.0,117.0,276.7215936298135,0.2845506549021404,0.011190654216674594
52329.0,0.517351,0.85253,-0.074432,-0.850373,0.521894,0.067028,0.095989,0.028618,0.994971,15.622163,267.389601,-429.87262,3.593317,3.5937,3.595438,90.013472,90.016428,90.006686,102.445328,0.054831,0.056892,86.477406,1.0,-340.804569,54.77698,-218.930384,54.77698,-304.365278,98.515698,-218.930384,98.515698,154.023933,-359.53782,98.236359,-219.62841,98.236359,-81.624291,90.542468,-219.62841,90.542468,266.337071,572.177853,1.0,3.979285,0.100332,1.281047,2.0,142.0,587.0093087254855,1.0259210587192817,0.011563714110481066
52096.0,0.525604,0.769999,0.36172,-0.544133,-0.022564,0.838695,0.653957,-0.637646,0.407122,-332.719115,-203.091961,-567.374403,3.594312,3.593098,3.59419,90.126219,89.985595,90.057741,205.911018,0.086346,0.090383,73.340538,0.808219,-1298.508055,-458.587623,42.471773,-458.587623,-228.718213,456.46685,42.471773,456.46685,795.184816,-496.154977,74.94966,-189.773235,74.94966,98.449303,115.743341,-189.773235,115.743341,303.754946,770.666874,1.0,2.734407,1.151495,2.343567,2.0,118.0,747.6972387334704,0.9701951179667162,0.011020085508508269
52762.0,0.154109,0.889259,-0.43066,-0.500325,0.446088,0.742078,0.852012,0.101109,0.513665,-71.154486,-25.40065,-297.242073,3.595605,3.594738,3.5958,89.998686,90.005693,89.970559,79.804069,0.051314,0.04772,102.427216,1.0,128.270323,-220.661418,184.034843,-220.661418,152.23565,79.4332,184.034843,79.4332,254.257999,193.312738,40.561715,57.308416,40.561715,198.923312,-44.702965,57.308416,-44.702965,511.725322,541.444022,1.0,3.667433,1.031345,1.452677,2.0,144.0,323.7707083509477,0.5979763284762015,0.009763030169637726
52109.0,-0.053442,0.077348,-0.995571,0.237821,0.969294,0.06254,0.969838,-0.233425,-0.070196,75.974199,-270.031907,-369.490208,3.596153,3.596265,3.592764,89.961037,90.037169,90.031284,123.894333,0.065256,0.059224,87.005589,0.985507,-625.826994,-178.551493,298.984349,-178.551493,324.331839,-286.717306,298.984349,-286.717306,568.724419,-126.501696,-224.777156,-59.402635,-224.777156,27.737318,237.906502,-59.402635,237.906502,608.310346,597.397406,1.0,4.649653,1.64105,1.806989,2.0,136.0,730.3365221753572,1.2225304543343751,0.011326939008481397
53925.0,-0.578696,0.678021,-0.453209,-0.608007,0.011691,0.793845,0.543542,0.73495,0.405476,-324.009723,260.173902,-402.530155,3.595189,3.595969,3.594363,89.97482,89.987839,89.979021,105.890906,0.056074,0.05424,84.525614,0.993151,-45.613466,105.29456,76.156874,105.29456,-120.865726,-3.7854,76.156874,-3.7854,528.376963,160.957487,50.094984,-13.840413,50.094984,47.532245,32.599028,-13.840413,32.599028,460.923831,505.056104,1.0,3.660343,1.153297,0.636788,2.0,145.0,373.7534869749403,0.7400237003668414,0.011749704651657426
52356.0,0.503027,0.12276,0.855508,-0.862019,-0.000141,0.506875,0.062345,-0.992436,0.105751,-224.393189,465.061653,-209.993464,3.595244,3.597298,3.592602,90.009524,89.962785,89.966552,150.148185,0.060909,0.069021,65.868004,0.898551,-91.111603,-511.311508,-175.518968,-511.311508,-332.780653,232.992184,-175.518968,232.992184,680.361256,30.537201,-237.145104,148.847462,-237.145104,-118.957243,-86.314273,148.847462,-86.314273,660.916655,649.29684,1.0,2.105672,1.464847,3.078855,2.0,124.0,760.49175640559,1.171254362497113,0.01364169164743477
52458.0,0.35513,0.327014,0.875754,-0.664158,0.747528,-0.009808,-0.657858,-0.578155,0.482659,170.054188,-412.217943,-259.566653,3.593977,3.593313,3.594955,89.940695,90.044169,89.910247,150.359487,0.058166,0.059906,84.308349,0.945946,215.043252,553.040025,-203.353949,553.040025,-1106.912536,304.331477,-203.353949,304.331477,340.594245,445.912538,-50.60664,261.260121,-50.60664,-28.075223,17.790655,261.260121,17.790655,416.430913,629.591437,1.0,1.559597,1.067108,3.991385,2.0,140.0,514.6944987541708,0.8175055575830057,0.011220075012974099
52119.0,-0.372216,0.543904,-0.75208,0.686605,0.706588,0.171193,0.624523,-0.452661,-0.636451,-345.603208,-402.914561,-523.244094,3.594699,3.591974,3.594412,89.930513,89.992759,90.043654,167.880066,0.069931,0.071815,92.706342,1.0,-587.071934,-625.52636,-63.095898,-625.52636,-600.978315,-138.830682,-63.095898,-138.830682,315.007181,165.556822,23.481197,6.373664,23.481197,92.571113,77.65988,6.373664,77.65988,211.492364,696.260561,1.0,4.488577,2.260684,2.197981,2.0,144.0,125.52653589361017,0.18028672443161714,0.010786748548443427
52120.0,-0.470161,-0.029137,-0.882099,0.827374,0.333383,-0.452005,0.307247,-0.942341,-0.132637,-19.87367,-73.077258,-437.085726,3.595044,3.595815,3.594736,90.04002,89.993905,90.035321,100.71842,0.059651,0.057625,107.431124,0.992958,35.718692,90.240002,-440.73985,90.240002,-13.897597,-10.333824,-440.73985,-10.333824,360.007137,-37.646735,41.048728,99.978357,41.048728,76.397025,15.271519,99.978357,15.271519,383.576984,360.803987,1.0,5.185923,1.703825,2.826414,2.0,140.0,389.0152707166374,1.0781900553572248,0.009242740492969245
53573.0,-0.305692,-0.421487,0.853757,-0.641191,0.754004,0.142659,-0.703866,-0.503811,-0.500747,414.673818,486.290062,-271.199755,3.593588,3.596645,3.592957,89.96397,89.944577,90.007894,121.810171,0.059196,0.058189,87.981675,1.0,-794.091974,-396.577289,-61.178754,-396.577289,205.126883,-330.97601,-61.178754,-330.97601,301.498874,-135.723866,8.84038,109.305223,8.84038,-77.694974,-85.452795,109.305223,-85.452795,488.106943,689.313449,1.0,1.736363,2.095257,4.091152,2.0,146.0,608.9564788413131,0.8834246302966201,0.011366003204644605
53206.0,-0.155317,0.261361,0.952663,-0.974029,-0.201355,-0.103559,0.164757,-0.944005,0.285847,323.731771,-167.093064,-464.076713,3.594174,3.59629,3.59535,90.008442,90.014855,90.025141,129.832476,0.063689,0.065767,78.895319,0.956522,199.074659,120.026154,-51.601505,120.026154,-245.514747,-56.857221,-51.601505,-56.857221,489.696538,15.61753,249.193193,-134.443716,249.193193,-184.405272,203.214769,-134.443716,203.214769,489.428168,586.171606,1.0,1.462517,1.280906,2.968803,2.0,132.0,671.1035876404821,1.144892691442448,0.012123938557115157
52127.0,-0.462441,-0.597299,-0.655273,0.820386,-0.007908,-0.571756,0.336327,-0.80198,0.493672,22.448973,75.482382,-428.70721100000003,3.594325,3.594811,3.595725,89.965268,89.959997,90.009995,141.326858,0.067385,0.068603,76.829123,0.930556,500.389567,198.843547,-162.806303,198.843547,-311.848546,160.700548,-162.806303,160.700548,-10.653867,181.190628,72.047828,-63.671569,72.047828,-213.011811,90.902635,-63.671569,90.902635,264.942491,751.574583,1.0,5.429828,1.054489,2.744499,2.0,134.0,456.67965970272894,0.6076305266735303,0.012112021635337424
53197.0,0.029521,0.879999,-0.474057,-0.270176,0.463636,0.843829,0.962358,0.103168,0.251442,495.484845,-395.56827,-281.300512,3.597509,3.597259,3.596878,90.080085,90.03087,89.958181,88.188916,0.063253,0.053647,116.936631,1.0,1286.166424,-447.25917,325.016457,-447.25917,114.479266,-230.888926,325.016457,-230.888926,663.707598,-45.753086,125.123803,38.164521,125.123803,-30.800512,-56.478035,38.164521,-56.478035,595.677669,239.930466,1.0,3.653445,1.316627,1.464001,2.0,140.0,645.9819277521894,2.6923714129417373,0.00855164024692998
52139.0,-0.338711,-0.858369,0.385328,0.65868,0.076121,0.748563,-0.671875,0.507354,0.539607,53.204195,-434.11977,-299.887581,3.597038,3.593958,3.59121,89.926981,90.002926,89.968937,175.66301,0.083438,0.088386,88.285077,0.833333,-490.284246,-962.612037,-13.121234,-962.612037,-199.632325,-339.23209,-13.121234,-339.23209,128.79607,-208.948059,-326.3894,10.933331,-326.3894,-41.222742,-72.108437,10.933331,-72.108437,227.322238,768.575803,1.0,2.666209,1.000826,5.359167,2.0,120.0,478.7242251855273,0.622871840769527,0.009439115061314382
53374.0,-0.293117,0.949415,-0.112663,-0.911487,-0.241932,0.332657,0.288573,0.200199,0.936294,-216.687425,-285.47317,-523.253487,3.591466,3.595047,3.595351,90.00167,89.931818,89.954832,144.956582,0.081493,0.076505,72.667139,0.855072,-176.041555,-584.423334,-34.88839,-584.423334,-918.255567,-258.591881,-34.88839,-258.591881,437.839836,-89.92323,-236.034959,-343.111863,-236.034959,0.094506,-65.271428,-343.111863,-65.271428,484.573755,639.555976,1.0,3.468145,0.358871,0.964275,2.0,118.0,647.8495345572892,1.0129676820614826,0.011766969386258623
52559.0,-0.113158,-0.947489,-0.299098,0.743659,-0.280402,0.606915,-0.658913,-0.153749,0.736339,39.689438,318.086954,-366.524757,3.59476,3.596286,3.593552,90.01831,90.019027,90.027828,143.96173,0.076172,0.071691,74.523193,0.809859,202.599121,464.03741,65.210767,464.03741,-79.028314,-125.474761,65.210767,-125.474761,-18.477865,-175.229372,130.042092,-145.546219,130.042092,54.088644,-110.539881,-145.546219,-110.539881,62.4327,702.025347,1.0,3.599477,0.743153,4.483153,2.0,115.0,303.817548433826,0.43277290447153327,0.010867207474591163
52406.0,0.46434,0.669891,0.57934,-0.846881,0.144402,0.511801,0.259193,-0.728282,0.634369,-88.670919,461.250687,-415.467664,3.598773,3.595224,3.595913,90.0326,90.038219,89.960433,98.852124,0.057878,0.054447,147.098555,1.0,226.110451,-540.960131,-16.832979,-540.960131,1055.545255,286.757461,-16.832979,286.757461,300.643884,172.822987,3.907175,-61.230762,3.907175,173.550728,-65.301787,-61.230762,-65.301787,319.243506,131.644431,1.0,2.294376,0.883604,2.799675,2.0,144.0,165.39207504897522,1.2563545133859495,0.006798163313025066
52924.0,0.071165,0.989136,-0.128627,-0.925569,0.113555,0.361147,0.37183,0.093353,0.923595,21.385447,88.02726,-431.219557,3.593706,3.593489,3.596008,90.003168,89.975988,90.012929,95.440666,0.054256,0.054254,83.719814,0.949275,-348.776573,86.67715,-145.034116,86.67715,-323.523365,63.138072,-145.034116,63.138072,389.287259,-291.323741,55.812482,-83.391959,55.812482,-149.420864,108.828404,-83.391959,108.828404,339.823774,543.737365,1.0,3.483748,0.393442,1.324818,2.0,131.0,587.6705021686776,1.0807984515992892,0.011338713676549735
52475.0,-0.181061,-0.249071,-0.95141,0.788683,0.541158,-0.291764,0.587533,-0.803188,0.098455,246.535817,-348.580567,-451.03020300000003,3.595145,3.595263,3.591652,90.042376,90.046775,90.022554,125.385063,0.066025,0.064326,79.946623,0.971831,-1098.571882,232.297374,59.640384,232.297374,175.659578,7.767624,59.640384,7.767624,321.416593,-406.217625,-151.859051,159.03911,-151.859051,19.970155,-74.857501,159.03911,-74.857501,641.299318,660.302484,1.0,5.009949,1.472181,2.510036,2.0,138.0,934.3219684594656,1.4149908429838127,0.012155998133904918
52733.0,0.229642,-0.252244,0.94002,-0.937579,0.20184,0.283207,-0.261171,-0.946379,-0.190147,484.951121,106.17704,-257.128336,3.594569,3.594366,3.59102,89.889547,89.959775,89.99687,173.409324,0.089465,0.083618,66.194043,0.823944,-1232.375776,-424.803543,-754.108893,-424.803543,-215.767121,-172.253627,-754.108893,-172.253627,259.42514,252.385074,-10.636476,-71.153219,-10.636476,-2.830134,-242.248777,-71.153219,-242.248777,569.282796,838.476025,1.0,1.863425,1.762109,3.410859,2.0,117.0,542.5231566519035,0.6470347874906781,0.01244740406625412
53555.0,0.297414,0.834953,-0.463032,0.290755,0.382734,0.876913,0.909399,-0.395435,-0.128936,316.574281,19.155887,-438.89758,3.596432,3.595594,3.594933,90.084496,90.026956,89.99016,126.607008,0.070403,0.064561,75.214531,0.978873,895.519026,-314.032054,159.841803,-314.032054,-480.3788,215.844539,159.841803,215.844539,345.545613,671.604748,-24.835307,-12.17521,-24.835307,-403.213307,137.439866,-12.17521,137.439866,331.637877,860.53841,1.0,3.627408,1.700093,1.980965,2.0,139.0,959.2444174519221,1.1147026167628267,0.013014413398389735
53724.0,-0.011993,-0.45881,0.888454,-0.160759,0.877844,0.451161,-0.986921,-0.137416,-0.084286,-77.486217,-425.027722,-354.85911,3.596084,3.595872,3.59056,90.022477,89.99263,89.978243,131.014052,0.059415,0.058106,70.915628,0.964789,-690.927826,-702.145628,157.704053,-702.145628,-202.807813,-95.922102,157.704053,-95.922102,419.464049,-366.659053,-3.94753,254.964739,-3.94753,103.239878,-96.27693,254.964739,-96.27693,315.827289,580.617114,1.0,2.040668,1.655182,4.574041,2.0,137.0,649.3164837935975,1.1183212966636693,0.013604744500041656
53124.0,-0.073995,-0.237378,0.968595,-0.840057,0.538253,0.067736,-0.537428,-0.808663,-0.239239,-125.116206,291.853555,-578.5979629999999,3.595823,3.595551,3.593907,89.985979,90.005925,90.03342,101.026932,0.056403,0.05366,83.291966,0.986842,-262.067121,32.330657,-8.617634,32.330657,555.455184,-103.202143,-8.617634,-103.202143,1.730762,-242.519266,-61.163674,138.163089,-61.163674,108.063578,-116.110532,138.163089,-116.110532,217.398191,503.65193,1.0,1.640615,1.812378,3.728155,2.0,150.0,447.69073593895143,0.8888891499709958,0.011847985434753695
52433.0,0.460472,0.136078,0.877182,-0.882006,-0.041355,0.46942,0.100153,-0.989835,0.100979,-170.889712,-160.812375,-238.776321,3.59503,3.595668,3.59439,90.015257,89.989206,90.014717,74.67521,0.049833,0.048826,97.977188,1.0,-24.861935,-112.645717,143.547582,-112.645717,-40.512194,-54.268755,143.547582,-54.268755,306.815475,116.441564,-49.102663,-25.040007,-49.102663,71.285226,-135.182333,-25.040007,-135.182333,304.911477,339.045674,1.0,2.062163,1.469645,3.040754,2.0,144.0,249.10814223292118,0.7347332862088698,0.010206457445992429
53600.0,-0.303225,-0.38316,0.872492,-0.605587,0.784414,0.134015,-0.735744,-0.487733,-0.469891,-369.097867,-395.24541,-333.041064,3.596349,3.598129,3.591091,89.910203,89.968183,90.087649,129.546109,0.066565,0.060804,94.836616,1.0,-1442.802119,23.210979,31.274751,23.210979,1571.959918,-170.461439,31.274751,-170.461439,243.465362,-225.051757,141.698926,196.114467,141.698926,281.547852,-117.666453,196.114467,-117.666453,311.258241,603.216419,1.0,1.723205,2.059963,4.12699,2.0,148.0,571.7217771543328,0.9477888186500654,0.010544450468371836
52846.0,0.120141,0.940097,-0.319036,-0.650069,0.317381,0.69042,0.750318,0.124448,0.649258,-271.025207,328.6453,-532.557902,3.593802,3.595792,3.594327,90.026274,89.930753,90.043191,183.522221,0.077882,0.078263,70.768964,0.934783,249.263636,398.557542,-465.182697,398.557542,-623.379315,19.577155,-465.182697,19.577155,289.922322,264.682737,-28.460643,-159.69868,-28.460643,219.789851,-179.533642,-159.69868,-179.533642,269.676707,1008.224583,1.0,3.574455,0.864188,1.406433,2.0,129.0,214.88138257720777,0.21312848962462538,0.013208940009352124
53685.0,-0.472567,-0.282901,0.834654,-0.748808,0.628303,-0.211003,-0.464723,-0.724709,-0.508754,346.927202,290.645202,-362.423478,3.593046,3.594232,3.597844,89.970397,90.00699,89.987154,147.802057,0.077567,0.070732,68.741612,0.881944,441.036867,-120.312669,-556.072793,-120.312669,-474.820031,-51.080333,-556.072793,-51.080333,284.575787,-195.946753,-108.760384,66.731814,-108.760384,-70.916265,37.109807,66.731814,37.109807,368.162958,629.802542,1.0,1.323181,2.104533,3.711795,2.0,127.0,525.8952338151622,0.8350160546274236,0.012829841697631413
52195.0,-0.214624,0.330007,-0.919256,0.526925,0.831592,0.175512,0.822367,-0.44671,-0.352368,-83.269359,448.762427,-457.736636,3.597167,3.591976,3.59393,90.003113,89.997568,89.989618,136.235247,0.075599,0.068852,108.664056,0.993243,-230.947403,-243.353315,-67.911622,-243.353315,-275.743661,641.988948,-67.911622,641.988948,187.734773,-229.014674,-177.043721,-64.072986,-177.043721,-6.008071,9.964604,-64.072986,9.964604,418.772727,637.28517,1.0,4.523731,1.930897,2.068404,2.0,147.0,592.9261624542678,0.9303937865904958,0.00914049260226399
52196.0,-0.402171,-0.694595,-0.596487,0.826396,0.005051,-0.563066,0.394116,-0.719383,0.571979,241.229642,-264.825454,-262.017453,3.592434,3.595268,3.594158,90.034099,90.010918,90.066021,114.022722,0.076754,0.064275,88.337519,0.985915,-704.813696,400.118883,256.180253,400.118883,-404.515757,38.338171,256.180253,38.338171,451.593706,-240.143022,-99.473279,39.693544,-99.473279,-94.596838,92.425196,39.693544,92.425196,420.525204,551.433575,1.0,5.468973,0.961879,2.6404,2.0,140.0,613.6107503809292,1.1127555125400719,0.01116077303461511
52641.0,0.286896,-0.123524,0.949964,-0.86956,0.382497,0.31235,-0.401941,-0.915663,0.002325,476.067673,-39.616408,-346.058321,3.594056,3.596685,3.592625,89.973493,90.024798,89.921177,174.189957,0.077229,0.087374,73.619866,0.84058,-759.435829,231.504281,-183.497311,231.504281,-407.744773,146.745785,-183.497311,146.745785,928.297109,-166.431596,112.822188,112.824488,112.822188,31.131425,-64.304406,112.824488,-64.304406,484.96928,904.146712,1.0,1.888463,1.568471,3.555229,2.0,116.0,597.3746516609524,0.660705440535797,0.011417842026498662
52205.0,-0.414093,-0.907663,0.068371,0.85918,-0.36496,0.358629,-0.300561,0.207249,0.930973,-194.825631,102.059891,-281.820293,3.595156,3.596695,3.596581,89.990724,90.025577,90.007183,50.567922,0.061111,0.052771,114.090282,0.992958,425.852151,182.665462,-43.699344,182.665462,104.185024,-94.028052,-43.699344,-94.028052,641.662389,375.095709,50.845319,116.553813,50.845319,257.673766,-23.888276,116.553813,-23.888276,446.349576,257.270982,1.0,2.953208,0.373727,5.316059,2.0,141.0,199.46756480498203,0.7753208824965033,0.008703265366633068
52694.0,0.247047,-0.129615,0.960296,-0.872826,0.400677,0.278625,-0.420882,-0.907005,-0.014145,74.80967,207.261197,-410.239528,3.595047,3.595527,3.592241,89.989388,90.000902,89.972522,130.759279,0.063134,0.065014,75.264601,0.985714,-674.25202,-126.509236,-91.635592,-126.509236,-97.087683,80.800664,-91.635592,80.800664,380.427028,-272.434197,-133.610299,37.924024,-133.610299,-9.882796,-53.907807,37.924024,-53.907807,409.893024,759.798733,1.0,1.853188,1.584942,3.576057,2.0,138.0,609.9218829561188,0.8027413793491004,0.013096648183918492
52593.0,-0.153533,-0.966531,-0.205537,0.9693,-0.187739,0.158781,-0.192054,-0.174849,0.965683,-296.293504,47.303716,-597.156156,3.593649,3.592483,3.59583,90.013462,89.956366,90.055529,189.735376,0.090529,0.091379,71.342142,0.885714,-747.417325,289.573027,-214.256395,289.573027,0.225554,516.382085,-214.256395,516.382085,118.328736,135.424338,-373.16287,169.672921,-373.16287,-45.491611,68.884982,169.672921,68.884982,482.403282,758.35807,1.0,4.054631,0.262737,3.973849,2.0,124.0,587.7817787478962,0.7750715684319099,0.01241501832114881
53375.0,-0.212536,0.9343,-0.286201,-0.727287,0.044358,0.684898,0.652596,0.353716,0.670077,-230.66992,-372.141491,-543.1817550000001,3.594299,3.595259,3.595461,89.975526,89.991712,90.016803,133.354502,0.08291,0.079416,76.282647,0.952055,89.749704,187.242703,36.179748,187.242703,-20.117806,241.181556,36.179748,241.181556,152.688533,36.416671,-110.313869,14.09483,-110.313869,-213.638045,14.77361,14.09483,14.77361,412.258419,617.255357,1.0,3.537413,0.836484,1.074105,2.0,139.0,554.2607123004501,0.8979439481809959,0.01248062354207504
52496.0,0.410339,0.64345,0.646215,-0.904613,0.376813,0.199218,-0.115315,-0.666321,0.736694,-240.002919,259.232135,-357.465297,3.595175,3.596429,3.595752,89.989398,89.968962,89.976858,119.462213,0.070739,0.068407,105.358005,0.978873,659.609609,-82.782819,-77.613755,-82.782819,-44.786706,-124.463487,-77.613755,-124.463487,257.039293,217.33405,59.833706,1.678835,59.833706,110.648997,-66.072019,1.678835,-66.072019,452.212951,371.116485,1.0,1.869837,0.742627,3.312957,2.0,139.0,312.36063866449047,0.8416781557534165,0.009290921938015055
52515.0,0.375545,0.925101,-0.056163,-0.845548,0.366803,0.387948,0.379492,-0.098204,0.919968,135.08038,-118.434116,-323.611473,3.592502,3.594099,3.596451,90.012056,89.956115,90.008194,145.105992,0.064982,0.064981,77.432279,0.929577,-293.746936,211.28022,-85.634035,211.28022,-634.449275,87.467442,-85.634035,87.467442,603.005581,72.990399,20.995884,-20.518884,20.995884,-234.292434,76.014311,-20.518884,76.014311,215.935522,796.817161,1.0,3.285363,0.402797,1.824018,2.0,132.0,404.6735108970294,0.5078624441134864,0.012005032164945062
52451.0,-0.258999,-0.200476,-0.944843,0.94393,0.154812,-0.291597,0.204731,-0.96739,0.149139,527.75201,-173.268846,-405.283755,3.594111,3.596197,3.594023,90.046176,90.000407,90.07896,159.123393,0.065386,0.071025,65.832748,0.802817,-399.652146,171.756944,-383.947999,171.756944,-327.003364,397.985574,-383.947999,397.985574,756.163638,-104.353101,5.383187,204.716914,5.383187,117.219882,-111.47338,204.716914,-111.47338,841.573452,646.387391,1.0,5.011735,1.421099,2.933037,2.0,114.0,880.3709976142451,1.361986650532057,0.01219479703323337
53192.0,0.034248,-0.392948,0.918923,-0.255811,0.885385,0.388141,-0.96612,-0.248364,-0.070198,216.626573,-210.372045,-374.65509,3.595584,3.593568,3.593557,89.947462,89.98619,90.010944,115.942463,0.064477,0.060963,78.167683,0.958333,-648.882524,257.892079,-253.167557,257.892079,44.243081,98.833692,-253.167557,98.833692,183.906544,-130.776112,-46.462474,-83.401015,-46.462474,-48.636566,-9.270276,-83.401015,-9.270276,380.063188,545.829806,1.0,1.970451,1.641052,4.460764,2.0,134.0,482.3317415103205,0.8836669163323788,0.012259964261701348
52525.0,0.358419,-0.013593,0.933462,-0.819859,0.473648,0.321697,-0.446505,-0.880609,0.15862,-213.264545,14.281733,-338.343094,3.594256,3.596871,3.594959,89.961336,90.007037,89.97188,118.860904,0.068122,0.06143,77.811619,0.957143,-16.205751,286.133007,-294.452095,286.133007,-6.591508,-221.585928,-294.452095,-221.585928,541.631671,-50.45748,-49.652538,198.573453,-49.652538,51.375574,-234.167999,198.573453,-234.167999,347.850896,539.044999,1.0,1.902677,1.411503,3.610857,2.0,134.0,448.33821698384185,0.831726883313209,0.012300772202156597
53764.0,0.650345,-0.340382,-0.67911,0.559805,0.819055,0.125569,0.513488,-0.461832,0.723216,235.115723,70.247302,-232.809928,3.594763,3.594899,3.595805,90.014153,89.991717,90.006163,108.562661,0.05646,0.054761,77.704843,0.818841,47.249949,-1.315971,-110.458419,-1.315971,-28.224899,-28.828839,-110.458419,-28.828839,327.737821,-85.310326,33.221375,-186.980652,33.221375,107.589275,82.995704,-186.980652,82.995704,335.697692,546.454475,1.0,4.529552,0.762348,2.303282,2.0,113.0,406.76899063536695,0.7443785516357369,0.010537837390650156
52259.0,-0.335081,-0.591766,-0.733167,0.811064,-0.577164,0.095168,-0.479475,-0.562756,0.673357,268.598688,149.944524,-234.794733,3.594754,3.593271,3.595703,90.035156,90.003847,90.003999,100.685422,0.062155,0.056941,80.323364,0.992857,-295.201042,-240.822384,-292.826702,-240.822384,-70.056397,7.968643,-292.826702,7.968643,228.097709,-66.809609,-50.447554,-111.296115,-50.447554,-128.222476,88.635373,-111.296115,88.635373,369.191588,499.761981,1.0,4.583307,0.832056,3.847253,2.0,139.0,487.5814549805379,0.975627345651445,0.012360749731547598
52263.0,-0.283245,-0.788655,0.545706,0.720019,0.201,0.664208,-0.633518,0.581052,0.510914,-316.192893,470.436556,-400.106563,3.596051,3.592991,3.594549,90.083726,90.007011,90.040777,158.325286,0.068654,0.071507,77.953832,0.941176,198.551532,496.125977,247.537546,496.125977,-210.714854,-698.470337,247.537546,-698.470337,-164.03776,82.816095,204.826425,130.852769,204.826425,-87.645174,15.568403,130.852769,15.568403,323.981028,550.15623,1.0,2.453826,1.034549,5.454617,2.0,128.0,415.7112756281438,0.7556240445157619,0.012073505251159428
52530.0,0.389172,0.10527,0.91513,-0.921026,0.027223,0.388548,0.01599,-0.994071,0.107551,175.22395,-175.562367,-539.09409,3.597958,3.597005,3.594371,89.988491,90.030498,89.92291,136.677285,0.07923,0.077767,140.756804,1.0,-58.630222,-222.492172,-435.181584,-222.492172,902.610718,568.533277,-435.181584,568.533277,577.929469,208.476169,86.502641,90.937853,86.502641,144.388691,151.038688,90.937853,151.038688,389.155407,356.650135,1.0,1.972313,1.463037,3.125509,2.0,144.0,277.9483450783298,0.7793305477883243,0.007104452300579375
53446.0,0.411284,-0.851144,-0.326189,0.577213,-0.033763,0.815895,-0.705457,-0.523846,0.477405,372.820687,354.021106,-584.099581,3.597367,3.598008,3.592226,89.97439,90.038178,90.021155,178.888342,0.083267,0.086197,66.920016,0.888889,1050.586493,276.895516,36.35336,276.895516,-540.286196,-501.489043,36.35336,-501.489043,429.816258,90.352723,4.680163,121.062534,4.680163,-329.180844,-149.38179,121.062534,-149.38179,444.813081,941.871878,1.0,3.52192,1.073097,4.073665,2.0,127.0,691.4501412039248,0.734123353032019,0.013282856955682735
52277.0,-0.383609,-0.417793,-0.823586,0.923102,-0.199508,-0.328754,-0.026961,-0.886367,0.462198,116.166013,216.392406,-482.961383,3.59523,3.593987,3.596967,90.048129,90.015342,89.969225,123.151231,0.06563,0.060868,75.615681,0.979167,116.159555,-22.660939,-422.532944,-22.660939,101.855507,-494.840907,-422.532944,-494.840907,327.844311,365.963768,15.85323,-140.991821,15.85323,-195.06507,-8.468356,-140.991821,-8.468356,224.116675,536.331053,1.0,5.092183,1.090324,3.172001,2.0,141.0,520.0432133568004,0.9696309964674008,0.012949258501024411
53682.0,-0.29747,-0.334813,0.894098,-0.528185,0.837838,0.138016,-0.795319,-0.431193,-0.426075,447.947093,215.064206,-456.037425,3.596203,3.596042,3.590251,89.919053,89.961941,90.043675,102.413791,0.068678,0.059785,116.818232,1.0,-1597.696682,162.258892,107.647026,162.258892,796.029554,25.190836,107.647026,25.190836,320.619052,47.689504,31.971226,119.616317,31.971226,29.30217,-27.006893,119.616317,-27.006893,528.490598,332.720824,1.0,1.723951,2.010946,4.215582,2.0,154.0,502.3874326520753,1.5099368491948533,0.008560307606778367
52629.0,0.258135,0.965488,0.034622,-0.690689,0.15937,0.705372,0.675511,-0.205994,0.707991,198.802601,7.791636,-404.534347,3.594454,3.592536,3.595593,89.98505,89.968473,90.025868,133.845823,0.061752,0.066034,77.528125,0.826087,-675.606337,199.97789,123.508973,199.97789,-124.674213,111.730805,123.508973,111.730805,344.400951,-353.292162,24.144565,401.132502,24.144565,29.757608,141.406178,401.132502,141.406178,225.15188,725.882536,1.0,3.092549,0.784147,1.866784,2.0,114.0,629.1790224520129,0.8667780133120779,0.01065532024668467
52968.0,0.072594,0.937109,-0.341405,-0.371715,0.343067,0.862631,0.925504,0.064284,0.373242,172.937302,-424.612256,-340.386137,3.596309,3.593322,3.591154,89.984998,89.973906,90.002627,159.889553,0.073154,0.075379,66.95614,0.847222,-558.611656,296.281647,89.71108,296.281647,-791.312886,-312.454269,89.71108,-312.454269,393.979603,-84.759657,168.987223,9.076317,168.987223,77.770522,-24.122246,9.076317,-24.122246,369.770294,651.593126,1.0,3.518449,1.188295,1.50145,2.0,122.0,425.5048871748229,0.6530223696295147,0.012653387725158588
52290.0,-0.374084,-0.851515,-0.367402,0.927392,-0.342406,-0.150676,0.002502,-0.397091,0.917776,-281.057091,-97.379179,-491.735482,3.595132,3.598055,3.595572,90.000585,89.995688,89.94154,73.344989,0.050108,0.050318,112.141893,0.993151,1047.238853,-105.567262,298.633196,-105.567262,-128.304582,-61.395411,298.633196,-61.395411,343.257795,83.081042,-12.934694,-47.512259,-12.934694,96.420272,0.403527,-47.512259,0.403527,300.466961,357.079328,1.0,5.101582,0.408354,3.135291,2.0,145.0,215.29857172729325,0.6029432533470357,0.0088561997076329
52544.0,0.376424,0.112713,0.919565,-0.926323,0.029555,0.375568,0.015154,-0.993188,0.115534,91.217889,-4.75249,-487.245591,3.595864,3.595601,3.59528,89.995161,89.986875,89.958639,69.487416,0.059515,0.053733,129.399341,1.0,292.925904,-168.39369,-174.885273,-168.39369,190.796725,300.208942,-174.885273,300.208942,218.12436,-28.683441,71.26666,96.769733,71.26666,241.802364,109.477684,96.769733,109.477684,267.969298,312.037152,1.0,1.95854,1.455004,3.126336,2.0,144.0,317.406008699691,1.0172058252207448,0.007728014627215142
52711.0,0.211602,0.954294,-0.211061,-0.726563,0.298032,0.619099,0.653706,0.022346,0.756419,-144.943018,-249.411555,-439.719658,3.596638,3.593067,3.593847,90.045295,90.005157,89.987073,148.062969,0.073162,0.070145,92.925189,0.964286,-202.720287,-473.616212,-110.666374,-473.616212,-12.066166,-437.971802,-110.666374,-437.971802,28.624118,-148.054297,-107.455594,51.928142,-107.455594,-63.697131,-157.952603,51.928142,-157.952603,398.461941,661.00236,1.0,3.470153,0.712976,1.536625,2.0,135.0,537.6688245551514,0.8134143795721871,0.010377014137684454
53858.0,-0.535027,0.798336,-0.276414,-0.642656,-0.17221,0.74655,0.548397,0.577064,0.605193,177.239566,75.657623,-543.522589,3.595279,3.594631,3.596148,90.014973,89.968317,89.980678,64.66331,0.057273,0.054914,112.149178,1.0,48.727877,-241.599853,-275.427963,-241.599853,84.810273,11.693815,-275.427963,11.693815,377.413502,151.664781,-87.758605,-96.79829,-87.758605,98.244988,-9.767531,-96.79829,-9.767531,-32.233829,363.812822,1.0,3.496197,0.920788,0.759932,2.0,140.0,199.30808346661905,0.5478313885996549,0.00891669486868642
54165.0,0.868458,-0.36763,-0.332608,0.371649,0.926802,-0.053992,0.328111,-0.076724,0.941518,54.181101,-162.682133,-458.491569,3.595282,3.593864,3.595904,89.988843,89.981985,89.967455,128.45099,0.065901,0.068101,80.625901,0.985915,-131.905556,272.336497,-38.37571,272.336497,-7.893989,235.062189,-38.37571,235.062189,370.68497,-6.729546,-84.621659,66.850734,-84.621659,21.246795,202.202664,66.850734,202.202664,422.322075,704.574171,1.0,4.873314,0.343688,1.800504,2.0,140.0,460.70760470768016,0.6538809165453784,0.012228266447527824
52312.0,-0.219637,0.284085,-0.933304,0.649692,0.756257,0.0773,0.727777,-0.589382,-0.350669,27.998801,-58.15996,-247.214279,3.595491,3.594936,3.595556,89.999435,90.005405,89.984316,128.451118,0.070053,0.067495,73.71132,0.890411,173.076544,-5.891863,108.401331,-5.891863,251.051381,97.774017,108.401331,97.774017,66.131632,232.632817,-48.328354,22.845646,-48.328354,44.785196,-61.757445,22.845646,-61.757445,427.157555,632.838883,1.0,4.629753,1.929082,2.251507,2.0,130.0,338.6314562826416,0.5350990044691069,0.012079704989681367
54160.0,-0.625442,0.709614,-0.324454,-0.458328,0.00241,0.88878,0.631473,0.704586,0.323729,-230.569866,-431.342298,-261.790942,3.59277,3.596261,3.596832,89.976285,89.991808,90.01338,72.772862,0.063089,0.052356,120.199639,1.0,97.203202,-184.682579,337.051808,-184.682579,287.487908,523.552911,337.051808,523.552911,72.28541,233.060836,-152.465891,33.298077,-152.465891,176.972443,71.03573,33.298077,71.03573,291.568646,255.565422,1.0,3.491616,1.241128,0.730729,2.0,142.0,178.60905433763403,0.6988780130734353,0.008319492540239658
52327.0,-0.239725,-0.957675,-0.159342,0.719473,-0.285445,0.633151,-0.651836,0.03714,0.75745,125.095116,-259.218162,-234.761646,3.595848,3.595311,3.595516,89.981018,90.052074,89.998071,131.97875,0.068786,0.06306,77.587052,0.949275,192.549308,-13.75989,-58.978087,-13.75989,-222.255831,-130.974747,-58.978087,-130.974747,712.13762,-204.542463,-203.818273,158.364716,-203.818273,78.810032,29.81789,158.364716,29.81789,359.85341,736.744426,1.0,3.388138,0.711398,4.769305,2.0,131.0,538.0902738247463,0.7303621918745895,0.0122349667313046
52334.0,-0.316881,-0.715715,-0.622365,0.888839,-0.453074,0.068475,-0.330986,-0.531484,0.779726,9.267166,312.533858,-233.055502,3.595065,3.593507,3.594526,89.952739,90.046692,89.9887,113.65917,0.073682,0.066064,102.84438,1.0,61.594569,147.417177,-129.063983,147.417177,-154.427693,-578.096012,-129.063983,-578.096012,-219.867472,-309.463445,65.76845,-158.886437,65.76845,562.340212,19.307153,-158.886437,19.307153,194.148832,601.881341,1.0,4.602806,0.676568,3.698578,2.0,144.0,772.7051723530737,1.2838164596849893,0.009723428737671421
53725.0,0.590864,-0.289107,-0.753191,0.533784,0.840123,0.096268,0.604942,-0.458923,0.650719,-430.996829,347.767143,-488.842743,3.59417,3.591935,3.592654,90.049628,89.960462,89.949808,181.094121,0.079791,0.074889,61.895898,0.809859,-1095.278887,498.200468,-164.264406,498.200468,-243.248524,251.072819,-164.264406,251.072819,-181.663314,-488.303735,-200.538187,262.183482,-200.538187,69.506894,42.593538,262.183482,42.593538,2.982726,908.554834,1.0,4.585265,0.862265,2.219793,2.0,115.0,601.2883990868049,0.6618074953600488,0.013084211170181262
53595.0,0.526964,-0.267578,-0.806667,0.597281,0.791829,0.127524,0.604619,-0.549007,0.577084,199.285469,53.252835,-520.887436,3.594016,3.594564,3.594884,90.005405,89.971217,90.029757,111.805751,0.079104,0.070267,87.977287,0.956522,-194.094954,-196.377861,-32.671771,-196.377861,-318.839467,-0.001667,-32.671771,-0.001667,302.33454,-41.966842,43.316377,-12.915966,43.316377,-191.090065,25.099633,-12.915966,25.099633,261.285192,557.295088,1.0,4.555599,0.955642,2.308025,2.0,132.0,401.77891203691985,0.7209446497703922,0.010872374366352078
53663.0,0.569344,-0.778754,-0.26342,0.587596,0.161385,0.792897,-0.57496,-0.606215,0.549477,-216.079622,-427.494918,-431.233738,3.595531,3.594374,3.593193,89.985093,90.060815,89.978769,142.520109,0.117108,0.098797,91.112753,0.977941,27.586975,-134.987295,-319.979458,-134.987295,-623.688868,-315.375257,-319.979458,-315.375257,283.141656,-233.335297,-38.219363,-154.434572,-38.219363,80.227135,27.084642,-154.434572,27.084642,460.183401,600.924857,1.0,3.462345,0.989059,3.900536,2.0,133.0,617.5446741588248,1.0276570638828222,0.010733305358471607
54155.0,-0.65974,0.688318,-0.301599,-0.483928,-0.082081,0.87125,0.574941,0.720751,0.387248,19.532924,222.079777,-548.053197,3.594023,3.596474,3.59489,90.00203,90.016367,90.017631,90.186101,0.066119,0.058719,95.573789,1.0,235.665719,-8.866426,382.77792,-8.866426,98.900277,46.666212,382.77792,46.666212,-10.156102,31.269964,-10.969759,143.635976,-10.969759,191.551842,-3.564893,143.635976,-3.564893,193.650858,422.749934,1.0,3.47485,1.173152,0.673335,2.0,144.0,203.97150234009717,0.4824873664914568,0.010463119757656568
53333.0,0.394228,-0.199095,-0.897188,0.734665,0.654796,0.177509,0.552134,-0.729112,0.404406,249.607334,-255.396989,-250.240918,3.595752,3.595879,3.59653,89.953641,89.998056,89.994735,119.366557,0.061248,0.061714,94.62085,1.0,582.435595,-295.894263,134.769924,-295.894263,446.065898,52.374455,134.769924,52.374455,67.435178,100.648715,-15.260701,-11.559011,-15.260701,-68.687946,69.330252,-11.559011,69.330252,324.934186,467.397142,1.0,4.517061,1.154467,2.493455,2.0,144.0,347.6183506516779,0.7437322983281697,0.010568495210093757
54025.0,0.505581,0.698224,-0.506825,0.235402,0.453511,0.859601,0.830044,-0.553906,0.064923,-322.231703,168.693164,-555.185505,3.594861,3.593847,3.591857,89.950673,89.985973,90.05347,185.317855,0.062078,0.079814,72.991563,0.880282,-1015.695132,288.799362,89.611684,288.799362,-356.529191,-193.620174,89.611684,-193.620174,354.55368,476.28657,59.675925,-222.011683,59.675925,-524.526925,-66.27983,-222.011683,-66.27983,275.262284,863.430135,1.0,3.674334,1.505827,2.159252,2.0,125.0,940.0974213042127,1.0887938504766372,0.012060051378814836
53483.0,0.433597,-0.263385,-0.861755,0.578845,0.814337,0.042356,0.690603,-0.517188,0.505553,-363.982259,-427.642972,-475.931541,3.601479,3.593763,3.593142,89.983145,90.035392,90.020551,168.953269,0.10007,0.077774,92.715977,1.0,342.486664,552.78562,953.048427,552.78562,272.534025,764.767262,953.048427,764.767262,542.91215,-312.701819,3.932342,-36.792712,3.932342,114.188125,-17.397194,-36.792712,-17.397194,406.974474,504.118602,1.0,4.663277,1.040773,2.213589,2.0,146.0,627.8537174966734,1.24544842226765,0.01078562759469169
52368.0,-0.314416,-0.209374,-0.925908,0.934096,-0.242021,-0.262468,-0.169136,-0.947411,0.271671,265.249363,-188.200007,-458.545549,3.59361,3.596127,3.594281,90.034076,90.024029,90.005815,129.604336,0.067357,0.059722,74.468635,0.840278,-367.730902,167.931216,-183.983568,167.931216,-172.569834,73.251315,-183.983568,73.251315,483.970042,221.537928,-70.378894,62.238725,-70.378894,-118.38852,105.676003,62.238725,105.676003,325.843728,722.4878,1.0,4.988614,1.295668,3.318255,2.0,121.0,420.5730483264397,0.5821178548986429,0.011283649821162962
53075.0,0.04337,-0.142864,0.988792,-0.335165,0.930285,0.149112,-0.941161,-0.337876,-0.007537,-299.023811,295.722969,-388.499587,3.595627,3.594347,3.593914,89.955243,90.019254,89.951268,128.088286,0.058915,0.061279,80.054971,0.927536,-356.431408,420.167092,63.747196,420.167092,-212.405566,-211.183276,63.747196,-211.183276,476.015753,30.889369,-30.532351,42.559383,-30.532351,183.64428,56.655871,42.559383,56.655871,442.935623,575.055167,1.0,1.720471,1.578333,4.36772,2.0,128.0,366.9320773054183,0.6380815239338913,0.011586238660932125
53191.0,0.02587,0.997281,-0.069002,-0.294922,0.073567,0.952685,0.955171,-0.004295,0.296024,-248.499921,441.004512,-565.035316,3.595096,3.592989,3.596233,90.008445,89.999185,90.046849,101.578409,0.072624,0.060717,93.767543,0.985507,-493.41561,-13.609799,-415.574392,-13.609799,386.431871,64.785029,-415.574392,64.785029,134.103198,-394.105185,-142.573942,-74.819938,-142.573942,269.661248,95.786734,-74.819938,95.786734,291.814595,589.882601,1.0,3.213896,1.270269,1.575293,2.0,135.0,694.3389909335674,1.177079964312369,0.01051010795921143
52376.0,-0.274136,0.394042,-0.877257,0.862628,0.503991,-0.043184,0.425114,-0.768585,-0.478074,9.600255,493.749012,-299.208087,3.595192,3.595667,3.594125,90.005441,89.999997,90.054855,135.584109,0.072706,0.066869,73.837235,0.881944,53.993624,-59.731892,-368.60203,-59.731892,-255.839756,167.273048,-368.60203,167.273048,413.72952,49.092444,23.73114,-87.772458,23.73114,209.852903,-37.528834,-87.772458,-37.528834,361.331896,729.44126,1.0,4.761575,2.069257,2.636363,2.0,127.0,283.54599542149805,0.38871669450326685,0.01194443426815752
52715.0,0.208097,0.510575,0.834272,-0.722743,0.654975,-0.220567,-0.659043,-0.557065,0.505313,-54.615372,33.015633,-226.843019,3.595798,3.596575,3.595095,90.008177,90.01599,89.969214,110.221035,0.060533,0.057701,74.183548,0.963235,162.332491,105.371434,-188.638935,105.371434,99.110408,-66.700153,-188.638935,-66.700153,641.806374,211.674329,191.54272,-55.7594,191.54272,191.720969,-58.796634,-55.7594,-58.796634,393.674594,586.959612,1.0,1.312327,1.041052,4.010652,2.0,131.0,263.80831331729576,0.44944883416833076,0.012984482758899588
54129.0,0.829939,-0.477146,-0.289022,0.377221,0.09832,0.920889,-0.410982,-0.873307,0.261589,124.44992,63.494752,-350.388749,3.594868,3.596058,3.594875,90.004912,90.026006,90.011738,71.915346,0.063985,0.051142,98.582734,1.0,289.210087,-134.6497,110.289583,-134.6497,-132.654605,106.838105,110.289583,106.838105,282.972856,109.832468,-33.904084,211.871229,-33.904084,-55.745613,92.898696,211.871229,92.898696,311.572511,468.979843,1.0,3.445708,1.306128,3.581448,2.0,142.0,377.5191111312702,0.8049793968037774,0.010143764119992857
52646.0,0.296786,0.466165,0.833432,-0.934534,0.321259,0.153098,-0.196378,-0.824308,0.530992,-97.603291,282.692348,-335.285644,3.593185,3.596709,3.592102,90.00594,90.028054,89.952147,155.489915,0.0586,0.06587,72.567624,0.922535,-474.829848,128.311907,-626.072914,128.311907,-524.537127,137.527134,-626.072914,137.527134,380.047144,-192.818943,-106.528191,-190.877041,-106.528191,-153.408847,-189.389263,-190.877041,-189.389263,233.320131,705.061204,1.0,1.752467,1.011025,3.375467,2.0,131.0,478.63496439287013,0.6788559087884094,0.012712762925791812
52396.0,-0.305114,-0.912441,-0.272685,0.951837,-0.283111,-0.117704,0.030198,-0.295465,0.954876,42.060093,-298.944423,-243.75864,3.596201,3.593587,3.595026,89.993826,89.996339,90.00025,123.181018,0.064426,0.061767,82.59354,0.986301,-192.342471,-193.85697,-163.197591,-193.85697,341.333335,-7.188938,-163.197591,-7.188938,16.31294,21.004079,-49.432117,-310.140728,-49.432117,-79.98154,2.895551,-310.140728,2.895551,211.955272,578.400083,1.0,5.119879,0.301554,3.039741,2.0,144.0,374.0630561217304,0.6467202670192743,0.011941624005945258
52399.0,0.017908,0.268385,-0.963145,0.205189,0.94181,0.266255,0.978559,-0.202395,-0.038204,511.262862,80.153505,-420.375481,3.597089,3.59512,3.59073,89.97576,89.971801,90.035856,90.533251,0.072195,0.062055,94.332425,1.0,-1147.867822,68.381198,-309.645669,68.381198,54.130186,-110.086808,-309.645669,-110.086808,737.086743,-60.247277,193.95186,115.903249,193.95186,5.178096,-86.05179,115.903249,-86.05179,722.594373,353.4207,1.0,4.442682,1.60901,1.77475,2.0,140.0,780.8621323396603,2.209440851482837,0.010600808788706534
52669.0,0.261429,0.411736,0.873,-0.858429,0.512706,0.015256,-0.44131,-0.753396,0.487482,355.93598,-327.023749,-293.752897,3.595336,3.596623,3.594417,90.015242,90.016466,89.967831,75.170049,0.065824,0.052612,94.388413,0.992958,-69.24822,57.342723,-228.337072,57.342723,14.343393,7.156656,-228.337072,7.156656,654.515249,-112.627752,62.523798,-28.459343,62.523798,92.74027,0.339418,-28.459343,0.339418,586.814465,391.218636,1.0,1.58827,1.061592,3.671477,2.0,141.0,625.5332371802231,1.5989351723526357,0.010519914133952014
53650.0,0.490319,-0.263398,-0.830788,0.497673,0.867161,0.01879,0.715478,-0.422674,0.556272,33.118632,-333.878923,-547.5637859999999,3.594412,3.594333,3.593377,90.084814,89.991361,89.97194,146.425381,0.073808,0.07166,81.532105,0.864286,-740.232485,588.174497,-142.11139,588.174497,79.918078,-223.290854,-142.11139,-223.290854,75.320696,-133.769987,189.44602,-55.718606,189.44602,14.119438,-175.96181,-55.718606,-175.96181,112.915357,902.665927,1.0,4.689776,0.980904,2.104392,2.0,121.0,314.18223117534285,0.3480603640590755,0.010600560355948125
52873.0,0.112235,0.15048,0.982221,-0.98549,-0.109806,0.129432,0.127331,-0.982496,0.135972,102.645902,161.856925,-263.363762,3.595415,3.595332,3.593561,89.971974,89.99588,90.003165,64.465858,0.056364,0.049503,115.378765,1.0,-231.065648,-116.661851,-288.954457,-116.661851,156.826398,-76.951062,-288.954457,-76.951062,98.699727,-95.632877,104.710484,-175.877132,104.710484,175.028427,78.935315,-175.877132,78.935315,283.057141,355.104531,1.0,1.701816,1.434402,3.012712,2.0,140.0,387.6374767264047,1.0916151242418382,0.008667106117837194
52419.0,-0.236291,0.037159,-0.970972,0.83192,0.524062,-0.182396,0.502071,-0.850869,-0.154745,-126.285437,-224.972166,-594.333657,3.593984,3.594092,3.595317,89.923828,89.962377,90.054032,192.874639,0.110901,0.109744,61.590167,0.802632,250.314204,-483.471133,348.448268,-483.471133,-828.55552,184.027983,348.448268,184.027983,346.582291,9.797308,-273.137376,-197.404001,-273.137376,-367.750989,-177.5162,-197.404001,-177.5162,273.382964,827.866376,1.0,4.898074,1.726165,2.608507,2.0,122.0,648.3438173022384,0.783150320024881,0.013031820485240769
52899.0,0.0917,-0.047716,0.994643,-0.488099,0.868475,0.086663,-0.867958,-0.493431,0.05635,-358.332048,373.945436,-529.464557,3.594105,3.594975,3.595344,90.011868,90.006045,89.93161,144.716064,0.079208,0.077715,74.417691,0.941558,159.889463,17.284731,119.152084,17.284731,-508.789649,-403.535948,119.152084,-403.535948,404.881729,-18.739604,-152.008287,-67.691022,-152.008287,-153.623496,-93.163475,-67.691022,-93.163475,395.227296,731.993043,1.0,1.657707,1.514417,4.195456,2.0,144.0,522.1836318628422,0.7133723972603961,0.012652340960162281
53536.0,-0.293681,-0.194232,0.935962,-0.666567,0.743422,-0.054876,-0.685157,-0.639998,-0.347798,196.817057,-84.598863,-496.691558,3.595594,3.595719,3.594666,90.034412,90.004679,90.004479,106.24419,0.066236,0.061498,84.609997,1.0,139.836396,-175.636898,257.458097,-175.636898,316.140742,37.993346,257.458097,37.993346,32.95162,-179.591089,-0.458537,-134.498119,-0.458537,235.685553,89.281973,-134.498119,89.281973,405.805116,441.320867,1.0,1.512233,1.926018,3.961056,2.0,138.0,539.9888468268331,1.223574245418205,0.01181893435122093
52688.0,0.259607,0.379636,0.887964,-0.907023,0.411516,0.089242,-0.331533,-0.828572,0.451171,-253.822447,-130.441628,-374.827153,3.595825,3.593892,3.591761,90.042591,89.984327,90.050523,152.220793,0.07162,0.076479,88.932905,0.979167,-941.485975,-324.192243,52.196765,-324.192243,481.047261,-234.98312,52.196765,-234.98312,-303.03283,-57.717859,-168.10807,78.918767,-168.10807,-257.494897,-226.413789,78.918767,-226.413789,269.854869,856.87038,1.0,1.670961,1.10272,3.522207,2.0,140.0,526.2794319520585,0.614187914806973,0.01101017671693059
52446.0,-0.260732,-0.784774,-0.56227,0.939721,-0.339773,0.038468,-0.221233,-0.518347,0.826058,487.629024,459.581664,-224.147033,3.595177,3.591606,3.593661,90.089493,89.981348,89.963484,162.647692,0.070389,0.068676,68.391403,0.909722,-1134.7217,-676.151275,153.379858,-676.151275,-165.619429,39.635913,153.379858,39.635913,248.371833,-921.788077,-94.115981,41.985784,-94.115981,187.595278,90.035338,41.985784,90.035338,585.392143,989.17614,1.0,4.64408,0.598719,3.544991,2.0,131.0,1358.060467864709,1.3729207700710502,0.013301701092460408
52447.0,-0.252886,-0.730475,-0.634394,0.918137,-0.387954,0.080717,-0.305078,-0.562048,0.768784,17.114051,378.716573,-572.323771,3.592825,3.59631,3.594891,89.998298,89.994491,90.012623,164.907671,0.075104,0.07733,65.79637,0.924658,204.336705,282.132446,74.456434,282.132446,-298.40019,318.430462,74.456434,318.430462,40.023226,-219.478586,208.120418,-232.146964,208.120418,21.775498,267.92488,-232.146964,267.92488,358.128707,740.27706,1.0,4.585834,0.693858,3.638888,2.0,134.0,615.8134023740284,0.8318688172966328,0.014053328473896053
52449.0,0.169961,-0.174065,0.969956,-0.171312,0.964071,0.203027,-0.970446,-0.200672,0.134035,-195.629465,-272.812495,-398.51055,3.595455,3.592088,3.592454,90.038434,90.0131,89.973146,162.540462,0.068784,0.074782,69.923831,0.861111,-553.431556,-248.34522,68.426365,-248.34522,-906.826755,-57.188151,68.426365,-57.188151,285.054692,-216.731665,217.246811,-136.46844,217.246811,-311.927714,62.378631,-136.46844,62.378631,460.958646,679.32423,1.0,1.777133,1.436357,4.50848,2.0,124.0,764.9333726734776,1.1260210351594226,0.01231498600241168
52625.0,-0.043469,-0.980998,-0.189086,0.612535,-0.175688,0.770671,-0.789247,-0.082321,0.608533,225.537855,226.483724,-338.649016,3.595146,3.598358,3.59556,90.015576,90.0186,90.035194,61.138897,0.060603,0.048084,138.568997,1.0,897.617267,442.057402,-120.885172,442.057402,158.547526,101.415225,-120.885172,101.415225,291.126416,82.513254,42.21142,-96.785709,42.21142,176.354505,154.8526,-96.785709,154.8526,322.347391,236.208192,1.0,3.382192,0.916586,4.608461,2.0,146.0,264.88999998122085,1.1214259663831678,0.007216621478468232
54015.0,0.398308,-0.262933,0.878759,0.166633,0.962835,0.212562,-0.901989,0.061765,0.427318,474.643012,300.7297,-338.899595,3.596925,3.595605,3.592472,89.997521,90.039382,89.982969,64.373469,0.056039,0.047226,118.83448,1.0,-656.150042,-150.312132,-207.470397,-150.312132,243.661907,-211.345258,-207.470397,-211.345258,629.728552,33.970927,-17.317293,77.242236,-17.317293,62.009198,61.559621,77.242236,61.559621,544.222094,480.584264,1.0,1.808126,1.129272,4.780758,2.0,138.0,504.3587180913129,1.0494698971069782,0.008415066065000663
53226.0,0.165926,-0.249414,0.954076,0.233029,0.950004,0.207823,-0.95821,0.187844,0.215751,-92.106143,141.551058,-512.091513,3.595694,3.595058,3.594302,90.023581,90.034853,90.029193,161.431013,0.065853,0.072756,70.573272,0.887324,-75.282041,-314.20997,101.216666,-314.20997,-134.66136,167.143692,101.216666,167.143692,441.651659,-658.835144,-261.63547,-28.613124,-261.63547,106.453869,-161.329951,-28.613124,-161.329951,573.338729,779.718497,1.0,1.785272,1.353335,4.905971,2.0,126.0,1110.1463808648812,1.423778434314713,0.01257308857664981
52477.0,-0.199216,-0.849115,0.4892,0.841381,0.107717,0.529599,-0.502386,0.517108,0.69297,414.442268,-189.566964,-524.794747,3.594844,3.586876,3.594207,89.859236,90.014329,90.09884,184.185062,0.104054,0.096162,87.099889,0.828571,-2899.400136,266.990402,272.147124,266.990402,-175.473497,-129.005591,272.147124,-129.005591,763.479114,-109.151232,4.775936,-134.166181,4.775936,-140.539394,9.13132,-134.166181,9.13132,517.170119,728.123526,1.0,2.395827,0.805196,5.512227,2.0,116.0,653.0718134185228,0.8969244779195924,0.009512882387255395
52852.0,0.077124,-0.182249,-0.980223,0.590098,0.800803,-0.102461,0.803639,-0.570526,0.169306,484.120826,-69.162995,-411.398971,3.595322,3.596417,3.592944,89.929882,89.978712,90.061635,180.001558,0.081707,0.086272,69.799134,0.828947,-257.751551,-664.221201,423.352448,-664.221201,-281.988244,-170.8242,423.352448,-170.8242,667.190679,114.121866,-94.214677,222.649653,-94.214677,-89.031926,184.023586,222.649653,184.023586,564.458899,732.034496,1.0,4.816539,1.400671,2.188154,2.0,125.0,636.2374144828738,0.8691358371216344,0.011876178864912565
53320.0,0.269791,-0.211653,-0.93937,0.435525,0.896878,-0.076994,0.858796,-0.388347,0.33415,-22.412004,490.866457,-291.760206,3.59817,3.596875,3.594388,89.953523,89.994687,89.98292,106.290799,0.064406,0.057096,91.828688,1.0,130.539732,-340.550334,343.91793,-340.550334,715.257997,379.751163,343.91793,379.751163,604.14287,153.807142,9.303718,57.722558,9.303718,266.692025,-35.995532,57.722558,-35.995532,382.074475,574.723173,1.0,4.79417,1.230093,1.995477,2.0,136.0,206.43797940886986,0.3591955033434329,0.010889843052097184
53430.0,-0.203027,-0.165071,0.965159,-0.617861,0.786274,0.004506,-0.759623,-0.595419,-0.261626,-71.457222,307.404378,-358.89666,3.592767,3.595176,3.596152,90.010857,89.971039,89.949138,130.480003,0.061252,0.060945,80.826216,0.978873,307.379661,-331.198504,-184.102769,-331.198504,-567.919254,-357.057385,-184.102769,-357.057385,225.085981,-72.592866,-30.884885,-175.589043,-30.884885,124.81078,-89.115243,-175.589043,-89.115243,325.09722,594.275736,1.0,1.575465,1.835502,4.047583,2.0,139.0,385.24708566175843,0.6482631921922493,0.012110835424981418
52557.0,-0.145257,-0.056714,-0.987767,0.858076,0.489791,-0.154307,0.492551,-0.869993,-0.022481,-53.93356,470.608869,-440.580108,3.5937,3.595999,3.593025,90.09075,90.051781,90.044,105.784931,0.084162,0.06647,122.106152,1.0,-695.302419,748.923103,-473.980602,748.923103,-225.187642,-133.204224,-473.980602,-133.204224,502.024353,-21.24816,-5.573139,-36.739994,-5.573139,293.692858,-49.372626,-36.739994,-49.372626,393.574332,458.29858,1.0,4.867354,1.593279,2.626431,2.0,142.0,378.79392048298035,0.8265221342884814,0.00818959555780613
52518.0,-0.132495,0.442756,-0.886799,0.730202,0.648609,0.214735,0.670261,-0.619091,-0.409239,233.78374,75.544815,-267.718605,3.595801,3.594898,3.596204,89.976722,90.005033,90.00226,91.108457,0.054569,0.053428,93.407288,0.985714,166.564837,-166.043598,200.597068,-166.043598,218.705124,17.252917,200.597068,17.252917,360.980687,156.320071,-32.655282,-47.557703,-32.655282,44.363,-44.90493,-47.557703,-44.90493,433.342787,465.743568,1.0,4.474815,1.992416,2.316529,2.0,138.0,352.5606887931793,0.7569845576336103,0.01055285964409972
54133.0,0.661079,-0.206609,-0.721309,0.274835,0.961206,-0.023438,0.698169,-0.182747,0.692217,418.445008,-107.096009,-525.664922,3.598397,3.594839,3.595435,90.012227,90.04872,90.034602,98.931947,0.078272,0.066724,128.124043,1.0,1002.863931,172.016138,474.663122,172.016138,-47.130134,-146.037981,474.663122,-146.037981,282.023588,54.064281,61.566998,21.873352,61.566998,61.239554,-52.845008,21.873352,-52.845008,562.762691,343.874547,1.0,4.744871,0.80624,1.826804,2.0,142.0,510.36423967933206,1.4841582319244235,0.007804936345944063
52766.0,0.208267,0.919342,0.333818,-0.976893,0.178771,0.11714,0.048015,-0.350501,0.935331,-91.196107,257.435399,-486.800159,3.592618,3.593768,3.595341,90.049681,90.024286,90.067007,153.536137,0.070054,0.070795,80.922835,0.956522,-755.101966,576.932675,-216.227284,576.932675,-335.937288,-4.502462,-216.227284,-4.502462,396.612336,18.71925,50.71103,426.897292,50.71103,-164.791749,51.927268,426.897292,51.927268,207.383229,711.563451,1.0,1.908281,0.361604,3.005451,2.0,132.0,494.49399361326823,0.6949401250420157,0.011820174120197344
52528.0,-0.203371,-0.331682,-0.92121,0.978878,-0.088984,-0.184063,-0.020923,-0.939185,0.342773,239.909696,-413.219017,-510.777122,3.591398,3.596979,3.595451,90.00281,89.991256,89.963102,195.31951,0.086275,0.092742,68.659176,0.864286,254.900029,69.013605,168.970977,69.013605,-963.706178,-214.168247,168.970977,-214.168247,599.511109,719.906287,-38.252801,192.686102,-38.252801,-457.660327,-73.113509,192.686102,-73.113509,544.555004,1123.788407,1.0,4.909598,1.220929,3.163866,2.0,121.0,1115.2918825084535,0.9924393912246983,0.012588062519130727
52819.0,0.151732,0.948388,0.278456,-0.865247,-0.008748,0.501269,0.477834,-0.316992,0.819263,461.897666,443.338702,-454.420528,3.596093,3.590326,3.594922,90.059894,89.971746,89.987394,105.124631,0.059109,0.057819,98.970239,1.0,-1315.540222,-410.337376,156.812064,-410.337376,86.518063,-137.357676,156.812064,-137.357676,427.327368,-116.616816,79.877792,101.846888,79.877792,65.290433,-34.770177,101.846888,-34.770177,654.501898,381.927333,1.0,2.634535,0.610672,2.15653,2.0,149.0,707.752708223446,1.8531082933083662,0.010104047540998662
53060.0,0.216995,-0.065274,-0.973988,0.809742,0.569283,0.142251,0.545189,-0.819547,0.176386,455.958958,316.713049,-521.806856,3.594086,3.596699,3.591789,89.996407,89.948184,90.022455,104.515932,0.055407,0.050625,103.13686,0.993333,-966.556151,-312.716142,-7.658226,-312.716142,-30.994705,-187.067207,-7.658226,-187.067207,539.312163,33.668945,140.537796,114.736282,140.537796,-134.36635,-112.364867,114.736282,-112.364867,595.044204,426.076743,1.0,4.567364,1.393482,2.554584,2.0,149.0,686.9241307601278,1.6122075237514848,0.009631212352208512
53274.0,0.27487,-0.950771,-0.143114,0.523055,0.022971,0.85199,-0.806759,-0.309042,0.503619,-169.04935,-319.389636,-246.495828,3.594678,3.595311,3.594629,90.023303,90.036434,89.986001,120.438157,0.056341,0.056312,83.4727,0.98,47.429794,52.631417,143.689632,52.631417,-315.609564,157.001663,143.689632,157.001663,378.388721,61.731399,-104.504066,42.731306,-104.504066,-100.290624,-54.631998,42.731306,-54.631998,544.112338,606.397603,1.0,3.308015,1.043014,4.346565,2.0,147.0,590.6755721098565,0.9740730655722207,0.011740365412883492
53683.0,0.354238,-0.175244,-0.918588,0.290934,0.954191,-0.069842,0.888748,-0.242508,0.388995,-181.4347,-300.096088,-486.531574,3.596147,3.596073,3.593975,89.984321,89.979118,89.991153,45.400345,0.056969,0.04753,131.989906,1.0,-203.320427,-184.71858,93.823344,-184.71858,386.911042,143.595084,93.823344,143.595084,365.613107,101.226694,-83.049976,84.353603,-83.049976,131.309724,-53.186882,84.353603,-53.186882,327.525901,177.526214,1.0,4.788275,1.171256,1.837176,2.0,144.0,240.70689417178232,1.3558949337576833,0.007576336935947208
53531.0,0.46794,-0.105679,-0.877419,0.585896,0.780381,0.218476,0.661633,-0.61631,0.427088,491.309128,-184.194027,-247.541368,3.595838,3.594228,3.593762,90.049211,89.990832,90.019898,134.38459,0.066635,0.063756,72.306571,0.95,-272.437338,365.949614,6.129118,365.949614,-279.845049,80.95893,6.129118,80.95893,442.635562,-91.332877,19.768991,192.163015,19.768991,81.464652,44.925629,192.163015,44.925629,537.300272,658.076305,1.0,4.468354,1.129527,2.320744,2.0,133.0,588.144692542187,0.8937332769369154,0.013138501616955392
52948.0,0.059439,0.99656,-0.057747,-0.787449,0.082364,0.610852,0.613507,0.009165,0.789636,-249.507242,228.143075,-348.835674,3.597115,3.59341,3.594834,89.971441,89.990691,90.009538,47.241175,0.055216,0.048055,124.327964,0.986667,-404.135854,159.888873,165.38526,159.888873,374.598342,-313.019455,165.38526,-313.019455,346.346643,92.881755,-21.942484,41.984241,-21.942484,281.664627,-160.958335,41.984241,-160.958335,381.780357,137.341395,1.0,3.235848,0.660581,1.555859,2.0,146.0,292.70474581493255,2.131220130791103,0.00793600223357635
52598.0,-0.143962,-0.754448,-0.640377,0.948376,-0.289981,0.128432,-0.282593,-0.588829,0.757246,492.022964,-302.030813,-235.967461,3.594469,3.595652,3.594998,90.056478,90.088698,90.000689,115.657902,0.074406,0.066419,92.625019,1.0,-448.544719,505.089273,112.552987,505.089273,-194.571025,-308.217818,112.552987,-308.217818,891.494914,95.535073,62.226945,-157.860317,62.226945,63.201701,-103.763779,-157.860317,-103.763779,707.399865,541.052356,1.0,4.514457,0.71171,3.58905,2.0,144.0,651.825795912783,1.2047370068429808,0.010796219107928065
52606.0,-0.125754,0.21485,-0.968517,0.916661,0.398491,-0.030622,0.379367,-0.891652,-0.247057,-39.243178,-350.47205,-540.5384730000001,3.59678,3.596898,3.594657,90.037906,89.984208,90.01159,101.511163,0.070865,0.062814,114.360087,1.0,191.755657,-21.517236,-481.791572,-21.517236,498.429257,41.961206,-481.791572,41.961206,454.046568,-170.665693,-83.904611,26.570756,-83.904611,141.950341,63.404084,26.570756,63.404084,390.443963,409.735848,1.0,4.743996,1.820438,2.739328,2.0,140.0,495.9692586133914,1.2104609861068134,0.008744309542191938
52621.0,-0.097518,0.482993,-0.870177,0.831862,0.519541,0.195148,0.546348,-0.704836,-0.452448,-336.909843,-357.532873,-490.166808,3.595605,3.596264,3.593927,90.00336,89.958688,90.008289,86.92862,0.076528,0.066507,94.086473,0.985915,22.631607,-157.503437,-437.338,-157.503437,320.801969,-90.4826,-437.338,-90.4826,94.822262,-58.88201,-60.765699,8.278131,-60.765699,167.794067,187.813089,8.278131,187.813089,437.027296,480.384039,1.0,4.491777,2.040305,2.482194,2.0,140.0,462.7886916836768,0.9633723315350967,0.01047881771484834
53168.0,-0.042101,-0.085961,0.995409,-0.599286,0.799342,0.043682,-0.799427,-0.594696,-0.085168,-181.298116,477.086751,-430.083357,3.595188,3.591165,3.590723,89.938894,90.051466,89.984053,191.012122,0.083323,0.079938,63.008959,0.855263,-1166.804817,716.060338,105.507254,716.060338,-666.455625,439.797557,105.507254,439.797557,-155.145257,-148.803258,-78.375126,64.55328,-78.375126,-201.103487,106.316007,64.55328,106.316007,298.817093,718.201052,1.0,1.614652,1.656068,4.072802,2.0,130.0,492.66580884429135,0.6859719955468561,0.01357367291213302
52858.0,0.125332,0.987679,-0.093715,-0.984004,0.135805,0.115292,0.126599,0.077767,0.988901,387.266456,49.813564,-502.92082800000003,3.594707,3.590667,3.595885,89.994298,90.006101,89.983186,148.843135,0.06996,0.069852,82.205402,0.957143,-1074.227757,-295.04028,-54.701786,-295.04028,-51.17641,74.959711,-54.701786,74.959711,301.788442,-59.86618,128.100158,-92.947715,128.100158,-149.680765,34.877885,-92.947715,34.877885,560.870015,747.762094,1.0,3.824121,0.149128,1.019946,2.0,134.0,684.7118324589322,0.915681388442956,0.011643310253503777
52631.0,-0.051132,-0.767821,-0.63862,0.654846,-0.508578,0.559039,-0.75403,-0.389613,0.52881,204.338502,-428.600909,-522.322326,3.595137,3.592343,3.592412,90.161564,90.029375,90.046037,173.075534,0.087089,0.088713,67.633965,0.914286,-2089.437465,419.176441,-113.829852,419.176441,552.812726,274.800685,-113.829852,274.800685,328.102101,-183.844294,238.7213,-34.978081,238.7213,-81.704743,26.472751,-34.978081,26.472751,276.578451,773.557236,1.0,3.993341,1.013599,4.235465,2.0,126.0,468.59184625274855,0.6057623462690336,0.013518148758541659
52918.0,0.084754,0.99337,-0.077669,-0.564968,0.112118,0.81746,0.820749,-0.025402,0.570725,-360.404622,-263.390888,-541.122477,3.59661,3.592507,3.595001,90.035786,90.015036,90.021099,86.557589,0.079946,0.062218,105.047177,0.992958,-590.147396,-262.610766,-276.756782,-262.610766,294.135886,-284.429684,-276.756782,-284.429684,267.408314,-251.566837,-101.261954,40.828499,-101.261954,242.186446,-113.164801,40.828499,-113.164801,395.575622,577.281507,1.0,3.236321,0.963408,1.601736,2.0,141.0,601.3338252558203,1.0416647995201072,0.009452495805765442
52916.0,0.081884,0.985853,0.146246,-0.835433,-0.012119,0.549459,0.543458,-0.167171,0.822622,-13.703503,74.966682,-320.751988,3.595338,3.594909,3.595334,89.976781,90.003671,90.023816,115.566159,0.069181,0.061523,82.828704,0.926667,74.415227,284.624464,65.714567,284.624464,188.576409,-36.547602,65.714567,-36.547602,115.744781,-37.730979,-1.018308,-98.459241,-1.018308,-29.061327,27.356299,-98.459241,27.356299,433.628625,641.795532,1.0,2.88146,0.604789,1.869216,2.0,139.0,475.39587193584504,0.74072792382083,0.011187752014084392
53480.0,-0.250588,-0.059276,0.966277,-0.650699,0.749344,-0.12278,-0.716796,-0.659523,-0.226347,-161.85938,0.045655,-520.230476,3.594023,3.596362,3.596054,89.995131,90.000649,89.959556,113.968162,0.072357,0.067836,78.522768,0.929577,338.606845,-114.143773,-47.779734,-114.143773,-178.544377,-349.232194,-47.779734,-349.232194,456.83678,-84.308885,-116.071206,-163.3378,-116.071206,66.863605,-199.867675,-163.3378,-199.867675,653.537854,604.310528,1.0,1.444409,1.799123,3.96858,2.0,132.0,718.194221762821,1.188452274925154,0.011838311660128945
53227.0,-0.131048,0.991205,-0.018386,-0.823202,-0.098465,0.559145,0.552417,0.08841,0.828866,26.188606,477.153953,-542.598782,3.594663,3.5929,3.596694,90.012453,90.042371,90.029132,114.067602,0.073386,0.05969,94.131505,1.0,-434.999082,207.339127,-233.006877,207.339127,461.252564,440.321504,-233.006877,440.321504,-16.54086,-165.357146,-6.288097,-130.882101,-6.288097,-56.644535,119.764047,-130.882101,119.764047,307.823149,791.183877,1.0,3.174463,0.593719,1.412099,2.0,148.0,455.9738771392825,0.5763184645119891,0.010623435798673355
54014.0,-0.269591,0.958906,-0.088432,-0.31224,-0.000173,0.950003,0.910948,0.283725,0.299455,507.275951,-177.508121,-522.224116,3.596054,3.59228,3.594779,89.98969,89.975059,89.953451,95.345244,0.064558,0.063663,96.702147,1.0,-817.694217,-59.542705,36.100088,-59.542705,-83.733918,55.482515,36.100088,55.482515,593.038952,-434.720196,-183.931657,-92.481811,-183.931657,-48.883407,-94.862265,-92.481811,-94.862265,703.78703,601.315773,1.0,3.234412,1.266674,1.268858,2.0,138.0,1021.9235298773876,1.699479002153811,0.010341032035203934
52986.0,0.04068,0.975218,0.217474,-0.731215,-0.119274,0.671638,0.680933,-0.186342,0.708242,-393.904183,131.693398,-497.271909,3.594415,3.597852,3.59717,89.998366,89.950576,89.966709,139.872964,0.067263,0.067849,78.07753,0.964789,891.781873,-255.621151,220.559109,-255.621151,-106.562824,372.890807,220.559109,372.890807,665.482032,100.2449,-13.543354,0.430181,-13.543354,26.27017,292.533859,0.430181,292.533859,354.496214,643.677821,1.0,2.82845,0.783791,1.837914,2.0,137.0,391.46380837903166,0.6081673091840641,0.012356807393881442
54038.0,0.355815,-0.088869,-0.930321,0.127956,0.990726,-0.045701,0.925755,-0.102779,0.363887,194.282264,38.071196,-255.233397,3.595437,3.594959,3.594778,89.997388,89.994914,90.017859,108.372241,0.06137,0.058215,78.199286,0.949275,18.512662,-76.176082,48.246196,-76.176082,20.782504,-115.821858,48.246196,-115.821858,225.989923,43.420686,-38.577684,-160.767831,-38.577684,-93.678058,42.780071,-160.767831,42.780071,555.502494,559.806641,1.0,4.761473,1.198359,1.681366,2.0,131.0,610.8216737636981,1.0911297384264116,0.012139177332130628
52992.0,0.036011,0.441865,0.896358,-0.745069,0.609634,-0.27059,-0.666015,-0.658105,0.351173,91.73598,107.727752,-450.15110500000003,3.595959,3.595501,3.594137,89.968095,89.971982,89.998896,102.224583,0.065116,0.060358,81.007368,0.978571,143.68677,38.809061,-389.453456,38.809061,252.63895,189.366907,-389.453456,189.366907,-13.484215,-271.635019,-21.080806,-261.228367,-21.080806,67.981331,72.350346,-261.228367,72.350346,357.144854,481.383336,1.0,1.277618,1.211972,3.932964,2.0,137.0,593.8003814082281,1.2335291585752526,0.012080024621957845
52686.0,-0.06447,-0.996679,0.049741,0.913866,-0.038944,0.404144,-0.400864,0.071512,0.913342,215.527718,456.640429,-329.847257,3.596263,3.596981,3.59572,90.078317,90.005941,90.112236,224.186828,0.093525,0.103805,61.348289,0.805556,563.055194,1170.663518,216.11871,1170.663518,450.774964,-165.26926,216.11871,-165.26926,303.318579,152.137929,-94.213904,99.85591,-94.213904,34.577413,34.636671,99.85591,34.636671,530.706387,1065.371491,1.0,3.01913,0.419379,4.888927,2.0,116.0,465.4832184553993,0.4369210387059243,0.013130863356270622
52701.0,0.03698,0.008964,-0.999276,0.365862,0.930412,0.021885,0.929934,-0.366406,0.031127,88.786103,174.26608,-559.358538,3.597126,3.596392,3.594202,89.97029,90.01962,90.096807,164.728403,0.077012,0.082012,85.557221,0.92029,-141.038662,-194.400314,284.388748,-194.400314,-81.239547,-549.441177,284.388748,-549.441177,1194.567905,-142.97194,26.193272,166.158514,26.193272,36.920252,-121.466093,166.158514,-121.466093,614.000309,774.18034,1.0,4.690491,1.539665,1.946131,2.0,127.0,708.1534809693321,0.9147138520326312,0.01075642697651435
53171.0,0.21789,-0.038479,-0.975215,0.494468,0.865839,0.076315,0.841442,-0.498841,0.207684,136.26321,321.190524,-318.076936,3.59591,3.595343,3.595084,90.036819,90.049192,89.944919,165.968963,0.078015,0.078847,87.790149,0.863014,256.975576,576.020176,154.757907,576.020176,542.203441,178.574276,154.757907,178.574276,-211.182226,-4.843283,61.631923,-16.348389,61.631923,-170.657246,50.205138,-16.348389,50.205138,49.806334,708.082279,1.0,4.634294,1.36159,2.105935,2.0,126.0,210.9081796969796,0.2978582940881361,0.0098304195838647
52976.0,0.035752,0.998187,0.048415,-0.897032,0.010698,0.441837,0.440518,-0.059226,0.895788,-176.772994,-415.797511,-280.04179,3.593118,3.593278,3.596623,90.01741,89.954323,89.950932,143.308578,0.065328,0.064572,94.084666,0.979167,-387.36722,-439.895195,112.892966,-439.895195,-586.863871,170.814023,112.892966,170.814023,639.443449,-118.82576,12.940048,-109.272861,12.940048,169.452088,60.396701,-109.272861,60.396701,573.772851,566.401756,1.0,3.032452,0.460595,1.704441,2.0,141.0,612.3340100497109,1.081094829885575,0.010407296338810407
53752.0,0.450873,-0.038716,-0.891748,0.354978,0.924432,0.139344,0.818965,-0.379378,0.430545,-81.676773,-77.498654,-507.942548,3.596052,3.59518,3.595453,90.004396,90.031819,89.997512,55.356666,0.042708,0.039459,140.595501,0.993243,452.114592,140.385875,192.456434,140.385875,131.340659,1.089683,192.456434,1.089683,102.182527,163.522614,41.831488,74.257618,41.831488,132.299564,-72.864545,74.257618,-72.864545,338.903006,138.890489,1.0,4.557383,1.1257,2.004606,2.0,146.0,215.96076808265565,1.5548996165076188,0.0070645432672842064
53673.0,0.203115,-0.047118,-0.978021,0.102805,0.994347,-0.026554,0.973743,-0.095152,0.206811,173.013157,276.419147,-508.115705,3.595148,3.594743,3.59333,89.950441,90.015187,89.949887,151.020289,0.068095,0.070723,68.514384,0.866197,-286.444857,-327.616445,229.865716,-327.616445,68.756745,523.357817,229.865716,523.357817,-61.125883,72.57892,55.279567,-58.097423,55.279567,-59.519885,47.092175,-58.097423,47.092175,377.726863,676.615661,1.0,4.739533,1.362482,1.668205,2.0,123.0,396.68835443323974,0.5862831401906313,0.012642556926440437
53007.0,0.022539,0.938755,0.343846,-0.849508,-0.163348,0.50165,0.527093,-0.303407,0.793799,372.354612,481.914768,-374.736997,3.599414,3.594549,3.599974,89.965349,90.117115,90.034567,201.302645,0.075546,0.074026,84.993246,0.992958,292.489511,888.713209,270.89947,888.713209,2040.716445,278.480346,270.89947,278.480346,367.588491,-1.651535,68.782429,128.829549,68.782429,238.975743,-49.570889,128.829549,-49.570889,405.179599,746.109182,1.0,2.540712,0.653766,2.093099,2.0,141.0,378.6256744233575,0.5074668474236221,0.011682787124049833
53649.0,0.418863,-0.907787,-0.021842,0.404836,0.165157,0.89935,-0.812811,-0.385547,0.436683,-133.589102,-101.149541,-515.007324,3.596322,3.593479,3.594135,90.000719,90.017118,89.962332,116.315162,0.05365,0.054413,93.311238,0.972222,-459.603685,-17.444614,-108.949172,-17.444614,-140.393662,-199.46653,-108.949172,-199.46653,520.673004,-187.526401,32.731375,18.466053,32.731375,-70.946266,-165.492121,18.466053,-165.492121,535.075059,516.887864,1.0,3.165874,1.118888,4.269481,2.0,140.0,687.8246922106342,1.3307038917257965,0.010419130866102109
53748.0,0.353972,-0.031933,-0.934711,0.25137,0.965891,0.062195,0.900842,-0.256974,0.349925,-304.378805,-322.428602,-482.599515,3.594146,3.59447,3.59488,89.965321,89.9718,90.002003,131.088745,0.072602,0.073292,81.481016,0.891304,-131.099108,-346.727414,-171.340869,-346.727414,-45.072254,100.801758,-171.340869,100.801758,-25.428519,337.719575,-119.457771,141.916266,-119.457771,-200.216121,85.880491,141.916266,85.880491,274.104588,698.275057,1.0,4.645948,1.213305,1.848676,2.0,123.0,539.0178944624129,0.7719277511904781,0.010938793399434293
54053.0,0.332643,-0.942515,-0.031861,0.106353,0.003923,0.994321,-0.937037,-0.334142,0.101544,-325.76322,63.387865,-505.753932,3.596329,3.593877,3.595671,90.007441,90.009068,89.984751,56.768157,0.064394,0.057197,114.626422,1.0,-249.727454,30.085242,-110.978451,30.085242,243.825323,71.627458,-110.978451,71.627458,466.896514,319.710443,4.771339,-67.375719,4.771339,154.967984,-8.280923,-67.375719,-8.280923,397.254483,273.055438,1.0,3.173625,1.469077,4.369852,2.0,142.0,222.26351909736897,0.8139867886365588,0.00872399210018088
53460.0,0.419561,0.007506,-0.907696,0.57191,0.774346,0.270755,0.704903,-0.632718,0.320593,364.476496,207.635046,-373.112247,3.5971,3.594386,3.595867,89.994517,90.010997,90.030705,86.57372,0.07109,0.060818,96.00413,1.0,444.708633,-2.99979,249.19744,-2.99979,-68.510623,258.453887,249.19744,258.453887,495.299576,121.245505,37.065963,-19.844584,37.065963,-9.09594,65.451246,-19.844584,65.451246,594.132039,462.622353,1.0,4.422504,1.244441,2.302282,2.0,138.0,553.882613496285,1.1972672956775285,0.010416218552264366
53867.0,-0.073319,0.238317,-0.968416,-0.200096,0.947769,0.248386,0.977029,0.211988,-0.021803,254.616988,-239.231326,-345.395238,3.596501,3.596043,3.593798,89.985063,89.996121,90.043444,142.301924,0.072544,0.072778,72.249261,0.909722,-264.59185,90.516778,-164.151294,90.516778,530.993412,-344.07249,-164.151294,-344.07249,323.754992,-20.443517,81.796944,110.290541,81.796944,62.459825,108.691146,110.290541,108.691146,480.724084,634.569664,1.0,4.461315,1.592601,1.357136,2.0,131.0,489.38210113090105,0.7712031143217415,0.012591436748398022
52770.0,0.001921,-0.863546,-0.504267,0.866236,0.253385,-0.430617,0.499631,-0.435987,0.748521,476.565425,-381.695364,-452.321528,3.598883,3.594167,3.595468,90.075262,89.995115,89.906683,139.181672,0.060402,0.062313,135.482905,1.0,-642.585242,-707.520532,-218.715703,-707.520532,1360.433307,16.547088,-218.715703,16.547088,475.746231,-91.094893,153.07815,-70.310374,153.07815,61.418464,-16.933921,-70.310374,-16.933921,394.755631,242.505334,1.0,5.41917,0.724967,2.288276,2.0,144.0,454.6534736521238,1.8748184468887756,0.007381005005760691
53012.0,0.001842,0.178185,0.983995,-0.98398,0.17574,-0.029981,-0.178269,-0.968176,0.175654,457.990584,-389.684851,-538.347306,3.596753,3.597374,3.590658,89.987405,90.032149,89.959996,116.925981,0.071791,0.065168,83.152456,0.985294,-1038.387784,284.526902,-386.767929,284.526902,424.904245,354.955882,-386.767929,354.955882,770.374364,-381.393525,192.903739,-57.073987,192.903739,0.471178,-7.229524,-57.073987,-7.229524,547.478551,486.567746,1.0,1.540337,1.394226,3.323682,2.0,134.0,827.2313427574156,1.7001360027621224,0.011849247122658649
53238.0,-0.047166,0.984073,0.171394,-0.502292,-0.171679,0.847484,0.863411,-0.046117,0.502389,250.153459,-339.963156,-238.521451,3.595126,3.595831,3.593551,90.028422,89.959921,89.98035,112.047207,0.070222,0.062134,75.878609,0.978873,178.997532,-423.946647,22.399192,-423.946647,-397.693693,-7.58339,22.399192,-7.58339,298.221441,-255.346219,11.311218,-196.346317,11.311218,-81.046226,-129.763011,-196.346317,-129.763011,414.360879,569.981935,1.0,2.942046,1.044436,1.624158,2.0,139.0,635.4501053071373,1.1148600793938097,0.012900513239508648
53829.0,0.40837,0.051546,-0.91136,0.263628,0.9492,0.171815,0.873919,-0.310424,0.374035,432.096246,-353.398718,-445.216544,3.596903,3.591402,3.597899,90.06025,90.000472,89.980735,118.336851,0.089393,0.073871,103.356508,0.986111,887.323354,399.625638,-239.887858,399.625638,-856.90608,435.105458,-239.887858,435.105458,520.849383,488.979026,-30.720764,-243.945106,-30.720764,-71.530608,116.582598,-243.945106,116.582598,426.363021,677.375145,1.0,4.52605,1.18744,1.912104,2.0,140.0,581.8318498696813,0.8589506924847107,0.00954086993728542
52832.0,0.057241,-0.950541,0.305278,0.811146,0.222546,0.540846,-0.582035,0.216667,0.783767,-244.385413,360.744193,-257.804124,3.594632,3.594517,3.595724,89.98242,90.003238,90.001372,144.228861,0.082542,0.079449,65.48437,0.915493,-119.331701,-10.327607,-27.88824,-10.327607,65.011779,162.358142,-27.88824,162.358142,235.935468,35.344774,-91.792085,116.707027,-91.792085,-38.779414,-38.13195,116.707027,-38.13195,378.022228,711.977403,1.0,2.627727,0.670089,5.068753,2.0,130.0,407.36739280802794,0.5721633735727255,0.013980328435625173
53342.0,-0.121447,0.990467,0.065004,-0.565496,-0.122862,0.815549,0.815761,0.062286,0.575026,388.077536,-101.357498,-526.160172,3.596301,3.590619,3.593168,89.877684,89.959258,90.04539,194.380442,0.074294,0.084813,84.488827,0.861111,-895.075557,1167.259686,157.601957,1167.259686,-766.366277,-242.803757,157.601957,-242.803757,509.373253,-205.896651,52.610408,-35.035442,52.610408,-223.026127,-52.621309,-35.035442,-52.621309,456.092653,720.746046,1.0,3.062055,0.95816,1.494591,2.0,124.0,674.4894676670386,0.9358212527287852,0.010192010358955509
53141.0,-0.094727,0.081379,0.992171,-0.904842,0.408516,-0.119896,-0.415075,-0.909116,0.034938,546.034735,-332.012644,-558.479817,3.595668,3.595776,3.601375,89.989314,89.868405,89.998243,228.576232,0.066953,0.084117,70.67664,0.821429,1619.956774,-1171.065902,-507.229314,-1171.065902,512.695049,23.45007,-507.229314,23.45007,256.555548,-115.467238,52.350075,-86.991829,52.350075,88.784564,-47.94214,-86.991829,-47.94214,258.880386,708.510775,1.0,1.450537,1.535852,3.569897,2.0,115.0,338.89332175193715,0.47831780928375744,0.011622354995936422
52895.0,0.104766,0.088591,-0.990543,0.896963,0.421756,0.132589,0.429513,-0.902371,-0.035277,431.596961,23.374308,-494.723366,3.595188,3.596483,3.596356,90.018358,90.092911,90.022369,134.073608,0.075728,0.070606,82.144849,0.866197,639.032211,720.776307,198.772778,720.776307,-165.376971,-15.250494,198.772778,-15.250494,583.968163,-259.758871,97.237955,47.443261,97.237955,-60.397286,27.811516,47.443261,27.811516,536.675212,657.263082,1.0,4.579325,1.606081,2.697343,2.0,123.0,724.3159541938154,1.1020183150859146,0.010544751260057706
53130.0,-0.080797,0.386074,0.918923,-0.862977,0.434219,-0.25831,-0.498741,-0.81388,0.298089,371.080023,-126.535144,-303.569668,3.595107,3.596003,3.589769,90.026601,90.0377,89.965686,113.572731,0.053127,0.053504,114.981905,0.993333,-1249.261478,468.552492,-217.357178,468.552492,-269.240909,134.873705,-217.357178,134.873705,588.616651,-83.819657,-36.244286,-118.351128,-36.244286,30.920744,3.697369,-118.351128,3.697369,551.366969,355.581659,1.0,1.296767,1.268106,3.691366,2.0,149.0,596.0256475369671,1.6761990739712678,0.008639037594654567
52904.0,0.102752,0.230355,-0.967667,0.502334,0.827635,0.250361,0.858547,-0.511816,-0.030674,279.748626,-145.035195,-256.859454,3.596771,3.595012,3.594423,89.981361,90.006009,90.012898,86.916873,0.060245,0.05427,88.029364,0.985915,-139.962007,-54.442657,145.152607,-54.442657,149.345922,125.891161,145.152607,125.891161,543.012516,166.265419,44.426547,174.761679,44.426547,123.997471,179.366552,174.761679,179.366552,518.84931,465.17481,1.0,4.459214,1.601475,2.108375,2.0,140.0,435.3398317033078,0.9358628677750368,0.011199842361691945
53937.0,0.606738,-0.785858,0.119566,0.37096,0.41296,0.831777,-0.703034,-0.460316,0.542081,-47.412279,-355.837925,-448.949415,3.592838,3.596449,3.593124,90.024264,90.017251,89.964409,125.983218,0.071062,0.060829,74.883785,0.85,-185.772022,-285.420237,518.479585,-285.420237,-446.114516,-206.664766,518.479585,-206.664766,128.229909,62.465606,5.345391,188.308006,5.345391,66.71814,-30.735381,188.308006,-30.735381,119.152233,510.305849,1.0,2.998823,0.997885,4.132677,2.0,119.0,174.11275771116263,0.34119294938977396,0.011350921965282604
53321.0,0.372212,-0.077517,-0.924905,0.701272,0.676278,0.225535,0.60801,-0.732557,0.306079,384.901937,-277.65075,-493.815139,3.594629,3.596611,3.597369,89.987542,89.936608,90.052184,94.549252,0.061623,0.059901,121.031128,0.992857,285.431209,-660.379154,-216.003281,-660.379154,35.691674,24.914796,-216.003281,24.914796,898.911665,-17.222495,2.042621,-76.974934,2.042621,17.327093,-26.632661,-76.974934,-26.632661,498.166446,207.77925,1.0,4.47321,1.259724,2.448835,2.0,138.0,503.9761080769218,2.425536275046338,0.008203319397304138
54145.0,-0.318889,0.938952,0.129143,-0.293229,-0.22731,0.928626,0.901292,0.258261,0.347815,-379.347323,-271.238757,-393.188198,3.595221,3.591137,3.595032,90.062775,89.983985,89.947693,82.990934,0.063938,0.052791,117.373879,1.0,-1286.985347,-364.152926,-125.254791,-364.152926,245.558071,-63.529626,-125.254791,-63.529626,253.271437,47.43484,55.851295,-90.973101,55.851295,345.096996,64.265371,-90.973101,64.265371,221.061387,315.958867,1.0,3.00341,1.215557,1.291729,2.0,140.0,280.55483821390754,0.8879473485829013,0.008519783179356286
53201.0,-0.149636,0.122698,0.981098,-0.97208,0.163138,-0.168663,-0.18075,-0.978944,0.094861,-382.055163,362.236554,-341.772524,3.59404,3.596338,3.5891,89.998913,90.099748,89.986194,131.863373,0.060262,0.05768,146.599818,1.0,-1254.609776,1032.049929,-32.06182,1032.049929,-542.334402,86.181762,-32.06182,86.181762,476.089195,11.314434,49.615551,-42.973327,49.615551,301.063164,28.344315,-42.973327,28.344315,392.474294,331.530819,1.0,1.400548,1.475793,3.324174,2.0,142.0,350.18628970211125,1.056270698327178,0.006821290869542553
53527.0,-0.206585,0.159566,0.965329,-0.529999,0.811079,-0.247492,-0.82245,-0.562752,-0.082987,327.49354,-236.701382,-564.656367,3.596279,3.595311,3.593332,89.993975,90.00826,89.956895,91.086292,0.059517,0.052742,87.562108,1.0,-322.47991,138.371048,110.935767,138.371048,-162.948538,-46.837054,110.935767,-46.837054,680.442192,45.786064,41.243289,151.566874,41.243289,150.66303,138.010237,151.566874,138.010237,525.123455,448.746813,1.0,1.319822,1.653879,4.11232,2.0,144.0,472.5275917059929,1.0529937550910093,0.01142046511717146
53080.0,0.241897,0.148377,-0.95889,0.863375,0.418069,0.282493,0.442797,-0.896216,-0.026975,-99.526037,-411.131116,-220.758707,3.594007,3.59356,3.592724,89.964697,89.984523,90.053168,145.558924,0.070818,0.067092,67.272227,0.804348,-718.381718,-230.630207,282.618012,-230.630207,-450.799817,254.689878,282.618012,254.689878,75.541277,-381.858026,-4.283232,-302.076335,-4.283232,13.44257,-98.615656,-302.076335,-98.615656,311.385251,709.157837,1.0,4.42589,1.597775,2.682697,2.0,111.0,662.2344381873704,0.9338322213131947,0.011956613239517104
53597.0,-0.346946,-0.011778,0.937811,-0.676127,0.696119,-0.241393,-0.649985,-0.71783,-0.249478,28.178873,271.047125,-430.073823,3.593869,3.594928,3.593165,89.97999,89.9343,89.990608,131.84974,0.07845,0.075818,74.896208,0.826087,-790.866783,-178.229063,-347.646021,-178.229063,-59.793704,30.023776,-347.646021,30.023776,221.744201,-502.853717,-127.641562,267.098699,-127.641562,-51.152864,80.441477,267.098699,80.441477,63.051592,611.922825,1.0,1.318865,1.822938,3.87743,2.0,114.0,582.4442071968867,0.9518262489994335,0.011029757340985808
53341.0,-0.199991,0.958903,0.201265,-0.757417,-0.281611,0.589079,0.621549,-0.034631,0.78261,65.745889,430.432061,-431.636372,3.593664,3.595274,3.593924,89.992063,89.9414,89.996496,121.561269,0.072282,0.068073,78.111531,0.927536,89.249714,-235.814374,50.428571,-235.814374,-705.164904,-99.063672,50.428571,-99.063672,237.646949,-6.902976,174.886496,-105.09405,174.886496,98.346419,20.372613,-105.09405,20.372613,180.246117,484.239967,1.0,2.812366,0.671949,1.626456,2.0,128.0,240.704603689452,0.4970771107157539,0.011874508003178174
53153.0,0.238407,0.041674,-0.970271,0.61711,0.764944,0.184487,0.749892,-0.642747,0.156651,168.996106,-343.790567,-326.59346700000003,3.595154,3.594326,3.590873,90.090712,90.046662,90.04083,199.463428,0.08621,0.098154,76.708717,0.809859,-761.021177,938.724755,12.967083,938.724755,-714.304391,-80.645907,12.967083,-80.645907,397.772876,-456.616255,213.713317,214.23353,213.713317,208.008649,-83.959788,214.23353,-83.959788,194.922317,974.123116,1.0,4.524492,1.413498,2.279409,2.0,115.0,712.1544691170011,0.7310723433412508,0.010557587607676975
53578.0,-0.187288,-0.696693,0.692489,-0.459053,0.685325,0.565332,-0.868443,-0.212009,-0.448172,-45.199727,-125.257699,-280.541284,3.595152,3.594792,3.595236,90.047424,89.976356,89.972784,138.133528,0.065034,0.071174,73.373163,0.843284,484.938909,-18.298591,-44.089348,-18.298591,-502.464853,8.095974,-44.089348,8.095974,284.141048,-288.985008,65.147456,-228.575662,65.147456,124.450265,54.990594,-228.575662,54.990594,116.849815,695.686478,1.0,2.255443,2.035516,4.472947,2.0,113.0,460.9560065374747,0.6625915855985269,0.011493085012567877
48645.0,-0.874857,-0.173038,-0.452419,0.476097,-0.135184,-0.86894,0.0892,-0.975594,0.20065,266.329283,398.698627,-751.803469,3.594107,3.595353,3.592254,90.028683,90.023831,90.037636,96.851438,0.064423,0.056531,100.248432,0.992857,-574.701329,-372.416708,-226.909775,-372.416708,-403.493611,82.892252,-226.909775,82.892252,280.647646,-71.340713,54.910016,63.743906,54.910016,160.943846,90.308401,63.743906,90.308401,386.083263,255.497883,1.0,5.803149,1.368775,3.050414,3.0,139.0,410.3240008257034,1.6059780848583525,0.009903965380725356
49333.0,0.010405,0.479213,-0.877637,0.162074,0.865271,0.474383,0.986724,-0.147178,-0.068665,-308.13878,368.628202,-888.167173,3.596253,3.595381,3.589009,90.046914,89.998219,90.005506,170.895088,0.075624,0.074269,63.456886,0.842466,-843.451461,949.831021,-179.850266,949.831021,-561.765169,116.706986,-179.850266,116.706986,409.595367,-508.558265,-20.275224,71.042927,-20.275224,181.695035,-92.644882,71.042927,-92.644882,537.082366,699.265211,1.0,4.216851,1.639516,1.718863,3.0,123.0,926.6002338961848,1.325105581287362,0.013276195116161233
50820.0,0.587499,-0.801667,0.110342,0.466406,0.446878,0.763391,-0.661294,-0.397028,0.636442,303.920492,304.906942,-972.47783,3.595085,3.595354,3.594891,90.019421,90.019665,90.009469,130.490405,0.076911,0.077525,77.11868,0.942029,229.037699,-12.559064,37.719809,-12.559064,-192.890191,39.094198,37.719809,39.094198,272.613984,339.151304,-1.219536,193.127191,-1.219536,-314.358259,-11.165715,193.127191,-11.165715,363.587429,768.125006,1.0,2.998045,0.880919,4.171691,3.0,130.0,686.8109774748291,0.8941395894027555,0.012215315407369524
49718.0,-0.115521,-0.583568,-0.803806,0.855977,0.352065,-0.37862,0.503942,-0.731778,0.45885,280.06881,-396.206577,-674.84458,3.594274,3.59321,3.594863,90.002764,89.941184,89.997297,171.730129,0.069569,0.071739,64.650515,0.856164,-48.742871,-231.193855,-434.556679,-231.193855,-455.214213,130.058035,-434.556679,130.058035,-17.678323,241.183574,57.3333,123.315599,57.3333,-180.594878,-26.11781,123.315599,-26.11781,118.160284,1116.742322,1.0,5.152597,1.094096,2.538522,3.0,124.0,394.36684422172783,0.353140412477112,0.013242957152004126
51146.0,0.465433,0.161685,-0.870189,0.16272,0.950783,0.263693,0.869997,-0.264329,0.416217,-168.457749,43.116761,-693.278543,3.596541,3.595371,3.595139,90.047485,90.022002,89.994801,68.534653,0.072366,0.057078,107.205505,1.0,476.265843,389.451557,140.904542,389.451557,-30.915403,-117.66738,140.904542,-117.66738,341.920593,231.5056,93.998491,38.712339,93.998491,131.278514,-119.016937,38.712339,-119.016937,510.369372,264.676046,1.0,4.418155,1.141516,1.865761,3.0,146.0,366.24407156449683,1.383744683734987,0.009327879197994543
48793.0,0.228988,0.465965,-0.854659,-0.022938,0.880326,0.473814,0.973159,-0.088893,0.212272,-286.340536,-53.412206,-917.389358,3.595109,3.594516,3.591802,89.944078,89.934334,90.003867,85.56458,0.058557,0.052912,99.91347,0.993056,-1225.670886,112.168684,-204.685285,112.168684,163.889235,223.063144,-204.685285,223.063144,283.607615,-69.378514,71.56417,92.377582,71.56417,132.635141,-44.972894,92.377582,-44.972894,216.576761,362.403406,1.0,4.206182,1.356897,1.661888,3.0,143.0,276.7151473926259,0.7635555925007667,0.009939160355455575
49872.0,0.166573,0.689868,0.704511,-0.717567,-0.405231,0.566468,0.676278,-0.599892,0.427525,311.406392,-171.03198,-670.930276,3.593434,3.59578,3.595567,90.015634,89.986496,90.054403,128.170195,0.071122,0.069692,81.03381,0.985714,27.676201,258.646653,-183.369851,258.646653,-375.122218,307.388704,-183.369851,307.388704,502.876322,11.852778,286.904551,-221.393325,286.904551,-113.140382,206.794951,-221.393325,206.794951,443.368741,716.978468,1.0,2.248006,1.129043,2.29641,3.0,138.0,621.5592435963251,0.8669147977765005,0.012164231201766275
49708.0,0.268885,0.525613,0.807113,-0.655053,0.714129,-0.246832,-0.706121,-0.462333,0.536323,486.704575,38.497751,-832.263594,3.595628,3.594612,3.593582,90.045625,90.005346,89.968811,123.077447,0.071679,0.070279,77.549319,0.922535,-483.116108,-184.265156,-256.290322,-184.265156,-61.452609,-75.802212,-256.290322,-75.802212,433.213625,-173.231009,42.615162,-24.608673,42.615162,-311.464409,-20.723249,-24.608673,-20.723249,663.906496,660.94976,1.0,1.274008,1.004722,4.132682,3.0,131.0,915.2957760407394,1.384818985395712,0.011896107043828458
48907.0,0.794687,0.454168,-0.402744,-0.453501,0.885234,0.103426,0.403496,0.100453,0.90945,312.779098,509.65329,-895.051756,3.594125,3.591888,3.595805,89.93413,89.925506,90.047421,123.889347,0.058607,0.059182,93.187164,1.0,-1149.914263,-481.328498,269.036718,-481.328498,-277.449783,87.071701,269.036718,87.071701,757.443024,-26.039578,-16.07259,66.088464,-16.07259,-117.29137,78.957221,66.088464,78.957221,596.968056,544.913583,1.0,4.461017,0.428836,1.326799,3.0,140.0,679.3093231923821,1.2466367959713385,0.010731091676961003
48657.0,0.942057,-0.041293,0.332902,-0.309044,0.279124,0.909165,-0.130463,-0.959367,0.250189,198.854409,423.482829,-726.723118,3.594569,3.595823,3.592576,90.00186,89.946551,89.99556,170.404632,0.073625,0.075206,73.702849,0.943662,181.042065,189.613082,27.909108,189.613082,-755.759843,-287.810864,27.909108,-287.810864,225.772901,-67.071421,184.555925,71.153899,184.555925,109.65002,-64.149776,71.153899,-64.149776,512.73172,947.911481,1.0,2.790593,1.317921,3.276752,3.0,134.0,545.3143349170317,0.5752798081332995,0.012803602748110864
49250.0,0.313551,0.915953,-0.250432,-0.243891,0.332566,0.910998,0.917716,-0.224566,0.327669,399.28641,476.108371,-677.404968,3.596239,3.594819,3.594676,90.015876,90.005117,90.020803,55.998692,0.048727,0.043543,143.555752,1.0,24.583776,-119.054314,-66.689287,-119.054314,-22.124908,-186.164109,-66.689287,-186.164109,418.703007,43.040481,-118.305791,147.543172,-118.305791,197.04036,-19.506907,147.543172,-19.506907,476.2355,504.990821,1.0,3.409864,1.236961,1.810782,3.0,144.0,414.4529311218829,0.8207137909975653,0.00696593474011407
49564.0,-0.221852,-0.677616,-0.701155,0.845826,-0.491503,0.207374,-0.48514,-0.547049,0.682186,-33.165092,-383.430974,-898.832374,3.592149,3.594888,3.595886,90.01629,90.01013,89.939967,134.203659,0.060478,0.063059,129.752439,1.0,135.009252,-112.816422,15.213305,-112.816422,-929.65966,256.495506,15.213305,256.495506,433.40314,105.735041,15.38589,114.67072,15.38589,176.575964,6.262435,114.67072,6.262435,267.720626,268.309709,1.0,4.424826,0.820049,3.867084,3.0,146.0,172.7759996689181,0.6439424063812693,0.007706984220928594
50157.0,-0.078761,0.163736,0.983355,-0.995883,0.03149,-0.085008,-0.044885,-0.986001,0.160582,233.310969,-53.627444,-739.693841,3.595081,3.59649,3.59503,89.958297,90.043588,89.970715,70.225545,0.058748,0.049855,128.673812,1.0,261.272484,337.020162,-369.313643,337.020162,12.407445,330.647741,-369.313643,330.647741,388.005208,116.651368,25.643734,-40.774,25.643734,216.097209,115.01045,-40.774,115.01045,420.378538,370.326985,1.0,1.484564,1.409516,3.187083,3.0,142.0,289.1295696866807,0.7807412945796557,0.007771589140453848
49662.0,-0.164821,-0.679212,-0.715196,0.870812,-0.440711,0.217854,-0.463164,-0.586894,0.664105,385.495792,162.756388,-638.23193,3.595316,3.59661,3.59802,90.033379,89.989474,89.983933,136.287538,0.062247,0.060128,73.709401,0.917808,481.006214,-191.499016,-126.665707,-191.499016,248.85425,325.356102,-126.665707,325.356102,862.895924,-17.57338,-265.779535,-189.506291,-265.779535,232.408744,52.98804,-189.506291,52.98804,824.456303,672.732486,1.0,4.41671,0.844501,3.8097,3.0,134.0,801.8927775566825,1.1919935401435073,0.012451708839690611
50835.0,0.510944,-0.822368,0.250295,0.378645,0.476712,0.793331,-0.771729,-0.310574,0.554958,-43.919746,477.342938,-761.466338,3.596769,3.598262,3.596363,89.983618,90.003041,90.041559,81.638266,0.058571,0.052757,108.680685,1.0,1077.4594,-250.260892,-161.005319,-250.260892,549.069327,78.35533,-161.005319,78.35533,369.054018,426.080081,-31.573095,8.471315,-31.573095,171.394738,-9.044262,8.471315,-9.044262,334.111059,321.232608,1.0,2.835978,0.982483,4.329781,3.0,140.0,225.3055251627094,0.7013781277232894,0.009201266996062824
48669.0,0.860712,0.493613,-0.124586,-0.288917,0.675109,0.678789,0.419168,-0.548247,0.723687,-387.383724,164.94374,-675.130169,3.595402,3.595252,3.596974,90.035819,90.013174,89.934013,125.233844,0.061178,0.061257,76.717093,0.929577,732.621727,52.006631,-379.641062,52.006631,-99.534137,439.517021,-379.641062,439.517021,314.129402,196.015436,36.474988,44.279158,36.474988,-111.284487,263.641888,44.279158,263.641888,239.612044,588.024512,1.0,3.323114,0.761666,2.488837,3.0,132.0,405.376030932538,0.6893862800953067,0.012116947653373674
49006.0,0.611343,-0.334853,0.717031,-0.388189,0.662679,0.640442,-0.689615,-0.669873,0.275138,140.954442,-154.686539,-729.522752,3.595674,3.593834,3.595071,90.004764,90.00607,89.999765,96.02545,0.049772,0.049854,98.784416,1.0,88.779926,20.810166,-107.147725,20.810166,-43.780026,236.524543,-107.147725,236.524543,54.700226,308.443179,-84.876867,59.146842,-84.876867,-129.57234,-26.316056,59.146842,-26.316056,109.770655,720.045772,1.0,2.299834,1.292064,3.941511,3.0,142.0,390.96411941730383,0.5429712035269111,0.010123054227500825
48671.0,0.660832,0.454576,-0.597211,-0.199819,0.873557,0.443815,0.723445,-0.173953,0.668107,40.262654,264.357545,-670.32338,3.595767,3.595825,3.594067,90.025261,89.98864,90.007911,114.616361,0.065563,0.06145,100.13392,1.0,120.329959,209.642604,83.717902,209.642604,40.343485,-281.756279,83.717902,-281.756279,239.559252,310.751619,51.553187,76.025281,51.553187,184.243357,-36.632853,76.025281,-36.632853,405.99946,632.919046,1.0,4.073289,0.839134,1.806767,3.0,144.0,210.8572637200659,0.3331504479959447,0.009986625910580551
49914.0,0.039395,-0.30669,-0.950994,0.998912,0.035856,0.029817,0.024955,-0.951134,0.307769,158.278129,-72.517235,-864.2134,3.594871,3.596017,3.595839,90.008168,89.988987,90.010626,32.699823,0.04882,0.038358,127.510383,1.0,263.391167,-70.977677,-40.531048,-70.977677,35.938102,110.462828,-40.531048,110.462828,397.926298,160.694215,-37.014559,77.70904,-37.014559,73.249034,106.210936,77.70904,106.210936,293.638918,161.583118,1.0,4.681046,1.257949,3.115362,3.0,146.0,225.7509222660427,1.3971194829031748,0.007842498598721956
48674.0,-0.729222,-0.177996,-0.660721,0.447067,0.607072,-0.656959,0.518041,-0.774456,-0.363114,404.195868,-361.083541,-776.937835,3.595993,3.596651,3.594112,89.95865,90.000876,89.97563,151.92915,0.077174,0.075305,73.916791,0.943662,258.659193,-462.034934,208.838034,-462.034934,22.027724,-109.583007,208.838034,-109.583007,424.397169,-466.589179,134.069077,-165.543506,134.069077,141.811316,-41.268598,-165.543506,-41.268598,386.29691,845.883653,1.0,5.494932,1.942404,2.552038,3.0,134.0,783.5695403888632,0.9263325252945434,0.012766544478371632
48675.0,0.937248,0.342119,0.067231,-0.330192,0.809014,0.486281,0.111975,-0.477965,0.871212,-30.316843,299.822943,-820.774588,3.596412,3.594003,3.595047,90.041687,89.987855,90.027965,70.517725,0.063622,0.051915,128.132367,1.0,225.016631,-389.811145,178.061533,-389.811145,-253.332331,-158.712905,178.061533,-158.712905,373.542616,-26.189593,-0.205753,-27.066783,-0.205753,115.500881,32.378284,-27.066783,32.378284,275.022159,266.671831,1.0,3.004208,0.51313,2.911468,3.0,140.0,263.5557413779707,0.9883148902141476,0.007804429305516537
49999.0,0.072606,0.823979,0.561948,-0.802153,-0.286581,0.523853,0.592688,-0.488804,0.64015,475.564683,-247.457151,-927.461353,3.595764,3.596762,3.596062,89.899628,89.951964,90.016797,155.543048,0.074725,0.078918,98.806171,1.0,1326.647906,123.842714,232.626447,123.842714,-353.320818,-436.325865,232.626447,-436.325865,239.725975,236.618121,12.160429,-99.633885,12.160429,-53.149047,-100.555773,-99.633885,-100.555773,477.057724,1062.125935,1.0,2.321124,0.876103,2.260432,3.0,144.0,476.0119799919491,0.4481690582124323,0.010120825348044303
49184.0,-0.160869,-0.906697,0.389899,0.328536,0.323322,0.887427,-0.930691,0.270855,0.24587,-62.21223,-130.455011,-791.327434,3.596712,3.594472,3.594569,90.01265,89.997727,89.973445,111.716139,0.061895,0.061437,101.317932,0.914286,88.863554,-30.071797,286.399151,-30.071797,11.492701,-283.821063,286.399151,-283.821063,326.035225,289.393055,48.176479,177.481337,48.176479,-216.211267,-41.756336,177.481337,-41.756336,367.841613,646.699968,1.0,2.727623,1.322379,4.995593,3.0,128.0,572.8236892256152,0.885764214581831,0.009023930729261234
50550.0,0.557713,-0.830034,-0.000866,0.744841,0.50001,0.441817,-0.36629,-0.247052,0.897105,461.104307,444.090259,-811.00073,3.599926,3.595789,3.597173,90.042473,89.962133,90.04438,136.636644,0.064615,0.066603,94.743282,1.0,1007.371318,826.923454,141.838844,826.923454,770.392205,22.803063,141.838844,22.803063,632.645266,12.415971,12.127374,35.279498,12.127374,-16.484923,-160.771473,35.279498,-160.771473,690.457861,374.61391,1.0,3.143552,0.457624,4.119003,3.0,138.0,707.5319569401895,1.8886964366597854,0.010554838072846158
48962.0,0.729982,0.473093,-0.493264,-0.453,0.87532,0.169131,0.511779,0.099986,0.853279,264.947357,98.775895,-904.660906,3.593818,3.594562,3.593511,89.967493,89.946891,90.037729,154.084297,0.059585,0.063774,60.151291,0.921429,-924.908547,14.09627,213.832854,14.09627,173.70352,-49.047305,213.832854,-49.047305,102.60476,-115.80426,-43.046251,-133.617942,-43.046251,78.650574,127.937359,-133.617942,127.937359,330.288111,753.088702,1.0,4.38207,0.548554,1.377856,3.0,129.0,420.8589959379765,0.5588438583931598,0.015318524086207893
49972.0,0.106062,-0.552732,-0.826582,0.923711,-0.252972,0.287686,-0.368116,-0.794035,0.483734,47.850814,18.869569,-772.484313,3.593658,3.595523,3.596046,89.972148,89.999798,89.97509,131.627564,0.062117,0.064612,72.067454,0.924658,507.702695,-191.321826,83.188532,-191.321826,-348.852784,-27.176451,83.188532,-27.176451,121.172723,299.188582,-215.316314,-35.343334,-215.316314,-319.402083,168.138901,-35.343334,168.138901,83.452863,635.138495,1.0,4.377458,1.06588,3.575699,3.0,135.0,593.8475618109655,0.934989087397333,0.012830451870826463
50307.0,-0.214423,0.454385,0.864614,-0.941723,0.138727,-0.306452,-0.259193,-0.879937,0.398159,-359.153857,-371.345958,-939.885099,3.591474,3.592079,3.590637,90.145617,89.873371,89.87508,224.042028,0.1071,0.097148,64.071488,0.833333,-2668.578989,-1230.526967,325.689258,-1230.526967,-471.712573,133.814009,325.689258,133.814009,341.999102,-640.735585,13.818291,-195.064141,13.818291,308.993322,108.907311,-195.064141,108.907311,184.797616,569.907271,1.0,1.230173,1.161287,3.428049,3.0,120.0,914.8954273912343,1.605340857971321,0.013006300087801924
48686.0,0.553673,0.832724,0.00421,-0.158179,0.100206,0.982313,0.817573,-0.544546,0.1872,261.644418,-407.121889,-928.090021,3.595013,3.59228,3.599085,90.003477,90.030859,90.067042,151.822654,0.083149,0.077963,75.995921,0.951389,-992.520275,-185.172866,89.783905,-185.172866,1257.664181,-41.082484,89.783905,-41.082484,334.323242,-4.211155,49.094751,-63.866809,49.094751,-384.158004,-51.941773,-63.866809,-51.941773,635.397286,590.576106,1.0,3.137307,1.382485,2.158373,3.0,137.0,896.3069710499385,1.517682415431041,0.012518948220918332
50976.0,-0.683673,0.497457,0.533973,-0.656484,-0.738819,-0.152235,0.318779,-0.454624,0.831684,-230.961628,35.027512,-837.428161,3.593558,3.59647,3.596039,89.992589,89.940709,89.994056,81.966938,0.065636,0.056631,105.539393,1.0,-310.283383,-502.715607,-47.35973,-502.715607,297.386585,-154.692152,-47.35973,-154.692152,526.229294,339.938791,48.933196,210.983695,48.933196,159.44072,-34.602157,210.983695,-34.602157,422.684429,376.912611,1.0,1.293065,0.588664,2.530067,3.0,142.0,300.7344961210344,0.7978891853025166,0.009475135033228776
51225.0,-0.746906,0.59143,-0.303878,-0.489818,-0.180325,0.852972,0.449676,0.785935,0.424379,-121.479336,83.014412,-987.026714,3.59593,3.595734,3.595422,90.023076,90.003887,90.009093,104.476359,0.062873,0.062844,88.050241,1.0,426.091745,-41.298254,31.334627,-41.298254,302.691177,-132.056027,31.334627,-132.056027,68.494629,104.381253,197.97994,-124.150353,197.97994,235.148317,74.359745,-124.150353,74.359745,326.796853,720.15336,1.0,3.483831,1.13252,0.519693,3.0,148.0,287.3815286381705,0.3990560130666758,0.011357152333064028
48946.0,0.811255,0.567711,0.139887,-0.501709,0.553041,0.665157,0.300254,-0.609795,0.733483,-93.246697,33.128004,-755.022073,3.594149,3.594576,3.595168,90.009886,89.993495,90.046646,118.843046,0.052005,0.059748,72.022145,0.956522,-496.571058,-15.434124,127.423484,-15.434124,121.737564,-103.320558,127.423484,-103.320558,283.440043,-348.408266,-86.357603,223.120485,-86.357603,138.131442,-160.578935,223.120485,-160.578935,332.528956,622.384135,1.0,2.934307,0.747364,2.684055,3.0,132.0,656.7822136742116,1.0552682447058384,0.013280942965528173
50187.0,-0.094609,0.925552,0.36661,-0.957626,0.016018,-0.28757,-0.272033,-0.378282,0.884817,485.846395,461.952287,-798.12542,3.601408,3.600855,3.595799,89.94132,90.065203,90.150737,243.085947,0.076589,0.083763,99.551873,0.985507,2131.378712,1382.523064,285.754571,1382.523064,1443.886754,426.995676,285.754571,426.995676,270.810541,68.530302,-49.583757,-37.014584,-49.583757,-139.397166,10.159184,-37.014584,10.159184,604.033488,378.276067,1.0,0.905639,0.484696,3.765041,3.0,136.0,666.5524688955927,1.7620794098390389,0.009899432027763054
48692.0,-0.4095,0.155566,-0.898949,0.310431,0.950316,0.023044,0.857871,-0.269625,-0.437447,-205.346328,-176.806569,-898.400969,3.596274,3.59455,3.593547,90.003737,89.960039,90.037071,123.753882,0.07282,0.062917,77.334624,1.0,109.305455,-17.736647,-569.119743,-17.736647,-194.319131,-133.049643,-569.119743,-133.049643,126.496103,-529.450442,71.907499,-302.541692,71.907499,-22.159653,-38.911067,-302.541692,-38.911067,482.963231,579.476001,1.0,4.68676,2.023554,1.875317,3.0,148.0,917.823204718827,1.58388475646091,0.01293081867185389
50478.0,0.341821,0.403539,-0.848713,0.437047,0.731245,0.523708,0.831955,-0.549942,0.07359,139.365163,252.056018,-922.371666,3.595168,3.594899,3.594922,90.003166,89.984522,89.961177,103.630064,0.052885,0.05848,90.31113,0.992958,91.511805,138.221798,-34.863378,138.221798,317.517896,221.665401,-34.863378,221.665401,-195.383999,118.874254,-12.397769,-165.447464,-12.397769,20.978627,112.355049,-165.447464,112.355049,197.342155,456.583265,1.0,4.159519,1.49714,2.154882,3.0,140.0,231.37652956347722,0.5067564829899694,0.010994857444481095
50655.0,-0.492593,0.206246,0.845467,-0.834957,0.161893,-0.525963,-0.245353,-0.965015,0.092459,-88.216091,39.377651,-967.934704,3.596256,3.596938,3.596086,90.062555,90.043851,90.003394,104.901392,0.071208,0.063507,87.642429,1.0,530.445019,190.248188,477.978097,190.248188,178.253141,-355.606684,477.978097,-355.606684,697.926596,164.835555,231.92222,48.252373,231.92222,-40.236752,-180.559371,48.252373,-180.559371,561.146207,466.457742,1.0,1.014287,1.478205,3.390565,3.0,143.0,589.0055553605695,1.2627200758532366,0.01140999868910525
49971.0,0.093378,-0.817797,0.567881,-0.340728,0.509685,0.790016,-0.935513,-0.267263,-0.231053,-231.387657,145.062577,-976.697525,3.595206,3.595824,3.594524,89.991385,89.967507,89.952704,118.401255,0.080896,0.073305,75.549166,0.992958,80.551014,-82.830937,213.973022,-82.830937,-179.6497,-360.114788,213.973022,-360.114788,469.741052,-137.601631,-24.148949,146.883517,-24.148949,-93.363819,-257.340991,146.883517,-257.340991,306.871882,578.742863,1.0,2.518346,1.803956,4.434116,3.0,141.0,496.1228635900103,0.8572423010424411,0.013143202666194885
48697.0,0.439967,-0.494233,0.749775,-0.10986,0.799032,0.591168,-0.891269,-0.342465,0.297251,332.357656,372.448365,-648.501299,3.595969,3.594436,3.591283,90.072518,89.972123,89.96822,134.970305,0.054214,0.057767,74.48204,0.972222,13.442829,-447.225341,-157.587756,-447.225341,-1064.647101,-457.839478,-157.587756,-457.839478,345.8153,-80.524019,-111.917955,57.47328,-111.917955,-101.102379,-35.454255,57.47328,-35.454255,445.522138,489.160209,1.0,2.238461,1.268984,4.345539,3.0,139.0,548.4410209515056,1.1211889496749838,0.013053106493860803
49559.0,0.287174,0.832867,0.473143,-0.477674,-0.30363,0.8244,0.830276,-0.462754,0.310645,-361.072124,53.70825,-643.464299,3.595161,3.595743,3.595333,89.995574,90.000693,89.981054,100.404071,0.054779,0.05517,89.116466,1.0,347.914423,-81.574873,35.658502,-81.574873,197.868904,8.198448,35.658502,8.198448,15.068644,251.982425,-19.214167,85.084573,-19.214167,112.027661,106.54234,85.084573,106.54234,363.459024,548.485431,1.0,2.620568,1.254925,2.079265,3.0,142.0,248.6683100780013,0.4533726805188401,0.011221270825528472
49711.0,-0.089795,0.544737,-0.833785,0.748661,0.589036,0.304207,0.656843,-0.596906,-0.460717,-52.974006,-384.790826,-833.443388,3.597915,3.59469,3.594773,89.995846,90.00713,89.999674,67.647396,0.049943,0.044625,173.026435,1.0,-33.109051,-36.44623,-2.29783,-36.44623,478.130993,430.379124,-2.29783,430.379124,433.398931,44.089354,-11.569545,45.26806,-11.569545,145.627015,26.505733,45.26806,26.505733,382.997553,178.899348,1.0,4.362546,2.049599,2.308425,3.0,142.0,304.82933300905506,1.7039152820671826,0.0057794636987117025
50245.0,-0.105929,0.757558,0.644116,-0.748095,-0.487452,0.450273,0.655083,-0.434163,0.61836,-273.897289,-318.9481,-956.355733,3.594788,3.5952,3.596365,89.969538,89.984367,90.02676,47.417171,0.069979,0.054533,151.520062,1.0,539.400582,140.256927,109.241786,140.256927,-249.529907,-9.844334,109.241786,-9.844334,303.296778,111.856634,-25.648326,-33.048613,-25.648326,110.942917,-16.191607,-33.048613,-16.191607,248.617638,133.449013,1.0,2.180888,0.904142,2.156089,3.0,140.0,142.61321690831235,1.0686719497004624,0.006599786106212127
51130.0,0.271795,0.48893,-0.8289,0.04966,0.853051,0.519459,0.961073,-0.182349,0.207574,29.782212,-369.077068,-986.171315,3.598445,3.593691,3.59256,90.016074,89.958237,89.9614,135.492568,0.06272,0.062387,91.15422,1.0,-371.421446,339.662292,235.726829,339.662292,-450.426701,477.016801,235.726829,477.016801,953.528357,11.979192,128.199728,53.166583,128.199728,154.243627,36.500842,53.166583,36.500842,344.862463,394.945315,1.0,4.15258,1.361702,1.758303,3.0,144.0,314.86285357782504,0.7972315194518134,0.010970419142416006
51221.0,-0.078233,0.523683,-0.848314,-0.147529,0.835471,0.529361,0.985959,0.166564,0.011897,217.130696,376.066304,-653.885505,3.59594,3.599087,3.595157,90.047853,90.004596,90.006053,103.85696,0.069609,0.058645,96.206086,1.0,787.44581,665.337528,141.983408,665.337528,533.031469,16.260309,141.983408,16.260309,338.108211,-60.34682,121.247185,-21.345527,121.247185,287.592011,-19.571314,-21.345527,-19.571314,403.783895,383.825297,1.0,4.154498,1.558899,1.40344,3.0,144.0,432.02350990371747,1.125573309733458,0.010394352806328697
50351.0,-0.187816,0.596897,0.780025,-0.765809,0.408288,-0.496827,-0.615029,-0.690663,0.380426,-165.354051,-395.222953,-934.7600649999999,3.595212,3.598704,3.594671,89.900748,90.007741,90.010708,155.744555,0.103638,0.085652,76.12416,0.957746,1233.482841,397.564714,-655.331092,397.564714,-88.955177,160.265721,-655.331092,160.265721,68.861694,47.671926,-41.212976,24.544274,-41.212976,-250.263088,1.328557,24.544274,1.328557,246.614567,613.913205,1.0,1.003659,1.18054,3.86913,3.0,136.0,435.13497605601236,0.7087890804629499,0.01258136707189938
51159.0,-0.259523,-0.922502,0.285723,-0.261167,0.351878,0.898874,-0.929752,0.158657,-0.332247,496.8122,-159.466977,-813.451383,3.595954,3.590491,3.593781,90.040325,89.984171,89.974844,129.548949,0.060607,0.058305,68.587383,0.945946,-735.207938,584.579468,310.774557,584.579468,-666.579483,-97.837637,310.774557,-97.837637,290.230441,-217.376391,45.842892,180.928852,45.842892,-180.323536,-40.46904,180.928852,-40.46904,443.995056,518.218021,1.0,2.833825,1.909482,4.881405,3.0,140.0,664.5564891093202,1.2823878409842489,0.013791836903880703
48707.0,0.904884,0.370394,0.209745,-0.344265,0.347044,0.872377,0.250332,-0.861608,0.441548,-218.991539,380.295936,-952.466174,3.592043,3.595075,3.592846,90.006626,89.929613,89.924531,166.584055,0.065823,0.072109,74.69267,0.861111,39.187896,689.839461,-422.507566,689.839461,-1039.864851,161.705604,-422.507566,161.705604,-184.897888,-32.932258,85.994524,-121.580333,85.994524,-306.763134,-210.158072,-121.580333,-210.158072,274.284155,687.032859,1.0,2.905642,1.113473,2.858836,3.0,124.0,550.6796261246031,0.8015331711006316,0.011528721626901273
48708.0,0.618399,0.557693,-0.553679,-0.202654,0.793887,0.573301,0.759285,-0.242324,0.603958,-330.412633,206.526004,-991.001633,3.593543,3.595869,3.594709,90.009504,89.942603,89.96518,140.251825,0.067817,0.071804,72.315208,0.971831,-114.648219,542.125833,-175.610954,542.125833,-108.244058,314.376668,-175.610954,314.376668,194.626082,567.953666,280.686508,187.437833,280.686508,62.217849,72.862712,187.437833,72.862712,338.78552,649.000287,1.0,3.909581,0.922339,1.879726,3.0,138.0,530.8562329386114,0.8179599355687364,0.01343881912086874
49200.0,-0.38547,-0.599337,-0.701576,0.604133,0.41078,-0.68285,0.69745,-0.687063,0.203736,200.740045,-148.292169,-869.874768,3.594443,3.595551,3.593996,90.006035,89.959577,90.01744,127.262552,0.060371,0.059592,69.107583,0.821429,43.018159,-119.323834,-51.183217,-119.323834,-425.678253,-203.893334,-51.183217,-203.893334,318.44169,-175.76723,-125.149396,-77.105834,-125.149396,-298.25579,-27.589319,-77.105834,-27.589319,463.956531,698.110506,1.0,5.484262,1.365624,2.348692,3.0,115.0,720.6839935857435,1.0323351208608562,0.01188623540776994
49144.0,0.455238,0.872667,-0.176664,-0.34124,0.35427,0.87066,0.822383,-0.336073,0.459066,-245.436226,210.457374,-858.865925,3.597667,3.595178,3.591851,90.027932,89.992769,89.962712,154.574382,0.094976,0.080304,71.68506,0.863014,560.026777,-150.858979,410.090035,-150.858979,-765.748522,-364.861526,410.090035,-364.861526,337.84627,556.976088,-35.338283,94.633073,-35.338283,-257.601359,-105.826044,94.633073,-105.826044,138.016478,721.704774,1.0,3.341783,1.093853,1.958743,3.0,126.0,716.827068208993,0.9932414112158733,0.012038965999330962
50386.0,0.467999,-0.599724,-0.649082,0.870898,0.43769,0.223525,0.150044,-0.669894,0.727137,399.794522,209.011493,-996.226259,3.592173,3.594561,3.591646,90.043874,89.918589,90.011809,172.798931,0.06484,0.071041,60.860626,0.854167,-1209.17275,-287.902028,550.154149,-287.902028,-471.640038,243.238028,550.154149,243.238028,54.812649,-134.95401,-187.138604,147.254159,-187.138604,-416.326292,-136.937789,147.254159,-136.937789,456.168027,799.943094,1.0,4.380738,0.756653,2.921248,3.0,123.0,807.1638198505005,1.0090265493941506,0.014034804702797502
49633.0,0.20089,-0.886698,0.416424,-0.313133,0.344665,0.88496,-0.928219,-0.308176,-0.208415,368.064084,277.233178,-790.86738,3.595719,3.596063,3.595458,90.030219,89.980091,90.011023,191.549364,0.073762,0.083362,62.631677,0.8,592.96558,88.097791,-130.124166,88.097791,-9.658742,-15.786014,-130.124166,-15.786014,256.629229,389.710159,158.346953,-21.333681,158.346953,-357.385241,320.118976,-21.333681,320.118976,277.943727,806.039858,1.0,2.701775,1.780751,4.391832,3.0,112.0,763.6405348723113,0.9473979819895101,0.01277308924683591
49053.0,0.676026,-0.544095,0.49694,-0.489821,0.172018,0.854684,-0.550512,-0.821201,-0.150221,37.890253,-199.546129,-875.249489,3.595495,3.595241,3.594424,89.992437,89.99911,90.002013,113.355335,0.066144,0.060858,69.897007,0.972973,97.990401,-149.195854,-29.317219,-149.195854,6.086293,-8.244018,-29.317219,-8.244018,157.363805,-64.888328,101.52351,117.425074,101.52351,205.189011,78.466255,117.425074,78.466255,310.132194,582.929376,1.0,2.614939,1.721588,3.732158,3.0,144.0,367.40588523536934,0.6302751248469751,0.013920095319675132
50961.0,-0.687129,0.540753,0.485221,-0.672421,-0.726252,-0.142857,0.275142,-0.424434,0.862643,513.24941,-399.055273,-738.397955,3.597173,3.589667,3.594922,90.114613,90.035811,90.001492,190.395314,0.067056,0.067376,82.568543,0.958333,-387.238803,1362.722295,95.000855,1362.722295,-719.010311,190.653296,95.000855,190.653296,420.48407,176.324175,12.753762,-15.883029,12.753762,4.671633,4.06687,-15.883029,4.06687,701.750409,487.725365,1.0,1.28447,0.530325,2.566444,3.0,136.0,629.3263641508233,1.2903293724549745,0.011606514602056136
50468.0,0.537018,-0.671022,-0.511215,0.841719,0.386104,0.377404,-0.055865,-0.632972,0.772157,-314.429245,-171.70999,-935.755667,3.599928,3.595736,3.594114,90.006587,89.977286,90.066324,155.795678,0.058063,0.065864,79.764897,0.985507,764.49977,801.786111,417.66316,801.786111,771.109868,256.39594,417.66316,256.39594,9.702564,-207.0981,86.386385,-90.388554,86.386385,277.207029,56.394658,-90.388554,56.394658,161.946635,443.997499,1.0,4.076451,0.688568,3.229622,3.0,136.0,454.009920772518,1.0225506265126911,0.012355146650537266
49838.0,0.191872,0.773611,-0.603913,-0.745989,0.51481,0.422459,0.637719,0.369454,0.675883,-374.045544,-88.238336,-728.274841,3.594495,3.596867,3.594207,90.008363,89.938137,90.042962,144.000035,0.072821,0.071996,69.972988,0.840278,129.372857,748.451354,-150.05476,748.451354,7.815852,-80.258896,-150.05476,-80.258896,237.215731,-84.855234,94.914476,172.449855,94.914476,234.848256,-67.777854,172.449855,-67.777854,-45.94252,614.836437,1.0,4.101975,0.828634,1.045709,3.0,121.0,351.83824573288604,0.5722469010614054,0.012008605377835229
49686.0,0.335881,0.589329,0.734762,-0.821083,-0.199038,0.534983,0.461526,-0.782991,0.417035,384.907698,425.515249,-951.089644,3.59595,3.594699,3.593509,90.027735,89.975094,89.968251,117.550996,0.062042,0.059084,81.513892,0.985915,-143.349635,-511.687203,138.941066,-511.687203,79.484068,47.884817,138.941066,47.884817,46.486716,198.209491,-85.562337,89.821518,-85.562337,-96.034472,54.78216,89.821518,54.78216,435.520344,531.568786,1.0,2.200135,1.140616,2.608974,3.0,140.0,475.9366179549616,0.8953434258928845,0.012095054914075259
51058.0,-0.762056,0.416901,0.495443,-0.63446,-0.327915,-0.699952,-0.129348,-0.847741,0.514397,190.768013,-29.676833,-905.43829,3.595735,3.595982,3.594356,89.981795,90.019656,90.024062,127.314156,0.069261,0.068949,88.417426,0.923611,523.138303,16.870318,-200.743984,16.870318,-70.593965,143.264951,-200.743984,143.264951,62.778076,111.811006,-16.922369,99.955916,-16.922369,-33.310239,19.361427,99.955916,19.361427,269.083437,634.116149,1.0,0.615958,1.030492,3.293004,3.0,133.0,276.7809182774023,0.43648299875958896,0.010446029044093638
50431.0,-0.250508,0.566095,0.785355,-0.760303,0.387155,-0.521584,-0.59932,-0.727769,0.333418,348.300678,112.827711,-952.642797,3.594894,3.595785,3.59528,89.981863,90.005621,89.998875,77.044402,0.058441,0.057798,111.065978,1.0,345.698418,29.414588,-108.967677,29.414588,0.461335,-7.735348,-108.967677,-7.735348,137.31175,-184.783543,-51.039221,5.997383,-51.039221,-142.524446,-77.623418,5.997383,-77.623418,559.332541,453.68011,1.0,0.984546,1.23087,3.830502,3.0,142.0,728.387725220976,1.605509497035204,0.009003657267574775
50283.0,0.383103,-0.219329,-0.897289,0.923228,0.122154,0.364319,0.029701,-0.967974,0.249288,354.939689,185.87953,-726.444237,3.593028,3.595963,3.594933,90.03409,89.992151,89.994581,100.85122,0.065665,0.059736,90.432913,1.0,-182.491324,-193.186646,-200.580739,-193.186646,-363.419593,21.894808,-200.580739,21.894808,463.365675,110.593175,7.529764,0.995579,7.529764,-158.018642,71.308833,0.995579,71.308833,546.396481,460.548044,1.0,4.326702,1.318851,3.110918,3.0,146.0,618.8664850129511,1.3437609671249653,0.011057920914258286
51143.0,-0.460376,0.815075,0.351718,-0.385914,-0.540564,0.74757,0.799452,0.208431,0.563412,135.120644,83.495985,-772.265255,3.595201,3.595419,3.594711,90.007437,89.979834,90.021835,82.001001,0.0591,0.054099,95.550385,1.0,200.473051,-161.795638,-153.258015,-161.795638,-58.832398,110.021644,-153.258015,110.021644,167.308163,116.647577,-195.992767,-204.576391,-195.992767,63.936558,166.681075,-204.576391,166.681075,219.741737,473.83505,1.0,2.701837,0.972286,1.315757,3.0,140.0,316.03241843553894,0.6669671617486695,0.010465682582022039
50481.0,0.264838,-0.915671,0.302337,0.292082,0.374978,0.879818,-0.918993,-0.144702,0.366759,-222.244257,58.83913,-850.22746,3.597088,3.594207,3.594987,90.001145,89.978778,90.010558,98.833951,0.061709,0.056935,95.279523,0.993056,7.590777,201.719282,-274.747606,201.719282,156.519092,-239.501201,-274.747606,-239.501201,409.354522,396.917216,-33.573135,-131.587141,-33.573135,-53.453399,-8.519627,-131.587141,-8.519627,485.04402,492.974299,1.0,2.810599,1.195273,4.556214,3.0,143.0,513.9804798726047,1.042611107547018,0.010422554277481007
50276.0,0.378947,-0.830573,-0.408103,0.925229,0.331118,0.185237,-0.018722,-0.447783,0.893946,462.972294,292.941674,-794.463289,3.597376,3.59568,3.594989,90.039305,90.009755,90.019302,150.818838,0.072764,0.073875,77.210193,0.957746,197.018103,413.691318,255.208486,413.691318,484.026596,-112.319048,255.208486,-112.319048,382.787602,140.924363,132.155808,-57.067526,132.155808,-123.858669,-201.056442,-57.067526,-201.056442,553.868102,729.656895,1.0,4.286299,0.464722,3.183379,3.0,136.0,629.1520051692155,0.862257328726011,0.012404398471067155
49956.0,0.08879,-0.855631,0.509914,0.824498,0.350369,0.444347,-0.558855,0.380969,0.736575,-395.177418,327.639218,-734.143455,3.596072,3.591841,3.595297,90.022684,89.983745,90.002466,143.046444,0.068547,0.066539,87.384693,0.951389,-358.431272,423.608519,346.809759,423.608519,213.424866,-263.705737,346.809759,-263.705737,-135.91282,135.187361,7.831828,212.807568,7.831828,104.009184,27.815958,212.807568,27.815958,124.265524,737.65222,1.0,2.287593,0.742803,5.310724,3.0,137.0,187.99584254143022,0.2548570145175327,0.010887364449515203
50050.0,0.074671,-0.906299,0.415988,-0.284947,0.380369,0.879844,-0.955631,-0.184233,-0.229844,345.585521,-366.905678,-910.397375,3.598364,3.593871,3.5951,89.99274,90.070606,90.006062,125.183568,0.069402,0.062476,127.620688,0.992857,-254.611973,75.506689,97.201585,75.506689,487.420774,749.882874,97.201585,749.882874,632.969856,-71.944806,-8.971999,63.963955,-8.971999,-19.866916,34.693109,63.963955,34.693109,584.667967,701.242036,1.0,2.699942,1.802714,4.521938,3.0,139.0,635.3652922663863,0.9060570525557973,0.007779749628054035
50131.0,-0.015687,0.685459,0.727942,-0.75702,-0.483753,0.439207,0.653203,-0.544177,0.526495,191.881782,173.100539,-692.824281,3.594413,3.59513,3.592488,89.953853,89.986133,90.009479,142.972545,0.06842,0.067727,65.157018,0.84058,119.867419,-282.988658,-274.951909,-282.988658,-459.880204,-291.67513,-274.951909,-291.67513,-269.063692,202.179959,-101.10594,-76.212349,-101.10594,-283.997557,-125.459433,-76.212349,-125.459433,75.855294,887.549081,1.0,2.113679,1.016324,2.265391,3.0,116.0,463.39873558427786,0.5221105463397779,0.01290083594678934
48747.0,-0.797296,0.247255,-0.550622,0.54083,0.697689,-0.469823,0.267997,-0.672381,-0.689987,108.491018,361.846326,-972.509523,3.59479,3.597309,3.594533,89.962299,89.980705,89.987192,131.794174,0.05769,0.061991,82.455363,0.992754,49.058489,-96.582332,57.164839,-96.582332,121.848017,-510.075264,57.164839,-510.075264,499.432657,-114.731358,184.3374,-22.33017,184.3374,-104.629377,-128.020396,-22.33017,-128.020396,455.877566,717.782176,1.0,5.418771,2.332267,2.762312,3.0,137.0,598.4007145317617,0.8336800975840358,0.012039896058671161
50659.0,-0.407096,0.396047,0.823055,-0.71347,0.424741,-0.557275,-0.570292,-0.81409,0.109657,468.567121,193.081947,-892.19223,3.594706,3.597358,3.594196,89.974042,90.010847,90.000799,90.740425,0.072743,0.060408,80.024112,1.0,223.478482,255.668737,-344.764552,255.668737,-98.927052,-158.010978,-344.764552,-158.010978,442.558889,-40.521489,83.008179,-55.019363,83.008179,-187.48303,-68.800435,-55.019363,-68.800435,513.744237,546.513663,1.0,0.975618,1.460918,3.752672,3.0,144.0,649.0394254006098,1.187599632619999,0.012496233635182355
49008.0,0.784749,0.609306,-0.113644,-0.5343,0.757944,0.374226,0.314154,-0.232953,0.920348,299.619973,61.944733,-786.515204,3.596912,3.596293,3.5967,90.017336,89.997273,89.908028,112.805561,0.068261,0.066811,96.932848,0.992647,1323.433,126.631368,-35.309243,126.631368,-249.232125,200.235667,-35.309243,200.235667,505.95879,112.247372,99.80528,-10.092996,99.80528,-81.15202,122.395101,-10.092996,122.395101,470.063154,462.887565,1.0,3.43642,0.401827,2.208851,3.0,135.0,503.407842395951,1.087538055587972,0.010240563652890916
50101.0,0.197151,-0.717727,-0.667832,0.811199,0.50196,-0.299987,0.550534,-0.482602,0.681181,245.216225,351.292461,-836.146955,3.597678,3.593997,3.594716,90.030463,90.019695,89.964355,149.801025,0.080531,0.073655,72.173138,0.972603,-375.372156,188.702421,-48.09184,188.702421,902.171926,184.563616,-48.09184,184.563616,76.722648,110.158467,-19.047577,-229.646605,-19.047577,-59.811272,-1.721603,-229.646605,-1.721603,469.213281,699.65887,1.0,5.134574,0.821421,2.290536,3.0,142.0,508.5922016954656,0.7269145343579587,0.013475969411223329
50695.0,-0.508542,-0.247658,0.824652,-0.79421,0.50486,-0.338151,-0.332588,-0.826911,-0.453435,-214.007594,39.532605,-978.987612,3.59519,3.595782,3.593861,89.968609,90.016987,90.015294,132.524528,0.065982,0.065441,64.177533,0.923611,-137.399495,299.175973,-44.699521,299.175973,58.623458,-246.824657,-44.699521,-246.824657,249.107976,-240.059231,305.397404,231.708788,305.397404,1.085659,-85.315339,231.708788,-85.315339,800.93535,671.731503,1.0,1.181654,2.041412,3.523999,3.0,133.0,1003.2280323161461,1.4934955824397984,0.014391500527139302
50560.0,-0.430256,0.235821,0.87136,-0.88923,-0.276896,-0.364142,0.155403,-0.931513,0.328835,-159.999384,-215.309742,-755.795685,3.593995,3.595832,3.594401,90.027481,90.013507,89.982101,124.860005,0.069403,0.064781,80.975988,0.958904,-135.040497,67.950598,165.241208,67.950598,-201.035448,222.479761,165.241208,222.479761,338.019553,225.241365,189.95295,-81.737566,189.95295,-314.059905,66.429636,-81.737566,66.429636,406.035999,535.294236,1.0,1.174954,1.235726,2.976286,3.0,140.0,675.5866874935382,1.2620847415467749,0.01184183143279462
49663.0,-0.160177,-0.864134,-0.477091,0.854638,-0.363249,0.371003,-0.493899,-0.348314,0.796706,14.601931,485.277339,-637.524796,3.59371,3.59483,3.59349,90.049351,90.080593,90.02286,132.205671,0.059058,0.058385,69.754938,0.979452,-585.974599,636.712152,169.339335,636.712152,-460.292412,-124.180157,169.339335,-124.180157,435.632942,-338.955726,105.091432,-26.610015,105.091432,10.152894,67.805676,-26.610015,67.805676,518.159971,526.072061,1.0,4.051434,0.64897,4.09816,3.0,143.0,754.6920578613757,1.434579240773206,0.014041328514979112
51235.0,0.84381,-0.057685,-0.533533,0.314508,0.858726,0.404566,0.434821,-0.509177,0.742744,-166.83783,-397.145069,-951.02648,3.592149,3.592399,3.596471,90.028728,90.042809,90.052843,162.16729,0.096376,0.08403,72.55579,0.965753,-13.225503,-533.020008,-469.794185,-533.020008,-990.995775,-28.48848,-469.794185,-28.48848,112.893034,46.71565,-100.361085,-244.005247,-100.361085,-302.89472,163.026702,-244.005247,163.026702,356.042887,668.32662,1.0,4.063611,0.733637,2.434799,3.0,141.0,631.0279076819166,0.9441908922944242,0.013310488384179952
49569.0,-0.198586,-0.703849,-0.682026,0.805238,0.279526,-0.522932,0.558709,-0.65304,0.511256,198.172312,488.274434,-832.085342,3.592974,3.594789,3.595548,89.993383,89.962348,90.038347,94.194783,0.061524,0.05511,112.271808,1.0,142.892115,228.292305,-82.952182,228.292305,-700.318493,-92.966492,-82.952182,-92.966492,304.294443,-266.973956,39.358481,-184.712501,39.358481,66.931978,30.031748,-184.712501,30.031748,324.060507,671.403463,1.0,5.366513,1.034151,2.433885,3.0,146.0,539.344298917756,0.803308783228239,0.008906955519946736
50723.0,-0.561413,0.425074,0.710019,-0.826705,-0.249656,-0.504213,-0.037067,-0.870048,0.491571,-245.327698,171.792341,-687.193518,3.595862,3.596214,3.596543,89.988433,90.021264,90.016411,88.948209,0.056868,0.056347,100.653841,1.0,702.51511,-31.116224,-22.932985,-31.116224,177.826313,-26.172663,-22.932985,-26.172663,343.050778,627.638539,158.330134,161.629211,158.330134,47.812603,-37.441832,161.629211,-37.441832,305.044282,537.497744,1.0,0.953298,1.056903,3.184171,3.0,146.0,540.9828062588969,1.0064838639748726,0.009935040630987942
50181.0,0.282702,-0.501089,-0.817918,0.938788,-0.030468,0.343145,-0.196866,-0.864859,0.461803,335.654106,107.458117,-954.574067,3.594973,3.59692,3.599518,89.931374,90.059589,90.051306,121.516716,0.074805,0.070134,114.341494,1.0,1904.665501,128.123498,-44.254796,128.123498,-108.721905,198.533671,-44.254796,198.533671,202.58035,76.199805,42.973214,125.177779,42.973214,118.59286,44.690515,125.177779,44.690515,395.177272,213.348822,1.0,4.315157,1.090769,3.365407,3.0,146.0,323.50645738462214,1.5163264289531542,0.008745731448987364
50098.0,0.059745,-0.903761,0.423847,-0.309174,0.386972,0.868714,-0.949127,-0.182944,-0.2563,-66.266428,152.295063,-918.262173,3.595504,3.593282,3.595384,90.012289,89.986129,90.010997,176.229715,0.098064,0.09816,70.887475,0.802817,-199.816641,231.857982,-246.916743,231.857982,-19.451777,18.458797,-246.916743,18.458797,205.129073,390.443598,46.823598,-54.371985,46.823598,-194.299511,-83.420941,-54.371985,-83.420941,256.25137,1000.676742,1.0,2.68767,1.829988,4.521975,3.0,114.0,539.022206021335,0.5386576737498862,0.01132523058551599
50748.0,-0.561761,0.669941,0.48539,-0.791964,-0.26584,-0.549656,-0.2392,-0.693187,0.679908,-334.455317,34.394325,-713.441559,3.596191,3.594852,3.594352,90.025178,89.984574,90.044429,157.494545,0.070737,0.07906,71.128164,0.866197,191.327913,449.64723,-177.865591,449.64723,112.330172,-213.953139,-177.865591,-213.953139,22.789874,-37.888732,-45.815488,-4.64092,-45.815488,142.819408,108.817246,-4.64092,108.817246,388.340455,682.405903,1.0,0.723388,0.823159,3.473872,3.0,123.0,384.4151540926427,0.5633233130057533,0.01217797495799273
48963.0,0.458003,0.406712,-0.790454,-0.239299,0.912784,0.331,0.856136,0.037555,0.515384,435.22443,146.002526,-785.974331,3.59706,3.59497,3.597255,90.040975,89.989698,89.997886,116.660512,0.061138,0.05934,80.506673,0.992958,754.822299,16.270553,-128.234579,16.270553,-71.777751,-154.644579,-128.234579,-154.644579,725.780536,121.114568,-13.301679,-15.411938,-13.301679,108.012015,-138.691501,-15.411938,-138.691501,723.688322,607.961193,1.0,4.315827,1.029341,1.526958,3.0,141.0,621.2080220530319,1.0217889385137644,0.012333859579565534
49913.0,0.104497,0.409934,-0.906109,-0.131589,0.908786,0.39597,0.985781,0.077857,0.148908,-296.988708,-128.145417,-810.59588,3.596482,3.594439,3.594587,89.987651,89.975985,89.996921,101.011033,0.055674,0.052891,100.494269,0.993056,-161.115349,-59.096016,-121.013336,-59.096016,-18.164068,48.127557,-121.013336,48.127557,537.569133,-123.269541,-57.147953,143.431491,-57.147953,130.914566,-72.478066,143.431491,-72.478066,422.326786,524.128571,1.0,4.300398,1.421332,1.49198,3.0,143.0,495.4005051688569,0.9451888955865696,0.009881717732580352
48775.0,-0.631422,0.15612,-0.759561,0.469103,0.856862,-0.213845,0.617454,-0.491338,-0.614278,96.065758,-265.657318,-897.699498,3.597684,3.594135,3.595483,89.96461,90.008436,89.970468,99.373271,0.07228,0.062075,95.434058,1.0,246.870906,-547.13857,-13.345261,-547.13857,174.985644,313.142776,-13.345261,313.142776,435.297059,250.360957,-125.00944,-176.308767,-125.00944,5.381893,56.635583,-176.308767,56.635583,292.358009,535.883742,1.0,4.986823,2.232267,2.24294,3.0,140.0,330.9179515660475,0.6175181772281637,0.010478439468643365
51107.0,-0.5303,0.299999,0.792958,-0.445275,0.697365,-0.561616,-0.721465,-0.650909,-0.236231,280.879591,-391.080388,-868.364841,3.594825,3.59472,3.588544,89.971176,89.958783,89.972646,165.767081,0.067344,0.07359,74.439078,0.927536,-1336.457569,728.710357,55.267011,728.710357,-707.044158,-35.379569,55.267011,-35.379569,337.594409,-263.789275,-115.451341,-115.700501,-115.451341,-398.78049,141.216914,-115.700501,141.216914,585.607628,629.476239,1.0,0.954552,1.809281,3.978357,3.0,128.0,943.0547296201314,1.498157787684392,0.012460337028892272
50589.0,-0.453692,0.858164,0.240245,-0.87661,-0.381247,-0.293608,-0.160371,-0.343809,0.925244,473.975409,-267.775614,-692.222485,3.59416,3.593361,3.595292,90.058842,90.035617,90.034685,71.753998,0.066695,0.052329,121.409142,0.993056,-215.355604,426.446112,-92.5988,426.446112,-644.271149,142.048253,-92.5988,142.048253,467.208615,-101.335815,-12.216846,43.461935,-12.216846,-181.370859,-35.052789,43.461935,-35.052789,537.446176,208.239983,1.0,0.685771,0.389118,3.578045,3.0,143.0,684.1221761518234,3.285258509418066,0.00817941699975114
50379.0,0.441159,0.003366,-0.897423,0.814355,0.418696,0.401894,0.3771,-0.90812,0.18197,252.479454,-391.091809,-787.438131,3.593488,3.596511,3.597748,89.973285,90.025363,90.021196,123.034756,0.073779,0.061828,84.141773,1.0,779.454624,-425.78263,125.028505,-425.78263,-201.85404,-259.197608,125.028505,-259.197608,403.415828,283.538287,33.858154,-77.039769,33.858154,-119.592778,83.889525,-77.039769,83.889525,447.649166,609.672009,1.0,4.29134,1.387807,2.748006,3.0,146.0,515.940349611254,0.846258876895977,0.011884703213943448
50201.0,-0.049977,0.688671,-0.723349,-0.680933,0.506336,0.529107,0.730639,0.518995,0.443634,468.602064,-356.241849,-744.054937,3.595467,3.597454,3.601155,90.071898,90.024955,89.973665,192.228141,0.092794,0.09105,67.669209,0.835714,1886.061693,-626.934316,-37.057141,-626.934316,448.911419,188.498879,-37.057141,188.498879,406.082562,-17.016252,164.870165,-133.726699,164.870165,428.392413,15.191432,-133.726699,15.191432,650.0548,667.987874,1.0,4.080854,1.111147,0.95317,3.0,117.0,616.6240963878108,0.9231067215268204,0.012349989195233536
50442.0,0.499267,-0.364288,-0.786147,0.817275,-0.103316,0.56691,-0.28774,-0.925538,0.246142,-143.238569,-226.221095,-943.602383,3.593359,3.592535,3.59428,90.003447,90.010564,89.897054,156.690116,0.066679,0.067192,68.258794,0.892857,-528.225932,-400.253585,-498.844766,-400.253585,-538.894755,-625.349713,-498.844766,-625.349713,-60.167595,-81.549886,76.476393,-43.446147,76.476393,-16.047441,-230.362849,-43.446147,-230.362849,172.192365,704.010484,1.0,4.087625,1.322099,3.44301,3.0,125.0,312.5018381295476,0.4438880460330582,0.013080468430192307
49857.0,0.169234,-0.643743,0.746294,-0.667014,0.482645,0.567579,-0.72557,-0.593843,-0.347706,-401.726741,-165.2456,-921.032458,3.595957,3.594807,3.593084,89.967181,89.983068,90.031723,62.111024,0.057601,0.04617,109.631726,1.0,-416.759258,-441.581974,-168.020391,-441.581974,229.821544,65.538882,-168.020391,65.538882,83.157877,-44.821274,-125.692716,-28.558126,-125.692716,338.965155,147.73202,-28.558126,147.73202,246.720914,235.072491,1.0,2.221002,1.925919,4.026499,3.0,144.0,386.3006168711868,1.6433254917572926,0.009121447198596509
49152.0,0.516997,0.714795,-0.470938,-0.410647,0.689837,0.596233,0.751055,-0.114861,0.650172,-380.347163,220.35152,-897.688386,3.594487,3.595593,3.594556,89.999365,89.957677,89.995503,58.400114,0.050209,0.044452,144.52879,1.0,-63.600713,334.717238,-16.149013,334.717238,-115.73941,74.22473,-16.149013,74.22473,294.640322,136.783498,-18.502021,21.919287,-18.502021,181.291558,17.827019,21.919287,17.827019,288.470247,150.824157,1.0,3.810118,0.862985,1.722553,3.0,142.0,138.18100882187116,0.9161729232928592,0.006919036684663312
49073.0,0.685518,0.48515,0.542858,-0.512933,0.850986,-0.112795,-0.516687,-0.201127,0.832215,-304.162469,-376.868359,-655.084888,3.594821,3.595742,3.595226,90.026211,90.022531,90.050079,97.382793,0.06133,0.060732,77.730425,0.972603,-441.875271,-70.440991,71.488513,-70.440991,612.034942,-2.182638,71.488513,-2.182638,265.57626,-110.737974,-48.209123,199.136485,-48.209123,95.763794,25.575026,199.136485,25.575026,313.466675,465.387424,1.0,1.365932,0.587705,4.341173,3.0,142.0,408.61804937267925,0.8780169559817741,0.012512513600691107
49723.0,-0.057778,-0.698868,0.712913,0.644702,0.519116,0.561139,-0.762247,0.492038,0.420569,-148.468045,300.411604,-739.357369,3.594083,3.592705,3.594138,90.059981,90.046264,90.051852,164.825992,0.068864,0.067892,73.775499,0.894366,155.587402,202.143422,107.60987,202.143422,-1181.611409,-253.900654,107.60987,-253.900654,108.549898,-38.760025,-139.538768,32.623229,-139.538768,-161.334643,-5.244556,32.623229,-5.244556,353.633579,670.276335,1.0,2.237627,1.136724,5.285601,3.0,127.0,482.2000722870477,0.7194048888613197,0.012122805160558792
50765.0,0.615622,0.153958,-0.772856,0.546312,0.623427,0.559358,0.567937,-0.766574,0.299687,75.123184,-429.807354,-891.371168,3.59324,3.595703,3.594616,90.036107,89.976279,90.014783,108.291938,0.086201,0.072489,75.163337,0.956522,-318.798523,-51.444985,-373.917655,-51.444985,-212.487142,-78.991028,-373.917655,-78.991028,346.929193,-445.299801,-31.392831,-39.29379,-31.392831,-121.393868,-179.554011,-39.29379,-179.554011,269.43049,550.144369,1.0,4.085897,1.266432,2.503956,3.0,132.0,640.5668790481903,1.164361420644097,0.012725911836511464
48789.0,-0.579002,-0.809167,-0.100024,0.450468,-0.419738,0.787971,-0.679584,0.41118,0.607533,478.967107,-192.334192,-836.333245,3.595361,3.593468,3.594796,89.98166,90.016986,90.03156,106.122062,0.065387,0.058603,77.18165,0.992857,-423.143969,-153.957481,55.643861,-153.957481,-124.571787,-63.922495,55.643861,-63.922495,381.859033,-84.692923,53.01777,30.570401,53.01777,-211.464481,41.865291,30.570401,41.865291,433.39788,559.378328,1.0,3.267856,0.917845,5.25651,3.0,139.0,595.2242336383865,1.0640816846919148,0.01286389964453986
48791.0,0.752611,0.293152,0.589609,-0.32809,0.943311,-0.050218,-0.570906,-0.155651,0.806126,407.596977,107.881013,-901.083254,3.592794,3.591394,3.594743,90.07145,90.033235,90.049565,146.294263,0.089542,0.07355,68.491559,0.89726,-1050.1865,-659.649394,230.480347,-659.649394,-569.933665,-164.058839,230.480347,-164.058839,147.620369,206.515234,88.123401,-12.689612,88.123401,-538.997921,-240.320424,-12.689612,-240.320424,347.182826,669.664774,1.0,1.48583,0.63322,4.44622,3.0,131.0,854.2290534284982,1.2756069702249238,0.013100300432641635
51185.0,-0.763846,-0.148703,0.628034,-0.53421,0.691715,-0.485952,-0.362158,-0.706695,-0.607803,362.180911,-376.171098,-642.402775,3.596556,3.59931,3.596879,90.054388,90.041101,89.946375,119.600889,0.07268,0.056672,95.738227,1.0,1096.502344,-570.153438,406.669651,-570.153438,679.986865,-431.557837,406.669651,-431.557837,593.98306,155.370428,93.804858,23.496522,93.804858,119.547501,-66.109013,23.496522,-66.109013,549.832946,364.708272,1.0,0.912256,2.224087,3.615164,3.0,146.0,425.80058929039296,1.1675100950010613,0.01044514851941012
51175.0,-0.743957,-0.315667,0.588967,-0.53379,0.810958,-0.239614,-0.401989,-0.492647,-0.771818,-164.469358,253.381963,-748.045522,3.595431,3.59497,3.594805,89.960785,90.001733,90.003819,94.424139,0.053811,0.052012,88.719868,0.992754,-10.623112,263.430867,21.758566,263.430867,-10.340163,-160.229418,21.758566,-160.229418,294.92819,119.089255,-185.933403,66.628906,-185.933403,149.367193,-19.413126,66.628906,-19.413126,494.410531,407.203618,1.0,1.18441,2.452492,3.826001,3.0,137.0,399.94936256762304,0.9821851891493337,0.011189759660147375
48897.0,-0.471044,-0.712341,0.520277,0.450174,0.313095,0.836251,-0.758591,0.628126,0.173196,-268.87023,-46.614281,-682.662066,3.595377,3.59447,3.595156,89.978177,89.993526,90.013078,112.778832,0.058463,0.055883,74.526967,0.985915,-212.955501,-8.513721,91.213444,-8.513721,219.465862,15.235658,91.213444,15.235658,211.172846,122.870489,120.638748,-123.166646,120.638748,152.549205,-35.196315,-123.166646,-35.196315,273.141066,578.790499,1.0,2.585042,1.396723,5.403981,3.0,140.0,205.4850792977181,0.3550249695749033,0.013228969857313528
48799.0,0.821213,-0.208356,0.531223,-0.374691,0.505236,0.777395,-0.430368,-0.837451,0.336837,-2.029914,44.017834,-704.566717,3.593529,3.596184,3.593434,90.027284,90.01017,89.992505,158.996108,0.076711,0.078255,69.326643,0.885714,-359.281813,-120.743054,203.484845,-120.743054,-324.446904,-157.654133,203.484845,-157.654133,385.27109,-203.134637,23.435651,129.611496,23.435651,-180.715042,-101.744473,129.611496,-101.744473,386.086362,770.118476,1.0,2.542138,1.22724,3.6163,3.0,124.0,596.0278167198628,0.7739430169441394,0.012775953971981594
50327.0,-0.179959,0.456414,0.871379,-0.788568,0.462606,-0.405162,-0.588027,-0.760054,0.276664,447.240653,-50.259891,-734.267232,3.594129,3.596304,3.598124,90.002881,90.010738,89.967926,120.157384,0.059914,0.061417,74.515888,0.956522,763.190955,-336.565667,87.346034,-336.565667,-112.797313,-258.563183,87.346034,-258.563183,555.705293,26.467341,-28.457433,39.348704,-28.457433,-58.674406,-134.44309,39.348704,-134.44309,573.946524,588.447479,1.0,1.135566,1.290476,3.800068,3.0,132.0,607.3884464026667,1.0321880339004166,0.012836483945544605
51187.0,-0.532789,0.836536,0.127846,-0.403993,-0.384177,0.830179,0.74359,0.390661,0.54264,-227.077335,42.857924,-685.551284,3.596691,3.597114,3.595717,90.008845,89.954325,90.012969,93.628363,0.07406,0.058726,96.266141,1.0,650.657338,-298.43203,-143.309289,-298.43203,119.995386,60.408834,-143.309289,60.408834,704.087495,383.346675,-73.024629,-143.736535,-73.024629,36.530031,-171.085181,-143.736535,-171.085181,627.460441,481.12935,1.0,2.988795,0.997219,1.087058,3.0,144.0,553.1575071384228,1.1497064295462807,0.010387868357577561
50675.0,-0.212378,0.563256,-0.798522,-0.437636,0.675807,0.593092,0.87371,0.475422,0.102975,281.14679,7.555494,-961.938306,3.595197,3.596355,3.597179,89.995855,89.956789,89.969504,92.024323,0.05378,0.052599,96.929689,1.0,612.620959,-165.470201,-137.903582,-165.470201,143.997507,430.255854,-137.903582,430.255854,498.045678,180.677396,59.982994,55.778918,59.982994,259.276585,280.368907,55.778918,280.368907,133.135705,420.66758,1.0,4.073552,1.467639,1.072462,3.0,136.0,275.97420478553397,0.6560386821003272,0.010316756509968788
50816.0,-0.593653,0.094177,0.799192,-0.752184,0.28802,-0.592675,-0.286,-0.952982,-0.100146,-177.190919,-93.921481,-719.2733479999999,3.594117,3.595975,3.594684,90.009218,90.007635,89.97666,85.377177,0.065438,0.059818,94.303746,1.0,-39.720337,-107.283173,124.043119,-107.283173,-195.212398,-62.737224,124.043119,-62.737224,389.450974,135.60911,60.557099,-122.721553,60.557099,-96.904645,-135.920753,-122.721553,-135.920753,404.583361,459.641387,1.0,0.932697,1.67111,3.43315,3.0,140.0,465.6733315781778,1.0131231537210938,0.010604032633019688
49018.0,0.334395,0.581886,-0.741342,-0.159568,0.810226,0.563978,0.928826,-0.070297,0.363786,246.698941,446.936665,-984.87609,3.596337,3.590503,3.594655,90.044383,89.979073,89.944374,185.105134,0.082963,0.082979,68.080242,0.821918,69.714797,-321.651808,237.851022,-321.651808,-1282.16883,354.022158,237.851022,354.022158,453.566447,-639.739635,-174.89199,278.128552,-174.89199,471.867293,183.971014,278.128552,183.971014,278.985325,752.114286,1.0,4.062041,1.198467,1.646336,3.0,120.0,1079.261557380346,1.4349701600806264,0.012072783172539252
49991.0,0.076865,0.516211,0.853005,-0.957051,-0.201669,0.208285,0.279544,-0.832379,0.478539,-108.30764,508.032877,-865.13223,3.601385,3.596562,3.593986,89.989699,89.9289,89.96586,214.678215,0.089206,0.092446,69.69479,0.89726,177.6919,-881.314943,-110.317582,-881.314943,1563.703487,-482.065562,-110.317582,-482.065562,403.311627,-193.403278,-106.539862,158.009983,-106.539862,88.899548,23.497225,158.009983,23.497225,513.511624,782.700744,1.0,1.810288,1.071806,2.81759,3.0,131.0,638.3666673943336,0.8155948135834832,0.012874133059300415
48809.0,0.895244,0.437714,-0.08334,-0.431741,0.898384,0.080659,0.110177,-0.036228,0.993251,499.418647,21.260352,-791.863891,3.594866,3.596638,3.597323,90.030695,89.988336,89.906071,132.159001,0.069365,0.067932,88.501495,1.0,779.976771,715.706668,-79.32942,715.706668,-244.89807,-148.359145,-79.32942,-148.359145,745.031591,-339.060584,-5.488192,-54.897209,-5.488192,101.238419,71.777386,-54.897209,71.777386,550.054689,602.614899,1.0,3.943337,0.116242,1.888478,3.0,136.0,773.989324979353,1.284384648079126,0.011299244154011182
51002.0,-0.516295,0.849768,0.10646,-0.509797,-0.404838,0.759087,0.688147,0.33764,0.642225,-105.987869,209.352622,-647.9028490000001,3.595893,3.594936,3.595267,89.983229,90.006537,89.99672,30.946445,0.055104,0.045982,127.245012,1.0,134.041345,184.711321,23.307457,184.711321,142.829194,-73.033873,23.307457,-73.033873,244.936804,159.681679,42.721638,-41.276702,42.721638,216.401232,-38.943534,-41.276702,-38.943534,273.72601,139.193049,1.0,3.002254,0.873399,1.114656,3.0,138.0,116.35635410500826,0.8359350911625498,0.007858854223692478
50399.0,-0.256258,0.655779,0.710131,-0.838601,-0.516188,0.174063,0.480708,-0.550912,0.682214,272.867996,350.814103,-910.302936,3.594227,3.594738,3.594708,90.00171,89.972177,90.020491,121.048008,0.065028,0.061865,79.334433,0.978873,-56.291095,-108.531621,-28.487916,-108.531621,-323.841413,-93.78502,-28.487916,-93.78502,227.818181,-147.145269,145.26057,-1.166236,145.26057,180.052846,83.443279,-1.166236,83.443279,365.646755,528.309903,1.0,1.811171,0.820009,2.424142,3.0,139.0,472.5232939049549,0.894405520740267,0.012338564265027267
50796.0,-0.356772,0.796997,0.487349,-0.526391,-0.602486,0.599936,0.771769,-0.042495,0.634482,7.087185,383.323346,-938.9647170000001,3.595303,3.594993,3.594722,89.981105,89.998028,89.990107,111.679233,0.069588,0.060942,74.09615,0.979167,136.45444,-1.229222,89.923251,-1.229222,-8.216142,-166.942189,89.923251,-166.942189,93.614564,9.237627,-17.955665,51.533806,-17.955665,-116.628813,89.306865,51.533806,89.306865,255.833807,583.874267,1.0,2.459376,0.883458,1.625803,3.0,141.0,340.4491318904922,0.5830863785789898,0.013214816154415582
49086.0,0.7155,0.655047,0.242844,-0.55144,0.316132,0.771993,0.428921,-0.686275,0.587412,48.567437,400.686832,-654.26782,3.595293,3.59648,3.592012,89.954563,89.895525,89.983163,161.183235,0.087225,0.07485,70.239311,0.935714,820.732183,490.780206,255.01915,490.780206,-991.464122,-539.79977,255.01915,-539.79977,47.423138,-118.899528,108.931437,187.36719,108.931437,76.270397,-209.447341,187.36719,-209.447341,451.019485,679.338947,1.0,2.836826,0.942939,2.582994,3.0,131.0,565.5072615454458,0.8324375689672416,0.013321799241453266
49229.0,-0.425961,-0.468011,-0.774288,0.679061,0.400143,-0.615436,0.597858,-0.787941,0.147363,-150.137837,325.121647,-964.047967,3.593476,3.597615,3.594922,90.00102,89.995662,90.027344,93.261004,0.059953,0.055493,101.109895,1.0,65.090342,82.729567,340.706955,82.729567,-171.826269,-343.957906,340.706955,-343.957906,605.440151,7.354837,61.321591,42.924497,61.321591,166.379932,28.20232,42.924497,28.20232,205.08588,287.222612,1.0,5.383976,1.422895,2.492509,3.0,142.0,194.2704659031972,0.6763759459968882,0.00989022884456561
49316.0,0.326439,0.570518,-0.753623,-0.313575,0.817513,0.483056,0.891688,0.078629,0.445768,372.490583,377.199415,-974.489686,3.59428,3.588502,3.594667,89.895884,90.003757,89.976925,198.555037,0.076051,0.078555,76.925638,0.921429,-1279.276426,-1093.670024,193.401652,-1093.670024,-555.103355,417.109419,193.401652,417.109419,-50.849147,11.952475,93.282772,79.308772,93.282772,-56.152648,-0.428821,79.308772,-0.428821,534.412936,615.621111,1.0,4.142382,1.108764,1.482843,3.0,129.0,569.58693859052,0.9252232069580862,0.011978178198535057
51039.0,-0.718436,0.529686,0.450868,-0.627191,-0.212988,-0.749178,-0.3008,-0.821017,0.485233,-263.940716,350.884648,-665.189439,3.595878,3.594122,3.594845,90.072089,90.012377,89.977976,130.084706,0.060414,0.062995,101.239368,1.0,-255.770316,400.220428,356.13692,400.220428,-117.817639,-183.22952,356.13692,-183.22952,546.694345,-106.696784,-2.413427,-11.404139,-2.413427,187.329741,-13.704934,-11.404139,-13.704934,494.112937,576.579655,1.0,0.541754,1.064167,3.492781,3.0,140.0,520.5888031584467,0.9028913848138583,0.00987758042898885
50484.0,-0.377804,0.836436,0.397039,-0.917088,-0.397036,-0.036229,0.127335,-0.377807,0.917087,345.907269,52.859267,-697.736619,3.595485,3.595246,3.595128,89.995963,90.030332,90.044184,152.857097,0.079526,0.076214,74.239955,0.986111,491.560361,347.478163,-11.1526,347.478163,-101.167058,90.802427,-11.1526,90.802427,65.084054,-96.150234,88.939196,-186.38811,88.939196,-326.795276,-24.916395,-186.38811,-24.916395,349.888279,646.275265,1.0,1.479799,0.410086,2.816512,3.0,142.0,622.477078452417,0.9631763927285953,0.013282753202099868
50499.0,-0.355019,0.893156,0.276104,-0.846633,-0.43242,0.310201,0.396451,-0.123632,0.909693,-231.68693,319.299956,-651.9693110000001,3.5949,3.5935,3.593903,89.960666,89.993084,89.980225,161.186982,0.079883,0.08252,82.150063,0.864286,-239.530263,56.137608,296.254727,56.137608,-52.451678,-297.802529,296.254727,-297.802529,-241.461921,168.460748,-145.470625,-77.710064,-145.470625,79.72036,48.222245,-77.710064,48.222245,247.00343,589.380145,1.0,2.414285,0.428252,1.873086,3.0,121.0,207.74545411776248,0.35248125658824575,0.010520819685798658
49931.0,0.132929,0.968394,0.211054,-0.990042,0.139694,-0.017405,-0.046338,-0.206639,0.977319,201.52819,55.047404,-804.099057,3.594225,3.593299,3.595471,90.041796,89.986792,89.980406,133.16695,0.08326,0.076031,66.037558,0.935714,-468.202701,-225.930066,-204.605881,-225.930066,-189.769158,-127.068456,-204.605881,-127.068456,316.823204,-471.550229,-4.169992,-323.733619,-4.169992,-123.773608,-203.198984,-323.733619,-203.198984,622.316864,734.621482,1.0,1.488517,0.213386,3.362188,3.0,131.0,1023.0617761591319,1.3926379791860373,0.01416942158884797
48830.0,-0.792243,-0.143233,-0.593158,0.60815,-0.265063,-0.748261,-0.050048,-0.953534,0.297101,-50.641377,-262.229429,-662.105828,3.594569,3.595953,3.593872,90.009811,89.963167,90.00677,150.190215,0.075749,0.074558,83.093189,0.943662,166.067594,-26.63123,-69.167174,-26.63123,-436.661006,189.632558,-69.167174,189.632558,318.738826,101.575189,-48.271193,-94.86203,-48.271193,9.240866,-23.943473,-94.86203,-23.943473,368.171415,822.102972,1.0,5.612903,1.269141,3.194032,3.0,134.0,336.36558830367267,0.4091526241358396,0.011356670881893823
49227.0,-0.343878,0.728682,-0.592259,0.577055,0.661562,0.478898,0.74078,-0.177083,-0.647986,96.721747,164.573532,-760.411002,3.595969,3.595199,3.594267,90.009346,89.995102,90.011612,100.39152,0.058043,0.056943,90.81829,1.0,200.664626,-6.619781,-194.24165,-6.619781,34.057167,173.749465,-194.24165,173.749465,103.077149,196.054109,172.179061,-13.997262,172.179061,167.825096,90.824893,-13.997262,90.824893,71.975182,494.576979,1.0,4.032429,2.275734,1.805442,3.0,138.0,203.12032601691124,0.41069506799043964,0.011010997894807311
50004.0,0.069694,0.673563,0.735837,-0.881475,-0.303776,0.361555,0.46706,-0.67382,0.572557,445.782049,449.711457,-665.768855,3.591455,3.59623,3.592361,89.999552,89.851199,90.00453,165.676419,0.066753,0.064893,126.411497,1.0,-41.554922,-988.927321,-10.113753,-988.927321,-1609.942597,-129.713586,-10.113753,-129.713586,486.805277,331.582718,-126.161989,39.510024,-126.161989,-25.448345,-1.859345,39.510024,-1.859345,490.280984,309.365372,1.0,2.027502,0.961175,2.535478,3.0,150.0,471.6222430675983,1.5244829762899201,0.00791067287178792
50573.0,-0.448659,0.841379,0.301307,-0.892851,-0.407276,-0.192205,-0.039002,-0.355257,0.933955,493.1627,-365.149863,-877.293419,3.595092,3.596749,3.598663,89.959261,89.997278,89.987098,99.570003,0.05979,0.053426,98.845251,1.0,603.134253,-384.894814,387.359878,-384.894814,356.758508,-204.848396,387.359878,-204.848396,787.990757,100.797457,123.59424,186.873473,123.59424,51.032067,-33.930829,186.873473,-33.930829,852.26777,482.069762,1.0,1.002971,0.365474,3.250941,3.0,138.0,801.9306938468574,1.6635158582024012,0.010116823923083568
50717.0,0.68596,-0.512117,-0.516909,0.682658,0.20704,0.700794,-0.251868,-0.833589,0.491622,-367.957238,68.051101,-707.445308,3.595244,3.595818,3.596768,90.011584,89.987654,90.037773,121.919255,0.059993,0.058904,79.942194,1.0,396.884887,-41.309697,138.697378,-41.309697,335.702735,389.260426,138.697378,389.260426,271.359906,247.943909,13.349313,-245.915291,13.349313,258.184967,313.66129,-245.915291,313.66129,470.495414,632.232943,1.0,3.777113,1.056845,3.43502,3.0,148.0,408.20563848172185,0.6456570208833959,0.01250903871865213
50592.0,-0.366325,0.752122,0.547831,-0.738574,-0.593141,0.320456,0.565963,-0.287222,0.77278,324.820862,-274.095369,-772.850217,3.596258,3.596109,3.595412,90.014419,89.983474,89.93281,132.650065,0.056226,0.052619,89.879942,0.971831,-156.804362,-286.154164,171.468352,-286.154164,876.657633,-124.418178,171.468352,-124.418178,269.458374,-17.716043,-26.073552,-44.824648,-26.073552,-142.446966,21.439558,-44.824648,21.439558,508.294575,495.272979,1.0,2.10008,0.687586,2.04042,3.0,138.0,600.1802343164978,1.211817037804717,0.0108125459181983
49895.0,0.028971,-0.78826,-0.61466,0.943542,-0.181432,0.277147,-0.329983,-0.587987,0.7385,-286.88522,464.669624,-916.681261,3.599589,3.596044,3.596283,89.971504,89.897149,89.94231,159.531377,0.064926,0.066012,96.936622,0.993056,574.657099,-902.353301,229.334746,-902.353301,1516.600021,-71.895175,229.334746,-71.895175,47.51875,-0.002088,-48.488596,-58.104664,-48.488596,81.728471,117.963167,-58.104664,117.963167,308.113841,334.865428,1.0,4.288792,0.739953,3.653,3.0,142.0,301.93505324981186,0.9016608703177679,0.010244384212191756
49767.0,-0.083492,-0.607259,-0.790104,0.911737,0.27346,-0.306522,0.4022,-0.74596,0.530829,225.763136,177.515177,-743.287537,3.593612,3.594967,3.595863,89.990361,89.985511,90.007883,158.736607,0.067806,0.073903,63.23178,0.918919,306.578027,38.38252,-102.65941,38.38252,-345.858771,-62.560154,-102.65941,-62.560154,101.067442,-103.229775,88.991303,102.948039,88.991303,23.592554,35.60316,102.948039,35.60316,-14.237543,770.635608,1.0,5.082465,1.011218,2.647101,3.0,136.0,166.00096437477234,0.21540785638699986,0.01453254992979796
50827.0,-0.625605,-0.039052,0.779162,-0.777497,0.113354,-0.618587,-0.064164,-0.992787,-0.101277,-240.47365,-188.497475,-650.634828,3.596152,3.596829,3.594797,89.983267,90.046311,90.029805,136.309395,0.068525,0.0699,79.240108,1.0,536.620644,296.086244,-243.006028,296.086244,-112.819146,-203.514866,-243.006028,-203.514866,565.466183,14.551003,149.831459,38.952963,149.831459,-125.251236,-166.725015,38.952963,-166.725015,553.174609,1009.619771,1.0,0.899778,1.672248,3.206133,3.0,146.0,650.9868382781513,0.6447841622924708,0.012619871744748252
48842.0,0.663375,-0.188353,0.724194,-0.316939,0.80598,0.499946,-0.677853,-0.561176,0.474971,-42.038562,-288.271372,-831.683249,3.594495,3.59551,3.59485,90.026315,89.979122,89.978216,84.758543,0.062537,0.055893,85.81397,0.993151,183.74455,12.09217,99.146828,12.09217,-200.180137,-286.953578,99.146828,-286.953578,192.756427,151.548992,-9.631745,-44.654894,-9.631745,64.624279,-117.851326,-44.654894,-117.851326,322.953266,434.627025,1.0,2.175015,1.075866,4.020881,3.0,145.0,252.61912443917166,0.581231975713364,0.011573302109202033
48965.0,0.5082,0.455527,-0.730909,-0.279889,0.88996,0.360046,0.814491,0.021598,0.579774,-274.638572,-388.263555,-791.55511,3.595432,3.591335,3.594716,89.951049,89.953915,90.047187,109.436787,0.060663,0.0545,113.798893,1.0,-924.495915,-595.222103,-99.551275,-595.222103,-338.473481,-83.410121,-99.551275,-83.410121,500.621028,132.709499,-43.370638,113.53739,-43.370638,-1.956667,-98.241905,113.53739,-98.241905,364.278547,363.46969,1.0,4.254679,0.952345,1.544285,3.0,140.0,348.2256932150785,0.9580597854392713,0.008787431701993796
48846.0,0.739342,-0.165756,0.652609,-0.367039,0.713351,0.597003,-0.564495,-0.680923,0.466571,248.73178,-54.527946,-748.348293,3.594664,3.594986,3.594424,89.98325,90.056433,89.970704,48.553675,0.050348,0.041873,139.979698,1.0,-616.98321,68.255063,-179.469846,68.255063,207.016932,138.195406,-179.469846,138.195406,368.867631,192.976012,3.075903,13.161862,3.075903,174.254747,113.899248,13.161862,113.899248,387.599817,122.904142,1.0,2.311726,1.085386,3.833777,3.0,142.0,227.46277921617204,1.8507332260305112,0.007143893109413623
50330.0,0.353678,0.553955,-0.753688,0.691006,0.388328,0.609682,0.630414,-0.736435,-0.245443,209.163272,230.37212,-824.35816,3.597212,3.595293,3.594606,90.003649,90.005028,89.989653,89.275441,0.056637,0.052559,100.0912,1.0,197.516341,277.22593,103.030451,277.22593,334.164043,245.198668,103.030451,245.198668,272.69587,-54.580274,94.204467,158.083677,94.204467,215.31443,130.785696,158.083677,130.785696,423.697286,513.608886,1.0,4.032226,1.818773,2.433605,3.0,138.0,459.0592192428533,0.8937914272045,0.009990888309861405
49883.0,0.021598,-0.763701,-0.645209,0.921591,-0.234966,0.308967,-0.38756,-0.601292,0.698745,-211.733615,-196.29826,-813.965953,3.593356,3.596534,3.596211,89.96735,90.050329,89.961168,132.491655,0.065343,0.064651,80.7456,0.993243,743.210616,-5.965719,-14.169245,-5.965719,-699.230667,-190.257948,-14.169245,-190.257948,478.542215,-71.112344,-52.918214,-181.456645,-52.918214,28.005951,-49.163432,-181.456645,-49.163432,501.013732,686.421272,1.0,4.265793,0.797155,3.714124,3.0,147.0,555.9248536357434,0.809888732055121,0.012300893175603378
50525.0,0.318799,-0.878609,0.355547,0.362941,0.459689,0.81053,-0.87558,-0.129354,0.465432,437.6254,-106.615389,-889.078068,3.596428,3.591022,3.595362,89.990324,90.043747,89.970042,109.089891,0.06872,0.062624,116.9125,1.0,-1014.728894,282.582647,-5.576736,282.582647,-117.604916,75.830354,-5.576736,75.830354,740.360578,-4.121045,81.104253,17.084905,81.104253,40.020611,-57.927635,17.084905,-57.927635,595.508063,428.285825,1.0,2.728209,1.086674,4.565715,3.0,140.0,585.4092454770896,1.366865796870792,0.008553405324494815
49892.0,0.044343,0.588483,-0.807293,0.754656,0.509779,0.41306,0.65462,-0.627545,-0.421497,120.541434,-319.925481,-801.681178,3.596165,3.592534,3.595819,89.968221,90.022427,89.977782,154.452355,0.073595,0.070521,70.455171,0.914286,-255.286789,-111.395479,588.47821,-111.395479,261.420023,190.657163,588.47821,190.657163,76.687681,38.946408,-105.63769,220.575086,-105.63769,-80.085955,-79.954351,220.575086,-79.954351,184.054771,763.869862,1.0,4.239456,2.005892,2.335081,3.0,128.0,319.61191007229587,0.41841146767523063,0.012976847362984897
50040.0,0.156314,-0.717127,-0.679187,0.93577,-0.112523,0.334174,-0.316069,-0.687799,0.653477,406.915297,-93.427418,-899.172954,3.594912,3.594434,3.591228,90.101006,90.122648,90.00642,173.686669,0.073955,0.075953,91.492939,0.978261,-1112.540563,1029.516328,43.894439,1029.516328,-661.356062,-472.397035,43.894439,-472.397035,755.500687,-557.187468,150.705626,4.850417,150.705626,-1.47601,-100.195248,4.850417,-100.195248,612.965729,685.50354,1.0,4.255145,0.858627,3.57235,3.0,135.0,1025.8592933705654,1.4965047348560232,0.010692202159994007
51246.0,-0.418752,0.304086,0.855674,-0.314012,0.835653,-0.450644,-0.852082,-0.4574,-0.254445,-401.072865,-15.897208,-930.898811,3.593737,3.593543,3.589157,90.005806,89.902489,90.011927,154.667415,0.068211,0.069651,61.299219,0.859155,-1826.56679,426.354693,-214.479226,426.354693,-242.062502,328.1977,-214.479226,328.1977,-97.776658,-269.243053,65.852379,-87.142571,65.852379,-131.422459,101.570581,-87.142571,101.570581,2.879876,696.514923,1.0,1.086054,1.82807,4.219734,3.0,122.0,268.7498292484992,0.38584934848337665,0.01401575768852781
50569.0,-0.318274,0.881627,0.348475,-0.68797,-0.467706,0.554931,0.652226,-0.06312,0.755392,363.883974,478.083585,-677.3828550000001,3.597032,3.595417,3.595453,89.951656,90.006987,90.030918,102.062509,0.069009,0.058379,107.220004,1.0,659.115725,387.042092,21.296951,387.042092,57.810081,-280.998852,21.296951,-280.998852,307.011043,122.488504,-66.641195,117.755216,-66.641195,110.469055,-121.496583,117.755216,-121.496583,392.287427,519.505366,1.0,2.580867,0.714545,1.667272,3.0,138.0,317.7740234611065,0.6116857385090156,0.00932661782030898
50634.0,-0.465356,0.672294,0.57573,-0.82343,-0.567409,-0.002992,0.324663,-0.475466,0.817634,86.954468,-425.521109,-991.487851,3.596178,3.59322,3.594665,89.97642,90.034856,89.982463,190.472666,0.077832,0.09126,62.881977,0.808219,114.956851,346.438453,248.021111,346.438453,277.31694,-79.131403,248.021111,-79.131403,-436.130169,17.579444,-97.784178,20.419642,-97.784178,-302.157215,-104.651933,20.419642,-104.651933,190.651931,887.210423,1.0,1.5656,0.613507,2.542482,3.0,118.0,450.80071691206706,0.508110257978864,0.012852951490376964
51118.0,0.354067,0.553496,-0.753842,0.103683,0.777858,0.619828,0.929455,-0.297621,0.218026,460.4535,500.164078,-904.895476,3.596944,3.597265,3.593891,90.022253,89.969766,89.951647,155.152222,0.070368,0.064641,73.48004,0.902778,344.613352,660.367845,65.844474,660.367845,255.576468,317.776209,65.844474,317.776209,478.90858,-467.931953,-138.615864,-191.860272,-138.615864,-275.314665,84.093972,-191.860272,84.093972,750.75456,613.301908,1.0,4.024242,1.351005,1.88069,3.0,130.0,1155.3703016508066,1.8838524494706228,0.01228603032878044
50380.0,0.443045,-0.683664,-0.579927,0.820093,0.570387,-0.045893,0.362158,-0.455261,0.813375,-307.831528,-125.90316,-663.516214,3.596255,3.594883,3.594066,90.007304,90.010818,90.006641,117.0302,0.065139,0.062285,74.844713,0.9375,71.389833,216.340152,198.9288,216.340152,252.150256,39.130837,198.9288,39.130837,-49.839745,276.414344,244.16184,161.974214,244.16184,24.609615,-7.881927,161.974214,-7.881927,172.53546,646.768734,1.0,4.791361,0.620866,2.469605,3.0,135.0,335.3711839412549,0.5185333896199981,0.012525934864630986
49965.0,0.096242,-0.792257,-0.60255,0.951799,-0.103871,0.288599,-0.291232,-0.601282,0.744072,-194.022697,-282.515444,-742.440775,3.591548,3.595444,3.595318,90.032371,89.980577,89.967687,135.861007,0.064354,0.064994,91.069956,0.992857,-159.416955,-354.077444,200.674932,-354.077444,-734.842246,316.764827,200.674932,316.764827,362.59877,-180.122789,-79.096288,-96.266721,-79.096288,39.872544,-4.078603,-96.266721,-4.078603,477.059332,614.839628,1.0,4.265712,0.731651,3.592643,3.0,139.0,589.3762734155703,0.958585371819219,0.010902135496804237
50582.0,-0.369923,0.880227,0.29725,-0.759916,-0.470737,0.448257,0.534494,-0.060064,0.843035,-349.964664,-308.378939,-735.272809,3.592138,3.591644,3.593663,90.000279,89.95037,89.932612,229.802103,0.076974,0.099516,71.947053,0.84058,-1272.119453,-347.684787,335.37161,-347.684787,-543.001646,-136.682579,335.37161,-136.682579,-70.480732,-219.530936,235.718931,52.969772,235.718931,-182.902655,76.563854,52.969772,76.563854,-43.753606,813.852046,1.0,2.556048,0.567895,1.682702,3.0,116.0,271.98217857409367,0.3341911836566098,0.011683313839136678
50147.0,0.148481,-0.881774,0.447691,0.307621,0.471433,0.826511,-0.939852,0.014998,0.341252,-408.818182,-273.511121,-910.177864,3.594781,3.591766,3.595077,89.972199,89.975933,89.98425,184.507676,0.079235,0.087194,64.200665,0.889706,-823.810101,280.70024,-11.241404,280.70024,216.657497,-142.01237,-11.241404,-142.01237,-115.449358,-717.232573,273.229952,28.81297,273.229952,231.334895,-40.353221,28.81297,-40.353221,200.898182,940.177477,1.0,2.645172,1.222548,4.728346,3.0,121.0,964.1940890339124,1.0255447642827467,0.01385820536282607
48864.0,0.426814,0.688168,-0.586732,-0.169967,0.698277,0.695356,0.888224,-0.197062,0.415,-233.308908,381.261237,-948.217804,3.595586,3.595114,3.597531,89.999522,90.027556,89.991201,113.743385,0.064273,0.0629,91.157152,1.0,521.583155,-365.092945,10.966164,-365.092945,475.558776,93.488666,10.966164,93.488666,118.500939,45.029776,8.437758,-110.415801,8.437758,259.125981,-70.310778,-110.415801,-70.310778,302.829701,531.078917,1.0,3.842469,1.142853,1.789121,3.0,146.0,264.5918338001961,0.4982156612332553,0.010970066287283746
50111.0,-0.02588,-0.200229,0.979407,-0.967607,0.251142,0.025775,-0.251132,-0.947014,-0.200243,-385.521979,465.182113,-724.0428890000001,3.595619,3.596697,3.597729,90.045034,89.94132,90.023702,159.211569,0.077597,0.080376,71.877625,0.957143,945.612954,-619.362904,151.862499,-619.362904,332.910231,-125.316965,151.862499,-125.316965,340.827418,188.781643,-144.059386,-28.232785,-144.059386,189.404343,79.299448,-28.232785,79.299448,639.925125,905.763606,1.0,1.597108,1.772402,3.400809,3.0,133.0,473.42248735418804,0.5226777541271492,0.013316285839995409
50838.0,-0.607837,0.772841,0.182348,-0.751255,-0.634081,0.183184,0.257195,-0.025644,0.966019,423.172783,272.787514,-958.10298,3.592202,3.594776,3.596114,90.03825,89.964665,89.994755,99.801615,0.058126,0.054307,93.799736,1.0,-447.932628,-408.554423,-226.74276,-408.554423,-345.281161,194.559393,-226.74276,194.559393,479.139402,-149.266472,160.53613,-132.270757,160.53613,32.365791,41.41209,-132.270757,41.41209,615.485725,394.542768,1.0,2.358482,0.261438,1.670174,3.0,148.0,716.009289148311,1.8147824449498235,0.010661010815638116
49936.0,0.072783,-0.722876,-0.687134,0.906952,-0.238638,0.347118,-0.414899,-0.648461,0.638245,-202.142138,90.878194,-887.311917,3.595543,3.595634,3.596666,89.984439,90.022319,89.940599,105.381843,0.052789,0.05387,102.847815,1.0,484.032186,-314.500054,-60.845031,-314.500054,-107.625379,-316.223508,-60.845031,-316.223508,631.009086,-52.562864,-48.352661,-68.887222,-48.352661,119.512593,-33.784415,-68.887222,-33.784415,404.301421,384.726758,1.0,4.244615,0.87858,3.710779,3.0,148.0,407.2940204448497,1.058657896742523,0.009723103986214973
48869.0,0.850829,0.218004,0.478084,-0.457721,0.754324,0.470623,-0.258033,-0.619249,0.741586,-233.668408,266.660743,-830.25796,3.598588,3.595627,3.595623,89.966928,89.97013,90.013092,151.570249,0.082228,0.073849,67.282842,0.8,1072.543918,-201.921833,-20.75585,-201.921833,590.590983,43.788095,-20.75585,43.788095,-100.706344,208.677277,109.481731,167.97808,109.481731,-149.788633,-81.738842,167.97808,-81.738842,493.508689,560.767338,1.0,2.348331,0.735365,3.536401,3.0,112.0,588.9755389651293,1.0503028601233,0.01189010416652733
51205.0,-0.724577,0.668322,-0.168329,-0.496418,-0.336673,0.800138,0.478078,0.663323,0.575712,-203.194953,-107.543354,-705.713915,3.596002,3.596028,3.594519,89.980229,90.000177,90.0213,52.456219,0.052652,0.046466,107.107862,1.0,483.370631,173.071852,121.068752,173.071852,-66.205453,-42.45112,121.068752,-42.45112,230.478591,228.768661,79.63785,-19.543057,79.63785,72.814617,-190.258255,-19.543057,-190.258255,213.265309,282.869429,1.0,3.348944,0.957322,0.624505,3.0,140.0,233.10072649417876,0.8240576838516499,0.00933638279513039
49858.0,0.203842,0.947505,0.246338,-0.973681,0.222413,-0.049772,-0.101948,-0.229709,0.967905,129.071127,178.995659,-677.109664,3.594805,3.59466,3.59518,89.965577,90.035241,90.028551,142.880417,0.06214,0.065145,68.279672,0.875,1.211462,287.866463,274.916578,287.866463,87.290662,303.338097,274.916578,303.338097,29.038874,-689.66512,-11.238543,-209.577235,-11.238543,148.270984,75.596003,-209.577235,75.596003,37.700845,876.276518,1.0,1.371432,0.25404,3.559291,3.0,126.0,811.809532460797,0.9264307736029016,0.012814941466033989
50850.0,-0.642146,0.765628,-0.038252,-0.764417,-0.635786,0.106968,0.057578,0.09793,0.993526,-354.052589,-452.904977,-920.088569,3.590671,3.593898,3.595706,90.020421,89.988021,90.011765,140.590553,0.068677,0.064222,80.551121,0.958333,-487.446217,-447.605842,-185.703054,-447.605842,-845.670242,136.408593,-185.703054,136.408593,235.258057,173.441688,130.913294,-62.51336,130.913294,-116.272499,82.146269,-62.51336,82.146269,180.740167,485.746271,1.0,3.485021,0.113848,0.531515,3.0,138.0,327.0286165320801,0.6732498756168117,0.01189720252310331
50020.0,0.125907,0.692049,-0.710785,0.619333,0.504874,0.601273,0.774968,-0.515917,-0.365041,-258.283109,454.082558,-889.509461,3.594948,3.59355,3.588997,90.016763,90.02481,90.013861,160.891364,0.067978,0.065581,79.95705,0.95,-803.341534,582.605632,-235.216361,582.605632,-965.659901,476.278738,-235.216361,476.278738,-102.236499,-442.592529,21.748426,-22.065637,21.748426,-201.068175,-16.82175,-22.065637,-16.82175,326.007278,556.395004,1.0,4.010263,1.944474,2.158148,3.0,132.0,681.4515744038029,1.2247622094101385,0.011881378815251439
48875.0,0.413798,-0.881439,0.227678,-0.166839,0.172433,0.970789,-0.89495,-0.439696,-0.075705,22.269095,172.350025,-895.096253,3.596364,3.593421,3.59471,90.009822,89.957818,89.966048,131.323409,0.065235,0.067493,64.381383,0.875,-320.809106,291.405997,-213.048614,291.405997,-171.374486,-205.768384,-213.048614,-205.768384,568.072311,-44.415225,70.415336,-191.89638,70.415336,-45.209329,-62.064453,-191.89638,-62.064453,706.015363,681.725203,1.0,2.911228,1.646574,4.255719,3.0,119.0,773.2842429109147,1.1343049068862352,0.013590885427236007
49311.0,-0.320742,0.657543,-0.681734,0.648332,0.677132,0.348077,0.6905,-0.330348,-0.643491,-50.230937,156.987293,-754.20145,3.595831,3.595951,3.594735,90.034733,90.014136,90.044685,71.146598,0.057583,0.049217,122.567006,1.0,558.549537,144.524913,-266.700805,144.524913,-259.581441,150.593843,-266.700805,150.593843,339.394882,38.631041,216.336746,59.193072,216.336746,277.678999,6.242942,59.193072,6.242942,290.258224,464.606253,1.0,4.240316,2.269846,2.01703,3.0,140.0,313.1572887554331,0.6740272795153989,0.008158802541036207
50968.0,0.610382,-0.723903,0.321556,0.358343,0.61439,0.702933,-0.706416,-0.313831,0.634418,-216.272888,-431.056666,-677.115717,3.596502,3.595828,3.595666,89.985101,89.979852,89.956556,147.222762,0.081853,0.076059,72.152696,0.898551,41.05799,129.895349,-13.304311,129.895349,672.378695,-300.064182,-13.304311,-300.064182,336.630231,-79.794069,-210.16826,125.144536,-210.16826,140.188599,32.314226,125.144536,32.314226,265.007492,801.726877,1.0,2.712562,0.883541,4.294321,3.0,124.0,370.2528454612289,0.46181917568572284,0.012453463970355313
50870.0,0.694473,-0.133214,-0.707079,0.524409,0.766566,0.370638,0.492648,-0.628197,0.602218,167.574155,404.256573,-911.269182,3.595927,3.591134,3.595053,90.03688,90.021868,90.032,130.942087,0.076123,0.074566,90.999763,1.0,363.480095,282.296348,1.669361,282.296348,-968.564484,405.716288,1.669361,405.716288,18.637863,109.258491,31.843301,73.545159,31.843301,-394.754408,63.421218,73.545159,63.421218,318.713865,931.784738,1.0,4.229584,0.92452,2.476544,3.0,140.0,641.3287917748352,0.6882799917407911,0.010989039608817442
48883.0,-0.723677,-0.43412,-0.536499,0.621476,-0.74796,-0.233073,-0.300098,-0.502091,0.811077,-343.958257,369.634207,-961.250946,3.590212,3.595188,3.595058,90.057844,90.033618,90.048487,158.762116,0.100393,0.082525,89.118331,1.0,-1339.53274,297.897268,-327.240063,297.897268,-110.456847,380.971422,-327.240063,380.971422,402.295059,222.815872,-47.085956,145.177195,-47.085956,-187.797912,6.610431,145.177195,6.610431,382.309977,810.466485,1.0,5.122222,0.624805,3.680317,3.0,140.0,526.3415520070345,0.6494303734312152,0.011221035995389097
50545.0,-0.334787,0.636385,0.694933,-0.758535,0.255539,-0.599437,-0.559055,-0.727814,0.39717,175.433888,31.270847,-841.155094,3.594903,3.596464,3.594492,89.98613,90.014413,89.955091,146.203131,0.069712,0.067352,61.151117,0.842857,164.609682,-88.210912,-241.692752,-88.210912,-270.926525,167.607715,-241.692752,167.607715,562.069095,373.964334,27.593602,-96.289578,27.593602,-206.431186,165.685492,-96.289578,165.685492,594.260453,785.309561,1.0,0.859043,1.162366,3.796596,3.0,118.0,735.7729263808538,0.9369208818035183,0.013783182406954234
50855.0,0.456178,0.4819,-0.748114,0.309405,0.702341,0.641082,0.834368,-0.523917,0.17129,435.432788,399.728332,-965.19413,3.595048,3.591429,3.5946,89.991771,89.982429,90.076227,146.236267,0.057321,0.059498,84.129623,1.0,-666.928872,-599.688599,111.54515,-599.688599,-625.899982,149.165776,111.54515,149.165776,417.568242,280.113926,94.437803,-53.256425,94.437803,-144.772187,-23.508267,-53.256425,-23.508267,561.430982,524.248954,1.0,4.003885,1.398658,2.131493,3.0,142.0,623.2381114017678,1.188820896344159,0.0118864196027599
50828.0,-0.616935,0.75275,0.229692,-0.763852,-0.642993,0.055579,0.189528,-0.141162,0.971675,112.314741,430.028443,-660.430679,3.595517,3.593749,3.596658,90.032996,90.028183,90.019149,133.302859,0.075142,0.070571,77.255985,0.972973,79.594284,354.038855,20.213563,354.038855,-109.228031,336.942076,20.213563,336.942076,503.211289,153.529897,285.332477,-244.747888,285.332477,9.014269,47.947378,-244.747888,47.947378,473.442628,590.773494,1.0,1.808206,0.238577,2.210967,3.0,144.0,526.4718777334085,0.8911569037547383,0.012594144000623383
49264.0,0.447298,0.887468,-0.111018,-0.433025,0.323498,0.841331,0.782569,-0.328252,0.528996,-231.006404,489.256009,-871.222656,3.595495,3.595453,3.591845,90.051658,89.923171,89.94999,161.031168,0.07802,0.071975,72.869154,0.959459,557.052055,-48.931673,174.346769,-48.931673,-1366.761243,57.900425,174.346769,57.900425,410.96719,-150.553784,-55.898657,65.81924,-55.898657,173.868032,51.257829,65.81924,51.257829,399.594051,634.251754,1.0,3.27279,1.013379,1.967961,3.0,142.0,486.8216750356722,0.7675527453656394,0.013166874422612345
49531.0,0.220674,0.195107,0.955634,-0.274337,0.952649,-0.131148,-0.935971,-0.233225,0.263749,166.7657,-287.90094,-962.189015,3.594327,3.594958,3.594646,89.99236,90.023471,89.980417,105.86803,0.068474,0.067463,88.248228,1.0,-74.056339,166.894924,134.224162,166.894924,-74.899803,-175.058185,134.224162,-175.058185,68.200908,-221.574549,27.815976,-146.941578,27.815976,91.988952,80.463664,-146.941578,80.463664,369.382817,604.643456,1.0,1.434412,1.303889,4.468182,3.0,138.0,532.803889608585,0.8811868950560262,0.011331672291482159
49271.0,0.446717,-0.122987,0.886182,-0.436382,0.834741,0.335824,-0.781034,-0.536732,0.319224,-25.370577,438.253257,-709.12571,3.594862,3.599316,3.594485,89.915042,90.034416,90.026593,171.240003,0.106887,0.091473,80.106223,0.916667,-403.856333,332.553393,-131.695464,332.553393,1557.621169,-284.607604,-131.695464,-284.607604,80.857674,-116.345768,41.755077,53.275816,41.755077,221.338473,-5.452706,53.275816,-5.452706,551.730713,674.890037,1.0,1.933031,1.245886,4.110301,3.0,132.0,581.5639087323092,0.8617165417309445,0.011443143437183402
49164.0,0.683507,0.06167,0.727334,-0.602565,0.610062,0.514529,-0.411988,-0.78995,0.454141,58.045849,-127.806907,-832.8893,3.596651,3.594705,3.595038,90.049787,89.989082,90.02608,119.008816,0.070727,0.065532,84.49153,0.971014,328.673639,-489.529262,245.384497,-489.529262,46.595027,114.944895,245.384497,114.944895,228.864426,127.828787,-288.79074,200.686116,-288.79074,81.694246,123.703664,200.686116,123.703664,229.411555,759.16833,1.0,2.186483,1.099388,3.622321,3.0,134.0,348.3778593237025,0.4588940891721636,0.011492441905123508
51033.0,-0.64955,0.188615,0.736552,-0.582169,0.499724,-0.64137,-0.489044,-0.8454,-0.21479,244.195992,-419.260318,-892.676113,3.595908,3.595432,3.593606,89.988722,90.045914,89.994365,111.325636,0.083245,0.069684,79.154856,0.977941,371.518254,297.677543,168.028783,297.677543,-362.742214,-153.096161,168.028783,-153.096161,192.852895,255.881563,-11.35754,-32.608351,-11.35754,-204.555473,-98.155378,-32.608351,-98.155378,367.21667,592.057661,1.0,0.854365,1.787273,3.666036,3.0,133.0,532.7106712053692,0.8997614696947045,0.012354782124801036
50762.0,0.727665,-0.559159,-0.397296,0.680441,0.515288,0.521036,-0.08662,-0.649476,0.755432,-391.433559,13.657797,-799.183556,3.593574,3.595006,3.595077,90.023133,89.957273,89.996486,113.521523,0.063283,0.060444,85.067772,0.978261,-464.223652,-60.861132,256.974975,-60.861132,72.311353,180.844021,256.974975,180.844021,235.053498,-88.748737,33.697284,90.852038,33.697284,108.342501,110.775157,90.852038,110.775157,303.273853,757.483006,1.0,3.793054,0.714483,3.27418,3.0,135.0,362.64031898589667,0.47874383466484877,0.01149978396048741
48899.0,0.637345,-0.181442,0.748912,-0.332,0.812396,0.479364,-0.69539,-0.554159,0.457538,154.154241,-154.050152,-970.4759369999999,3.597869,3.594802,3.595112,90.067093,90.018797,90.057906,122.783568,0.087558,0.071179,120.026281,1.0,531.412572,-756.406753,95.683709,-756.406753,-0.31065,426.464836,95.683709,426.464836,458.821331,56.69748,29.457669,-81.065318,29.457669,-49.670286,172.852451,-81.065318,172.852451,196.725045,517.524897,1.0,2.140166,1.095572,4.039539,3.0,144.0,271.6693252240237,0.5249396247385247,0.008331508663506787
51252.0,-0.75484,-0.180176,0.630677,-0.472476,0.816304,-0.332286,-0.454955,-0.548802,-0.701308,-94.213811,-304.109358,-673.221933,3.59687,3.594425,3.595099,89.992788,89.992497,90.041933,111.390176,0.072722,0.064371,106.622169,1.0,198.101047,430.786667,-29.038275,430.786667,353.657117,238.009544,-29.038275,238.009544,52.668697,24.718881,90.998172,78.413113,90.998172,181.612846,-103.095335,78.413113,-103.095335,226.512931,682.473504,1.0,1.085883,2.348027,3.833766,3.0,144.0,229.0627316331847,0.33563608006851603,0.00937891255991988
49228.0,-0.403373,-0.617621,-0.675156,0.652799,0.322804,-0.685311,0.641205,-0.717177,0.272972,-385.953457,418.768958,-881.772659,3.593044,3.592119,3.595021,89.991925,89.999246,90.092146,152.217152,0.06567,0.065589,79.691565,0.948529,-657.630797,748.168232,-110.533847,748.168232,-616.657649,205.17351,-110.533847,205.17351,150.283192,-66.091171,14.795131,41.865277,14.795131,-179.400771,63.091938,41.865277,63.091938,452.970481,619.310641,1.0,5.505252,1.294315,2.412065,3.0,129.0,587.8289501740542,0.9491665591679284,0.011902501851983958
50982.0,0.750814,-0.656997,0.068067,0.459468,0.593535,0.660762,-0.474518,-0.464835,0.747503,310.211366,-238.068475,-928.954442,3.594509,3.596849,3.593236,90.037068,89.967171,90.023434,135.508982,0.069562,0.068092,89.993209,1.0,474.634089,-20.577433,509.100855,-20.577433,-181.003629,-288.771862,509.100855,-288.771862,-189.941397,-84.140431,-96.647525,-45.107866,-96.647525,-98.006212,-31.49111,-45.107866,-31.49111,559.395543,503.076859,1.0,3.038942,0.726501,3.937299,3.0,140.0,657.6696008259186,1.3072944800784776,0.01111194956943918
49483.0,0.329251,0.583351,-0.742493,-0.453912,0.787303,0.417274,0.827984,0.199639,0.52401,117.254029,-167.729429,-912.0367,3.59502,3.593968,3.593404,90.00171,90.026723,89.982411,124.428539,0.077175,0.069912,66.848673,0.963235,-83.675563,-101.506741,325.770481,-101.506741,-213.043734,-90.546086,325.770481,-90.546086,-212.173883,-564.035349,-8.800369,43.145724,-8.800369,-62.120435,6.592638,43.145724,6.592638,293.811374,559.038701,1.0,4.200387,1.019243,1.334198,3.0,131.0,747.4893738442734,1.3370977224066523,0.014409186551840751
50889.0,0.76717,-0.504442,-0.396218,0.567302,0.2453,0.786128,-0.299364,-0.827869,0.474357,-295.341554,179.59979,-645.983019,3.594007,3.595849,3.592776,89.99876,89.992412,90.007707,126.740176,0.06435,0.061914,81.12976,0.838028,-111.181573,69.515399,343.810342,69.515399,-340.189333,-198.759781,343.810342,-198.759781,9.581825,190.951995,-6.28519,4.21787,-6.28519,-372.3591,-40.125668,4.21787,-40.125668,312.50284,584.076397,1.0,3.608444,1.076563,3.488571,3.0,118.0,633.8891541273425,1.0852846603341557,0.010329477124054107
50906.0,-0.669751,0.655989,0.348012,-0.727732,-0.673079,-0.131799,0.147781,-0.341532,0.928179,-207.002628,-71.293443,-862.386855,3.595335,3.593697,3.596118,89.99504,90.041124,90.013254,139.576879,0.063488,0.067159,75.372287,0.9,284.335366,239.546381,360.673705,239.546381,-211.793022,75.730399,360.673705,75.730399,185.693187,192.02804,103.579652,117.882122,103.579652,-248.097817,-178.443561,117.882122,-178.443561,385.64763,686.147713,1.0,1.208769,0.381306,2.733219,3.0,135.0,598.9712732727753,0.8729479992783643,0.011940728294472477
49172.0,0.695123,0.453195,0.558048,-0.622535,0.767688,0.152004,-0.359519,-0.453066,0.815768,-319.693658,-143.692016,-661.870604,3.596329,3.597024,3.594963,90.003458,90.029446,89.962507,101.869844,0.0721,0.066089,88.912766,1.0,354.759798,164.694459,-466.735657,164.694459,275.866979,15.273109,-466.735657,15.273109,508.591092,45.959959,64.265439,-5.960129,64.265439,174.821065,-13.149648,-5.960129,-13.149648,384.709503,646.632376,1.0,1.83673,0.616741,3.812373,3.0,140.0,301.5935337096569,0.46640648520459627,0.011246978864654823
50671.0,0.494096,-0.748246,0.442716,0.492953,0.66056,0.566267,-0.716147,-0.061552,0.69523,-133.274426,406.834213,-795.623036,3.597045,3.597695,3.59446,90.010681,89.992927,90.056396,66.640939,0.072323,0.055378,137.711937,0.992647,1054.329432,-205.890656,-409.048968,-205.890656,133.364834,-85.872931,-409.048968,-85.872931,197.073111,15.406525,44.993844,-23.76714,44.993844,171.294419,4.847929,-23.76714,4.847929,340.963316,144.734579,1.0,2.478038,0.802057,4.626651,3.0,135.0,285.4776981719124,1.9724222099814335,0.007208140569542638
49305.0,0.398716,-0.084072,0.913213,-0.410969,0.873823,0.259879,-0.819835,-0.47892,0.313856,460.693903,70.40694,-658.161486,3.596528,3.596026,3.595317,90.005477,90.017676,89.976301,34.391235,0.051404,0.04032,124.92773,0.986301,96.40734,14.36346,-8.98872,14.36346,230.662447,-31.015802,-8.98872,-31.015802,688.308138,110.683026,1.447847,-56.820551,1.447847,245.184702,-45.2322,-56.820551,-45.2322,632.869016,135.717654,1.0,1.848044,1.251545,4.183693,3.0,143.0,473.8053245328286,3.49111048244931,0.007894972557333749
49644.0,-0.10752,-0.800183,-0.590039,0.658485,-0.501961,0.560743,-0.744874,-0.328241,0.580879,-199.409244,-87.216969,-952.768509,3.596286,3.592356,3.594416,89.990756,90.004708,90.011957,77.547864,0.057317,0.053468,111.893283,1.0,-398.231867,-211.516584,-212.100703,-211.516584,-15.715457,-403.052801,-212.100703,-403.052801,90.541304,34.481291,77.806756,45.714096,77.806756,47.866542,-99.794396,45.714096,-99.794396,398.192923,272.412504,1.0,3.952442,0.950988,4.297324,3.0,140.0,375.73113818860685,1.3792727304052343,0.008937086956327844
48924.0,-0.604909,-0.652474,0.456468,0.572802,0.041667,0.818634,-0.553157,0.756665,0.348534,-127.160099,470.256779,-667.916636,3.595341,3.596655,3.597034,89.947123,89.979817,89.974434,121.734544,0.073314,0.063797,86.795966,1.0,224.390253,-201.750758,-154.143231,-201.750758,690.758208,485.60413,-154.143231,485.60413,422.292162,-97.791717,0.956537,-84.625302,0.956537,173.284757,142.528663,-84.625302,142.528663,436.195409,543.286636,1.0,2.632935,1.21479,5.651925,3.0,146.0,484.23232086590644,0.8913017342578373,0.011521272774359121
49844.0,-0.022125,-0.213987,-0.976586,0.998653,0.041121,-0.031635,0.046928,-0.975971,0.212789,17.353569,-187.185343,-627.151258,3.593945,3.597062,3.594644,90.005719,89.972738,89.992385,142.394509,0.069419,0.073564,65.826314,0.862319,-5.994942,-246.018018,84.082185,-246.018018,-229.185719,-52.55003,84.082185,-52.55003,632.85228,-172.92286,-28.19954,35.894209,-28.19954,109.806379,-43.14092,35.894209,-43.14092,598.98705,825.419762,1.0,4.744771,1.356368,3.093547,3.0,117.0,678.5998753069912,0.8221270031901553,0.013099913204922882
49080.0,-0.509433,-0.753958,-0.414759,0.615043,-0.656126,0.437288,-0.601831,-0.032325,0.797969,15.184013,-366.848228,-786.236412,3.594806,3.594562,3.59576,89.975447,90.01492,90.015273,111.561806,0.059748,0.05891,96.38927,0.873239,1.906212,-14.608461,-257.747087,-14.608461,-45.717672,-103.631531,-257.747087,-103.631531,295.97911,67.619124,38.049235,16.598846,38.049235,-73.785661,97.342531,16.598846,97.342531,318.54781,642.035787,1.0,3.900555,0.646879,4.658729,3.0,124.0,356.14907174991,0.5547184112805693,0.00905950423734924
48932.0,-0.733901,-0.653554,-0.185083,0.679256,-0.705821,-0.20107,0.000774,-0.273284,0.961933,266.618576,-409.981929,-664.303764,3.594142,3.592803,3.595524,90.069112,90.006928,89.910277,178.317538,0.07706,0.081922,70.524211,0.802632,275.371108,-258.611102,412.628345,-258.611102,-1242.50219,44.553747,412.628345,44.553747,477.985968,-324.669041,-78.668888,127.338596,-78.668888,34.22244,35.660361,127.338596,35.660361,456.550133,788.834269,1.0,5.539163,0.276806,3.138759,3.0,122.0,690.2827439571067,0.8750668817065639,0.011380942638266453
48933.0,-0.720426,-0.543288,-0.431074,0.668683,-0.709025,-0.223933,-0.183983,-0.449579,0.874087,23.591655,-337.884175,-747.148594,3.594266,3.594322,3.594809,90.046422,90.016523,90.045419,116.580702,0.072998,0.063309,96.948031,0.931507,-689.045755,-192.695509,-28.113971,-192.695509,173.643995,162.781514,-28.113971,162.781514,285.833981,-551.928601,-156.822527,26.238922,-156.822527,-198.10598,73.217886,26.238922,73.217886,591.654668,621.712984,1.0,5.191496,0.507242,3.530033,3.0,136.0,1025.3435981773284,1.6492233949827375,0.009608312725814926
50190.0,0.296701,-0.881047,-0.368409,0.953777,0.25411,0.160431,-0.047731,-0.39898,0.915716,131.97768,33.909419,-707.854348,3.595194,3.593925,3.596101,90.030526,89.986181,90.008536,83.875552,0.049056,0.050541,90.514703,1.0,-273.883274,146.969704,7.072715,146.969704,88.980323,161.57868,7.072715,161.57868,462.880863,-56.466043,146.639321,-28.93727,146.639321,21.207064,257.103731,-28.93727,257.103731,419.902495,421.071321,1.0,4.301684,0.413509,3.260659,3.0,142.0,512.1436903234961,1.2162872767188437,0.011047928865214307
48959.0,-0.57208,-0.531377,-0.624791,0.573354,0.285629,-0.767907,0.586506,-0.797531,0.141264,345.640462,-204.480711,-884.528093,3.598668,3.596795,3.594957,89.974576,89.940438,89.946445,114.931625,0.062292,0.05414,100.181181,1.0,1345.970174,-541.640535,-200.523184,-541.640535,38.707619,47.560396,-200.523184,47.560396,339.091176,65.36743,-5.577232,-191.20105,-5.577232,-169.471533,149.246993,-191.20105,149.246993,593.670305,421.981848,1.0,5.60019,1.429058,2.5075,3.0,148.0,708.8491197421137,1.6798095062660459,0.009981914667186845
49842.0,0.12302,0.191413,0.97377,-0.216863,0.962693,-0.161838,-0.96842,-0.191265,0.159941,-377.243376,-251.299625,-801.15896,3.595812,3.596435,3.594002,90.01545,90.015692,89.976725,67.848543,0.066831,0.053099,109.298345,1.0,-246.510524,36.297059,20.282236,36.297059,393.146842,-241.512748,20.282236,-241.512748,417.443823,6.386558,-34.352072,-55.344615,-34.352072,306.414261,50.832581,-55.344615,50.832581,308.367649,280.810703,1.0,1.406104,1.410166,4.517396,3.0,144.0,309.39746398496425,1.1018008241123354,0.00914926936908331
50689.0,-0.485734,0.577957,0.655766,-0.776505,0.059181,-0.627326,-0.401376,-0.813919,0.42004,-93.242521,-398.587627,-652.843239,3.596077,3.595804,3.594738,90.034319,90.00668,89.994385,77.87967,0.049619,0.044522,102.454384,0.993243,-31.017274,236.119016,55.627126,236.119016,186.078472,-24.488768,55.627126,-24.488768,512.370882,-253.266304,-106.943506,141.693912,-106.943506,334.848941,35.597638,141.693912,35.597638,415.009091,808.373033,1.0,0.80756,1.137307,3.599738,3.0,146.0,651.1793530275513,0.8055431421443167,0.009694489988832492
50449.0,-0.315458,0.809841,0.494615,-0.863591,-0.028964,-0.503361,-0.393316,-0.585934,0.708508,152.80038,-131.02763,-634.795692,3.59532,3.595978,3.597878,89.950897,90.027802,89.994091,100.171368,0.061605,0.062318,103.801557,1.0,848.004054,-333.022552,378.893826,-333.022552,145.838325,-5.912766,378.893826,-5.912766,384.556377,299.082699,-0.672509,153.996954,-0.672509,255.020376,77.454892,153.996954,77.454892,193.732398,467.333277,1.0,0.776635,0.783415,3.73277,3.0,146.0,175.16927824653314,0.3748273167513666,0.009633766861512492
48952.0,-0.192559,-0.979226,-0.063541,0.271273,-0.11535,0.955565,-0.943044,0.166766,0.287849,110.649629,-278.597847,-901.7685759999999,3.595517,3.593248,3.594212,90.021896,89.978395,90.031568,83.073162,0.066966,0.051055,92.261898,1.0,-513.569232,157.193852,-79.173758,157.193852,33.39471,-309.356932,-79.173758,-309.356932,134.169472,-275.107762,-94.962027,-140.175389,-94.962027,95.434274,-10.404554,-140.175389,-10.404554,385.654507,394.460168,1.0,3.207991,1.278816,4.887418,3.0,146.0,592.1565383052911,1.5011820871741124,0.010838710471791942
51079.0,0.874961,-0.328579,-0.35564,0.459927,0.79361,0.39831,0.151363,-0.512074,0.8455,446.257294,405.92588,-966.247708,3.601621,3.596209,3.596965,90.082131,90.06033,89.914939,177.642483,0.086194,0.075101,76.861965,0.985915,1319.879301,1177.956905,-527.270761,1177.956905,655.197147,-481.590674,-527.270761,-481.590674,963.767649,45.550871,10.120071,-50.840696,10.120071,150.834168,14.177732,-50.840696,14.177732,460.249478,479.206519,1.0,3.870456,0.563296,2.854188,3.0,140.0,376.25100782226264,0.7851541932430652,0.012827085542244465
48954.0,-0.66032,-0.569231,-0.48985,0.637034,-0.079138,-0.766762,0.397699,-0.81836,0.414877,-51.579853,-388.944006,-652.155895,3.596555,3.594604,3.592968,90.008874,90.039444,90.01409,129.337628,0.062341,0.058632,82.271526,0.952055,-268.901862,-464.62693,60.066959,-464.62693,254.28838,318.192937,60.066959,318.192937,-11.227945,56.430505,120.801461,-24.848814,120.801461,-31.709721,35.636812,-24.848814,35.636812,441.820748,512.682301,1.0,5.714685,1.142989,2.689231,3.0,138.0,450.1367027192888,0.8780032036239315,0.011572108192085801
50952.0,-0.699506,-0.000795,0.714627,-0.69735,0.21932,-0.68235,-0.15619,-0.975653,-0.15397,-298.61018,451.29469,-685.268448,3.595675,3.596367,3.60063,89.977405,89.998835,90.003346,133.394054,0.059358,0.059591,105.093536,1.0,953.672728,-636.90606,-309.013958,-636.90606,870.765551,211.652466,-309.013958,211.652466,526.682167,256.121047,137.612689,-37.266043,137.612689,25.855776,-174.966658,-37.266043,-174.966658,600.10178,459.624543,1.0,0.808499,1.725381,3.300333,3.0,150.0,537.3603656455577,1.1691289636932154,0.009515333083853987
50451.0,0.470491,-0.676336,-0.566752,0.735077,0.655727,-0.17229,0.48816,-0.335545,0.805673,99.990737,-416.33929,-985.455738,3.595876,3.594991,3.595221,90.040555,89.981034,89.922751,168.683552,0.09213,0.087087,61.964405,0.831081,-644.252535,-28.201984,-159.654018,-28.201984,892.35985,5.338269,-159.654018,5.338269,270.496942,345.003204,55.64925,139.385517,55.64925,-360.768699,-226.63485,139.385517,-226.63485,-23.196264,680.068836,1.0,5.007507,0.633986,2.172993,3.0,123.0,655.1613355066511,0.9633750303280344,0.013412232393742826
50129.0,0.192975,0.72045,-0.666118,0.630596,0.429053,0.646732,0.751738,-0.544854,-0.371516,268.860951,-241.918076,-802.867915,3.595825,3.595445,3.596737,90.008447,89.998232,90.025936,47.593357,0.047317,0.039633,125.049333,1.0,363.357103,-281.441026,-10.412566,-281.441026,237.562854,10.050499,-10.412566,10.050499,452.334409,62.965421,13.395635,11.772948,13.395635,85.446519,48.100488,11.772948,48.100488,386.900944,199.311153,1.0,3.941756,1.951438,2.197969,3.0,142.0,316.43478523378474,1.587642138790822,0.007996843933585795
49544.0,-0.226821,-0.78916,-0.57077,0.814381,-0.475103,0.333258,-0.534168,-0.389234,0.750441,30.309188,-232.754002,-757.850198,3.595773,3.593459,3.594419,90.070692,90.025539,90.000042,107.589578,0.068364,0.058608,76.705414,0.964789,-850.192181,-54.130618,161.28224,-54.130618,174.737,-9.972676,161.28224,-9.972676,516.245434,74.505567,83.691444,27.878604,83.691444,-80.938224,27.015387,27.878604,27.015387,440.361775,576.014917,1.0,4.18391,0.722068,4.082678,3.0,137.0,470.3903614509026,0.8166287843738301,0.012577847503697717
50693.0,-0.491343,0.633947,0.597239,-0.776636,-0.629281,0.029028,0.394233,-0.449574,0.801538,453.71614,210.1741,-671.963527,3.593945,3.595799,3.595121,90.00288,89.913862,90.020489,84.931966,0.061663,0.052976,127.45473,1.0,-246.206417,-518.222723,-199.322771,-518.222723,-225.051103,-310.316694,-199.322771,-310.316694,649.558856,291.854459,55.440029,147.05852,55.440029,159.355376,-103.884325,147.05852,-103.884325,709.297202,672.876779,1.0,1.619361,0.640933,2.421686,3.0,148.0,523.2055522520018,0.7775651777277363,0.007845923019098625
49952.0,0.106412,0.585561,0.803614,-0.862447,-0.347856,0.367671,0.494836,-0.732198,0.467999,295.871895,305.662381,-987.022798,3.595945,3.595589,3.593982,89.996219,90.061373,90.002974,158.265604,0.075796,0.082768,83.726079,0.978873,-115.121012,221.218356,-418.49776,221.218356,564.715365,-26.281219,-418.49776,-26.281219,-89.588488,6.009147,-46.227767,80.696789,-46.227767,-55.772946,85.698981,80.696789,85.698981,333.403926,479.807893,1.0,1.999888,1.083771,2.547279,3.0,139.0,378.4527357169959,0.788758878789424,0.011691375156837333
50970.0,-0.714791,0.217009,0.664817,-0.688498,-0.051634,-0.723398,-0.122657,-0.974803,0.186318,48.327193,-1.462705,-813.215551,3.594731,3.595832,3.594743,90.00399,90.014156,90.000754,104.537215,0.059385,0.057499,84.564208,0.972973,122.741526,-5.049699,-21.119165,-5.049699,-126.105488,-8.847382,-21.119165,-8.847382,305.408535,214.376641,-28.590051,60.539739,-28.590051,-149.160158,-102.386932,60.539739,-102.386932,221.649944,495.663275,1.0,0.743225,1.383383,3.266762,3.0,144.0,382.2043558078987,0.7710967809908827,0.01150573065143589
50405.0,-0.289537,0.367191,0.883934,-0.899256,-0.420699,-0.119795,0.327882,-0.829568,0.452006,113.467381,-322.21441,-658.272755,3.595056,3.595975,3.593292,90.015866,90.057799,89.984116,69.04164,0.062932,0.052598,141.051862,1.0,-122.300321,424.570687,-225.541908,424.570687,107.806022,437.532848,-225.541908,437.532848,42.438742,121.171132,45.179787,-38.42446,45.179787,199.972712,87.717314,-38.42446,87.717314,303.387911,131.10286,1.0,1.436092,1.101783,2.765193,3.0,144.0,182.928013336378,1.3953014704360989,0.007089590919402397
50934.0,-0.61461,0.712393,0.338748,-0.641123,-0.701312,0.311645,0.459582,-0.025639,0.887765,-233.385528,360.179903,-805.057581,3.595277,3.593246,3.595859,90.009622,89.98639,89.989664,88.099649,0.060413,0.054955,86.116087,1.0,-287.841358,249.814123,-8.69722,249.814123,-42.496991,9.367453,-8.69722,9.367453,375.163325,256.278083,82.068671,-6.214079,82.068671,-172.694022,-2.490424,-6.214079,-2.490424,306.441028,422.872358,1.0,2.314547,0.47833,1.626526,3.0,143.0,461.66758045239806,1.0917421574582986,0.011612232218586524
51217.0,-0.442526,0.547387,-0.710308,-0.338039,0.631831,0.69751,0.830603,0.548778,-0.094563,184.44784,-88.822025,-887.0119,3.595289,3.594123,3.594355,89.993682,89.967584,89.965391,149.880048,0.105305,0.097217,85.44619,0.894366,-86.908058,-146.993293,-230.146746,-146.993293,-317.006391,198.045895,-230.146746,198.045895,277.590274,-23.579368,-111.310811,73.878558,-111.310811,-220.716281,45.811714,73.878558,45.811714,147.134122,771.423045,1.0,3.936082,1.665501,0.986937,3.0,127.0,341.4968914926565,0.44268432697996013,0.010467008534845145
51072.0,0.710406,-0.653886,0.2603,0.355406,0.652538,0.669239,-0.607462,-0.38292,0.695962,-391.479988,429.216341,-865.155369,3.594474,3.592912,3.596156,89.95567,90.014455,89.963871,104.605149,0.065339,0.061761,98.600206,0.985714,-699.468933,164.741073,-241.4644,164.741073,374.470252,255.302826,-241.4644,255.302826,136.191813,-297.341062,-117.099413,51.321112,-117.099413,288.516911,210.322947,51.321112,210.322947,342.275329,496.584213,1.0,2.77065,0.801038,4.149944,3.0,138.0,650.4235029249539,1.3097949670924274,0.009997078505089532
51050.0,-0.742151,0.455506,0.491656,-0.629285,-0.726042,-0.277242,0.230678,-0.515147,0.825476,432.806699,-62.743756,-872.909049,3.594446,3.593588,3.596679,90.017008,89.974211,89.977978,61.482427,0.068335,0.055448,145.272747,1.0,-341.938319,90.992333,271.322026,90.992333,34.470806,-264.837855,271.322026,-264.837855,444.372262,-63.644213,20.033253,-89.846344,20.033253,76.879479,-97.971776,-89.846344,-97.971776,515.507001,457.783579,1.0,1.057349,0.599751,2.720578,3.0,140.0,536.0342284871502,1.1709337186320312,0.006883603570874859
49695.0,0.334963,0.841156,0.424566,-0.862199,0.455364,-0.221938,-0.380016,-0.29172,0.877774,187.740554,-282.231663,-935.673691,3.594702,3.595582,3.595746,89.996833,90.049727,89.999448,101.491113,0.06425,0.062239,104.045003,0.992857,113.928079,254.957504,5.595058,254.957504,-121.170707,215.881301,5.595058,215.881301,510.375694,-176.258245,-47.956694,-113.722615,-47.956694,164.894281,78.055329,-113.722615,78.055329,387.69564,335.355273,1.0,1.089123,0.4996,4.057686,3.0,139.0,507.96527639482406,1.514707885314283,0.009542572650029143
50323.0,0.347496,-0.667883,-0.658163,0.687465,-0.295876,0.663212,-0.637682,-0.682928,0.35633,-77.786343,-32.747524,-927.460688,3.595423,3.593294,3.594452,89.99302,89.987096,90.022912,111.42121,0.066194,0.063782,93.682602,0.992754,-96.363962,73.126856,-170.444657,73.126856,179.530411,-181.402812,-170.444657,-181.402812,-375.538754,-244.931603,-74.123339,-14.642427,-74.123339,154.090762,0.128249,-14.642427,0.128249,301.108787,497.39056,1.0,3.92317,1.206459,3.892743,3.0,137.0,493.7389415002598,0.9926584483233051,0.010596994306370781
50580.0,-0.281287,-0.671006,0.686023,-0.621173,0.672225,0.402813,-0.731452,-0.312833,-0.605899,-72.932328,-251.493144,-704.731816,3.59432,3.593916,3.595117,89.994578,89.951665,90.007287,147.531533,0.064666,0.066871,68.59993,0.84507,-293.455732,-120.966948,-283.366329,-120.966948,-264.079139,-2.419702,-283.366329,-2.419702,316.112542,351.689022,-157.133512,-169.698534,-157.133512,-184.178149,93.106906,-169.698534,93.106906,141.890378,857.152567,1.0,2.101729,2.221692,4.308245,3.0,120.0,515.1339261541002,0.6009827724801065,0.0123188172349447
49525.0,0.252768,0.941476,0.223003,-0.331737,-0.132183,0.934066,0.908878,-0.310081,0.27891,-353.484011,-251.987272,-742.938863,3.595359,3.596017,3.59398,90.002856,89.954673,89.991652,107.039994,0.065683,0.066797,101.665144,0.992754,384.093741,-84.891813,82.541962,-84.891813,-391.960025,213.828339,82.541962,213.828339,323.427911,80.564818,118.362603,109.589261,118.362603,10.041262,-55.223044,109.589261,-55.223044,286.305839,613.374657,1.0,2.907235,1.288137,1.899582,3.0,137.0,289.1614608952306,0.4714271409736947,0.00976493969260497
49898.0,0.160091,-0.279855,0.9466,-0.899176,0.3543,0.256817,-0.407252,-0.892274,-0.194919,-180.93571,-217.146329,-789.694331,3.592454,3.596915,3.594697,89.99205,89.96254,89.969646,92.651276,0.058943,0.050193,95.692436,1.0,58.90184,-136.017552,-3.829646,-136.017552,-746.243703,-247.190392,-3.829646,-247.190392,644.124883,51.416528,-11.802044,-33.634911,-11.802044,-130.275794,-141.564112,-33.634911,-141.564112,607.380747,449.517028,1.0,1.835724,1.766971,3.569773,3.0,148.0,677.5736030471055,1.5073368990308984,0.010450146759771064
50000.0,0.122304,-0.432264,-0.893415,0.868151,0.482848,-0.114772,0.480995,-0.761581,0.434324,-60.424093,-55.267794,-961.135161,3.592702,3.596177,3.595314,89.992236,89.999476,89.971351,90.646718,0.058154,0.05418,114.988246,1.0,218.709378,-235.771231,-7.274723,-235.771231,-130.960849,-477.334834,-7.274723,-477.334834,-95.107935,177.067465,-55.78978,0.157989,-55.78978,93.868397,-42.633996,0.157989,-42.633996,326.698881,170.554281,1.0,4.840154,1.121508,2.57828,3.0,142.0,213.2099353240354,1.2501001679578796,0.008696541036029022
49643.0,-0.192394,-0.41201,-0.890636,0.92913,0.215551,-0.300424,0.315755,-0.885317,0.34134,294.368752,290.947299,-966.966799,3.594833,3.596453,3.588263,90.030902,89.972996,89.958077,165.817046,0.079502,0.079173,71.851586,0.927536,-1406.695187,-847.277373,478.186803,-847.277373,-68.430068,-213.993427,478.186803,-213.993427,175.252567,123.345124,-202.678163,80.628018,-202.678163,-219.484148,-41.88655,80.628018,-41.88655,364.855602,705.852237,1.0,5.037718,1.222454,2.798999,3.0,128.0,543.7429821734479,0.7703354238621588,0.012909053949066622
49003.0,-0.646649,0.307648,-0.697995,0.667158,0.67172,-0.322013,0.369791,-0.673902,-0.639617,285.792707,511.650723,-880.425908,3.594254,3.599817,3.600712,90.170088,90.044912,90.024838,196.775133,0.068974,0.066264,104.234967,0.985915,1257.201958,1717.870154,-105.153507,1717.870154,1363.284713,245.109215,-105.153507,245.109215,313.113286,116.803173,76.527822,97.280373,76.527822,106.795155,57.556079,97.280373,57.556079,405.736122,362.982311,1.0,5.144633,2.264797,2.639724,3.0,140.0,316.9362177981759,0.8731450767532744,0.009458582166577556
49004.0,-0.649664,-0.751748,-0.113191,0.672529,-0.63774,0.37549,-0.35446,0.167818,0.919889,-271.649647,-279.959958,-926.542276,3.594698,3.591029,3.596097,89.916405,89.971306,89.972202,170.548316,0.072896,0.075166,100.259233,0.950704,-186.72541,-761.612959,-530.920313,-761.612959,-802.763849,65.860505,-530.920313,65.860505,321.667646,-227.068024,1.501153,-148.284878,1.501153,-66.814384,49.419992,-148.284878,49.419992,507.035979,531.762711,1.0,3.434378,0.403,5.154569,3.0,135.0,682.1083662581525,1.2827307220835809,0.009482458338774645
49422.0,0.343506,-0.119051,0.931574,-0.421165,0.867068,0.266107,-0.839419,-0.483755,0.247703,149.526223,88.971543,-683.195663,3.595337,3.593691,3.593967,90.009725,89.989523,90.008809,125.093475,0.068637,0.065752,79.564302,0.939189,-87.564276,-167.325408,-132.208921,-167.325408,-208.676631,169.949064,-132.208921,169.949064,-44.617822,-353.349288,8.704776,-6.68515,8.704776,-203.324751,170.255384,-6.68515,170.255384,203.226606,699.944735,1.0,1.849039,1.320488,4.18958,3.0,139.0,520.2062733029973,0.7432104954728993,0.011804150559883
49288.0,0.554849,0.753759,0.352122,-0.602464,0.072147,0.794879,0.573743,-0.653178,0.494143,439.293953,491.469519,-898.055906,3.595474,3.590994,3.592327,90.140072,89.979078,90.039446,173.748481,0.071787,0.073716,80.809895,0.993056,-1478.584028,-891.347913,351.515194,-891.347913,-640.621652,184.884813,351.515194,184.884813,606.912011,-460.82049,-131.801052,26.812022,-131.801052,96.360057,-10.541696,26.812022,-10.541696,539.242991,709.152177,1.0,2.724585,1.053947,2.420848,3.0,143.0,875.7924168983744,1.2349851629918558,0.01228879210893666
50971.0,-0.709525,0.519504,0.47612,-0.68354,-0.671639,-0.285787,0.171313,-0.52822,0.831646,318.213683,-116.720031,-791.173214,3.595064,3.596713,3.596255,90.001983,90.00916,90.056385,104.996237,0.061039,0.055109,87.180812,0.992958,697.045782,-247.270511,-185.293704,-247.270511,-165.800655,19.406871,-185.293704,19.406871,528.851658,-86.556566,-99.836091,-252.14992,-99.836091,-96.96456,-75.144411,-252.14992,-75.144411,560.246091,500.588383,1.0,1.030199,0.588731,2.827974,3.0,141.0,696.1243092362394,1.3906121933241893,0.01138963927062299
50860.0,-0.527967,0.672252,0.518968,-0.650229,-0.713067,0.262178,0.546309,-0.199027,0.813594,-32.772908,321.27599,-930.05647,3.593694,3.594458,3.595481,90.028195,89.992764,90.044084,95.607476,0.068968,0.059388,106.463845,1.0,5.589359,6.749332,-118.440919,6.749332,-435.030914,367.516118,-118.440919,367.516118,265.927917,52.869905,73.103173,-110.210298,73.103173,133.070295,-8.089566,-110.210298,-8.089566,219.309294,253.976879,1.0,2.038588,0.620489,1.920164,3.0,144.0,184.26214324210093,0.7255075500085224,0.009392860083157808
50576.0,0.584244,-0.632243,-0.50885,0.737471,0.675335,0.007639,0.338815,-0.379725,0.860822,-135.942044,460.764953,-923.494521,3.593978,3.594197,3.596457,90.054294,89.967656,89.988397,103.798628,0.061499,0.060753,106.474203,1.0,-556.949426,24.538356,-72.248514,24.538356,-85.112129,-110.39841,-72.248514,-110.39841,755.82812,117.430211,-27.694016,38.515903,-27.694016,92.320232,-29.014606,38.515903,-29.014606,357.526672,322.51983,1.0,4.697378,0.533915,2.413068,3.0,148.0,258.11789791561523,0.8003163647817104,0.009391946329008916
50914.0,-0.503574,0.681343,0.531211,-0.567592,-0.724461,0.391146,0.651346,-0.10454,0.751545,375.844526,77.610876,-788.964284,3.594878,3.594505,3.59411,90.015393,89.947124,89.999297,64.808941,0.065909,0.055741,102.353153,1.0,-418.613308,-207.526095,-150.940693,-207.526095,-172.554737,-73.732009,-150.940693,-73.732009,388.437581,-53.658396,75.963692,63.22531,75.963692,-75.681042,-13.613527,63.22531,-13.613527,454.642572,307.94244,1.0,2.205491,0.720396,1.729938,3.0,140.0,526.7959198014775,1.7106960632041412,0.009770094722924656
49031.0,-0.397802,-0.098038,-0.912218,0.47982,0.825234,-0.29793,0.782002,-0.556218,-0.281239,-327.849081,-148.260119,-771.684718,3.596755,3.594397,3.593577,89.96649,89.939152,90.020031,97.96738,0.072488,0.061159,105.860615,1.0,242.63925,-502.519934,-450.929292,-502.519934,-399.262199,-54.340271,-450.929292,-54.340271,297.547727,115.80213,13.21723,13.031777,13.21723,81.884783,8.227024,13.031777,8.227024,348.665227,308.560159,1.0,5.028067,1.855881,2.189049,3.0,144.0,252.15642281092877,0.8172034381500587,0.009446383813281266
51198.0,-0.621813,0.674043,0.398766,-0.446246,-0.72337,0.526879,0.643594,0.149673,0.750589,-249.764802,-387.354477,-802.591781,3.597956,3.594206,3.595278,89.98884,90.017786,90.022963,84.353393,0.074102,0.057416,117.40434,1.0,599.648598,407.338128,-308.840871,407.338128,11.256119,-120.725483,-308.840871,-120.725483,284.715681,-8.337102,-55.214028,36.543369,-55.214028,131.147745,2.023884,36.543369,2.023884,351.625984,383.968622,1.0,2.493725,0.721843,1.3423,3.0,136.0,319.5483170948085,0.832225079826467,0.00851757268939121
49045.0,-0.625718,-0.597675,-0.50126,0.69706,-0.139993,-0.703213,0.35012,-0.789422,0.504212,-302.197808,-428.952139,-916.370195,3.592475,3.597911,3.59081,90.010743,89.911672,89.869283,213.558566,0.088929,0.098246,73.362924,0.929577,1071.9854,-386.437568,768.826413,-386.437568,-1827.485079,-317.264492,768.826413,-317.264492,-89.548338,139.709386,241.940045,-72.129741,241.940045,-310.343114,-81.576167,-72.129741,-81.576167,219.507576,540.499671,1.0,5.663911,1.042328,2.724145,3.0,131.0,545.5480233112451,1.0093401579725383,0.01267093716166493
50179.0,0.219561,0.759489,-0.612348,0.603587,0.387369,0.69687,0.766469,-0.522611,-0.373366,439.470488,-361.807189,-905.980973,3.596225,3.595194,3.588962,89.934077,90.052294,90.02417,134.11386,0.061571,0.058853,120.22402,1.0,-992.996375,930.119806,-173.622642,930.119806,-783.279982,153.909399,-173.622642,153.909399,707.134355,6.020825,130.605556,48.901398,130.605556,-98.145658,58.866977,48.901398,58.866977,635.375426,524.985543,1.0,3.862521,1.953431,2.169231,3.0,142.0,699.7723805285925,1.3329364776976202,0.008317805376995379
49058.0,-0.606255,-0.734921,0.303885,0.691213,-0.297972,0.658359,-0.393293,0.609183,0.688634,-194.443019,220.531667,-964.66428,3.594658,3.594998,3.595567,90.003341,90.027043,90.03374,82.916897,0.061429,0.05743,96.013695,1.0,-110.80012,229.203215,170.206511,229.203215,13.054327,-117.861347,170.206511,-117.861347,376.697348,76.994582,18.415415,250.640907,18.415415,119.191098,-66.950705,250.640907,-66.950705,364.015397,489.851136,1.0,2.709151,0.811193,5.709905,3.0,142.0,350.40263597306654,0.7153247389285763,0.010415180876019822
49324.0,0.521072,0.844826,0.12146,-0.615082,0.273027,0.739683,0.591742,-0.460136,0.661904,244.961542,351.696299,-913.278927,3.595986,3.59425,3.593548,90.052153,89.985573,89.977636,151.648619,0.073731,0.07661,80.887506,0.942857,86.087632,-506.404142,7.614168,-506.404142,-424.50785,-107.8519,7.614168,-107.8519,216.592913,602.876042,-54.480223,25.82522,-54.480223,17.980709,-72.200038,25.82522,-72.200038,282.263579,573.413434,1.0,2.97884,0.84744,2.231726,3.0,132.0,513.8152200118315,0.8960641476910906,0.01165639845540546
49551.0,0.245371,0.966999,0.068607,-0.359126,0.024934,0.932956,0.900456,-0.253559,0.353393,370.078804,65.330649,-797.000569,3.596424,3.596599,3.594367,89.98131,89.977836,89.988601,61.8638,0.054736,0.053292,113.177141,1.0,586.530998,117.653872,136.277562,117.653872,-153.354651,-76.776025,136.277562,-76.776025,448.552201,75.048418,-33.514351,1.375467,-33.514351,-21.677342,-68.151159,1.375467,-68.151159,437.115777,291.1321,1.0,3.068187,1.209601,1.845278,3.0,138.0,424.0249387127805,1.4564692066343097,0.008835706496597224
49498.0,0.509808,0.216949,0.832483,-0.84249,-0.069914,0.534156,0.174087,-0.973676,0.147134,-284.794124,-227.06175,-885.274186,3.594757,3.595215,3.592147,90.037461,90.009439,89.959983,136.705088,0.080414,0.072607,71.984871,0.916667,-603.411673,-384.489556,-39.504062,-384.489556,-62.375197,409.75995,-39.504062,409.75995,80.621076,2.510886,-79.789107,57.858829,-79.789107,-154.705338,-6.099386,57.858829,-6.099386,192.009924,608.767532,1.0,2.141273,1.423126,2.964669,3.0,132.0,312.6219935429215,0.5135326329179486,0.01273416187687549
50244.0,-0.128801,0.892893,-0.431453,-0.834637,0.137346,0.533401,0.535528,0.42881,0.727552,439.035852,520.358122,-802.899966,3.596555,3.592652,3.593853,90.024194,89.976284,89.962117,139.550162,0.081152,0.071083,87.11134,0.978571,-391.320659,-240.290347,-205.151571,-240.290347,-20.876164,-585.505785,-205.151571,-585.505785,88.84694,165.032841,-154.349609,-34.408233,-154.349609,-167.077354,56.004594,-34.408233,56.004594,348.465305,455.96236,1.0,3.82172,0.75605,0.895615,3.0,137.0,475.36577915824444,1.0425548704464211,0.011233566146497115
50936.0,0.586657,0.478848,-0.653099,0.363481,0.564972,0.740735,0.723682,-0.671946,0.157393,388.086366,-411.109356,-752.2205730000001,3.595661,3.595226,3.586479,89.998203,89.947338,90.044045,176.274993,0.060408,0.063348,94.642569,1.0,-1439.300235,1098.874226,152.78783,1098.874226,-1081.216523,-49.027614,152.78783,-49.027614,613.310734,-244.961158,55.948051,74.258211,55.948051,-43.277296,-5.798912,74.258211,-5.798912,638.069701,458.777447,1.0,3.864199,1.412747,2.319142,3.0,138.0,805.5031809361261,1.7557601974626407,0.010566069904547922
50802.0,-0.565414,0.794902,0.220085,-0.748947,-0.606575,0.266729,0.345522,-0.01402,0.938306,47.6254,-213.459867,-760.038791,3.59298,3.594277,3.596311,89.994336,89.946683,90.019659,144.813842,0.084595,0.079257,72.368624,0.93662,-161.203565,-219.430989,-35.696086,-219.430989,-648.886962,-43.023164,-35.696086,-43.023164,628.022546,-214.563952,-40.744318,-105.245064,-40.744318,-108.943062,98.290453,-105.245064,98.290453,382.757084,878.638332,1.0,2.451716,0.353098,1.611352,3.0,133.0,567.1479878187961,0.6454851412273647,0.012942349159492102
51131.0,0.718227,0.328937,-0.613148,0.318761,0.627747,0.710158,0.618499,-0.705503,0.346013,200.99889,-158.375303,-739.641263,3.59543,3.594258,3.59288,90.076175,89.990299,89.971159,143.273247,0.059557,0.06454,72.243604,0.894366,202.29216,508.502284,-224.37714,508.502284,-748.12507,246.696809,-224.37714,246.696809,85.202927,25.238346,220.455634,39.620174,220.455634,-198.478481,-91.539783,39.620174,-91.539783,178.044987,833.094201,1.0,3.853813,1.217478,2.421813,3.0,127.0,389.2261393484042,0.46720543592933284,0.012379864105340038
49579.0,0.434077,0.144988,0.889132,-0.898297,-0.004956,0.43936,0.068109,-0.989421,0.128091,-120.572975,-400.686258,-809.701934,3.59577,3.596353,3.595265,90.026183,90.047401,89.969784,67.299208,0.076983,0.05879,155.614239,1.0,-166.468573,148.306051,-1.074082,148.306051,588.871728,361.835274,-1.074082,361.835274,457.967527,-21.453932,-29.036502,-1.035753,-29.036502,107.883714,8.197702,-1.035753,8.197702,410.828438,152.013699,1.0,2.029749,1.442352,3.072864,3.0,146.0,385.1875323859828,2.5339001347897128,0.006426147159965227
49802.0,0.044082,0.769907,-0.636632,0.329333,0.590431,0.736838,0.943184,-0.242145,-0.227529,-14.698998,-240.696025,-967.327068,3.593747,3.594357,3.59441,90.008483,90.033262,90.01697,91.197359,0.066424,0.059033,93.637212,0.992958,-22.095856,-13.584789,67.844754,-13.584789,-379.769943,-282.653704,67.844754,-282.653704,-72.790477,21.035007,27.259962,-29.284652,27.259962,-50.775809,2.038906,-29.284652,2.038906,270.590892,578.471837,1.0,3.854162,1.800335,1.822101,3.0,141.0,294.2097634404419,0.5085982490802605,0.01060430974813731
50027.0,0.146057,-0.912567,-0.381953,0.859137,-0.074409,0.506308,-0.490461,-0.4021,0.773152,61.642877,111.734414,-705.87318,3.594529,3.593494,3.594193,90.044947,89.964162,90.000294,143.040898,0.070474,0.069397,66.804837,0.890411,-619.922351,90.869375,231.303397,90.869375,217.563465,187.998307,231.303397,187.998307,-155.496715,-131.699434,32.259986,64.016235,32.259986,-131.401298,203.586131,64.016235,203.586131,268.819618,631.037911,1.0,3.787897,0.687,4.025667,3.0,130.0,441.8549129339285,0.7002034350578479,0.013328540865985495
50698.0,-0.501823,0.479152,0.72013,-0.782347,-0.60653,-0.141612,0.368927,-0.634456,0.679234,126.26416,-365.724459,-817.939474,3.591078,3.595667,3.596436,89.958085,89.961104,90.119498,211.168287,0.067274,0.080105,99.700968,1.0,555.21858,-802.012976,-247.938593,-802.012976,-1371.734429,-251.349587,-247.938593,-251.349587,524.812304,-84.432726,-2.763624,81.46071,-2.763624,92.916352,-15.443561,81.46071,-15.443561,164.62754,502.412134,1.0,1.376625,0.824078,2.614898,3.0,148.0,233.39793138900083,0.46455472627777106,0.010029992888333842
49100.0,-0.639123,0.073021,-0.76563,0.763769,0.17731,-0.620659,0.090433,-0.981442,-0.169094,79.453511,413.075095,-796.257881,3.594537,3.595929,3.600069,90.027222,90.048504,90.017247,130.523991,0.074466,0.06538,122.569608,0.993151,473.991049,867.741434,-116.084582,867.741434,961.123979,145.459483,-116.084582,145.459483,321.251928,38.659465,17.414478,-36.108334,17.414478,103.355903,-27.274942,-36.108334,-27.274942,325.306982,222.457449,1.0,5.393591,1.740707,3.049709,3.0,145.0,263.76239970423615,1.1856757365955237,0.008102750887479382
51060.0,0.412762,-0.632349,0.655563,0.162539,0.759319,0.630091,-0.896219,-0.153523,0.416199,156.566044,-338.261991,-798.147837,3.595651,3.593807,3.594507,89.989557,89.990924,89.978423,109.046873,0.073536,0.065267,90.690513,0.966667,-219.539701,192.636188,-107.918576,192.636188,-18.894783,-175.914614,-107.918576,-175.914614,167.199671,-59.164368,-6.612071,110.833363,-6.612071,-180.205139,142.227955,110.833363,142.227955,357.703486,796.006032,1.0,2.336385,1.141535,4.542735,3.0,144.0,513.1326253136958,0.6446340915588638,0.010658964957007137
49102.0,-0.503187,-0.795667,0.33722,0.634124,-0.074853,0.7696,-0.587103,0.601092,0.542217,233.449928,230.307185,-626.116844,3.595372,3.594533,3.596761,90.020989,90.034814,90.028766,95.883203,0.065842,0.061745,80.064528,0.965278,72.182414,373.266726,325.802746,373.266726,151.667989,20.666688,325.802746,20.666688,456.360498,3.56922,48.197333,62.034596,48.197333,79.745713,-93.498868,62.034596,-93.498868,375.733457,427.409951,1.0,2.728615,0.997723,5.50956,3.0,139.0,356.5724263564817,0.8342632770299766,0.01205625042840445
49811.0,0.240354,-0.070497,0.968122,-0.945838,0.207206,0.249911,-0.218219,-0.975754,-0.016876,-179.164744,149.085581,-809.915378,3.595598,3.596376,3.592227,90.023529,90.039441,90.014586,121.217615,0.07172,0.064882,71.811772,0.915493,-767.131844,12.129592,326.085764,12.129592,380.551471,-87.635231,326.085764,-87.635231,380.80265,-264.816447,-140.945573,66.826195,-140.945573,218.708764,31.17277,66.826195,31.17277,305.331286,656.332834,1.0,1.823421,1.587673,3.361614,3.0,130.0,549.6922926279748,0.8375206361045389,0.01274850869854597
49108.0,-0.607693,-0.444644,-0.658029,0.742855,-0.025239,-0.668976,0.280848,-0.895352,0.345644,45.196062,32.069235,-865.484179,3.595827,3.594923,3.593897,90.033192,89.987501,90.033365,137.851611,0.064276,0.068508,84.366794,0.952055,-219.429329,-247.310535,-269.374821,-247.310535,-45.346175,150.692032,-269.374821,150.692032,383.44193,-191.583918,-79.72996,61.532348,-79.72996,-24.137879,181.29373,61.532348,181.29373,440.515971,534.927579,1.0,5.506037,1.217872,2.83764,3.0,139.0,594.9821070143142,1.1122666513597614,0.011284712324140229
50962.0,-0.621221,0.624796,0.472984,-0.62256,-0.760063,0.186343,0.475924,-0.178701,0.86114,-364.264814,449.351893,-978.2395260000001,3.594016,3.587024,3.594001,90.075076,89.999071,90.060236,212.766827,0.083984,0.086111,67.557823,0.880282,-945.382198,1035.339326,-297.89561,1035.339326,-1639.961785,312.875372,-297.89561,312.875372,30.446207,-110.114031,117.19395,67.619637,117.19395,-492.413891,-168.79162,67.619637,-168.79162,303.84252,873.959251,1.0,1.946096,0.533288,1.929989,3.0,125.0,714.7494852886199,0.8178293032207058,0.013030052789001208
50583.0,0.588543,-0.519028,-0.619861,0.73823,0.657588,0.150313,0.329596,-0.546066,0.770181,180.429067,307.80145,-772.425808,3.599418,3.595139,3.595543,90.029822,89.992499,89.944514,146.517135,0.072764,0.067292,88.596162,0.838028,54.741978,610.632077,-29.336709,610.632077,1195.807119,142.246687,-29.336709,142.246687,384.490559,-36.712165,-55.637902,-182.436624,-55.637902,114.313215,95.463553,-182.436624,95.463553,420.496528,610.718854,1.0,4.474486,0.691671,2.598542,3.0,119.0,443.75368016438057,0.7266087779310324,0.009458965050878839
49115.0,-0.626815,-0.37172,-0.684783,0.769288,-0.155725,-0.619634,0.123692,-0.915191,0.38357,441.081107,33.878105,-690.714985,3.595506,3.5965,3.594149,90.063446,89.996717,89.991449,102.237459,0.056875,0.056998,101.723169,1.0,-148.3947,-348.94903,-45.046128,-348.94903,-77.233911,-199.718007,-45.046128,-199.718007,763.431166,148.270177,169.88155,8.027505,169.88155,-91.084477,-106.204923,8.027505,-106.204923,564.573735,372.448003,1.0,5.447884,1.177137,3.007252,3.0,146.0,600.3301154625268,1.611849467917611,0.00983060211189449
49678.0,0.341535,-0.242114,0.908149,-0.827633,0.380425,0.412676,-0.445397,-0.892557,-0.070453,141.592746,24.697599,-717.84717,3.595189,3.594395,3.594717,89.987669,90.011095,89.984801,133.764977,0.071305,0.071565,72.155895,0.905797,-125.757149,100.439643,-109.353743,100.439643,86.996691,124.004512,-109.353743,124.004512,61.260459,299.91585,-52.985429,-148.263278,-52.985429,-161.718314,57.289783,-148.263278,57.289783,376.602085,646.679145,1.0,1.997315,1.641308,3.60445,3.0,125.0,524.8252536695824,0.8115697834504658,0.012553333307001457
50122.0,0.027696,0.830973,-0.555623,-0.507802,0.49047,0.70822,0.861028,0.262532,0.435554,245.655439,-289.611299,-810.136362,3.595026,3.594962,3.595842,90.006745,89.970727,89.977182,74.178105,0.053651,0.046325,103.046811,1.0,193.08869,-119.389475,-46.70475,-119.389475,-134.734543,201.140803,-46.70475,201.140803,389.493449,-55.022031,-78.198778,106.268115,-78.198778,-57.355661,3.597103,106.268115,3.597103,406.532712,448.592716,1.0,3.806832,1.120143,1.274846,3.0,136.0,476.63508036225613,1.0625118584454594,0.009704327482778675
49125.0,-0.626205,-0.753865,-0.198885,0.779523,-0.610136,-0.141699,-0.014526,-0.243768,0.969725,8.297744,492.135803,-959.749823,3.591145,3.596706,3.596124,89.967335,89.976859,89.954451,129.210427,0.077373,0.0735,85.978283,0.993151,444.223783,720.7781,-234.553661,720.7781,-769.533857,-38.168882,-234.553661,-38.168882,256.703524,43.468949,22.692688,-8.037496,22.692688,-125.355822,-97.236121,-8.037496,-97.236121,407.919617,535.128845,1.0,5.331431,0.246695,3.20111,3.0,145.0,479.97938525321297,0.8969417173787614,0.01155118438454976
50547.0,-0.149602,-0.597702,0.787637,-0.439081,0.753906,0.488707,-0.885905,-0.272725,-0.375225,402.975676,-94.441793,-640.477832,3.596027,3.595892,3.596007,90.019486,89.974349,89.977846,71.424629,0.053317,0.049366,96.792202,1.0,483.072098,-101.372783,-39.469802,-101.372783,-14.323169,-86.640619,-39.469802,-86.640619,561.787231,-12.322345,44.303892,-50.824636,44.303892,-9.139409,21.049258,-50.824636,21.049258,653.508919,438.167247,1.0,2.126133,1.955436,4.413747,3.0,136.0,667.0561387178966,1.5223779122812815,0.010331410788650101
50133.0,0.176884,0.794161,-0.581395,0.516159,0.428113,0.741822,0.838029,-0.431308,-0.334187,510.301032,-235.320965,-681.379347,3.595941,3.596765,3.592186,90.012004,90.046109,90.021861,72.05939,0.062541,0.049906,125.095914,0.992754,251.488177,468.004701,-172.553014,468.004701,-657.992456,58.258421,-172.553014,58.258421,593.131902,-56.480576,83.129394,-36.906693,83.129394,-77.532482,-16.423258,-36.906693,-16.423258,512.576837,180.671152,1.0,3.806339,1.911539,2.046111,3.0,137.0,585.3682668690865,3.239965320357765,0.007935942655968763
50754.0,-0.508816,0.678472,0.529889,-0.728355,-0.011152,-0.68511,-0.458918,-0.734542,0.499842,-188.002137,117.928087,-799.124988,3.594892,3.594436,3.594934,90.020787,90.037532,89.983315,132.434284,0.066941,0.062806,76.08589,0.953333,-67.211392,23.189745,247.32693,23.189745,-279.780409,-0.523104,247.32693,-0.523104,358.199279,-327.494097,-10.623245,53.828076,-10.623245,-131.672444,-152.219637,53.828076,-152.219637,471.593637,711.940414,1.0,0.658333,1.04738,3.700025,3.0,143.0,734.8771973537181,1.0322172795681719,0.012529695059097026
50832.0,0.76401,-0.577338,-0.288043,0.638397,0.741113,0.207848,0.093474,-0.342684,0.934789,49.381629,316.55527,-697.586764,3.595056,3.595982,3.596039,89.982816,89.987211,89.973543,94.093179,0.059032,0.057547,94.744958,0.985714,-6.5572,-133.863871,-85.030493,-133.863871,535.417488,115.211644,-85.030493,115.211644,265.724559,-20.205826,-92.276918,-85.269467,-92.276918,216.868404,34.395268,-85.269467,34.395268,361.369372,509.296722,1.0,4.087323,0.363132,2.8753,3.0,138.0,352.2341345611049,0.6916088781759426,0.010403867612670217
49763.0,0.269388,0.922226,-0.277361,-0.821169,0.370431,0.434123,0.503103,0.110813,0.857093,-47.780241,293.560445,-920.920174,3.593687,3.593642,3.59517,89.960703,90.012967,89.991154,147.00085,0.082456,0.083895,84.679205,0.880282,-392.034067,-41.771929,188.918818,-41.771929,-72.934755,340.546704,188.918818,340.546704,-13.855266,40.847078,161.681767,-72.382576,161.681767,-98.949587,82.891203,-72.382576,82.891203,212.934815,783.278268,1.0,3.710125,0.541197,1.353999,3.0,125.0,319.22245450229445,0.40754667599471106,0.010395492021919668
50909.0,0.795669,0.049963,-0.603668,0.575812,0.246957,0.779392,0.188021,-0.967738,0.167727,437.329102,-164.279648,-748.078868,3.594235,3.596754,3.592733,89.986093,89.952948,90.067426,102.864871,0.062442,0.053885,104.105921,1.0,-740.2371,170.763828,535.982835,170.763828,-104.120171,91.618595,535.982835,91.618595,704.467763,265.800012,67.386041,78.216493,67.386041,-178.133746,98.032563,78.216493,98.032563,507.202741,478.283627,1.0,3.800613,1.402273,2.949695,3.0,148.0,614.5901813546095,1.2849910527140196,0.00960560158725266
49138.0,-0.615666,-0.423669,-0.664425,0.787455,-0.362351,-0.498615,-0.029507,-0.830184,0.556707,-268.225808,-50.428364,-692.425417,3.595511,3.595203,3.59474,90.025227,89.993551,90.025456,133.219733,0.066618,0.068469,68.119701,0.847826,-89.393919,-171.243297,-154.891536,-171.243297,152.875951,155.370372,-154.891536,155.370372,279.759646,342.938498,44.22692,-114.251147,44.22692,-100.16786,-6.736515,-114.251147,-6.736515,622.314764,666.084381,1.0,5.356175,0.980379,3.17712,3.0,117.0,639.9052949471597,0.9606970425976101,0.012446120396212542
50800.0,0.701411,-0.60636,-0.374634,0.613335,0.781237,-0.116143,0.363102,-0.148313,0.91987,-16.148607,-59.009488,-870.087909,3.595216,3.594551,3.595415,90.026028,89.97545,89.992669,94.561759,0.056449,0.052483,98.29572,1.0,-198.136594,85.134737,166.658207,85.134737,92.33434,-27.411761,166.658207,-27.411761,373.418202,74.099313,54.643896,-40.568569,54.643896,-86.806507,-58.697673,-40.568569,-58.697673,213.500352,570.245563,1.0,5.013009,0.403049,1.958574,3.0,151.0,271.6830079441573,0.47643160345669766,0.010173382930609796
50434.0,-0.199416,-0.529751,0.824377,-0.648167,0.702253,0.294483,-0.734924,-0.475609,-0.483408,164.356364,-427.184094,-641.480912,3.595823,3.594236,3.59188,89.931073,89.988918,89.995456,133.342985,0.057563,0.059295,70.18527,0.95,-1116.93066,103.255149,213.77518,103.255149,163.973966,16.611434,213.77518,16.611434,317.945166,-266.250741,-83.089517,186.259766,-83.089517,-255.212883,86.444674,186.259766,86.444674,572.837824,724.998442,1.0,1.913887,2.07534,4.138017,3.0,133.0,855.4131465201884,1.1798827376241292,0.013535603695761232
49478.0,0.377457,0.920359,-0.102299,-0.54253,0.309312,0.781017,0.750458,-0.2393,0.616074,498.753577,-37.973412,-604.496024,3.597335,3.594817,3.594366,89.99876,89.902176,89.990787,179.95635,0.086376,0.086603,62.070298,0.833333,107.695557,142.808418,393.679906,142.808418,-595.008415,-100.656054,393.679906,-100.656054,1125.441431,110.282293,-67.565778,-166.243011,-67.565778,16.261552,-317.454374,-166.243011,-317.454374,467.478981,705.012108,1.0,3.271833,0.907047,1.879476,3.0,115.0,519.372347570586,0.7366857131630795,0.013425632337064017
50960.0,0.216137,-0.603123,0.767807,0.050121,0.792212,0.608184,-0.975076,-0.092968,0.201456,-57.755505,-158.700556,-816.402154,3.596067,3.595067,3.595179,90.008803,90.006493,90.005426,35.792739,0.056919,0.044435,176.39792,1.0,187.032088,-17.345493,-25.908671,-17.345493,21.981546,52.162906,-25.908671,52.162906,373.20019,72.165344,-76.824946,-40.255349,-76.824946,213.21342,-99.240818,-40.255349,-99.240818,347.933257,205.237099,1.0,2.240705,1.367952,4.617332,3.0,146.0,264.71578549216673,1.2898047515871716,0.005669001085727088
50350.0,0.229029,0.774468,-0.589699,0.332591,0.507084,0.795141,0.914838,-0.378239,-0.141444,-379.999322,58.574211,-647.132467,3.595959,3.593695,3.593875,89.971957,89.993121,89.995326,120.269978,0.063275,0.069541,81.347478,0.993056,-465.657941,116.37289,154.998296,116.37289,53.29766,149.607007,154.998296,149.607007,219.87996,18.702901,-117.599218,21.903209,-117.599218,146.732642,33.918649,21.903209,33.918649,387.799583,803.115014,1.0,3.779714,1.712716,1.962843,3.0,143.0,341.99923053281515,0.4258409126601326,0.012207581899465894
49174.0,-0.233688,-0.943436,0.235199,0.402263,0.126415,0.906754,-0.885197,0.306509,0.349968,233.401476,-350.955942,-654.603986,3.59503,3.592865,3.593725,90.033075,90.02595,90.120933,163.666552,0.071676,0.073196,75.391145,0.978873,-788.196659,691.160578,-521.949375,691.160578,-566.560501,-92.842746,-521.949375,-92.842746,629.093346,-202.678878,19.748263,76.730214,19.748263,51.937898,-84.885314,76.730214,-84.885314,563.486544,635.725884,1.0,2.8878,1.213259,5.045729,3.0,139.0,683.2809553766401,1.0748043654875632,0.012983925366831874
51151.0,-0.808109,0.027849,0.588374,-0.588257,0.013087,-0.808568,-0.030218,-0.999526,0.005806,431.145329,-147.961603,-919.96616,3.593979,3.596057,3.590758,90.017232,89.9717,89.976161,108.389883,0.064487,0.061306,92.067131,1.0,-770.720271,498.913562,231.627415,498.913562,-562.679227,2.494997,231.627415,2.494997,379.880766,-19.48729,8.712862,-79.497319,8.712862,-258.583963,-35.770649,-79.497319,-35.770649,534.772129,422.314722,1.0,0.629059,1.56499,3.171816,3.0,142.0,708.9772657980116,1.6787888957326274,0.01086163964422873
50211.0,-0.025144,0.856637,-0.515307,-0.522263,0.428276,0.737442,0.852414,0.287668,0.436621,386.130955,-371.111429,-921.145506,3.595795,3.594764,3.593851,89.964571,89.984403,89.987346,100.946705,0.069586,0.060757,102.176925,0.944444,-335.001991,210.778058,139.217788,210.778058,-12.202936,-7.844384,139.217788,-7.844384,399.782748,-570.184958,237.577874,-123.356461,237.577874,-84.524894,43.155824,-123.356461,43.155824,525.733393,672.42028,1.0,3.751496,1.118957,1.245324,3.0,136.0,979.6942478192119,1.4569671334410257,0.009243221989700708
49605.0,0.251117,0.856288,-0.451343,-0.435405,0.516374,0.737415,0.864502,0.01134,0.502502,191.507993,267.909079,-827.529753,3.594712,3.598768,3.596163,89.958568,89.973618,89.987327,78.548244,0.051373,0.046932,136.401719,1.0,616.999457,569.678129,94.532714,569.678129,590.572696,398.351218,94.532714,398.351218,300.391721,222.59337,69.450526,47.171245,69.450526,254.793137,55.775028,47.171245,55.775028,282.611834,149.257292,1.0,3.690834,1.044306,1.55768,3.0,140.0,101.61681557680947,0.6808164225357208,0.007331285905568388
50900.0,-0.565533,0.539885,0.623455,-0.638792,-0.764897,0.082923,0.521648,-0.351363,0.777449,131.313211,108.78783,-948.917663,3.597113,3.596054,3.594966,89.997379,90.053483,90.016886,80.766731,0.058818,0.056097,161.068645,1.0,776.755346,275.63391,-246.227053,275.63391,386.014995,105.732649,-246.227053,105.732649,-74.613157,247.870251,72.242961,22.578622,72.242961,260.540759,93.901281,22.578622,93.901281,260.557646,340.699835,1.0,1.703026,0.680197,2.163558,3.0,148.0,105.21631833607348,0.30882409536850375,0.006208533013982951
49190.0,0.266726,-0.065809,0.961523,-0.162557,0.980301,0.112187,-0.949964,-0.186226,0.250774,486.92205,-422.521228,-793.118527,3.598268,3.597113,3.595664,90.054987,89.961612,90.028092,167.239047,0.066467,0.075477,79.442722,0.929577,551.777305,-615.492459,-371.580315,-615.492459,623.451174,101.662937,-371.580315,101.662937,722.732495,203.332801,-94.905114,-188.02258,-94.905114,-57.69534,79.03996,-188.02258,79.03996,834.372936,720.789046,1.0,1.686948,1.317316,4.518809,3.0,132.0,817.9374460236439,1.1347806276507204,0.01170122292637455
50302.0,-0.196985,0.956864,-0.213558,-0.908647,-0.096381,0.40629,0.368182,0.274082,0.888437,309.494408,-71.209514,-894.355184,3.593564,3.595745,3.595869,89.979239,89.985649,90.019924,122.30934,0.058498,0.055193,70.465737,0.985714,259.579001,124.708371,97.269733,124.708371,-352.79557,187.297509,97.269733,187.297509,359.711693,239.423567,182.193635,-119.508117,182.193635,-331.033444,117.595509,-119.508117,117.595509,504.35625,681.602654,1.0,3.625534,0.476867,0.930875,3.0,138.0,769.8845986128695,1.1295211280278692,0.013988557304098018
49430.0,0.534875,-0.121748,0.836114,-0.775975,0.32077,0.543111,-0.334323,-0.9393,0.077098,30.348408,391.2399,-647.0795459999999,3.595146,3.595674,3.590965,89.998403,89.961142,90.021081,152.895424,0.054082,0.062359,65.974166,0.835714,-373.615678,-701.476336,-65.073829,-701.476336,-404.565641,-296.052285,-65.073829,-296.052285,100.594109,-112.265996,56.492227,108.286029,56.492227,164.616812,130.932186,108.286029,130.932186,477.239789,665.740014,1.0,2.146866,1.493621,3.483539,3.0,117.0,533.856251879143,0.8018990005896551,0.012667291618358617
49424.0,0.554309,0.688252,0.468029,-0.798438,0.280923,0.532521,0.235029,-0.668873,0.705245,60.876298,22.307669,-673.763425,3.594622,3.595642,3.594502,90.028959,90.034622,89.994308,151.048697,0.068566,0.073153,71.553437,0.943662,-187.763974,-75.090095,-346.872367,-75.090095,138.979194,136.163262,-346.872367,136.163262,200.108281,27.75343,-145.41156,-276.983726,-145.41156,95.172751,-66.422004,-276.983726,-66.422004,162.068515,715.90146,1.0,2.420562,0.788028,2.803689,3.0,134.0,300.3960164870541,0.41960525752671896,0.013188213446686005
50378.0,0.364967,-0.516681,-0.774493,0.627853,0.75084,-0.205036,0.687459,-0.411436,0.598432,-47.423075,90.132747,-820.552238,3.595337,3.595996,3.595114,89.971533,90.008044,90.037664,58.748692,0.068715,0.056974,117.87608,1.0,540.322495,-143.172411,258.078681,-143.172411,-101.741453,-17.700552,258.078681,-17.700552,180.575353,205.847097,-110.025791,92.900428,-110.025791,30.884678,-28.630275,92.900428,-28.630275,286.774404,397.532971,1.0,4.971188,0.929254,2.110104,3.0,142.0,259.7830000543344,0.6534879343488076,0.008483485368702455
49381.0,-0.165812,0.854591,-0.492118,0.466406,0.507644,0.724405,0.868891,-0.109411,-0.48276,404.963488,-10.126635,-972.494896,3.596603,3.591183,3.595792,89.954796,90.047666,90.009506,107.446448,0.070226,0.068211,96.029126,0.992754,-1013.806284,-308.845777,27.881679,-308.845777,-19.351961,-165.81716,27.881679,-165.81716,853.884382,-303.002608,-178.05596,-77.418767,-178.05596,141.138029,-75.788774,-77.418767,-75.788774,630.492959,389.735378,1.0,3.738318,2.0746,1.696058,3.0,137.0,828.6451048302704,2.1261736850337214,0.010338050978408363
49462.0,0.488526,-0.082684,0.868623,-0.728531,0.509205,0.458207,-0.480193,-0.856664,0.188522,-57.724964,-245.913209,-712.506653,3.59474,3.595945,3.595448,89.97904,89.998384,89.929273,145.156031,0.065813,0.070321,72.432298,0.971014,86.517668,323.516124,-321.205149,323.516124,-254.168732,45.542998,-321.205149,45.542998,698.847907,108.517243,55.153758,1.639108,55.153758,47.19552,38.662552,1.639108,38.662552,592.56012,741.291152,1.0,2.056209,1.38114,3.652491,3.0,134.0,520.7156288968348,0.7024441442366424,0.013405815179300262
49492.0,0.420322,0.516343,0.746136,-0.648551,0.746056,-0.150938,-0.634595,-0.420465,0.648458,-63.911109,-54.640295,-865.233707,3.595102,3.595636,3.595674,89.985367,90.008847,89.99112,102.36148,0.05488,0.055563,91.450544,0.986111,312.413666,141.099434,23.838401,141.099434,68.012814,17.21021,23.838401,17.21021,229.012451,334.21086,68.770033,65.183054,68.770033,45.283635,4.597967,65.183054,4.597967,185.275044,578.339529,1.0,1.371197,0.865239,4.127227,3.0,141.0,263.39831731597434,0.455438897236392,0.010782997638592506
50994.0,0.631715,0.533396,-0.562517,0.357059,0.443874,0.821879,0.688073,-0.720045,0.089948,-352.824137,-267.952372,-779.267613,3.595891,3.594434,3.595665,90.025706,89.985891,90.01326,45.036188,0.061101,0.048691,129.514172,1.0,154.01405,-124.5996,26.756254,-124.5996,69.818907,316.743433,26.756254,316.743433,268.334336,111.534811,19.525274,39.218093,19.525274,285.24276,39.715681,39.218093,39.715681,269.382746,126.868364,1.0,3.741791,1.480726,2.378896,3.0,140.0,174.0501477514013,1.3718955795110694,0.007721162746575718
50216.0,-0.021743,0.865677,-0.50013,-0.501682,0.423259,0.754431,0.864779,0.26731,0.425092,-79.991389,151.658269,-920.1675270000001,3.59576,3.594669,3.594625,89.977787,89.991644,90.020133,75.609502,0.066678,0.0569,90.230995,1.0,-182.264979,188.522721,-120.486122,188.522721,192.979394,-70.345215,-120.486122,-70.345215,221.491011,-42.872604,132.056548,-147.157511,132.056548,129.201755,-109.590779,-147.157511,-109.590779,301.48193,555.095617,1.0,3.727,1.131733,1.271004,3.0,144.0,356.7398873426379,0.6426638518074229,0.011082666216858187
49219.0,-0.402995,-0.774395,0.487758,0.634968,0.147233,0.758379,-0.659098,0.615333,0.432382,386.094319,341.526192,-638.047573,3.59427,3.596472,3.58778,89.985329,90.013135,90.024369,190.387978,0.07734,0.074189,62.392242,0.875,-377.299357,-687.051411,-676.154337,-687.051411,-1277.438226,-505.206148,-676.154337,-505.206148,69.579236,-150.933289,-51.729322,-69.264448,-51.729322,-308.678651,25.743346,-69.264448,25.743346,362.330463,800.234105,1.0,2.570042,1.123664,5.46346,3.0,125.0,612.6911207870544,0.7656398508372176,0.014024179480519388
49994.0,0.073395,-0.26293,0.962019,-0.861498,0.469249,0.193977,-0.502429,-0.843014,-0.192073,-236.598547,-290.838877,-714.251895,3.595676,3.596548,3.594905,90.008642,90.005819,89.992494,60.393753,0.052896,0.047955,120.576604,1.0,107.163421,-41.670616,180.612069,-41.670616,255.98076,-40.08787,180.612069,-40.08787,446.027864,124.395878,-122.503532,-0.934493,-122.503532,86.020502,-169.290556,-0.934493,-169.290556,584.426301,802.67024,1.0,1.769763,1.764071,3.679059,3.0,144.0,513.3273426947835,0.6395245732478926,0.008293482871685456
49443.0,0.55631,0.743736,0.370643,-0.822225,0.55722,0.115982,-0.120269,-0.369274,0.921505,1.316087,287.409972,-685.9234710000001,3.596654,3.59299,3.594715,90.062662,90.006746,90.027866,124.97564,0.060439,0.060957,104.114918,0.993056,-632.878376,-518.280085,-159.727844,-518.280085,371.997951,-117.191393,-159.727844,-117.191393,298.654872,-87.394594,-21.517357,-15.201443,-21.517357,231.845096,113.122234,-15.201443,113.122234,454.75275,676.346992,1.0,1.874065,0.398857,3.45645,3.0,143.0,482.5772606585301,0.713505443753833,0.00953807599406648
49237.0,-0.040383,0.253706,-0.966438,0.205912,0.948579,0.240413,0.977737,-0.189292,-0.090547,-197.529857,484.302145,-819.740061,3.595422,3.594883,3.594388,89.972968,89.988845,90.031684,86.60702,0.06565,0.057687,82.12972,1.0,-190.953352,-195.375763,-142.577279,-195.375763,47.144907,-222.485772,-142.577279,-222.485772,275.015768,-153.236167,-120.548771,-42.736066,-120.548771,78.381046,-100.991712,-42.736066,-100.991712,321.552741,440.858026,1.0,4.468576,1.661467,1.762033,3.0,146.0,434.76434357941514,0.9861776761197383,0.012175860334115347
49239.0,-0.495884,-0.673954,-0.547618,0.779829,-0.62305,0.060629,-0.382055,-0.396983,0.834529,86.842736,-261.239962,-871.801709,3.598605,3.592898,3.596486,89.925614,89.918345,89.912699,204.923404,0.115903,0.107834,72.544437,0.830986,1551.870084,-942.818194,-179.691826,-942.818194,-266.659052,-381.823907,-179.691826,-381.823907,-239.731905,82.257619,-115.038164,0.419627,-115.038164,95.687791,-37.09468,0.419627,-37.09468,191.595463,1035.696463,1.0,4.602123,0.583519,3.907831,3.0,117.0,147.0516423240423,0.14198333930589305,0.011454854905001192
50920.0,-0.489527,0.717709,-0.495234,-0.551054,0.185533,0.813583,0.675798,0.671171,0.304673,507.474046,97.450925,-924.751855,3.594212,3.594444,3.593065,89.954086,90.003787,89.910203,127.299654,0.075626,0.070056,72.077233,0.979167,-1043.807083,-42.967262,172.534975,-42.967262,-365.981258,-33.402429,172.534975,-33.402429,712.852836,-120.106548,210.934097,-159.579484,210.934097,-296.168998,-126.717666,-159.579484,-126.717666,637.521042,573.906906,1.0,3.68839,1.261201,0.788833,3.0,141.0,896.0465668773891,1.561309957258798,0.013584969334214035
49275.0,-0.509752,-0.219258,-0.831913,0.845272,-0.307719,-0.436835,-0.160216,-0.92587,0.342192,-47.016771,83.090045,-698.52874,3.595277,3.593682,3.595898,89.996391,89.974059,90.005396,137.478709,0.06117,0.067939,79.131225,0.993056,440.546804,-63.558946,-150.546074,-63.558946,6.083442,-26.927757,-150.546074,-26.927757,-269.508912,354.11676,51.311902,-10.133215,51.311902,-202.034713,-151.896835,-10.133215,-151.896835,282.426039,523.523943,1.0,5.195912,1.221547,3.312939,3.0,143.0,542.1524708742651,1.0355829530307938,0.012549483468757118
49575.0,0.325298,-0.074112,0.942703,-0.603793,0.750958,0.267388,-0.727747,-0.656178,0.199537,214.435331,324.022661,-943.01969,3.596746,3.592304,3.590916,90.050007,89.963754,90.026413,188.662181,0.078782,0.081456,68.170966,0.857143,-623.854862,-859.200704,-248.708258,-859.200704,-323.536434,468.488854,-248.708258,468.488854,-236.648091,388.776908,85.73805,-393.333851,85.73805,-391.908988,68.15018,-393.333851,68.15018,413.109608,674.076417,1.0,1.847177,1.369911,3.97866,3.0,120.0,868.38296744579,1.2882559685303305,0.012573431921149538
50150.0,0.243062,-0.274115,-0.930474,0.839868,0.53941,0.060485,0.485327,-0.796177,0.361331,123.018779,-298.669461,-658.383012,3.596101,3.59645,3.594736,90.001597,89.988577,90.021322,126.776094,0.066969,0.066965,90.814372,0.921053,29.729241,-43.819141,164.39979,-43.819141,245.904328,56.787643,164.39979,56.787643,577.404776,80.910493,61.612133,184.383578,61.612133,259.429053,97.63869,184.383578,97.63869,413.463346,629.917784,1.0,4.647476,1.201102,2.594165,3.0,140.0,344.3667003018983,0.5466851532832708,0.010142150187417471
50806.0,-0.460231,-0.445981,0.767651,-0.621522,0.779289,0.08012,-0.633954,-0.440239,-0.63584,-214.56185,-78.199854,-872.0874670000001,3.592515,3.595291,3.595958,89.987997,89.948879,90.000494,142.698478,0.0756,0.068405,80.24921,0.967532,-289.574341,-379.445278,-410.448573,-379.445278,-171.159743,-214.973528,-410.448573,-214.973528,333.381722,285.959223,-29.528545,123.051382,-29.528545,-19.745076,-67.020373,123.051382,-67.020373,436.553846,590.450001,1.0,1.67479,2.259892,4.105409,3.0,149.0,421.36713628997853,0.7136372860976226,0.012056592208197438
50528.0,-0.297559,-0.387081,0.872713,-0.709129,0.701653,0.069426,-0.639215,-0.598207,-0.483273,-88.56563,-329.1342,-988.574113,3.597535,3.594961,3.594144,89.929869,89.960601,90.070112,130.117349,0.081437,0.072897,80.382961,0.992958,-781.800649,235.35604,-376.491438,235.35604,1055.087321,216.690248,-376.491438,216.690248,398.163286,-46.587121,-10.738694,113.857485,-10.738694,120.029464,48.404271,113.857485,48.404271,353.969982,540.575129,1.0,1.650181,2.075186,3.960118,3.0,141.0,364.7382451556949,0.6747225789510841,0.012352841791931503
49754.0,0.187548,0.918451,0.348242,-0.426397,-0.243261,0.871212,0.884879,-0.311883,0.346002,374.557305,182.055906,-874.4397,3.595268,3.59423,3.594262,89.981878,90.015506,90.003581,112.497284,0.06628,0.059017,77.718578,1.0,-57.982074,104.356632,8.063242,104.356632,-55.60088,-244.39343,8.063242,-244.39343,-14.432638,-140.684661,97.719205,79.326533,97.719205,-187.540508,12.499059,79.326533,12.499059,253.652546,635.286551,1.0,2.761326,1.21749,1.90966,3.0,142.0,433.7888695147511,0.6828239458743888,0.012866936397112156
49868.0,0.19052,0.972636,-0.132972,-0.908156,0.22606,0.352349,0.372767,0.05363,0.926374,90.499245,33.815315,-962.016923,3.594881,3.595106,3.596468,89.989043,90.006926,89.99916,62.295539,0.051467,0.050678,130.390888,1.0,87.20371,5.463914,29.42954,5.463914,148.00644,209.869898,29.42954,209.869898,386.195497,361.365841,6.942969,-16.361548,6.942969,110.395261,56.215637,-16.361548,56.215637,300.360263,401.598056,1.0,3.502454,0.386129,1.427908,3.0,144.0,232.38843444728593,0.5786592613567979,0.007669247562759141
49293.0,-0.45985,-0.646496,-0.608753,0.812807,-0.582515,0.004639,-0.357607,-0.492665,0.793346,-195.744018,12.517252,-815.465287,3.594119,3.593934,3.595907,90.020872,90.03153,90.017101,108.682622,0.068038,0.058918,77.501809,0.849315,-396.080566,90.46194,-245.752611,90.46194,-50.05097,-76.542813,-245.752611,-76.542813,373.676039,-115.413368,80.32632,-397.577236,80.32632,40.272833,-107.847886,-397.577236,-107.847886,297.936933,602.28146,1.0,4.704769,0.65451,3.769466,3.0,124.0,512.6958977428187,0.8512563175077956,0.010958647429765158
50238.0,0.344251,-0.126513,-0.930315,0.895302,0.342603,0.284705,0.28271,-0.930923,0.231209,-314.359508,-429.167169,-719.324115,3.590482,3.594735,3.594335,89.994747,89.955934,90.082846,149.149918,0.066606,0.062219,88.049763,0.992857,-410.434267,-637.438184,133.845286,-637.438184,-1197.999037,326.762695,133.845286,326.762695,308.535848,116.515527,126.759679,-83.373381,126.759679,-7.35713,-43.516697,-83.373381,-43.516697,400.713816,409.944316,1.0,4.415408,1.337476,2.846756,3.0,139.0,387.3010839696412,0.9447651030966878,0.011276089408667688
49298.0,0.607646,0.75846,0.235595,-0.69578,0.365341,0.618398,0.382957,-0.539689,0.749719,-69.911496,176.426445,-922.328637,3.594088,3.595203,3.595091,90.012216,90.025414,90.038939,193.4267,0.083643,0.096038,75.014559,0.915493,-402.317687,124.475835,-233.129095,124.475835,281.995375,-37.310824,-233.129095,-37.310824,165.205955,-225.714732,-88.755558,-46.404985,-88.755558,32.047917,25.371349,-46.404985,25.371349,481.687818,955.80965,1.0,2.777592,0.723159,2.524461,3.0,130.0,626.517360942824,0.6554834018916046,0.0122042042532037
50209.0,0.00621,-0.449381,0.893319,-0.397647,0.818557,0.414537,-0.917517,-0.3578,-0.173612,250.970406,-401.937641,-776.27435,3.59562,3.593909,3.595858,89.982527,89.949731,89.978492,108.501872,0.071844,0.05915,83.227018,1.0,82.850835,162.42227,-406.811696,162.42227,-226.236871,-160.582454,-406.811696,-160.582454,467.349053,138.377729,9.589159,-22.120941,9.589159,-129.826874,-66.812179,-22.120941,-66.812179,479.519377,545.6105,1.0,2.005265,1.745292,4.340563,3.0,146.0,532.5325903519755,0.9760306855384482,0.012015328964447578
49304.0,-0.457084,-0.625463,-0.632353,0.832893,-0.550427,-0.057611,-0.312031,-0.553016,0.772535,-376.906725,55.7957,-721.594731,3.595126,3.596684,3.596652,89.985238,89.985021,89.984536,102.343226,0.05934,0.057035,81.164452,1.0,701.422842,112.427149,-34.629008,112.427149,112.051958,109.82228,-34.629008,109.82228,366.760555,119.392917,-48.679196,-244.918132,-48.679196,204.848309,181.332376,-244.918132,181.332376,434.296433,918.235983,1.0,4.803244,0.687973,3.655299,3.0,144.0,388.56612638985087,0.4231658675805246,0.012320664716617566
49319.0,-0.242941,0.228854,-0.942659,0.542222,0.83782,0.063661,0.804348,-0.495664,-0.32763,-289.723574,427.137846,-690.609336,3.593143,3.595333,3.592489,90.018404,90.109596,90.034094,131.267004,0.093205,0.075262,83.128557,0.986486,-909.625066,779.584904,370.170554,779.584904,-371.526135,-200.645439,370.170554,-200.645439,373.681058,9.358997,42.446931,-28.91423,42.446931,-92.212503,30.934304,-28.91423,30.934304,438.436364,527.05875,1.0,4.644958,1.90459,2.123065,3.0,146.0,490.6141229367284,0.9308528184699113,0.011866992951651981
50989.0,-0.435873,-0.454365,0.776896,-0.456196,0.855639,0.244472,-0.775822,-0.247858,-0.58023,498.463064,3.887128,-976.001278,3.594793,3.594189,3.588963,89.946619,89.920348,89.996519,133.343195,0.068808,0.066091,72.215021,0.935714,-1786.868641,-310.21663,515.398772,-310.21663,-189.074365,41.747429,515.398772,41.747429,229.037309,-282.039557,-2.336338,-153.755344,-2.336338,-252.796343,-31.049752,-153.755344,-31.049752,482.666732,515.144842,1.0,1.875664,2.189807,4.403159,3.0,131.0,762.7097042008388,1.4805733106822776,0.012957331965603114
49322.0,0.622121,0.445568,0.643766,-0.764296,0.523916,0.375983,-0.169754,-0.725935,0.666485,-247.267209,75.106903,-748.13691,3.59575,3.596961,3.595474,89.984308,89.983037,89.972548,157.415892,0.066032,0.067932,66.721271,0.847826,645.912196,87.562379,-246.314747,87.562379,139.384696,-110.155089,-246.314747,-110.155089,317.216175,-126.037534,-28.066398,-162.7119,-28.066398,392.618535,-24.571032,-162.7119,-24.571032,632.543322,762.634284,1.0,2.099395,0.841312,3.371307,3.0,117.0,686.9544626410818,0.9007652515148163,0.012706982155660672
49645.0,0.299195,0.425879,0.853879,-0.628601,0.761217,-0.159405,-0.717874,-0.489056,0.49546,-44.899166,440.171757,-965.050499,3.594056,3.591703,3.591401,90.009936,90.035157,89.96461,216.442712,0.090852,0.098238,72.297381,0.815068,-988.684796,4.942871,-155.2357,4.942871,-924.342517,249.054625,-155.2357,249.054625,-51.373122,-315.203038,-200.91536,-205.471794,-200.91536,40.557231,-254.478913,-205.471794,-254.478913,-14.915546,1257.290145,1.0,1.386237,1.052432,4.114354,3.0,119.0,469.4853094621005,0.3734104743675538,0.011273824704659772
50326.0,-0.169883,-0.314605,0.933897,-0.751513,0.654383,0.083738,-0.637471,-0.68761,-0.347598,444.089639,210.559291,-796.904732,3.593402,3.59718,3.591249,89.967479,89.87777,89.966384,166.104914,0.072303,0.070935,78.864637,0.957143,-1264.581204,-824.263627,-208.799329,-824.263627,-318.808589,-286.787983,-208.799329,-286.787983,916.021291,50.443908,96.705731,72.682368,96.705731,-137.959612,15.089008,72.682368,15.089008,955.942317,811.459169,1.0,1.660223,1.925804,3.88917,3.0,134.0,1018.4150161164595,1.255041602859083,0.012136529582961245
49339.0,-0.449778,-0.785436,-0.425194,0.889703,-0.435745,-0.136218,-0.078286,-0.439564,0.894793,-105.396454,172.662615,-760.519516,3.593896,3.594617,3.59601,90.010131,89.998423,90.016167,105.03512,0.062211,0.062013,88.487868,0.914286,-158.169474,143.47069,-150.456984,143.47069,-90.296643,57.400613,-150.456984,57.400613,332.646079,-169.628905,-28.313972,-155.767416,-28.313972,119.079841,-51.951406,-155.767416,-51.951406,328.374492,487.221137,1.0,5.022423,0.462829,3.317844,3.0,128.0,456.51426626246297,0.9369754955078292,0.01033233165929594
49583.0,0.414868,0.681753,0.602576,-0.8501,0.526519,-0.010416,-0.324369,-0.507928,0.797994,-277.015394,335.858209,-684.463647,3.595933,3.59446,3.595184,90.041224,90.061829,90.084648,91.237988,0.074914,0.062049,140.003143,1.0,-918.294532,288.9134,202.548107,288.9134,873.192553,129.263023,202.548107,129.263023,420.631056,132.353984,-22.06477,10.044859,-22.06477,105.422749,5.933586,10.044859,5.933586,352.21556,223.705106,1.0,1.553512,0.646837,3.70992,3.0,142.0,235.4841148003024,1.052654179472785,0.007142696789314223
49353.0,-0.338864,-0.940724,0.014483,0.730142,-0.253239,0.634636,-0.593349,0.22563,0.772675,236.345125,361.576785,-652.184936,3.596138,3.594028,3.592324,89.942969,90.007968,89.9958,97.522879,0.077249,0.060018,101.129091,1.0,-120.678192,-456.441687,-210.745666,-456.441687,-314.080999,-514.207992,-210.745666,-514.207992,-46.95663,185.487056,6.836496,20.882794,6.836496,20.555187,7.281776,20.882794,7.281776,385.097165,320.241503,1.0,3.118776,0.687751,5.075768,3.0,138.0,316.8133127630178,0.9892949845511366,0.009888351513018149
49436.0,-0.216092,-0.492727,-0.842926,0.601859,0.612572,-0.512368,0.768811,-0.618041,0.16418,-155.565444,55.556689,-717.001501,3.592874,3.596163,3.592914,90.013402,90.033294,90.040637,142.689343,0.059737,0.06647,78.10347,0.801471,-567.482684,26.846793,511.117512,26.846793,-181.838393,-345.788978,511.117512,-345.788978,117.75129,-581.886554,-18.36879,-111.575375,-18.36879,110.552527,-455.463152,-111.575375,-455.463152,285.011534,808.624432,1.0,5.258556,1.405869,2.247906,3.0,109.0,892.1238311946809,1.103261039229496,0.010261656748413355
49576.0,0.425102,0.661362,0.617971,-0.874824,0.475436,0.092972,-0.232318,-0.580138,0.780684,-406.017576,399.761876,-706.587912,3.592921,3.594741,3.596222,90.001407,90.008346,90.004326,120.387617,0.057827,0.058038,83.714268,1.0,-3.456178,258.235595,248.216418,258.235595,-341.507362,-40.563756,248.216418,-40.563756,251.320842,261.064979,61.951485,219.038219,61.951485,-167.899409,-157.467693,219.038219,-157.467693,491.738941,688.446967,1.0,1.720123,0.675037,3.52249,3.0,144.0,627.3999438278679,0.911326469432856,0.011945395019162086
49359.0,-0.437199,-0.408296,-0.801343,0.89925,-0.212706,-0.382239,-0.014383,-0.887722,0.460155,453.317259,314.082186,-818.153459,3.59426,3.594763,3.59298,90.084707,89.995608,90.014159,126.023226,0.060259,0.056958,90.230974,1.0,-840.054808,-325.729003,-261.220384,-325.729003,-278.647394,24.65756,-261.220384,24.65756,500.761723,-5.688181,153.389469,66.468364,153.389469,-45.827379,-120.872082,66.468364,-120.872082,701.857243,497.26837,1.0,5.157466,1.092626,3.157794,3.0,140.0,750.0328744277266,1.5083060167847124,0.011082668796194087
49611.0,0.373712,0.62818,0.682444,-0.802717,0.587681,-0.101377,-0.464742,-0.509923,0.723873,307.151463,383.810629,-654.036209,3.594009,3.592837,3.594376,90.038485,90.01187,89.940198,141.97324,0.062758,0.064828,70.291647,0.901408,-380.382256,-328.371116,-127.722071,-328.371116,-784.492766,56.235712,-127.722071,56.235712,329.847743,-509.166013,-154.436518,16.938449,-154.436518,-154.957887,-49.325194,16.938449,-49.325194,458.441624,732.862771,1.0,1.423324,0.761396,3.880669,3.0,128.0,859.6053401604239,1.172941748681656,0.01282382812853994
51233.0,0.659945,0.614888,-0.431725,0.220961,0.390367,0.89375,0.718087,-0.68522,0.121754,58.317595,498.778277,-872.759916,3.594386,3.596948,3.59554,89.959045,90.012239,90.02852,112.147195,0.060026,0.058713,80.09091,1.0,-100.305644,32.619653,-157.423694,32.619653,431.035204,-461.159346,-157.423694,-461.159346,407.122592,-136.750756,-63.533499,-85.134862,-63.533499,63.59834,67.238589,-85.134862,67.238589,461.398248,492.650661,1.0,3.591588,1.448739,2.332778,3.0,138.0,538.4584362648138,1.0929822669309557,0.012485811436029384
49366.0,-0.366617,-0.926129,-0.088754,0.792986,-0.360947,0.490807,-0.486586,0.109557,0.866736,-189.992574,7.89245,-636.646658,3.595337,3.594077,3.594435,90.033886,90.032989,90.02307,155.934606,0.081529,0.077014,59.093162,0.864286,-341.004666,212.041861,291.421729,212.041861,55.791042,-198.309893,291.421729,-198.309893,181.431089,297.99672,108.852297,-11.747216,108.852297,-175.953983,-125.681301,-11.747216,-125.681301,569.261635,835.156493,1.0,3.320492,0.522176,4.933851,3.0,121.0,669.041909709602,0.801097656926918,0.014625820835243171
49822.0,-0.039861,-0.214546,-0.9759,0.98226,0.170695,-0.077647,0.18324,-0.961683,0.203936,-139.010417,395.999284,-806.964152,3.592377,3.595931,3.596855,89.988352,89.982276,90.023533,102.297697,0.06114,0.058226,92.670162,0.977941,625.669268,-60.087018,18.345056,-60.087018,-716.318911,45.317699,18.345056,45.317699,352.823178,47.150512,-19.941707,121.541413,-19.941707,-123.252439,61.555647,121.541413,61.555647,496.850513,484.405896,1.0,4.791786,1.36542,2.953308,3.0,133.0,567.5533253944386,1.171648260438264,0.010552922093737139
50983.0,0.746407,-0.518684,-0.416945,0.457164,-0.055654,0.887639,-0.483609,-0.853153,0.195583,128.474919,-21.837758,-643.080616,3.594804,3.595265,3.594918,90.021627,89.99328,90.006561,115.082345,0.058952,0.05922,76.833129,0.986667,-16.087071,118.096344,48.572189,118.096344,112.333026,157.444187,48.572189,157.444187,116.885367,206.752735,1.183173,156.138945,1.183173,-183.427081,33.211361,156.138945,33.211361,202.208069,716.30661,1.0,3.580727,1.373944,3.65728,3.0,148.0,411.82584822572016,0.5749295657424133,0.012841687080061519
49800.0,0.179534,0.948377,0.261436,-0.492353,-0.143453,0.858493,0.851679,-0.282848,0.441181,-1.52496,147.774928,-966.046452,3.597281,3.594774,3.595329,89.998882,90.000639,89.996383,57.395056,0.058714,0.049436,93.80469,1.0,57.468283,-35.128008,150.015293,-35.128008,298.960096,-239.272381,150.015293,-239.272381,523.396873,56.307191,74.498692,37.018191,74.498692,284.507183,-133.798389,37.018191,-133.798389,235.422992,314.090121,1.0,2.845986,1.113882,1.891442,3.0,150.0,248.7976889294032,0.7921219812239914,0.01066044778784515
49385.0,-0.064739,0.390351,-0.918387,0.299712,0.885434,0.355217,0.951831,-0.252255,-0.174315,-339.896223,13.92044,-923.477892,3.594951,3.594004,3.591109,89.944216,89.988277,90.025333,159.275164,0.085276,0.081529,73.474717,0.866197,-1208.48394,-114.59562,-239.527997,-114.59562,-72.518293,-134.070355,-239.527997,-134.070355,124.455258,-387.549542,-152.638167,210.036133,-152.638167,-133.904608,-140.430297,210.036133,-140.430297,104.846152,935.768219,1.0,4.343328,1.746006,1.829862,3.0,123.0,497.2386653678072,0.5313694729867794,0.011789048469557223
49597.0,0.420322,0.711616,0.562967,-0.904932,0.283256,0.317592,0.06654,-0.642938,0.763023,173.25506,454.70879,-701.847725,3.593403,3.595474,3.597404,89.973162,90.025142,90.004663,125.809445,0.059126,0.056987,87.109299,1.0,332.061053,509.190271,187.473835,509.190271,-24.557276,290.064074,187.473835,290.064074,265.486318,-131.610263,107.699166,61.90056,107.699166,120.162552,-76.768463,61.90056,-76.768463,347.632948,643.905076,1.0,2.08443,0.70282,3.038467,3.0,142.0,434.04646445639827,0.6740845516434448,0.011479830643568835
49392.0,-0.211555,-0.885733,0.413185,0.551691,0.240744,0.798548,-0.806772,0.396888,0.43772,352.653973,327.866551,-752.804878,3.595397,3.595497,3.599829,90.000501,89.997224,90.022788,106.672457,0.066689,0.057224,115.755995,1.0,339.514411,512.239464,78.398756,512.239464,937.343706,417.079033,78.398756,417.079033,532.073925,379.143713,-35.807535,118.677424,-35.807535,160.320443,7.928979,118.677424,7.928979,409.293807,454.843657,1.0,2.664106,1.117735,5.169572,3.0,142.0,258.7706093243878,0.5689221017858183,0.008638861425708449
49599.0,0.415551,0.579532,0.701043,-0.899263,0.146066,0.4123,0.136542,-0.801753,0.581849,342.081959,196.60764,-712.40282,3.593864,3.597392,3.596738,89.982047,89.958249,89.994852,75.85101,0.059423,0.051792,103.165885,1.0,840.036989,179.89624,-53.641043,179.89624,-349.991796,-98.527513,-53.641043,-98.527513,559.670479,91.933195,115.867399,57.6249,115.867399,39.795191,15.253704,57.6249,15.253704,611.434698,334.233145,1.0,2.102437,0.949796,2.972906,3.0,146.0,558.9453225265859,1.6723216440026794,0.00969312675406216
49771.0,0.204363,-0.311502,0.92801,-0.547864,0.749237,0.372142,-0.811222,-0.584475,-0.017545,399.294104,-414.230707,-767.043803,3.594212,3.594068,3.593498,89.985878,90.025698,89.946087,106.895384,0.070837,0.051517,81.200632,0.965753,-538.109922,261.497455,162.150642,261.497455,-423.248537,-79.539641,162.150642,-79.539641,281.191724,-480.837169,-90.114874,131.759553,-90.114874,26.225826,-18.268297,131.759553,-18.268297,481.482189,509.05605,1.0,1.952174,1.588342,4.088045,3.0,141.0,845.3260569830447,1.6605756025943403,0.011893417282762036
50719.0,-0.455006,0.841752,-0.290556,-0.702792,-0.139069,0.69767,0.546858,0.521645,0.654854,-80.068388,-139.620139,-805.70185,3.595877,3.595719,3.595688,89.982368,90.019352,89.994834,59.286388,0.049419,0.04631,167.92358,1.0,126.152741,107.722311,139.457291,107.722311,434.437917,14.427321,139.457291,14.427321,291.6658,179.611009,-5.773426,37.756112,-5.773426,153.569062,-85.053621,37.756112,-85.053621,359.528366,399.714098,1.0,3.536214,0.856807,0.808991,3.0,140.0,210.36531984514366,0.5262894676413031,0.005955089809304924
49502.0,0.147808,0.899255,-0.411695,-0.089883,0.426758,0.899888,0.984923,-0.096007,0.143906,419.218277,-232.66322,-938.985017,3.596592,3.592113,3.590761,89.922839,89.997066,89.977331,165.774427,0.09444,0.093638,78.743889,0.917808,-1216.779777,549.534767,480.033407,549.534767,-527.932015,-68.509936,480.033407,-68.509936,421.341633,-228.120854,-92.885202,4.225417,-92.885202,-81.301948,-120.972001,4.225417,-120.972001,639.277875,723.279664,1.0,3.570662,1.426389,1.667966,3.0,134.0,814.8899427016469,1.126659552675667,0.011655609237181567
50509.0,-0.330442,-0.236023,0.913839,-0.787273,0.602971,-0.128943,-0.520585,-0.762049,-0.385062,-400.08226,-344.791381,-663.9121279999999,3.596685,3.59383,3.595996,89.991287,90.047839,89.961965,111.825643,0.063404,0.062501,85.840203,0.986486,608.080975,457.887917,148.42952,457.887917,-163.261856,285.346999,148.42952,285.346999,191.949836,165.268456,280.227969,-25.130577,280.227969,225.1632,-54.310755,-25.130577,-54.310755,278.901983,478.051129,1.0,1.430621,1.966071,3.740912,3.0,146.0,266.9748991421649,0.5584651576927138,0.011492121005352235
49406.0,-0.408653,-0.839994,-0.35695,0.908918,-0.339034,-0.242741,0.082883,-0.423635,0.902033,439.484728,174.904014,-778.158238,3.593893,3.596457,3.597486,90.010806,90.006313,90.031147,111.04868,0.051893,0.056028,83.487956,0.978571,135.818562,441.414597,-16.957545,441.414597,81.356189,-29.044813,-16.957545,-29.044813,788.652441,257.928653,250.120346,-44.704909,250.120346,-71.58782,-87.58106,-44.704909,-87.58106,959.478919,667.169204,1.0,5.309596,0.44634,2.948386,3.0,137.0,941.3278492743633,1.410928207762964,0.011721103820052798
49647.0,0.358483,0.661736,0.65848,-0.818585,-0.116273,0.562494,0.448786,-0.740666,0.500005,228.576754,202.823246,-678.254899,3.594817,3.595028,3.595583,90.016185,89.993483,90.007642,82.723486,0.073178,0.06156,90.124996,1.0,11.517946,52.323446,88.455593,52.323446,42.979868,86.146871,88.455593,86.146871,281.250001,-21.194756,17.462936,146.202156,17.462936,174.920754,207.636041,146.202156,207.636041,308.567308,517.511897,1.0,2.277742,1.047192,2.59683,3.0,138.0,362.115201713894,0.6997234340177768,0.011095700908547059
50808.0,0.587769,-0.711462,-0.385161,0.47281,-0.084239,0.877129,-0.656489,-0.697657,0.286873,348.275276,314.976828,-712.516098,3.593265,3.593354,3.59627,90.007575,90.03761,89.934838,137.028989,0.056949,0.064572,85.776307,0.802817,-637.04701,-570.838501,-189.85849,-570.838501,-74.744148,242.500648,-189.85849,242.500648,340.845536,65.072081,-58.283749,-17.959025,-58.283749,30.427311,185.874207,-17.959025,185.874207,491.171184,514.185714,1.0,3.555358,1.279835,3.896599,3.0,114.0,475.63049543699594,0.9250169393796032,0.009359426024251662
49534.0,0.032866,0.820663,-0.570466,0.169769,0.557896,0.812361,0.984936,-0.123547,-0.120987,84.911283,-236.655436,-884.842492,3.595773,3.592779,3.592353,90.029577,90.036021,89.963837,161.576198,0.076646,0.078581,72.87486,0.809859,-312.827493,41.415234,457.876959,41.415234,-860.469499,115.758796,457.876959,115.758796,250.700817,354.823469,-237.348166,178.597823,-237.348166,-337.609449,144.114053,178.597823,144.114053,104.343557,666.918555,1.0,3.753815,1.69208,1.695581,3.0,115.0,671.2027575896657,1.0064238767350921,0.011113009342316404
49413.0,-0.384189,-0.671401,-0.633735,0.878773,-0.476418,-0.028005,-0.28312,-0.567669,0.773043,433.65621,-40.001584,-871.127566,3.594604,3.594325,3.595887,90.046944,90.020013,89.986922,63.363716,0.05329,0.046777,121.118129,0.993056,-304.453415,-101.030272,-72.349677,-101.030272,-153.014519,-46.01341,-72.349677,-46.01341,622.935769,265.080369,86.155397,-196.049153,86.155397,-115.331731,-89.310188,-196.049153,-89.310188,588.944202,347.587531,1.0,4.75655,0.687172,3.604233,3.0,142.0,642.7897155027229,1.8492887637638613,0.008199069851879896
50575.0,0.529583,-0.302791,-0.792376,0.650487,0.744507,0.150254,0.544434,-0.595002,0.59124,292.754991,-336.439378,-892.176106,3.595025,3.592154,3.593614,90.101554,89.996015,90.021729,149.279119,0.056081,0.062796,87.8622,0.957143,-633.918687,737.331237,-132.341933,737.331237,-748.09201,21.756911,-132.341933,21.756911,427.032254,-2.329074,-19.660757,147.44897,-19.660757,-136.979126,21.257188,147.44897,21.257188,563.323665,692.470856,1.0,4.52499,0.938201,2.400546,3.0,134.0,656.6532855954147,0.9482756998446367,0.010893683518054408
50037.0,0.140684,-0.282449,-0.94891,0.698133,0.707896,-0.107206,0.70201,-0.647383,0.296776,443.258948,209.819334,-649.668809,3.594642,3.59605,3.594708,90.038732,89.987148,90.038495,93.174219,0.067853,0.064166,102.368338,1.0,-164.084563,97.222853,-85.778231,97.222853,-128.337717,-274.947496,-85.778231,-274.947496,620.283047,117.379963,155.601423,161.318032,155.601423,107.292744,-68.795687,161.318032,-68.795687,617.826365,341.757035,1.0,4.82489,1.269481,2.315734,3.0,142.0,544.8142649976876,1.5941566937976497,0.00976864545754372
49830.0,-0.023854,-0.994607,-0.100936,0.921357,-0.061056,0.383893,-0.387986,-0.083841,0.917844,-273.587307,317.042528,-698.667698,3.593055,3.592648,3.596628,90.026904,90.031466,90.080699,171.78987,0.063853,0.075309,88.596664,0.852941,-652.47681,714.955397,-167.140034,714.955397,-427.60736,217.228783,-167.140034,217.228783,553.391666,-294.695414,-28.504593,-236.128958,-28.504593,163.307042,102.972979,-236.128958,102.972979,504.203728,704.737074,1.0,3.398702,0.408182,4.499569,3.0,116.0,729.7177145529442,1.0354467523769642,0.009627236077421605
49427.0,-0.391618,-0.497754,-0.773871,0.914186,-0.115051,-0.388623,0.104405,-0.859653,0.500096,132.594449,-202.307884,-724.01424,3.594381,3.595577,3.595925,89.999692,90.020002,90.028176,60.138836,0.052353,0.047475,107.809397,0.993056,40.206341,346.75052,-44.408189,346.75052,145.254801,73.628703,-44.408189,73.628703,277.058946,455.970369,154.702165,11.801483,154.702165,-22.186219,-91.127777,11.801483,-91.127777,234.166521,652.480684,1.0,5.17778,1.047087,3.020735,3.0,143.0,442.7820326285772,0.6786132424857764,0.009211219315140034
50377.0,0.364294,-0.523973,-0.769898,0.622535,0.751866,-0.217134,0.692633,-0.400187,0.600092,239.158701,439.227068,-970.701417,3.593752,3.594256,3.59673,90.006955,89.955612,90.036904,187.893107,0.106826,0.098079,80.404202,0.873239,111.313394,-87.995703,-311.201926,-87.995703,-543.006035,-183.987947,-311.201926,-183.987947,575.206513,-451.801778,-199.925027,-22.21481,-199.925027,-114.745802,289.439629,-22.21481,289.439629,393.428258,785.119337,1.0,4.987279,0.92718,2.094715,3.0,124.0,797.6903031661706,1.0160115355382855,0.010860613976369046
49435.0,0.203265,-0.053862,0.977641,-0.172779,0.980844,0.089961,-0.963759,-0.187202,0.190065,-269.740396,7.352674,-850.638209,3.595878,3.594333,3.591792,90.012872,90.011827,89.988739,117.168299,0.063004,0.059978,80.401942,0.942857,-802.481144,-148.368157,-99.213675,-148.368157,-156.112751,-36.914939,-99.213675,-36.914939,341.804627,-182.311761,-102.106901,-134.304782,-102.106901,-213.236486,114.391369,-134.304782,114.391369,360.047878,639.175738,1.0,1.662557,1.379568,4.520537,3.0,132.0,585.6999006068718,0.9163362527488047,0.011726793862765154
49438.0,-0.358067,-0.587996,-0.725292,0.862586,0.08902,-0.498016,0.357397,-0.803951,0.475322,-144.736521,-240.157971,-650.13062,3.594897,3.595532,3.592605,90.05052,90.007725,89.988792,147.243021,0.070807,0.070772,71.513295,0.931507,-600.809966,-362.719263,205.78812,-362.719263,-1.080817,-137.221957,205.78812,-137.221957,271.435023,-240.088621,-99.905598,69.783954,-99.905598,-13.690423,-40.500016,69.783954,-40.500016,266.436409,885.404587,1.0,5.314093,1.075466,2.72328,3.0,136.0,453.33848399729,0.5120128025689684,0.013025647888270285
49446.0,-0.385798,-0.299533,-0.872606,0.919295,-0.045022,-0.390986,0.077827,-0.953023,0.292728,212.424005,-49.631788,-747.191937,3.593856,3.595841,3.593248,90.027537,90.056103,90.021463,88.19327,0.056778,0.050116,102.737648,1.0,-823.741665,279.52507,45.900303,279.52507,87.873253,4.692052,45.900303,4.692052,380.577564,-35.044365,78.48339,-199.271786,78.48339,94.409681,21.819768,-199.271786,21.819768,441.236438,562.11756,1.0,5.133634,1.273718,3.060111,3.0,144.0,465.5147886581454,0.8281448966976683,0.009733530205013064
50256.0,0.005709,-0.364074,0.931353,-0.33078,0.87825,0.345343,-0.943691,-0.310045,-0.115414,-330.688285,-85.0247,-991.695433,3.594908,3.594627,3.593411,90.025166,89.989168,90.00637,119.587545,0.061331,0.057898,77.644638,1.0,-174.646054,-296.784949,-12.039647,-296.784949,-185.889126,96.868685,-12.039647,96.868685,6.095816,96.955702,23.367187,109.936048,23.367187,-269.741488,-0.447542,109.936048,-0.447542,391.937512,573.152245,1.0,1.925877,1.686469,4.394954,3.0,144.0,582.343728816479,1.0160367230463854,0.012879189416788832
51094.0,0.517569,-0.38211,0.765581,0.21723,0.92411,0.314376,-0.827607,0.003596,0.561296,114.680954,164.635045,-764.355998,3.595887,3.594315,3.595266,90.010065,89.971534,90.035362,97.522422,0.076532,0.066475,86.572334,1.0,524.310046,21.021695,-238.361173,21.021695,-212.52172,123.913097,-238.361173,123.913097,35.111909,180.749081,1.069134,10.414577,1.069134,74.911977,144.23252,10.414577,144.23252,183.246794,449.381338,1.0,1.960439,0.974845,4.716734,3.0,144.0,164.7924500067958,0.36670959844530926,0.011551034306179155
49452.0,-0.354366,-0.51091,-0.783196,0.878317,0.105577,-0.466276,0.320912,-0.853127,0.411328,-127.845665,247.073608,-755.411219,3.59617,3.594564,3.594758,90.017923,90.006335,89.948879,145.889007,0.067165,0.06773,79.345572,0.942029,45.91396,-331.669229,-56.033942,-331.669229,450.664362,-284.479477,-56.033942,-284.479477,-143.007795,130.599461,-63.482635,46.718108,-63.482635,-181.953994,-113.714612,46.718108,-113.714612,308.150927,691.304997,1.0,5.249382,1.146886,2.781805,3.0,130.0,446.16839770177165,0.6454002207968587,0.011872483570979864
49774.0,0.21894,0.944481,0.244991,-0.625618,-0.056799,0.77806,0.748778,-0.323619,0.578448,103.733426,139.016112,-915.780904,3.595751,3.596089,3.59646,89.966835,90.018826,90.014297,79.523289,0.053705,0.052672,131.879384,1.0,441.669771,313.73371,4.115651,313.73371,526.409588,-48.083352,4.115651,-48.083352,166.684268,161.79702,-5.107484,67.776983,-5.107484,275.951951,47.392175,67.776983,47.392175,248.459266,330.197582,1.0,2.836546,0.953971,1.978746,3.0,148.0,125.69064600204595,0.3806528359194525,0.00758268631282051
49908.0,0.039908,-0.065124,-0.997079,0.943039,0.332296,0.016041,0.33028,-0.940924,0.074675,305.003661,230.923115,-971.132068,3.594031,3.594643,3.591582,89.955666,89.965444,90.032851,162.01787,0.066543,0.072267,70.755425,0.941176,-846.055086,-390.872341,340.768154,-390.872341,-345.560598,195.519794,340.768154,195.519794,88.260137,194.96745,-63.104824,-327.666153,-63.104824,-388.553511,-14.7668,-327.666153,-14.7668,488.661295,729.20557,1.0,4.696302,1.496051,2.804012,3.0,128.0,825.713836600508,1.1323471330594856,0.013301821026444262
51110.0,0.784381,0.495445,-0.373203,0.372897,0.104154,0.922008,0.495675,-0.862373,-0.103053,-30.782882,302.343458,-828.908191,3.594421,3.595816,3.599811,89.956509,89.957308,90.010159,112.944673,0.066534,0.057309,136.068971,1.0,-212.479256,-143.510315,-65.962597,-143.510315,1512.361982,-303.33471,-65.962597,-303.33471,320.8822,11.291455,5.305414,-25.685178,5.305414,189.730034,-29.630429,-25.685178,-29.630429,285.751436,190.327677,1.0,3.526206,1.674033,2.619924,3.0,142.0,243.6570073403348,1.2801974530500617,0.007349214098194363
50544.0,-0.362199,0.916119,-0.171864,-0.808938,-0.217349,0.546241,0.463068,0.336875,0.819807,395.943415,-159.251989,-735.569335,3.595277,3.594902,3.596657,90.011197,89.992965,89.979641,43.817322,0.045567,0.037279,120.266435,1.0,-6.289275,-189.175896,-123.398053,-189.175896,290.404349,87.5211,-123.398053,87.5211,443.67186,53.482609,-15.834162,-15.541133,-15.834162,7.949223,78.956776,-15.541133,78.956776,539.147518,197.062105,1.0,3.446417,0.609723,0.94186,3.0,144.0,514.881030749692,2.6127856025372913,0.008314871892560879
51150.0,-0.797295,-0.068825,0.599654,-0.583428,0.342511,-0.736409,-0.154705,-0.93699,-0.313236,507.725193,368.793589,-912.441141,3.587881,3.595614,3.594693,90.038818,89.912249,89.922542,191.327794,0.084647,0.077282,64.466015,0.842466,-1846.543446,-951.095618,597.160202,-951.095618,-70.957383,109.261226,597.160202,109.261226,237.122766,-479.20441,67.448005,29.891048,67.448005,157.252885,-118.455663,29.891048,-118.455663,679.299977,693.601295,1.0,0.683396,1.889395,3.305225,3.0,121.0,1012.1647957870548,1.459289080172572,0.013068374088269611
51045.0,0.714943,-0.601587,-0.356298,0.378073,-0.096034,0.920782,-0.588147,-0.793013,0.158785,-327.555988,169.442801,-787.523043,3.595488,3.59747,3.595379,89.970169,90.001641,90.023077,52.266509,0.09756,0.066631,138.246056,1.0,695.962492,-41.455878,351.753744,-41.455878,146.007419,-100.738449,351.753744,-100.738449,303.158275,204.752247,-82.091895,60.184556,-82.091895,297.063358,66.184746,60.184556,66.184746,353.72396,121.566259,1.0,3.510801,1.411336,3.779736,3.0,148.0,167.38706225430042,1.3769204023486519,0.007233479412967846
49735.0,0.28656,-0.067852,0.955657,-0.793475,0.542205,0.276425,-0.536917,-0.837502,0.101535,53.32939,5.61747,-680.653217,3.595333,3.594084,3.595443,89.96004,89.994363,89.994533,138.298297,0.063288,0.064344,66.428922,0.864286,171.122545,171.572826,-331.74766,171.572826,106.892054,103.721932,-331.74766,103.721932,-100.424126,-344.201612,70.467663,-2.539626,70.467663,-17.311209,111.583501,-2.539626,111.583501,263.879041,713.589428,1.0,1.852363,1.469086,3.711681,3.0,121.0,539.3616139511362,0.7558430559472025,0.013010688326388919
49480.0,-0.352538,-0.693151,-0.628696,0.934886,-0.231235,-0.269291,0.041283,-0.682695,0.729537,326.255008,-371.286755,-947.207097,3.595801,3.595803,3.593742,89.998121,89.994988,90.042088,173.604299,0.068897,0.078898,87.541308,0.93662,-76.877181,95.199595,171.49655,95.199595,392.319835,380.232123,171.49655,380.232123,-2.455356,-270.09669,223.445078,444.024953,223.445078,25.699575,-103.206043,444.024953,-103.206043,90.873946,919.685394,1.0,5.117079,0.753152,3.081195,3.0,133.0,551.6561214645563,0.5998313391335172,0.010699177581399629
50926.0,-0.505146,0.810585,-0.296275,-0.561757,-0.048208,0.825896,0.655176,0.583633,0.479704,-315.799176,-99.739099,-819.960312,3.598359,3.596129,3.595763,90.030829,89.972209,90.053797,74.748126,0.05496,0.047657,108.006629,1.0,1122.156261,158.396744,-465.870871,158.396744,283.327752,-157.149674,-465.870871,-157.149674,271.590556,222.991807,-7.581815,-14.175445,-7.581815,177.29094,-28.742269,-14.175445,-28.742269,317.074625,301.771994,1.0,3.486025,1.070479,0.843086,3.0,138.0,126.70130674132363,0.419857737830117,0.009258690964237018
50459.0,-0.22028,-0.259086,0.9404,-0.657137,0.75189,0.053222,-0.720866,-0.606248,-0.335881,-170.832205,21.93026,-921.390808,3.594201,3.595466,3.594806,89.978717,89.981798,90.00812,141.306674,0.073325,0.06943,68.955292,0.909722,-141.78947,-31.68314,-206.331367,-31.68314,123.209713,-177.234372,-206.331367,-177.234372,88.878042,327.318829,-26.517626,-152.662319,-26.517626,96.972353,-148.645406,-152.662319,-148.645406,383.296784,836.320473,1.0,1.627331,1.913337,4.013143,3.0,131.0,321.9715418504655,0.3849858424432777,0.013192925062227277
49709.0,0.341547,0.005008,0.939851,-0.931316,0.136368,0.337718,-0.126475,-0.990646,0.051241,-400.282139,305.644072,-736.338754,3.595499,3.595538,3.594042,89.977149,90.044028,89.952302,95.794926,0.048596,0.049224,119.28173,1.0,-390.405528,206.996899,-307.421662,206.996899,318.78872,337.935645,-307.421662,337.935645,309.644558,154.746101,-28.493141,109.33792,-28.493141,257.399831,85.696638,109.33792,85.696638,289.772872,676.680175,1.0,1.91576,1.519533,3.268575,3.0,138.0,173.18178505677207,0.2559285633819139,0.008383513552326916
49573.0,-0.131557,-0.230937,-0.964034,0.63792,0.724653,-0.260646,0.758783,-0.649266,0.051986,-266.03175,-285.720575,-777.67029,3.595813,3.593801,3.587069,89.952225,89.922707,89.982006,214.899328,0.106382,0.097685,91.087053,0.814286,-1625.732159,-1213.271386,-218.30217,-1213.271386,-398.29736,292.37437,-218.30217,292.37437,-73.787041,43.373595,79.50523,-63.262894,79.50523,-107.141551,-28.195147,-63.262894,-28.195147,381.510953,803.042871,1.0,4.976446,1.518787,2.278572,3.0,114.0,442.9730884712586,0.5516182316887271,0.008939645901157874
49509.0,-0.209782,-0.839118,0.501868,0.686207,0.239287,0.686922,-0.696499,0.488489,0.525611,371.710366,406.870252,-869.06105,3.597211,3.592853,3.599049,89.986598,89.959599,90.005468,117.404482,0.078979,0.067708,103.710548,1.0,-227.170107,466.993038,423.635048,466.993038,1214.400207,47.287911,423.635048,47.287911,373.440064,-30.413374,87.06895,182.604639,87.06895,268.709386,6.054377,182.604639,6.054377,419.228958,628.209908,1.0,2.510621,1.017364,5.32402,3.0,144.0,433.44662959261797,0.6899710177646831,0.00964222077006092
49762.0,0.277277,0.798887,0.533757,-0.859173,-0.042488,0.509918,0.430045,-0.599978,0.674602,493.685977,29.370056,-817.776515,3.597278,3.594488,3.594694,90.036794,89.985342,89.972763,109.952598,0.057762,0.056018,94.002739,0.978873,-124.749183,-499.502622,138.586403,-499.502622,436.843181,-87.418554,138.586403,-87.418554,310.840417,-195.564782,-90.213575,63.809448,-90.213575,153.121264,2.586501,63.809448,2.586501,399.784121,562.213265,1.0,2.333357,0.830371,2.519702,3.0,139.0,526.8728865369106,0.937140617870179,0.010413239129127928
50950.0,0.30972,0.903654,-0.295776,0.129459,0.268098,0.954654,0.941974,-0.333966,-0.033951,204.646175,55.88818,-873.505931,3.595907,3.593924,3.595472,90.039072,89.980699,90.013958,135.251576,0.072943,0.069143,71.204784,0.957746,-53.362437,-347.571611,2.344892,-347.571611,33.429083,290.396988,2.344892,290.396988,320.950022,223.183554,9.323491,-67.812643,9.323491,-78.030357,-26.555467,-67.812643,-26.555467,446.149753,721.425005,1.0,3.442039,1.604754,1.911509,3.0,136.0,460.0513808750206,0.6376981358928924,0.013450585005636699
50568.0,-0.229238,-0.24347,0.942429,-0.545539,0.83399,0.082758,-0.806125,-0.49516,-0.324004,-283.611311,444.318978,-688.449393,3.597374,3.595128,3.594408,89.958493,90.005797,90.027222,94.545119,0.075799,0.06731,103.78673,1.0,-208.165201,380.843748,-2.786143,380.843748,563.156426,257.540312,-2.786143,257.540312,392.853502,193.23355,251.478105,-343.742571,251.478105,99.437758,108.21339,-343.742571,108.21339,671.703855,754.224401,1.0,1.658385,1.900755,4.161559,3.0,146.0,653.7910462909282,0.8668388949284713,0.009635143144022362
49839.0,-0.003243,-0.12491,-0.992163,0.82602,0.558885,-0.073062,0.563631,-0.819783,0.101366,360.081049,232.872839,-718.004629,3.593501,3.595887,3.592023,90.001661,89.945942,90.04921,153.242592,0.066622,0.068217,78.675572,0.9375,-739.856336,-409.530614,-137.079515,-409.530614,-592.162913,-127.638167,-137.079515,-127.638167,549.961677,-522.800642,60.78825,3.120219,60.78825,-54.869366,103.748612,3.120219,103.748612,580.104929,651.689023,1.0,4.785896,1.469256,2.53928,3.0,135.0,964.4313908483762,1.4798950984454071,0.011916023947051824
49946.0,0.080332,-0.985926,-0.146617,0.991572,0.064043,0.112624,-0.10165,-0.154428,0.982761,374.837683,-367.834216,-756.766937,3.594595,3.59738,3.597138,89.968445,90.005295,89.97314,112.118971,0.066544,0.061379,88.029086,1.0,771.390065,-315.440574,-228.515432,-315.440574,-4.829662,1.273675,-228.515432,1.273675,594.243585,-30.056402,106.460641,-130.281449,106.460641,-84.107499,-121.476974,-130.281449,-121.476974,756.572584,451.133774,1.0,4.057369,0.18595,3.723733,3.0,144.0,834.579341203393,1.8499597886532722,0.011359881664567095
49562.0,-0.268123,-0.279888,-0.921831,0.962524,-0.118264,-0.244051,-0.040712,-0.95272,0.301109,-162.659357,310.600033,-762.685695,3.5943,3.59677,3.595969,89.981709,89.955382,89.985916,125.780722,0.07718,0.072164,86.352006,1.0,619.181047,-193.523659,197.093413,-193.523659,-287.177317,79.482516,197.093413,79.482516,451.69044,240.215642,17.4951,134.500038,17.4951,-205.378391,-110.083418,134.500038,-110.083418,399.754015,872.31902,1.0,4.971198,1.264941,3.184299,3.0,144.0,563.8988428756093,0.6464364870498974,0.011580506884808212
49813.0,0.229911,0.905553,0.356532,-0.889546,0.04693,0.454428,0.394776,-0.42163,0.816321,-31.175897,-35.057149,-699.858699,3.595558,3.596141,3.595571,90.03262,89.974143,90.008551,128.550879,0.063337,0.063898,74.043596,0.816901,182.954117,-103.276679,-173.840002,-103.276679,40.226809,-110.977301,-173.840002,-110.977301,624.987219,513.161175,308.414336,64.869601,308.414336,178.087153,57.70108,64.869601,57.70108,264.124341,814.693335,1.0,2.476329,0.615784,2.389075,3.0,116.0,409.68382092354284,0.5028687523551949,0.011032702949759492
49574.0,-0.189923,0.025744,-0.981461,0.795881,0.589387,-0.138552,0.574894,-0.807441,-0.132427,478.83236,313.745228,-972.73865,3.595446,3.596848,3.601167,90.078837,89.990699,90.047841,149.539308,0.075821,0.066839,80.40165,0.946667,1798.861535,599.922322,-458.34843,599.922322,64.797758,-67.530539,-458.34843,-67.530539,705.837609,25.925699,-96.605274,-114.272391,-96.605274,-28.529167,-201.445968,-114.272391,-201.445968,619.780099,522.928489,1.0,4.852631,1.703614,2.522862,3.0,142.0,659.6931634143597,1.261536093923465,0.011774223538944785
49993.0,0.113876,-0.980293,-0.161423,0.690977,-0.038597,0.721846,-0.713851,-0.19374,0.672965,-152.307803,459.961846,-958.323148,3.5961,3.59429,3.594822,90.010634,90.006798,90.010682,61.964224,0.052705,0.047128,106.52914,1.0,-121.07342,152.763613,-73.277112,152.763613,143.268695,-148.076772,-73.277112,-148.076772,253.826959,57.344785,24.866211,-18.734628,24.866211,139.690113,-37.462759,-18.734628,-37.462759,291.099763,310.547755,1.0,3.361598,0.832587,4.447371,3.0,146.0,209.64992781761345,0.6750972256025919,0.009387102909119514
49826.0,0.217221,0.331051,0.91827,-0.880433,0.472657,0.03787,-0.42149,-0.816701,0.394139,-76.722873,-58.97394,-694.931844,3.594907,3.596582,3.594987,90.004539,90.005913,89.985382,75.762391,0.059383,0.053052,85.382336,1.0,89.866294,73.217549,-118.318404,73.217549,46.417988,-100.715125,-118.318404,-100.715125,491.237044,-11.761391,33.422361,36.95708,33.422361,23.532767,-57.939483,36.95708,-57.939483,464.472651,388.722707,1.0,1.612014,1.165666,3.618027,3.0,144.0,464.3448703019084,1.19454012317811,0.011712024370005524
49832.0,0.005998,-0.989767,-0.142564,0.686249,-0.099622,0.720512,-0.727342,-0.102156,0.678629,140.063473,445.063076,-684.318496,3.596229,3.594301,3.593909,90.002675,90.00825,90.029465,130.14847,0.074575,0.07608,78.986034,0.854167,-127.832981,211.323934,-169.256445,211.323934,41.039503,-314.023459,-169.256445,-314.023459,147.390296,-22.308945,-69.229208,-45.194469,-69.229208,139.21701,18.299055,-45.194469,18.299055,342.399026,666.639634,1.0,3.336934,0.824902,4.572851,3.0,123.0,324.91582594497567,0.4873935022365857,0.010814152284187353
49837.0,0.220456,0.969542,0.106714,-0.973704,0.225195,-0.03446,-0.057442,-0.096311,0.993692,-225.065627,-332.682721,-921.998823,3.595034,3.598559,3.597046,89.902433,90.045707,90.056751,129.640708,0.065946,0.065342,132.728075,1.0,954.764304,690.759986,733.441928,690.759986,308.324584,498.296475,733.441928,498.296475,520.546136,0.463374,-72.220354,34.14672,-72.220354,-4.241419,-3.335215,34.14672,-3.335215,408.792856,225.527457,1.0,1.258443,0.112376,3.679381,3.0,140.0,416.4983588136613,1.846774509649445,0.0075342010347095
50435.0,-0.126139,0.973991,-0.18823,-0.49177,0.103394,0.864564,0.86154,0.201621,0.465938,302.154255,118.598973,-971.214791,3.595517,3.592293,3.595243,89.980845,89.965307,89.991339,143.441124,0.067106,0.069942,80.750946,0.863014,-702.756395,17.356196,-105.395985,17.356196,-85.847059,143.278794,-105.395985,143.278794,463.640553,-135.636774,23.380355,-35.999233,23.380355,-83.426213,-67.067561,-35.999233,-67.067561,364.411418,618.262436,1.0,3.355963,1.086102,1.340909,3.0,126.0,481.063221424482,0.7780890337391968,0.01068735467198118
49615.0,-0.202948,-0.668839,-0.715169,0.9098,0.141246,-0.390275,0.362045,-0.729866,0.579844,-126.965907,404.330005,-661.12441,3.593887,3.594047,3.595313,90.034257,90.113691,90.1035,154.931833,0.104612,0.088425,96.265332,1.0,-833.900283,1201.967418,275.776336,1201.967418,326.134002,-34.470726,275.776336,-34.470726,233.266089,-134.822678,94.807787,-353.324174,94.807787,251.074922,-29.974467,-353.324174,-29.974467,362.26126,419.331845,1.0,5.211932,0.952259,2.681115,3.0,142.0,552.475898334954,1.3175147676536563,0.01038795565572869
49974.0,0.090362,0.940679,0.327044,-0.585074,-0.215603,0.781795,0.80593,-0.26199,0.530885,368.070902,438.641745,-786.805814,3.596706,3.594712,3.597807,89.94469,90.043398,90.035125,138.229681,0.066874,0.064331,80.433932,0.993151,310.932978,732.17391,46.62555,732.17391,814.828736,-172.841943,46.62555,-172.841943,265.655323,-82.42487,51.632815,-17.679876,51.632815,124.396544,-100.742423,-17.679876,-100.742423,341.134149,498.699426,1.0,2.74539,1.011152,1.885098,3.0,145.0,380.02886165033806,0.7620399018673385,0.01234741327826669
49632.0,-0.075014,0.037839,-0.996464,0.55106,0.834408,-0.009798,0.831087,-0.549846,-0.083444,-371.896677,143.872269,-796.123444,3.597641,3.595563,3.597108,89.970072,89.935971,89.97589,80.952172,0.057595,0.049392,125.484519,1.0,721.535802,-552.398131,-302.283854,-552.398131,587.351548,299.790062,-302.283854,299.790062,384.89785,201.937573,-27.10637,2.087132,-27.10637,258.022099,81.259884,2.087132,81.259884,366.500037,199.145747,1.0,4.722222,1.654337,2.155282,3.0,144.0,162.79920437537695,0.8174877285999833,0.00796911051633389
49635.0,-0.209727,-0.10061,-0.97257,0.973133,-0.118129,-0.197628,-0.095005,-0.987888,0.122682,-64.775985,469.810382,-819.992223,3.596805,3.596181,3.594139,90.025746,90.035404,90.013423,116.293047,0.07857,0.070965,95.393273,1.0,-303.997193,113.451557,-187.99666,113.451557,678.267249,25.881464,-187.99666,25.881464,433.346742,251.176757,17.837024,-82.084927,17.837024,-58.721755,48.829715,-82.084927,48.829715,440.650748,675.913488,1.0,4.912862,1.447805,3.237468,3.0,142.0,444.6746177582531,0.6578868829412279,0.01048291948217355
50680.0,-0.267452,0.948046,-0.172273,-0.50316,0.015066,0.864062,0.821766,0.317776,0.472989,360.596381,79.398405,-696.037588,3.596682,3.59409,3.594828,89.9753,89.957921,89.98339,123.398396,0.0721,0.065618,76.052133,0.973333,-233.381196,119.638187,-88.302212,119.638187,-161.053822,-1.270569,-88.302212,-1.270569,777.855854,-50.619646,76.115339,-30.900251,76.115339,-231.829552,16.112906,-30.900251,16.112906,626.634863,643.903563,1.0,3.338388,1.078116,1.201809,3.0,146.0,787.0780920400215,1.2223539940871884,0.012798234074513071
49648.0,0.329975,0.786342,0.522286,-0.727237,-0.141001,0.671748,0.601866,-0.601486,0.52533,-346.202634,64.40685,-917.374652,3.5954,3.593722,3.593914,90.034652,90.008718,90.020554,118.149644,0.066549,0.064442,87.285379,1.0,-585.574724,-107.695682,-8.939835,-107.695682,82.532239,-105.904606,-8.939835,-105.904606,173.402863,101.154846,45.498348,78.678589,45.498348,171.441621,-86.8441,78.678589,-86.8441,261.1594,636.764872,1.0,2.48072,1.017693,2.355878,3.0,144.0,176.48575654027638,0.27716000725033146,0.011456672485777943
50724.0,-0.420976,0.898854,-0.121821,-0.656065,-0.208981,0.725193,0.626385,0.385211,0.677683,248.020623,237.077481,-699.6890559999999,3.594775,3.596111,3.595047,89.967072,89.972067,90.028602,106.71271,0.063428,0.062009,83.627871,0.992958,461.93526,188.567638,95.762678,188.567638,-321.943302,145.081056,95.762678,145.081056,336.003778,106.705559,33.825735,40.937099,33.825735,-34.480636,141.280325,40.937099,141.280325,372.898559,647.742689,1.0,3.308022,0.826189,1.019439,3.0,141.0,381.3923822055335,0.5888022955447568,0.011873529579630218
50430.0,-0.197827,0.925622,-0.322628,-0.650045,0.122471,0.749961,0.733693,0.358086,0.577468,-401.533697,-444.538714,-918.627518,3.59485,3.595529,3.590641,90.0955,89.916287,90.0255,169.798104,0.082874,0.078193,76.315347,0.917808,741.549822,-57.937307,-459.796519,-57.937307,-1455.815309,-621.755707,-459.796519,-621.755707,-178.395649,-20.848482,35.860615,-115.186534,35.860615,-485.429609,60.288604,-115.186534,60.288604,352.141597,650.04638,1.0,3.547854,0.955172,1.116747,3.0,134.0,736.1269263382441,1.132422160920647,0.012026519384102386
50511.0,0.511087,-0.301304,-0.804988,0.705612,0.681873,0.19277,0.490817,-0.666532,0.5611,-297.816716,-89.450928,-827.439622,3.59543,3.595623,3.595213,89.993903,90.004034,90.03587,86.054171,0.056669,0.052835,90.717854,1.0,308.923596,-60.044791,214.330734,-60.044791,-82.218733,7.728999,214.330734,7.728999,342.452516,181.336719,15.778129,-0.121945,15.778129,1.957007,-40.70202,-0.121945,-40.70202,373.48615,549.16595,1.0,4.477345,0.975082,2.506869,3.0,138.0,324.0299500009585,0.5900401326793085,0.011023188445352775
49673.0,-0.154126,0.084618,-0.984421,0.870825,0.48235,-0.094879,0.466807,-0.871882,-0.148031,482.159059,353.623689,-735.367239,3.593225,3.595519,3.585897,89.908501,89.863123,90.051406,203.004023,0.084668,0.084439,69.723511,0.833333,-2151.359417,-1555.378096,-268.039092,-1555.378096,-942.880085,-255.028347,-268.039092,-255.028347,424.927782,-336.554705,-432.344794,-9.62073,-432.344794,-359.269849,-226.700548,-9.62073,-226.700548,533.004168,849.491807,1.0,4.808473,1.719373,2.650026,3.0,120.0,977.3466911760357,1.1505074953313066,0.01195196552852882
49676.0,-0.085847,-0.931783,0.352718,0.64113,0.21932,0.735426,-0.762615,0.289273,0.578566,-289.276175,342.839056,-682.128096,3.596825,3.596241,3.593566,90.018168,90.009518,89.950558,111.591226,0.071523,0.066021,99.886283,0.942857,504.50333,-385.123366,250.578507,-385.123366,73.527259,-426.156482,250.578507,-426.156482,92.494877,356.024769,-144.262183,179.145623,-144.262183,-170.1419,-51.533607,179.145623,-51.533607,372.728002,575.827445,1.0,2.694389,0.953826,5.074939,3.0,132.0,572.3542428244585,0.9939683281759147,0.009439304093435932
50411.0,0.443896,-0.282397,-0.850417,0.752878,0.632192,0.183051,0.485934,-0.721516,0.493238,-269.674471,140.515068,-883.464415,3.594803,3.596582,3.593925,90.030872,89.978418,90.003373,120.245013,0.07423,0.070158,74.062228,0.979167,-383.925787,1.224284,52.160401,1.224284,168.590308,-202.554674,52.160401,-202.554674,518.333304,-122.210505,-45.848377,-39.300034,-45.848377,308.269661,-47.570507,-39.300034,-47.570507,379.055879,613.444758,1.0,4.500375,1.054988,2.548881,3.0,141.0,474.5819891914489,0.7736344357048837,0.013220868807781477
49947.0,0.109189,0.089523,0.989981,-0.736695,0.675925,0.02013,-0.667351,-0.731513,0.139755,443.114034,-287.301347,-992.984578,3.598175,3.596126,3.597079,89.996204,89.925991,89.983485,167.704543,0.069647,0.071567,69.451828,0.952055,800.622629,-487.177621,-465.729259,-487.177621,532.544093,220.576151,-465.729259,220.576151,657.555294,-516.169402,101.994328,-308.923091,101.994328,136.524021,-46.493893,-308.923091,-46.493893,525.055242,704.133483,1.0,1.591127,1.430582,3.881156,3.0,139.0,954.7541503359192,1.3559277798694305,0.013708134507273154
50186.0,0.28134,0.001866,-0.959606,0.893423,0.364437,0.262645,0.350206,-0.931226,0.100864,-149.341911,242.261554,-876.388075,3.593874,3.596606,3.5936,89.999132,89.986307,89.998109,119.524152,0.063509,0.064321,73.535384,0.964286,-375.566234,-74.849404,-28.260713,-74.849404,-77.07562,-251.454961,-28.260713,-251.454961,413.692808,-354.197909,-85.769259,134.919511,-85.769259,-249.22185,-227.225341,134.919511,-227.225341,600.338796,649.546071,1.0,4.445232,1.469761,2.781885,3.0,135.0,938.0032193796159,1.4440903598039252,0.013113224512433363
49934.0,0.122668,0.960767,0.248756,-0.83442,-0.035856,0.549962,0.537305,-0.27503,0.797284,84.381484,403.730337,-807.230352,3.597439,3.594868,3.595175,90.015649,90.023235,90.005954,74.071157,0.060407,0.0511,116.910817,1.0,-38.301361,-62.074198,-103.283912,-62.074198,747.847481,-194.537439,-103.283912,-194.537439,197.743456,86.279009,-40.211516,-129.780643,-40.211516,150.595914,3.332434,-129.780643,3.332434,195.723569,344.137242,1.0,2.716815,0.648014,2.043894,3.0,152.0,151.4231007433901,0.4400078871538992,0.008553528455797208
50099.0,0.154286,-0.979765,-0.127504,0.479562,-0.038569,0.87666,-0.863838,-0.196402,0.463907,481.816047,322.680343,-652.067155,3.596702,3.595173,3.594716,90.00039,90.024169,89.996692,88.513348,0.053356,0.053734,88.850724,1.0,127.330892,19.21092,-62.470063,19.21092,-57.675539,-116.147208,-62.470063,-116.147208,590.07788,-70.898311,-61.077775,114.61739,-61.077775,-108.629807,-115.615605,114.61739,-115.615605,766.835289,546.927849,1.0,3.286023,1.088395,4.488829,3.0,144.0,870.3482917450248,1.591340234980473,0.011254832318530122
49716.0,-0.053404,-0.098284,-0.993724,0.612968,0.782368,-0.110321,0.788301,-0.615013,0.018463,57.562526,477.477899,-872.3824050000001,3.593431,3.594474,3.593476,89.995337,89.997446,90.066384,148.132475,0.07173,0.072282,74.16232,0.972222,-344.788331,-6.469927,50.500524,-6.469927,-752.130865,-277.106516,50.500524,-277.106516,306.433848,-150.69936,-114.749405,1.911486,-114.749405,121.108333,91.884069,1.911486,91.884069,110.694625,872.041176,1.0,4.822954,1.552332,2.233332,3.0,140.0,295.5802137122343,0.3389521296093412,0.013109379533973588
51192.0,0.579715,-0.143908,-0.802011,0.207145,0.977971,-0.025752,0.788049,-0.151204,0.596754,427.057646,108.789116,-857.060477,3.595209,3.59377,3.593449,90.00397,89.954952,90.011557,184.74399,0.076631,0.081641,64.088152,0.864286,-549.576535,-52.12704,132.001608,-52.12704,-296.01265,12.372723,132.001608,12.372723,346.85668,-6.416466,31.47692,-200.968171,31.47692,-102.649246,-81.215967,-200.968171,-81.215967,450.199051,1148.018942,1.0,4.744487,0.931346,1.760363,3.0,121.0,545.6016271616046,0.47525489972412377,0.013485893617278902
50964.0,0.236852,-0.14253,0.961034,0.065102,0.989285,0.130675,-0.969362,0.031615,0.243594,310.637739,-239.975414,-925.939213,3.596928,3.599177,3.596566,90.086193,90.015741,90.081668,149.864797,0.067753,0.065426,127.099671,1.0,720.164673,-976.096232,-6.697786,-976.096232,929.309406,529.614672,-6.697786,529.614672,699.486284,77.574743,19.434247,-63.766863,19.434247,44.921039,12.041514,-63.766863,12.041514,557.286073,198.79858,1.0,1.705941,1.324727,4.744991,3.0,144.0,500.29516479284734,2.516593251284025,0.007867840979698523
50767.0,-0.389069,-0.29319,0.873307,-0.580514,0.814118,0.014692,-0.715282,-0.501251,-0.486949,-82.343822,-64.151859,-844.468095,3.593626,3.595405,3.595268,89.992292,89.987774,89.963597,140.324917,0.078148,0.076703,74.582401,0.802817,46.439643,-165.991738,-59.253477,-165.991738,-282.193749,-295.967,-59.253477,-295.967,257.515706,-55.993552,-99.342335,-186.482035,-99.342335,-34.242018,-218.450944,-186.482035,-218.450944,296.027069,551.056409,1.0,1.587618,2.079389,4.101144,3.0,113.0,431.2871505282874,0.7826551755580569,0.010764161373673127
50954.0,-0.494119,0.864501,-0.092107,-0.526968,-0.213552,0.822618,0.691485,0.455009,0.561085,-366.637343,-25.768095,-851.617816,3.595942,3.594641,3.595156,89.958872,90.005336,90.058752,142.904923,0.072692,0.070288,70.468975,0.914286,438.356406,541.761793,-147.335566,541.761793,-31.393128,211.839158,-147.335566,211.839158,14.637629,-151.995287,88.294957,48.073248,88.294957,38.139344,-24.813575,48.073248,-24.813575,158.372501,689.475972,1.0,3.253096,0.975101,0.988806,3.0,128.0,285.49910590006994,0.41408129868820137,0.0129743053592024
50176.0,0.129609,-0.982511,-0.13369,0.166978,-0.111275,0.979661,-0.977405,-0.149296,0.149636,-337.597965,85.489343,-938.507741,3.595538,3.595509,3.594015,89.998081,90.032272,90.021184,106.648449,0.071428,0.066524,88.291794,1.0,267.764136,42.24449,-211.088384,42.24449,-273.717257,182.224579,-211.088384,182.224579,239.899439,388.599627,47.494881,-79.359411,47.494881,-119.618168,19.357061,-79.359411,19.357061,430.576634,713.524887,1.0,3.27722,1.420596,4.560813,3.0,146.0,536.7281806874885,0.7522206869954466,0.011326080881310442
50262.0,-0.110659,-0.060138,0.992037,-0.734215,0.677689,-0.040818,-0.669838,-0.732886,-0.119147,34.504746,9.618531,-839.111396,3.595571,3.595486,3.594163,90.000687,89.998908,90.016512,85.259537,0.060492,0.056569,96.900837,1.0,-157.787878,10.323418,25.882365,10.323418,364.018962,-0.904612,25.882365,-0.904612,71.899156,-155.404779,17.197996,-60.537004,17.197996,151.21081,76.666667,-60.537004,76.666667,335.751255,455.523201,1.0,1.529674,1.690227,3.882074,3.0,146.0,438.2122554288763,0.9619976643711641,0.010319828300347911
50999.0,0.251155,-0.08535,0.964177,0.069302,0.995134,0.070038,-0.965463,0.049229,0.255848,368.514161,387.893174,-864.620391,3.596913,3.595088,3.59969,89.917043,89.919966,90.029926,145.182817,0.077129,0.067892,99.451106,1.0,1549.539726,780.691166,-418.90398,780.691166,175.948487,392.101573,-418.90398,392.101573,350.613551,-22.760026,133.741781,39.365712,133.741781,258.342493,101.490706,39.365712,101.490706,423.956001,632.03685,1.0,1.643309,1.312071,4.763335,3.0,142.0,418.69260741319647,0.6624496774407955,0.010055192347483798
50694.0,0.351941,-0.93342,-0.069743,0.286919,0.036657,0.957253,-0.890963,-0.356908,0.280717,-129.462295,-195.789165,-951.995506,3.596667,3.59601,3.594946,90.032842,90.052364,89.977659,150.499206,0.071941,0.066968,69.98279,0.919118,231.362093,100.546975,80.457886,100.546975,-169.987854,295.671226,80.457886,295.671226,884.789316,-569.815415,-146.346479,-130.950086,-146.346479,-67.102736,-215.076515,-130.950086,-215.076515,570.218394,733.653105,1.0,3.214322,1.286255,4.331377,3.0,125.0,1021.2272108596494,1.3919755861452388,0.013133486104226483
49792.0,-0.059978,-0.451023,-0.890495,0.906472,-0.398168,0.140612,-0.417986,-0.798775,0.43272,-31.303809,-450.067387,-700.16889,3.596586,3.596765,3.592586,89.98744,90.032408,89.985221,114.781842,0.066186,0.062155,85.585456,1.0,-293.833477,361.322671,435.88814,361.322671,321.680739,-249.326454,435.88814,-249.326454,449.721072,-152.504146,191.577582,56.846177,191.577582,-165.066891,14.990797,56.846177,14.990797,629.186531,495.741208,1.0,4.555778,1.123288,3.623693,3.0,146.0,806.9305757213966,1.6277254396035534,0.01168422821746723
50314.0,0.130367,-0.988616,-0.075113,0.081826,-0.064772,0.99454,-0.988083,-0.135802,0.07245,307.690644,-255.081775,-795.158561,3.596642,3.594165,3.593145,90.040616,90.009481,89.950831,70.592141,0.059867,0.048738,132.44848,1.0,-311.758715,326.659269,339.347002,326.659269,-408.261314,76.967842,339.347002,76.967842,644.906142,99.975442,-5.414604,-31.913205,-5.414604,37.240552,31.256232,-31.913205,31.256232,568.228213,127.616853,1.0,3.216974,1.498283,4.575805,3.0,140.0,504.07405410801067,3.949901931118852,0.007550105520274752
50036.0,0.044508,0.88402,0.465325,-0.84481,-0.215304,0.489838,0.533213,-0.414913,0.737246,98.367577,442.784504,-980.90426,3.589174,3.596106,3.594164,89.989875,89.901897,90.002399,186.56833,0.081333,0.079787,73.527356,0.972222,365.708806,-322.620389,39.990224,-322.620389,-1860.789344,328.185791,39.990224,328.185791,164.945968,-145.8766,-28.155968,11.361713,-28.155968,-330.860757,-5.30675,11.361713,-5.30675,304.073701,655.60148,1.0,2.381853,0.741811,2.232063,3.0,140.0,566.2336932065045,0.8636858068204857,0.013222588882429012
50028.0,0.045996,0.583798,0.810595,-0.887173,0.396839,-0.235465,-0.45914,-0.708307,0.536183,334.654732,-210.306569,-671.082042,3.595246,3.595203,3.598632,90.02512,89.974022,89.98536,105.427847,0.066411,0.060541,95.290156,1.0,571.876186,-452.412958,354.489508,-452.412958,236.695782,-225.033265,354.489508,-225.033265,543.541923,-39.51217,15.741405,-68.661817,15.741405,76.164077,-7.547756,-68.661817,-7.547756,508.472463,510.223704,1.0,1.288092,1.004888,3.716716,3.0,146.0,504.0275295451139,0.9878559651260614,0.010494263436823421
50471.0,0.413508,-0.910371,-0.015359,0.593274,0.256604,0.763007,-0.690678,-0.324622,0.646208,359.38592,406.787893,-970.223795,3.594678,3.594255,3.595522,90.015506,89.991814,89.965454,117.33945,0.085856,0.083515,83.736349,0.985714,-346.536945,10.285339,210.761309,10.285339,215.068038,14.937008,210.761309,14.937008,196.460532,-13.498118,179.311987,-17.821614,179.311987,19.160381,143.0644,-17.821614,143.0644,517.569336,541.683482,1.0,3.16172,0.868192,4.273025,3.0,138.0,552.6831987727629,1.0203065390366894,0.011771638144863468
49821.0,-0.019216,0.290762,-0.956602,0.816745,0.556421,0.152719,0.576678,-0.778366,-0.248171,-340.739987,244.681156,-634.209055,3.595831,3.594998,3.594697,89.933765,89.986348,89.991074,128.780457,0.07885,0.0739,78.061638,0.949275,-322.815071,-349.340236,315.425523,-349.340236,422.872471,-74.137628,315.425523,-74.137628,262.707819,-155.898862,19.2264,-15.962581,19.2264,41.231918,62.403842,-15.962581,62.403842,418.301368,614.253758,1.0,4.554078,1.821588,2.503952,3.0,131.0,508.68746082295837,0.8281389477847662,0.012160582641117523
50931.0,-0.269157,-0.02567,0.962754,-0.353901,0.932344,-0.074081,-0.895717,-0.360659,-0.260032,-370.009797,250.485949,-929.018499,3.595446,3.595747,3.59533,90.002356,89.984676,89.984316,67.786343,0.047797,0.046746,137.906481,1.0,100.200833,-94.231517,-73.714312,-94.231517,188.589687,-100.059889,-73.714312,-100.059889,351.982767,28.550094,-23.937946,42.179432,-23.937946,123.360317,16.827656,42.179432,16.827656,270.093778,591.093914,1.0,1.494001,1.833852,4.329601,3.0,142.0,215.4251469375545,0.3644516409917807,0.007251290822220312
49845.0,-0.020256,-0.349346,-0.936775,0.97094,-0.230351,0.064909,-0.238462,-0.908238,0.34386,-377.136483,-2.874744,-844.898729,3.594022,3.595107,3.594518,89.991832,89.969925,89.980903,144.790617,0.061698,0.068016,80.921619,0.971014,17.259625,-265.06975,177.13312,-265.06975,-226.998452,2.270528,177.13312,2.270528,50.224481,-18.700113,-23.973393,-28.427825,-23.973393,-26.634115,-140.055738,-28.427825,-140.055738,147.42992,750.883047,1.0,4.64321,1.219772,3.398353,3.0,134.0,211.49247783565485,0.28165834703637255,0.011999438617262465
50057.0,0.010623,0.208258,0.978016,-0.994251,0.106412,-0.01186,-0.106543,-0.972268,0.208191,-382.855999,256.107056,-861.330065,3.594224,3.595882,3.591552,90.017347,90.075171,90.002006,81.511319,0.058356,0.055115,138.36361,1.0,-909.801091,644.985238,-39.82077,644.985238,-150.571155,66.953593,-39.82077,66.953593,346.99058,124.091317,15.665155,-23.185474,15.665155,141.224769,20.609414,-23.185474,20.609414,289.261917,142.864449,1.0,1.55867,1.361071,3.250739,3.0,138.0,160.15843143052655,1.1210516860673052,0.007227333834380297
50473.0,0.155487,-0.987803,-0.00836,0.088932,0.005569,0.996022,-0.983827,-0.155612,0.088713,420.791693,-346.482612,-857.573081,3.596793,3.589475,3.590365,90.124663,90.004168,89.9684,171.348912,0.067296,0.066824,103.17621,1.0,-1520.351001,1065.321182,42.42679,1065.321182,-1221.077037,41.660799,42.42679,41.660799,628.329365,8.201052,-105.843332,-22.675967,-105.843332,-227.419363,-56.656282,-22.675967,-56.656282,680.016338,398.528677,1.0,3.149985,1.481966,4.555518,3.0,138.0,822.3997589265398,2.0635899155797506,0.009692156748149598
51049.0,0.315154,0.025958,-0.948685,0.099699,0.993189,0.060296,0.943789,-0.113585,0.31042,21.50805,-354.120808,-773.755458,3.596416,3.598362,3.594289,90.040563,89.989175,89.968912,86.064045,0.068948,0.055005,161.99402,1.0,-100.663304,459.63702,53.159496,459.63702,1010.189005,80.774781,53.159496,80.774781,438.200354,-54.804096,-12.033241,139.708784,-12.033241,104.258729,31.437391,139.708784,31.437391,452.455437,158.514061,1.0,4.648917,1.255162,1.690571,3.0,142.0,466.27869495147985,2.9415604647935925,0.0061730673761908
50153.0,-0.04338,0.943648,0.328095,-0.803697,-0.228039,0.549609,0.593456,-0.239847,0.768299,-263.682869,184.685925,-671.569118,3.596269,3.592109,3.595207,89.980101,90.008964,89.957163,81.125553,0.057705,0.057142,116.142642,1.0,-558.013325,15.326166,500.335688,15.326166,438.443373,-196.934667,500.335688,-196.934667,-57.549919,73.219552,67.283125,125.503261,67.283125,194.433187,17.611692,125.503261,17.611692,276.394993,300.140946,1.0,2.603411,0.694617,1.954877,3.0,142.0,216.30202434095855,0.7206681634866259,0.008610102050201338
49989.0,0.117267,-0.990482,0.072074,0.91385,0.136034,0.382588,-0.388751,0.021,0.921104,-144.621356,449.287401,-671.2552949999999,3.595882,3.592233,3.594351,90.031941,90.027994,90.030362,119.646142,0.062894,0.063296,101.307306,1.0,-583.221045,436.569271,124.252218,436.569271,-29.488678,-350.441108,124.252218,-350.441108,124.424495,180.839497,-8.27712,-102.070458,-8.27712,66.221809,-182.611532,-102.070458,-182.611532,351.595724,723.18463,1.0,2.955389,0.399891,4.766356,3.0,140.0,307.8018566553692,0.42562001996000554,0.009870956394793481
49902.0,0.033137,0.13429,-0.990388,0.97298,0.222217,0.062686,0.2285,-0.965705,-0.123298,-376.647364,24.606486,-792.432243,3.593517,3.595209,3.591473,90.021211,90.026714,90.059416,147.624922,0.076966,0.074298,74.662987,0.875,-829.66028,241.044113,-250.099983,241.044113,-577.538788,404.96195,-250.099983,404.96195,287.784867,54.267417,163.546242,-76.352021,163.546242,-264.132282,140.630041,-76.352021,140.630041,242.066021,505.446048,1.0,4.649179,1.694409,2.909251,3.0,126.0,485.4967173781262,0.9605312363192643,0.011719327543110484
50257.0,-0.061875,0.990231,0.124956,-0.568502,-0.137868,0.811047,0.820352,-0.020854,0.571479,20.888954,302.836736,-699.218339,3.595534,3.594795,3.597175,89.968574,89.987133,90.010349,71.585625,0.054797,0.049962,139.913031,1.0,103.508367,326.371116,125.316428,326.371116,338.150502,232.118981,125.316428,232.118981,471.716634,34.282982,-5.427261,13.946917,-5.427261,227.329371,-21.865415,13.946917,-21.865415,324.90409,837.850568,1.0,2.988727,0.962489,1.596212,3.0,146.0,257.1978465620871,0.3069734107551349,0.007147297094864596
50156.0,-0.07641,0.230268,0.970123,-0.996317,0.020332,-0.0833,-0.038906,-0.972915,0.227867,-91.827294,341.367217,-947.011447,3.594392,3.594926,3.593422,90.031795,90.009723,89.978148,119.586963,0.066917,0.063232,95.295458,0.971831,-461.072384,59.790916,171.551761,59.790916,-119.459192,182.032701,171.551761,182.032701,168.659244,-129.841212,-44.407339,-195.991608,-44.407339,-34.104019,50.259624,-195.991608,50.259624,249.693975,567.051853,1.0,1.485141,1.34091,3.18156,3.0,138.0,386.08289112911376,0.680859940914634,0.010198083102764457
50851.0,-0.237738,0.967655,0.084406,-0.368282,-0.170207,0.914001,0.898804,0.186208,0.396835,-53.729872,61.939276,-687.0802630000001,3.594471,3.59386,3.594246,89.947907,89.98726,89.991687,137.990673,0.064413,0.066382,71.938657,0.849315,-198.322107,368.148029,206.649704,368.148029,-339.225238,88.431072,206.649704,88.431072,80.02115,-185.337022,200.156746,-15.36423,200.156746,-228.023244,-46.471389,-15.36423,-46.471389,227.180571,620.781638,1.0,3.049506,1.16273,1.366513,3.0,124.0,470.5799347965695,0.7580442235898889,0.011806100300148777
51152.0,-0.109264,0.086029,0.990283,-0.175543,0.978919,-0.10441,-0.978389,-0.185246,-0.091859,180.417776,469.673041,-860.473975,3.596422,3.598802,3.593549,90.005792,89.991634,90.00693,105.093438,0.062628,0.062883,100.722944,1.0,-334.174671,85.294775,5.658406,85.294775,1127.35257,-59.530474,5.658406,-59.530474,473.311524,-109.0045,-12.80112,98.944871,-12.80112,144.9238,25.958122,98.944871,25.958122,411.220479,388.133929,1.0,1.46575,1.662785,4.525267,3.0,145.0,459.33060096471434,1.183433260133036,0.009928224496694617
50600.0,0.315544,0.088631,-0.944763,0.301394,0.934712,0.188351,0.899774,-0.344179,0.268229,338.157805,-239.541099,-672.19659,3.596474,3.593897,3.597464,89.994986,90.013619,89.980663,128.059095,0.060707,0.060199,85.381513,1.0,795.676601,-65.218512,53.444986,-65.218512,-37.119863,347.377255,53.444986,347.377255,247.197816,270.431651,47.453576,53.435334,47.453576,-31.034088,181.669671,53.435334,181.669671,451.452096,615.211239,1.0,4.515606,1.299242,1.936141,3.0,142.0,454.75789178632584,0.7391898310010001,0.011712137263250419
50368.0,-0.252289,0.955626,0.152083,-0.880316,-0.291917,0.373936,0.401738,-0.039541,0.9149,181.005902,285.01442,-785.342058,3.596471,3.594941,3.596192,89.997308,90.006863,90.018233,38.903996,0.053144,0.043791,132.200547,1.0,179.132865,257.571718,-26.857101,257.571718,386.918105,14.254199,-26.857101,14.254199,375.142984,201.512679,65.358396,-11.686769,65.358396,217.715931,49.460022,-11.686769,49.460022,344.620669,166.757859,1.0,2.755317,0.415535,1.668904,3.0,136.0,153.50756677514835,0.9205417225652217,0.0075642652219888315
50637.0,0.27081,0.242805,-0.931508,0.214047,0.928254,0.304185,0.938534,-0.281763,0.199408,205.317525,-371.410267,-912.975423,3.594433,3.593028,3.596028,90.047962,90.036428,90.021667,153.168809,0.081703,0.077044,60.816669,0.854167,601.181991,96.725801,46.258942,96.725801,-734.25297,-170.272046,46.258942,-170.272046,-70.889969,-291.719887,13.225087,-41.351829,13.225087,-343.729876,7.481291,-41.351829,7.481291,88.992206,842.187429,1.0,4.396755,1.370042,1.862451,3.0,123.0,410.97834892295714,0.4879891752966989,0.01404494876232041
50189.0,0.241023,0.081377,-0.967102,0.683186,0.693533,0.228623,0.689322,-0.715814,0.111562,-316.986967,-220.481306,-923.673949,3.592953,3.594203,3.594282,89.987568,89.939977,90.026595,137.640846,0.064114,0.065819,73.814046,0.855072,-419.262676,-501.748014,-292.109087,-501.748014,-332.871945,-47.93044,-292.109087,-47.93044,-22.473724,0.225296,-66.150058,-128.047532,-66.150058,143.321087,0.800435,-128.047532,0.800435,150.239456,670.136055,1.0,4.480251,1.459002,2.375046,3.0,118.0,192.5973512452428,0.2874003716234053,0.011584136710240759
