O11,O12,O13,O21,O22,O23,O31,O32,O33,X,Y,Z,GrainRadius,Eul0,Eul1,Eul2,eKen11,eKen12,eKen13,eKen21,eKen22,eKen23,eKen31,eKen32,eKen33
-0.2766,0.758552,0.589993,-0.897111,-0.423917,0.124446,0.344506,-0.494867,0.797761,-324.482911,406.353579,564.733984,62.909791,1.778677,0.647224,2.533449,-652.540477,149.865797,90.608747,149.865797,85.841431,84.310187,90.608747,84.310187,549.026043
0.876912,0.088505,0.472432,-0.47721,0.04291,0.877741,0.057412,-0.995151,0.079864,124.64034,305.965966,272.484263,105.800184,2.647826,1.490848,3.083965,-354.148742,67.080321,-4.074488,67.080321,-27.363718,70.552401,-4.074488,70.552401,875.446469
-0.641136,0.193527,0.742625,-0.753992,0.02143,-0.656534,-0.142971,-0.980861,0.132178,384.622159,250.066797,222.356198,64.877587,0.846852,1.43823,3.286334,-641.750414,-167.877852,-273.626162,-167.877852,-488.10429,-10.657122,-273.626162,-10.657122,1309.292115
0.147053,0.61265,0.776554,-0.814336,-0.370651,0.446626,0.561455,-0.698054,0.444398,229.975368,-46.52915,558.696891,73.029958,2.092735,1.110295,2.464226,383.888951,-46.752997,-23.904404,-46.752997,-137.507248,58.132842,-23.904404,58.132842,508.806434
-0.434374,0.239522,0.868302,-0.76384,0.412927,-0.496023,-0.477354,-0.878704,0.003592,509.975291,462.682219,364.617837,81.327545,1.05178,1.567205,3.639237,-374.1068,70.796756,-60.563184,70.796756,-80.558406,-174.435594,-60.563184,-174.435594,882.4562
0.592051,-0.388772,-0.705926,0.805895,0.282459,0.520337,-0.002897,-0.876968,0.480539,-230.274719,287.17564,200.843024,68.22408,4.077196,1.069527,3.144896,-433.54756,163.051734,-217.47968,163.051734,-236.699078,-82.641879,-217.47968,-82.641879,758.070133
0.457146,0.410416,-0.789035,-0.112281,0.906696,0.406564,0.882276,-0.097266,0.460574,323.387066,-286.730891,354.376695,102.627038,4.236602,1.092154,1.680597,-106.67615,53.881759,124.254764,53.881759,-309.086074,90.95927,124.254764,90.95927,946.847403
-0.04048,-0.724385,0.688206,0.720894,0.455751,0.522114,-0.691862,0.517259,0.503756,149.469326,239.596566,416.732496,108.339407,2.219816,1.042855,5.354373,-10.378909,-49.490129,-59.650595,-49.490129,-59.980158,-2.365385,-59.650595,-2.365385,778.947467
0.439734,0.10871,-0.891525,0.454545,0.829194,0.325309,0.774612,-0.548287,0.315211,-22.259206,-322.580146,301.580342,159.811135,4.362511,1.250118,2.186753,-237.980534,100.12889,108.543797,100.12889,-45.826923,73.263063,108.543797,73.263063,837.12396
0.487407,0.277075,-0.828048,0.466562,0.718951,0.515198,0.738075,-0.637447,0.221149,480.083215,176.677489,208.431911,73.175146,4.155817,1.347804,2.283169,-205.256712,-57.622794,-109.229758,-57.622794,-212.40602,-189.332197,-109.229758,-189.332197,986.215454
0.635636,-0.609333,0.474004,-0.460964,0.19295,0.866188,-0.619256,-0.76908,-0.158235,-174.678711,-111.854698,206.689679,76.189562,2.640879,1.729699,3.819491,-130.469614,179.412901,248.714539,179.412901,-203.389153,-82.827576,248.714539,-82.827576,737.58082
0.416873,-0.561297,-0.714957,0.878431,0.046619,0.475591,-0.233617,-0.826301,0.512494,-332.794774,72.597572,560.774597,79.473054,4.125401,1.032709,3.417128,-35.597083,34.190405,-103.942016,34.190405,-290.258021,20.809563,-103.942016,20.809563,518.343072
-0.343887,0.144528,0.927822,-0.767552,0.525934,-0.36641,-0.54093,-0.838156,-0.069929,155.379833,323.907533,401.108638,85.045404,1.194682,1.640782,3.714714,-358.575906,-10.808444,-222.778536,-10.808444,-139.132147,-273.228685,-222.778536,-273.228685,912.356386
0.129417,0.699066,-0.703248,-0.647946,0.596477,0.473689,0.750611,0.394363,0.530151,545.244801,43.171984,449.416959,82.136611,4.11962,1.012017,1.087044,-593.192209,-65.561333,23.836118,-65.561333,-176.625801,-169.046797,23.836118,-169.046797,1120.194667
0.535761,0.724764,-0.433217,-0.38759,0.666912,0.636398,0.750156,-0.173046,0.638217,447.488305,453.098983,551.9275210000001,73.95344,3.739271,0.878616,1.79751,13.863478,-325.075391,55.186219,-325.075391,-279.874698,184.959979,55.186219,184.959979,1184.036925
0.854489,0.260578,0.449387,-0.340581,0.934234,0.105882,-0.392242,-0.243527,0.88704,338.465425,501.848876,228.917338,91.105801,1.80219,0.479901,4.156772,-701.867324,-125.021399,246.809856,-125.021399,-490.865326,-1.004058,246.809856,-1.004058,1151.085115
0.562245,0.319113,-0.76292,0.239322,0.820284,0.519479,0.791584,-0.474658,0.38483,345.474917,-134.849566,510.547351,86.554658,4.114591,1.175772,2.110944,-27.534159,165.647406,2.634818,165.647406,-19.694545,-27.135422,2.634818,-27.135422,883.650367
-0.268528,-0.84717,-0.458471,0.919792,-0.366883,0.139207,-0.286137,-0.384317,0.877739,-195.959114,-429.827877,276.617635,105.173892,4.417602,0.499673,3.781587,-301.057264,-118.197625,-154.688726,-118.197625,-18.81097,-40.210066,-154.688726,-40.210066,936.305663
-0.469489,0.331484,0.818351,-0.875803,-0.292428,-0.383998,0.112019,-0.896997,0.427607,133.856559,453.225109,564.183198,70.008817,1.132063,1.128953,3.017353,-102.596703,4.242904,-158.970017,4.242904,-167.54085,-14.555803,-158.970017,-14.555803,596.991926
0.308698,-0.85182,-0.423212,0.932697,0.358332,-0.040908,0.186496,-0.3821,0.905107,-255.794492,-17.151537,506.573783,91.80253,4.80875,0.439165,2.687525,98.677121,-48.69237,-251.024165,-48.69237,24.559251,11.867696,-251.024165,11.867696,593.85082
-0.337188,0.540516,0.770809,-0.796724,0.272342,-0.5395,-0.501532,-0.796035,0.338812,-359.10552,398.423339,264.515345,90.517286,0.960128,1.225142,3.703807,-221.501612,101.059212,-24.959,101.059212,-27.419399,113.082151,-24.959,113.082151,572.461174
0.306249,-0.922282,0.235813,-0.062893,0.227571,0.971728,-0.949871,-0.312422,0.011688,151.423744,-382.326468,434.665084,104.433917,2.903521,1.559108,4.394625,-129.724607,-49.320551,-19.776053,-49.320551,-256.797856,-20.366753,-19.776053,-20.366753,1102.791387
-0.512749,0.765652,0.388414,-0.827495,-0.320183,-0.461232,-0.228779,-0.557907,0.797747,-81.39555,-422.344816,218.160601,111.880021,0.699903,0.647247,3.530748,-190.388209,-127.321192,83.573605,-127.321192,-24.740055,-78.26889,83.573605,-78.26889,719.123842
-0.009955,0.88716,0.461355,-0.562823,-0.386327,0.73074,0.826517,-0.252387,0.50316,-244.208376,-232.174966,463.926703,93.450329,2.578438,1.043545,1.867165,52.715064,85.107206,-41.453265,85.107206,-175.893576,-156.832082,-41.453265,-156.832082,826.390333
0.248139,-0.854898,0.455607,-0.32659,0.368956,0.870179,-0.912012,-0.364721,-0.187649,-177.873034,-274.781526,369.011587,86.448616,2.659261,1.759564,4.331962,5.045052,66.130148,26.301416,66.130148,-263.102434,6.384491,26.301416,6.384491,1025.611102
0.390008,-0.675288,0.626003,-0.386275,0.497146,0.776941,-0.835874,-0.544823,-0.066956,124.851885,-227.870487,246.915061,74.538578,2.463369,1.637802,4.134749,-352.961145,-213.720336,54.012713,-213.720336,-59.661688,-98.061302,54.012713,-98.061302,1008.682294
-0.579497,0.808762,0.100434,-0.813429,-0.581575,-0.010196,0.050164,-0.087604,0.994891,-29.808821,273.433094,496.642806,87.916063,1.469625,0.101123,2.62155,-357.458474,263.666503,-120.464146,263.666503,-387.36614,44.907822,-120.464146,44.907822,891.806335
0.493465,-0.530018,-0.689618,0.843572,0.098533,0.527899,-0.211846,-0.842242,0.495731,194.352343,429.307638,277.465008,88.674872,4.059045,1.05212,3.388007,-201.322068,79.901478,-289.773037,79.901478,-249.395046,-9.863588,-289.773037,-9.863588,866.883032
0.782623,-0.571125,-0.247623,0.553221,0.45576,0.697301,-0.28539,-0.682714,0.672647,64.946869,410.279084,324.995219,103.819899,3.482818,0.833016,3.537538,23.685811,45.959264,-87.076199,45.959264,20.12734,-20.939751,-87.076199,-20.939751,807.782752
0.111653,-0.84714,0.519507,-0.5166,0.397106,0.758572,-0.848916,-0.353074,-0.393294,353.803996,-323.876051,542.796475,64.16837,2.541108,1.975008,4.318241,-516.8438,371.142193,-37.045823,371.142193,249.732658,280.58722,-37.045823,280.58722,1098.23919
-0.384986,0.814598,0.433838,-0.899205,-0.225187,-0.375128,-0.207883,-0.534528,0.819185,166.319666,-253.600114,321.727182,115.841047,0.857846,0.610808,3.512502,37.523387,-50.183601,127.155076,-50.183601,-104.255518,-92.430404,127.155076,-92.430404,919.405713
-0.095232,0.723692,0.68352,-0.918402,-0.328759,0.220125,0.384016,-0.606784,0.695949,-191.740984,432.59464,516.384735,98.505176,1.882354,0.801056,2.577353,155.273292,-169.161309,-100.176162,-169.161309,-276.014194,-15.824276,-100.176162,-15.824276,828.526607
0.777664,-0.625656,-0.061585,0.296865,0.279099,0.913222,-0.554175,-0.728463,0.402781,324.477369,470.815074,443.764076,70.361939,3.208928,1.156243,3.791936,-153.121492,-215.935738,24.001895,-215.935738,-152.326628,43.859122,24.001895,43.859122,794.144998
0.430316,0.658424,-0.617499,-0.157108,0.728263,0.667045,0.888901,-0.190026,0.416827,19.84724,-291.689368,407.676175,106.664837,3.888439,1.140844,1.781403,-55.911607,-58.900691,153.676436,-58.900691,-170.23741,-171.957777,153.676436,-171.957777,1034.292766
0.828631,0.486377,0.27714,-0.410642,0.191665,0.891424,0.380451,-0.852468,0.358547,16.413012,150.836559,514.0831909999999,119.929938,2.84017,1.204086,2.721825,-20.779434,50.273509,-66.143514,50.273509,-31.33528,-107.286309,-66.143514,-107.286309,1014.414418
-0.668058,0.237791,0.705092,-0.74283,-0.268663,-0.613208,0.043617,-0.933422,0.35612,314.196017,-406.342583,517.141016,106.08938,0.854985,1.206684,3.094899,-332.979641,11.904024,-115.160286,11.904024,-372.29039,143.017723,-115.160286,143.017723,1169.518737
-0.015262,0.466419,-0.884432,0.160242,0.874243,0.45828,0.98696,-0.13473,-0.088082,351.574796,-215.041886,428.505129,93.488796,4.234316,1.658993,1.706467,216.016391,96.00284,-86.663745,96.00284,-221.591776,88.649042,-86.663745,88.649042,1417.54684
0.136775,-0.872224,-0.469594,0.898114,-0.090824,0.430282,-0.417952,-0.480601,0.770934,205.413998,379.577767,544.656585,74.622694,3.970649,0.690491,3.857382,-388.723107,-160.911774,-164.052375,-160.911774,-236.855742,273.442337,-164.052375,273.442337,915.288128
0.283287,-0.77027,0.571342,0.18247,0.628155,0.75639,-0.941516,-0.110023,0.3185,365.57904,256.834313,279.641903,87.573927,2.494674,1.24665,4.59606,-176.038654,35.83022,-3.35473,35.83022,-160.072605,-163.517832,-3.35473,-163.517832,1070.568215
0.765268,0.623864,0.158614,-0.641204,0.717051,0.273307,0.056772,-0.310857,0.94876,225.204247,-64.466565,568.4860140000001,88.519308,2.615746,0.321509,2.960952,-253.798011,-2.105765,-27.306808,-2.105765,-69.746394,147.726054,-27.306808,147.726054,934.608788
0.203504,0.633302,-0.746669,0.531917,0.568748,0.627368,0.82198,-0.524838,-0.221121,-8.555953,63.984446,279.190173,77.345419,4.013599,1.79376,2.139048,-238.755392,225.888682,-65.381749,225.888682,-218.288762,-13.831419,-65.381749,-13.831419,760.283682
0.578563,-0.748365,0.32437,-0.282165,0.189492,0.940466,-0.765277,-0.635644,-0.101529,348.218513,399.272563,566.716307,63.90723,2.809465,1.672501,4.019262,-99.126792,186.403184,-166.476374,186.403184,-246.771523,144.722682,-166.476374,144.722682,938.230424
0.365862,-0.742108,-0.561623,0.913253,0.402473,0.063114,0.179201,-0.535995,0.824982,-118.870191,-164.850602,441.334483,97.798075,4.600481,0.600625,2.818942,-103.927798,90.001838,-41.079491,90.001838,-405.416276,-189.885524,-41.079491,-189.885524,807.091219
-0.436588,0.573544,0.693136,-0.845144,-0.525584,-0.097433,0.308419,-0.628338,0.714191,-339.114425,-82.274829,500.730984,76.095565,1.431143,0.775329,2.685292,-382.521755,-37.974571,25.129992,-37.974571,210.351396,227.214157,25.129992,227.214157,538.931025
-0.340065,0.669233,0.660668,-0.927083,-0.12076,-0.354871,-0.15771,-0.733174,0.661501,423.551842,-148.365713,382.381679,79.263034,1.07788,0.847977,3.35347,-86.503622,-178.488288,-68.597433,-178.488288,-77.026512,-204.751788,-68.597433,-204.751788,1246.0247
-0.688864,0.041977,0.723674,-0.654336,0.393605,-0.645693,-0.311946,-0.918321,-0.243674,42.116907,-87.142773,230.561418,76.267029,0.842284,1.816948,3.469055,-338.693928,224.506534,-36.603153,224.506534,-287.836639,-234.242654,-36.603153,-234.242654,921.865395
0.23188,-0.677985,-0.697545,0.693706,0.617948,-0.370016,0.681912,-0.398091,0.613612,-320.763112,337.787093,232.36164,83.558235,5.200103,0.910169,2.099209,-84.16806,-43.147163,117.808923,-43.147163,-60.340183,114.007202,117.808923,114.007202,576.787012
0.344292,-0.699978,-0.625694,0.796513,-0.135032,0.589349,-0.49702,-0.701282,0.511052,505.641829,-330.710612,434.856197,103.225516,3.956894,1.034388,3.758154,-153.334727,85.887564,46.349246,85.887564,-296.978026,14.653583,46.349246,14.653583,897.662689
0.083273,-0.152976,0.984715,-0.182405,0.969113,0.165978,-0.979691,-0.193438,0.052797,-52.096231,-386.942192,444.90095,88.357949,1.737781,1.517974,4.517448,-444.042768,43.849706,-11.410045,43.849706,-161.777176,51.850392,-11.410045,51.850392,1272.433997
0.315345,0.647881,-0.693402,0.66631,0.369116,0.647908,0.675713,-0.666336,-0.315291,292.359542,-277.309454,325.893904,118.620374,3.960896,1.891559,2.349207,-30.668315,63.623065,125.544682,63.623065,-193.511898,40.842759,125.544682,40.842759,798.135913
-0.013216,0.706804,-0.707286,-0.351225,0.658994,0.665107,0.936198,0.257206,0.239538,365.948632,-199.377713,578.292858,77.94184,3.957715,1.328906,1.302677,-76.362494,215.474608,-4.854623,215.474608,-52.258099,-129.449883,-4.854623,-129.449883,1033.386927
0.799297,-0.582535,0.147572,0.270754,0.568331,0.776976,-0.536485,-0.581079,0.611989,398.477629,397.414762,482.936522,71.97979,2.953898,0.912223,3.887109,-193.650645,-200.801973,17.244014,-200.801973,-56.99214,168.834771,17.244014,168.834771,1025.943253
-0.192369,-0.25862,0.946631,-0.941231,0.321539,-0.103427,-0.277631,-0.910894,-0.305275,-74.339332,-286.817043,512.88933,99.490507,1.46197,1.881023,3.437437,-239.659761,-105.53308,171.750766,-105.53308,-162.253369,-263.701368,171.750766,-263.701368,1391.426937
-0.108998,0.625421,0.772637,-0.916249,-0.364641,0.165906,0.385496,-0.689844,0.612787,102.930124,29.439849,417.299814,86.470263,1.782311,0.911214,2.632006,211.794263,-146.882471,-97.746836,-146.882471,-448.264151,16.801019,-97.746836,16.801019,795.561025
-0.669553,0.157737,0.725822,-0.719906,0.102741,-0.686425,-0.182847,-0.982122,0.044765,-118.041381,9.037068,241.191969,83.529415,0.813288,1.526016,3.325661,-394.657757,58.726652,-69.656507,58.726652,-253.934972,-230.755474,-69.656507,-230.755474,908.294059
-0.276449,-0.723991,0.631991,-0.384672,0.686002,0.617599,-0.880684,-0.072374,-0.468144,204.281906,-280.447664,403.81881,72.427076,2.344678,2.057985,4.630394,-328.869503,-39.023205,35.685068,-39.023205,-207.801416,298.714407,35.685068,298.714407,802.502477
0.19191,-0.712541,0.674875,-0.061048,0.677658,0.732839,-0.979512,-0.181839,0.086551,-233.597732,481.437743,446.029924,98.166088,2.397348,1.484137,4.528836,-160.188157,-58.91835,64.105603,-58.91835,-236.598158,158.271485,64.105603,158.271485,1089.496874
0.807261,-0.528193,-0.263327,0.466689,0.298148,0.832652,-0.36129,-0.79506,0.487185,58.073559,387.241514,507.874991,110.184596,3.447892,1.061933,3.568115,-111.598155,-7.119794,-73.922381,-7.119794,-34.108701,-126.872932,-73.922381,-126.872932,847.478804
0.222653,0.876878,-0.42604,-0.770009,0.426204,0.474801,0.597923,0.222339,0.7701,-243.890345,-16.439217,240.366642,65.728605,3.872915,0.691798,1.214788,-212.545152,-50.123467,-150.34491,-50.123467,-451.334107,12.643309,-150.34491,12.643309,808.787633
0.704228,0.654417,0.275322,-0.69984,0.57457,0.424373,0.119525,-0.491537,0.862615,158.704267,-230.226652,288.954191,91.643269,2.566081,0.530379,2.903056,-49.898049,89.586109,47.894252,89.586109,53.123686,-102.553114,47.894252,-102.553114,808.7283
-0.14488,-0.647366,0.748283,0.245637,0.709054,0.660988,-0.958474,0.279569,0.056289,157.559081,-190.446774,436.984723,95.467949,2.29433,1.514477,4.996197,-76.064668,174.121799,62.70058,174.121799,-347.123035,-157.080556,62.70058,-157.080556,1387.88036
0.286769,-0.551664,-0.783217,0.804974,0.582016,-0.115211,0.519403,-0.597431,0.61098,505.580285,-413.27255,439.382675,79.371,4.858442,0.913498,2.425946,-496.098347,33.695083,-126.184585,33.695083,-132.637308,-4.405857,-126.184585,-4.405857,768.514041
0.324627,-0.857294,-0.39958,0.880012,0.118908,0.459825,-0.346692,-0.500907,0.79303,362.131037,292.900306,417.161676,139.443933,3.857004,0.655029,3.747017,-97.818786,-110.662068,-13.526842,-110.662068,-95.87587,133.076658,-13.526842,133.076658,905.862138
-0.041033,-0.201751,0.978577,0.160986,0.965271,0.205758,-0.986103,0.16598,-0.007129,453.790273,19.95641,220.786822,74.972445,1.77804,1.577925,4.879145,-459.522258,-117.973836,43.161964,-117.973836,-519.139666,-29.999497,43.161964,-29.999497,1314.708218
0.669397,-0.328294,-0.666431,0.707821,0.009424,0.706329,-0.225604,-0.944528,0.238682,108.528512,-332.230298,254.694659,73.522142,3.897934,1.329788,3.376053,-233.899316,20.780401,140.543778,20.780401,-554.213017,1.005509,140.543778,1.005509,1170.584319
0.158355,0.608112,-0.777897,-0.295972,0.780844,0.550166,0.941979,0.143114,0.303635,-333.813548,414.156263,446.393176,73.780194,4.096815,1.262291,1.42002,-622.892528,72.814355,51.023341,72.814355,-177.047279,6.005009,51.023341,6.005009,666.15219
-0.252821,-0.186848,-0.949299,0.350207,0.896969,-0.269816,0.901907,-0.400667,-0.161337,476.114704,323.064126,281.099968,135.409957,4.989313,1.732842,1.988853,-204.466808,14.541897,-66.712562,14.541897,-69.796669,125.86076,-66.712562,125.86076,1117.088493
0.210979,0.957987,0.19429,-0.32838,-0.11775,0.937177,0.920681,-0.261526,0.289741,-281.353749,-197.323077,324.035027,95.898364,2.937175,1.27684,1.847563,-212.178974,-41.67068,-86.058642,-41.67068,81.001863,-65.759567,-86.058642,-65.759567,681.939162
-0.716853,0.649126,0.254473,-0.51786,-0.740091,0.429053,0.466843,0.175787,0.866693,523.161475,331.832204,384.870179,77.899538,2.60626,0.522262,1.210672,-315.948107,-96.377998,-1.185319,-96.377998,-420.015822,-14.577385,-1.185319,-14.577385,1000.820493
0.015427,-0.171014,0.985148,-0.153079,0.973246,0.171345,-0.988094,-0.153449,-0.011165,186.805525,-122.817466,241.001628,75.403825,1.743002,1.581961,4.558322,-651.068915,206.42531,-108.423345,206.42531,-192.919401,-229.132806,-108.423345,-229.132806,1006.398498
0.31902,-0.541367,-0.777913,0.728898,0.664762,-0.163703,0.60575,-0.514795,0.606674,255.643231,-52.568279,247.398619,70.478879,4.919801,0.918927,2.275201,-232.200259,-86.217925,187.217448,-86.217925,-207.332657,132.157104,187.217448,132.157104,614.112966
0.871867,-0.213516,-0.440749,0.489375,0.344958,0.800947,-0.018975,-0.91401,0.405247,130.007942,-26.445356,414.653147,67.194665,3.644654,1.153547,3.16235,197.499175,19.937118,78.265575,19.937118,-467.775021,-63.790917,78.265575,-63.790917,922.175794
0.610353,0.592938,0.525256,-0.740997,0.661758,0.114016,-0.279988,-0.458803,0.843271,498.136459,346.995769,291.769279,102.352107,1.784548,0.567455,3.689521,-323.637734,15.602803,155.857838,15.602803,-221.523722,18.695449,155.857838,18.695449,1192.733562
0.438592,0.308757,0.843982,-0.593946,0.804376,0.014388,-0.674437,-0.507591,0.536178,-274.110065,-222.759745,332.19201,122.654464,1.587843,1.004894,4.067217,103.950132,-35.71549,-126.93629,-35.71549,200.915619,62.616086,-126.93629,62.616086,545.838329
-0.036301,0.091568,-0.995137,0.176777,0.980678,0.083789,0.983581,-0.172876,-0.051786,281.974851,102.847074,495.530957,101.74937,4.628389,1.622606,1.744781,-247.528925,119.298649,49.600008,119.298649,-80.388264,85.911763,49.600008,85.911763,1110.028579
0.340798,0.858008,0.384289,-0.494399,-0.18411,0.849513,0.799641,-0.479505,0.361454,230.027968,192.078085,251.72949,137.537275,2.716775,1.200969,2.110958,95.250826,-10.935492,13.161378,-10.935492,34.915323,-34.097784,13.161378,-34.097784,795.769332
0.208234,0.945136,-0.251709,-0.079713,0.272893,0.958736,0.974825,-0.179577,0.132165,-181.185091,-7.050773,497.034163,85.646778,3.398341,1.438244,1.752968,-387.543083,-83.690082,-20.745252,-83.690082,-381.997209,-100.234899,-20.745252,-100.234899,1035.593486
-0.604562,-0.602026,-0.521603,0.775559,-0.295511,-0.557836,0.181692,-0.74178,0.645562,494.101494,20.28118,481.519094,91.5826,5.531341,0.869038,2.901381,-121.447583,38.447932,14.309409,38.447932,-229.196715,-81.017106,14.309409,-81.017106,968.917618
0.160388,0.783543,-0.60028,-0.110346,0.618574,0.777939,0.980867,-0.058533,0.185673,-49.268613,-216.915288,582.048575,76.551882,3.798793,1.38404,1.630401,-78.170051,-68.189362,241.397175,-68.189362,-262.23303,-213.065117,241.397175,-213.065117,948.302695
0.254262,0.920494,0.296718,-0.93211,0.315054,-0.17864,-0.257919,-0.231153,0.938108,517.179553,84.141129,551.998653,68.082653,1.02887,0.353671,3.981665,-120.778975,16.979788,245.830937,16.979788,-340.503139,-66.780647,245.830937,-66.780647,1139.183677
0.163248,-0.446198,-0.879919,0.74948,0.636086,-0.183505,0.641584,-0.629525,0.438256,503.572101,-332.90725,397.792594,99.011751,4.917989,1.117138,2.346708,8.756395,101.072227,-46.777723,101.072227,-359.38116,-3.307836,-46.777723,-3.307836,922.27169
0.712232,0.567543,0.413062,-0.670135,0.724902,0.159487,-0.208913,-0.390399,0.896629,198.006436,214.005377,555.368288,69.054948,1.939272,0.4587,3.632946,-375.867285,-47.951529,114.539508,-47.951529,-183.206568,-7.385091,114.539508,-7.385091,793.12687
0.413393,0.892274,-0.181528,-0.665905,0.432224,0.608073,0.621029,-0.130493,0.772848,346.735683,472.177329,247.776657,124.870142,3.4317,0.687479,1.777907,-459.251558,-187.923143,24.962504,-187.923143,64.620847,126.519596,24.962504,126.519596,968.177175
0.51727,0.624606,0.585063,-0.799307,0.108283,0.591086,0.305844,-0.773396,0.555264,492.37068,-240.149406,313.675693,125.873717,2.361316,0.982116,2.76501,24.379352,122.680245,-227.091189,122.680245,-134.885216,-96.957053,-227.091189,-96.957053,1053.552088
0.465288,0.866654,-0.180049,-0.771404,0.49677,0.397686,0.4341,-0.046148,0.899682,-212.263941,325.401468,415.455527,66.506496,3.566724,0.451756,1.676705,76.468744,-123.041259,61.718012,-123.041259,-191.306735,57.346874,61.718012,57.346874,750.391528
0.509981,0.780698,0.361151,-0.829493,0.557493,-0.033804,-0.22773,-0.282332,0.931895,-4.144809,-114.528935,363.830917,115.306238,1.477467,0.371195,3.820346,-152.431868,-81.12559,161.812363,-81.12559,-124.160521,-60.659951,161.812363,-60.659951,1171.295977
0.594776,0.618486,-0.513534,0.24643,0.467779,0.848796,0.765189,-0.631394,0.12581,-37.990218,284.576116,277.531077,134.245766,3.685692,1.444652,2.260684,7.543175,71.653283,46.376396,71.653283,-48.265209,-57.285683,46.376396,-57.285683,769.395288
-0.334689,-0.1756,-0.925823,0.833648,0.40288,-0.377781,0.439334,-0.898249,0.011549,231.014971,412.645836,256.485589,108.657508,5.099815,1.559247,2.686703,-328.534585,-25.360693,107.526787,-25.360693,-47.460288,-19.599392,107.526787,-19.599392,1021.791089
0.342394,0.272058,0.899305,-0.64533,0.763764,0.014643,-0.682873,-0.585362,0.437076,285.306756,230.924428,354.303582,130.389366,1.587078,1.118451,4.003727,-15.935321,39.016756,-73.1606,39.016756,62.515664,205.437689,-73.1606,205.437689,851.977254
0.421677,0.87084,0.252639,-0.824413,0.2522,0.506694,0.377534,-0.42194,0.824278,-368.285331,443.840982,440.824175,91.621026,2.679064,0.60187,2.411682,-296.736304,-56.498293,114.614999,-56.498293,-57.080514,211.734276,114.614999,211.734276,548.851194
-0.361867,-0.802596,0.474228,0.757395,0.043469,0.651509,-0.543512,0.594937,0.592152,123.294872,-103.368627,390.911595,121.378667,2.512392,0.93707,5.542927,-12.958896,-9.091043,82.496481,-9.091043,-22.801339,-80.699315,82.496481,-80.699315,834.779933
0.430573,0.902539,0.005479,-0.876533,0.416704,0.240931,0.215167,-0.108541,0.970527,-271.456145,-231.979034,474.500574,135.274032,3.118857,0.24339,2.037997,46.001391,19.952718,20.608983,19.952718,88.651157,28.234633,20.608983,28.234633,794.076034
-0.104508,0.896728,-0.430067,-0.241896,0.396529,0.88558,0.964658,0.196582,0.175474,366.604745,221.073536,526.154585,107.510941,3.593681,1.394409,1.369765,-39.275609,-8.239846,142.596981,-8.239846,-196.939058,92.920816,142.596981,92.920816,1055.140693
0.449725,-0.40623,0.795439,0.122118,0.910186,0.395788,-0.884779,-0.080859,0.458942,-295.265771,-430.197139,246.381008,85.158896,2.0325,1.093992,4.621253,-133.938365,54.745778,-64.932772,54.745778,-142.709771,-95.911177,-64.932772,-95.911177,891.508295
0.132764,0.827503,-0.545539,0.221758,0.511658,0.830078,0.966021,-0.231182,-0.115575,-23.637125,-156.450558,244.842235,62.532859,3.723022,1.686631,1.805692,-293.351416,-203.15313,149.295764,-203.15313,-369.380404,22.13106,149.295764,22.13106,869.546441
0.197447,-0.374598,0.90592,0.036593,0.926285,0.375043,-0.97963,-0.040901,0.196599,442.823958,473.234571,464.780334,87.704567,1.963306,1.372908,4.670662,-449.862978,-58.444253,-201.656628,-58.444253,-74.960788,51.604585,-201.656628,51.604585,1265.216583
0.280362,0.895088,-0.34672,0.184617,0.304181,0.934554,0.941973,-0.326024,-0.079967,292.565061,198.634009,339.474226,88.946521,3.496853,1.650849,1.903999,-19.772498,43.018452,124.562374,43.018452,-208.721859,98.41091,124.562374,98.41091,1022.641264
0.710583,-0.327467,-0.622766,0.396972,0.917359,-0.029422,0.580934,-0.226314,0.781855,273.456287,478.777645,354.057432,68.463559,4.759599,0.673161,1.942278,-44.081216,118.318814,-42.738783,118.318814,-500.376941,65.377413,-42.738783,65.377413,899.271708
-0.616713,-0.287356,0.732865,-0.52949,0.840338,-0.116075,-0.582499,-0.459629,-0.6704,510.331302,312.316911,421.215174,76.985824,1.413716,2.305544,4.044352,-51.025145,198.449037,-79.840679,198.449037,-196.592054,-155.06068,-79.840679,-155.06068,739.333864
-0.273758,-0.594994,-0.755671,0.835067,-0.536859,0.120187,-0.477199,-0.598134,0.64383,334.521481,-234.207761,445.888234,99.80223,4.554664,0.871303,3.814999,227.158524,-67.493053,133.311701,-67.493053,-185.933763,43.146627,133.311701,43.146627,1250.080152
-0.14805,0.972941,-0.177388,-0.722009,0.016245,0.691693,0.675858,0.230481,0.700067,74.847875,478.835004,546.4164000000001,84.476513,3.392637,0.795305,1.242145,-331.444047,-198.971311,-227.223,-198.971311,7.474045,-77.314291,-227.223,-77.314291,867.007104
-0.141151,0.238799,-0.960756,0.624982,0.774131,0.100593,0.767772,-0.586256,-0.258515,171.756118,-241.782596,331.140197,84.421436,4.608067,1.832281,2.222933,-407.950521,59.477667,115.166445,59.477667,62.549241,146.378159,115.166445,146.378159,993.945569
0.100019,0.062748,0.993005,-0.557901,0.829899,0.003753,-0.823859,-0.554374,0.118013,-92.602125,-41.126064,369.411335,108.39283,1.574575,1.452508,4.120084,-334.513378,32.910707,-60.865944,32.910707,77.676592,-49.984569,-60.865944,-49.984569,826.537679
0.198546,0.533519,0.822154,-0.838657,0.526577,-0.139179,-0.507182,-0.661872,0.55199,-321.43049,-74.80383,367.458191,86.193882,1.403101,0.986048,3.795434,152.639139,37.974763,46.200237,37.974763,52.32557,125.370218,46.200237,125.370218,604.694019
0.015953,-0.994184,-0.106509,0.784511,-0.053597,0.617794,-0.619909,-0.093413,0.779093,-153.26563,42.652046,486.213408,69.770835,3.312316,0.677578,4.562826,49.31715,4.440944,-227.790099,4.440944,24.380298,-115.096344,-227.790099,-115.096344,977.604267
0.195446,0.637579,0.74518,-0.922298,-0.138829,0.360684,0.333417,-0.757773,0.560904,87.196093,-384.601421,399.227957,83.151481,2.02158,0.975319,2.727089,-243.03054,72.64409,45.489759,72.64409,-194.769494,152.785223,45.489759,152.785223,1004.474335
0.708953,-0.391245,0.586782,0.352162,0.91725,0.186105,-0.611039,0.074703,0.788068,-156.314333,50.98062,488.249513,82.520435,1.877923,0.663132,4.83404,172.388955,3.55295,60.043868,3.55295,-240.378436,-127.820075,60.043868,-127.820075,1019.994489
0.158426,-0.027379,0.986991,-0.845411,0.512645,0.149921,-0.510081,-0.858164,0.05807,113.797445,-78.625109,516.797555,107.211881,1.721541,1.512694,3.677874,-71.27304,-108.583338,96.18519,-108.583338,0.836851,89.922233,96.18519,89.922233,870.101613
-0.165842,-0.686358,-0.708102,0.958049,-0.282335,0.049283,-0.233748,-0.670223,0.704388,173.534459,-383.846322,485.543023,128.236076,4.642902,0.789236,3.477163,200.319754,44.58255,29.5729,44.58255,-192.077017,96.566602,29.5729,96.566602,811.618138
-0.061396,-0.106118,-0.992456,0.625929,0.77042,-0.121099,0.777459,-0.628642,0.019122,369.594116,357.778952,561.255344,70.46426,4.833808,1.551673,2.25075,-573.987416,51.338731,77.62866,51.338731,157.146776,-89.135965,77.62866,-89.135965,1040.622874
-0.064659,-0.154177,0.985925,-0.171533,0.975004,0.14122,-0.983054,-0.159988,-0.089489,-340.528327,-412.647527,332.036833,71.479034,1.713064,1.660405,4.551058,-300.555837,277.769552,88.018574,277.769552,-5.032841,-61.724752,88.018574,-61.724752,498.82501
0.066719,0.018833,0.997594,-0.941382,0.332547,0.056682,-0.33068,-0.942899,0.039917,141.302361,-208.617942,278.763624,93.156263,1.627554,1.530869,3.478896,-335.964416,13.51355,127.873855,13.51355,-41.932993,-149.572551,127.873855,-149.572551,1154.647457
0.036142,0.999189,-0.017743,-0.867301,0.040183,0.49616,0.49647,-0.002544,0.86805,-356.912672,255.885235,283.311352,88.78138,3.177339,0.519535,1.575919,-454.609881,-88.842526,60.093802,-88.842526,16.234569,194.900686,60.093802,194.900686,614.864628
0.171529,0.980263,-0.098299,-0.310918,0.148542,0.938757,0.93483,-0.130461,0.330261,531.294665,-84.034691,351.911808,124.479788,3.245924,1.234217,1.709457,-115.304253,24.382052,90.189083,24.382052,-113.879354,-194.144686,90.189083,-194.144686,1395.775778
-0.007409,-0.976499,0.215393,0.680962,0.15281,0.716198,-0.732281,0.15198,0.663827,174.951244,78.83878,509.565296,64.523716,2.849453,0.844872,4.917027,-288.614241,-123.51354,-72.67718,-123.51354,-340.555175,-72.497967,-72.67718,-72.497967,898.405166
0.053565,0.099478,-0.993597,0.349735,0.930132,0.111978,0.935316,-0.353494,0.015032,364.59408,-374.122815,276.988031,79.857682,4.600163,1.555764,1.932143,-709.729777,-213.095668,10.389074,-213.095668,-278.879689,232.652444,10.389074,232.652444,1114.46933
0.171725,-0.985058,-0.013058,0.037026,-0.006792,0.999291,-0.984449,-0.172087,0.035306,547.707296,-32.693394,507.047116,70.337404,3.15466,1.535483,4.539332,-448.276058,84.453384,-32.400691,84.453384,-553.992679,133.349174,-32.400691,133.349174,1254.935202
0.174111,-0.984581,0.01693,0.05531,0.026943,0.998106,-0.983172,-0.172844,0.059148,508.314845,509.878492,503.287869,77.23666,3.124632,1.511613,4.538364,-440.634953,-166.195207,-4.49682,-166.195207,-41.268164,-85.187657,-4.49682,-85.187657,1353.190602
-0.054849,0.865492,0.497911,-0.97952,-0.143392,0.141349,0.193733,-0.479961,0.855631,-324.18081,-186.019193,568.309278,91.366856,1.847402,0.544027,2.75795,-215.932926,-27.94818,14.383795,-27.94818,248.326315,158.065864,14.383795,158.065864,623.762535
0.164568,-0.982577,0.086375,0.90743,0.185142,0.377218,-0.386637,0.016301,0.922088,-36.311058,-144.298422,510.761193,83.965775,2.916494,0.397355,4.754526,-258.430029,55.054017,279.032049,55.054017,-0.114668,8.003275,279.032049,8.003275,1095.457065
-0.071196,0.963385,0.258497,-0.814879,-0.205633,0.541929,0.575242,-0.172061,0.799682,511.905254,477.658091,264.68523200000004,114.770501,2.696518,0.644031,1.861437,-278.343346,66.303336,209.471665,66.303336,21.997742,-2.166402,209.471665,-2.166402,877.288165
0.068347,-0.850877,-0.520899,0.964327,0.190183,-0.184131,0.255739,-0.489732,0.833523,-17.513634,-286.062085,288.754332,140.208541,5.052166,0.585343,2.660342,0.336824,-73.318637,-54.392901,-73.318637,-256.544062,-69.530961,-54.392901,-69.530961,983.778505
-0.110603,0.132378,0.985009,-0.843286,0.511993,-0.163498,-0.525962,-0.848728,0.055004,179.584345,-359.770376,473.923236,89.866805,1.40631,1.515764,3.696376,-718.531931,310.319044,91.726665,310.319044,-44.975631,157.372545,91.726665,157.372545,888.535738
0.356331,0.117646,-0.926924,0.452778,0.846041,0.281438,0.817325,-0.519976,0.248203,103.392542,129.754556,373.645932,72.07399,4.417609,1.319972,2.137403,13.792484,316.425621,195.011083,316.425621,-134.916911,22.710197,195.011083,22.710197,770.946293
-0.159008,0.180205,0.970692,-0.96642,0.17262,-0.190354,-0.201863,-0.968364,0.146706,54.993165,117.080628,349.442656,68.068399,1.377152,1.423559,3.347108,-854.5817,140.178181,-62.002996,140.178181,-351.22797,-334.647434,-62.002996,-334.647434,1337.785461
0.271745,-0.945915,0.177197,0.105702,0.212349,0.97146,-0.956547,-0.24526,0.15769,-367.982342,431.5928,437.907073,82.491492,2.961173,1.412446,4.461395,-377.993651,-42.286947,-147.924988,-42.286947,-96.150094,112.923948,-147.924988,112.923948,403.497999
-0.23233,0.18966,0.953966,-0.288363,0.923276,-0.253787,-0.928908,-0.334051,-0.159813,125.135567,201.594773,370.807149,77.703182,1.310786,1.731298,4.367172,26.647774,159.564935,-19.983982,159.564935,-349.948158,33.400401,-19.983982,33.400401,838.214132
-0.181345,-0.952381,0.245121,-0.239123,0.284476,0.928382,-0.953905,0.109744,-0.279324,355.866203,-112.520939,233.820522,99.639551,2.883453,1.853887,4.826932,191.600615,157.248978,202.583103,157.248978,-389.770477,175.262119,202.583103,175.262119,1093.446468
0.884917,0.306495,0.350689,-0.359715,-0.028527,0.932626,0.295849,-0.951445,0.085007,-73.212018,-321.409887,82.172655,73.016539,2.781925,1.485687,2.840123,-292.244076,32.156604,36.944393,32.156604,-458.298887,49.078628,36.944393,49.078628,1231.101759
-0.412107,0.911119,-0.005425,-0.639855,-0.285163,0.71363,0.648655,0.297563,0.700502,110.674548,-198.376688,159.586843,68.543428,3.149194,0.794696,1.1407,-221.933664,61.806661,-18.948342,61.806661,-219.418517,244.837815,-18.948342,244.837815,1025.167967
-0.274622,0.300962,0.913239,-0.953746,0.035518,-0.298508,-0.122276,-0.952975,0.277287,345.253353,403.268711,13.558836,104.552015,1.254877,1.289827,3.269205,-62.851538,-51.39438,-213.36701,-51.39438,-181.5535,-24.012731,-213.36701,-24.012731,1127.26627
0.193256,0.434443,-0.879722,0.019831,0.894712,0.446202,0.980948,-0.103677,0.164293,119.561886,-295.329076,71.896149,80.3944,4.242992,1.405755,1.676096,30.298351,15.099259,116.438936,15.099259,-154.238218,113.746437,116.438936,113.746437,1287.610432
0.77301,-0.396243,-0.495426,0.588637,0.739209,0.327225,0.236563,-0.544574,0.804659,297.298726,503.290195,5.979092,82.630716,4.128673,0.635695,2.731788,-775.304926,-113.225064,100.77786,-113.225064,-164.248499,-97.641933,100.77786,-97.641933,675.444451
0.461053,-0.8137,0.35401,0.171813,0.47325,0.864011,-0.870581,-0.337531,0.357997,299.193046,389.921523,113.635376,83.926354,2.752728,1.204674,4.342524,-395.964474,-76.402746,120.545453,-76.402746,-35.631727,-69.031149,120.545453,-69.031149,1028.086829
-0.299322,0.671633,0.677729,-0.910902,0.010283,-0.412494,-0.284014,-0.740813,0.608714,-145.14132,-417.250178,38.077031,108.705025,1.024046,0.916358,3.507691,-116.793641,-99.852279,93.60356,-99.852279,-137.245205,-21.269765,93.60356,-21.269765,781.107375
0.29178,-0.947271,0.132443,0.857413,0.320408,0.402717,-0.423918,-0.003946,0.905692,27.906498,461.036493,162.83874,67.051654,2.823861,0.437788,4.70308,-699.844182,238.791155,224.174837,238.791155,-162.64629,290.31111,224.174837,290.31111,1164.299766
-0.224705,0.250358,0.941716,-0.833594,0.451078,-0.318826,-0.504608,-0.85665,0.107338,-233.906271,264.888506,-8.102078,79.707978,1.24435,1.463251,3.67392,-407.261425,5.686306,-97.997023,5.686306,-187.654515,-184.098425,-97.997023,-184.098425,1028.258198
-0.676759,-0.131934,-0.724287,0.414472,0.744808,-0.522947,0.608449,-0.654106,-0.449372,345.338217,96.108647,-42.053674,83.536659,5.337739,2.036859,2.392341,194.384639,104.354273,170.763029,104.354273,-411.081732,-5.923577,170.763029,-5.923577,1085.467643
0.592295,-0.388684,-0.70577,0.805718,0.283222,0.520196,-0.002302,-0.876761,0.480921,-251.715572,268.095747,148.282989,97.357037,4.077221,1.069092,3.144218,-309.401722,54.313687,-78.486723,54.313687,103.098427,-46.365429,-78.486723,-46.365429,788.498184
-0.223903,0.93603,0.271505,-0.842227,-0.326011,0.429383,0.490429,-0.132528,0.861345,-121.641399,452.697499,-83.468513,160.098737,2.577752,0.532885,1.834722,-111.704179,71.30767,-74.159046,71.30767,-2.362028,11.273702,-74.159046,11.273702,820.119365
0.650528,-0.6723,0.353307,-0.296361,0.203609,0.93312,-0.699273,-0.711727,-0.06679,-230.445137,2.773353,10.776496,65.936752,2.779644,1.637637,3.918165,-210.079275,-19.81678,-156.616285,-19.81678,-249.585632,-124.966022,-156.616285,-124.966022,531.904024
0.801284,0.381508,-0.460864,-0.266833,0.917338,0.29545,0.535485,-0.113766,0.836847,294.480358,250.348016,83.963802,154.419254,4.14231,0.579298,1.780138,-37.677636,-196.122538,-116.880027,-196.122538,-174.09866,103.555342,-116.880027,103.555342,959.485923
-0.614692,-0.388018,-0.686728,0.721202,0.076076,-0.688534,0.319407,-0.918507,0.233076,197.351214,-339.969117,-125.585602,75.722645,5.4991,1.335557,2.806927,-273.531382,-19.969318,204.197682,-19.969318,-430.494969,19.483644,204.197682,19.483644,827.571045
-0.171583,0.806651,0.565574,-0.957415,-0.271843,0.097257,0.2322,-0.524801,0.818943,-19.446922,-278.100123,151.519323,67.682524,1.741093,0.61123,2.725033,-302.744073,91.477786,110.055071,91.477786,-587.121098,52.949112,110.055071,52.949112,837.573834
-0.057673,0.508244,0.85928,-0.859466,0.412633,-0.301748,-0.507929,-0.755925,0.413021,-30.316364,410.765761,-164.525375,88.900245,1.233085,1.145028,3.733231,73.201441,-107.78486,-145.53321,-107.78486,-296.158552,-88.622464,-145.53321,-88.622464,699.700964
0.72466,0.64737,-0.236179,-0.609456,0.762036,0.218779,0.321608,-0.0146,0.94676,151.747626,400.857263,1.567267,68.670203,3.965216,0.327777,1.616162,-196.310941,-84.041585,-216.140755,-84.041585,-254.414815,103.297236,-216.140755,103.297236,1018.115905
0.384829,0.345736,-0.855788,0.574,0.63644,0.515235,0.722793,-0.6895,0.046468,360.104387,-84.999316,-163.681283,119.156831,4.170456,1.524311,2.332625,-138.602583,79.487633,95.777871,79.487633,-50.944192,79.018369,95.777871,79.018369,816.565412
-0.597191,-0.769065,-0.227822,0.738858,-0.637993,0.216919,-0.312174,-0.038786,0.949233,-311.309821,-211.249314,-160.559897,70.765307,3.951501,0.320008,4.588777,-259.541251,257.692429,78.643607,257.692429,-61.108948,132.916952,78.643607,132.916952,788.570579
0.702629,-0.662425,-0.259817,0.641733,0.432187,0.633556,-0.307395,-0.611888,0.728767,553.359356,349.703559,64.955647,77.25105,3.530769,0.754277,3.607135,-277.559848,-59.938457,47.846468,-59.938457,-78.873514,-51.356873,47.846468,-51.356873,889.162797
0.505475,-0.113572,-0.855334,0.680685,0.661678,0.314405,0.530248,-0.741137,0.411769,199.829635,-122.40554,-91.015803,75.069193,4.360138,1.146402,2.520571,-505.330508,17.471267,26.091432,17.471267,-27.323138,91.417189,26.091432,91.417189,787.756884
0.093986,-0.919734,0.381124,-0.250317,0.34869,0.903193,-0.963591,-0.180289,-0.197453,440.94192,-74.201566,28.771127,80.322354,2.742288,1.769555,4.527426,-297.2197,-94.377653,-86.698597,-94.377653,-706.298924,28.442617,-86.698597,28.442617,1198.212795
0.349748,-0.930767,0.106533,-0.07172,0.08678,0.993643,-0.934095,-0.355165,-0.036403,312.807622,284.711274,-184.786676,105.159916,3.034786,1.607208,4.349047,-4.476842,36.689889,-172.003316,36.689889,-276.222638,-45.24997,-172.003316,-45.24997,1058.100256
-0.494449,0.815693,0.300274,-0.844076,-0.533061,0.058153,0.207499,-0.2247,0.952079,460.36129,393.557436,147.634532,123.916779,1.762095,0.310834,2.395972,21.31318,-12.375761,108.458435,-12.375761,-188.592985,10.004688,108.458435,10.004688,1182.878258
0.096169,0.646869,-0.756513,0.720138,0.479462,0.501516,0.687134,-0.593024,-0.419726,-349.134493,318.694161,-176.911321,100.737351,4.126978,2.003939,2.282812,-222.073718,-10.996509,-1.776424,-10.996509,44.588477,225.35072,-1.776424,225.35072,564.970537
0.412647,0.003628,0.910884,-0.109601,0.992925,0.045696,-0.904273,-0.11869,0.410125,-122.817169,31.472509,-117.053092,90.435969,1.620921,1.148206,4.58188,-509.002812,25.484332,-184.751491,25.484332,-23.120245,-2.284333,-184.751491,-2.284333,1004.875401
-0.374327,0.92411,0.076811,-0.918985,-0.380762,0.102406,0.123882,-0.032255,0.991773,501.376971,499.58734,48.413762,65.240562,2.498051,0.128364,1.82551,-435.116198,-182.634938,97.27217,-182.634938,-396.771842,139.108517,97.27217,139.108517,1766.7657
-0.08212,-0.83015,0.551459,-0.247793,0.552959,0.795509,-0.965326,-0.07132,-0.251115,88.818758,221.27032,-26.446798,101.168716,2.535435,1.824628,4.638641,-242.305881,18.425606,26.444938,18.425606,23.477306,71.964205,26.444938,71.964205,885.142296
0.790313,0.199022,0.579479,-0.320335,0.940433,0.113894,-0.522293,-0.275639,0.80699,400.737057,55.51269,101.75787,90.89159,1.764868,0.631759,4.22679,-55.227952,-91.621694,186.18394,-91.621694,-283.446404,101.775393,186.18394,101.775393,956.456897
-0.08459,0.446503,0.890775,-0.695271,0.613925,-0.373756,-0.713752,-0.650946,0.258509,133.93355,135.853668,95.298623,86.109085,1.173521,1.309318,3.97298,20.16894,156.09584,-19.925979,156.09584,78.682197,192.132819,-19.925979,192.132819,894.78006
0.21612,-0.876648,0.429861,-0.259151,0.37297,0.890918,-0.941346,-0.303944,-0.146577,341.5031,18.585734,-117.149028,81.316794,2.692049,1.717904,4.400074,-40.331847,-26.95621,-93.324963,-26.95621,-121.01869,38.447044,-93.324963,38.447044,932.688181
0.597636,-0.49488,0.630813,-0.499758,0.385303,0.775747,-0.626956,-0.778868,-0.017049,-235.554079,-5.220505,-139.584313,84.148025,2.458873,1.587846,3.81935,-284.842555,-105.951609,-108.525103,-105.951609,-84.359842,-88.759613,-108.525103,-88.759613,744.080366
0.073795,0.804657,-0.589136,-0.792925,0.405623,0.454688,0.604835,0.433587,0.667965,45.036365,313.173805,72.67438,143.382011,4.055089,0.839325,0.948839,32.862148,35.938237,-63.196441,35.938237,-46.646567,39.079842,-63.196441,39.079842,801.256094
0.506351,-0.859344,0.071674,0.561815,0.391806,0.728596,-0.654197,-0.328658,0.681183,478.854349,257.623644,-150.707291,85.594716,3.043536,0.821419,4.246836,-59.916587,113.900497,54.360242,113.900497,-481.933336,-49.124581,54.360242,-49.124581,917.555085
-0.399526,-0.420508,-0.814587,0.860071,0.135585,-0.491827,0.317263,-0.897101,0.307497,-123.305497,-364.730475,-54.630528,79.312346,5.255579,1.258235,2.801667,362.225989,11.60086,132.547302,11.60086,-407.288907,-70.511058,132.547302,-70.511058,969.878295
0.524655,-0.740399,-0.420173,0.831172,0.552233,0.064748,0.184094,-0.383207,0.905131,524.026726,-313.422859,-2.501045,80.529312,4.559493,0.439109,2.693744,-583.123675,29.845243,-370.215912,29.845243,-279.499442,118.160244,-370.215912,118.160244,840.180468
-0.589653,0.224193,0.775917,-0.540377,0.604482,-0.585315,-0.600251,-0.764421,-0.235286,174.946451,-127.108658,119.957039,108.807208,0.924515,1.808309,3.807266,-72.077947,41.302771,-14.373442,41.302771,-51.134038,-43.839727,-14.373442,-43.839727,771.61599
-0.270886,-0.570228,-0.775539,0.677844,0.459047,-0.574285,0.683482,-0.68126,0.262176,339.907028,-144.319813,-106.31397,87.030798,5.349781,1.30552,2.354566,-229.86011,-301.707185,193.606867,-301.707185,111.638383,140.834692,193.606867,140.834692,823.524792
0.462194,0.863097,-0.203568,-0.395391,0.406054,0.823885,0.793752,-0.300306,0.528937,144.978881,456.925038,-181.260411,69.471907,3.383825,1.013449,1.932489,-303.220749,166.527615,332.143706,166.527615,-425.772106,16.745928,332.143706,16.745928,800.400655
0.519884,0.192427,0.832281,-0.205515,0.973856,-0.096785,-0.829146,-0.12073,0.545839,-175.987056,214.603718,58.366697,93.310116,1.455027,0.993406,4.567798,-360.984688,-3.392373,72.306892,-3.392373,-170.624079,-78.192286,72.306892,-78.192286,934.100921
0.567677,-0.472493,0.674161,-0.24253,0.686575,0.685415,-0.786716,-0.552598,0.275159,-303.426745,-54.113411,-100.638475,82.250564,2.364472,1.292041,4.100046,-388.5457,-47.407202,-35.490706,-47.407202,-131.920988,264.449352,-35.490706,264.449352,617.702436
0.35395,-0.488647,0.79746,-0.704655,0.421317,0.570923,-0.614964,-0.764013,-0.195203,-117.679732,-357.025275,-150.72657,81.56392,2.192132,1.76726,3.819322,116.415161,-83.517753,126.76842,-83.517753,-83.014927,-93.347858,126.76842,-93.347858,1013.788333
-0.269227,-0.805691,-0.527616,0.715054,-0.534217,0.4509,-0.645147,-0.25588,0.719938,275.734142,494.425175,102.352726,99.300352,4.005232,0.767083,4.334798,-425.021742,-7.403284,-65.920629,-7.403284,-51.914349,-85.019296,-65.920629,-85.019296,920.725992
-0.188424,-0.63644,-0.747957,0.831087,0.302442,-0.466715,0.52325,-0.709558,0.47195,56.692155,-425.775915,142.135609,84.916208,5.270259,1.079295,2.506184,-259.38441,-62.845538,191.551495,-62.845538,-173.170852,-156.367321,191.551495,-156.367321,788.72602
-0.761218,-0.274804,0.587393,-0.505441,0.818901,-0.271902,-0.406297,-0.503869,-0.762259,104.763469,509.135684,64.994214,92.092481,1.13727,2.437592,3.820197,185.464155,-16.455285,-88.073047,-16.455285,-35.26033,84.341963,-88.073047,84.341963,1023.433657
-0.71285,0.701169,-0.014344,-0.57947,-0.577356,0.575217,0.395043,0.418356,0.817875,-229.567575,248.472456,20.921366,80.654465,3.166524,0.613089,0.756745,-10.566851,-70.189316,64.510853,-70.189316,-346.955676,82.825664,64.510853,82.825664,556.847845
-0.649315,-0.719106,-0.247543,0.547369,-0.667857,0.504336,-0.527994,0.191975,0.827265,-244.20346,-283.741653,102.280538,112.380927,3.597877,0.596574,5.061122,-32.050841,107.478606,-159.211385,107.478606,-9.272553,0.33679,-159.211385,0.33679,595.976176
0.580269,-0.658352,-0.479437,0.808355,0.393835,0.437557,-0.099248,-0.641456,0.760713,465.495995,15.911874,-97.231378,90.045605,3.97263,0.706386,3.295098,132.176046,28.604095,-21.670674,28.604095,-453.575292,-38.607476,-21.670674,-38.607476,1030.854652
-0.255362,0.466024,0.84712,-0.810061,0.37519,-0.450593,-0.527818,-0.801283,0.281699,419.767499,66.770608,109.626279,82.036455,1.081946,1.285232,3.724071,-76.477273,41.401489,109.447777,41.401489,-438.826648,-191.277179,109.447777,-191.277179,1105.538953
0.377615,-0.058276,0.924127,-0.37209,0.904344,0.209072,-0.847913,-0.422807,0.31981,281.883985,-49.280083,-41.212533,86.179208,1.793288,1.245267,4.249826,-10.479036,145.377126,0.661481,145.377126,-419.373465,106.929184,0.661481,106.929184,1162.668873
0.766928,0.490185,0.414173,-0.634588,0.675332,0.375799,-0.095494,-0.55104,0.828997,546.810722,-130.636187,-200.579499,70.191744,2.307656,0.593484,3.313186,-657.352857,10.341073,-216.673894,10.341073,-503.555053,-87.51273,-216.673894,-87.51273,957.08354
-0.226876,-0.631164,0.741727,0.552143,0.544015,0.631811,-0.802287,0.552882,0.225069,-230.740262,112.10519,-112.976348,87.491798,2.276341,1.343782,5.315784,-154.084853,149.217757,77.66453,149.217757,-121.503796,-97.01296,77.66453,-97.01296,694.025799
-0.349922,0.554037,0.755379,-0.595446,0.490955,-0.635929,-0.723186,-0.672314,0.158103,-373.887207,454.416522,-113.216383,68.348317,0.871042,1.412027,3.963429,-490.292046,258.676082,-19.37197,258.676082,-9.63356,-57.421703,-19.37197,-57.421703,829.580889
-0.75361,0.568333,0.330256,-0.63974,-0.518733,-0.56714,-0.15101,-0.638681,0.754508,-81.119728,111.338952,161.126516,66.135644,0.527317,0.715892,3.373769,-214.152925,119.913338,303.845359,119.913338,-315.884831,-215.413769,303.845359,-215.413769,619.246876
-0.246303,0.607874,-0.754867,0.52986,0.736616,0.420291,0.811531,-0.296456,-0.503519,438.902455,520.759737,71.997038,83.674447,4.20436,2.098463,1.921039,-247.685791,-143.992229,-19.913258,-143.992229,-121.034993,137.10943,-19.913258,137.10943,1068.656135
0.814849,-0.353232,-0.459618,0.532409,0.142461,0.834413,-0.229264,-0.924625,0.304148,308.597803,374.275858,123.962812,85.667899,3.645071,1.261752,3.384644,-151.916394,-73.814298,11.649783,-73.814298,-184.289347,-7.900555,11.649783,-7.900555,969.223707
0.790057,-0.421125,-0.445493,0.605129,0.652059,0.45677,0.09813,-0.630455,0.769998,50.431097,-225.618752,30.77362,85.203414,3.914493,0.691958,2.987181,-108.328871,-224.385758,150.47875,-224.385758,-297.319494,20.161806,150.47875,20.161806,1011.488067
-0.257841,0.135172,-0.956685,0.31903,0.946541,0.047755,0.911997,-0.292898,-0.287181,-80.070901,-318.505431,-20.932855,73.103412,4.662513,1.862078,1.881553,-244.161404,162.839389,-145.867273,162.839389,-581.261849,220.828926,-145.867273,220.828926,923.97743
0.469056,-0.649669,-0.598261,0.785007,0.617074,-0.054627,0.404661,-0.444017,0.799437,-266.717088,-402.65784,26.55724,77.789253,4.803446,0.644439,2.402535,-84.673552,17.251192,6.102084,17.251192,-398.526386,-23.731356,6.102084,-23.731356,704.128185
-0.525177,-0.427109,-0.736048,0.546497,0.493738,-0.676434,0.652326,-0.757496,-0.025886,175.1998,-386.444506,95.966264,73.853964,5.455607,1.596685,2.430655,-82.017522,-50.026808,-112.857364,-50.026808,-460.195889,-35.058288,-112.857364,-35.058288,987.942824
-0.569969,0.526309,-0.630979,0.582331,0.800508,0.141691,0.579677,-0.286679,-0.762751,-82.913202,-72.837747,-164.32313,105.79459,4.491495,2.438353,2.030074,-23.62855,36.200731,74.080874,36.200731,-52.65076,-147.856727,74.080874,-147.856727,862.682324
-0.636526,0.687872,0.348806,-0.713685,-0.696785,0.071729,0.292383,-0.20328,0.934446,383.87661,353.235702,49.516913,74.13799,1.773611,0.364096,2.178329,-303.94646,91.813055,-16.517782,91.813055,-249.222751,81.244193,-16.517782,81.244193,931.668809
-0.329683,-0.678657,0.656304,-0.577945,0.694767,0.428109,-0.746517,-0.238168,-0.621279,-157.215603,226.738275,-89.240836,65.383652,2.148789,2.24117,4.403559,-230.094626,332.22506,117.704921,332.22506,-340.13996,-78.391411,117.704921,-78.391411,818.499614
0.444461,0.775847,-0.447791,-0.248801,0.587127,0.770311,0.860554,-0.230963,0.453986,534.387472,491.235314,138.757798,80.259624,3.668157,1.099562,1.833006,-183.66324,-285.130328,60.708874,-285.130328,-151.631361,-23.551765,60.708874,-23.551765,1158.011791
0.603732,0.600284,0.524564,-0.650182,-0.009965,0.759713,0.461271,-0.799725,0.384277,-38.681287,184.091603,-91.696545,98.188012,2.537287,1.176371,2.618417,137.537264,-20.532548,-35.564628,-20.532548,-242.594824,-18.641964,-35.564628,-18.641964,894.534125
0.930662,-0.239178,-0.276879,0.347031,0.337281,0.875106,-0.11592,-0.910514,0.396897,452.319208,66.599677,-168.401488,99.958278,3.448022,1.162663,3.268224,-395.872307,-65.86079,212.038421,-65.86079,-38.475235,-8.852917,212.038421,-8.852917,1032.723673
-0.497217,0.671072,0.549943,-0.620395,-0.718098,0.31535,0.606536,-0.184385,0.77338,-246.042284,259.558912,-172.75284,77.790663,2.091444,0.686641,1.865916,-11.100776,102.742988,56.841715,102.742988,-135.061073,95.787505,56.841715,95.787505,962.093975
0.714432,-0.671822,0.195557,0.608966,0.734648,0.299086,-0.344598,-0.094589,0.933973,237.280596,186.593815,165.740496,77.039709,2.562518,0.365423,4.444495,-287.98925,46.416463,157.927413,46.416463,-285.235556,157.596977,157.927413,157.596977,1132.561028
0.069177,0.853927,-0.515775,-0.665316,0.424735,0.613967,0.74335,0.300681,0.597513,223.01661,-232.322045,-127.489419,132.219269,3.840293,0.930401,1.186422,-307.130297,-110.209647,-63.547551,-110.209647,-57.779633,15.706992,-63.547551,15.706992,798.65428
-0.65821,-0.746705,-0.095872,0.746775,-0.663721,0.042446,-0.095327,-0.043657,0.994488,379.700654,258.575216,65.77839,99.123899,4.295596,0.105041,4.282927,-454.343072,-119.184989,355.635097,-119.184989,-140.865463,66.246646,355.635097,66.246646,1189.142044
0.54144,0.72868,0.419366,-0.649162,0.045369,0.759296,0.534258,-0.68335,0.497596,171.203154,274.010907,-153.610988,87.652623,2.636978,1.049971,2.478035,-256.816099,-146.928141,-89.314776,-146.928141,49.993266,-7.488547,-89.314776,-7.488547,683.804471
0.331578,-0.360082,-0.872008,0.87019,0.473792,0.135241,0.364452,-0.803655,0.470439,36.42694,352.311699,70.442275,134.530078,4.558523,1.081009,2.715838,0.469336,18.008262,-54.065556,18.008262,-103.073683,-38.417489,-54.065556,-38.417489,939.532194
0.768857,0.225832,-0.598213,0.410524,0.542934,0.732593,0.490233,-0.80884,0.324729,561.176039,-202.336158,33.72444,92.847338,3.826356,1.240071,2.596704,83.467151,-14.750303,0.009416,-14.750303,-197.110131,-88.906412,0.009416,-88.906412,952.670779
0.590821,0.197411,0.782278,-0.454637,0.882464,0.120675,-0.666509,-0.426951,0.611129,-268.744021,382.183989,34.560757,84.627018,1.723851,0.91331,4.142667,-237.869941,156.110548,-121.498324,156.110548,-288.280331,-72.856003,-121.498324,-72.856003,494.729271
0.171512,0.98507,-0.014864,-0.973246,0.171756,0.152619,0.152893,-0.011709,0.988173,170.309664,-122.646965,125.194539,129.704073,3.238682,0.153948,1.647231,-80.521938,47.270773,-8.748183,47.270773,-228.882185,191.923554,-8.748183,191.923554,1143.41316
-0.329715,-0.944023,-0.010424,0.479935,-0.177113,0.85924,-0.812988,0.278302,0.511467,-298.273596,-74.850266,-25.756751,79.210184,3.153723,1.033906,5.042205,-282.862955,-21.528922,-98.20059,-21.528922,-228.449081,-8.107788,-98.20059,-8.107788,598.484495
0.297082,-0.013395,0.954758,-0.449796,0.880049,0.152306,-0.842274,-0.474694,0.255422,286.012627,24.088382,43.394282,63.11411,1.728986,1.312512,4.199175,-243.23493,-221.401206,-112.78209,-221.401206,-245.857863,178.792644,-112.78209,178.792644,872.584557
0.384199,-0.340385,-0.858212,0.850002,0.49327,0.184882,0.360399,-0.800514,0.478842,260.000195,167.001394,170.106313,84.707795,4.500205,1.071461,2.718564,-393.322084,-38.148014,58.310397,-38.148014,-93.010195,36.599982,58.310397,36.599982,943.444965
0.535762,0.429505,0.72697,-0.716866,0.686306,0.122835,-0.446165,-0.58695,0.675594,366.003968,-367.599377,129.356676,117.216285,1.738184,0.829027,3.791553,-60.52501,179.692103,-19.012562,179.692103,-512.148439,83.528659,-19.012562,83.528659,895.869756
0.384284,0.702429,-0.599099,0.084985,0.619257,0.780576,0.919295,-0.350877,0.178275,284.441804,-64.545762,-58.817796,120.969608,3.796206,1.391563,1.935411,-99.400164,-32.671946,70.9062,-32.671946,-32.654888,98.184758,70.9062,98.184758,916.350267
0.035584,0.84929,-0.526726,-0.182265,0.523735,0.832155,0.982605,0.066392,0.173432,-124.871714,220.831271,-28.638802,70.059378,3.7059,1.396483,1.503331,-261.24189,23.404178,243.397556,23.404178,-236.862622,-228.833474,243.397556,-228.833474,1024.572238
0.190459,-0.574951,0.795712,0.435435,0.775929,0.456433,-0.879842,0.259549,0.398136,-221.761252,497.768744,82.248396,69.12206,2.091589,1.161312,4.999248,58.702233,-14.934243,108.163128,-14.934243,-17.340905,-84.694514,108.163128,-84.694514,865.970382
0.439533,-0.25259,0.86198,-0.663587,0.555443,0.501134,-0.605362,-0.792263,0.07652,287.681166,-100.578206,18.713786,90.864143,2.097409,1.494202,3.794052,-512.124209,-109.819045,-116.354971,-109.819045,-63.104479,24.748682,-116.354971,24.748682,1070.172909
0.572784,0.092117,0.814514,-0.819156,0.027897,0.572893,0.030051,-0.995357,0.091437,235.785195,-220.699813,167.722476,88.559345,2.18377,1.479231,3.111411,-78.285041,-87.58639,88.887588,-87.58639,-268.686528,94.37192,88.887588,94.37192,1121.724403
0.572775,0.819541,0.016774,-0.817404,0.569508,0.086669,0.061476,-0.063353,0.996096,309.143056,-328.795828,-10.046394,139.575276,2.950419,0.088392,2.371227,-284.9095,-3.379176,-1.051001,-3.379176,-353.879535,108.501541,-1.051001,108.501541,1207.761159
0.086591,-0.191471,-0.977671,0.994213,0.079243,0.072537,0.063585,-0.978294,0.197224,318.606946,484.025018,-8.59151,105.558186,4.638331,1.372271,3.076688,-660.613091,94.933517,108.841221,94.933517,-122.570912,-106.212319,108.841221,-106.212319,1114.263221
0.908605,-0.363717,-0.205298,0.416975,0.818035,0.396169,0.023848,-0.445566,0.894932,-80.330203,431.631395,178.509029,66.761511,3.6197,0.462519,3.088121,-184.684725,62.494178,-194.401868,62.494178,-182.496924,216.187238,-194.401868,216.187238,601.756092
-0.239167,-0.460567,0.854797,-0.673856,0.71256,0.195389,-0.699084,-0.529279,-0.480776,496.704043,138.813867,-30.737564,83.605955,1.795515,2.072336,4.064357,-136.375791,-48.021904,21.777977,-48.021904,-199.241373,57.57814,21.777977,57.57814,747.997664
0.317345,0.89203,-0.32183,-0.541155,0.449036,0.710998,0.778745,-0.051471,0.625226,302.584136,389.064573,48.35525,82.812942,3.566645,0.895375,1.636796,-662.141013,-264.758509,250.145767,-264.758509,-219.842915,-6.06055,250.145767,-6.06055,953.216638
0.180367,-0.413655,0.892389,-0.608089,0.666217,0.431721,-0.773108,-0.62052,-0.131376,340.151566,480.570742,167.431921,81.773292,2.021385,1.702553,4.036046,-342.210757,-101.400807,-19.765298,-101.400807,25.758976,74.852955,-19.765298,74.852955,820.939316
0.129587,-0.330157,-0.934989,0.81501,0.572538,-0.089212,0.564771,-0.750464,0.343274,96.800781,-74.661264,-122.576602,59.938189,4.807516,1.220395,2.496454,-873.086938,-334.616455,-117.600465,-334.616455,-84.265485,-275.127265,-117.600465,-275.127265,572.333131
0.348537,0.781095,-0.518086,0.488387,0.320436,0.811664,0.8,-0.535921,-0.269793,544.761661,218.369049,-103.932301,108.846237,3.709699,1.843974,2.161035,-112.138375,1.356717,157.387118,1.356717,-245.718495,95.989983,157.387118,95.989983,973.053875
0.221484,0.943693,-0.245741,-0.451617,0.322609,0.831845,0.864284,-0.073259,0.49764,-231.809912,293.368059,-32.911484,82.938369,3.42884,1.04992,1.655357,127.589218,36.615699,5.151178,36.615699,-43.409843,-148.528333,5.151178,-148.528333,782.082883
-0.685653,0.600446,-0.411515,-0.598775,-0.143751,0.787912,0.413942,0.786639,0.458095,493.18529,-108.543038,116.518708,116.309724,3.622909,1.094945,0.4844,-159.955805,-74.53836,223.471616,-74.53836,-243.241845,-15.4691,223.471616,-15.4691,996.573422
-0.460337,-0.877287,-0.135855,0.882119,-0.469233,0.041073,-0.09978,-0.100932,0.989877,-114.612176,-168.169597,-188.375483,66.349502,4.418796,0.142408,3.92125,-877.194215,162.840206,-163.657559,162.840206,-448.449687,-1.218716,-163.657559,-1.218716,930.779023
-0.373917,0.060695,-0.925474,0.759577,0.592627,-0.268024,0.532193,-0.803187,-0.267695,535.252472,207.703182,-130.198128,115.898493,4.994284,1.841797,2.556409,-166.46678,-54.28731,-8.866314,-54.28731,-71.786125,-67.680503,-8.866314,-67.680503,1026.53076
0.183497,-0.43232,0.882852,0.381728,0.85896,0.34128,-0.905877,0.274386,0.322645,474.734846,121.803822,-30.634539,116.786864,1.939667,1.242273,5.0065,-143.360815,4.924275,-100.572615,4.924275,-122.586556,-89.365695,-100.572615,-89.365695,1063.060282
0.52996,0.615808,0.583029,-0.664935,-0.124943,0.736377,0.526312,-0.777926,0.343257,-92.676448,159.268697,-28.976179,75.380041,2.4719,1.220413,2.546773,-76.964538,-81.320087,123.591915,-81.320087,-148.44802,-193.57335,123.591915,-193.57335,854.595816
-0.371531,-0.912602,-0.170652,0.780516,-0.406557,0.474875,-0.502751,0.043235,0.863349,461.404791,311.030619,-38.57181,94.408059,3.486583,0.528926,4.798174,-647.658078,-32.336434,-259.092498,-32.336434,-134.869427,57.378822,-259.092498,57.378822,926.163955
0.345674,0.779674,0.522129,-0.739993,-0.115645,0.662598,0.576992,-0.615414,0.536978,533.561515,510.345174,-114.054011,86.566918,2.47421,1.003946,2.388406,-332.141991,40.183282,63.417378,40.183282,-176.2213,19.211801,63.417378,19.211801,933.522077
0.015425,0.946042,-0.323677,-0.210388,0.319539,0.923922,0.977496,0.053846,0.203964,212.770539,282.448922,-158.905223,74.575811,3.478561,1.36539,1.515767,-674.540472,15.090509,-44.089598,15.090509,-231.369916,46.696202,-44.089598,46.696202,856.299346
0.356372,0.682661,0.637944,-0.762665,-0.181896,0.62069,0.539761,-0.707734,0.455819,-332.183583,-313.183094,85.518065,88.604644,2.342487,1.097504,2.490038,-279.541937,167.653649,80.943634,167.653649,213.736071,93.09957,80.943634,93.09957,639.015931
-0.027909,0.99665,0.076873,-0.143081,-0.080094,0.986465,0.989317,0.016533,0.144837,357.890888,-30.211998,48.219478,77.520187,3.063822,1.425448,1.554087,-609.919465,17.425398,-226.08061,17.425398,-428.249718,191.367432,-226.08061,191.367432,1339.761064
0.498403,-0.328656,-0.802234,0.653143,0.750843,0.098175,0.570086,-0.572905,0.588882,500.556143,-82.507961,15.464321,86.32838,4.590617,0.941121,2.358661,-245.22993,68.138931,-63.904064,68.138931,-454.859529,52.087326,-63.904064,52.087326,998.330935
-0.311178,-0.737303,-0.599626,0.730939,-0.588922,0.344818,-0.607368,-0.330991,0.722184,312.624058,147.249812,4.48195,68.535828,4.190514,0.763842,4.213425,300.896604,-159.706905,-128.357516,-159.706905,-287.557488,118.857469,-128.357516,118.857469,705.436043
0.332727,-0.537865,-0.774593,0.619873,0.743751,-0.250182,0.710669,-0.396907,0.580874,-1.149214,102.116409,19.710223,79.450088,5.024798,0.950994,2.08014,-314.392382,-129.741955,201.976093,-129.741955,-1.270345,123.25283,201.976093,123.25283,1018.073053
-0.475625,-0.383451,0.791673,-0.477371,0.868449,0.13384,-0.738849,-0.314264,-0.596104,-151.761114,97.338896,85.739269,82.430277,1.738273,2.209437,4.310228,124.337969,14.500968,143.802742,14.500968,-245.873829,-134.073598,143.802742,-134.073598,784.05458
0.335281,0.732161,0.592897,-0.811394,-0.095409,0.57666,0.478776,-0.674416,0.562082,311.184937,143.618341,-156.350797,86.58849,2.342313,0.973895,2.524245,-251.408541,-86.425373,-98.451572,-86.425373,-152.298429,2.640039,-98.451572,2.640039,717.315134
-0.036418,0.94841,-0.314947,-0.549805,0.244157,0.798813,0.834499,0.202251,0.512549,91.755639,246.976852,-14.084434,126.123495,3.517149,1.032646,1.33302,-83.533459,29.408415,-31.390948,29.408415,-40.255429,-199.865924,-31.390948,-199.865924,784.930266
0.358075,0.427913,0.829863,-0.923639,0.292417,0.247755,-0.136648,-0.855209,0.499944,-168.874494,-283.164492,66.516448,122.591726,1.860922,1.047262,3.300037,-54.452799,77.742784,-74.35476,77.742784,-121.76816,-37.805728,-74.35476,-37.805728,700.568305
0.194764,-0.95496,-0.223871,0.716007,-0.017572,0.697872,-0.670374,-0.296214,0.680335,-314.011614,-40.833919,-169.86406,70.334415,3.452013,0.822576,4.296322,-482.171647,16.157357,-229.502342,16.157357,-206.206097,224.780043,-229.502342,224.780043,530.970093
0.761896,-0.337208,-0.552996,0.348126,0.933175,-0.089402,0.54619,-0.124397,0.828373,51.604576,39.45116,136.255015,79.645801,4.872671,0.594599,1.794731,-140.523699,-164.501955,-45.012993,-164.501955,-251.856012,276.645695,-45.012993,276.645695,1071.855689
-0.172844,-0.229712,0.957788,-0.683233,0.728389,0.051397,-0.709449,-0.645509,-0.282844,-143.187432,-258.544228,32.749474,95.299853,1.624407,1.857554,3.974146,-142.250381,6.56784,42.211686,6.56784,-151.181647,-28.930647,42.211686,-28.930647,901.920101
0.504485,0.817772,0.277025,-0.861415,0.454847,0.226007,0.058818,-0.352651,0.933905,450.050656,420.023755,7.794166,89.391576,2.255119,0.365614,2.976325,-176.513355,-161.838518,258.700061,-161.838518,-179.629603,175.420878,258.700061,175.420878,912.307555
0.070825,0.956838,-0.281859,0.220378,0.260576,0.939965,0.97284,-0.128689,-0.192411,-292.837249,-300.075366,-140.96967,121.780912,3.432922,1.764415,1.702315,-120.617686,43.8999,81.735166,43.8999,36.015284,51.726997,81.735166,51.726997,772.654637
-0.245543,0.961721,-0.121664,-0.815785,-0.137206,0.561844,0.523644,0.237209,0.818248,9.955499,-75.389553,105.67779,72.593169,3.354844,0.61244,1.145454,-587.427873,-21.460414,-101.09578,-21.460414,-195.278726,-78.82202,-101.09578,-78.82202,915.997511
-0.421737,-0.173923,0.889881,-0.653959,0.738171,-0.165655,-0.628074,-0.651808,-0.425052,510.055951,-15.223275,68.19414,67.08098,1.386749,2.009816,3.908448,-350.412436,63.719751,287.473244,63.719751,-312.846664,-133.955178,287.473244,-133.955178,916.314347
0.255245,0.608516,0.751371,-0.9665,0.182261,0.180717,-0.026977,-0.772327,0.634652,187.838314,376.979579,138.29313,65.189055,1.806829,0.883238,3.176508,-200.926249,-240.835562,-137.501482,-240.835562,-375.720063,21.99314,-137.501482,21.99314,772.313668
0.0926,-0.178028,0.979659,-0.593945,0.779798,0.19785,-0.799159,-0.600184,-0.033529,62.330722,134.135292,-16.933676,89.556629,1.770074,1.604332,4.068235,-258.692496,57.023721,55.109977,57.023721,24.913808,-98.891422,55.109977,-98.891422,831.690809
0.283181,0.959063,0.002507,-0.576966,0.16827,0.799247,0.766107,-0.227778,0.600997,14.210903,64.934504,-133.829079,145.790105,3.138456,0.926048,1.859791,4.369954,-95.531485,71.004128,-95.531485,23.614967,-207.848292,71.004128,-207.848292,894.03218
0.154574,0.149853,0.976551,-0.968684,0.21739,0.11997,-0.194314,-0.964513,0.178763,523.310346,-84.998528,5.490509,84.034648,1.693035,1.391067,3.340395,-362.600932,-172.234171,65.649709,-172.234171,-607.434569,-134.583873,65.649709,-134.583873,1169.511546
-0.414347,-0.09238,0.905418,-0.50481,0.851105,-0.144178,-0.757287,-0.516804,-0.399287,-70.362054,221.169165,-0.661375,77.141468,1.412883,1.981536,4.113545,133.157704,71.626078,63.976817,71.626078,-328.015955,-46.856425,63.976817,-46.856425,799.683798
0.032789,0.941439,0.335584,-0.847179,-0.15197,0.50911,0.530295,-0.300993,0.792584,322.962262,-233.506542,54.569051,64.693678,2.558806,0.65576,2.087049,-118.529316,60.798807,-48.982781,60.798807,-718.073063,-22.938871,-48.982781,-22.938871,593.28341
-0.009301,0.192114,0.981328,-0.694735,0.704597,-0.144524,-0.719206,-0.683107,0.126915,214.928463,-243.988379,6.08084,121.411426,1.424574,1.443538,3.952727,-324.410289,-22.659011,-25.355899,-22.659011,79.013941,40.680657,-25.355899,40.680657,806.597266
-0.28587,0.114848,0.951361,-0.951504,-0.151775,-0.267591,0.113661,-0.98172,0.152667,143.772064,475.280704,-158.829124,76.36424,1.296609,1.41753,3.026328,-430.701535,-85.106509,30.566518,-85.106509,-253.331052,237.987726,30.566518,237.987726,1053.893189
0.731028,0.008174,-0.682298,0.302127,0.89269,0.3344,0.611815,-0.450596,0.650112,-154.434014,-105.097088,-98.308884,73.770764,4.256686,0.863064,2.205596,-191.719979,157.082721,-180.9302,157.082721,-51.535921,-128.589949,-180.9302,-128.589949,943.953407
-0.06489,0.250101,0.966043,-0.475127,0.843564,-0.250307,-0.877521,-0.475235,0.06409,-321.91878,-270.791703,-91.223584,74.393672,1.317266,1.506662,4.216044,-496.721468,-112.893099,-50.252688,-112.893099,345.111926,24.058472,-50.252688,24.058472,611.175988
-0.040579,0.470987,0.881206,-0.908478,0.349757,-0.228773,-0.415958,-0.80984,0.413688,385.995806,-202.085164,-50.659005,94.842329,1.31679,1.144295,3.616084,-202.756358,6.919754,-62.584979,6.919754,-183.992677,-26.981336,-62.584979,-26.981336,879.117291
-0.069192,0.990166,0.12159,-0.593986,-0.138813,0.792409,0.801494,-0.017394,0.597749,-45.218789,313.992039,-55.156725,92.854991,2.989337,0.930106,1.592495,-509.219196,88.9751,-151.116801,88.9751,-41.113594,-215.127369,-151.116801,-215.127369,930.191502
0.322938,0.128583,-0.937645,0.260802,0.940278,0.218768,0.909776,-0.315188,0.270117,442.430997,133.636252,-27.574753,91.160762,4.483173,1.297282,1.904302,3.609927,-108.204245,-82.458576,-108.204245,-375.913041,52.437831,-82.458576,52.437831,963.137332
0.286862,0.18244,-0.940439,0.320821,0.906714,0.273757,0.902654,-0.380243,0.201571,446.362822,292.594042,149.656612,81.601981,4.429122,1.367835,1.969486,-313.401825,-109.476234,135.88126,-109.476234,-411.088505,209.374865,135.88126,209.374865,947.191634
0.221825,0.24346,-0.944204,0.023491,0.966713,0.254783,0.974804,-0.078697,0.208722,487.605878,-301.641011,165.170583,78.23569,4.448828,1.360529,1.651353,-460.033178,-60.645016,127.623243,-60.645016,-345.221232,-163.335853,127.623243,-163.335853,1152.523586
0.879392,0.0801,0.469312,-0.47516,0.085807,0.875705,0.029873,-0.993087,0.113518,79.378173,249.871992,-552.187136,92.2508,2.64962,1.457033,3.11152,-389.154257,116.742393,-139.124865,116.742393,-17.191955,22.305034,-139.124865,22.305034,948.066845
0.563123,0.818761,-0.11191,-0.343594,0.355143,0.869377,0.751556,-0.451115,0.48131,410.553344,-1.959602,-282.774283,72.06827,3.269613,1.068648,2.111393,-244.538365,-76.449155,163.915416,-76.449155,-414.172844,-168.579457,163.915416,-168.579457,995.761187
-0.301161,0.948452,0.098693,-0.953555,-0.298893,-0.037364,-0.005939,-0.105362,0.994416,-35.43642,462.736054,-389.034956,97.717347,1.208886,0.105726,3.197902,-313.700012,140.046924,68.563266,140.046924,-132.247166,-203.727424,68.563266,-203.727424,1082.493118
0.27436,0.417361,-0.866335,0.695464,0.536067,0.478499,0.66412,-0.733786,-0.143184,313.412142,296.190323,-374.82325,103.100642,4.207762,1.714474,2.405989,-150.205609,92.957073,-95.42024,92.957073,-206.286104,30.984598,-95.42024,30.984598,990.711202
-0.273138,0.284495,0.918944,-0.95666,0.019944,-0.290523,-0.10098,-0.95847,0.266718,481.58393,287.373375,-446.188873,133.798163,1.264591,1.30081,3.246561,-146.836775,79.095922,-147.911722,79.095922,-211.602437,11.20552,-147.911722,11.20552,1083.044875
0.103887,0.521881,0.846669,-0.77307,0.577958,-0.261393,-0.625755,-0.627379,0.463493,-115.485078,-154.629256,-246.587752,95.149343,1.271348,1.088863,3.925695,7.490298,138.188324,61.136507,138.188324,-191.06132,-107.189634,61.136507,-107.189634,732.13587
0.301298,0.009156,0.953486,-0.027347,0.999626,-0.000957,-0.953138,-0.025786,0.301436,-154.001148,-12.432521,-462.650759,81.265743,1.569792,1.264598,4.685341,-506.225859,24.100908,-128.065896,24.100908,-345.118064,-149.19779,-128.065896,-149.19779,1334.770507
-0.130633,0.56907,-0.811846,0.796517,0.547823,0.255834,0.590335,-0.613229,-0.524838,2.854149,36.101637,-517.90658,86.308561,4.407113,2.123321,2.375214,-54.565522,-88.550226,35.192571,-88.550226,25.505333,-196.488753,35.192571,-196.488753,642.149202
0.397676,-0.288607,-0.870953,0.890251,0.351098,0.290145,0.222052,-0.89075,0.396556,-8.555569,347.670573,-470.241514,82.495813,4.390817,1.163034,2.897285,-349.816061,-82.648462,-46.315795,-82.648462,160.690962,-262.837157,-46.315795,-262.837157,748.451898
0.623789,0.578321,-0.525768,-0.178818,0.760444,0.624299,0.760862,-0.295414,0.577771,-31.239082,-360.477443,-229.994221,77.052992,3.841525,0.954801,1.941143,-440.429009,-93.442095,260.119286,-93.442095,-347.271424,-32.609932,260.119286,-32.609932,963.270639
-0.309373,0.928691,0.204503,-0.399683,-0.322124,0.85819,0.862868,0.183764,0.470838,61.772579,133.57614,-335.65992,105.37199,2.90766,1.080555,1.360962,-198.699872,100.454579,-241.662414,100.454579,85.0526,-148.819846,-241.662414,-148.819846,915.051627
0.421394,0.423204,-0.802076,-0.089712,0.899551,0.427503,0.902429,-0.108191,0.417032,399.046678,-328.999445,-547.293799,71.050123,4.222694,1.140619,1.690116,-513.382351,-110.683895,83.220922,-110.683895,-350.91115,-52.531753,83.220922,-52.531753,933.289012
0.311919,-0.26721,-0.911759,0.946357,0.002187,0.323114,-0.084346,-0.963636,0.253558,170.479318,417.826765,-530.478328,74.693041,4.371813,1.314439,3.228899,-522.731706,-286.366251,-187.095657,-286.366251,-168.713504,-171.181253,-187.095657,-171.181253,992.096409
-0.302191,0.596984,-0.743163,0.707557,0.662901,0.244797,0.638783,-0.451854,-0.622723,490.558965,-187.876798,-458.354268,94.808313,4.394183,2.243014,2.186449,107.617432,-17.681453,-26.957375,-17.681453,-126.660755,-94.631146,-26.957375,-94.631146,923.293226
-0.346585,0.855588,0.38451,-0.637088,-0.515575,0.572976,0.688475,-0.046382,0.723775,408.138771,-94.100349,-227.27986,89.887356,2.550544,0.761538,1.638064,-289.310438,234.971925,127.372305,234.971925,9.493269,147.475411,127.372305,147.475411,931.651799
0.926772,0.277639,0.253003,-0.360295,0.847515,0.38975,-0.106214,-0.452365,0.885485,-126.205982,-423.22669,-572.554391,78.544064,2.565822,0.483259,3.372212,-167.415479,1.569768,10.83269,1.569768,-407.901865,103.370152,10.83269,103.370152,878.319299
0.297403,-0.612243,-0.732605,0.862271,-0.157216,0.481428,-0.409928,-0.774881,0.481163,-99.651511,250.84063,-268.158538,86.616938,4.131007,1.068815,3.628186,-128.038052,-110.350165,-6.526873,-110.350165,50.390273,-214.353964,-6.526873,-214.353964,852.444585
0.696915,-0.624449,0.352664,-0.284028,0.211211,0.935264,-0.658511,-0.751966,-0.030165,-155.745692,106.85926,-258.112266,92.026197,2.781005,1.600965,3.86083,34.23095,130.940473,133.627536,130.940473,-91.55018,-116.048574,133.627536,-116.048574,1035.163448
0.687614,-0.529243,0.497079,-0.46363,0.206825,0.861551,-0.558779,-0.822876,-0.103157,79.043483,-311.138947,-257.796622,93.639998,2.618288,1.674138,3.738123,-296.145206,-49.079572,215.773535,-49.079572,-151.681236,-55.107884,215.773535,-55.107884,732.189275
0.396041,-0.100886,0.912674,-0.098558,0.983533,0.151487,-0.912928,-0.149946,0.379576,-162.118083,495.430395,-512.117521,77.632038,1.735278,1.181458,4.549595,-24.379534,-116.323411,-266.037414,-116.323411,-204.903761,42.718518,-266.037414,42.718518,681.082515
-0.177515,0.622349,0.762345,-0.974298,-0.2203,-0.047025,0.138679,-0.751099,0.64546,443.952973,-123.080094,-566.74905,80.01,1.50919,0.869171,2.959014,-86.890973,28.085204,-187.942126,28.085204,-258.797506,20.699874,-187.942126,20.699874,1006.713196
-0.656716,0.736879,-0.160417,-0.514702,-0.282484,0.809497,0.551186,0.614176,0.564785,-312.672085,-62.481036,-347.781758,103.306943,3.337226,0.970624,0.731398,-134.76656,-5.51793,-37.535654,-5.51793,-91.454698,108.275129,-37.535654,108.275129,684.121643
-0.21318,-0.847171,-0.486677,0.822291,-0.424587,0.378898,-0.527628,-0.319417,0.787135,206.974366,440.269766,-268.79067,113.677981,4.050871,0.664647,4.168021,-141.802733,-177.64964,-126.074869,-177.64964,-47.018854,59.633415,-126.074869,59.633415,869.444335
0.760109,-0.646933,0.060922,0.333018,0.468344,0.818384,-0.557973,-0.601773,0.571433,37.379247,398.396559,-468.354597,90.529313,3.067288,0.962545,3.889241,78.427408,-22.374789,-56.603996,-22.374789,-314.042308,-56.02475,-56.603996,-56.02475,618.196702
0.743555,-0.188529,-0.641548,0.432962,0.866896,0.247052,0.509578,-0.461463,0.726211,483.241626,170.120022,-255.239378,67.585688,4.344803,0.758003,2.306684,-424.464045,-344.927545,-196.675486,-344.927545,-256.998537,156.526815,-196.675486,156.526815,1085.090274
0.310263,0.336046,-0.889275,0.101174,0.918453,0.382371,0.945252,-0.208607,0.250962,199.614371,-328.579633,-425.226499,64.849697,4.306307,1.317122,1.788004,-953.284958,122.531698,205.363313,122.531698,-284.660758,-105.68072,205.363313,-105.68072,1314.814852
-0.080753,-0.80787,-0.583803,0.800165,-0.401786,0.445313,-0.594318,-0.431179,0.678875,44.749156,-355.458529,-410.627907,90.831505,4.060759,0.824567,4.084752,-235.626036,-120.86116,226.299954,-120.86116,-143.254666,27.714096,226.299954,27.714096,773.089319
0.611064,-0.019377,0.791344,-0.460399,0.804518,0.375213,-0.643921,-0.593613,0.482691,-104.42463,131.18536,-421.667522,108.416189,2.013548,1.067072,3.96762,126.730185,-108.385088,-39.540499,-108.385088,-87.85621,-100.354673,-39.540499,-100.354673,987.128649
-0.481898,0.418393,0.769884,-0.834256,0.049595,-0.549143,-0.26794,-0.906911,0.325147,-139.305479,179.150233,-512.797263,83.959842,0.951213,1.239629,3.428863,-328.991767,96.556938,-119.155727,96.556938,-190.183044,-135.887207,-119.155727,-135.887207,921.016995
0.085289,0.440541,-0.893672,-0.29406,0.868116,0.399879,0.951974,0.228688,0.203586,223.833964,132.173333,-556.5802659999999,83.400449,4.291652,1.365777,1.335039,-454.817816,-15.945047,169.876443,-15.945047,-165.268819,-1.741936,169.876443,-1.741936,828.046791
0.580092,0.748362,-0.321633,-0.224871,0.526645,0.819803,0.782896,-0.403236,0.473787,404.618734,193.892417,-402.578907,110.068096,3.515469,1.07721,2.046416,-31.493122,63.576252,90.742514,63.576252,-138.0218,4.544133,90.742514,4.544133,870.495661
-0.145402,0.60766,0.780774,-0.91257,0.222482,-0.343099,-0.382196,-0.762398,0.522183,-7.242213,-97.045013,-320.616603,73.017415,1.156763,1.021388,3.606286,-326.8184,203.586123,236.769978,203.586123,-481.310726,-170.679977,236.769978,-170.679977,853.562904
-0.516705,0.432585,0.738841,-0.832732,-0.053411,-0.551095,-0.198933,-0.90001,0.387825,248.009323,109.718791,-445.460265,70.530527,0.92993,1.172525,3.35913,-569.493001,234.103395,-104.094663,234.103395,-119.573938,48.532579,-104.094663,48.532579,1152.729767
0.246284,-0.360762,0.899553,-0.865931,0.334979,0.371421,-0.435325,-0.870425,-0.229895,358.01234,391.495531,-328.571956,81.780208,1.962369,1.802766,3.605344,-263.142035,57.0778,154.07275,57.0778,-315.120032,-128.908118,154.07275,-128.908118,1169.905615
0.637952,-0.445478,-0.628146,0.716926,0.641359,0.273269,0.281132,-0.624666,0.728531,217.665593,496.940952,-352.414587,110.864415,4.302045,0.754622,2.718696,-52.812878,-25.231817,110.703738,-25.231817,45.989966,-94.79514,110.703738,-94.79514,858.33184
0.070764,0.671752,0.737388,-0.88029,-0.305615,0.362889,0.469128,-0.674795,0.56971,546.062374,478.172405,-598.458592,80.824486,2.028126,0.964643,2.534085,-468.597434,-153.423866,-72.532911,-153.423866,58.933049,220.249684,-72.532911,220.249684,956.091442
-0.278945,-0.764189,-0.581554,0.641129,-0.599058,0.47967,-0.714943,-0.239049,0.657048,49.682034,-1.240477,-370.733321,78.047225,4.022703,0.853901,4.389714,-236.351336,-67.044902,47.219409,-67.044902,9.332075,-132.99127,47.219409,-132.99127,1077.737153
-0.367686,-0.039308,-0.929119,0.351916,0.918923,-0.178143,0.860791,-0.392473,-0.324042,-143.179176,304.848161,-286.708928,66.260282,4.901823,1.900795,1.998582,-98.963744,201.299924,-89.576955,201.299924,-349.855297,220.121105,-89.576955,220.121105,659.401332
0.265563,0.577948,-0.771656,0.553703,0.563794,0.612821,0.789233,-0.590011,-0.170289,-6.101943,473.464372,-576.9436450000001,87.135969,4.041217,1.741919,2.212744,-229.547218,-28.375451,17.486391,-28.375451,-29.762319,0.552064,17.486391,0.552064,607.50848
-0.401817,0.393927,0.826659,-0.907839,-0.053187,-0.415931,-0.119879,-0.917602,0.378994,513.118561,493.809596,-448.265623,97.184445,1.104634,1.182087,3.2715,-48.239312,-85.579338,-176.336647,-85.579338,-245.325892,68.644207,-176.336647,68.644207,1182.418577
-0.067799,0.447478,0.891721,-0.903793,-0.406097,0.135068,0.422565,-0.796774,0.43196,14.85111,-210.266603,-447.310333,106.133269,1.721123,1.124131,2.653965,-27.652567,-113.638708,112.04354,-113.638708,-142.794267,90.914877,112.04354,90.914877,1018.272497
0.044058,-0.401176,-0.914941,0.918387,0.37674,-0.120966,0.393223,-0.83494,0.385033,53.014549,-252.892983,-461.920412,95.561563,4.843839,1.175553,2.701446,-244.015531,-186.656566,265.80924,-186.656566,-199.728955,-73.266233,265.80924,-73.266233,1129.970674
0.258623,-0.724695,0.638695,0.714118,0.588687,0.378791,-0.650499,0.35814,0.669766,554.050319,250.386599,-562.029383,78.60228,2.106104,0.836903,5.215663,-70.161158,34.034116,-93.404758,34.034116,-409.647037,-269.219149,-93.404758,-269.219149,923.123609
-0.201739,0.507739,-0.837557,0.252334,0.853216,0.456453,0.946377,-0.11926,-0.300247,253.901341,-346.676165,-512.510949,77.234471,4.213407,1.875748,1.696153,278.691061,-244.413057,-188.076487,-244.413057,-136.958119,151.777319,-188.076487,151.777319,1149.788078
0.038572,0.828994,-0.557926,-0.788585,0.368171,0.492528,0.613714,0.420974,0.667934,124.960471,336.346851,-511.936846,80.544243,3.989168,0.839368,0.969566,-131.961696,-164.293621,-322.390274,-164.293621,18.880786,93.352046,-322.390274,93.352046,1007.173073
0.067147,-0.759625,0.646885,-0.187759,0.627145,0.755934,-0.979917,-0.172217,-0.100516,269.979787,434.894824,-502.739627,71.723798,2.433774,1.671482,4.538419,-418.643189,-25.248444,-26.480279,-25.248444,-75.374153,-47.743961,-26.480279,-47.743961,1042.879619
0.513851,0.301709,-0.803075,0.14432,0.892373,0.427601,0.845653,-0.335623,0.415004,-189.476488,-412.087639,-390.733121,94.373028,4.223116,1.142849,1.948611,-264.898656,92.300012,260.170204,92.300012,44.691039,47.718561,260.170204,47.718561,696.055706
-0.394865,0.572804,0.718315,-0.758943,0.237259,-0.606395,-0.517772,-0.784604,0.34104,240.612504,386.403568,-567.682555,73.845453,0.869685,1.222773,3.724906,-103.8464,-19.53047,-283.690652,-19.53047,-369.359986,-177.376,-283.690652,-177.376,650.944072
-0.628987,-0.763784,-0.144949,0.556075,-0.572313,0.602692,-0.543282,0.298483,0.784699,508.132248,333.82377,-325.088361,113.724063,3.377612,0.668586,5.214777,-140.229394,-48.716485,92.311605,-48.716485,-65.813962,135.046472,92.311605,135.046472,999.799403
0.182909,0.626808,-0.757401,0.057685,0.762228,0.644733,0.981436,-0.161618,0.103261,381.148701,-29.2602,-391.623694,88.68656,4.007173,1.467351,1.734007,-21.439077,85.798937,166.319418,85.798937,-487.736078,30.899615,166.319418,30.899615,1250.085276
0.068739,-0.40695,-0.91086,0.907052,0.405633,-0.112775,0.415368,-0.818446,0.397008,-333.646508,455.624998,-465.758328,103.61635,4.835573,1.162542,2.671956,-230.111291,-44.46809,143.209274,-44.46809,-46.861791,-63.239262,143.209274,-63.239262,636.511722
-0.575333,0.360825,0.734028,-0.404031,0.654923,-0.63862,-0.711162,-0.663989,-0.231014,-210.796175,32.113258,-342.417023,85.143498,0.854794,1.803916,3.961282,-524.11694,-15.650918,-1.213,-15.650918,43.611426,111.644634,-1.213,111.644634,736.139952
-0.677202,0.714826,-0.174417,-0.591896,-0.388418,0.706251,0.437099,0.581512,0.68614,143.380732,-163.198091,-468.854583,88.806369,3.38371,0.814627,0.644563,-102.922927,-103.031903,-14.621366,-103.031903,-59.482872,11.436738,-14.621366,11.436738,779.229738
0.084418,0.91434,-0.39605,-0.874317,0.258624,0.410712,0.477958,0.311601,0.821255,527.741083,55.466348,-595.044027,97.036678,3.908819,0.607188,0.993056,-178.862617,17.813459,-6.601743,17.813459,-235.513891,-20.26288,-6.601743,-20.26288,1011.294187
-0.149886,-0.746195,0.648635,-0.214889,0.66495,0.715307,-0.965068,-0.03217,-0.260016,309.203415,-280.873015,-375.593221,79.536149,2.405037,1.833835,4.679067,-165.365667,123.729658,-217.913448,123.729658,-525.693526,64.42493,-217.913448,64.42493,928.311479
0.299369,-0.379841,0.875271,-0.103541,0.898992,0.42555,-0.948503,-0.218023,0.229802,-331.141543,-48.794111,-354.191465,125.304983,2.023337,1.338923,4.486454,-201.31204,-82.971419,-90.165139,-82.971419,118.457477,87.872368,-90.165139,87.872368,705.312202
-0.485632,-0.866057,0.118775,0.481736,-0.151762,0.863075,-0.729446,0.476355,0.490912,-276.786246,279.374167,-283.019556,89.624431,3.004833,1.057661,5.290896,-236.510574,-206.855051,30.570792,-206.855051,70.048202,-191.16577,30.570792,-191.16577,831.009716
0.283166,-0.630124,-0.723022,0.781882,0.588251,-0.206451,0.555408,-0.506858,0.659255,551.846203,-353.465363,-299.77158,112.744564,4.990527,0.850969,2.310522,11.150501,314.606842,-52.172933,314.606842,-151.94961,-44.164227,-52.172933,-44.164227,833.375971
-0.239347,-0.498507,0.833189,0.299959,0.778188,0.551767,-0.923438,0.381986,-0.036725,378.779361,-147.53698,-285.494983,77.514395,2.155725,1.60753,5.104612,-360.131964,-236.064677,79.077504,-236.064677,-266.592463,47.197951,79.077504,47.197951,1023.749036
0.2343,0.585206,0.776297,-0.805309,-0.33049,0.492194,0.544593,-0.74048,0.393837,186.511342,41.576461,-346.507081,118.97749,2.135861,1.165994,2.507463,41.167247,72.419232,-7.79808,72.419232,-108.773731,99.76832,-7.79808,99.76832,868.167295
-0.241658,-0.968571,-0.058922,0.953781,-0.248267,0.16931,-0.178618,-0.015284,0.9838,-18.869938,-343.109592,-438.209816,66.959425,3.476497,0.180245,4.627029,-164.409989,20.699848,154.720358,20.699848,-372.528914,52.344666,154.720358,52.344666,1036.721385
-0.53554,-0.798273,0.275603,0.549398,-0.081474,0.831579,-0.641373,0.596759,0.482202,433.17819,397.01606,-437.036133,118.984887,2.821564,1.06763,5.46177,-74.890056,-86.029958,24.174027,-86.029958,-65.688041,52.713513,24.174027,52.713513,960.729473
0.517181,0.473759,-0.712795,0.415869,0.588799,0.693086,0.748049,-0.65488,0.107494,6.728553,-271.292636,-382.202185,86.712367,3.941009,1.463094,2.289882,-189.977393,19.3246,-57.268433,19.3246,-231.652123,-157.226187,-57.268433,-157.226187,980.585091
-0.684023,0.161103,0.711448,-0.712733,0.060065,-0.698859,-0.155321,-0.985108,0.073737,212.158268,-385.864625,-274.351508,72.720665,0.794324,1.496992,3.297974,-619.946692,61.045933,-18.230077,61.045933,-200.035272,63.462679,-18.230077,63.462679,917.598411
0.363114,0.644527,-0.672855,0.659729,0.332095,0.674144,0.657956,-0.688693,-0.304625,434.12354,-390.969502,-374.115739,93.679742,3.926033,1.880341,2.379016,-400.979117,42.914045,-39.378641,42.914045,-209.640889,53.971879,-39.378641,53.971879,826.458304
-0.349348,0.724214,0.594533,-0.784097,0.121424,-0.608645,-0.51298,-0.6788,0.525435,102.090456,-228.508623,-365.778874,74.963302,0.77367,1.01757,3.788742,-228.571296,-71.420244,-12.027034,-71.420244,-63.024237,-140.123947,-12.027034,-140.123947,806.454838
0.815575,-0.169722,-0.553201,0.525419,0.617736,0.585096,0.242429,-0.767852,0.592985,404.720141,175.14165,-275.916287,66.772016,3.898979,0.936035,2.835774,-469.796146,-59.446644,334.516993,-59.446644,-311.330555,-279.154545,334.516993,-279.154545,984.425801
0.446398,-0.823367,0.350421,0.607471,0.566382,0.556947,-0.657044,-0.03575,0.753004,-374.616668,-38.440349,-547.04305,66.425462,2.579992,0.718181,4.658032,-578.994734,22.830291,180.103927,22.830291,95.74216,257.521712,180.103927,257.521712,797.696594
0.611904,-0.45893,-0.644171,0.737944,0.038178,0.673781,-0.284625,-0.887652,0.362026,-318.224462,-233.328291,-413.752223,119.732827,3.904528,1.200356,3.451885,27.469834,-42.721799,70.267354,-42.721799,65.379061,28.819202,70.267354,28.819202,756.919237
-0.030606,-0.089348,-0.99553,0.977714,0.204289,-0.048393,0.2077,-0.974825,0.081104,-259.190509,118.458183,-327.715782,75.516261,4.760961,1.489603,2.931668,-492.382989,-133.121014,-215.334632,-133.121014,-177.358418,-49.491489,-215.334632,-49.491489,848.197644
-0.216475,-0.297207,-0.92995,0.861045,0.390836,-0.325344,0.460152,-0.871157,0.171303,302.467379,174.197508,-528.252754,77.17935,5.048931,1.398645,2.655634,-130.942231,-10.641021,51.637925,-10.641021,-142.254153,-20.037582,51.637925,-20.037582,810.335404
0.494127,-0.651726,0.575406,0.190091,0.726827,0.659991,-0.848354,-0.216739,0.483032,307.038904,193.281051,-539.89152,85.711978,2.424555,1.066682,4.462257,-217.730286,121.745291,49.742347,121.745291,86.597905,169.241943,49.742347,169.241943,641.212773
0.222606,0.926618,-0.303026,-0.846683,0.337838,0.411088,0.483295,0.165057,0.859757,291.090632,502.8824,-475.684127,116.607045,3.776808,0.536003,1.241693,-172.80858,-83.592338,-67.257481,-83.592338,15.000175,34.401628,-67.257481,34.401628,853.897152
-0.444476,-0.36022,-0.820172,0.676154,0.465658,-0.570945,0.587586,-0.808334,0.036591,310.231369,293.942691,-563.776348,91.227543,5.320512,1.534197,2.513034,-246.543855,-54.072363,-30.736334,-54.072363,-19.189077,38.501298,-30.736334,38.501298,813.308366
0.592444,0.508652,0.624727,-0.707537,0.699338,0.101574,-0.385229,-0.502194,0.774209,-319.847886,368.172133,-320.39032,106.405069,1.731975,0.685332,3.795944,-177.985144,-71.355261,-83.052714,-71.355261,-42.045854,24.414881,-83.052714,24.414881,864.650381
0.559778,0.828596,-0.008757,-0.675779,0.462603,0.573865,0.479553,-0.31532,0.818903,-175.444715,108.506961,-518.9085709999999,73.768996,3.15685,0.6113,2.152446,500.275637,-23.859029,-362.822538,-23.859029,-354.86983,260.075848,-362.822538,260.075848,1005.283007
0.200065,0.318451,0.926587,-0.330306,0.912267,-0.242212,-0.922427,-0.257599,0.287699,76.779021,-402.836689,-279.360293,140.585621,1.315115,1.278973,4.440065,-242.095272,-19.900541,-87.890444,-19.900541,-54.362065,189.268275,-87.890444,189.268275,1019.702913
0.504941,-0.633824,0.58592,0.471008,0.77117,0.428309,-0.723316,0.059703,0.687932,224.760365,359.374902,-475.835032,85.300809,2.202027,0.812161,4.794742,-434.216988,58.421697,-82.240214,58.421697,77.221319,167.959698,-82.240214,167.959698,863.094803
-0.485876,0.644996,0.589835,-0.659975,0.171695,-0.731405,-0.573025,-0.744648,0.342259,523.489288,-57.107713,-369.645442,87.195332,0.678655,1.221476,3.797473,90.175751,112.426098,-102.206316,112.426098,-110.552304,-15.159719,-102.206316,-15.159719,1058.865942
0.153633,0.78741,-0.596977,0.439749,0.486541,0.754916,0.884883,-0.3785,-0.271514,405.513666,-124.846277,-594.946185,74.565191,3.81069,1.845762,1.974986,-440.984931,-96.868484,-24.44513,-96.868484,-479.608113,-21.218787,-24.44513,-21.218787,874.043849
-0.384718,0.165909,-0.908001,0.585981,0.803958,-0.10138,0.713175,-0.571074,-0.406517,143.631456,-207.893717,-318.882565,81.185759,4.82358,1.989435,2.245993,-534.350875,-2.589938,-89.927074,-2.589938,-134.315976,246.681635,-89.927074,246.681635,757.800045
-0.274066,-0.905035,-0.325267,0.740683,-0.414366,0.528856,-0.613413,-0.095978,0.783908,218.221437,468.957943,-558.377115,84.780937,3.692996,0.66986,4.557182,-443.602774,-167.028082,-186.347555,-167.028082,12.032394,74.70195,-186.347555,74.70195,1012.223843
-0.564054,-0.193053,-0.802854,0.824146,-0.071267,-0.561876,0.051254,-0.978597,0.199302,-288.865435,-92.715165,-560.086746,88.120212,5.323013,1.37015,3.089265,-183.873775,178.202176,114.392709,178.202176,-77.006537,97.273025,114.392709,97.273025,807.239053
-0.516505,-0.831921,-0.202807,0.777768,-0.55487,0.295289,-0.358189,-0.005218,0.933635,-47.946978,86.040987,-460.394701,64.292183,3.743408,0.366368,4.697822,204.273716,146.130988,-115.066992,146.130988,-337.954721,58.595145,-115.066992,58.595145,758.353287
-0.687605,0.494961,0.531237,-0.633474,-0.7665,-0.105776,0.354838,-0.409257,0.840594,-92.838112,-8.862362,-523.568612,86.33844,1.374254,0.572417,2.427294,-263.872425,42.15819,125.805687,42.15819,-260.288125,-152.073304,125.805687,-152.073304,1222.089309
0.531218,0.085222,0.842938,-0.846666,0.016936,0.531855,0.03105,-0.996218,0.081151,345.139404,85.600436,-275.925287,88.729782,2.133666,1.489556,3.110435,275.351497,135.619569,-57.21247,135.619569,-197.684535,66.635986,-57.21247,66.635986,1193.26826
0.578076,-0.679764,-0.451385,0.607433,-0.010873,0.794297,-0.544842,-0.73335,0.406625,-258.263789,285.448854,-397.284826,84.841647,3.658364,1.152039,3.780566,-20.709105,-10.052205,-80.00243,-10.052205,82.147871,-43.163376,-80.00243,-43.163376,716.54436
0.326637,-0.876745,-0.353024,0.748461,0.011855,0.663073,-0.577161,-0.480809,0.660082,222.213059,-396.647006,-253.892947,82.361718,3.630827,0.849869,4.017813,-119.677934,-47.241422,14.592153,-47.241422,-6.105677,179.23034,14.592153,179.23034,975.631715
0.654324,-0.599395,-0.46107,0.571179,-0.007849,0.820788,-0.495595,-0.800415,0.337226,57.670728,100.225809,-426.553213,75.567094,3.653405,1.226827,3.695991,-274.160904,-50.145516,-203.112033,-50.145516,-381.245397,189.497548,-203.112033,189.497548,734.512451
-0.471723,-0.032388,-0.881152,0.844784,0.269708,-0.462167,0.252622,-0.962397,-0.099867,566.9412,-388.565402,-282.864423,117.923392,5.195446,1.67083,2.884891,-347.933241,125.1286,-36.104364,125.1286,-292.992889,-251.411055,-36.104364,-251.411055,1233.940382
-0.110125,0.293433,-0.949616,0.333569,0.910924,0.242794,0.936271,-0.290025,-0.198195,-156.456531,-266.761401,-536.931233,76.215918,4.462076,1.770313,1.871189,172.029184,34.588897,-68.396263,34.588897,-593.100188,250.630498,-68.396263,250.630498,1016.630023
0.070998,0.989517,-0.125757,-0.925506,0.112371,0.36168,0.37202,0.090711,0.923782,66.771868,95.591428,-422.742574,84.058445,3.47622,0.392955,1.33163,-476.34009,-53.952796,-67.476089,-53.952796,-163.564688,115.236149,-67.476089,115.236149,888.937193
0.46018,0.133901,0.87767,-0.882235,-0.041793,0.46895,0.099473,-0.990113,0.0989,-118.234417,-145.36994,-236.831491,98.848844,2.061515,1.471735,3.041462,-269.775827,31.201803,-186.625707,31.201803,-267.593049,-60.339683,-186.625707,-60.339683,1128.527362
-0.595309,0.696526,-0.400572,-0.563104,-0.006033,0.826364,0.573167,0.717506,0.395809,304.254638,-248.780947,-261.779788,88.850507,3.592959,1.163848,0.674029,-235.807089,-176.995535,192.175834,-176.995535,-182.05373,-13.332635,192.175834,-13.332635,774.65238
0.203027,-0.153636,0.967045,-0.158162,0.969499,0.187231,-0.966315,-0.190963,0.172535,-242.647623,70.968639,-601.980686,70.38526,1.762042,1.397394,4.517283,-276.28474,3.515065,-66.093414,3.515065,-74.032888,94.543116,-66.093414,94.543116,1071.552364
0.498389,-0.532253,-0.684336,0.691921,0.719804,-0.055927,0.522355,-0.445633,0.727019,-331.282956,-243.906153,-407.642808,87.747542,4.793932,0.756826,2.2771,-27.486455,121.801089,-65.964806,121.801089,-83.987767,235.274367,-65.964806,235.274367,646.332564
0.284524,0.211097,0.935139,-0.685734,0.726482,0.044646,-0.669937,-0.653959,0.351458,-173.450195,-354.916072,-553.228816,76.268494,1.618502,1.211668,3.939059,-189.042157,165.47526,-7.000037,165.47526,-330.983269,54.304156,-7.000037,54.304156,525.773475
-0.036295,-0.258458,0.96534,-0.706879,0.689459,0.158017,-0.706403,-0.676643,-0.207722,271.045094,34.531532,-418.420042,77.347328,1.733047,1.780042,3.948505,-671.418519,29.514484,59.642389,29.514484,-474.255727,-21.884116,59.642389,-21.884116,931.680527
0.376239,0.110262,0.919938,-0.926417,0.029793,0.375318,0.013976,-0.993456,0.113358,148.540081,12.161882,-492.585018,130.844475,1.958165,1.457194,3.127526,-203.710015,30.441604,-12.591964,30.441604,-158.456159,80.71798,-12.591964,80.71798,1018.149012
-0.534305,0.799726,-0.273781,-0.64182,-0.17305,0.747075,0.550077,0.574884,0.605742,227.863466,83.031687,-549.047665,112.253818,3.492864,0.920098,0.763351,-82.39522,-135.687643,-15.455479,-135.687643,-151.333286,61.396991,-15.455479,61.396991,624.283216
0.366692,0.331265,0.869368,-0.927173,0.053052,0.370859,0.076731,-0.942045,0.326594,122.20332,-159.48052,-459.029558,79.089292,1.974008,1.238099,3.06032,-218.410386,71.451201,-104.758898,71.451201,-279.746615,11.417664,-104.758898,11.417664,985.417653
-0.15749,-0.240167,-0.957871,0.634171,0.718938,-0.284527,0.756983,-0.652264,0.039082,170.228721,-259.103834,-231.299767,78.292909,5.001129,1.531705,2.282022,-584.294203,-279.872115,100.680156,-279.872115,119.974966,9.088744,100.680156,9.088744,885.929764
-0.299616,-0.689722,-0.659176,0.871614,0.083077,-0.483103,0.387969,-0.719292,0.57628,85.36169,235.604745,-558.279535,95.554864,5.344848,0.956627,2.646943,210.442881,124.437492,-20.174213,124.437492,-108.126885,-24.046437,-20.174213,-24.046437,761.901782
0.436144,-0.264211,-0.860216,0.579878,0.813506,0.044144,0.688128,-0.518074,0.508016,-269.928884,-373.802965,-488.380484,93.234481,4.661116,1.037916,2.216134,-88.417856,61.72195,136.344022,61.72195,-237.999694,-8.50614,136.344022,-8.50614,721.32928
0.14305,0.988858,-0.041198,-0.930395,0.148554,0.335108,0.337494,-0.009606,0.941279,-233.689476,303.462537,-389.068527,79.770222,3.26392,0.344399,1.599253,-376.308106,-106.146272,-15.624634,-106.146272,-96.470911,152.797772,-15.624634,152.797772,972.09668
0.205933,0.509993,0.835164,-0.723116,0.654329,-0.221262,-0.659314,-0.558355,0.503532,1.719992,51.81268,-231.218525,74.976321,1.311814,1.043114,4.009713,-227.766351,-28.600022,-93.279238,-28.600022,102.083965,-280.194627,-93.279238,-280.194627,793.473171
0.25903,0.410526,0.874284,-0.858939,0.511883,0.014126,-0.441732,-0.754615,0.48521,426.246632,-320.109974,-288.773625,93.339833,1.586952,1.064193,3.671189,-517.485834,131.700859,-15.158424,131.700859,-52.622182,-19.831476,-15.158424,-19.831476,1041.717642
-0.297668,-0.587743,-0.752298,0.950091,-0.105293,-0.293668,0.09339,-0.802166,0.589752,-162.731524,219.237224,-458.396706,70.764485,5.084559,0.940045,3.025693,-427.797978,173.760887,-159.729597,173.760887,-509.976829,-86.812164,-159.729597,-86.812164,776.478203
0.492118,-0.263771,-0.829606,0.498245,0.866806,0.019958,0.713843,-0.423168,0.557993,33.607645,-306.405359,-532.982197,82.936681,4.688337,0.978831,2.105907,51.664553,109.536083,-77.518881,109.536083,-187.104947,124.010472,-77.518881,124.010472,934.672209
0.111639,0.14833,0.982616,-0.985549,-0.110233,0.128613,0.127394,-0.982775,0.13388,153.548142,170.032853,-264.362354,116.980723,1.700944,1.436513,3.012684,-282.373901,-4.913597,-129.660593,-4.913597,-134.654053,30.881535,-129.660593,30.881535,1066.197641
0.2608,0.78788,0.557879,-0.944409,0.32805,-0.021801,-0.200189,-0.52118,0.829636,241.797096,-202.826097,-437.84378,76.965224,1.531738,0.59234,3.508323,-946.196625,58.168846,60.045424,58.168846,-372.117714,-56.467436,60.045424,-56.467436,819.651511
0.786675,-0.26085,-0.559554,0.339588,0.939751,0.039337,0.51558,-0.220963,0.82786,564.26163,463.210016,-244.001482,69.083938,4.642203,0.595514,1.975689,-268.15886,13.018579,-35.920698,13.018579,-325.858969,66.557482,-35.920698,66.557482,1109.774659
0.044547,0.981271,-0.18741,-0.612129,0.175066,0.771136,0.789502,0.080367,0.608463,287.246959,236.177936,-334.570858,138.38217,3.380002,0.916674,1.469351,-167.243219,-42.980086,-66.9311,-42.980086,156.003209,90.68428,-66.9311,90.68428,884.453526
0.167243,-0.172025,0.970792,-0.172034,0.964462,0.200541,-0.97079,-0.200549,0.131705,-115.911212,-248.08826,-390.551095,69.375907,1.774506,1.438707,4.508672,300.652489,56.846903,-132.604679,56.846903,-797.579913,111.419691,-132.604679,111.419691,1032.018975
-0.179273,-0.250194,-0.951454,0.789112,0.540977,-0.29094,0.587506,-0.802962,0.100448,310.687076,-341.985376,-461.320916,78.204017,5.009144,1.470178,2.509924,-371.849192,-141.742953,156.468873,-141.742953,14.97618,-0.275546,156.468873,-0.275546,1022.963594
0.271808,-0.212026,-0.938704,0.436472,0.896493,-0.076109,0.857679,-0.389031,0.336218,35.267289,496.941339,-296.074162,92.128341,4.793291,1.227898,1.996628,80.593404,-120.333256,180.979572,-120.333256,83.71274,141.472009,180.979572,141.472009,822.167925
0.663235,-0.205962,-0.719513,0.274561,0.961316,-0.022093,0.696229,-0.182897,0.694128,478.230517,-99.650711,-530.819444,127.130475,4.743085,0.803589,1.827689,-104.179978,69.069852,8.540051,69.069852,-193.864757,20.006458,8.540051,20.006458,1081.89584
0.336532,0.918631,-0.207037,0.118288,0.176881,0.977098,0.934213,-0.353315,-0.049137,-48.578323,249.693279,-486.628984,79.858098,3.350394,1.619953,1.932365,-403.92417,365.316792,93.110354,365.316792,-259.31862,-191.400397,93.110354,-191.400397,934.033108
-0.198046,-0.290352,0.936202,-0.797061,0.603613,0.018591,-0.570501,-0.742528,-0.350971,-241.576391,-81.384679,-493.580477,89.452742,1.590652,1.929404,3.796718,-305.711251,85.322867,64.4957,85.322867,-186.696352,-111.832099,64.4957,-111.832099,654.243224
-0.174811,-0.35746,-0.917422,0.954346,-0.290725,-0.06857,-0.242207,-0.887525,0.391963,-130.184203,-290.214738,-482.953728,130.527535,4.786992,1.168032,3.408007,-122.57129,-51.189757,119.379317,-51.189757,-41.123525,4.644548,119.379317,4.644548,825.218072
0.141206,0.273553,0.951436,-0.852745,0.5218,-0.023467,-0.502878,-0.808018,0.306952,-111.807305,-293.166047,-261.361346,83.016346,1.546137,1.258807,3.698291,-145.170508,-36.980004,-42.352037,-36.980004,-343.290505,-180.050749,-42.352037,-180.050749,1029.297688
0.755914,-0.144397,-0.638548,0.290331,0.948153,0.129285,0.586773,-0.283118,0.758645,540.187278,-274.667315,-236.228499,92.74242,4.512623,0.709566,2.020347,-103.430474,-41.975917,-142.345556,-41.975917,-89.999256,-67.316357,-142.345556,-67.316357,972.384796
0.219858,-0.042161,-0.97462,0.672322,0.730457,0.120066,0.706856,-0.681657,0.188942,-365.581747,142.727792,-499.681235,80.103133,4.589814,1.380712,2.338048,-183.856495,12.572199,111.548849,12.572199,137.367552,198.713828,111.548849,198.713828,691.5449
-0.050356,-0.036453,0.998066,-0.443852,0.89604,0.010333,-0.894684,-0.442474,-0.061301,-129.969339,-415.385642,-269.827727,94.898837,1.581149,1.632136,4.253104,-291.755673,-54.423314,165.882834,-54.423314,249.979099,256.731298,165.882834,256.731298,1055.664829
0.205714,-0.046441,-0.97751,0.103329,0.99432,-0.025495,0.973142,-0.09576,0.209344,252.721962,269.202267,-518.641382,69.669471,4.738464,1.359892,1.668884,-491.031684,12.392613,7.039037,12.392613,-510.92929,-62.258914,7.039037,-62.258914,1084.69136
0.183544,0.97974,0.080132,-0.800744,0.101731,0.590305,0.570194,-0.172512,0.803193,526.87861,-62.099451,-386.749122,69.444095,3.006671,0.638161,1.864591,-486.498678,48.03112,133.097377,48.03112,-239.365248,189.372204,133.097377,189.372204,959.082389
-0.003296,0.50527,0.862955,-0.866909,0.428706,-0.254323,-0.498456,-0.748942,0.43661,516.562312,-360.910554,-453.970609,134.219036,1.284198,1.11897,3.72882,57.626338,-6.066808,-66.639387,-6.066808,-260.624006,-49.044919,-66.639387,-49.044919,787.608443
0.40253,-0.915406,0.000894,0.085005,0.038352,0.995642,-0.911451,-0.4007,0.093252,83.505677,-144.375995,-359.903514,87.909079,3.140694,1.477408,4.298193,-163.660175,120.726074,-197.15769,120.726074,-203.315074,-181.595129,-197.15769,-181.595129,946.524582
0.086604,0.995249,0.044485,-0.799214,0.042748,0.599525,0.594775,-0.087474,0.799119,-93.179821,484.271533,-411.747077,62.679111,3.067528,0.644968,1.716821,-570.708223,-58.302669,188.864744,-58.302669,20.025259,158.366853,188.864744,158.366853,520.512381
-0.105628,0.22948,0.967565,-0.503113,0.826951,-0.251055,-0.857741,-0.513313,0.028105,329.172219,-140.660196,-254.379221,87.858479,1.316924,1.542688,4.173111,-416.125126,4.353825,203.384423,4.353825,-8.966777,107.380447,203.384423,107.380447,987.869097
-0.131962,0.317201,0.939132,-0.928559,0.292037,-0.229114,-0.346936,-0.902274,0.256002,-322.453532,-257.125413,-393.641804,117.821813,1.331507,1.311912,3.508678,-254.690767,79.235907,-121.997777,79.235907,167.16247,48.917368,-121.997777,48.917368,686.151973
0.370478,0.455343,-0.809573,0.676467,0.465005,0.571107,0.636505,-0.759232,-0.135751,312.428701,276.336374,-556.439734,78.049328,4.09802,1.706967,2.443898,-312.673899,152.750539,-65.475889,152.750539,-366.041004,-5.30837,-65.475889,-5.30837,969.79993
-0.327803,-0.652378,0.683336,-0.312626,0.757457,0.573171,-0.891521,-0.025741,-0.452247,455.011488,262.757742,-288.421572,81.440092,2.268742,2.040079,4.683523,-273.330029,199.093271,60.741402,199.093271,-171.696017,190.291061,60.741402,190.291061,650.557775
-0.162096,0.869234,0.467072,-0.950453,-0.264772,0.162895,0.265261,-0.417526,0.869085,-112.444101,57.283102,-696.57362,107.624036,1.906363,0.517447,2.575609,-65.908716,73.390513,113.246647,73.390513,-36.684207,-91.680372,113.246647,-91.680372,915.4891
0.700168,-0.222653,0.678373,-0.208109,0.845231,0.492214,-0.682975,-0.485809,0.545468,30.104171,-370.116121,-896.102383,131.815274,2.198485,0.993849,4.094111,-83.836523,19.632273,-50.58381,19.632273,35.489045,81.628868,-50.58381,81.628868,724.386803
0.680722,-0.165735,-0.713547,0.441028,0.870475,0.218555,0.584903,-0.46347,0.665646,440.070171,168.297347,-638.492401,74.257017,4.415168,0.842438,2.240878,78.222241,20.487741,-105.944702,20.487741,-25.665566,-13.290396,-105.944702,-13.290396,1069.523065
0.309399,0.040294,-0.950078,-0.035571,0.998893,0.03078,0.950267,0.024272,0.31049,227.830247,-64.53701,-872.540792,127.564896,4.680003,1.255088,1.545259,-117.804124,-104.009201,154.565594,-104.009201,-359.727585,55.240863,154.565594,55.240863,1167.662417
-0.455091,0.59585,0.661706,-0.873013,-0.444888,-0.199807,0.17533,-0.668609,0.722649,99.527485,277.323828,-678.125115,100.331894,1.277544,0.763169,2.885136,-239.017907,-34.695805,111.108109,-34.695805,9.747869,50.592501,111.108109,50.592501,921.209973
0.073578,0.822951,0.563327,-0.80208,-0.286852,0.523817,0.592667,-0.490375,0.638967,519.493093,-223.002741,-933.152176,99.031895,2.319867,0.877642,2.262024,-33.135592,-30.604735,-58.183795,-30.604735,-102.296059,75.720731,-58.183795,75.720731,967.266033
-0.402711,0.8481,0.344312,-0.730317,-0.524473,0.437681,0.551779,-0.075198,0.830593,189.193629,258.303189,-931.688313,91.354989,2.47503,0.590625,1.706245,-66.270903,162.863002,-57.13027,162.863002,2.8111,84.625678,-57.13027,84.625678,744.503244
-0.091503,0.567621,-0.818189,0.340912,0.789844,0.50983,0.935632,-0.232279,-0.265782,-204.316955,143.454379,-982.946868,74.445066,4.155143,1.839811,1.814136,-569.320608,46.151975,-25.889542,46.151975,-349.697816,-77.76165,-25.889542,-77.76165,642.526827
0.087204,0.543629,0.834783,-0.749768,0.587572,-0.304316,-0.65593,-0.599356,0.458834,-2.656954,-381.135608,-833.9334,175.33559,1.221223,1.094114,3.972029,-196.49045,26.56252,50.423729,26.56252,-23.79624,52.009937,50.423729,52.009937,911.454315
0.437354,-0.494482,0.751138,-0.110869,0.799238,0.590701,-0.892429,-0.341623,0.294727,393.145145,393.475276,-649.842397,75.718141,2.237194,1.271627,4.346796,-203.674805,90.745202,77.551003,90.745202,-384.893124,222.305777,77.551003,222.305777,1149.343964
0.407635,0.155791,0.899757,-0.311157,0.950067,-0.023533,-0.858496,-0.270373,0.435756,-156.080031,-179.21469,-901.781707,78.174782,1.544648,1.119918,4.407285,-258.749942,-47.808563,12.257069,-47.808563,-373.793496,218.908263,12.257069,218.908263,994.091715
0.752467,-0.32799,0.571153,-0.483936,0.312904,0.81725,-0.446766,-0.891355,0.076724,430.035956,432.620101,-989.636187,75.13968,2.531624,1.493997,3.606216,-205.643346,-211.993945,178.813669,-211.993945,-380.323375,6.584899,178.813669,6.584899,1004.441742
-0.285426,0.921715,0.262628,-0.899157,-0.352382,0.259507,0.331737,-0.162074,0.929345,588.28394,-125.023324,-824.533829,67.700875,2.350217,0.37816,2.025251,-796.714036,76.265936,216.63445,76.265936,-499.203873,52.387939,216.63445,52.387939,1028.096731
0.458021,0.87168,-0.17433,-0.342001,0.353807,0.870549,0.820519,-0.339109,0.460167,-156.73319,247.580047,-853.9808,72.753231,3.339231,1.092614,1.962703,-166.205803,29.959943,41.481542,29.959943,-149.342865,-151.809172,41.481542,-151.809172,812.907426
0.193197,0.774979,-0.601732,-0.745386,0.514734,0.423613,0.638023,0.366682,0.677104,-346.416403,-61.600414,-733.641287,71.823756,4.098991,0.826976,1.049175,-197.28279,-90.428244,31.653513,-90.428244,123.760254,-65.114407,31.653513,-65.114407,510.058942
0.552949,0.245981,-0.796078,0.469871,0.696963,0.541724,0.688091,-0.6736,0.269805,136.859927,364.030017,-978.344532,83.743741,4.114877,1.297606,2.345553,148.962326,93.253334,-21.158403,93.253334,-46.751525,-10.730899,-21.158403,-10.730899,952.744114
-0.233071,0.431,-0.871732,0.277932,0.888552,0.365006,0.931897,-0.15721,-0.326884,-109.695743,-204.074675,-754.669589,80.901438,4.315855,1.903801,1.737922,-410.070239,50.103469,45.444788,50.103469,-370.402349,0.601152,45.444788,0.601152,1053.807122
0.718351,0.666751,0.198532,-0.501665,0.298756,0.811835,0.481979,-0.682779,0.549098,331.205383,357.835121,-834.045999,72.039887,2.901752,0.989512,2.526913,-100.812995,28.757875,-116.062068,28.757875,-262.722908,-210.35408,-116.062068,-210.35408,1046.5931
-0.710627,-0.562793,-0.422224,0.505015,-0.825858,0.250837,-0.489867,-0.034978,0.871095,-184.093412,191.074401,-686.830935,101.785157,4.17633,0.513368,4.641107,59.595181,-187.333965,187.200579,-187.333965,-60.319373,24.559316,187.200579,24.559316,845.835611
0.242996,0.454489,-0.856967,-0.294078,0.876386,0.381401,0.924376,0.159336,0.346613,519.297648,-256.878839,-696.567591,121.950712,4.293651,1.216838,1.400102,-216.726203,27.98333,60.568844,27.98333,-368.543912,-34.436579,60.568844,-34.436579,980.961614
-0.532649,-0.211041,0.819602,-0.777568,0.504405,-0.375451,-0.334176,-0.837279,-0.43277,37.689747,41.65526,-710.140946,70.075825,1.141236,2.018359,3.521341,-425.956865,61.122151,75.745229,61.122151,-270.471497,-149.920554,75.745229,-149.920554,819.987476
0.837414,0.530838,0.13019,-0.384779,0.403392,0.830193,0.38818,-0.745309,0.542061,-153.556725,53.228589,-691.931906,96.505392,2.98604,0.997909,2.661419,181.282443,-32.791835,-120.238573,-32.791835,-148.806887,-102.924845,-120.238573,-102.924845,1036.789183
-0.521164,0.710615,0.472666,-0.836136,-0.314123,-0.449669,-0.171066,-0.629565,0.757881,-176.216574,-28.139355,-681.843415,74.867768,0.810326,0.710737,3.406908,-86.997275,151.132496,19.010794,151.132496,77.290752,15.716857,19.010794,15.716857,628.365382
-0.595067,0.091791,0.798417,-0.751771,0.287663,-0.593372,-0.284141,-0.953323,-0.102173,-156.100487,-97.544468,-713.331746,94.93558,0.931671,1.673148,3.431262,271.847656,-37.856505,14.426888,-37.856505,-283.457341,-184.581461,14.426888,-184.581461,959.790224
0.850272,0.515064,0.108384,-0.405136,0.508987,0.759472,0.33601,-0.689668,0.641448,-45.996943,222.440306,-653.449292,129.432154,2.99984,0.874412,2.688233,-120.679247,44.678391,-6.432048,44.678391,5.974524,-22.566202,-6.432048,-22.566202,761.584544
-0.488955,0.354959,0.796823,-0.600452,0.525653,-0.602617,-0.632757,-0.773106,-0.043885,71.459203,395.645349,-949.938718,74.428445,0.923292,1.614696,3.827489,-261.566085,106.048829,32.481244,106.048829,-267.992156,-72.53028,32.481244,-72.53028,802.503291
0.469625,0.774784,-0.423275,-0.401625,0.614437,0.679091,0.786225,-0.14892,0.599728,-82.844113,337.155487,-960.531276,101.637856,3.698966,0.927636,1.757991,-19.350417,-40.312477,-5.627727,-40.312477,-169.99518,62.270971,-5.627727,62.270971,716.770606
0.255766,-0.711687,-0.654282,0.838212,-0.173935,0.516862,-0.481647,-0.680623,0.552058,350.740432,368.854904,-934.060901,79.296952,4.043795,0.985966,3.757438,-399.841723,80.419946,18.085894,80.419946,-89.399639,84.919479,18.085894,84.919479,847.939016
0.223589,0.565208,-0.79407,0.267208,0.747937,0.60761,0.937341,-0.348036,0.016202,96.696446,-228.008013,-754.547577,72.330926,4.059241,1.554593,1.926321,-373.955088,34.409572,123.859901,34.409572,-95.886611,64.479899,123.859901,64.479899,792.661783
0.738016,-0.071139,-0.671023,0.362194,0.880798,0.304975,0.56934,-0.468117,0.675809,511.984308,472.448539,-660.876095,128.936524,4.285805,0.828734,2.258934,-107.250824,-107.922905,97.674643,-107.922905,-106.085847,40.157221,97.674643,40.157221,885.671898
0.789363,-0.608542,-0.081133,0.305628,0.274903,0.911603,-0.532445,-0.744382,0.402986,286.190322,173.579002,-747.371037,63.511963,3.230359,1.15602,3.762504,-492.623602,169.181888,279.513624,169.181888,-420.108249,-174.708892,279.513624,-174.708892,453.228537
0.737787,-0.166389,0.654205,-0.368145,0.713151,0.596561,-0.565808,-0.680977,0.464899,301.713137,-48.54089,-753.105338,140.093703,2.310139,1.087276,3.83488,54.917657,106.370698,4.2511,106.370698,-75.337172,95.878157,4.2511,95.878157,890.047163
-0.021856,0.643459,0.765168,-0.921437,-0.309925,0.234308,0.387913,-0.699933,0.599681,-138.434509,-202.419747,-822.196276,83.014307,1.867948,0.927694,2.63552,-214.463428,-149.097711,-395.423511,-149.097711,-252.622828,111.167037,-395.423511,111.167037,810.647002
0.725238,0.072248,-0.684697,0.23878,0.906362,0.348557,0.645766,-0.416279,0.640077,-127.345974,105.484373,-883.615449,103.858332,4.241514,0.876198,2.143386,140.308379,-8.446562,-70.096988,-8.446562,-79.252406,-29.828137,-70.096988,-29.828137,751.596927
0.319518,-0.682421,0.657427,-0.649074,0.347854,0.676536,-0.690371,-0.642884,-0.331796,17.788779,168.620807,-758.364231,124.142662,2.370519,1.909003,3.962593,-231.538264,123.492052,178.903648,123.492052,46.465164,-33.465399,178.903648,-33.465399,770.859662
0.60841,-0.724808,0.323249,0.357934,0.614137,0.703362,-0.708322,-0.312231,0.633081,-116.005127,-421.045247,-692.483575,75.097216,2.710804,0.885269,4.297209,-237.155305,-38.713543,17.724047,-38.713543,-131.536737,-13.714299,17.724047,-13.714299,747.597757
-0.133546,-0.696356,-0.705163,0.766782,-0.523387,0.371635,-0.627863,-0.491075,0.603849,207.429161,414.378451,-911.323794,93.481884,4.22736,0.922475,4.048635,-403.208756,-81.214532,8.021712,-81.214532,-70.897557,12.772375,8.021712,12.772375,710.10629
0.458494,0.481688,-0.746833,0.308693,0.70172,0.642103,0.833362,-0.524943,0.173041,518.209006,409.558331,-965.588176,81.602795,4.002251,1.39688,2.132919,-165.030799,97.336286,-126.233276,97.336286,-63.042401,26.683813,-126.233276,26.683813,1085.198164
0.449352,0.886732,-0.108575,-0.432536,0.322291,0.842046,0.781662,-0.331412,0.528366,-163.586469,512.312892,-873.581239,73.978895,3.269828,1.014122,1.971806,-203.367574,-360.208595,93.810858,-360.208595,-198.618014,52.762951,93.810858,52.762951,817.893389
0.635376,-0.182007,0.750447,-0.33291,0.812312,0.478873,-0.696755,-0.554096,0.455532,212.587387,-159.684759,-974.320261,119.158219,2.138773,1.097827,4.04055,112.428352,-31.140355,33.155474,-31.140355,-329.178455,164.182771,33.155474,164.182771,712.283425
0.400698,-0.619921,0.67464,-0.653187,0.323065,0.684818,-0.642485,-0.715072,-0.275473,-324.758979,431.759202,-874.868458,79.990731,2.363681,1.849878,3.873573,-452.715228,43.590559,-188.003237,43.590559,-73.370422,76.325789,-188.003237,76.325789,529.704574
0.186282,-0.735804,0.65107,0.500291,0.641362,0.58169,-0.845581,0.217366,0.48759,268.632732,-410.899095,-894.946225,78.773327,2.299974,1.061469,4.964003,-292.058183,47.396015,-90.322446,47.396015,-320.212055,-142.252477,-90.322446,-142.252477,989.405916
0.195757,-0.956181,-0.21771,0.952281,0.132335,0.275044,-0.234181,-0.261163,0.936458,212.358783,-286.381981,-981.53375,86.861628,3.811157,0.358404,3.872574,-577.75964,114.637906,101.7324,114.637906,-188.787565,51.387071,101.7324,51.387071,975.634357
-0.453526,0.692868,0.560578,-0.766486,-0.624172,0.151357,0.454767,-0.361031,0.814152,-254.388581,-132.398644,-661.507299,88.138992,1.83451,0.619529,2.241794,-240.864478,138.807167,113.737447,138.807167,156.924872,-69.530373,113.737447,-69.530373,737.216579
-0.493226,0.748045,0.444024,-0.493045,-0.660919,0.565767,0.716683,0.060127,0.694802,-83.451446,419.374315,-796.750838,139.250074,2.476178,0.802652,1.487096,-156.203712,149.969758,-49.065743,149.969758,16.469045,1.571244,-49.065743,1.571244,852.022722
0.380394,-0.831493,-0.404871,0.924571,0.331658,0.18754,-0.02166,-0.445671,0.894935,523.073704,315.023524,-801.143134,77.225669,4.278604,0.462511,3.190155,-129.994193,-171.323701,-130.378391,-171.323701,-401.082278,-174.824197,-130.378391,-174.824197,1215.216537
-0.54498,0.428956,0.720412,-0.708839,0.2232,-0.669126,-0.447821,-0.875316,0.182421,51.135027,-325.741613,-756.441894,97.552372,0.82229,1.387348,3.614486,-233.006894,24.030927,130.525082,24.030927,-497.549587,60.305427,130.525082,60.305427,907.547731
-0.317164,0.808479,0.495751,-0.863583,-0.030161,-0.503304,-0.391958,-0.587752,0.707754,214.739621,-124.694745,-640.52273,106.700875,0.777838,0.784482,3.729741,128.611504,-13.803582,88.904991,-13.803582,-131.018358,-4.088496,88.904991,-4.088496,757.595559
0.656745,0.575257,0.487612,-0.627953,0.059134,0.776001,0.417565,-0.815833,0.40007,-34.345104,-385.667052,-659.588037,102.083943,2.580577,1.159203,2.668528,-288.070304,-112.028753,-22.859193,-112.028753,-66.537559,-65.790645,-22.859193,-65.790645,942.688444
-0.352965,-0.329647,-0.875642,0.39999,0.792882,-0.459724,0.845827,-0.512515,-0.148004,484.765808,406.126558,-975.319857,76.355541,5.195847,1.719346,2.115567,51.016633,-271.712584,-186.067346,-271.712584,42.382148,-15.512395,-186.067346,-15.512395,1009.620843
0.790419,-0.227698,-0.568674,0.474686,0.814454,0.333673,0.387182,-0.533684,0.751845,116.820003,-226.05724,-755.825674,76.018135,4.181764,0.71994,2.513963,170.275647,-2.99289,-58.729731,-2.99289,-287.369164,86.332863,-58.729731,86.332863,730.463885
-0.453456,-0.494598,-0.741452,0.726724,0.276437,-0.628851,0.515994,-0.823987,0.234084,493.065257,-54.034509,-877.657275,147.781725,5.4158,1.33452,2.58212,-34.00152,-33.327614,109.03121,-33.327614,-158.799241,-65.49118,109.03121,-65.49118,937.544314
-0.614181,0.711508,0.341377,-0.640301,-0.702148,0.311453,0.461299,-0.027296,0.886825,-188.900451,368.827986,-814.979956,86.769709,2.310389,0.480368,1.629899,-169.363718,116.071653,157.290107,116.071653,-344.99067,78.181976,157.290107,78.181976,658.437547
-0.19026,-0.414258,-0.890052,0.929648,0.215358,-0.298959,0.315526,-0.884314,0.344139,372.498161,301.632755,-1019.070148,69.632628,5.036438,1.219474,2.79887,-335.683065,-266.506696,147.295156,-266.506696,-322.496331,-155.985485,147.295156,-155.985485,481.073765
0.124576,-0.434041,-0.892238,0.868404,0.48268,-0.113558,0.479954,-0.760677,0.437053,-2.687532,-40.936085,-965.349502,115.499409,4.838981,1.118477,2.578721,-61.754893,-74.42755,82.053511,-74.42755,-74.872462,-141.634682,82.053511,-141.634682,832.420724
0.254046,-0.143989,-0.956414,0.966243,-0.006006,0.257561,-0.04283,-0.989561,0.137603,247.443506,-321.043868,-1006.626016,71.992213,4.449331,1.432756,3.184848,-206.324396,122.758898,184.022236,122.758898,-881.252029,174.914148,184.022236,174.914148,1225.797766
-0.354574,0.752225,0.555369,-0.795425,0.069556,-0.602048,-0.491505,-0.655225,0.573675,519.681808,516.147561,-912.123496,80.253559,0.74509,0.959811,3.785178,-256.3646,-2.062949,185.379776,-2.062949,-70.267833,53.174879,185.379776,53.174879,985.762641
0.119662,0.93242,-0.340989,-0.866822,0.265572,0.422008,0.484046,0.245079,0.840022,227.292176,102.842443,-709.293461,81.411908,3.821202,0.573473,1.102111,-595.665464,-168.348254,-54.191897,-168.348254,-220.951859,211.333107,-54.191897,211.333107,825.20812
0.522234,0.526158,-0.671141,0.26298,0.649271,0.713644,0.811242,-0.549186,0.200702,36.459363,325.527774,-940.488152,107.055022,3.896307,1.368722,2.165898,-113.173169,-27.49558,-8.134459,-27.49558,-218.19306,30.963503,-8.134459,30.963503,795.749403
0.098994,0.91299,-0.39579,-0.825303,0.297545,0.47994,0.555946,0.279136,0.782948,-256.349014,-142.2305,-780.474556,107.798608,3.831194,0.671406,1.105477,-91.786466,-28.39617,-107.28675,-28.39617,43.828829,68.085132,-107.28675,68.085132,696.448221
0.221736,0.758458,-0.612841,0.60446,0.386253,0.696733,0.765155,-0.524929,-0.372811,494.007485,-356.404124,-905.810652,119.95229,3.863018,1.952833,2.172093,-262.745733,110.859255,21.660637,110.859255,-157.400851,150.940676,21.660637,150.940676,1035.626918
0.070308,-0.638678,0.766255,0.176495,0.764001,0.620606,-0.981787,0.091607,0.166438,152.854559,429.547203,-794.4825,123.261332,2.251557,1.40358,4.805426,-302.940788,9.087777,36.520078,9.087777,-124.646259,-96.49665,36.520078,-96.49665,962.678892
-0.339486,-0.243566,-0.908529,0.82843,0.38003,-0.411438,0.445481,-0.89233,0.072763,169.556167,32.467739,-721.459074,73.220464,5.13762,1.497969,2.678559,-452.130585,31.619809,-1.91346,31.619809,-39.940226,250.674863,-1.91346,250.674863,744.737269
0.765993,0.64192,-0.034535,-0.635813,0.764442,0.106632,0.094849,-0.059722,0.993699,-292.384462,-418.827244,-920.675358,81.543809,3.454803,0.112321,2.132731,-306.715237,53.009227,-82.059217,53.009227,-344.254883,61.211838,-82.059217,61.211838,754.880502
-0.51629,0.747519,-0.417924,-0.745666,-0.152352,0.648669,0.42122,0.646533,0.636057,-0.003715,-43.457835,-863.688545,90.998537,3.713936,0.881419,0.577433,-35.321455,-49.674389,-43.45269,-49.674389,-222.909851,-45.426687,-43.45269,-45.426687,768.402644
-0.532049,0.633559,-0.561719,-0.442585,0.35747,0.822395,0.721833,0.686163,0.090212,-287.953778,-257.716088,-783.820022,130.399928,3.740837,1.480461,0.810727,-437.569386,-2.821193,72.253616,-2.821193,79.984219,92.210354,72.253616,92.210354,819.464715
0.072494,-0.419026,0.905076,-0.90421,0.355339,0.236937,-0.420891,-0.835555,-0.353127,405.989265,-381.140915,-909.56406,92.913654,1.826837,1.931708,3.608217,-365.24903,-44.430642,-99.473331,-44.430642,-353.966534,-19.295469,-99.473331,-19.295469,841.975746
0.035287,0.847018,-0.530392,0.222627,0.510724,0.83042,0.974265,-0.147382,-0.170547,352.958281,-24.924904,-629.16344,77.74558,3.709985,1.742181,1.720933,183.108941,146.003356,-251.475724,146.003356,-290.890246,136.726463,-251.475724,136.726463,928.39872
0.322509,-0.074242,0.943651,-0.606458,0.749226,0.266213,-0.726772,-0.65814,0.196607,281.716285,349.585658,-952.788876,67.3363,1.84576,1.3729,3.976507,-170.854401,74.97439,17.410577,74.97439,-300.900146,71.369381,17.410577,71.369381,735.053986
0.438963,-0.455005,-0.774779,0.457028,0.855483,-0.243463,0.773587,-0.247224,0.583476,507.287103,-11.269147,-962.513246,70.205393,5.016855,0.947795,1.88012,-744.835624,215.453277,-62.867452,215.453277,-325.225177,-134.449018,-62.867452,-134.449018,832.836736
0.170985,-0.315748,-0.93331,0.75104,0.654896,-0.083965,0.637733,-0.686596,0.349117,495.192872,220.445932,-813.246232,76.804581,4.802112,1.214168,2.393074,-42.980141,-126.465317,89.753042,-126.465317,-223.061786,4.835896,89.753042,4.835896,956.650145
-0.449147,-0.787064,-0.422843,0.890091,-0.43522,-0.135359,-0.077494,-0.437165,0.896037,-44.959755,179.146409,-772.136493,90.214493,5.022197,0.460036,3.317035,-111.722658,78.79703,44.590142,78.79703,-388.278164,-58.535244,44.590142,-58.535244,1023.279722
-0.525336,-0.331045,0.783856,-0.671033,0.727619,-0.142428,-0.523199,-0.600816,-0.604387,-320.562606,75.839417,-914.052383,88.405338,1.391056,2.219792,3.858046,-384.79641,-173.870481,128.239437,-173.870481,19.79917,-28.163669,128.239437,-28.163669,812.14997
0.201122,-0.313401,0.928079,-0.548197,0.749171,0.371785,-0.811807,-0.583544,-0.021131,431.502708,-400.08566,-761.259622,81.446511,1.951816,1.591929,4.089143,-813.353016,-275.315312,2.923598,-275.315312,22.7424,-57.134848,2.923598,-57.134848,1028.136122
-0.454563,0.842855,-0.28804,-0.70225,-0.1402,0.697989,0.54792,0.519556,0.655625,-25.783638,-131.762967,-807.067323,170.801594,3.532975,0.855786,0.811963,9.131315,-16.298865,63.889543,-16.298865,4.958114,-82.698628,63.889543,-82.698628,798.990169
-0.143315,-0.283229,0.948284,-0.698674,0.707582,0.105746,-0.700939,-0.647387,-0.299292,509.565506,202.597871,-651.018439,104.361974,1.681851,1.874747,3.966687,-101.365226,70.530592,-6.099619,70.530592,-97.442521,21.123251,-6.099619,21.123251,1181.73549
0.39031,0.773261,0.499725,-0.914663,0.387641,0.114571,-0.10512,-0.501798,0.858573,197.639161,-188.890592,-726.594175,107.954537,1.79617,0.538316,3.348093,-246.120963,67.679032,99.08642,67.679032,-302.003072,-16.47429,99.08642,-16.47429,943.558689
0.349311,0.606097,0.714583,-0.856015,-0.103737,0.506435,0.381078,-0.788597,0.482591,363.56307,257.212084,-957.018846,72.056998,2.187347,1.067185,2.691447,-686.064159,64.221776,-197.37938,64.221776,-22.251669,53.169178,-197.37938,53.169178,490.813763
-0.067568,-0.996847,0.041608,0.332333,0.016835,0.943012,-0.940739,0.077545,0.330147,326.531407,233.89505,-966.892815,71.907906,3.097499,1.234337,4.794633,-574.181202,50.728569,188.587874,50.728569,-495.868028,-127.211871,188.587874,-127.211871,1222.995209
0.516189,-0.380718,0.767204,0.216513,0.92468,0.31319,-0.828656,0.004445,0.55974,176.271272,170.822737,-770.951217,87.332893,1.958371,0.976724,4.717753,-91.334569,-4.627117,-77.178296,-4.627117,-290.605248,-5.64632,-77.178296,-5.64632,757.140819
-0.169154,0.362164,-0.916637,0.547099,0.808096,0.218319,0.819798,-0.464562,-0.334832,446.61826,-146.122236,-738.968795,120.909636,4.478571,1.912223,2.086354,-129.591595,-71.064644,-63.986775,-71.064644,-160.69716,151.075301,-63.986775,151.075301,1002.11876
0.713702,-0.603659,-0.355282,0.377554,-0.09569,0.92103,-0.589985,-0.791479,0.15962,-265.664669,180.295955,-789.789812,140.449085,3.50975,1.410491,3.782157,75.518522,-26.148989,109.625967,-26.148989,111.037075,34.541664,109.625967,34.541664,766.252368
-0.069489,-0.956351,-0.283837,0.542215,-0.275036,0.793951,-0.837361,-0.09873,0.53766,102.112005,12.473546,-679.352041,66.444472,3.484933,1.003137,4.595025,15.513634,33.798932,-54.71504,33.798932,-415.102444,-200.484398,-54.71504,-200.484398,757.724945
0.391284,-0.294251,-0.871959,0.580749,0.813961,-0.014072,0.713881,-0.500884,0.489376,-17.543507,-19.771155,-843.31081,75.23935,4.728526,1.059422,2.182618,-122.964144,44.908781,226.66884,44.908781,-400.12581,67.984936,226.66884,67.984936,639.301077
-0.211741,-0.837483,0.503774,0.686222,0.239628,0.686788,-0.695891,0.491123,0.52396,437.01948,420.923612,-874.751298,104.481686,2.508721,1.019303,5.326961,-58.194149,16.654946,152.657444,16.654946,-87.384219,-69.18175,152.657444,-69.18175,896.00974
0.254075,-0.313805,0.914862,0.015693,0.947115,0.32051,-0.967057,-0.067076,0.245563,-278.993696,-327.374895,-679.866504,73.616122,1.907771,1.322695,4.643139,-375.881804,-244.925486,-69.482658,-244.925486,-425.080557,-107.425777,-69.482658,-107.425777,925.365082
0.24459,0.941404,0.232237,-0.833878,0.082003,0.545824,0.494797,-0.32716,0.805073,-232.303178,457.327089,-696.542119,106.42478,2.739316,0.634998,2.155006,-515.693731,129.958547,-210.535233,129.958547,45.153615,143.402905,-210.535233,143.402905,1030.982265
0.267494,0.921308,0.282202,-0.962712,0.243256,0.118375,0.040413,-0.303344,0.952024,-96.243808,327.45747,-758.883364,88.064913,1.967973,0.311014,3.009149,-391.592341,94.889848,209.826933,94.889848,-362.416177,45.108031,209.826933,45.108031,1039.97494
-0.215428,0.329642,-0.919199,0.88099,0.47166,-0.037327,0.421244,-0.817847,-0.39202,-14.024543,-52.211495,-699.005509,85.188747,4.752975,1.973623,2.665966,-180.689715,105.510649,-147.456745,105.510649,-202.26242,-164.137584,-147.456745,-164.137584,983.806522
0.202174,0.714553,0.669731,-0.910367,0.389232,-0.140466,-0.361051,-0.581302,0.729198,-78.325385,418.395436,-655.10527,96.249968,1.364058,0.753647,3.697388,-153.52816,89.201011,1.318753,89.201011,-55.32842,-31.493291,1.318753,-31.493291,806.050789
-0.420729,0.899291,-0.119426,-0.654986,-0.210037,0.725863,0.627679,0.383614,0.677392,301.188502,243.162199,-711.843295,84.25676,3.304661,0.826585,1.022209,-430.442711,-9.739032,-24.653421,-9.739032,-2.740102,182.923859,-24.653421,182.923859,867.453914
0.12708,-0.983034,-0.13227,0.165822,-0.110419,0.979954,-0.977933,-0.146466,0.148976,-290.464024,100.902373,-940.186161,88.360434,3.275758,1.421264,4.563723,-309.989651,-116.859261,-24.997158,-116.859261,-105.03789,-3.461644,-24.997158,-3.461644,895.109939
0.067624,0.668784,-0.740375,0.150594,0.726729,0.670213,0.98628,-0.156819,-0.05157,458.607293,436.175817,-667.751051,92.527091,3.976689,1.62239,1.728477,-477.161183,188.730405,-36.739803,188.730405,56.284349,-38.044477,-36.739803,-38.044477,1076.197978
-0.019965,-0.998934,0.041618,0.590491,0.021809,0.806749,-0.806797,0.040682,0.589426,-44.410823,242.380446,-982.502872,62.037405,3.090051,0.940448,4.76277,-538.750113,218.454493,90.021556,218.454493,-191.178329,-307.283546,90.021556,-307.283546,942.818882
0.083796,0.249384,0.964772,-0.99527,0.068709,0.068685,-0.049159,-0.965964,0.253962,434.683608,400.47744,-869.900062,99.417,1.641869,1.314022,3.19244,-183.841795,-13.172116,-36.750558,-13.172116,-231.482986,-38.834304,-36.750558,-38.834304,1204.686129
0.271567,-0.025103,-0.962092,0.353222,0.932499,0.075372,0.895257,-0.3603,0.262103,-301.470686,262.717167,-929.315649,140.690492,4.634207,1.305596,1.953417,-74.468355,-42.061103,99.922728,-42.061103,-43.961566,29.858463,99.922728,29.858463,693.13637
-0.024395,0.982003,-0.187282,-0.59045,0.137019,0.795358,0.806706,0.129983,0.576481,516.57212,296.785986,-978.890486,77.727596,3.372849,0.956381,1.411041,-763.761992,-11.015172,-179.050087,-11.015172,-2.575484,-121.528843,-179.050087,-121.528843,1148.066113
0.352435,-0.01976,-0.935628,0.230696,0.970758,0.066397,0.906956,-0.239246,0.346688,-331.065956,4.637048,-838.470536,81.438745,4.641542,1.216759,1.828711,-528.211961,-37.022409,110.877146,-37.022409,-148.014339,-70.532412,110.877146,-70.532412,622.736251
0.008575,0.205915,0.978532,-0.99427,0.106028,-0.013598,-0.106552,-0.972809,0.205644,-311.149431,251.974236,-861.000679,139.034365,1.5569,1.363674,3.250688,-102.915311,13.943173,15.590502,13.943173,-82.876982,-28.816705,15.590502,-28.816705,781.943397
-0.329961,0.042056,0.943057,-0.549746,0.803562,-0.228183,-0.767401,-0.593733,-0.242024,-203.503924,193.538175,-677.026937,118.68245,1.333399,1.815248,4.053896,-181.446777,144.230298,133.606951,144.230298,125.457432,-2.698383,133.606951,-2.698383,660.335762
0.060002,-0.989998,0.127684,0.567697,0.139058,0.811408,-0.821048,0.0238,0.570362,73.792665,309.202232,-703.77973,140.861668,2.985511,0.963849,4.741368,-366.039644,-26.258356,-11.862262,-26.258356,255.632886,-34.225762,-11.862262,-34.225762,870.007531
-0.11817,0.990181,0.074682,-0.913424,-0.137891,0.38294,0.389478,-0.022964,0.92075,-76.635506,460.632875,-668.748068,101.586659,2.948988,0.400799,1.62969,-223.520619,34.147301,-73.983197,34.147301,-168.538824,-17.81574,-73.983197,-17.81574,962.882035
0.077716,-0.970728,-0.227259,0.996278,0.084144,-0.01872,0.037294,-0.224958,0.973654,-27.8304,331.460054,-953.559421,95.203294,4.794575,0.230053,2.977305,-347.491094,-47.585942,123.720531,-47.585942,-270.118903,18.206504,123.720531,18.206504,796.871332
0.085368,0.236084,-0.967976,0.914132,0.367893,0.170346,0.396328,-0.899399,-0.184406,-2.868954,87.343233,-682.069853,71.857842,4.538191,1.756263,2.726535,81.643321,-43.483779,31.68884,-43.483779,-507.744566,-299.119209,31.68884,-299.119209,958.335041
-0.088304,0.94389,0.318236,-0.934492,-0.18911,0.301598,0.344857,-0.270757,0.898757,356.089319,-217.866536,-675.119669,86.434883,2.329358,0.45387,2.236403,-436.514936,136.258047,302.423378,136.258047,-152.950576,172.8701,302.423378,172.8701,1036.073654
0.274102,0.242718,-0.930568,0.214757,0.927744,0.305239,0.937415,-0.283513,0.20217,219.13593,-337.503633,-923.101989,61.135126,4.395433,1.367223,1.864491,-397.626452,-248.259898,179.793893,-248.259898,-575.0972,-131.977418,179.793893,-131.977418,832.917127
