O11,O12,O13,O21,O22,O23,O31,O32,O33,X,Y,Z,GrainRadius,Eul0,Eul1,Eul2,eKen11,eKen12,eKen13,eKen21,eKen22,eKen23,eKen31,eKen32,eKen33
0.758352,0.27788,0.589648,-0.42531,0.896439,0.124535,-0.493977,-0.345225,0.798001,-359.87404,431.286649,579.751479,64.85632,1.77894,0.646825,4.102423,-555.930175,74.99872,104.43605,74.99872,-181.733443,-8.408145,104.43605,-8.408145,545.18756
0.818137,0.28508,-0.499382,-0.267897,0.957414,0.10766,0.508806,0.045702,0.859667,-103.323969,131.879487,243.184736,115.31633,4.500053,0.536179,1.481214,-58.782935,25.537384,-152.93791,25.537384,-196.742299,-73.171368,-152.93791,-73.171368,943.412255
0.311944,0.364596,-0.87736,0.565771,0.670576,0.479824,0.763279,-0.646063,0.002904,-60.400263,-395.60132,572.821606,65.84378,4.211933,1.567892,2.273215,-411.88541,179.84232,39.792605,179.84232,5.390099,-4.196391,39.792605,-4.196391,852.568971
-0.498099,0.746343,0.441439,-0.866133,-0.403954,-0.294338,-0.041356,-0.528954,0.847642,55.327412,-440.087256,491.508694,71.973072,0.982723,0.559271,3.219618,-431.216053,25.196938,298.603987,25.196938,-370.035612,-73.457016,298.603987,-73.457016,874.699129
-0.528291,0.384157,-0.757187,0.335602,0.913648,0.229386,0.779923,-0.132931,-0.611595,194.148889,-417.38447,275.080037,90.430343,4.418232,2.228872,1.739615,-123.660334,-62.014195,-19.580075,-62.014195,-298.864766,-10.685359,-19.580075,-10.685359,1026.857234
0.612696,-0.146955,0.776536,-0.371061,0.81404,0.446825,-0.697795,-0.56191,0.44423,238.242022,-56.533167,560.146641,73.660402,2.092937,1.110482,4.034446,98.302718,15.865379,-115.202278,15.865379,-310.083555,-69.196215,-115.202278,-69.196215,608.472859
0.417234,-0.864319,-0.280834,0.902674,0.429955,0.017834,0.105332,-0.260943,0.959591,417.420538,-263.382789,548.977123,70.520223,4.648972,0.285253,2.757934,-511.849775,88.741674,37.182643,88.741674,-198.703495,52.858047,37.182643,52.858047,1150.390068
-0.316188,0.938003,0.14204,-0.561518,-0.305716,0.768919,0.764672,0.163365,0.623369,393.062235,-243.126797,270.677183,120.102643,2.958925,0.897752,1.36032,-163.979147,56.584252,-22.683293,56.584252,128.949282,147.656351,-22.683293,147.656351,1073.155272
-0.738073,-0.600325,-0.307989,0.545524,-0.799567,0.25119,-0.397053,0.017381,0.917631,-285.03889,481.97124,322.105792,103.515713,4.02822,0.408719,4.756136,-169.02348,67.264523,-73.122662,67.264523,-21.833543,38.111043,-73.122662,38.111043,900.105146
0.751156,-0.330388,0.571497,-0.46233,0.35465,0.812696,-0.471186,-0.874681,0.113649,118.78963,19.487096,328.038677,85.907533,2.528714,1.456901,3.635715,-292.906798,160.072027,106.117194,160.072027,-139.108433,-1.129907,106.117194,-1.129907,1135.210451
0.258718,0.762183,0.593415,-0.723461,-0.254171,0.641873,0.640054,-0.595377,0.485651,-326.909099,-69.22719,401.99857,84.157764,2.395402,1.063688,2.320048,-472.544731,-264.317481,41.707406,-264.317481,193.642407,78.403729,41.707406,78.403729,854.490888
0.122044,0.289339,0.949415,-0.990107,-0.031235,0.136794,0.069234,-0.956717,0.282665,-170.149227,123.337953,468.972485,68.542125,1.713894,1.284226,3.069352,-577.718794,-33.48501,254.66521,-33.48501,-471.124952,-60.45899,254.66521,-60.45899,1176.788675
0.131022,0.986846,-0.094705,-0.977799,0.144394,0.151853,0.16353,0.072707,0.983855,564.369964,127.590102,307.727951,72.567302,3.699231,0.179934,1.152436,-391.466219,-71.289901,25.588972,-71.289901,-665.858829,-22.704462,25.588972,-22.704462,1472.096723
-0.72424,-0.039582,-0.688411,0.456427,0.720818,-0.521628,0.516866,-0.691993,-0.503979,165.411821,236.799467,421.096104,108.89381,5.360817,2.098996,2.500064,141.657435,29.767746,-139.306891,29.767746,-92.684499,-6.790073,-139.306891,-6.790073,797.155241
0.439859,0.108539,-0.891484,0.454466,0.82928,0.325199,0.774587,-0.548191,0.315439,-17.518323,-323.047981,301.732263,160.464273,4.362604,1.249877,2.186686,-201.475568,13.186672,98.454694,13.186672,-211.917354,10.155412,98.454694,10.155412,905.813874
0.890685,0.447422,0.080589,-0.328063,0.509835,0.795263,0.31473,-0.734767,0.600885,-275.330694,-185.83925,553.165712,75.984781,3.040601,0.926188,2.736896,-492.478988,459.202361,-119.231843,459.202361,82.922654,177.972575,-119.231843,177.972575,394.337267
0.486536,0.277613,-0.82838,0.465499,0.72,0.514695,0.73932,-0.636028,0.221077,480.454605,184.557274,214.57873,72.253246,4.156435,1.347877,2.281233,-203.461685,-21.375164,-98.827306,-21.375164,-214.341929,-137.93165,-98.827306,-137.93165,1012.886838
-0.291368,0.247113,0.924143,-0.37886,0.857257,-0.348677,-0.87839,-0.451714,-0.156157,-139.806994,311.133943,323.314973,96.602951,1.210013,1.727595,4.237405,-23.889768,73.613169,-38.11889,73.613169,-138.043967,60.951133,-38.11889,60.951133,1097.286907
0.288638,0.245979,0.925301,-0.255249,0.951227,-0.173248,-0.922787,-0.186176,0.337347,275.286799,-141.018578,374.917132,79.459196,1.385705,1.226699,4.513307,-688.282684,176.822382,13.617392,176.822382,-483.067483,80.939995,13.617392,80.939995,1168.482162
-0.145225,0.927824,0.343587,-0.527382,-0.366415,0.766557,0.837125,-0.069878,0.54253,161.708723,343.64634,397.613758,85.384897,2.720218,0.99735,1.654077,-508.88295,-93.444399,-165.559881,-93.444399,-143.920165,-207.155161,-165.559881,-207.155161,1092.73986
-0.494269,0.816014,0.2997,-0.844155,-0.532875,0.058703,0.207606,-0.223978,0.952226,473.026654,389.352718,216.305858,92.752761,1.764221,0.310354,2.394113,-41.936062,62.825255,38.987051,62.825255,-480.227173,20.742233,38.987051,20.742233,1198.748792
0.283657,0.268442,-0.920585,0.400221,0.839264,0.368048,0.871414,-0.472837,0.130627,489.510432,-64.128838,552.549312,97.596055,4.332057,1.439795,2.067947,-408.062086,67.783506,157.588535,67.783506,-156.413165,-41.561951,157.588535,-41.561951,964.57336
0.267365,0.534787,-0.801573,-0.062897,0.839767,0.539291,0.96154,-0.093771,0.258161,-31.582729,80.569031,423.741433,108.865511,4.120158,1.309679,1.668011,-191.888866,0.681947,-24.996981,0.681947,-135.439622,-138.771323,-24.996981,-138.771323,1036.807901
0.727508,0.685108,-0.036877,-0.284863,0.350515,0.892184,0.624168,-0.638566,0.450165,138.725601,225.650361,387.513455,103.221604,3.182902,1.103847,2.367596,108.449344,-45.672373,41.840269,-45.672373,-257.466017,-2.191907,41.840269,-2.191907,869.483568
0.361986,-0.826162,0.431767,0.465507,0.561498,0.684122,-0.807632,-0.046652,0.587839,-334.301625,120.615981,400.371579,91.568696,2.578601,0.942412,4.654689,-209.794788,-79.307757,-57.710965,-79.307757,-62.473878,37.726984,-57.710965,37.726984,770.441609
-0.494613,0.79806,0.344179,-0.830743,-0.550493,0.082601,0.255389,-0.245069,0.935263,613.347542,-259.443746,236.281039,76.588886,1.806337,0.361794,2.335576,-846.888661,-42.397661,160.597614,-42.397661,-279.337122,-36.873957,160.597614,-36.873957,1338.328047
0.415034,-0.909779,0.007011,0.856963,0.393505,0.332819,-0.30555,-0.132123,0.942965,-291.241708,462.785012,504.827956,80.204158,3.12053,0.339369,4.30426,-642.407511,132.900646,285.310568,132.900646,-377.202537,130.277547,285.310568,130.277547,939.275855
-0.388535,0.626418,-0.675752,0.387213,0.776472,0.497149,0.836126,-0.0685,-0.544244,101.117427,-211.306811,252.140627,73.729285,4.078105,2.146284,1.652539,-175.053894,-60.379106,270.540484,-60.379106,-202.680294,50.476492,270.540484,50.476492,1027.521885
0.527887,-0.797597,0.291846,-0.195627,0.220199,0.955637,-0.826478,-0.561561,-0.039792,-132.110739,-394.971469,438.66979,78.962694,2.845194,1.610599,4.115579,72.148639,90.553175,-184.113095,90.553175,-296.213449,41.514229,-184.113095,41.514229,1160.690504
-0.579538,0.808637,0.101202,-0.813378,-0.581644,-0.010321,0.050518,-0.088297,0.994812,-0.307162,267.959838,484.497123,87.866047,1.469165,0.101903,2.621914,-310.236687,201.581369,16.913709,201.581369,-393.395486,88.125322,16.913709,88.125322,971.067405
0.732772,-0.416763,-0.537916,0.665267,0.60495,0.437556,0.143055,-0.678486,0.720549,-176.305308,64.152212,476.625997,79.132154,4.029514,0.766202,2.933791,-140.567766,20.560252,-42.446433,20.560252,23.665975,-1.439718,-42.446433,-1.439718,932.876696
-0.301693,0.762895,0.571815,-0.727165,-0.572018,0.379509,0.616614,-0.301309,0.727324,515.341905,-209.720283,217.959805,77.480999,2.156736,0.756382,2.025323,-461.155604,113.183286,14.949771,113.183286,15.454382,88.243754,14.949771,88.243754,1012.541119
0.782453,-0.571606,-0.24705,0.553052,0.455564,0.697564,-0.286184,-0.682442,0.672585,66.719674,405.37502,329.129021,102.538147,3.48197,0.833099,3.538671,111.778942,-37.18875,-120.556238,-37.18875,3.460555,-102.150795,-120.556238,-102.150795,848.735602
0.111015,-0.847507,0.519045,-0.516979,0.396799,0.758474,-0.848769,-0.352537,-0.394093,333.86201,-329.965639,541.474449,63.644544,2.541463,1.975877,4.318719,-375.558759,321.856559,70.283967,321.856559,144.507707,342.179669,70.283967,342.179669,1085.575116
-0.385079,0.814438,0.434056,-0.899182,-0.225195,-0.375179,-0.207813,-0.534769,0.819046,179.473174,-252.053928,319.828604,115.842957,0.858027,0.611051,3.512235,-63.321719,-26.563195,167.738857,-26.563195,-112.759396,-139.862796,167.738857,-139.862796,1071.538569
0.187503,0.573641,-0.797357,0.373471,0.709157,0.59801,0.908495,-0.409918,-0.081269,307.621,311.644061,576.134828,83.477314,4.068894,1.652155,1.994653,-396.311786,40.004924,-39.854476,40.004924,-117.562433,29.83026,-39.854476,29.83026,823.816011
-0.095274,0.723265,0.683966,-0.918349,-0.329003,0.219984,0.384134,-0.607161,0.695555,-182.799128,429.957254,522.462684,98.054244,1.881977,0.801604,2.577495,245.812826,-168.561166,-36.343539,-168.561166,-269.089133,51.907144,-36.343539,51.907144,889.089444
0.538633,-0.349347,-0.766701,0.811743,-0.02861,0.583313,-0.225714,-0.936557,0.26817,-178.705742,-384.114348,264.230767,107.878133,4.062006,1.299304,3.378087,-706.497551,-25.686135,109.094238,-25.686135,-176.126429,-153.75807,109.094238,-153.75807,1313.342143
-0.60289,-0.795623,0.059227,0.486531,-0.307806,0.817645,-0.632307,0.521765,0.572668,-53.685809,455.025399,409.420872,92.493164,3.069283,0.961039,5.402294,-139.919037,262.546858,-186.824922,262.546858,-368.729241,-73.5803,-186.824922,-73.5803,1066.045867
0.832278,-0.066664,0.550335,-0.400778,0.61352,0.680419,-0.383001,-0.78686,0.483902,437.511962,486.215934,371.122013,82.505367,2.461498,1.065688,3.594581,-194.561059,34.646866,-94.744675,34.646866,-315.298499,2.138504,-94.744675,2.138504,849.969327
0.430524,0.658528,-0.617244,-0.157248,0.728133,0.667155,0.888776,-0.190166,0.417031,34.446185,-283.372971,407.956594,107.560508,3.888151,1.140621,1.781582,-145.247491,-128.012748,47.079091,-128.012748,-205.620716,-132.927026,47.079091,-132.927026,1167.399258
0.183056,-0.738222,-0.649244,0.92494,0.353108,-0.140713,0.333131,-0.574754,0.74745,388.176099,74.361341,546.419286,82.080563,4.925821,0.726581,2.616304,127.514147,52.720197,-161.056896,52.720197,-318.471971,188.267209,-161.056896,188.267209,1100.414272
0.359552,0.059826,0.931205,-0.34482,0.935825,0.073017,-0.867077,-0.347351,0.357107,3.441494,-110.721933,372.98041,99.427052,1.649047,1.205628,4.331365,45.452226,13.503233,-159.940893,13.503233,-153.43072,38.193947,-159.940893,38.193947,1045.617288
-0.175646,0.740881,0.648262,-0.915946,-0.364341,0.168221,0.36082,-0.564225,0.742603,272.517242,44.573665,233.193821,77.843292,1.824691,0.733848,2.572637,-401.146975,33.607695,48.347219,33.607695,-257.881498,5.650575,48.347219,5.650575,1056.344627
-0.453958,0.075526,-0.887816,0.412852,0.900817,-0.134468,0.789605,-0.42758,-0.440114,295.974751,-284.422807,324.733413,82.223291,4.862705,2.026522,2.067099,643.108638,12.11385,-57.324202,12.11385,-703.364156,-63.03665,-57.324202,-63.03665,631.757174
-0.580967,0.084036,0.809577,-0.470062,0.777369,-0.418018,-0.664469,-0.623406,-0.412124,-42.297083,437.900183,245.025225,89.069163,1.094162,1.99558,3.958864,-294.590046,76.333455,31.281584,76.333455,-283.102662,-67.205619,31.281584,-67.205619,923.906527
0.397669,0.309199,-0.863861,0.333694,0.828296,0.450082,0.854697,-0.467249,0.22621,384.574636,93.261005,551.382551,80.849365,4.232073,1.342611,2.07109,49.823631,91.555661,214.416534,91.555661,-141.619203,302.775644,214.416534,302.775644,1211.364254
-0.628138,0.222402,0.745641,-0.777825,-0.15389,-0.609349,-0.020774,-0.962733,0.269654,-113.381516,39.598028,205.399952,62.014426,0.885646,1.297763,3.163167,-354.368309,-258.886943,-262.360125,-258.886943,-531.702344,158.592174,-262.360125,158.592174,950.653723
-0.330715,0.882013,0.335679,-0.640617,-0.471002,0.606438,0.692992,-0.014484,0.7208,508.445088,81.223265,566.308942,74.332433,2.636046,0.76584,1.591694,-403.366619,321.354464,-68.804357,321.354464,-258.493535,-38.847514,-68.804357,-38.847514,1167.697009
-0.390785,0.880692,0.26771,-0.700903,-0.473228,0.533658,0.596676,0.020907,0.80221,-203.409272,74.059441,463.308262,83.206018,2.676626,0.639809,1.535771,-471.500512,306.493245,-60.425803,306.493245,180.660747,17.522253,-60.425803,17.522253,998.917585
0.81206,-0.500391,-0.300279,0.542245,0.456801,0.705197,-0.215706,-0.735487,0.642284,-302.866334,-344.521885,343.78583100000003,107.422865,3.544148,0.873321,3.426876,9.381652,-1.788537,-9.435475,-1.788537,36.465509,8.620109,-9.435475,8.620109,688.592173
0.74724,-0.011661,-0.664452,0.520541,0.631827,0.57431,0.413122,-0.775022,0.478196,-144.016006,312.002869,273.559256,106.217488,3.999631,1.072196,2.651859,-233.549889,129.935562,-160.242356,129.935562,-224.100899,-58.449565,-160.242356,-58.449565,974.635854
0.084442,0.001438,0.996427,-0.175272,0.984428,0.013433,-0.980892,-0.175781,0.083379,253.336368,-344.978356,535.410539,81.625527,1.584277,1.487321,4.535066,-490.508604,95.897538,-0.50769,95.897538,-442.717256,104.145806,-0.50769,104.145806,1450.842096
0.71037,-0.326155,0.623697,-0.615067,0.14311,0.775379,-0.342151,-0.934421,-0.098946,85.411658,450.477056,338.642421,60.263734,2.464189,1.669905,3.492594,-249.758473,172.407237,196.549928,172.407237,-637.716856,-189.319188,196.549928,-189.319188,1292.802854
-0.146265,0.683683,-0.714972,0.329036,0.715216,0.616604,0.932921,-0.145064,-0.329567,182.210052,-267.95927,538.443628,97.330864,4.00073,1.906641,1.725055,-318.957872,28.34938,110.624672,28.34938,-175.919899,130.551855,110.624672,130.551855,1164.842007
0.698476,0.70016,0.148009,-0.607335,0.470564,0.640089,0.378518,-0.536978,0.753909,397.420628,-6.859335,528.865468,80.617842,2.914355,0.716804,2.527583,-168.416707,-5.649039,320.620596,-5.649039,-361.37206,369.505311,320.620596,369.505311,999.112679
-0.804467,0.383712,0.45343,-0.579338,-0.675389,-0.456307,0.131151,-0.629773,0.765627,-328.324615,102.246038,393.02677,123.364666,0.782235,0.698781,2.936275,-42.194845,-140.104003,151.44098,-140.104003,-30.351393,0.859947,151.44098,0.859947,777.141336
0.148129,-0.582137,-0.799484,0.777948,0.56772,-0.269241,0.610618,-0.582074,0.536969,376.125808,393.278091,479.098458,70.96247,5.037228,1.003957,2.332267,-555.991577,-209.066536,-20.923287,-209.066536,-117.803861,175.069471,-20.923287,175.069471,1104.366272
0.838306,0.068267,0.54091,-0.521022,0.392494,0.757948,-0.160561,-0.917218,0.364598,45.712516,-119.982127,505.74384,71.163466,2.521764,1.197595,3.314889,-262.313191,159.988787,64.444121,159.988787,-32.549569,-209.565638,64.444121,-209.565638,1254.392856
0.726097,0.156959,0.669438,-0.686183,0.103097,0.720086,0.044007,-0.982209,0.182561,-129.629667,15.897555,234.614807,82.550869,2.392628,1.387206,3.096818,-448.948972,117.908135,-32.680016,117.908135,-320.091526,-245.830987,-32.680016,-245.830987,1003.880003
-0.494258,0.653308,0.573496,-0.794911,-0.072611,-0.602366,-0.351889,-0.753602,0.55521,-54.106367,-92.606016,550.089828,98.442882,0.760851,0.982181,3.578446,-111.740457,-38.129644,28.285122,-38.129644,-141.236835,-68.643,28.285122,-68.643,992.849153
0.286465,-0.55136,-0.783543,0.804769,0.582246,-0.115487,0.51989,-0.597488,0.61051,534.169249,-419.609188,446.551907,79.318851,4.858726,0.914092,2.42553,-565.947824,-29.910351,-150.591978,-29.910351,-148.475209,-9.572954,-150.591978,-9.572954,815.159556
-0.030511,-0.498291,-0.866473,0.937295,0.286855,-0.19797,0.347198,-0.818181,0.458294,5.202912,143.275922,258.561521,74.678491,4.937011,1.094722,2.740269,-203.966345,107.447108,74.928689,107.447108,-203.046658,-244.010662,74.928689,-244.010662,1032.609053
0.40052,0.324991,0.856717,-0.461181,0.879425,-0.118001,-0.791768,-0.34784,0.502107,371.745349,290.758256,418.571011,139.501945,1.433922,1.044763,4.298451,-171.97322,-69.006439,1.130846,-69.006439,-82.874071,137.061377,1.130846,137.061377,984.233672
-0.203576,0.747477,0.632325,-0.768684,-0.522025,0.369614,0.606367,-0.410814,0.680845,-248.749229,-46.917245,514.65174,75.070742,2.099764,0.82188,2.166262,-77.633197,113.90932,-23.871109,113.90932,-496.132976,126.606012,-23.871109,126.606012,736.747878
-0.67106,-0.354061,-0.651398,0.72726,-0.143561,-0.67118,0.144123,-0.924138,0.353833,520.083727,-172.931921,578.990879,68.70727,5.512743,1.209131,2.986884,-140.954967,3.83015,412.666256,3.83015,-524.084665,127.621898,412.666256,127.621898,1497.984488
0.300796,-0.514585,-0.802947,0.770714,0.627056,-0.11314,0.561713,-0.584811,0.585213,355.931624,154.392961,225.706051,67.910009,4.852373,0.945653,2.376338,-210.60827,62.758749,-63.805521,62.758749,-655.434316,81.892852,-63.805521,81.892852,1076.418088
0.2168,-0.256785,0.941838,-0.077455,0.957219,0.278807,-0.973139,-0.133395,0.187635,253.68008,258.51045,226.618712,111.664441,1.858602,1.382042,4.576161,-362.143677,102.7308,112.494909,102.7308,-168.917556,17.052018,112.494909,17.052018,1178.386899
0.592493,-0.527042,-0.609245,0.661419,-0.11346,0.741385,-0.459866,-0.842231,0.281371,508.161328,355.208216,283.130914,102.121067,3.829465,1.285574,3.641367,-493.50476,2.100976,102.746011,2.100976,-367.07965,80.575485,102.746011,80.575485,1272.532158
-0.360249,-0.63749,0.681048,-0.412995,0.763613,0.496316,-0.836454,-0.102472,-0.538372,-30.113422,46.679079,550.60266,107.628478,2.20056,2.1393,4.590489,129.651532,134.906188,8.537689,134.906188,-73.737715,24.635833,8.537689,24.635833,939.887139
-0.24643,-0.15901,-0.956027,0.381951,0.890676,-0.246595,0.890722,-0.425924,-0.158756,404.286759,139.974598,279.059144,87.442383,4.964824,1.730226,2.016835,-823.400643,60.305286,-35.780255,60.305286,53.038049,337.858745,-35.780255,337.858745,990.023237
-0.590135,0.582647,0.558805,-0.691617,-0.721919,0.022327,0.416421,-0.373303,0.828999,594.661932,-270.829658,372.212825,116.139305,1.610731,0.593482,2.301649,-202.503371,37.396585,262.72348,37.396585,-210.976797,56.696868,262.72348,56.696868,1005.024443
-0.035879,0.091555,-0.995153,0.176927,0.980646,0.083842,0.98357,-0.173062,-0.051383,298.594297,103.807141,500.058087,101.314185,4.628337,1.622202,1.744966,-438.991353,182.99127,-85.026167,182.99127,-96.624954,124.981577,-85.026167,124.981577,1337.659441
0.589676,0.423307,0.687818,-0.752877,0.596368,0.278426,-0.292333,-0.682024,0.670362,-203.633985,227.396356,428.604143,84.280135,1.955431,0.8361,3.54653,-359.193605,50.479343,-28.097744,50.479343,230.977182,20.897773,-28.097744,20.897773,1124.807987
-0.593704,-0.104203,-0.797908,0.760917,0.249861,-0.598811,0.261764,-0.962658,-0.069054,-19.55662,-415.028229,441.184818,86.871286,5.356195,1.639905,2.876094,-697.46061,-67.556062,69.780764,-67.556062,-343.269236,-127.621319,69.780764,-127.621319,1009.836538
-0.146161,-0.498574,-0.854436,0.56986,0.663579,-0.484688,0.808639,-0.557751,0.187128,387.489126,369.649964,243.807992,68.060345,5.228387,1.382558,2.174604,-643.414057,-46.473292,-188.409336,-46.473292,-69.418459,279.375582,-188.409336,279.375582,1052.439248
0.602208,-0.533715,-0.593712,0.684405,0.728017,0.039751,0.411017,-0.430278,0.803695,416.843701,-110.944164,272.860188,132.238449,4.645536,0.637317,2.379084,36.779174,8.842433,-130.363938,8.842433,-116.353322,85.175364,-130.363938,85.175364,1053.701556
0.254813,0.935132,0.246166,-0.42342,-0.120967,0.897821,0.86936,-0.333008,0.365129,482.200747,470.424135,560.482278,89.541603,2.873988,1.197025,1.936606,-298.924748,-74.765227,41.90146,-74.765227,-245.770784,-144.62868,41.90146,-144.62868,1153.837191
0.284705,0.782149,-0.554244,-0.185655,0.612213,0.768587,0.940465,-0.115922,0.31951,318.451732,-71.581257,317.101881,73.622445,3.766353,1.245584,1.693439,-206.649734,-11.275638,182.211737,-11.275638,-277.322559,-133.596441,182.211737,-133.596441,838.719329
-0.490263,-0.50115,-0.713086,0.753813,-0.654499,-0.058288,-0.437503,-0.56611,0.698649,-312.73496,340.962793,404.636665,61.33162,4.793949,0.797288,3.799541,-284.660409,84.821546,70.608664,84.821546,-291.092923,3.030029,70.608664,3.030029,418.887266
0.154262,0.896317,-0.415715,-0.351372,0.443014,0.824789,0.92344,0.018837,0.383281,547.159135,208.89134,504.24104,86.316068,3.608456,1.177451,1.5504,-350.762307,96.372329,63.058035,96.372329,-157.164163,-237.322569,63.058035,-237.322569,1122.578665
0.372217,-0.531513,0.760886,0.075015,0.834338,0.546126,-0.925109,-0.1462,0.350426,305.931125,-107.093306,340.753942,71.834591,2.193336,1.21277,4.55565,-287.488138,-97.996029,130.539104,-97.996029,-670.04512,-108.436663,130.539104,-108.436663,1240.972021
-0.780744,0.509654,0.361513,-0.557286,-0.829626,-0.033956,0.282615,-0.227977,0.931749,-2.464581,-118.208811,359.78059,115.471585,1.477144,0.371597,2.249591,-30.919908,3.697828,180.755074,3.697828,-144.245338,-48.565527,180.755074,-48.565527,1217.429217
0.180816,-0.465174,0.866556,-0.399879,0.770196,0.496886,-0.898556,-0.436362,-0.04675,-169.398951,308.87238,416.226522,66.96545,2.09143,1.617563,4.260307,211.428095,-36.075622,71.38899,-36.075622,-280.320012,-4.529673,71.38899,-4.529673,714.898014
0.595239,0.618182,-0.513363,0.246385,0.467687,0.84886,0.764843,-0.63176,0.126075,-32.903501,291.784664,272.054434,133.729351,3.685511,1.444385,2.261191,-56.127205,121.814674,62.412355,121.814674,-42.623221,-19.564401,62.412355,-19.564401,891.653485
0.901328,-0.130694,-0.41295,0.411332,0.556965,0.721524,0.1357,-0.820189,0.555766,515.276316,390.501556,488.490485,75.778366,3.661418,0.981512,2.977629,-581.453414,-165.07393,-65.212877,-165.07393,-243.320434,-35.452835,-65.212877,-35.452835,1058.706048
0.803545,-0.508916,0.30874,0.480465,0.860716,0.168289,-0.351382,0.01311,0.93614,495.619454,179.889069,429.086485,81.524478,2.069858,0.359308,4.749683,-1248.017168,116.3342,127.42622,116.3342,-336.672468,70.865748,127.42622,70.865748,1075.91026
0.356695,0.891027,0.280785,-0.665482,0.0314,0.745753,0.655669,-0.452863,0.604163,261.088945,-134.325567,377.970587,104.643803,2.781497,0.922082,2.175246,49.944403,111.544911,-0.680714,111.544911,-190.068471,-34.362688,-0.680714,-34.362688,828.638012
0.471823,0.765795,0.436968,-0.879997,0.378283,0.287242,0.054671,-0.520058,0.852379,-67.262169,235.664906,489.222085,101.376605,2.152323,0.550277,3.036852,-176.120195,163.04328,21.418002,163.04328,-147.333724,-139.450386,21.418002,-139.450386,1146.825594
0.38825,0.844492,0.368911,-0.758589,0.065567,0.648263,0.523264,-0.531539,0.666079,-92.874578,271.78518,226.608795,106.260909,2.624222,0.841857,2.364039,-317.873237,-2.61615,192.719468,-2.61615,20.993861,86.997613,192.719468,86.997613,1020.41286
-0.252758,-0.421814,0.870739,-0.506971,0.824262,0.252136,-0.824072,-0.37771,-0.422187,-364.921682,452.409495,435.17658,91.318876,1.852653,2.006652,4.282617,-393.047353,-20.191616,87.06829,-20.191616,-123.165899,172.170788,87.06829,172.170788,567.60405
0.391703,0.709429,0.585901,-0.917032,0.3529,0.185776,-0.074969,-0.610059,0.788801,-135.345227,45.491131,486.8603,80.676763,1.877847,0.66194,3.263868,-8.690114,43.55354,6.585875,43.55354,-238.082415,-23.987381,6.585875,-23.987381,1233.801076
-0.367888,-0.66721,-0.64768,0.895964,-0.067971,-0.438894,0.248811,-0.741762,0.622802,-321.794189,282.98552,292.353176,83.758009,5.30795,0.898478,2.817955,-272.369338,4.781667,-21.250701,4.781667,66.354611,-27.199627,-21.250701,-27.199627,786.928056
-0.077016,0.923545,-0.375677,-0.142012,0.362793,0.920985,0.986864,0.124281,0.103214,51.017188,-358.328683,329.749756,122.13169,3.528897,1.467399,1.44552,-463.87265,-16.933628,-18.011558,-16.933628,-311.546006,-37.183837,-18.011558,-37.183837,1176.203522
0.59192,-0.729979,-0.341703,0.47728,-0.024174,0.878419,-0.649488,-0.683041,0.334095,-152.45162,172.921038,419.639712,74.464386,3.512579,1.230151,3.901816,18.260131,164.899532,7.755661,164.899532,-194.049996,-52.57426,7.755661,-52.57426,866.848395
0.339813,0.296622,0.892492,-0.938445,0.169525,0.300968,-0.062027,-0.939828,0.33597,433.495898,-95.343221,519.779957,90.156065,1.896042,1.228161,3.207495,-214.809041,80.713033,-206.639869,80.713033,-277.751317,31.564295,-206.639869,31.564295,1204.800782
0.480747,0.806828,-0.343381,0.230776,0.261377,0.937243,0.845946,-0.529821,-0.06054,96.19181,478.473508,548.767344,80.846077,3.492779,1.631374,2.130334,-296.108434,33.326615,16.111788,33.326615,-393.198566,-75.104954,16.111788,-75.104954,954.043219
0.162029,-0.199318,0.966447,-0.602571,0.755601,0.256857,-0.781444,-0.623971,0.002326,-212.686311,-109.51973,344.509803,107.277921,1.830566,1.568471,4.038573,-191.314479,-41.484056,51.420324,-41.484056,166.8344,-135.912073,51.420324,-135.912073,693.093886
-0.086816,-0.994914,-0.051079,0.462464,-0.085662,0.88249,-0.882377,0.052992,0.467549,-280.159626,476.081041,357.236408,90.62026,3.199409,1.08428,4.772372,-435.180979,30.688256,44.621527,30.688256,-95.078633,-42.256513,44.621527,-42.256513,1028.842356
0.42353,-0.183539,-0.887094,0.674957,0.717075,0.173886,0.604198,-0.672396,0.427584,-159.883044,-229.488606,374.840086,89.385516,4.518825,1.128978,2.409566,-5.817441,30.224946,99.922779,30.224946,-69.230342,-39.323109,99.922779,-39.323109,766.122785
-0.251304,-0.654064,-0.713475,0.902868,0.107244,-0.416328,0.348821,-0.748798,0.563582,-80.833678,359.796319,497.82786,113.886029,5.240604,0.972081,2.705644,-123.114958,118.763298,128.193182,118.763298,-115.032315,-21.893413,128.193182,-21.893413,825.447492
0.523478,-0.226218,-0.82146,0.466377,0.882933,0.054053,0.713066,-0.411406,0.567699,131.395178,-240.56823,480.113769,91.088143,4.646682,0.967088,2.094097,-212.208881,-83.382012,89.108995,-83.382012,-0.047942,-28.461352,89.108995,-28.461352,1166.012769
0.099757,0.062678,0.993036,-0.558162,0.829724,0.003701,-0.823713,-0.554644,0.117755,-85.20598,-34.89235,369.81966,109.514125,1.574523,1.452767,4.119776,-203.919629,37.772517,-36.819594,37.772517,-88.090394,-160.285809,-36.819594,-160.285809,945.237784
-0.015373,0.99423,-0.106158,-0.784526,0.05383,0.617755,0.619905,0.09278,0.779172,-142.788365,53.648483,481.603052,70.262536,3.311775,0.677452,1.422231,-498.766596,-65.86258,-201.878541,-65.86258,89.939136,48.406204,-201.878541,48.406204,1082.743267
0.210481,-0.172914,-0.962184,0.578084,0.815729,-0.020137,0.788363,-0.551984,0.271655,-277.763916,219.061299,374.066674,93.918305,4.733314,1.295684,2.181633,-150.619197,-87.944616,95.775364,-87.944616,207.668966,-98.455409,95.775364,-98.455409,825.123133
0.195379,0.637332,0.745409,-0.922398,-0.138797,0.360442,0.333181,-0.757986,0.560756,80.458951,-377.329074,413.741618,83.177802,2.021197,0.975498,2.727453,-208.594208,159.130788,44.372387,159.130788,-238.36447,181.810763,44.372387,181.810763,1018.674349
0.166072,0.708129,0.686275,-0.958229,-0.048446,0.28187,0.232848,-0.704419,0.670504,181.447971,-384.951199,486.470888,129.036304,1.960514,0.835909,2.822347,83.369089,36.409333,95.066154,36.409333,-178.402922,35.875705,95.066154,35.875705,921.013707
-0.152641,-0.158889,-0.975425,0.954784,0.231083,-0.187053,0.255125,-0.959872,0.116432,438.03472,-72.525777,252.864994,100.672599,4.901854,1.454099,2.881808,-262.612857,-22.881751,16.712246,-22.881751,-343.276972,-49.784556,16.712246,-49.784556,1147.327053
0.090262,0.461097,0.882747,-0.779066,0.584855,-0.225834,-0.620411,-0.667334,0.412015,205.165084,-12.796912,503.01141,104.721253,1.320337,1.146132,3.890569,108.16414,64.664373,-51.193652,64.664373,-59.241887,46.738126,-51.193652,46.738126,858.10436
-0.093783,0.995558,0.008298,-0.893913,-0.087871,0.439542,0.438319,0.033804,0.898184,-139.127934,-301.547044,447.407418,69.364027,3.122717,0.455176,1.493827,-89.608867,-1.364749,-74.103801,-1.364749,-236.40344,271.223475,-74.103801,271.223475,1059.753818
0.015187,-0.999882,-0.002482,0.701585,0.008888,0.71253,-0.712424,-0.012562,0.701637,-255.056563,-134.192924,230.110735,63.145993,3.145076,0.793104,4.694757,-277.334508,236.119195,249.898698,236.119195,164.048609,-48.566308,249.898698,-48.566308,485.094754
-0.053599,0.099013,0.993642,-0.349439,0.930295,-0.11155,-0.935425,-0.353196,-0.015264,357.047932,-373.273257,285.740863,80.365882,1.459001,1.586061,4.35136,-712.731817,-277.270993,-74.844736,-277.270993,-447.674548,272.428692,-74.844736,272.428692,1117.990397
0.008825,0.602225,0.798277,-0.955548,0.240352,-0.170759,-0.294703,-0.761285,0.577577,330.075962,-103.829735,401.282201,108.705313,1.360063,0.955039,3.51094,-225.882231,37.443201,-79.033407,37.443201,6.839412,43.305131,-79.033407,43.305131,881.030704
0.021684,-0.979135,0.202052,0.676006,0.163256,0.718584,-0.736577,0.121006,0.665442,216.552721,467.179929,472.430109,68.555482,2.86749,0.842711,4.875217,-608.500885,122.115556,144.724283,122.115556,-104.846126,-158.952677,144.724283,-158.952677,834.582481
0.003712,0.247244,-0.968946,0.868899,0.478814,0.125506,0.494975,-0.842382,-0.213053,9.701113,520.744677,476.187763,72.87178,4.583578,1.785495,2.610348,-11.302985,41.181673,36.939586,41.181673,-22.52612,-296.502857,36.939586,-296.502857,933.781786
-0.016042,0.173972,0.98462,-0.998133,0.055251,-0.026024,-0.058928,-0.983199,0.172761,515.174334,489.387729,504.866269,78.056179,1.544372,1.397164,3.201456,-370.11223,-150.89398,-170.221444,-150.89398,-259.313962,-137.288529,-170.221444,-137.288529,1435.556935
0.250331,0.060015,-0.966298,0.724171,0.650831,0.228027,0.642582,-0.756847,0.119462,-36.133344,36.864843,326.846427,73.040421,4.480649,1.451049,2.437665,-527.35993,1.101178,135.538477,1.101178,-198.730075,-258.116501,135.538477,-258.116501,1136.694981
-0.054744,0.865325,0.498212,-0.979488,-0.143446,0.141518,0.193925,-0.480245,0.855428,-323.780698,-179.844694,560.076075,91.175741,1.847558,0.544419,2.757811,-198.325967,39.826685,-12.822425,39.826685,151.017447,81.12556,-12.822425,81.12556,608.102693
0.085825,0.164678,-0.982606,0.377542,0.907317,0.185036,0.922006,-0.386856,0.015697,-19.203555,-135.851057,517.478343,84.490919,4.526257,1.555099,1.968068,-275.568849,-79.896019,29.466582,-79.896019,6.06493,-111.958958,29.466582,-111.958958,1124.837762
0.070827,-0.963473,0.25827,0.814787,0.205243,0.542215,-0.575417,0.172032,0.799562,529.425997,479.837771,261.860415,115.438427,2.697064,0.64423,5.0029,-419.242045,38.871838,122.981219,38.871838,7.590325,40.688491,122.981219,40.688491,886.219353
-0.111031,0.132248,0.984978,-0.843542,0.511486,-0.163762,-0.52546,-0.849054,0.054767,200.480791,-355.069513,471.572261,88.960656,1.406044,1.516002,3.695777,-537.597188,286.98868,255.177468,286.98868,-231.876134,173.657623,255.177468,173.657623,944.759068
0.647065,0.117,-0.753404,0.488625,0.694916,0.527576,0.585279,-0.709508,0.392487,481.38924,120.972306,427.616514,73.65665,4.101491,1.167462,2.451847,-217.312496,-188.021062,-58.68727,-188.021062,-233.359528,39.745369,-58.68727,39.745369,1027.306854
0.232143,0.190014,-0.953941,0.287653,0.923455,0.253942,0.929175,-0.333355,0.159715,105.33372,221.306386,376.03379,77.446107,4.452219,1.410394,1.915258,211.719601,256.869978,145.928778,256.869978,-827.589146,8.910927,145.928778,8.910927,1106.189717
-0.194082,0.262997,0.945074,-0.621689,0.712254,-0.325879,-0.758838,-0.650789,0.025267,47.827288,-39.213812,266.34408,72.963943,1.238745,1.545527,4.003492,-226.36351,308.204624,335.936867,308.204624,-75.428773,30.839802,335.936867,30.839802,883.802697
0.182492,0.244037,-0.95244,0.239099,0.928613,0.283744,0.953692,-0.279508,0.111115,359.976747,-120.663825,228.503155,98.560234,4.422848,1.459451,1.855892,-10.047676,81.621617,194.43561,81.621617,-415.049006,226.918958,194.43561,226.918958,1272.299881
-0.140187,0.646575,-0.749859,0.635526,0.6395,0.432604,0.759246,-0.415909,-0.500565,254.302601,448.37691,4.730015,87.490293,4.189118,2.095048,2.071944,-331.288631,77.373141,-31.696119,77.373141,-69.090503,-41.665521,-31.696119,-41.665521,1067.013257
0.19356,0.434402,-0.879676,0.019697,0.894731,0.446171,0.980891,-0.103687,0.164627,126.260513,-276.976931,81.96024,80.493685,4.242999,1.405416,1.676113,-329.564777,-3.061212,127.293102,-3.061212,-23.93951,-94.712193,127.293102,-94.712193,1227.273775
-0.69399,-0.16985,-0.699663,0.411274,0.704106,-0.578868,0.590958,-0.689482,-0.418788,-3.044666,83.922516,42.256294,80.7155,5.403587,2.002906,2.432988,74.782424,-22.761123,-113.119723,-22.761123,-369.329719,-252.420018,-113.119723,-252.420018,1078.041224
-0.3293,0.871068,0.36442,-0.563291,-0.490975,0.664565,0.757802,0.013567,0.652343,-356.869972,356.841084,-51.912259,67.573214,2.640011,0.860124,1.552896,-729.940328,53.906225,91.113263,53.906225,218.78916,18.377742,91.113263,18.377742,511.366786
0.138667,-0.461221,-0.876383,0.920575,-0.266229,0.28577,-0.365121,-0.846403,0.387671,404.223395,6.086338,-35.636282,68.239633,4.397181,1.172692,3.548855,92.064608,-45.278089,85.485842,-45.278089,-289.939923,261.648911,85.485842,261.648911,922.659542
0.677951,0.671821,0.298395,-0.412079,0.011175,0.91108,0.608748,-0.74063,0.284419,-141.231878,-409.488448,39.874419,108.1971,2.825085,1.282396,2.453621,-346.079963,-156.995769,-10.086353,-156.995769,4.959362,-98.81612,-10.086353,-98.81612,790.56467
0.131966,0.290666,-0.94768,0.403471,0.857511,0.319194,0.905426,-0.424485,-0.004113,35.654859,435.378327,150.197302,67.457823,4.387507,1.57491,2.009193,-482.268841,308.100989,144.887455,308.100989,-359.155761,222.723004,144.887455,222.723004,1350.53378
-0.223994,0.935911,0.27184,-0.842144,-0.326261,0.429357,0.490531,-0.132755,0.861252,-114.230148,452.046539,-85.038668,160.47111,2.577166,0.533068,1.835101,-202.562977,83.449444,-42.245628,83.449444,53.238879,34.615192,-42.245628,34.615192,910.845748
0.80139,0.381565,-0.460632,-0.267022,0.917327,0.295315,0.535232,-0.113663,0.837023,300.123831,252.814738,80.680686,154.70889,4.14229,0.578977,1.78005,-15.374433,-158.423299,-73.593152,-158.423299,-212.510558,127.735193,-73.593152,127.735193,1060.123368
0.263661,-0.849235,0.457474,0.244349,0.517587,0.819998,-0.933154,-0.104418,0.343977,-312.207012,370.115086,49.904344,102.586613,2.632707,1.219647,4.600955,-522.289747,103.223063,-21.11812,103.223063,106.489587,-0.890026,-21.11812,-0.890026,819.200082
0.072213,-0.819864,-0.567986,0.910754,0.286349,-0.297541,0.406585,-0.495809,0.767373,-241.132039,377.086379,142.918401,61.263714,5.194936,0.696062,2.454749,-272.342142,141.034578,165.842427,141.034578,-413.880752,66.382805,165.842427,66.382805,555.745334
-0.533924,0.832261,-0.149224,-0.659216,-0.299219,0.689857,0.52949,0.466701,0.7084,-297.314592,-349.926931,-43.332501,76.795051,3.354622,0.783568,0.848343,-197.926634,323.294241,112.964224,323.294241,-309.769796,232.171436,112.964224,232.171436,726.189962
0.035699,0.564688,-0.824532,0.466118,0.720409,0.513561,0.884002,-0.402663,-0.237493,457.987033,-4.795068,-31.804569,66.7057,4.155336,1.810581,1.998215,-791.750392,142.326353,254.746702,142.326353,-147.279879,268.33678,254.746702,268.33678,942.648202
-0.424624,0.419683,0.802222,-0.859809,0.090615,-0.502511,-0.283588,-0.903136,0.32237,3.37433,-233.369574,19.45464,96.012944,1.011192,1.242564,3.445847,-107.706053,140.93366,-98.683102,140.93366,-197.077536,-161.413887,-98.683102,-161.413887,1107.700645
0.91997,0.380706,-0.093371,-0.348447,0.903351,0.250082,0.179555,-0.197533,0.963712,448.559549,-73.230511,21.139376,80.074322,3.498927,0.270221,2.403835,-345.419613,137.602458,146.398057,137.602458,-609.318058,106.054896,146.398057,106.054896,1261.96406
0.847811,-0.397825,0.350645,-0.325262,0.132129,0.936347,-0.418833,-0.907897,-0.017378,-74.558356,102.327989,-4.728733,92.235425,2.783277,1.588175,3.573822,-52.671356,66.931843,138.919534,66.931843,-90.719391,-108.028162,138.919534,-108.028162,1107.642657
0.356074,0.372209,-0.85713,-0.178353,0.927456,0.328656,0.91728,0.035845,0.396628,52.392086,-44.973109,-22.498404,147.483601,4.346241,1.162956,1.531738,-219.296463,-166.567037,-17.965622,-166.567037,-287.170358,-147.426731,-17.965622,-147.426731,1194.915025
0.349322,-0.930893,0.106832,-0.071244,0.087297,0.993631,-0.934291,-0.354708,-0.035825,326.742525,282.147083,-187.142441,103.300879,3.034487,1.606629,4.349544,-167.471943,-41.775824,-179.652932,-41.775824,-150.65046,47.730076,-179.652932,47.730076,1187.128676
-0.371927,0.838563,0.398099,-0.658739,-0.540592,0.523281,0.654013,-0.067621,0.753455,177.195514,38.694648,115.124473,96.084987,2.491231,0.717495,1.673824,-322.908529,110.532519,182.955716,110.532519,67.580371,21.484844,182.955716,21.484844,1044.241055
0.441538,0.362077,-0.820941,0.817867,0.213838,0.534198,0.368969,-0.907289,-0.201713,559.462111,71.307263,142.670908,73.434147,4.135512,1.773903,2.755348,-853.465725,145.983856,-332.224466,145.983856,-280.587822,-77.730616,-332.224466,-77.730616,1280.901319
0.096525,0.646727,-0.756589,0.720007,0.479464,0.501701,0.687221,-0.593177,-0.419367,-361.207274,320.964528,-178.184601,99.212168,4.126854,2.003545,2.282877,-88.288001,107.58161,-52.851426,107.58161,159.218439,158.627938,-52.851426,158.627938,571.556733
0.351968,0.419915,-0.836534,0.579723,0.603875,0.547043,0.734874,-0.677499,-0.03089,145.909545,-359.520735,-38.789593,102.221548,4.133249,1.601691,2.315594,-71.29041,105.068504,70.456438,105.068504,-283.838284,-37.237023,70.456438,-37.237023,974.251539
0.412128,0.003721,0.911118,-0.109746,0.992914,0.045586,-0.904492,-0.118779,0.409616,-106.598616,32.164251,-113.421543,90.117946,1.620788,1.148763,4.581815,-340.448189,-83.993312,-284.94282,-83.993312,-60.071502,-54.912106,-284.94282,-54.912106,988.879081
0.402459,0.682102,-0.610544,-0.551029,0.71309,0.43344,0.731023,0.161985,0.662847,565.886744,-323.665653,147.369813,69.600699,4.095033,0.846181,1.352732,-502.415081,-62.030766,-226.598231,-62.030766,-349.439442,-15.294792,-226.598231,-15.294792,1021.013486
0.338617,0.491435,-0.80239,0.775306,0.337464,0.533871,0.53314,-0.802876,-0.266741,512.320823,-365.760684,-85.949248,80.290799,4.125298,1.840807,2.555412,-135.708162,-5.903023,-153.545793,-5.903023,-272.393883,-30.365871,-153.545793,-30.365871,1003.437068
0.596772,-0.494992,0.631542,-0.50021,0.385921,0.775149,-0.627418,-0.778491,-0.017293,-229.043635,-2.66613,-147.673817,84.283568,2.45793,1.588091,3.819946,-447.217961,22.362984,-313.706177,22.362984,-258.01718,-25.935077,-313.706177,-25.935077,888.236221
-0.764173,0.339414,0.548487,-0.602613,-0.678898,-0.419469,0.229993,-0.651073,0.723331,21.649843,30.200355,149.239327,102.021756,0.917906,0.762182,2.802023,27.646494,144.283532,4.282771,144.283532,-42.824132,29.082432,4.282771,29.082432,1047.452264
-0.013438,0.814675,0.579762,-0.804053,-0.35348,0.47807,0.594406,-0.459735,0.659792,-257.817849,87.971565,91.164966,82.947455,2.260357,0.850255,2.229128,-142.585837,23.631362,-147.909977,23.631362,-76.483327,-64.690654,-147.909977,-64.690654,579.207668
0.777781,0.553994,0.296896,-0.559154,0.394132,0.729388,0.287061,-0.733315,0.616316,-256.940769,455.888303,146.862999,103.400194,2.755026,0.90674,2.768473,-136.656421,139.726139,-13.645325,139.726139,-10.893585,42.453292,-13.645325,42.453292,736.752017
0.380468,0.180581,-0.906992,-0.11128,0.982564,0.148947,0.918075,0.04426,0.393929,195.072143,365.366862,-136.890631,96.456754,4.549621,1.165894,1.522624,124.591832,59.750789,192.647076,59.750789,-281.877991,-223.126701,192.647076,-223.126701,1143.101351
-0.233612,-0.792867,0.562839,0.578988,0.35161,0.735625,-0.781152,0.497728,0.37692,100.642932,503.375895,171.680155,74.212113,2.488487,1.184328,5.279693,-327.773198,28.487834,152.058399,28.487834,-208.515294,-308.84356,152.058399,-308.84356,1053.21462
0.458693,-0.071763,0.885692,-0.158587,0.97412,0.161059,-0.874329,-0.214336,0.435441,452.884452,-268.811992,29.828896,82.043554,1.750676,1.120268,4.471986,-193.054591,35.685064,-145.510317,35.685064,-101.149582,176.230106,-145.510317,176.230106,871.455745
-0.804777,-0.329465,-0.493748,0.589233,-0.543874,-0.597499,-0.071682,-0.771786,0.631829,410.822552,-60.245181,157.644447,75.60752,5.592578,0.886886,3.234205,-579.416329,156.974883,-370.324297,156.974883,-104.589972,117.871003,-370.324297,117.871003,1129.988736
0.532092,0.269783,-0.802555,0.787713,0.189832,0.586065,0.310461,-0.944024,-0.111504,95.969183,131.031909,32.0575,90.436666,4.081649,1.682532,2.823865,-350.161864,60.754734,-1.381847,60.754734,-99.441807,-101.627474,-1.381847,-101.627474,1201.029841
0.787875,0.582201,0.200735,-0.36328,0.176182,0.91487,0.497273,-0.793726,0.350311,233.268176,-221.220773,-76.325154,115.642867,2.925602,1.212893,2.581912,-546.447141,-151.464049,163.391287,-151.464049,-81.984259,14.869939,163.391287,14.869939,976.012468
-0.270751,-0.570169,-0.77563,0.677772,0.459263,-0.574198,0.683608,-0.681164,0.262098,334.842164,-135.66743,-102.858714,85.921653,5.349652,1.3056,2.354404,-189.918009,-154.684243,249.823674,-154.684243,127.058018,82.2483,249.823674,82.2483,873.160627
-0.394073,0.390865,0.831824,-0.912432,-0.05772,-0.405138,-0.110342,-0.918636,0.379383,516.702888,247.800721,87.90137,84.423551,1.117564,1.181667,3.261134,-201.279524,169.266639,-146.853773,169.266639,-157.394512,60.038047,-146.853773,60.038047,1352.979573
-0.294994,0.806402,0.512537,-0.912366,-0.397071,0.099615,0.283844,-0.438235,0.852867,498.035508,-112.805216,-78.313215,87.888695,1.76276,0.549344,2.566838,-184.051402,115.741472,251.50873,115.741472,-179.608221,12.275976,251.50873,12.275976,1068.434731
-0.295941,0.673112,0.677746,-0.80129,-0.561163,0.207439,0.519955,-0.481681,0.705429,0.138946,-248.595587,31.979112,92.90793,1.867814,0.787768,2.318001,99.919936,146.106301,6.093077,146.106301,-343.314499,16.03523,6.093077,16.03523,934.993725
0.465852,-0.847003,0.256062,0.375598,0.451297,0.80948,-0.801192,-0.280921,0.52837,432.339423,61.572481,110.586198,81.484853,2.835224,1.014116,4.375154,-330.374112,115.854886,49.673281,115.854886,-422.579374,-143.632421,49.673281,-143.632421,1181.887268
0.050087,0.902301,-0.428186,-0.879346,0.243115,0.409446,0.473542,0.356016,0.805612,-301.131946,468.065532,129.730336,79.624876,3.94936,0.634089,0.926135,-16.536302,-58.761416,-161.725197,-58.761416,-467.006826,16.234236,-161.725197,16.234236,869.553029
-0.588335,0.109156,0.801216,-0.437404,0.790409,-0.428872,-0.680102,-0.602776,-0.41728,239.056781,-122.554971,-18.177253,85.532699,1.079328,2.001246,3.987194,-490.681392,69.241964,148.843835,69.241964,-458.313875,38.079586,148.843835,38.079586,828.507113
-0.75358,0.568094,0.330735,-0.639899,-0.518778,-0.56692,-0.150486,-0.638857,0.754464,-97.898634,107.586584,154.490743,66.832032,0.528116,0.715959,3.372931,141.529964,-45.095905,358.14423,-45.095905,-330.696582,-422.295798,358.14423,-422.295798,801.791757
-0.727139,-0.334368,-0.599556,0.630909,-0.669751,-0.391648,-0.270599,-0.663047,0.697957,591.73422,159.97558,34.493125,87.238998,5.291031,0.798255,3.529074,-145.889265,58.215247,-183.687639,58.215247,-254.544947,-190.454248,-183.687639,-190.454248,1217.368538
0.68409,0.246253,0.686572,-0.612436,0.705166,0.3573,-0.396161,-0.664906,0.633211,543.756461,240.051155,59.942274,106.658039,2.050639,0.885102,3.678929,95.936178,37.918443,57.259055,37.918443,44.995969,29.99546,57.259055,29.99546,1060.752984
0.078761,0.888369,0.452325,-0.959605,0.190497,-0.207046,-0.2701,-0.417746,0.867487,53.560269,-358.289289,152.953083,83.557791,1.141526,0.520667,3.715549,-237.683792,-40.794074,542.506044,-40.794074,-469.467819,-138.763408,542.506044,-138.763408,1094.913555
-0.814597,0.459325,0.354193,-0.532357,-0.834499,-0.142155,0.230278,-0.304355,0.924305,313.240863,377.128698,124.030888,84.990739,1.189128,0.391586,2.493875,-30.645509,-173.754142,19.750468,-173.754142,-266.27178,-41.404374,19.750468,-41.404374,1173.070055
-0.097808,-0.740021,-0.665434,0.809943,-0.447725,0.378861,-0.578296,-0.501907,0.643166,38.866348,468.712392,3.820827,66.266541,4.194815,0.872171,3.997591,-623.604108,-108.225986,-183.484715,-108.225986,-203.457956,181.461626,-183.484715,181.461626,934.576006
-0.058166,-0.487841,-0.870992,0.809432,0.487624,-0.327173,0.584325,-0.72404,0.366511,432.337169,-249.648757,38.790853,110.362403,5.071714,1.19554,2.462577,-247.259632,-87.100351,-45.812561,-87.100351,-34.789325,-40.903832,-45.812561,-40.903832,891.084214
-0.676419,-0.546198,-0.494091,0.63583,-0.094472,-0.766026,0.371724,-0.832312,0.411191,-283.224104,-425.252199,20.224733,83.19409,5.710329,1.147036,2.721557,-40.484394,40.121446,248.574061,40.121446,-292.948451,38.589246,248.574061,38.589246,789.224567
0.419936,0.870217,-0.257635,-0.198485,0.365069,0.909576,0.885583,-0.330827,0.32603,270.280575,251.639274,-121.738421,88.153061,3.41761,1.238695,1.928312,-77.16597,15.882418,249.597946,15.882418,-169.68641,-1.146591,249.597946,-1.146591,1177.612679
-0.70218,-0.382034,-0.600827,0.66444,-0.048356,-0.745776,0.255858,-0.922882,0.287794,263.087776,187.892326,-72.613719,72.671562,5.605015,1.278874,2.871147,-469.405816,-103.875595,-84.060006,-103.875595,-339.978005,184.423375,-84.060006,184.423375,1246.649835
0.098956,-0.488595,0.866881,-0.201034,0.843378,0.498296,-0.974573,-0.223582,-0.014767,314.687432,28.82498,111.415508,107.312711,2.092491,1.585564,4.486876,-322.634752,-18.924794,110.775495,-18.924794,-25.281106,105.37892,110.775495,105.37892,1245.860343
0.288112,-0.730208,-0.619507,0.756662,-0.222905,0.614634,-0.586902,-0.645841,0.488299,-321.607453,-108.245558,180.683421,65.755686,3.930939,1.060657,3.879216,-54.71413,-14.886105,-94.234752,-14.886105,183.750064,41.488461,-94.234752,41.488461,412.986284
0.703056,0.580288,0.41107,-0.435957,-0.104985,0.893823,0.561831,-0.807616,0.17917,26.674664,-323.087419,55.66113,78.850574,2.710536,1.390653,2.533781,-201.608987,-170.894488,162.505698,-170.894488,-444.016081,8.104527,162.505698,8.104527,984.25911
-0.251374,-0.947817,0.196098,0.325195,0.10812,0.939446,-0.911625,0.299922,0.281047,200.668067,-165.35786,-201.324788,71.193171,2.93581,1.285912,5.030232,-372.301644,-139.656248,-64.721913,-139.656248,-645.236092,-69.71757,-64.721913,-69.71757,1095.992758
-0.502214,0.700525,0.506997,-0.65252,-0.691727,0.309404,0.567449,-0.175439,0.804502,428.787713,-221.337238,120.663723,75.944794,2.118732,0.63596,1.870645,-268.445404,83.84313,159.115249,83.84313,-313.267842,29.663463,159.115249,29.663463,944.381719
-0.623087,0.71517,0.316693,-0.642493,-0.698908,0.314213,0.446055,-0.007691,0.894972,142.963788,240.811354,68.630317,66.259061,2.352264,0.462427,1.588037,-354.565814,144.529706,-66.9417,144.529706,-321.902352,119.729294,-66.9417,119.729294,1049.223664
0.408925,0.860673,-0.303353,-0.209415,0.412049,0.88677,0.888215,-0.299096,0.348735,421.4296,155.772101,-183.339965,69.854401,3.471201,1.214575,1.895608,-639.513919,42.748022,165.837668,42.748022,-166.197798,56.658124,165.837668,56.658124,1055.543252
0.260079,0.528625,-0.808031,0.699001,0.474247,0.535244,0.66615,-0.704021,-0.246168,-182.661796,386.105947,117.941405,81.326542,4.127342,1.819521,2.383827,-175.073779,-55.61643,230.153589,-55.61643,-226.607896,283.698199,230.153589,283.698199,757.759529
0.68702,0.637131,0.349381,-0.697599,0.712888,0.071732,-0.203367,-0.293009,0.934231,402.746325,352.961946,45.196521,72.989899,1.773293,0.3647,3.748324,-558.996513,-6.057468,-12.148166,-6.057468,-125.903594,-29.566374,-12.148166,-29.566374,1077.48593
-0.631543,-0.522533,-0.572812,0.6698,0.004443,-0.742528,0.390541,-0.852607,0.347187,-305.784622,182.199814,96.202029,107.372218,5.626107,1.216227,2.712061,90.341853,-173.051595,85.220492,-173.051595,-173.840224,68.373359,85.220492,68.373359,628.824652
0.603981,0.599875,0.524745,-0.650345,-0.009649,0.759578,0.460715,-0.800036,0.384297,-36.751054,186.723916,-99.039284,98.532469,2.537043,1.17635,2.619106,30.531937,80.456183,-62.995477,80.456183,-206.070635,8.310182,-62.995477,8.310182,983.136575
0.910329,-0.370186,-0.185103,0.410611,0.863916,0.291628,0.051957,-0.341483,0.938451,-112.950065,148.702813,52.377578,72.624284,3.707152,0.352679,2.990601,-597.579839,131.501215,-181.908871,131.501215,-336.687406,49.143689,-181.908871,49.143689,1414.930047
-0.320383,0.786918,-0.527366,0.414966,0.61704,0.668629,0.851562,-0.004622,-0.524233,540.514666,231.781377,161.146099,79.697812,3.809423,2.122611,1.576224,-184.320692,16.826735,-84.966973,16.826735,-158.040411,64.070831,-84.966973,64.070831,977.993028
-0.584645,-0.20551,-0.784829,0.793849,0.054591,-0.605659,0.167314,-0.977131,0.131228,233.711062,-246.415139,-35.527169,120.698045,5.369639,1.439189,2.972008,-300.10009,-44.039723,39.909893,-44.039723,-400.614688,113.082645,39.909893,113.082645,1048.225639
0.714255,-0.671794,0.196295,0.608971,0.734766,0.298787,-0.344954,-0.093872,0.933914,227.692753,186.11307,176.913906,78.443976,2.56033,0.365588,4.446694,-421.973138,-20.671955,166.420342,-20.671955,-111.332762,255.703959,166.420342,255.703959,1120.592657
-0.366674,-0.441697,-0.818813,0.633003,0.526544,-0.567503,0.681805,-0.726399,0.086526,435.156603,136.033397,29.695751,79.073253,5.318455,1.484162,2.387851,-426.633276,-38.832668,24.821379,-38.832668,-177.656619,-89.305934,24.821379,-89.305934,1236.603376
-0.170191,-0.945412,-0.277905,0.87702,-0.27391,0.394726,-0.4493,-0.17655,0.875762,-235.278769,417.978941,-124.851201,78.541823,3.755029,0.503784,4.33798,-210.302938,-159.5914,-106.996333,-159.5914,-504.04189,-46.992767,-106.996333,-46.992767,904.378415
0.541147,0.72868,0.419745,-0.649364,0.044948,0.759148,0.534309,-0.683378,0.497502,189.819352,275.623822,-152.146124,87.597043,2.636514,1.050079,2.478008,-70.291881,50.819477,8.234115,50.819477,-174.751533,90.396359,8.234115,90.396359,1016.20078
0.545263,0.824953,-0.148798,-0.778875,0.56421,0.273898,0.309907,-0.033452,0.950178,144.702306,455.951139,72.424337,70.47738,3.639246,0.316989,1.678322,-474.618026,-346.572289,-46.250307,-346.572289,-371.381954,338.394147,-46.250307,338.394147,1298.762908
-0.634006,-0.226807,-0.73932,0.757409,-0.375101,-0.534445,-0.156104,-0.898809,0.409602,168.162286,72.39132,-27.669733,95.402183,5.338311,1.148779,3.313556,-360.854723,-49.771118,-15.086908,-49.771118,-271.294533,182.696922,-15.086908,182.696922,1121.476114
-0.138073,0.798692,-0.585685,-0.546398,0.431791,0.717639,0.826066,0.419104,0.376785,351.661767,21.362789,-127.806794,80.30686,3.826091,1.184474,1.101286,512.376078,92.684955,26.821257,92.684955,-326.29111,64.004982,26.821257,64.004982,984.716919
0.373535,-0.636075,0.675189,0.217964,0.767681,0.602625,-0.901645,-0.077935,0.425398,-321.336905,76.590856,-69.4857,143.963191,2.299468,1.131395,4.626167,-31.516526,21.572431,-5.376149,21.572431,83.933624,58.581666,-5.376149,58.581666,751.219897
0.598091,0.227319,0.768514,-0.733081,0.542673,0.409998,-0.323851,-0.808599,0.491211,561.48632,-193.157459,23.549004,91.726524,2.060879,1.057317,3.522538,-370.75237,-5.106777,-134.890015,-5.106777,-115.080261,-157.027218,-134.890015,-157.027218,1003.937445
0.366298,-0.175622,0.913774,-0.515386,0.779338,0.356383,-0.774727,-0.601489,0.194957,321.928558,340.523897,-171.013351,88.42104,1.942663,1.374583,4.052212,-460.622755,124.899363,-163.261259,124.899363,-196.975965,76.636284,-163.261259,76.636284,1016.098725
-0.565737,-0.663768,-0.489237,0.723435,-0.114819,-0.680777,0.395705,-0.739073,0.545151,212.260916,478.731786,157.369522,71.194355,5.660056,0.994227,2.650022,-98.10199,-14.214713,-348.116657,-14.214713,31.536122,-13.599026,-348.116657,-13.599026,745.581147
0.384972,0.702151,-0.598983,0.084872,0.61932,0.780538,0.919018,-0.351322,0.178828,287.052966,-64.115495,-67.01075,121.43891,3.796136,1.391001,1.935934,-130.886608,0.266686,148.622025,0.266686,-33.347795,98.101099,148.622025,98.101099,1035.582924
0.601648,-0.533242,-0.594703,0.683911,0.728541,0.03865,0.412656,-0.429978,0.803016,390.88224,-130.079635,163.353301,85.799346,4.647489,0.638458,2.376749,-247.266769,-82.929326,146.116199,-82.929326,-252.457064,62.146292,146.116199,62.146292,1230.820348
-0.572859,-0.814563,-0.091209,0.819106,-0.57299,-0.027359,-0.029977,-0.090383,0.995456,236.498334,-230.93313,162.669186,90.423015,5.003803,0.095369,3.461841,-159.207439,-215.236414,74.035191,-215.236414,-333.74463,30.133762,74.035191,30.133762,1284.211811
0.364416,0.746991,-0.556063,0.086333,0.567451,0.818869,0.927226,-0.346415,0.142298,-12.954276,332.51021,-80.844089,88.137764,3.738128,1.428014,1.928343,-368.726357,45.904507,154.642613,45.904507,-106.732569,97.521254,154.642613,97.521254,1030.007204
0.418158,0.869035,-0.264428,-0.652065,0.489837,0.578681,0.632421,-0.069555,0.771496,477.22921,26.054216,17.38864,70.247733,3.570211,0.689607,1.680339,-724.155653,-57.020996,7.082241,-57.020996,-312.93334,108.329563,7.082241,108.329563,980.049467
0.1927,-0.430315,-0.88187,0.718595,0.673874,-0.1718,0.668198,-0.600602,0.439078,10.538327,211.928416,132.927953,89.762496,4.904792,1.116224,2.302969,-4.808079,197.281161,-86.923288,197.281161,-305.860456,95.233893,-86.923288,95.233893,1031.917549
0.317774,0.892019,-0.321436,-0.541205,0.449,0.710983,0.778535,-0.051969,0.625446,359.676698,424.667345,35.970653,83.999515,3.566192,0.895094,1.63745,-702.646973,-44.409278,12.820691,-44.409278,-18.649529,28.512517,12.820691,28.512517,877.448416
-0.474151,0.096892,-0.875096,0.737862,0.585998,-0.334912,0.480354,-0.804499,-0.349344,-130.021502,-423.449784,10.442489,90.754568,5.077906,1.927668,2.603319,-94.129863,61.935854,-160.464608,61.935854,-147.680987,35.846105,-160.464608,35.846105,606.511236
-0.414347,-0.892208,-0.179669,0.666355,-0.431863,0.607836,-0.619909,0.132131,0.773469,369.633528,462.145123,170.945097,81.582122,3.428997,0.686501,4.922393,-547.495343,-127.504163,70.790396,-127.504163,137.119306,53.945593,70.790396,53.945593,689.021992
-0.61064,0.669444,0.42304,-0.733353,-0.679637,0.016935,0.29885,-0.299897,0.905953,-141.01457,-158.224447,0.240774,89.245726,1.610806,0.437172,2.357943,-187.592173,132.545283,161.185372,132.545283,-292.033698,-157.430901,161.185372,-157.430901,1096.198892
0.125793,-0.876151,-0.465334,0.599863,-0.30642,0.739102,-0.790152,-0.37211,0.487025,-245.315104,-58.063858,-16.227506,72.450842,3.703489,1.062116,4.272263,-705.208156,141.653889,-306.247736,141.653889,192.199967,-121.092571,-306.247736,-121.092571,897.421845
-0.074374,-0.536933,0.84034,-0.22317,0.830263,0.510743,-0.971938,-0.149553,-0.181577,570.387754,-135.349659,57.275901,64.247178,2.116917,1.753386,4.559715,-502.56382,32.70579,7.331381,32.70579,-606.168253,50.335883,7.331381,50.335883,1254.35168
-0.347959,-0.518884,0.780822,-0.489083,0.811021,0.321002,-0.799826,-0.270191,-0.53598,535.622106,217.155168,-106.509923,108.503794,1.960842,2.136464,4.386613,-44.973472,28.281477,118.920942,28.281477,-140.993613,85.630719,118.920942,85.630719,959.077379
-0.735393,0.450501,0.506208,-0.452326,0.229897,-0.861713,-0.504578,-0.862668,0.034709,62.60813,99.927303,-142.942117,110.815505,0.531136,1.53608,3.670838,-6.216483,-68.652431,113.222633,-68.652431,-284.572328,-187.755457,113.222633,-187.755457,1153.986629
0.387265,-0.440407,-0.80998,0.59863,0.788269,-0.142387,0.70119,-0.429737,0.56891,600.609742,-83.386347,-114.254525,64.885141,4.886402,0.965616,2.120623,-682.877879,-66.224009,-128.165111,-66.224009,-393.841426,-216.292853,-128.165111,-216.292853,779.194143
-0.251501,0.935572,-0.247895,-0.849439,-0.090604,0.519851,0.463898,0.341315,0.817498,525.898453,-249.304563,76.554406,97.712854,3.586556,0.613743,0.936475,1.575176,65.848573,-197.746823,65.848573,-326.325437,282.244115,-197.746823,282.244115,1006.916221
0.410941,0.685815,0.600654,-0.788322,0.59824,-0.143725,-0.457904,-0.414446,0.786484,491.27437,-102.171341,115.456303,117.155516,1.335931,0.6657,3.976767,-1.933434,-119.66278,105.204628,-119.66278,-267.18458,45.019604,105.204628,45.019604,1061.775412
0.882423,0.109733,-0.457481,0.406989,0.309719,0.859322,0.235987,-0.944475,0.228643,294.952487,-262.050611,101.103714,82.847136,3.630803,1.340113,2.896745,-838.975072,-218.658616,-131.835084,-218.658616,-242.170703,138.350617,-131.835084,138.350617,1026.904008
-0.303474,0.429389,-0.850605,0.642623,0.751353,0.150015,0.703519,-0.501093,-0.503951,-85.773393,-74.247544,9.292652,92.582826,4.537822,2.098963,2.189707,-202.137818,-95.53523,56.090654,-95.53523,-211.207221,11.152343,56.090654,11.152343,1225.047555
0.181726,0.050408,0.982056,-0.456778,0.888729,0.038908,-0.870821,-0.455652,0.184531,111.357579,-426.175083,-133.530128,68.229155,1.610394,1.385202,4.230319,-384.919329,-62.509324,124.468786,-62.509324,-304.766028,218.337983,124.468786,218.337983,1033.201123
0.085937,0.948989,-0.303373,-0.708825,0.272218,0.650742,0.70013,0.159116,0.69606,47.665418,242.226611,-178.383717,81.955644,3.577834,0.800901,1.347326,-634.856843,-93.057159,17.231692,-93.057159,232.134182,-147.022837,17.231692,-147.022837,855.388559
-0.43218,0.183987,-0.882819,0.859378,0.380714,-0.34136,0.273296,-0.906204,-0.322651,489.033777,124.25286,-33.70818,116.292097,5.081352,1.899326,2.848684,-252.160925,40.612773,-115.181926,40.612773,-201.504081,-76.545158,-115.181926,-76.545158,1170.378813
-0.341206,-0.32938,0.88039,-0.704854,0.709309,-0.007802,-0.621899,-0.623209,-0.474186,492.379391,478.019486,-56.848965,113.890024,1.561935,2.064835,3.925939,-178.860876,-59.308364,150.385269,-59.308364,21.87217,-62.245451,150.385269,-62.245451,852.147805
0.272138,0.752636,-0.599566,0.396249,0.48015,0.782587,0.876885,-0.450549,-0.167565,-181.517094,192.466042,62.467888,75.648854,3.795339,1.739155,2.045428,-212.464759,103.899628,203.811086,103.899628,-344.757688,106.245259,203.811086,106.245259,1056.984877
-0.378409,0.923976,-0.055461,-0.896235,-0.350748,0.271547,0.231451,0.152462,0.960826,519.635759,501.00899,-126.103268,68.69099,3.343061,0.28083,0.988314,-188.066094,78.703262,-31.31284,78.703262,-636.970642,287.835907,-31.31284,287.835907,1032.154225
-0.359634,0.36344,-0.859404,0.786106,0.614204,-0.069216,0.502693,-0.700475,-0.506591,-317.737584,206.523776,-54.761817,95.135597,4.792755,2.102022,2.519122,-226.881483,-26.37722,56.84935,-26.37722,-49.286178,10.636122,56.84935,10.636122,716.462585
0.669006,0.610734,-0.423597,0.236421,0.365459,0.900302,0.704653,-0.702455,0.100104,-77.545246,-72.246136,-4.020262,97.559272,3.581368,1.470524,2.354633,-146.640186,54.468455,78.066171,54.468455,-288.71621,-208.456167,78.066171,-208.456167,1051.600706
-0.085397,-0.361387,-0.928497,0.492981,0.794509,-0.354577,0.865839,-0.488011,0.110309,388.516381,-102.282915,-32.671436,93.067577,5.07718,1.460263,2.084042,-641.289864,-335.835803,54.223999,-335.835803,-138.457442,166.987173,54.223999,166.987173,1083.540671
0.006898,0.914972,-0.403458,0.296756,0.383419,0.8746,0.954928,-0.125762,-0.268879,407.352991,-232.087138,-41.990824,85.245048,3.573808,1.843025,1.70174,-237.549669,-27.654745,-130.196394,-27.654745,-525.314789,62.063907,-130.196394,62.063907,1031.008968
0.396943,0.517648,0.757943,-0.862998,-0.070685,0.500237,0.312522,-0.852669,0.418671,-44.235682,-167.799999,-100.82652,95.208958,2.154165,1.138815,2.790275,-366.647973,61.911635,-73.915494,61.911635,-121.82811,-72.419864,-73.915494,-72.419864,1030.447665
-0.374596,-0.718678,-0.585816,0.847491,-0.521672,0.098064,-0.376081,-0.459739,0.80449,123.722872,-372.163016,188.098986,59.92695,4.546529,0.635981,3.827232,39.547069,-148.19267,-390.584823,-148.19267,-551.835555,92.228286,-390.584823,92.228286,671.416384
0.390531,0.698206,0.599995,-0.918538,0.252041,0.30457,0.061429,-0.670062,0.739759,169.307864,-388.076402,112.108346,70.004217,2.040522,0.738084,3.050171,-475.106992,118.359556,79.500356,118.359556,-302.688467,22.346163,79.500356,22.346163,1027.408229
0.548941,-0.766338,-0.333751,0.506009,-0.013137,0.862428,-0.665296,-0.642303,0.380562,578.906349,-303.829599,-147.334955,75.630867,3.510833,1.180392,3.944573,-184.766184,-37.781894,-39.872925,-37.781894,-169.131024,-76.81077,-39.872925,-76.81077,1061.766492
0.313928,0.68399,0.658488,-0.941038,0.316255,0.120128,-0.126083,-0.657374,0.742942,78.115101,-210.643272,23.473272,114.800409,1.751242,0.733341,3.33109,105.355719,61.193359,84.07259,61.193359,-246.354202,-37.969858,84.07259,-37.969858,1186.068732
-0.292384,-0.671069,-0.681306,0.911676,0.019494,-0.410448,0.28872,-0.741138,0.606098,122.810588,-420.096273,1.528763,64.319371,5.254603,0.919651,2.770116,-409.707886,37.64541,-49.313864,37.64541,-734.303744,-185.327838,-49.313864,-185.327838,1077.320284
0.42409,-0.298721,-0.854935,0.336945,0.928306,-0.157215,0.840604,-0.221393,0.494338,-150.574012,-181.716136,-109.769839,89.839896,4.894249,1.053724,1.828321,255.439492,101.382558,126.492484,101.382558,-288.074192,57.584408,126.492484,57.584408,1029.268936
-0.212863,-0.28529,0.934505,-0.365729,0.91016,0.194551,-0.906053,-0.300363,-0.298079,-310.917569,207.423546,-70.600892,105.176927,1.776051,1.873476,4.392283,-410.589024,71.018962,170.710898,71.018962,-44.911046,74.390468,170.710898,74.390468,999.988953
0.147952,-0.111089,0.982736,-0.109752,0.98569,0.127946,-0.982886,-0.126787,0.133643,193.123079,119.657328,-173.492975,73.115986,1.700262,1.436752,4.584103,-396.769961,122.868552,-166.219918,122.868552,-498.61352,175.179252,-166.219918,175.179252,1063.772219
-0.245436,0.961831,-0.121008,-0.815599,-0.137407,0.562066,0.523984,0.236645,0.818193,35.438222,-76.88378,94.390256,71.159174,3.353648,0.612536,1.14659,-689.031814,254.293665,-46.273322,254.293665,-341.029785,83.902489,-46.273322,83.902489,1369.328163
0.203292,0.297903,0.932698,-0.778486,0.626918,-0.030557,-0.593829,-0.71988,0.359361,46.134488,-42.726036,-19.375313,169.143824,1.538046,1.203213,3.831333,-246.945199,-83.614216,-96.788168,-83.614216,56.377529,-12.357504,-96.788168,-12.357504,981.33482
0.229451,-0.952384,-0.200789,0.611158,-0.019579,0.791266,-0.757521,-0.304271,0.577565,-143.71375,-153.987811,-104.104041,87.983521,3.390104,0.955053,4.330447,-234.330109,63.368713,42.878189,63.368713,-217.665992,-209.863624,42.878189,-209.863624,1074.75905
0.092076,-0.17795,0.979722,-0.593547,0.780192,0.197491,-0.799515,-0.599696,-0.033785,71.315759,141.654011,-24.719926,89.665865,1.76971,1.604587,4.06884,-302.572836,41.147829,34.106541,41.147829,-145.428801,-80.956171,34.106541,-80.956171,1152.278857
-0.200832,0.009624,-0.979578,0.878718,0.443791,-0.175794,0.433037,-0.896078,-0.097585,385.143238,62.822939,52.993138,95.847304,4.889958,1.668536,2.691428,-202.057271,-31.628967,23.122396,-31.628967,-117.195929,90.179744,23.122396,90.179744,1081.142666
0.240979,0.944255,-0.224302,0.209361,0.175096,0.962034,0.94768,-0.27879,-0.155496,305.875217,486.652034,-158.72813,90.040868,3.370655,1.726926,1.856907,-216.438871,178.798606,217.890081,178.798606,-410.30695,-19.701214,217.890081,-19.701214,1413.112901
-0.180579,0.227157,-0.95697,0.838118,0.544726,-0.02885,0.514733,-0.807263,-0.28875,180.302277,-317.83865,146.137841,92.414854,4.742527,1.863717,2.573965,-37.974619,83.878732,-7.695028,83.878732,23.018341,-5.521687,-7.695028,-5.521687,1058.054989
0.166273,0.975503,-0.144038,0.113173,0.126228,0.985524,0.979564,-0.180167,-0.089413,512.753733,-409.688679,-118.495646,89.842545,3.286719,1.660329,1.752689,-983.098043,-149.573458,58.175081,-149.573458,-205.03586,98.388737,58.175081,98.388737,1221.006729
0.400723,-0.909169,-0.113282,0.346748,0.036049,0.937265,-0.848049,-0.414865,0.329698,457.970561,428.301324,123.518173,114.198169,3.261874,1.234812,4.257419,-123.452238,50.001818,-87.976291,50.001818,-48.883806,-137.65034,-87.976291,-137.65034,1064.738309
-0.092802,-0.905166,0.414804,0.850991,0.144176,0.505002,-0.516915,0.39986,0.756908,-62.683007,224.346308,-4.256336,76.883654,2.453943,0.712227,5.370793,186.433266,61.685853,200.974696,61.685853,-337.999716,-154.48372,200.974696,-154.48372,874.116354
-0.10389,-0.970998,-0.215336,0.993744,-0.092418,-0.062704,0.040984,-0.220503,0.974525,-273.423803,-428.507753,-157.915629,77.653734,4.995744,0.226203,2.957822,-304.670866,-32.868281,-316.756279,-32.868281,-104.120258,-16.878294,-316.756279,-16.878294,783.121978
-0.129454,-0.017139,0.991437,-0.704414,0.705291,-0.079784,-0.697884,-0.708711,-0.103375,214.395098,367.754076,143.528863,67.161395,1.490496,1.674357,3.919294,-578.51436,-46.339316,-107.055781,-46.339316,-442.495969,-92.559508,-107.055781,-92.559508,1026.69149
-0.065209,0.249441,0.966192,-0.474284,0.844146,-0.249943,-0.877953,-0.474548,0.06326,-325.055365,-257.127256,-89.007142,73.743978,1.317657,1.507494,4.216856,-500.145572,-7.409455,160.507936,-7.409455,195.23242,153.34532,160.507936,153.34532,756.621537
0.110306,0.226522,-0.96774,0.511894,0.821661,0.250676,0.851937,-0.523031,-0.025321,526.15938,-199.060124,-123.382235,71.654238,4.458927,1.59612,2.121397,-291.039839,158.839464,-7.77453,158.839464,-230.771692,93.561789,-7.77453,93.561789,1182.271467
0.879287,0.0787,0.469746,-0.475462,0.086822,0.875441,0.028113,-0.99311,0.113761,90.611556,255.608525,-551.334537,92.318418,2.64911,1.456789,3.113292,-497.558271,157.733897,6.206603,157.733897,24.630232,-69.53707,6.206603,-69.53707,987.501568
0.104285,-0.819283,0.563826,-0.489081,0.451385,0.746358,-0.865982,-0.353591,-0.353623,511.254615,-85.910075,-550.347285,96.236829,2.494621,1.932238,4.324738,-238.703829,-57.02701,39.266403,-57.02701,-269.120409,229.437437,39.266403,229.437437,1090.482694
-0.451988,-0.062509,0.889831,-0.641069,0.716406,-0.275304,-0.620271,-0.694878,-0.36388,-39.567541,-272.390027,-301.39033,125.038981,1.270748,1.943227,3.870323,-343.996923,76.574473,181.310877,76.574473,161.935714,-79.352849,181.310877,-79.352849,915.090992
-0.417247,0.866407,0.274307,-0.536259,-0.478412,0.695376,0.73371,0.143044,0.664235,312.478978,312.410556,-376.245121,104.32144,2.76586,0.844327,1.378252,-2.511408,18.299315,-115.476032,18.299315,-205.627129,-66.348622,-115.476032,-66.348622,970.061908
0.915935,-0.314361,-0.249481,0.332231,0.245205,0.910767,-0.225136,-0.917089,0.329032,419.18516,439.107765,-594.691305,70.441659,3.408958,1.235518,3.382322,-97.630919,-70.867313,32.267753,-70.867313,-171.943275,-78.815287,32.267753,-78.815287,1092.124248
-0.113239,0.657696,0.744723,-0.826013,0.354229,-0.438434,-0.552159,-0.664799,0.503153,-85.478221,126.176002,-380.662164,87.79939,1.038711,1.043553,3.834695,185.777098,31.538646,-129.416546,31.538646,-182.662337,-52.584736,-129.416546,-52.584736,1151.794397
0.815748,-0.157336,-0.556598,0.283436,0.947573,0.147547,0.504202,-0.278121,0.817575,104.546444,472.468853,-246.784948,74.332849,4.453261,0.613609,2.074872,9.425909,-65.455641,-173.555579,-65.455641,-235.308459,-96.323796,-173.555579,-96.323796,839.262372
-0.525664,-0.623335,-0.578905,0.625356,0.178202,-0.75972,0.576722,-0.761379,0.296132,-51.282149,-364.058324,-219.313965,77.711023,5.632049,1.270156,2.493328,-315.813958,28.00898,281.441476,28.00898,-405.191934,10.846898,281.441476,10.846898,860.522518
-0.205085,0.308611,0.928816,-0.858532,0.398948,-0.322122,-0.46996,-0.863481,0.183135,70.959733,132.218822,-336.398458,104.983062,1.236967,1.386622,3.64002,18.608121,153.35555,-135.472311,153.35555,11.703104,-115.988925,-135.472311,-115.988925,1090.417956
-0.630588,0.500203,0.593427,-0.705485,-0.688122,-0.169641,0.323495,-0.525628,0.786807,149.591245,139.09747,-255.295949,130.936778,1.292355,0.665177,2.589894,78.087122,35.099107,-12.264635,35.099107,18.648171,26.013882,-12.264635,26.013882,933.381813
-0.423366,0.802993,0.419481,-0.899663,-0.427133,-0.090354,0.10662,-0.415644,0.903256,393.074311,-327.048205,-544.1269179999999,69.915384,1.358642,0.443498,2.890489,-569.114271,-176.854258,156.305525,-176.854258,-136.689116,138.818225,156.305525,138.818225,927.382551
-0.155406,0.385861,0.909373,-0.854345,0.409645,-0.31982,-0.495926,-0.826621,0.265998,-322.392343,-137.645534,-478.273971,67.904325,1.232614,1.301557,3.681971,-134.019302,20.457343,15.168626,20.457343,107.304168,168.12779,15.168626,168.12779,708.782041
0.40565,0.747497,-0.52602,-0.297646,0.652157,0.697207,0.864208,-0.126254,0.487037,319.632073,-24.215442,-258.691164,95.587812,3.787946,1.062102,1.715863,185.835988,205.824553,86.765663,205.824553,-98.100609,55.600413,86.765663,55.600413,995.5986
0.783969,0.589376,-0.195012,-0.482508,0.776137,0.405952,0.390614,-0.224159,0.892846,-249.336525,-228.506383,-209.750894,67.227761,3.589422,0.467171,2.091776,-275.505314,-20.158281,-91.905159,-20.158281,-428.688949,75.241625,-91.905159,75.241625,945.094351
0.292933,0.570894,-0.766988,-0.338323,0.812169,0.47531,0.894275,0.120256,0.431057,128.628064,126.29423,-453.396464,86.946464,4.157603,1.125132,1.437126,-766.693879,-35.378396,92.197835,-35.378396,31.471045,-32.904847,92.197835,-32.904847,1024.859098
0.228152,-0.596269,0.769681,-0.215886,0.739871,0.637169,-0.949389,-0.311535,0.040077,-305.222744,-184.860013,-246.782188,65.248027,2.262281,1.530709,4.395317,-275.460299,89.924169,54.474409,89.924169,32.40868,209.209031,54.474409,209.209031,692.616248
0.131849,0.549887,-0.824767,0.598818,0.618874,0.508343,0.789958,-0.560909,-0.247684,-331.358541,77.780594,-241.571195,69.518059,4.160036,1.821086,2.188235,-59.630002,126.701926,235.401966,126.701926,50.274274,140.634211,235.401966,140.634211,715.581576
-0.238213,0.936395,0.257719,-0.671822,-0.350501,0.652536,0.701362,-0.017698,0.712585,-307.94979,-72.124583,-313.941769,90.100388,2.765448,0.77762,1.596025,-73.518512,71.230072,261.977279,71.230072,-141.30721,54.111081,261.977279,54.111081,682.819187
-0.287301,0.741954,-0.605774,0.248249,0.668506,0.701051,0.925111,0.05103,-0.376252,112.956404,-325.16575,-396.209066,64.81503,3.854213,1.956544,1.515691,-561.682841,-40.079606,-511.819023,-40.079606,-363.331472,-84.741576,-511.819023,-84.741576,1298.913742
-0.563157,-0.118636,0.81779,-0.810955,0.26948,-0.519357,-0.158763,-0.955671,-0.247968,-17.713085,42.610049,-535.062371,78.920118,1.004985,1.821379,3.306217,4.252876,-222.147009,18.797442,-222.147009,-627.420644,-247.430204,18.797442,-247.430204,1007.446979
-0.129311,0.900536,0.415106,-0.762065,-0.358096,0.539466,0.634457,-0.246579,0.732573,121.77371,9.839195,-522.93762,127.40917,2.485743,0.748702,1.941476,-367.487883,-97.097444,114.743733,-97.097444,-73.900716,93.896707,114.743733,93.896707,1052.221353
0.622066,0.179114,0.762202,-0.220295,0.974195,-0.049139,-0.751335,-0.137342,0.645472,438.155247,-116.881426,-588.338712,78.239696,1.506415,0.869156,4.531588,-126.031899,-15.191704,-97.649126,-15.191704,-457.214868,-2.685725,-97.649126,-2.685725,1234.386314
0.233214,-0.228028,0.945312,-0.231756,0.931072,0.281769,-0.944405,-0.284794,0.164292,-150.775618,412.251966,-384.674342,146.134279,1.860481,1.405756,4.419503,38.618533,-41.200498,-24.688946,-41.200498,-85.531774,73.612793,-24.688946,73.612793,1143.695707
0.73729,0.656277,-0.160323,-0.28189,0.514519,0.80982,0.613956,-0.551879,0.564348,-305.950237,-52.686881,-347.111338,103.731702,3.337039,0.971153,2.302998,-144.769269,-23.668078,-97.581993,-23.668078,40.907819,64.653563,-97.581993,64.653563,626.443775
0.065138,-0.515575,-0.854365,0.906746,0.38804,-0.165035,0.416616,-0.763942,0.492772,-302.509617,-446.505252,-330.082312,66.592869,4.903206,1.055524,2.642326,-253.188583,-136.078983,-227.592018,-136.078983,-256.850165,-56.607224,-227.592018,-56.607224,641.786549
-0.219129,-0.248621,0.943488,0.229362,0.926766,0.297484,-0.948354,0.281588,-0.146057,386.151448,473.487389,-250.93859,74.042736,1.876233,1.717378,5.00102,-417.562531,33.57421,-96.642712,33.57421,-192.556633,-3.225673,-96.642712,-3.225673,1227.967585
0.744303,-0.188519,-0.640683,0.432531,0.867021,0.247368,0.508852,-0.461232,0.726866,524.036099,183.525849,-250.095507,69.897827,4.343922,0.757048,2.307145,-665.433765,-204.254663,-141.984685,-204.254663,-189.203402,48.308429,-141.984685,48.308429,1060.512835
0.420901,-0.097473,-0.901854,0.892453,0.222479,0.392468,0.162389,-0.970053,0.180631,486.497162,46.207419,-586.013537,91.586275,4.301929,1.389168,2.975728,-197.989049,45.54349,-173.736324,45.54349,-298.513747,-49.948237,-173.736324,-49.948237,1194.764161
0.028532,-0.769448,-0.638072,0.803759,-0.361837,0.472278,-0.594271,-0.52633,0.608127,-146.205539,-225.294114,-347.355442,117.164255,4.075212,0.917098,3.987545,19.125367,-111.789019,13.105262,-111.789019,-29.971507,-139.79154,13.105262,-139.79154,822.315977
-0.631213,0.593394,0.499452,-0.72718,-0.228787,-0.647199,-0.269776,-0.771712,0.575918,-91.942422,-384.400357,-280.198173,88.178489,0.657254,0.95707,3.477894,229.328391,64.61367,284.030816,64.61367,-155.97458,-58.861992,284.030816,-58.861992,1139.77224
-0.331016,-0.252995,-0.909077,0.302661,0.884023,-0.356229,0.89377,-0.39306,-0.216054,369.840103,-408.006852,-354.539288,72.016299,5.085856,1.788567,1.985117,-447.18737,221.879538,-277.12654,221.879538,-188.883277,-88.954462,-277.12654,-88.954462,977.503967
0.610545,-0.019445,0.791743,-0.460321,0.804784,0.374737,-0.644469,-0.593249,0.482406,-97.903715,138.000201,-431.295294,107.277457,2.012861,1.067397,3.96835,183.240213,-80.838172,-134.124269,-80.838172,-59.554802,-88.852957,-134.124269,-88.852957,1039.295394
-0.094655,0.513778,0.852686,-0.90089,-0.408672,0.146235,0.423601,-0.754334,0.50154,-291.415964,-91.500477,-581.093109,92.853162,1.740643,1.045418,2.62992,-176.902554,-115.417958,-140.474103,-115.417958,-112.962677,12.158002,-140.474103,12.158002,882.740141
0.124669,-0.506351,-0.853268,0.908394,0.404161,-0.107116,0.399096,-0.76175,0.510352,246.047277,-312.055265,-368.882477,99.429319,4.837272,1.035202,2.658992,55.213933,51.991524,89.329816,51.991524,-52.264931,-16.125523,89.329816,-16.125523,944.535421
0.749564,-0.579272,-0.320309,0.525376,0.226276,0.820232,-0.402659,-0.783098,0.473943,424.409657,196.6056,-402.045325,110.08968,3.513892,1.077033,3.616526,-172.968399,43.224557,60.412896,43.224557,-135.91606,-11.960024,60.412896,-11.960024,955.385083
0.375929,-0.255463,-0.890739,0.908149,-0.089547,0.408959,-0.184237,-0.962663,0.198335,-198.663687,-137.608441,-339.001824,137.125846,4.281974,1.371137,3.330689,-72.174057,-27.463836,119.80316,-27.463836,-199.428729,60.313338,119.80316,60.313338,1074.155654
0.322898,0.267984,-0.907701,0.695227,0.583596,0.419612,0.64218,-0.766551,0.002133,146.899097,-274.120168,-528.94138,72.670519,4.27937,1.568664,2.444252,-14.435194,382.740538,-219.154581,382.740538,-205.057081,-14.707246,-219.154581,-14.707246,1258.253822
0.73876,0.432195,0.517148,-0.551193,-0.054115,0.832621,0.38784,-0.900155,0.198244,244.237929,111.879093,-453.188297,69.622582,2.585797,1.37123,2.73477,-383.67685,245.160472,-351.735365,245.160472,-136.901239,34.797696,-351.735365,34.797696,1253.484892
0.460975,0.065967,-0.884958,0.724006,0.54869,0.418035,0.513144,-0.833419,0.205172,259.827592,-201.604261,-406.548813,92.719385,4.271081,1.364157,2.589702,-128.816231,5.062316,91.358697,5.062316,-356.364981,45.557206,91.358697,45.557206,874.293485
0.341291,-0.792365,0.505646,-0.392952,0.368407,0.842535,-0.853879,-0.486245,-0.185627,449.216753,-249.947402,-488.602854,88.55802,2.601064,1.757507,4.194733,-389.222483,3.924103,200.939516,3.924103,-336.126166,270.99307,200.939516,270.99307,909.948081
0.446154,0.628164,0.637461,-0.640873,-0.272928,0.71749,0.624682,-0.728643,0.280806,214.878914,492.283456,-350.85285,112.213865,2.41519,1.286163,2.432863,-68.322066,-12.786931,44.338607,-12.786931,-68.368156,-135.7603,44.338607,-135.7603,1147.285696
0.445586,0.262642,-0.855846,0.300228,0.856795,0.419243,0.843396,-0.443758,0.302923,-18.096228,168.772752,-492.375705,87.476289,4.256888,1.263038,2.05515,-716.234792,-174.83875,58.836567,-174.83875,-40.17636,-45.380302,58.836567,-45.380302,1019.941128
-0.764784,0.581101,0.278258,-0.598448,-0.480714,-0.640917,-0.238674,-0.656686,0.715401,50.316591,6.438252,-383.029277,77.613871,0.409601,0.773599,3.490201,-300.723528,-215.076621,217.36788,-215.076621,-92.279597,-152.99445,217.36788,-152.99445,1282.295815
-0.300762,0.355479,0.884973,-0.733426,0.506933,-0.452885,-0.609613,-0.785273,0.108251,354.51241,-371.770935,-340.414783,70.385414,1.097793,1.462333,3.801719,110.25958,97.881683,119.254371,97.881683,-349.657012,-176.627929,119.254371,-176.627929,784.076987
0.826479,0.393091,0.403004,-0.417245,-0.052871,0.907255,0.377941,-0.917978,0.120318,519.724037,482.257101,-447.14044,95.767996,2.723572,1.450186,2.751032,261.361814,-118.968966,-21.723071,-118.968966,-269.879454,83.595195,-21.723071,83.595195,1121.521559
0.72413,-0.451299,-0.521502,0.627202,0.745392,0.225849,0.286798,-0.490631,0.822817,-261.63673,271.210871,-570.9818359999999,77.841737,4.303699,0.604446,2.612611,-23.591469,-52.234554,260.716209,-52.234554,-398.854814,180.194578,260.716209,180.194578,680.466984
0.424665,0.077908,0.901992,-0.394786,0.912515,0.107051,-0.814742,-0.401555,0.41827,-320.069563,444.720375,-462.250128,108.26869,1.688927,1.139256,4.254469,-441.078988,-65.23788,-39.130193,-65.23788,-13.986003,80.579554,-39.130193,80.579554,833.146743
-0.388234,0.27349,0.880044,-0.791661,0.389865,-0.470402,-0.471749,-0.879323,0.065152,-315.554,36.803872,-437.115381,67.69706,1.079915,1.505598,3.634005,-327.582762,80.48989,-170.65553,80.48989,207.503767,61.01245,-170.65553,61.01245,971.920891
-0.052267,-0.768051,-0.638252,0.655992,-0.508298,0.55795,-0.752956,-0.389526,0.530403,245.26601,-411.658802,-522.421168,68.897406,3.994021,1.011721,4.234975,-279.501421,-284.438872,234.118962,-284.438872,-224.091219,35.881575,234.118962,35.881575,945.041322
0.714146,0.677645,-0.175478,-0.388368,0.59213,0.706083,0.582379,-0.436096,0.686043,152.396441,-163.804821,-470.186332,88.777256,3.385182,0.81476,2.21354,-239.593829,-190.686016,4.37677,-190.686016,-69.550022,3.385518,4.37677,3.385518,784.939437
-0.528317,0.386767,0.755839,-0.845655,-0.160203,-0.50912,-0.075823,-0.908156,0.411709,459.478404,490.420024,-374.207699,82.60782,0.978021,1.146468,3.224891,-200.623928,-189.610464,-100.628893,-189.610464,-489.148463,8.629811,-100.628893,8.629811,1107.950164
0.098931,-0.625082,-0.774264,0.729169,0.575009,-0.371049,0.677145,-0.527861,0.512677,-289.764982,41.8601,-285.83924,70.111569,5.159282,1.032496,2.232936,-610.518647,78.402446,156.167819,78.402446,297.603922,199.748102,156.167819,199.748102,714.342004
-0.144214,-0.834934,-0.531119,0.90696,-0.326186,0.266509,-0.395761,-0.443269,0.804292,55.873893,378.521693,-571.805196,68.096539,4.247313,0.636313,3.870428,-348.543235,-97.546612,-32.401759,-97.546612,-276.399822,-125.242941,-32.401759,-125.242941,1035.654834
0.396854,-0.083778,0.91405,-0.412972,0.873045,0.25932,-0.819732,-0.480389,0.311873,537.878722,71.537274,-593.1385720000001,95.863938,1.847237,1.253632,4.182304,-151.506347,105.780031,-147.165491,105.780031,-442.60628,-11.158593,-147.165491,-11.158593,1054.043008
0.441116,-0.307469,0.843137,-0.218654,0.874349,0.433248,-0.870406,-0.375468,0.31846,525.020821,10.716913,-247.420327,77.937686,2.045464,1.246692,4.305134,-345.889981,-33.149255,-357.933606,-33.149255,-332.82949,70.826465,-357.933606,70.826465,1390.851003
0.234541,0.585016,0.776368,-0.805326,-0.330379,0.492239,0.544464,-0.740679,0.393641,192.104436,45.803832,-347.393748,119.303767,2.135862,1.166207,2.507705,1.980425,-12.178914,-5.708607,-12.178914,-211.398866,70.956117,-5.708607,70.956117,976.264053
-0.539671,-0.262704,-0.799839,0.812317,0.087055,-0.576683,0.221127,-0.960941,0.166418,290.558203,31.758112,-503.075533,72.782732,5.33707,1.4036,2.915415,78.630508,154.200716,-37.812672,154.200716,-457.471803,-50.503099,-37.812672,-50.503099,783.240514
0.411498,-0.747215,-0.521861,0.835117,0.079795,0.544254,-0.365033,-0.659774,0.656848,-89.939091,188.546786,-574.9493170000001,71.087249,3.90599,0.854166,3.646942,-829.98028,346.594398,-199.434675,346.594398,-35.367711,4.96475,-199.434675,4.96475,894.068374
-0.517394,0.547576,0.65762,-0.746333,0.087238,-0.659831,-0.418677,-0.832196,0.363537,461.649936,246.363631,-588.271493,65.386006,0.78372,1.198734,3.607716,-674.362992,-147.712998,121.534903,-147.712998,-669.020137,-172.87503,121.534903,-172.87503,978.385749
-0.35006,0.723348,0.595168,-0.783667,0.121915,-0.609101,-0.513151,-0.679635,0.524186,118.63304,-202.180463,-371.113761,75.084259,0.77383,1.019037,3.788311,-136.173005,-21.588982,20.57673,-21.588982,-206.775723,-10.42982,20.57673,-10.42982,920.419011
0.474949,0.678827,-0.560015,-0.27245,0.718531,0.639909,0.836776,-0.151348,0.526212,4.642877,466.452209,-396.128292,104.103551,3.860506,1.016656,1.749733,100.321074,-93.721029,32.746601,-93.721029,-239.992872,-212.367882,32.746601,-212.367882,968.864989
-0.571465,0.645388,0.506854,-0.741728,-0.670473,0.017448,0.351093,-0.365977,0.861855,-223.186852,-344.252142,-571.390312,96.234083,1.605207,0.53188,2.376948,-173.561582,48.955831,12.662834,48.955831,148.536873,83.193667,12.662834,83.193667,739.981987
0.342818,0.745557,-0.571507,-0.41467,0.665995,0.620081,0.842926,0.024412,0.537475,89.144821,-136.859529,-349.64886,83.774354,3.88625,1.003356,1.541844,-402.591229,-64.263748,-68.005001,-64.263748,-129.523626,52.784665,-68.005001,52.784665,978.680767
0.612148,-0.459104,-0.643815,0.737766,0.038599,0.673952,-0.284563,-0.887544,0.362339,-305.812425,-232.242414,-413.682188,120.339893,3.904125,1.20002,3.451857,40.471804,-37.757044,76.401922,-37.757044,50.183984,27.180148,76.401922,27.180148,836.674054
0.724845,0.073836,-0.684944,0.676333,0.112858,0.727898,0.131046,-0.990864,0.031867,-9.943923,303.730165,-370.7774,73.268151,3.896597,1.538924,3.010101,-634.887552,81.842311,-26.225487,81.842311,-457.91004,-16.027851,-26.225487,-16.027851,1197.51484
-0.503079,0.157711,-0.849728,0.580361,0.790187,-0.196941,0.640385,-0.592226,-0.489056,551.887631,-317.311245,-347.284811,83.533625,4.940137,2.081804,2.317144,-68.843596,261.520175,29.083252,261.520175,-243.52917,-39.627106,29.083252,-39.627106,992.209524
0.361453,-0.544395,0.756958,-0.194035,0.750154,0.632155,-0.911977,-0.375371,0.165514,-22.730887,202.911551,-480.605766,94.116003,2.266591,1.404517,4.321922,-175.684274,-116.97739,-22.264129,-116.97739,-75.946859,-1.993881,-22.264129,-1.993881,1001.090224
0.033172,0.860232,-0.508823,-0.159337,0.507143,0.847005,0.986667,0.052977,0.15389,408.342108,482.237476,-525.337516,98.577172,3.68255,1.416293,1.517155,-137.278436,-54.393839,81.307203,-54.393839,-189.374267,-208.921766,81.307203,-208.921766,1142.81442
0.025923,0.166046,-0.985777,-0.152126,0.975279,0.160277,0.988021,0.145807,0.050542,155.891134,11.631669,-326.557078,104.637887,4.55121,1.520233,1.424279,62.017867,-21.295329,200.650165,-21.295329,-218.387742,-96.605775,200.650165,-96.605775,1276.082673
-0.098509,-0.657474,0.74701,-0.356,0.724266,0.59051,-0.929279,-0.207765,-0.305408,-23.324866,-328.873253,-537.570439,100.337465,2.239717,1.881163,4.49243,-206.680649,52.847661,101.071257,52.847661,-153.063016,142.361134,101.071257,142.361134,1023.682841
0.493852,-0.651945,0.575393,0.190209,0.726685,0.660113,-0.848487,-0.216553,0.482881,326.558667,201.040305,-533.0422189999999,85.412858,2.424658,1.066855,4.462501,-153.812299,178.146761,-55.865876,178.146761,-115.83121,20.388695,-55.865876,20.388695,785.608456
-0.383237,0.707113,-0.594239,-0.678438,0.221075,0.700605,0.626779,0.671653,0.395008,213.453291,-82.326456,-328.63472,98.736628,3.845029,1.16472,0.750852,69.059326,77.080132,-64.362527,77.080132,87.012506,-29.061858,-64.362527,-29.061858,957.332791
0.790135,0.06613,-0.609355,0.542727,0.386519,0.745688,0.284839,-0.919908,0.269512,-287.246473,12.000473,-277.95937000000004,71.010094,3.826717,1.29791,2.841316,-412.945435,-12.838894,221.040465,-12.838894,-131.112542,-285.281752,221.040465,-285.281752,1160.761838
0.589009,0.645352,0.486404,-0.732388,0.171878,0.658837,0.34158,-0.744297,0.573886,521.796803,-52.341417,-371.317667,86.609036,2.505637,0.959553,2.711338,44.496058,-15.013488,9.275821,-15.013488,-115.882137,-116.543868,9.275821,-116.543868,1030.039584
0.596302,0.78836,0.151367,-0.755003,0.4867,0.439424,0.272754,-0.376312,0.885435,427.211263,-129.583102,-609.414545,75.880756,2.809856,0.483368,2.51441,-1292.140414,59.774858,-21.610475,59.774858,-316.732899,224.01947,-21.610475,224.01947,1122.698565
0.537329,0.422555,0.72988,-0.707107,0.69739,0.116819,-0.459649,-0.578874,0.673519,168.166858,-17.13714,-281.106838,103.341447,1.729502,0.831837,3.812689,103.245693,71.691817,12.649678,71.691817,-29.413468,73.053052,12.649678,73.053052,1075.338381
0.259947,0.961869,0.085062,-0.442153,0.040253,0.896036,0.858445,-0.270532,0.435757,-247.315637,269.201685,-236.114728,83.036099,3.046945,1.119917,1.876086,-140.732669,-28.452796,224.598656,-28.452796,-200.896621,-269.842657,224.598656,-269.842657,1174.932875
0.829851,0.192578,-0.523699,0.348447,0.554199,0.755942,0.435812,-0.8098,0.3928,274.61884,-347.266432,-505.461513,78.225933,3.747454,1.167122,2.647876,-288.059875,-40.521749,-97.408365,-40.521749,-490.845878,13.192997,-97.408365,13.192997,1074.1398
0.193361,0.803485,-0.563048,0.070817,0.560952,0.824814,0.978569,-0.19936,0.051566,-280.768463,-85.743461,-555.829868,87.471108,3.74057,1.519208,1.771772,-330.442678,91.544852,214.579199,91.544852,-93.871069,149.948343,214.579199,149.948343,1074.820691
0.688981,-0.529885,-0.494497,0.633587,0.10902,0.765952,-0.351956,-0.841033,0.410841,-84.030838,-6.126342,-533.477696,85.706579,3.714867,1.14742,3.537928,-489.289954,-128.34725,310.524778,-128.34725,-44.397907,-171.462337,310.524778,-171.462337,1333.169302
0.649759,-0.519674,-0.554754,0.586382,0.807071,-0.069232,0.483704,-0.280314,0.829129,121.270497,126.384153,-247.437017,91.896044,4.836544,0.593249,2.096017,-92.493382,129.415184,-189.135176,129.415184,-226.204393,41.878617,-189.135176,41.878617,944.528131
0.678045,-0.514507,-0.524916,0.553933,-0.11172,0.825032,-0.483128,-0.850177,0.209251,499.317386,328.056632,-498.976349,129.605906,3.708232,1.359987,3.658353,-109.657305,75.991111,93.470893,75.991111,-92.075132,20.408491,93.470893,20.408491,1036.301099
-0.654443,0.599729,-0.460467,-0.570961,0.007264,0.820945,0.495689,0.80017,0.337669,54.276632,97.634478,-430.277025,76.30551,3.652765,1.226357,0.55462,-213.054163,104.450376,261.730759,104.450376,-354.969723,90.373294,261.730759,90.373294,829.241409
-0.582666,-0.464264,0.667053,-0.511875,0.847159,0.142498,-0.631256,-0.258419,-0.731256,-13.193171,462.548678,-418.190272,148.406551,1.781256,2.390958,4.323829,-14.724905,49.222994,-70.208087,49.222994,-81.760098,-55.23953,-70.208087,-55.23953,972.798822
-0.391397,-0.240984,-0.888108,0.879738,0.185122,-0.43794,0.269944,-0.95271,0.139547,-214.443488,-171.92484,-495.895981,78.204947,5.170514,1.430793,2.865486,-450.359155,15.237262,369.2824,15.237262,-37.839253,-176.900093,369.2824,-176.900093,899.240838
0.070956,0.989452,-0.126292,-0.925505,0.112528,0.361633,0.37203,0.091224,0.923727,68.151088,97.38221,-433.730802,84.460544,3.477578,0.393097,1.330335,-629.872712,29.84688,-123.082429,29.84688,-172.938399,175.460989,-123.082429,175.460989,1112.130727
-0.086351,-0.94905,-0.303065,0.709421,-0.272154,0.650118,-0.699475,-0.158862,0.696777,29.581892,260.706326,-240.383432,84.991388,3.57781,0.799902,4.489062,-51.981901,147.817485,-257.117881,147.817485,-187.236424,-12.744804,-257.117881,-12.744804,1008.06821
0.431191,0.461297,0.775422,-0.896525,0.122306,0.425774,0.10157,-0.878776,0.466301,-49.614386,267.932379,-556.918711,73.984462,2.072938,1.085691,3.026522,-395.346344,12.188167,-113.916974,12.188167,-272.382122,-452.022313,-113.916974,-452.022313,970.164477
-0.652787,-0.34093,0.676488,-0.559215,0.819278,-0.126731,-0.511026,-0.461031,-0.725467,288.759436,80.255718,-238.940413,78.788308,1.385606,2.382509,3.978377,-220.196207,196.854286,92.379141,196.854286,-196.999534,100.386603,92.379141,100.386603,1074.804958
0.593843,-0.335169,-0.731445,0.576859,0.811104,0.096667,0.560878,-0.479346,0.675014,310.813797,155.472109,-235.61595,81.386183,4.580991,0.829813,2.277975,-725.810245,-237.951777,-204.57253,-237.951777,-27.809149,-89.671799,-204.57253,-89.671799,765.628324
-0.284193,-0.787682,0.546618,0.720333,0.200836,0.663916,-0.632736,0.582428,0.510317,-265.238882,482.915593,-408.603743,78.441628,2.452791,1.035242,5.456411,-417.601123,-91.336281,234.336834,-91.336281,-282.818952,94.755909,234.336834,94.755909,842.35477
0.410188,-0.853037,-0.322605,0.576884,-0.031286,0.816227,-0.706365,-0.520912,0.47927,456.213985,373.207114,-581.978465,65.937748,3.517988,1.070974,4.076966,66.367265,87.95245,-100.602,87.95245,-256.998348,117.782531,-100.602,117.782531,616.317555
-0.340113,-0.07456,-0.937424,0.862597,0.372251,-0.342573,0.374499,-0.925133,-0.062292,263.585636,-428.215407,-346.555892,67.099639,5.062752,1.633129,2.75695,-568.382086,32.374216,-73.452552,32.374216,-218.115368,-64.013963,-73.452552,-64.013963,998.896438
-0.624239,0.711507,-0.322619,-0.457681,0.001607,0.889115,0.63313,0.702677,0.32464,-165.269221,-431.367727,-259.330771,121.403597,3.489673,1.240165,0.733381,-78.523559,-87.180975,141.63835,-87.180975,-42.868936,85.474285,141.63835,85.474285,695.032955
0.268275,0.806097,0.527481,-0.791868,-0.127297,0.597278,0.548611,-0.57793,0.604172,271.522021,62.205427,-532.854886,86.574802,2.41817,0.92207,2.382215,65.450104,209.214679,6.86647,209.214679,-296.73193,61.975058,6.86647,61.975058,876.858919
-0.201312,-0.895686,0.396509,0.654726,0.178043,0.734598,-0.728566,0.407488,0.550587,325.913021,-240.96895,-246.927531,96.40763,2.646643,0.98773,5.222346,-296.588893,-197.465081,86.914795,-197.465081,-223.041043,-0.261417,86.914795,-0.261417,853.049441
0.262357,0.56856,0.779685,-0.793315,0.58709,-0.161173,-0.549382,-0.576251,0.605074,-149.281113,-411.276022,-434.240447,92.417922,1.366952,0.920937,3.903125,-278.066543,-104.123201,96.45034,-104.123201,-182.5036,79.69551,96.45034,79.69551,953.243873
0.21194,0.925545,-0.313763,0.242541,0.261198,0.934318,0.946707,-0.27412,-0.169125,352.160057,-192.206636,-477.361214,74.478737,3.46558,1.740738,1.852639,-142.833287,105.46913,19.225442,105.46913,-614.705785,-3.701511,19.225442,-3.701511,1245.401793
-0.205977,0.510046,-0.835121,0.723047,0.654383,0.221327,0.659376,-0.558243,-0.503575,5.906769,59.182371,-228.138483,75.053163,4.453321,2.098528,2.273327,-208.119449,32.711148,-141.695821,32.711148,16.207576,-222.46517,-141.695821,-222.46517,1047.393953
0.829207,-0.479412,-0.287366,0.376231,0.098519,0.921273,-0.413359,-0.872042,0.262063,194.919737,67.93951,-352.204675,98.313081,3.443951,1.305637,3.584235,-319.760135,61.662927,69.591666,61.662927,-361.194066,-76.272337,69.591666,-76.272337,1058.866033
0.296876,-0.195651,-0.934658,0.667391,0.742557,0.056545,0.682974,-0.640569,0.351024,251.442313,-65.81075,-491.957463,84.126671,4.651964,1.212132,2.324167,-343.471706,67.845982,-36.402025,67.845982,49.001235,46.819929,-36.402025,46.819929,922.71468
0.663593,-0.205857,-0.719213,0.274474,0.961345,-0.021914,0.695923,-0.182863,0.694444,494.831927,-105.83368,-534.226436,125.896804,4.742849,0.80315,1.827751,0.276556,30.515741,-41.124918,30.515741,-142.096198,53.85393,-41.124918,53.85393,1097.88602
0.357305,-0.175363,-0.917377,0.291512,0.954087,-0.068841,0.88733,-0.242829,0.39202,-115.614645,-284.741545,-487.016524,133.474576,4.78729,1.16797,1.837919,-285.271952,-30.651855,153.322472,-30.651855,-43.233103,-3.91834,153.322472,-3.91834,973.180535
0.141107,0.273163,0.951562,-0.852638,0.521978,-0.023406,-0.503088,-0.808035,0.306564,-104.09694,-310.779288,-250.209931,84.029888,1.546204,1.259216,3.698469,193.127972,34.883449,-18.748803,34.883449,-315.079439,-218.922508,-18.748803,-218.922508,998.641453
-0.105623,-0.876849,0.469019,0.780474,0.219171,0.585512,-0.616201,0.427901,0.661209,556.086475,-202.820101,-225.173187,73.579086,2.466217,0.848367,5.319358,-238.095052,-36.774072,112.830061,-36.774072,122.788644,85.403628,112.830061,85.403628,825.991671
-0.015609,0.130807,-0.991285,0.558614,0.823395,0.099856,0.829281,-0.552187,-0.085923,109.641405,465.667765,-546.071965,95.032584,4.611993,1.656826,2.158242,-311.597342,-2.292054,-54.679291,-2.292054,-55.510128,243.102475,-54.679291,243.102475,840.878063
0.086457,0.267316,0.959723,-0.950554,0.310559,-0.00087,-0.298283,-0.912193,0.280948,568.867545,-157.670153,-532.169567,96.485567,1.56989,1.286015,3.457629,-213.951023,53.104402,-181.483793,53.104402,-264.736515,-329.558231,-181.483793,-329.558231,1074.286136
0.08802,0.929614,0.357868,-0.990791,0.044597,0.127845,0.102887,-0.365826,0.924979,267.437987,54.927021,-255.250457,79.974585,1.913908,0.389817,2.867429,-323.455227,113.314203,266.916804,113.314203,-437.490562,121.839877,266.916804,121.839877,1376.398052
0.441445,-0.896672,-0.03326,0.609183,0.272283,0.74482,-0.658803,-0.349059,0.666436,143.755052,118.86898,-447.001121,79.796244,3.186218,0.841379,4.225157,-381.088708,31.031913,-9.713294,31.031913,-64.454203,19.193854,-9.713294,19.193854,781.090303
-0.047504,0.365053,-0.929774,0.872188,0.468851,0.139521,0.486859,-0.80431,-0.340668,344.082211,-10.697519,-565.44984,114.43853,4.563441,1.918423,2.597276,-12.155761,80.355096,-64.273486,80.355096,-159.999006,-74.417905,-64.273486,-74.417905,793.200909
0.050553,-0.036772,-0.998044,0.441596,0.897151,-0.010687,0.895789,-0.440192,0.061592,-116.653074,-421.012251,-268.27272600000003,95.445712,4.723097,1.509165,2.027541,-333.137212,30.465485,308.35776,30.465485,195.722795,260.595355,308.35776,260.595355,945.903781
0.356838,-0.030587,-0.933665,0.250672,0.965944,0.06416,0.899906,-0.256939,0.352353,-246.842176,-318.736995,-489.598226,80.152994,4.643778,1.210713,1.848914,-272.23962,-131.614965,-59.940395,-131.614965,-185.094418,211.799337,-59.940395,211.799337,959.721405
-0.000475,0.17584,0.984419,-0.98411,0.174709,-0.031682,-0.177558,-0.968791,0.172963,511.138184,-354.556769,-529.969288,83.159122,1.538624,1.396959,3.322858,-577.577178,232.781998,-15.01123,232.781998,-262.386217,-98.308817,-15.01123,-98.308817,1244.842755
0.001078,-0.915849,-0.401522,0.995624,0.038502,-0.085148,0.093442,-0.399674,0.911882,68.765512,-148.05966,-351.535082,87.540835,4.921356,0.422949,2.911923,-676.841079,57.315517,-40.981582,57.315517,-93.529833,-96.031111,-40.981582,-96.031111,1080.812674
-0.514616,0.850298,0.110287,-0.508569,-0.40626,0.759151,0.69031,0.334582,0.641504,-88.715083,201.253454,-599.5841849999999,80.303353,2.997325,0.87434,1.119477,-148.569548,22.499166,-196.827816,22.499166,-275.202876,-179.140316,-196.827816,-179.140316,861.310376
-0.132108,0.316924,0.939205,-0.928553,0.292027,-0.22915,-0.346897,-0.902374,0.255701,-308.080192,-245.81321,-396.102105,118.000834,1.331488,1.312223,3.508602,-23.806116,-88.081262,-215.531187,-88.081262,163.238124,-90.957248,-215.531187,-90.957248,659.289177
-0.204728,0.199169,0.958341,-0.588952,0.756949,-0.28313,-0.781807,-0.622382,-0.037668,152.505129,453.235075,-425.302252,77.620135,1.28353,1.608473,4.040042,-585.299078,204.482886,53.7038,204.482886,-112.612353,123.017044,53.7038,123.017044,1235.217532
-0.683655,0.652009,0.327872,-0.573256,-0.757795,0.311647,0.451656,0.025104,0.891839,451.150037,267.324828,-280.257569,80.056558,2.330829,0.469402,1.515271,-652.701003,129.96795,-160.514211,129.96795,-131.499558,106.404749,-160.514211,106.404749,980.997383
0.458122,0.676702,-0.576367,0.37952,0.437432,0.815241,0.803796,-0.592223,-0.056424,-4.98834,206.180899,-236.510912,73.06558,3.756994,1.627251,2.205784,620.26112,47.082317,60.09793,47.082317,-480.199291,2.951543,60.09793,2.951543,1066.804654
-0.697864,0.507568,-0.505331,-0.452821,0.233971,0.860355,0.554922,0.829236,0.066557,-248.85813,172.218896,-561.435014,72.291562,3.67266,1.50419,0.589752,-359.973197,12.370605,253.070648,12.370605,-259.202172,87.310356,253.070648,87.310356,742.691197
-0.740247,-0.330954,-0.585238,0.418775,0.454021,-0.786443,0.525987,-0.827245,-0.197493,188.176815,-138.796543,-910.115886,67.209081,5.643433,1.769596,2.575243,-281.470292,104.916711,35.545673,104.916711,-330.93402,-77.801546,35.545673,-77.801546,913.275118
0.802604,0.585719,0.11296,-0.447285,0.465641,0.763619,0.394667,-0.663409,0.635709,371.46436,322.918191,-963.166689,75.387853,2.994731,0.88187,2.604926,-213.350471,136.435588,0.963973,136.435588,-511.167611,60.754027,0.963973,60.754027,880.975946
0.713753,-0.164868,0.680717,-0.219055,0.870596,0.440542,-0.66526,-0.463552,0.585276,441.476702,174.934665,-632.782665,74.193963,2.145182,0.945576,4.103815,-266.971481,-30.438801,-459.798272,-30.438801,181.572526,104.604513,-459.798272,104.604513,1050.449834
0.160953,-0.983708,0.080075,0.031033,0.086136,0.9958,-0.986474,-0.157792,0.044391,289.028639,-44.479841,-744.43987,130.003931,3.061353,1.526391,4.553777,-231.782432,-58.338515,-155.225652,-58.338515,-242.024506,39.529387,-155.225652,39.529387,1348.78975
0.558287,-0.829646,0.001909,0.743537,0.501361,0.442482,-0.36806,-0.245613,0.896775,517.8627,456.233507,-823.354017,95.299684,3.137279,0.458369,4.123937,-277.505534,22.400598,-23.179422,22.400598,-174.268368,136.142632,-23.179422,136.142632,1307.583421
0.730492,0.474467,-0.491184,-0.454319,0.874625,0.169193,0.509878,0.09956,0.854466,320.314638,107.214334,-918.798407,62.139074,4.380659,0.546275,1.37796,-688.431071,-386.012229,-342.796066,-386.012229,-107.959917,107.362952,-342.796066,107.362952,1078.002942
0.073832,0.822494,0.563961,-0.8023,-0.286899,0.523454,0.592338,-0.491113,0.638705,542.303418,-231.538854,-936.58778,99.400954,2.318961,0.877983,2.263037,-83.552997,-159.92451,-119.967571,-159.92451,-157.6874,-72.352562,-119.967571,-72.352562,976.312177
-0.00654,0.831719,0.555158,-0.982358,0.098417,-0.159017,-0.186895,-0.546404,0.816403,301.022999,-417.495367,-928.075194,74.966417,1.291829,0.615642,3.471163,-0.961367,98.216477,65.106346,98.216477,-412.886894,-13.093374,65.106346,-13.093374,1014.672961
-0.494946,-0.537108,-0.68304,0.739704,0.15201,-0.655539,0.455924,-0.829703,0.322064,-158.287085,43.698714,-837.068445,106.932216,5.477245,1.242887,2.639131,-145.388226,-137.132091,-81.242324,-137.132091,-27.699245,-60.756933,-81.242324,-60.756933,991.704768
0.5559,0.105503,-0.824527,0.25299,0.923383,0.28872,0.791815,-0.369096,0.486618,92.708802,43.320929,-799.651264,73.700748,4.375568,1.062582,2.006991,-500.487894,-63.214433,246.978926,-63.214433,-415.102782,33.68534,246.978926,33.68534,822.448548
-0.74639,0.59324,-0.301609,-0.488827,-0.181164,0.853363,0.451609,0.784376,0.425211,-39.043207,97.299541,-976.593029,87.584713,3.481325,1.131602,0.522402,82.442251,-24.168976,261.292477,-24.168976,-19.879177,-170.479693,261.292477,-170.479693,969.629334
0.097225,-0.368796,-0.924412,0.957556,0.2879,-0.014147,0.271355,-0.8838,0.381134,528.973825,467.646446,-805.308628,98.0719,4.727692,1.179774,2.843697,18.23801,-259.64871,7.665763,-259.64871,-322.614305,-14.399661,7.665763,-14.399661,1060.670466
0.086895,0.543391,0.83497,-0.749791,0.587534,-0.304331,-0.655944,-0.599608,0.458483,4.80687,-379.30523,-836.149981,175.557159,1.221279,1.094509,3.97183,-298.997546,-0.827511,87.636807,-0.827511,-13.875942,71.449109,87.636807,71.449109,1026.869224
0.408393,0.15589,0.899396,-0.310935,0.950141,-0.023498,-0.858216,-0.270058,0.436503,-164.114906,-176.174939,-909.659187,78.20956,1.544676,1.119088,4.407525,-513.355911,82.563891,137.525115,82.563891,-369.030028,193.931073,137.525115,193.931073,1111.967645
0.488974,-0.274746,-0.8279,0.852396,-0.051088,0.520395,-0.185272,-0.960159,0.209211,88.915842,-355.263143,-990.560734,88.910174,4.151225,1.360028,3.332209,-673.162034,187.091891,319.478881,187.091891,-245.159474,52.482988,319.478881,52.482988,1119.124246
-0.551803,0.557767,-0.620008,0.574511,0.793129,0.202197,0.604525,-0.244629,-0.758094,-242.590824,209.790367,-981.518776,70.823242,4.397144,2.431182,1.955316,-436.327054,-87.177524,-54.833501,-87.177524,-84.922903,61.332686,-54.833501,61.332686,832.010035
-0.10498,0.75594,0.646168,-0.74803,-0.488183,0.449587,0.655309,-0.436156,0.616715,-205.58662,-305.85884,-955.325597,151.87842,2.17868,0.906233,2.158041,-119.358179,-47.174359,-36.688866,-47.174359,-99.91674,-48.278162,-36.688866,-48.278162,807.461048
0.674138,-0.546282,0.497106,-0.49078,0.171665,0.854205,-0.551973,-0.819821,-0.152378,119.650801,-177.164134,-886.392593,69.521764,2.61455,1.723771,3.734162,-21.506988,-170.675905,106.54358,-170.675905,-609.715781,-10.972612,106.54358,-10.972612,1178.193952
0.192429,0.774973,-0.601986,-0.74571,0.514241,0.423642,0.637877,0.367386,0.67686,-335.06981,-77.742957,-721.796904,69.759503,4.099157,0.827307,1.048247,-53.763875,-61.136419,34.931863,-61.136419,0.754354,-228.661152,34.931863,-228.661152,503.18351
-0.564711,0.785388,0.253508,-0.38584,-0.522787,0.760145,0.72954,0.331449,0.598258,408.113465,120.886671,-951.404696,109.197226,2.819693,0.929471,1.14435,-139.547692,89.601301,3.336104,89.601301,-119.291466,-76.414116,3.336104,-76.414116,975.089274
-0.459153,0.814757,0.354047,-0.385087,-0.541695,0.747178,0.800554,0.20673,0.562473,217.648624,101.935522,-776.221,96.956432,2.699087,0.973422,1.318083,-346.760278,50.737387,24.764164,50.737387,-22.307985,153.085642,24.764164,153.085642,944.825629
0.221675,0.383953,-0.896348,-0.121693,0.922925,0.365241,0.967497,0.028114,0.251313,404.596511,177.467963,-728.695019,91.754304,4.325454,1.316759,1.541746,-217.008212,222.873205,205.180354,222.873205,-264.188699,97.480384,205.180354,97.480384,1187.852806
-0.262679,0.304117,-0.915703,-0.291715,0.879587,0.375804,0.91973,0.36584,-0.142333,-154.718987,73.314298,-855.257801,96.680107,4.32295,1.713615,1.192215,-271.170382,69.176342,-172.055726,69.176342,-109.330006,-16.047514,-172.055726,-16.047514,1154.795427
-0.431477,0.23314,0.871477,-0.888482,-0.277183,-0.365744,0.156289,-0.932103,0.326739,-106.317688,-193.233706,-756.313454,81.920774,1.173438,1.237945,2.975464,-244.548804,-4.493117,97.150733,-4.493117,-515.048383,-50.917274,97.150733,-50.917274,1277.262053
-0.710748,-0.562936,-0.42183,0.505214,-0.825763,0.250746,-0.489486,-0.034897,0.871313,-179.803928,190.907944,-688.892119,101.261514,4.17608,0.512925,4.641215,69.805304,-90.214007,-8.711424,-90.214007,-127.374101,-22.129841,-8.711424,-22.129841,989.35556
0.155193,-0.761941,-0.628777,0.8564,-0.213508,0.470099,-0.492437,-0.611441,0.619391,141.312412,-251.702976,-899.818011,95.207129,4.0704,0.902829,3.819601,-165.341116,58.243966,-19.847425,58.243966,-60.239942,120.229369,-19.847425,120.229369,911.896645
0.442881,0.000682,-0.89658,0.81425,0.418289,0.402531,0.375304,-0.908314,0.184697,301.874781,-378.816783,-789.477863,83.415962,4.290398,1.385033,2.74977,-159.713836,92.310194,238.187774,92.310194,-304.710635,-242.686582,238.187774,-242.686582,1245.33997
0.518718,0.715455,-0.468034,-0.411089,0.688728,0.59721,0.749624,-0.11738,0.651372,-322.401035,232.939491,-905.161887,147.391922,3.806316,0.861405,1.72612,-61.828499,-19.952338,46.280277,-19.952338,-12.989118,-20.185048,46.280277,-20.185048,806.824701
0.243019,0.454519,-0.856945,-0.29414,0.876363,0.381404,0.92435,0.159373,0.346666,530.257464,-257.918521,-698.840935,121.430078,4.293639,1.216782,1.400058,-221.718527,25.550792,116.300244,25.550792,-454.763242,12.268761,116.300244,12.268761,1095.935146
0.786242,0.28126,0.550197,-0.355904,0.934004,0.031133,-0.50513,-0.220295,0.834454,491.488687,349.445789,-750.164105,70.788194,1.627321,0.583654,4.30114,-462.111548,-0.952248,491.690784,-0.952248,61.014356,-236.216549,491.690784,-236.216549,925.527764
0.183183,0.454633,-0.871638,0.788865,0.461106,0.406293,0.586632,-0.76203,-0.274177,512.045031,-33.87256,-736.724304,76.018521,4.276206,1.84853,2.485523,219.977452,120.249527,38.207973,120.249527,-317.326296,-236.469747,38.207973,-236.469747,1137.76136
0.109254,0.515298,-0.850019,0.759398,0.508508,0.405874,0.641387,-0.689846,-0.33576,-45.041355,223.863309,-652.469369,130.308932,4.266912,1.913208,2.39258,-51.976297,73.953481,-51.756222,73.953481,-17.440825,-22.253025,-51.756222,-22.253025,880.444904
0.716217,0.653897,0.243829,-0.551548,0.316303,0.771847,0.427584,-0.687293,0.587197,115.694278,425.362686,-651.692622,71.464008,2.835611,0.943205,2.585061,-563.246456,81.219954,97.210852,81.219954,-47.479533,-209.039699,97.210852,-209.039699,1051.161115
-0.13925,-0.795137,0.590225,-0.270937,0.603882,0.749613,-0.952472,-0.05553,-0.299523,221.001188,-114.50073,-959.872196,84.9642,2.474599,1.874989,4.654154,-32.826292,22.784888,-138.253287,22.784888,-586.505289,360.390086,-138.253287,360.390086,1049.380826
0.45199,0.526798,0.719853,-0.749879,-0.212653,0.626466,0.4831,-0.822959,0.298918,-163.309212,376.283396,-657.5586969999999,103.820557,2.286941,1.267238,2.610766,-166.957966,-234.213057,45.517144,-234.213057,-216.771765,-75.888619,45.517144,-75.888619,956.761721
0.686676,-0.513882,-0.5142,0.681346,0.208325,0.70169,-0.253464,-0.832182,0.493183,-297.111713,79.10204,-722.499809,81.209177,3.773996,1.055051,3.437244,150.488337,-37.152783,-80.027565,-37.152783,10.369696,182.849622,-80.027565,182.849622,974.110034
-0.778071,-0.042522,-0.626736,0.61966,0.111779,-0.77687,0.103089,-0.992823,-0.060623,-197.309069,-193.668707,-657.902633,80.203554,5.604345,1.631456,3.038129,-232.591103,-15.215495,-25.95694,-15.215495,-359.958729,-211.289737,-25.95694,-211.289737,1395.543997
0.552172,-0.753803,0.356212,0.387651,0.610384,0.690766,-0.738128,-0.243336,0.629249,291.012606,242.267826,-835.478363,99.650187,2.665482,0.890209,4.393943,-143.470487,164.934568,-65.964762,164.934568,-134.858322,45.455807,-65.964762,45.455807,909.759927
0.737569,-0.166554,0.654409,-0.368164,0.713217,0.596471,-0.56608,-0.680869,0.464727,319.054519,-46.808039,-752.272001,140.717723,2.309909,1.08747,3.835194,-52.129148,26.324968,35.046419,26.324968,-64.738755,170.465141,35.046419,170.465141,979.870621
-0.684271,-0.577321,0.445505,0.571186,-0.044524,0.819613,-0.453344,0.815303,0.360223,-240.150031,-107.624865,-657.750633,76.672397,2.643711,1.202289,5.775714,75.999916,181.018851,166.720017,181.018851,-250.011588,61.480399,166.720017,61.480399,698.083743
-0.096531,0.60104,0.793368,-0.951567,-0.289484,0.103528,0.291892,-0.74495,0.599874,-102.343972,-273.944248,-750.987789,91.396545,1.700555,0.927453,2.768151,-234.678365,-6.679367,-188.779065,-6.679367,-298.660365,-58.118936,-188.779065,-58.118936,944.128256
-0.642801,0.765247,-0.034701,-0.763603,-0.636498,0.10854,0.060973,0.096267,0.993486,-293.209019,-444.631523,-918.56969,81.948209,3.451029,0.1142,0.564596,-524.775368,149.083696,-35.901404,149.083696,-383.677534,31.783683,-35.901404,31.783683,844.805935
0.318842,-0.682701,0.657465,-0.649198,0.348097,0.676292,-0.690566,-0.642455,-0.33222,18.155342,166.589714,-756.372075,125.0368,2.370309,1.909452,3.963067,-89.845915,41.700415,18.927424,41.700415,11.62488,27.237599,18.927424,27.237599,875.401285
0.324,0.608213,-0.724638,0.70324,0.357526,0.614515,0.632833,-0.708697,-0.311882,-114.574288,-404.662064,-683.6820720000001,73.014406,4.009039,1.887969,2.412685,-816.237001,33.764018,160.767841,33.764018,26.589784,-129.6785,160.767841,-129.6785,716.330752
0.724142,0.53465,0.435623,-0.6216,0.232398,0.748067,0.298716,-0.81249,0.500628,-282.9997,386.565067,-975.822281,87.165543,2.614266,1.046472,2.789277,-46.807569,134.492192,-1.833077,134.492192,51.062285,-16.861308,-1.833077,-16.861308,855.23547
-0.746493,-0.457993,-0.482691,0.642854,-0.3092,-0.700809,0.171718,-0.833449,0.525238,530.697084,408.950264,-975.410889,80.573776,5.680041,1.017801,2.938403,92.619873,88.910523,74.827704,88.910523,-275.822972,-0.003816,74.827704,-0.003816,1198.096752
-0.449997,-0.886425,-0.108411,0.432579,-0.322568,0.841918,-0.781267,0.331964,0.528603,-158.071184,513.288999,-877.407339,72.237533,3.269655,1.013842,5.114179,-370.997045,-215.548026,-46.73241,-215.548026,-213.032365,36.959533,-46.73241,36.959533,1069.063051
-0.674573,0.401275,0.619621,-0.68512,-0.652864,-0.323078,0.274885,-0.642454,0.715326,-310.804272,435.248303,-887.29533,80.032083,1.090166,0.773706,2.737296,-627.474568,-85.336624,-81.275008,-85.336624,-1.357833,134.162382,-81.275008,134.162382,697.344579
0.444876,-0.123787,0.886996,-0.436188,0.835049,0.33531,-0.782192,-0.536069,0.317499,49.848666,484.730194,-722.604924,80.13392,1.932219,1.247705,4.111569,-632.654656,69.625961,254.96579,69.625961,53.529147,62.744933,254.96579,62.744933,1005.698343
-0.681433,0.059888,-0.729426,0.603809,0.609225,-0.514062,0.413598,-0.790733,-0.451307,125.025621,-125.80362,-823.418107,85.101182,5.326295,2.039026,2.65967,-89.678879,-165.292813,125.089172,-165.292813,-155.710666,-104.862455,125.089172,-104.862455,972.638671
-0.654458,-0.349188,-0.670636,0.674527,0.1311,-0.726517,0.341611,-0.927837,0.149737,-145.426656,-55.961499,-859.615911,75.747012,5.537762,1.420494,2.788814,-426.476175,62.652015,27.232599,62.652015,-270.873456,-118.597272,27.232599,-118.597272,1327.531902
-0.756144,-0.182349,0.628486,-0.473202,0.81574,-0.332639,-0.452024,-0.548924,-0.703105,-30.050669,-299.657119,-672.930585,107.154602,1.084007,2.350551,3.830484,-258.097679,19.252105,40.391466,19.252105,76.436038,-79.896629,40.391466,-79.896629,798.694079
0.736758,0.140599,0.661377,-0.66051,0.358859,0.659504,-0.144616,-0.922742,0.357259,141.357168,-311.033971,-630.579763,91.189951,2.354777,1.205465,3.297052,-143.653138,139.489712,-70.177249,139.489712,-635.290681,13.113807,-70.177249,13.113807,1093.993058
-0.021273,-0.216421,-0.976068,0.998693,0.040772,-0.030806,0.046464,-0.975448,0.215271,81.847921,-161.827544,-648.86319,67.398888,4.74394,1.353827,3.093996,-299.805485,63.171427,304.367919,63.171427,-538.47396,22.42389,304.367919,22.42389,1242.820773
-0.458159,0.650084,0.606202,-0.818774,-0.043203,-0.572488,-0.345976,-0.758633,0.552066,-62.579005,478.166275,-674.476995,87.1674,0.813993,0.985957,3.569467,-152.491298,-93.446054,-180.479898,-93.446054,-189.20329,11.714604,-180.479898,11.714604,941.602539
0.631492,0.491605,0.599619,-0.630874,0.775353,0.028726,-0.450795,-0.396424,0.79977,506.851001,220.142415,-678.703927,128.783679,1.618667,0.643885,3.991078,25.772872,26.479947,94.949802,26.479947,-21.842679,3.646795,94.949802,3.646795,1250.076961
0.227692,0.568944,0.790227,-0.814571,-0.333352,0.474712,0.533508,-0.751784,0.387544,96.763676,-213.147269,-750.896645,77.204208,2.111751,1.172831,2.524415,-52.466092,-82.759157,-126.00466,-82.759157,-263.152771,102.206764,-126.00466,102.206764,863.343876
-0.453058,-0.494909,-0.741487,0.726868,0.276482,-0.628665,0.51614,-0.823785,0.234472,499.893756,-57.788103,-879.347544,148.1162,5.41563,1.334121,2.581881,-55.802354,-10.698875,88.248075,-10.698875,-109.358871,-132.396043,88.248075,-132.396043,946.894686
-0.263753,-0.653765,0.709243,-0.668782,0.653797,0.353949,-0.695101,-0.380974,-0.609667,-337.659823,425.490386,-861.917511,99.299989,2.033686,2.226437,4.211018,-413.8633,-88.939951,169.778072,-88.939951,49.034245,205.265889,169.778072,205.265889,740.001047
-0.22543,-0.25506,0.940279,-0.933862,0.331603,-0.133941,-0.277637,-0.908286,-0.312945,-278.288569,-229.093086,-750.046633,102.451125,1.4293,1.889088,3.438244,-525.930309,-258.897756,-84.064988,-258.897756,-47.056415,161.008538,-84.064988,161.008538,995.161351
-0.752051,0.650226,-0.107823,-0.636362,-0.673717,0.375697,0.171646,0.351158,0.920449,-201.18588,-262.947135,-933.045451,101.724455,3.421075,0.401569,0.454648,-206.227545,132.030392,-46.303127,132.030392,-244.462399,23.016187,-46.303127,23.016187,1057.465139
0.119571,0.932559,-0.340642,-0.866991,0.265259,0.421858,0.483766,0.244892,0.840237,257.958573,107.827927,-701.830429,82.090476,3.820879,0.573075,1.102185,-243.183677,-91.572833,-148.161456,-91.572833,-326.500261,214.891878,-148.161456,214.891878,959.957193
0.523006,0.525915,-0.670729,0.2629,0.649027,0.713896,0.81077,-0.549707,0.201182,35.349088,335.662185,-942.443208,107.302458,3.895825,1.368232,2.166608,-264.262979,-26.675206,-16.17253,-26.675206,-205.940021,58.587563,-16.17253,58.587563,882.998466
-0.533069,0.299132,0.791427,-0.444973,0.696476,-0.562957,-0.719609,-0.652259,-0.238164,366.208446,-370.731753,-868.20312,75.464857,0.952514,1.811271,3.976045,32.77,117.928462,161.090278,117.928462,-518.442717,137.428571,161.090278,137.428571,964.351252
0.22253,0.758254,-0.612806,0.604182,0.386055,0.697083,0.765143,-0.525368,-0.372215,511.599928,-355.688994,-909.214161,120.544169,3.86274,1.952191,2.172491,-196.712816,135.160013,69.632346,135.160013,-76.497752,146.378874,69.632346,146.378874,1020.216028
0.306697,-0.607114,-0.733041,0.658915,0.691198,-0.296775,0.686853,-0.391992,0.612025,-128.961149,233.943049,-964.976158,94.93975,5.097074,0.912177,2.089398,59.281913,-54.955422,81.063525,-54.955422,104.671601,-60.338369,81.063525,-60.338369,1025.562044
0.521915,0.843867,0.124473,-0.61558,0.271603,0.739793,0.590479,-0.462732,0.661221,314.21478,375.000511,-918.753205,80.334579,2.974901,0.848351,2.235491,-412.617589,103.306552,-50.064393,103.306552,-192.638212,-93.771963,-50.064393,-93.771963,915.731929
-0.478118,0.588755,-0.651744,-0.564898,0.362068,0.741483,0.672528,0.722685,0.159475,439.638225,-392.802152,-757.39163,94.245727,3.862669,1.410637,0.749464,-532.133171,25.444329,94.707542,25.444329,-90.314011,-60.505882,94.707542,-60.505882,1043.823751
0.611108,0.328566,0.720133,-0.711667,0.626348,0.318149,-0.346521,-0.706918,0.616596,269.582105,-164.260121,-741.075531,73.976216,1.986803,0.906385,3.597358,-300.40742,88.484681,115.37831,88.484681,-404.235654,-35.906214,115.37831,-35.906214,727.63088
0.578377,-0.771533,0.264983,0.563908,0.61285,0.553554,-0.589481,-0.170737,0.789532,-31.933501,501.143955,-631.131979,62.62894,2.695134,0.66075,4.430465,-240.730981,-232.669413,-116.732467,-232.669413,-332.286065,121.025719,-116.732467,121.025719,1044.435847
0.476254,0.500932,0.722668,-0.608645,0.780954,-0.140224,-0.634613,-0.373066,0.676822,199.277973,-372.731545,-823.986701,102.574476,1.379141,0.827359,4.180941,-81.86562,-66.800313,75.702848,-66.800313,-117.528829,93.898399,75.702848,93.898399,732.471045
-0.339316,-0.504381,0.794018,-0.770101,0.633681,0.073435,-0.540193,-0.586556,-0.603443,283.743507,226.779722,-629.35073,82.461081,1.66302,2.218608,3.885867,-658.194026,-15.143861,31.055206,-15.143861,44.717082,22.717435,31.055206,22.717435,974.504046
0.520576,0.617023,0.590155,-0.657448,-0.151324,0.738148,0.544759,-0.772259,0.326885,227.041907,306.865097,-772.954103,89.814245,2.467152,1.237791,2.527246,203.82488,67.012907,-410.937093,67.012907,-87.611289,-156.484782,-410.937093,-156.484782,1064.532418
0.625201,0.685293,0.373493,-0.770458,0.618309,0.155206,-0.124572,-0.384795,0.914557,525.811623,56.924175,-681.912555,102.188492,1.964637,0.416385,3.454682,-42.79182,130.098682,97.978515,130.098682,-334.052284,106.172931,97.978515,106.172931,1069.732366
-0.511856,0.675794,0.530382,-0.727587,-0.012774,-0.685896,-0.45675,-0.736979,0.498238,-133.390348,117.206434,-811.375161,77.390539,0.658227,1.049231,3.696414,-394.629067,-68.412057,120.525583,-68.412057,-188.654862,-194.360792,120.525583,-194.360792,805.370616
-0.380703,-0.919376,-0.09906,0.541541,-0.308507,0.782021,-0.749532,0.244073,0.615329,541.984495,-22.197586,-627.520576,60.481563,3.267594,0.907993,5.027194,-331.093253,39.223978,-68.872875,39.223978,-235.156269,-240.711032,-68.872875,-240.711032,908.236735
0.373028,-0.605579,0.702939,0.115771,0.782083,0.612326,-0.920569,-0.147034,0.361848,49.907086,-40.962486,-878.233097,99.542302,2.287409,1.200547,4.554005,-398.52444,22.571388,-128.517884,22.571388,-168.626002,-145.803563,-128.517884,-145.803563,1067.929437
-0.201991,-0.530116,0.823515,-0.648785,0.702317,0.292964,-0.733674,-0.475108,-0.485793,236.909779,-400.700565,-645.827139,72.213674,1.912583,2.078066,4.137721,-500.424958,-120.451504,36.777702,-120.451504,-81.807901,71.768973,36.777702,71.768973,831.087777
0.732942,0.183024,0.655208,-0.680282,0.202126,0.704529,-0.003489,-0.962106,0.272654,354.122205,-398.252794,-690.737594,71.591768,2.392451,1.294645,3.145219,-369.859,151.899098,216.108884,151.899098,-499.949274,15.77619,216.108884,15.77619,1234.25553
0.253359,0.856838,-0.44904,-0.434888,0.51552,0.738317,0.864108,0.008223,0.50324,255.530281,280.910446,-837.542274,136.947943,3.688016,1.043452,1.561281,-94.62957,-15.474738,116.617084,-15.474738,35.990082,-115.655287,116.617084,-115.655287,970.365997
-0.036572,-0.569393,0.821251,-0.170429,0.813316,0.556302,-0.984691,-0.11962,-0.126786,161.584215,-220.848479,-886.656694,74.434672,2.166181,1.697924,4.591501,-680.399666,1.347088,156.89246,1.347088,-156.706625,185.433294,156.89246,185.433294,1022.280073
-0.16233,0.855361,-0.491942,0.466964,0.505787,0.725344,0.869249,-0.111974,-0.481527,473.500857,-2.545329,-977.970163,92.53774,3.737551,2.073192,1.698908,-648.180972,-199.983099,-126.52277,-199.983099,-79.526984,111.334466,-126.52277,111.334466,1202.36868
-0.486715,-0.084801,-0.869435,0.728657,0.509563,-0.457607,0.481837,-0.856245,-0.186221,-16.811915,-230.950208,-729.357947,73.713559,5.196876,1.75811,2.629026,-286.521556,-221.68391,-245.071812,-221.68391,-160.312959,-20.732139,-245.071812,-20.732139,1218.252917
0.561858,0.532425,0.633119,-0.822301,0.442922,0.357269,-0.090204,-0.721349,0.686673,-283.431919,-253.358309,-781.831053,131.426296,2.084552,0.813894,3.265996,-381.683858,-23.585196,0.008686,-23.585196,82.775351,158.285215,0.008686,158.285215,890.97818
0.071008,-0.265209,0.961573,-0.861795,0.469098,0.19302,-0.502262,-0.842384,-0.195246,-172.420768,-280.138157,-713.708923,123.364993,1.768898,1.767304,3.679242,-138.643323,-70.457701,202.538746,-70.457701,-124.834623,-336.937951,202.538746,-336.937951,1137.223797
-0.490042,-0.403534,0.77267,-0.757523,0.63571,-0.14843,-0.431298,-0.658052,-0.617211,448.957238,341.213131,-647.595636,66.419429,1.381008,2.235989,3.721765,-32.102402,128.034814,143.634975,128.034814,-374.564471,-121.39985,143.634975,-121.39985,822.558658
0.072184,-0.41955,0.904857,-0.904059,0.355661,0.237028,-0.421268,-0.835154,-0.353625,401.896261,-379.1034,-923.755598,93.747114,1.826991,1.93224,3.608769,-579.718985,41.232917,-176.314592,41.232917,-394.790108,-3.152024,-176.314592,-3.152024,941.669452
-0.211326,0.197127,-0.957331,0.407113,0.908197,0.097141,0.888594,-0.369214,-0.272179,349.636189,-50.217827,-893.0503180000001,71.216399,4.611264,1.846453,1.964596,-384.755457,27.526174,-275.561976,27.526174,-577.45781,385.406626,-275.561976,385.406626,1347.325763
-0.019559,0.866837,-0.498208,-0.501699,0.422516,0.754836,0.864821,0.264715,0.426628,-7.477221,169.169728,-924.378001,91.212432,3.72498,1.130036,1.27376,-219.09185,138.95106,-307.833753,138.95106,-25.398569,-140.95204,-307.833753,-140.95204,1036.324756
-0.035893,-0.530502,0.846923,-0.222805,0.830387,0.510701,-0.974202,-0.170368,-0.148003,353.631377,-20.785933,-621.643204,80.126647,2.113425,1.719345,4.53926,36.49421,57.598115,-72.726725,57.598115,-211.150407,116.762147,-72.726725,116.762147,1087.403329
-0.299349,-0.388474,0.87148,-0.710014,0.700846,0.068525,-0.637394,-0.59825,-0.485619,-37.381404,-310.008778,-980.996991,77.590975,1.649265,2.077868,3.958659,-258.75807,38.821214,138.164214,38.821214,-87.494099,87.70022,138.164214,87.70022,797.382829
-0.210675,-0.819128,0.533521,0.50516,0.376027,0.776799,-0.836917,0.433166,0.334571,37.198229,52.699734,-696.035807,70.026353,2.539767,1.229646,5.189996,-47.987242,4.91611,69.162272,4.91611,-378.555753,-104.41286,69.162272,-104.41286,732.535837
0.423321,-0.448943,0.786924,0.135765,0.890216,0.434837,-0.895749,-0.077239,0.437798,-47.508967,181.442438,-762.824469,89.524189,2.075617,1.117648,4.626373,-446.625847,110.828306,-159.835195,110.828306,-342.163686,-134.561672,-159.835195,-134.561672,926.734193
-0.411994,-0.605636,-0.680783,0.850837,0.011682,-0.525299,0.326093,-0.795656,0.510485,-212.583083,337.934671,-682.833126,141.129417,5.369578,1.035047,2.752631,36.699948,13.691652,169.929153,13.691652,-107.046747,-56.074001,169.929153,-56.074001,858.90436
-0.423501,-0.620056,-0.660437,0.87565,-0.093382,-0.473832,0.23213,-0.77898,0.5825,-315.69099,420.656796,-705.6666299999999,83.648536,5.334732,0.948996,2.851979,440.98065,251.380247,10.958094,251.380247,-265.363347,-112.796641,10.958094,-112.796641,969.260933
-0.525645,-0.331394,0.783502,-0.671127,0.727509,-0.142543,-0.522767,-0.600757,-0.604819,-295.704799,75.649626,-920.819538,89.093397,1.390834,2.220335,3.857686,-216.783924,-167.616608,99.841018,-167.616608,-45.119781,9.56002,99.841018,9.56002,953.401395
-0.433659,-0.890002,-0.140841,0.898672,-0.438599,0.00452,-0.065795,-0.12461,0.990022,-62.548107,-394.630393,-810.152854,158.836902,4.680309,0.141384,3.627396,-312.457647,6.187512,-55.298352,6.187512,-221.908185,39.095193,-55.298352,39.095193,1228.852652
0.181755,0.947345,0.263632,-0.492526,-0.144342,0.858245,0.851107,-0.285835,0.440357,65.502801,160.905179,-967.136133,92.603337,2.843566,1.1148,1.894801,-281.64323,76.644848,206.689543,76.644848,150.990791,-233.989303,206.689543,-233.989303,962.538779
-0.41528,-0.521151,-0.745616,0.888224,-0.055272,-0.456074,0.196472,-0.851673,0.485852,218.919382,-7.394485,-645.5894089999999,79.443204,5.261348,1.063458,2.91487,-284.793561,-45.184136,126.763322,-45.184136,-303.950234,-72.337304,126.763322,-72.337304,994.080911
0.150935,0.899661,-0.409669,-0.089203,0.425121,0.90073,0.984511,-0.099408,0.144418,518.01763,-240.341969,-943.721146,79.247823,3.568447,1.425872,1.671427,-440.071913,21.647627,183.022376,21.647627,-470.318895,80.448409,183.022376,80.448409,1317.387885
-0.45481,0.842916,-0.287473,-0.702046,-0.140721,0.698089,0.547977,0.519317,0.655767,-22.687414,-132.990467,-806.117263,171.433254,3.532229,0.855598,0.812244,-84.146433,-3.847411,91.795908,-3.847411,-105.630568,-69.902173,91.795908,-69.902173,979.197421
0.461602,-0.708007,-0.534462,0.62011,-0.173293,0.765136,-0.63434,-0.684613,0.35905,-344.47329,-116.0663,-731.503361,70.693667,3.751324,1.203547,3.888893,-376.891693,-20.108364,-22.384798,-20.108364,132.954803,246.190986,-22.384798,246.190986,685.30508
-0.366878,-0.525135,0.767876,-0.623285,0.751526,0.216159,-0.690592,-0.399302,-0.603027,311.440136,424.718889,-972.726107,80.465527,1.845198,2.218087,4.188151,-184.207016,40.312061,-10.504008,40.312061,-321.138772,55.64226,-10.504008,55.64226,891.123778
-0.024027,-0.994814,-0.098828,0.921283,-0.060416,0.384172,-0.388151,-0.081818,0.917957,-215.530768,334.563624,-682.80102,89.28092,3.393381,0.407898,4.504642,-742.250901,160.329305,213.295567,160.329305,-7.922886,40.53116,213.295567,40.53116,985.900216
-0.388271,-0.915804,-0.102704,0.921432,-0.387551,-0.027697,-0.014438,-0.105389,0.994326,230.782493,-165.2909,-629.918815,94.5301,4.975803,0.106575,3.27774,-225.328552,70.658484,1.132164,70.658484,-440.929533,233.395767,1.132164,233.395767,1285.828061
0.00224,-0.363868,0.931448,-0.331893,0.878382,0.343936,-0.943314,-0.309911,-0.118797,-286.136143,-72.231783,-997.044836,74.547247,1.924516,1.689875,4.394964,-596.927204,-7.93722,46.272865,-7.93722,-189.633377,179.711221,46.272865,179.711221,987.596288
0.356014,0.712915,0.604157,-0.920575,0.37868,0.095622,-0.160612,-0.590215,0.791107,-265.172213,177.047626,-790.391163,140.246618,1.727768,0.658179,3.407283,110.7699,-51.31263,116.782384,-51.31263,73.121862,42.965311,116.782384,42.965311,898.860017
0.69649,0.625978,-0.350789,0.229873,0.268454,0.935463,0.67975,-0.732178,0.04308,378.247044,-353.068387,-952.421945,88.069934,3.500355,1.527703,2.39331,-480.396721,-94.259227,-69.990865,-94.259227,-490.543122,3.616465,-69.990865,3.616465,722.251017
-0.340382,0.001928,-0.940285,0.931574,0.136508,-0.336949,0.127707,-0.990637,-0.048261,-335.807053,305.013211,-745.505339,120.539552,5.056481,1.619076,3.013386,-121.11116,-160.023617,-26.625672,-160.023617,-122.656213,-45.175261,-26.625672,-45.175261,1004.0234
-0.211744,-0.837362,0.503974,0.686444,0.239634,0.686564,-0.695672,0.491325,0.524061,451.851755,416.648675,-876.773115,105.296236,2.508376,1.019184,5.327304,-143.029281,-93.354854,192.555005,-93.354854,42.961176,-100.382098,192.555005,-100.382098,947.799723
0.537513,-0.277824,-0.796175,0.509721,0.859198,0.044306,0.671763,-0.429642,0.603443,557.570598,40.352352,-815.586342,94.454408,4.656798,0.922985,2.139807,-395.567431,-159.407275,-107.486587,-159.407275,-81.403766,-179.154206,-107.486587,-179.154206,967.474515
-0.295108,-0.313448,-0.902586,0.954869,-0.130069,-0.267033,-0.033697,-0.940655,0.337687,245.402372,77.025956,-881.246465,72.114702,5.000037,1.226338,3.1774,-240.919825,130.923268,147.622049,130.923268,-271.936671,184.879896,147.622049,184.879896,1409.991209
0.244451,0.941349,0.232604,-0.833901,0.081674,0.545838,0.494826,-0.3274,0.804957,-226.884982,459.749451,-694.172456,107.150392,2.738756,0.635193,2.155315,-259.633303,155.632126,-53.834652,155.632126,54.415268,97.975763,-53.834652,97.975763,1007.556542
-0.359677,-0.230374,0.90419,-0.454909,0.889368,0.04564,-0.814672,-0.394908,-0.424684,35.904571,-25.693224,-701.049496,71.570128,1.621229,2.00941,4.261019,-17.93909,184.813548,189.110996,184.813548,-250.185614,-4.933475,189.110996,-4.933475,687.859682
0.023929,-0.98208,-0.186941,0.589631,-0.137143,0.795944,-0.807318,-0.129273,0.575783,526.052588,300.04627,-976.1233,76.208585,3.372279,0.957235,4.55361,-631.547078,49.843601,-137.400481,49.843601,122.579913,-63.213565,-137.400481,-63.213565,1053.401591
0.146877,0.194457,0.969852,-0.821456,0.570183,0.010082,-0.551032,-0.798172,0.243485,122.17812,-88.621422,-976.908139,68.570858,1.581191,1.324839,3.745825,-451.763895,-459.91025,-231.060221,-459.91025,-263.211293,-38.413129,-231.060221,-38.413129,590.050303
-0.283432,-0.001007,0.958992,-0.893464,0.363583,-0.263683,-0.348407,-0.931561,-0.10395,-88.328819,253.457671,-884.982947,75.700685,1.302468,1.674935,3.499489,-669.510219,-170.418734,114.710762,-170.418734,-357.646893,-274.565518,114.710762,-274.565518,1199.596654
0.124016,0.959664,0.252321,-0.83456,-0.03668,0.549695,0.536778,-0.278748,0.796348,150.674791,417.377539,-809.060833,118.044776,2.711264,0.649564,2.049763,-151.422911,0.291427,25.13681,0.291427,-62.370492,31.818575,25.13681,31.818575,791.293593
-0.050458,-0.099239,-0.993783,0.613569,0.782047,-0.109249,0.788027,-0.615267,0.021429,119.85423,505.105603,-879.850128,74.02199,4.821881,1.549365,2.2337,-878.135973,56.119601,245.235434,56.119601,-69.196933,-76.949138,245.235434,-76.949138,977.202874
-0.412235,0.911001,-0.011779,-0.592887,-0.258424,0.762694,0.691771,0.321393,0.646652,431.139187,424.324661,-983.995225,80.564102,3.157036,0.867609,1.135872,-998.229157,-261.547351,-145.120813,-261.547351,-121.156945,88.431447,-145.120813,88.431447,1059.989102
0.124625,-0.974474,-0.186734,0.491014,-0.102969,0.865045,-0.862191,-0.199495,0.465648,358.358251,134.526336,-973.4232,79.918756,3.354196,1.08643,4.485009,-213.643216,208.81495,56.860396,208.81495,-165.678624,1.629628,56.860396,1.629628,868.411479
-0.330755,0.041945,0.942784,-0.549403,0.803705,-0.228503,-0.767305,-0.593547,-0.242785,-196.798408,193.783888,-675.016365,119.120276,1.333011,1.816032,4.053987,-133.55716,136.249406,148.913702,136.249406,22.275763,4.378294,148.913702,4.378294,822.173778
-0.11827,0.990134,0.07514,-0.913401,-0.138162,0.382897,0.389501,-0.023348,0.92073,-52.786647,466.806234,-667.898614,101.799222,2.947814,0.400849,1.630668,-415.468118,111.132567,58.355938,111.132567,-162.104616,35.432659,58.355938,35.432659,1008.509113
0.126695,-0.983164,-0.13167,0.16551,-0.109926,0.980063,-0.978036,-0.145962,0.148797,-278.352527,102.449288,-945.692481,88.730427,3.275141,1.421445,4.564242,-319.705955,-5.505604,29.305111,-5.505604,-65.802301,-16.955995,29.305111,-16.955995,1086.997959
0.226098,-0.970932,0.078549,0.019683,0.085175,0.996172,-0.973906,-0.223686,0.038369,-8.940786,336.721146,-953.993887,94.072686,3.062904,1.532418,4.486625,-471.213755,4.611116,38.065419,4.611116,-307.901102,5.714788,38.065419,5.714788,852.292877
-0.236121,0.967857,0.086606,-0.367156,-0.17138,0.914235,0.899691,0.184072,0.395821,0.914087,83.137021,-678.7858659999999,71.525828,3.047144,1.163835,1.368987,26.744542,158.033212,135.571893,158.033212,-419.522392,-277.378301,135.571893,-277.378301,872.804426
