O11,O12,O13,O21,O22,O23,O31,O32,O33,X,Y,Z,GrainRadius,Eul0,Eul1,Eul2,eKen11,eKen12,eKen13,eKen21,eKen22,eKen23,eKen31,eKen32,eKen33
0.175399,0.717565,0.674044,-0.736499,0.54997,-0.393829,-0.653302,-0.427356,0.624951,-230.115712,213.961054,266.088634,101.506725,1.042017,0.895728,4.133104,-107.978441,-56.347788,36.920316,-56.347788,46.124085,32.402484,36.920316,32.402484,946.141717
-0.874162,-0.393786,-0.284207,0.483868,-0.75612,-0.440629,-0.041381,-0.5227,0.851512,546.205488,-138.939702,472.922886,82.670599,5.710331,0.551934,3.220596,-163.571057,99.027703,-11.069163,99.027703,105.650666,-71.590411,-11.069163,-71.590411,1103.596677
0.298757,0.769837,0.563999,-0.694041,-0.230367,0.682084,0.65502,-0.595216,0.465475,505.115648,345.999023,513.977762,79.195744,2.450678,1.086626,2.308396,-30.037816,-126.689217,-110.929186,-126.689217,-523.845514,172.672953,-110.929186,172.672953,1105.019186
0.417132,-0.864672,-0.279898,0.902781,0.429728,0.017883,0.104817,-0.260146,0.959863,438.964154,-265.840022,552.4294,71.820443,4.648586,0.284282,2.758574,-504.348512,-9.964618,-74.938612,-9.964618,-313.725425,40.574921,-74.938612,40.574921,1300.654226
0.32611,-0.561513,-0.760497,0.893496,-0.07965,0.441951,-0.308734,-0.823626,0.475735,-329.563847,429.187752,259.154573,89.718674,4.185957,1.074997,3.50023,-125.810301,198.190862,78.070558,198.190862,-261.849074,25.501794,78.070558,25.501794,928.504954
0.38973,0.592712,-0.704843,-0.283926,0.80541,0.520289,0.876069,-0.002649,0.482179,-208.391635,258.459005,207.767207,65.428977,4.076507,1.067656,1.57382,-210.501166,101.690483,27.966896,101.690483,-649.113983,-31.437776,27.966896,-31.437776,1024.701292
-0.308361,0.600899,-0.737451,0.251438,0.799143,0.54603,0.917438,-0.017049,-0.397514,-265.366365,473.599054,321.025627,105.019486,4.075042,1.979602,1.589377,-221.99688,0.628295,77.672782,0.628295,-101.241686,128.435639,77.672782,128.435639,1206.636426
-0.332248,-0.750264,0.57159,0.355333,0.4618,0.812699,-0.873699,0.473122,0.113161,126.680365,20.949685,326.718796,86.467698,2.528639,1.457392,5.208695,-399.397405,286.207592,140.446404,286.207592,-157.191816,-190.123111,140.446404,-190.123111,1273.290049
-0.351322,-0.678424,0.645224,0.522357,0.429893,0.736434,-0.776992,0.595762,0.203349,-67.245438,234.425797,492.163848,100.978334,2.422114,1.366019,5.366527,168.79945,126.553833,57.422901,126.553833,-94.856295,-184.6949,57.422901,-184.6949,1181.323726
0.689741,-0.041369,-0.722873,0.521495,0.720974,0.456332,0.502295,-0.691726,0.51886,161.53569,232.130933,413.39778,109.775746,4.149289,1.02528,2.513533,63.32065,21.985362,-12.840898,21.985362,-95.163703,-24.491158,-12.840898,-24.491158,914.464144
0.440909,0.108494,-0.890971,0.453473,0.829728,0.325443,0.774572,-0.547522,0.316636,-3.789027,-335.964628,298.294524,163.868871,4.362177,1.248616,2.186118,-274.893196,15.249596,31.726433,15.249596,-132.669558,54.09409,31.726433,54.09409,971.83656
-0.292082,0.246628,0.924047,-0.378459,0.857508,-0.348496,-0.878326,-0.451504,-0.157124,-112.700874,304.385265,336.132014,96.548522,1.21015,1.728575,4.237565,-145.583179,-64.700733,-29.293483,-64.700733,-32.597172,-0.030304,-29.293483,-0.030304,1309.069754
0.610328,0.473048,-0.635394,-0.192924,0.866727,0.459961,0.768297,-0.158144,0.62025,-115.46088,-116.409108,208.510001,74.393029,4.085803,0.901735,1.773798,-233.531497,-173.426606,173.259216,-173.426606,-254.472977,-268.821332,173.259216,-268.821332,1010.74304
-0.292736,-0.211682,-0.932468,0.954124,-0.000543,-0.299411,0.062874,-0.977338,0.20213,-278.756234,-382.491818,470.681204,138.437814,5.023085,1.367264,3.07735,-339.659755,0.511112,132.916786,0.511112,-125.64072,27.467651,132.916786,27.467651,1168.572115
-0.714556,0.416884,-0.561798,0.475795,0.878321,0.046593,0.512863,-0.234008,-0.825961,-319.795525,91.277119,562.604522,84.308317,4.629643,2.542701,1.998858,-3.924041,-56.716214,159.352345,-56.716214,-237.435798,-26.334345,159.352345,-26.334345,807.044807
0.455366,-0.806044,0.378068,-0.217253,0.31121,0.925175,-0.86339,-0.50343,-0.033401,356.885342,350.730252,261.301331,70.876293,2.753657,1.604203,4.1845,-248.271194,38.231807,-384.680586,38.231807,-334.655444,27.053912,-384.680586,27.053912,1085.00083
-0.763033,0.319182,-0.562053,0.519335,0.820432,-0.239129,0.3848,-0.474357,-0.791779,352.926945,-145.74376,504.371302,87.243817,5.114646,2.484512,2.460058,-243.958598,88.955623,-59.908751,88.955623,-75.868125,-18.814181,-59.908751,-18.814181,1108.933543
0.283387,-0.825413,-0.488247,0.940359,0.339075,-0.027429,0.188193,-0.451354,0.872275,547.749884,380.398113,499.703885,87.294642,4.768509,0.510962,2.746559,-495.743778,-191.182537,-241.041014,-191.182537,-216.43447,12.854265,-241.041014,12.854265,1113.754575
-0.43241,0.362344,0.825668,-0.683226,0.465893,-0.562269,-0.588407,-0.807249,0.046106,-317.336626,116.847172,397.068913,92.354029,0.972946,1.524674,3.771455,-655.556736,-11.252463,-49.504023,-11.252463,119.494892,25.216629,-49.504023,25.216629,886.15614
0.507364,-0.04521,-0.860545,0.668703,0.650522,0.36008,0.543524,-0.758141,0.360283,-83.372638,353.975386,540.251564,89.231408,4.316094,1.202225,2.519603,-382.256033,195.980817,-30.451417,195.980817,-225.417275,-189.520214,-30.451417,-189.520214,962.050722
0.747027,0.203667,0.632827,-0.52206,0.769073,0.368755,-0.411587,-0.605844,0.680845,-241.556889,-48.19235,508.97011,75.345866,2.098406,0.821881,3.738333,1.663852,-92.188154,-102.687166,-92.188154,-376.594764,3.266255,-102.687166,3.266255,849.458924
-0.218874,0.557321,0.800929,-0.604997,0.566493,-0.559521,-0.765554,-0.607025,0.213186,486.731516,15.747065,227.064316,73.023533,0.961017,1.355961,4.041979,7.894716,0.881967,17.383307,0.881967,-409.890522,145.263974,17.383307,145.263974,899.813754
0.462665,0.009096,-0.886486,0.730367,0.562873,0.386961,0.502499,-0.826493,0.253778,-231.38366,-232.925226,457.184268,95.345216,4.300809,1.314212,2.595319,-160.669996,-40.158481,82.169539,-40.158481,-138.567127,0.372779,82.169539,0.372779,1033.863443
-0.247033,0.455578,-0.855233,0.326904,0.870028,0.369034,0.9122,-0.188416,-0.363855,-154.650708,-279.294515,364.174642,87.561731,4.305025,1.9432,1.774483,-259.195023,159.552752,-73.641972,159.552752,-95.332199,65.237571,-73.641972,65.237571,1259.252563
0.261562,0.449948,-0.853893,-0.258447,0.885036,0.387192,0.929941,0.119411,0.347779,456.749402,164.548938,259.112929,92.187675,4.286676,1.215595,1.443088,-437.157762,192.053116,65.391458,192.053116,-173.811336,-6.92452,65.391458,-6.92452,1260.644894
0.543249,-0.730029,-0.414654,0.83442,0.5241,0.170479,0.092866,-0.438608,0.893868,122.102184,-85.460765,553.070574,98.641095,4.32232,0.464897,2.932946,-394.428936,-10.444886,-218.851753,-10.444886,-178.125845,-39.943842,-218.851753,-39.943842,1087.444883
0.234615,0.793015,0.562213,-0.578067,-0.351167,0.73656,0.781533,-0.497805,0.376027,113.331554,503.554388,223.737272,75.155569,2.489637,1.185292,2.137949,-357.851871,-32.426749,92.637529,-32.426749,-166.780838,-180.620723,92.637529,-180.620723,831.444401
0.253449,0.617517,-0.744605,0.737248,0.375038,0.561972,0.626283,-0.691389,-0.36021,-14.569849,238.800177,394.244009,116.974294,4.065871,1.939289,2.405565,162.461657,182.032702,-142.372763,182.032702,98.024321,-96.155546,-142.372763,-96.155546,1069.692259
0.538695,-0.349478,-0.766598,0.811911,-0.027618,0.583127,-0.224963,-0.936537,0.268868,-161.165749,-358.084382,285.009384,107.570192,4.062095,1.298579,3.377333,-326.918732,-5.428102,81.339804,-5.428102,-436.365985,-337.295387,81.339804,-337.295387,1405.434492
0.796847,0.273355,0.538807,-0.598124,0.230938,0.767408,0.085344,-0.93378,0.347523,74.834985,357.085614,499.328412,137.482089,2.52945,1.215869,3.05045,-151.987157,101.367313,-155.891376,101.367313,-160.886731,-130.112393,-155.891376,-130.112393,1143.056447
-0.160303,0.64249,0.749339,-0.9592,-0.280513,0.035316,0.232889,-0.713105,0.661244,579.525308,-126.620602,468.206113,90.814946,1.617891,0.848321,2.825928,-28.199476,-15.589022,116.673303,-15.589022,110.998739,-123.606212,116.673303,-123.606212,1098.148306
0.023022,-0.672952,-0.739328,0.921003,0.301934,-0.246148,0.388875,-0.675257,0.626742,541.70744,280.575389,269.742259,97.075538,5.033781,0.893432,2.619089,-123.063947,-45.684149,-59.647998,-45.684149,-314.335912,-40.831275,-59.647998,-40.831275,870.158744
-0.62852,-0.038139,-0.776858,0.504045,0.740713,-0.444165,0.592369,-0.670738,-0.446329,88.307032,417.540768,194.21961,64.500424,5.231774,2.033455,2.41816,-158.954949,-74.25961,-213.937307,-74.25961,-362.096642,113.580426,-213.937307,113.580426,817.967466
-0.059287,0.794978,0.603734,-0.818351,0.307638,-0.485449,-0.571653,-0.522847,0.632332,-24.200584,458.354852,407.042143,93.473096,0.893574,0.886237,3.971553,-129.810048,243.724109,125.946497,243.724109,-304.271904,-178.444856,125.946497,-178.444856,1245.244276
0.067527,0.831222,0.551824,-0.613995,-0.40133,0.679665,0.786416,-0.384713,0.483265,435.270619,514.052065,378.08668,82.524072,2.459634,1.066416,2.025765,-500.623997,203.295254,9.523414,203.295254,-230.414953,12.758248,9.523414,12.758248,1089.560797
-0.60149,0.234869,0.763575,-0.498746,0.636255,-0.588584,-0.624069,-0.734858,-0.265561,7.389527,134.801248,262.878374,82.386915,0.914098,1.839582,3.845644,-258.955516,177.08132,45.364573,177.08132,-224.058682,-117.553817,45.364573,-117.553817,1278.097475
0.278257,-0.828705,-0.485614,0.891013,0.411516,-0.191706,0.358706,-0.379344,0.852894,41.662427,155.750052,513.715239,121.450059,5.08838,0.549293,2.384151,-47.611188,21.965308,-186.330868,21.965308,-107.30261,-65.172186,-186.330868,-65.172186,1290.78558
-0.358932,0.059605,-0.931459,0.343965,0.936169,-0.072639,0.867673,-0.346461,-0.356523,1.044792,-103.780265,373.966242,99.042253,4.790215,1.93534,1.950699,-172.149499,-21.245453,-88.797665,-21.245453,-51.381887,52.717571,-88.797665,52.717571,1223.485804
-0.605842,0.744235,0.281193,-0.422846,-0.600604,0.678584,0.673911,0.292214,0.678568,287.639168,367.074789,336.61953,71.331908,2.74875,0.824985,1.161657,-449.808606,256.172733,-53.855256,256.172733,-14.23214,73.867853,-53.855256,73.867853,1102.957433
-0.083813,0.809312,0.581368,-0.777891,-0.417767,0.469422,0.622785,-0.412897,0.664571,-26.056607,452.78323,244.365551,89.047383,2.250059,0.843877,2.156246,-336.25034,219.840139,94.29465,219.840139,-245.899884,45.271038,94.29465,45.271038,1070.469524
-0.308488,0.863962,0.398001,-0.828899,-0.449415,0.333094,0.466649,-0.227147,0.854777,376.0998,87.567585,551.78611,80.292646,2.267646,0.545676,2.023799,-89.565384,295.397218,263.871623,295.397218,-80.673616,384.613729,263.871623,384.613729,1100.332343
0.506597,-0.775792,0.376174,0.61891,0.630976,0.467782,-0.600258,-0.004159,0.799795,540.18826,-64.524265,369.009139,114.3319,2.464317,0.643842,4.70546,-82.482071,87.256582,-45.791093,87.256582,-32.871969,-82.998234,-45.791093,-82.998234,1176.188607
0.283052,-0.770325,0.571385,0.182643,0.628139,0.756362,-0.941553,-0.109731,0.31849,384.949257,258.378294,277.563421,86.571779,2.49462,1.24666,4.59637,-207.687957,-66.299916,38.612628,-66.299916,-189.179784,-198.573596,38.612628,-198.573596,1287.076938
0.329826,-0.881884,0.336891,0.640879,0.471194,0.606012,-0.693173,0.016028,0.720593,558.107591,77.83939,561.725336,73.337452,2.634219,0.766139,4.735508,-420.466872,226.2104,-46.148302,226.2104,-168.903815,34.060808,-46.148302,34.060808,1273.657806
-0.746753,-0.011862,0.664995,-0.520465,0.63293,-0.573163,-0.414097,-0.774118,-0.478817,-143.05335,314.977813,286.058247,106.757005,0.859431,2.070102,3.63279,-245.783829,-21.777983,-169.482957,-21.777983,-400.30886,-42.935036,-169.482957,-42.935036,1168.580964
0.324299,-0.74877,-0.578078,0.940684,0.190852,0.280514,-0.099713,-0.63476,0.766249,347.582856,396.286302,565.844382,65.470569,4.260608,0.697813,3.297408,-130.054169,128.689341,-73.655566,128.689341,-298.026446,56.651942,-73.655566,56.651942,741.091549
0.1248,-0.288464,0.949323,-0.923564,0.315864,0.217393,-0.362567,-0.903891,-0.226995,585.794813,-107.145436,549.3245919999999,78.349757,1.795913,1.799788,3.523062,-307.13896,-6.026172,168.880152,-6.026172,-429.923479,-265.671416,168.880152,-265.671416,1235.301004
0.084552,0.001901,0.996417,-0.175565,0.984382,0.01302,-0.98083,-0.176036,0.083565,253.740403,-345.517656,541.152344,81.076046,1.583863,1.487133,4.534803,-711.926532,-51.27112,-1.359852,-51.27112,-526.705081,75.580919,-1.359852,75.580919,1475.604846
0.387856,-0.676229,0.626325,-0.385868,0.49798,0.776609,-0.837063,-0.542891,-0.06779,139.276534,-212.258672,237.142929,75.770814,2.462909,1.638638,4.137022,-84.011241,-75.858249,232.121687,-75.858249,-318.967902,-63.696505,232.121687,-63.696505,1007.251204
-0.006982,-0.633805,0.773461,-0.671767,0.575927,0.465873,-0.74073,-0.516332,-0.429791,-168.768148,427.313492,548.848394,138.428961,2.112922,2.015057,4.10364,-91.069355,-12.814112,17.130565,-12.814112,67.717058,81.479488,17.130565,81.479488,992.849439
0.616998,0.363014,-0.698237,0.283091,0.725477,0.62733,0.734284,-0.584725,0.344852,547.379896,114.766991,261.137124,87.768229,3.980432,1.218716,2.24329,-69.834769,-8.824693,115.167334,-8.824693,-77.01679,62.591915,115.167334,62.591915,1114.265356
0.041838,-0.723121,0.689453,0.394594,0.64592,0.653516,-0.917903,0.244713,0.312363,49.282001,-65.428223,236.926051,74.876868,2.329441,1.253117,4.972929,-217.684352,-31.550899,-6.289792,-31.550899,-560.250426,-168.284843,-6.289792,-168.284843,1210.408018
0.419362,-0.658081,0.625352,-0.207372,0.601197,0.771725,-0.883817,-0.453312,0.115652,134.867782,112.866508,360.483704,80.795468,2.460584,1.454885,4.238472,-2.787696,145.264374,69.594912,145.264374,-223.574642,185.326797,69.594912,185.326797,1032.392109
-0.316208,-0.845953,-0.42939,0.743149,-0.502216,0.442165,-0.589697,-0.179284,0.787474,57.51012,-239.670637,385.369177,88.734329,3.912334,0.664097,4.417241,-454.686254,-95.718018,-55.507395,-95.718018,-233.541337,-85.97725,-55.507395,-85.97725,1201.678717
0.443655,-0.630363,-0.637034,0.794516,-0.05221,0.604995,-0.414626,-0.774543,0.47767,91.315565,-130.202289,242.956269,77.050573,3.952781,1.072795,3.633093,317.06178,17.377365,-106.543406,17.377365,-503.624612,-32.712719,-106.543406,-32.712719,1055.252025
0.372033,-0.6792,-0.632676,0.728115,0.636288,-0.254923,0.575708,-0.365821,0.731256,561.432728,174.538132,502.745115,104.950938,5.095417,0.750635,2.13686,-367.465756,199.187434,-2.328308,199.187434,-168.972441,-22.148599,-2.328308,-22.148599,1201.907838
0.193388,-0.259296,-0.946238,0.941088,0.321714,0.104176,0.277405,-0.91064,0.306236,-61.935421,-282.569336,513.149353,99.531291,4.602735,1.259559,2.845897,-133.513303,12.365497,198.111908,12.365497,-528.778398,-283.43932,198.111908,-283.43932,1740.434796
-0.282424,0.952029,-0.117804,-0.943457,-0.253441,0.213672,0.173565,0.171489,0.969777,-260.460083,65.239181,436.858949,74.337388,3.645458,0.246483,0.791415,-57.791137,-95.780073,172.959616,-95.780073,-188.492682,-43.520113,172.959616,-43.520113,982.267116
0.726099,0.156774,0.669479,-0.686232,0.104058,0.719901,0.043197,-0.982137,0.18314,-119.625157,6.057491,227.856866,82.968263,2.39247,1.386617,3.097638,-643.33797,-67.855447,-145.947936,-67.855447,-313.766512,-109.857224,-145.947936,-109.857224,1239.805396
-0.10932,0.624337,0.773468,-0.91645,-0.364637,0.164803,0.384928,-0.690828,0.612036,116.230967,25.385718,412.713536,87.308427,1.780728,0.912164,2.63324,123.661302,-40.192731,-116.406327,-40.192731,-226.089163,-14.358283,-116.406327,-14.358283,861.057115
0.543641,0.782215,-0.304293,-0.560202,0.608139,0.562442,0.625003,-0.135301,0.768808,232.114402,61.530311,330.565482,97.502443,3.637516,0.693822,1.783988,23.628244,-144.060271,-8.296882,-144.060271,-150.112355,102.344724,-8.296882,102.344724,1234.439393
0.426002,-0.223215,0.876754,-0.474108,0.770288,0.426472,-0.770548,-0.597354,0.222317,-279.033357,4.950325,235.460765,66.152151,2.023522,1.346606,4.052933,-250.082387,-184.333152,-199.341255,-184.333152,-225.904341,197.876275,-199.341255,197.876275,791.9372
0.275505,0.654407,-0.704165,0.424797,0.574234,0.699859,0.862348,-0.491942,-0.119786,166.678095,-241.984327,285.93934,94.04839,3.930057,1.690871,2.089218,17.394966,91.438023,-17.195443,91.438023,-398.819487,-50.652976,-17.195443,-50.652976,1182.890427
-0.584055,0.312566,-0.749121,0.605797,0.782113,-0.14598,0.540269,-0.539075,-0.646148,-245.080191,-254.616538,449.19781,112.380441,4.904845,2.273323,2.355088,8.790624,70.54104,-22.085392,70.54104,78.954427,-5.772582,-22.085392,-5.772582,1051.635574
-0.647063,-0.145165,-0.748489,0.709275,0.245544,-0.660785,0.27971,-0.958455,-0.055921,188.416122,-198.074056,432.260311,96.157536,5.435634,1.626746,2.857644,-94.760405,69.774791,-0.330009,69.774791,-170.101841,-205.680724,-0.330009,-205.680724,1597.369582
0.494636,-0.574331,-0.652288,0.794524,0.603001,0.071562,0.35223,-0.553656,0.754586,-51.845236,-88.842057,546.752076,100.840873,4.603117,0.715774,2.574987,-129.478296,9.848939,-54.472953,9.848939,-121.944909,-63.062032,-54.472953,-63.062032,1080.46229
-0.287865,0.784157,0.549756,-0.803759,0.114282,-0.583876,-0.520678,-0.609949,0.597375,524.021077,-418.660472,438.300482,78.86186,0.75531,0.930572,3.848197,-594.808685,-132.189791,-151.258894,-132.189791,-91.000894,-45.575098,-151.258894,-45.575098,779.027055
-0.166058,-0.628594,0.759799,-0.607055,0.672358,0.423579,-0.777116,-0.390901,-0.493241,440.057653,-345.519697,496.568014,77.712231,2.07937,2.086608,4.246333,-217.79578,78.386608,-5.948671,78.386608,-176.491379,83.536687,-5.948671,83.536687,1033.524285
0.200574,-0.557214,0.805781,-0.560467,0.609336,0.560879,-0.803522,-0.564111,-0.190083,-97.266926,-240.360852,256.35323900000003,80.898943,2.178879,1.762043,4.100289,-10.920487,36.820619,176.117422,36.820619,-385.094295,-21.698455,176.117422,-21.698455,1118.132683
-0.171415,-0.501262,0.848147,-0.810362,0.561336,0.167976,-0.560295,-0.658513,-0.502425,-325.739232,-119.850096,230.615763,85.975015,1.766316,2.097197,3.846579,-417.200941,-47.162419,66.492626,-47.162419,-60.977827,115.762883,66.492626,115.762883,1034.042684
-0.671011,-0.354875,-0.651005,0.727058,-0.142789,-0.671564,0.145365,-0.923945,0.353828,516.802433,-194.695881,569.666258,70.098488,5.51333,1.209136,2.985541,-136.403441,163.157992,206.075271,163.157992,-504.62019,85.315536,206.075271,85.315536,1379.059152
0.732923,-0.046806,-0.6787,0.679631,0.005771,0.733531,-0.030417,-0.998887,0.036041,-179.514355,377.635851,270.814757,97.689804,3.888184,1.534748,3.172034,-468.649731,165.394885,-33.791906,165.394885,-316.124672,15.862951,-33.791906,15.862951,1237.755234
-0.374579,-0.903553,0.208043,0.464276,0.011441,0.885617,-0.802582,0.428323,0.415213,-195.701776,214.121176,446.811431,76.306054,2.910863,1.14262,5.202617,-112.068844,10.623161,-94.422101,10.623161,-70.217689,-80.199214,-94.422101,-80.199214,1129.029553
0.35327,-0.332737,0.874349,-0.765546,0.434375,0.474613,-0.537717,-0.837021,-0.101273,172.405126,-399.204491,479.355724,110.207566,2.068109,1.672244,3.712619,-180.442496,-81.541241,256.203659,-81.541241,-130.455542,55.151331,256.203659,55.151331,1099.905981
0.439964,-0.213651,0.87223,-0.801684,0.344212,0.488693,-0.404642,-0.91426,-0.019839,120.549242,-46.169683,411.326275,67.129901,2.081498,1.590637,3.558267,-370.544494,-35.483369,259.248161,-35.483369,-387.670363,-107.82258,259.248161,-107.82258,1254.428633
-0.637126,-0.360828,-0.681083,0.764059,-0.41194,-0.496507,-0.101411,-0.836725,0.538152,-12.540756,45.312346,547.814145,107.823599,5.342312,1.002553,3.262205,-79.84659,119.421495,-36.322223,119.421495,-94.955385,55.152375,-36.322223,55.152375,1111.361207
-0.245232,-0.159483,-0.956257,0.381546,0.890896,-0.24643,0.891226,-0.425288,-0.157626,436.344368,135.626822,277.35778600000003,87.616732,4.964604,1.729083,2.016033,-672.767917,57.464744,-66.626388,57.464744,58.984637,143.6702,-66.626388,143.6702,1203.82336
0.562806,0.773792,0.290682,-0.721253,0.287931,0.629993,0.403787,-0.564219,0.720148,115.554457,454.894426,428.818681,99.816044,2.709295,0.76678,2.520436,-171.877936,-19.815873,133.854903,-19.815873,-244.147905,251.221655,133.854903,251.221655,992.154557
0.103959,0.797669,-0.594068,-0.250738,0.599031,0.760455,0.962457,0.069899,0.262281,-8.374285,-401.22223,443.570435,87.138667,3.804765,1.305411,1.498298,-576.980419,-189.260117,2.009729,-189.260117,-289.839736,-150.99735,2.009729,-150.99735,1198.675133
-0.035334,0.090992,-0.995225,0.176456,0.980768,0.083405,0.983674,-0.172667,-0.05071,306.263982,107.33595,487.643104,102.787519,4.628779,1.621528,1.744559,-507.742836,133.08379,-24.649251,133.08379,-158.204142,183.847613,-24.649251,183.847613,1583.197909
-0.4627,-0.533807,0.707785,-0.694735,0.71428,0.084537,-0.550683,-0.452608,-0.701352,367.116707,209.009452,381.997999,89.934756,1.689672,2.348088,4.024435,-327.703371,320.904195,11.001799,320.904195,-418.880269,65.334054,11.001799,65.334054,1090.975459
0.415334,0.271554,0.868191,-0.589045,0.807572,0.0292,-0.693198,-0.523532,0.49537,-60.608314,-311.407876,530.870727,119.324849,1.604417,1.052536,4.065542,-41.542464,-110.594999,-14.520826,-110.594999,-16.428985,38.437874,-14.520826,38.437874,1114.078097
-0.173551,0.814522,-0.553565,0.343934,0.576831,0.740928,0.922816,-0.061801,-0.380252,337.868143,-241.57493,207.088787,62.990914,3.78325,1.960865,1.637666,-400.435087,145.075711,-80.279409,145.075711,-288.122949,129.50163,-80.279409,129.50163,1393.026468
0.899535,-0.135716,-0.415233,0.383807,0.699489,0.602833,0.208637,-0.701638,0.681304,47.294306,167.983564,529.3115740000001,101.708134,3.744764,0.821254,2.852563,-141.323166,131.802398,-1.504767,131.802398,-101.761786,-160.024727,-1.504767,-160.024727,1211.87381
0.549874,-0.48746,-0.678249,0.717195,0.691758,0.084279,0.428101,-0.53278,0.729983,-132.128596,10.220834,286.852845,92.990281,4.588762,0.752499,2.464707,-2.320943,-57.648336,4.381038,-57.648336,-39.412299,-66.343421,4.381038,-66.343421,1015.949007
0.352335,0.770558,-0.531132,0.459594,0.351915,0.815432,0.815251,-0.53141,-0.230152,148.704039,21.20179,327.380338,99.893638,3.718917,1.80303,2.148461,-37.198225,88.610063,-56.691518,88.610063,-182.514985,6.472253,-56.691518,6.472253,971.742606
-0.565598,-0.484078,0.667658,-0.522332,0.836782,0.164212,-0.638175,-0.255861,-0.726132,515.149471,-230.532272,454.713949,74.851456,1.811961,2.383475,4.331084,239.583876,55.910957,16.739876,55.910957,-215.058064,-28.639596,16.739876,-28.639596,1206.609729
-0.073959,0.891059,-0.44782,-0.439232,0.374044,0.816802,0.895324,0.257107,0.363718,-136.535277,209.339497,319.880313,73.845859,3.643099,1.19854,1.291155,-219.561954,4.558454,-169.566773,4.558454,-213.874258,-407.531926,-169.566773,-407.531926,1332.231699
-0.277202,-0.516646,0.810084,-0.773674,0.619967,0.130652,-0.569726,-0.590524,-0.571572,423.699499,275.55842,529.496425,87.378318,1.730702,2.179216,3.909068,-692.010443,-64.874745,1.734634,-64.874745,61.571891,-23.919618,1.734634,-23.919618,957.291666
0.656823,-0.465151,-0.59348,0.651627,-0.045897,0.75715,-0.379428,-0.884041,0.272959,-164.325855,45.475968,308.556911,78.059398,3.806398,1.294329,3.547013,235.139217,114.130735,104.553061,114.130735,-432.080033,-81.29408,104.553061,-81.29408,764.540914
0.378263,0.002531,0.925695,-0.785325,0.530296,0.319455,-0.490083,-0.847809,0.202579,-121.741976,-154.847914,444.039649,135.726884,1.903097,1.366806,3.665723,-253.63085,-9.765753,84.06252,-9.765753,-93.621266,-250.091147,84.06252,-250.091147,1026.483047
-0.784106,0.599501,0.160553,-0.61788,-0.778376,-0.111151,0.058335,-0.186357,0.980749,1.032965,-215.977737,579.806864,79.033516,0.965254,0.196536,2.838226,-180.259503,-144.284964,-104.069279,-144.284964,-337.444303,-228.889279,-104.069279,-228.889279,1426.692478
-0.152437,-0.981005,0.119966,0.431257,0.043194,0.901195,-0.889258,0.189111,0.416481,234.268475,-233.577597,538.084428,87.90646,3.009252,1.141225,4.921929,-314.180879,227.246893,176.815211,227.246893,-251.260763,-214.248688,176.815211,-214.248688,1240.907475
0.375046,0.076042,0.923882,-0.921147,0.142445,0.362212,-0.104059,-0.986877,0.123469,53.462056,-373.9922,324.922904,123.527452,1.944434,1.447011,3.246647,-241.986009,-25.320759,57.24526,-25.320759,-274.155835,-111.3933,57.24526,-111.3933,1256.324155
0.490206,0.712353,0.502247,-0.754155,0.057761,0.654151,0.436976,-0.699441,0.565539,-318.35755,333.595931,387.524783,61.414475,2.486806,0.969709,2.583173,-135.874508,25.518306,67.11117,25.518306,-533.427436,38.501083,67.11117,38.501083,671.482817
-0.239169,-0.9256,0.293364,0.719726,0.033808,0.693435,-0.651761,0.37699,0.658093,-217.645473,386.203967,249.994516,99.442522,2.741367,0.852514,5.236788,-308.557834,87.704046,87.29422,87.704046,-116.165398,-20.756971,87.29422,-20.756971,950.210452
-0.339431,-0.892975,-0.295605,0.938483,-0.300273,-0.170545,0.06353,-0.335309,0.939964,452.119471,-81.763743,534.883486,91.892251,5.235677,0.348272,2.954344,-178.263006,-25.121216,-243.511121,-25.121216,-323.988749,-27.393396,-243.511121,-27.393396,1186.207595
0.617855,-0.286561,-0.732215,0.528797,0.840614,0.117223,0.581919,-0.459619,0.67091,498.098487,313.322321,431.834499,75.801938,4.553643,0.835361,2.239308,114.789965,258.534606,-78.269506,258.534606,-316.245924,-207.693066,-78.269506,-207.693066,898.379359
0.199579,0.966467,-0.161587,-0.756405,0.256783,0.601593,0.622912,0.00216,0.782289,-191.558249,-110.949689,344.029776,107.574527,3.403998,0.672464,1.567329,-185.499203,46.335688,74.648943,46.335688,112.406452,-67.406553,74.648943,-67.406553,997.34688
0.902061,-0.129692,-0.411662,0.40967,0.557494,0.72206,0.135854,-0.819988,0.556024,533.925065,387.855963,484.109486,75.336881,3.659753,0.981201,2.977406,-552.824152,-108.993458,-123.390258,-108.993458,-353.51309,-16.267094,-123.390258,-16.267094,1214.490989
-0.086655,-0.994958,-0.0505,0.462793,-0.085092,0.882373,-0.882221,0.053091,0.467834,-269.43364,453.567478,359.043497,91.072428,3.198762,1.083958,4.772495,-35.013375,16.108197,65.90183,16.108197,-156.239166,-11.846716,65.90183,-11.846716,1067.718196
0.140227,0.239304,0.960765,-0.624805,0.774139,-0.101627,-0.768086,-0.58604,0.258074,183.812603,-225.161548,328.368867,85.322773,1.465411,1.309768,4.060628,-176.761035,-136.982141,38.100228,-136.982141,-137.558129,-79.753995,38.100228,-79.753995,989.06119
-0.036386,-0.210984,-0.976812,0.361145,0.908624,-0.209708,0.9318,-0.360401,0.043134,75.06491,-396.866961,472.284616,71.393429,4.923866,1.527649,1.939854,-824.101469,-48.704154,200.854526,-48.704154,62.817536,156.976586,200.854526,156.976586,927.836415
-0.099324,0.063219,-0.993045,0.557741,0.83001,-0.002946,0.824051,-0.554154,-0.1177,-76.654364,-43.315349,369.234746,110.219906,4.715355,1.688769,2.16281,-253.552346,19.483369,-132.384299,19.483369,-69.083959,-64.106263,-132.384299,-64.106263,1113.578645
-0.170143,-0.065382,-0.983248,0.851677,0.492147,-0.180102,0.495678,-0.868053,-0.028052,495.622487,-231.850701,473.927545,71.560647,4.893551,1.598852,2.622753,-359.05456,233.878639,230.652853,233.878639,-138.051758,-272.570968,230.652853,-272.570968,1112.777807
-0.210878,-0.173567,0.96198,-0.578497,0.815431,0.020312,-0.787954,-0.552219,-0.272365,-275.780026,220.486591,372.078297,95.142518,1.591908,1.846646,4.101108,-145.149476,-58.10328,104.347957,-58.10328,103.489348,7.212481,104.347957,7.212481,1002.964986
-0.157737,-0.028119,-0.987081,0.845334,0.512838,-0.149695,0.510421,-0.858025,-0.057124,127.035644,-80.72623,517.483006,108.091809,4.862897,1.627951,2.604947,-191.9734,-66.908367,47.620294,-66.908367,-104.724637,20.701008,47.620294,20.701008,1117.235275
-0.329101,-0.190953,0.924786,-0.282375,0.954429,0.096586,-0.901086,-0.22935,-0.368024,550.131698,-398.27761,557.369062,89.236389,1.67486,1.94768,4.463155,-32.385897,136.890329,173.834778,136.890329,-288.45784,183.521576,173.834778,183.521576,1153.883441
0.10616,0.992444,-0.061523,-0.771596,0.121247,0.624451,0.627192,-0.018821,0.778637,386.454095,359.403724,565.938212,72.289188,3.239798,0.678306,1.600796,-313.026344,-13.535374,-244.841104,-13.535374,-256.924476,186.671676,-244.841104,186.671676,1083.349437
0.097555,-0.173017,0.980076,-0.93906,0.310155,0.148225,-0.329621,-0.93481,-0.132216,540.028975,-83.007158,348.38933,126.316306,1.720897,1.703401,3.480588,-125.879579,16.824598,87.208751,16.824598,-134.395237,-195.709236,87.208751,-195.709236,1464.324852
0.036352,0.999188,-0.017377,-0.867565,0.040184,0.495697,0.495993,-0.002944,0.868322,-339.501041,255.922658,278.91418,89.606797,3.176634,0.518988,1.576732,-558.039598,-52.189089,85.310482,-52.189089,31.268993,188.236183,85.310482,188.236183,1099.150151
-0.114669,-0.753201,-0.647719,0.926746,0.153707,-0.342806,0.357761,-0.63958,0.6804,-235.197424,-376.999517,314.858925,75.60709,5.199163,0.822487,2.631586,-252.516817,176.512232,80.71232,176.512232,-382.380333,59.001452,80.71232,59.001452,847.986834
0.442273,-0.079559,-0.893345,0.157823,0.987419,-0.009802,0.882885,-0.136655,0.449265,58.10303,343.147025,480.000021,90.173145,4.723361,1.104854,1.72436,-228.01861,-20.052265,263.611844,-20.052265,-66.171176,-107.031019,263.611844,-107.031019,1000.146372
0.017641,-0.984916,-0.17213,0.99807,0.027598,-0.055629,0.05954,-0.170816,0.983502,412.123011,443.215756,504.454136,76.585017,5.024974,0.181897,2.806198,-465.322876,118.868846,-276.525225,118.868846,-498.328434,-46.496763,-276.525225,-46.496763,1418.394707
0.056973,0.320198,-0.945636,0.633841,0.720202,0.282053,0.771362,-0.615453,-0.161922,-129.863428,424.235541,210.259399,71.131195,4.422522,1.733435,2.244242,-529.872323,270.941202,128.448929,270.941202,-71.98734,-35.251724,128.448929,-35.251724,974.549568
0.086552,0.164299,-0.982606,0.377317,0.907425,0.184964,0.922031,-0.386763,0.016547,-12.217478,-143.741799,512.390779,83.950224,4.526328,1.554249,1.967973,-329.087449,-143.65219,28.490302,-143.65219,-109.99395,5.443454,28.490302,5.443454,1173.081084
0.069297,-0.851436,-0.519861,0.964056,0.191145,-0.184552,0.256503,-0.488386,0.834078,7.876052,-291.12459,291.248725,140.9416,5.053514,0.584338,2.657985,-65.25653,-95.117638,-154.896835,-95.117638,-202.228108,-11.157201,-154.896835,-11.157201,1087.786975
-0.357835,0.118082,0.926289,-0.451933,0.846154,-0.282453,-0.817136,-0.519692,-0.249418,136.06425,131.556654,382.317098,71.872672,1.274823,1.822876,4.145924,-104.928668,157.385036,5.365244,157.385036,-89.010623,8.81547,5.365244,8.81547,807.236444
-0.102324,0.985211,0.13744,-0.201029,-0.155795,0.967117,0.974227,0.07133,0.213997,216.480678,70.801195,327.017614,134.041999,3.000424,1.355131,1.49771,-210.460981,24.517584,-69.370108,24.517584,-198.534643,-133.255283,-69.370108,-133.255283,1528.047492
-0.19225,0.214932,0.95752,-0.949484,0.205871,-0.236848,-0.248032,-0.954684,0.164496,594.60423,-304.171036,374.160202,88.045737,1.328308,1.40555,3.395778,-439.839027,-32.449739,130.173188,-32.449739,-445.782102,-252.535045,130.173188,-252.535045,1103.673683
0.911958,0.410264,-0.00412,-0.284841,0.640324,0.713338,0.295295,-0.64936,0.700808,129.036638,-200.550291,163.209714,69.620994,3.147369,0.794266,2.714798,-308.167561,133.54196,-62.772063,133.54196,-179.129641,195.261115,-62.772063,195.261115,1265.307926
0.652334,0.236384,-0.720127,-0.179776,0.971264,0.155969,0.736302,0.027718,0.676085,185.527179,-348.531705,-33.264213,89.956452,4.499099,0.82836,1.533169,-204.993613,-56.318906,196.113316,-56.318906,-209.834357,-9.429688,196.113316,-9.429688,910.117459
0.530042,0.461068,-0.711668,-0.33536,0.884816,0.323473,0.778839,0.067211,0.623613,210.387205,-219.667365,15.301759,84.748595,4.285776,0.89744,1.484714,-188.355802,-215.989609,15.212293,-215.989609,-122.822785,55.200165,15.212293,55.200165,1015.22721
-0.700234,-0.171346,0.693046,-0.578782,0.704576,-0.410589,-0.417951,-0.688631,-0.59254,-6.268151,83.870116,31.203881,80.900044,1.035954,2.205005,3.687093,-137.612299,204.551732,66.994553,204.551732,-97.166808,-247.490641,66.994553,-247.490641,936.638207
-0.274829,0.299906,0.913523,-0.953701,0.035685,-0.298631,-0.122161,-0.953301,0.276214,359.348779,401.520083,15.328963,105.157709,1.254846,1.290944,3.269043,-495.189764,144.927831,-204.834599,144.927831,-143.457853,3.346216,-204.834599,3.346216,1365.963123
0.395401,0.774083,-0.494422,-0.740687,0.587043,0.326748,0.543177,0.237015,0.805471,314.903118,493.526921,12.942245,83.539704,4.128412,0.634327,1.159351,-827.703085,-125.69424,-271.720946,-125.69424,-200.203717,41.661522,-271.720946,41.661522,1012.368606
0.172604,0.47397,-0.863458,0.052139,0.87099,0.488527,0.98361,-0.129342,0.125625,84.916356,276.438021,-189.751846,80.560439,4.197511,1.444839,1.701543,-529.754084,118.8898,-183.069459,118.8898,-184.206369,-52.479909,-183.069459,-52.479909,1058.453209
-0.275827,-0.690711,-0.668459,0.827637,-0.52432,0.200265,-0.488812,-0.498003,0.71628,-99.118641,-366.165583,-39.339442,80.188735,4.421306,0.77234,3.917677,-336.745172,-29.849989,6.570585,-29.849989,-111.940479,-140.138706,6.570585,-140.138706,1067.376736
-0.178593,0.403922,0.897191,-0.913946,0.26963,-0.303318,-0.364426,-0.874155,0.321009,200.612212,-336.075132,-109.418284,100.32637,1.244784,1.244002,3.536574,-161.246328,43.866638,-23.027184,43.866638,-126.431336,6.349071,-23.027184,6.349071,1231.932281
0.578799,-0.62451,-0.524385,0.760002,0.179998,0.624498,-0.295617,-0.759992,0.578811,-5.448741,-315.530587,-147.744809,137.346936,3.840071,0.953526,3.512558,-208.555032,-59.913393,222.920918,-59.913393,-75.899625,-36.004133,222.920918,-36.004133,908.096095
-0.223894,0.935619,0.272926,-0.842391,-0.326611,0.428605,0.490152,-0.133949,0.861283,-105.103437,446.630633,-83.700471,162.353393,2.574569,0.533007,1.837563,-147.318449,40.801269,-24.70019,40.801269,-47.324539,22.3049,-24.70019,22.3049,1052.305004
0.67301,0.353583,-0.649644,-0.203768,0.932979,0.296698,0.711011,-0.067304,0.699952,-180.51809,-14.058641,18.563763,66.078125,4.28397,0.795466,1.665175,-104.69853,-86.089759,-68.446401,-86.089759,-310.756717,-190.13698,-68.446401,-190.13698,805.535533
-0.499657,-0.593863,-0.630611,0.688604,0.169346,-0.705086,0.525515,-0.786543,0.324321,181.243269,134.792843,-198.331219,81.152148,5.553487,1.240502,2.552575,-142.851484,95.315265,119.447518,95.315265,-168.214699,233.751165,119.447518,233.751165,779.675824
0.443217,-0.233907,-0.865359,0.830315,0.470945,0.297972,0.337839,-0.850587,0.402948,256.745073,-408.258236,112.480067,100.250052,4.380771,1.156061,2.763517,-134.209399,-72.682207,-5.496183,-72.682207,-303.373581,-121.840666,-5.496183,-121.840666,1053.112354
-0.517029,0.025865,0.855577,-0.451469,0.840966,-0.298248,-0.727225,-0.540469,-0.423127,192.107931,376.896293,-0.809405,72.422169,1.235376,2.00769,4.073258,-102.06487,-104.840931,-85.781011,-104.840931,-238.482161,77.431457,-85.781011,77.431457,1110.448844
0.144507,-0.969116,0.199832,0.038946,0.207366,0.977488,-0.988737,-0.133471,0.067709,-328.036262,169.008598,-181.899061,65.0703,2.939937,1.503036,4.578208,310.357633,-203.121997,-437.314497,-203.121997,-872.054449,21.333139,-437.314497,21.333139,1153.591963
0.689582,-0.034871,-0.723367,0.298833,0.923541,0.240355,0.659678,-0.38191,0.647278,453.079349,76.835113,-176.882608,100.591904,4.391593,0.866788,2.095583,-35.710781,40.709622,47.736286,40.709622,-172.681407,-85.021799,47.736286,-85.021799,962.343068
0.587862,-0.023533,-0.808619,0.705552,0.50391,0.498268,0.395745,-0.863436,0.312833,248.234693,427.605834,5.541089,81.231703,4.160146,1.252622,2.711827,-547.379804,138.694087,-121.667625,138.694087,-265.771217,-457.464596,-121.667625,-457.464596,1400.013481
-0.827467,-0.487749,-0.278207,0.515983,-0.465044,-0.719371,0.221494,-0.738806,0.636479,559.858627,200.957794,160.634398,93.900325,5.914165,0.880872,2.85032,23.079942,185.752777,33.827302,185.752777,1.088842,39.302984,33.827302,39.302984,883.809318
0.349658,-0.399406,-0.847475,0.936699,0.131369,0.324558,-0.018298,-0.907313,0.420057,-52.285834,95.229309,-1.878408,92.430467,4.346649,1.137288,3.161757,14.598086,13.953029,161.761511,13.953029,-67.756895,-1.040322,161.761511,-1.040322,1260.938222
0.687182,-0.530646,0.496181,-0.46283,0.206671,0.862019,-0.559973,-0.822011,-0.103578,139.521001,-244.194206,-176.402451,72.744278,2.619305,1.674561,3.739605,-541.12982,32.889363,209.277606,32.889363,-248.118277,297.219395,209.277606,297.219395,619.375187
0.083342,-0.803018,0.590099,0.567477,0.525011,0.634298,-0.819161,0.282004,0.499449,-280.585179,-312.32125,-134.956344,137.081597,2.392278,1.047834,5.04394,-140.924098,97.557562,57.764205,97.557562,83.843186,-22.110429,57.764205,-22.110429,955.591311
-0.815492,-0.301567,-0.493993,0.532874,-0.05812,-0.844196,0.225871,-0.951672,0.208094,469.875462,394.206774,145.020233,126.484927,5.753746,1.36117,2.908563,-137.509328,10.418866,158.5953,10.418866,-262.771753,31.260371,158.5953,31.260371,1388.740096
0.096918,0.64614,-0.75704,0.719961,0.479669,0.501572,0.687214,-0.59365,-0.418707,-340.588367,317.690586,-188.836981,101.03639,4.127246,2.002817,2.283276,-115.042559,113.689537,22.962765,113.689537,100.716629,117.172873,22.962765,117.172873,829.544317
0.610381,-0.402508,0.682219,-0.433316,0.551301,0.712955,-0.663078,-0.73079,0.162091,606.490818,-308.096796,136.401959,68.822216,2.378221,1.407987,3.87845,-525.208439,-99.954221,262.258406,-99.954221,-385.911492,110.580617,262.258406,110.580617,747.604021
-0.420441,0.83632,0.35185,-0.604273,-0.547375,0.578994,0.676819,0.030819,0.735504,148.065185,-362.322933,-33.781161,102.870553,2.595536,0.744385,1.525293,-24.102085,72.188406,-11.355833,72.188406,-345.129945,108.337803,-11.355833,108.337803,1020.296638
0.004357,-0.911364,-0.411578,0.993063,-0.044419,0.108871,-0.117503,-0.409198,0.904848,-93.172096,33.465134,-109.96106,89.447509,4.453792,0.439773,3.421224,31.043768,-92.273665,-246.431857,-92.273665,-156.932141,-173.397761,-246.431857,-173.397761,1059.816061
-0.80804,-0.26137,-0.527975,0.53616,-0.697651,-0.4752,-0.24414,-0.66706,0.703866,-156.227532,384.242006,107.093798,81.81451,5.445227,0.789972,3.492444,-440.509113,-20.122149,51.657107,-20.122149,-320.660064,-18.983478,51.657107,-18.983478,996.802615
0.339573,0.490569,-0.802516,0.774975,0.337581,0.534278,0.533015,-0.803356,-0.265545,539.054283,-383.276531,-97.715657,81.036258,4.125019,1.839566,2.555796,-357.664902,43.914613,-171.608664,43.914613,-152.968244,-55.073779,-171.608664,-55.073779,1043.14036
-0.083322,-0.829878,0.551688,-0.248078,0.553458,0.795073,-0.96515,-0.070614,-0.251989,101.831597,231.89699,-28.298047,100.90653,2.534984,1.825532,4.639355,-44.189822,15.633304,95.252321,15.633304,-171.165113,-66.778269,95.252321,-66.778269,1062.348858
-0.388426,-0.799928,0.457428,0.338469,0.337854,0.878233,-0.857067,0.495954,0.13952,-179.183957,-279.950299,114.409276,89.736971,2.661404,1.43082,5.236972,-363.526024,11.664281,31.803481,11.664281,-374.602194,-86.299779,31.803481,-86.299779,936.188551
0.573808,-0.121296,-0.809958,0.817695,0.02926,0.574907,-0.046035,-0.992185,0.115973,-1.692844,211.53565,133.475741,88.013998,4.095117,1.454562,3.187957,-404.097484,236.635586,156.963716,236.635586,-398.116912,-92.19028,156.963716,-92.19028,1666.16406
-0.580979,0.013053,0.813814,-0.477876,0.803918,-0.354048,-0.658861,-0.594596,-0.460822,-265.77463,85.495994,97.517011,84.455174,1.160446,2.049718,3.978216,14.582098,164.571817,-71.676399,164.571817,-237.277662,-17.066839,-71.676399,-17.066839,805.004156
0.074393,0.805375,-0.58808,-0.793458,0.405017,0.454297,0.604061,0.43282,0.669161,63.029148,303.993638,67.495638,144.60843,4.054637,0.837717,0.949071,-55.823141,1.740827,-37.305357,1.740827,-2.06492,10.894894,-37.305357,10.894894,1070.571451
-0.234662,-0.79265,0.562707,0.57887,0.351093,0.735964,-0.780925,0.498437,0.376453,125.829328,495.612921,160.329713,74.409701,2.488822,1.184832,5.280471,-312.045338,160.848186,186.970819,160.848186,-51.361521,-188.105438,186.970819,-188.105438,773.726527
0.787943,0.581924,0.201273,-0.364028,0.176606,0.914491,0.496618,-0.793836,0.350992,222.925662,-222.434396,-75.733637,118.15295,2.924954,1.212166,2.582567,-189.11707,-142.550708,-2.358841,-142.550708,-288.165451,69.698949,-2.358841,69.698949,957.951096
0.853908,0.468487,0.226631,-0.415026,0.350267,0.839683,0.313999,-0.811069,0.493529,-123.664656,-3.872048,-74.351622,96.075309,2.877973,1.054653,2.77222,-52.772755,79.798653,-19.569745,79.798653,18.559449,-219.949473,-19.569745,-219.949473,1219.844257
-0.564826,0.777347,0.276956,-0.797811,-0.600164,0.057453,0.21088,-0.188507,0.959164,399.725471,157.217354,157.543763,78.855172,1.775341,0.286766,2.300234,-362.631625,64.3297,182.266827,64.3297,-549.264045,42.763283,182.266827,42.763283,1466.522425
-0.298062,0.433886,0.850236,-0.884131,0.210274,-0.41725,-0.359822,-0.876087,0.320937,344.552553,115.344907,-152.00112,72.094253,1.114579,1.244078,3.531301,-151.672322,174.646573,-64.463782,174.646573,-468.157157,-89.889769,-64.463782,-89.889769,724.679705
0.566789,-0.472983,0.674564,-0.242339,0.686844,0.685214,-0.787415,-0.551845,0.274673,-273.329445,-46.545725,-111.161705,81.698514,2.364026,1.292546,4.101105,-578.517641,59.725276,-5.729396,59.725276,-238.453168,143.823645,-5.729396,143.823645,844.461865
0.381069,-0.757748,0.529721,0.085641,0.59942,0.79584,-0.920572,-0.257904,0.293315,318.169944,-407.795674,-73.850356,71.899019,2.55432,1.273104,4.439236,-291.331507,84.828717,203.838863,84.828717,-474.256694,108.752593,203.838863,108.752593,1056.012768
-0.354475,-0.470695,0.807957,0.342634,0.738582,0.580602,-0.870029,0.482642,-0.100532,338.116374,271.471954,-181.719668,81.726986,2.193901,1.671499,5.218866,-512.161906,16.617789,-51.816478,16.617789,-148.696085,-244.640237,-51.816478,-244.640237,1006.354757
-0.187818,-0.636985,-0.747646,0.831062,0.302649,-0.466626,0.523508,-0.708981,0.472531,87.160861,-429.233974,141.464321,87.14182,5.270361,1.078636,2.50556,-366.301293,60.222621,-37.873071,60.222621,-131.932965,25.955205,-37.873071,25.955205,1032.020299
0.58695,-0.27452,0.761661,-0.271917,0.819273,0.504829,-0.762595,-0.503418,0.406226,109.443598,513.676028,62.684923,91.652926,2.156117,1.152476,4.128919,185.826812,-28.154659,-180.928279,-28.154659,-27.839199,134.499251,-180.928279,134.499251,991.784553
0.013378,-0.701388,0.712654,-0.574901,0.577741,0.5794,-0.818114,-0.417456,-0.3955,-208.475974,258.797963,16.548411,82.735988,2.253425,1.977408,4.240562,51.362381,207.276556,192.530283,207.276556,-403.506583,-49.244461,192.530283,-49.244461,781.258735
0.719374,-0.649547,-0.246151,0.667542,0.548482,0.503543,-0.192066,-0.526552,0.828163,-212.111238,-284.287849,106.994671,113.158096,3.596271,0.594974,3.491357,-145.934934,63.204077,18.384141,63.204077,-80.915769,13.645736,18.384141,13.645736,841.971558
0.741823,-0.227391,-0.630866,0.631759,0.552476,0.543737,0.224898,-0.801912,0.553496,-222.954777,121.74599,-110.524637,87.787004,4.001033,0.98424,2.868165,-458.141382,72.933356,256.1855,72.933356,-234.883878,-165.463507,256.1855,-165.463507,1122.784259
-0.755265,-0.351993,-0.55288,0.636671,-0.594331,-0.491346,-0.155643,-0.723099,0.672981,-288.354049,433.787509,-159.326864,69.048241,5.438928,0.832565,3.353602,-92.60772,244.558795,93.885661,244.558795,-127.7335,196.205205,93.885661,196.205205,764.069752
-0.745932,0.64853,-0.15164,-0.459312,-0.336033,0.822262,0.482306,0.683001,0.548535,-250.586727,90.078081,130.247304,112.532091,3.323962,0.990185,0.614846,-77.372532,-45.299134,50.41089,-45.299134,-56.714412,-19.650125,50.41089,-19.650125,901.778952
-0.75357,0.568028,0.330873,-0.639864,-0.518438,-0.567271,-0.150689,-0.639192,0.75414,-106.154793,112.769501,150.840444,66.39385,0.528028,0.716453,3.373114,-144.988501,298.12326,162.28766,298.12326,-381.629275,-354.050931,162.28766,-354.050931,992.077628
0.497022,-0.243925,0.832748,-0.781854,0.290389,0.551705,-0.376396,-0.925297,-0.046384,551.681719,-188.768751,-140.326743,71.807548,2.155917,1.617197,3.527933,-664.759819,148.512916,117.765478,148.512916,-446.752749,-72.449187,117.765478,-72.449187,1155.724806
-0.078475,-0.452649,-0.888229,0.959596,0.207205,-0.190374,0.270218,-0.86728,0.4181,49.791054,-349.409224,164.623578,83.347604,4.923524,1.139444,2.839556,-545.665668,-14.553572,635.333241,-14.553572,-379.09062,-287.560105,635.333241,-287.560105,1200.852546
0.353861,0.369268,0.859316,-0.376356,0.897314,-0.230616,-0.856235,-0.241802,0.456501,-215.721047,-357.511401,67.889001,86.313187,1.308603,1.096738,4.437154,-254.261685,45.403607,-20.563716,45.403607,-181.665432,108.31959,-20.563716,108.31959,1030.492975
0.699424,0.397767,0.59379,-0.626282,-0.059191,0.777346,0.34435,-0.915575,0.207715,350.846844,-353.108861,115.231525,131.263596,2.489275,1.361558,2.781856,-365.405392,12.175824,-46.817722,12.175824,-168.27261,53.681602,-46.817722,53.681602,1087.803887
-0.75285,0.447674,0.482498,-0.654824,-0.5835,-0.480347,0.066499,-0.677581,0.732436,-350.583624,341.738335,-70.449664,80.205939,0.787633,0.748903,3.043764,-211.26451,67.203073,53.656864,67.203073,-94.755594,145.509148,53.656864,145.509148,966.627232
0.338277,0.853682,-0.395974,-0.762159,0.49535,0.416824,0.551981,0.160793,0.818207,48.090931,-169.57083,-177.732304,86.750488,3.901344,0.612511,1.287339,-239.76583,111.413504,-60.207601,111.413504,-116.586092,118.093716,-60.207601,118.093716,945.214488
0.420932,0.790798,-0.444359,-0.653048,0.604183,0.456609,0.62956,0.097986,0.770749,84.72065,-218.795747,16.257213,84.874252,3.913395,0.690781,1.416393,334.023581,-153.663061,-26.728896,-153.663061,-520.086867,-83.171442,-26.728896,-83.171442,1227.048764
0.420542,0.870106,-0.25702,-0.199302,0.364965,0.909439,0.885112,-0.331233,0.326897,281.113516,238.424127,-123.223632,88.201234,3.417023,1.237778,1.928889,27.972285,47.315082,357.243545,47.315082,-338.81283,11.395603,357.243545,11.395603,1229.599881
-0.256755,0.135735,-0.956898,0.318921,0.94653,0.048691,0.912341,-0.292673,-0.286315,-66.580699,-313.696172,-28.396469,73.890268,4.661549,1.861175,1.881219,-232.378974,123.319226,56.804795,123.319226,-471.119512,15.458228,56.804795,15.458228,1134.896763
-0.701753,-0.382819,-0.600827,0.664508,-0.047668,-0.745759,0.25685,-0.922593,0.287838,265.675822,171.79706,-56.051049,72.788856,5.605004,1.278828,2.870068,-576.622209,-187.603226,-109.434241,-187.603226,-341.993295,-18.786852,-109.434241,-18.786852,1464.395051
-0.524223,-0.42832,-0.736025,0.546416,0.493738,-0.676501,0.653162,-0.756812,-0.024788,168.706055,-383.607108,101.001313,72.050127,5.455672,1.595587,2.429575,-748.060627,-11.67279,93.968057,-11.67279,-309.212657,38.07354,93.968057,38.07354,1089.933315
-0.525701,0.568829,0.632512,-0.800809,-0.581744,-0.142407,0.286955,-0.581385,0.761346,-66.811907,-75.136228,-161.639156,105.739467,1.349344,0.705409,2.683101,-162.275124,10.270942,17.490478,10.270942,38.188457,-96.737341,17.490478,-96.737341,880.981274
0.196252,-0.25234,-0.947528,0.939111,0.326332,0.107602,0.282056,-0.910951,0.301018,204.424905,-177.182186,-185.098952,70.674448,4.599313,1.265036,2.841326,-454.816231,-68.931519,168.457857,-68.931519,-658.864127,-157.50973,168.457857,-157.50973,1178.395487
0.409704,0.860359,-0.303192,-0.209461,0.412214,0.886683,0.887845,-0.29977,0.349097,438.818882,179.739126,-174.084375,68.824583,3.471069,1.214189,1.896416,-335.817565,-140.28067,401.915921,-140.28067,-495.609714,-248.240996,401.915921,-248.240996,1508.471911
-0.045072,0.047351,-0.997861,0.160961,0.986169,0.039525,0.985931,-0.158836,-0.05207,388.597241,238.222651,-19.774201,83.896027,4.6728,1.62289,1.730526,162.757787,-52.309295,-292.289745,-52.309295,-383.562621,247.935826,-292.289745,247.935826,1525.491767
0.589647,-0.469089,0.657473,-0.619689,0.259311,0.740772,-0.517978,-0.844223,-0.137788,172.496542,-54.815603,10.064119,81.075427,2.415698,1.709024,3.69192,-205.858207,14.907612,-26.743758,14.907612,-248.566731,47.463377,-26.743758,47.463377,1066.864697
-0.610437,0.669018,0.424007,-0.733389,-0.67961,0.016472,0.299179,-0.300907,0.905509,-137.154857,-149.348786,7.191352,89.697132,1.609625,0.438218,2.359073,-179.076689,222.02167,162.142655,222.02167,-314.975694,-10.993924,162.142655,-10.993924,1161.961852
-0.636528,0.68776,0.349025,-0.713732,-0.696775,0.071351,0.292265,-0.203694,0.934393,397.957067,359.101511,45.917975,73.048335,1.772448,0.364245,2.179471,-576.244897,-32.468922,-293.356517,-32.468922,-287.859749,158.686575,-293.356517,158.686575,1388.520059
-0.631322,-0.523142,-0.572499,0.66967,0.004561,-0.742645,0.39112,-0.852233,0.347454,-293.462491,168.853697,101.211609,107.449932,5.626447,1.215942,2.711333,25.189786,-176.38523,300.494326,-176.38523,-246.882334,-1.030188,300.494326,-1.030188,787.863215
0.240827,0.930514,-0.275947,-0.336281,0.346702,0.875621,0.910449,-0.118077,0.396409,477.248534,70.213908,-163.434299,97.701762,3.446885,1.163194,1.699768,-507.275228,30.909478,53.976632,30.909478,-51.449087,-254.676588,53.976632,-254.676588,1089.60223
0.5285,0.786646,-0.31918,-0.668816,0.61738,0.414158,0.522852,-0.00541,0.852407,545.286098,202.989826,149.226499,78.239529,3.798193,0.550226,1.581143,-353.092661,-106.94139,-33.730735,-106.94139,-29.49785,41.539617,-33.730735,41.539617,1060.918457
-0.584551,-0.206141,-0.784733,0.793767,0.055007,-0.605729,0.168031,-0.976975,0.131474,245.099751,-252.338877,-29.97523,121.554708,5.369754,1.438941,2.971268,-210.072404,-76.572417,54.409546,-76.572417,-356.23866,75.118452,54.409546,75.118452,1128.541163
0.515762,-0.069191,0.853934,-0.614333,0.66486,0.424918,-0.597147,-0.743756,0.300403,237.809645,-239.377669,-128.176525,133.150234,2.032523,1.265681,3.818088,-201.989314,-48.650801,-75.86934,-48.650801,-109.874302,16.498271,-75.86934,16.498271,888.921833
-0.170649,-0.945548,-0.277161,0.876833,-0.274045,0.395049,-0.449492,-0.175609,0.875853,-212.297848,411.109552,-140.816131,78.261136,3.753383,0.503596,4.33994,-208.007021,-98.163192,-35.612236,-98.163192,-546.122245,48.161435,-35.612236,48.161435,896.973552
0.784052,-0.60125,0.154148,0.426117,0.701978,0.570659,-0.451317,-0.381741,0.80659,-255.281303,401.784155,-116.527298,84.943677,2.877766,0.632437,4.010316,-535.791197,250.810581,139.618827,250.810581,-213.678595,-21.007411,139.618827,-21.007411,1021.679378
0.360304,0.871466,0.332757,-0.475143,-0.135526,0.869409,0.802758,-0.471359,0.36524,37.966404,351.904366,72.128161,136.090545,2.776054,1.196906,2.101732,-81.556508,-35.968496,3.73134,-35.968496,-54.072288,-63.799128,3.73134,-63.799128,1187.772762
0.545775,0.824871,-0.147368,-0.77894,0.564266,0.2736,0.308839,-0.034533,0.950487,149.170795,431.247857,59.858502,70.406525,3.635662,0.315997,1.68215,-575.702758,-160.395524,-95.544764,-160.395524,-232.849136,55.896265,-95.544764,55.896265,1373.940081
0.739171,-0.634225,0.226683,0.53506,0.757375,0.374291,-0.409069,-0.155376,0.899178,174.114177,72.14237,-16.955656,94.723454,2.597041,0.452909,4.349392,-366.174344,-172.051987,42.685361,-172.051987,-325.124746,273.356617,42.685361,273.356617,1305.29996
0.384423,-0.340857,-0.857925,0.849885,0.493525,0.18474,0.360437,-0.800156,0.479412,266.979401,172.563329,174.395454,84.966828,4.500294,1.070812,2.718357,21.841152,9.08327,223.986581,9.08327,-288.310652,-51.700828,223.986581,-51.700828,1077.804695
0.272942,0.75218,-0.599773,0.396648,0.480001,0.782477,0.876455,-0.45147,-0.167338,-183.243176,177.953258,64.473029,75.587042,3.795574,1.738926,2.046458,-268.708833,-21.387391,226.05376,-21.387391,-302.702221,29.617617,226.05376,29.617617,1178.800058
0.122103,-0.947874,-0.294321,0.979573,0.067353,0.189474,-0.159774,-0.311444,0.936736,436.889804,136.938511,170.418167,66.177424,4.140408,0.35761,3.615595,-798.783375,-261.927771,-188.544174,-261.927771,-709.794727,230.203291,-188.544174,230.203291,1357.962247
0.507018,0.79519,0.332574,-0.747772,0.213901,0.628557,0.428685,-0.567379,0.703072,368.889423,-380.694515,-145.266227,144.042086,2.654932,0.791088,2.494547,-163.698882,-17.164898,110.001621,-17.164898,-17.311612,51.511576,110.001621,51.511576,909.519036
0.469813,-0.649406,-0.597953,0.784476,0.617756,-0.054548,0.404813,-0.443452,0.799673,-248.186156,-422.283761,24.112149,77.688562,4.803362,0.644046,2.401714,-162.957002,22.961561,-103.168932,22.961561,-379.914825,-114.170416,-103.168932,-114.170416,908.766734
0.095006,-0.875613,-0.473577,0.587103,-0.334899,0.736989,-0.803918,-0.348057,0.482258,-127.987284,-415.962938,22.41746,91.778292,3.712736,1.067566,4.303803,-500.866161,33.788826,121.712626,33.788826,-86.25062,-131.601427,121.712626,-131.601427,1040.378875
-0.413773,-0.892671,-0.178693,0.667152,-0.43088,0.60766,-0.619436,0.132217,0.773833,360.892444,476.345578,175.320109,83.698599,3.427598,0.685926,4.922681,-421.586025,-109.917044,258.311,-109.917044,69.349677,14.346391,258.311,14.346391,943.484346
0.876607,0.124982,-0.464694,0.306102,0.600289,0.738887,0.371298,-0.789957,0.48796,-226.911887,-70.951478,-17.628891,72.817157,3.702999,1.061045,2.702213,-621.47085,111.496847,-319.28127,111.496847,229.504676,-58.713119,-319.28127,-58.713119,1147.270662
-0.075568,-0.537203,0.840061,-0.222512,0.830311,0.510952,-0.971997,-0.148313,-0.182279,602.118467,-109.150736,64.243593,65.142324,2.117246,1.7541,4.560971,-338.888451,-97.175586,137.413777,-97.175586,-771.370269,146.108158,137.413777,146.108158,1607.266783
0.102256,-0.527506,0.843375,0.281263,0.828555,0.484135,-0.954167,0.187704,0.233092,566.824146,-346.155923,22.591935,94.947312,2.091913,1.33554,4.906629,-260.169705,-3.818285,-97.192388,-3.818285,-599.011166,-331.041067,-97.192388,-331.041067,1220.582766
0.149077,-0.407113,0.90113,-0.573404,0.706854,0.414203,-0.805595,-0.57846,-0.128065,340.785051,-281.400176,-162.451951,69.21118,2.001645,1.699214,4.089649,80.314565,91.446014,-140.217233,91.446014,-245.476889,78.344909,-140.217233,78.344909,597.856742
-0.505129,-0.27883,-0.816761,0.861206,-0.224584,-0.455946,-0.0563,-0.933711,0.353574,465.925706,420.144905,-11.636917,89.546551,5.221534,1.209407,3.201817,-204.720506,2.037047,208.762649,2.037047,-288.966423,65.95376,208.762649,65.95376,1335.908581
0.284252,0.958744,0.003252,-0.577408,0.168482,0.798883,0.765376,-0.228962,0.601478,30.273597,57.965512,-136.466952,148.300049,3.137521,0.925446,1.861473,-18.349501,-9.277017,71.201699,-9.277017,40.881207,-175.666811,71.201699,-175.666811,1029.298991
-0.388284,-0.84363,0.370841,0.759434,-0.06498,0.647331,-0.52201,0.532978,0.665912,-113.813939,273.657924,154.429605,124.572207,2.621355,0.84208,5.508183,-13.438777,53.666092,20.151384,53.666092,64.845293,-62.958304,20.151384,-62.958304,980.840293
0.376059,-0.860195,-0.344448,0.710035,0.028677,0.703582,-0.59534,-0.509158,0.621553,-338.743157,-117.5693,109.076935,86.704957,3.596856,0.900072,4.004861,-192.33314,-48.65388,-219.317712,-48.65388,15.191867,38.90202,-219.317712,38.90202,756.008082
0.050075,-0.982005,-0.182093,0.88932,-0.039135,0.455607,-0.454535,-0.184753,0.871358,144.897986,-420.15217,-126.63014,67.425747,3.521816,0.512833,4.32632,-597.706447,96.330782,47.136199,96.330782,-432.704046,200.484397,47.136199,200.484397,1085.940854
-0.059859,0.925847,-0.373126,-0.5933,0.267606,0.759199,0.802753,0.266821,0.533286,554.266752,197.141762,-133.569834,115.742162,3.598396,1.008316,1.249902,-98.586095,-59.427943,37.412606,-59.427943,-65.330875,-101.596187,37.412606,-101.596187,981.224252
0.483975,-0.358866,-0.798112,0.66495,0.74371,0.068821,0.568867,-0.564013,0.598565,232.119166,332.19656,23.51874,66.479937,4.626372,0.929087,2.35191,-364.422543,148.538801,-90.959457,148.538801,-246.646336,-111.208974,-90.959457,-111.208974,742.084135
0.302478,-0.514818,-0.802166,0.770507,0.627485,-0.11217,0.561094,-0.584145,0.586471,370.080772,145.847439,167.618102,69.975891,4.851322,0.944102,2.37632,-13.344602,0.033972,27.213832,0.033972,-606.294061,188.291942,27.213832,188.291942,1146.343349
-0.431559,0.18366,-0.883191,0.859487,0.381019,-0.340744,0.273932,-0.906142,-0.322285,502.602721,117.563349,-33.950934,117.20742,5.080603,1.898939,2.848022,-166.76592,-24.714406,-135.723442,-24.714406,-171.703651,-120.849637,-135.723442,-120.849637,1169.971699
-0.342344,-0.330407,0.879563,-0.704673,0.70949,-0.007755,-0.621479,-0.62246,-0.475719,486.164081,471.274006,-59.367291,114.401222,1.56198,2.066577,3.926202,-278.083622,-67.390456,51.403266,-67.390456,31.799273,-16.595374,51.403266,-16.595374,983.125868
-0.431128,-0.319709,-0.843751,0.880313,-0.354177,-0.315607,-0.197934,-0.878832,0.434139,207.198097,426.427836,-129.402973,86.707844,5.070329,1.121714,3.363121,-412.205552,117.859132,408.448818,117.859132,-170.310548,-69.062829,408.448818,-69.062829,606.078261
-0.059593,-0.374782,0.925196,-0.898323,0.424285,0.114009,-0.435275,-0.824331,-0.36196,-125.692738,-293.950395,-174.633928,82.042734,1.693405,1.941166,3.627415,-240.694643,-50.19512,12.941546,-50.19512,-424.019983,-266.75035,12.941546,-266.75035,1152.934942
0.039114,0.003444,0.999229,-0.982866,0.180392,0.037852,-0.180122,-0.983589,0.010441,-307.800674,-310.608941,112.401189,88.027928,1.608659,1.560355,3.322713,-402.342806,88.671598,-42.77099,88.671598,61.901578,-46.535176,-42.77099,-46.535176,1097.320249
0.928555,-0.361519,-0.084202,0.354178,0.794992,0.49249,-0.111105,-0.487126,0.866236,396.443375,-118.01861,-35.582456,92.881127,3.310927,0.523178,3.365839,-429.033864,-187.80705,103.316271,-187.80705,-290.708179,170.921825,103.316271,170.921825,1119.099052
0.759409,-0.396903,-0.515525,0.500043,0.862987,0.072189,0.416239,-0.312605,0.853828,-33.344896,-177.27291,-103.184789,95.223722,4.573264,0.5475,2.214952,-264.275189,-47.360857,10.327294,-47.360857,-172.727455,8.70542,10.327294,8.70542,1055.192901
0.626192,-0.574124,-0.527508,0.596026,0.78867,-0.150837,0.502629,-0.219956,0.836052,14.630337,-264.256754,-149.24288,89.3798,4.990899,0.580748,1.9833,-55.096766,68.191782,106.973082,68.191782,-551.441936,-36.83431,106.973082,-36.83431,993.356552
-0.718761,-0.374567,0.585732,-0.521402,0.847696,-0.097731,-0.459916,-0.375647,-0.804591,193.003856,-418.580635,173.80942,59.820585,1.405466,2.505782,4.027504,-219.379706,-172.593214,116.519722,-172.593214,-370.113482,-157.997199,116.519722,-157.997199,673.660651
0.477337,-0.383189,-0.790769,0.477112,0.868726,-0.132962,0.737912,-0.313818,0.597499,-142.315851,91.116924,63.008199,82.235994,4.878974,0.930418,1.972903,-176.441549,26.008291,122.781867,26.008291,-140.391889,-85.43502,122.781867,-85.43502,996.486923
0.27976,-0.384456,0.879732,0.166912,0.921843,0.34978,-0.945449,0.048984,0.322065,-87.123243,446.283861,-20.443295,210.582506,1.949231,1.242886,4.764153,-289.414087,-66.85859,-202.540694,-66.85859,-115.919203,-121.898483,-202.540694,-121.898483,1257.483319
-0.078946,-0.028444,0.996473,-0.957256,0.28118,-0.067813,-0.278259,-0.959233,-0.049426,-17.397582,194.101733,89.329359,75.714842,1.502849,1.620242,3.423929,-564.50679,49.919026,-66.877792,49.919026,-213.855771,-247.930957,-66.877792,-247.930957,1298.983991
-0.193344,0.955454,-0.222993,-0.71639,0.017815,0.697473,0.670376,0.294602,0.681033,-319.866874,-44.922813,-167.140121,71.155762,3.451037,0.821624,1.156743,-733.537753,65.855918,-1.964849,65.855918,-207.696809,63.633979,-1.964849,63.633979,818.561097
0.718645,-0.315741,-0.619562,0.451629,0.889408,0.070596,0.528754,-0.330546,0.781767,112.654745,305.012951,-194.715391,77.69586,4.598933,0.673303,2.129497,-863.761186,-96.913962,-134.309801,-96.913962,-125.184604,-144.606892,-134.309801,-144.606892,1142.568761
0.009116,-0.330374,0.943806,-0.858554,0.481288,0.176765,-0.512641,-0.81192,-0.279257,-287.296422,-67.882978,-14.009252,80.180615,1.755941,1.853816,3.704777,-423.061798,141.699597,99.125465,141.699597,-287.670968,-86.717657,99.125465,-86.717657,673.79006
-0.299156,-0.424567,-0.854546,0.928251,-0.336935,-0.157558,-0.221032,-0.840368,0.494901,-147.299966,-176.723542,-109.199358,90.393865,4.894718,1.053075,3.398786,53.431387,239.669183,187.58541,239.669183,-274.655565,8.04943,187.58541,8.04943,1089.483608
0.120988,0.245441,0.961832,-0.561992,0.815644,-0.137444,-0.818246,-0.523912,0.236619,56.450795,-85.173934,105.686475,72.033033,1.428859,1.331912,4.142872,-88.306607,145.447188,-178.148883,145.447188,-145.412603,18.198826,-178.148883,18.198826,1208.895453
0.091051,-0.178189,0.979775,-0.593367,0.780434,0.197077,-0.799766,-0.59931,-0.034673,86.794102,136.87897,-22.549276,89.486773,1.769293,1.605476,4.0693,-95.370475,-190.050355,-60.304948,-190.050355,-86.297167,-52.517341,-60.304948,-52.517341,1090.012347
0.052595,0.970421,-0.235621,0.144642,0.226057,0.963316,0.988085,-0.084747,-0.128474,-233.486771,-169.08835,-130.803816,97.477841,3.381477,1.699627,1.656355,-362.941325,5.366573,172.11895,5.366573,-103.207388,170.583364,172.11895,170.583364,1361.647428
0.466345,-0.864564,-0.187218,0.453809,0.052151,0.889572,-0.759328,-0.499809,0.416667,197.466285,464.839409,66.42288,78.530944,3.349024,1.14102,4.130253,10.892292,91.888069,-74.788551,91.888069,-198.939633,-108.900698,-74.788551,-108.900698,1117.583366
0.30377,0.429448,0.85047,-0.642118,0.751739,-0.150242,-0.703852,-0.500463,0.504112,-72.149043,-81.207421,11.321409,95.707637,1.395943,1.042443,4.094295,-219.118419,-148.584696,2.311156,-148.584696,-121.021098,35.652364,2.311156,35.652364,1086.417386
-0.203084,-0.719302,-0.664351,0.970563,-0.237595,-0.039442,-0.129475,-0.652805,0.746379,-46.76072,299.03309,-39.320893,92.076991,4.771689,0.728191,3.337389,100.035989,40.586922,-60.485816,40.586922,-357.760564,-59.789861,-60.485816,-59.789861,1133.642608
-0.16916,0.125041,-0.977624,0.906386,0.409327,-0.104479,0.387104,-0.903779,-0.182578,490.183631,-126.548988,-77.408071,74.883198,4.818856,1.754404,2.736916,-659.41124,-30.847415,-121.307683,-30.847415,-329.275446,-180.499424,-121.307683,-180.499424,981.402047
-0.002727,0.026259,0.999651,-0.602295,0.797953,-0.022604,-0.798269,-0.602147,0.013639,20.301919,-175.521687,50.804219,100.69361,1.548188,1.557157,4.066131,-321.497799,48.756107,109.990438,48.756107,-11.267416,-83.877171,109.990438,-83.877171,1101.455425
-0.285786,0.951577,-0.113263,-0.951572,-0.267818,0.150943,0.1133,0.150915,0.982032,134.035858,473.367273,-168.799959,75.810528,3.785329,0.18985,0.643983,-672.987335,-88.022917,61.142287,-88.022917,-478.122374,214.960012,61.142287,214.960012,1385.3149
0.731819,0.007973,-0.681452,0.302228,0.892429,0.335007,0.610818,-0.451118,0.650687,-153.901935,-91.10265,-114.306551,72.964516,4.255478,0.862308,2.206927,-217.837022,-63.364435,150.540135,-63.364435,-36.099713,32.211687,150.540135,32.211687,1228.759535
-0.066122,0.24913,0.96621,-0.474056,0.844223,-0.250118,-0.878008,-0.474576,0.06228,-302.207014,-258.703974,-79.638586,76.179603,1.317492,1.508476,4.216857,-496.942461,-3.559734,-126.673437,-3.559734,107.602557,190.756526,-126.673437,190.756526,961.105865
0.087012,0.08582,-0.992504,0.545192,0.829744,0.119543,0.833783,-0.551507,0.025409,-131.172027,-3.46347,-105.521241,88.679434,4.59252,1.545384,2.15518,-249.278523,33.844049,-101.827902,33.844049,-239.266423,-232.355564,-101.827902,-232.355564,1083.626843
-0.424206,-0.665038,0.614633,-0.319803,0.745014,0.585389,-0.847216,0.051764,-0.528721,289.375876,281.143972,-168.566743,89.678393,2.33183,2.127889,4.773412,-412.38327,27.975027,-45.912627,27.975027,-87.451273,175.220671,-45.912627,175.220671,1169.371714
0.879439,0.077903,0.469594,-0.475212,0.086504,0.875609,0.027591,-0.993201,0.113096,85.975137,250.287011,-558.202619,92.235949,2.649324,1.457458,3.11382,-493.646986,244.03554,-125.251367,244.03554,-118.076925,-115.696712,-125.251367,-115.696712,1412.103974
0.110822,0.8186,0.563571,-0.869292,0.354699,-0.344268,-0.481716,-0.451755,0.750911,413.489155,-14.337662,-282.563071,69.494039,1.022423,0.721357,3.959076,76.62484,38.714066,201.161387,38.714066,-487.154809,-143.18475,201.161387,-143.18475,1174.739533
0.302138,-0.099289,-0.948079,0.953246,0.037573,0.29985,0.005851,-0.994349,0.105999,-16.968654,463.551247,-400.363686,98.03917,4.406072,1.464598,3.135709,-641.877594,35.521135,-103.800288,35.521135,-233.277426,-37.791437,-103.800288,-37.791437,1378.129356
-0.272955,0.283305,0.919366,-0.956702,0.020468,-0.290347,-0.101074,-0.958811,0.265452,506.706501,285.934801,-456.705339,134.841165,1.264897,1.302124,3.246621,-263.252858,98.079056,-213.160489,98.079056,-233.258321,9.251738,-213.160489,9.251738,1262.468497
-0.417068,0.866268,0.275016,-0.536022,-0.478805,0.695289,0.733985,0.142568,0.664033,306.35089,296.878667,-386.748267,105.520971,2.764935,0.844597,1.378947,-73.848705,167.090142,-37.341133,167.090142,-177.656218,-21.091898,-37.341133,-21.091898,1067.511919
-0.562286,0.605244,0.563485,-0.826014,-0.443372,-0.348027,0.039192,-0.661137,0.749241,-250.755484,-95.205704,-227.217912,78.150809,1.017512,0.723881,3.082382,-115.680016,-43.490786,43.829996,-43.490786,-312.458296,67.532367,43.829996,67.532367,746.391891
0.566644,0.813977,-0.127888,-0.355168,0.381342,0.853483,0.743485,-0.4382,0.505184,591.245103,98.028096,-413.728371,104.272466,3.290328,1.041201,2.103375,-45.02301,-36.033882,123.578216,-36.033882,-180.873607,-178.351721,123.578216,-178.351721,1224.128668
0.114225,-0.745108,-0.65709,0.825572,0.439111,-0.354417,0.552614,-0.501992,0.665298,-80.534531,131.329072,-393.689771,88.826156,5.207037,0.842904,2.30823,404.81765,-14.912813,35.053971,-14.912813,-271.194828,-73.393718,35.053971,-73.393718,1107.605341
-0.646113,0.762948,0.021182,-0.504645,-0.447858,0.738076,0.5726,0.466191,0.674385,554.419096,455.838575,-562.1898180000001,97.908121,3.112901,0.830665,0.887478,-83.782297,-45.75536,40.217372,-45.75536,62.640802,70.205546,40.217372,70.205546,1018.763589
-0.300407,0.921122,0.247566,-0.950635,-0.310311,0.001038,0.077779,-0.235033,0.96887,-90.231154,276.815143,-218.56849,66.488267,1.574989,0.25017,2.822011,-661.44762,81.901002,183.802034,81.901002,-567.204872,-260.293553,183.802034,-260.293553,1641.081459
0.525586,0.579099,0.62322,-0.624655,0.760012,-0.17941,-0.577551,-0.295002,0.761189,-29.265368,-351.678538,-238.093504,78.575437,1.290499,0.705652,4.240154,-275.368969,-57.586978,-198.742136,-57.586978,-615.03111,-32.880196,-198.742136,-32.880196,1113.519433
0.813316,0.581052,0.029924,-0.481496,0.64331,0.595243,0.326617,-0.498529,0.802988,505.783596,-261.645659,-243.693947,78.720126,3.091363,0.638504,2.561598,-62.855676,42.491129,2.783733,42.491129,-379.07765,-19.737608,2.783733,-19.737608,1058.679581
-0.205435,0.308097,0.928909,-0.858482,0.398997,-0.322197,-0.4699,-0.863642,0.182528,72.381906,131.090677,-332.05541800000003,104.777383,1.236926,1.387239,3.639888,-147.347433,138.484035,-131.010461,138.484035,-51.706703,-196.976347,-131.010461,-196.976347,1091.975961
0.423388,0.423677,-0.800775,-0.090619,0.89928,0.427883,0.901405,-0.108595,0.419138,416.340712,-323.471932,-560.1228619999999,69.461045,4.221651,1.138301,1.690692,-760.960759,125.986929,-47.49223,125.986929,-56.076667,115.766086,-47.49223,115.766086,796.796525
-0.092838,-0.731596,-0.675388,0.746674,-0.499887,0.438853,-0.65868,-0.463552,0.592672,-325.063915,197.492277,-232.038201,69.502757,4.136169,0.936424,4.099145,-608.866526,-3.477398,-125.633734,-3.477398,-118.119762,-71.976584,-125.633734,-71.976584,1143.408953
-0.550297,0.824435,0.132215,-0.618857,-0.50902,0.59826,0.560527,0.247399,0.790319,-310.589817,86.967041,-248.528664,69.725521,2.92409,0.659467,1.155144,-335.443936,104.131676,130.393281,104.131676,-58.584004,228.822297,130.393281,228.822297,982.800163
-0.286903,0.742123,-0.605756,0.247405,0.66829,0.701555,0.925461,0.051412,-0.375339,93.726804,-311.591491,-397.882353,63.567992,3.853842,1.955559,1.515301,-525.265338,12.713378,-243.245352,12.713378,-588.81783,26.661864,-243.245352,26.661864,989.570182
0.119352,0.563994,-0.817108,-0.270595,0.810313,0.519779,0.955266,0.159069,0.249326,-29.477884,42.567508,-533.134061,79.216962,4.145833,1.318812,1.405792,-721.85317,-211.347705,-8.332379,-211.347705,-281.489212,-223.845508,-8.332379,-223.845508,1125.32059
0.732566,0.297765,0.612113,-0.481846,0.862015,0.157334,-0.480802,-0.410202,0.77496,-83.142421,251.11273,-276.089839,87.365585,1.822384,0.684144,4.006063,312.398811,9.573331,15.252674,9.573331,-332.283699,-47.321861,15.252674,-47.321861,1070.780134
-0.107457,0.348609,0.931088,-0.993582,-0.070928,-0.088113,0.035323,-0.934581,0.353993,319.453049,276.945301,-219.178906,91.403864,1.476443,1.208959,3.103815,-315.352425,-234.173218,-475.814869,-234.173218,-149.073445,-120.273792,-475.814869,-120.273792,1109.647513
0.530995,0.496925,-0.686374,-0.206941,0.861521,0.463635,0.821718,-0.104149,0.560297,108.588968,-320.511394,-264.82794,93.10166,4.118306,0.976052,1.69687,-343.486287,-152.236561,187.997769,-152.236561,-120.718162,8.210672,187.997769,8.210672,983.051235
0.329851,0.796858,-0.506178,-0.750793,0.546476,0.371043,0.572283,0.257646,0.778531,421.608563,-125.403731,-358.25142,114.378706,4.079838,0.678474,1.14777,-132.698824,-28.076497,-52.940461,-28.076497,-127.614718,91.742482,-52.940461,91.742482,979.677522
-0.647695,0.755761,0.096519,-0.479919,-0.503086,0.718737,0.591751,0.419201,0.68855,-348.47853,301.565996,-242.549493,93.053388,3.008102,0.811309,0.954449,-6.39281,170.596355,109.207412,170.596355,-146.141103,227.534411,109.207412,227.534411,784.701367
-0.129122,0.900196,0.415903,-0.762525,-0.358264,0.538705,0.633943,-0.247578,0.732681,121.531686,10.59218,-525.420627,128.095868,2.484133,0.748543,1.943118,-151.541313,-76.586351,37.17043,-76.586351,-148.664013,90.320629,37.17043,90.320629,1004.919055
0.656302,-0.737341,-0.159988,0.514929,0.282741,0.809262,-0.551467,-0.613502,0.565242,-290.857789,-62.325121,-347.745561,105.919148,3.336772,0.970069,3.87379,-87.08229,-88.858299,-11.407832,-88.858299,18.079508,93.468014,-11.407832,93.468014,873.761425
-0.404815,0.729654,0.551117,-0.867045,-0.497739,0.02211,0.290445,-0.468892,0.834135,268.99113,370.091057,-565.947179,74.377474,1.610894,0.584233,2.58701,-86.183988,33.581068,276.741672,33.581068,-475.515758,58.812737,276.741672,58.812737,930.741673
-0.248459,-0.219609,-0.943419,0.92687,0.229032,-0.297415,0.281388,-0.948323,0.146644,410.45897,472.583426,-245.635847,74.953339,5.017779,1.423622,2.853146,-277.428047,-105.768983,12.696188,-105.768983,-275.052881,-302.323819,12.696188,-302.323819,1436.408454
0.147266,0.591244,0.792934,-0.918625,-0.215426,0.33124,0.366662,-0.777189,0.511406,383.25935,-83.662387,-434.694416,84.301512,1.966502,1.033976,2.700775,-180.128447,161.264772,-137.302862,161.264772,-237.633117,105.080681,-137.302862,105.080681,912.385506
0.350663,0.446361,-0.823284,0.556635,0.607624,0.566525,0.753122,-0.656928,-0.035389,-361.120239,-51.873939,-554.219213,65.51193,4.109675,1.606192,2.288079,-337.949845,220.280328,281.736485,220.280328,-29.216434,197.10573,281.736485,197.10573,1167.123732
-0.166917,0.654927,0.737028,-0.762505,0.38816,-0.517608,-0.62508,-0.648385,0.434594,-66.417571,40.468938,-374.992695,79.224754,0.958534,1.121209,3.908693,-131.454986,35.372947,-54.985676,35.372947,-338.154308,7.062575,-54.985676,7.062575,1090.431943
-0.743522,-0.512285,-0.429814,0.526291,-0.051757,-0.848728,0.412544,-0.857255,0.308094,-316.878792,-91.247622,-399.751673,105.926256,5.814414,1.257608,2.693066,-47.357926,-5.440999,5.08323,-5.440999,-69.491464,91.536369,5.08323,91.536369,1035.551634
0.407346,-0.569674,-0.713821,0.88841,0.428313,0.165155,0.211655,-0.701441,0.680575,54.056412,455.171249,-548.67823,77.463721,4.485023,0.822249,2.848537,-191.608558,-240.495148,-201.420257,-240.495148,-337.177883,-148.760838,-201.420257,-148.760838,828.292327
0.351941,0.546075,-0.760223,-0.535192,0.783724,0.315192,0.767923,0.295937,0.56808,487.500933,85.772531,-509.839473,109.2045,4.319357,0.966625,1.202963,-87.159647,-68.325259,55.686619,-68.325259,-78.273878,-46.925725,55.686619,-46.925725,1045.885587
0.098291,0.421168,-0.901641,-0.222509,0.892391,0.392591,0.969963,0.162035,0.181428,500.848612,50.53966,-583.509322,90.62015,4.301727,1.388358,1.405272,-237.788655,42.256372,70.424011,42.256372,-345.936501,-84.259011,70.424011,-84.259011,1265.692194
0.02819,-0.769906,-0.637534,0.804095,-0.361424,0.472021,-0.593832,-0.525944,0.60889,-141.092799,-228.895472,-350.078384,118.620802,4.07507,0.916136,3.987542,-49.652605,-64.688973,45.221019,-64.688973,-38.549946,-60.066295,45.221019,-60.066295,945.072977
0.036726,-0.762305,0.646175,0.580178,0.542743,0.607309,-0.813661,0.352593,0.462206,63.199231,226.30823,-327.289076,109.692283,2.325198,1.090315,5.121303,-144.853611,12.94357,-53.55418,12.94357,-35.688535,-109.326849,-53.55418,-109.326849,1044.073499
0.224105,0.391267,-0.892573,-0.045417,0.919066,0.391477,0.973506,-0.047194,0.223738,424.331222,-314.689881,-301.433338,101.934977,4.299061,1.345148,1.619236,-356.251637,81.912729,63.611812,81.912729,-193.057848,-146.148837,63.611812,-146.148837,1362.72917
0.093925,-0.852823,-0.513684,0.900253,-0.147565,0.409597,-0.425115,-0.500917,0.753896,-284.372898,-91.702867,-575.794579,93.696525,4.039253,0.716824,3.845316,-227.602336,-165.917664,-169.52592,-165.917664,-198.078108,83.021564,-169.52592,83.021564,943.730186
-0.745558,0.153639,-0.648489,0.561907,0.668119,-0.487727,0.358335,-0.728019,-0.584452,250.507017,-151.436192,-434.32519,71.956632,5.35723,2.195001,2.6842,-49.640312,-206.512257,138.399491,-206.512257,-420.301963,111.375034,138.399491,111.375034,919.515582
0.246071,-0.649046,-0.719853,0.849648,0.501839,-0.162037,0.46642,-0.571749,0.674948,431.993292,486.544981,-532.501156,131.30651,4.933796,0.829902,2.457305,-115.030154,-30.156469,30.010234,-30.156469,-6.507431,5.217242,30.010234,5.217242,943.206122
-0.065311,0.885073,0.460848,-0.549839,-0.417318,0.723549,0.832713,-0.206137,0.513903,235.665804,-216.146003,-407.508418,93.211916,2.574462,1.031068,1.813467,-87.714841,106.348355,157.023425,106.348355,-448.438365,121.922588,157.023425,121.922588,937.884245
0.863086,-0.462255,-0.203478,0.405801,0.394847,0.82427,-0.30068,-0.793988,0.52837,132.762757,461.518808,-251.137852,77.994403,3.383612,1.014116,3.5036,-238.422267,-259.606335,247.587072,-259.606335,-466.02965,-69.574913,247.587072,-69.574913,1019.821276
0.43855,-0.897436,-0.047782,0.898298,0.439333,-0.006802,0.027096,-0.039939,0.998835,-177.389339,-360.477809,-262.508024,85.69867,4.853795,0.048282,2.545481,-442.400793,-88.3823,-76.34143,-88.3823,-218.942043,44.023355,-76.34143,44.023355,1227.365927
0.483381,0.651011,-0.585259,-0.194714,0.731762,0.653154,0.853481,-0.201764,0.480481,65.10703,104.706348,-319.795964,113.243463,3.872221,1.069593,1.802936,-41.451811,47.054751,78.367307,47.054751,-71.608936,-99.379408,78.367307,-99.379408,1174.396968
-0.301193,0.355416,0.884852,-0.733323,0.506815,-0.453185,-0.609525,-0.785378,0.107986,354.80566,-377.480833,-341.931487,70.163051,1.097469,1.4626,3.801584,-286.040209,306.948664,-254.988123,306.948664,-237.768178,-29.732387,-254.988123,-29.732387,990.955647
0.044849,-0.402251,-0.91443,0.918198,0.377221,-0.120902,0.393575,-0.834206,0.386264,67.383079,-246.208489,-459.906772,94.496231,4.843843,1.174219,2.700762,-292.39477,-90.398947,164.182762,-90.398947,-270.868165,-174.425243,164.182762,-174.425243,1262.387998
0.4506,0.521236,0.724757,-0.745777,-0.226449,0.626528,0.490689,-0.822821,0.286688,-267.132651,276.700491,-583.976894,75.967981,2.283629,1.280028,2.603861,-339.604793,-17.177418,214.62105,-17.177418,-490.737381,60.4544,214.62105,60.4544,875.259336
0.039539,0.829263,-0.557458,-0.788738,0.368414,0.492101,0.613457,0.420231,0.668638,142.108088,323.83574,-518.564723,80.466016,3.989181,0.838421,0.970194,-245.115177,-74.055933,-131.925852,-74.055933,-70.525413,-45.401048,-131.925852,-45.401048,928.884949
-0.066493,0.646854,-0.75971,0.186593,0.756024,0.627384,0.980185,-0.10004,-0.170969,295.241919,460.677392,-515.85331,71.900474,4.022101,1.742609,1.672506,-64.455067,38.779926,-120.006968,38.779926,-403.343952,48.450384,-120.006968,48.450384,1370.659285
-0.210808,-0.927317,-0.309261,0.963534,-0.250456,0.094199,-0.164809,-0.278126,0.9463,-329.724597,102.429912,-371.552717,81.568372,4.416723,0.329203,3.67653,-117.620705,-74.296439,-107.222867,-74.296439,-72.431847,97.015845,-107.222867,97.015845,1113.5949
0.719021,0.571381,0.395643,-0.606943,0.238918,0.757983,0.338571,-0.785138,0.518583,290.478361,394.818345,-581.901084,74.360529,2.660526,1.025604,2.734462,-637.009301,263.208087,-163.516367,263.208087,-344.235046,-12.85779,-163.516367,-12.85779,1072.53419
-0.626941,0.757115,0.183635,-0.762075,-0.644948,0.057304,0.16182,-0.104017,0.981323,374.588475,-32.504621,-389.65993,86.654107,1.873274,0.193575,2.14209,-126.489867,43.10091,40.321962,43.10091,-551.615647,94.137379,40.321962,94.137379,1526.715979
-0.174023,0.677382,-0.714751,0.706833,0.591291,0.388281,0.68564,-0.43764,-0.581694,162.054464,-169.550142,-468.030079,88.708771,4.214751,2.191607,2.138899,238.19679,-16.463209,102.605731,-16.463209,-301.502933,11.247794,102.605731,11.247794,968.479832
0.338806,0.578996,-0.741602,0.206326,0.723311,0.658977,0.917954,-0.376277,0.1256,-249.068698,-229.088863,-574.731046,91.855233,3.985916,1.444863,1.959815,-608.30486,-158.587063,17.416196,-158.587063,-288.937333,-4.915903,17.416196,-4.915903,1199.648822
0.099418,-0.625327,-0.774004,0.729045,0.575169,-0.371043,0.677207,-0.527396,0.513074,-258.80456,36.906189,-286.941217,70.210308,5.159406,1.032034,2.232464,-814.890677,62.32049,120.355287,62.32049,242.75718,300.051334,120.355287,300.051334,770.919502
0.438967,0.524306,-0.729665,0.35041,0.647889,0.676352,0.827358,-0.552578,0.10068,-151.458235,1.858857,-493.339548,101.806792,3.964891,1.469946,2.15964,-340.57767,140.506455,190.718913,140.506455,81.104639,-141.326029,190.718913,-141.326029,1225.277963
0.2146,0.963748,-0.158546,-0.285205,0.217087,0.933558,0.934133,-0.155123,0.321453,-315.478896,398.541727,-211.968249,71.19015,3.309818,1.243533,1.735356,-438.154665,36.989692,270.703703,36.989692,-704.677892,-15.934488,270.703703,-15.934488,1477.394315
-0.308578,-0.603413,0.735304,0.423948,0.604756,0.674195,-0.851497,0.519773,0.069201,67.222048,139.202173,-529.331833,83.363515,2.312866,1.50154,5.260436,-627.897567,-39.078265,218.402673,-39.078265,-308.471824,-24.987277,218.402673,-24.987277,1069.72107
0.373011,0.593676,-0.71303,0.530697,0.493856,0.688816,0.761068,-0.635338,-0.130848,-219.608864,120.3391,-356.358611,95.006268,3.944262,1.702021,2.266399,-269.551617,49.773608,-16.369876,49.773608,-53.144466,51.102027,-16.369876,51.102027,1101.928609
0.82523,-0.490716,-0.279632,0.448791,0.269134,0.852146,-0.342903,-0.828713,0.442326,111.452415,-15.973323,-572.2687980000001,104.901042,3.458671,1.112605,3.53392,-244.746424,-35.145517,23.247069,-35.145517,-308.566042,-91.687734,23.247069,-91.687734,1049.783221
0.057235,-0.241084,0.968815,-0.169297,0.954008,0.247401,-0.983902,-0.178178,0.013788,5.128785,-340.409053,-455.335823,67.932406,1.820817,1.557008,4.533237,-592.480175,147.732946,-160.883972,147.732946,-373.879227,162.68075,-160.883972,162.68075,1452.497655
-0.712111,-0.518784,-0.473034,0.693553,-0.415212,-0.588713,0.109006,-0.747303,0.655481,22.585336,-299.034076,-384.711627,86.471204,5.606311,0.855976,2.996749,-17.393302,-15.076432,-23.090312,-15.076432,-194.306558,1.756485,-23.090312,1.756485,1139.90917
0.05807,0.939524,-0.337524,-0.89656,0.197788,0.396307,0.439099,0.279597,0.853826,432.622507,45.389126,-335.821721,73.743325,3.847057,0.547506,1.003791,-407.451513,148.974426,-35.78531,148.974426,-542.015486,279.163367,-35.78531,279.163367,1063.467166
0.815638,-0.169527,-0.553168,0.525191,0.61804,0.584979,0.24271,-0.76765,0.593132,445.332704,154.345092,-293.926783,66.10447,3.899048,0.935853,2.835365,-797.232479,-63.946607,-24.532047,-63.946607,-219.707559,-148.830475,-24.532047,-148.830475,1240.144521
0.372679,0.819698,-0.434978,-0.656844,0.564131,0.500313,0.65549,0.099257,0.748653,-287.758675,-259.22393,-351.564722,97.318474,3.857249,0.724768,1.420514,-148.053462,165.601579,4.048901,165.601579,-56.912922,46.842285,4.048901,46.842285,779.779829
-0.54299,0.269174,-0.795429,0.589639,0.796654,-0.132922,0.597902,-0.541192,-0.59129,432.159422,373.516461,-221.420979,63.78425,4.877967,2.203454,2.30645,-211.627146,93.217779,-80.284708,93.217779,-529.344499,-13.104386,-80.284708,-13.104386,1102.663982
-0.685034,-0.724891,-0.072532,0.727728,-0.676282,-0.114258,0.033772,-0.131054,0.9908,-7.516312,317.28516,-393.398667,72.996728,5.717559,0.135752,2.889385,-947.833079,-47.994361,72.213405,-47.994361,-332.214935,103.262783,72.213405,103.262783,1330.6609
-0.443366,-0.088693,-0.891942,0.522789,0.78272,-0.337699,0.728092,-0.616022,-0.300664,457.132936,268.989582,-278.979064,106.388693,5.074322,1.876185,2.273008,-143.9394,48.985025,-1.330706,48.985025,-13.097624,26.751934,-1.330706,26.751934,869.834826
-0.03362,-0.508282,0.860534,0.158933,0.847345,0.506702,-0.986717,0.153803,0.052295,420.408028,476.88511,-527.879475,100.631049,2.102957,1.518478,4.867018,-369.450359,-124.47782,-0.615253,-124.47782,-121.709465,-0.563367,-0.615253,-0.563367,1237.869925
-0.099387,-0.657512,0.74686,-0.355423,0.72452,0.590547,-0.929407,-0.206759,-0.305703,-14.875514,-342.62866,-543.165931,101.083267,2.239844,1.881473,4.49349,-199.884216,-39.585029,96.641169,-39.585029,-252.792691,196.593867,96.641169,196.593867,1192.835721
-0.536886,0.659731,0.525841,-0.582381,-0.740778,0.334783,0.610398,-0.1265,0.781928,407.139036,170.113169,-513.876564,77.492086,2.137738,0.673043,1.775145,377.787646,91.047896,7.111305,91.047896,-112.094488,-37.196369,7.111305,-37.196369,1227.857601
-0.665862,-0.42468,-0.613413,0.74422,-0.320137,-0.586215,0.052578,-0.846852,0.529223,337.568402,305.298941,-228.835246,89.517357,5.47512,1.013112,3.079586,-74.025556,40.972565,0.098017,40.972565,-38.894522,215.584603,0.098017,215.584603,1411.655497
-0.763133,0.052731,0.644087,-0.612052,0.260913,-0.746537,-0.207416,-0.963921,-0.166837,29.709916,411.893523,-488.984616,115.10204,0.711859,1.738417,3.35354,-244.308951,66.678035,-96.48666,66.678035,-196.157394,-250.447162,-96.48666,-250.447162,1313.819934
0.372806,0.912041,-0.170871,-0.229827,0.269167,0.935269,0.898997,-0.309403,0.309959,287.410356,168.449786,-436.024626,67.192158,3.322296,1.255647,1.902264,-486.823181,58.771372,232.320021,58.771372,-331.253882,-40.627689,232.320021,-40.627689,1697.325241
-0.790617,0.065397,0.608808,-0.542194,0.387232,-0.745706,-0.284517,-0.91966,-0.270695,-284.005747,7.087899,-268.116178,70.475407,0.684673,1.844911,3.441625,-699.019994,-59.532225,-9.164918,-59.532225,-73.667995,-90.939608,-9.164918,-90.939608,1058.656184
0.586889,0.504286,-0.633448,0.42814,0.470741,0.771426,0.68721,-0.723947,0.060368,240.224316,370.264596,-476.635651,85.093539,3.829091,1.510391,2.382222,-216.896178,22.55201,-35.539969,22.55201,-258.738673,-2.475361,-35.539969,-2.475361,1287.70485
-0.076027,-0.539647,0.838452,-0.590705,0.701818,0.398144,-0.803298,-0.465008,-0.372129,-265.099631,79.932118,-499.384464,127.592885,2.014127,1.952098,4.187648,-69.011406,-87.221683,33.631864,-87.221683,114.272945,49.540849,33.631864,49.540849,1072.411541
-0.422395,0.730755,-0.536264,-0.698105,0.11508,0.706687,0.578129,0.672869,0.461535,164.597578,-14.41607,-292.740698,104.635388,3.790729,1.091072,0.70981,173.110674,138.300338,3.736376,138.300338,-90.187999,163.633227,3.736376,163.633227,1148.337831
0.599083,0.52604,-0.60364,0.539674,0.291638,0.789746,0.591483,-0.798892,-0.109174,339.434267,-358.170518,-457.84589,79.130994,3.794213,1.680189,2.504277,-293.990419,-37.045078,-19.117671,-37.045078,-171.830279,23.001445,-19.117671,23.001445,942.456494
-0.831718,0.554002,-0.036438,-0.512926,-0.741615,0.432336,0.212492,0.378271,0.900976,298.283737,268.943051,-396.407498,102.204984,3.225675,0.448782,0.511816,-495.376204,116.583088,-135.347822,116.583088,-467.000871,152.2821,-135.347822,152.2821,1220.329333
-0.150474,0.784828,-0.601167,-0.221481,0.565872,0.794188,0.963485,0.252651,0.088675,238.932905,294.939434,-333.110184,116.378861,3.789532,1.482004,1.314344,-242.797548,169.190751,-254.996278,169.190751,-345.842143,-57.185007,-254.996278,-57.185007,1295.098434
-0.444772,0.70393,-0.55377,-0.593784,0.23113,0.770713,0.670521,0.671611,0.315182,301.497267,119.430949,-375.010046,99.693877,3.764638,1.250147,0.784586,175.227926,110.76177,-57.096031,110.76177,91.441145,18.966128,-57.096031,18.966128,1065.496235
-0.085992,-0.261041,0.96149,-0.896016,0.442222,0.039926,-0.435614,-0.858078,-0.271925,-225.02906,272.981983,-236.045492,84.606692,1.612297,1.846189,3.611352,-86.626627,-185.152318,202.17688,-185.152318,-133.156243,-315.940714,202.17688,-315.940714,1258.946796
-0.203449,0.881758,-0.425572,-0.762841,0.129714,0.633442,0.613745,0.453516,0.646251,295.201776,-2.694219,-438.00986,77.984628,3.733169,0.868135,0.934416,-538.170182,252.923163,-297.92436,252.923163,-267.242576,63.980479,-297.92436,63.980479,1028.362229
0.524108,0.193165,0.829456,-0.756086,0.553792,0.34878,-0.391974,-0.809939,0.436296,263.571674,-358.761159,-512.611951,76.528645,1.968843,1.119318,3.592322,-177.373352,-47.782311,-25.32027,-47.782311,-347.960672,11.914856,-25.32027,11.914856,1036.493985
0.324224,-0.274658,0.90523,-0.529098,0.740597,0.414212,-0.784177,-0.613253,0.094798,263.682172,475.828582,-556.079805,83.924508,1.999933,1.475856,4.048699,-314.3813,-150.849546,-198.566495,-150.849546,-150.407775,161.115248,-198.566495,161.115248,1011.377251
0.025435,-0.531356,0.846767,-0.381492,0.777778,0.499524,-0.924022,-0.33574,-0.182925,430.719341,-352.285762,-401.396292,99.489098,2.103771,1.754758,4.363874,-449.471451,44.168007,-97.538915,44.168007,-44.727834,238.214581,-97.538915,238.214581,1250.486792
-0.563244,-0.195151,-0.802915,0.824584,-0.070325,-0.561352,0.053083,-0.978249,0.200528,-287.441695,-89.699292,-564.051684,87.212798,5.322539,1.368899,3.087383,-305.219632,92.930709,-20.836692,92.930709,-250.456874,95.879875,-20.836692,95.879875,1216.344663
-0.650181,0.554352,0.519575,-0.586887,0.067864,-0.80682,-0.482523,-0.829511,0.281218,107.665446,120.502186,-240.689765,95.013963,0.572131,1.285733,3.668444,125.622443,133.838745,-79.156512,133.838745,-383.28355,113.826243,-79.156512,113.826243,1042.621425
0.677724,-0.515234,-0.524619,0.55405,-0.11126,0.825015,-0.483445,-0.849797,0.210062,496.824054,321.714376,-498.504396,131.338608,3.707985,1.359158,3.658827,-133.992567,83.563061,114.789479,83.563061,-116.804871,38.230383,114.789479,38.230383,1122.320532
-0.842912,0.083968,0.531459,-0.532029,0.017296,-0.84655,-0.080275,-0.996318,0.030095,349.807878,79.986085,-273.25669700000003,90.048186,0.560606,1.540697,3.221991,-75.889755,75.783662,10.417087,75.783662,-443.035295,40.83418,10.417087,40.83418,1516.970915
-0.559391,0.533238,0.634617,-0.745584,0.010854,-0.666324,-0.362197,-0.845896,0.391501,532.736797,107.083848,-280.990703,67.637991,0.761031,1.168534,3.546155,-22.009664,65.860936,-172.5401,65.860936,-538.053095,121.75453,-172.5401,121.75453,1313.022087
-0.853645,0.070028,0.516126,-0.520261,-0.067323,-0.85135,-0.024871,-0.995271,0.093903,86.565891,281.16173,-431.275927,86.061786,0.544998,1.476755,3.166577,-341.3793,27.290337,-153.231223,27.290337,-306.375915,116.133319,-153.231223,116.133319,1293.740731
0.509133,0.696822,-0.505196,0.23441,0.452516,0.860396,0.828152,-0.556479,0.067048,-238.094921,167.680177,-572.976152,71.706154,3.672523,1.503698,2.162449,-262.043374,-14.410969,231.326431,-14.410969,-457.182387,-4.365881,231.326431,-4.365881,1040.721396
-0.46808,-0.031516,-0.883124,0.827715,0.334377,-0.450644,0.309499,-0.941912,-0.130428,63.578373,-68.264675,-435.094765,106.597058,5.18423,1.701597,2.824121,-332.263647,85.304462,64.128395,85.304462,-321.73924,-146.293553,64.128395,-146.293553,1136.03385
-0.583423,-0.464108,0.666499,-0.511558,0.847388,0.142274,-0.630814,-0.257947,-0.731804,-16.962307,455.48743,-419.818844,149.714505,1.781104,2.391762,4.324224,-143.977997,-23.168309,50.76056,-23.168309,-96.558026,-4.163828,50.76056,-4.163828,1021.86278
-0.12499,-0.070458,-0.989653,0.361452,0.925693,-0.111554,0.923975,-0.371655,-0.090235,79.068391,89.335133,-430.019205,83.680445,4.824636,1.661154,1.953228,-712.240641,5.137278,-30.255107,5.137278,-253.37439,90.126653,-30.255107,90.126653,1120.130355
-0.301061,-0.461076,0.834728,-0.290659,0.878056,0.380177,-0.908229,-0.128164,-0.398364,408.001765,24.420805,-453.034527,73.170922,1.998173,1.980529,4.5722,347.649783,71.562703,32.820833,71.562703,-541.798924,124.002167,32.820833,124.002167,1017.316064
-0.00689,-0.560547,-0.828094,0.573818,0.675987,-0.462358,0.818954,-0.478361,0.316995,-153.149902,103.002414,-526.001674,74.716725,5.221612,1.248237,2.099452,-87.063866,-119.788209,-23.585858,-119.788209,-407.6874,113.547766,-23.585858,113.547766,1433.204265
-0.086278,-0.949131,-0.302831,0.709435,-0.271941,0.650193,-0.69947,-0.158741,0.696809,49.96016,245.881084,-245.10535,87.297642,3.577472,0.799858,4.489224,-614.162648,130.691669,57.134523,130.691669,-186.886023,-149.449687,57.134523,-149.449687,1267.695505
0.315857,-0.121656,0.940975,-0.691211,0.649882,0.31604,-0.649971,-0.750235,0.12118,-229.959113,349.894326,-548.849275,69.837239,1.894823,1.449318,3.855506,-487.118701,-255.021288,-72.82501,-255.021288,-180.25121,-174.569435,-72.82501,-174.569435,827.713417
-0.382734,0.232099,-0.894228,0.8065,0.556071,-0.200857,0.450636,-0.79807,-0.400015,-306.81071,196.471609,-424.706003,130.112412,4.933336,1.98233,2.627566,-92.351091,-0.338868,-173.908369,-0.338868,154.432601,-72.900265,-173.908369,-72.900265,970.443714
-0.132603,-0.960637,-0.244118,0.401159,-0.277234,0.873048,-0.90636,0.017838,0.42213,153.622332,209.46519,-411.941136,75.467757,3.414245,1.135003,4.732068,-425.870675,173.226499,193.57532,173.226499,-503.652127,-395.10391,193.57532,-395.10391,1072.16539
0.460163,-0.43075,0.77634,0.122927,0.896909,0.424785,-0.879283,-0.100037,0.465675,-55.277905,271.892606,-568.276516,73.923565,2.071459,1.086399,4.599105,-337.211128,-45.317429,-126.87154,-45.317429,-193.821122,-291.27765,-126.87154,-291.27765,853.71436
-0.052709,-0.376152,-0.925058,0.388741,0.845545,-0.36597,0.919838,-0.378898,0.101658,188.457173,-105.719967,-335.697141,79.109961,5.089112,1.468962,1.961534,-339.992678,-186.236234,180.249825,-186.236234,14.592573,121.149792,180.249825,121.149792,1128.429336
0.648284,0.642394,-0.408727,0.199015,0.375184,0.905334,0.734929,-0.668257,0.11538,-162.557081,266.566586,-362.271708,104.579788,3.565665,1.455159,2.308715,165.216739,173.969405,-42.278659,173.969405,-652.484698,-47.520436,-42.278659,-47.520436,1143.731121
0.392701,0.919139,-0.031155,-0.885757,0.387118,0.256076,0.24743,-0.072965,0.966155,269.322625,-193.923,-388.398676,77.861806,3.262661,0.260914,1.857561,-796.431165,273.244543,-94.273199,273.244543,-507.020797,108.226367,-94.273199,108.226367,1287.155016
-0.547879,-0.284497,0.786695,-0.663475,0.720558,-0.201486,-0.509538,-0.632343,-0.583536,-266.344264,484.206502,-396.654669,79.330461,1.320069,2.193872,3.819856,-699.545475,39.431386,3.166017,39.431386,-218.510268,192.46182,3.166017,192.46182,772.949888
0.915879,0.101076,-0.388522,0.387755,0.027934,0.921339,0.103978,-0.994487,-0.013609,240.653105,-169.324725,-542.810287,142.46751,3.540659,1.584406,3.037417,-372.47659,35.965989,-28.93635,35.965989,-331.185571,42.337858,-28.93635,42.337858,1595.054895
0.421353,0.822379,-0.382301,0.199614,0.327111,0.923663,0.884656,-0.465501,-0.026329,170.564709,227.325254,-491.453056,74.613057,3.534021,1.597128,2.055179,-171.010951,-67.748257,98.686752,-67.748257,-647.02166,2.655632,98.686752,2.655632,1127.730486
0.275388,0.788294,-0.550231,0.060098,0.557126,0.828251,0.959453,-0.261158,0.106051,51.32903,-197.670327,-442.620189,83.789793,3.727975,1.464546,1.836553,-316.594861,-162.89052,259.750347,-162.89052,-344.116674,113.664434,259.750347,113.664434,1433.121016
0.375669,0.109349,0.92028,-0.92665,0.029469,0.374768,0.01386,-0.993566,0.112399,172.560659,4.640862,-495.620343,131.331486,1.957522,1.458159,3.127643,-318.851339,-61.993604,-81.31694,-61.993604,-294.551047,2.098034,-81.31694,2.098034,1338.327156
0.216299,0.283386,0.934295,-0.651018,0.755014,-0.07829,-0.727592,-0.591309,0.347798,105.398246,-58.644267,-250.969735,73.716364,1.487196,1.215575,4.029956,249.124081,15.502991,-93.443229,15.502991,-420.715574,-26.480593,-93.443229,-26.480593,1262.5129
0.268738,0.805414,0.528288,-0.791778,-0.127613,0.597329,0.548513,-0.578812,0.603415,269.283255,56.783584,-529.9082510000001,88.564927,2.417454,0.92302,2.383065,60.35084,15.995765,18.220499,15.995765,-251.861774,-42.12744,18.220499,-42.12744,749.724907
0.039692,-0.14274,0.988964,-0.335958,0.930217,0.147745,-0.94104,-0.338114,-0.011032,-244.742381,334.020828,-381.455957,79.074998,1.719093,1.581829,4.367454,-17.941002,13.71448,-171.067446,13.71448,-346.043941,232.089844,-171.067446,232.089844,1314.536689
0.270406,-0.304076,0.913465,0.116618,0.95217,0.282439,-0.955657,0.030153,0.292933,120.110904,-289.651989,-245.992223,83.841915,1.870668,1.273503,4.743931,-574.905534,61.331047,91.001595,61.331047,-179.378611,-88.408005,91.001595,-88.408005,1019.525551
-0.087499,-0.048339,-0.994991,0.488012,0.868677,-0.085118,0.86844,-0.493015,-0.052418,-294.162481,364.437935,-523.723166,76.503424,4.797728,1.623239,2.087128,-256.561963,-109.656245,140.575814,-109.656245,-477.14527,-152.356748,140.575814,-152.356748,1075.476835
0.733486,-0.252321,-0.631136,0.386258,0.918776,0.08158,0.559288,-0.303619,0.77137,83.278618,375.434216,-579.636526,65.010574,4.583843,0.689805,2.068146,-704.570887,-206.113493,-596.903533,-206.113493,-317.686157,-219.43212,-596.903533,-219.43212,916.763171
0.394283,-0.262087,0.880824,0.165957,0.963019,0.212257,-0.90388,0.06249,0.423197,553.900129,304.356401,-357.213143,115.562315,1.807263,1.133825,4.781414,-182.450971,71.317378,-245.123073,71.317378,-245.241023,-93.204364,-245.123073,-93.204364,1172.288609
0.165927,0.964232,0.206701,-0.78719,0.00326,0.616702,0.59397,-0.26504,0.759575,18.651851,328.135736,-365.22865,79.833024,2.818189,0.708137,1.990501,-319.858219,-64.805445,231.062453,-64.805445,-177.630648,216.940025,231.062453,216.940025,1016.832334
0.745046,-0.188604,-0.639793,0.432142,0.867147,0.247609,0.508094,-0.460961,0.727568,499.036866,167.5721,-245.223128,70.07577,4.343127,0.756026,2.307595,-281.698399,31.474839,-41.03718,31.474839,-169.730463,88.546076,-41.03718,88.546076,1042.598917
-0.058711,-0.988018,-0.142734,0.490368,-0.153084,0.857965,-0.869535,-0.01962,0.493481,2.217803,474.245034,-443.613684,124.734386,3.306446,1.054709,4.689829,-15.687424,22.464824,6.045791,22.464824,-147.547938,-241.819775,6.045791,-241.819775,1111.853353
0.207287,0.918173,0.337625,-0.977159,0.177809,0.116381,0.046825,-0.354037,0.934058,-40.63074,270.400898,-491.929725,80.933698,1.902746,0.365183,3.010095,-329.201068,189.486021,212.879496,189.486021,-296.576392,-168.978494,212.879496,-168.978494,902.489972
0.106466,0.87573,0.470917,-0.780621,-0.219732,0.585106,0.61587,-0.429901,0.660219,585.412322,-193.254675,-243.493524,73.629902,2.463907,0.849686,2.180205,-105.56546,-187.447829,74.164606,-187.447829,-94.779517,-25.398062,74.164606,-25.398062,795.016293
0.060173,0.996715,-0.0542,-0.787718,0.080766,0.610718,0.61309,0.005945,0.789991,-177.374891,233.682348,-354.669259,126.986944,3.230109,0.660002,1.561099,-468.522805,-40.739556,23.914036,-40.739556,243.352667,-155.472096,23.914036,-155.472096,1038.887191
0.07533,-0.086668,0.993385,-0.817606,0.564921,0.111287,-0.570829,-0.820581,-0.028304,-314.943441,-251.542381,-543.812038,103.911164,1.682359,1.599105,3.749386,-92.615567,-129.461855,72.497239,-129.461855,37.70676,-179.391271,72.497239,-179.391271,1035.326432
0.253756,-0.060691,-0.965362,0.650541,0.749298,0.123894,0.715824,-0.659446,0.229621,-88.723118,0.886539,-533.88487,78.142803,4.584747,1.339108,2.315223,-172.656393,92.159544,36.522297,92.159544,-126.275113,-32.36704,36.522297,-32.36704,1295.859847
-0.009824,0.445058,-0.895448,-0.442976,0.800891,0.402921,0.89648,0.40062,0.189282,-171.354021,226.818261,-455.26094,68.612365,4.289563,1.380365,1.150538,-599.4296,1.715926,178.994192,1.715926,-252.384138,-130.638208,178.994192,-130.638208,1179.779106
0.357338,-0.030245,-0.933485,0.249713,0.966184,0.064286,0.899974,-0.256075,0.352807,-243.991654,-307.104765,-492.515274,82.085328,4.643631,1.210227,1.848006,-509.66389,-192.888132,-124.867591,-192.888132,-240.456563,272.568036,-124.867591,272.568036,1009.035231
-0.028781,-0.944102,-0.328395,0.994385,0.006427,-0.105627,0.101833,-0.329591,0.938616,-262.947016,75.029561,-513.346874,115.740864,5.023583,0.352201,2.841929,23.572709,-16.658286,-72.008851,-16.658286,-198.835773,13.681343,-72.008851,13.681343,1264.190266
-0.316844,0.939404,0.130884,-0.29315,-0.228229,0.928426,0.902038,0.255798,0.347699,-299.578296,-253.61176,-396.925576,119.244263,3.001541,1.21568,1.294473,-301.768592,56.242359,-55.710392,56.242359,100.706485,-16.139151,-55.710392,-16.139151,964.200383
-0.15158,0.119897,0.981146,-0.971924,0.162644,-0.17003,-0.179964,-0.979373,0.091877,-306.708827,363.248964,-346.847175,149.839471,1.399203,1.478789,3.323319,-210.607339,9.030519,-53.761241,9.030519,-108.468809,-73.080469,-53.761241,-73.080469,1393.594077
0.210776,0.157704,-0.964729,0.529902,0.810886,0.248329,0.821449,-0.563554,0.087348,393.163364,-235.151168,-567.126133,86.415773,4.46045,1.483337,2.172097,-390.462205,-0.408455,-82.84373,-0.408455,-20.130175,145.488464,-82.84373,145.488464,1055.699672
0.802133,0.58607,0.114475,-0.448628,0.464936,0.763261,0.394101,-0.663593,0.635868,373.600354,307.021498,-971.204361,75.438333,2.992721,0.881663,2.605679,23.732788,72.309953,-281.377952,72.309953,-510.325571,-1.684597,-281.377952,-1.684597,793.185499
0.232709,0.467046,-0.853062,-0.023302,0.879568,0.475202,0.972267,-0.090706,0.215567,-233.376469,-37.975385,-922.305274,102.701131,4.204146,1.353524,1.66382,-362.988781,37.247669,11.156249,37.247669,-319.236921,-71.409287,11.156249,-71.409287,1199.962983
-0.044833,-0.941617,0.333687,0.279087,0.308918,0.909219,-0.959219,0.133891,0.248944,255.793744,450.033208,-728.623077,75.712492,2.789851,1.319207,4.851076,-696.49204,-186.710879,98.393215,-186.710879,14.069429,13.196041,98.393215,13.196041,1454.306998
-0.455086,0.595022,0.662454,-0.872956,-0.444862,-0.200116,0.175627,-0.669363,0.721878,117.355573,269.960243,-677.221636,101.379288,1.27743,0.764284,2.884997,-164.984537,4.642791,42.823326,4.642791,-111.472485,75.18721,42.823326,75.18721,1104.499891
0.336709,0.719235,-0.607723,-0.663324,0.639257,0.38904,0.668303,0.272124,0.69233,214.849658,-145.474822,-725.886021,99.748713,4.142962,0.806084,1.18411,-160.064536,39.812836,-13.486305,39.812836,-338.790131,-78.347123,-13.486305,-78.347123,1104.652638
-0.342076,0.936956,0.071397,-0.808371,-0.332164,0.486008,0.479084,0.108536,0.871033,32.058556,305.148512,-826.085592,130.584739,2.995731,0.513495,1.348007,-261.291764,-0.75319,-22.535604,-0.75319,-91.523953,111.54067,-22.535604,111.54067,1039.614056
0.819906,-0.082104,0.56658,-0.281682,0.803728,0.524095,-0.498407,-0.589304,0.635855,265.042981,451.58105,-807.543292,83.244559,2.317262,0.881681,3.843617,-1664.12919,44.229832,-106.835937,44.229832,-139.660068,-55.973234,-106.835937,-55.973234,941.525992
-0.557948,0.829872,0.002619,-0.743729,-0.501427,0.442083,0.368186,0.244711,0.89697,540.866889,454.79222,-821.280803,95.91286,3.135667,0.457928,0.984198,-83.206176,-17.315378,32.665202,-17.315378,-217.7696,94.78837,32.665202,94.78837,1235.826496
-0.494399,-0.537867,-0.682839,0.739808,0.152048,-0.655413,0.456349,-0.829205,0.322746,-156.450034,46.603216,-844.5808930000001,106.785021,5.477296,1.242167,2.638485,-94.904463,-141.095345,-62.916263,-141.095345,15.215911,-33.509973,-62.916263,-33.509973,1116.56765
0.824631,0.106315,0.55559,-0.289297,0.923279,0.252713,-0.486098,-0.369125,0.792121,93.571534,46.216688,-777.394486,72.446471,1.99768,0.65652,4.062922,-85.887352,-127.477358,69.645135,-127.477358,-763.673415,111.620744,69.645135,111.620744,963.996986
0.086198,0.543187,0.835175,-0.749615,0.587536,-0.304758,-0.656237,-0.599791,0.457826,17.562963,-372.798573,-837.087461,176.004438,1.220907,1.095248,3.971901,-580.507091,63.355567,15.50255,63.355567,16.326426,70.146205,15.50255,70.146205,1128.007429
-0.328647,-0.752293,0.571005,0.313148,0.483591,0.817361,-0.891027,0.447433,0.076648,422.36849,403.408422,-992.538623,73.264733,2.531809,1.494073,5.177758,-446.460132,-152.502734,84.526624,-152.502734,-255.41263,41.900664,84.526624,41.900664,1175.361928
0.276177,0.488703,-0.827584,0.050527,0.852501,0.520278,0.959778,-0.185504,0.210748,76.278893,-362.480329,-985.729482,87.819772,4.151154,1.358456,1.761721,-499.288166,-24.758532,398.183523,-24.758532,-370.9868,25.024033,398.183523,25.024033,1241.633086
-0.074477,0.52496,-0.847862,-0.14796,0.834996,0.52999,0.986185,0.164922,0.015485,277.148724,374.137373,-663.046434,97.691708,4.153725,1.555311,1.405097,49.392184,127.155495,3.773938,127.155495,-323.327005,-101.458668,3.773938,-101.458668,1315.528699
-0.494552,0.202224,0.845295,-0.834418,0.161709,-0.526875,-0.243239,-0.965896,0.088766,-24.414494,51.069097,-964.422392,89.266659,1.013418,1.481913,3.38829,-583.786417,75.762227,-34.324792,75.762227,-267.548525,-113.359383,-34.324792,-113.359383,1337.411122
0.780139,0.595928,0.190405,-0.498417,0.408102,0.764875,0.378106,-0.691609,0.615396,-71.327781,-392.449524,-946.955733,76.900296,2.897616,0.907908,2.641284,-609.350999,89.43867,-69.072502,89.43867,-214.010601,-56.009185,-69.072502,-56.009185,686.332478
0.621641,0.177443,0.762939,-0.219247,0.974488,-0.048002,-0.751993,-0.137432,0.644686,475.848886,-108.870417,-637.277163,105.881326,1.507962,0.870184,4.531627,-101.418223,-6.585331,59.765381,-6.585331,-66.306541,97.971777,59.765381,97.971777,1089.405796
-0.458913,0.814656,0.354592,-0.385018,-0.542022,0.746976,0.800725,0.206273,0.562398,220.185209,96.309164,-778.320639,97.33434,2.698387,0.973513,1.318671,-182.113688,-9.702938,36.528216,-9.702938,-172.741873,145.41922,36.528216,145.41922,1016.657638
-0.305092,0.262648,0.915388,-0.879141,0.291841,-0.376748,-0.3661,-0.919698,0.141867,-144.411765,70.501992,-858.984474,96.26662,1.180354,1.42845,3.52043,-183.96369,88.61334,-156.139661,88.61334,-24.89311,-184.672532,-156.139661,-184.672532,1250.301855
-0.245239,0.795217,0.554515,-0.697848,-0.541844,0.468416,0.672953,-0.272094,0.687823,177.813077,386.891369,-992.341179,82.942179,2.272223,0.812311,1.955028,315.248124,98.905515,-12.102058,98.905515,-333.375193,-256.845158,-12.102058,-256.845158,1124.907485
0.109072,-0.785911,0.608644,-0.375765,0.534265,0.757207,-0.920274,-0.311297,-0.237044,394.813115,90.78404,-797.770265,97.025631,2.464538,1.810118,4.386206,-468.10733,-82.557569,4.214024,-82.557569,-285.779425,135.934424,4.214024,135.934424,1195.371013
-0.431292,0.231959,0.871884,-0.888446,-0.277366,-0.365694,0.157005,-0.932343,0.325709,-99.672101,-192.771617,-768.082671,82.41051,1.173654,1.239035,2.97476,-335.392536,143.165091,-93.189633,143.165091,-616.722282,29.103321,-93.189633,29.103321,1257.934533
0.665495,-0.718921,0.200671,0.298602,0.502832,0.81117,-0.684071,-0.479909,0.549303,312.639095,368.666882,-846.104889,74.057295,2.899077,0.989266,4.100625,-346.918609,-76.049836,-42.961277,-76.049836,-137.430437,-180.308053,-42.961277,-180.308053,1103.990798
0.195284,0.681353,0.705424,-0.806118,0.521188,-0.280244,-0.558604,-0.513927,0.65103,276.768121,484.184998,-834.353441,114.760313,1.192645,0.861855,3.968622,-231.964985,101.251325,-25.980875,101.251325,-142.133403,-71.799068,-25.980875,-71.799068,836.456051
-0.562968,0.421884,0.710691,-0.825734,-0.250607,-0.505331,-0.035087,-0.871327,0.489447,-174.278692,175.069308,-691.453581,102.730086,0.952698,1.05934,3.181839,8.687898,-80.714758,56.824845,-80.714758,-274.004022,-83.927316,56.824845,-83.927316,1113.797748
-0.488383,-0.666119,0.563709,0.550539,0.266,0.791297,-0.677045,0.696799,0.236814,-223.361412,15.823273,-732.74823,70.484557,2.522602,1.331711,5.512165,-346.791672,-16.489026,-8.982527,-16.489026,-17.625747,2.808886,-8.982527,2.808886,1046.023961
-0.298683,0.790835,0.534199,-0.696953,-0.563138,0.443995,0.651954,-0.239698,0.719375,384.378069,-381.614715,-878.137967,76.497037,2.26424,0.767894,1.923117,-663.275568,129.774969,286.63517,129.774969,-480.764808,66.849422,286.63517,66.849422,959.241214
0.165887,-0.645462,0.74556,-0.667733,0.482829,0.566576,-0.725682,-0.591823,-0.350901,-326.737893,-156.095377,-922.124285,109.533085,2.220625,1.92933,4.028244,-244.48794,-92.207117,85.775901,-92.207117,79.266829,129.531497,85.775901,129.531497,932.912538
0.519487,0.715286,-0.467438,-0.411325,0.688826,0.596934,0.748962,-0.11783,0.652052,-313.320201,231.855544,-906.398941,148.61805,3.805922,0.860509,1.726842,-87.021025,-7.542149,62.384951,-7.542149,-74.855832,-33.09221,62.384951,-33.09221,949.145922
-0.721202,0.049189,-0.690977,0.530821,0.680127,-0.505624,0.445081,-0.731442,-0.51662,521.226837,-355.870862,-759.361416,66.95269,5.344109,2.113694,2.594948,-721.548554,106.236674,309.257804,106.236674,88.208656,-123.053279,309.257804,-123.053279,1378.106653
0.617832,0.153352,-0.771211,0.545848,0.622324,0.561037,0.56598,-0.767591,0.300785,153.393749,-444.693611,-887.45103,76.746157,4.08346,1.265281,2.506239,-282.172693,-23.036573,-15.052725,-23.036573,-518.082357,-225.265659,-15.052725,-225.265659,859.851112
0.096548,-0.581154,0.808046,-0.788503,0.450772,0.418412,-0.607406,-0.677543,-0.414721,535.87494,-187.473654,-841.984428,77.759989,2.048588,1.998432,3.872461,13.711398,146.170423,-168.554229,146.170423,-289.383364,19.373417,-168.554229,19.373417,796.592296
0.485712,-0.545971,-0.682642,0.850156,0.113452,0.514163,-0.203271,-0.830087,0.519265,-226.619605,-351.260703,-660.964509,78.110629,4.066845,1.024805,3.381746,-209.164841,-33.120334,12.574835,-33.120334,-210.254994,16.915437,12.574835,16.915437,1038.961031
0.895444,0.438053,-0.079304,-0.43211,0.898104,0.081795,0.107054,-0.038975,0.993489,540.180581,31.788454,-793.454544,88.975378,3.911532,0.114176,1.919946,-459.947217,86.079493,14.701893,86.079493,-433.66627,67.836342,14.701893,67.836342,1331.417287
-0.340919,0.72885,-0.59376,0.57803,0.660615,0.479029,0.741388,-0.179901,-0.646514,167.004131,178.613116,-758.839955,90.775583,4.033533,2.273802,1.80885,-134.7794,-51.250621,-93.3486,-51.250621,-80.487421,-14.42191,-93.3486,-14.42191,939.678883
0.834435,0.379699,0.399434,-0.399051,0.916171,-0.037269,-0.380101,-0.128296,0.916004,427.148088,69.59253,-685.468349,75.767371,1.477761,0.412793,4.386865,-558.451528,-153.449698,92.803844,-153.449698,-652.68875,-194.583189,92.803844,-194.583189,1447.762604
0.78899,-0.609218,-0.079681,0.30501,0.275792,0.911541,-0.533352,-0.7435,0.403415,325.856567,173.710589,-746.274479,63.825068,3.228784,1.155551,3.76387,-394.951538,-41.985641,69.777717,-41.985641,-428.514858,-1.482515,69.777717,-1.482515,936.778012
0.611539,0.029571,0.790661,-0.278469,0.943408,0.180099,-0.740591,-0.330312,0.585166,-224.72749,465.581549,-924.587448,97.735057,1.794758,0.945712,4.292856,-128.575025,-29.738905,-151.829864,-29.738905,-166.767318,63.276024,-151.829864,63.276024,925.679929
0.626634,-0.043274,-0.778111,0.776967,0.112121,0.619477,0.060435,-0.992752,0.103881,-166.858519,-172.733872,-669.4440930000001,79.340011,4.040013,1.466727,3.080791,-158.081128,83.636573,55.740292,83.636573,-593.212941,-163.315447,55.740292,-163.315447,1357.248421
0.31594,-0.878448,0.358484,0.36184,0.46084,0.810369,-0.877071,-0.126314,0.463455,521.696264,-95.890336,-906.401021,118.644278,2.725101,1.088906,4.569354,-128.321808,120.231812,-76.092547,120.231812,-93.090556,-175.482018,-76.092547,-175.482018,1027.618125
0.430322,0.687901,-0.584479,-0.170096,0.697691,0.695913,0.886505,-0.200049,0.417241,-140.749715,382.188651,-948.486412,91.361185,3.840179,1.140389,1.792739,-276.449891,-32.026282,187.592737,-32.026282,150.274806,-120.834252,187.592737,-120.834252,914.893725
0.881443,0.145926,0.449181,-0.471946,0.308451,0.825909,-0.018028,-0.93998,0.340752,-321.066062,-267.711836,-913.600963,66.897045,2.643474,1.22308,3.16077,-870.921014,351.248751,131.350298,351.248751,111.958956,25.232345,131.350298,25.232345,878.501097
0.096192,-0.795487,-0.598287,0.951306,-0.103374,0.290397,-0.292854,-0.597088,0.746808,-76.721542,-297.336116,-753.731857,92.824185,4.260506,0.727547,3.597587,99.333817,-52.362676,-255.62434,-52.362676,-211.366015,-168.417847,-255.62434,-168.417847,874.696703
-0.642751,0.765373,-0.032784,-0.763546,-0.636568,0.108535,0.0622,0.094793,0.993552,-282.932262,-428.665233,-910.683373,82.927772,3.434939,0.113623,0.5807,-514.828812,39.659952,-94.013468,39.659952,-457.805612,115.850225,-94.013468,115.850225,1069.993807
-0.072454,0.684415,0.725484,-0.906118,-0.349129,0.238872,0.416775,-0.640067,0.645456,-119.863293,100.473502,-889.134659,104.379891,1.888875,0.869176,2.564414,72.103704,-26.071984,-30.848457,-26.071984,-83.258043,-26.067934,-30.848457,-26.067934,962.904556
0.534104,-0.724328,0.435983,0.232681,0.621729,0.747872,-0.812768,-0.297996,0.500605,-263.994114,392.64124,-976.927423,88.13429,2.613793,1.046498,4.360965,20.189713,110.509694,-130.691945,110.509694,-75.657358,-29.635038,-130.691945,-29.635038,1014.964649
0.450222,0.886337,-0.108197,-0.432862,0.32263,0.841749,0.780981,-0.332139,0.528916,-143.488477,512.19642,-864.61165,71.685024,3.26943,1.013473,1.972909,-47.47578,-220.697335,175.478333,-220.697335,-80.952263,73.649158,175.478333,73.649158,889.535748
0.658013,0.749681,0.070688,-0.593846,0.45892,0.660863,0.462996,-0.476834,0.74717,377.261644,-219.355541,-941.6352,91.149739,3.035035,0.727002,2.370917,-182.973308,-214.381016,-102.326478,-214.381016,-219.980138,25.48453,-102.326478,25.48453,1076.724997
0.181782,0.627573,0.757038,-0.815892,-0.333468,0.472355,0.548885,-0.703527,0.451414,-15.078823,-278.270516,-673.97704,108.375483,2.128641,1.102447,2.479048,-330.798271,-24.639964,114.758111,-24.639964,-46.329071,59.407756,114.758111,59.407756,917.191152
-0.021417,-0.217103,-0.975914,0.998721,0.040082,-0.030834,0.045811,-0.975325,0.215967,61.870008,-174.496206,-650.090673,66.034297,4.743973,1.353115,3.094658,155.859715,423.860997,560.885363,423.860997,-574.77201,106.883882,560.885363,106.883882,1029.7348
-0.458379,0.649528,0.606631,-0.818627,-0.042812,-0.572728,-0.346032,-0.759131,0.551346,-60.559005,477.129181,-675.371898,89.636766,0.814138,0.98682,3.569281,-177.205043,-15.113993,7.157842,-15.113993,-139.449996,-2.588463,7.157842,-2.588463,1165.6748
0.534132,0.624894,-0.569395,-0.285048,0.767202,0.574586,0.795896,-0.1446,0.587912,415.863571,-195.428068,-889.9557580000001,99.163444,3.922453,0.942321,1.750518,-360.487955,79.782671,54.937503,79.782671,-212.27499,97.528583,54.937503,97.528583,1043.692991
0.510111,0.755321,-0.411433,-0.616839,0.654628,0.437003,0.599413,0.030868,0.799845,115.581627,-343.836061,-795.271948,100.077321,3.896862,0.64376,1.519345,-543.626443,143.915925,-18.870258,143.915925,-406.321501,27.231103,-18.870258,27.231103,1020.625283
0.657095,0.574235,0.488344,-0.628242,0.059164,0.775765,0.41658,-0.81655,0.399635,-23.088968,-378.509577,-656.529333,103.919098,2.579764,1.159678,2.669842,-352.723976,-41.976638,-41.502503,-41.976638,-145.179173,55.920874,-41.502503,55.920874,1213.2594
-0.330483,-0.876055,-0.351152,0.794097,-0.459178,0.398202,-0.510088,-0.14725,0.847424,509.853119,392.901734,-986.399061,74.470148,3.864286,0.559682,4.431353,-60.688591,-236.417475,103.766797,-236.417475,-57.196399,77.542928,103.766797,77.542928,1195.552616
-0.332104,-0.428683,-0.840201,0.862379,0.222855,-0.454574,0.382111,-0.875538,0.295677,258.613381,-280.815982,-940.662256,102.347952,5.208319,1.270633,2.73008,-214.423384,-37.931559,246.739903,-37.931559,-68.03364,-119.923435,246.739903,-119.923435,1112.175496
-0.264649,-0.653609,0.709053,-0.668536,0.654255,0.353569,-0.694997,-0.380456,-0.610109,-366.611789,415.408719,-857.068838,100.64874,2.033362,2.226994,4.211528,-308.724576,-143.718905,170.420862,-143.718905,-63.480123,157.30763,170.420862,157.30763,886.694188
0.363872,0.289223,0.885408,-0.421126,0.898951,-0.120579,-0.830813,-0.328993,0.448903,194.739798,-312.266515,-660.93674,145.925129,1.435444,1.105259,4.335345,-125.518107,-30.03282,-127.066801,-30.03282,-62.459186,128.465628,-127.066801,128.465628,1044.364324
0.671253,0.345634,-0.655711,0.295051,0.68693,0.664133,0.679974,-0.639269,0.359124,15.53168,-18.453614,-935.344487,93.652646,3.92061,1.203467,2.325349,-92.769989,-106.610153,-46.042726,-106.610153,-178.330041,-61.842174,-46.042726,-61.842174,918.991268
0.664764,0.213482,0.715901,-0.723921,-0.052542,0.687879,0.184464,-0.975533,0.119616,123.710079,7.730113,-796.897427,86.359039,2.336236,1.450893,2.954708,-207.930305,-62.169461,87.540806,-62.169461,-392.036137,90.855289,87.540806,90.855289,1104.675848
0.644402,0.305179,0.70115,-0.667082,0.672594,0.320341,-0.373829,-0.674153,0.637001,360.192443,517.546089,-892.339192,104.10831,1.999356,0.880195,3.647896,-105.524889,60.834804,33.124653,60.834804,3.596257,54.971937,33.124653,54.971937,870.536833
-0.752488,0.649955,-0.1064,-0.635554,-0.674243,0.376122,0.172723,0.35065,0.920441,-182.372415,-258.739016,-939.585853,101.926198,3.417276,0.401589,0.457693,115.542627,85.616626,28.051178,85.616626,-210.229542,184.606417,28.051178,184.606417,1086.991658
-0.356385,0.751181,0.555623,-0.794792,0.068911,-0.602957,-0.491218,-0.656489,0.572474,536.850575,515.503761,-906.931358,81.417497,0.744565,0.961276,3.783973,-383.59255,8.186081,110.747429,8.186081,-171.864915,12.587565,110.747429,12.587565,1089.652318
0.6326,0.505632,0.586645,-0.676292,-0.008488,0.736585,0.377421,-0.862707,0.336585,-70.517155,471.856739,-922.925556,107.28413,2.469027,1.227508,2.729195,-141.018126,-44.290141,37.979033,-44.290141,-88.655825,-12.166853,37.979033,-12.166853,1019.981951
0.523408,0.525761,-0.670537,0.261932,0.649556,0.71377,0.810824,-0.549228,0.202269,41.597293,323.587816,-940.492722,107.460017,3.89577,1.367122,2.166172,-197.185376,54.60712,-23.159975,54.60712,-194.456533,48.601838,-23.159975,48.601838,1024.247329
0.099259,0.913321,-0.394959,-0.825692,0.297109,0.47954,0.55532,0.278516,0.783612,-250.090564,-151.392743,-779.808264,108.787993,3.830571,0.670337,1.105916,-193.160589,-46.768423,-63.643581,-46.768423,-14.45089,81.783502,-63.643581,81.783502,924.353463
-0.673904,-0.402011,-0.619871,0.724078,-0.526131,-0.445978,-0.146845,-0.749382,0.645649,-184.00602,-382.518019,-804.586596,120.897225,5.336063,0.868923,3.335096,-43.630515,-28.060334,101.867326,-28.060334,-61.429671,35.266265,101.867326,35.266265,890.347806
-0.522694,-0.843423,0.124211,0.615514,-0.272546,0.7395,-0.589859,0.462986,0.661597,292.853967,372.079059,-918.529511,80.199608,2.97518,0.847849,5.37786,-255.316699,140.791748,171.43664,140.791748,-185.442172,-58.354546,171.43664,-58.354546,1023.421376
0.353904,-0.796603,0.490078,0.526301,0.602775,0.599725,-0.773149,0.045684,0.632577,81.603272,386.958325,-943.183222,73.309206,2.456469,0.88592,4.771408,-958.765042,290.732768,18.243165,290.732768,-252.579701,48.085853,18.243165,48.085853,1074.980932
-0.379646,0.145129,-0.913677,0.50628,0.859198,-0.073891,0.774306,-0.490629,-0.399667,136.348232,103.927274,-714.161353,66.219565,4.793085,1.98195,2.135582,-184.582684,-117.182273,-82.855589,-117.182273,-424.195842,177.952465,-82.855589,177.952465,948.511124
-0.605657,-0.448212,-0.657484,0.743737,-0.025097,-0.668001,0.282906,-0.893575,0.348552,115.349727,50.694931,-874.487991,84.44982,5.505721,1.214771,2.834977,-226.178629,0.539474,200.927919,0.539474,-386.248769,99.360212,200.927919,99.360212,1043.856375
0.443899,-0.620945,0.646051,0.524223,0.76468,0.374773,-0.726735,0.172313,0.664954,-183.832261,115.446206,-756.550002,67.444146,2.096454,0.843364,4.945195,-154.935694,171.307196,176.839421,171.307196,-66.520069,-230.741805,176.839421,-230.741805,1383.453552
-0.552972,0.752326,0.358088,-0.776968,-0.620811,0.104474,0.300904,-0.220452,0.927824,549.883653,532.995795,-911.776536,73.272335,1.854672,0.382259,2.203089,-522.696638,-0.558003,222.456241,-0.558003,-434.218854,88.114192,222.456241,88.114192,1128.614334
0.624871,0.685224,0.374171,-0.770596,0.618277,0.154648,-0.125373,-0.38497,0.914374,540.415112,40.082124,-690.690357,102.320439,1.962721,0.416837,3.456431,-0.23234,211.82912,155.651888,211.82912,-371.294143,59.452947,155.651888,59.452947,1069.638127
-0.625031,-0.756209,-0.193607,0.780521,-0.608964,-0.141244,-0.011089,-0.239397,0.970859,85.250705,500.96935,-965.709098,85.558164,5.342667,0.242009,3.187882,-332.302006,53.610945,-195.962762,53.610945,-567.286637,-214.608908,-195.962762,-214.608908,1205.088573
-0.553097,-0.029952,-0.832578,0.709085,0.507702,-0.489323,0.437358,-0.861012,-0.25957,339.814076,-278.956845,-813.740509,103.57315,5.24373,1.833373,2.671598,-142.928632,-32.055429,-10.217664,-32.055429,-180.497087,-190.623824,-10.217664,-190.623824,1107.15111
0.283919,-0.577517,0.765418,-0.2087,0.741909,0.637193,-0.93586,-0.340654,0.090114,123.738864,331.943523,-692.084936,96.371572,2.265029,1.48056,4.363296,-409.419855,-91.041442,80.856687,-91.041442,-98.42172,105.013167,80.856687,105.013167,1085.322963
0.513082,0.022719,0.858039,-0.73826,0.521624,0.427646,-0.437858,-0.852873,0.284408,458.07143,-349.789766,-924.220158,103.663205,2.033162,1.282407,3.615896,-772.545873,32.058207,-128.528636,32.058207,-69.890424,96.17621,-128.528636,96.17621,883.344802
-0.161589,0.854867,-0.493042,0.466817,0.50639,0.725017,0.869466,-0.113006,-0.480894,477.347789,-10.974635,-976.868262,90.863205,3.738798,2.072471,1.700043,-406.659533,-200.682246,147.039134,-200.682246,-143.72982,22.116196,147.039134,22.116196,1219.781495
0.085681,0.869731,-0.486031,-0.509523,0.457458,0.728778,0.85618,0.185202,0.482344,11.007955,-235.661932,-731.173976,72.871691,3.729765,1.067468,1.357767,-435.61056,-85.099759,-124.434481,-85.099759,-47.952853,-138.580228,-124.434481,-138.580228,1194.013095
0.403236,0.772751,0.490159,-0.636921,-0.147599,0.756667,0.657063,-0.617308,0.432664,473.772923,340.081203,-636.1984649999999,67.78114,2.566775,1.12335,2.325009,37.122951,95.696502,129.038197,95.696502,-270.210075,-60.153192,129.038197,-60.153192,803.87548
0.846895,-0.530471,0.036999,0.510669,0.830736,0.221575,-0.148275,-0.168756,0.974441,361.234634,-32.345573,-631.507044,82.235737,2.976137,0.226576,3.862478,-249.185553,188.581105,-27.689851,188.581105,-239.787895,131.464709,-27.689851,131.464709,1309.552679
-0.34625,-0.129107,0.929216,-0.894425,0.34427,-0.285452,-0.283048,-0.929951,-0.234679,-262.368504,-453.518953,-715.679135,88.750473,1.27275,1.807685,3.437052,-107.513235,69.469227,36.691835,69.469227,-398.166993,-325.508535,36.691835,-325.508535,1285.365054
0.190422,0.973229,-0.128705,-0.908658,0.224357,0.352143,0.371592,0.049894,0.927055,148.606777,34.633203,-962.667045,127.718447,3.492002,0.384317,1.437325,-559.126321,102.032486,155.32317,102.032486,-130.652004,151.302902,155.32317,151.302902,1172.819938
0.450512,0.892765,-0.003127,-0.818945,0.41465,0.39673,0.355483,-0.176171,0.91793,321.25663,-387.416083,-786.290741,83.997667,3.149475,0.407965,2.030903,241.818842,46.915098,45.682589,46.915098,-569.357221,181.960272,45.682589,181.960272,1091.509514
-0.227108,0.944119,-0.238874,-0.838089,-0.064545,0.541702,0.496013,0.323222,0.805915,-228.898837,468.328899,-683.410034,86.065329,3.556911,0.633578,0.993269,-473.488345,22.962621,-32.683281,22.962621,-145.811859,151.624681,-32.683281,151.624681,1244.386202
0.680588,-0.605872,-0.41197,0.525618,0.012038,0.850635,-0.510417,-0.795471,0.32665,-208.743446,342.107334,-680.463114,144.647236,3.592608,1.238039,3.712079,-155.380935,33.766415,250.910639,33.766415,-130.927172,-39.189465,250.910639,-39.189465,1011.892674
-0.037433,-0.217504,-0.975341,0.982151,0.172032,-0.076058,0.184333,-0.960779,0.207182,-77.112138,401.101739,-816.119167,94.792483,4.790213,1.362102,2.952038,-652.037431,-110.1199,156.893998,-110.1199,-103.426034,17.717484,156.893998,17.717484,1221.915741
0.422656,0.660102,0.620988,-0.875538,0.474377,0.091651,-0.234084,-0.582436,0.778443,-309.496481,424.779749,-705.519885,83.637919,1.717327,0.678615,3.52374,410.496094,144.990102,79.968531,144.990102,-466.138535,16.424265,79.968531,16.424265,993.816196
-0.26444,-0.183019,0.946877,-0.858422,0.492138,-0.144613,-0.439527,-0.851061,-0.287248,73.051601,160.141987,-971.289044,91.505108,1.419242,1.862149,3.61831,-325.485573,110.021313,168.461205,110.021313,29.505248,-381.290463,168.461205,-381.290463,1113.51024
-0.40905,-0.152185,-0.899732,0.90094,0.089177,-0.424683,0.144866,-0.984321,0.100632,507.569467,-235.367502,-936.425267,79.57881,5.153395,1.469994,2.995468,-595.776761,85.887739,214.640111,85.887739,-393.186416,110.051155,214.640111,110.051155,1375.324152
-0.454218,0.8435,-0.286695,-0.702179,-0.140904,0.697919,0.548298,0.518319,0.656289,-13.928216,-130.424031,-810.340324,173.400062,3.531362,0.854907,0.813498,-15.257339,-6.368223,0.328,-6.368223,-107.181189,-88.198658,0.328,-88.198658,1097.037878
-0.001349,0.931151,-0.364632,0.331655,0.344411,0.878286,0.9434,-0.119747,-0.309285,-253.461756,-71.645506,-994.006872,74.046956,3.535102,1.885237,1.697053,-425.682245,27.52044,-63.594368,27.52044,-440.638786,378.634808,-63.594368,378.634808,1094.415026
-0.352833,-0.513619,-0.782115,0.878916,0.104795,-0.465322,0.32096,-0.851595,0.414453,-59.816955,258.548187,-760.306617,80.424171,5.24909,1.143455,2.781163,-287.802829,-24.86215,147.170222,-24.86215,-398.976162,90.597941,147.170222,90.597941,945.562568
0.768408,0.514444,-0.380652,0.313668,0.215701,0.924708,0.557818,-0.829952,0.004382,170.824348,171.046642,-778.055687,88.27569,3.532097,1.566415,2.549832,-116.128672,-76.106491,22.055602,-76.106491,-381.10864,28.262353,22.055602,28.262353,1143.044131
0.24848,-0.221423,-0.94299,0.777862,0.625749,0.058037,0.577224,-0.747937,0.327723,179.672878,150.868595,-918.64641,133.644674,4.650921,1.236904,2.484313,-63.557482,-26.242122,55.195504,-26.242122,-1.903509,23.316645,55.195504,23.316645,911.884337
0.199465,-0.053275,0.978456,-0.173152,0.980892,0.088706,-0.964485,-0.187116,0.186429,-203.243718,14.815063,-857.867012,81.62466,1.661208,1.383271,4.520764,211.422701,-60.913593,-449.445096,-60.913593,-381.294899,55.257883,-449.445096,55.257883,1059.088032
-0.168408,0.361917,-0.916872,0.546885,0.808176,0.218562,0.820095,-0.464616,-0.33403,465.467409,-152.300421,-737.815695,121.254601,4.478379,1.911373,2.086249,-29.063346,-61.058971,-19.189212,-61.058971,-224.909678,172.170458,-19.189212,172.170458,1021.772055
-0.503709,0.812753,-0.292761,-0.560856,-0.049916,0.826407,0.657052,0.580466,0.480981,-237.205821,-88.371191,-818.491231,109.153525,3.482055,1.069023,0.847206,-236.057425,-7.40428,-73.914116,-7.40428,17.612395,22.624433,-73.914116,22.624433,1013.516969
0.509216,0.831136,0.223408,-0.846104,0.435951,0.306684,0.157502,-0.345195,0.925221,40.462649,80.409671,-684.524533,81.226857,2.512019,0.389179,2.713538,35.978871,76.731956,-10.456351,76.731956,-454.38455,-60.526133,-10.456351,-60.526133,1158.582542
-0.212129,-0.837057,0.504318,0.686891,0.239362,0.686212,-0.695113,0.491977,0.524191,455.571821,419.446816,-874.928636,105.620442,2.507805,1.019031,5.328308,-59.116569,-109.245093,69.082405,-109.245093,-20.598363,-116.679503,69.082405,-116.679503,989.725791
0.244622,0.941104,0.233418,-0.834097,0.081493,0.545565,0.494412,-0.32815,0.804907,-223.172801,467.03246,-692.348594,108.18168,2.737314,0.635278,2.156756,-304.791553,107.615121,-6.728007,107.615121,158.149191,192.775716,-6.728007,192.775716,1117.564622
0.329157,-0.919532,-0.214747,0.472703,-0.036415,0.880469,-0.81744,-0.391324,0.422679,4.352489,-49.636566,-702.972791,84.5945,3.380823,1.134397,4.26591,-298.637499,113.629329,-112.617486,113.629329,-113.045027,-193.353246,-112.617486,-193.353246,1186.681469
-0.240838,-0.909569,-0.338647,0.970032,-0.23714,-0.052932,-0.032162,-0.341247,0.939423,-308.673687,-301.927821,-674.918737,95.023452,4.867438,0.349852,3.235563,-98.754063,185.540937,-280.994317,185.540937,-267.600164,-65.705861,-280.994317,-65.705861,1207.800329
-0.071552,0.036635,-0.996764,0.551482,0.834139,-0.00893,0.831112,-0.550337,-0.079888,-306.414617,153.377015,-799.539819,128.303467,4.721348,1.650769,2.155678,-27.293116,13.904676,-49.911909,13.904676,7.454956,131.288251,-49.911909,131.288251,1048.707375
0.151989,0.081493,0.985017,-0.870855,0.482378,0.094465,-0.467452,-0.872164,0.144285,553.54117,372.257848,-767.340646,68.61225,1.666406,1.426006,3.633599,-1213.321847,99.768715,-487.011595,99.768715,-185.092445,-121.786877,-487.011595,-121.786877,857.522211
-0.447257,-0.284864,0.847829,-0.752289,0.63252,-0.184335,-0.483759,-0.720258,-0.497198,-217.956367,151.312346,-895.807419,73.851601,1.356709,2.091163,3.733035,-148.524939,-24.120401,287.899103,-24.120401,57.67935,-138.786723,287.899103,-138.786723,974.643033
0.253513,-0.124241,-0.95932,0.549175,0.834888,0.037001,0.796328,-0.536215,0.279885,159.031071,412.468846,-812.864894,118.742894,4.673838,1.287122,2.163419,-59.197954,5.056378,-39.134343,5.056378,-165.214664,74.29724,-39.134343,74.29724,980.257987
0.151749,-0.980621,-0.123911,0.47943,-0.036603,0.876817,-0.864361,-0.192463,0.464584,551.758866,325.500033,-658.497672,91.55811,3.281982,1.087631,4.493298,-124.743634,60.666831,-27.997619,60.666831,-295.428853,-235.906809,-27.997619,-235.906809,1423.513403
0.049388,-0.09986,0.993775,-0.6127,0.782748,0.109104,-0.788771,-0.614275,-0.022525,124.41633,506.366452,-874.689952,74.01761,1.680146,1.593324,4.050725,-584.859673,-16.793042,-95.734679,-16.793042,38.51651,15.323294,-95.734679,15.323294,758.187599
0.232848,-0.141034,0.962232,0.064107,0.989503,0.129518,-0.970398,0.031528,0.239445,395.100997,-225.626253,-929.210269,128.507915,1.704594,1.329002,4.744867,-435.096299,-34.644107,-343.25136,-34.644107,-199.219247,-37.026516,-343.25136,-37.026516,1324.797763
0.042266,0.581858,0.812191,-0.887373,0.395415,-0.237099,-0.459111,-0.710696,0.533038,406.41189,-211.661403,-677.606348,96.693221,1.286764,1.00861,3.715152,-75.348364,227.529946,-194.244482,227.529946,-99.344703,28.183736,-194.244482,28.183736,1017.446547
0.007993,0.20491,0.978748,-0.994214,0.106481,-0.014174,-0.107122,-0.972972,0.204576,-305.46902,259.334917,-869.062533,138.966429,1.556316,1.364766,3.251249,-137.417861,33.155896,-66.652928,33.155896,-250.951733,-103.681019,-66.652928,-103.681019,1136.444843
-0.331587,0.041461,0.942513,-0.548949,0.804018,-0.228495,-0.767271,-0.593158,-0.243842,-187.786087,186.082358,-673.407872,118.930929,1.332953,1.817121,4.054283,-109.097399,63.91689,201.773899,63.91689,-63.724181,24.896526,201.773899,24.896526,911.437111
0.035372,0.131822,-0.990642,0.972922,0.222016,0.064282,0.228413,-0.966091,-0.120399,-293.194799,35.286561,-811.46991,77.511069,4.647591,1.691488,2.909426,-822.13167,3.695447,130.157755,3.695447,-36.959381,10.979588,130.157755,10.979588,1067.836034
0.068237,0.99677,0.042336,-0.3326,-0.017279,0.94291,0.940596,-0.078422,0.330346,335.437805,239.475677,-948.750899,71.492378,3.096723,1.234126,1.653979,-671.490846,47.330037,56.326854,47.330037,-131.543826,-40.551004,56.326854,-40.551004,1052.837417
0.117052,-0.990223,0.075882,0.913833,0.137309,0.382173,-0.388855,0.024609,0.92097,-59.709262,454.594349,-667.606854,103.11929,2.945588,0.400233,4.77559,-483.004791,100.32612,-62.506533,100.32612,-260.34074,160.108969,-62.506533,160.108969,1265.891909
-0.07946,0.966449,0.24426,-0.693551,-0.229603,0.682839,0.716012,-0.115148,0.688526,-245.228786,-188.664818,-925.375167,78.418464,2.798063,0.811342,1.73025,-368.290032,-113.13341,-27.694868,-113.13341,-73.746655,-113.212535,-27.694868,-113.212535,966.671098
0.225036,-0.971206,0.078221,0.019965,0.084859,0.996193,-0.974146,-0.222618,0.038487,14.780462,346.827696,-952.781953,93.173055,3.063234,1.5323,4.487721,-637.742313,67.783566,-19.601402,67.783566,-9.470567,-69.390598,-19.601402,-69.390598,1060.338767
0.239271,-0.607746,-0.757228,0.618462,0.696601,-0.363665,0.748502,-0.381302,0.542544,-0.550593,180.454683,-907.817396,76.651618,5.160119,0.997334,2.041952,-528.90352,137.788332,21.537456,137.788332,-99.715467,108.482353,21.537456,108.482353,1014.763124
0.459819,0.481201,-0.746333,0.307943,0.701894,0.642274,0.832909,-0.525158,0.174562,523.572047,402.713939,-975.893779,80.992324,4.001788,1.395336,2.133348,-319.651161,158.377385,131.984394,158.377385,-82.896,154.748022,131.984394,154.748022,1259.178219
