O11,O12,O13,O21,O22,O23,O31,O32,O33,X,Y,Z,GrainRadius,Eul0,Eul1,Eul2,eKen11,eKen12,eKen13,eKen21,eKen22,eKen23,eKen31,eKen32,eKen33
-0.471849,0.090168,0.877057,-0.878004,0.042676,-0.476746,-0.080416,-0.995012,0.059031,59.965902,298.988154,271.069887,105.817534,1.072899,1.511731,3.222237,-65.549364,16.78339,-26.120027,16.78339,247.274812,138.198416,-26.120027,138.198416,174.716416
0.775435,-0.147015,-0.614075,0.447273,0.814349,0.369841,0.445699,-0.561446,0.69723,163.438838,-72.427247,569.002123,71.517449,4.1703,0.79927,2.470619,305.415651,-43.605357,165.062074,-43.605357,-393.706899,90.010576,165.062074,90.010576,253.317544
-0.633766,0.10481,-0.766391,0.389652,0.899149,-0.199256,0.668216,-0.424908,-0.610689,464.536329,-404.495404,304.059214,72.511051,4.96675,2.227727,2.137184,-735.750123,244.953192,130.992407,244.953192,53.929499,126.913067,130.992407,126.913067,481.90323
0.432248,0.24093,-0.868973,0.764133,0.413815,0.494832,0.478814,-0.877901,-0.005231,453.788816,448.081578,375.868239,81.695572,4.19474,1.576028,2.642282,-139.077436,-22.661766,93.763021,-22.661766,39.42028,15.4934,93.763021,15.4934,615.659049
-0.637139,-0.732268,0.240494,0.3935,-0.040749,0.918421,-0.662731,0.679796,0.31411,411.709058,-403.724523,214.607054,73.301682,2.885487,1.251277,5.510498,272.402974,121.401239,146.552187,121.401239,-455.776586,-101.471499,146.552187,-101.471499,662.213955
-0.026796,-0.690555,-0.722784,0.937994,-0.267352,0.220657,-0.345613,-0.672054,0.6549,-352.227362,340.596379,469.917016,112.561865,4.416089,0.856745,3.616586,79.046858,21.706242,-2.091242,21.706242,72.86717,28.572298,-2.091242,28.572298,298.578569
0.707762,-0.387203,0.590886,-0.518798,0.282834,0.806755,-0.479501,-0.877541,-0.000701,-283.145776,257.565838,200.029342,69.124518,2.509436,1.571497,3.641679,-154.746686,74.722404,229.013829,74.722404,-61.161885,-25.979932,229.013829,-25.979932,299.04034
-0.344572,0.445155,0.826503,-0.936269,-0.098864,-0.337085,-0.068344,-0.889979,0.450851,-364.320904,226.26599,388.998004,97.933498,1.183545,1.103078,3.218235,153.883917,35.978436,-2.505455,35.978436,364.332417,3.503136,-2.505455,3.503136,477.440762
0.477788,-0.825536,-0.300349,0.872962,0.484422,0.057208,0.098269,-0.289526,0.952112,-57.988225,328.870854,574.698128,59.880515,4.524172,0.310725,2.814382,-10.44492,76.688105,65.098513,76.688105,-183.365401,36.48798,65.098513,36.48798,375.712684
0.464907,0.371532,-0.803633,-0.110261,0.924921,0.363818,0.878467,-0.080532,0.470967,44.930731,454.093835,308.779772,78.118431,4.287278,1.080409,1.662214,135.8832,-75.831537,24.449444,-75.831537,336.08879,151.591769,24.449444,151.591769,261.725323
0.80041,-0.397233,0.448944,-0.266618,0.434864,0.860121,-0.536898,-0.808146,0.24216,214.981698,413.172434,355.296364,64.830002,2.660536,1.326205,3.727995,32.965015,-239.949537,116.693399,-239.949537,-173.741274,117.948688,116.693399,117.948688,408.96845
-0.123127,-0.948501,-0.291867,0.989974,-0.137908,0.030539,-0.069217,-0.285181,0.955971,-232.094215,128.224316,482.821488,69.994968,4.608135,0.297845,3.379702,-294.09941,-76.468581,7.375292,-76.468581,-154.217938,80.738486,7.375292,80.738486,515.026185
-0.643492,0.680786,0.349925,-0.737645,-0.429427,-0.52103,-0.204443,-0.593399,0.778512,-155.15266,218.488745,508.71905,100.007936,0.591411,0.678505,3.473385,265.19313,61.615145,3.808846,61.615145,253.793211,-46.896972,3.808846,-46.896972,445.351014
-0.22105,0.792457,0.568462,-0.927047,0.010271,-0.374805,-0.302856,-0.609842,0.732374,168.676878,-27.152696,454.150853,80.479448,0.987889,0.748994,3.602527,320.429892,-46.030667,145.11185,-46.030667,-92.421403,-26.005246,145.11185,-26.005246,81.717662
0.687305,-0.039806,-0.725278,0.522121,0.721237,0.4552,0.504977,-0.691544,0.516493,90.462753,231.349185,420.315983,106.82997,4.151907,1.028046,2.510873,198.347944,12.998881,-22.827505,12.998881,145.03332,4.081104,-22.827505,4.081104,296.615991
-0.516395,-0.814063,-0.265778,0.358939,-0.487541,0.795906,-0.777495,0.315604,0.543963,-90.144601,-349.589301,294.603241,116.57498,3.463881,0.995644,5.097992,66.596282,-50.123281,-29.961405,-50.123281,-134.767456,-41.250793,-29.961405,-41.250793,341.76296
-0.288713,0.247503,0.924871,-0.37885,0.857629,-0.347772,-0.879271,-0.450794,-0.153842,-185.110316,297.186406,329.247484,95.693546,1.21113,1.725252,4.238641,88.642132,68.3793,39.947262,68.3793,324.255879,-120.58706,39.947262,-120.58706,530.581828
0.607409,0.473124,-0.638129,-0.192954,0.867108,0.45923,0.770599,-0.155811,0.61798,-195.888121,-127.04762,227.330544,75.874749,4.088596,0.904625,1.770301,-494.865533,48.165519,168.615362,48.165519,133.195615,-115.999153,168.615362,-115.999153,366.013474
0.169047,-0.847011,0.503979,0.292701,0.531413,0.794938,-0.941142,0.013133,0.337755,-223.574901,214.819187,555.914593,113.347229,2.576558,1.226265,4.726343,107.005405,84.725586,47.790779,84.725586,195.277483,-137.98751,47.790779,-137.98751,472.450453
-0.34578,0.183162,0.920265,-0.535288,0.767008,-0.353788,-0.770651,-0.614939,-0.167172,367.994509,454.05904,453.763357,87.420454,1.203774,1.738757,4.038901,82.384525,46.982698,97.574536,46.982698,93.980308,-88.050295,97.574536,-88.050295,627.517658
0.898631,0.388825,0.20317,-0.347706,0.348853,0.870289,0.267513,-0.852712,0.448686,-346.693801,47.3164,283.10580600000003,141.48814,2.912249,1.105502,2.837596,231.032305,-68.723086,2.924224,-68.723086,295.574659,77.073118,2.924224,77.073118,202.808229
-0.26834,-0.846086,-0.460577,0.919682,-0.367283,0.138882,-0.286668,-0.386317,0.876687,-236.749183,-438.68442,280.39505,104.540081,4.419521,0.501864,3.77999,-351.199307,-117.720689,-76.139207,-117.720689,63.27889,-120.555811,-76.139207,-120.555811,740.215607
-0.49708,0.425652,0.75613,-0.850692,-0.06735,-0.521332,-0.17098,-0.902377,0.395577,371.894676,-326.295985,298.633156,65.618481,0.96717,1.164101,3.32885,-19.44954,117.952834,197.719057,117.952834,-255.994395,34.644644,197.719057,34.644644,517.659582
-0.494188,0.799108,0.342351,-0.831013,-0.549882,0.083943,0.255333,-0.243015,0.935815,522.823937,-276.95924,235.41521,81.069815,1.811249,0.360233,2.331482,-345.943021,-12.807108,-120.933623,-12.807108,-60.336859,15.050166,-120.933623,15.050166,593.913805
0.035785,-0.62751,-0.777785,0.883661,-0.343635,0.317897,-0.466758,-0.698674,0.542209,-90.212675,-247.504831,199.496312,87.202583,4.324387,0.997732,3.730561,264.937919,-10.876185,47.78448,-10.876185,-146.403148,-125.573688,47.78448,-125.573688,346.014359
0.407173,-0.272658,-0.871704,0.9113,0.185197,0.367741,0.061169,-0.944118,0.323881,408.541364,-365.667365,508.23566,92.776111,4.313177,1.240968,3.076893,24.772563,103.525678,35.097348,103.525678,-55.629096,51.471905,35.097348,51.471905,717.175852
-0.174134,0.168433,-0.97021,0.207237,0.969466,0.131108,0.962668,-0.178233,-0.203722,-321.529749,244.150391,553.817597,76.422989,4.578069,1.775955,1.753868,-14.912376,137.405713,-182.552278,137.405713,-25.396501,42.909288,-182.552278,42.909288,527.19525
0.80089,0.558395,0.216266,-0.559029,0.567773,0.604252,0.214621,-0.604838,0.766882,421.371827,13.50727,231.115125,75.328964,2.797891,0.696828,2.800612,-252.650848,-20.453065,-289.642075,-20.453065,147.114906,71.105066,-289.642075,71.105066,419.862093
0.767639,-0.387161,0.510721,-0.318078,0.461668,0.828063,-0.556377,-0.798103,0.231247,-131.757732,-418.016575,222.497428,111.549792,2.588936,1.337437,3.750386,3.266907,18.107096,-0.992235,18.107096,123.347954,45.848381,-0.992235,45.848381,229.170185
0.729194,0.541966,-0.41779,-0.522994,0.835108,0.170507,0.441309,0.094169,0.8924,52.241137,-93.941962,546.850589,97.124652,4.324905,0.468159,1.360564,93.629748,35.436492,4.080244,35.436492,263.234432,38.1473,4.080244,38.1473,344.15822
-0.578649,0.809601,0.098544,-0.814119,-0.580603,-0.010477,0.048733,-0.086289,0.995078,-63.414578,251.224918,498.852779,86.672995,1.464881,0.099262,2.627482,-189.095631,179.788563,35.573214,179.788563,-18.264058,-55.979606,35.573214,-55.979606,427.803701
-0.330552,-0.506574,-0.796315,0.723611,0.405648,-0.558424,0.605907,-0.760811,0.232475,231.626995,181.222088,488.001267,83.324685,5.32396,1.336175,2.469053,106.407963,-30.985694,-111.637525,-30.985694,-323.472683,202.057066,-111.637525,202.057066,323.675309
0.430928,0.535412,-0.726384,-0.489757,0.814857,0.310076,0.757918,0.222131,0.613367,161.702232,-130.467893,240.157686,83.206953,4.308931,0.91048,1.285699,-145.398536,73.328564,91.774077,73.328564,37.210168,30.79286,91.774077,30.79286,298.2803
0.233592,0.794584,0.56042,-0.577589,-0.350264,0.737365,0.782193,-0.495935,0.377124,47.59835,500.178162,219.512475,75.757134,2.491702,1.184107,2.135863,-224.519696,34.612648,-75.488544,34.612648,-69.149429,-186.083662,-75.488544,-186.083662,465.829587
-0.250822,0.618266,0.744873,-0.737327,0.376569,-0.560843,-0.627246,-0.689887,0.361412,-100.01593,228.026383,397.15307,114.658698,0.925418,1.201014,3.879468,121.930476,-17.95033,-50.902043,-17.95033,283.914668,-78.455156,-50.902043,-78.455156,478.40856
-0.782291,0.570794,-0.249429,-0.554108,-0.454721,0.697276,0.28458,0.683683,0.672006,-6.132797,390.567634,334.502269,103.501304,3.485128,0.833882,0.394432,436.203211,192.072343,-218.56354,192.072343,242.236323,45.461528,-218.56354,45.461528,241.509224
-0.434051,-0.814563,0.38482,0.375664,0.224593,0.89913,-0.818826,0.534832,0.208517,115.85985,-276.117368,324.135576,115.247964,2.737191,1.360738,5.290989,201.177009,57.244751,72.178917,57.244751,212.719513,6.902281,72.178917,6.902281,401.558791
0.740324,-0.67189,0.022029,0.24651,0.301813,0.920946,-0.625423,-0.676368,0.389067,473.784897,283.074459,274.767978,98.734975,3.117677,1.171178,3.887876,40.212445,-31.074667,-99.94723,-31.074667,-79.59569,-218.271462,-99.94723,-218.271462,504.600545
-0.765759,0.237529,-0.597656,0.587206,0.637245,-0.499107,0.262301,-0.733143,-0.627455,-70.487797,129.477874,258.031285,84.434031,5.408174,2.249077,2.798007,126.706471,-17.785547,-17.06911,-17.785547,44.107756,-146.183061,-17.06911,-146.183061,412.273639
0.692346,0.318333,-0.64755,-0.314766,0.940777,0.12594,0.649291,0.116632,0.751544,-218.782348,192.711791,301.368632,71.595926,4.520299,0.720397,1.393061,262.087383,19.012572,82.467219,19.012572,-42.737606,-2.174009,82.467219,-2.174009,478.758917
-0.296611,-0.607568,-0.736806,0.799134,0.264523,-0.539826,0.522883,-0.748925,0.407068,198.773682,80.707493,479.902381,136.47279,5.344698,1.151554,2.532091,323.445295,-18.180645,-15.619339,-18.180645,308.965082,132.295995,-15.619339,132.295995,351.012419
-0.275589,0.487958,0.828219,-0.891627,0.192224,-0.40994,-0.359238,-0.851438,0.382102,-39.642813,139.547814,514.696717,118.151679,1.111184,1.178727,3.540851,179.321154,0.067213,69.879168,0.067213,308.991409,-55.524664,69.879168,-55.524664,367.848995
0.737189,0.651004,0.180956,-0.352531,0.142099,0.924948,0.576432,-0.745655,0.334253,294.261783,72.430383,550.265344,82.097929,2.948393,1.229983,2.4835,162.029116,235.62445,140.950304,235.62445,-76.568817,97.175906,140.950304,97.175906,574.775069
-0.493126,3.1e-05,-0.869958,0.427402,0.871005,-0.242236,0.75773,-0.491275,-0.429528,-126.278855,219.180819,373.385303,83.034997,4.983956,2.014766,2.146012,366.018301,3.012999,-147.5931,3.012999,17.622578,-41.573304,-147.5931,-41.573304,426.686239
0.003824,0.542918,-0.839777,0.640177,0.643812,0.419141,0.768218,-0.539209,-0.345102,28.886042,-390.858551,360.379284,95.497247,4.249454,1.923143,2.182794,194.760786,-32.407848,124.814477,-32.407848,-302.730629,53.683985,124.814477,53.683985,534.822641
0.238464,-0.705588,0.667293,-0.267084,0.612971,0.743594,-0.933703,-0.355544,-0.042279,261.336494,-413.502023,513.789115,106.306308,2.410222,1.613088,4.348553,-10.473016,96.690991,-90.327118,96.690991,-68.414485,61.100426,-90.327118,61.100426,520.968313
-0.731095,0.619951,-0.284888,-0.548104,-0.285013,0.786352,0.406303,0.731046,0.548169,-206.987165,212.778719,553.9204609999999,90.604819,3.489174,0.990623,0.507272,86.829586,43.727131,295.643462,43.727131,167.810492,-228.525491,295.643462,-228.525491,227.217079
-0.018002,0.465875,-0.884667,0.159807,0.874776,0.457415,0.986984,-0.133141,-0.090198,288.147848,-227.08412,433.916103,91.780732,4.235197,1.661117,1.704884,242.863943,46.309707,-77.375231,46.309707,170.747587,-20.88119,-77.375231,-20.88119,631.216693
0.395188,0.309563,-0.864868,0.334053,0.828615,0.449227,0.855707,-0.466441,0.224048,314.346471,80.284122,553.5559000000001,79.662687,4.233329,1.34483,2.069866,147.112882,109.525793,147.008562,109.525793,125.888726,229.294888,147.008562,229.294888,592.26228
0.137326,-0.870882,-0.471917,0.898454,-0.091076,0.429519,-0.41704,-0.482979,0.76994,119.369537,365.838432,533.250074,73.393349,3.97399,0.692048,3.853858,-248.945558,116.271024,-47.837931,116.271024,15.728435,-126.465185,-47.837931,-126.465185,285.898714
0.770516,0.285428,0.569945,-0.627576,0.183152,0.756706,0.111598,-0.940737,0.320249,309.132334,247.093722,288.205883,87.155503,2.496052,1.244804,3.023516,203.337972,87.902342,26.714176,87.902342,106.713182,12.316655,26.714176,12.316655,381.979936
-0.333614,0.330802,0.882764,-0.606959,0.641128,-0.469634,-0.72132,-0.692478,-0.013106,478.052839,61.511151,553.525982,75.463975,1.081874,1.583903,3.947388,-347.783757,206.615288,-69.666816,206.615288,173.024282,19.128257,-69.666816,19.128257,737.239876
-0.39094,0.881014,0.266419,-0.701228,-0.472584,0.533801,0.596192,0.021863,0.802544,-263.608183,75.357997,469.062285,82.500409,2.678666,0.639248,1.534141,111.844745,-28.179325,36.172718,-28.179325,174.54636,-104.065619,36.172718,-104.065619,429.722143
0.092085,0.794514,0.600224,-0.902613,0.321147,-0.286625,-0.420488,-0.515376,0.746711,-217.613508,-28.14067,255.694899,93.279723,1.125286,0.727693,3.825945,52.598505,54.526001,-156.342742,54.526001,-6.137597,-48.376461,-156.342742,-48.376461,160.758167
0.150912,-0.974488,0.166128,0.014516,0.170219,0.985299,-0.988441,-0.146282,0.039834,250.600458,130.642016,496.604153,60.911855,2.974557,1.530952,4.565463,-532.170556,142.794553,233.451362,142.794553,-138.060863,98.355368,233.451362,98.355368,613.910852
0.812727,-0.49904,-0.300721,0.541671,0.457025,0.705494,-0.214632,-0.736266,0.641752,-358.591493,-335.919953,349.249887,105.211255,3.544527,0.874016,3.425246,207.276858,24.418125,2.7795,24.418125,259.156318,5.262414,2.7795,5.262414,184.730561
0.766054,0.623458,0.156403,-0.640157,0.718059,0.273112,0.057967,-0.309341,0.949183,165.541992,-72.171874,566.172073,87.083694,2.621511,0.320167,2.956352,138.825311,-38.012517,-128.498506,-38.012517,226.110738,34.401231,-128.498506,34.401231,186.371712
-0.126761,-0.285344,-0.950005,0.923089,0.316642,-0.218277,0.363096,-0.904608,0.22326,505.546193,-108.778713,550.728488,78.869982,4.938233,1.345638,2.759894,-113.515101,111.096557,145.721231,111.096557,-316.788649,-323.409495,145.721231,-323.409495,769.909162
0.33869,-0.660332,-0.670262,0.927445,0.354331,0.119565,0.158542,-0.662126,0.73243,381.956755,-147.644913,385.079661,79.408152,4.53586,0.748912,2.906573,293.308036,32.176257,-52.630658,32.176257,-41.830679,-192.40235,-52.630658,-192.40235,614.396697
-0.701349,-0.612195,-0.36514,0.6263,-0.284631,-0.725764,0.340379,-0.737701,0.583044,467.929492,107.431487,259.13548000000003,87.896093,5.817052,0.948326,2.709295,110.982096,63.282655,-90.033393,63.282655,194.999351,17.066102,-90.033393,17.066102,666.302769
-0.085196,-0.154232,-0.984355,0.181041,0.969105,-0.167511,0.979778,-0.19248,-0.054642,-121.225884,-406.456024,450.747156,89.298395,4.880948,1.625465,1.764778,-69.74577,-119.855146,4.240878,-119.855146,7.08086,207.005781,4.240878,207.005781,494.185791
0.422434,-0.657835,0.623541,-0.206504,0.599993,0.772894,-0.882556,-0.45526,0.117611,54.552552,112.986976,364.663327,79.670177,2.462743,1.452912,4.236148,-39.722504,-2.280456,121.580216,-2.280456,197.384116,214.56128,121.580216,214.56128,160.568575
0.662078,-0.668409,-0.338943,0.747976,0.617553,0.243229,0.046738,-0.414558,0.908822,-102.887313,-416.563411,324.10544500000003,105.616404,4.08994,0.430345,3.029324,-40.706341,40.286202,-94.76146,40.286202,13.733645,-38.617681,-94.76146,-38.617681,349.776809
-0.431038,0.66176,0.613416,-0.816263,0.003793,-0.577668,-0.384604,-0.749706,0.538535,324.427421,-425.899353,269.519747,78.437479,0.815403,1.002099,3.615591,21.81736,-239.103844,20.24891,-239.103844,-249.652164,-153.011262,20.24891,-153.011262,295.492652
-0.713288,-0.411569,-0.567302,0.669321,-0.159882,-0.725567,0.20792,-0.897245,0.389513,142.970611,198.946484,549.635376,67.677272,5.619595,1.170693,2.913881,-144.53534,-30.501355,-107.608374,-30.501355,-133.275083,85.608781,-107.608374,85.608781,161.758131
-0.192763,-0.700769,0.686852,-0.535158,0.661793,0.525011,-0.822465,-0.266372,-0.502591,245.927557,-116.489944,498.277856,81.605359,2.223433,2.097389,4.39918,351.379957,44.626676,-75.236068,44.626676,-251.281472,98.159592,-75.236068,98.159592,371.893345
-0.108731,0.627505,0.770984,-0.91645,-0.36373,0.166795,0.385094,-0.688432,0.614625,47.587288,18.025903,413.840232,87.136677,1.783853,0.908886,2.631577,239.70948,-114.969504,-50.008826,-114.969504,8.517799,30.283904,-50.008826,30.283904,352.469114
0.290005,-0.728629,-0.620482,0.757025,-0.221999,0.614516,-0.5855,-0.647933,0.487209,-394.539301,-120.974184,223.612747,73.780262,3.931821,1.061905,3.876417,-117.940316,-127.867228,-99.439923,-127.867228,252.639516,119.992099,-99.439923,119.992099,406.070479
-0.332142,-0.940888,0.066416,0.394377,-0.074565,0.915919,-0.856825,0.330408,0.395831,167.13184,362.621812,544.828287,84.214835,3.069206,1.163824,5.080437,115.494261,-19.447703,61.53366,-19.447703,91.631327,-140.794356,61.53366,-140.794356,203.832745
-0.313051,0.585835,0.747527,-0.781605,-0.60605,0.147637,0.53953,-0.538053,0.647616,-309.569672,-260.746831,451.410956,110.041002,1.765787,0.866345,2.354825,433.164343,100.91867,-48.951962,100.91867,414.961206,-14.07318,-48.951962,-14.07318,349.481011
0.700958,0.421546,0.575289,-0.702181,0.266645,0.660184,0.1249,-0.866718,0.482908,-374.161578,174.210722,537.613542,80.416416,2.424801,1.066823,2.998471,-237.233685,77.446361,-134.678435,77.446361,492.461659,-184.974297,-134.678435,-184.974297,81.916555
0.469765,-0.555762,-0.685893,0.802069,0.593277,0.068615,0.368791,-0.582366,0.72446,334.418039,22.643288,348.446401,162.700471,4.612683,0.760545,2.577073,223.275679,-11.122266,-58.845466,-11.122266,82.915633,17.333288,-58.845466,17.333288,496.854242
-0.824716,0.429937,0.367419,-0.496604,-0.239675,-0.83423,-0.270605,-0.870465,0.411173,322.761054,-234.717904,279.059807,85.24799,0.414867,1.147056,3.442995,-223.736113,-93.913595,246.52641,-93.913595,54.607474,61.516586,246.52641,61.516586,577.837188
-0.470438,-0.855718,0.215485,0.527225,-0.076745,0.846253,-0.707617,0.511719,0.48726,162.874747,335.952125,446.842154,82.025495,2.892257,1.061847,5.338489,21.248252,119.663372,-40.143294,119.663372,175.838894,103.776507,-40.143294,103.776507,242.668389
0.20302,-0.039711,0.978369,-0.964966,0.161484,0.206793,-0.166203,-0.986076,-0.005535,435.940583,3.62127,216.347896,76.851057,1.779096,1.576332,3.308573,-141.668001,-145.976402,-1.44918,-145.976402,-255.312053,-2.744865,-1.44918,-2.744865,642.690201
0.612173,-0.649732,0.450659,0.244465,0.697526,0.673569,-0.751985,-0.30217,0.585843,154.416017,435.307548,265.776196,114.960914,2.551934,0.944877,4.330306,-74.352906,-11.520461,176.2484,-11.520461,204.899277,76.325974,176.2484,76.325974,228.565264
0.535817,0.543857,-0.645848,0.195691,0.664099,0.721579,0.821343,-0.513022,0.249408,445.751724,481.214455,351.266671,63.026785,3.871665,1.318728,2.129117,-610.000815,-269.870872,174.45576,-269.870872,47.220414,-49.902123,174.45576,-49.902123,311.237347
0.716614,-0.650323,0.252079,0.519947,0.739005,0.4284,-0.464886,-0.17593,0.867715,463.954744,333.985963,389.116106,77.000143,2.609731,0.520209,4.35061,-136.731998,-102.673867,60.325888,-102.673867,-72.983244,-131.932426,60.325888,-131.932426,621.455497
-0.193718,-0.209456,0.958437,-0.936818,0.329555,-0.117328,-0.291283,-0.920609,-0.260063,-357.179282,-217.093591,324.067707,94.958027,1.448987,1.833883,3.448029,-82.558977,35.803795,-80.256601,35.803795,360.75562,-19.551422,-80.256601,-19.551422,366.87303
0.551251,0.812149,-0.191146,-0.650147,0.561713,0.511652,0.522907,-0.157776,0.837661,-80.099562,143.192613,295.776211,78.346765,3.499123,0.57781,1.863838,-170.757073,-66.954165,-189.61028,-66.954165,242.424829,-85.554892,-189.61028,-85.554892,397.037911
0.515364,0.811728,0.274767,-0.619226,0.131083,0.774194,0.592418,-0.569135,0.570198,316.875334,260.483182,522.73968,86.483199,2.800553,0.964049,2.336153,105.348421,-4.145394,116.944955,-4.145394,84.007088,-17.19581,116.944955,-17.19581,527.496598
-0.248429,-0.159105,-0.955494,0.380596,0.891053,-0.24733,0.890747,-0.425101,-0.160808,355.541264,129.51168,287.960562,87.196357,4.96568,1.732306,2.016072,-424.085972,-62.438867,-105.759888,-62.438867,134.717217,29.766886,-105.759888,29.766886,580.147601
-0.357216,-0.637926,0.682237,-0.412604,0.763072,0.497473,-0.837947,-0.103788,-0.535792,-95.681449,36.31865,541.63451,104.186283,2.200838,2.136242,4.589156,190.056132,84.34259,15.743083,84.34259,180.721886,-3.251609,15.743083,-3.251609,261.339427
0.442427,-0.211591,0.871486,-0.800728,0.344402,0.490124,-0.403847,-0.914667,-0.017054,38.729029,-28.321746,424.391109,67.068367,2.08311,1.587851,3.557375,300.965246,100.958216,-32.29842,100.958216,-48.90741,27.308743,-32.29842,27.308743,289.401926
-0.038225,0.090501,-0.995162,0.176478,0.980848,0.082421,0.983562,-0.172474,-0.053464,212.502702,83.371007,491.932902,99.669073,4.629756,1.624286,1.744388,-23.903692,123.433471,38.395023,123.433471,168.020894,126.177082,38.395023,126.177082,572.180785
-0.264251,-0.534024,0.803113,-0.697541,0.680884,0.223234,-0.666039,-0.501214,-0.552428,-37.175279,31.02125,475.039688,107.723276,1.841913,2.15607,4.06727,-255.571781,-127.077665,59.459373,-127.077665,141.081923,-72.233807,59.459373,-72.233807,346.758785
0.687337,0.423282,-0.590254,0.278156,0.597298,0.75224,0.670967,-0.681225,0.292807,-255.661835,209.28252,425.301466,82.662015,3.806911,1.273635,2.363781,166.359069,160.485778,-97.262751,160.485778,140.203273,-59.805805,-97.262751,-59.805805,520.897064
0.657415,-0.462422,-0.594955,0.652622,-0.04528,0.75633,-0.376683,-0.885503,0.272019,-237.488153,12.219651,280.957328,75.983699,3.808131,1.295306,3.543792,289.882057,-22.746846,-39.96874,-22.746846,23.011579,11.589549,-39.96874,11.589549,29.325855
0.562646,0.774876,0.288091,-0.720457,0.2887,0.630551,0.405427,-0.562334,0.720701,55.24773,429.582129,430.818531,99.077811,2.713025,0.765984,2.51693,-71.429335,108.763477,122.429047,108.763477,275.682222,-65.428633,122.429047,-65.428633,278.61338
0.206805,0.945264,-0.252403,-0.080052,0.273463,0.958546,0.975102,-0.178027,0.132224,-240.358166,-15.916693,499.142372,85.078621,3.399067,1.438184,1.75138,-140.744188,-92.212812,110.009754,-92.212812,-18.057833,-23.297486,110.009754,-23.297486,639.772908
0.254669,0.920807,0.295394,-0.931889,0.315282,-0.179388,-0.258314,-0.22959,0.938383,464.236087,71.531714,567.28644,68.012871,1.025038,0.352876,3.985796,-28.498285,-22.838601,13.138361,-22.838601,-75.935119,-111.050931,13.138361,-111.050931,720.584005
-0.391377,-0.245327,-0.886927,0.593726,0.669051,-0.447057,0.703074,-0.701559,-0.116194,-108.274316,-419.929547,512.157641,66.050578,5.179273,1.687253,2.355116,-194.478314,-349.081761,163.667445,-349.081761,-253.16231,-199.456766,163.667445,-199.456766,427.644945
0.190255,-0.5519,0.811917,0.198713,0.831553,0.518684,-0.961414,0.062656,0.267876,337.439861,-361.957913,400.262969,88.710729,2.139285,1.299608,4.777468,-196.563883,31.269168,56.738764,31.269168,182.87701,-96.679804,56.738764,-96.679804,662.589547
0.34903,0.772192,-0.530941,0.459488,0.35277,0.815122,0.816731,-0.528463,-0.231686,87.126569,14.256509,328.95207600000003,98.627115,3.718926,1.804606,2.145092,165.689101,63.157295,-56.923643,63.157295,69.535713,-35.427407,-56.923643,-35.427407,390.417615
-0.644421,0.573795,0.505451,-0.621248,-0.007467,-0.783579,-0.445839,-0.818965,0.361281,481.206836,-79.398304,294.116716,87.363112,0.572891,1.201155,3.640121,0.987023,131.438481,8.826334,131.438481,161.162554,-27.766453,8.826334,-27.766453,557.983121
-0.109291,-0.511465,0.852325,-0.833687,0.514118,0.201613,-0.541314,-0.688539,-0.482591,324.278666,-386.92529,406.222871,118.286601,1.803071,2.074406,3.807849,-74.640096,-9.785459,82.814534,-9.785459,87.773153,62.773067,82.814534,62.773067,604.881094
0.562248,-0.484108,-0.670461,0.523139,0.836119,-0.165018,0.640471,-0.257963,0.723361,427.404674,-241.762008,460.445116,75.639594,4.953719,0.762138,1.953689,393.635477,224.52456,-68.20098,224.52456,67.621726,-127.849388,-68.20098,-127.849388,800.45956
0.495729,0.865224,-0.075102,-0.864467,0.499892,0.052964,0.083368,0.038668,0.995768,137.318286,-24.837209,502.497677,98.831462,4.098169,0.092029,1.13651,94.328174,-12.936011,-261.567235,-12.936011,231.498747,52.385289,-261.567235,52.385289,277.428192
0.266247,-0.32566,-0.907225,0.7702,0.637796,-0.002911,0.579573,-0.69797,0.420635,377.807778,-63.280395,511.929705,76.411065,4.715598,1.136651,2.448606,-147.357427,-42.402354,8.87322,-42.402354,-101.792188,-60.616366,8.87322,-60.616366,33.649734
-0.452439,0.824047,-0.340948,-0.693327,-0.084572,0.715643,0.560889,0.560174,0.609597,74.485295,-116.512929,350.562844,89.203176,3.586201,0.915244,0.786036,-115.264151,1.687984,-164.799343,1.687984,167.504406,-78.46086,-164.799343,-78.46086,447.261285
-0.438778,0.061368,-0.896498,0.88587,0.196844,-0.420102,0.15069,-0.978512,-0.140735,488.976715,-445.693188,458.747082,74.482913,5.150606,1.712,2.988794,-443.67159,153.396067,-10.557812,153.396067,-318.652533,22.802167,-10.557812,22.802167,955.168621
0.58173,-0.332129,-0.742482,0.663311,0.722024,0.196722,0.470753,-0.606936,0.640328,-322.787696,430.492341,510.818573,68.324482,4.453389,0.875871,2.481893,-221.029496,67.925327,175.622585,67.925327,262.367363,8.242825,175.622585,8.242825,306.516365
0.050733,-0.958166,-0.281682,0.743471,-0.152088,0.651244,-0.666841,-0.242462,0.704653,-103.155749,240.232004,497.621786,88.689793,3.549823,0.788862,4.363652,-254.120874,212.244103,80.358037,212.244103,-115.474316,-59.419454,80.358037,-59.419454,415.151386
-0.26754,0.18848,0.944933,-0.960187,-0.133974,-0.245136,0.080393,-0.972896,0.216819,-144.607073,288.973493,261.416653,131.676849,1.31697,1.352241,3.059147,-108.239649,16.084942,-57.625369,16.084942,128.846507,101.80226,-57.625369,101.80226,444.781105
0.199683,-0.375875,0.9049,0.036882,0.925728,0.376387,-0.979166,-0.041783,0.198716,380.767125,453.370511,461.097654,89.451583,1.964971,1.370749,4.669742,-191.92748,-105.59212,-3.444097,-105.59212,155.250198,146.687261,-3.444097,146.687261,681.404807
0.27867,0.895093,-0.34807,0.1849,0.305643,0.934021,0.94242,-0.324641,-0.080329,244.015094,197.912912,348.62268,88.697788,3.498308,1.651212,1.902542,5.552428,0.921265,52.646144,0.921265,183.5038,144.550202,52.646144,144.550202,130.707934
-0.303376,-0.691813,-0.655254,0.853608,-0.502914,0.135762,-0.423458,-0.518144,0.743109,-183.355517,88.566583,557.602161,75.587589,4.508091,0.733092,3.82677,18.179898,-110.509536,-123.211847,-110.509536,138.595962,-47.852819,-123.211847,-47.852819,638.367873
0.299203,-0.341748,0.890891,0.170491,0.937785,0.302478,-0.938835,0.061387,0.338853,380.07034,-101.08797,529.761726,91.4186,1.898107,1.225099,4.777682,-98.252262,14.409192,-195.474151,14.409192,75.987916,-37.310741,-195.474151,-37.310741,522.736006
-0.136967,-0.302108,0.943383,-0.466373,0.85987,0.207653,-0.87392,-0.411526,-0.258669,-203.029562,-134.109701,225.892264,74.161763,1.787457,1.83244,4.272294,-144.161201,17.594973,147.248652,17.594973,193.411844,-33.168696,147.248652,-33.168696,371.717321
-0.317209,-0.72913,-0.606422,0.943688,-0.306043,-0.125657,-0.093972,-0.612133,0.785151,-255.341596,-116.381014,559.040214,72.635673,4.916707,0.667856,3.293918,113.266632,-101.100043,116.479802,-101.100043,195.918717,8.974586,116.479802,8.974586,294.749966
0.142973,0.239365,0.960345,-0.624693,0.774438,-0.100026,-0.76767,-0.58562,0.260253,96.195202,-253.141747,322.490833,86.349776,1.467015,1.307512,4.060712,-135.260071,-232.223542,8.502973,-232.223542,216.771529,98.375075,8.502973,98.375075,221.889587
0.120409,0.989137,0.084314,-0.656038,0.015541,0.754568,0.745061,-0.14617,0.650783,-315.896979,446.093752,434.904485,83.670338,3.030316,0.862182,1.764521,79.284922,-219.532643,246.387865,-219.532643,9.096066,-38.72818,246.387865,-38.72818,669.088657
0.019618,-0.036316,0.999148,-0.495755,0.867482,0.041264,-0.868241,-0.496142,-0.000985,-405.081669,250.67102,275.277646,87.968418,1.612072,1.571781,4.193239,-272.922893,61.710841,29.858318,61.710841,164.151594,-11.707704,29.858318,-11.707704,257.105669
0.019927,-0.997516,-0.067563,0.333887,-0.057057,0.940885,-0.942403,-0.041307,0.331921,75.790031,-203.848056,285.20539,92.523014,3.213277,1.232458,4.668585,128.056542,53.440277,-67.881002,53.440277,171.155776,-54.081371,-67.881002,-54.081371,514.834008
-0.447132,0.889784,-0.091424,-0.422822,-0.120186,0.898208,0.788223,0.440273,0.429959,-60.10641,98.09251,418.951,99.362925,3.243028,1.126349,1.061402,244.733987,174.250136,-287.978196,174.250136,-21.000889,-75.355791,-287.978196,-75.355791,384.436635
-0.080524,-0.438769,-0.894985,0.9873,-0.158476,-0.011137,-0.136947,-0.884515,0.445957,1.508718,348.282876,492.272966,90.359933,4.724832,1.108553,3.2952,-122.248963,-81.025671,-111.719778,-81.025671,234.385073,20.063472,-111.719778,20.063472,166.188021
0.041355,0.171097,-0.984386,0.382312,0.907541,0.173801,0.923107,-0.38353,-0.027881,374.135879,22.849136,340.088533,140.563113,4.537632,1.598681,1.964574,35.757581,56.946034,19.590758,56.946034,202.219269,56.881835,19.590758,56.881835,662.666277
0.186394,0.006322,-0.982455,0.648895,0.750045,0.127937,0.737694,-0.661357,0.135702,302.441606,93.02832,223.589896,62.999377,4.582896,1.434675,2.301685,-274.373396,1.851003,108.20275,1.851003,-102.861164,29.668257,108.20275,29.668257,466.274452
-0.321312,0.945468,0.053379,-0.721418,-0.280906,0.632967,0.613445,0.164871,0.772336,-237.798573,416.694674,220.952598,71.443455,3.05746,0.688285,1.308238,-755.691629,-81.720544,-256.839952,-81.720544,101.755504,-55.37669,-256.839952,-55.37669,521.46391
0.078832,0.147443,-0.985924,0.592233,0.788631,0.165291,0.801901,-0.596927,-0.025151,251.962191,-122.940569,329.808619,76.370966,4.546283,1.59595,2.210697,-151.23144,-89.377391,-212.000197,-89.377391,-108.91931,104.216286,-212.000197,104.216286,333.951694
-0.071828,0.963879,0.256471,-0.814984,-0.204956,0.542028,0.575015,-0.170087,0.800268,450.015149,462.905052,270.316834,116.648163,2.699639,0.643055,1.858391,-51.823084,-4.924466,112.457603,-4.924466,154.946326,8.987822,112.457603,8.987822,465.037255
-0.17117,0.403658,0.898755,-0.971428,0.083073,-0.222321,-0.164404,-0.911131,0.377905,-123.974251,421.84378,256.778559,107.765723,1.328298,1.183264,3.320112,-247.079609,56.089774,-166.465058,56.089774,315.524996,27.856367,-166.465058,27.856367,355.884235
-0.201152,0.233686,0.951277,-0.877183,0.389266,-0.281109,-0.435991,-0.89099,0.126684,-381.600371,328.878482,515.701113,133.119468,1.283467,1.443771,3.596671,168.715963,5.829389,3.904692,5.829389,175.706634,39.967472,3.904692,39.967472,259.844962
0.884355,0.309934,0.34908,-0.358762,-0.027198,0.933033,0.298673,-0.950369,0.08714,-126.554826,-340.507511,64.526066,71.821659,2.783581,1.483546,2.837095,13.979085,-129.163716,25.258272,-129.163716,-146.991929,-35.845989,25.258272,-35.845989,502.304478
-0.702196,0.276047,-0.656291,0.40599,0.912477,-0.050584,0.584887,-0.301968,-0.75281,-230.826801,476.132456,-181.991266,73.70624,4.789313,2.423117,2.047386,-44.022138,77.99836,-13.621326,77.99836,125.079932,-77.066046,-13.621326,-77.066046,411.93735
0.234525,-0.650297,-0.722573,0.971665,0.179294,0.154013,0.029399,-0.738219,0.67392,105.549986,-345.524607,-17.085379,89.256225,4.502386,0.831295,3.10179,-6.052299,-0.774243,52.137816,-0.774243,66.417791,-50.698167,52.137816,-50.698167,308.975147
-0.459852,0.71426,0.527607,-0.885383,-0.323252,-0.334073,-0.068066,-0.620758,0.781042,142.201762,-232.59017,24.593391,84.202398,1.006332,0.674464,3.250805,275.700164,57.441113,-136.202594,57.441113,280.027264,110.965917,-136.202594,110.965917,266.069411
-0.695248,-0.16932,-0.698542,0.410488,0.704247,-0.579255,0.590026,-0.689469,-0.420122,-78.66793,70.80788,54.347672,80.418614,5.404703,2.004376,2.433759,348.386338,85.42555,174.1924,85.42555,-93.695437,-101.241019,174.1924,-101.241019,571.003362
0.272777,-0.913266,-0.302553,0.954252,0.296859,-0.03574,0.122456,-0.278963,0.952462,280.739205,393.208721,13.593451,103.442795,4.829972,0.309578,2.727951,243.847879,-16.768073,-22.302523,-16.768073,150.33457,10.143176,-22.302523,10.143176,478.237404
0.104604,-0.852619,0.511955,-0.194692,0.487262,0.851276,-0.975271,-0.18872,-0.115029,-353.089961,-82.237779,-8.199443,76.068678,2.600146,1.686081,4.521246,-389.484735,-165.145508,-120.550794,-165.145508,161.973928,206.564777,-120.550794,206.564777,405.341564
0.353277,-0.813445,-0.462064,0.863991,0.473105,-0.172308,0.358768,-0.338347,0.869947,254.400067,375.130208,118.962536,83.076275,5.069326,0.515702,2.326909,186.764093,-10.154884,-128.732826,-10.154884,157.038694,37.579815,-128.732826,37.579815,480.977296
-0.676714,-0.673291,0.297889,0.412633,-0.01175,0.910822,-0.609748,0.739285,0.285773,-200.461626,-426.986967,40.322432,106.723122,2.825503,1.280983,5.593516,104.788516,-87.676377,48.124998,-87.676377,112.24901,-55.116048,48.124998,-55.116048,404.208132
-0.198865,0.147449,0.968871,-0.977688,0.038414,-0.206521,-0.067669,-0.988323,0.13652,-401.1794,161.664776,-179.618684,65.706261,1.360783,1.433849,3.209954,399.175526,-318.184031,-113.258138,-318.184031,-389.067246,194.471704,-113.258138,194.471704,203.352617
-0.275087,-0.688292,-0.671253,0.827573,-0.524881,0.199056,-0.489336,-0.500754,0.714,-175.560381,-374.887494,-38.429471,80.26199,4.424107,0.775602,3.91546,-433.864083,-96.010939,-105.053425,-96.010939,271.473436,-64.880804,-105.053425,-64.880804,443.285627
0.591531,-0.387128,-0.707265,0.806282,0.283289,0.519284,-0.000669,-0.877428,0.479709,-308.622126,267.081096,155.171344,96.349645,4.079067,1.070474,3.142356,181.712571,12.624939,67.427814,12.624939,148.622401,-79.785628,67.427814,-79.785628,373.304597
0.89677,0.405691,0.17669,-0.302213,0.269856,0.914245,0.32322,-0.873266,0.364604,112.649754,-347.158366,-109.602078,99.685928,2.950683,1.197589,2.7871,-47.879039,-40.929577,52.525746,-40.929577,263.971879,16.595187,52.525746,16.595187,342.509947
0.170956,-0.564658,-0.807425,0.95769,-0.097336,0.270841,-0.231524,-0.819565,0.524127,-49.02482,-279.110099,148.530625,68.283397,4.388745,1.019106,3.416914,145.466178,-148.303641,148.692836,-148.303641,-65.85698,-180.612657,148.692836,-180.612657,389.619902
0.800095,0.381073,-0.463283,-0.266357,0.917675,0.294832,0.537496,-0.112495,0.835729,237.315462,239.211862,87.324233,152.860345,4.145637,0.581338,1.777112,285.540892,23.507201,-85.986698,23.507201,123.805188,4.342125,-85.986698,4.342125,409.06361
-0.502911,-0.592041,-0.629737,0.686911,0.16846,-0.706947,0.524627,-0.788105,0.321959,96.252519,115.638933,-189.23887,86.560513,5.555485,1.242999,2.554272,-12.415897,-12.814557,47.245179,-12.814557,90.941592,158.28662,47.245179,158.28662,266.495708
0.385772,0.686491,-0.616369,-0.076323,0.689538,0.720216,0.919432,-0.230796,0.318399,108.226166,-356.299404,-117.925766,75.31833,3.84945,1.246756,1.816735,449.741774,-7.881297,126.87299,-7.881297,-392.408059,132.992806,126.87299,132.992806,172.826423
-0.596974,-0.76867,-0.229715,0.738491,-0.638388,0.217009,-0.313455,-0.040094,0.948756,-354.249508,-207.274959,-168.113171,71.459294,3.955426,0.32152,4.585171,-121.595832,166.867068,100.320939,166.867068,311.68541,122.193701,100.320939,122.193701,251.941427
-0.347858,0.856009,0.382419,-0.636898,-0.515084,0.573628,0.688009,-0.044021,0.724366,323.501791,-96.977277,-173.439648,119.619342,2.55359,0.760682,1.634692,80.654861,103.437631,42.276568,103.437631,79.333299,44.342166,42.276568,44.342166,422.070303
0.192714,0.484038,-0.853562,0.378755,0.765762,0.519762,0.905211,-0.423456,-0.035759,240.497855,108.423316,14.074689,76.033137,4.165427,1.606563,2.008352,-42.884027,102.220007,175.663978,102.220007,-21.927606,221.832026,175.663978,221.832026,254.164768
-0.303141,0.846636,0.437393,-0.949928,-0.304968,-0.068052,0.075775,-0.436121,0.896692,394.485358,306.432973,-40.818633,113.064968,1.416448,0.458558,2.969562,-270.166952,-233.613514,272.245887,-233.613514,75.409767,-24.209065,272.245887,-24.209065,595.960995
0.587946,-0.215348,0.779708,-0.396729,0.763248,0.50996,-0.704929,-0.609162,0.363314,-69.703989,410.077745,-184.221253,112.919508,2.150006,1.198974,3.999739,56.370874,-88.11159,-46.956985,-88.11159,219.390248,-32.759488,-46.956985,-32.759488,314.557086
0.422858,-0.801557,0.422726,0.092112,0.502087,0.859898,-0.901502,-0.324677,0.286145,-52.217271,-262.0725,17.844121,94.89491,2.684688,1.280595,4.3667,-3.630043,-43.669948,-48.229628,-43.669948,172.480682,-20.13228,-48.229628,-20.13228,518.201815
0.146808,0.323321,-0.934832,0.278188,0.893432,0.35269,0.949241,-0.311837,0.041219,-198.842761,-287.826274,68.46235,83.049225,4.351625,1.529565,1.888201,-511.593291,-107.638767,73.075825,-107.638767,116.22059,182.732665,73.075825,182.732665,465.000355
0.919548,0.381214,-0.09543,-0.348613,0.903406,0.249653,0.181383,-0.1963,0.963622,386.955577,-69.464408,21.63727,80.344121,3.506704,0.270559,2.39567,-130.256789,-23.069825,-93.193758,-23.069825,-113.569007,124.083544,-93.193758,124.083544,712.135203
-0.258508,0.464657,-0.846917,-0.455528,0.714485,0.531042,0.851861,0.523073,0.026964,-57.745851,-8.248692,159.193174,86.336632,4.152331,1.543829,1.020121,95.553278,69.603703,37.842414,69.603703,-12.620827,-116.801947,37.842414,-116.801947,310.692696
0.713017,0.552129,0.432157,-0.468468,-0.083442,0.879532,0.521674,-0.829573,0.199159,33.445779,261.064068,-21.522263,87.072698,2.684889,1.370297,2.580232,30.577948,-70.943064,-97.353037,-70.943064,-21.374543,39.21286,-97.353037,39.21286,344.538824
0.351591,-0.93021,0.105323,-0.070553,0.085857,0.993806,-0.933491,-0.356844,-0.035443,260.316314,269.786251,-181.885176,106.280057,3.036007,1.606246,4.347261,175.003777,42.222377,-70.95741,42.222377,144.137464,14.925641,-70.95741,14.925641,365.529585
0.353735,0.370831,-0.858694,-0.178935,0.927924,0.327016,0.918071,0.037973,0.394594,-14.27193,-56.375312,-18.114527,145.267869,4.348517,1.165171,1.529458,306.825679,171.001196,6.247464,171.001196,153.787025,29.168579,6.247464,29.168579,388.398821
0.528056,0.496558,-0.688902,-0.206832,0.862002,0.462788,0.823636,-0.101891,0.55789,67.643128,-260.806048,-169.773054,74.817305,4.120858,0.978955,1.69388,-390.190943,-127.805714,-130.387891,-127.805714,-116.245962,56.433228,-130.387891,56.433228,49.65244
-0.372386,0.839258,0.396199,-0.659194,-0.539691,0.523639,0.653293,-0.066176,0.754207,123.899788,26.339728,122.763224,94.273245,2.493864,0.71635,1.671748,232.509038,-57.043375,-41.261369,-57.043375,235.357933,46.738945,-41.261369,46.738945,267.788873
0.349504,0.420591,-0.837228,0.579361,0.605248,0.545909,0.736334,-0.675854,-0.032137,76.611416,-369.573599,-30.757335,102.183703,4.134579,1.602939,2.313393,72.615448,89.406155,88.089351,89.406155,143.908136,-20.910193,88.089351,-20.910193,301.463492
0.678937,0.590215,-0.436682,-0.249082,0.744665,0.619219,0.690654,-0.311641,0.652593,452.164434,382.13631,-139.064286,117.542799,3.755809,0.859795,1.994669,78.037752,-122.005464,-52.960948,-122.005464,236.30495,7.712688,-52.960948,7.712688,474.819068
0.33656,0.492938,-0.802334,0.77507,0.338874,0.533321,0.534784,-0.801359,-0.26801,449.675079,-404.866387,-75.254591,81.4103,4.125741,1.842123,2.55312,107.729245,172.721999,25.712067,172.721999,-105.07877,53.213932,25.712067,53.213932,579.878529
0.341965,0.675363,0.65341,-0.751944,0.613685,-0.24077,-0.563595,-0.408993,0.717695,288.222721,-151.894879,34.761328,74.335694,1.217752,0.77031,4.084632,-137.160103,52.238662,41.994517,52.238662,162.140538,-7.327691,41.994517,-7.327691,292.294578
-0.198445,0.791815,0.577624,-0.940869,-0.318996,0.114045,0.274562,-0.520837,0.808297,342.683181,38.648921,101.477379,91.381317,1.765727,0.629542,2.656457,42.682195,166.775173,-2.167322,166.775173,-42.45213,62.509507,-2.167322,62.509507,537.529241
0.21818,-0.876195,0.429744,-0.258229,0.372825,0.891246,-0.941124,-0.305425,-0.144916,273.809845,11.898359,-117.28437,81.379846,2.6923,1.716224,4.398581,257.73271,70.339866,-200.8264,70.339866,-37.151615,177.127617,-200.8264,177.127617,468.375715
0.385306,0.456742,-0.801827,-0.338476,0.878306,0.337658,0.858472,0.141297,0.493013,-252.57703,-300.71512,99.693832,84.696554,4.313817,1.055247,1.407667,54.068823,-39.135531,100.321299,-39.135531,-84.967444,7.841961,100.321299,7.841961,364.626624
-0.811076,-0.118669,-0.572776,0.573802,0.028772,-0.818489,0.113609,-0.992517,0.044757,-85.029799,208.640461,140.019882,86.893582,5.672595,1.526025,3.027623,-148.325048,252.667552,-96.986214,252.667552,213.164471,-12.608491,-96.986214,-12.608491,539.594883
0.858781,0.507466,0.070529,-0.391862,0.561897,0.728502,0.33006,-0.653261,0.681403,434.891372,249.107503,-149.585395,86.22595,3.04508,0.821119,2.673754,13.190203,47.617036,78.016883,47.617036,-338.992296,-17.965198,78.016883,-17.965198,538.20926
0.271578,-0.803061,0.530414,0.190693,0.585101,0.788221,-0.943335,-0.112918,0.312039,18.175921,116.893888,31.134316,90.497024,2.54927,1.253458,4.593255,191.245995,-113.455064,-135.113223,-113.455064,-13.837512,136.274267,-135.113223,136.274267,510.214482
-0.763842,-0.569813,-0.303081,0.571926,-0.379994,-0.726984,0.299076,-0.72864,0.616147,450.029973,-227.32723,164.774167,75.910803,5.888193,0.906955,2.752104,160.359438,178.13442,197.578789,178.13442,-19.887959,-106.345667,197.578789,-106.345667,681.946512
0.777373,0.224941,0.587446,-0.583931,0.605323,0.540934,-0.233916,-0.763535,0.601911,115.902188,-130.888556,117.92857,107.683909,2.314997,0.924904,3.438873,3.51322,45.863792,-23.977467,45.863792,351.836124,108.811671,-23.977467,108.811671,265.856164
-0.604802,0.04667,0.795007,-0.795686,-0.076959,-0.600801,0.033144,-0.995941,0.08368,61.06315,357.771944,-100.204633,145.662426,0.923646,1.487019,3.108326,80.522358,-46.626078,-79.494127,-46.626078,318.707249,-20.776283,-79.494127,-20.776283,326.319338
-0.295048,0.436751,0.84982,-0.884408,0.211782,-0.415898,-0.361621,-0.874298,0.323781,297.569827,126.677641,-155.782242,70.056313,1.115668,1.241074,3.533779,17.444767,21.881575,-5.696125,21.881575,-114.783709,-86.934309,-5.696125,-86.934309,446.697232
-0.295073,0.807436,0.510861,-0.912698,-0.396381,0.099323,0.282692,-0.436954,0.853906,408.135298,-122.87442,-67.524927,91.463707,1.762823,0.54735,2.567357,-89.300775,42.806603,64.389916,42.806603,-83.732244,4.242271,64.389916,4.242271,415.869807
-0.26865,-0.804529,-0.529679,0.715149,-0.534973,0.449851,-0.645282,-0.257947,0.719079,204.940846,475.901722,106.886412,99.350063,4.008307,0.768321,4.332104,110.363811,125.746866,199.236919,125.746866,40.908477,-188.063,199.236919,-188.063,382.054777
0.439911,0.127365,-0.888964,0.830629,0.318578,0.456688,0.34137,-0.939301,0.034353,303.341082,-126.650777,22.619935,81.787544,4.237817,1.536436,2.793004,-49.585953,90.387931,-78.540294,90.387931,201.076582,205.578779,-78.540294,205.578779,320.194122
0.767408,0.099546,0.633384,-0.613507,0.400994,0.680303,-0.186262,-0.910656,0.368799,-423.439711,7.313299,5.839825,60.68003,2.391895,1.19308,3.343346,-13.394609,-206.313278,170.929873,-206.313278,319.828309,261.282696,170.929873,261.282696,2.223448
0.675559,0.295833,0.675355,-0.559502,0.802239,0.208258,-0.480186,-0.518552,0.707478,-59.67438,-260.626567,31.492501,93.072731,1.869912,0.784873,3.888595,119.72945,52.346976,-20.052134,52.346976,104.128712,16.813465,-20.052134,16.813465,412.654759
-0.017578,0.712961,-0.700984,0.574824,0.58085,0.57636,0.818088,-0.392811,-0.420037,-297.835419,249.162718,13.428573,80.606999,4.024248,2.004283,2.018444,-8.147655,4.830804,0.247698,4.830804,-124.833765,70.670174,0.247698,70.670174,379.081426
0.236802,-0.672087,-0.701586,0.941881,0.335923,-0.003892,0.238295,-0.659889,0.712574,-332.174845,436.974859,64.488772,63.762167,4.717937,0.777637,2.795051,340.858542,129.2339,358.272947,129.2339,-352.142917,-112.158353,358.272947,-112.158353,266.38268
-0.225402,-0.633337,0.740323,0.55165,0.543366,0.6328,-0.803042,0.551034,0.226905,-296.782804,105.930821,-107.605644,86.786151,2.278048,1.341898,5.313782,-66.577029,189.184231,36.385497,189.184231,73.660622,-144.736435,36.385497,-144.736435,356.9602
0.768084,0.491032,0.411016,-0.633519,0.676197,0.376048,-0.093276,-0.549223,0.830454,505.282738,-144.036166,-181.347071,71.755245,2.311795,0.590874,3.309821,-52.100189,88.3376,-150.266072,88.3376,-234.358515,-164.947027,-150.266072,-164.947027,437.848883
-0.347177,0.554476,0.756323,-0.595956,0.492255,-0.634446,-0.724089,-0.671,0.159543,-419.68234,414.053293,-135.018414,67.985379,0.872808,1.410568,3.965027,-37.064548,93.352488,-120.048295,93.352488,-35.591813,134.900721,-120.048295,134.900721,364.353398
0.168744,0.473091,-0.864702,0.052001,0.871788,0.487116,0.984287,-0.127163,0.122508,15.258979,270.159811,-185.818408,82.335949,4.199367,1.44798,1.699278,-17.965233,44.945526,-123.298186,44.945526,228.843014,-44.81833,-123.298186,-44.81833,183.72943
0.531458,0.802001,-0.272667,-0.254562,0.458221,0.851605,0.80793,-0.383182,0.447685,38.106069,105.467734,66.349831,88.540435,3.451459,1.106622,2.013654,189.693016,-82.606308,-94.865247,-82.606308,10.43424,89.726823,-94.865247,89.726823,394.997782
0.146114,0.73883,-0.65786,-0.524554,0.621677,0.581688,0.838745,0.26009,0.478392,126.683499,78.210005,63.110922,67.38083,3.988366,1.071973,1.270105,-399.316523,230.641302,-105.646702,230.641302,-100.102624,24.283315,-105.646702,24.283315,88.018077
-0.243222,-0.498969,0.831789,0.290632,0.780652,0.553277,-0.925406,0.376314,-0.044856,461.732501,-194.163583,-126.856246,74.53221,2.157758,1.615667,5.098613,-23.580453,74.485482,-156.362977,74.485482,2.592959,-237.745767,-156.362977,-237.745767,551.912681
0.166096,0.863891,-0.475504,-0.789487,0.405426,0.460802,0.590865,0.298867,0.749371,94.676789,213.983669,72.659023,72.226717,3.942691,0.723684,1.10251,12.916225,97.678774,-30.923389,97.678774,0.707649,288.772827,-30.923389,288.772827,401.158039
0.685854,0.247312,0.684427,-0.611722,0.70537,0.358118,-0.394208,-0.664297,0.635067,466.861782,227.545731,67.225101,107.859651,2.052861,0.882701,3.677161,-52.285617,2.84995,26.707283,2.84995,209.48526,-24.40031,26.707283,-24.40031,720.53466
0.222506,0.627899,-0.745811,0.093445,0.747731,0.657394,0.970443,-0.215967,0.1077,-310.25492,105.334731,-165.514722,83.47111,3.989919,1.462887,1.789772,79.324211,-193.2688,-4.426591,-193.2688,-74.19927,152.074865,-4.426591,152.074865,234.228384
0.474633,-0.841484,0.258123,-0.226992,0.166318,0.95959,-0.850411,-0.514045,-0.11207,216.605593,324.771822,-62.981183,69.062221,2.87882,1.683103,4.168692,-3.415905,-27.486213,16.983885,-27.486213,-126.637839,162.307556,16.983885,162.307556,421.408893
0.337937,0.85235,-0.399122,-0.761136,0.496943,0.416797,0.553598,0.162935,0.816689,-9.129684,-171.541928,-174.656221,88.062402,3.905331,0.615146,1.284559,224.189205,85.025675,172.188821,85.025675,146.724716,-42.195203,172.188821,-42.195203,152.280339
-0.677652,-0.544094,-0.494722,0.63538,-0.094494,-0.766396,0.370243,-0.833686,0.40974,-340.286329,-421.075743,11.362527,81.864258,5.709968,1.148627,2.723653,31.701531,38.381962,-58.712132,38.381962,42.769484,53.798135,-58.712132,53.798135,271.972914
-0.467172,0.600778,0.648704,-0.785196,0.055388,-0.616765,-0.406469,-0.797495,0.445853,-327.850825,-413.923593,30.59084,76.241724,0.810632,1.108669,3.612956,-406.558695,93.720456,-0.28936,93.720456,-147.580741,-96.752895,-0.28936,-96.752895,351.302524
-0.621117,0.288268,-0.728776,0.613727,0.757209,-0.223549,0.487394,-0.586119,-0.647233,-387.610505,-114.879462,175.493558,64.623493,5.010023,2.274746,2.447901,-60.811335,-61.977373,-358.238293,-61.977373,99.933061,180.615043,-358.238293,180.615043,358.219612
0.734872,-0.427232,-0.526722,0.677675,0.493288,0.545365,0.026828,-0.75772,0.652028,112.634278,-391.144851,88.769284,74.690503,3.909603,0.86054,3.106201,-33.485703,33.706412,19.092252,33.706412,-66.169957,2.079847,19.092252,2.079847,379.652747
-0.683687,0.710453,0.166821,-0.647917,-0.696117,0.309231,0.335821,0.103331,0.936241,9.05679,335.511588,96.71434,185.490824,2.64687,0.359022,1.272293,209.514022,73.946986,-51.130829,73.946986,182.327706,21.794047,-51.130829,21.794047,307.540777
-0.502423,0.701882,0.504908,-0.65321,-0.690723,0.310192,0.56647,-0.173964,0.805511,325.758966,-231.494704,113.991211,76.595746,2.121702,0.634258,1.868756,-88.671288,50.377976,-68.412672,50.377976,-126.471375,73.033002,-68.412672,73.033002,496.175335
0.17685,0.803075,-0.56903,-0.275784,0.595416,0.754601,0.944811,0.023478,0.326774,-342.567589,-251.015437,15.643531,76.101212,3.7877,1.237908,1.545952,450.630638,-48.723097,184.92284,-48.723097,-23.322375,113.48869,184.92284,113.48869,92.956317
-0.720374,0.693059,0.027044,-0.68511,-0.717106,0.127997,0.108102,0.073678,0.991406,-235.074762,-147.408248,-115.195157,80.432143,2.933371,0.131199,0.972558,228.929254,-107.284801,106.58773,-107.284801,124.320591,-102.26077,106.58773,-102.26077,450.353359
0.237963,0.930326,-0.279045,-0.33592,0.348399,0.875086,0.911335,-0.114502,0.395422,423.879698,66.244805,-162.08802,100.691614,3.450277,1.164269,1.695783,-14.549458,-63.226695,37.58774,-63.226695,173.757729,-98.165886,37.58774,-98.165886,544.234407
-0.496976,-0.141676,-0.856121,0.817908,0.253117,-0.51668,0.2899,-0.957006,-0.009916,-246.262322,170.795753,102.403586,75.114435,5.255387,1.580712,2.847455,-179.091658,204.493137,209.024221,204.493137,-9.990417,7.641497,209.024221,7.641497,620.984745
-0.52786,0.621697,0.578668,-0.767178,-0.056679,-0.638925,-0.36442,-0.781204,0.506871,-325.61757,-459.143148,-15.056356,64.025588,0.735949,1.039245,3.57807,-595.408599,-1.399739,-347.221047,-1.399739,-101.054289,-111.258983,-347.221047,-111.258983,308.896873
0.714671,-0.672086,0.193767,0.609583,0.734312,0.298654,-0.343007,-0.095322,0.934484,145.904201,178.891667,176.002181,76.362665,2.566061,0.36399,4.441327,128.430063,229.600791,-31.661576,229.600791,24.991705,-12.216926,-31.661576,-12.216926,271.305266
-0.585717,-0.202802,-0.784734,0.793236,0.055423,-0.606387,0.166469,-0.97765,0.128408,178.239678,-260.127996,-35.336458,120.657772,5.370279,1.442033,2.972936,266.742425,-30.529105,81.749723,-30.529105,-34.663509,100.420516,81.749723,100.420516,69.825427
-0.614545,0.667513,0.420429,-0.587714,-0.742906,0.320441,0.526238,-0.050166,0.848856,259.451607,279.701796,-176.40731,89.250152,2.222045,0.556978,1.66584,18.591568,9.756025,112.963768,9.756025,5.778136,111.164375,112.963768,111.164375,434.361995
0.068137,0.852867,-0.517664,-0.664764,0.425717,0.613884,0.74394,0.302296,0.595962,169.429141,-248.093683,-131.798866,131.547335,3.84216,0.932333,1.184833,46.192824,-90.407381,-16.999115,-90.407381,97.817165,32.026724,-16.999115,32.026724,223.110256
0.545301,0.824344,-0.151998,-0.778125,0.565234,0.273919,0.311718,-0.031095,0.949666,118.940772,449.079143,73.601589,69.294925,3.648191,0.318629,1.670221,111.666758,7.569798,163.336593,7.569798,-197.165592,-25.745733,163.336593,-25.745733,385.96323
-0.1508,-0.603097,0.783284,-0.570471,0.700194,0.429292,-0.807355,-0.382104,-0.449638,-316.155922,397.814422,-114.021448,84.349029,2.072154,2.037157,4.270346,-173.771476,44.889864,-118.134276,44.889864,-196.140524,85.936259,-118.134276,85.936259,510.214612
0.258147,0.219592,0.940819,-0.956902,-0.07598,0.280294,0.133034,-0.972629,0.190514,197.708118,215.03461,173.342069,76.530521,1.860349,1.379111,3.005658,-46.566887,30.102132,-85.849348,30.102132,462.4609,-91.714492,-85.849348,-91.714492,110.879967
0.17202,0.984942,-0.017269,-0.973212,0.172634,0.151843,0.152537,-0.009314,0.988254,117.724084,-130.377879,124.376206,126.884631,3.254836,0.153423,1.631779,327.848319,56.214323,-69.715775,56.214323,124.211548,86.28434,-69.715775,86.28434,361.480556
-0.599551,0.22912,-0.766839,0.732445,0.543274,-0.410338,0.322587,-0.807686,-0.493538,510.65216,-206.639,34.255283,92.651264,5.203723,2.08695,2.761606,252.60768,76.742326,-38.202077,76.742326,-43.572153,-86.380197,-38.202077,-86.380197,553.141653
0.60105,-0.527789,-0.600148,0.710076,0.697281,0.097933,0.366784,-0.485014,0.793871,407.847279,168.473245,80.425683,64.605033,4.550633,0.653647,2.494114,457.239838,-59.937388,-259.132022,-59.937388,-170.705021,34.48545,-259.132022,34.48545,549.409321
-0.030842,-0.472119,-0.880995,0.677807,0.63791,-0.36558,0.734593,-0.60842,0.300331,-248.913493,51.573502,15.467007,88.008302,5.105727,1.265757,2.262522,-11.773551,32.291252,-15.278522,32.291252,334.342327,-119.904018,-15.278522,-119.904018,199.589455
0.033503,0.848442,-0.528226,-0.182304,0.524844,0.831447,0.982671,0.068442,0.172259,-177.349041,215.057393,-20.857849,69.327995,3.707571,1.397674,1.50126,-102.743522,-145.425275,18.279838,-145.425275,-38.706113,-77.984783,18.279838,-77.984783,596.167101
0.573665,0.531418,0.6233,-0.788189,0.151102,0.596595,0.22286,-0.833524,0.50554,-32.19785,-290.261696,-145.458732,89.817344,2.334307,1.040789,2.880334,-36.617729,72.411846,106.905538,72.411846,-292.107826,112.743008,106.905538,112.743008,277.739601
0.449099,0.472963,0.758035,-0.662693,0.745378,-0.072453,-0.59929,-0.469806,0.648178,-297.423193,-166.493723,-115.720615,82.977881,1.475506,0.865608,4.04752,4.322389,162.683497,-186.315098,162.683497,-188.595741,-45.294351,-186.315098,-45.294351,578.209883
0.573725,0.818918,0.014606,-0.816652,0.570593,0.086616,0.062597,-0.061621,0.996135,246.971529,-335.963264,-12.289861,136.670972,2.974539,0.087952,2.348338,-208.648725,-148.929266,48.226201,-148.929266,121.947962,72.886451,48.226201,72.886451,497.802722
-0.20805,-0.364936,-0.907489,0.395885,0.816983,-0.4193,0.894422,-0.446497,-0.0255,-101.386722,400.69423,163.596906,65.324732,5.145214,1.596299,2.033805,-699.412781,-246.280352,-279.834728,-246.280352,-33.112296,139.164091,-279.834728,139.164091,433.446493
0.315657,0.891778,-0.324181,-0.541267,0.449837,0.710406,0.779352,-0.048776,0.624684,298.310562,402.271496,51.25446,83.062413,3.5697,0.896069,1.6333,-312.770899,-155.359099,37.317508,-155.359099,24.516801,-46.363565,37.317508,-46.363565,645.826234
-0.839951,0.537852,0.072098,-0.512097,-0.829573,0.222633,0.179554,0.15008,0.972233,529.464903,-138.326,74.784375,64.401315,2.828407,0.236207,0.874578,-401.695897,-125.590919,129.81821,-125.590919,-224.605768,-93.194194,129.81821,-93.194194,528.128448
0.234544,-0.361866,-0.902243,0.792643,0.608501,-0.038001,0.562767,-0.706243,0.429551,-151.092307,440.284389,-24.912096,113.290748,4.754482,1.126801,2.468778,-30.876642,-200.784129,-71.736053,-200.784129,42.193563,-216.507601,-71.736053,-216.507601,113.703589
0.240552,0.136739,0.960957,-0.968893,-0.025477,0.246164,0.058143,-0.990279,0.126357,-142.445582,-67.788993,-159.177217,87.782243,1.821569,1.444101,3.082947,-285.606126,76.663826,93.497292,76.663826,-53.186907,-164.421557,93.497292,-164.421557,508.487588
-0.248407,-0.219578,-0.94344,0.831316,0.451601,-0.323992,0.4972,-0.864778,0.070358,-301.292046,275.462277,-43.536585,82.415347,5.043186,1.50038,2.619799,-153.765478,38.27593,29.202012,38.27593,250.058119,-111.455736,29.202012,-111.455736,353.824448
-0.492031,-0.444685,-0.748439,0.829211,-0.501241,-0.247318,-0.26517,-0.742302,0.615364,-414.989904,91.947337,108.135853,63.841919,5.031538,0.907948,3.484691,-172.05948,-55.863468,2.841502,-55.863468,-64.672382,231.247185,2.841502,231.247185,492.669397
0.413102,0.68635,0.598557,-0.787605,0.599228,-0.143543,-0.457193,-0.412128,0.788115,433.593326,-112.813708,122.855229,115.858105,1.335427,0.663056,3.978783,208.485617,3.365604,-15.659153,3.365604,-45.202657,17.838731,-15.659153,17.838731,621.835961
-0.050921,0.98115,-0.186417,-0.889471,0.040326,0.455209,0.454146,0.188993,0.870651,59.263237,-454.963142,-127.615915,68.519856,3.530279,0.514272,1.176446,-201.528469,126.704659,-6.337593,126.704659,-98.693691,219.459126,-6.337593,219.459126,474.788482
-0.429407,0.849438,-0.306699,-0.752619,-0.148877,0.641405,0.499173,0.506251,0.703232,-131.017701,-92.468055,-0.341691,91.853462,3.587622,0.790862,0.778359,-167.856171,-136.823172,150.019972,-136.823172,-57.804827,-222.608506,150.019972,-222.608506,449.731035
0.465172,0.418544,0.780023,-0.884516,0.184632,0.428418,0.035295,-0.889231,0.456095,-128.614137,95.79531,-3.001639,83.005473,2.073054,1.097194,3.101922,-186.499608,37.936994,28.405326,37.936994,263.545531,-61.424209,28.405326,-61.424209,304.575686
-0.433373,0.185562,-0.881904,0.858709,0.38201,-0.341596,0.273509,-0.905337,-0.324897,434.592318,116.697333,-27.817939,116.752476,5.081933,1.901699,2.848204,134.350712,-36.79087,-13.938686,-36.79087,51.627037,-3.541609,-13.938686,-3.541609,470.303924
-0.338271,-0.328436,0.881874,-0.705442,0.708737,-0.00664,-0.622836,-0.624357,-0.471438,415.486302,468.499177,-52.313541,113.372524,1.563267,2.061717,3.925771,-14.967245,-59.130616,144.050678,-59.130616,176.591839,28.142745,144.050678,28.142745,549.768741
0.432053,0.845043,0.315013,-0.87946,0.317442,0.354654,0.1997,-0.430271,0.880334,121.949059,444.830261,-133.385137,84.070867,2.415321,0.494231,2.707054,-207.519371,-91.658206,53.897861,-91.658206,-143.292043,145.331084,53.897861,145.331084,207.266856
0.371304,0.912682,-0.170721,-0.781159,0.406445,0.473913,0.50192,-0.042605,0.863864,406.676463,307.417677,-40.510577,93.084013,3.487359,0.527906,1.655478,3.338535,-76.315792,120.921206,-76.315792,-46.559993,81.486001,120.921206,81.486001,628.262341
0.636715,-0.355501,-0.684261,0.620585,0.762944,0.181083,0.457677,-0.53994,0.706397,-381.474665,-318.699899,92.296379,88.624369,4.453679,0.786402,2.438468,255.532895,140.731969,136.216169,140.731969,178.9395,140.01623,136.216169,140.01623,317.929811
0.425206,0.612915,0.665985,-0.899535,0.367616,0.235997,-0.100181,-0.699424,0.707651,-138.91574,-91.881665,0.890213,97.092098,1.911348,0.784628,3.283858,-131.669924,18.554032,30.104303,18.554032,-59.807203,-129.028651,30.104303,-129.028651,494.152541
0.496469,-0.327605,-0.803862,0.653325,0.750769,0.097529,0.571563,-0.573603,0.586766,439.878508,-95.436594,14.088653,86.793003,4.591654,0.943737,2.357976,-182.973659,-16.167226,-167.998573,-16.167226,-206.408257,94.541244,-167.998573,94.541244,549.300724
0.330706,-0.537363,-0.775806,0.619737,0.743625,-0.250895,0.71173,-0.397823,0.578945,-73.08761,92.551397,22.688564,79.483108,5.025172,0.953362,2.080486,288.231024,-309.894801,202.41525,-309.894801,-61.878907,31.90371,202.41525,31.90371,475.186375
0.058039,-0.25194,-0.966001,0.753219,0.646118,-0.123258,0.655204,-0.720456,0.227266,-228.713311,246.415767,49.221038,89.39262,4.839299,1.341527,2.403592,-206.629786,32.256646,113.346459,32.256646,175.525645,-61.723363,113.346459,-61.723363,331.138742
0.335527,0.733187,0.591488,-0.810965,-0.094676,0.577384,0.47933,-0.673404,0.562823,245.79803,140.776629,-156.118146,87.669378,2.344129,0.973,2.52299,242.020719,27.348327,-59.314922,27.348327,-91.844603,65.411278,-59.314922,65.411278,257.721373
-0.390593,-0.598131,-0.699769,0.9185,-0.304081,-0.252769,-0.061597,-0.741468,0.668155,102.111112,-388.61346,105.960126,70.315922,5.059023,0.83907,3.224477,53.756779,-48.474202,35.235975,-48.474202,-257.091106,-72.915225,35.235975,-72.915225,262.192437
-0.037649,0.947782,-0.31669,-0.549746,0.245003,0.798594,0.834483,0.204165,0.511815,28.27479,239.859179,-12.87801,124.989377,3.519129,1.0335,1.330849,266.531283,-101.212318,-26.825834,-101.212318,194.63187,-34.848782,-26.825834,-34.848782,268.957212
-0.688219,0.528189,0.497364,-0.561938,-0.8217,0.095054,0.45889,-0.21407,0.862319,287.049237,423.323016,-2.918572,79.074302,1.759634,0.530964,2.007283,-280.28821,-304.599955,-98.393191,-304.599955,354.115126,-39.519286,-98.393191,-39.519286,203.732573
0.285347,-0.073503,-0.955602,0.895982,0.374459,0.238742,0.340285,-0.924326,0.172708,-106.653097,-227.928605,104.176536,66.846296,4.467567,1.397218,2.788846,89.807319,117.129755,-81.953296,117.129755,-279.142508,-118.446681,-81.953296,-118.446681,537.773494
0.22658,0.195065,0.95426,-0.697585,0.716244,0.019224,-0.679733,-0.670033,0.298361,-390.349472,-66.10247,-167.736413,71.616868,1.590939,1.267822,3.934177,-245.577113,-26.27764,-126.736741,-26.27764,146.099108,98.055576,-126.736741,98.055576,233.295934
0.24673,-0.232806,-0.940705,0.669968,0.742347,-0.007996,0.700191,-0.628269,0.339132,416.688739,-257.337435,-101.039716,102.510955,4.720889,1.224802,2.302108,13.817112,1.094676,42.842034,1.094676,-1.858828,44.788247,42.842034,44.788247,593.689673
0.685124,-0.656665,-0.315272,0.317616,-0.120197,0.940571,-0.655534,-0.744543,0.126217,13.497188,-210.504183,25.828142,114.911385,3.465015,1.444241,3.863502,400.065834,-10.884243,76.783951,-10.884243,140.971755,22.157778,76.783951,22.157778,473.248468
-0.245035,0.961622,-0.123452,-0.816299,-0.135932,0.561407,0.523081,0.238339,0.81828,-30.90167,-75.473179,100.312564,71.594129,3.358046,0.612385,1.143259,129.692036,74.591275,165.959938,74.591275,-273.218746,54.646035,165.959938,54.646035,427.295397
-0.203483,0.230819,-0.951482,0.791063,0.611378,-0.020862,0.5769,-0.756928,-0.306997,-192.001336,-160.728988,-91.672912,88.047524,4.734312,1.882833,2.490355,58.534479,154.83285,62.349785,154.83285,12.678511,-26.155355,62.349785,-26.155355,477.37834
0.492144,-0.264689,0.829297,0.176224,0.963221,0.202855,-0.85249,0.046308,0.520688,268.698988,204.068666,67.575712,90.116334,1.810696,1.02314,4.766657,-32.765114,27.890767,140.072265,27.890767,54.688025,23.761895,140.072265,23.761895,541.69316
0.480346,-0.357606,-0.800865,0.666198,0.742672,0.067954,0.57048,-0.566177,0.594976,148.089195,312.615893,36.028081,65.590972,4.627741,0.93356,2.352409,49.960277,-121.544456,-125.0578,-121.544456,-141.906821,65.16265,-125.0578,65.16265,252.536308
0.177761,0.979489,-0.094879,-0.78016,0.199034,0.593073,0.599792,-0.031405,0.799539,-25.328247,105.956061,-17.958145,89.575209,3.300227,0.644269,1.623108,137.167312,-41.476196,-83.77283,-41.476196,53.900433,-167.985131,-83.77283,-167.985131,458.905456
0.468141,-0.862779,-0.190933,0.454816,0.050006,0.889181,-0.757619,-0.503102,0.415816,106.805845,458.967721,66.883024,78.387502,3.35311,1.141957,4.126196,296.170568,-27.993288,-75.31138,-27.993288,196.358413,-41.082439,-75.31138,-41.082439,478.346159
-0.133195,0.442483,-0.88683,0.730617,0.648447,0.213809,0.669669,-0.619455,-0.409656,206.205119,59.16903,-174.360379,65.965307,4.475811,1.992873,2.317262,-330.282042,-111.348461,9.078031,-111.348461,279.701071,40.247817,9.078031,40.247817,294.043371
0.163676,0.975666,-0.145897,0.113034,0.128369,0.985264,0.980017,-0.177755,-0.089272,468.83243,-406.786785,-108.861707,92.490635,3.288603,1.660188,1.750225,-241.64603,-6.305524,71.41781,-6.305524,-32.620164,178.930503,71.41781,178.930503,532.662022
0.433464,-0.225246,-0.872567,0.64219,0.756493,0.123738,0.632219,-0.613989,0.472563,230.582648,35.018731,-97.325533,68.774796,4.57152,1.0786,2.341567,440.948839,-322.479637,-229.361418,-322.479637,170.272186,135.384807,-229.361418,135.384807,41.083836
-9.5e-05,0.027256,0.999628,-0.60228,0.797987,-0.021816,-0.798285,-0.602059,0.01634,-43.612054,-182.836256,52.517007,98.828655,1.548976,1.554456,4.066212,-150.412324,-133.229351,103.658791,-133.229351,156.950829,-11.065973,103.658791,-11.065973,494.560915
0.117916,-0.951429,0.284393,-0.149372,0.266138,0.952291,-0.981725,-0.154771,-0.110734,139.202686,463.898139,-154.892753,75.454119,2.851383,1.681758,4.556024,-212.838807,-137.775022,209.911263,-137.775022,-27.352079,163.1036,209.911263,163.1036,400.524049
-0.132374,0.990825,-0.027248,-0.35964,-0.022395,0.932822,0.923654,0.133281,0.359305,139.603233,51.900039,-34.512219,124.321522,3.170794,1.203273,1.427488,55.11347,-63.857606,-19.187331,-63.857606,188.364859,60.166226,-19.187331,60.166226,328.043017
-0.039164,0.472401,0.880513,-0.908267,0.350515,-0.228452,-0.416554,-0.808688,0.415339,342.251958,-217.414488,-41.150166,94.776707,1.31694,1.142481,3.617246,25.162713,-21.724048,-22.367837,-21.724048,-6.111691,-2.536497,-22.367837,-2.536497,429.406916
0.069567,-0.990513,0.118512,0.594469,0.136565,0.792437,-0.801104,0.015324,0.598329,-100.283851,303.368416,-48.995032,92.344597,2.993139,0.929382,4.731515,-166.145047,42.193393,50.285756,42.193393,320.342333,68.291387,50.285756,68.291387,363.996623
-0.255241,0.072112,0.964185,-0.542464,0.814798,-0.204542,-0.800365,-0.575243,-0.168852,447.034662,500.082475,155.089146,73.774769,1.361756,1.740461,4.089206,-256.000828,8.206873,45.132127,8.206873,-115.866671,65.598242,45.132127,65.598242,879.245327
0.585229,0.110148,-0.803352,0.438446,0.790426,0.427776,0.682109,-0.602573,0.414286,198.692626,-135.305808,-12.31222,85.013067,4.22309,1.143638,2.294363,-23.984888,96.666805,-43.805837,96.666805,-28.88582,47.301043,-43.805837,47.301043,220.44747
0.128758,0.291645,-0.947821,0.402286,0.858241,0.31873,0.906414,-0.422335,-0.006819,-49.648361,428.708254,155.699021,66.885929,4.387992,1.577616,2.006826,-52.108332,-10.952887,-132.448921,-10.952887,-53.036706,-21.434909,-132.448921,-21.434909,590.566684
-0.657447,-0.151782,-0.738055,0.384743,0.774568,-0.502014,0.64787,-0.614009,-0.45084,173.742218,141.109574,-456.527837,68.373316,5.309692,2.038503,2.329367,308.019771,-128.920197,-25.067224,-128.920197,243.176545,68.332401,-25.067224,68.332401,38.339694
-0.29976,0.92247,0.243297,-0.950986,-0.309234,0.000787,0.075962,-0.231136,0.969951,-155.419142,246.654326,-197.189857,61.2944,1.574032,0.245765,2.824067,-319.212569,163.944372,-121.337726,163.944372,90.61619,133.908261,-121.337726,133.908261,250.526979
-0.195455,0.662346,-0.723253,0.643296,0.643241,0.415225,0.740248,-0.384108,-0.55181,433.783289,-244.145104,-343.070032,70.265981,4.191226,2.155329,2.049442,-171.793751,-420.412285,18.706644,-420.412285,286.714079,78.287648,18.706644,78.287648,690.863793
-0.237717,-0.744902,-0.623388,0.74557,-0.551289,0.37444,-0.622588,-0.375768,0.686427,425.393722,-380.914389,-453.469154,86.09749,4.171489,0.814232,4.169358,-1148.268068,-78.419403,97.09322,-78.419403,-160.521268,21.887312,97.09322,21.887312,373.966361
0.309432,0.398661,-0.86332,-0.372401,0.886165,0.275734,0.874968,0.236181,0.422669,-225.75343,421.350852,-365.829743,168.573982,4.403241,1.134408,1.307149,133.654424,19.572983,18.215074,19.572983,168.645769,-52.184587,18.215074,-52.184587,414.887682
0.758709,-0.474084,0.446773,-0.446031,0.121798,0.886692,-0.474782,-0.872015,-0.119047,384.661785,-389.256188,-370.076916,72.253492,2.674858,1.690126,3.640177,-572.057653,168.194091,166.577698,168.194091,19.32887,243.659753,166.577698,243.659753,241.492801
0.157616,0.559786,0.813509,-0.947269,-0.147039,0.284711,0.278995,-0.815487,0.507093,29.375281,453.469539,-238.381976,71.917103,1.907453,1.038988,2.811954,-91.123713,-172.680032,167.217934,-172.680032,234.983401,-133.309419,167.217934,-133.309419,227.041152
-0.571965,0.28089,0.770686,-0.806446,-0.020741,-0.590945,-0.150006,-0.959516,0.238386,-62.396147,-90.680572,-528.621185,135.129127,0.916644,1.330093,3.296672,36.524868,63.37419,62.664819,63.37419,139.285279,-54.6879,62.664819,-54.6879,336.043199
-0.847491,-0.425377,-0.317511,0.49236,-0.853474,-0.170774,-0.198344,-0.301059,0.93275,-184.605482,-280.073389,-475.76868,130.835853,5.205859,0.368829,3.724143,35.736542,-78.035111,-79.606618,-78.035111,63.152374,-91.346784,-79.606618,-91.346784,395.462445
0.528199,0.579338,0.620785,-0.623744,0.760791,-0.179279,-0.576151,-0.292516,0.763207,-78.676727,-375.748381,-232.542789,74.748639,1.289651,0.702535,4.242594,-281.050345,-42.774013,197.411003,-42.774013,199.82256,-37.073674,197.411003,-37.073674,329.667271
-0.310694,0.928642,0.202717,-0.400136,-0.321237,0.858311,0.862184,0.185558,0.471389,-2.694727,124.135453,-334.035801,105.226281,2.909662,1.079931,1.358812,295.703223,87.182999,-145.104486,87.182999,159.158112,-82.853608,-145.104486,-82.853608,360.884576
-0.044407,-0.664322,-0.746126,0.950915,0.200845,-0.23542,0.306251,-0.719956,0.622795,274.896103,483.834814,-506.921601,81.029278,5.018026,0.898486,2.739405,-425.96346,-56.878936,89.116782,-56.878936,185.714931,-176.508743,89.116782,-176.508743,420.338335
-0.152853,0.38781,0.908977,-0.854256,0.4106,-0.318832,-0.496872,-0.825234,0.268528,-405.376028,-139.116921,-463.111402,66.966158,1.233445,1.298932,3.683554,280.59048,-50.239413,-11.048955,-50.239413,352.226781,-43.645184,-11.048955,-43.645184,210.662427
0.067791,-0.654615,-0.752917,0.949092,-0.190368,0.250967,-0.307618,-0.731601,0.608384,-103.919592,203.632173,-367.347919,89.263244,4.390645,0.916773,3.539622,353.414997,-41.611071,-61.807766,-41.611071,160.37279,38.329863,-61.807766,38.329863,445.639841
-0.529646,-0.569841,0.628297,0.508035,0.380049,0.772957,-0.679246,0.72859,0.088207,158.9578,414.315977,-458.725703,68.658518,2.459066,1.482474,5.532823,-1.122331,192.238475,5.264207,192.238475,29.907218,-46.174194,5.264207,-46.174194,265.280149
-0.784185,-0.588129,-0.197883,0.480653,-0.777397,0.405742,-0.392462,0.223063,0.892309,-263.244272,-215.171696,-209.7092,66.543294,3.595358,0.468361,5.229226,117.057949,-164.12475,175.425552,-164.12475,-24.83038,-117.056309,175.425552,-117.056309,291.258669
-0.285817,0.939315,0.189725,-0.841471,-0.340738,0.419315,0.458515,-0.039801,0.887795,-162.847631,-379.434468,-292.943222,96.131669,2.716691,0.478265,1.657383,128.38602,-8.997229,67.931934,-8.997229,225.045705,2.914601,67.931934,2.914601,738.099096
-0.741128,0.289683,0.605652,-0.669252,-0.24728,-0.700681,-0.05321,-0.924628,0.377137,49.261357,-325.41526,-376.337347,63.740477,0.712781,1.184093,3.199077,-198.473227,-35.109006,-149.956668,-35.109006,-171.445428,-5.536602,-149.956668,-5.536602,114.043372
-0.678566,-0.092244,-0.728725,0.437223,0.746468,-0.501619,0.590241,-0.658997,-0.466196,-399.890283,195.401879,-239.810509,67.835935,5.315254,2.055783,2.411177,271.351325,-140.448664,-161.168024,-140.448664,-137.580409,-48.96773,-161.168024,-48.96773,419.843819
0.83253,-0.287435,0.473578,-0.303417,0.478653,0.823911,-0.4635,-0.829622,0.31128,-325.277424,50.040913,-599.4967790000001,74.015449,2.619914,1.254257,3.651082,38.977691,169.963724,25.07992,169.963724,-15.586533,-15.110195,25.07992,-15.110195,521.424616
0.697949,-0.62327,0.352708,-0.283347,0.211985,0.935295,-0.65771,-0.752726,-0.028647,-186.874324,87.728892,-254.664284,90.866633,2.780975,1.599447,3.859726,-51.178186,197.899177,89.044845,197.899177,55.978469,-138.016594,89.044845,-138.016594,592.111341
0.689225,-0.527876,0.496303,-0.462671,0.206492,0.862147,-0.557589,-0.823838,-0.101914,33.981128,-322.311357,-258.353711,92.021726,2.619263,1.672887,3.736591,204.31042,-66.452212,113.87621,-66.452212,-9.400212,-43.946359,113.87621,-43.946359,214.688172
-0.755001,-0.649158,0.092559,0.501347,-0.480492,0.719568,-0.422639,0.589679,0.688226,-403.10148,293.664253,-237.095159,89.323273,3.013663,0.811756,5.661321,-23.392286,-9.491627,-22.377528,-9.491627,33.334437,214.268865,-22.377528,214.268865,223.198143
0.388433,-0.755774,0.527186,-0.159418,0.508368,0.846255,-0.907582,-0.412756,0.076983,376.653789,472.698795,-374.690578,83.59366,2.584459,1.493737,4.285562,-108.177301,-219.483239,-109.449397,-219.483239,-143.252246,-85.724022,-109.449397,-85.724022,487.239422
-0.731789,0.405998,-0.547403,0.497936,0.866917,-0.022683,0.465344,-0.289171,-0.836561,236.951779,374.432988,-558.277018,77.14006,4.753803,2.561773,2.126812,94.550291,-129.730564,70.747053,-129.730564,3.534035,160.746943,70.747053,160.746943,-19.391274
0.85831,-0.455037,-0.237161,0.473031,0.88077,0.022029,0.19886,-0.131092,0.971221,250.015882,-108.671882,-368.270989,79.480843,4.619769,0.240493,2.153623,-34.76582,-65.416369,-73.23808,-65.416369,-86.049593,140.594092,-73.23808,140.594092,514.119333
0.040564,0.65199,-0.757142,-0.54982,0.647288,0.527936,0.834298,0.394877,0.384734,297.874366,-193.404264,-456.046035,84.627826,4.103495,1.175877,1.128732,358.103133,-57.776628,-48.651917,-57.776628,-80.790119,-16.01518,-48.651917,-16.01518,400.420425
0.534996,0.837954,-0.10776,-0.406609,0.367183,0.836568,0.740573,-0.403744,0.537161,62.536597,-135.633204,-402.910453,61.181524,3.269699,1.003728,2.06993,114.239085,15.916809,134.365646,15.916809,-179.95018,-60.70184,134.365646,-60.70184,371.609141
-0.216257,-0.250869,0.943556,0.230499,0.925988,0.299027,-0.948738,0.282156,-0.142426,325.833853,467.189073,-243.139852,74.49982,1.877698,1.713709,5.00146,392.361339,-23.52028,299.126417,-23.52028,151.603711,144.796475,299.126417,144.796475,542.748197
-0.04724,0.854497,0.517304,-0.766367,-0.363164,0.529899,0.640664,-0.371412,0.672014,140.518471,-65.314385,-242.786761,59.700867,2.368221,0.833871,2.096178,-75.066617,111.334875,49.528393,111.334875,5.648004,317.200021,49.528393,317.200021,51.23621
0.767251,0.028539,-0.640711,0.363626,0.803564,0.471234,0.528301,-0.594534,0.606158,-209.159435,-237.734131,-345.862241,116.414851,4.078242,0.919575,2.415113,175.924248,-131.850209,-67.087634,-131.850209,111.041948,-92.888332,-67.087634,-92.888332,418.141365
0.038733,-0.763625,0.644497,0.579768,0.542493,0.607923,-0.81386,0.350113,0.463737,5.667927,216.825431,-322.262425,109.49153,2.327,1.088587,5.118645,141.922692,58.318053,-80.055272,58.318053,-28.483194,-107.131862,-80.055272,-107.131862,277.56457
0.600692,0.634848,-0.485939,-0.229863,0.719298,0.655571,0.765723,-0.282097,0.578005,-66.564833,-176.778708,-571.087712,84.26017,3.779468,0.954514,1.923773,143.966073,92.629749,-154.835522,92.629749,-51.588615,-82.250024,-154.835522,-82.250024,366.740192
0.894577,-0.08329,0.439085,-0.398999,0.293746,0.868627,-0.201327,-0.952248,0.229546,152.088381,108.294643,-547.122299,84.550019,2.673561,1.339185,3.349947,-57.340934,171.295665,105.032316,171.295665,-99.234288,250.263982,105.032316,250.263982,365.952556
0.779971,0.609116,0.143607,-0.342721,0.223742,0.912404,0.523629,-0.760866,0.383269,-57.84914,-93.708303,-325.928872,72.931168,2.98548,1.177463,2.538829,0.449486,-115.669298,29.084549,-115.669298,-96.743713,-121.804761,29.084549,-121.804761,334.440503
-0.461458,-0.862775,-0.20658,0.392592,-0.407407,0.824555,-0.795568,0.299396,0.52672,54.033492,457.101819,-245.772231,75.894286,3.387074,1.016059,5.072325,-0.5371,39.472883,62.894894,39.472883,129.532951,-131.010606,62.894894,-131.010606,351.29057
0.444966,0.630415,0.636067,-0.640378,-0.272525,0.718085,0.626036,-0.726847,0.28244,131.208881,455.86251,-350.907546,111.275582,2.416688,1.28446,2.430573,136.10715,54.240578,84.553435,54.240578,147.511188,-83.315727,84.553435,-83.315727,680.904036
-0.437775,0.052066,0.897576,-0.89864,0.006044,-0.438645,-0.028263,-0.998625,0.044143,-242.276661,-388.59219,-270.719022,83.061253,1.11623,1.526639,3.169887,-369.301478,-277.359715,-48.302429,-277.359715,390.779133,8.559229,-48.302429,8.559229,284.243177
0.442758,0.26237,-0.857396,0.300159,0.857689,0.417461,0.844908,-0.442189,0.300996,-93.710194,166.519317,-501.971389,87.575965,4.259281,1.26506,2.052955,-130.76284,-56.691021,-106.690397,-56.691021,212.626859,74.6999,-106.690397,74.6999,241.530485
0.723209,-0.489255,-0.487441,0.685354,0.59549,0.419143,0.085198,-0.637198,0.765977,-185.063632,285.507272,-392.39282,102.464,4.002184,0.698237,3.008673,40.607821,116.437368,88.650121,116.437368,241.937207,-110.829919,88.650121,-110.829919,371.703479
-0.651119,0.587572,0.48042,-0.732398,-0.652464,-0.19464,0.199092,-0.478592,0.855168,-11.220301,95.887388,-318.410632,113.237163,1.185862,0.544922,2.747375,209.184279,113.281352,27.232301,113.281352,267.160785,-59.072887,27.232301,-59.072887,405.690476
-0.645128,-0.331324,-0.688502,0.606089,0.326788,-0.725166,0.465258,-0.885118,-0.010008,-128.51703,-371.272108,-399.131018,73.292012,5.523717,1.580804,2.65764,91.901931,-109.048341,70.366245,-109.048341,248.258071,-61.846781,70.366245,-61.846781,467.261942
-0.450227,-0.723162,-0.523767,0.746045,-0.626964,0.22435,-0.490624,-0.289746,0.821788,-317.013848,259.441257,-572.1899510000001,76.045356,4.307693,0.606255,4.178936,-217.596014,-89.637823,-77.38981,-89.637823,-196.617167,-124.4753,-77.38981,-124.4753,393.524067
0.04234,-0.399195,-0.915888,0.91813,0.377064,-0.121903,0.394011,-0.835743,0.382478,1.45841,-243.895953,-458.613799,94.100586,4.844709,1.17832,2.701044,-93.650576,-36.809795,79.935698,-36.809795,180.900744,-8.416238,79.935698,-8.416238,534.679768
0.815849,-0.152727,-0.557731,0.34211,0.905072,0.252596,0.466209,-0.396886,0.790652,-294.926049,108.79628,-252.122785,60.246257,4.287126,0.658923,2.276048,-17.400998,-238.736702,112.83142,-238.736702,-245.790309,-118.896435,112.83142,-118.896435,165.080061
-0.385704,0.274834,0.880738,-0.792163,0.390727,-0.46884,-0.472981,-0.878521,0.067008,-355.229559,35.809443,-437.250494,67.10884,1.081624,1.503738,3.635473,-188.85562,153.268293,112.202397,153.268293,216.887854,169.456605,112.202397,169.456605,320.379452
-0.151311,0.627264,-0.763967,0.665811,0.635919,0.390259,0.730617,-0.449607,-0.513861,-403.744227,313.884404,-472.017356,78.100586,4.240113,2.110476,2.122448,-47.482547,151.310482,380.594068,151.310482,466.486261,-108.446384,380.594068,-108.446384,-64.387979
-0.211759,-0.925748,-0.313288,0.963153,-0.252063,0.093815,-0.165817,-0.281878,0.945013,-404.136914,100.490169,-364.236961,80.551397,4.421435,0.333162,3.673334,113.392209,-118.121376,82.028463,-118.121376,334.957864,-172.915521,82.028463,-172.915521,262.821487
0.760351,0.645742,-0.069882,-0.625954,0.757233,0.186494,0.173344,-0.098058,0.979968,185.634765,407.888643,-487.40639,73.165546,3.500114,0.200497,2.085601,-727.66562,-90.935101,-230.153796,-90.935101,289.707261,-237.269195,-230.153796,-237.269195,469.078457
0.565381,-0.606317,-0.559217,0.811892,0.528694,0.247617,0.14552,-0.594022,0.791178,294.779225,-235.325369,-551.4273430000001,70.512021,4.295545,0.658064,2.901349,-36.558418,86.33517,51.433112,86.33517,169.426653,-99.435145,51.433112,-99.435145,288.748023
-0.566731,-0.710826,0.416584,0.505229,0.099569,0.857222,-0.650815,0.696284,0.302701,-387.690516,207.562475,-403.579904,96.189619,2.689232,1.263271,5.531528,315.86983,-168.263008,60.887364,-168.263008,59.367688,21.4745,60.887364,21.4745,464.494052
-0.152621,0.831986,-0.533391,0.221658,0.55478,0.801927,0.963107,0.00416,-0.269088,366.259534,110.188138,-365.590596,94.211805,3.728535,1.843242,1.566477,70.8802,-75.467906,90.534776,-75.467906,16.569628,43.497433,90.534776,43.497433,581.711506
0.495908,-0.261121,0.828185,-0.775461,0.296059,0.557683,-0.390814,-0.918784,-0.055671,357.962889,-234.618767,-360.772736,88.435389,2.163432,1.626496,3.543768,-89.927646,9.961552,-115.38506,9.961552,52.53444,-3.106248,-115.38506,-3.106248,514.314309
0.271815,-0.385307,0.881847,-0.814785,0.395475,0.42394,-0.512095,-0.833749,-0.206447,471.265232,-280.768638,-262.240014,73.596901,2.018918,1.778738,3.692394,188.132648,-9.871996,182.053271,-9.871996,38.259025,-194.218094,182.053271,-194.218094,742.222149
0.301136,-0.379565,0.874784,-0.102437,0.899183,0.425414,-0.948063,-0.217717,0.231895,-381.977704,-64.185987,-353.84594500000003,124.464691,2.02343,1.336771,4.486658,-39.370754,69.858037,-26.823428,69.858037,338.808322,44.476244,-26.823428,44.476244,276.599537
0.435383,0.525833,-0.730713,0.350904,0.648357,0.675648,0.829041,-0.550575,0.097767,-223.315626,-8.381143,-482.302468,102.578847,3.966125,1.472873,2.157028,370.627462,6.225483,107.026478,6.225483,82.027996,-112.572809,107.026478,-112.572809,591.889817
0.068263,0.931568,-0.357102,-0.891567,0.21759,0.397194,0.447715,0.291267,0.845408,427.017846,72.589957,-366.365829,83.316354,3.873889,0.563468,0.994025,-326.82137,8.246426,26.803528,8.246426,46.661315,-46.39336,26.803528,-46.39336,666.105959
0.587419,-0.233624,0.774828,-0.329722,0.805269,0.492773,-0.739069,-0.544942,0.395999,131.46925,35.829732,-344.60157300000003,119.671692,2.13725,1.16364,4.077042,160.261703,71.215428,42.872681,71.215428,159.919719,61.458539,42.872681,61.458539,322.793161
0.36024,-0.725755,0.586095,0.282391,0.68364,0.672972,-0.889091,-0.076924,0.451221,-376.747489,387.058498,-567.65359,82.738418,2.425087,1.102663,4.626085,-218.379501,22.696754,111.808318,22.696754,21.767304,44.362671,111.808318,44.362671,443.528265
-0.178759,-0.979317,0.094776,0.26097,0.045683,0.964265,-0.948652,0.197105,0.247406,32.286008,-201.705525,-563.254608,68.109478,3.043619,1.320794,4.917248,316.988955,-354.397148,-45.748484,-354.397148,-165.207953,71.929341,-45.748484,71.929341,211.093115
0.51533,0.474525,-0.713625,0.415877,0.589619,0.692385,0.749321,-0.653587,0.106504,-28.699635,-304.500621,-386.656243,86.291128,3.942096,1.46409,2.288061,-45.015244,35.184987,-51.140786,35.184987,289.664429,-187.587017,-51.140786,-187.587017,303.960503
0.516494,-0.693025,-0.502941,0.706302,0.676864,-0.207346,0.484119,-0.248135,0.839081,515.867671,-255.118266,-538.847297,109.11334,5.103426,0.575204,2.044433,-35.341497,-18.323565,-47.898989,-18.323565,117.761729,-132.375959,-47.898989,-132.375959,716.963731
-0.289299,0.368027,0.883664,-0.899785,-0.419553,-0.119842,0.326638,-0.829778,0.452522,114.054421,-335.747171,-590.801073,101.817203,1.435999,1.101205,2.766576,85.866539,-27.347961,-70.223232,-27.347961,169.65947,107.897888,-70.223232,107.897888,343.68123
-0.207485,0.831078,-0.516003,0.294463,0.556078,0.777219,0.932867,0.009317,-0.3601,-70.676238,73.030742,-441.190927,64.161588,3.727684,1.939171,1.560809,-194.093795,-17.122263,-11.799588,-17.122263,-228.48457,-77.366542,-11.799588,-77.366542,297.389952
0.579256,0.79058,0.198607,-0.348352,0.019808,0.937154,0.736962,-0.612038,0.286874,-5.262386,227.842354,-422.081724,73.124646,2.932757,1.279834,2.263853,-348.459939,4.796216,-35.666385,4.796216,-119.27034,-2.894826,-35.666385,-2.894826,228.697434
0.634811,0.535635,0.556875,-0.665071,0.011919,0.746685,0.393313,-0.844366,0.363802,461.891551,96.622659,-255.539288,71.420316,2.500787,1.19845,2.70567,-210.902563,56.68408,-95.360319,56.68408,241.763304,-30.768539,-95.360319,-30.768539,568.553102
0.340154,0.744644,-0.574283,-0.414148,0.66691,0.619445,0.844261,0.027132,0.535245,32.569957,-150.162675,-337.502012,83.529681,3.889176,1.005999,1.538671,-35.131863,0.427996,-122.786512,0.427996,98.68155,115.061731,-122.786512,115.061731,357.673707
0.630656,0.249933,-0.734715,0.251527,0.829791,0.498178,0.734171,-0.49898,0.460447,316.129102,103.581048,-413.190602,76.169161,4.116543,1.092297,2.167734,-69.488353,29.599192,79.060901,29.599192,-141.721524,77.571596,79.060901,77.571596,375.249858
0.671918,0.512153,0.535,-0.703257,0.214639,0.677761,0.232285,-0.831642,0.504395,530.265219,-401.093044,-587.187289,64.840414,2.473371,1.042115,2.869225,-322.565293,8.901723,-194.65941,8.901723,-38.330185,-151.360761,-194.65941,-151.360761,489.939109
-0.573001,0.496951,0.651698,-0.65995,0.191704,-0.72644,-0.485938,-0.846339,0.218116,254.73441,196.852184,-525.467101,85.34083,0.731217,1.350912,3.662799,110.884293,-63.347807,-15.671107,-63.347807,111.637402,1.259705,-15.671107,1.259705,81.432306
0.023062,0.164861,-0.986047,-0.152421,0.975359,0.159509,0.988047,0.146616,0.047622,92.005317,4.14823,-325.761159,103.810287,4.552012,1.523157,1.423482,-21.210501,65.440356,33.382123,65.440356,264.746829,-146.895186,33.382123,-146.895186,517.99736
0.251489,0.850107,-0.462679,-0.369265,0.526159,0.766029,0.894649,-0.021797,0.446238,511.865156,-274.862612,-324.695028,70.531756,3.684946,1.108239,1.595155,-122.800646,-143.536575,193.56474,-143.536575,-4.216314,-79.824699,193.56474,-79.824699,767.153939
-0.384961,0.704804,-0.595866,-0.678646,0.221388,0.700304,0.625495,0.673972,0.393087,148.487801,-95.250868,-324.746199,96.940264,3.84659,1.16681,0.748111,288.083018,-48.48299,-181.620713,-48.48299,-81.07742,104.823376,-181.620713,104.823376,328.744887
-0.68319,0.653021,0.326826,-0.574062,-0.756901,0.312336,0.451337,0.025766,0.891981,397.82448,243.882974,-274.402419,80.795126,2.333527,0.469087,1.51377,-99.01408,77.677195,79.598927,77.677195,0.912706,46.066711,79.598927,46.066711,274.595909
0.789042,0.069141,-0.610436,0.542448,0.38802,0.745111,0.288379,-0.919054,0.268659,-351.941773,3.092119,-284.266189,69.469852,3.827964,1.298796,2.837544,64.634787,218.298091,353.608241,218.298091,150.35552,-93.599164,353.608241,-93.599164,451.460288
-0.583479,-0.63476,0.506588,-0.428821,0.770535,0.471581,-0.689685,0.057922,-0.721789,154.636578,361.233118,-470.222055,86.744078,2.320421,2.37718,4.796176,66.969097,-51.394593,6.360372,-51.394593,350.782027,33.251432,6.360372,33.251432,212.588144
0.353773,-0.46649,0.810698,-0.545256,0.60138,0.583984,-0.759961,-0.648636,-0.041605,-231.644973,-171.758145,-540.213225,75.858625,2.195048,1.612413,4.005859,284.802982,134.811935,163.732572,134.811935,-190.684001,-213.013877,163.732572,-213.013877,372.86924
-0.538943,0.423375,-0.728212,0.706425,0.698055,-0.116976,0.458807,-0.577471,-0.675295,97.21069,-26.488777,-277.879994,101.197499,4.871663,2.312161,2.470207,45.592365,-160.254092,164.2046,-160.254092,266.158687,115.214857,164.2046,115.214857,278.114785
-0.59592,-0.63251,-0.494783,0.785358,-0.587631,-0.194687,-0.167608,-0.5046,0.846928,99.830554,-419.73355,-433.623522,95.584766,5.087263,0.560616,3.462287,304.066814,-7.166873,-54.830848,-7.166873,10.013824,-53.142405,-54.830848,-53.142405,402.125548
-0.531365,-0.497013,-0.686025,0.719711,-0.692003,-0.056113,-0.446842,-0.523556,0.725411,-334.428508,-210.023522,-421.128032,85.190106,4.794001,0.759165,3.848101,82.378119,56.561995,399.421507,56.561995,66.190983,17.809918,399.421507,17.809918,465.328633
0.405653,0.912753,-0.048242,-0.890148,0.40649,0.20592,0.207564,-0.04059,0.977379,506.809652,-357.680593,-455.711767,91.338635,3.371716,0.213105,1.763914,-19.372017,-132.625678,-133.160449,-132.625678,-207.833609,0.76433,-133.160449,0.76433,503.406341
-0.561492,-0.341289,-0.753822,0.826648,-0.27223,-0.492487,-0.037133,-0.899674,0.434981,441.565195,83.100537,-495.042782,108.085,5.291094,1.120779,3.182843,105.723273,58.239888,-9.184367,58.239888,-79.816591,-52.530955,-9.184367,-52.530955,639.082303
0.468135,-0.366828,0.80392,-0.545674,0.595576,0.589516,-0.695046,-0.714651,0.078641,-410.275015,-58.729248,-542.21727,63.05398,2.203525,1.492074,3.913085,203.826282,-165.670131,-26.253426,-165.670131,169.86778,340.06086,-26.253426,340.06086,134.542955
0.271123,0.788826,-0.551584,0.060821,0.557863,0.827701,0.960621,-0.257956,0.103273,-38.32975,-201.242827,-435.354177,83.071542,3.729414,1.467339,1.833138,-6.922165,58.778451,-122.703252,58.778451,16.095145,162.526052,-122.703252,162.526052,511.048602
0.688739,-0.528634,-0.49617,0.633953,0.107066,0.765925,-0.351771,-0.842071,0.408869,-152.295635,-20.939899,-519.180058,86.655087,3.716424,1.149582,3.537302,-33.487577,-143.007932,82.983497,-143.007932,151.242215,-94.019131,82.983497,-94.019131,594.323344
0.92102,-0.299691,-0.248812,0.386127,0.786535,0.481943,0.051265,-0.539952,0.840133,-343.787976,175.268761,-246.694723,79.193601,3.61817,0.573268,3.046932,-79.067628,-50.656456,-51.538022,-50.656456,-71.651281,58.590106,-51.538022,58.590106,373.811671
0.661696,-0.512288,-0.547466,0.544821,0.830163,-0.118321,0.5151,-0.219979,0.828421,-67.43818,-166.123166,-565.534224,89.231535,4.925239,0.594514,1.974411,33.026035,95.387665,31.351185,95.387665,-76.644737,-54.283223,31.351185,-54.283223,403.298201
-0.256752,-0.927201,-0.272722,0.77005,-0.366778,0.522012,-0.584038,-0.075982,0.808162,310.500005,192.406433,-506.448884,71.610648,3.623034,0.629772,4.583018,64.373241,-166.924646,153.573122,-166.924646,42.283596,125.526219,153.573122,125.526219,213.967288
0.503027,0.12276,0.855508,-0.862019,-0.000141,0.506875,0.062345,-0.992436,0.105751,-224.393189,465.061653,-209.993464,65.868004,2.105672,1.464847,3.078855,30.537201,-237.145104,148.847462,-237.145104,-118.957243,-86.314273,148.847462,-86.314273,660.916655
0.35513,0.327014,0.875754,-0.664158,0.747528,-0.009808,-0.657858,-0.578155,0.482659,170.054188,-412.217943,-259.566653,84.308349,1.559597,1.067108,3.991385,445.912538,-50.60664,261.260121,-50.60664,-28.075223,17.790655,261.260121,17.790655,416.430913
-0.372216,0.543904,-0.75208,0.686605,0.706588,0.171193,0.624523,-0.452661,-0.636451,-345.603208,-402.914561,-523.244094,92.706342,4.488577,2.260684,2.197981,165.556822,23.481197,6.373664,23.481197,92.571113,77.65988,6.373664,77.65988,211.492364
-0.155317,0.261361,0.952663,-0.974029,-0.201355,-0.103559,0.164757,-0.944005,0.285847,323.731771,-167.093064,-464.076713,78.895319,1.462517,1.280906,2.968803,15.61753,249.193193,-134.443716,249.193193,-184.405272,203.214769,-134.443716,203.214769,489.428168
0.071165,0.989136,-0.128627,-0.925569,0.113555,0.361147,0.37183,0.093353,0.923595,21.385447,88.02726,-431.219557,83.719814,3.483748,0.393442,1.324818,-291.323741,55.812482,-83.391959,55.812482,-149.420864,108.828404,-83.391959,108.828404,339.823774
0.297414,0.834953,-0.463032,0.290755,0.382734,0.876913,0.909399,-0.395435,-0.128936,316.574281,19.155887,-438.89758,75.214531,3.627408,1.700093,1.980965,671.604748,-24.835307,-12.17521,-24.835307,-403.213307,137.439866,-12.17521,137.439866,331.637877
-0.011993,-0.45881,0.888454,-0.160759,0.877844,0.451161,-0.986921,-0.137416,-0.084286,-77.486217,-425.027722,-354.85911,70.915628,2.040668,1.655182,4.574041,-366.659053,-3.94753,254.964739,-3.94753,103.239878,-96.27693,254.964739,-96.27693,315.827289
0.460472,0.136078,0.877182,-0.882006,-0.041355,0.46942,0.100153,-0.989835,0.100979,-170.889712,-160.812375,-238.776321,97.977188,2.062163,1.469645,3.040754,116.441564,-49.102663,-25.040007,-49.102663,71.285226,-135.182333,-25.040007,-135.182333,304.911477
-0.414093,-0.907663,0.068371,0.85918,-0.36496,0.358629,-0.300561,0.207249,0.930973,-194.825631,102.059891,-281.820293,114.090282,2.953208,0.373727,5.316059,375.095709,50.845319,116.553813,50.845319,257.673766,-23.888276,116.553813,-23.888276,446.349576
0.375545,0.925101,-0.056163,-0.845548,0.366803,0.387948,0.379492,-0.098204,0.919968,135.08038,-118.434116,-323.611473,77.432279,3.285363,0.402797,1.824018,72.990399,20.995884,-20.518884,20.995884,-234.292434,76.014311,-20.518884,76.014311,215.935522
0.358419,-0.013593,0.933462,-0.819859,0.473648,0.321697,-0.446505,-0.880609,0.15862,-213.264545,14.281733,-338.343094,77.811619,1.902677,1.411503,3.610857,-50.45748,-49.652538,198.573453,-49.652538,51.375574,-234.167999,198.573453,-234.167999,347.850896
-0.283245,-0.788655,0.545706,0.720019,0.201,0.664208,-0.633518,0.581052,0.510914,-316.192893,470.436556,-400.106563,77.953832,2.453826,1.034549,5.454617,82.816095,204.826425,130.852769,204.826425,-87.645174,15.568403,130.852769,15.568403,323.981028
0.411284,-0.851144,-0.326189,0.577213,-0.033763,0.815895,-0.705457,-0.523846,0.477405,372.820687,354.021106,-584.099581,66.920016,3.52192,1.073097,4.073665,90.352723,4.680163,121.062534,4.680163,-329.180844,-149.38179,121.062534,-149.38179,444.813081
-0.383609,-0.417793,-0.823586,0.923102,-0.199508,-0.328754,-0.026961,-0.886367,0.462198,116.166013,216.392406,-482.961383,75.615681,5.092183,1.090324,3.172001,365.963768,15.85323,-140.991821,15.85323,-195.06507,-8.468356,-140.991821,-8.468356,224.116675
0.072594,0.937109,-0.341405,-0.371715,0.343067,0.862631,0.925504,0.064284,0.373242,172.937302,-424.612256,-340.386137,66.95614,3.518449,1.188295,1.50145,-84.759657,168.987223,9.076317,168.987223,77.770522,-24.122246,9.076317,-24.122246,369.770294
-0.219637,0.284085,-0.933304,0.649692,0.756257,0.0773,0.727777,-0.589382,-0.350669,27.998801,-58.15996,-247.214279,73.71132,4.629753,1.929082,2.251507,232.632817,-48.328354,22.845646,-48.328354,44.785196,-61.757445,22.845646,-61.757445,427.157555
0.569344,-0.778754,-0.26342,0.587596,0.161385,0.792897,-0.57496,-0.606215,0.549477,-216.079622,-427.494918,-431.233738,91.112753,3.462345,0.989059,3.900536,-233.335297,-38.219363,-154.434572,-38.219363,80.227135,27.084642,-154.434572,27.084642,460.183401
-0.65974,0.688318,-0.301599,-0.483928,-0.082081,0.87125,0.574941,0.720751,0.387248,19.532924,222.079777,-548.053197,95.573789,3.47485,1.173152,0.673335,31.269964,-10.969759,143.635976,-10.969759,191.551842,-3.564893,143.635976,-3.564893,193.650858
0.394228,-0.199095,-0.897188,0.734665,0.654796,0.177509,0.552134,-0.729112,0.404406,249.607334,-255.396989,-250.240918,94.62085,4.517061,1.154467,2.493455,100.648715,-15.260701,-11.559011,-15.260701,-68.687946,69.330252,-11.559011,69.330252,324.934186
-0.274136,0.394042,-0.877257,0.862628,0.503991,-0.043184,0.425114,-0.768585,-0.478074,9.600255,493.749012,-299.208087,73.837235,4.761575,2.069257,2.636363,49.092444,23.73114,-87.772458,23.73114,209.852903,-37.528834,-87.772458,-37.528834,361.331896
-0.305114,-0.912441,-0.272685,0.951837,-0.283111,-0.117704,0.030198,-0.295465,0.954876,42.060093,-298.944423,-243.75864,82.59354,5.119879,0.301554,3.039741,21.004079,-49.432117,-310.140728,-49.432117,-79.98154,2.895551,-310.140728,2.895551,211.955272
0.261429,0.411736,0.873,-0.858429,0.512706,0.015256,-0.44131,-0.753396,0.487482,355.93598,-327.023749,-293.752897,94.388413,1.58827,1.061592,3.671477,-112.627752,62.523798,-28.459343,62.523798,92.74027,0.339418,-28.459343,0.339418,586.814465
-0.293681,-0.194232,0.935962,-0.666567,0.743422,-0.054876,-0.685157,-0.639998,-0.347798,196.817057,-84.598863,-496.691558,84.609997,1.512233,1.926018,3.961056,-179.591089,-0.458537,-134.498119,-0.458537,235.685553,89.281973,-134.498119,89.281973,405.805116
0.398308,-0.262933,0.878759,0.166633,0.962835,0.212562,-0.901989,0.061765,0.427318,474.643012,300.7297,-338.899595,118.83448,1.808126,1.129272,4.780758,33.970927,-17.317293,77.242236,-17.317293,62.009198,61.559621,77.242236,61.559621,544.222094
0.077124,-0.182249,-0.980223,0.590098,0.800803,-0.102461,0.803639,-0.570526,0.169306,484.120826,-69.162995,-411.398971,69.799134,4.816539,1.400671,2.188154,114.121866,-94.214677,222.649653,-94.214677,-89.031926,184.023586,222.649653,184.023586,564.458899
0.269791,-0.211653,-0.93937,0.435525,0.896878,-0.076994,0.858796,-0.388347,0.33415,-22.412004,490.866457,-291.760206,91.828688,4.79417,1.230093,1.995477,153.807142,9.303718,57.722558,9.303718,266.692025,-35.995532,57.722558,-35.995532,382.074475
0.208267,0.919342,0.333818,-0.976893,0.178771,0.11714,0.048015,-0.350501,0.935331,-91.196107,257.435399,-486.800159,80.922835,1.908281,0.361604,3.005451,18.71925,50.71103,426.897292,50.71103,-164.791749,51.927268,426.897292,51.927268,207.383229
0.354238,-0.175244,-0.918588,0.290934,0.954191,-0.069842,0.888748,-0.242508,0.388995,-181.4347,-300.096088,-486.531574,131.989906,4.788275,1.171256,1.837176,101.226694,-83.049976,84.353603,-83.049976,131.309724,-53.186882,84.353603,-53.186882,327.525901
0.125332,0.987679,-0.093715,-0.984004,0.135805,0.115292,0.126599,0.077767,0.988901,387.266456,49.813564,-502.920828,82.205402,3.824121,0.149128,1.019946,-59.86618,128.100158,-92.947715,128.100158,-149.680765,34.877885,-92.947715,34.877885,560.870015
-0.140408,-0.109118,0.984062,-0.334011,0.940864,0.05667,-0.932053,-0.320731,-0.168551,-257.829883,2.36366,-229.948975,75.48732,1.628321,1.740156,4.380969,-289.267705,111.254256,-17.209293,111.254256,183.803212,32.41817,-17.209293,32.41817,375.547283
-0.250588,-0.059276,0.966277,-0.650699,0.749344,-0.12278,-0.716796,-0.659523,-0.226347,-161.85938,0.045655,-520.230476,78.522768,1.444409,1.799123,3.96858,-84.308885,-116.071206,-163.3378,-116.071206,66.863605,-199.867675,-163.3378,-199.867675,653.537854
-0.131048,0.991205,-0.018386,-0.823202,-0.098465,0.559145,0.552417,0.08841,0.828866,26.188606,477.153953,-542.598782,94.131505,3.174463,0.593719,1.412099,-165.357146,-6.288097,-130.882101,-6.288097,-56.644535,119.764047,-130.882101,119.764047,307.823149
0.355815,-0.088869,-0.930321,0.127956,0.990726,-0.045701,0.925755,-0.102779,0.363887,194.282264,38.071196,-255.233397,78.199286,4.761473,1.198359,1.681366,43.420686,-38.577684,-160.767831,-38.577684,-93.678058,42.780071,-160.767831,42.780071,555.502494
0.203115,-0.047118,-0.978021,0.102805,0.994347,-0.026554,0.973743,-0.095152,0.206811,173.013157,276.419147,-508.115705,68.514384,4.739533,1.362482,1.668205,72.57892,55.279567,-58.097423,55.279567,-59.519885,47.092175,-58.097423,47.092175,377.726863
0.332643,-0.942515,-0.031861,0.106353,0.003923,0.994321,-0.937037,-0.334142,0.101544,-325.76322,63.387865,-505.753932,114.626422,3.173625,1.469077,4.369852,319.710443,4.771339,-67.375719,4.771339,154.967984,-8.280923,-67.375719,-8.280923,397.254483
0.419561,0.007506,-0.907696,0.57191,0.774346,0.270755,0.704903,-0.632718,0.320593,364.476496,207.635046,-373.112247,96.00413,4.422504,1.244441,2.302282,121.245505,37.065963,-19.844584,37.065963,-9.09594,65.451246,-19.844584,65.451246,594.132039
-0.047166,0.984073,0.171394,-0.502292,-0.171679,0.847484,0.863411,-0.046117,0.502389,250.153459,-339.963156,-238.521451,75.878609,2.942046,1.044436,1.624158,-255.346219,11.311218,-196.346317,11.311218,-81.046226,-129.763011,-196.346317,-129.763011,414.360879
-0.121447,0.990467,0.065004,-0.565496,-0.122862,0.815549,0.815761,0.062286,0.575026,388.077536,-101.357498,-526.160172,84.488827,3.062055,0.95816,1.494591,-205.896651,52.610408,-35.035442,52.610408,-223.026127,-52.621309,-35.035442,-52.621309,456.092653
-0.080797,0.386074,0.918923,-0.862977,0.434219,-0.25831,-0.498741,-0.81388,0.298089,371.080023,-126.535144,-303.569668,114.981905,1.296767,1.268106,3.691366,-83.819657,-36.244286,-118.351128,-36.244286,30.920744,3.697369,-118.351128,3.697369,551.366969
0.102752,0.230355,-0.967667,0.502334,0.827635,0.250361,0.858547,-0.511816,-0.030674,279.748626,-145.035195,-256.859454,88.029364,4.459214,1.601475,2.108375,166.265419,44.426547,174.761679,44.426547,123.997471,179.366552,174.761679,179.366552,518.84931
0.372212,-0.077517,-0.924905,0.701272,0.676278,0.225535,0.60801,-0.732557,0.306079,384.901937,-277.65075,-493.815139,121.031128,4.47321,1.259724,2.448835,-17.222495,2.042621,-76.974934,2.042621,17.327093,-26.632661,-76.974934,-26.632661,498.166446
-0.318889,0.938952,0.129143,-0.293229,-0.22731,0.928626,0.901292,0.258261,0.347815,-379.347323,-271.238757,-393.188198,117.373879,3.00341,1.215557,1.291729,47.43484,55.851295,-90.973101,55.851295,345.096996,64.265371,-90.973101,64.265371,221.061387
0.587499,-0.801667,0.110342,0.466406,0.446878,0.763391,-0.661294,-0.397028,0.636442,303.920492,304.906942,-972.47783,77.11868,2.998045,0.880919,4.171691,339.151304,-1.219536,193.127191,-1.219536,-314.358259,-11.165715,193.127191,-11.165715,363.587429
0.611343,-0.334853,0.717031,-0.388189,0.662679,0.640442,-0.689615,-0.669873,0.275138,140.954442,-154.686539,-729.522752,98.784416,2.299834,1.292064,3.941511,308.443179,-84.876867,59.146842,-84.876867,-129.57234,-26.316056,59.146842,-26.316056,109.770655
0.660832,0.454576,-0.597211,-0.199819,0.873557,0.443815,0.723445,-0.173953,0.668107,40.262654,264.357545,-670.32338,100.13392,4.073289,0.839134,1.806767,310.751619,51.553187,76.025281,51.553187,184.243357,-36.632853,76.025281,-36.632853,405.99946
0.553673,0.832724,0.00421,-0.158179,0.100206,0.982313,0.817573,-0.544546,0.1872,261.644418,-407.121889,-928.090021,75.995921,3.137307,1.382485,2.158373,-4.211155,49.094751,-63.866809,49.094751,-384.158004,-51.941773,-63.866809,-51.941773,635.397286
-0.746906,0.59143,-0.303878,-0.489818,-0.180325,0.852972,0.449676,0.785935,0.424379,-121.479336,83.014412,-987.026714,88.050241,3.483831,1.13252,0.519693,104.381253,197.97994,-124.150353,197.97994,235.148317,74.359745,-124.150353,74.359745,326.796853
-0.492593,0.206246,0.845467,-0.834957,0.161893,-0.525963,-0.245353,-0.965015,0.092459,-88.216091,39.377651,-967.934704,87.642429,1.014287,1.478205,3.390565,164.835555,231.92222,48.252373,231.92222,-40.236752,-180.559371,48.252373,-180.559371,561.146207
0.439967,-0.494233,0.749775,-0.10986,0.799032,0.591168,-0.891269,-0.342465,0.297251,332.357656,372.448365,-648.501299,74.48204,2.238461,1.268984,4.345539,-80.524019,-111.917955,57.47328,-111.917955,-101.102379,-35.454255,57.47328,-35.454255,445.522138
0.191872,0.773611,-0.603913,-0.745989,0.51481,0.422459,0.637719,0.369454,0.675883,-374.045544,-88.238336,-728.274841,69.972988,4.101975,0.828634,1.045709,-84.855234,94.914476,172.449855,94.914476,234.848256,-67.777854,172.449855,-67.777854,-45.94252
-0.250508,0.566095,0.785355,-0.760303,0.387155,-0.521584,-0.59932,-0.727769,0.333418,348.300678,112.827711,-952.642797,111.065978,0.984546,1.23087,3.830502,-184.783543,-51.039221,5.997383,-51.039221,-142.524446,-77.623418,5.997383,-77.623418,559.332541
-0.460376,0.815075,0.351718,-0.385914,-0.540564,0.74757,0.799452,0.208431,0.563412,135.120644,83.495985,-772.265255,95.550385,2.701837,0.972286,1.315757,116.647577,-195.992767,-204.576391,-195.992767,63.936558,166.681075,-204.576391,166.681075,219.741737
0.378947,-0.830573,-0.408103,0.925229,0.331118,0.185237,-0.018722,-0.447783,0.893946,462.972294,292.941674,-794.463289,77.210193,4.286299,0.464722,3.183379,140.924363,132.155808,-57.067526,132.155808,-123.858669,-201.056442,-57.067526,-201.056442,553.868102
0.197151,-0.717727,-0.667832,0.811199,0.50196,-0.299987,0.550534,-0.482602,0.681181,245.216225,351.292461,-836.146955,72.173138,5.134574,0.821421,2.290536,110.158467,-19.047577,-229.646605,-19.047577,-59.811272,-1.721603,-229.646605,-1.721603,469.213281
-0.508542,-0.247658,0.824652,-0.79421,0.50486,-0.338151,-0.332588,-0.826911,-0.453435,-214.007594,39.532605,-978.987612,64.177533,1.181654,2.041412,3.523999,-240.059231,305.397404,231.708788,305.397404,1.085659,-85.315339,231.708788,-85.315339,800.93535
-0.430256,0.235821,0.87136,-0.88923,-0.276896,-0.364142,0.155403,-0.931513,0.328835,-159.999384,-215.309742,-755.795685,80.975988,1.174954,1.235726,2.976286,225.241365,189.95295,-81.737566,189.95295,-314.059905,66.429636,-81.737566,66.429636,406.035999
0.84381,-0.057685,-0.533533,0.314508,0.858726,0.404566,0.434821,-0.509177,0.742744,-166.83783,-397.145069,-951.02648,72.55579,4.063611,0.733637,2.434799,46.71565,-100.361085,-244.005247,-100.361085,-302.89472,163.026702,-244.005247,163.026702,356.042887
-0.453692,0.858164,0.240245,-0.87661,-0.381247,-0.293608,-0.160371,-0.343809,0.925244,473.975409,-267.775614,-692.222485,121.409142,0.685771,0.389118,3.578045,-101.335815,-12.216846,43.461935,-12.216846,-181.370859,-35.052789,43.461935,-35.052789,537.446176
-0.049977,0.688671,-0.723349,-0.680933,0.506336,0.529107,0.730639,0.518995,0.443634,468.602064,-356.241849,-744.054937,67.669209,4.080854,1.111147,0.95317,-17.016252,164.870165,-133.726699,164.870165,428.392413,15.191432,-133.726699,15.191432,650.0548
0.685518,0.48515,0.542858,-0.512933,0.850986,-0.112795,-0.516687,-0.201127,0.832215,-304.162469,-376.868359,-655.084888,77.730425,1.365932,0.587705,4.341173,-110.737974,-48.209123,199.136485,-48.209123,95.763794,25.575026,199.136485,25.575026,313.466675
-0.743957,-0.315667,0.588967,-0.53379,0.810958,-0.239614,-0.401989,-0.492647,-0.771818,-164.469358,253.381963,-748.045522,88.719868,1.18441,2.452492,3.826001,119.089255,-185.933403,66.628906,-185.933403,149.367193,-19.413126,66.628906,-19.413126,494.410531
0.821213,-0.208356,0.531223,-0.374691,0.505236,0.777395,-0.430368,-0.837451,0.336837,-2.029914,44.017834,-704.566717,69.326643,2.542138,1.22724,3.6163,-203.134637,23.435651,129.611496,23.435651,-180.715042,-101.744473,129.611496,-101.744473,386.086362
-0.343878,0.728682,-0.592259,0.577055,0.661562,0.478898,0.74078,-0.177083,-0.647986,96.721747,164.573532,-760.411002,90.81829,4.032429,2.275734,1.805442,196.054109,172.179061,-13.997262,172.179061,167.825096,90.824893,-13.997262,90.824893,71.975182
-0.366325,0.752122,0.547831,-0.738574,-0.593141,0.320456,0.565963,-0.287222,0.77278,324.820862,-274.095369,-772.850217,89.879942,2.10008,0.687586,2.04042,-17.716043,-26.073552,-44.824648,-26.073552,-142.446966,21.439558,-44.824648,21.439558,508.294575
0.028971,-0.78826,-0.61466,0.943542,-0.181432,0.277147,-0.329983,-0.587987,0.7385,-286.88522,464.669624,-916.681261,96.936622,4.288792,0.739953,3.653,-0.002088,-48.488596,-58.104664,-48.488596,81.728471,117.963167,-58.104664,117.963167,308.113841
0.262084,0.579424,-0.771738,0.553107,0.565124,0.612133,0.790812,-0.587284,-0.172374,-72.868999,489.448606,-624.047766,60.383312,4.041816,1.744035,2.209567,93.477158,17.42458,-154.928941,17.42458,-102.896024,41.229791,-154.928941,41.229791,277.192798
0.663375,-0.188353,0.724194,-0.316939,0.80598,0.499946,-0.677853,-0.561176,0.474971,-42.038562,-288.271372,-831.683249,85.81397,2.175015,1.075866,4.020881,151.548992,-9.631745,-44.654894,-9.631745,64.624279,-117.851326,-44.654894,-117.851326,322.953266
0.739342,-0.165756,0.652609,-0.367039,0.713351,0.597003,-0.564495,-0.680923,0.466571,248.73178,-54.527946,-748.348293,139.979698,2.311726,1.085386,3.833777,192.976012,3.075903,13.161862,3.075903,174.254747,113.899248,13.161862,113.899248,387.599817
0.353678,0.553955,-0.753688,0.691006,0.388328,0.609682,0.630414,-0.736435,-0.245443,209.163272,230.37212,-824.35816,100.0912,4.032226,1.818773,2.433605,-54.580274,94.204467,158.083677,94.204467,215.31443,130.785696,158.083677,130.785696,423.697286
0.021598,-0.763701,-0.645209,0.921591,-0.234966,0.308967,-0.38756,-0.601292,0.698745,-211.733615,-196.29826,-813.965953,80.7456,4.265793,0.797155,3.714124,-71.112344,-52.918214,-181.456645,-52.918214,28.005951,-49.163432,-181.456645,-49.163432,501.013732
0.318799,-0.878609,0.355547,0.362941,0.459689,0.81053,-0.87558,-0.129354,0.465432,437.6254,-106.615389,-889.078068,116.9125,2.728209,1.086674,4.565715,-4.121045,81.104253,17.084905,81.104253,40.020611,-57.927635,17.084905,-57.927635,595.508063
-0.465356,0.672294,0.57573,-0.82343,-0.567409,-0.002992,0.324663,-0.475466,0.817634,86.954468,-425.521109,-991.487851,62.881977,1.5656,0.613507,2.542482,17.579444,-97.784178,20.419642,-97.784178,-302.157215,-104.651933,20.419642,-104.651933,190.651931
0.443045,-0.683664,-0.579927,0.820093,0.570387,-0.045893,0.362158,-0.455261,0.813375,-307.831528,-125.90316,-663.516214,74.844713,4.791361,0.620866,2.469605,276.414344,244.16184,161.974214,244.16184,24.609615,-7.881927,161.974214,-7.881927,172.53546
0.096242,-0.792257,-0.60255,0.951799,-0.103871,0.288599,-0.291232,-0.601282,0.744072,-194.022697,-282.515444,-742.440775,91.069956,4.265712,0.731651,3.592643,-180.122789,-79.096288,-96.266721,-79.096288,39.872544,-4.078603,-96.266721,-4.078603,477.059332
0.148481,-0.881774,0.447691,0.307621,0.471433,0.826511,-0.939852,0.014998,0.341252,-408.818182,-273.511121,-910.177864,64.200665,2.645172,1.222548,4.728346,-717.232573,273.229952,28.81297,273.229952,231.334895,-40.353221,28.81297,-40.353221,200.898182
0.426814,0.688168,-0.586732,-0.169967,0.698277,0.695356,0.888224,-0.197062,0.415,-233.308908,381.261237,-948.217804,91.157152,3.842469,1.142853,1.789121,45.029776,8.437758,-110.415801,8.437758,259.125981,-70.310778,-110.415801,-70.310778,302.829701
0.072783,-0.722876,-0.687134,0.906952,-0.238638,0.347118,-0.414899,-0.648461,0.638245,-202.142138,90.878194,-887.311917,102.847815,4.244615,0.87858,3.710779,-52.562864,-48.352661,-68.887222,-48.352661,119.512593,-33.784415,-68.887222,-33.784415,404.301421
-0.724577,0.668322,-0.168329,-0.496418,-0.336673,0.800138,0.478078,0.663323,0.575712,-203.194953,-107.543354,-705.713915,107.107862,3.348944,0.957322,0.624505,228.768661,79.63785,-19.543057,79.63785,72.814617,-190.258255,-19.543057,-190.258255,213.265309
0.203842,0.947505,0.246338,-0.973681,0.222413,-0.049772,-0.101948,-0.229709,0.967905,129.071127,178.995659,-677.109664,68.279672,1.371432,0.25404,3.559291,-689.66512,-11.238543,-209.577235,-11.238543,148.270984,75.596003,-209.577235,75.596003,37.700845
0.610382,-0.723903,0.321556,0.358343,0.61439,0.702933,-0.706416,-0.313831,0.634418,-216.272888,-431.056666,-677.115717,72.152696,2.712562,0.883541,4.294321,-79.794069,-210.16826,125.144536,-210.16826,140.188599,32.314226,125.144536,32.314226,265.007492
-0.616935,0.75275,0.229692,-0.763852,-0.642993,0.055579,0.189528,-0.141162,0.971675,112.314741,430.028443,-660.430679,77.255985,1.808206,0.238577,2.210967,153.529897,285.332477,-244.747888,285.332477,9.014269,47.947378,-244.747888,47.947378,473.442628
0.447298,0.887468,-0.111018,-0.433025,0.323498,0.841331,0.782569,-0.328252,0.528996,-231.006404,489.256009,-871.222656,72.869154,3.27279,1.013379,1.967961,-150.553784,-55.898657,65.81924,-55.898657,173.868032,51.257829,65.81924,51.257829,399.594051
0.637345,-0.181442,0.748912,-0.332,0.812396,0.479364,-0.69539,-0.554159,0.457538,154.154241,-154.050152,-970.475937,120.026281,2.140166,1.095572,4.039539,56.69748,29.457669,-81.065318,29.457669,-49.670286,172.852451,-81.065318,172.852451,196.725045
0.494096,-0.748246,0.442716,0.492953,0.66056,0.566267,-0.716147,-0.061552,0.69523,-133.274426,406.834213,-795.623036,137.711937,2.478038,0.802057,4.626651,15.406525,44.993844,-23.76714,44.993844,171.294419,4.847929,-23.76714,4.847929,340.963316
0.398716,-0.084072,0.913213,-0.410969,0.873823,0.259879,-0.819835,-0.47892,0.313856,460.693903,70.40694,-658.161486,124.92773,1.848044,1.251545,4.183693,110.683026,1.447847,-56.820551,1.447847,245.184702,-45.2322,-56.820551,-45.2322,632.869016
-0.604909,-0.652474,0.456468,0.572802,0.041667,0.818634,-0.553157,0.756665,0.348534,-127.160099,470.256779,-667.916636,86.795966,2.632935,1.21479,5.651925,-97.791717,0.956537,-84.625302,0.956537,173.284757,142.528663,-84.625302,142.528663,436.195409
-0.733901,-0.653554,-0.185083,0.679256,-0.705821,-0.20107,0.000774,-0.273284,0.961933,266.618576,-409.981929,-664.303764,70.524211,5.539163,0.276806,3.138759,-324.669041,-78.668888,127.338596,-78.668888,34.22244,35.660361,127.338596,35.660361,456.550133
-0.720426,-0.543288,-0.431074,0.668683,-0.709025,-0.223933,-0.183983,-0.449579,0.874087,23.591655,-337.884175,-747.148594,96.948031,5.191496,0.507242,3.530033,-551.928601,-156.822527,26.238922,-156.822527,-198.10598,73.217886,26.238922,73.217886,591.654668
0.12302,0.191413,0.97377,-0.216863,0.962693,-0.161838,-0.96842,-0.191265,0.159941,-377.243376,-251.299625,-801.15896,109.298345,1.406104,1.410166,4.517396,6.386558,-34.352072,-55.344615,-34.352072,306.414261,50.832581,-55.344615,50.832581,308.367649
-0.192559,-0.979226,-0.063541,0.271273,-0.11535,0.955565,-0.943044,0.166766,0.287849,110.649629,-278.597847,-901.768576,92.261898,3.207991,1.278816,4.887418,-275.107762,-94.962027,-140.175389,-94.962027,95.434274,-10.404554,-140.175389,-10.404554,385.654507
-0.66032,-0.569231,-0.48985,0.637034,-0.079138,-0.766762,0.397699,-0.81836,0.414877,-51.579853,-388.944006,-652.155895,82.271526,5.714685,1.142989,2.689231,56.430505,120.801461,-24.848814,120.801461,-31.709721,35.636812,-24.848814,35.636812,441.820748
-0.281727,-0.488526,-0.825816,0.851981,0.268496,-0.449486,0.441314,-0.830212,0.340572,43.650131,-28.886936,-632.9136619999999,75.405263,5.21084,1.223271,2.653011,86.321279,-15.311751,66.615468,-15.311751,264.59391,-19.838526,66.615468,-19.838526,281.558704
-0.289537,0.367191,0.883934,-0.899256,-0.420699,-0.119795,0.327882,-0.829568,0.452006,113.467381,-322.21441,-658.272755,141.051862,1.436092,1.101783,2.765193,121.171132,45.179787,-38.42446,45.179787,199.972712,87.717314,-38.42446,87.717314,303.387911
-0.649664,-0.751748,-0.113191,0.672529,-0.63774,0.37549,-0.35446,0.167818,0.919889,-271.649647,-279.959958,-926.542276,100.259233,3.434378,0.403,5.154569,-227.068024,1.501153,-148.284878,1.501153,-66.814384,49.419992,-148.284878,49.419992,507.035979
-0.527967,0.672252,0.518968,-0.650229,-0.713067,0.262178,0.546309,-0.199027,0.813594,-32.772908,321.27599,-930.05647,106.463845,2.038588,0.620489,1.920164,52.869905,73.103173,-110.210298,73.103173,133.070295,-8.089566,-110.210298,-8.089566,219.309294
-0.625718,-0.597675,-0.50126,0.69706,-0.139993,-0.703213,0.35012,-0.789422,0.504212,-302.197808,-428.952139,-916.370195,73.362924,5.663911,1.042328,2.724145,139.709386,241.940045,-72.129741,241.940045,-310.343114,-81.576167,-72.129741,-81.576167,219.507576
0.219561,0.759489,-0.612348,0.603587,0.387369,0.69687,0.766469,-0.522611,-0.373366,439.470488,-361.807189,-905.980973,120.22402,3.862521,1.953431,2.169231,6.020825,130.605556,48.901398,130.605556,-98.145658,58.866977,48.901398,58.866977,635.375426
-0.606255,-0.734921,0.303885,0.691213,-0.297972,0.658359,-0.393293,0.609183,0.688634,-194.443019,220.531667,-964.66428,96.013695,2.709151,0.811193,5.709905,76.994582,18.415415,250.640907,18.415415,119.191098,-66.950705,250.640907,-66.950705,364.015397
0.521072,0.844826,0.12146,-0.615082,0.273027,0.739683,0.591742,-0.460136,0.661904,244.961542,351.696299,-913.278927,80.887506,2.97884,0.84744,2.231726,602.876042,-54.480223,25.82522,-54.480223,17.980709,-72.200038,25.82522,-72.200038,282.263579
0.718227,0.328937,-0.613148,0.318761,0.627747,0.710158,0.618499,-0.705503,0.346013,200.99889,-158.375303,-739.641263,72.243604,3.853813,1.217478,2.421813,25.238346,220.455634,39.620174,220.455634,-198.478481,-91.539783,39.620174,-91.539783,178.044987
0.044082,0.769907,-0.636632,0.329333,0.590431,0.736838,0.943184,-0.242145,-0.227529,-14.698998,-240.696025,-967.327068,93.637212,3.854162,1.800335,1.822101,21.035007,27.259962,-29.284652,27.259962,-50.775809,2.038906,-29.284652,2.038906,270.590892
-0.503187,-0.795667,0.33722,0.634124,-0.074853,0.7696,-0.587103,0.601092,0.542217,233.449928,230.307185,-626.116844,80.064528,2.728615,0.997723,5.50956,3.56922,48.197333,62.034596,48.197333,79.745713,-93.498868,62.034596,-93.498868,375.733457
-0.621221,0.624796,0.472984,-0.62256,-0.760063,0.186343,0.475924,-0.178701,0.86114,-364.264814,449.351893,-978.239526,67.557823,1.946096,0.533288,1.929989,-110.114031,117.19395,67.619637,117.19395,-492.413891,-168.79162,67.619637,-168.79162,303.84252
-0.626815,-0.37172,-0.684783,0.769288,-0.155725,-0.619634,0.123692,-0.915191,0.38357,441.081107,33.878105,-690.714985,101.723169,5.447884,1.177137,3.007252,148.270177,169.88155,8.027505,169.88155,-91.084477,-106.204923,8.027505,-106.204923,564.573735
0.176884,0.794161,-0.581395,0.516159,0.428113,0.741822,0.838029,-0.431308,-0.334187,510.301032,-235.320965,-681.379347,125.095914,3.806339,1.911539,2.046111,-56.480576,83.129394,-36.906693,83.129394,-77.532482,-16.423258,-36.906693,-16.423258,512.576837
-0.615666,-0.423669,-0.664425,0.787455,-0.362351,-0.498615,-0.029507,-0.830184,0.556707,-268.225808,-50.428364,-692.425417,68.119701,5.356175,0.980379,3.17712,342.938498,44.22692,-114.251147,44.22692,-100.16786,-6.736515,-114.251147,-6.736515,622.314764
0.377457,0.920359,-0.102299,-0.54253,0.309312,0.781017,0.750458,-0.2393,0.616074,498.753577,-37.973412,-604.496024,62.070298,3.271833,0.907047,1.879476,110.282293,-67.565778,-166.243011,-67.565778,16.261552,-317.454374,-166.243011,-317.454374,467.478981
-0.233688,-0.943436,0.235199,0.402263,0.126415,0.906754,-0.885197,0.306509,0.349968,233.401476,-350.955942,-654.603986,75.391145,2.8878,1.213259,5.045729,-202.678878,19.748263,76.730214,19.748263,51.937898,-84.885314,76.730214,-84.885314,563.486544
-0.025144,0.856637,-0.515307,-0.522263,0.428276,0.737442,0.852414,0.287668,0.436621,386.130955,-371.111429,-921.145506,102.176925,3.751496,1.118957,1.245324,-570.184958,237.577874,-123.356461,237.577874,-84.524894,43.155824,-123.356461,43.155824,525.733393
0.251117,0.856288,-0.451343,-0.435405,0.516374,0.737415,0.864502,0.01134,0.502502,191.507993,267.909079,-827.529753,136.401719,3.690834,1.044306,1.55768,222.59337,69.450526,47.171245,69.450526,254.793137,55.775028,47.171245,55.775028,282.611834
-0.196985,0.956864,-0.213558,-0.908647,-0.096381,0.40629,0.368182,0.274082,0.888437,309.494408,-71.209514,-894.355184,70.465737,3.625534,0.476867,0.930875,239.423567,182.193635,-119.508117,182.193635,-331.033444,117.595509,-119.508117,117.595509,504.35625
0.364967,-0.516681,-0.774493,0.627853,0.75084,-0.205036,0.687459,-0.411436,0.598432,-47.423075,90.132747,-820.552238,117.87608,4.971188,0.929254,2.110104,205.847097,-110.025791,92.900428,-110.025791,30.884678,-28.630275,92.900428,-28.630275,286.774404
0.55631,0.743736,0.370643,-0.822225,0.55722,0.115982,-0.120269,-0.369274,0.921505,1.316087,287.409972,-685.9234710000001,104.114918,1.874065,0.398857,3.45645,-87.394594,-21.517357,-15.201443,-21.517357,231.845096,113.122234,-15.201443,113.122234,454.75275
-0.040383,0.253706,-0.966438,0.205912,0.948579,0.240413,0.977737,-0.189292,-0.090547,-197.529857,484.302145,-819.740061,82.12972,4.468576,1.661467,1.762033,-153.236167,-120.548771,-42.736066,-120.548771,78.381046,-100.991712,-42.736066,-100.991712,321.552741
-0.495884,-0.673954,-0.547618,0.779829,-0.62305,0.060629,-0.382055,-0.396983,0.834529,86.842736,-261.239962,-871.801709,72.544437,4.602123,0.583519,3.907831,82.257619,-115.038164,0.419627,-115.038164,95.687791,-37.09468,0.419627,-37.09468,191.595463
-0.489527,0.717709,-0.495234,-0.551054,0.185533,0.813583,0.675798,0.671171,0.304673,507.474046,97.450925,-924.751855,72.077233,3.68839,1.261201,0.788833,-120.106548,210.934097,-159.579484,210.934097,-296.168998,-126.717666,-159.579484,-126.717666,637.521042
-0.460231,-0.445981,0.767651,-0.621522,0.779289,0.08012,-0.633954,-0.440239,-0.63584,-214.56185,-78.199854,-872.0874670000001,80.24921,1.67479,2.259892,4.105409,285.959223,-29.528545,123.051382,-29.528545,-19.745076,-67.020373,123.051382,-67.020373,436.553846
0.19052,0.972636,-0.132972,-0.908156,0.22606,0.352349,0.372767,0.05363,0.926374,90.499245,33.815315,-962.016923,130.390888,3.502454,0.386129,1.427908,361.365841,6.942969,-16.361548,6.942969,110.395261,56.215637,-16.361548,56.215637,300.360263
0.607646,0.75846,0.235595,-0.69578,0.365341,0.618398,0.382957,-0.539689,0.749719,-69.911496,176.426445,-922.328637,75.014559,2.777592,0.723159,2.524461,-225.714732,-88.755558,-46.404985,-88.755558,32.047917,25.371349,-46.404985,25.371349,481.687818
-0.435873,-0.454365,0.776896,-0.456196,0.855639,0.244472,-0.775822,-0.247858,-0.58023,498.463064,3.887128,-976.001278,72.215021,1.875664,2.189807,4.403159,-282.039557,-2.336338,-153.755344,-2.336338,-252.796343,-31.049752,-153.755344,-31.049752,482.666732
-0.449778,-0.785436,-0.425194,0.889703,-0.435745,-0.136218,-0.078286,-0.439564,0.894793,-105.396454,172.662615,-760.519516,88.487868,5.022423,0.462829,3.317844,-169.628905,-28.313972,-155.767416,-28.313972,119.079841,-51.951406,-155.767416,-51.951406,328.374492
-0.437199,-0.408296,-0.801343,0.89925,-0.212706,-0.382239,-0.014383,-0.887722,0.460155,453.317259,314.082186,-818.153459,90.230974,5.157466,1.092626,3.157794,-5.688181,153.389469,66.468364,153.389469,-45.827379,-120.872082,66.468364,-120.872082,701.857243
-0.366617,-0.926129,-0.088754,0.792986,-0.360947,0.490807,-0.486586,0.109557,0.866736,-189.992574,7.89245,-636.646658,59.093162,3.320492,0.522176,4.933851,297.99672,108.852297,-11.747216,108.852297,-175.953983,-125.681301,-11.747216,-125.681301,569.261635
0.032866,0.820663,-0.570466,0.169769,0.557896,0.812361,0.984936,-0.123547,-0.120987,84.911283,-236.655436,-884.842492,72.87486,3.753815,1.69208,1.695581,354.823469,-237.348166,178.597823,-237.348166,-337.609449,144.114053,178.597823,144.114053,104.343557
-0.391618,-0.497754,-0.773871,0.914186,-0.115051,-0.388623,0.104405,-0.859653,0.500096,132.594449,-202.307884,-724.01424,107.809397,5.17778,1.047087,3.020735,455.970369,154.702165,11.801483,154.702165,-22.186219,-91.127777,11.801483,-91.127777,234.166521
0.364294,-0.523973,-0.769898,0.622535,0.751866,-0.217134,0.692633,-0.400187,0.600092,239.158701,439.227068,-970.701417,80.404202,4.987279,0.92718,2.094715,-451.801778,-199.925027,-22.21481,-199.925027,-114.745802,289.439629,-22.21481,289.439629,393.428258
0.517569,-0.38211,0.765581,0.21723,0.92411,0.314376,-0.827607,0.003596,0.561296,114.680954,164.635045,-764.355998,86.572334,1.960439,0.974845,4.716734,180.749081,1.069134,10.414577,1.069134,74.911977,144.23252,10.414577,144.23252,183.246794
-0.22028,-0.259086,0.9404,-0.657137,0.75189,0.053222,-0.720866,-0.606248,-0.335881,-170.832205,21.93026,-921.390808,68.955292,1.627331,1.913337,4.013143,327.318829,-26.517626,-152.662319,-26.517626,96.972353,-148.645406,-152.662319,-148.645406,383.296784
0.341547,0.005008,0.939851,-0.931316,0.136368,0.337718,-0.126475,-0.990646,0.051241,-400.282139,305.644072,-736.338754,119.28173,1.91576,1.519533,3.268575,154.746101,-28.493141,109.33792,-28.493141,257.399831,85.696638,109.33792,85.696638,289.772872
-0.131557,-0.230937,-0.964034,0.63792,0.724653,-0.260646,0.758783,-0.649266,0.051986,-266.03175,-285.720575,-777.67029,91.087053,4.976446,1.518787,2.278572,43.373595,79.50523,-63.262894,79.50523,-107.141551,-28.195147,-63.262894,-28.195147,381.510953
0.277277,0.798887,0.533757,-0.859173,-0.042488,0.509918,0.430045,-0.599978,0.674602,493.685977,29.370056,-817.776515,94.002739,2.333357,0.830371,2.519702,-195.564782,-90.213575,63.809448,-90.213575,153.121264,2.586501,63.809448,2.586501,399.784121
-0.229238,-0.24347,0.942429,-0.545539,0.83399,0.082758,-0.806125,-0.49516,-0.324004,-283.611311,444.318978,-688.449393,103.78673,1.658385,1.900755,4.161559,193.23355,251.478105,-343.742571,251.478105,99.437758,108.21339,-343.742571,108.21339,671.703855
0.080332,-0.985926,-0.146617,0.991572,0.064043,0.112624,-0.10165,-0.154428,0.982761,374.837683,-367.834216,-756.766937,88.029086,4.057369,0.18595,3.723733,-30.056402,106.460641,-130.281449,106.460641,-84.107499,-121.476974,-130.281449,-121.476974,756.572584
-0.268123,-0.279888,-0.921831,0.962524,-0.118264,-0.244051,-0.040712,-0.95272,0.301109,-162.659357,310.600033,-762.685695,86.352006,4.971198,1.264941,3.184299,240.215642,17.4951,134.500038,17.4951,-205.378391,-110.083418,134.500038,-110.083418,399.754015
0.113876,-0.980293,-0.161423,0.690977,-0.038597,0.721846,-0.713851,-0.19374,0.672965,-152.307803,459.961846,-958.323148,106.52914,3.361598,0.832587,4.447371,57.344785,24.866211,-18.734628,24.866211,139.690113,-37.462759,-18.734628,-37.462759,291.099763
0.005998,-0.989767,-0.142564,0.686249,-0.099622,0.720512,-0.727342,-0.102156,0.678629,140.063473,445.063076,-684.318496,78.986034,3.336934,0.824902,4.572851,-22.308945,-69.229208,-45.194469,-69.229208,139.21701,18.299055,-45.194469,18.299055,342.399026
-0.126139,0.973991,-0.18823,-0.49177,0.103394,0.864564,0.86154,0.201621,0.465938,302.154255,118.598973,-971.214791,80.750946,3.355963,1.086102,1.340909,-135.636774,23.380355,-35.999233,23.380355,-83.426213,-67.067561,-35.999233,-67.067561,364.411418
-0.075014,0.037839,-0.996464,0.55106,0.834408,-0.009798,0.831087,-0.549846,-0.083444,-371.896677,143.872269,-796.123444,125.484519,4.722222,1.654337,2.155282,201.937573,-27.10637,2.087132,-27.10637,258.022099,81.259884,2.087132,81.259884,366.500037
-0.209727,-0.10061,-0.97257,0.973133,-0.118129,-0.197628,-0.095005,-0.987888,0.122682,-64.775985,469.810382,-819.992223,95.393273,4.912862,1.447805,3.237468,251.176757,17.837024,-82.084927,17.837024,-58.721755,48.829715,-82.084927,48.829715,440.650748
-0.197827,0.925622,-0.322628,-0.650045,0.122471,0.749961,0.733693,0.358086,0.577468,-401.533697,-444.538714,-918.627518,76.315347,3.547854,0.955172,1.116747,-20.848482,35.860615,-115.186534,35.860615,-485.429609,60.288604,-115.186534,60.288604,352.141597
-0.154126,0.084618,-0.984421,0.870825,0.48235,-0.094879,0.466807,-0.871882,-0.148031,482.159059,353.623689,-735.367239,69.723511,4.808473,1.719373,2.650026,-336.554705,-432.344794,-9.62073,-432.344794,-359.269849,-226.700548,-9.62073,-226.700548,533.004168
0.109189,0.089523,0.989981,-0.736695,0.675925,0.02013,-0.667351,-0.731513,0.139755,443.114034,-287.301347,-992.984578,69.451828,1.591127,1.430582,3.881156,-516.169402,101.994328,-308.923091,101.994328,136.524021,-46.493893,-308.923091,-46.493893,525.055242
0.154286,-0.979765,-0.127504,0.479562,-0.038569,0.87666,-0.863838,-0.196402,0.463907,481.816047,322.680343,-652.067155,88.850724,3.286023,1.088395,4.488829,-70.898311,-61.077775,114.61739,-61.077775,-108.629807,-115.615605,114.61739,-115.615605,766.835289
-0.110659,-0.060138,0.992037,-0.734215,0.677689,-0.040818,-0.669838,-0.732886,-0.119147,34.504746,9.618531,-839.111396,96.900837,1.529674,1.690227,3.882074,-155.404779,17.197996,-60.537004,17.197996,151.21081,76.666667,-60.537004,76.666667,335.751255
0.251155,-0.08535,0.964177,0.069302,0.995134,0.070038,-0.965463,0.049229,0.255848,368.514161,387.893174,-864.620391,99.451106,1.643309,1.312071,4.763335,-22.760026,133.741781,39.365712,133.741781,258.342493,101.490706,39.365712,101.490706,423.956001
0.413508,-0.910371,-0.015359,0.593274,0.256604,0.763007,-0.690678,-0.324622,0.646208,359.38592,406.787893,-970.223795,83.736349,3.16172,0.868192,4.273025,-13.498118,179.311987,-17.821614,179.311987,19.160381,143.0644,-17.821614,143.0644,517.569336
-0.019216,0.290762,-0.956602,0.816745,0.556421,0.152719,0.576678,-0.778366,-0.248171,-340.739987,244.681156,-634.209055,78.061638,4.554078,1.821588,2.503952,-155.898862,19.2264,-15.962581,19.2264,41.231918,62.403842,-15.962581,62.403842,418.301368
-0.04338,0.943648,0.328095,-0.803697,-0.228039,0.549609,0.593456,-0.239847,0.768299,-263.682869,184.685925,-671.569118,116.142642,2.603411,0.694617,1.954877,73.219552,67.283125,125.503261,67.283125,194.433187,17.611692,125.503261,17.611692,276.394993
0.033137,0.13429,-0.990388,0.97298,0.222217,0.062686,0.2285,-0.965705,-0.123298,-376.647364,24.606486,-792.432243,74.662987,4.649179,1.694409,2.909251,54.267417,163.546242,-76.352021,163.546242,-264.132282,140.630041,-76.352021,140.630041,242.066021
-0.061875,0.990231,0.124956,-0.568502,-0.137868,0.811047,0.820352,-0.020854,0.571479,20.888954,302.836736,-699.218339,139.913031,2.988727,0.962489,1.596212,34.282982,-5.427261,13.946917,-5.427261,227.329371,-21.865415,13.946917,-21.865415,324.90409
-0.237738,0.967655,0.084406,-0.368282,-0.170207,0.914001,0.898804,0.186208,0.396835,-53.729872,61.939276,-687.0802630000001,71.938657,3.049506,1.16273,1.366513,-185.337022,200.156746,-15.36423,200.156746,-228.023244,-46.471389,-15.36423,-46.471389,227.180571
-0.109264,0.086029,0.990283,-0.175543,0.978919,-0.10441,-0.978389,-0.185246,-0.091859,180.417776,469.673041,-860.473975,100.722944,1.46575,1.662785,4.525267,-109.0045,-12.80112,98.944871,-12.80112,144.9238,25.958122,98.944871,25.958122,411.220479
0.315544,0.088631,-0.944763,0.301394,0.934712,0.188351,0.899774,-0.344179,0.268229,338.157805,-239.541099,-672.19659,85.381513,4.515606,1.299242,1.936141,270.431651,47.453576,53.435334,47.453576,-31.034088,181.669671,53.435334,181.669671,451.452096
-0.252289,0.955626,0.152083,-0.880316,-0.291917,0.373936,0.401738,-0.039541,0.9149,181.005902,285.01442,-785.342058,132.200547,2.755317,0.415535,1.668904,201.512679,65.358396,-11.686769,65.358396,217.715931,49.460022,-11.686769,49.460022,344.620669
