id,x,y,z,block_id,ori_rodrigues_x,ori_rodrigues_y,ori_rodrigues_z
0,0.287553142883,0.1962755337265,0.02307937989175,2,-0.081713960496785,0.20951183232656,-0.26960754381527
1,0.31633692844075,0.119730786755,0.02307937989175,2,-0.082000616658467,0.20932128770968,-0.26980417239012
2,0.5146851890695,0.35033000626,0.28698984699875,2,-0.081657055123009,0.20964170902364,-0.26922505027803
3,0.4326501951315,0.361502419485,0.2535098059025,2,-0.081685728531271,0.20962942939571,-0.26920093167402
4,0.39774104084075,0.296075951585,0.20937163671,2,-0.081818294527768,0.20945151537691,-0.2694306398384
5,0.25438130321025,0.01827237348575,0.03306019668125,2,-0.081830039350717,0.20952746206462,-0.26979792808336
6,0.42167504869975,0.125997654728,0.05853770739875,2,-0.081992659704037,0.20931883132992,-0.26969720201961
7,0.37584725738525,0.08145841326925,0.05853770739875,2,-0.081736504684738,0.20950103169774,-0.26960654238443
8,0.347078892672,0.0324706491095,0.11159790408,2,-0.081987564300066,0.20931924347264,-0.26979098056823
9,0.50854795299175,0.293218624521,0.34872036190725,2,-0.081836590063434,0.20950203701772,-0.26947861130602
10,0.416845319339,0.3241431796975,0.1127026654865,2,-0.081842094488404,0.20943366738101,-0.26944520937004
11,0.2875685637275,0.07074302259525,0.076139576573,2,-0.081719104461733,0.20950421112188,-0.26964120205892
12,0.427636920219,0.21301344134525,0.02307937989175,2,-0.081998618710497,0.20931237729733,-0.26969275028245
13,0.35302534334675,0.245018946858,0.02307937989175,2,-0.081904901373901,0.20938071758529,-0.26961739418685
14,0.345985471476,0.29325211468875,0.06668815443375,2,-0.081853082495652,0.20938998018239,-0.26956378192962
15,0.35331662921425,0.09141920761425,0.2082668753035,2,-0.081740366133079,0.20959323989401,-0.26947268348667
16,0.50619153943525,0.2914731352695,0.11164341277575,2,-0.081935866859127,0.20944261945726,-0.26958813614385
17,0.179418192468,0.04589378203825,0.03306019668125,8,-0.8660428477156,-0.07790797681049,0.24455437535372
18,0.0601603114245,0.179994447681,0.2283819734505,8,-0.86548804037316,-0.078057125447556,0.24451219646155
19,0.0231783559805,0.01272218491775,0.26278396844425,8,-0.86544290517799,-0.078031680268768,0.24466354835543
20,0.00348652545375,0.04779265485725,0.06639776305625,8,-0.86577239459071,-0.078019200945022,0.24458094184074
21,0.36690580504375,0.34132790934225,0.31179658610775,8,-0.8654626307984,-0.078627647640634,0.24468153787908
22,0.134941619838,0.27279442675275,0.252062465129,8,-0.86547266203682,-0.078200907048898,0.24442939890414
23,0.04666488143425,0.04779265485725,0.135531446057,8,-0.86574337046687,-0.077998279831537,0.24454483243763
24,0.33417259943225,0.459084011544,0.32625896421675,8,-0.86590311678413,-0.078484907761839,0.24489862345332
25,0.22730927801475,0.29538499139425,0.21036219569725,8,-0.865794470236,-0.078192667674591,0.24465568933391
26,0.107200583496,0.39219938020775,0.11971107081225,8,-0.86570715895112,-0.078419383057223,0.24454949487197
27,0.01483292531925,0.3452971589145,0.0193727500055,8,-0.86592928918993,-0.078066734488587,0.24451873299575
28,0.2221938202395,0.28466843652825,0.10606090443925,8,-0.86600089462785,-0.078211752057169,0.24457753782796
29,0.0618059762265,0.1795687076,0.0193727500055,8,-0.86592855352406,-0.077976084887628,0.24447521669162
30,0.01483292531925,0.405464082427,0.07610229627025,8,-0.8656631444395,-0.078092968210373,0.24429886722718
31,0.17686643413425,0.35333438656175,0.0629815245475,8,-0.86605831146835,-0.078152599867878,0.2445433998542
32,0.0231783559805,0.0528934312225,0.2141408573145,8,-0.86546776809908,-0.07807986858266,0.24453157135014
33,0.0936379323415,0.0076214085525,0.0941473077295,8,-0.865711274011,-0.077953790389658,0.24474481473799
34,0.00348652545375,0.10303547196225,0.0213841383275,8,-0.86592681973954,-0.077991106607627,0.24447578368815
35,0.16427709767575,0.0076214085525,0.102193879682,8,-0.86572137100366,-0.077952503090372,0.24476552952875
36,0.2322568887305,0.07901911420175,0.25891604815925,8,-0.86582008907875,-0.078152781956265,0.24462795366808
37,0.16161772339625,0.1117412991195,0.2844652627355,8,-0.86544814848109,-0.078071756572063,0.24451547314312
38,0.14714896659025,0.35832408290225,0.22401236207025,8,-0.86567688145535,-0.078430800124252,0.24457680318513
39,0.29376590548825,0.1379676727065,0.286451336382,8,-0.86564076061386,-0.078345317164196,0.24479332116723
40,0.050459576361,0.0076214085525,0.02501362472875,8,-0.8657615535599,-0.077863460678797,0.24467176085132
41,0.1839135606395,0.44760816686225,0.1384833535295,8,-0.86579419173583,-0.07839796079369,0.24460176711003
42,0.0844987759575,0.31135627167625,0.0193727500055,8,-0.86590561395791,-0.078021876763731,0.24450864500959
43,0.107985301411,0.228492046019,0.0193727500055,8,-0.86610463662388,-0.078038682522076,0.24460519550585
44,0.338931409449,0.41622024594875,0.273272647607,8,-0.86580666983657,-0.078442808629672,0.24461491582603
45,0.0601603114245,0.22570437122,0.1891453121985,8,-0.86566479067033,-0.077985763590676,0.24448222976164
46,0.11847976219725,0.18934637735675,0.10383626822475,8,-0.8661371635368,-0.078015097526432,0.24468417010249
47,0.331996650753,0.27590144144225,0.26765841691525,8,-0.86563703049784,-0.078319546679016,0.24479663543598
48,0.1881456128355,0.2257198780235,0.06245212989725,8,-0.86602974779089,-0.078166591928881,0.24461005582757
49,0.00348652545375,0.181467580419,0.060756888333,8,-0.86572913552066,-0.077994057035847,0.24450099874403
50,0.0547813084135,0.33573351826075,0.265712631502,8,-0.86567707228409,-0.078146718993138,0.2443066418588
51,0.0618059762265,0.16449713679975,0.060756888333,8,-0.86610214337235,-0.078016354356243,0.24460411054771
52,0.22386194373375,0.41373286955675,0.2427846447875,8,-0.86565141156672,-0.078087995575604,0.2442716100806
53,0.103338667405,0.105364080332,0.2122066124775,8,-0.86543850339161,-0.078074254924981,0.24449944975386
54,0.1173040467685,0.04779265485725,0.1435780180095,8,-0.86599320399099,-0.077864536890586,0.24452642947017
55,0.13244514156075,0.086065028343,0.07444433500875,8,-0.86602643059682,-0.077909360954798,0.24455269439288
56,0.17397783273925,0.07264189541425,0.18665739790125,8,-0.86584583781808,-0.078156221287445,0.24465596369382
57,0.1891189275315,0.1109142689,0.1175237149005,8,-0.86580568545059,-0.078164459010161,0.24463566147626
58,0.33394711606925,0.510730045109,0.11953775855,10,-0.042361851880689,-0.65368080086892,-0.63169044847678
59,0.26451039192425,0.412254791653,0.023608774542,10,-0.042785410891746,-0.65410653250935,-0.6318420091041
60,0.3868288567805,0.48081334354125,0.16555226960275,10,-0.042398301422112,-0.65371824996661,-0.63152695947587
61,0.2715575184295,0.46955093979275,0.08175380726475,10,-0.042792655551769,-0.65367541442802,-0.63143257588404
62,0.3534691178415,0.37813397912725,0.023608774542,10,-0.042944594433544,-0.65421454598137,-0.63134943110883
63,0.409530664319,0.50148952856025,0.209161044145,10,-0.042504356407351,-0.65311451232699,-0.63157953631621
64,0.40467579953675,0.4363947560915,0.21498586740175,10,-0.042793339251904,-0.65365074126165,-0.63140800429757
65,0.44379369837125,0.53808185375825,0.063798462338,10,-0.042316977482084,-0.6536656913824,-0.63163349080418
66,0.4243289657045,0.409025044136,0.06962328559475,10,-0.042438001184173,-0.65426100271891,-0.63146937295849
67,0.47036282664875,0.46278193591625,0.02601451105275,10,-0.042794822085221,-0.65377633665252,-0.63133687184158
68,0.397759837427,0.484324961978,0.10740723688,10,-0.042326133008596,-0.65371913551189,-0.63161620331902
69,0.44128991432625,0.089272988746,0.36588077840975,2,-0.081856050463683,0.20959250514482,-0.26962555562563
70,0.377540617237,0.03894855850475,0.31119594912975,2,-0.08175531825335,0.20954800785381,-0.26979602851542
71,0.268402736044,0.1226698663205,0.5740630786625,6,0.33166277813837,0.52365850418169,-0.58548259572362
72,0.2858826822145,0.4032481792415,0.49527580609375,6,0.331803019466,0.52349813037847,-0.58515346906425
73,0.03827905599125,0.1665692022385,0.554730011856,6,0.33171108284294,0.52365663945606,-0.58551669876759
74,0.373624067146,0.34093818932525,0.38893546906125,6,0.33157354383677,0.52376735915066,-0.58554113905964
75,0.22743830849575,0.24852326027225,0.55221568989775,6,0.33159923331824,0.52364696221124,-0.58551519604102
76,0.08543169587175,0.103791025599,0.5069815346165,6,0.33174729593437,0.52378303746113,-0.58561421956976
77,0.276500367245,0.2075795742765,0.5735158259845,6,0.33156047606209,0.52367170455434,-0.58556982730035
78,0.075613153338,0.225673777921,0.51022577158575,6,0.33165077474587,0.52348079193732,-0.58546865150162
79,0.117382598684,0.39706555859925,0.5928296243035,6,0.3315359336719,0.52342395932162,-0.5852776694665
80,0.250109100216,0.42178484558125,0.5905224632475,6,0.33175951866714,0.52351813214358,-0.58514139429531
81,0.01733409734675,0.27674393556325,0.52416810684475,6,0.33147306734748,0.52335555263466,-0.58562290017221
82,0.0471408224715,0.386001633292,0.5302929383645,6,0.33129530043707,0.52322037026079,-0.58528964746141
83,0.304143893239,0.21935246426075,0.432854060125,6,0.33156154047958,0.52366587921667,-0.58557952112027
84,0.32366786458675,0.13209116242325,0.4346731622295,6,0.33156898297563,0.52373726552286,-0.58554270409924
85,0.28251896760325,0.245313613712,0.4930514317985,6,0.33167024551835,0.52362041118616,-0.58551900585384
86,0.323325831891,0.29559636059325,0.5001563007085,6,0.33154329243132,0.52366680729355,-0.58558781485874
87,0.32392782757125,0.3761558006935,0.50850945896675,6,0.33167658547442,0.52356928599625,-0.5852626398089
88,0.0271526398805,0.05724256050675,0.528379620217,6,0.33133426002515,0.52359508455487,-0.58553858297413
89,0.35654554256775,0.42207432840625,0.3888615889895,6,0.33151303293544,0.52370392625437,-0.58530884588107
90,0.233456908854,0.28625729970775,0.47175129571175,6,0.33162486904908,0.52349693967243,-0.58546026944135
91,0.301906155391,0.415169683259,0.45915712069225,6,0.33156694920826,0.52369356541237,-0.58537671635593
92,0.1900201464105,0.02654846509225,0.54110081385275,6,0.33177207310148,0.52372909214728,-0.5855172199156
93,0.01733409734675,0.3277407992745,0.5816819061275,6,0.33163486274815,0.52343501615603,-0.58553719883927
94,0.115055330509,0.05498171423175,0.54513233151925,6,0.33177134345026,0.52376426476516,-0.58557524480191
95,0.30251685177475,0.42810080191825,0.40915804452775,6,0.3316853400274,0.5233625516882,-0.58532825284644
96,0.34495075752675,0.269635211142,0.439958929035,6,0.33157871535705,0.52375557021261,-0.58538608503714
97,0.14437586139325,0.22639172895575,0.5636784580145,6,0.33160083542616,0.52347978611436,-0.58547291543857
98,0.2004450457865,0.38216909147675,0.5608691689025,6,0.3314998336869,0.52342088652695,-0.58532102158352
99,0.236218627785,0.363632425137,0.46562251174875,6,0.33157700978283,0.52360654131005,-0.58535229892327
100,0.2547017915345,0.02654846509225,0.47775741129725,6,0.33155517728646,0.52375548168895,-0.58556313885884
101,0.29394530775,0.0731426039185,0.495417786581,6,0.33159587329693,0.52375675845894,-0.58558436221689
102,0.19124404449625,0.3974101339565,0.4782613637415,6,0.33158321183553,0.5235916884041,-0.58535015454341
103,0.24090809892575,0.437025888061,0.5079146580865,6,0.33157289505589,0.52357396960834,-0.58536606882033
104,0.40910096122225,0.0769185690675,0.48298056978275,7,-0.39428278504529,-0.01205917712165,-0.0006837521867729
105,0.382932985901,0.258659488997,0.50360003541175,7,-0.3942852941294,-0.012056310286011,-0.0006805195002558
106,0.40455791153675,0.23269833954575,0.44340266373825,7,-0.39429915026654,-0.012078032370585,-0.0006885670454763
107,0.43143935534325,0.1966343859755,0.5793953956115,7,-0.39443001850945,-0.012134969273802,-0.0006042792210164
108,0.5476404648345,0.24523381535575,0.7505990705925,7,-0.39443396666063,-0.012101185172941,-0.0005952866193072
109,0.365813600975,0.19583721813625,0.65641605509425,7,-0.39429255506202,-0.01208117583473,-0.0006684166255147
110,0.399777271019,0.13586712757225,0.42877539960525,7,-0.3942400763147,-0.012117184667729,-0.000745654991146
111,0.32413474299425,0.07612140122825,0.611294431478,7,-0.39428685051875,-0.012069016715228,-0.000681018052589
112,0.46238797118225,0.1117246780195,0.5734031941155,7,-0.39443452642468,-0.012140778330469,-0.0005934016000725
113,0.433231221156,0.304001317729,0.3923792037645,7,-0.39421522616731,-0.012106690953369,-0.0007724886845849
114,0.34967731470025,0.02659413882625,0.5326491393965,7,-0.39427432009943,-0.012074951055566,-0.000685370148321
115,0.43954258518775,0.36077823412525,0.5946084684895,7,-0.39437379814968,-0.012207410328388,-0.000717783370875
116,0.44412911952625,0.24687145912275,0.561902044049,7,-0.39423001623232,-0.012104119164155,-0.0008098777192879
117,0.50013672313275,0.26843076415075,0.6445573188685,7,-0.39437206430012,-0.012205615034859,-0.0007394844140726
118,0.1503944617515,0.27597795910075,0.4001939967885,8,-0.86543034833163,-0.078223827062667,0.24440288470497
119,0.2229153316135,0.02654846509225,0.389477498723,8,-0.86543044390933,-0.07820378353234,0.244649143835
120,0.11843936741575,0.1863716664685,0.3006406237085,8,-0.86548874156917,-0.078057912132764,0.24451909937439
121,0.307910873825,0.085497023597,0.34949234985275,8,-0.86560356574319,-0.078088398872705,0.2448802590628
122,0.19322067582925,0.24091078338825,0.326332503709,8,-0.86575709951353,-0.07816474988335,0.24462932620455
123,0.1531561806825,0.3941324577985,0.3654857151165,8,-0.8657547799238,-0.078313436862473,0.24467788830551
124,0.0471408224715,0.40528088930875,0.43721735759075,8,-0.86575384218373,-0.078222288331794,0.24444650932531
125,0.03827905599125,0.18271032872625,0.388874242832,8,-0.86546914497246,-0.078216818387445,0.2444248109423
126,0.075613153338,0.2375259686305,0.42720570454575,8,-0.86543672418121,-0.078225751950406,0.24440389571719
127,0.09211540576025,0.344839234626,0.34328075446775,8,-0.86544183207801,-0.078215112562978,0.24440624740055
128,0.2979080485675,0.225228974544,0.33769243095875,8,-0.8656317543873,-0.078324380315875,0.24479519835877
129,0.08543169587175,0.10807996137725,0.4241458326325,8,-0.86542795801637,-0.078093668872818,0.24452358959198
130,0.070330995861,0.01272218491775,0.33835097748975,8,-0.8654086565427,-0.078027906547404,0.24464089689306
131,0.24640185706725,0.02654846509225,0.32195706163,8,-0.86568005209533,-0.077990013633171,0.24467319300506
132,0.01733409734675,0.28859612627275,0.44114803980475,8,-0.86543546297305,-0.078209139496897,0.24441355044649
133,0.0271526398805,0.061531496285,0.40053029350425,8,-0.86530486176534,-0.078061492802653,0.24463727820566
134,0.01733409734675,0.37666336388375,0.334730680734,8,-0.86565009626041,-0.078143041527812,0.24428413500797
135,0.12861005185225,0.05927065001,0.361966516618,8,-0.86538842703506,-0.078189489568051,0.24469408262269
136,0.0271526398805,0.02880931136725,0.45696175643275,8,-0.86511804789835,-0.078319021724568,0.24466255482186
137,0.01733409734675,0.35887224600075,0.40558625831375,8,-0.86543819153016,-0.078212899845814,0.24441791776866
138,0.524362551599,0.014806108952,0.766264049066,4,0.10740652952511,-0.089315566512451,0.56173941692414
139,0.5013968179635,0.0913933105895,0.88610824839425,4,0.10740040473152,-0.089200461046467,0.56176611612087
140,0.56989448071975,0.05891820172625,0.98130923038025,4,0.10742810351195,-0.089143861473151,0.56174481943824
141,0.431168986813,0.01783800953775,0.88892995109525,4,0.10733979151281,-0.089154797249188,0.56186848514767
142,0.3288679933185,0.055501898539,0.95793836051675,4,0.10763758511837,-0.089019232998448,0.56178947822284
143,0.59265314361375,0.2094317441665,0.9867894092195,4,0.10742378715049,-0.089160396350436,0.56174276624272
144,0.5795340447515,0.16735857385675,0.92333242691475,4,0.10740983375912,-0.089349271155871,0.56171389871068
145,0.2540009593595,0.01766388900125,0.989682360198,4,0.10736964569842,-0.089092908850185,0.5618353289901
146,0.51158603636525,0.165027573768,0.8915884272335,4,0.10741933981893,-0.089154390265286,0.56175389441606
147,0.6243692031965,0.0549751185785,0.87598659898575,4,0.10742402585631,-0.089311946694756,0.56173068078581
148,0.6249188575665,0.0201690096265,0.9394435812905,4,0.10740198355624,-0.089211562510184,0.56168765993376
149,0.56934482634975,0.09372431067825,0.9178522480755,4,0.10741360368803,-0.089326787832176,0.56172172940768
150,0.3960997718955,0.16957886864125,0.98825600031875,4,0.10741317852845,-0.089150500993906,0.56173022706328
151,0.483008466329,0.01874919209975,0.98130923038025,4,0.10741906839784,-0.089112895424925,0.56181985756083
152,0.59423538601175,0.014806108952,0.78503367958,4,0.10742120517837,-0.089303224313676,0.56173793218512
153,0.4865483603975,0.05264411848975,0.8254729687905,4,0.10739673921576,-0.089337486785191,0.56172896992248
154,0.3812768592715,0.09425109063875,0.98825600031875,4,0.1074190004919,-0.08910411327094,0.56182697041452
155,0.368612839803,0.01783800953775,0.897303080913,4,0.10735396244325,-0.089143142586848,0.56185524563468
156,0.446017444379,0.0565872016375,0.949565230699,4,0.10741476584282,-0.08909889289611,0.56182923211311
157,0.03199380412675,0.075781147991,0.850328573179,6,0.33110378615779,0.52351897450813,-0.58524816379246
158,0.04876270805525,0.18714385513075,0.7512163223965,6,0.33128513945176,0.52328004186111,-0.58549209119574
159,0.04876270805525,0.15131744587175,0.6903885755675,6,0.33133346326057,0.52351556775146,-0.58551703421489
160,0.0716689456405,0.15576130227,0.91840580931925,6,0.33117313773325,0.52324090364781,-0.58530582844023
161,0.03199380412675,0.1400408063895,0.8542544751875,6,0.33116843769106,0.52323623327293,-0.5853020966791
162,0.068277692309,0.04520239030025,0.91447990731075,6,0.33110826725352,0.52336370039518,-0.58526956107458
163,0.10795283382275,0.0915016438715,0.95613294924875,6,0.33134023970925,0.52331081368314,-0.58510787435263
164,0.00962363463725,0.01057875769075,0.74035333597225,6,0.33105442793994,0.52354220724431,-0.58529051956887
165,0.117241790806,0.04599453360875,0.78005073388325,6,0.33143529332045,0.52368019171173,-0.5854730045359
166,0.01628388818225,0.05242932434475,0.99010147493925,6,0.33098102623844,0.5232390903533,-0.58497368792491
167,0.123902044351,0.015415775918,0.893085230159,6,0.33111956060407,0.52349363408628,-0.58525570566827
168,0.12772470525025,0.2019038876495,0.911501195768,6,0.33130539877739,0.52332926307462,-0.58514223854115
169,0.15681227179175,0.20513189648025,0.836266881212,6,0.33120764590502,0.52328901649526,-0.58525870729419
170,0.00962363463725,0.0084332491395,0.6226436994695,6,0.33135025086064,0.52381938909877,-0.58536101475988
171,0.05677627451775,0.0084332491395,0.56653041711975,6,0.3313242067453,0.52358816495352,-0.58552759397628
172,0.00962363463725,0.03901200683025,0.68345149115175,6,0.33133605540913,0.52380233644965,-0.58538540499707
173,0.01628388818225,0.00978661438225,0.94844843300125,6,0.33098914202374,0.52327752973673,-0.58495732448078
174,0.1070417640465,0.16728715327325,0.60818269828475,6,0.33169334751427,0.5236879488403,-0.58554804221844
175,0.13038014681925,0.09552179601075,0.75610962153975,6,0.33151103487511,0.52349958246136,-0.58546054291049
176,0.08761815616875,0.04599453360875,0.82893389602725,6,0.33143589078853,0.52358141276181,-0.58534488855118
177,0.055959029696,0.098728577916,0.99010147493925,6,0.33110419813455,0.52336241289585,-0.58528775192749
178,0.0783863426925,0.08853926923225,0.69152326047175,6,0.33150215247607,0.52352249797032,-0.58543306635936
179,0.06524798667925,0.01057875769075,0.77236621763575,6,0.33115200916346,0.52355834466042,-0.58520151798877
180,0.21163021458525,0.07607572749425,0.6052858655225,6,0.33165420875855,0.52366176073833,-0.58555737832993
181,0.13666539868375,0.10450897663375,0.609317383189,6,0.33136168924221,0.52360862238587,-0.58549786690963
182,0.18600449886125,0.06494303832,0.768967753459,6,0.33146504141742,0.52359801877768,-0.58547247847809
183,0.100756512182,0.15978145440925,0.80891868569225,6,0.33153659707239,0.52365103299643,-0.58539703093294
184,0.208975510636,0.029527262402,0.7003498747245,6,0.33146835667484,0.5236062592937,-0.585390179511
185,0.01967514151375,0.1629882363145,0.95237433500975,6,0.33115490015371,0.52326260625096,-0.58532095534669
186,0.3451626317215,0.06736527193975,0.822068766357,7,-0.39452333338642,-0.012053208829127,-0.0004573132727495
187,0.396762216814,0.11092751018025,0.65042385359825,7,-0.39445748313219,-0.012120074002364,-0.0005977316658435
188,0.421770765674,0.064333371354,0.7115475649365,7,-0.39452312261487,-0.012008788487661,-0.0004392222307176
189,0.34914329185425,0.029527262402,0.67241814281625,7,-0.39432607980737,-0.01199613764048,-0.000644093254479
190,0.5019731709615,0.014806108952,0.69582896008675,7,-0.39447070796422,-0.012009099487129,-0.0004952775068023
191,0.230225160793,0.06494303832,0.829186317739,7,-0.39449062582272,-0.012227032215787,-0.0004451435403594
192,0.28575173089225,0.10278104785775,0.84873552027025,7,-0.39459764518093,-0.012101268487995,-0.0003561452143785
193,0.41891062487375,0.10217138089175,0.78892942385425,7,-0.39453312542697,-0.012047864281658,-0.0004696424266302
194,0.2137818473495,0.05307966491925,0.9557138345075,7,-0.39460603050124,-0.012369819197379,-0.0003714348768612
195,0.2886488813085,0.090917674457,0.92396983482625,7,-0.3945842707996,-0.012146320355207,-0.000396840922959
196,0.524956928429,0.06513053919325,0.60420926565175,7,-0.39433881075939,-0.012025002603211,-0.0006195135762654
197,0.17961269229425,0.0993789184905,0.9860314743095,7,-0.39456922746635,-0.012411843878363,-0.0003559642171243
198,0.19938456372175,0.17530811825225,0.9492283356975,7,-0.39446521995064,-0.012242321655885,-0.0004541947773466
199,0.29075658095475,0.029527262402,0.73025079920275,7,-0.39449735868288,-0.012024193117747,-0.0004769332880266
200,0.267963193933,0.1787102476195,0.84225002146025,7,-0.39454367722829,-0.012127413169733,-0.0005136997880459
201,0.19774634092,0.015415775918,0.904420632295,7,-0.39460594823217,-0.012073750490915,-0.0003438546384836
202,0.27086034434925,0.16684687421875,0.91748433601625,7,-0.39453074276639,-0.012150071549609,-0.0005336139307537
203,0.28963606162225,0.029527262402,0.80251956382575,7,-0.39461275685907,-0.012086925715702,-0.0003596035492573
204,0.4540955818985,0.17580564407025,0.8163541126775,7,-0.39449530021007,-0.012170603895324,-0.0006253782046235
205,0.42600710685975,0.2228773424885,0.74496445525575,7,-0.39443084939288,-0.012109674255573,-0.0006113890497566
206,0.420434412762,0.59895390558425,0.975924205672,1,0.13194083037004,0.21121037792994,0.10672005658683
207,0.02645764817675,0.55157426953025,0.939410429653,3,-0.031893034522548,0.48203315388672,-0.036451308548333
208,0.53674867837525,0.3188329874465,0.9867894092195,4,0.10756097648591,-0.089104936858597,0.56171246156336
209,0.520590041847,0.2445905125425,0.9867894092195,4,0.10748093747025,-0.08916180614217,0.5617720687313
210,0.47102957540475,0.2055492428185,0.95504540953825,4,0.10745307042381,-0.08919118489557,0.5617682806376
211,0.12542727575675,0.45216816328375,0.99057560472525,6,0.33137082965394,0.5232841416066,-0.58511786096119
212,0.01967514151375,0.218487041857,0.9822728600705,6,0.33114811863797,0.52329322822756,-0.5852845351009
213,0.03605575960975,0.320676041688,0.84186683854725,6,0.331210199431,0.52316604271374,-0.58517789931715
214,0.0823608809115,0.49366438743325,0.9451946876165,6,0.3314781280099,0.52336631156676,-0.58515620586483
215,0.10039654444925,0.315031884496,0.61096312518,6,0.33160165469562,0.52344095732746,-0.58550200258843
216,0.17063832066175,0.36093625589825,0.63275582394975,6,0.33157522624998,0.52340110353908,-0.58552566011269
217,0.014256973417,0.49888988766175,0.74630931305225,6,0.3312870613687,0.52328842543295,-0.58518701347568
218,0.03590323273475,0.45544763516875,0.91276500640725,6,0.3311827763549,0.52332875321436,-0.58498700447262
219,0.11879729596875,0.259086618874,0.9454697214585,6,0.33120572958645,0.52332412468746,-0.58522880078317
220,0.02306639484525,0.322824593915,0.94984317886125,6,0.33119161015786,0.5231824506418,-0.58519183116821
221,0.13145050552775,0.519302841228,0.83753676840925,6,0.33149246300668,0.52335716938238,-0.58516488940342
222,0.20169228174025,0.49389065797775,0.8130394953015,6,0.33158583300874,0.52346672072891,-0.58520924045313
223,0.1750602438775,0.313945185284,0.7669111549135,6,0.3313093183039,0.52321204104796,-0.58532168302528
224,0.162200768557,0.37716168842225,0.81272107419475,6,0.3315469741405,0.5234820650016,-0.58525547868732
225,0.14040198236425,0.44596013725475,0.78314947888725,6,0.33152766547832,0.52343103009879,-0.58527585693999
226,0.014256973417,0.459309563414,0.8046414660605,6,0.33132084484091,0.52320483839089,-0.58525351679188
227,0.07016020615175,0.47224715387575,0.84639027248775,6,0.33123950557407,0.52326492399258,-0.5851408091338
228,0.07016020615175,0.43795859766225,0.8205979878945,6,0.33146372659886,0.52339686570221,-0.58516957279111
229,0.07896962758,0.41395141101925,0.958145923516,6,0.33121843127631,0.52325037565726,-0.58513329046907
230,0.1691592525045,0.2647529718195,0.606902012326,6,0.33130066988054,0.52332373584189,-0.5854694603582
231,0.1436511802875,0.5134729533475,0.90391150232875,6,0.33163321531277,0.52344450289169,-0.58505600740476
232,0.079122154455,0.313468373752,0.91304004024925,6,0.33121833722156,0.52317929364468,-0.58516819910964
233,0.0919589923445,0.36916014882975,0.850169583202,6,0.33144726356129,0.52336250416145,-0.58517463230313
234,0.02306639484525,0.38649306540375,0.98757031879075,6,0.33112156987097,0.52324271943305,-0.58501390365725
235,0.062741536359,0.268442839037,0.9822728600705,6,0.3313671905832,0.52327370580253,-0.58511963817028
236,0.104818467665,0.26804081388175,0.74511845614375,6,0.33129605436629,0.52329344781581,-0.58548502344903
237,0.104818467665,0.23249429720175,0.77856451791625,6,0.33120848817525,0.52327480885938,-0.58526921683164
238,0.13502538718975,0.36195248089375,0.921342784904,6,0.33121958804941,0.5231862676311,-0.58516262121061
239,0.03605575960975,0.28277320987825,0.78262563077025,6,0.33118507494587,0.52324033064608,-0.58527459808911
240,0.12614302255725,0.48610845065275,0.698462667194,6,0.3315315801962,0.52344010748434,-0.5852685194462
241,0.20206693137025,0.32292569347825,0.7005806364225,6,0.3316097407934,0.52356298848326,-0.58540068553682
242,0.13182515515775,0.277021322076,0.67878793765275,6,0.3316236995838,0.52357976940914,-0.5853979638757
243,0.37674506838975,0.24968208316,0.80993290476575,7,-0.39447193618733,-0.012175910773134,-0.0006150464482899
244,0.348656593351,0.29675378157825,0.738543247344,7,-0.39434173830897,-0.012182118436237,-0.0006938466812455
245,0.35992302656375,0.3135737889845,0.880108080391,7,-0.3944161382335,-0.012284924239497,-0.0005566661367169
246,0.45142005839575,0.53482195411625,0.975924205672,7,-0.39445092966247,-0.01233042551272,-0.0006653595885664
247,0.45724195028275,0.41895233852175,0.9427136148915,7,-0.39449152775669,-0.012238920597257,-0.0006185056420519
248,0.51352640851525,0.37080676315325,0.72963200327525,7,-0.39437057201688,-0.01222126829358,-0.000730604684797
249,0.294385498199,0.4537527219215,0.87662162018075,7,-0.39431677001673,-0.012318078899446,-0.0007239133840263
250,0.400886643533,0.488135101154,0.975924205672,7,-0.39432610928001,-0.012321063647421,-0.0007179189337043
251,0.2338855355185,0.52219524786625,0.9492924194375,7,-0.39440045430426,-0.0123564375401,-0.0006514886989177
252,0.3873449143765,0.3376940271685,0.916911219003,7,-0.3945949286068,-0.012239813497533,-0.000550657893259
253,0.20890492317925,0.42428947134225,0.99057560472525,7,-0.39437772867177,-0.01234220505452,-0.0006014194106933
254,0.33378060849325,0.46112489167375,0.64915827037475,7,-0.39428806359678,-0.012334088865416,-0.0007576305887346
255,0.3143780772175,0.4878871996905,0.94649981039725,7,-0.39432557615322,-0.012305843605422,-0.0007298949907666
256,0.45951493721425,0.3420031461305,0.9867894092195,7,-0.39460733019708,-0.012265950831605,-0.0005543049292368
257,0.2721981501525,0.50143997977725,0.835338434893,7,-0.3943757112098,-0.01232485386835,-0.0006257951917238
258,0.39337211869775,0.40760557592575,0.729353512278,7,-0.39427804488028,-0.01232601362916,-0.0007762555068796
259,0.492963769236,0.52485381781925,0.80170741535975,7,-0.39429930376719,-0.012316938500962,-0.0007722851434369
260,0.2968110120055,0.33998896375175,0.9133186711715,7,-0.39453738748585,-0.012311966848171,-0.0005479889992437
261,0.292190729171,0.53557445754625,0.9052166251095,7,-0.39440631317307,-0.012331445130378,-0.0006465563804342
262,0.19045715444025,0.23249084947675,0.983196861388,7,-0.39453365887164,-0.012391510147668,-0.0004714268337903
263,0.36403811994425,0.27608402051975,0.84836408070975,7,-0.39439727683017,-0.012282289468568,-0.0005574698626766
264,0.4150725134245,0.4749728383635,0.788411375053,7,-0.39430181487479,-0.012303236562575,-0.0007722157485105
265,0.256072883565,0.4745079900105,0.99057560472525,7,-0.39446718230849,-0.012354975275415,-0.0006094091137309
266,0.21850303461225,0.36132091039025,0.95377246611325,7,-0.39459453941101,-0.012273345473925,-0.0005344758134005
267,0.385071927445,0.41464321955975,0.872835424675,7,-0.39453711675094,-0.012314320075816,-0.0005511091010701
268,0.34460580201925,0.5579142060745,0.73905559525775,7,-0.39429742518851,-0.012345436409668,-0.0007393392141324
269,0.4008321724925,0.2427292504805,0.91824227092625,7,-0.39456111477557,-0.012243133673204,-0.0005640860594462
270,0.32590236898325,0.20675887630325,0.95145286170675,7,-0.39458713480388,-0.012227539307741,-0.0005492793168281
271,0.2982290942645,0.26897030471125,0.983196861388,7,-0.39454689090022,-0.012315520676577,-0.0005694146437519
272,0.2456784159795,0.3774049512895,0.88389427589675,7,-0.39438132237495,-0.012339356375707,-0.0006055106662389
273,0.234259660349,0.28624103385125,0.983196861388,7,-0.39450692860054,-0.012380685945397,-0.0005218472595629
274,0.28621116601875,0.25197701974325,0.80634035693425,7,-0.39453084516738,-0.012137433922519,-0.0005202263791726
275,0.458990062277,0.6810705662195,0.56682832413,1,0.13197155086226,0.21118355394329,0.10670839909505
276,0.33222214056125,0.6642703392385,0.62372586487625,1,0.13198388375267,0.21115990327074,0.10673481810216
277,0.37334943762025,0.96190108562225,0.65194276005225,1,0.13192172101999,0.21121614495124,0.10676271220602
278,0.40744321647525,0.925083098061,0.73101389529975,1,0.13195361328456,0.21119898782635,0.1067050767682
279,0.26915693618725,0.975078842315,0.6685752902475,1,0.13193991864478,0.21121921089548,0.10675553563402
280,0.3833516825695,0.71260881179475,0.57620403491975,1,0.13200041502042,0.21113042504623,0.1067519851129
281,0.4845955233035,0.96491410344575,0.5407558669255,1,0.13194055408665,0.21114100241018,0.10674700986532
282,0.2880556774585,0.91697992793725,0.66641317678475,1,0.13199518984478,0.21116183536273,0.10673674382009
283,0.35492621020825,0.764937038034,0.52124927241025,1,0.13195266339811,0.21089975736257,0.1067753038698
284,0.25704795870025,0.91697992793725,0.622283381399,1,0.13186707520472,0.21114286787867,0.10681608041354
285,0.32880692606625,0.66431050034775,0.73124916274025,1,0.13196431116485,0.21122487268294,0.10672950149355
286,0.42466294974375,0.77037625825625,0.667798934826,1,0.13197890640475,0.21113505892079,0.10675163533469
287,0.416827597908,0.906815189068,0.580996809734,1,0.13195694658285,0.21112025212387,0.10674979664136
288,0.2876578194815,0.914608368611,0.5605891920015,1,0.13197796113007,0.21110793371532,0.10674591166153
289,0.3518533574195,0.7805409971255,0.72020251262425,1,0.13195436855476,0.21120463600536,0.10671419725952
290,0.295709439046,0.71393461557625,0.66989079800575,1,0.13196379251421,0.21120555314074,0.10673235393246
291,0.15887486860625,0.86398502990825,0.59807941220925,3,-0.031663626203979,0.48192253133375,-0.036491853619452
292,0.11359282056625,0.9358639812665,0.7016562367975,3,-0.032104026730094,0.48211746918773,-0.036609453645517
293,0.260388180087,0.65678336142725,0.59403870753025,3,-0.031634098977269,0.48186839416215,-0.036468769744342
294,0.05914992030675,0.9807851389515,0.6753408595315,3,-0.032140736837708,0.48209772557719,-0.036637384165086
295,0.0686998736765,0.71069149224125,0.703632678762,3,-0.031967000052151,0.48203570344207,-0.036561151020119
296,0.11034414660425,0.6736889421085,0.6574388412095,3,-0.031899689906096,0.48200569043421,-0.036544319656594
297,0.08720951379725,0.8828690832375,0.61776249920275,3,-0.031931268961418,0.48179737801138,-0.036590485444345
298,0.09330962773675,0.7227886387925,0.560534278406,3,-0.031666657366814,0.48184202098408,-0.036460568578416
299,0.0344429002595,0.8038594554985,0.6166439496335,3,-0.031913077535643,0.48199997134868,-0.036554305060647
300,0.05590124634475,0.5988714324905,0.644361629726,3,-0.03182630531183,0.48209817046059,-0.036470714117975
301,0.0169366294765,0.9277902409225,0.5530954022835,3,-0.031944529910588,0.48179708944248,-0.036611554873623
302,0.06970324301425,0.9277902409225,0.55382335668375,3,-0.031894973740947,0.48180659041957,-0.03658705166269
303,0.0344429002595,0.7867489825985,0.6842563406125,3,-0.031964946443647,0.48203216142589,-0.036556977950637
304,0.05171838823,0.67523765930225,0.520883378415,3,-0.031694868430372,0.48209603883551,-0.036555604501398
305,0.14775252799625,0.7308623791365,0.6183794160665,3,-0.031646610926495,0.4819845934907,-0.036530311727144
306,0.014256973417,0.63587398262325,0.6905554672785,3,-0.031844184369692,0.48210998874601,-0.036452737626681
307,0.18646709717975,0.649274200737,0.67926306580275,3,-0.031761297770377,0.48207154004993,-0.036418248341826
308,0.1061082550685,0.78497540216925,0.59696086264,3,-0.031668394858418,0.4819248109699,-0.036534082506423
309,0.22387547857175,0.706447637765,0.64020364065975,3,-0.031709462268193,0.48203915058254,-0.036487823748215
310,0.123383743039,0.6961483726635,0.5198398145215,3,-0.031965551229562,0.48187274607115,-0.036703012786411
311,0.06970324301425,0.9807851389515,0.58535311707825,3,-0.031940977126858,0.48170997386111,-0.036580023946622
312,0.14136859782325,0.90890618759325,0.53414026969025,3,-0.031933366561129,0.48180336781161,-0.036574456287634
313,0.05171838823,0.614660491433,0.52027038748325,3,-0.031712048702448,0.4821136492337,-0.036504532264143
314,0.13473751122725,0.74435544360375,0.465000768616,3,-0.03165759104106,0.48183674936812,-0.036425432667681
315,0.1835319736435,0.65141554885475,0.50134220813525,3,-0.031704304914661,0.48207630290316,-0.036508337680104
316,0.02164427292775,0.600571717998,0.57459361231925,3,-0.03172320017558,0.4820843157468,-0.036552458715302
317,0.01007411530225,0.66877351446575,0.49885183405675,3,-0.031911045204915,0.48200932829919,-0.036567635439207
318,0.0169366294765,0.967005101971,0.4828464743525,3,-0.032111551097672,0.4818205340055,-0.036581414299217
319,0.244413460116,0.6624800087,0.52257771132525,3,-0.031622637616651,0.4817971401122,-0.036506581995015
320,0.08152511335475,0.554709129829,0.481601125903,6,0.33149788136837,0.52299536056855,-0.58541877669329
321,0.255007151492,0.525303836796,0.640038399556,6,0.33157125021728,0.52347076370742,-0.58527210582475
322,0.20869092604125,0.4897672165635,0.5795449133825,6,0.33155053640149,0.52345380270894,-0.58527368694
323,0.05590124634475,0.517687235308,0.677579023193,6,0.3315524402606,0.52327110704601,-0.58530331461287
324,0.32200706221825,0.53814757691875,0.48194261268575,6,0.33174618642108,0.52356909367988,-0.58520429670184
325,0.0514509980525,0.49399859737075,0.60089390036325,6,0.33129005166594,0.52324484684501,-0.58522329859572
326,0.00980672512475,0.48534690019025,0.5176206815515,6,0.3316315739122,0.52328053755346,-0.58550039224913
327,0.0514509980525,0.540620356394,0.535924350739,6,0.33150885178007,0.52322078827289,-0.58528957911325
328,0.00980672512475,0.438725141167,0.58259023117575,6,0.33128475001381,0.52323970022219,-0.58519449104051
329,0.20226597313275,0.54287790646375,0.68706949832025,6,0.33156468662812,0.52345385572807,-0.58525402880901
330,0.27572097705425,0.5820358547315,0.586067033909,6,0.33175200945178,0.52342453063113,-0.58519197789347
331,0.199489924751,0.50500825904325,0.4969371082215,6,0.3317268227606,0.52341394177083,-0.58520752711301
332,0.121692774265,0.4624198127155,0.62177754436425,6,0.33154600049252,0.52326922141688,-0.58532750542768
333,0.260638801401,0.5493838143635,0.51614740910725,6,0.33166785263999,0.52328237046876,-0.5854600811755
334,0.23378888022925,0.58450251359925,0.47552587501025,6,0.33166677616622,0.52338008868612,-0.58544410422896
335,0.45393489831075,0.42432607890125,0.649436761372,7,-0.39430675882129,-0.012300486049209,-0.0007511935187442
336,0.32684111196625,0.53279081460725,0.669725556902,7,-0.394244931704,-0.012353581758856,-0.0006863016507855
337,0.3475549375285,0.58952283254275,0.615754191255,7,-0.39429236517946,-0.012340619236378,-0.0007004656913044
338,0.526460163486,0.54415454161525,0.579446644593,7,-0.394271831157,-0.01234489930781,-0.0008693634332246
339,0.41640034031675,0.5160034724405,0.50421595157,7,-0.39433965733667,-0.012325657981669,-0.0007935401965384
340,0.4082700218125,0.58458682644425,0.519618738211,7,-0.39420825504344,-0.012303721242267,-0.0008083722192284
341,0.4187357214695,0.60331004170025,0.5835106919785,7,-0.39423835759583,-0.012308263144876,-0.0008187860390586
342,0.00980672512475,0.4641709985885,0.44413373329325,8,-0.86603302239703,-0.078308321463543,0.24471039543046
343,0.44852436262,0.6623473509635,0.5029363703625,9,0.58671218285484,0.35989502047344,-0.51106329402016
344,0.26762542219675,0.63355302169575,0.80663170549375,1,0.13197757938611,0.2112025869813,0.10677920844998
345,0.141665441449,0.7959527798115,0.95499971655175,1,0.13192867840626,0.21123338754632,0.10677423200473
346,0.192548020383,0.74471389122425,0.97455705568525,1,0.13193482028889,0.21122371338167,0.10674748598692
347,0.423371046518,0.741700934,0.94366954971475,1,0.13194170089982,0.21121198095422,0.10672005053211
348,0.070801691729,0.9427134558535,1.0004426608665,1,0.13191914756128,0.21120988139962,0.1067816039547
349,0.19446800829375,0.87668760600225,0.89585746633775,1,0.13192044364201,0.21124668049586,0.10677750569899
350,0.2660673816135,0.862725069749,0.91541480547125,1,0.13194927584891,0.21121779744517,0.10675700923502
351,0.1117019937585,0.818621642105,1.0004426608665,1,0.13192212522759,0.2112116211247,0.10677553065714
352,0.36062173841425,0.624059595038,0.975924205672,1,0.13195997903037,0.21120543528636,0.10672637476343
353,0.26570085955875,0.648819371168,0.8891980760695,1,0.13196198857795,0.21120776097133,0.10677183581924
354,0.299325742506,0.71020100806225,0.93048126135725,1,0.13196114635523,0.2112258700066,0.10676656732682
355,0.0816991157725,0.983080868949,0.94880663806675,1,0.13191830684613,0.21124588291306,0.1067761016249
356,0.13273022830725,0.89935646829575,1.0004426608665,1,0.1319166615068,0.21124219596637,0.1067760238536
357,0.39495638356825,0.9323003451345,0.92860309382875,1,0.1319567997509,0.21119785662157,0.10670786667669
358,0.3573942235175,0.76154104013925,0.8982266054,1,0.1319531032155,0.21119324258104,0.10670463626158
359,0.19736715286225,0.975078842315,0.7282650586525,1,0.1318590826351,0.21125651297895,0.10681507140311
360,0.38495084443975,0.730916881897,0.78156087735875,1,0.1319485326741,0.21119515831639,0.10670571884043
361,0.31692194145375,0.7675015497585,0.820541982666,1,0.13196732067663,0.21120035566079,0.10675657452771
362,0.256491437255,0.77456705011075,0.97455705568525,1,0.1319346853488,0.21122095569684,0.10674641694546
363,0.28170286887425,0.97664301244225,0.960857749786,1,0.13193452103547,0.21122105635777,0.10675075566851
364,0.1654734480685,0.983080868949,0.88966438785275,1,0.13186099588043,0.21125361005678,0.10680874786374
365,0.3221494563135,0.880161940376,0.74548431203225,1,0.1319564781692,0.21119974660946,0.1067098332327
366,0.26077802308025,0.70089516820925,0.7702302680475,1,0.13196560234026,0.2112187294896,0.10673330169774
367,0.1589227784845,0.92004459356,0.844221443538,1,0.13192705514991,0.21121036411267,0.10674870405828
368,0.25218069072125,0.58129346268775,0.97871681471225,1,0.13194036898995,0.21121596572369,0.10676049238057
369,0.20101867787775,0.93972388139125,0.9413004106525,1,0.1319164452077,0.21124725050362,0.10677394191228
370,0.19190978318075,0.6758075745835,0.9332738703975,1,0.13196027067384,0.21123597477333,0.10674311381172
371,0.31048588437375,0.59467267236775,0.93464102038425,1,0.13195692186947,0.21120129870984,0.10673249275371
372,0.1929181009415,0.61774161068625,0.97871681471225,1,0.13195990795443,0.21124226742106,0.1067766399837
373,0.1900498697405,0.912042566926,0.7860941599375,1,0.13186527618074,0.21123708556073,0.10681326666497
374,0.3246180511975,0.925761345138,0.960857749786,1,0.13193827832513,0.21121197375276,0.10674361221158
375,0.3653025655065,0.690360901923,0.975924205672,1,0.13194430360214,0.21121625211405,0.10672852827979
376,0.2959334319205,0.87522457936475,0.80547552678,1,0.13195092849123,0.21120790913547,0.10669838573024
377,0.33640571398425,0.8692640697455,0.883160149514,1,0.13192595387527,0.21120525854516,0.10675384140207
378,0.006383306769,0.9400511538785,0.790340078325,3,-0.032020194069359,0.48211438618958,-0.036629692144479
379,0.08774794755275,0.5713828354445,0.89812724436525,3,-0.031888121588235,0.48200189423645,-0.036444087283371
380,0.03428757445475,0.76897573369125,0.96523400762825,3,-0.031951865753865,0.48207020776907,-0.036640787638261
381,0.07973690487075,0.7499634150065,0.9197910633135,3,-0.031862141675951,0.48211076789054,-0.036557089099608
382,0.1971195537845,0.62600369989625,0.78433276590225,3,-0.03185289247816,0.4820925401951,-0.036561039921239
383,0.11771139524325,0.674619241859,0.89806521715925,3,-0.031745272997533,0.48201493535308,-0.036448640246872
384,0.0296991157725,0.942346883876,0.8565338112605,3,-0.032025285711929,0.48211686764094,-0.036636804464377
385,0.025449330416,0.75677801624625,0.83115820622525,3,-0.032042366330455,0.48208855728671,-0.036619896447931
386,0.0033158090035,0.808976574809,0.924961180822,3,-0.031927716296262,0.48210104991354,-0.03661087002991
387,0.0344429002595,0.8250246252645,0.74837410897525,3,-0.031824758643541,0.48203291127216,-0.036518882392759
388,0.014256973417,0.6255372579995,0.75973740920925,3,-0.031975778188973,0.48210043670696,-0.036469905827353
389,0.0033158090035,0.89832292717175,0.96016983406025,3,-0.032028457771443,0.48212075528127,-0.036624169279447
390,0.1062755374445,0.871308581853,0.80496358334525,3,-0.031860014927807,0.48211350340312,-0.036566137571189
391,0.0798922306755,0.801203210924,0.7886822367295,3,-0.031829037951559,0.48203291981531,-0.036513878874048
392,0.018801691729,0.89868949914925,1.0004426608665,3,-0.031931416879535,0.48207616004008,-0.036638565926189
393,0.0751484461885,0.879310608487,0.86309086694575,3,-0.032043113851473,0.48210455841417,-0.036629378490944
394,0.059706303833,0.6822396499135,0.805056299112,3,-0.031858967444811,0.48210389806536,-0.0365550581443
395,0.190272154668,0.69334584640975,0.747931328456,3,-0.03185435992637,0.48209457788229,-0.036557540553507
396,0.057429413628,0.64076866875175,0.98479134676175,3,-0.031954724803725,0.48206787854415,-0.036659611238671
397,0.1141492040925,0.72666484459125,0.76258032961625,3,-0.031858748411374,0.48210112369978,-0.036554981082346
398,0.014256973417,0.5697373602205,0.782273861516,3,-0.031985232865748,0.48209786995458,-0.036531462997337
399,0.118719713004,0.61655327796175,0.943508161474,3,-0.031963198792531,0.48212375219139,-0.036629644883818
400,0.0296991157725,0.983080868949,0.89680663806675,3,-0.031962383806794,0.48216900266741,-0.036609239329154
401,0.075547272793,0.577212723325,0.83175251044575,3,-0.031729303461744,0.48199439055422,-0.036425363337242
402,0.006383306769,0.9807851389515,0.72661290513125,3,-0.032126090937174,0.48209267908364,-0.03663943570586
403,0.0487651394195,0.78996425612425,0.87951823650725,3,-0.031863183432497,0.48210638725896,-0.036562921526144
404,0.04977345718025,0.8179546729585,1.0004426608665,3,-0.031959020688678,0.48211570326593,-0.036621330420504
405,0.0033158090035,0.942346883876,0.90816983406025,3,-0.032019255747023,0.48209463500643,-0.036644357150342
406,0.120996603209,0.640081716644,0.83169048323975,3,-0.031854288410023,0.48208914161174,-0.036568653927069
407,0.0608262070285,0.8951299961935,0.764655455591,3,-0.032102991857113,0.48210427799521,-0.036619146927598
408,0.02645764817675,0.58943162482975,0.98479134676175,3,-0.031909903721722,0.48202824043873,-0.036455005047148
409,0.01097176545125,0.71784695133375,0.98479134676175,3,-0.031949483418611,0.48206680571676,-0.036640646257649
410,0.221911999581,0.537722523327,0.7598975200005,6,0.3316264978838,0.52343680582722,-0.58500665432087
411,0.29241786799325,0.5452718451265,0.782196459592,7,-0.39434568747154,-0.012329431348456,-0.0006925606813927
412,0.153294502325,0.6686347840655,0.366351142383,3,-0.031615885877685,0.48193616803722,-0.036677333983615
413,0.0931462717205,0.71336760787425,0.38484874876925,3,-0.031638143034027,0.48202811698772,-0.036825028702824
414,0.01007411530225,0.73579734843725,0.33359166982525,3,-0.03155842285079,0.48204223790462,-0.036841724175074
415,0.040901773708,0.769054927579,0.2288899298435,3,-0.031437304647467,0.48215173593253,-0.036654432102383
416,0.01007411530225,0.650774220067,0.42659855804375,3,-0.031540778796292,0.48210357084921,-0.036824085213978
417,0.01007411530225,0.70834646808925,0.251976439182,3,-0.031369853268839,0.48187779664621,-0.036932570811145
418,0.0401482306045,0.675259535858,0.37715513046075,3,-0.031600896585819,0.4820206232424,-0.036875260674993
419,0.19488574183175,0.699622619795,0.44650316222975,3,-0.031604167888721,0.48193495058257,-0.0366583879746
420,0.17290739375675,0.573438053754,0.45429037182025,6,0.33183804488904,0.5231117305744,-0.58523922017108
421,0.38477676789925,0.47646886806225,0.396244294342,6,0.33172901634444,0.52351705130951,-0.58514519449598
422,0.142565888277,0.53220478624875,0.46525788185175,6,0.33152291361317,0.52322109239995,-0.58525581257192
423,0.322617758602,0.551078695578,0.43194353652125,6,0.33176530963274,0.52341875579274,-0.58529901844429
424,0.2797534554615,0.57169513224675,0.42623217313,6,0.33180606025605,0.52319757339929,-0.58534703736588
425,0.33074807710625,0.48249534157425,0.41654074988025,6,0.33155539686012,0.52369289026163,-0.58536470517665
426,0.3301373807225,0.469564222915,0.46653982604475,6,0.33154472014856,0.52369051557772,-0.58535652719501
427,0.2079760979725,0.57095001368775,0.32604549165525,8,-0.86608325555998,-0.078122765875151,0.24462372059669
428,0.1309957306515,0.55022595720325,0.3937829099105,8,-0.8663771385805,-0.078154013854028,0.24433445726071
429,0.1251435810175,0.5499485588345,0.19836091643975,8,-0.86567999921247,-0.07808426274754,0.24430902200551
430,0.01483292531925,0.47386579909575,0.07331768307375,8,-0.86564560118168,-0.078085013476124,0.24431078582975
431,0.053189413891,0.513164838099,0.10239019943525,8,-0.86567079842237,-0.078087272133754,0.2442978206266
432,0.039880840427,0.520902481986,0.43146355039525,8,-0.86602763025738,-0.078320501498193,0.24472427004685
433,0.06995495572925,0.545387797777,0.38202012281225,8,-0.86584219395797,-0.078187870393995,0.24448322210293
434,0.0401482306045,0.58733986498225,0.3484361083795,8,-0.86622259997662,-0.078180437702138,0.24425141285976
435,0.01835648857175,0.62190117127625,0.08851566213275,8,-0.86603466880764,-0.077570961594581,0.24418872889128
436,0.01007411530225,0.6402923745035,0.21721309568,8,-0.86624461719172,-0.078130748534995,0.24425847391779
437,0.01007411530225,0.576147893498,0.2310876329825,8,-0.86558274908183,-0.078017753973296,0.24433797862405
438,0.16133723613125,0.5914592247085,0.382815399879,8,-0.86646310808118,-0.078167497771015,0.24437068452842
439,0.048430603874,0.62708596985425,0.1629294832235,8,-0.86607862877422,-0.077592122564575,0.24419127001991
440,0.26551083083025,0.54012146138075,0.34822676171625,8,-0.86612587257107,-0.078151264914994,0.24458254408195
441,0.19253506047925,0.44043552808775,0.306689874868,8,-0.86559956749287,-0.078110647060958,0.24424041139397
442,0.01483292531925,0.524184509793,0.016588136809,8,-0.86582095141415,-0.07782900963611,0.24424961840737
443,0.01007411530225,0.56285454919125,0.3978795359625,8,-0.8658330447593,-0.078151309770644,0.24444741503271
444,0.053189413891,0.56348354879625,0.0456606531705,8,-0.86566964007828,-0.078012862287122,0.24412290240777
445,0.10092161534925,0.5149612821665,0.37461918648825,8,-0.86601127869155,-0.078360473895144,0.24470959088258
446,0.048430603874,0.56294148884875,0.176804020526,8,-0.86645335814887,-0.078000724395381,0.2443451238052
447,0.147827867368,0.524087476143,0.27680240470075,8,-0.86570279167036,-0.078073877543618,0.24426781678196
448,0.0711148902245,0.509332012127,0.31440858950225,8,-0.86582618281065,-0.078233750324421,0.24446111038485
449,0.01007411530225,0.54839949946775,0.29025071369775,8,-0.86626128952076,-0.078125589232873,0.24434141409472
450,0.28014390863925,0.465110485056,0.346555419755,8,-0.86570530654321,-0.078339309310132,0.24469551956384
451,0.1299023910345,0.50017190808475,0.123947095349,8,-0.86587319536404,-0.078113346394721,0.24437690966477
452,0.10818159739375,0.43158585709575,0.41714623836875,8,-0.86612296431948,-0.078304051695676,0.24474264181178
453,0.078374872269,0.42595658705625,0.35693564138275,8,-0.86600959315811,-0.078330203391717,0.24470085000134
454,0.3771366247435,0.7000217884795,0.36491202977325,9,0.58670236289382,0.35983276682852,-0.51116972305202
455,0.267081771823,0.63952802761125,0.27295136435375,9,0.58668964901719,0.35947891486368,-0.5110617804319
456,0.19993336416625,0.64812557304475,0.30958123415925,9,0.58667404306554,0.35964339611292,-0.51123390169369
457,0.07035648857175,0.6596501072025,0.05192752532375,9,0.58717609755742,0.35867478373502,-0.5114961400738
458,0.2223661039765,0.59685452267625,0.17941532146025,9,0.58683236576834,0.35938985990671,-0.51103219198806
459,0.1011841469775,0.71762119323975,0.11219714480325,9,0.58695264176941,0.35959439069862,-0.51089051107436
460,0.23700765652075,0.64816899934175,0.24139255222525,9,0.58676187567982,0.35946317404995,-0.51099609715733
461,0.191122337783,0.7380276415825,0.243517138982,9,0.5868312622809,0.35936411659231,-0.5111263152312
462,0.07925826227975,0.70395168208075,0.186610965894,9,0.58683888768263,0.35934839877427,-0.51103472021128
463,0.30376544158,0.660478824714,0.439339356376,9,0.58682999357172,0.35968018410822,-0.51080034982331
464,0.35661381397775,0.53413841416575,0.259741624244,9,0.58668925385242,0.35985663267327,-0.51110158625637
465,0.301692578867,0.5785135753185,0.278496708379,9,0.58666174345903,0.3595840228898,-0.51121733033613
466,0.43330568522275,0.55875500467575,0.2634109235785,9,0.58652098584026,0.35959843221167,-0.51122199083815
467,0.44548871209125,0.645771991112,0.306105173962,9,0.58649859093469,0.35958197834514,-0.51111478566519
468,0.3888294762635,0.63206920850225,0.4543413313665,9,0.58660050851754,0.35962082405508,-0.5109097152136
469,0.17648078523875,0.686713164917,0.181539908217,9,0.58694173751094,0.3595531011691,-0.51092662510168
470,0.1984066699365,0.700382676076,0.10712608712625,9,0.58697008972525,0.3595780211163,-0.51089837534806
471,0.43909569600875,0.53809514171,0.33731096890375,9,0.58664845320858,0.35992473624202,-0.51104910491839
472,0.31003236276425,0.657379963196,0.34097286352475,9,0.58678488535341,0.35962089590708,-0.51106345492215
473,0.27542155572025,0.71839441548875,0.3354275194995,9,0.58671878316031,0.35959384327445,-0.51107170878202
474,0.105189413891,0.6012324847225,0.0090725163615,10,-0.042866384889059,-0.6543202491073,-0.6316961046784
475,0.320866480749,0.66768804984775,0.01778395128525,10,-0.042339912329673,-0.65374133828964,-0.63166425317923
476,0.40726799987,0.63408311256675,0.01778395128525,10,-0.042354692291449,-0.65378212796862,-0.63152714072784
477,0.2175463488245,0.52211468101525,0.06721754908425,10,-0.042542220233532,-0.65428464241835,-0.63127923289799
478,0.25522296932075,0.614035652272,0.04685646764675,10,-0.042706566957508,-0.65397621102132,-0.63169130502363
479,0.192833371681,0.57285654695575,0.0090725163615,10,-0.04292012860278,-0.65431146931593,-0.63178998331196
480,0.27993594646425,0.5632937863315,0.1050015003695,10,-0.042348303050759,-0.6537085922775,-0.63166183950939
481,0.429911623923,0.9176213864345,0.4935320942605,1,0.13178674720555,0.2112114938286,0.1066124828178
482,0.381809051646,0.97270728298875,0.46871222639325,1,0.13178937434497,0.21120262052841,0.10661293485144
483,0.3621436985275,0.85952247205675,0.533773037069,1,0.13194513398559,0.21117863575616,0.10673716541553
484,0.29514238497925,0.97270728298875,0.5111152826645,1,0.13197513197297,0.21118665675743,0.10675099319839
485,0.07070014131575,0.91217639002825,0.3069305503065,3,-0.031769435946872,0.48191362029992,-0.036533346828101
486,0.24986438757025,0.75797979665175,0.45220940915175,3,-0.031627315202436,0.48169441124671,-0.036508147026354
487,0.01082765840575,0.89836456687475,0.1850486042715,3,-0.031647690675244,0.48193719455748,-0.036577967033983
488,0.1234667548535,0.957288471317,0.30564035772925,3,-0.031762138186412,0.48194299636339,-0.036486336191212
489,0.241011793734,0.94629621695375,0.415398804732,3,-0.031584767587935,0.48168428574853,-0.03642227118335
490,0.03721096517475,0.9434766481635,0.14872776782725,3,-0.03164694020429,0.48159113548185,-0.036518525253703
491,0.12957572592425,0.993588933965,0.36374697299675,3,-0.031781999850647,0.48190724780161,-0.036584995078672
492,0.287821948229,0.7222952127505,0.49731010616175,3,-0.031609975727068,0.48180875291936,-0.036438191542454
493,0.01082765840575,0.81791878849775,0.17590361323375,3,-0.0316419272376,0.48191030399831,-0.036578601842819
494,0.23390592436175,0.97270728298875,0.48081730861625,3,-0.031951389667436,0.48170759293407,-0.036724229588393
495,0.006383306769,0.9797771108115,0.08845814834775,3,-0.03177023627843,0.48198834676378,-0.036454145233648
496,0.093899814824,0.7905998558345,0.27708466800775,3,-0.031567827548326,0.48214679722076,-0.036700128566525
497,0.06307215641825,0.7739054204535,0.34128528813375,3,-0.03158903398749,0.48205691131791,-0.03677782297843
498,0.0635942719435,0.983699537352,0.26633090721325,3,-0.031699624326399,0.48168653011535,-0.036526300729273
499,0.1416000254015,0.85000533747175,0.4684620624165,3,-0.031931996431807,0.48183754572493,-0.036605949532632
500,0.22665278644225,0.8557075184895,0.4646130106795,3,-0.031623591132186,0.48171570050159,-0.036534387805149
501,0.21485991454325,0.88739536683225,0.401356620258,3,-0.031769078164697,0.48186808030954,-0.036532010537377
502,0.0899775787125,0.983699537352,0.19736155108,3,-0.031769647906455,0.48203528156779,-0.036466458490752
503,0.01082765840575,0.93858745606325,0.2676210997905,3,-0.031722558200048,0.48183944060746,-0.036530196505099
504,0.208725646231,0.993588933965,0.36483890459725,3,-0.031779652046984,0.48188387922698,-0.036547125333659
505,0.226421358864,0.914608368611,0.53029121795325,3,-0.031672947553243,0.48189619539449,-0.036482554223779
506,0.12369818243175,0.85327553990675,0.293980297433,3,-0.031701628209045,0.48198824245262,-0.036593859721001
507,0.1298071535025,0.9346880838435,0.3847354323895,3,-0.031928762769949,0.48165450413064,-0.036673450005167
508,0.0699346705925,0.9081042518495,0.417896221479,3,-0.031900531396081,0.4817619678384,-0.03652883474031
509,0.092870524026,0.88957600255475,0.3377106779535,3,-0.031710758409775,0.481828669613,-0.036541605261038
510,0.032998041116,0.86299217056075,0.370871467043,3,-0.03170970831774,0.48183452459886,-0.036532661383814
511,0.30613117749825,0.756853900133,0.01778395128525,9,0.58685560229824,0.35952456202663,-0.5112603453407
512,0.06738173090775,0.82601716762925,0.001427504481,9,0.58703858282132,0.35944304827211,-0.51072848301188
513,0.279351434386,0.88739536683225,0.34245822806775,9,0.58678775477867,0.35962423442784,-0.51083267382937
514,0.316701474435,0.8161221373265,0.288932728837,9,0.58677526965984,0.3595232709935,-0.51101185062183
515,0.276270976396,0.92761751371175,0.1639818982035,9,0.58684766994938,0.35955131608899,-0.51088385034524
516,0.32727293528,0.98651836383325,0.072932151077,9,0.58683249082436,0.35960223834747,-0.510888850651
517,0.27321716607375,0.993588933965,0.305940512407,9,0.58686133016158,0.3597040674572,-0.51061625550342
518,0.26323480476675,0.9346880838435,0.2552913487195,9,0.58673918190885,0.35952160327025,-0.51098932599313
519,0.43316668314825,0.9176213864345,0.404335728022,9,0.58652243807117,0.3597038785099,-0.51117420485947
520,0.3623368038585,0.929955434622,0.03947784255675,9,0.58679811711771,0.35959542101197,-0.51087077492016
521,0.23395687702,0.793632755523,0.16910331789125,9,0.5869422647232,0.35953412157204,-0.51095073602609
522,0.18805417527425,0.91901097129375,0.07372392799975,9,0.58705383562341,0.35948381756612,-0.51081259660266
523,0.158913710134,0.983699537352,0.17881585960025,9,0.58684459712968,0.35952235194744,-0.51085786367716
524,0.3045573679335,0.829933218171,0.1683115409685,9,0.58675285027682,0.35952315089557,-0.51104113851318
525,0.3555593268175,0.83227113908125,0.077261793842,9,0.5868937434807,0.35947204303653,-0.51095037043984
526,0.232958835904,0.77711636669625,0.07805357076475,9,0.58690577433708,0.35936391816794,-0.51109938649798
527,0.04176503767675,0.94857018092,0.03645814834775,9,0.58706917194363,0.35944739237492,-0.51081223988838
528,0.0725926960825,0.912269718272,0.09672776782725,9,0.58693338099131,0.35956730247603,-0.51092155645075
529,0.06282765840575,0.78761363083825,0.10455213292275,9,0.58691962617304,0.35963558050642,-0.51089511443638
530,0.17111804385275,0.8435937323455,0.0402696194795,9,0.58705132018314,0.3594037944699,-0.51104056034725
531,0.38506411087125,0.97270728298875,0.37951586015475,9,0.58673140725596,0.35966067224951,-0.51074806982822
532,0.2630033771885,0.993588933965,0.23430288932675,9,0.58690039499035,0.3597553571098,-0.51097087590583
533,0.43477007372425,0.84575578745175,0.3181890229745,9,0.58673081387697,0.35967194366568,-0.51098898731573
534,0.16270116909825,0.9887930701085,0.048484952387,9,0.58702908772875,0.3594255332765,-0.51082924377608
535,0.0982093893135,0.83685247932375,0.0616971239605,9,0.58703218281714,0.35944610362492,-0.51082100614739
536,0.2056704854825,0.89131705106375,0.16477367512625,9,0.58685485529042,0.35956005463598,-0.51087827551527
537,0.09376503767675,0.9887930701085,0.01503064386675,9,0.58700619368881,0.35949838067341,-0.510771007515
538,0.01538173090775,0.9014344065775,0.001427504481,9,0.58673535714452,0.35946248209179,-0.51125466171925
539,0.192402886275,0.957288471317,0.2350946662495,9,0.58681307411362,0.35953255817402,-0.51086113984777
540,0.141528827504,0.9524926074605,0.1087545718665,9,0.58704661608477,0.35945313352711,-0.51082539371846
541,0.19263431385325,0.8983876211955,0.25608312564225,9,0.58677103704713,0.35950635217682,-0.51097600541563
542,0.30550331357675,0.94629621695375,0.35650041254175,9,0.58683662413463,0.3596783355686,-0.51067168497885
543,0.2092265168685,0.95531143394175,0.01345430852025,9,0.58703488730379,0.3594439901604,-0.51081506637597
544,0.032,0.722729659647,0.02285500896225,9,0.58706200861318,0.35944060228539,-0.51098981551153
545,0.032,0.77677831914375,0.04428251344325,9,0.58711182359636,0.35942810132587,-0.5109115073271
546,0.27784478596075,0.98651836383325,0.01345430852025,9,0.58684583787202,0.35954464749539,-0.5108780020724
547,0.4047401040995,0.80315738846525,0.226061174792,9,0.58676973817117,0.35971709130557,-0.51088844368631
548,0.37086970355925,0.7031206499975,0.4632785226245,9,0.58662142045904,0.35969618148472,-0.51090368824623
549,0.75429127870225,0.09205274489575,0.87448605810675,4,0.10738430656319,-0.089247485207227,0.56168849129666
550,0.8927983976315,0.013400777113,0.98595140641575,4,0.10734967713037,-0.089269742138672,0.56168339211484
551,0.93863493574575,0.19686610365025,0.97238714059275,4,0.10734759725697,-0.089233143173119,0.56164668999721
552,0.86847270647325,0.34691203836775,0.84944936871325,4,0.10744990860037,-0.089440468499764,0.56148852804024
553,0.96015889475075,0.41078533153375,0.704959660486,4,0.10752607295035,-0.089613688628301,0.56156073638259
554,0.983518742776,0.02886229463075,0.8835981104685,4,0.10737406526972,-0.089173638783589,0.56158570209792
555,0.98520868281,0.122308336131,0.97238714059275,4,0.1074471806492,-0.089185147979962,0.56148402474641
556,0.692589386033,0.0201690096265,0.97813435091025,4,0.10734977219661,-0.089191644710202,0.56170789697354
557,0.65679604712175,0.242566287336,0.91718971000025,4,0.10746580690034,-0.089513867926757,0.56168870692702
558,0.7982224221435,0.12545352200875,0.9163517071965,4,0.10738000569107,-0.089249732562908,0.56168780660772
559,0.6783648256475,0.12685885384775,0.84507766938625,4,0.10743399808451,-0.089541026578728,0.56170882553633
560,0.8769215877595,0.233016993449,0.70421981105725,4,0.1075216078338,-0.089572733807982,0.56171788700598
561,0.99550850724325,0.24931390054575,0.693654295929,4,0.10756870850693,-0.089601161523581,0.56157048704095
562,0.879123491616,0.134146807013,0.86873884778925,4,0.10738050199137,-0.089263220325362,0.56169642060851
563,0.89055496078075,0.3605349132145,0.75749446823825,4,0.10746588819313,-0.089462025610778,0.56150156556424
564,0.97342625293575,0.3330110130075,0.9768124307635,4,0.10742954825399,-0.089205746464769,0.56147335779444
565,0.948727425586,0.06226307174375,0.9383385470085,4,0.10736518692099,-0.0892130338933,0.56163661240723
566,0.72755561238025,0.3180100809755,0.91902447382625,4,0.10742683927737,-0.089227420458736,0.56171243742605
567,0.96015889475075,0.37683182031125,0.73906916235825,4,0.107573206382,-0.089585265049332,0.56160811346201
568,0.86903100177575,0.20870457453225,0.9027874413735,4,0.10749383894235,-0.089490670778432,0.56169161461669
569,0.6436769482595,0.20049311702625,0.8537327276955,4,0.10740534462767,-0.089378207794015,0.56172449102685
570,0.97342625293575,0.26178277886375,0.92919957135625,4,0.10743630115778,-0.08920135535916,0.56147059864291
571,0.76796618471775,0.0201690096265,0.944085757326,4,0.10734946426413,-0.089186516826151,0.56170674751198
572,0.9846503875075,0.42092214149425,0.7537269917245,4,0.10746357259939,-0.089399478269674,0.5614782983532
573,0.811897328159,0.0535697867395,0.98595140641575,4,0.10735873171515,-0.089223052493407,0.56163613282818
574,0.78812993230325,0.200011289528,0.95040030078075,4,0.10735191917567,-0.089226815247596,0.56163610885556
575,0.92590457327325,0.2872441245925,0.767644971662,4,0.10747703467317,-0.089470401427071,0.56169028640987
576,0.99550850724325,0.30354103168925,0.749219665782,4,0.10746055842977,-0.0894065811995,0.56146641350252
577,0.79149461130425,0.3632838849665,0.86126111099525,4,0.10753438494084,-0.089481632341445,0.56158361463669
578,0.90382231896575,0.27362124974575,0.859599872137,4,0.10745873439518,-0.089413354484653,0.56149828899573
579,0.8658504771035,0.1007460299,0.78763388392475,4,0.10747519374684,-0.089502979913274,0.561687433344
580,0.72363263807675,0.24348979167675,0.95040030078075,4,0.1074914420477,-0.089479690736461,0.56166811728829
581,0.9465255217295,0.23865441271325,0.58654355258575,5,0.084173337900942,-0.06260610214414,0.31370797541301
582,0.95868004379125,0.40865033920225,0.41714838412875,5,0.084215895830459,-0.0626096119938,0.31381167054519
583,0.91083834059675,0.48476310042775,0.37697024794525,5,0.084134430532469,-0.062544815970516,0.31388221874347
584,0.95775510658525,0.28579411312825,0.396919046565,5,0.084211709668256,-0.0626127158762,0.31381332891468
585,0.99550850724325,0.28274473389625,0.60513127732775,5,0.084194544103364,-0.062613447070003,0.31385105046258
586,0.8964351503765,0.34124440422475,0.451033957582,5,0.084223427698564,-0.062612252333935,0.31381294521944
587,0.99550850724325,0.35808217885675,0.589179730881,5,0.084173310306801,-0.06261862918118,0.31386074233597
588,0.99000257953075,0.50957228386725,0.60789941959075,5,0.084241263487305,-0.062441207000571,0.31377633916721
589,0.86489368572925,0.494518709474,0.49198707089275,5,0.084223839697864,-0.06256017612872,0.31382150807515
590,0.99000257953075,0.51594041783775,0.52834629566725,5,0.084147609005823,-0.062553479149695,0.31389324507172
591,0.99000257953075,0.4454661378405,0.63691865446975,5,0.084290082014469,-0.062476857493524,0.31373905057445
592,0.965511086774,0.414219014063,0.659668239531,5,0.084209135916683,-0.062653308544306,0.31366126425485
593,0.95810811073425,0.55229110195725,0.60414148269225,5,0.084237855374514,-0.062443737473612,0.31378332602395
594,0.965511086774,0.4013758166575,0.6222608251035,5,0.084204345866089,-0.062651719273836,0.31366234445907
595,0.95810811073425,0.55865923592775,0.52458835876875,5,0.084256989751958,-0.062481458802713,0.31373336150964
596,0.95868004379125,0.4266190575365,0.484395838174,5,0.084192338372802,-0.062560829750449,0.31382481467223
597,0.8943191731415,0.55040622781525,0.501438251707,5,0.084199455527978,-0.062463031807153,0.31388846681784
598,0.87194365761975,0.3279659987815,0.5410309966885,5,0.084235551440298,-0.062620634388202,0.31380734784223
599,0.81083780249125,0.344999795009,0.40425865122875,5,0.084158773154892,-0.062598371014478,0.31387821139681
600,0.928682623322,0.46991269533725,0.5174769323965,5,0.084213437952507,-0.062561565024314,0.31382257415837
601,0.847049403004,0.52733783289875,0.41872784048675,5,0.084213819949348,-0.062537501008977,0.31387003322625
602,0.87647489041625,0.58322535124,0.428179021301,5,0.084158063099638,-0.062510660199224,0.3139080931128
603,0.9341885510345,0.376160602383,0.54929113273125,5,0.084186322801988,-0.062542944252867,0.31382693847438
604,0.90419113056525,0.41945424018375,0.58237222695375,5,0.084225375784403,-0.062607493338921,0.31370145265923
605,0.83458719659525,0.3719102093095,0.62747701327075,7,-0.39414301239646,-0.01238572300794,-0.000905862644575
606,0.8605575403115,0.38780422667,0.69762725368875,7,-0.39428406653649,-0.012170260421643,-0.0008725935291899
607,0.9301614742815,0.44819145494975,0.68992988179925,7,-0.39409845609609,-0.012236837596461,-0.0010376874539604
608,0.7935129559335,0.521447437696,0.58040146475125,7,-0.39430844969047,-0.012251162099916,-0.0008246264865523
609,0.71081411091925,0.566223511961,0.568646378685,7,-0.39429643583776,-0.012267919079983,-0.0008320786367406
610,0.80233972364975,0.3175566060695,0.60756717547775,7,-0.39418026421466,-0.012488332498318,-0.0008641790085435
611,0.92258062811,0.52990560016075,0.71095148728025,7,-0.39414956634435,-0.012392750976775,-0.0008923017262288
612,0.6398815997505,0.33892133068625,0.534859987528,7,-0.39414234931343,-0.012382257980425,-0.000876421073667
613,0.78769795955625,0.449297392685,0.650996112572,7,-0.39414396187018,-0.012368573148819,-0.0009235146291895
614,0.8136683032725,0.4651914100455,0.72114635299,7,-0.39430164466824,-0.012282942124392,-0.0008099298612689
615,0.5695524949995,0.4456754368375,0.624656815226,7,-0.39434787715656,-0.012185535018058,-0.0007162301965281
616,0.5551601818765,0.3821275920615,0.5698285223435,7,-0.39435584446509,-0.012184721010376,-0.0007219458792268
617,0.673593566851,0.06573687355525,0.4032191022325,2,-0.081783933011653,0.20938526674302,-0.26950705438951
618,0.61649741253025,0.1160613037965,0.418477834332,2,-0.081777667486582,0.2093681015795,-0.26948650643594
619,0.67754808490925,0.02197365877575,0.45881818837825,2,-0.081929338325622,0.20941876840047,-0.26955901311815
620,0.647801581435,0.20000862134775,0.40767854975525,2,-0.081849262452177,0.20946879810753,-0.26948133732669
621,0.78712801647225,0.05188373526925,0.79338109424225,4,0.10738905819344,-0.089240384494251,0.56169243743009
622,0.77041098310725,0.12261929840125,0.66925130208125,4,0.10748007526912,-0.089610717579474,0.5617319909676
623,0.803277677942,0.050735563132,0.62347528515675,4,0.10755250874631,-0.089480980282252,0.56173354880678
624,0.74067150798975,0.07852897721825,0.73399838283275,4,0.10748945042412,-0.089321326096506,0.56172905747678
625,1.0016313804322,0.0461354817745,0.64996142367375,4,0.10751347556439,-0.089639987913922,0.56166476887494
626,0.63489717672625,0.041451350901,0.730293144206,4,0.10752768709749,-0.089244082614459,0.56163782453107
627,0.777867531374,0.050735563132,0.58330968981375,4,0.10755523656976,-0.089440210628855,0.56170560600109
628,0.9465255217295,0.20522357936275,0.675066571187,4,0.10752677341804,-0.089614652069549,0.56167121839731
629,0.9354544110735,0.02886229463075,0.802493146604,4,0.10736500307267,-0.089284476439531,0.56168310145497
630,0.6992405553025,0.006645241949,0.71264516264625,4,0.10746363934724,-0.089360598076067,0.56177449752543
631,0.85334874881375,0.144836351083,0.71506974766775,4,0.10751880103743,-0.089578037464012,0.56172382873599
632,0.9526483949185,0.13908809758825,0.65995714404525,4,0.10753321979311,-0.089626442829157,0.56166489644574
633,0.70448853766325,0.006645241949,0.6332402525285,4,0.10753500237998,-0.089273125447843,0.56165456302795
634,0.95356704872975,0.05090745522225,0.7294774125715,4,0.10736591996034,-0.089360250909711,0.56162425181008
635,1.0016313804322,0.09499777640525,0.7118294373465,4,0.10752595220958,-0.089650974390102,0.56164744047236
636,0.86784682408075,0.0461354817745,0.60984226253375,4,0.10752479617927,-0.089577275930635,0.56171695357499
637,0.6763281294135,0.11333508617025,0.7516463643925,4,0.10742681843749,-0.089534146886983,0.56171001120891
638,0.9168298095945,0.0020451605915,0.606974119295,4,0.10751475084529,-0.089556725229591,0.56172420479433
639,0.95356704872975,0.0020451605915,0.66760939889875,4,0.10753189241931,-0.089587327577583,0.56170291902951
640,0.904584063216,0.09499777640525,0.67760511927025,4,0.10753505115454,-0.089584635920526,0.56170374138705
641,0.77878618518525,0.006645241949,0.6088174557905,4,0.10752141664189,-0.089411682243895,0.5616968848466
642,0.98326276086475,0.015438444792,0.49827907142325,5,0.084113955246419,-0.062786804089602,0.31386624100865
643,0.964894141297,0.0374836053835,0.55086865919325,5,0.0841883830274,-0.062662901573234,0.31375938986779
644,0.97101701448625,0.18591221513925,0.5412880290945,5,0.084153467015249,-0.062667910244096,0.31381044946277
645,0.75485940317125,0.02197365877575,0.44526351846275,5,0.084118471805131,-0.062745848322315,0.31384902588415
646,0.9526483949185,0.1256642477495,0.57035957948625,5,0.084181568838198,-0.062626713045102,0.3137527328568
647,0.84786627918375,0.10150242475075,0.490224630001,5,0.084194176269657,-0.062658834271324,0.31376886720301
648,0.95775510658525,0.219773510111,0.44166056218025,5,0.084168186313328,-0.062649830205734,0.31386247132583
649,0.818532016088,0.024090321183,0.5256112419695,5,0.084188137366349,-0.06260080138596,0.31377787397179
650,0.8803261102565,0.18124359690925,0.4009267948355,5,0.084119247139899,-0.062644214428488,0.31380995742052
651,0.77439180091325,0.06606397995875,0.50616449475975,5,0.084089093951615,-0.062748916408364,0.31386559267941
652,1.0016313804322,0.0815739265665,0.5674914362475,5,0.084210204519799,-0.062680764943995,0.31375114693094
653,0.94098947987225,0.015438444792,0.45663019166525,5,0.084191745246986,-0.062636650766599,0.31378706425323
654,0.7994486559465,0.17240848088925,0.448132845748,5,0.084167254950637,-0.062726552762933,0.31381529134479
655,0.81942026836875,0.10117531834725,0.419967714489,5,0.0841258968184,-0.062691353596993,0.31384227628411
656,0.9087721210715,0.21305505649825,0.517076346605,5,0.084210272594254,-0.062596750986442,0.31380742679595
657,0.8721577587,0.2895495039125,0.35014374021175,5,0.084175051203444,-0.062604381673231,0.31388139378148
658,0.9777267190075,0.06624721958775,0.389977393543,5,0.084121283359607,-0.062686306339905,0.31389397242224
659,0.88428062831475,0.26579725407225,0.56233187009625,5,0.084229399430771,-0.062621308579519,0.31379977362091
660,0.8278946667615,0.17273558729275,0.51838976126,5,0.084137979722641,-0.062659377429092,0.31382411637064
661,0.7064483320215,0.26499221363825,0.38888018120675,5,0.08411861475724,-0.062639929948095,0.31380399603204
662,0.71116822559675,0.2209173536485,0.436968902215,5,0.084042563201636,-0.0628591290602,0.31395047529128
663,0.91591115578325,0.0815739265665,0.553736802432,5,0.08413965439565,-0.06256982075679,0.31377584690177
664,0.8920064943585,0.059528765975,0.50967137721075,5,0.084135464963516,-0.06257282491949,0.31377454185726
665,0.63296827011125,0.006645241949,0.5767701334705,7,-0.39444324935151,-0.012050827672633,-0.0005233783061947
666,0.73372731619925,0.09270922190775,0.563862942604,7,-0.39441833366049,-0.012166179936104,-0.0006522109708853
667,0.6109886431525,0.098943330966,0.5019161746915,7,-0.39422594019139,-0.012334922962764,-0.0008623582594694
668,0.6631257024585,0.04861890072475,0.53290058952275,7,-0.39436824792426,-0.012141779056453,-0.0007750973909897
669,0.73855078605675,0.31332328125475,0.5511477084535,7,-0.39416517480897,-0.012533624000819,-0.0008756954406716
670,0.588008099781,0.09177578114225,0.619903819257,7,-0.39443109074193,-0.012039316147856,-0.0005697910238285
671,0.51778003945325,0.03032443024125,0.530091165034,7,-0.39439988043896,-0.012028866696352,-0.0005740441074196
672,0.58083121080525,0.05696967219025,0.54578571863925,7,-0.39438232973694,-0.012144788896357,-0.0006554636583522
673,0.81467669434475,0.25538786136025,0.6288680488855,7,-0.39417542495612,-0.012321963657138,-0.0009329292544955
674,0.46312020587175,0.03032443024125,0.46716447780225,7,-0.39429046313515,-0.011897521973798,-0.000747039925122
675,0.500263418068,0.3290000767755,0.40733586504175,7,-0.39419343988353,-0.012127928929145,-0.0006217482236945
676,0.6107625560885,0.1757230986935,0.5624823711635,7,-0.3942129752331,-0.012147568200413,-0.0007928075880382
677,0.64229281205725,0.18289064851725,0.49111689011475,7,-0.3942281703629,-0.012152582936809,-0.0007979402031111
678,0.666770159695,0.1972824037215,0.645137645983,7,-0.3943666018547,-0.012211952123647,-0.0007269549085345
679,0.532786242074,0.245909068718,0.51666133365275,7,-0.39422031366653,-0.012161106849239,-0.0007906198020846
680,0.5887938456805,0.267468373746,0.59931660847225,7,-0.39438001276341,-0.012220725527393,-0.0007493540058386
681,0.716932976559,0.2337094573115,0.58563000670875,7,-0.39412883342946,-0.012504875027403,-0.000954523341998
682,0.705659456219,0.203799380818,0.5204072425745,7,-0.39414872167747,-0.012529821786935,-0.00094725146878
683,0.756230421395,0.19385246094325,0.62739164436675,7,-0.39423568362043,-0.012334056599991,-0.000884296529344
684,0.744956901055,0.16394238444975,0.5621688802325,7,-0.39423150768705,-0.012323259971843,-0.0008820006952807
685,0.62237982056425,0.0237632147795,0.3533879534485,2,-0.081885469672997,0.2093894603373,-0.26954940417914
686,0.4770179423335,0.03032443024125,0.39163672426375,2,-0.081841285996744,0.20947795443725,-0.26947708695909
687,0.50398139692525,0.14156077813075,0.10108722923,2,-0.081966677198782,0.2093338983992,-0.26970115371372
688,0.5652836662435,0.07408764502075,0.368646685548,2,-0.081830710294952,0.20946542232467,-0.26947068069232
689,0.5475892138695,0.02453924145875,0.056313669796,2,-0.08196740096153,0.20932524494219,-0.26969165354023
690,0.67654494271975,0.0287434131315,0.020855342289,2,-0.081938907570797,0.20942215041157,-0.26967585420086
691,0.606582143771,0.13863853258325,0.28877129030175,2,-0.081924955882194,0.20945550654454,-0.26959892085886
692,0.64308168785975,0.2440834813375,0.359589828747,2,-0.081724133640018,0.20938427289878,-0.26943901168752
693,0.6735688869225,0.235320368416,0.02254952183125,2,-0.081919541649364,0.20943376258193,-0.26960292664147
694,0.464391342153,0.15597009517675,0.1977562004535,2,-0.081752179277315,0.20949956065821,-0.26958162860946
695,0.6512072202445,0.13783354215275,0.06340486412025,2,-0.081963462308634,0.2093353703179,-0.26969477073531
696,0.62774946650425,0.088314102342,0.2218816066295,2,-0.081934263352358,0.20942563763916,-0.26966523554341
697,0.72306243299375,0.0287434131315,0.06709848921975,2,-0.08198353693202,0.20942773914009,-0.26964813232385
698,0.703373504493,0.093294300694,0.109648011051,2,-0.081931658505859,0.20943304953763,-0.26961945463167
699,0.60770040885475,0.27359274190175,0.02254952183125,2,-0.081879551758511,0.20938964914712,-0.26961300080637
700,0.49048306490875,0.02453924145875,0.015458327507,2,-0.081975983631196,0.20931251531407,-0.26968614131009
701,0.6530759964825,0.22468705134875,0.2905137180775,2,-0.081819371964635,0.20951296720434,-0.26948699685458
702,0.70605511733125,0.0237632147795,0.24271513772825,2,-0.081922814079795,0.20949358256542,-0.26957759739209
703,0.6194195634565,0.07328265459025,0.020855342289,2,-0.081966754030816,0.20932291646218,-0.26969072029882
704,0.5751923655495,0.239872395074,0.30405233465425,2,-0.081829395641972,0.2095121201511,-0.2694795607451
705,0.43996437347125,0.0735270056185,0.015458327507,2,-0.081981893320705,0.2093293166471,-0.26979565055167
706,0.51213983013175,0.10349944606725,0.23002320842425,2,-0.08193269344554,0.2094182297473,-0.26959286778509
707,0.528698512838,0.1538238763085,0.3023099068785,2,-0.081838245251784,0.20948049214192,-0.26946250387962
708,0.487087260937,0.263405907157,0.20831238399925,2,-0.081821454600819,0.20946777459032,-0.26943472674278
709,0.69628437886,0.088314102342,0.19277836569775,2,-0.081931176260932,0.20942193528327,-0.26966413092919
710,0.6375202049755,0.0237632147795,0.27181837866,2,-0.081916290396714,0.20948395568733,-0.26957414501359
711,0.56300824255025,0.0445508875625,0.17420957948975,2,-0.08193020312462,0.20942545916379,-0.26966532617219
712,0.5793768706575,0.08909012902125,0.09886319162725,2,-0.081964839043381,0.20933791941296,-0.26969567408146
713,0.401065117193,0.03894855850475,0.24053388327425,2,-0.081730862558669,0.20958651293798,-0.26947928936877
714,0.5099432684445,0.228576564748,0.065628901723,2,-0.081911050547939,0.20945085998164,-0.2695687424163
715,0.8455182857305,0.0838033894835,0.16988258331375,5,0.084017293978691,-0.062704688030671,0.31375724463954
716,0.98301761873075,0.23179836347625,0.05200792118475,5,0.084042072558918,-0.062351169356628,0.31377507945687
717,0.750904885113,0.06573687355525,0.389664432317,5,0.084128050731622,-0.062635850331421,0.31375980228455
718,0.95806209908525,0.019252501921,0.15634947801175,5,0.083986905574163,-0.06265353467713,0.31386217663474
719,0.941976344648,0.37979617925375,0.01908313931925,5,0.08403918651992,-0.062228482392939,0.31361103378305
720,0.90473149700375,0.240946489212,0.094557443016,5,0.084019059516818,-0.062397486550114,0.31378922239774
721,0.941713878273,0.21760564596925,0.17252892875,5,0.08404993168431,-0.062590893252511,0.31374649404977
722,0.80509302969475,0.195145299646,0.02254952183125,5,0.084071335803312,-0.062655223029832,0.31372995517414
723,0.8754329003905,0.1856543884355,0.05547430369675,5,0.084022494509736,-0.062384597058361,0.31380081362702
724,0.7991430351215,0.0237632147795,0.33265202835675,5,0.084129208010832,-0.062635806244992,0.31375928461394
725,0.777860027873,0.0237632147795,0.2700249281255,5,0.084036957818449,-0.062675687770754,0.31375183832766
726,0.9090745739715,0.13461216427925,0.201610922117,5,0.084058944630702,-0.062590854042593,0.31374855487644
727,0.99070140338675,0.10235664466125,0.0129247818655,5,0.084055100257538,-0.062314391916268,0.31393606417343
728,0.90280561354725,0.0077013809135,0.00508652115325,5,0.083961024387914,-0.062513011626973,0.31396949612814
729,0.84885899341875,0.0838033894835,0.12680397178075,5,0.084015102747995,-0.062693864125617,0.31375685802393
730,0.75230907814275,0.26493074499575,0.02254952183125,5,0.084079887855105,-0.06265442833143,0.31375387754842
731,0.90029772267875,0.11001043436725,0.3727616635765,5,0.084164252473722,-0.062674122582282,0.31379527284789
732,0.99070140338675,0.019252501921,0.0881843453255,5,0.083980318527819,-0.062517902481447,0.31395852148447
733,0.89450581084425,0.019252501921,0.15241958263575,5,0.083995927609885,-0.062646810995725,0.31384405599095
734,0.9614028067735,0.0469538828345,0.03801130301875,5,0.083966279116518,-0.062515708058592,0.31396944071806
735,0.86765841837725,0.07457198957525,0.318137220229,5,0.084165239507692,-0.062673071511855,0.31378599587056
736,0.9537190221175,0.17650626269975,0.0129247818655,5,0.084047063152279,-0.062335465804353,0.31378770935631
737,0.9873606956985,0.07006127671675,0.2092344425925,5,0.084034502088385,-0.062605049570127,0.31393680208417
738,0.945087414706,0.03080877479575,0.3353529501955,5,0.084126297076456,-0.062759775796584,0.31387817693438
739,0.9873606956985,0.03080877479575,0.27665574534025,5,0.084135398769211,-0.062663331162743,0.31389764821921
740,0.79472876237125,0.23185367088275,0.35522603444,5,0.084156768729952,-0.062649379595929,0.31386970792527
741,0.83164557764275,0.13912287713775,0.25181649489825,5,0.084134113724309,-0.06263569456679,0.31387503988418
742,0.8831166850465,0.111504770397,0.08056082485,5,0.084066995558331,-0.062634786643618,0.31373570858845
743,0.778687534059,0.22517139590325,0.26074017785025,5,0.084077682987237,-0.062624295211878,0.31377100312771
744,0.76808928940175,0.088314102342,0.220088156095,5,0.084059554473587,-0.062625811074792,0.31376850499688
745,0.8411598079565,0.332596793994,0.10652307039525,5,0.084107203419828,-0.062640755464621,0.31376062988947
746,0.98301761873075,0.30335138520875,0.01908313931925,5,0.084069614004546,-0.062307363853726,0.31395302487322
747,0.79820805122375,0.0287434131315,0.051329668084,5,0.083902865741783,-0.062647259764842,0.31371382264122
748,0.8324657428515,0.056444794045,0.00508652115325,5,0.083916340235448,-0.062604497775963,0.31370110186025
749,0.778519122723,0.093294300694,0.09387918991525,5,0.084080360516828,-0.062614748814673,0.31372398624405
750,0.81277681435075,0.1209956816075,0.0476360429845,5,0.084057368272256,-0.062659304715636,0.31371938690839
751,0.93440265211475,0.3013098230605,0.25219150111,5,0.084102325808425,-0.062547948950521,0.31386772842839
752,0.85611653038775,0.26440166281375,0.21669296252275,5,0.08411724396462,-0.062519318855854,0.31388874529093
753,0.6303619669495,0.41110920836775,0.250213919223,2,-0.081814764154575,0.20945605862777,-0.2694776402974
754,0.6039486798455,0.33648931242325,0.068564032884,2,-0.081837291089254,0.20944309923602,-0.26948157008686
755,0.57558014990375,0.3182173835675,0.3636770231845,2,-0.081725760186807,0.20940112565164,-0.26941442003097
756,0.605508281091,0.39381392965325,0.354005725578,2,-0.081725673940288,0.20941616887657,-0.26942712182531
757,0.64775925161175,0.34973911960325,0.1946897126995,2,-0.081873778118724,0.20948086603689,-0.26946729849293
758,0.65127405133175,0.361177427101,0.11760089706125,2,-0.081882078705987,0.20946369100036,-0.26947567959187
759,0.58132960162725,0.296983776813,0.24232181974575,2,-0.081915327554995,0.20942181507784,-0.26959228309955
760,0.574314409942,0.41730242408225,0.28839460413,2,-0.081654026241174,0.2096256349232,-0.26921079050204
761,0.95642831095275,0.433896391288,0.18832467088425,5,0.084015736476004,-0.062583358427571,0.31384530412106
762,0.7963221074355,0.4143868068765,0.02489040924475,5,0.084051789781034,-0.062327190487863,0.31376937817339
763,0.70366186406325,0.373206114326,0.1935656108915,5,0.084149849349153,-0.062649841506585,0.31383889955352
764,0.686264579401,0.4345762030905,0.249089817415,5,0.084148356913833,-0.062642722734818,0.31383287712975
765,0.76145205511875,0.47474725414475,0.39266685115725,5,0.084150010000503,-0.062572087890282,0.31391941017723
766,0.87840465560075,0.39989346230325,0.063973548564,5,0.08405266119169,-0.062325705059194,0.31377123995797
767,0.97895872591725,0.444187616301,0.065386201221,5,0.084034029568334,-0.062233143261237,0.31360700166123
768,0.72730585348375,0.48127819100225,0.28373893904575,5,0.084243462709987,-0.062758138133919,0.31382783420657
769,0.9721582968055,0.51704508962125,0.291186913096,5,0.084154597719711,-0.062578848306993,0.31389593505905
770,0.713610351924,0.442262341265,0.407054593704,5,0.084187704407595,-0.06254878604071,0.31395164670172
771,0.97895872591725,0.52740242009125,0.02630306190175,5,0.083998245033343,-0.062322078382414,0.31360202705665
772,0.822989259873,0.4568162624845,0.2637132711095,5,0.084134834203827,-0.062803326322833,0.31392311655827
773,0.8708309630675,0.38140385496775,0.21911042462075,5,0.084057194921263,-0.062586935497482,0.31375464131264
774,0.70717666378325,0.38464442182375,0.11647679525325,5,0.084088609009155,-0.062613452441214,0.31375553728194
775,0.75907725979125,0.34709013856725,0.067439931076,5,0.084093844851182,-0.062644540764019,0.31376994541309
776,0.88310778486825,0.56740049699525,0.19360375960575,5,0.084065757197073,-0.06277752398332,0.31391370158876
777,0.689118859167,0.382175878536,0.39887457324475,5,0.084128448198302,-0.062696756517579,0.31393080492076
778,0.7925448413405,0.344495694721,0.1836118860335,5,0.084119957061173,-0.062613980670766,0.31375812015531
779,0.72708860493825,0.4944091645795,0.358654182761,5,0.084211867144267,-0.062552372438159,0.31394623638053
780,0.8252409927115,0.43217252167375,0.35090925861575,5,0.084256996350032,-0.062556195816828,0.31383039046557
781,0.7225573721415,0.327488064751,0.437836223311,5,0.084086119593646,-0.062712584242188,0.31396529656625
782,0.88990821398,0.54084216366025,0.10991777379775,5,0.083928184025511,-0.062402731886454,0.31362581375216
783,0.90858660775825,0.50930879880475,0.232927517373,5,0.084107651856726,-0.062566417555583,0.31386842006645
784,0.91538703687,0.4642848993505,0.11027661046575,5,0.08395829187894,-0.062389464448448,0.31367123695455
785,0.6227329343475,0.521644998952,0.46577234273225,7,-0.39413533478094,-0.012568444567357,-0.0008357503229591
786,0.4983075180735,0.41777776322,0.41001292655925,7,-0.39419848150488,-0.012160223915945,-0.0006128869098771
787,0.64714876948125,0.43522947645625,0.43220784508525,7,-0.39414610888806,-0.012512731608354,-0.0008625015387386
788,0.68651143432575,0.5265766625465,0.4751559082135,7,-0.39419107807941,-0.012483878081087,-0.0008371495640301
789,0.55750226101575,0.4925552345985,0.488446271873,7,-0.39429675132986,-0.012236000262261,-0.0007770311037922
790,0.56353819140525,0.4468675275735,0.3873389974185,7,-0.39429418352759,-0.012212613103767,-0.0006377188011889
791,0.5819180961495,0.40613971210275,0.454881774226,7,-0.39427572624551,-0.012286443363596,-0.000724640510552
792,0.4618347509695,0.52795201019975,0.4680438717325,7,-0.39433431967078,-0.012322397311464,-0.0007832420442996
793,0.42960048216825,0.47548628716225,0.410071290669,7,-0.39435260660339,-0.012338721367426,-0.0007971605476662
794,0.512067850363,0.48060669683925,0.5246183517105,7,-0.3943010273827,-0.012372494284588,-0.0008970040898313
795,0.54039363791775,0.65283654579975,0.4273383491515,9,0.58670476649254,0.35994715270993,-0.51106225204916
796,0.5452234701435,0.5213776956435,0.337527696975,9,0.58665737579065,0.36005300818909,-0.51103199288527
797,0.65032473241825,0.66916733560875,0.440813704993,9,0.58653320576657,0.35979256866557,-0.51136509103363
798,0.57745773894475,0.573843418681,0.3955002780385,9,0.58672097867128,0.35995296547422,-0.51101384166907
799,0.49610243714625,0.62412954724625,0.39383221561425,9,0.58654602100763,0.35962931997067,-0.51111089777945
800,0.641236238923,0.5787750822755,0.40488384351975,9,0.58644241326101,0.35967469239075,-0.51112366000672
801,0.706090801212,0.56681813143525,0.34337969918,9,0.58659295556891,0.36030259774891,-0.51091496203241
802,0.48391941027775,0.53711256081,0.35113796523075,9,0.58664833035003,0.35991345850116,-0.51102706206233
803,0.49000132327425,0.636034901672,0.47720801370475,9,0.58669344789234,0.3599141598221,-0.51105620122286
804,0.810964246014,0.5605845065195,0.063614711896,10,-0.042467640975176,-0.65362899416736,-0.63127149365526
805,0.486222535564,0.52610611907025,0.2128303434795,10,-0.042242320407112,-0.65363474776901,-0.63175717774612
806,0.5606363206935,0.4229162486315,0.02601451105275,10,-0.042791685338592,-0.65378912642398,-0.63131477860446
807,0.7063080497575,0.553687157858,0.26846445546475,10,-0.042130588219273,-0.65316425645599,-0.63142678358076
808,0.693436755101,0.62266593321325,0.1230571825485,10,-0.042513966995295,-0.65367518754251,-0.63121122503448
809,0.66526677567475,0.50698516994625,0.233815333834,10,-0.04270199133859,-0.65364401578746,-0.63119594561937
810,0.60796169217975,0.44760436330925,0.07505137523,10,-0.042788425813465,-0.65377359935426,-0.63135520434919
811,0.75436052073875,0.498520586783,0.02489040924475,10,-0.042533336353548,-0.65370579470395,-0.63125781608607
812,0.5834490887335,0.50857502266725,0.13686570728725,10,-0.042811958343442,-0.65381444395852,-0.63130002591424
813,0.60936416322325,0.4835181752235,0.234939435642,10,-0.042373631543674,-0.65293570812792,-0.63164792691249
814,0.682006214098,0.53934759156425,0.13574160547925,10,-0.042478988683497,-0.65395189562011,-0.63123604407494
815,0.50955458896975,0.5591868258315,0.12561279439525,10,-0.042254405323385,-0.65360526610878,-0.63175206939036
816,0.55331660621575,0.489711390938,0.273120120549,10,-0.042559966462745,-0.65303998259816,-0.63159619233452
817,0.62397942226625,0.559422608632,0.0908511962345,10,-0.042434187611644,-0.65401413135279,-0.63116024770206
818,0.6484920257125,0.498451949274,0.02903686417725,10,-0.042704561283653,-0.65358777118553,-0.63126491574111
819,0.70651881754425,0.47837693220625,0.073927273422,10,-0.042435374754392,-0.65388737905324,-0.63127600314368
820,0.7245390198725,0.622788424475,0.2067431683565,10,-0.042499767903098,-0.65365655410136,-0.63128004149539
821,0.67045758496775,0.68773399470475,0.9898597674415,1,0.13197310141882,0.21120415132583,0.10667197577217
822,0.5842907599565,0.755290392422,0.7840986683235,1,0.13196058620876,0.21119934258268,0.10670388233227
823,0.58575985618225,0.77860086055975,0.89890853817575,1,0.13197257770475,0.21119540134544,0.10666802299532
824,0.5676979746275,0.831590173153,0.556950479977,1,0.13199846760834,0.21115367511434,0.10671124345408
825,0.6299097481475,0.98318201243875,0.88740038614925,1,0.1319560846574,0.21119827182939,0.10670686589492
826,0.73235163605525,0.89764205149175,0.68468647394225,1,0.13198348070218,0.21120160236879,0.10667249405317
827,0.46785611008175,0.98318201243875,0.7942847347575,1,0.13193705021402,0.21119861762861,0.10675550985213
828,0.50030132945125,0.738838012681,0.65842322403625,1,0.13194705825745,0.21119726122174,0.10671324359377
829,0.52059888513175,0.73254246659275,0.931163194133,1,0.13195821164643,0.21119931895395,0.10670503853076
830,0.56787682710025,0.90634707708025,0.9554906880855,1,0.13195107001551,0.21120731348523,0.10671039197747
831,0.65174912093775,0.864396652145,0.98774534404275,1,0.13197651289675,0.21118963745543,0.10665544199515
832,0.584424744209,0.63483692558375,0.93327761753175,1,0.13193104829098,0.21121767619183,0.1067018476363
833,0.5265597564705,0.8384589559315,0.65069223419175,1,0.1319999096197,0.21116123334489,0.10671121892745
834,0.66684724585275,0.68317716467125,0.83258716040075,1,0.13197067106018,0.21119823387621,0.10667521106392
835,0.4321194496605,0.98318201243875,0.886439774224,1,0.13195795601146,0.21119644682082,0.10671179867013
836,0.62700080639075,0.7112826471145,0.9010229615745,1,0.13196253417968,0.21119904426619,0.10666614450612
837,0.5606496578425,0.840020385265,0.9554906880855,1,0.13195282495752,0.21120690377231,0.10671032389667
838,0.66591521629375,0.7554259078875,0.67850326284475,1,0.13197874883567,0.21121279909895,0.10668773057717
839,0.66925694009525,0.7602604511385,0.95760511148425,1,0.13197737907362,0.21119185094541,0.1066719906262
840,0.522343078468,0.656096745062,0.96341785009025,1,0.13193848566675,0.21121219875707,0.10671831485256
841,0.6140794815245,0.62692895409125,0.9898597674415,1,0.13196818207193,0.21121306892292,0.10667438363467
842,0.57271235099275,0.849858082146,0.654784024552,1,0.13200005255343,0.21115303309978,0.1067098091745
843,0.60199574094325,0.90267725453775,0.737339238447,1,0.13195561488207,0.2111968933462,0.10671113123799
844,0.478333089555,0.614700407271,0.91934205576225,1,0.13194061143267,0.21120995200486,0.10671772508299
845,0.6095628150385,0.81304009458475,0.71468440806125,1,0.13197773813243,0.2112000798977,0.10667060121513
846,0.5843827888935,0.87683837282625,0.98774534404275,1,0.13197438202306,0.21119217438018,0.10667341903024
847,0.450921376763,0.86999720150675,0.6600679449815,1,0.13195957359481,0.21120303091756,0.10670695122465
848,0.49528970263325,0.9431650646415,0.98774534404275,1,0.13195888870779,0.21119972121846,0.10670664496143
849,0.4342048849565,0.89228339733725,0.98774534404275,1,0.13195243217776,0.21120754455086,0.10670933727416
850,0.495488686792,0.793961991298,0.98774534404275,1,0.13196049533945,0.21119978287811,0.10670613200139
851,0.47658889621875,0.69114612880175,0.887087399805,1,0.13194201388883,0.21120862483298,0.10671658682461
852,0.65497324725925,0.939495242099,0.7114122561155,1,0.13193661347698,0.21117955075958,0.10671011510016
853,0.5211818688915,0.69248743673275,0.73192927465875,1,0.13198211278801,0.21116950050044,0.10670861727737
854,0.5769322418315,0.9463640248775,0.91332736848075,1,0.13198241589651,0.21119332162876,0.10667892929022
855,0.5043451173645,0.98318201243875,0.945582024438,1,0.13195556855947,0.21119727332566,0.10671137535353
856,0.441631038373,0.809407015809,0.98774534404275,1,0.1319613232875,0.21119886904098,0.10670483705826
857,0.7376080984985,0.68349022057525,0.86368299017575,1,0.13196700373975,0.21119032808715,0.10667753680742
858,0.47864097620425,0.6744015670795,0.802663350183,1,0.13195229363291,0.21120297402141,0.10670798747488
859,0.64064316121175,0.69767620572475,0.747917523107,1,0.13198121049449,0.21116421820288,0.10671228634558
860,0.56066890225275,0.9463640248775,0.82117232901425,1,0.13198356816799,0.21120446484543,0.10667207797806
861,0.61364640856875,0.98318201243875,0.79524534668275,1,0.13194442319158,0.21118187962135,0.1067189449105
862,0.7357265309945,0.80320987723325,0.67443231105725,1,0.13198924549007,0.21117433512577,0.10667154659644
863,0.755242074534,0.52098318428425,0.96313785291075,4,0.10758221714377,-0.089194181024241,0.56173256497322
864,0.6616836081585,0.40132199114325,0.9886241730455,4,0.10741172530963,-0.089234072885517,0.56171706557554
865,0.6787599889145,0.4750982678865,0.9886241730455,4,0.10752279403961,-0.089169816071492,0.56177001504793
866,0.6127347544455,0.35819450836925,0.955413582265,4,0.10755527607453,-0.089141344723957,0.56175021414349
867,0.732698062044,0.36288809165875,0.9886241730455,4,0.10747635923054,-0.089239274035337,0.56162498992663
868,0.796637060968,0.40816189564975,0.9308608102145,4,0.10748218846822,-0.089230700295547,0.56162496426752
869,0.66071902142525,0.31708657663475,0.88581388304575,4,0.10745130129231,-0.089211797818875,0.56169854701599
870,0.64814066486575,0.3987708248705,0.829231733136,7,-0.39431352409527,-0.012309093631426,-0.000769319556079
871,0.57859699343675,0.44446058269475,0.7761835104685,7,-0.39428412279421,-0.012320245415168,-0.0007624350662525
872,0.78007399616575,0.531582764573,0.87523425752125,7,-0.39438696143894,-0.012182926592898,-0.0007322146564449
873,0.67328202621675,0.57468445115775,0.8334659894035,7,-0.39437179542745,-0.012203554930184,-0.0007233474021751
874,0.58759504373375,0.57556449018625,0.636270327367,7,-0.3942973747577,-0.012358669424087,-0.0007504941780281
875,0.50931873518875,0.550568455803,0.91934205576225,7,-0.39444352872486,-0.012331569385293,-0.0006608879589276
876,0.63068737524725,0.4770853854085,0.681480498,7,-0.39435325535751,-0.012244111432572,-0.0007206822130068
877,0.7058284120495,0.4822741544005,0.69746874644825,7,-0.39418914865455,-0.012389143110157,-0.0008691350239291
878,0.76668762857275,0.45429394318875,0.7928253098215,7,-0.39428126785326,-0.012169941065033,-0.0008360100647581
879,0.74979938170025,0.538274006913,0.83228477648225,7,-0.39427530190559,-0.012160713564387,-0.0008346761235255
880,0.600156397886,0.439878756605,0.89883143235525,7,-0.39430688134147,-0.012341044402084,-0.0007927330686776
881,0.52189733488425,0.4774664280735,0.88613146498175,7,-0.39433740931864,-0.012317575580617,-0.000714425440039
882,0.662736080536,0.58075325917825,0.65225857581525,7,-0.39431610753766,-0.012281765424369,-0.0008128293294247
883,0.73321137799775,0.56008523732525,0.93299762035225,7,-0.3943308716301,-0.012213203014054,-0.0008596778713433
884,0.65672929237825,0.5142003209275,0.958483940487,7,-0.39439649896237,-0.012148271507716,-0.0007129805055398
885,0.6077184498325,0.54624731291025,0.9898597674415,7,-0.39453991168848,-0.012273411409748,-0.000635548779184
886,0.62707455506275,0.52210829242,0.90190179057725,7,-0.39429971826532,-0.012332716444286,-0.0007966259306186
887,0.69017027308925,0.4907043874335,0.79400652274275,7,-0.39432231548129,-0.012194740677415,-0.0007226455200531
888,0.578063712517,0.55415528440275,0.93327761753175,7,-0.39444324096574,-0.012319543718154,-0.0006673043864142
889,0.912681773366,0.77923469068325,0.93172655039575,1,0.13200035590426,0.21119303957609,0.10664726638664
890,0.74057863889525,0.6594563611035,0.9898597674415,1,0.13195112643369,0.21120811249195,0.10665856310821
891,0.98792766107175,0.7356443318455,0.803494550249,1,0.13211118735196,0.21114240207647,0.10654328001983
892,0.7690833578365,0.6107916129835,0.96437344730675,1,0.13197944189541,0.21121370757075,0.10667551939363
893,0.9928805087115,0.7973797845855,0.98946752648775,1,0.13201818488239,0.21113352944697,0.10652885419686
894,0.9057124451135,0.898328110036,0.71427247668775,1,0.13202929018624,0.21124228725959,0.10663606153505
895,0.84733083635725,0.98318201243875,0.7930527323735,1,0.13203322004324,0.21120239847553,0.10664447489432
896,0.7109762901955,0.93072334396025,0.98774534404275,1,0.13198659977384,0.21118666650991,0.10663869466461
897,0.98792766107175,0.714251074766,0.73729652593175,1,0.13205004325218,0.21125307408559,0.10665208280799
898,0.8363481959305,0.69752120915875,0.82288992774025,1,0.13200221941624,0.21119827814533,0.10663933334551
899,0.9928805087115,0.90733531216775,0.99259948584825,1,0.13200940606694,0.21119377169707,0.1066420030471
900,0.77588367018025,0.893905356399,0.9554906880855,1,0.1320007983725,0.21119064566123,0.10664453402444
901,0.9928805087115,0.848987957434,0.962067012336,1,0.13200342839327,0.21117876329804,0.10662558545967
902,0.8309568203785,0.9413288218315,0.72015787937425,1,0.13201236914946,0.21119414260144,0.1066426336603
903,0.78677755485,0.7927819398005,0.93000436795075,1,0.13202461838417,0.21118518555203,0.10660565654712
904,0.77073887971675,0.9463640248775,0.89730904979675,1,0.13197944254707,0.21118920244339,0.10667874885439
905,0.705831499732,0.98318201243875,0.929563705754,1,0.13198103386007,0.2111907193311,0.1066769176311
906,0.779853928934,0.90451083427025,0.778428228157,1,0.13197587224986,0.2111874810222,0.10668002540823
907,0.993489065196,0.9769992882045,0.78273782157,1,0.13204689358723,0.21121112492984,0.10664067991914
908,0.78500765932575,0.7508084340205,0.861568566777,1,0.13196234896663,0.21120466247429,0.10667075989684
909,0.993489065196,0.94874325421475,0.840143419961,1,0.13201826520964,0.21122757660969,0.10666177263729
910,0.92208646109225,0.94018130064325,0.787167329687,1,0.13202631796141,0.21123046089324,0.10665473090702
911,0.9488350410565,0.7917287334865,0.82221253456125,1,0.13201503157688,0.21122395089436,0.10664342782009
912,0.9468215457415,0.6775216270425,0.8420752710895,1,0.13206109226006,0.21117735628996,0.10659458085845
913,0.90772892572625,0.7336060286835,0.86079325540175,1,0.13199816844091,0.21119720130149,0.10664458592809
914,0.83217705442475,0.886246793537,0.98774534404275,1,0.13200471329157,0.2111899749249,0.1066426597902
915,0.98090737998475,0.85357791191975,0.8657453154035,1,0.13199827433656,0.21119388477941,0.1066471212795
916,0.993489065196,0.99174396601025,0.90421046093625,1,0.13204123057021,0.21121023134884,0.1066378647239
917,0.95177439338125,0.74270756258825,0.98946752648775,1,0.13197231404149,0.21116476593399,0.10657937932586
918,0.90595009027375,0.808222897613,0.73386418643375,1,0.13198251392631,0.21125313032984,0.1067022293121
919,0.82764082044575,0.98318201243875,0.8835777371135,1,0.13199210670353,0.21117916844145,0.10663209813117
920,0.95439644518075,0.954925978449,0.9143588612505,1,0.13203485810856,0.2112072112528,0.10664367593091
921,0.95378788869625,0.91044942802575,0.960344829891,1,0.13200268772182,0.21119159847261,0.10664680577793
922,0.97889388466975,0.68776263262725,0.9130085660835,1,0.13203185433756,0.21115273658242,0.10659148398968
923,0.910668278051,0.721448352828,0.963981206353,1,0.13201326264324,0.21114589544714,0.10659304769565
924,0.90178788869625,0.9387054620155,0.98774534404275,1,0.13198320360452,0.21118395654774,0.10663087619172
925,0.9377877693395,0.686060696413,0.963981206353,1,0.13201935205663,0.21114535649621,0.1065900273661
926,0.78322882387325,0.81007866001175,0.768174065272,1,0.13197743606884,0.21118496945236,0.10667291551053
927,0.95378788869625,0.852102073292,0.92981235637875,1,0.13200957499175,0.21119324132156,0.10663951639626
928,0.73937799402275,0.72546372635525,0.9321187913495,1,0.13197348135014,0.2111796925605,0.10668547861416
929,0.90239644518075,0.98318201243875,0.94175937540225,1,0.13199096100993,0.21117958946642,0.10663295296426
930,0.95439644518075,0.9119252666535,0.85029182027525,1,0.13199992547919,0.21119243873111,0.10664586617797
931,0.7816847542255,0.6676773885,0.96437344730675,1,0.13198828568804,0.21121360409559,0.10667465223704
932,0.834569360478,0.75679143515,0.72949542623525,1,0.13199530934614,0.21118191642687,0.10666353868972
933,0.8430709390945,0.7851233769385,0.962259023908,1,0.1319907861559,0.21117642142411,0.10661583811329
934,0.8410574437795,0.72733703908325,0.99451367986525,1,0.13199985059064,0.21118306828089,0.1066201773806
935,0.802104692702,0.492480711532,0.90537449007975,4,0.10762151716239,-0.089369670528058,0.56157890597998
936,0.79111405437275,0.5716895599425,0.99451367986525,4,0.10771566509731,-0.089289619147547,0.56155802362541
937,0.873615156137,0.391790049051,0.9190490679325,4,0.10746233683474,-0.089447699669731,0.56146764550005
938,0.9377877693395,0.5639452564815,0.96022222374225,4,0.10767158953206,-0.089232517106545,0.56154606080488
939,0.92018890320125,0.43732281030625,0.9190490679325,4,0.10752218852786,-0.089477851764904,0.56159716916658
940,0.9846503875075,0.47232396885025,0.80746054070075,4,0.10746735980946,-0.089414558246278,0.56145271157092
941,0.87332628503325,0.541124532712,0.99451367986525,4,0.10744818137078,-0.089259073449753,0.5613969648934
942,0.9089647686295,0.38972749457275,0.9768124307635,4,0.10748068061454,-0.08924015922393,0.56140522663621
943,0.879082787871,0.49788194138125,0.93675031703425,4,0.10750710950353,-0.089515066853493,0.56157897007262
944,0.9377877693395,0.62399052086875,0.96022222374225,4,0.10754215507225,-0.089356578724655,0.56141129212631
945,0.97889388466975,0.58520446624175,0.985708543877,4,0.10744577150231,-0.089246483408309,0.56139429244275
946,0.9846503875075,0.5411041273215,0.79967546966775,4,0.10748804135885,-0.089466819681498,0.56158833515752
947,0.97889388466975,0.625692457083,0.90924958347275,4,0.1076484914388,-0.089444463648304,0.5614100549876
948,0.94354427217725,0.567709747174,0.85148622064175,4,0.10761522154878,-0.089507733149343,0.56142416703086
949,0.94354427217725,0.52070266515075,0.90245886091125,4,0.10750566446852,-0.089525857417924,0.56159109570277
950,0.9846503875075,0.46014353407575,0.8847576118095,4,0.10747093262833,-0.089410404013913,0.56145530612275
951,0.95257804857925,0.5714164451765,0.76303363079675,7,-0.39426186316272,-0.012156265950446,-0.0008677841196315
952,0.911471933249,0.598022065029,0.81484438177075,7,-0.39426427401246,-0.012138771145415,-0.0008549232008153
953,0.98792766107175,0.6295227501105,0.72406649579825,7,-0.39411661687576,-0.012260430066767,-0.0009702550990826
954,0.85119989831425,0.56320246235325,0.71981275721525,7,-0.39417040204924,-0.012340507435802,-0.000895630186419
955,0.785671361539,0.58246129138925,0.838174283302,7,-0.39428924455964,-0.012171889795295,-0.0008231459965997
956,0.84009120345325,0.59649227997275,0.7973812208665,7,-0.39432779535165,-0.012214933085251,-0.0008761530211735
957,0.5598275203155,0.921227333106,0.52608524795825,1,0.13195634460755,0.21118355803912,0.10671015534429
958,0.99452117711,0.6475321469555,0.16897472944525,5,0.083842442499602,-0.062704785031327,0.31383413267171
959,0.95347990302725,0.5761476424375,0.065027364553,5,0.083791093769702,-0.062735287728111,0.31381946800526
960,0.99452117711,0.62284963034925,0.09967648618375,5,0.083829847717695,-0.062717548166988,0.31384250929628
961,0.9466794739155,0.62738849237875,0.2180115936225,5,0.084085170885881,-0.062781621978154,0.31391254643515
962,0.7349503421105,1.001145690263,0.03856131171575,9,0.58620864926227,0.35945390211997,-0.51088687150102
963,0.83836833843825,0.96216565688725,0.18360817968475,9,0.58624673532978,0.35961656744941,-0.51114558689619
964,0.805920958778,1.001145690263,0.0724053792565,9,0.58670589345767,0.35946073689329,-0.51055991326233
965,0.9349706166675,0.96659109130625,0.0484931891715,9,0.5860561513158,0.35922987147365,-0.51042287472592
966,0.9869706166675,0.98544540104325,0.09275679956675,9,0.58604206652092,0.35907504596984,-0.51019759711818
967,0.43057443303275,0.96343707078875,0.08287600266575,9,0.58662111607279,0.35956979654985,-0.51087738214815
968,0.60073051821975,0.84544802448725,0.087928794437,9,0.58645220518569,0.35924329877861,-0.51101962120149
969,0.91541799632775,0.9276110579305,0.15969598959975,9,0.5863713732572,0.35924435518765,-0.51059346032822
970,0.64264418954975,0.91731362347,0.11831191307125,9,0.58652472416635,0.35940245078468,-0.51088083323439
971,0.58136616259475,0.73004765877425,0.45091985150075,9,0.58653898661738,0.35978980442678,-0.51107757950985
972,0.8995152551005,0.9087567481935,0.09330057400675,9,0.58628632388345,0.35927962390679,-0.51082314630197
973,0.42368734305875,0.79388717626525,0.1054399869235,9,0.58658547953382,0.3593933526666,-0.5110939131253
974,0.5719830108035,0.828070747407,0.21784059390475,9,0.58649144311548,0.35947394747854,-0.51093651011178
975,0.430564447364,0.748071491911,0.296495131703,9,0.58654796780588,0.35944302321075,-0.51116707856196
976,0.8829706166675,1.001145690263,0.01384406754075,9,0.58639400443842,0.35935536437064,-0.51039744583892
977,0.70151579602575,0.70819884743225,0.29585634893975,9,0.58651029692595,0.35983216489518,-0.51140968721258
978,0.49891653471175,0.6938216945435,0.23768827589175,9,0.58653927445215,0.35965772469126,-0.51112170780648
979,0.522182954494,0.853862852332,0.0515763531905,9,0.58655417826893,0.35946438249349,-0.51087818912722
980,0.490863596397,0.893048504463,0.240965995215,9,0.58648193413853,0.35938391203078,-0.51113692756269
981,0.822465597211,0.94331134715025,0.11721276409175,9,0.58630746840935,0.35959070885199,-0.51084793512225
982,0.46761110381325,0.891571471806,0.11105419574725,9,0.58650104655709,0.35938579433506,-0.5111271937339
983,0.77804254426925,0.87833359009425,0.1197211377975,9,0.58633424443602,0.35948592807621,-0.51093781597022
984,0.70949790583625,0.898459313733,0.07491375296225,9,0.58644003138394,0.3592083714751,-0.51098981355374
985,0.62607746975425,0.955022242944,0.23263681120025,9,0.58649642489018,0.35944257921685,-0.5109313487968
986,0.5842415754785,0.72652823302825,0.236256765853,9,0.58645558937392,0.35938062054161,-0.51113552250919
987,0.60263842362,0.85624957605,0.39459272867125,9,0.58642462179089,0.35982681001059,-0.51139831652213
988,0.5703796202275,0.89993634638975,0.30398729895225,9,0.58651592720604,0.35973359257134,-0.51121380945928
989,0.616609991804,0.75470706167125,0.3420821625995,9,0.5865821628561,0.35966442768241,-0.51106177617151
990,0.4851462837135,0.92572845131475,0.023398160109,9,0.58672113758309,0.35955900586484,-0.51097674531038
991,0.5371462837135,0.982291380526,0.023398160109,9,0.58661471237966,0.3595825586134,-0.5108510680478
992,0.65833627314675,0.91133547260425,0.32324224091925,9,0.58623573544321,0.35955764857666,-0.51105420102495
993,0.489260205821,0.96491410344575,0.3271127002625,9,0.58651365962407,0.35943993507311,-0.51091941654425
994,0.616096625824,0.982291380526,0.08195947182475,9,0.5865725276629,0.35959545779833,-0.51087791576343
995,0.74344763137525,0.8535011294915,0.2537247276255,9,0.58628188661733,0.35954326072449,-0.51103545342209
996,0.6829503421105,0.963437070789,0.03856131171575,9,0.58671591131011,0.35949594130101,-0.51094993956252
997,0.45127872287725,0.62511212814625,0.38000521928725,9,0.58655318966355,0.35961640339593,-0.51110507007789
998,0.71360605541825,0.7444104302195,0.0163524412465,10,-0.042109911301471,-0.6536887067531,-0.63132235431977
999,0.984544638433,0.79926474445425,0.09410562809675,10,-0.042209173128593,-0.6541556514455,-0.63104887680913
1000,0.510065561249,0.6398854148685,0.107776476424,10,-0.042121839046392,-0.65352075623988,-0.63166959636081
1001,0.9385470980915,0.7626327522155,0.059456506466,10,-0.041941554868363,-0.65368352437934,-0.63112361525127
1002,0.7745530838225,0.62375919359175,0.0999671531425,10,-0.042532508749302,-0.6536530870159,-0.63124350454086
1003,0.90748236268575,0.62641999615625,0.01872430265125,10,-0.042048361911773,-0.65385787296069,-0.63140649424164
1004,0.5194381899015,0.74484067610275,0.0081781930815,10,-0.042128173789852,-0.6535063173412,-0.63171752097819
1005,0.984544638433,0.7770514038005,0.16340387135825,10,-0.041561600498364,-0.65337374921051,-0.63136218821162
1006,0.968,0.9196952340465,0.01464912163075,10,-0.041797658890393,-0.6538124874935,-0.63125558981496
1007,0.4606607128605,0.684865000036,0.04596214436675,10,-0.042140690590419,-0.65350523008729,-0.63170937861206
1008,0.805655348594,0.6238816848535,0.1836531389505,10,-0.04214226006984,-0.65316813343812,-0.63141073158049
1009,0.932544638433,0.86186089093375,0.059456506466,10,-0.041851164332966,-0.65366818009796,-0.63104771115656
1010,0.9130682752015,0.709079355475,0.09818080911725,10,-0.042196303871678,-0.65386706850029,-0.63129603195971
1011,0.83377167607425,0.69514453503775,0.183570114541,10,-0.042169185860493,-0.65318103249632,-0.63143427072502
1012,0.8865470980915,0.825228898695,0.02480738483525,10,-0.042006431190141,-0.65368343969373,-0.63155168138358
1013,0.593899070324,0.63585310835425,0.06999252513875,10,-0.042109923098971,-0.65352571419517,-0.63170316313444
1014,0.82853839471975,0.618495108621,0.01872430265125,10,-0.042047805462448,-0.653782371584,-0.63141021335211
1015,0.83561583892725,0.7255520546355,0.099884128733,10,-0.042184702906625,-0.6538304575057,-0.63136314225877
1016,0.80909466181725,0.80714699889875,0.06115982608175,10,-0.042057857071291,-0.6535600147105,-0.63140941917843
1017,0.959065815543,0.711156748757,0.16747905237875,10,-0.04218225659863,-0.65405482410665,-0.63113813100035
1018,0.74055002338425,0.8272727225375,0.0163524412465,10,-0.041976283004129,-0.65370937038959,-0.63152554782409
1019,0.64064026654025,0.74373142243225,0.044530634328,10,-0.042351152078675,-0.65376073908277,-0.63122127686734
1020,0.9740024596585,0.7266753808085,0.01464912163075,10,-0.042345207050692,-0.65414243129078,-0.63105832088572
1021,0.9485236367685,0.673121984068,0.053373424282,10,-0.042026841014971,-0.65381666040347,-0.63138831587261
1022,0.5964942219355,0.699687003259,0.0081781930815,10,-0.042316412989235,-0.65380940059271,-0.63117598623432
1023,0.63804511492875,0.6798975275275,0.10634496638525,10,-0.042370472454645,-0.65381795075511,-0.6312371550086
1024,0.79212723252825,0.68166979569325,0.05507674389775,10,-0.04237927493731,-0.65389306217202,-0.63128418630162
1025,0.797926792337,0.934460039053,0.5481556281055,1,0.13197283746789,0.21123893362315,0.10668578152575
1026,0.692979959085,0.70755500956575,0.60498773496125,1,0.13202738427669,0.2111823150756,0.10671727422443
1027,0.632291667834,0.97631322966025,0.51973131314775,1,0.13181768213332,0.2112343776737,0.1066533422747
1028,0.94480506512875,0.938276503486,0.571415171484,1,0.13203339749727,0.21122083029136,0.10667382351651
1029,0.88869457754725,0.7236120992735,0.627685201696,1,0.13211307087975,0.21124893293164,0.10666778816161
1030,0.78345452749975,0.934460039053,0.6264161251595,1,0.13200410498753,0.21120490621845,0.10668153770525
1031,0.9876900159115,0.98012969409325,0.605489880581,1,0.13204357947072,0.21124346384676,0.10664273470107
1032,0.6781027628945,0.97631322966025,0.60722477673,1,0.13187486364545,0.21121720908731,0.10664922468349
1033,0.76605611838475,0.97631322966025,0.6088548114565,1,0.13184661704181,0.21122128908911,0.10668191911365
1034,0.884521705231,0.97814680939275,0.54694286946325,1,0.13186105454423,0.21120100414392,0.10665832373612
1035,0.9611790811075,0.9769992882045,0.7346158731015,1,0.13204922885298,0.21126982025729,0.1066481592459
1036,0.97711504921725,0.81553517987725,0.6283518062335,1,0.13202978615648,0.21123075440848,0.10663904490939
1037,0.94480506512875,0.8952757916905,0.634557299323,1,0.13198613996582,0.21124883149678,0.10670653236466
1038,0.9876900159115,0.93712898229775,0.66863200842,1,0.13201931521038,0.2112267086012,0.10666652529797
1039,0.945042710289,0.765300273361,0.6693883445615,1,0.1320310041915,0.21123946025154,0.10664958228571
1040,0.8173138477515,0.70892053682825,0.65597989835175,1,0.13199684383621,0.21117937030847,0.10666823675394
1041,0.76279127378575,0.7553389789115,0.60091678317375,1,0.13198949648422,0.21117355193261,0.1066735276801
1042,0.9881055312035,0.6186475652825,0.48392701527075,5,0.084170846291706,-0.062573403992417,0.31387739446787
1043,0.9721582968055,0.6535108839495,0.35241790675325,5,0.084099697901724,-0.062428993351792,0.3139346313252
1044,0.940263828009,0.6247666660965,0.424657241057,5,0.084107457239053,-0.062355128316219,0.31391222859335
1045,0.9881055312035,0.606963724362,0.61046576864875,5,0.084246382752929,-0.062427034228998,0.31379283969143
1046,0.9881055312035,0.66026785594975,0.5440467124735,5,0.084171587915154,-0.062358473108123,0.31392874245326
1047,0.9721582968055,0.6064768438985,0.282437095939,5,0.084150822854406,-0.062604085667769,0.313884622112
1048,0.8996850595335,0.66761187411425,0.628103600901,7,-0.39412292858476,-0.012081430807954,-0.0008445607663212
1049,0.95603319227525,0.62457172354625,0.656576713633,7,-0.3941807539465,-0.012093813298343,-0.0007407512280747
1050,0.7984847794005,0.59049948592075,0.6025448841595,7,-0.39426350813476,-0.012272618545687,-0.0008809667371135
1051,0.86968763906425,0.6129392517095,0.6217793149445,7,-0.39421442696568,-0.012212275500969,-0.0006504358078029
1052,0.926035771806,0.5698991011415,0.6502524276765,7,-0.39415463090364,-0.012242259483309,-0.000985939741214
1053,0.83797104039975,0.58707824441275,0.5525182628985,7,-0.39426542553736,-0.012360735732903,-0.0006830400191501
1054,0.830201378065,0.6163604932175,0.6718059362055,7,-0.39422501605846,-0.012284720300651,-0.0008539164068743
1055,0.71578593438625,0.63527556018575,0.59078979809325,7,-0.39426343494939,-0.012281308854954,-0.0008810682855055
1056,0.9055624288775,0.8852361605815,0.34045525227975,9,0.5862451981932,0.35944241634649,-0.51071911430196
1057,0.80722307156175,0.775031585147,0.3836161388315,9,0.5862994767897,0.35956256191482,-0.51075205103623
1058,0.9367029352385,0.756386042482,0.285924887396,9,0.58638237085036,0.3598157714109,-0.51091281151087
1059,0.95971664010225,0.9849236943015,0.43300919012475,9,0.58614862767865,0.35984132241828,-0.51224107663162
1060,0.8189675159835,0.87662569594025,0.3663255686165,9,0.58645289200206,0.35987335560964,-0.51155655774963
1061,0.94844737966025,0.8963592778075,0.2697965938085,9,0.58611268186611,0.3596746049666,-0.51078571586716
1062,0.78480280887675,0.9184788865475,0.283767701972,9,0.58649357635826,0.35987509268843,-0.51156196668921
1063,0.9168316893195,0.94307050369425,0.4856011476945,9,0.58616352047454,0.35992465336101,-0.51221612149151
1064,0.888872447679,0.71586389593,0.58015607425525,9,0.58646139061066,0.35990887533503,-0.51130925423255
1065,0.79413951765275,0.934460039053,0.4450760484385,9,0.58619616054073,0.35984257806672,-0.51205032463753
1066,0.984544638433,0.82777178663575,0.1992152696165,9,0.58610373921417,0.35966459890644,-0.51077329623437
1067,0.97711504921725,0.82877529292425,0.4935664912455,9,0.58631031972442,0.3598543841911,-0.51106137216346
1068,0.67550534952325,0.97631322966025,0.41044766433,9,0.58637181669503,0.35978515524627,-0.51151499669396
1069,0.97711504921725,0.9032001977875,0.51007344971525,9,0.58627425169561,0.36005997776229,-0.51143304350605
1070,0.89381798445575,0.78364204978825,0.35774582249475,9,0.5862986604075,0.35955821941628,-0.51071925147608
1071,0.9236193813295,0.9849236943015,0.366613774532,9,0.58608838332889,0.36021105808782,-0.51162833095664
1072,0.92927334602275,0.76705148803775,0.4292223103755,9,0.58647568571717,0.3597125067483,-0.51081124535204
1073,0.765426313577,0.67406401326425,0.47172504475525,9,0.58639976749996,0.35976924410733,-0.51153130984711
1074,0.98390274122725,0.95419362092025,0.31351642976375,9,0.5861078810372,0.35961276161585,-0.51081536612345
1075,0.88073443054675,0.94307050369425,0.41920573210175,9,0.58621391267452,0.35997316580229,-0.51155509972463
1076,0.94844737966025,0.89688098454925,0.196312441948,9,0.58611887368401,0.35967548072134,-0.51077784264098
1077,0.9721582968055,0.7397954807315,0.35740137527675,9,0.58616572367335,0.35978406339527,-0.51116448250277
1078,0.98390274122725,0.98926992661875,0.24964676666775,9,0.58612692718941,0.35996099846108,-0.51109601109014
1079,0.700571751288,0.6860209641045,0.533229189095,9,0.58649955707565,0.35980174584448,-0.51137883301891
1080,0.8410307444845,0.69401039695,0.50057255789275,9,0.58645811821467,0.35990874180975,-0.5113342834661
1081,0.94522058042075,0.72612787694975,0.542210130812,9,0.58638892779759,0.35992908699606,-0.51118440993563
1082,0.984544638433,0.827250079894,0.272699421477,9,0.58630306990491,0.35928565598036,-0.51061397808191
1083,0.77265558607025,0.75190701869825,0.27884940171775,9,0.58623952369027,0.35945780449324,-0.51091186110429
1084,0.759974810546,0.97631322966025,0.362518181794,9,0.58646054488952,0.35980887176726,-0.51160305568942
1085,0.8201267576745,0.6198973678375,0.4792590324925,9,0.58650329594336,0.35997665260809,-0.51144351272157
1086,0.71517929470725,0.6572103847685,0.37930956065325,9,0.58647167475743,0.35974948465707,-0.51103408530231
1087,0.97711504921725,0.7841109868095,0.54870271992475,9,0.58622876484723,0.36005772553696,-0.51232022820597
1088,0.786330300387,0.74817704237675,0.4930385701555,9,0.58646946220386,0.35982908331123,-0.51144367189726
1089,0.89737887722625,0.70427437796975,0.4626266144495,9,0.58632874756228,0.3599220987293,-0.51127926493359
1090,0.98390274122725,0.954715327662,0.195768667508,9,0.5862119505919,0.35972123088691,-0.51098258145768
1091,0.95087335789475,0.98544540104325,0.15915221515975,9,0.58624816116334,0.35972944467083,-0.51095602122422
1092,0.9112241123485,0.69101309418025,0.216515916556,10,-0.042316393754105,-0.65384413242282,-0.63128141862711
