id,x,y,z,block_id,ori_rodrigues_x,ori_rodrigues_y,ori_rodrigues_z
0,0.287553142883,0.1962755337265,0.02307937989175,2,-0.081971365446117,0.20932579196913,-0.26983753895409
1,0.31633692844075,0.119730786755,0.02307937989175,2,-0.081963764867466,0.20933762826753,-0.26982960714859
2,0.5146851890695,0.35033000626,0.28698984699875,2,-0.081989992680238,0.20930285517681,-0.26986016437644
3,0.4326501951315,0.361502419485,0.2535098059025,2,-0.081984314476058,0.20929665274797,-0.26986227656915
4,0.39774104084075,0.296075951585,0.20937163671,2,-0.081977604941695,0.20932346033021,-0.26985393574984
5,0.25438130321025,0.01827237348575,0.03306019668125,2,-0.081966728950588,0.20931888508266,-0.2698288480534
6,0.42167504869975,0.125997654728,0.05853770739875,2,-0.081956997100032,0.20934276347522,-0.26984294856065
7,0.37584725738525,0.08145841326925,0.05853770739875,2,-0.081970371369301,0.20932453805434,-0.26983774412224
8,0.347078892672,0.0324706491095,0.11159790408,2,-0.081966358449266,0.20933932350407,-0.26983147544198
9,0.50854795299175,0.293218624521,0.34872036190725,2,-0.081974696908448,0.20935225381946,-0.26983681677362
10,0.416845319339,0.3241431796975,0.1127026654865,2,-0.08197366968833,0.20932337997595,-0.26985230368172
11,0.2875685637275,0.07074302259525,0.076139576573,2,-0.081967983190876,0.20932585649631,-0.26983584026545
12,0.427636920219,0.21301344134525,0.02307937989175,2,-0.081959080289422,0.20934177973544,-0.26984253345455
13,0.35302534334675,0.245018946858,0.02307937989175,2,-0.081954473031191,0.20934174171199,-0.26984682148392
14,0.345985471476,0.29325211468875,0.06668815443375,2,-0.08195893727302,0.20933396161061,-0.26984493443554
15,0.35331662921425,0.09141920761425,0.2082668753035,2,-0.081963456432801,0.2093088692057,-0.2698381958448
16,0.50619153943525,0.2914731352695,0.11164341277575,2,-0.081974253077578,0.20934171529885,-0.26985089787107
17,0.179418192468,0.04589378203825,0.03306019668125,8,-0.86652164706541,-0.077970616488287,0.24487413653271
18,0.0601603114245,0.179994447681,0.2283819734505,8,-0.86652555663592,-0.077963718814718,0.24488166890637
19,0.0231783559805,0.01272218491775,0.26278396844425,8,-0.86652393354508,-0.077962577401801,0.24488138478516
20,0.00348652545375,0.04779265485725,0.06639776305625,8,-0.86652338214578,-0.077967572606822,0.24488278186037
21,0.36690580504375,0.34132790934225,0.31179658610775,8,-0.86659516575624,-0.077926706660805,0.24486598796522
22,0.134941619838,0.27279442675275,0.252062465129,8,-0.86652755267239,-0.077957194187274,0.24489334581087
23,0.04666488143425,0.04779265485725,0.135531446057,8,-0.86652233659779,-0.077966314757832,0.24488270737315
24,0.33417259943225,0.459084011544,0.32625896421675,8,-0.86658329283251,-0.077916489294363,0.24487899514735
25,0.22730927801475,0.29538499139425,0.21036219569725,8,-0.866530890741,-0.077955410545835,0.24488084208053
26,0.107200583496,0.39219938020775,0.11971107081225,8,-0.86654075343518,-0.077943219196054,0.24489420903247
27,0.01483292531925,0.3452971589145,0.0193727500055,8,-0.866524476396,-0.077974117807492,0.24487022565538
28,0.2221938202395,0.28466843652825,0.10606090443925,8,-0.86651956476141,-0.077959103854847,0.24488291098484
29,0.0618059762265,0.1795687076,0.0193727500055,8,-0.86652384749419,-0.07797409336034,0.24487118132269
30,0.01483292531925,0.405464082427,0.07610229627025,8,-0.86652209087601,-0.077967564347258,0.24492205537198
31,0.17686643413425,0.35333438656175,0.0629815245475,8,-0.86651296422549,-0.077959763089935,0.2448816608738
32,0.0231783559805,0.0528934312225,0.2141408573145,8,-0.86652514699876,-0.077962900135007,0.2448824950856
33,0.0936379323415,0.0076214085525,0.0941473077295,8,-0.86653055230807,-0.077965142466567,0.24487939036687
34,0.00348652545375,0.10303547196225,0.0213841383275,8,-0.86652369255294,-0.077974504158045,0.24487233105562
35,0.16427709767575,0.0076214085525,0.102193879682,8,-0.86652972041741,-0.077965789400989,0.24487709227981
36,0.2322568887305,0.07901911420175,0.25891604815925,8,-0.86653209718015,-0.077958663870838,0.24488191510579
37,0.16161772339625,0.1117412991195,0.2844652627355,8,-0.86651962800454,-0.077962591149572,0.24488434835842
38,0.14714896659025,0.35832408290225,0.22401236207025,8,-0.86655129524504,-0.077942556437195,0.24490148524556
39,0.29376590548825,0.1379676727065,0.286451336382,8,-0.86655899595868,-0.077958424977055,0.24484008484409
40,0.050459576361,0.0076214085525,0.02501362472875,8,-0.86652756060923,-0.07796431735186,0.24487887870204
41,0.1839135606395,0.44760816686225,0.1384833535295,8,-0.86653388169457,-0.077942763376856,0.24489030355828
42,0.0844987759575,0.31135627167625,0.0193727500055,8,-0.86652427198631,-0.077972931890298,0.24486954762088
43,0.107985301411,0.228492046019,0.0193727500055,8,-0.86651642149108,-0.077963464317171,0.24487177640708
44,0.338931409449,0.41622024594875,0.273272647607,8,-0.86654057075011,-0.077935253187801,0.24490254497132
45,0.0601603114245,0.22570437122,0.1891453121985,8,-0.86652479060747,-0.077968118038887,0.24488445608539
46,0.11847976219725,0.18934637735675,0.10383626822475,8,-0.86651869058022,-0.077965674835427,0.24487782047907
47,0.331996650753,0.27590144144225,0.26765841691525,8,-0.866569016656,-0.077952337222747,0.24484167715683
48,0.1881456128355,0.2257198780235,0.06245212989725,8,-0.86651280597583,-0.077961832031096,0.24487758437043
49,0.00348652545375,0.181467580419,0.060756888333,8,-0.86652608464868,-0.077970448580882,0.24488512932113
50,0.0547813084135,0.33573351826075,0.265712631502,8,-0.86651672137587,-0.077958721840421,0.244910314706
51,0.0618059762265,0.16449713679975,0.060756888333,8,-0.8665218453551,-0.077967168713305,0.2448762457227
52,0.22386194373375,0.41373286955675,0.2427846447875,8,-0.86651013771124,-0.077966018367096,0.24490773407562
53,0.103338667405,0.105364080332,0.2122066124775,8,-0.86652491406357,-0.077964775326368,0.2448815037719
54,0.1173040467685,0.04779265485725,0.1435780180095,8,-0.8665238776239,-0.077972555850299,0.24487770317699
55,0.13244514156075,0.086065028343,0.07444433500875,8,-0.86652031481345,-0.077971695479634,0.24487364032835
56,0.17397783273925,0.07264189541425,0.18665739790125,8,-0.86652576297876,-0.077956204634686,0.24488137322931
57,0.1891189275315,0.1109142689,0.1175237149005,8,-0.86652902421062,-0.077955780229053,0.24488133464476
58,0.33394711606925,0.510730045109,0.11953775855,10,-0.04325880422529,-0.65397448534843,-0.63127361977403
59,0.26451039192425,0.412254791653,0.023608774542,10,-0.043233541018167,-0.65393691011692,-0.63127627693726
60,0.3868288567805,0.48081334354125,0.16555226960275,10,-0.043265105759944,-0.65396973831735,-0.63127303339779
61,0.2715575184295,0.46955093979275,0.08175380726475,10,-0.043258623005542,-0.65396643728179,-0.63127641555786
62,0.3534691178415,0.37813397912725,0.023608774542,10,-0.04325522518689,-0.65394412294991,-0.63128652914753
63,0.409530664319,0.50148952856025,0.209161044145,10,-0.043253888485589,-0.65401533272178,-0.63125955505362
64,0.40467579953675,0.4363947560915,0.21498586740175,10,-0.04326083343786,-0.65395890079521,-0.63126542969616
65,0.44379369837125,0.53808185375825,0.063798462338,10,-0.043261437263392,-0.65396887807003,-0.63126944258936
66,0.4243289657045,0.409025044136,0.06962328559475,10,-0.043250691524013,-0.6539396004271,-0.63129694454314
67,0.47036282664875,0.46278193591625,0.02601451105275,10,-0.043274048912378,-0.65396900345884,-0.63128818335432
68,0.397759837427,0.484324961978,0.10740723688,10,-0.043262865137433,-0.65397351694561,-0.63127299636439
69,0.44128991432625,0.089272988746,0.36588077840975,2,-0.08194812714006,0.20931234394207,-0.26983056416574
70,0.377540617237,0.03894855850475,0.31119594912975,2,-0.081969015131219,0.20931643858824,-0.26982529437913
71,0.268402736044,0.1226698663205,0.5740630786625,6,0.33188280061571,0.52311726382772,-0.58563533624316
72,0.2858826822145,0.4032481792415,0.49527580609375,6,0.33187807147297,0.52310476223817,-0.5856477378678
73,0.03827905599125,0.1665692022385,0.554730011856,6,0.33188156573786,0.52312206284291,-0.58563298366489
74,0.373624067146,0.34093818932525,0.38893546906125,6,0.3319005257544,0.52305806245492,-0.58558856963112
75,0.22743830849575,0.24852326027225,0.55221568989775,6,0.33187908287664,0.52311778589829,-0.58562983883731
76,0.08543169587175,0.103791025599,0.5069815346165,6,0.33188172551788,0.52311982376407,-0.58562550139129
77,0.276500367245,0.2075795742765,0.5735158259845,6,0.33188266444172,0.52310364171564,-0.58561602523432
78,0.075613153338,0.225673777921,0.51022577158575,6,0.33187723883719,0.52313015704158,-0.58564673728222
79,0.117382598684,0.39706555859925,0.5928296243035,6,0.331883455124,0.52311229551168,-0.58563624989785
80,0.250109100216,0.42178484558125,0.5905224632475,6,0.33187723006037,0.52310665516697,-0.58564795224127
81,0.01733409734675,0.27674393556325,0.52416810684475,6,0.33187431422788,0.52314660984942,-0.58564748325368
82,0.0471408224715,0.386001633292,0.5302929383645,6,0.3318836274957,0.52313595417877,-0.58562808365605
83,0.304143893239,0.21935246426075,0.432854060125,6,0.33188345278357,0.52310551041038,-0.58562075851859
84,0.32366786458675,0.13209116242325,0.4346731622295,6,0.33188262690977,0.52310678904589,-0.58561933016107
85,0.28251896760325,0.245313613712,0.4930514317985,6,0.33188444979258,0.52311696379882,-0.58563175242194
86,0.323325831891,0.29559636059325,0.5001563007085,6,0.33188643189525,0.52310169979769,-0.58561487900333
87,0.32392782757125,0.3761558006935,0.50850945896675,6,0.33188181058715,0.52310087514088,-0.5856442866747
88,0.0271526398805,0.05724256050675,0.528379620217,6,0.33187166940153,0.52313383210883,-0.58563449428608
89,0.35654554256775,0.42207432840625,0.3888615889895,6,0.33189932182014,0.52304465797002,-0.58564626506303
90,0.233456908854,0.28625729970775,0.47175129571175,6,0.33187900349901,0.52312566515509,-0.58564434719976
91,0.301906155391,0.415169683259,0.45915712069225,6,0.33188709300603,0.52308929056731,-0.58562711179727
92,0.1900201464105,0.02654846509225,0.54110081385275,6,0.33188667839974,0.52311651614769,-0.58562131629158
93,0.01733409734675,0.3277407992745,0.5816819061275,6,0.33187899747906,0.52313455644744,-0.58564923686735
94,0.115055330509,0.05498171423175,0.54513233151925,6,0.33188436912677,0.52311683266923,-0.58562142357166
95,0.30251685177475,0.42810080191825,0.40915804452775,6,0.33187713096729,0.52309591973162,-0.58566706296745
96,0.34495075752675,0.269635211142,0.439958929035,6,0.3318863385814,0.52308777464293,-0.58562886778998
97,0.14437586139325,0.22639172895575,0.5636784580145,6,0.3318766307565,0.52312700576852,-0.58564140381197
98,0.2004450457865,0.38216909147675,0.5608691689025,6,0.33188329329797,0.5231124992701,-0.58563484126008
99,0.236218627785,0.363632425137,0.46562251174875,6,0.33188117556289,0.52310754771718,-0.58563464065813
100,0.2547017915345,0.02654846509225,0.47775741129725,6,0.33187428174917,0.52311280823109,-0.58562857428598
101,0.29394530775,0.0731426039185,0.495417786581,6,0.33187750115505,0.52311358127342,-0.58562488104764
102,0.19124404449625,0.3974101339565,0.4782613637415,6,0.33188096944485,0.52310693146938,-0.5856332273718
103,0.24090809892575,0.437025888061,0.5079146580865,6,0.33188135525425,0.52310968756015,-0.58562872111572
104,0.40910096122225,0.0769185690675,0.48298056978275,7,-0.39436726700252,-0.012087199511625,-0.0010217088313714
105,0.382932985901,0.258659488997,0.50360003541175,7,-0.3943671537973,-0.012090305493378,-0.001022152781263
106,0.40455791153675,0.23269833954575,0.44340266373825,7,-0.39436475761373,-0.012083829640161,-0.0010198795429557
107,0.43143935534325,0.1966343859755,0.5793953956115,7,-0.39435834120807,-0.012084276124434,-0.0010120054060858
108,0.5476404648345,0.24523381535575,0.7505990705925,7,-0.39436049910856,-0.012088656387399,-0.0010136741878825
109,0.365813600975,0.19583721813625,0.65641605509425,7,-0.39436689094386,-0.012088652564528,-0.0010201906494259
110,0.399777271019,0.13586712757225,0.42877539960525,7,-0.39438082067733,-0.012118081882752,-0.0010508939774685
111,0.32413474299425,0.07612140122825,0.611294431478,7,-0.39436686710628,-0.012089522209092,-0.001022152475966
112,0.46238797118225,0.1117246780195,0.5734031941155,7,-0.39435753556571,-0.012086640239157,-0.0010102420966926
113,0.433231221156,0.304001317729,0.3923792037645,7,-0.39438452741003,-0.012121185039753,-0.0010500649960336
114,0.34967731470025,0.02659413882625,0.5326491393965,7,-0.39436721683425,-0.012087259158059,-0.0010211378849842
115,0.43954258518775,0.36077823412525,0.5946084684895,7,-0.39436266608905,-0.012089924422146,-0.0010143036540281
116,0.44412911952625,0.24687145912275,0.561902044049,7,-0.39437832921067,-0.012098805939769,-0.0010295446647282
117,0.50013672313275,0.26843076415075,0.6445573188685,7,-0.39436714782998,-0.012088932288304,-0.0010146951690805
118,0.1503944617515,0.27597795910075,0.4001939967885,8,-0.86651773335681,-0.077961236747124,0.24489168871123
119,0.2229153316135,0.02654846509225,0.389477498723,8,-0.86653369656481,-0.077963709887175,0.24485932077986
120,0.11843936741575,0.1863716664685,0.3006406237085,8,-0.86651950775523,-0.077962691335559,0.24488434888403
121,0.307910873825,0.085497023597,0.34949234985275,8,-0.86655813746658,-0.077974000467462,0.24482305322027
122,0.19322067582925,0.24091078338825,0.326332503709,8,-0.86653292574669,-0.077958117336209,0.24487941476124
123,0.1531561806825,0.3941324577985,0.3654857151165,8,-0.86652208646525,-0.077952784039666,0.24488459249092
124,0.0471408224715,0.40528088930875,0.43721735759075,8,-0.8665135801772,-0.077945880946626,0.2449024005239
125,0.03827905599125,0.18271032872625,0.388874242832,8,-0.8665230336666,-0.077953644544219,0.24489212696486
126,0.075613153338,0.2375259686305,0.42720570454575,8,-0.86652314976088,-0.077955453769172,0.24489127698202
127,0.09211540576025,0.344839234626,0.34328075446775,8,-0.86651983894794,-0.077958541507056,0.24489115571132
128,0.2979080485675,0.225228974544,0.33769243095875,8,-0.8665672450368,-0.077955439697942,0.24484040087967
129,0.08543169587175,0.10807996137725,0.4241458326325,8,-0.86652532482402,-0.077960745486194,0.24488485205679
130,0.070330995861,0.01272218491775,0.33835097748975,8,-0.86652138723942,-0.077961983318418,0.24488002313403
131,0.24640185706725,0.02654846509225,0.32195706163,8,-0.8665211280217,-0.077970664816842,0.24487902365171
132,0.01733409734675,0.28859612627275,0.44114803980475,8,-0.86652340896264,-0.077952471358303,0.24489182147619
133,0.0271526398805,0.061531496285,0.40053029350425,8,-0.86652464109126,-0.07796131935878,0.24487786721057
134,0.01733409734675,0.37666336388375,0.334730680734,8,-0.86651785644898,-0.077956558909861,0.24491138055332
135,0.12861005185225,0.05927065001,0.361966516618,8,-0.86653402979917,-0.077964565572533,0.24485904102454
136,0.0271526398805,0.02880931136725,0.45696175643275,8,-0.86650464932712,-0.077964216142479,0.24487792080755
137,0.01733409734675,0.35887224600075,0.40558625831375,8,-0.86652553103871,-0.077950569075061,0.24489176821839
138,0.524362551599,0.014806108952,0.766264049066,4,0.10780921166978,-0.089100240289211,0.56134876186694
139,0.5013968179635,0.0913933105895,0.88610824839425,4,0.10780947499944,-0.089104615215519,0.56135398411192
140,0.56989448071975,0.05891820172625,0.98130923038025,4,0.10780412643526,-0.089107087375538,0.56135402641179
141,0.431168986813,0.01783800953775,0.88892995109525,4,0.1078055512122,-0.08910833313808,0.56136215048032
142,0.3288679933185,0.055501898539,0.95793836051675,4,0.10782026296954,-0.089103745141923,0.56135628988136
143,0.59265314361375,0.2094317441665,0.9867894092195,4,0.10780369275622,-0.089106311666488,0.56135305618859
144,0.5795340447515,0.16735857385675,0.92333242691475,4,0.10780710140585,-0.089098408081742,0.56135159263591
145,0.2540009593595,0.01766388900125,0.989682360198,4,0.10780397843857,-0.089103703678906,0.56136285473764
146,0.51158603636525,0.165027573768,0.8915884272335,4,0.10780378725054,-0.089106812860145,0.56135400402213
147,0.6243692031965,0.0549751185785,0.87598659898575,4,0.10780775124344,-0.089099509916618,0.56135014920811
148,0.6249188575665,0.0201690096265,0.9394435812905,4,0.107803176656,-0.089106777826935,0.56135568761096
149,0.56934482634975,0.09372431067825,0.9178522480755,4,0.10780729654134,-0.089099490267037,0.56135022968687
150,0.3960997718955,0.16957886864125,0.98825600031875,4,0.1078026816443,-0.089106027699132,0.56135348654924
151,0.483008466329,0.01874919209975,0.98130923038025,4,0.10780585903782,-0.089106004954766,0.56135984169825
152,0.59423538601175,0.014806108952,0.78503367958,4,0.10780934203768,-0.089100163765981,0.56134881375444
153,0.4865483603975,0.05264411848975,0.8254729687905,4,0.10780709359276,-0.089099019817133,0.56134826238956
154,0.3812768592715,0.09425109063875,0.98825600031875,4,0.10780665937614,-0.089105655441338,0.56136178819294
155,0.368612839803,0.01783800953775,0.897303080913,4,0.10780606510629,-0.089107614997687,0.56136364891239
156,0.446017444379,0.0565872016375,0.949565230699,4,0.10780851676664,-0.089105726179502,0.56136001065429
157,0.03199380412675,0.075781147991,0.850328573179,6,0.33186721296993,0.52313333263366,-0.58562972339302
158,0.04876270805525,0.18714385513075,0.7512163223965,6,0.33187794281053,0.52313177402571,-0.58563630890159
159,0.04876270805525,0.15131744587175,0.6903885755675,6,0.3318740882042,0.52313199975435,-0.58563429861148
160,0.0716689456405,0.15576130227,0.91840580931925,6,0.33188114982079,0.52313154405217,-0.58562516053169
161,0.03199380412675,0.1400408063895,0.8542544751875,6,0.33187921146883,0.52313065710395,-0.58562915036118
162,0.068277692309,0.04520239030025,0.91447990731075,6,0.33187298585439,0.52313233148522,-0.58562536764449
163,0.10795283382275,0.0915016438715,0.95613294924875,6,0.33186982583316,0.52313164232663,-0.58561835621709
164,0.00962363463725,0.01057875769075,0.74035333597225,6,0.33186758450941,0.5231320655189,-0.58562863731265
165,0.117241790806,0.04599453360875,0.78005073388325,6,0.3318691847905,0.52312619248854,-0.58563163115017
166,0.01628388818225,0.05242932434475,0.99010147493925,6,0.33186231512701,0.52314431375235,-0.58562324498343
167,0.123902044351,0.015415775918,0.893085230159,6,0.3318692253892,0.52313128471234,-0.58562731603848
168,0.12772470525025,0.2019038876495,0.911501195768,6,0.33187117139736,0.5231316565406,-0.58561710209725
169,0.15681227179175,0.20513189648025,0.836266881212,6,0.33188006728999,0.5231299957855,-0.58562781586649
170,0.00962363463725,0.0084332491395,0.6226436994695,6,0.33187151453186,0.52312869243039,-0.5856341504077
171,0.05677627451775,0.0084332491395,0.56653041711975,6,0.33186871967456,0.52313701536985,-0.58563481186456
172,0.00962363463725,0.03901200683025,0.68345149115175,6,0.33187219878035,0.52312981200062,-0.58563360614072
173,0.01628388818225,0.00978661438225,0.94844843300125,6,0.33186246620246,0.52314426331861,-0.58562443957614
174,0.1070417640465,0.16728715327325,0.60818269828475,6,0.33188289664368,0.52311877535642,-0.58563011873166
175,0.13038014681925,0.09552179601075,0.75610962153975,6,0.33187498419258,0.52312257350133,-0.58562377276412
176,0.08761815616875,0.04599453360875,0.82893389602725,6,0.3318625732286,0.52312691829087,-0.58562167982728
177,0.055959029696,0.098728577916,0.99010147493925,6,0.33187499873526,0.52313143494623,-0.58562367719649
178,0.0783863426925,0.08853926923225,0.69152326047175,6,0.33187712438229,0.52312113574421,-0.5856227845767
179,0.06524798667925,0.01057875769075,0.77236621763575,6,0.33186850167261,0.52313267356408,-0.58562935949925
180,0.21163021458525,0.07607572749425,0.6052858655225,6,0.3318842156107,0.52311612141271,-0.58563048092403
181,0.13666539868375,0.10450897663375,0.609317383189,6,0.33187270383702,0.5231356187778,-0.58563530276308
182,0.18600449886125,0.06494303832,0.768967753459,6,0.33187633333065,0.52312149587882,-0.5856240115505
183,0.100756512182,0.15978145440925,0.80891868569225,6,0.33187476964214,0.52312092162857,-0.5856241966685
184,0.208975510636,0.029527262402,0.7003498747245,6,0.33186151636126,0.52312868433787,-0.58562271988567
185,0.01967514151375,0.1629882363145,0.95237433500975,6,0.331882634341,0.52312848275905,-0.58562686269574
186,0.3451626317215,0.06736527193975,0.822068766357,7,-0.39435645197952,-0.012083907340842,-0.0010122971146334
187,0.396762216814,0.11092751018025,0.65042385359825,7,-0.3943595653434,-0.012085640743386,-0.0010123187452977
188,0.421770765674,0.064333371354,0.7115475649365,7,-0.3943555252506,-0.012083753483938,-0.0010130268038192
189,0.34914329185425,0.029527262402,0.67241814281625,7,-0.39436274181597,-0.012087422554276,-0.0010223235857762
190,0.5019731709615,0.014806108952,0.69582896008675,7,-0.39435781094509,-0.012081531702983,-0.0010132105845441
191,0.230225160793,0.06494303832,0.829186317739,7,-0.39435730897446,-0.012088215281276,-0.0010107514316525
192,0.28575173089225,0.10278104785775,0.84873552027025,7,-0.39435246418074,-0.012088585736729,-0.0010053785399546
193,0.41891062487375,0.10217138089175,0.78892942385425,7,-0.39435614048229,-0.012084429986064,-0.0010135101635891
194,0.2137818473495,0.05307966491925,0.9557138345075,7,-0.39435040187227,-0.012102815600664,-0.0010019407061536
195,0.2886488813085,0.090917674457,0.92396983482625,7,-0.39435403598174,-0.012089351407594,-0.0010060266275976
196,0.524956928429,0.06513053919325,0.60420926565175,7,-0.39436301058844,-0.01208854629373,-0.0010230018804908
197,0.17961269229425,0.0993789184905,0.9860314743095,7,-0.39435614288147,-0.012106338193451,-0.0010062726279314
198,0.19938456372175,0.17530811825225,0.9492283356975,7,-0.39435667479085,-0.012083604545723,-0.0010102744545775
199,0.29075658095475,0.029527262402,0.73025079920275,7,-0.39435601146733,-0.012082258036541,-0.0010133027633641
200,0.267963193933,0.1787102476195,0.84225002146025,7,-0.39435700447419,-0.012087825527822,-0.0010143607657777
201,0.19774634092,0.015415775918,0.904420632295,7,-0.39435345412015,-0.012084271132178,-0.0010040891537578
202,0.27086034434925,0.16684687421875,0.91748433601625,7,-0.39435829935463,-0.012090140265662,-0.0010162524247135
203,0.28963606162225,0.029527262402,0.80251956382575,7,-0.3943530506815,-0.012083941824619,-0.0010052326238622
204,0.4540955818985,0.17580564407025,0.8163541126775,7,-0.39436143330849,-0.012089742116948,-0.0010175529753467
205,0.42600710685975,0.2228773424885,0.74496445525575,7,-0.3943609874801,-0.012088423082513,-0.0010151577239242
206,0.420434412762,0.59895390558425,0.975924205672,1,0.13207098522285,0.21111358004718,0.10642162510853
207,0.02645764817675,0.55157426953025,0.939410429653,3,-0.031592362762693,0.48219150535606,-0.036838973099616
208,0.53674867837525,0.3188329874465,0.9867894092195,4,0.10780318248156,-0.089106850157045,0.56134810415368
209,0.520590041847,0.2445905125425,0.9867894092195,4,0.1078040129876,-0.089106451688956,0.56134948682591
210,0.47102957540475,0.2055492428185,0.95504540953825,4,0.10780503364637,-0.089108489953197,0.56134717083144
211,0.12542727575675,0.45216816328375,0.99057560472525,6,0.33187295075296,0.52313812306564,-0.58563326365018
212,0.01967514151375,0.218487041857,0.9822728600705,6,0.33188289011441,0.52312900560509,-0.58562694053345
213,0.03605575960975,0.320676041688,0.84186683854725,6,0.33188477030522,0.52313538611459,-0.58563114580623
214,0.0823608809115,0.49366438743325,0.9451946876165,6,0.33188023457474,0.52311671300978,-0.58563467159043
215,0.10039654444925,0.315031884496,0.61096312518,6,0.33187914279014,0.52313200485906,-0.58564719399778
216,0.17063832066175,0.36093625589825,0.63275582394975,6,0.33187567908884,0.52313229203709,-0.58564529265422
217,0.014256973417,0.49888988766175,0.74630931305225,6,0.33187889020263,0.52315922007645,-0.58564433002703
218,0.03590323273475,0.45544763516875,0.91276500640725,6,0.33188801744821,0.52316436487778,-0.58561549043538
219,0.11879729596875,0.259086618874,0.9454697214585,6,0.33188148320198,0.52313323226618,-0.58562497034101
220,0.02306639484525,0.322824593915,0.94984317886125,6,0.3318876363534,0.5231330529353,-0.58562886101309
221,0.13145050552775,0.519302841228,0.83753676840925,6,0.33188233934197,0.52312610110011,-0.58562592884669
222,0.20169228174025,0.49389065797775,0.8130394953015,6,0.33188634290277,0.52311679554959,-0.58562218957056
223,0.1750602438775,0.313945185284,0.7669111549135,6,0.33188400604512,0.52313444109451,-0.58563520827243
224,0.162200768557,0.37716168842225,0.81272107419475,6,0.33188145254077,0.52312100240582,-0.58563556474212
225,0.14040198236425,0.44596013725475,0.78314947888725,6,0.33187962082599,0.52311250359028,-0.58563828670639
226,0.014256973417,0.459309563414,0.8046414660605,6,0.33188889382751,0.52312528071085,-0.58562714141515
227,0.07016020615175,0.47224715387575,0.84639027248775,6,0.33188587864616,0.52313288581966,-0.5856293895876
228,0.07016020615175,0.43795859766225,0.8205979878945,6,0.33188087790788,0.52312152154827,-0.58563152741658
229,0.07896962758,0.41395141101925,0.958145923516,6,0.3318908130329,0.52313604784956,-0.5856299988032
230,0.1691592525045,0.2647529718195,0.606902012326,6,0.33187870026255,0.5231357093345,-0.58563988493059
231,0.1436511802875,0.5134729533475,0.90391150232875,6,0.33187209151265,0.52310715766136,-0.58567176469607
232,0.079122154455,0.313468373752,0.91304004024925,6,0.33188629098517,0.52313457790396,-0.58562945505293
233,0.0919589923445,0.36916014882975,0.850169583202,6,0.33188177071694,0.52312734749445,-0.58563008621245
234,0.02306639484525,0.38649306540375,0.98757031879075,6,0.33187840174285,0.52314569444497,-0.58562176997179
235,0.062741536359,0.268442839037,0.9822728600705,6,0.33187048005738,0.52314200859041,-0.58563080733061
236,0.104818467665,0.26804081388175,0.74511845614375,6,0.33187917937507,0.52312965103831,-0.58563709855534
237,0.104818467665,0.23249429720175,0.77856451791625,6,0.33187541418359,0.52313122956316,-0.585627878827
238,0.13502538718975,0.36195248089375,0.921342784904,6,0.33188960575691,0.52313726178601,-0.58562693126882
239,0.03605575960975,0.28277320987825,0.78262563077025,6,0.33187725612509,0.52313075807668,-0.58562917899614
240,0.12614302255725,0.48610845065275,0.698462667194,6,0.33188099411075,0.52311039799136,-0.58563665732988
241,0.20206693137025,0.32292569347825,0.7005806364225,6,0.33187928808266,0.52311398737572,-0.58563396571632
242,0.13182515515775,0.277021322076,0.67878793765275,6,0.33188075605244,0.52311482670874,-0.58563133330758
243,0.37674506838975,0.24968208316,0.80993290476575,7,-0.39436278403594,-0.012089354732362,-0.0010183205088866
244,0.348656593351,0.29675378157825,0.738543247344,7,-0.39436703239211,-0.012079500125081,-0.0010180487563583
245,0.35992302656375,0.3135737889845,0.880108080391,7,-0.3943615730099,-0.012080368617639,-0.0010171597952854
246,0.45142005839575,0.53482195411625,0.975924205672,7,-0.39435806729498,-0.012094302594284,-0.0010210760772128
247,0.45724195028275,0.41895233852175,0.9427136148915,7,-0.39435824464537,-0.012093936304673,-0.0010202835890763
248,0.51352640851525,0.37080676315325,0.72963200327525,7,-0.39436125683035,-0.012090595425174,-0.0010149677783815
249,0.294385498199,0.4537527219215,0.87662162018075,7,-0.39437253854856,-0.012089212050321,-0.0010235297322925
250,0.400886643533,0.488135101154,0.975924205672,7,-0.39437058800214,-0.012090683687046,-0.001024198569209
251,0.2338855355185,0.52219524786625,0.9492924194375,7,-0.39435997432527,-0.01209207954457,-0.0010223738371508
252,0.3873449143765,0.3376940271685,0.916911219003,7,-0.3943686780938,-0.012084214368231,-0.0010179187561326
253,0.20890492317925,0.42428947134225,0.99057560472525,7,-0.39436268306808,-0.012080008793165,-0.0010184982210033
254,0.33378060849325,0.46112489167375,0.64915827037475,7,-0.39438010144995,-0.012085978233013,-0.0010248703611812
255,0.3143780772175,0.4878871996905,0.94649981039725,7,-0.39437118343734,-0.012092240308024,-0.0010228278823152
256,0.45951493721425,0.3420031461305,0.9867894092195,7,-0.39436294422701,-0.012096206025471,-0.0010225494111841
257,0.2721981501525,0.50143997977725,0.835338434893,7,-0.39436176754712,-0.012078017543661,-0.0010159049329075
258,0.39337211869775,0.40760557592575,0.729353512278,7,-0.39437912417905,-0.012084710659422,-0.0010232472230808
259,0.492963769236,0.52485381781925,0.80170741535975,7,-0.39437868475684,-0.012088750111008,-0.0010261857192292
260,0.2968110120055,0.33998896375175,0.9133186711715,7,-0.39436096723006,-0.012089553520545,-0.0010221999590664
261,0.292190729171,0.53557445754625,0.9052166251095,7,-0.39435814950548,-0.012094804614089,-0.0010209764976283
262,0.19045715444025,0.23249084947675,0.983196861388,7,-0.39435660399071,-0.012098512580811,-0.0010160394811575
263,0.36403811994425,0.27608402051975,0.84836408070975,7,-0.394359968201,-0.012086226461564,-0.0010169274375129
264,0.4150725134245,0.4749728383635,0.788411375053,7,-0.39437990377684,-0.012088048407989,-0.0010244213117865
265,0.256072883565,0.4745079900105,0.99057560472525,7,-0.39436161890274,-0.012092172764185,-0.0010253481203525
266,0.21850303461225,0.36132091039025,0.95377246611325,7,-0.3943630980427,-0.012089550161165,-0.0010228725034768
267,0.385071927445,0.41464321955975,0.872835424675,7,-0.39436009297622,-0.012089307956159,-0.0010218728678135
268,0.34460580201925,0.5579142060745,0.73905559525775,7,-0.39438061905782,-0.012086235198975,-0.0010278148194798
269,0.4008321724925,0.2427292504805,0.91824227092625,7,-0.39435754908575,-0.012090185161337,-0.0010215165636074
270,0.32590236898325,0.20675887630325,0.95145286170675,7,-0.3943583005331,-0.012089721162482,-0.0010206655143711
271,0.2982290942645,0.26897030471125,0.983196861388,7,-0.39436058073388,-0.012090012438999,-0.0010232152071904
272,0.2456784159795,0.3774049512895,0.88389427589675,7,-0.39436078331998,-0.012079722400907,-0.0010172950736132
273,0.234259660349,0.28624103385125,0.983196861388,7,-0.39435639820181,-0.012094369005075,-0.0010189978606446
274,0.28621116601875,0.25197701974325,0.80634035693425,7,-0.39435777510703,-0.012087586763727,-0.0010134476986156
275,0.458990062277,0.6810705662195,0.56682832413,1,0.13206145787388,0.21111755838735,0.10641341088788
276,0.33222214056125,0.6642703392385,0.62372586487625,1,0.13205831925345,0.21109727821486,0.10642322657722
277,0.37334943762025,0.96190108562225,0.65194276005225,1,0.13206952586307,0.21110470545746,0.1064195979139
278,0.40744321647525,0.925083098061,0.73101389529975,1,0.13206831529115,0.21111450486351,0.10642137373934
279,0.26915693618725,0.975078842315,0.6685752902475,1,0.1320705102254,0.21110616273918,0.1064200185147
280,0.3833516825695,0.71260881179475,0.57620403491975,1,0.13205688004458,0.21110049468708,0.1064207279002
281,0.4845955233035,0.96491410344575,0.5407558669255,1,0.13206897880429,0.21110385094985,0.1064177931803
282,0.2880556774585,0.91697992793725,0.66641317678475,1,0.13206378905464,0.21110215223559,0.10641622962001
283,0.35492621020825,0.764937038034,0.52124927241025,1,0.1320669814226,0.21111063249059,0.10641754697062
284,0.25704795870025,0.91697992793725,0.622283381399,1,0.13207013301362,0.21109265468338,0.10641290908965
285,0.32880692606625,0.66431050034775,0.73124916274025,1,0.13206656380693,0.21109213389049,0.10642275894048
286,0.42466294974375,0.77037625825625,0.667798934826,1,0.13205953207961,0.21110257113401,0.10641747069925
287,0.416827597908,0.906815189068,0.580996809734,1,0.13206447238354,0.2111047891227,0.10641910337795
288,0.2876578194815,0.914608368611,0.5605891920015,1,0.13206340656557,0.21110610396058,0.1064169628316
289,0.3518533574195,0.7805409971255,0.72020251262425,1,0.13206940937406,0.21111386709352,0.10642200254112
290,0.295709439046,0.71393461557625,0.66989079800575,1,0.13206625204491,0.21109466983202,0.10642203919509
291,0.15887486860625,0.86398502990825,0.59807941220925,3,-0.031580536909492,0.48222648014325,-0.03686094926335
292,0.11359282056625,0.9358639812665,0.7016562367975,3,-0.031554046508766,0.4822413973137,-0.036869334349956
293,0.260388180087,0.65678336142725,0.59403870753025,3,-0.031585928784518,0.48222767802838,-0.036862018281146
294,0.05914992030675,0.9807851389515,0.6753408595315,3,-0.031551748732875,0.48223985401789,-0.03687161909747
295,0.0686998736765,0.71069149224125,0.703632678762,3,-0.031576591165436,0.48222881105979,-0.036859383891973
296,0.11034414660425,0.6736889421085,0.6574388412095,3,-0.031586140881275,0.48222282896455,-0.036852913314175
297,0.08720951379725,0.8828690832375,0.61776249920275,3,-0.031585117206168,0.48222318566287,-0.036865692496109
298,0.09330962773675,0.7227886387925,0.560534278406,3,-0.031582647114196,0.48223012819651,-0.036867443984225
299,0.0344429002595,0.8038594554985,0.6166439496335,3,-0.031584821348346,0.4822235730487,-0.036858676372096
300,0.05590124634475,0.5988714324905,0.644361629726,3,-0.031594312171156,0.48220511222102,-0.036832756369776
301,0.0169366294765,0.9277902409225,0.5530954022835,3,-0.031582083779351,0.48222599499096,-0.036865277928956
302,0.06970324301425,0.9277902409225,0.55382335668375,3,-0.031586205453196,0.4822237907789,-0.036864422517855
303,0.0344429002595,0.7867489825985,0.6842563406125,3,-0.031577512924547,0.48222763604696,-0.036861248024214
304,0.05171838823,0.67523765930225,0.520883378415,3,-0.031594408057161,0.48221310345064,-0.036851334298536
305,0.14775252799625,0.7308623791365,0.6183794160665,3,-0.03160079851547,0.48221766468771,-0.036856970572364
306,0.014256973417,0.63587398262325,0.6905554672785,3,-0.031594101272083,0.48220668517802,-0.036835110034424
307,0.18646709717975,0.649274200737,0.67926306580275,3,-0.031593620916717,0.48220734623143,-0.036857555333393
308,0.1061082550685,0.78497540216925,0.59696086264,3,-0.031584041534012,0.48222748959964,-0.03686384716949
309,0.22387547857175,0.706447637765,0.64020364065975,3,-0.031596679488204,0.48221253590755,-0.036859788629987
310,0.123383743039,0.6961483726635,0.5198398145215,3,-0.031581970229653,0.48222083916349,-0.03686149412149
311,0.06970324301425,0.9807851389515,0.58535311707825,3,-0.031588348714189,0.48222108652944,-0.036868991241151
312,0.14136859782325,0.90890618759325,0.53414026969025,3,-0.031585234832414,0.48222142530885,-0.036869463299394
313,0.05171838823,0.614660491433,0.52027038748325,3,-0.031596463237254,0.48221402503699,-0.036851380986985
314,0.13473751122725,0.74435544360375,0.465000768616,3,-0.031584138182874,0.48222702920895,-0.036862275506532
315,0.1835319736435,0.65141554885475,0.50134220813525,3,-0.031598502919627,0.48221339900098,-0.036856802658406
316,0.02164427292775,0.600571717998,0.57459361231925,3,-0.031596937332241,0.48221362199171,-0.036854239192536
317,0.01007411530225,0.66877351446575,0.49885183405675,3,-0.031590345132582,0.4822228236419,-0.036855440171823
318,0.0169366294765,0.967005101971,0.4828464743525,3,-0.031582021733395,0.48223722197852,-0.036873777432129
319,0.244413460116,0.6624800087,0.52257771132525,3,-0.031586639514351,0.48222741372599,-0.036862634605574
320,0.08152511335475,0.554709129829,0.481601125903,6,0.33187762139496,0.52316010564269,-0.58567420227189
321,0.255007151492,0.525303836796,0.640038399556,6,0.33188709685115,0.52311564695051,-0.58562204966408
322,0.20869092604125,0.4897672165635,0.5795449133825,6,0.33188033196097,0.52310828312806,-0.5856308137474
323,0.05590124634475,0.517687235308,0.677579023193,6,0.33188099010226,0.5231449101878,-0.58566760508474
324,0.32200706221825,0.53814757691875,0.48194261268575,6,0.33189084660287,0.5230837899375,-0.58565040144891
325,0.0514509980525,0.49399859737075,0.60089390036325,6,0.33187787970763,0.52315944505591,-0.58564398069393
326,0.00980672512475,0.48534690019025,0.5176206815515,6,0.33187470785038,0.52314461460529,-0.58566039480512
327,0.0514509980525,0.540620356394,0.535924350739,6,0.3318822134732,0.52314268672582,-0.58566993887339
328,0.00980672512475,0.438725141167,0.58259023117575,6,0.33188221210328,0.52315432599147,-0.58563110674438
329,0.20226597313275,0.54287790646375,0.68706949832025,6,0.33188779543923,0.5231142751599,-0.58562243202239
330,0.27572097705425,0.5820358547315,0.586067033909,6,0.33188176631815,0.5231097774968,-0.58563852512969
331,0.199489924751,0.50500825904325,0.4969371082215,6,0.33187697896026,0.52309948643892,-0.58564990021226
332,0.121692774265,0.4624198127155,0.62177754436425,6,0.33188351245503,0.52314086764935,-0.5856672796981
333,0.260638801401,0.5493838143635,0.51614740910725,6,0.33187920849706,0.52312324483326,-0.58565575260752
334,0.23378888022925,0.58450251359925,0.47552587501025,6,0.33187663157173,0.52312113864139,-0.5856561997476
335,0.45393489831075,0.42432607890125,0.649436761372,7,-0.39438195405469,-0.012086801090702,-0.0010280090176051
336,0.32684111196625,0.53279081460725,0.669725556902,7,-0.39439319382936,-0.012078260778061,-0.0010324361764
337,0.3475549375285,0.58952283254275,0.615754191255,7,-0.39438021243377,-0.012084755925515,-0.0010280537819891
338,0.526460163486,0.54415454161525,0.579446644593,7,-0.39438204577088,-0.012089968723013,-0.001027429904889
339,0.41640034031675,0.5160034724405,0.50421595157,7,-0.39438916873531,-0.012082562283484,-0.0010355775073176
340,0.4082700218125,0.58458682644425,0.519618738211,7,-0.39438987587473,-0.012090917701572,-0.0010274997611113
341,0.4187357214695,0.60331004170025,0.5835106919785,7,-0.3943813839677,-0.01209010595806,-0.0010256120511466
342,0.00980672512475,0.4641709985885,0.44413373329325,8,-0.86651055886101,-0.077947138438071,0.24490236344355
343,0.44852436262,0.6623473509635,0.5029363703625,9,0.58681877268169,0.3592426587211,-0.51130812941296
344,0.26762542219675,0.63355302169575,0.80663170549375,1,0.13204874269403,0.21111723077551,0.10641003193209
345,0.141665441449,0.7959527798115,0.95499971655175,1,0.13207656260018,0.21110035039164,0.10641428428951
346,0.192548020383,0.74471389122425,0.97455705568525,1,0.13207293058614,0.21111124334683,0.10641702734715
347,0.423371046518,0.741700934,0.94366954971475,1,0.13207092157449,0.21111383792185,0.10642191340628
348,0.070801691729,0.9427134558535,1.0004426608665,1,0.1320808114125,0.21110063921443,0.10641158038105
349,0.19446800829375,0.87668760600225,0.89585746633775,1,0.13207686205271,0.21109883474072,0.10641280677681
350,0.2660673816135,0.862725069749,0.91541480547125,1,0.13206803954463,0.21110305999659,0.10642123183709
351,0.1117019937585,0.818621642105,1.0004426608665,1,0.13207866021482,0.2111010762575,0.10641322001553
352,0.36062173841425,0.624059595038,0.975924205672,1,0.1320655024364,0.21111394076306,0.1064172820772
353,0.26570085955875,0.648819371168,0.8891980760695,1,0.13204846163094,0.21111375499788,0.1064114157365
354,0.299325742506,0.71020100806225,0.93048126135725,1,0.13206362279981,0.21110031539637,0.10641841052422
355,0.0816991157725,0.983080868949,0.94880663806675,1,0.13207968076529,0.21110125231788,0.10641148872033
356,0.13273022830725,0.89935646829575,1.0004426608665,1,0.13207875345031,0.21110249478436,0.10641109268936
357,0.39495638356825,0.9323003451345,0.92860309382875,1,0.13206837400441,0.21111422954877,0.1064213234898
358,0.3573942235175,0.76154104013925,0.8982266054,1,0.13206983237052,0.21111603557599,0.10642227846229
359,0.19736715286225,0.975078842315,0.7282650586525,1,0.13208065655788,0.21109626785573,0.10640500416759
360,0.38495084443975,0.730916881897,0.78156087735875,1,0.13206987303066,0.21111376999315,0.10642254167504
361,0.31692194145375,0.7675015497585,0.820541982666,1,0.13206215929598,0.21110206755396,0.10641649148364
362,0.256491437255,0.77456705011075,0.97455705568525,1,0.13207302020944,0.21111218734865,0.10641829474641
363,0.28170286887425,0.97664301244225,0.960857749786,1,0.13207333582883,0.21111265059112,0.10641767890961
364,0.1654734480685,0.983080868949,0.88966438785275,1,0.1320856249088,0.21109362252402,0.10640671171537
365,0.3221494563135,0.880161940376,0.74548431203225,1,0.13206804834451,0.21111385062149,0.10642059147257
366,0.26077802308025,0.70089516820925,0.7702302680475,1,0.132066335196,0.21109523695262,0.10642238941326
367,0.1589227784845,0.92004459356,0.844221443538,1,0.13206909081197,0.2111072750059,0.10642050446311
368,0.25218069072125,0.58129346268775,0.97871681471225,1,0.1320592555033,0.21111834566447,0.10641658205785
369,0.20101867787775,0.93972388139125,0.9413004106525,1,0.13207836676304,0.21109930989131,0.10641176577459
370,0.19190978318075,0.6758075745835,0.9332738703975,1,0.13206712100681,0.21109841356426,0.10642327486905
371,0.31048588437375,0.59467267236775,0.93464102038425,1,0.13206462763903,0.21111593784824,0.10641692836206
372,0.1929181009415,0.61774161068625,0.97871681471225,1,0.13204502235325,0.2111075143989,0.10641545816211
373,0.1900498697405,0.912042566926,0.7860941599375,1,0.13208114611838,0.21109674509979,0.10640527348185
374,0.3246180511975,0.925761345138,0.960857749786,1,0.13206840694021,0.21110530584119,0.10642071005647
375,0.3653025655065,0.690360901923,0.975924205672,1,0.1320717259575,0.21111232760379,0.10642153202243
376,0.2959334319205,0.87522457936475,0.80547552678,1,0.13206830682654,0.21111268698076,0.10642156132574
377,0.33640571398425,0.8692640697455,0.883160149514,1,0.13207134615262,0.2111061560263,0.10641938536434
378,0.006383306769,0.9400511538785,0.790340078325,3,-0.03156427796703,0.48223573855156,-0.03686371045082
379,0.08774794755275,0.5713828354445,0.89812724436525,3,-0.031594411727754,0.48220018296066,-0.036843947085216
380,0.03428757445475,0.76897573369125,0.96523400762825,3,-0.03153872983219,0.48219660197556,-0.036852186850301
381,0.07973690487075,0.7499634150065,0.9197910633135,3,-0.031579186552875,0.48223097828549,-0.036862021804659
382,0.1971195537845,0.62600369989625,0.78433276590225,3,-0.031580031638481,0.4822356063801,-0.036859667710297
383,0.11771139524325,0.674619241859,0.89806521715925,3,-0.03159789764645,0.48221454292713,-0.036869016976023
384,0.0296991157725,0.942346883876,0.8565338112605,3,-0.031563592059732,0.4822373750527,-0.036863356474815
385,0.025449330416,0.75677801624625,0.83115820622525,3,-0.031562492895391,0.48223515642986,-0.036865028537657
386,0.0033158090035,0.808976574809,0.924961180822,3,-0.031543708414501,0.48219911743052,-0.036850921468533
387,0.0344429002595,0.8250246252645,0.74837410897525,3,-0.031578118382417,0.48223137128919,-0.036865476335919
388,0.014256973417,0.6255372579995,0.75973740920925,3,-0.031576397761522,0.4822225489452,-0.036852185965198
389,0.0033158090035,0.89832292717175,0.96016983406025,3,-0.031568543990449,0.48223843012611,-0.036867553404807
390,0.1062755374445,0.871308581853,0.80496358334525,3,-0.031579633423691,0.48222898421947,-0.036860468084744
391,0.0798922306755,0.801203210924,0.7886822367295,3,-0.031578449606178,0.48223194949755,-0.036865040992601
392,0.018801691729,0.89868949914925,1.0004426608665,3,-0.031538685043897,0.48219892102115,-0.036853048592519
393,0.0751484461885,0.879310608487,0.86309086694575,3,-0.031563736510027,0.48223680275254,-0.036864843525339
394,0.059706303833,0.6822396499135,0.805056299112,3,-0.031578272367927,0.48223299154464,-0.036863964726751
395,0.190272154668,0.69334584640975,0.747931328456,3,-0.031581128929815,0.48223586065596,-0.036859957271239
396,0.057429413628,0.64076866875175,0.98479134676175,3,-0.031561877589982,0.48219164102553,-0.036835214826698
397,0.1141492040925,0.72666484459125,0.76258032961625,3,-0.031577248828001,0.48223035359432,-0.036863958968696
398,0.014256973417,0.5697373602205,0.782273861516,3,-0.031571764561114,0.48222016775891,-0.036853659329463
399,0.118719713004,0.61655327796175,0.943508161474,3,-0.031569281299848,0.4822165522468,-0.036847816986671
400,0.0296991157725,0.983080868949,0.89680663806675,3,-0.031561569333911,0.48223630660629,-0.036861443154173
401,0.075547272793,0.577212723325,0.83175251044575,3,-0.031602323551195,0.48221058693434,-0.036857579174705
402,0.006383306769,0.9807851389515,0.72661290513125,3,-0.031551426170927,0.48224143279362,-0.036871797825252
403,0.0487651394195,0.78996425612425,0.87951823650725,3,-0.031581302946916,0.48223107197485,-0.036862790816177
404,0.04977345718025,0.8179546729585,1.0004426608665,3,-0.03155320329874,0.48220038726925,-0.036851003212183
405,0.0033158090035,0.942346883876,0.90816983406025,3,-0.031563821845314,0.48223348516081,-0.036866798455876
406,0.120996603209,0.640081716644,0.83169048323975,3,-0.031580995550603,0.48224004005415,-0.036861104399772
407,0.0608262070285,0.8951299961935,0.764655455591,3,-0.031553840367515,0.48224085766648,-0.036869932852843
408,0.02645764817675,0.58943162482975,0.98479134676175,3,-0.031583024761396,0.48219120277261,-0.036819961785523
409,0.01097176545125,0.71784695133375,0.98479134676175,3,-0.031538424295643,0.48219643355732,-0.036854191810886
410,0.221911999581,0.537722523327,0.7598975200005,6,0.33187223518024,0.52310560194018,-0.58567380319787
411,0.29241786799325,0.5452718451265,0.782196459592,7,-0.39437121504053,-0.012089388874471,-0.0010250240860427
412,0.153294502325,0.6686347840655,0.366351142383,3,-0.031575851275287,0.48223390513412,-0.036853236739583
413,0.0931462717205,0.71336760787425,0.38484874876925,3,-0.031588622003373,0.48221384880073,-0.036854428319077
414,0.01007411530225,0.73579734843725,0.33359166982525,3,-0.031596551713042,0.48222636880162,-0.036854871616752
415,0.040901773708,0.769054927579,0.2288899298435,3,-0.031587400579156,0.48221765502394,-0.036848736006802
416,0.01007411530225,0.650774220067,0.42659855804375,3,-0.031599964169378,0.48221065167959,-0.036858788942016
417,0.01007411530225,0.70834646808925,0.251976439182,3,-0.031600527122706,0.4822380341134,-0.036846587576646
418,0.0401482306045,0.675259535858,0.37715513046075,3,-0.031600351758947,0.48222608010396,-0.036856491740414
419,0.19488574183175,0.699622619795,0.44650316222975,3,-0.031578823934121,0.48222952963289,-0.036853968495093
420,0.17290739375675,0.573438053754,0.45429037182025,6,0.33185633727053,0.52314787163573,-0.58568427090412
421,0.38477676789925,0.47646886806225,0.396244294342,6,0.33188857970399,0.52308505921632,-0.58565289586521
422,0.142565888277,0.53220478624875,0.46525788185175,6,0.33187777380051,0.52314852328723,-0.5856684079664
423,0.322617758602,0.551078695578,0.43194353652125,6,0.33187608887678,0.523096678246,-0.58566549068043
424,0.2797534554615,0.57169513224675,0.42623217313,6,0.33187225681981,0.52313239993739,-0.5856825455751
425,0.33074807710625,0.48249534157425,0.41654074988025,6,0.33188995089326,0.52308186982076,-0.5856178822016
426,0.3301373807225,0.469564222915,0.46653982604475,6,0.33188576031133,0.52308787067376,-0.58563018729191
427,0.2079760979725,0.57095001368775,0.32604549165525,8,-0.86654144388275,-0.077936910702643,0.24492569561771
428,0.1309957306515,0.55022595720325,0.3937829099105,8,-0.86649837314869,-0.07795051142686,0.24493268154509
429,0.1251435810175,0.5499485588345,0.19836091643975,8,-0.86652136376972,-0.077964210402065,0.24490872019767
430,0.01483292531925,0.47386579909575,0.07331768307375,8,-0.86653476421341,-0.077989521999648,0.24488174407159
431,0.053189413891,0.513164838099,0.10239019943525,8,-0.86651941340734,-0.077961568733515,0.24491265196729
432,0.039880840427,0.520902481986,0.43146355039525,8,-0.8665106676513,-0.07794657010631,0.24490163836682
433,0.06995495572925,0.545387797777,0.38202012281225,8,-0.86651266856078,-0.07795330113362,0.24489672509986
434,0.0401482306045,0.58733986498225,0.3484361083795,8,-0.86649295583066,-0.077967843674394,0.24492068455038
435,0.01835648857175,0.62190117127625,0.08851566213275,8,-0.86652678359123,-0.077964930862736,0.24496554010833
436,0.01007411530225,0.6402923745035,0.21721309568,8,-0.86649321303137,-0.077961437375811,0.24491923820832
437,0.01007411530225,0.576147893498,0.2310876329825,8,-0.86652520106531,-0.077958242351286,0.24490828386373
438,0.16133723613125,0.5914592247085,0.382815399879,8,-0.86650071731481,-0.07795136278666,0.2449366244926
439,0.048430603874,0.62708596985425,0.1629294832235,8,-0.86652163537519,-0.077964749755996,0.24496200201861
440,0.26551083083025,0.54012146138075,0.34822676171625,8,-0.8665397051211,-0.077936212067461,0.24493086288183
441,0.19253506047925,0.44043552808775,0.306689874868,8,-0.86651094048712,-0.077966187764136,0.24490758814057
442,0.01483292531925,0.524184509793,0.016588136809,8,-0.86652555533524,-0.077973288177577,0.2449406334072
443,0.01007411530225,0.56285454919125,0.3978795359625,8,-0.86650946416894,-0.077945526578263,0.24489968305861
444,0.053189413891,0.56348354879625,0.0456606531705,8,-0.86653472910885,-0.07796408411347,0.24493655125353
445,0.10092161534925,0.5149612821665,0.37461918648825,8,-0.86650760122402,-0.07794499315655,0.24489954009746
446,0.048430603874,0.56294148884875,0.176804020526,8,-0.86650877615606,-0.077939055440451,0.24494087595695
447,0.147827867368,0.524087476143,0.27680240470075,8,-0.86651313332972,-0.077965708709894,0.24490778678582
448,0.0711148902245,0.509332012127,0.31440858950225,8,-0.86650383777322,-0.077950946384762,0.24490315156474
449,0.01007411530225,0.54839949946775,0.29025071369775,8,-0.86649619084704,-0.077964377351788,0.24493163413016
450,0.28014390863925,0.465110485056,0.346555419755,8,-0.86655112653909,-0.077955519572343,0.24486941786929
451,0.1299023910345,0.50017190808475,0.123947095349,8,-0.86652050401981,-0.077977475213084,0.24489515520069
452,0.10818159739375,0.43158585709575,0.41714623836875,8,-0.86652858797959,-0.077943351825208,0.24490018917354
453,0.078374872269,0.42595658705625,0.35693564138275,8,-0.86652819884062,-0.077943315193975,0.24490037847624
454,0.3771366247435,0.7000217884795,0.36491202977325,9,0.58682834027153,0.35925625305261,-0.51131048700994
455,0.267081771823,0.63952802761125,0.27295136435375,9,0.58681777858715,0.35927128106932,-0.51132699089399
456,0.19993336416625,0.64812557304475,0.30958123415925,9,0.58684274823184,0.35927940187823,-0.51129369940473
457,0.07035648857175,0.6596501072025,0.05192752532375,9,0.5867932106583,0.35931095203603,-0.5112822180567
458,0.2223661039765,0.59685452267625,0.17941532146025,9,0.58682111883593,0.3592968471807,-0.51132618502723
459,0.1011841469775,0.71762119323975,0.11219714480325,9,0.58680221621612,0.35926451889724,-0.51133133585901
460,0.23700765652075,0.64816899934175,0.24139255222525,9,0.58680831489149,0.35927122726521,-0.51132856622954
461,0.191122337783,0.7380276415825,0.243517138982,9,0.58680910051434,0.35928766503257,-0.51132504993905
462,0.07925826227975,0.70395168208075,0.186610965894,9,0.58680734261915,0.35929426753224,-0.5113316072329
463,0.30376544158,0.660478824714,0.439339356376,9,0.58680231873137,0.35926141355573,-0.51133118471928
464,0.35661381397775,0.53413841416575,0.259741624244,9,0.58682650555247,0.35925861123335,-0.5112871363167
465,0.301692578867,0.5785135753185,0.278496708379,9,0.58682800890331,0.35928236524712,-0.51130067017206
466,0.43330568522275,0.55875500467575,0.2634109235785,9,0.58683628179431,0.359267926697,-0.51131280628357
467,0.44548871209125,0.645771991112,0.306105173962,9,0.58683238267874,0.35926781955885,-0.51130928061437
468,0.3888294762635,0.63206920850225,0.4543413313665,9,0.58680904044388,0.35924975251671,-0.51130642904444
469,0.17648078523875,0.686713164917,0.181539908217,9,0.5868021777314,0.35926939536782,-0.51132755780954
470,0.1984066699365,0.700382676076,0.10712608712625,9,0.58679900631416,0.35926447807009,-0.51132830745538
471,0.43909569600875,0.53809514171,0.33731096890375,9,0.58682732436012,0.35922646119946,-0.51129257888235
472,0.31003236276425,0.657379963196,0.34097286352475,9,0.58681352709837,0.35927543645084,-0.51132320952367
473,0.27542155572025,0.71839441548875,0.3354275194995,9,0.58681746599883,0.35927489539374,-0.5113242710219
474,0.105189413891,0.6012324847225,0.0090725163615,10,-0.043225660328395,-0.65392951190553,-0.63128143120781
475,0.320866480749,0.66768804984775,0.01778395128525,10,-0.043264042930158,-0.65396359337318,-0.63127199528685
476,0.40726799987,0.63408311256675,0.01778395128525,10,-0.043249176189556,-0.65394665417554,-0.63128071135952
477,0.2175463488245,0.52211468101525,0.06721754908425,10,-0.043250653364054,-0.65394061007178,-0.63129256412232
478,0.25522296932075,0.614035652272,0.04685646764675,10,-0.04323986666362,-0.65394343648143,-0.63126992976941
479,0.192833371681,0.57285654695575,0.0090725163615,10,-0.043230417298371,-0.6539313602076,-0.63128544375224
480,0.27993594646425,0.5632937863315,0.1050015003695,10,-0.043260812000808,-0.65397026865147,-0.6312729401791
481,0.429911623923,0.9176213864345,0.4935320942605,1,0.13207588193717,0.2111017159332,0.10641523416896
482,0.381809051646,0.97270728298875,0.46871222639325,1,0.132076715653,0.21110258778009,0.10641551359271
483,0.3621436985275,0.85952247205675,0.533773037069,1,0.13207096312841,0.21110235657783,0.1064178885622
484,0.29514238497925,0.97270728298875,0.5111152826645,1,0.1320687330846,0.211101567524,0.10641949546883
485,0.07070014131575,0.91217639002825,0.3069305503065,3,-0.031585090159493,0.48220127492317,-0.03686509239715
486,0.24986438757025,0.75797979665175,0.45220940915175,3,-0.031589566343247,0.4822155506514,-0.03685559043799
487,0.01082765840575,0.89836456687475,0.1850486042715,3,-0.031582137711577,0.48221925941591,-0.036870431521262
488,0.1234667548535,0.957288471317,0.30564035772925,3,-0.031590223635016,0.48218684809512,-0.036877434515705
489,0.241011793734,0.94629621695375,0.415398804732,3,-0.031586473556996,0.4822174825087,-0.036858543369293
490,0.03721096517475,0.9434766481635,0.14872776782725,3,-0.031606545957874,0.48221666077349,-0.036890505948006
491,0.12957572592425,0.993588933965,0.36374697299675,3,-0.0315862437514,0.4821998886996,-0.036865076441316
492,0.287821948229,0.7222952127505,0.49731010616175,3,-0.031587468223418,0.48220932356347,-0.036867859941775
493,0.01082765840575,0.81791878849775,0.17590361323375,3,-0.031583225940011,0.48221850877268,-0.036873893197706
494,0.23390592436175,0.97270728298875,0.48081730861625,3,-0.031589282643999,0.48222054625016,-0.036864340158152
495,0.006383306769,0.9797771108115,0.08845814834775,3,-0.031580770355547,0.48219851642939,-0.03689256202379
496,0.093899814824,0.7905998558345,0.27708466800775,3,-0.031581376517362,0.48221030188137,-0.036850228404161
497,0.06307215641825,0.7739054204535,0.34128528813375,3,-0.031583071268149,0.48221403729562,-0.03685219585126
498,0.0635942719435,0.983699537352,0.26633090721325,3,-0.031600535810643,0.48220968994513,-0.036885983208982
499,0.1416000254015,0.85000533747175,0.4684620624165,3,-0.031583310350168,0.48222334313139,-0.036864920115999
500,0.22665278644225,0.8557075184895,0.4646130106795,3,-0.031587122683629,0.48221798754004,-0.03685128303317
501,0.21485991454325,0.88739536683225,0.401356620258,3,-0.031583342675672,0.48220115048633,-0.036866062224723
502,0.0899775787125,0.983699537352,0.19736155108,3,-0.031591615273587,0.48217905534417,-0.036881533180129
503,0.01082765840575,0.93858745606325,0.2676210997905,3,-0.031585177322858,0.48222165973396,-0.036865660632129
504,0.208725646231,0.993588933965,0.36483890459725,3,-0.031586240886353,0.48220240053336,-0.036866434623498
505,0.226421358864,0.914608368611,0.53029121795325,3,-0.031579590853521,0.48223083969726,-0.036862085938504
506,0.12369818243175,0.85327553990675,0.293980297433,3,-0.03158226013239,0.48220728761224,-0.036856349632579
507,0.1298071535025,0.9346880838435,0.3847354323895,3,-0.031588548719042,0.48221777182675,-0.03686639516585
508,0.0699346705925,0.9081042518495,0.417896221479,3,-0.031590144244143,0.48221718516875,-0.036872775632741
509,0.092870524026,0.88957600255475,0.3377106779535,3,-0.031588823460904,0.48221937865843,-0.036867928635315
510,0.032998041116,0.86299217056075,0.370871467043,3,-0.031587467717325,0.48221771616467,-0.036867445673656
511,0.30613117749825,0.756853900133,0.01778395128525,9,0.58682152758646,0.3592952517663,-0.51129036460468
512,0.06738173090775,0.82601716762925,0.001427504481,9,0.58682011020625,0.35927097365146,-0.51130540861256
513,0.279351434386,0.88739536683225,0.34245822806775,9,0.58680664755946,0.35926212106029,-0.51132147576885
514,0.316701474435,0.8161221373265,0.288932728837,9,0.58681170113107,0.35926964244071,-0.51132543904606
515,0.276270976396,0.92761751371175,0.1639818982035,9,0.58682194917301,0.3592675148154,-0.51130311228798
516,0.32727293528,0.98651836383325,0.072932151077,9,0.58681543266884,0.35927549832885,-0.51130117981725
517,0.27321716607375,0.993588933965,0.305940512407,9,0.58682109102355,0.3592472427393,-0.51130335933553
518,0.26323480476675,0.9346880838435,0.2552913487195,9,0.58681093109317,0.359270559916,-0.51132309336465
519,0.43316668314825,0.9176213864345,0.404335728022,9,0.58681179042193,0.3592507554086,-0.51129240158737
520,0.3623368038585,0.929955434622,0.03947784255675,9,0.58681871905723,0.35927365503579,-0.51130304253756
521,0.23395687702,0.793632755523,0.16910331789125,9,0.58681124991572,0.35926914169773,-0.51131969838454
522,0.18805417527425,0.91901097129375,0.07372392799975,9,0.58681374860404,0.35926706772233,-0.51130413165771
523,0.158913710134,0.983699537352,0.17881585960025,9,0.58682292879432,0.35927091429406,-0.51130663067001
524,0.3045573679335,0.829933218171,0.1683115409685,9,0.58681303167987,0.35927195590612,-0.51132886636376
525,0.3555593268175,0.83227113908125,0.077261793842,9,0.58681617976086,0.3592789875176,-0.51130039604524
526,0.232958835904,0.77711636669625,0.07805357076475,9,0.58682060945435,0.35929561478288,-0.51130069203635
527,0.04176503767675,0.94857018092,0.03645814834775,9,0.58682119626461,0.35927239620358,-0.51129972161017
528,0.0725926960825,0.912269718272,0.09672776782725,9,0.58680889565511,0.35926432559049,-0.51132580185051
529,0.06282765840575,0.78761363083825,0.10455213292275,9,0.586809388925,0.35926224113258,-0.51133042425707
530,0.17111804385275,0.8435937323455,0.0402696194795,9,0.58680696472485,0.35929105607859,-0.51129163883763
531,0.38506411087125,0.97270728298875,0.37951586015475,9,0.58680957367373,0.35925788864031,-0.511296561752
532,0.2630033771885,0.993588933965,0.23430288932675,9,0.58681151112356,0.35923462135259,-0.51129957113751
533,0.43477007372425,0.84575578745175,0.3181890229745,9,0.58680765623087,0.35925521295118,-0.5113003361381
534,0.16270116909825,0.9887930701085,0.048484952387,9,0.5868175974518,0.35927685471235,-0.51130804316739
535,0.0982093893135,0.83685247932375,0.0616971239605,9,0.58682005781867,0.35926976553351,-0.51130161425025
536,0.2056704854825,0.89131705106375,0.16477367512625,9,0.58682201596309,0.35926711114884,-0.51130163731314
537,0.09376503767675,0.9887930701085,0.01503064386675,9,0.58681458796575,0.35927637428251,-0.51129991855043
538,0.01538173090775,0.9014344065775,0.001427504481,9,0.58682985712503,0.35925631613331,-0.51131171376383
539,0.192402886275,0.957288471317,0.2350946662495,9,0.58682462621051,0.35927056240242,-0.51130717978603
540,0.141528827504,0.9524926074605,0.1087545718665,9,0.58681352175273,0.35927732688136,-0.51130909492115
541,0.19263431385325,0.8983876211955,0.25608312564225,9,0.5868113995636,0.3592707433545,-0.51132456157514
542,0.30550331357675,0.94629621695375,0.35650041254175,9,0.58680462668021,0.35925902971623,-0.5113213987705
543,0.2092265168685,0.95531143394175,0.01345430852025,9,0.58681906352074,0.35926917577481,-0.51130254581074
544,0.032,0.722729659647,0.02285500896225,9,0.58681397193772,0.35929570473644,-0.51128979159098
545,0.032,0.77677831914375,0.04428251344325,9,0.58681111989016,0.35929334107361,-0.51129143192979
546,0.27784478596075,0.98651836383325,0.01345430852025,9,0.58681847778763,0.35927379957199,-0.51130290824855
547,0.4047401040995,0.80315738846525,0.226061174792,9,0.58681179105064,0.35925517490741,-0.51130905163626
548,0.37086970355925,0.7031206499975,0.4632785226245,9,0.58680721990615,0.35924020558501,-0.5112982202291
549,0.75429127870225,0.09205274489575,0.87448605810675,4,0.10781032134666,-0.089103374503123,0.5613570580081
550,0.8927983976315,0.013400777113,0.98595140641575,4,0.10780966145125,-0.089101703297725,0.56135710718475
551,0.93863493574575,0.19686610365025,0.97238714059275,4,0.10780340403238,-0.089105928979077,0.56135679398726
552,0.86847270647325,0.34691203836775,0.84944936871325,4,0.10780893735598,-0.089102845746586,0.56135683119841
553,0.96015889475075,0.41078533153375,0.704959660486,4,0.10782246891674,-0.089101709101134,0.56134661197737
554,0.983518742776,0.02886229463075,0.8835981104685,4,0.10780449013312,-0.089105097020212,0.56136011651848
555,0.98520868281,0.122308336131,0.97238714059275,4,0.10780287142667,-0.089105782975998,0.56135625049482
556,0.692589386033,0.0201690096265,0.97813435091025,4,0.10780425688145,-0.089106316016625,0.56135908275839
557,0.65679604712175,0.242566287336,0.91718971000025,4,0.10780634499115,-0.08909993538265,0.56135228000872
558,0.7982224221435,0.12545352200875,0.9163517071965,4,0.10781010129764,-0.089104174700797,0.56135666348859
559,0.6783648256475,0.12685885384775,0.84507766938625,4,0.10781044674263,-0.089098868357006,0.56135113711814
560,0.8769215877595,0.233016993449,0.70421981105725,4,0.10782784792755,-0.089105135765106,0.56134969502113
561,0.99550850724325,0.24931390054575,0.693654295929,4,0.10781783304625,-0.089094955704085,0.56134566594145
562,0.879123491616,0.134146807013,0.86873884778925,4,0.10781140173683,-0.089102884076822,0.56135652667453
563,0.89055496078075,0.3605349132145,0.75749446823825,4,0.10780744551373,-0.089100869223581,0.56135602175852
564,0.97342625293575,0.3330110130075,0.9768124307635,4,0.10780273465983,-0.08910522666512,0.56135710896676
565,0.948727425586,0.06226307174375,0.9383385470085,4,0.10780325979109,-0.089105817816645,0.56135737816154
566,0.72755561238025,0.3180100809755,0.91902447382625,4,0.10780299148409,-0.089106327104511,0.56135222138871
567,0.96015889475075,0.37683182031125,0.73906916235825,4,0.10782065279168,-0.089099315846939,0.56134614325524
568,0.86903100177575,0.20870457453225,0.9027874413735,4,0.10781006556995,-0.089100546680385,0.56135010269638
569,0.6436769482595,0.20049311702625,0.8537327276955,4,0.10780670972734,-0.089099436171823,0.56135218972828
570,0.97342625293575,0.26178277886375,0.92919957135625,4,0.10780313781644,-0.089105915598507,0.56135668672159
571,0.76796618471775,0.0201690096265,0.944085757326,4,0.10780464329699,-0.089106154621872,0.56135943979177
572,0.9846503875075,0.42092214149425,0.7537269917245,4,0.10780937557375,-0.089098428254209,0.56135579845401
573,0.811897328159,0.0535697867395,0.98595140641575,4,0.10780338864527,-0.089106051146229,0.56135719158908
574,0.78812993230325,0.200011289528,0.95040030078075,4,0.10780266067403,-0.089105661143867,0.56135709639438
575,0.92590457327325,0.2872441245925,0.767644971662,4,0.1078115427521,-0.08909956795685,0.56135063847144
576,0.99550850724325,0.30354103168925,0.749219665782,4,0.10780903968864,-0.089101029047668,0.56135718911287
577,0.79149461130425,0.3632838849665,0.86126111099525,4,0.10780289188554,-0.089100128929258,0.56135674500619
578,0.90382231896575,0.27362124974575,0.859599872137,4,0.10780848346503,-0.08910268852527,0.56135560306624
579,0.8658504771035,0.1007460299,0.78763388392475,4,0.10780850572144,-0.089098996526928,0.56135089126726
580,0.72363263807675,0.24348979167675,0.95040030078075,4,0.10780700643911,-0.089098662998384,0.56135249757223
581,0.9465255217295,0.23865441271325,0.58654355258575,5,0.083902251475028,-0.06271993624275,0.31358579427861
582,0.95868004379125,0.40865033920225,0.41714838412875,5,0.083892566948898,-0.062722006607784,0.31357390780421
583,0.91083834059675,0.48476310042775,0.37697024794525,5,0.083870047534231,-0.062729896883114,0.3135705965319
584,0.95775510658525,0.28579411312825,0.396919046565,5,0.083891346667903,-0.062720742804049,0.31357269542998
585,0.99550850724325,0.28274473389625,0.60513127732775,5,0.083893444653057,-0.062718059093681,0.31357069479045
586,0.8964351503765,0.34124440422475,0.451033957582,5,0.083892374137382,-0.06272159498331,0.31357361268469
587,0.99550850724325,0.35808217885675,0.589179730881,5,0.08389345373914,-0.062718673347481,0.31356914680733
588,0.99000257953075,0.50957228386725,0.60789941959075,5,0.083873320512273,-0.062722922783867,0.31357893480172
589,0.86489368572925,0.494518709474,0.49198707089275,5,0.083885351510753,-0.062715559144814,0.31357057339605
590,0.99000257953075,0.51594041783775,0.52834629566725,5,0.083869597668075,-0.062729389847478,0.31356976210266
591,0.99000257953075,0.4454661378405,0.63691865446975,5,0.083895840805638,-0.062722951273246,0.31357595159999
592,0.965511086774,0.414219014063,0.659668239531,5,0.083904940212838,-0.062714875852823,0.31358656171754
593,0.95810811073425,0.55229110195725,0.60414148269225,5,0.083872741101316,-0.062723058472813,0.31357958783614
594,0.965511086774,0.4013758166575,0.6222608251035,5,0.083899818528785,-0.06271816310851,0.31358905368505
595,0.95810811073425,0.55865923592775,0.52458835876875,5,0.083890054369042,-0.062718180621749,0.31357459382657
596,0.95868004379125,0.4266190575365,0.484395838174,5,0.083887627747379,-0.06271681747494,0.31357158543474
597,0.8943191731415,0.55040622781525,0.501438251707,5,0.083869713597627,-0.062720081018089,0.31356919437552
598,0.87194365761975,0.3279659987815,0.5410309966885,5,0.083889936305216,-0.062719147158328,0.31357431228293
599,0.81083780249125,0.344999795009,0.40425865122875,5,0.083876094456112,-0.062733291548961,0.313568398956
600,0.928682623322,0.46991269533725,0.5174769323965,5,0.083885309543324,-0.062715622487687,0.31357023112312
601,0.847049403004,0.52733783289875,0.41872784048675,5,0.083861840035938,-0.062715326526607,0.31357300951116
602,0.87647489041625,0.58322535124,0.428179021301,5,0.083871833114868,-0.062730605310924,0.31357098620903
603,0.9341885510345,0.376160602383,0.54929113273125,5,0.083887735475198,-0.062716732272106,0.31357163188443
604,0.90419113056525,0.41945424018375,0.58237222695375,5,0.083909837429726,-0.062721184759591,0.31357901415703
605,0.83458719659525,0.3719102093095,0.62747701327075,7,-0.39436842938118,-0.01209461140607,-0.0010155619754111
606,0.8605575403115,0.38780422667,0.69762725368875,7,-0.39436013699351,-0.012092964225405,-0.0010147507859441
607,0.9301614742815,0.44819145494975,0.68992988179925,7,-0.39435909915232,-0.012096914849464,-0.0010055305271235
608,0.7935129559335,0.521447437696,0.58040146475125,7,-0.39436893461925,-0.012096535760049,-0.0010237497379329
609,0.71081411091925,0.566223511961,0.568646378685,7,-0.39436911447638,-0.012101018643005,-0.001020896399631
610,0.80233972364975,0.3175566060695,0.60756717547775,7,-0.39437495448553,-0.012092358324451,-0.0010179768805053
611,0.92258062811,0.52990560016075,0.71095148728025,7,-0.39437203908283,-0.012095906331486,-0.0010169171403715
612,0.6398815997505,0.33892133068625,0.534859987528,7,-0.3943868815858,-0.012083719416084,-0.001018547938005
613,0.78769795955625,0.449297392685,0.650996112572,7,-0.39437277404019,-0.012097014782208,-0.0010186353741601
614,0.8136683032725,0.4651914100455,0.72114635299,7,-0.3943750389184,-0.012098179364693,-0.0010252072175036
615,0.5695524949995,0.4456754368375,0.624656815226,7,-0.39438138671396,-0.012079031302904,-0.0010257539320291
616,0.5551601818765,0.3821275920615,0.5698285223435,7,-0.39437896573052,-0.012079121975507,-0.0010263451318143
617,0.673593566851,0.06573687355525,0.4032191022325,2,-0.081996063543173,0.20937479704008,-0.26982580403927
618,0.61649741253025,0.1160613037965,0.418477834332,2,-0.081995635134638,0.20937328838227,-0.26982842270466
619,0.67754808490925,0.02197365877575,0.45881818837825,2,-0.081968891429242,0.2093653545867,-0.26982354595347
620,0.647801581435,0.20000862134775,0.40767854975525,2,-0.081974346867357,0.20935176015417,-0.26983649631581
621,0.78712801647225,0.05188373526925,0.79338109424225,4,0.10781159575009,-0.089103529636351,0.56135646238692
622,0.77041098310725,0.12261929840125,0.66925130208125,4,0.1078278571744,-0.0891059894188,0.56135176035343
623,0.803277677942,0.050735563132,0.62347528515675,4,0.10783424367163,-0.089102679109339,0.5613473868211
624,0.74067150798975,0.07852897721825,0.73399838283275,4,0.10782295779689,-0.08909967940241,0.56135295070208
625,1.0016313804322,0.0461354817745,0.64996142367375,4,0.10781770586882,-0.089095707019661,0.56134294078782
626,0.63489717672625,0.041451350901,0.730293144206,4,0.10781810928448,-0.089098591534329,0.56134610033714
627,0.777867531374,0.050735563132,0.58330968981375,4,0.10785410055553,-0.089104405440519,0.56135086681196
628,0.9465255217295,0.20522357936275,0.675066571187,4,0.10781702050918,-0.089096806907813,0.56134234118728
629,0.9354544110735,0.02886229463075,0.802493146604,4,0.10781002367177,-0.089102605401041,0.56135771544981
630,0.6992405553025,0.006645241949,0.71264516264625,4,0.10782239350092,-0.089098826920569,0.5613564356329
631,0.85334874881375,0.144836351083,0.71506974766775,4,0.10782818479541,-0.089106263675467,0.56135005861342
632,0.9526483949185,0.13908809758825,0.65995714404525,4,0.10781635913037,-0.089095780409359,0.56134223257704
633,0.70448853766325,0.006645241949,0.6332402525285,4,0.10784742873204,-0.08910257241077,0.56135195011244
634,0.95356704872975,0.05090745522225,0.7294774125715,4,0.10781442240703,-0.089097627456174,0.56135481098354
635,1.0016313804322,0.09499777640525,0.7118294373465,4,0.10781681939834,-0.089095683438373,0.56134309999182
636,0.86784682408075,0.0461354817745,0.60984226253375,4,0.10782210660031,-0.08909766451147,0.56134192203813
637,0.6763281294135,0.11333508617025,0.7516463643925,4,0.10781149713744,-0.089099549386238,0.56135096621524
638,0.9168298095945,0.0020451605915,0.606974119295,4,0.10781492323036,-0.089093382705543,0.56134175511385
639,0.95356704872975,0.0020451605915,0.66760939889875,4,0.10782017367943,-0.089097010416963,0.56134513759049
640,0.904584063216,0.09499777640525,0.67760511927025,4,0.1078216243178,-0.08909750779478,0.56134247555872
641,0.77878618518525,0.006645241949,0.6088174557905,4,0.1078472656943,-0.08909608005309,0.56134889464804
642,0.98326276086475,0.015438444792,0.49827907142325,5,0.083897846395469,-0.062708775096711,0.31356679483346
643,0.964894141297,0.0374836053835,0.55086865919325,5,0.083887077679614,-0.062711109489186,0.31358169498211
644,0.97101701448625,0.18591221513925,0.5412880290945,5,0.083895461706764,-0.062716067612539,0.31357334162077
645,0.75485940317125,0.02197365877575,0.44526351846275,5,0.083913999468634,-0.062704890645908,0.31356803665426
646,0.9526483949185,0.1256642477495,0.57035957948625,5,0.083896211050229,-0.062715441369356,0.31358190348635
647,0.84786627918375,0.10150242475075,0.490224630001,5,0.083905075662021,-0.062711983048017,0.31357458111503
648,0.95775510658525,0.219773510111,0.44166056218025,5,0.083885409190364,-0.062726350099007,0.31356764560711
649,0.818532016088,0.024090321183,0.5256112419695,5,0.083908654862556,-0.062718011181087,0.31357066562982
650,0.8803261102565,0.18124359690925,0.4009267948355,5,0.083896300394616,-0.062721270233537,0.31356777323858
651,0.77439180091325,0.06606397995875,0.50616449475975,5,0.083910642977569,-0.062702953018708,0.31357306423792
652,1.0016313804322,0.0815739265665,0.5674914362475,5,0.083886836608001,-0.062711058801491,0.31358215023203
653,0.94098947987225,0.015438444792,0.45663019166525,5,0.083903154950258,-0.062715591874057,0.31357009693021
654,0.7994486559465,0.17240848088925,0.448132845748,5,0.083911162519396,-0.062704494691094,0.31357353502944
655,0.81942026836875,0.10117531834725,0.419967714489,5,0.083915819030976,-0.062708682649151,0.31357158844324
656,0.9087721210715,0.21305505649825,0.517076346605,5,0.083902548878762,-0.062719784945861,0.31357274317687
657,0.8721577587,0.2895495039125,0.35014374021175,5,0.083875079467376,-0.062732699585639,0.31356767252415
658,0.9777267190075,0.06624721958775,0.389977393543,5,0.083888969453554,-0.062724785127603,0.31356683979415
659,0.88428062831475,0.26579725407225,0.56233187009625,5,0.083886996081417,-0.062717662340148,0.31357525804888
660,0.8278946667615,0.17273558729275,0.51838976126,5,0.083906298045446,-0.062706455025979,0.31357284088196
661,0.7064483320215,0.26499221363825,0.38888018120675,5,0.083893509365461,-0.062723144717822,0.3135686666736
662,0.71116822559675,0.2209173536485,0.436968902215,5,0.083900930839326,-0.062702663196252,0.31356994078045
663,0.91591115578325,0.0815739265665,0.553736802432,5,0.08390517315267,-0.062719934438569,0.31358224130851
664,0.8920064943585,0.059528765975,0.50967137721075,5,0.083906195833192,-0.06271691493736,0.3135823745224
665,0.63296827011125,0.006645241949,0.5767701334705,7,-0.39436088625476,-0.012082060697153,-0.00101174760936
666,0.73372731619925,0.09270922190775,0.563862942604,7,-0.39435667368331,-0.012080478830004,-0.0010056055379222
667,0.6109886431525,0.098943330966,0.5019161746915,7,-0.39437112727999,-0.012076649187094,-0.0009958838588053
668,0.6631257024585,0.04861890072475,0.53290058952275,7,-0.39434978025613,-0.01207478260853,-0.0009781189679196
669,0.73855078605675,0.31332328125475,0.5511477084535,7,-0.39437475992616,-0.012090254064831,-0.0010180763173018
670,0.588008099781,0.09177578114225,0.619903819257,7,-0.39435768285845,-0.012081189388359,-0.0010124214753041
671,0.51778003945325,0.03032443024125,0.530091165034,7,-0.39436086165138,-0.012079095505114,-0.0010128746607235
672,0.58083121080525,0.05696967219025,0.54578571863925,7,-0.39436194833826,-0.012077766560138,-0.0010056304977768
673,0.81467669434475,0.25538786136025,0.6288680488855,7,-0.39435531621372,-0.012088898448489,-0.0010062081015413
674,0.46312020587175,0.03032443024125,0.46716447780225,7,-0.39436492213046,-0.012121885028245,-0.0010468505862301
675,0.500263418068,0.3290000767755,0.40733586504175,7,-0.39441519759832,-0.012104258099759,-0.0010485552172187
676,0.6107625560885,0.1757230986935,0.5624823711635,7,-0.39437941796363,-0.012094579346377,-0.001027036285311
677,0.64229281205725,0.18289064851725,0.49111689011475,7,-0.3943847911656,-0.012094324544306,-0.0010304802813697
678,0.666770159695,0.1972824037215,0.645137645983,7,-0.39435897289053,-0.012086576891605,-0.0010125095785191
679,0.532786242074,0.245909068718,0.51666133365275,7,-0.39438083626092,-0.012096083320124,-0.0010276176566958
680,0.5887938456805,0.267468373746,0.59931660847225,7,-0.39435975153351,-0.0120893609697,-0.0010117436854785
681,0.716932976559,0.2337094573115,0.58563000670875,7,-0.39438209047144,-0.012081833849176,-0.0010106057166738
682,0.705659456219,0.203799380818,0.5204072425745,7,-0.39438147878383,-0.012076479705202,-0.0010102900333547
683,0.756230421395,0.19385246094325,0.62739164436675,7,-0.39435425561171,-0.01208708540544,-0.001001245901337
684,0.744956901055,0.16394238444975,0.5621688802325,7,-0.39435392663654,-0.01208629426313,-0.0010011220417457
685,0.62237982056425,0.0237632147795,0.3533879534485,2,-0.081970338395959,0.20936307619665,-0.26982247687084
686,0.4770179423335,0.03032443024125,0.39163672426375,2,-0.081975815298841,0.20934607859465,-0.26983478599672
687,0.50398139692525,0.14156077813075,0.10108722923,2,-0.081958402472954,0.20934397419815,-0.26984328558436
688,0.5652836662435,0.07408764502075,0.368646685548,2,-0.081975394749152,0.20934570455733,-0.26983568470733
689,0.5475892138695,0.02453924145875,0.056313669796,2,-0.081958823408964,0.20934031392194,-0.26984232181368
690,0.67654494271975,0.0287434131315,0.020855342289,2,-0.081980687197534,0.20933893978895,-0.26984847043499
691,0.606582143771,0.13863853258325,0.28877129030175,2,-0.081976691786978,0.20934378574914,-0.26985015134854
692,0.64308168785975,0.2440834813375,0.359589828747,2,-0.081997253518393,0.2093606164818,-0.26984025714487
693,0.6735688869225,0.235320368416,0.02254952183125,2,-0.081974463445971,0.20933777167802,-0.26985178863087
694,0.464391342153,0.15597009517675,0.1977562004535,2,-0.081967098125609,0.209325217324,-0.2698351041153
695,0.6512072202445,0.13783354215275,0.06340486412025,2,-0.081957998306842,0.20934146525656,-0.26984258588873
696,0.62774946650425,0.088314102342,0.2218816066295,2,-0.08197953431281,0.20933906294545,-0.2698495359112
697,0.72306243299375,0.0287434131315,0.06709848921975,2,-0.081991635929931,0.20935188042613,-0.26984897877485
698,0.703373504493,0.093294300694,0.109648011051,2,-0.081972384141192,0.209339353702,-0.26984968946567
699,0.60770040885475,0.27359274190175,0.02254952183125,2,-0.081951457076109,0.20934103189653,-0.26984439393658
700,0.49048306490875,0.02453924145875,0.015458327507,2,-0.081959189803668,0.20934019043745,-0.26984216255378
701,0.6530759964825,0.22468705134875,0.2905137180775,2,-0.081977660667823,0.20933970643251,-0.26983436298238
702,0.70605511733125,0.0237632147795,0.24271513772825,2,-0.081998802581787,0.20936516451354,-0.26983719221301
703,0.6194195634565,0.07328265459025,0.020855342289,2,-0.081958341721817,0.20933944523202,-0.26984183534894
704,0.5751923655495,0.239872395074,0.30405233465425,2,-0.08197631159651,0.20934534647976,-0.26983433803835
705,0.43996437347125,0.0735270056185,0.015458327507,2,-0.081962650592121,0.20933766686105,-0.26983062609727
706,0.51213983013175,0.10349944606725,0.23002320842425,2,-0.081974329746018,0.20934666404976,-0.26984996553231
707,0.528698512838,0.1538238763085,0.3023099068785,2,-0.081977075752939,0.20934641562532,-0.26983739662721
708,0.487087260937,0.263405907157,0.20831238399925,2,-0.081976986459857,0.20932542021852,-0.26985575284431
709,0.69628437886,0.088314102342,0.19277836569775,2,-0.081979114142581,0.20933796275368,-0.26985097289951
710,0.6375202049755,0.0237632147795,0.27181837866,2,-0.081997534040564,0.20936245011193,-0.26983971572406
711,0.56300824255025,0.0445508875625,0.17420957948975,2,-0.08197899053406,0.20933603153068,-0.26985020288947
712,0.5793768706575,0.08909012902125,0.09886319162725,2,-0.081958558628472,0.20934311012692,-0.26984345541476
713,0.401065117193,0.03894855850475,0.24053388327425,2,-0.081964096367094,0.20931118829391,-0.26983586973455
714,0.5099432684445,0.228576564748,0.065628901723,2,-0.081978752560356,0.20934033042789,-0.26985549539007
715,0.8455182857305,0.0838033894835,0.16988258331375,5,0.083886795308852,-0.06272279051993,0.31356185946825
716,0.98301761873075,0.23179836347625,0.05200792118475,5,0.083879709130049,-0.062734619505482,0.31355738408799
717,0.750904885113,0.06573687355525,0.389664432317,5,0.083901209731358,-0.062708019064637,0.3135738906389
718,0.95806209908525,0.019252501921,0.15634947801175,5,0.083881711062299,-0.062729282080405,0.31355847553911
719,0.941976344648,0.37979617925375,0.01908313931925,5,0.083880131252329,-0.062740095148362,0.31355246603384
720,0.90473149700375,0.240946489212,0.094557443016,5,0.083878285475006,-0.062733468855193,0.31355575322001
721,0.941713878273,0.21760564596925,0.17252892875,5,0.083882626948592,-0.062733278720806,0.31356125021483
722,0.80509302969475,0.195145299646,0.02254952183125,5,0.083883884431896,-0.062738120918765,0.31356161349994
723,0.8754329003905,0.1856543884355,0.05547430369675,5,0.083878621627769,-0.062734379399431,0.31355643666946
724,0.7991430351215,0.0237632147795,0.33265202835675,5,0.083901105821046,-0.062705301093111,0.31357238530286
725,0.777860027873,0.0237632147795,0.2700249281255,5,0.083887975767207,-0.062719503586168,0.31356200411337
726,0.9090745739715,0.13461216427925,0.201610922117,5,0.083882604440982,-0.062732090099476,0.31356280585035
727,0.99070140338675,0.10235664466125,0.0129247818655,5,0.083879335160839,-0.06273364806532,0.31355761406472
728,0.90280561354725,0.0077013809135,0.00508652115325,5,0.08387856435873,-0.062731700159883,0.3135605908744
729,0.84885899341875,0.0838033894835,0.12680397178075,5,0.083888937527245,-0.062724301902981,0.31356126585188
730,0.75230907814275,0.26493074499575,0.02254952183125,5,0.083880256382827,-0.06273698246797,0.31356456423808
731,0.90029772267875,0.11001043436725,0.3727616635765,5,0.083905692981483,-0.062713862095718,0.31357100640801
732,0.99070140338675,0.019252501921,0.0881843453255,5,0.083878585269459,-0.062733733019909,0.31355792351072
733,0.89450581084425,0.019252501921,0.15241958263575,5,0.083883173430912,-0.062728927701873,0.31355734781859
734,0.9614028067735,0.0469538828345,0.03801130301875,5,0.083879942708195,-0.062732607949282,0.31355853034485
735,0.86765841837725,0.07457198957525,0.318137220229,5,0.083903726739461,-0.06271261062546,0.31357129083453
736,0.9537190221175,0.17650626269975,0.0129247818655,5,0.083880037800152,-0.062735545224372,0.31355810677946
737,0.9873606956985,0.07006127671675,0.2092344425925,5,0.083880954100272,-0.062732568319025,0.31355980639406
738,0.945087414706,0.03080877479575,0.3353529501955,5,0.083894353855897,-0.06271144551641,0.31356802412814
739,0.9873606956985,0.03080877479575,0.27665574534025,5,0.083888339762696,-0.062724263916572,0.31356672641214
740,0.79472876237125,0.23185367088275,0.35522603444,5,0.083886627008815,-0.062729164042089,0.31356671417751
741,0.83164557764275,0.13912287713775,0.25181649489825,5,0.083885118353435,-0.062725178491974,0.31356650857642
742,0.8831166850465,0.111504770397,0.08056082485,5,0.083884503327844,-0.062734693294401,0.31356323850978
743,0.778687534059,0.22517139590325,0.26074017785025,5,0.083882413651827,-0.062731648313563,0.31356302651643
744,0.76808928940175,0.088314102342,0.220088156095,5,0.083882797304751,-0.062733478965598,0.31356402632643
745,0.8411598079565,0.332596793994,0.10652307039525,5,0.083883786654327,-0.062735179303721,0.31356179516051
746,0.98301761873075,0.30335138520875,0.01908313931925,5,0.083879052293653,-0.062733172085297,0.31355691480361
747,0.79820805122375,0.0287434131315,0.051329668084,5,0.083886542444693,-0.062734647477347,0.31354883511298
748,0.8324657428515,0.056444794045,0.00508652115325,5,0.083879201477138,-0.062735056080698,0.313544543143
749,0.778519122723,0.093294300694,0.09387918991525,5,0.083884156902227,-0.062735853500397,0.31356287509318
750,0.81277681435075,0.1209956816075,0.0476360429845,5,0.08388436353277,-0.062737154378461,0.31356347379421
751,0.93440265211475,0.3013098230605,0.25219150111,5,0.083877753770501,-0.062737097448513,0.31356100898233
752,0.85611653038775,0.26440166281375,0.21669296252275,5,0.083876494838608,-0.06273482215186,0.31356058636692
753,0.6303619669495,0.41110920836775,0.250213919223,2,-0.08197280163187,0.20932173938436,-0.26985228758011
754,0.6039486798455,0.33648931242325,0.068564032884,2,-0.081970559703425,0.20932520809636,-0.26985261812229
755,0.57558014990375,0.3182173835675,0.3636770231845,2,-0.081998549611061,0.20935676473899,-0.26984077817074
756,0.605508281091,0.39381392965325,0.354005725578,2,-0.081997663514402,0.209357204358,-0.2698418149182
757,0.64775925161175,0.34973911960325,0.1946897126995,2,-0.08196975996881,0.20932791272381,-0.26985724777134
758,0.65127405133175,0.361177427101,0.11760089706125,2,-0.081968468147134,0.20932842313675,-0.269856537338
759,0.58132960162725,0.296983776813,0.24232181974575,2,-0.081980718730002,0.20934299452903,-0.26985150260425
760,0.574314409942,0.41730242408225,0.28839460413,2,-0.081990568506842,0.20930457975398,-0.26986565637312
761,0.95642831095275,0.433896391288,0.18832467088425,5,0.083871401272296,-0.062740055698765,0.31356457625369
762,0.7963221074355,0.4143868068765,0.02489040924475,5,0.083878087028205,-0.062731752756095,0.31355661274999
763,0.70366186406325,0.373206114326,0.1935656108915,5,0.083871091204708,-0.06274474858852,0.31356723942099
764,0.686264579401,0.4345762030905,0.249089817415,5,0.083871970747115,-0.062746262188759,0.31356934431674
765,0.76145205511875,0.47474725414475,0.39266685115725,5,0.083865683801047,-0.062712392459482,0.31356568071043
766,0.87840465560075,0.39989346230325,0.063973548564,5,0.083879132401216,-0.062732599791518,0.31355331205875
767,0.97895872591725,0.444187616301,0.065386201221,5,0.083880493981084,-0.062739457699903,0.31355083805257
768,0.72730585348375,0.48127819100225,0.28373893904575,5,0.083856546691399,-0.062724929764966,0.31357815349584
769,0.9721582968055,0.51704508962125,0.291186913096,5,0.083869469251898,-0.062729199599237,0.31357022975772
770,0.713610351924,0.442262341265,0.407054593704,5,0.083863153905838,-0.062716943811064,0.31356850053426
771,0.97895872591725,0.52740242009125,0.02630306190175,5,0.083883424118118,-0.062744391716176,0.31355129978062
772,0.822989259873,0.4568162624845,0.2637132711095,5,0.083859468509884,-0.062723388545818,0.31357534143322
773,0.8708309630675,0.38140385496775,0.21911042462075,5,0.08387640934036,-0.062737294868949,0.31356780876207
774,0.70717666378325,0.38464442182375,0.11647679525325,5,0.083881533053185,-0.06273433546949,0.31355939396304
775,0.75907725979125,0.34709013856725,0.067439931076,5,0.083880508644939,-0.062736717076947,0.31356368116074
776,0.88310778486825,0.56740049699525,0.19360375960575,5,0.083861196106491,-0.062723622057034,0.31357852107065
777,0.689118859167,0.382175878536,0.39887457324475,5,0.083883278765342,-0.062713958747913,0.31356541941844
778,0.7925448413405,0.344495694721,0.1836118860335,5,0.083881841207991,-0.062733881570128,0.31356208965984
779,0.72708860493825,0.4944091645795,0.358654182761,5,0.083859636798536,-0.062715327335202,0.31356734624504
780,0.8252409927115,0.43217252167375,0.35090925861575,5,0.083885769217303,-0.062713092351204,0.31357130309847
781,0.7225573721415,0.327488064751,0.437836223311,5,0.083885220205436,-0.062713681955242,0.31356635572575
782,0.88990821398,0.54084216366025,0.10991777379775,5,0.083886632302096,-0.062744469081866,0.31355629015916
783,0.90858660775825,0.50930879880475,0.232927517373,5,0.083878419231781,-0.062733052908939,0.31356546272485
784,0.91538703687,0.4642848993505,0.11027661046575,5,0.083883193701097,-0.062743006096029,0.31355501382131
785,0.6227329343475,0.521644998952,0.46577234273225,7,-0.39438427758208,-0.012090438537593,-0.001020178918023
786,0.4983075180735,0.41777776322,0.41001292655925,7,-0.39441759051678,-0.012096856294581,-0.0010492840839408
787,0.64714876948125,0.43522947645625,0.43220784508525,7,-0.39437903872257,-0.012090830979368,-0.0010230689106629
788,0.68651143432575,0.5265766625465,0.4751559082135,7,-0.39438359455146,-0.012090167504108,-0.001024180833793
789,0.55750226101575,0.4925552345985,0.488446271873,7,-0.39437995994196,-0.012079618610592,-0.0010242430830494
790,0.56353819140525,0.4468675275735,0.3873389974185,7,-0.39439508441352,-0.012084637530452,-0.0010336440846019
791,0.5819180961495,0.40613971210275,0.454881774226,7,-0.39439684011817,-0.012086332344585,-0.0010350937870391
792,0.4618347509695,0.52795201019975,0.4680438717325,7,-0.39439255423433,-0.012081733801588,-0.0010384450133708
793,0.42960048216825,0.47548628716225,0.410071290669,7,-0.39438813518468,-0.012082470850338,-0.0010393279438537
794,0.512067850363,0.48060669683925,0.5246183517105,7,-0.3943852102181,-0.012087021292599,-0.0010233089673157
795,0.54039363791775,0.65283654579975,0.4273383491515,9,0.58681150129521,0.35923284298123,-0.51131284791131
796,0.5452234701435,0.5213776956435,0.337527696975,9,0.58678567840193,0.35921729328856,-0.51131879757217
797,0.65032473241825,0.66916733560875,0.440813704993,9,0.58680841146522,0.35924678507268,-0.51129300601818
798,0.57745773894475,0.573843418681,0.3955002780385,9,0.58680747832604,0.35922969522208,-0.51130621789997
799,0.49610243714625,0.62412954724625,0.39383221561425,9,0.58683172139311,0.35926970417241,-0.51130791735316
800,0.641236238923,0.5787750822755,0.40488384351975,9,0.58684058286206,0.35926333667777,-0.51131149347887
801,0.706090801212,0.56681813143525,0.34337969918,9,0.58680191874031,0.35921424363182,-0.51132164046149
802,0.48391941027775,0.53711256081,0.35113796523075,9,0.58682547243272,0.35923589841507,-0.51130545776539
803,0.49000132327425,0.636034901672,0.47720801370475,9,0.58681964509116,0.35923583110433,-0.51130839407328
804,0.810964246014,0.5605845065195,0.063614711896,10,-0.043290097061847,-0.65398249558145,-0.63128659925433
805,0.486222535564,0.52610611907025,0.2128303434795,10,-0.043258105982275,-0.65396961052047,-0.63127657413731
806,0.5606363206935,0.4229162486315,0.02601451105275,10,-0.043276546567023,-0.653964179343,-0.6312858160533
807,0.7063080497575,0.553687157858,0.26846445546475,10,-0.043284737407947,-0.65400543651601,-0.63124763260224
808,0.693436755101,0.62266593321325,0.1230571825485,10,-0.043294041631789,-0.65398654771847,-0.63128293071442
809,0.66526677567475,0.50698516994625,0.233815333834,10,-0.043291020906507,-0.65398418558454,-0.63129822871254
810,0.60796169217975,0.44760436330925,0.07505137523,10,-0.043275167373911,-0.653964258525,-0.63128651627143
811,0.75436052073875,0.498520586783,0.02489040924475,10,-0.043291700337487,-0.65398269783708,-0.63128780145689
812,0.5834490887335,0.50857502266725,0.13686570728725,10,-0.043277122626812,-0.65396532729881,-0.63128575062327
813,0.60936416322325,0.4835181752235,0.234939435642,10,-0.043297156060256,-0.65401212841348,-0.63121804450099
814,0.682006214098,0.53934759156425,0.13574160547925,10,-0.043281584187212,-0.6539538931883,-0.63131346064291
815,0.50955458896975,0.5591868258315,0.12561279439525,10,-0.043263268902855,-0.65396859874053,-0.63127067400662
816,0.55331660621575,0.489711390938,0.273120120549,10,-0.043268838279939,-0.65402014349481,-0.63124246665476
817,0.62397942226625,0.559422608632,0.0908511962345,10,-0.043279169450782,-0.65395432840262,-0.63131292781761
818,0.6484920257125,0.498451949274,0.02903686417725,10,-0.043293038895672,-0.65398154975559,-0.63129269771664
819,0.70651881754425,0.47837693220625,0.073927273422,10,-0.043279709361115,-0.65395277873008,-0.63131367766613
820,0.7245390198725,0.622788424475,0.2067431683565,10,-0.04329368967216,-0.65398647808683,-0.63128397675973
821,0.67045758496775,0.68773399470475,0.9898597674415,1,0.13207065040359,0.21111616330746,0.10642579656027
822,0.5842907599565,0.755290392422,0.7840986683235,1,0.13206679602845,0.21111089740189,0.10642174293604
823,0.58575985618225,0.77860086055975,0.89890853817575,1,0.13206669803347,0.21111333855938,0.10642476233973
824,0.5676979746275,0.831590173153,0.556950479977,1,0.13205838424866,0.21111387693392,0.10640946261965
825,0.6299097481475,0.98318201243875,0.88740038614925,1,0.1320668262821,0.21111246619312,0.10642210283125
826,0.73235163605525,0.89764205149175,0.68468647394225,1,0.13206433800587,0.21111310050787,0.10642502151716
827,0.46785611008175,0.98318201243875,0.7942847347575,1,0.13206880707588,0.2111059760808,0.10641969567684
828,0.50030132945125,0.738838012681,0.65842322403625,1,0.13206812794736,0.21111193480643,0.10642191031551
829,0.52059888513175,0.73254246659275,0.931163194133,1,0.13206728062977,0.21111213452891,0.10642193560645
830,0.56787682710025,0.90634707708025,0.9554906880855,1,0.1320708037549,0.21111403701136,0.10642206387486
831,0.65174912093775,0.864396652145,0.98774534404275,1,0.13206874184359,0.21111558605363,0.10642663660386
832,0.584424744209,0.63483692558375,0.93327761753175,1,0.13206858982139,0.21111654048221,0.10642274295055
833,0.5265597564705,0.8384589559315,0.65069223419175,1,0.13205813262366,0.21110850513432,0.10641035062822
834,0.66684724585275,0.68317716467125,0.83258716040075,1,0.13206656134665,0.21111143691129,0.10642326150801
835,0.4321194496605,0.98318201243875,0.886439774224,1,0.13206829512749,0.21111429458048,0.10642080801993
836,0.62700080639075,0.7112826471145,0.9010229615745,1,0.13206870759824,0.21111769261124,0.10642466698623
837,0.5606496578425,0.840020385265,0.9554906880855,1,0.13207085650165,0.21111405506505,0.10642231164747
838,0.66591521629375,0.7554259078875,0.67850326284475,1,0.13206545110748,0.21110980411491,0.1064234429007
839,0.66925694009525,0.7602604511385,0.95760511148425,1,0.13206558341841,0.211113926918,0.10642397125263
840,0.522343078468,0.656096745062,0.96341785009025,1,0.13207115535545,0.21111373446697,0.10642182928458
841,0.6140794815245,0.62692895409125,0.9898597674415,1,0.13207108373101,0.21111629049095,0.10642376431949
842,0.57271235099275,0.849858082146,0.654784024552,1,0.1320595136379,0.21111802337727,0.10640922624561
843,0.60199574094325,0.90267725453775,0.737339238447,1,0.13206649214091,0.21111266946956,0.10642268971151
844,0.478333089555,0.614700407271,0.91934205576225,1,0.132070910185,0.21111399831101,0.10642191099101
845,0.6095628150385,0.81304009458475,0.71468440806125,1,0.13206655555468,0.21111297045185,0.10642588528154
846,0.5843827888935,0.87683837282625,0.98774534404275,1,0.13206593561368,0.21111372081221,0.10642403617833
847,0.450921376763,0.86999720150675,0.6600679449815,1,0.1320671344735,0.21111377915982,0.10642157552465
848,0.49528970263325,0.9431650646415,0.98774534404275,1,0.13206791796813,0.21111294131,0.10642159546106
849,0.4342048849565,0.89228339733725,0.98774534404275,1,0.13207104765782,0.21111405098877,0.10642181497146
850,0.495488686792,0.793961991298,0.98774534404275,1,0.13206770848296,0.21111253160661,0.10642146684333
851,0.47658889621875,0.69114612880175,0.887087399805,1,0.13207100035523,0.21111409803002,0.10642203774921
852,0.65497324725925,0.939495242099,0.7114122561155,1,0.13206503127143,0.2111110860118,0.10641814322192
853,0.5211818688915,0.69248743673275,0.73192927465875,1,0.13206250472754,0.21111497492873,0.10641360329672
854,0.5769322418315,0.9463640248775,0.91332736848075,1,0.13206475492975,0.21111340925695,0.1064230209847
855,0.5043451173645,0.98318201243875,0.945582024438,1,0.1320668438829,0.21111271191869,0.10642213532128
856,0.441631038373,0.809407015809,0.98774534404275,1,0.13206790933261,0.21111275815808,0.10642136329821
857,0.7376080984985,0.68349022057525,0.86368299017575,1,0.13206560338035,0.21111271517787,0.10642430395475
858,0.47864097620425,0.6744015670795,0.802663350183,1,0.13206807356076,0.21110969164029,0.10642144047847
859,0.64064316121175,0.69767620572475,0.747917523107,1,0.13206193784301,0.21111617055582,0.10641224871981
860,0.56066890225275,0.9463640248775,0.82117232901425,1,0.13206476762675,0.21111332893916,0.10642307813838
861,0.61364640856875,0.98318201243875,0.79524534668275,1,0.13206324557845,0.21110993974871,0.10641802368629
862,0.7357265309945,0.80320987723325,0.67443231105725,1,0.13206309623998,0.21111694641882,0.10642240243526
863,0.755242074534,0.52098318428425,0.96313785291075,4,0.10780323136669,-0.089110555152396,0.56135769420361
864,0.6616836081585,0.40132199114325,0.9886241730455,4,0.10780257819677,-0.089105426324504,0.56135234073282
865,0.6787599889145,0.4750982678865,0.9886241730455,4,0.10780321990433,-0.089105335059784,0.56134994995194
866,0.6127347544455,0.35819450836925,0.955413582265,4,0.10780634059832,-0.089103888893168,0.56134927082149
867,0.732698062044,0.36288809165875,0.9886241730455,4,0.10780222364541,-0.089106592688674,0.56135584142442
868,0.796637060968,0.40816189564975,0.9308608102145,4,0.10780203615598,-0.089106668690146,0.56135567434077
869,0.66071902142525,0.31708657663475,0.88581388304575,4,0.10780243472631,-0.089106324795765,0.56135277248464
870,0.64814066486575,0.3987708248705,0.829231733136,7,-0.39437283672336,-0.012091950283933,-0.0010240783190681
871,0.57859699343675,0.44446058269475,0.7761835104685,7,-0.39437902517675,-0.012087781094893,-0.0010259704221026
872,0.78007399616575,0.531582764573,0.87523425752125,7,-0.39436120004039,-0.012089663905987,-0.0010157564004341
873,0.67328202621675,0.57468445115775,0.8334659894035,7,-0.3943613695336,-0.012093825449477,-0.0010178487897157
874,0.58759504373375,0.57556449018625,0.636270327367,7,-0.39438215142865,-0.012088848923169,-0.0010218136965096
875,0.50931873518875,0.550568455803,0.91934205576225,7,-0.39435793492431,-0.012094748879164,-0.0010215485026547
876,0.63068737524725,0.4770853854085,0.681480498,7,-0.39437920419231,-0.012087628570266,-0.0010259120624925
877,0.7058284120495,0.4822741544005,0.69746874644825,7,-0.39438040731686,-0.01209238287263,-0.0010229056597842
878,0.76668762857275,0.45429394318875,0.7928253098215,7,-0.39436122274036,-0.012093663247011,-0.0010134808699926
879,0.74979938170025,0.538274006913,0.83228477648225,7,-0.39436306227666,-0.012093991536959,-0.0010126906414461
880,0.600156397886,0.439878756605,0.89883143235525,7,-0.39437024177499,-0.012092839672593,-0.0010235757741607
881,0.52189733488425,0.4774664280735,0.88613146498175,7,-0.39437049592126,-0.01208688232394,-0.0010240108279501
882,0.662736080536,0.58075325917825,0.65225857581525,7,-0.39437282394538,-0.012091573558197,-0.0010233085997351
883,0.73321137799775,0.56008523732525,0.93299762035225,7,-0.39436170820287,-0.012105725280696,-0.0010216854833872
884,0.65672929237825,0.5142003209275,0.958483940487,7,-0.39436165395538,-0.012090097542681,-0.0010162610666529
885,0.6077184498325,0.54624731291025,0.9898597674415,7,-0.39436579065852,-0.01209297737951,-0.0010226862152254
886,0.62707455506275,0.52210829242,0.90190179057725,7,-0.39437228237548,-0.012093079273345,-0.0010225245717465
887,0.69017027308925,0.4907043874335,0.79400652274275,7,-0.39436071795951,-0.012090143843276,-0.0010147361683904
888,0.578063712517,0.55415528440275,0.93327761753175,7,-0.39435821233891,-0.012093909730411,-0.0010207613765715
889,0.912681773366,0.77923469068325,0.93172655039575,1,0.13206204302063,0.21111438009362,0.10642752439899
890,0.74057863889525,0.6594563611035,0.9898597674415,1,0.1320624275385,0.211114773121,0.10642734196786
891,0.98792766107175,0.7356443318455,0.803494550249,1,0.132059096932,0.21111981373242,0.10644110364394
892,0.7690833578365,0.6107916129835,0.96437344730675,1,0.13206488026318,0.21111504989173,0.10642682576763
893,0.9928805087115,0.7973797845855,0.98946752648775,1,0.13205293427325,0.21112483594367,0.10644432892378
894,0.9057124451135,0.898328110036,0.71427247668775,1,0.13205649651453,0.2111056447522,0.10642798299112
895,0.84733083635725,0.98318201243875,0.7930527323735,1,0.13205469148466,0.21111183155384,0.10642750129941
896,0.7109762901955,0.93072334396025,0.98774534404275,1,0.13206766741127,0.21111652726727,0.10643017594045
897,0.98792766107175,0.714251074766,0.73729652593175,1,0.13204813579781,0.21111063319635,0.10642682427258
898,0.8363481959305,0.69752120915875,0.82288992774025,1,0.13206154037513,0.21111196003021,0.10642757432484
899,0.9928805087115,0.90733531216775,0.99259948584825,1,0.1320593703319,0.211113423978,0.10643066718719
900,0.77588367018025,0.893905356399,0.9554906880855,1,0.13206200871676,0.21111383910379,0.10642747870681
901,0.9928805087115,0.848987957434,0.962067012336,1,0.13206757831823,0.21111720318447,0.10643199427604
902,0.8309568203785,0.9413288218315,0.72015787937425,1,0.13206073329351,0.21111334564539,0.10642882072775
903,0.78677755485,0.7927819398005,0.93000436795075,1,0.13206171620673,0.21111334151516,0.10642996189865
904,0.77073887971675,0.9463640248775,0.89730904979675,1,0.13206539415923,0.21111451175206,0.10642379182411
905,0.705831499732,0.98318201243875,0.929563705754,1,0.1320652119638,0.21111436041424,0.10642409354314
906,0.779853928934,0.90451083427025,0.778428228157,1,0.1320653752638,0.21111438740625,0.10642394733024
907,0.993489065196,0.9769992882045,0.78273782157,1,0.1320508151837,0.21110972610421,0.10643001846865
908,0.78500765932575,0.7508084340205,0.861568566777,1,0.13206569152464,0.21111209566709,0.10642415474529
909,0.993489065196,0.94874325421475,0.840143419961,1,0.13205677480485,0.21110601496034,0.10642607789867
910,0.92208646109225,0.94018130064325,0.787167329687,1,0.13205508470672,0.21110747157347,0.10642665273465
911,0.9488350410565,0.7917287334865,0.82221253456125,1,0.13205617927012,0.21110796539961,0.10642710043692
912,0.9468215457415,0.6775216270425,0.8420752710895,1,0.13205988335276,0.21111118009932,0.10642994317916
913,0.90772892572625,0.7336060286835,0.86079325540175,1,0.13206156219564,0.21111338517655,0.10642778369321
914,0.83217705442475,0.886246793537,0.98774534404275,1,0.13206184484771,0.2111139779936,0.10642757958928
915,0.98090737998475,0.85357791191975,0.8657453154035,1,0.13206251039752,0.21111351907785,0.10642759696672
916,0.993489065196,0.99174396601025,0.90421046093625,1,0.13205184429751,0.21110984143495,0.10643046930603
917,0.95177439338125,0.74270756258825,0.98946752648775,1,0.1320564333771,0.21111623658684,0.10643082106013
918,0.90595009027375,0.808222897613,0.73386418643375,1,0.13205768344355,0.21110461825233,0.10641346820395
919,0.82764082044575,0.98318201243875,0.8835777371135,1,0.13206615151023,0.21111785676427,0.10643099132922
920,0.95439644518075,0.954925978449,0.9143588612505,1,0.13205373338058,0.21111073858348,0.10642746832726
921,0.95378788869625,0.91044942802575,0.960344829891,1,0.13206225951695,0.21111415201089,0.10642785240046
922,0.97889388466975,0.68776263262725,0.9130085660835,1,0.13204675792138,0.21110693617354,0.10643017823874
923,0.910668278051,0.721448352828,0.963981206353,1,0.13205152344487,0.21110968771853,0.10643030494554
924,0.90178788869625,0.9387054620155,0.98774534404275,1,0.13206833869186,0.21111661504972,0.10643128110716
925,0.9377877693395,0.686060696413,0.963981206353,1,0.1320454653844,0.21110606879886,0.10643031263102
926,0.78322882387325,0.81007866001175,0.768174065272,1,0.13206558508198,0.21111457446466,0.10642485067937
927,0.95378788869625,0.852102073292,0.92981235637875,1,0.13205982829507,0.21111327512555,0.10643063355311
928,0.73937799402275,0.72546372635525,0.9321187913495,1,0.13206592116872,0.21111495128596,0.10642357011815
929,0.90239644518075,0.98318201243875,0.94175937540225,1,0.13206652324293,0.21111738576282,0.10643067238094
930,0.95439644518075,0.9119252666535,0.85029182027525,1,0.13206196479306,0.21111383424684,0.10642781138378
931,0.7816847542255,0.6676773885,0.96437344730675,1,0.13207254098194,0.21111280413524,0.10642615853771
932,0.834569360478,0.75679143515,0.72949542623525,1,0.13206457504467,0.21111681740254,0.1064223151678
933,0.8430709390945,0.7851233769385,0.962259023908,1,0.13206678283802,0.21111778049456,0.10643156079632
934,0.8410574437795,0.72733703908325,0.99451367986525,1,0.13206805593143,0.211117617753,0.10643204089866
935,0.802104692702,0.492480711532,0.90537449007975,4,0.1078031378694,-0.089112873490237,0.56136155200426
936,0.79111405437275,0.5716895599425,0.99451367986525,4,0.10780657665701,-0.089118715216708,0.56135348506491
937,0.873615156137,0.391790049051,0.9190490679325,4,0.10780798154855,-0.089098876258681,0.5613565914569
938,0.9377877693395,0.5639452564815,0.96022222374225,4,0.10780875885323,-0.089119787862016,0.56135557984741
939,0.92018890320125,0.43732281030625,0.9190490679325,4,0.10780508846749,-0.089099432808544,0.56135838592842
940,0.9846503875075,0.47232396885025,0.80746054070075,4,0.10780934460717,-0.089098370328235,0.56135581975911
941,0.87332628503325,0.541124532712,0.99451367986525,4,0.10780319741853,-0.089102881903818,0.56135866971881
942,0.9089647686295,0.38972749457275,0.9768124307635,4,0.10780471714415,-0.08910601610639,0.5613590079523
943,0.879082787871,0.49788194138125,0.93675031703425,4,0.10780379902998,-0.089098373509636,0.56135568131637
944,0.9377877693395,0.62399052086875,0.96022222374225,4,0.10781068549644,-0.089106104852074,0.56135761153789
945,0.97889388466975,0.58520446624175,0.985708543877,4,0.10780287100268,-0.08910384838863,0.56136080427207
946,0.9846503875075,0.5411041273215,0.79967546966775,4,0.10779762656798,-0.089098332183004,0.56135488876954
947,0.97889388466975,0.625692457083,0.90924958347275,4,0.10782506917433,-0.089119037886778,0.56137446037671
948,0.94354427217725,0.567709747174,0.85148622064175,4,0.10782360937365,-0.089104357034757,0.56137680258549
949,0.94354427217725,0.52070266515075,0.90245886091125,4,0.10780160406992,-0.089103205435944,0.56135652735154
950,0.9846503875075,0.46014353407575,0.8847576118095,4,0.10780958619776,-0.089099596342712,0.56135640803332
951,0.95257804857925,0.5714164451765,0.76303363079675,7,-0.39435935780153,-0.012089542865968,-0.0010119841117495
952,0.911471933249,0.598022065029,0.81484438177075,7,-0.39436006077642,-0.012089975510485,-0.001012609129139
953,0.98792766107175,0.6295227501105,0.72406649579825,7,-0.39436288231222,-0.012099740744887,-0.0010063601948057
954,0.85119989831425,0.56320246235325,0.71981275721525,7,-0.39437201112591,-0.012096215940543,-0.0010184016191376
955,0.785671361539,0.58246129138925,0.838174283302,7,-0.39436318665343,-0.012093668812265,-0.0010126618633661
956,0.84009120345325,0.59649227997275,0.7973812208665,7,-0.39435793162884,-0.012103676885629,-0.0010190993109184
957,0.5598275203155,0.921227333106,0.52608524795825,1,0.13206734645746,0.21110879358591,0.10641839008263
958,0.99452117711,0.6475321469555,0.16897472944525,5,0.083874051078363,-0.062743509775504,0.31356891637573
959,0.95347990302725,0.5761476424375,0.065027364553,5,0.083874881368888,-0.062743965049038,0.31356868704587
960,0.99452117711,0.62284963034925,0.09967648618375,5,0.083874744276865,-0.062743725512918,0.31356879985459
961,0.9466794739155,0.62738849237875,0.2180115936225,5,0.083861352336649,-0.062724284964864,0.31357930121257
962,0.7349503421105,1.001145690263,0.03856131171575,9,0.58686394964912,0.35929066622991,-0.5113032538473
963,0.83836833843825,0.96216565688725,0.18360817968475,9,0.586843047694,0.35927394178608,-0.51130202507125
964,0.805920958778,1.001145690263,0.0724053792565,9,0.58683124411304,0.35928124381943,-0.51129641821467
965,0.9349706166675,0.96659109130625,0.0484931891715,9,0.58686704365037,0.35929902868697,-0.51130239007202
966,0.9869706166675,0.98544540104325,0.09275679956675,9,0.58686817490714,0.359331934646,-0.51130423200876
967,0.43057443303275,0.96343707078875,0.08287600266575,9,0.58683550042107,0.35927941457027,-0.51130242114797
968,0.60073051821975,0.84544802448725,0.087928794437,9,0.58684067991397,0.3592962692756,-0.51130149204747
969,0.91541799632775,0.9276110579305,0.15969598959975,9,0.5868549160134,0.35927770512615,-0.51130800416343
970,0.64264418954975,0.91731362347,0.11831191307125,9,0.58683412635587,0.35928029764384,-0.5113047167299
971,0.58136616259475,0.73004765877425,0.45091985150075,9,0.58682969267926,0.35926225576604,-0.51131145012979
972,0.8995152551005,0.9087567481935,0.09330057400675,9,0.5868542108,0.35927625868322,-0.51130656446131
973,0.42368734305875,0.79388717626525,0.1054399869235,9,0.58683059287455,0.35929560789045,-0.51129947710185
974,0.5719830108035,0.828070747407,0.21784059390475,9,0.58683570695954,0.35927963838346,-0.51130131463202
975,0.430564447364,0.748071491911,0.296495131703,9,0.58683878567198,0.35929330032645,-0.51130475905914
976,0.8829706166675,1.001145690263,0.01384406754075,9,0.58682823451331,0.35930699606601,-0.5112978160191
977,0.70151579602575,0.70819884743225,0.29585634893975,9,0.58680565944909,0.35924379487396,-0.51129109260937
978,0.49891653471175,0.6938216945435,0.23768827589175,9,0.58683644894862,0.359267749989,-0.51130838705317
979,0.522182954494,0.853862852332,0.0515763531905,9,0.58683149680361,0.35927915044817,-0.51130480058323
980,0.490863596397,0.893048504463,0.240965995215,9,0.5868389394722,0.35929023750434,-0.51130353018523
981,0.822465597211,0.94331134715025,0.11721276409175,9,0.58684691247019,0.35927691013485,-0.51130478086039
982,0.46761110381325,0.891571471806,0.11105419574725,9,0.58684473643384,0.35929270232028,-0.51130223371051
983,0.77804254426925,0.87833359009425,0.1197211377975,9,0.58684180913317,0.35927800845291,-0.51130374786107
984,0.70949790583625,0.898459313733,0.07491375296225,9,0.58684002202849,0.35929642947759,-0.51130256855331
985,0.62607746975425,0.955022242944,0.23263681120025,9,0.58683851161777,0.35928144999676,-0.51129976154485
986,0.5842415754785,0.72652823302825,0.236256765853,9,0.58684491291237,0.35928991048889,-0.51130582449743
987,0.60263842362,0.85624957605,0.39459272867125,9,0.5868093702744,0.35924380806465,-0.51129166895456
988,0.5703796202275,0.89993634638975,0.30398729895225,9,0.58681158514632,0.35924859254867,-0.5112905971638
989,0.616609991804,0.75470706167125,0.3420821625995,9,0.5868322818018,0.35927040753138,-0.5113124853669
990,0.4851462837135,0.92572845131475,0.023398160109,9,0.58682395646836,0.35928242903096,-0.51129868872309
991,0.5371462837135,0.982291380526,0.023398160109,9,0.58683740301769,0.35928233001637,-0.51130356180684
992,0.65833627314675,0.91133547260425,0.32324224091925,9,0.5868478091697,0.35927184636821,-0.51129777651619
993,0.489260205821,0.96491410344575,0.3271127002625,9,0.58684196697092,0.3592785958974,-0.5113020479165
994,0.616096625824,0.982291380526,0.08195947182475,9,0.58683680430702,0.35928249845025,-0.5113035320425
995,0.74344763137525,0.8535011294915,0.2537247276255,9,0.58684542213844,0.35927335485476,-0.51129875410265
996,0.6829503421105,0.963437070789,0.03856131171575,9,0.58682838939806,0.35928760216015,-0.51129894885143
997,0.45127872287725,0.62511212814625,0.38000521928725,9,0.58682901529198,0.35927598815768,-0.51131404375298
998,0.71360605541825,0.7444104302195,0.0163524412465,10,-0.043277896564378,-0.6539512564578,-0.63131201690843
999,0.984544638433,0.79926474445425,0.09410562809675,10,-0.043291518104314,-0.65399289813865,-0.63128444976107
1000,0.510065561249,0.6398854148685,0.107776476424,10,-0.043264911729328,-0.65396411935451,-0.63128080552542
1001,0.9385470980915,0.7626327522155,0.059456506466,10,-0.043276184349725,-0.65394600509545,-0.63131227524641
1002,0.7745530838225,0.62375919359175,0.0999671531425,10,-0.043292013274152,-0.65398796713773,-0.63128494834486
1003,0.90748236268575,0.62641999615625,0.01872430265125,10,-0.043270238162426,-0.65395056742986,-0.63131496325153
1004,0.5194381899015,0.74484067610275,0.0081781930815,10,-0.04326560649007,-0.65396378421587,-0.63128206462943
1005,0.984544638433,0.7770514038005,0.16340387135825,10,-0.043270388558672,-0.65396863595673,-0.63129875335647
1006,0.968,0.9196952340465,0.01464912163075,10,-0.043253984034083,-0.65393783035861,-0.63128957173497
1007,0.4606607128605,0.684865000036,0.04596214436675,10,-0.043265477109534,-0.65396310842887,-0.63128167298182
1008,0.805655348594,0.6238816848535,0.1836531389505,10,-0.043287592802429,-0.6540070341451,-0.63124985739647
1009,0.932544638433,0.86186089093375,0.059456506466,10,-0.043274201218663,-0.65395045019716,-0.63130816258007
1010,0.9130682752015,0.709079355475,0.09818080911725,10,-0.043279935976431,-0.65395243758436,-0.6313131844487
1011,0.83377167607425,0.69514453503775,0.183570114541,10,-0.043286233647046,-0.65400709029068,-0.63124762845345
1012,0.8865470980915,0.825228898695,0.02480738483525,10,-0.043259567365533,-0.65394607607348,-0.63129228902634
1013,0.593899070324,0.63585310835425,0.06999252513875,10,-0.04326230144611,-0.65396294650208,-0.63128035586226
1014,0.82853839471975,0.618495108621,0.01872430265125,10,-0.043269956244069,-0.65395032838305,-0.63131490389991
1015,0.83561583892725,0.7255520546355,0.099884128733,10,-0.043277971831796,-0.65395110542483,-0.63131268127483
1016,0.80909466181725,0.80714699889875,0.06115982608175,10,-0.043277095207725,-0.65395184797283,-0.63131029111668
1017,0.959065815543,0.711156748757,0.16747905237875,10,-0.043290021958961,-0.65399255079837,-0.63129242480848
1018,0.74055002338425,0.8272727225375,0.0163524412465,10,-0.043259952472818,-0.65395050984715,-0.63128770011924
1019,0.64064026654025,0.74373142243225,0.044530634328,10,-0.043277442725015,-0.65395144128454,-0.63131361479014
1020,0.9740024596585,0.7266753808085,0.01464912163075,10,-0.043294101742323,-0.65399286401336,-0.63128923477763
1021,0.9485236367685,0.673121984068,0.053373424282,10,-0.043271069488807,-0.65395104181911,-0.63131419192337
1022,0.5964942219355,0.699687003259,0.0081781930815,10,-0.043277805730893,-0.65395121220365,-0.63131587740471
1023,0.63804511492875,0.6798975275275,0.10634496638525,10,-0.043277944953911,-0.65395442988453,-0.63131064016958
1024,0.79212723252825,0.68166979569325,0.05507674389775,10,-0.043279792253779,-0.65395067096235,-0.63131560934459
1025,0.797926792337,0.934460039053,0.5481556281055,1,0.1320602611788,0.21110473371354,0.10641502642379
1026,0.692979959085,0.70755500956575,0.60498773496125,1,0.13205408738046,0.21111528731529,0.10640597759916
1027,0.632291667834,0.97631322966025,0.51973131314775,1,0.13206409220828,0.21110011858802,0.10641306898542
1028,0.94480506512875,0.938276503486,0.571415171484,1,0.13204965058204,0.21110377978537,0.10642092578313
1029,0.88869457754725,0.7236120992735,0.627685201696,1,0.1320383955211,0.21111218602684,0.10641583129048
1030,0.78345452749975,0.934460039053,0.6264161251595,1,0.13205719557101,0.21111246220306,0.1064234514915
1031,0.9876900159115,0.98012969409325,0.605489880581,1,0.13204413441611,0.21110030647407,0.1064250090789
1032,0.6781027628945,0.97631322966025,0.60722477673,1,0.13206240872087,0.211100281872,0.10641340211385
1033,0.76605611838475,0.97631322966025,0.6088548114565,1,0.13206407709788,0.2111003180632,0.10641178686944
1034,0.884521705231,0.97814680939275,0.54694286946325,1,0.13206210215881,0.21110096169812,0.10641208796848
1035,0.9611790811075,0.9769992882045,0.7346158731015,1,0.13204545664677,0.21109838473182,0.10642505180564
1036,0.97711504921725,0.81553517987725,0.6283518062335,1,0.13205724793038,0.2111061205416,0.10642653720365
1037,0.94480506512875,0.8952757916905,0.634557299323,1,0.13206009929053,0.21110459204362,0.10641331946861
1038,0.9876900159115,0.93712898229775,0.66863200842,1,0.13205733710748,0.21110563680492,0.10642599232724
1039,0.945042710289,0.765300273361,0.6693883445615,1,0.1320567154577,0.21110854952364,0.10642643518926
1040,0.8173138477515,0.70892053682825,0.65597989835175,1,0.13206318428958,0.21111638239768,0.1064227811742
1041,0.76279127378575,0.7553389789115,0.60091678317375,1,0.13206217021359,0.21111620061923,0.10642366692524
1042,0.9881055312035,0.6186475652825,0.48392701527075,5,0.083870958183631,-0.062727569285258,0.31357414780455
1043,0.9721582968055,0.6535108839495,0.35241790675325,5,0.083857393397042,-0.062731283545886,0.3135710401353
1044,0.940263828009,0.6247666660965,0.424657241057,5,0.083859045677253,-0.062733372444645,0.3135720643382
1045,0.9881055312035,0.606963724362,0.61046576864875,5,0.083874888697575,-0.06272495849261,0.31357773335214
1046,0.9881055312035,0.66026785594975,0.5440467124735,5,0.083856838359482,-0.062730882173456,0.31357352534351
1047,0.9721582968055,0.6064768438985,0.282437095939,5,0.083869563206059,-0.062729273980906,0.31357042148195
1048,0.8996850595335,0.66761187411425,0.628103600901,7,-0.39440100530951,-0.012107957548404,-0.0010244123134633
1049,0.95603319227525,0.62457172354625,0.656576713633,7,-0.39440272289991,-0.012112811585841,-0.0010186475487246
1050,0.7984847794005,0.59049948592075,0.6025448841595,7,-0.39437575648307,-0.012090948837258,-0.0010229453348427
1051,0.86968763906425,0.6129392517095,0.6217793149445,7,-0.39440143969525,-0.012092476143875,-0.0010301367074226
1052,0.926035771806,0.5698991011415,0.6502524276765,7,-0.39436263536854,-0.012098240586009,-0.0010095032818035
1053,0.83797104039975,0.58707824441275,0.5525182628985,7,-0.3943977352965,-0.012086875456126,-0.00103171625323
1054,0.830201378065,0.6163604932175,0.6718059362055,7,-0.39438909276567,-0.01209447316379,-0.0010270320080148
1055,0.71578593438625,0.63527556018575,0.59078979809325,7,-0.39437856834963,-0.012096512895706,-0.0010214445432181
1056,0.9055624288775,0.8852361605815,0.34045525227975,9,0.58685016469247,0.35927182484308,-0.5113103993329
1057,0.80722307156175,0.775031585147,0.3836161388315,9,0.58685002416686,0.35927045109002,-0.51130806324009
1058,0.9367029352385,0.756386042482,0.285924887396,9,0.58681905974145,0.35923999948329,-0.51130424074703
1059,0.95971664010225,0.9849236943015,0.43300919012475,9,0.58681464729719,0.35923634605276,-0.51127809543291
1060,0.8189675159835,0.87662569594025,0.3663255686165,9,0.58680829672207,0.35924234505858,-0.51128969083851
1061,0.94844737966025,0.8963592778075,0.2697965938085,9,0.58684925921361,0.35925619073471,-0.51129853611717
1062,0.78480280887675,0.9184788865475,0.283767701972,9,0.58680715298031,0.35924161858013,-0.51128792034834
1063,0.9168316893195,0.94307050369425,0.4856011476945,9,0.58681237887159,0.35923744976324,-0.51127949999893
1064,0.888872447679,0.71586389593,0.58015607425525,9,0.58679481810051,0.3592338780269,-0.51129716520464
1065,0.79413951765275,0.934460039053,0.4450760484385,9,0.58681574302628,0.35923890576769,-0.51127596258151
1066,0.984544638433,0.82777178663575,0.1992152696165,9,0.5868502450073,0.35926034514937,-0.51130162384374
1067,0.97711504921725,0.82877529292425,0.4935664912455,9,0.58681039659951,0.35923923115626,-0.51129660984225
1068,0.67550534952325,0.97631322966025,0.41044766433,9,0.58681213991359,0.35924572001375,-0.5112870775719
1069,0.97711504921725,0.9032001977875,0.51007344971525,9,0.58682380696576,0.35923818427831,-0.51127825090777
1070,0.89381798445575,0.78364204978825,0.35774582249475,9,0.58685581250077,0.35926819368466,-0.5113123532886
1071,0.9236193813295,0.9849236943015,0.366613774532,9,0.58684107950358,0.35923035876972,-0.51128404599856
1072,0.92927334602275,0.76705148803775,0.4292223103755,9,0.5868112214867,0.35924688642095,-0.51131079739652
1073,0.765426313577,0.67406401326425,0.47172504475525,9,0.58680483916172,0.35924847698331,-0.51128339790136
1074,0.98390274122725,0.95419362092025,0.31351642976375,9,0.58685367285582,0.35925779743117,-0.51129620918717
1075,0.88073443054675,0.94307050369425,0.41920573210175,9,0.58682604675477,0.35923634374972,-0.51127827675963
1076,0.94844737966025,0.89688098454925,0.196312441948,9,0.58684845904284,0.35925720104024,-0.5112994342537
1077,0.9721582968055,0.7397954807315,0.35740137527675,9,0.58681623012041,0.35924029533233,-0.51129733613505
1078,0.98390274122725,0.98926992661875,0.24964676666775,9,0.58684222286757,0.35922974131978,-0.51128594718403
1079,0.700571751288,0.6860209641045,0.533229189095,9,0.58679594536236,0.3592525468702,-0.51129250046877
1080,0.8410307444845,0.69401039695,0.50057255789275,9,0.58679361854262,0.35923379810853,-0.51129845631939
1081,0.94522058042075,0.72612787694975,0.542210130812,9,0.58681200315631,0.35924061810982,-0.51129428344374
1082,0.984544638433,0.827250079894,0.272699421477,9,0.58685017851684,0.3592739424,-0.51131538369934
1083,0.77265558607025,0.75190701869825,0.27884940171775,9,0.58685244804365,0.35927044447223,-0.51130922981345
1084,0.759974810546,0.97631322966025,0.362518181794,9,0.58681021400997,0.35924884146283,-0.51128656133282
1085,0.8201267576745,0.6198973678375,0.4792590324925,9,0.58678973587807,0.35923030458332,-0.51129223202508
1086,0.71517929470725,0.6572103847685,0.37930956065325,9,0.58683820554407,0.35926242651613,-0.51131371543861
1087,0.97711504921725,0.7841109868095,0.54870271992475,9,0.58681157654783,0.35924027128847,-0.51125138899133
1088,0.786330300387,0.74817704237675,0.4930385701555,9,0.58679557038159,0.35924402282856,-0.51129144707899
1089,0.89737887722625,0.70427437796975,0.4626266144495,9,0.58681677763821,0.35924239609652,-0.5112939141099
1090,0.98390274122725,0.954715327662,0.195768667508,9,0.58684862857913,0.35926242409945,-0.51129708085363
1091,0.95087335789475,0.98544540104325,0.15915221515975,9,0.58684886098617,0.35926408410158,-0.51129896953098
1092,0.9112241123485,0.69101309418025,0.216515916556,10,-0.043291701002014,-0.65399287967107,-0.63129273803933
