GrainID,O11,O12,O13,O21,O22,O23,O31,O32,O33,X,Y,Z,a,b,c,alpha,beta,gamma,DiffPos,DiffOme,DiffAngle,GrainRadius,Confidence,eFab11,eFab12,eFab13,eFab21,eFab22,eFab23,eFab31,eFab32,eFab33,eKen11,eKen12,eKen13,eKen21,eKen22,eKen23,eKen31,eKen32,eKen33,RMSErrorStrain,PhaseNr,Eul0,Eul1,Eul2
29928.0,-0.19144,-0.946286,0.260563,-0.159865,0.29199,0.942966,-0.968398,0.138866,-0.207176,50.498373,199.904497,-47.65047,3.599494,3.592813,3.593717,89.996481,89.97241,90.026756,164.852997,0.090288,0.095382,57.112585,0.811518,-341.19923,17.755791,78.789421,17.755791,-65.271944,99.904578,78.789421,99.904578,1609.442651,-321.158718,-47.386469,-6.989003,-47.386469,94.786565,21.603376,-6.989003,21.603376,1678.037832,921.295583,1.0,2.871997,1.779484,4.854816
25646.0,0.298939,0.770173,0.563443,-0.693417,-0.230326,0.682732,0.655597,-0.594797,0.465198,517.116283,341.683428,133.202511,3.594887,3.597401,3.591317,90.02709,89.943581,90.017018,139.706321,0.073266,0.073347,76.354921,0.913043,266.303712,-602.29093,-384.487654,-602.29093,-590.857468,-75.179833,-384.487654,-75.179833,853.861637,208.284873,-18.102078,62.624761,-18.102078,-161.871198,134.0123,62.624761,134.0123,1106.477142,739.774873,1.0,2.451627,1.086938,2.307608
26339.0,-0.060765,-0.626618,-0.776954,0.913362,0.279046,-0.296486,0.402589,-0.727655,0.555373,295.639121,432.697428,42.487375,3.596294,3.59548,3.593567,90.120189,89.930162,89.958883,155.698953,0.089063,0.081488,66.374268,0.884817,-818.468604,-736.346118,-291.150134,-736.346118,607.721429,-180.439494,-291.150134,-180.439494,1220.500727,586.32268,-33.305035,70.929571,-33.305035,84.500022,13.289463,70.929571,13.289463,1043.11506,738.013227,1.0,5.076933,0.981985,2.636243
22958.0,-0.871018,-0.273693,-0.407945,0.368432,0.185334,-0.910994,0.324939,-0.943792,-0.060592,473.862293,-341.930111,107.692748,3.594199,3.597629,3.593532,89.931086,89.960739,90.094368,128.129376,0.074322,0.071301,86.916784,0.984043,107.584998,424.289792,-147.426651,424.289792,-584.049976,461.409132,-147.426651,461.409132,1492.614079,167.507326,184.543693,55.667749,184.543693,24.202392,-128.454844,55.667749,-128.454844,1384.153364,832.260008,1.0,5.86216,1.631426,2.810013
22975.0,-0.420445,0.624888,-0.657831,0.207708,0.772064,0.600646,0.883223,0.115902,-0.454405,115.436835,114.641846,-42.689237,3.596587,3.595203,3.594642,90.021621,90.041392,89.989271,100.099537,0.067415,0.064985,77.087102,0.978723,269.086784,175.459457,66.440749,175.459457,87.557143,74.674975,66.440749,74.674975,959.80099,88.383256,197.449808,-145.625433,197.449808,238.948119,248.682349,-145.625433,248.682349,982.815627,1067.41414,1.0,3.972399,2.0425,1.440316
28826.0,0.643611,-0.585393,-0.49303,0.68944,0.16374,0.705594,-0.332321,-0.794043,0.508978,381.469108,427.275361,-45.223176,3.59177,3.597704,3.594137,90.064785,90.020047,89.983453,168.616687,0.067796,0.076417,60.545732,0.83871,-191.376936,-170.903828,417.570701,-170.903828,-489.002009,184.781871,417.570701,184.781871,1211.283116,-128.265642,31.561325,90.37485,31.561325,183.105336,-59.7044,90.37485,-59.7044,1252.620136,755.215447,1.0,0.0,0.0,0.0
23371.0,-0.528517,0.382993,-0.757619,0.335182,0.914083,0.228265,0.77995,-0.133298,-0.611481,185.608448,-404.574679,-116.565032,3.596215,3.592038,3.594788,90.039607,90.084977,90.05154,123.475803,0.064096,0.058547,85.204203,0.984293,34.014582,308.811016,-45.55245,308.811016,-881.749785,119.109896,-45.55245,119.109896,1219.30033,275.679179,35.593719,-85.017932,35.593719,-107.834723,-58.609156,-85.017932,-58.609156,1180.480113,532.958801,1.0,4.419746,2.228727,1.740067
28970.0,0.174813,0.368478,-0.913052,0.117363,0.912922,0.390896,0.977582,-0.175492,0.116345,-66.521487,453.783533,-7.318528,3.599473,3.595921,3.5935,89.993044,89.958926,89.950775,95.032163,0.068155,0.065935,128.515989,1.0,-69.20383,292.184762,81.349468,292.184762,641.488936,602.121859,81.349468,602.121859,1428.776164,-52.600881,152.599616,152.040977,152.599616,124.554309,94.122333,152.040977,94.122333,1445.082249,573.509551,1.0,4.307879,1.454187,1.748421
22965.0,0.500399,0.503635,-0.704239,-0.134015,0.848654,0.511689,0.85536,-0.16167,0.49216,460.536606,162.421951,106.560212,3.596539,3.594882,3.595572,90.050918,89.930531,89.984228,105.669813,0.072349,0.06567,76.670825,0.973118,441.02801,312.883282,-198.012103,312.883282,-169.109315,175.671695,-198.012103,175.671695,1199.690597,-14.640807,48.840274,68.537559,48.840274,-31.562103,21.291157,68.537559,21.291157,1333.269882,442.517896,1.0,4.084043,1.056226,1.7576
25076.0,0.247573,-0.854895,0.455919,-0.326803,0.369307,0.869949,-0.91209,-0.364372,-0.187952,-166.246802,-273.122746,-29.473426,3.597788,3.594256,3.59447,90.009,89.992984,89.989235,99.204987,0.055438,0.054399,82.394152,0.994475,206.8381,28.287042,-190.094145,28.287042,141.050552,248.190482,-190.094145,248.190482,991.428138,220.641371,57.870484,54.736766,57.870484,35.182085,43.493943,54.736766,43.493943,1191.268081,502.050299,1.0,2.658871,1.759873,4.332321
26945.0,-0.02322,0.739217,0.673067,-0.921539,0.24519,-0.301079,-0.387592,-0.627248,0.675524,516.18101,282.587127,-122.442029,3.592558,3.593227,3.596671,90.028421,89.99056,89.855037,158.707076,0.064329,0.075634,91.670751,0.962963,-46.032266,-1103.208204,48.318396,-1103.208204,-750.35954,218.72474,48.318396,218.72474,1003.494167,349.151239,-211.350319,149.83098,-211.350319,-277.221256,70.944776,149.83098,70.944776,1200.645482,969.261964,1.0,1.15017,0.829122,3.695087
23287.0,0.832418,0.551979,-0.048977,-0.361505,0.607899,0.706946,0.419992,-0.570769,0.70557,-343.735176,154.79038,112.958151,3.593716,3.594452,3.594858,90.031792,89.931586,90.028876,102.805927,0.049073,0.050044,87.322731,0.968421,-253.477859,242.668118,208.007811,242.668118,-249.85842,-10.694495,208.007811,-10.694495,871.527712,203.256229,-64.218468,111.921285,-64.218468,55.930819,142.416125,111.921285,142.416125,804.232119,448.829415,1.0,3.210762,0.787569,2.507219
27141.0,0.131235,0.387881,-0.912319,0.562619,0.728574,0.390692,0.816234,-0.56456,-0.122615,-141.807017,380.337349,3.5167,3.596502,3.593827,3.591396,90.039884,90.035922,90.059687,135.119001,0.06607,0.067289,77.669333,0.994536,-302.061026,455.791308,-46.495696,455.791308,-651.823711,258.880992,-46.495696,258.880992,960.019926,-193.901177,156.655279,190.055888,156.655279,-38.465936,-64.099774,190.055888,-64.099774,1220.555327,965.044591,1.0,4.307777,1.69372,2.175906
23001.0,0.721466,-0.027099,0.691919,-0.22058,0.938186,0.266743,-0.656377,-0.345069,0.670892,-290.082108,358.947863,67.322768,3.598183,3.594819,3.595257,89.991879,90.048672,90.028159,96.450944,0.063849,0.058429,106.619519,0.988889,383.373725,-265.774894,-360.505243,-265.774894,497.269009,465.457243,-360.505243,465.457243,943.878291,284.535679,71.838383,51.208163,71.838383,179.94321,57.415357,51.208163,57.415357,780.730337,336.025661,1.0,1.938751,0.835386,4.228379
28840.0,-0.561938,-0.234539,0.793232,-0.736673,0.578051,-0.350955,-0.376216,-0.781568,-0.497608,96.271673,503.89821,-177.269554,3.594984,3.597737,3.594427,89.906735,90.007894,90.02319,132.387987,0.070458,0.070686,73.335837,0.983871,-48.96796,437.560424,-314.080442,437.560424,344.084222,-490.296731,-314.080442,-490.296731,1219.271549,132.176329,47.472959,167.266029,47.472959,95.881913,-216.715368,167.266029,-216.715368,1041.998204,609.350305,1.0,1.154249,2.091635,3.590218
23278.0,0.909857,0.414871,0.00651,-0.393275,0.85728,0.332274,0.13227,-0.304882,0.94316,-306.904366,483.909398,101.506643,3.591974,3.592936,3.59668,90.040187,89.926812,89.980056,142.316368,0.062234,0.067848,76.66509,0.972826,-353.325546,346.902452,347.150594,346.902452,-679.207729,-75.469009,347.150594,-75.469009,1000.516135,6.751004,193.129427,61.128353,193.129427,97.952582,113.428602,61.128353,113.428602,883.1753,635.220605,1.0,3.122002,0.338782,2.732259
23290.0,0.886923,0.010037,0.461808,-0.386711,0.56292,0.730462,-0.25263,-0.82645,0.503148,-232.690521,-228.341136,61.558397,3.595457,3.595896,3.59371,90.065728,89.983396,89.999332,107.012928,0.051127,0.054863,88.378001,0.962162,443.118454,-245.683957,145.557706,-245.683957,-344.132648,-105.085187,145.557706,-105.085187,836.013177,363.784931,130.015292,-27.543371,130.015292,54.411327,-195.287149,-27.543371,-195.287149,968.973677,433.488214,1.0,2.577823,1.043558,3.438253
23418.0,0.621401,0.730732,-0.282651,-0.285722,0.547265,0.786679,0.729536,-0.408083,0.548858,-138.107024,210.105676,151.480984,3.595906,3.594945,3.592869,90.01643,89.929616,90.025707,106.711483,0.069325,0.064182,87.194727,0.989418,-12.853848,341.493067,156.565432,341.493067,-374.685614,-161.404099,156.565432,-161.404099,948.457882,125.956238,-61.245771,118.788569,-61.245771,-92.281961,-119.978148,118.788569,-119.978148,1091.187703,469.167664,1.0,3.486526,0.989799,2.080808
29300.0,0.783969,-0.16009,-0.599803,0.618051,0.110451,0.77834,-0.058356,-0.980904,0.185534,-49.072663,-217.453126,174.388083,3.592134,3.598572,3.593301,90.051135,90.013443,90.010982,154.24925,0.084824,0.090587,73.630161,0.929348,-280.096565,-124.863666,47.182746,-124.863666,-475.529848,235.456998,47.182746,235.456998,1397.268084,156.045814,-113.424399,50.671699,-113.424399,-132.524882,-433.153675,50.671699,-433.153675,1138.035358,981.357105,1.0,3.79816,1.384181,3.201014
23019.0,-0.723643,0.095126,-0.683587,0.328579,0.918493,-0.220017,0.60694,-0.383826,-0.695917,-189.499186,437.494482,120.641386,3.599035,3.595815,3.594556,89.964881,90.01762,89.975392,109.68743,0.059202,0.056376,92.806218,0.978723,616.449551,-590.877191,-441.477597,-590.877191,640.731387,103.539406,-441.477597,103.539406,886.854678,365.29845,-99.551828,-123.467807,-99.551828,84.940413,-5.565077,-123.467807,-5.565077,999.51544,401.95086,1.0,5.023775,2.340493,2.134695
27059.0,0.142601,0.316204,-0.937913,0.769327,0.560786,0.30603,0.622736,-0.765202,-0.163296,382.507863,-238.807452,-126.899094,3.596069,3.597233,3.59214,90.007463,90.051663,90.052904,75.861535,0.069262,0.057656,112.875223,1.0,-208.225501,555.603593,-55.847151,555.603593,-30.979782,17.898157,-55.847151,17.898157,1279.399203,111.157363,148.27304,-2.124609,148.27304,238.435272,95.547218,-2.124609,95.547218,1306.612843,437.399829,1.0,4.396992,1.734826,2.458482
27536.0,0.320412,-0.692754,-0.646086,0.940134,0.316161,0.127241,0.116121,-0.648177,0.752584,-155.138953,191.520568,-96.752614,3.594338,3.597278,3.59618,90.042307,90.051204,89.971743,136.567287,0.074807,0.068846,69.744727,0.920213,473.043401,4.46631,10.642932,4.46631,221.224889,-639.821013,10.642932,-639.821013,1001.021806,60.746551,110.500774,40.035336,110.500774,105.444031,-202.508694,40.035336,-202.508694,1225.725045,574.706887,1.0,4.517936,0.718819,2.964324
23059.0,0.138523,-0.203526,0.969221,-0.003244,0.978557,0.20595,-0.990354,-0.031673,0.134892,521.595108,177.856012,-183.690652,3.600112,3.594607,3.588989,90.060095,90.050806,90.028841,137.687075,0.066636,0.06646,66.876932,0.913043,-1140.497714,-833.806045,-15.720557,-833.806045,-79.288037,231.230692,-15.720557,231.230692,1777.312008,-357.909067,-163.199509,22.776444,-163.199509,12.190087,33.412117,22.776444,33.412117,1641.516138,571.223443,1.0,1.780173,1.435492,4.680418
23024.0,-0.769757,-0.626588,-0.121906,0.350393,-0.574386,0.739801,-0.533572,0.526752,0.66169,-276.125846,66.496489,166.45559,3.594432,3.593618,3.594633,89.979247,90.001604,90.025715,172.124903,0.069034,0.08529,73.598781,0.837079,-131.693694,-199.198684,5.701036,-199.198684,32.966748,-10.246103,5.701036,-10.246103,371.810988,65.785427,-261.339272,-203.499774,-261.339272,335.568087,98.096697,-203.499774,98.096697,453.428972,726.835693,1.0,3.304907,0.847726,5.491356
24683.0,0.261006,0.449544,-0.854275,-0.257971,0.885247,0.387025,0.93023,0.119362,0.347024,441.798017,157.76774,-137.937016,3.597923,3.595192,3.594938,90.005052,89.926908,89.984371,99.612286,0.063903,0.060606,86.696187,0.994709,140.783573,218.951643,-185.378946,218.951643,179.37841,73.816065,-185.378946,73.816065,1446.664561,-189.8987,164.585132,-25.366076,164.585132,331.607553,210.595849,-25.366076,210.595849,1305.610266,894.753431,1.0,4.287006,1.2164,1.443179
23025.0,-0.802264,0.371944,-0.466937,0.36458,0.924637,0.110129,0.472709,-0.081883,-0.877406,112.265227,460.260076,-82.487833,3.59586,3.592928,3.597309,89.975947,90.032199,90.012349,114.709192,0.059644,0.06162,74.28258,0.994624,301.050927,-245.308088,-32.235178,-245.308088,-199.792052,-117.907102,-32.235178,-117.907102,1121.948718,296.70824,-37.887004,217.453199,-37.887004,-166.888699,-94.37096,217.453199,-94.37096,1201.598878,650.134904,1.0,4.480768,2.641224,1.742316
23026.0,0.818391,0.285609,-0.498661,-0.268039,0.957291,0.108391,0.508322,0.044954,0.859993,-111.324197,123.823433,-155.907863,3.598479,3.594134,3.597421,89.993498,89.925224,90.040664,88.704351,0.081138,0.070672,109.925116,1.0,386.007023,-445.678555,352.59582,-445.678555,318.834233,-315.622103,352.59582,-315.622103,1612.982295,220.15764,-46.942488,-135.84584,-46.942488,35.44926,-122.418944,-135.84584,-122.418944,1168.045964,181.707473,1.0,4.498355,0.53554,1.482589
27425.0,-0.17118,0.359124,0.917457,-0.877924,0.367029,-0.307472,-0.447154,-0.858091,0.252455,4.616285,-243.543527,-3.300523,3.594461,3.59749,3.595123,89.989426,90.009139,89.92816,69.702516,0.062796,0.053687,122.615573,0.983957,428.605943,-97.114018,-253.904384,-97.114018,-181.588546,129.033206,-253.904384,129.033206,1247.438459,293.107741,-46.01971,-14.921776,-46.01971,123.807774,-137.133778,-14.921776,-137.133778,1342.626697,246.314576,1.0,1.247425,1.315579,3.62198
24119.0,0.240167,-0.023167,0.970455,-0.147891,0.987172,0.060166,-0.9594,-0.157971,0.23366,416.668419,370.487995,69.833948,3.599707,3.591758,3.598899,89.948226,90.007372,90.001255,124.918555,0.069931,0.064757,78.812912,0.983696,1352.531061,475.108644,-74.199144,475.108644,-482.859711,457.69276,-74.199144,457.69276,1540.473969,-165.205321,47.973265,-126.995137,47.973265,-59.145891,129.725709,-126.995137,129.725709,1639.904739,467.561646,1.0,1.632714,1.334956,4.549197
23473.0,0.602899,0.792647,-0.090684,-0.286562,0.321228,0.902604,0.744577,-0.518193,0.420811,-153.332391,-26.713546,-153.11987,3.59601,3.596073,3.594248,90.025653,89.945962,90.046388,104.891809,0.06417,0.066301,87.445037,0.973822,187.378422,173.505908,-98.52281,173.505908,-110.143338,-11.258287,-98.52281,-11.258287,1210.31807,327.283355,35.812533,-32.500761,35.812533,50.87328,-133.240688,-32.500761,-133.240688,872.745728,582.83942,1.0,3.241726,1.136458,2.178803
27836.0,-0.324165,0.579931,0.747393,-0.940794,-0.280409,-0.190467,0.099118,-0.764886,0.636495,354.861083,417.236845,178.545222,3.589181,3.596864,3.595503,90.035863,89.883857,89.996349,181.486846,0.081154,0.083023,60.769136,0.873016,-385.952421,-1162.38129,-171.930852,-1162.38129,-736.512839,-347.064331,-171.930852,-347.064331,1077.97659,246.845134,21.253666,-179.192263,21.253666,-120.605472,39.169011,-179.192263,39.169011,1232.895925,870.60836,1.0,1.321266,0.880852,3.012726
23035.0,0.93451,0.342185,-0.097979,-0.316312,0.924615,0.212209,0.163208,-0.16732,0.9723,121.543303,-100.134117,-15.229522,3.593433,3.594963,3.598181,89.972553,90.051064,90.021608,156.042234,0.075275,0.083959,78.926802,0.857895,-122.695864,-141.512566,-445.4321,-141.512566,557.355562,496.8552,-445.4321,496.8552,921.774935,-48.848163,181.897115,-81.874467,181.897115,6.940408,-1.350353,-81.874467,-1.350353,1399.996759,657.408406,1.0,3.574142,0.235919,2.368635
27826.0,-0.194493,0.262969,0.944997,-0.621766,0.712077,-0.32612,-0.75867,-0.650995,0.025011,42.650787,-39.56518,-122.257912,3.595381,3.596333,3.595081,89.983204,89.996148,89.911183,139.944956,0.072987,0.072989,69.322986,0.87234,336.900461,-90.483439,-217.530232,-90.483439,-204.126883,-186.085726,-217.530232,-186.085726,1283.381117,-46.830979,240.734639,43.37788,240.734639,262.983915,-87.434499,43.37788,-87.434499,983.239421,742.932402,1.0,1.238492,1.545783,4.003226
24688.0,0.39752,0.449906,-0.799727,-0.435019,0.859782,0.267456,0.807921,0.241577,0.537498,288.14844,410.142658,-14.862966,3.596788,3.589278,3.59378,89.878378,89.973581,89.932872,176.86631,0.10707,0.10674,62.253203,0.782609,-855.186211,-1040.953832,353.10465,-1040.953832,-807.182636,345.047527,353.10465,345.047527,1143.544705,-28.736323,14.197913,88.750381,14.197913,110.828714,4.042556,88.750381,4.042556,1063.209315,1017.455964,1.0,4.389647,1.003329,1.280247
25842.0,0.258887,0.762196,0.593325,-0.723391,-0.254052,0.641999,0.640065,-0.595411,0.485595,-333.975942,-78.811204,-2.480171,3.596236,3.594044,3.59453,90.060998,90.005951,90.009051,111.51068,0.057889,0.062885,80.398668,0.972222,-400.49063,-180.325937,78.720349,-180.325937,607.770165,4.520898,78.720349,4.520898,657.384883,164.867848,-27.64103,115.454308,-27.64103,242.737627,67.446439,115.454308,67.446439,1026.616736,711.515092,1.0,2.395576,1.063753,2.320067
23997.0,0.637088,-0.607849,0.473961,-0.461043,0.192263,0.866299,-0.617704,-0.770425,-0.157756,-168.740172,-112.155063,-183.564865,3.594043,3.595383,3.594426,89.969461,89.990551,89.910327,141.685942,0.05689,0.070986,70.628859,0.896739,-508.860078,227.113385,-27.403873,227.113385,17.59022,-109.281749,-27.403873,-109.281749,1088.981391,56.878032,161.309497,246.314338,161.309497,53.770002,-202.118676,246.314338,-202.118676,975.299088,1554.492924,1.0,2.640971,1.729214,3.817412
28048.0,0.469048,-0.819,-0.330505,0.876069,0.3841,0.291496,-0.111788,-0.426271,0.897662,120.967795,441.781664,151.155922,3.588518,3.593944,3.595286,90.036099,90.074926,90.022061,208.459699,0.087067,0.089462,66.250399,0.846995,-99.581076,-338.239273,-122.560174,-338.239273,-1649.212078,-235.708189,-122.560174,-235.708189,648.02428,12.718772,60.905889,61.384157,60.905889,-29.043795,-6.085232,61.384157,-6.085232,907.908958,768.72908,1.0,3.989624,0.456362,3.398064
27139.0,0.182535,-0.737918,-0.649737,0.925109,0.352688,-0.140657,0.332948,-0.575403,0.747032,369.509591,75.061783,149.726685,3.594413,3.596701,3.596681,90.04683,89.964856,90.067342,99.576634,0.057353,0.056081,77.894418,0.978723,448.935102,114.185928,217.829569,114.185928,-189.10974,104.761322,217.829569,104.761322,1434.789725,138.663669,38.152894,-24.515804,38.152894,53.381075,137.493859,-24.515804,137.493859,1205.868938,478.969212,1.0,4.925582,0.72721,2.617031
26329.0,0.111891,-0.847124,0.519481,-0.517162,0.396749,0.758375,-0.848542,-0.353511,-0.393708,397.021523,-369.209588,157.851188,3.596203,3.594889,3.592947,90.070345,89.931392,89.88566,184.029483,0.086647,0.09849,63.14907,0.894444,554.13998,406.314825,372.046815,406.314825,-1188.06864,163.874571,372.046815,163.874571,1281.387673,-236.032264,364.855402,77.143662,364.855402,171.589975,304.8878,77.143662,304.8878,1236.850212,807.321441,1.0,2.54101,1.975459,4.317646
23376.0,0.863611,0.272136,0.424402,-0.405456,0.875207,0.263854,-0.299636,-0.399944,0.866178,-157.387255,-210.128588,169.836554,3.593524,3.592375,3.596466,90.013815,90.029556,90.0125,162.176967,0.061598,0.074405,69.005888,0.798913,-249.078799,-122.739872,214.226387,-122.739872,-215.589952,342.241815,214.226387,342.241815,649.542023,-40.94392,23.026131,68.639243,23.026131,117.321841,188.865679,68.639243,188.865679,1021.156929,715.453029,1.0,2.127024,0.523294,3.784578
23462.0,0.741562,0.176304,0.647304,-0.365184,0.915463,0.169019,-0.562785,-0.361723,0.743256,284.736396,32.66903,-168.579537,3.595583,3.595388,3.595897,89.999692,90.092519,89.930715,152.270563,0.067989,0.074556,73.273693,0.968254,-114.597642,464.452341,-327.102943,464.452341,121.056356,94.544691,-327.102943,94.544691,1429.431078,47.534283,-2.024813,-32.546429,-2.024813,-65.470544,197.590241,-32.546429,197.590241,1347.872342,735.330709,1.0,1.826206,0.732872,4.141136
28085.0,0.47554,-0.569147,-0.670771,0.861878,0.454118,0.225707,0.176148,-0.685455,0.706486,315.972642,485.532698,120.013444,3.599731,3.595907,3.596828,90.049291,89.949085,90.008643,135.698676,0.065662,0.060825,107.039386,0.994652,342.246404,394.714283,71.641692,394.714283,1387.510654,458.024984,71.641692,458.024984,1264.888656,6.56686,-110.967756,3.499182,-110.967756,69.696994,104.093184,3.499182,104.093184,1407.717584,703.030984,1.0,4.387801,0.786275,2.890055
24975.0,-0.429291,-0.566575,-0.70335,0.769267,0.178659,-0.61344,0.47322,-0.804409,0.359151,555.7545,-351.344836,-116.759491,3.589141,3.596625,3.595919,89.99146,89.934128,90.11917,154.275947,0.069267,0.067759,75.506771,0.894444,177.58793,993.349299,140.537291,993.349299,-1393.42935,-127.383358,140.537291,-127.383358,1208.731147,-284.533497,41.152861,151.468945,41.152861,-41.565418,-114.182775,151.468945,-114.182775,1074.706897,628.976858,1.0,5.429613,1.203439,2.609833
23106.0,0.326324,0.045786,0.944149,-0.085331,0.996175,-0.018816,-0.941399,-0.074426,0.328982,435.973097,534.299783,-27.319399,3.599024,3.59458,3.593337,89.969221,90.030185,90.025286,96.715819,0.059957,0.058656,86.609102,0.977778,-133.424664,176.096591,-281.085848,176.096591,224.566814,398.323886,-281.085848,398.323886,1366.816703,408.353742,73.134098,-553.059221,73.134098,-138.926057,-112.995147,-553.059221,-112.995147,1384.490188,1038.935151,1.0,1.55087,1.235571,4.633495
30067.0,0.847494,-0.26804,-0.458158,0.366942,0.919526,0.140806,0.383546,-0.28745,0.877648,-181.588599,-425.821697,-120.310901,3.589615,3.598044,3.596941,89.970203,89.965214,90.02091,123.142537,0.068595,0.062298,98.673098,1.0,-684.718676,-968.082922,-430.537814,-968.082922,806.656097,-99.521028,-430.537814,-99.521028,684.566991,-189.733078,-185.703735,-81.32059,-185.703735,241.288281,19.423283,-81.32059,19.423283,1187.00822,699.77878,1.0,4.41422,0.499864,2.213947
28103.0,-0.371963,0.233563,0.898383,-0.86198,0.272208,-0.42766,-0.344433,-0.933462,0.100075,552.402099,-393.85337,-106.663525,3.595317,3.597341,3.587668,90.012375,89.997031,89.951712,116.674343,0.064922,0.063014,90.468108,0.994444,-1428.658257,694.174853,-122.549199,694.174853,-107.106769,203.058875,-122.549199,203.058875,1152.993477,-70.301707,144.496188,-103.112647,144.496188,-53.812781,-42.915064,-103.112647,-42.915064,1153.690662,395.377614,1.0,1.126505,1.470553,3.495079
26124.0,0.191306,0.685391,0.702597,-0.748363,0.565024,-0.34742,-0.635103,-0.459333,0.621013,539.810807,39.708727,-89.919247,3.595204,3.595368,3.597158,89.968377,90.056841,90.036742,197.341332,0.094999,0.099835,61.304538,0.831522,701.040966,352.419491,581.589275,352.419491,347.246965,137.503353,581.589275,137.503353,628.829883,-219.365535,41.30509,55.426005,41.30509,-31.092829,-235.103338,55.426005,-235.103338,1110.478895,782.766416,1.0,1.111574,0.900762,4.086233
23101.0,-0.831938,-0.067019,-0.550807,0.400485,0.614544,-0.679667,0.384046,-0.786031,-0.484422,404.482668,516.989534,-26.026392,3.594018,3.593324,3.594844,89.893612,89.989721,89.942662,184.658447,0.111306,0.100385,76.711702,0.903743,307.83915,-415.920647,814.663093,-415.920647,-512.72863,309.050945,814.663093,309.050945,337.825855,-37.826904,65.039604,82.554468,65.039604,40.20189,-138.464968,82.554468,-138.464968,1095.076748,600.212843,1.0,5.602131,2.076499,2.687116
28809.0,0.440228,0.108241,-0.891338,0.453784,0.829776,0.324887,0.774777,-0.5475,0.316173,-27.251215,-329.758963,-96.921285,3.597542,3.594049,3.593141,90.054937,89.975862,90.03705,71.234895,0.057928,0.051126,153.18926,1.0,-74.711336,415.763326,86.767801,415.763326,-225.275657,231.031628,86.767801,231.031628,1143.004132,-29.953341,51.175796,102.400772,51.175796,104.47885,64.481728,102.400772,64.481728,1094.962143,201.772527,1.0,4.362861,1.249104,2.185975
23140.0,0.535625,-0.007966,0.844419,-0.184069,0.97481,0.125953,-0.824151,-0.222895,0.520666,2.508543,64.190069,-136.660592,3.595218,3.593723,3.595341,90.001535,90.03419,89.98311,123.366192,0.057702,0.070249,64.794723,0.796791,119.998634,99.344686,124.884201,99.344686,-70.296605,33.330918,124.884201,33.330918,668.606132,274.4244,282.520994,-41.978601,282.520994,-39.611569,-42.016436,-41.978601,-42.016436,973.396347,675.95677,1.0,1.718864,1.023165,4.448255
29127.0,-0.447272,0.890764,0.08055,-0.510173,-0.328064,0.795046,0.734623,0.314507,0.601177,-301.783539,-185.787454,163.219243,3.593756,3.593552,3.595736,89.979939,89.995914,90.009717,116.609713,0.063675,0.06491,72.456764,0.839779,8.530136,183.162835,57.897842,183.162835,153.338955,322.321526,57.897842,322.321526,211.85145,-7.826178,-12.518395,-42.834688,-12.518395,401.942144,143.865603,-42.834688,143.865603,583.85374,592.543128,1.0,3.040622,0.925823,1.166286
23448.0,0.84965,0.292966,0.438481,-0.420737,0.877876,0.228725,-0.317923,-0.378821,0.869149,268.713896,-368.906189,-47.156144,3.594404,3.593222,3.598054,90.055166,90.028845,89.997668,113.65594,0.076344,0.069695,82.593164,0.989362,5.81968,-190.257466,221.91698,-190.257466,-220.242313,93.830601,221.91698,93.830601,1321.096258,54.389524,93.143112,179.386569,93.143112,-215.649186,209.590192,179.386569,209.590192,1176.16199,580.391246,1.0,2.051598,0.517318,3.839809
28715.0,0.641536,-0.556313,-0.528155,0.745592,0.290342,0.599829,-0.180347,-0.778599,0.601048,353.299778,411.631275,9.018228,3.591516,3.597463,3.595935,90.045423,90.012494,90.018522,203.39079,0.107428,0.116526,61.354484,0.731579,147.698119,-425.657558,307.846732,-425.657558,-387.092302,250.666684,307.846732,250.666684,1133.41171,122.669757,-132.373281,-31.159974,-132.373281,-60.377395,108.691235,-31.159974,108.691235,1230.229319,922.735794,1.0,3.863534,0.925985,3.369209
23148.0,-0.18667,0.268448,-0.945035,0.134749,0.959848,0.246039,0.973138,-0.081414,-0.215347,-86.817039,303.031098,-140.514127,3.597436,3.595201,3.59375,90.005423,89.964158,89.985734,96.108214,0.059685,0.058061,125.184252,0.984293,145.039725,46.01947,-436.903881,46.01947,379.570076,294.577104,-436.903881,294.577104,779.374363,-22.673154,67.760271,-92.870865,67.760271,123.063788,-54.368449,-92.870865,-54.368449,1219.413288,303.140856,1.0,4.457694,1.787844,1.654264
25731.0,-0.254455,-0.296994,-0.920352,0.932036,0.178572,-0.31531,0.257994,-0.938033,0.231371,530.874147,86.518131,161.515062,3.594069,3.597139,3.595428,90.019484,90.072043,90.07223,138.10704,0.076657,0.077445,64.665125,0.821622,-40.338657,768.932221,106.433808,768.932221,289.158021,209.378814,106.433808,209.378814,1122.702312,259.284546,-8.67961,147.565887,-8.67961,-82.61363,-127.323619,147.565887,-127.323619,1308.222448,543.473659,1.0,5.042454,1.33731,2.873192
25268.0,-0.368001,-0.826136,-0.426702,0.834863,-0.495608,0.239534,-0.409365,-0.268089,0.872094,360.832514,-224.023944,-129.977002,3.59152,3.594281,3.597534,90.057086,90.093298,90.047461,146.352014,0.077097,0.07655,78.95668,0.944134,-692.723565,709.035009,-213.107735,709.035009,-242.735098,195.543869,-213.107735,195.543869,1388.20889,288.6686,123.173636,-62.738738,123.173636,117.145332,44.307111,-62.738738,44.307111,1328.705507,597.311356,1.0,4.200864,0.51133,4.132584
27447.0,0.277235,-0.828733,-0.48615,0.891556,0.410502,-0.191352,0.358145,-0.380381,0.852668,23.603582,155.115113,115.488899,3.596042,3.595315,3.597989,90.033568,89.942679,90.012732,61.012987,0.053935,0.047906,112.828598,1.0,264.801456,-42.945456,-59.851647,-42.945456,375.495848,186.686446,-59.851647,186.686446,1486.598592,45.403118,-49.851167,-112.275461,-49.851167,276.114101,-63.798109,-112.275461,-63.798109,1280.855169,354.535919,1.0,5.087372,0.549726,2.386293
28377.0,0.290335,0.247032,-0.92449,0.379332,0.857245,0.348192,0.878529,-0.451781,0.155181,-138.878235,307.870875,-68.663779,3.597732,3.594216,3.595001,90.002942,89.993953,90.013059,101.296058,0.05984,0.059651,90.346923,0.989362,324.076234,3.296968,156.130464,3.296968,179.635094,291.292591,156.130464,291.292591,956.729157,62.381295,62.855892,105.652104,62.855892,243.82533,76.333664,105.652104,76.333664,1152.606995,753.426705,1.0,4.352188,1.414986,2.045777
26915.0,-0.005989,0.652149,0.758067,-0.814229,0.436903,-0.382291,-0.580513,-0.619529,0.528382,-112.536176,-377.621317,-37.767008,3.594669,3.595083,3.595679,90.030589,90.089308,90.005248,201.999131,0.094129,0.100311,59.244756,0.813187,167.839308,433.440667,462.385975,433.440667,-86.963765,-62.553506,462.385975,-62.553506,955.982235,273.810696,-152.238071,59.061432,-152.238071,74.699038,13.535945,59.061432,13.535945,817.444239,1303.885793,1.0,1.103716,1.014102,3.89449
30177.0,0.616454,-0.767424,0.176194,0.22591,0.386743,0.894089,-0.754287,-0.511361,0.411778,-77.520577,-238.036578,182.389777,3.59602,3.59611,3.594835,89.996719,90.012944,89.928277,93.051413,0.078455,0.0607,83.087081,0.978723,-30.839069,-103.216486,126.054625,-103.216486,413.649611,-324.021457,126.054625,-324.021457,1081.31216,67.786472,-87.194791,110.149235,-87.194791,233.245025,-205.108897,110.149235,-205.108897,998.401089,486.209179,1.0,2.947021,1.146392,4.116623
27849.0,0.416883,-0.864521,-0.280735,0.902872,0.429534,0.017992,0.10503,-0.260968,0.959617,410.189857,-274.127554,151.665495,3.594261,3.594308,3.59908,89.996006,89.989263,89.950116,124.955229,0.072777,0.073587,68.266368,0.926316,-103.0422,-301.384034,-436.828571,-301.384034,444.26257,34.290452,-436.828571,34.290452,1313.616219,155.885305,25.282096,-178.898876,25.282096,-56.83339,64.912384,-178.898876,64.912384,1422.015068,521.143502,1.0,4.648386,0.28516,2.758965
23136.0,0.727046,0.684776,0.049864,-0.265135,0.213024,0.940385,0.633331,-0.696924,0.336436,-166.976031,308.810242,-95.522884,3.598319,3.595944,3.594976,90.042952,90.022885,89.983441,101.896457,0.054427,0.056487,99.607263,0.961326,1020.9037,-523.442169,160.700008,-523.442169,310.165112,-32.198164,160.700008,-32.198164,766.127299,114.145359,6.377666,-15.605613,6.377666,152.005443,-78.250259,-15.605613,-78.250259,1036.270274,452.821312,1.0,3.088617,1.227666,2.403963
28552.0,-0.534619,0.801965,0.266521,-0.839943,-0.53901,-0.062967,0.09316,-0.257526,0.96177,-39.059771,84.059521,30.573947,3.594688,3.594255,3.597825,90.007948,89.983295,90.0268,68.835042,0.054866,0.048124,102.912865,0.989247,333.113471,113.252631,78.888564,113.252631,-13.470553,-192.239994,78.888564,-192.239994,1090.491018,156.878185,107.926271,33.073354,107.926271,49.594717,-84.79506,33.073354,-84.79506,1134.140571,507.153787,1.0,1.338794,0.277403,2.794489
26963.0,-0.00593,0.543129,0.839628,-0.641144,0.642287,-0.420003,-0.767398,-0.540813,0.344415,76.089501,-387.132638,-35.442963,3.596151,3.594368,3.594783,90.029249,90.049981,89.97415,103.179064,0.062457,0.058753,88.799054,0.983516,-18.206999,36.140065,292.701,36.140065,71.268928,35.420192,292.701,35.420192,948.757575,191.060381,-27.560854,221.022303,-27.560854,-14.737836,201.327101,221.022303,201.327101,1141.974016,538.445238,1.0,1.106969,1.219181,4.098492
27583.0,-0.182684,0.919837,0.34717,-0.767145,-0.354211,0.534812,0.614911,-0.168628,0.770356,436.660761,466.258931,59.671135,3.595486,3.593991,3.595342,90.036292,89.902637,90.027999,124.100246,0.068301,0.067348,82.630123,1.0,-143.84876,-142.056474,-235.517274,-142.056474,-333.432651,-126.861702,-235.517274,-126.861702,1343.188376,-89.063606,-196.985381,83.849942,-196.985381,220.138518,-9.647283,83.849942,-9.647283,1278.369337,714.035203,1.0,2.565819,0.691396,1.838449
25601.0,-0.221285,-0.693704,-0.685425,0.722189,0.355748,-0.5932,0.655344,-0.626273,0.422264,18.204721,-79.70485,104.905465,3.595744,3.596068,3.594922,90.035235,89.969938,90.035144,114.609227,0.066361,0.066228,72.207692,0.972527,141.759941,-84.3633,17.803633,-84.3633,191.201879,-78.195124,17.803633,-78.195124,1067.149754,139.235922,107.66251,99.389371,107.66251,33.477099,-142.70298,99.389371,-142.70298,1123.844949,680.890843,1.0,5.425783,1.134855,2.333515
23157.0,0.898684,0.38763,0.205208,-0.348713,0.347704,0.870346,0.266021,-0.853724,0.447647,-289.739296,56.901277,-120.645252,3.592973,3.597388,3.594285,89.9961,90.042701,89.942406,104.178264,0.074017,0.061783,135.250051,0.978947,159.567978,69.245772,-877.121366,69.245772,291.860175,-74.413969,-877.121366,-74.413969,367.445936,251.459081,-53.617463,-75.185539,-53.617463,359.008768,62.596778,-75.185539,62.596778,854.314801,188.475027,1.0,2.910044,1.106664,2.839527
23511.0,0.789332,-0.456158,0.410944,-0.40737,0.111658,0.906411,-0.459352,-0.882866,-0.09769,322.880054,-290.190776,-44.47213,3.594315,3.597181,3.594175,89.989055,90.003752,89.929837,81.094194,0.060868,0.054802,96.949581,0.989362,-223.713677,59.804486,2.807982,59.804486,81.124029,48.317622,2.807982,48.317622,1246.685569,95.944212,-39.338043,207.463347,-39.338043,-21.816643,71.733401,207.463347,71.733401,1161.049219,485.638318,1.0,2.715936,1.668642,3.621345
24306.0,0.223254,-0.7452,0.628358,-0.15444,0.609444,0.777641,-0.962448,-0.270655,0.020972,-143.892003,31.641228,-193.458758,3.597775,3.592654,3.593064,90.027308,90.050033,89.959648,148.652302,0.073313,0.071039,60.503443,0.855615,-247.508283,108.566973,233.33313,108.566973,-430.914836,397.328037,233.33313,397.328037,1176.645278,4.719638,-166.690387,-1.749225,-166.690387,-122.433433,-53.153694,-1.749225,-53.153694,980.640761,667.010508,1.0,2.461974,1.549823,4.438253
27215.0,-0.084273,0.810418,0.579759,-0.777282,-0.417521,0.470648,0.623483,-0.410973,0.665109,-53.467331,435.829782,-146.61709,3.595622,3.592917,3.595044,90.02579,89.952376,90.051891,105.285789,0.068455,0.06586,85.499018,0.973545,-259.599173,244.923976,3.607741,244.923976,-197.991283,-192.82289,3.607741,-192.82289,980.425484,-72.883118,37.756332,30.283081,37.756332,92.389134,-4.037146,30.283081,-4.037146,999.105615,493.930134,1.0,2.25269,0.843156,2.153582
23161.0,0.806159,0.377061,-0.455996,-0.310305,0.925591,0.216776,0.503803,-0.033258,0.863178,327.429678,361.756273,-137.519135,3.595504,3.592531,3.596423,89.957326,89.941806,90.007411,117.175586,0.072635,0.068802,68.518058,0.913043,-159.528213,-320.91982,262.564625,-320.91982,-132.194527,256.502872,262.564625,256.502872,1058.522935,3.597482,-157.867656,-233.817844,-157.867656,71.680834,-15.168508,-233.817844,-15.168508,1194.503513,545.260567,1.0,4.268622,0.529266,1.636715
23168.0,0.927622,0.146385,0.343642,-0.367104,0.527095,0.766423,-0.068939,-0.837103,0.542684,156.449819,353.55222,5.309031,3.59338,3.596994,3.59316,90.06271,90.029812,89.95606,130.818188,0.072338,0.07015,80.94824,0.977901,-247.609748,-84.448764,-446.611858,-84.448764,-345.817723,-104.764805,-446.611858,-104.764805,1102.912433,-21.399992,77.699602,-49.4435,77.699602,91.033557,-185.491031,-49.4435,-185.491031,1179.706288,656.668896,1.0,2.720094,0.997167,3.223762
28158.0,0.499736,-0.274402,-0.821564,0.857804,0.288357,0.425468,0.120154,-0.917362,0.379486,91.403406,147.595926,-139.969122,3.594258,3.596735,3.594965,90.04193,90.007965,90.030913,82.034651,0.055085,0.051868,85.662287,0.978261,250.157808,64.98174,0.52843,64.98174,-81.757746,129.152038,0.52843,129.152038,1015.849128,157.594373,120.432931,31.465115,120.432931,121.659229,-39.492825,31.465115,-39.492825,1231.434258,510.444187,1.0,4.234543,1.181556,3.011356
23173.0,0.774953,-0.376619,0.507548,-0.300218,0.487315,0.819996,-0.556162,-0.787834,0.264579,-59.954958,473.403694,-78.856362,3.592008,3.596224,3.596916,89.962684,90.01604,89.875693,124.273039,0.068956,0.063538,97.023347,0.989474,-877.373154,798.109426,-54.394826,798.109426,682.065143,-285.435784,-54.394826,-285.435784,1151.878585,-20.775151,29.72569,69.876266,29.72569,-16.727027,-73.960062,69.876266,-73.960062,1002.616168,445.775222,1.0,2.587345,1.303029,3.756293
28258.0,0.283671,0.268295,-0.920624,0.400152,0.839357,0.36791,0.871441,-0.472755,0.130742,464.171683,-67.34376,152.969712,3.596879,3.595218,3.589568,89.983822,89.950668,90.046904,99.956366,0.052971,0.053536,92.028402,0.98913,-1285.68317,234.308197,-0.795073,234.308197,166.612224,14.759439,-0.795073,14.759439,1108.696685,-146.418938,30.2977,142.201371,30.2977,50.7872,-37.748788,142.201371,-37.748788,1149.29365,473.411627,1.0,4.332201,1.439679,2.067861
25464.0,-0.015949,0.466285,-0.884491,0.160471,0.87433,0.458035,0.986912,-0.13463,-0.088769,344.459227,-213.705797,30.251849,3.59932,3.595416,3.595516,90.004504,90.023391,90.024608,96.428739,0.064812,0.059939,87.649288,0.989362,473.642334,25.3738,60.759375,25.3738,333.637826,-94.10555,60.759375,-94.10555,1571.8137,275.884268,117.95347,-115.393497,117.95347,102.72781,142.909129,-115.393497,142.909129,1571.4171,552.987418,1.0,4.234563,1.659683,1.706375
23190.0,0.854113,0.259606,0.450661,-0.339452,0.934759,0.104872,-0.394034,-0.24255,0.886514,337.654993,473.225825,-158.976854,3.594002,3.58685,3.597105,90.123263,90.094694,90.01641,204.99337,0.077047,0.084016,84.41406,0.919786,-883.327074,-974.312898,-92.871002,-974.312898,-1762.921799,-6.213179,-92.871002,-6.213179,1600.865368,-152.732899,-166.467889,144.224303,-166.467889,-327.006042,42.200417,144.224303,42.200417,1351.420925,880.901056,1.0,1.799434,0.481041,4.160609
29623.0,-0.397091,0.309237,0.864113,-0.334164,0.828184,-0.44994,-0.854782,-0.467423,-0.225528,370.429148,85.090031,158.665597,3.598966,3.594501,3.594461,89.981735,89.984528,89.973122,92.149109,0.058862,0.054363,76.142878,0.983333,289.500282,144.717128,242.096838,144.717128,95.545238,290.097757,242.096838,290.097757,1347.766955,142.92059,143.838834,180.932903,143.838834,238.048986,188.926614,180.932903,188.926614,1265.009116,527.720984,1.0,1.090729,1.798282,4.211981
27907.0,-0.340113,0.669151,0.660727,-0.927004,-0.120469,-0.355176,-0.158069,-0.733297,0.661279,429.395526,-150.23671,-17.157963,3.594203,3.597091,3.595582,90.061915,89.966063,89.992099,120.190263,0.053207,0.059555,75.863223,1.0,-31.465362,-169.065696,-291.2005,-169.065696,308.409411,-233.542303,-291.2005,-233.542303,1162.533646,47.925194,-144.717547,32.315104,-144.717547,138.847544,-159.13594,32.315104,-159.13594,1526.599887,609.064747,1.0,1.077559,0.848274,3.353904
27768.0,-0.302114,0.668283,0.679797,-0.951418,-0.255831,-0.17133,0.059416,-0.698533,0.713107,184.545779,271.337582,101.763388,3.5908,3.595632,3.594895,90.121484,89.897272,90.014606,262.631908,0.114029,0.126429,62.269594,0.722222,-1017.57313,-519.677531,-264.264626,-519.677531,-604.812937,-530.952196,-264.264626,-530.952196,1514.90533,233.229137,-138.055714,-230.965995,-138.055714,-244.085585,161.170734,-230.965995,161.170734,1093.015006,1199.717421,1.0,1.323907,0.776876,3.056739
27448.0,-0.095996,0.491826,0.865386,-0.565242,0.688688,-0.454104,-0.81932,-0.532744,0.21189,165.958044,-388.509199,-76.747504,3.596926,3.594763,3.594074,89.993456,90.02693,89.932322,89.443766,0.060563,0.054833,77.702672,0.957447,134.044739,30.623548,-44.689462,30.623548,-224.027194,104.037606,-44.689462,104.037606,1219.822788,197.576577,-77.736193,-52.192735,-77.736193,224.415362,188.819593,-52.192735,188.819593,1173.130483,451.237794,1.0,1.087552,1.357288,4.135854
23703.0,0.528926,0.807031,-0.262561,-0.297866,0.466233,0.833008,0.794678,-0.362392,0.486989,56.737289,386.019029,108.238938,3.595909,3.595543,3.595462,89.991863,89.949236,90.051079,93.853103,0.058249,0.056791,103.338558,1.0,-50.106453,255.24914,-98.842329,255.24914,409.663419,-22.665378,-98.842329,-22.665378,1090.602201,213.52234,90.329027,-57.151575,90.329027,200.257819,-69.368811,-57.151575,-69.368811,1136.739902,500.112997,1.0,3.446932,1.062157,1.998648
30229.0,-0.68507,0.727574,-0.036268,-0.350423,-0.285486,0.892021,0.638657,0.623806,0.450537,133.700766,234.506804,-10.741984,3.597508,3.596086,3.594094,89.934413,89.963279,90.023932,76.851429,0.06839,0.054953,98.361857,0.974093,987.095112,311.092382,-103.716575,311.092382,-318.395774,150.023209,-103.716575,150.023209,996.314171,373.133904,-10.76915,-24.454284,-10.76915,169.817403,8.957161,-24.454284,8.957161,959.313414,366.941861,1.0,3.182229,1.103429,0.797162
27879.0,0.423909,-0.271742,-0.863978,0.894576,0.274708,0.35252,0.141547,-0.92233,0.359544,454.441061,323.213443,-91.78143,3.596004,3.597766,3.595528,90.040388,90.058072,90.019094,93.422638,0.065313,0.057315,97.926656,0.989305,766.834577,458.341671,-26.245482,458.341671,135.132706,-118.230781,-26.245482,-118.230781,1211.260014,95.456488,-19.944063,107.82897,-19.944063,5.143923,-141.342378,107.82897,-141.342378,1248.19046,409.926741,1.0,4.324988,1.203017,2.989314
27441.0,0.291966,-0.797638,-0.527758,0.955611,0.220466,0.195456,-0.039551,-0.561398,0.8266,-127.631015,-404.974319,32.833007,3.593148,3.595526,3.597643,90.051356,90.031077,90.025138,110.84117,0.059629,0.061693,76.93764,0.98913,368.227316,151.201547,-128.698381,151.201547,-361.930372,-4.668601,-128.698381,-4.668601,1277.871698,80.181691,-0.986477,-36.21898,-0.986477,148.41616,48.077764,-36.21898,48.077764,1319.937256,532.028597,1.0,4.3577,0.597757,3.211927
23958.0,0.441042,0.497959,-0.746672,-0.294537,0.866189,0.403689,0.84778,0.041879,0.528693,66.066116,-429.971549,91.787393,3.597117,3.59211,3.594334,89.981415,89.976869,89.97816,110.7916,0.065919,0.065142,69.974794,0.935135,-51.974024,-314.514456,317.448277,-314.514456,-308.444944,36.557884,317.448277,36.557884,877.973603,-137.78318,53.058334,153.856175,53.058334,-185.127334,-80.479416,153.856175,-80.479416,1130.258143,600.200901,1.0,4.216752,1.013737,1.521438
27689.0,0.364963,-0.742355,-0.561881,0.91379,0.401196,0.063483,0.178298,-0.53661,0.824779,-115.846482,-161.674808,42.702639,3.592585,3.594866,3.596296,90.037873,90.016577,90.035541,149.401339,0.070625,0.079117,88.871495,0.920213,261.267562,100.112715,-50.270614,100.112715,-520.794827,-161.426738,-50.270614,-161.426738,828.605223,44.003043,114.051369,-79.969473,114.051369,-169.493694,-74.839855,-79.969473,-74.839855,1028.136915,911.10052,1.0,4.599884,0.600986,2.820802
29598.0,-0.782632,0.553935,0.283977,-0.611588,-0.769239,-0.185017,0.115959,-0.318477,0.940811,313.697399,-96.457132,-89.034288,3.592623,3.593181,3.59759,90.056228,89.977669,89.994259,122.95945,0.089825,0.08158,68.864786,0.897849,-480.918792,26.405755,9.364599,26.405755,-264.653431,12.551006,9.364599,12.551006,1216.439739,10.093402,-25.459456,-82.412347,-25.459456,-65.673011,-77.565667,-82.412347,-77.565667,1184.027713,595.858539,1.0,0.993354,0.345781,2.792407
27620.0,0.344841,-0.82679,-0.444413,0.936261,0.336803,0.099897,0.067086,-0.450535,0.890235,-314.457771,240.167312,-8.001391,3.594332,3.595772,3.597931,90.021945,90.003553,90.026223,82.4501,0.051324,0.050066,93.465537,0.994624,591.045105,50.882926,-104.66526,50.882926,12.508139,44.761411,-104.66526,44.761411,1159.036206,133.455324,79.747412,-192.384334,79.747412,440.380304,13.880634,-192.384334,13.880634,1065.821622,532.867398,1.0,4.491281,0.472936,2.993775
29395.0,-0.547257,0.010552,0.836898,-0.508149,0.790348,-0.34225,-0.665052,-0.612567,-0.427161,70.787684,-418.404473,-185.326141,3.594008,3.593343,3.591664,89.880663,89.970493,89.947849,218.084996,0.090766,0.108698,61.414817,0.869565,-649.699489,609.694394,-238.291447,609.694394,-1002.380334,-121.055338,-238.291447,-121.055338,902.088801,-507.884591,-112.527583,141.777042,-112.527583,92.213866,36.979605,141.777042,36.979605,997.334111,1179.643212,1.0,1.182598,2.012147,3.968048
28335.0,-0.473023,0.062592,0.878824,-0.880287,-0.075086,-0.468462,0.036666,-0.995211,0.090616,-247.124382,-15.767097,-19.692384,3.592835,3.595897,3.593115,90.03883,90.009715,89.942438,175.85127,0.066471,0.083621,61.598875,0.897297,-229.466038,32.901836,486.206898,32.901836,-302.269701,351.313533,486.206898,351.313533,571.77902,-276.485585,-129.855373,-255.466702,-129.855373,-145.729236,-137.900849,-255.466702,-137.900849,704.11199,1076.151451,1.0,1.081055,1.480055,3.104767
23227.0,-0.88213,-0.336161,-0.329913,0.470778,-0.607521,-0.639754,0.014631,-0.719662,0.69417,528.165399,82.877531,155.971585,3.589601,3.593366,3.595472,90.1134,90.055659,90.100232,165.685951,0.086744,0.080147,69.369139,0.913514,-1922.355906,-380.682609,-376.649666,-380.682609,-118.750589,-156.473972,-376.649666,-156.473972,1129.668772,-144.522133,164.989074,-51.70578,164.989074,42.321944,-88.704954,-51.70578,-88.704954,1405.100541,758.602551,1.0,5.807068,0.80353,3.121265
23757.0,0.497371,0.867,-0.030541,-0.287885,0.198155,0.93694,0.818379,-0.457214,0.348153,11.700378,138.109203,-139.375467,3.596527,3.594252,3.593614,90.021064,89.966561,90.041528,136.657896,0.06477,0.06888,70.666801,0.913043,-57.608897,-40.3168,69.787728,-40.3168,-189.823731,-52.698297,69.787728,-52.698297,996.315828,-58.787659,-77.795163,141.972243,-77.795163,-2.827668,-122.665001,141.972243,-122.665001,1192.989625,762.733758,1.0,3.174177,1.215196,2.080281
27423.0,0.282576,-0.824858,-0.489653,0.940633,0.33834,-0.027127,0.188045,-0.452918,0.871495,537.96407,393.517041,93.913258,3.594218,3.595177,3.597755,90.023973,90.008437,90.015627,147.356031,0.069667,0.081324,83.156613,0.942105,420.928665,95.874051,-188.957161,95.874051,40.55531,-138.981896,-188.957161,-138.981896,1054.977331,128.496928,-96.993446,-122.068226,-96.993446,-63.625665,45.345628,-122.068226,45.345628,1255.60658,636.899039,1.0,4.422847,1.460418,1.855943
28486.0,0.50672,-0.044779,-0.860947,0.669188,0.65004,0.360049,0.543527,-0.75858,0.359354,-93.391057,360.596363,141.56811,3.595188,3.595026,3.592795,90.075012,89.967513,90.055708,138.441444,0.068608,0.076962,81.598201,0.994652,-411.238366,327.415069,-95.267094,327.415069,-340.147192,160.853509,-95.267094,160.853509,1114.383898,-103.129288,78.780435,124.849722,78.780435,-149.99322,-104.369202,124.849722,-104.369202,1088.302544,657.013453,1.0,4.316291,1.203221,2.519874
26661.0,0.035333,-0.630909,-0.775052,0.883032,-0.343454,0.319835,-0.467981,-0.695696,0.544977,-47.224208,-235.995833,-191.000879,3.596196,3.596266,3.594589,90.120045,90.014166,89.99721,118.906771,0.062748,0.062698,82.199775,0.964103,-642.467393,116.620329,-49.055147,116.620329,740.813941,303.725028,-49.055147,303.725028,1387.982239,361.806442,-14.545564,192.57957,-14.545564,27.082562,-1.104632,192.57957,-1.104632,947.890603,428.638646,1.0,4.321015,0.994434,3.733747
24229.0,0.123801,-0.873037,0.471677,-0.051932,0.468982,0.88168,-0.990947,-0.133648,0.012722,110.287112,-276.463021,63.127619,3.59948,3.594791,3.594267,89.985811,90.024464,89.982967,95.870052,0.06319,0.06366,88.882059,0.967914,76.367293,-139.745742,55.878691,-139.745742,252.790566,170.423124,55.878691,170.423124,1573.448778,438.827918,-12.590836,-65.723837,-12.590836,25.590311,-66.612229,-65.723837,-66.612229,1530.048005,834.775169,1.0,2.650358,1.558074,4.578329
28352.0,-0.268487,0.390228,0.880702,-0.534541,0.700234,-0.473222,-0.801362,-0.597825,0.020589,-210.596023,75.395585,64.708607,3.597401,3.595339,3.596019,89.996944,89.976426,89.950801,101.712448,0.058953,0.055556,79.064288,0.973404,419.458631,-226.328284,-98.899021,-226.328284,371.371818,223.734294,-98.899021,223.734294,1172.963166,14.597274,55.114758,-2.617582,55.114758,363.124323,129.411834,-2.617582,129.411834,1156.33998,555.479233,1.0,1.077738,1.550206,4.071445
27804.0,-0.309135,0.422975,0.851779,-0.93264,0.040395,-0.358541,-0.186061,-0.90524,0.381996,-258.351712,-19.166279,108.485581,3.594758,3.596275,3.593819,90.046821,89.987013,89.972193,111.815678,0.057344,0.059437,86.414767,0.989583,-293.229035,-41.348079,20.119198,-41.348079,275.163769,51.706999,20.119198,51.706999,894.736458,38.790431,5.258661,-133.04625,5.258661,222.768199,-11.176795,-133.04625,-11.176795,1065.464794,670.773139,1.0,1.172377,1.178841,3.344307
28996.0,0.686365,-0.642115,-0.341456,0.665325,0.364807,0.651351,-0.293677,-0.674244,0.677605,-277.107706,375.34192,-55.924291,3.595089,3.591991,3.59446,90.117569,90.086812,89.942229,199.355306,0.09317,0.098951,76.256271,0.751351,-584.251784,541.717621,-689.497112,541.717621,-759.288294,-143.659326,-689.497112,-143.659326,1295.128671,421.248815,-12.592909,-145.573515,-12.592909,115.205175,-125.125239,-145.573515,-125.125239,776.051374,724.904117,1.0,3.624433,0.826295,3.552378
23563.0,0.876405,0.088197,0.47343,-0.478157,0.042454,0.877248,0.057272,-0.995198,0.079379,119.984471,297.435579,-129.682972,3.593469,3.59841,3.59541,89.988133,90.005473,90.028545,80.776051,0.069546,0.064494,100.449503,0.983425,-57.70065,214.906149,62.865399,214.906149,356.048142,-230.355988,62.865399,-230.355988,1256.557401,-164.268996,107.484192,-0.514945,107.484192,218.699531,72.474141,-0.514945,72.474141,1170.678126,363.586077,1.0,2.64671,1.491334,3.084108
24803.0,0.388946,0.512578,-0.765496,-0.461044,0.827684,0.319965,0.797596,0.228478,0.558245,-80.464331,-422.177716,-177.915,3.597191,3.59446,3.593419,90.026941,89.975884,89.990988,73.445808,0.066391,0.057504,106.114476,0.984043,191.429049,152.40341,289.695391,152.40341,40.69766,-413.731526,289.695391,-413.731526,705.14532,137.431735,-65.44085,3.980053,-65.44085,150.290141,-136.649576,3.980053,-136.649576,1006.588291,554.646645,1.0,4.316476,0.978527,1.291809
28448.0,-0.311756,0.365321,0.877125,-0.565303,0.670662,-0.480255,-0.763702,-0.645564,-0.002566,-66.873607,-418.302404,180.362947,3.596441,3.595299,3.593993,90.031022,90.010657,89.964524,133.800875,0.068251,0.068301,62.083113,0.871658,-52.701917,0.757833,268.258468,0.757833,296.00403,-26.655255,268.258468,-26.655255,878.701041,-169.334476,-64.22172,70.694137,-64.22172,117.992053,-155.77817,70.694137,-155.77817,1131.211661,881.037686,1.0,1.069849,1.573362,4.010624
27744.0,-0.277022,0.757975,0.590537,-0.896845,-0.424547,0.12421,0.344858,-0.495211,0.797395,-341.47329,435.356258,172.912995,3.592843,3.590302,3.595845,90.02272,89.992671,90.108332,196.722085,0.098296,0.092684,61.014867,0.875,-210.557907,814.674182,219.407,814.674182,-1123.06993,-310.535054,219.407,-310.535054,577.832441,-401.142583,68.831433,216.868278,68.831433,261.921956,-15.22644,216.868278,-15.22644,745.803229,839.802561,1.0,1.778108,0.64783,2.533296
29490.0,-0.711388,-0.269432,0.649102,-0.606368,0.70224,-0.373064,-0.35531,-0.658988,-0.66294,139.031984,-178.858263,180.962834,3.594154,3.596798,3.595929,90.002079,89.990997,89.980705,125.294319,0.079217,0.07287,75.581085,0.988889,330.513222,-335.602351,36.574664,-335.602351,403.83656,-147.016598,36.574664,-147.016598,707.230538,129.067905,-113.743448,59.99689,-113.743448,160.872316,-128.350002,59.99689,-128.350002,1114.491282,641.871083,1.0,1.049159,2.295536,3.636087
28721.0,-0.285915,0.874355,0.392117,-0.440899,-0.483346,0.756297,0.8508,0.043352,0.523698,519.501484,-124.780559,78.019843,3.597361,3.595007,3.595769,90.033546,89.967017,89.94778,130.992836,0.071475,0.069209,77.873821,0.910615,-99.649072,-217.647573,132.070881,-217.647573,772.843596,-174.452788,132.070881,-174.452788,1116.870061,-13.416008,113.291006,10.693829,113.291006,391.791884,-91.264389,10.693829,-91.264389,1241.273734,815.9961,1.0,2.663279,1.01961,1.519885
23272.0,0.42904,0.659457,-0.617285,-0.157375,0.727498,0.667817,0.88947,-0.189375,0.415908,31.932129,-280.535915,9.598551,3.598803,3.592925,3.595769,90.017704,89.992464,89.98775,83.104869,0.062905,0.053098,100.859464,0.994624,482.649869,-387.740819,390.260616,-387.740819,-66.40174,70.937282,390.260616,70.937282,1196.427711,254.909941,-111.134014,213.124865,-111.134014,154.349684,-141.714398,213.124865,-141.714398,1248.449977,381.488575,1.0,3.887689,1.141855,1.780572
23302.0,-0.625932,0.10949,-0.772154,0.364495,0.916375,-0.165531,0.689459,-0.385057,-0.613497,113.376836,33.131477,18.65808,3.595559,3.594172,3.595331,89.93922,90.059258,89.99313,98.182972,0.073339,0.065743,82.478942,1.0,-179.109342,-371.974934,204.556671,-371.974934,77.194794,69.857111,204.556671,69.857111,1036.329279,247.554219,-95.302347,10.005172,-95.302347,44.732363,111.378281,10.005172,111.378281,989.10432,629.96069,1.0,4.923568,2.231277,2.080135
23995.0,0.347103,0.559598,-0.752576,-0.223647,0.828707,0.513057,0.91077,-0.009772,0.412799,277.220577,-181.063983,-127.617177,3.597015,3.594272,3.592831,90.019701,89.960679,90.003925,207.959015,0.083081,0.103682,66.369963,0.837838,-79.616541,266.836515,121.372866,266.836515,-176.34893,-195.425385,121.372866,-195.425385,928.419736,172.750415,147.830095,300.853166,147.830095,-104.072679,-246.570483,300.853166,-246.570483,938.614155,1055.937162,1.0,4.114027,1.145272,1.581525
28620.0,-0.537406,0.724623,0.431412,-0.814137,-0.312364,-0.4895,-0.219945,-0.614289,0.757808,209.641048,-120.980302,-155.558276,3.5945,3.594248,3.596048,90.038725,90.014852,89.977966,95.807713,0.066742,0.061361,80.176172,0.962766,-90.812881,20.585423,173.968483,20.585423,154.21389,-19.552572,173.968483,-19.552572,797.530245,249.576285,15.0486,52.253917,15.0486,18.166611,-130.436903,52.253917,-130.436903,982.11766,700.001405,1.0,0.722405,0.710849,3.48542
29527.0,0.713713,-0.168381,-0.679898,0.47387,0.830891,0.291663,0.51581,-0.530347,0.672809,163.99952,69.37862,-111.24952,3.597688,3.595595,3.595748,90.07308,89.992998,89.969896,97.36063,0.055915,0.057297,94.490575,1.0,519.144969,708.336454,-77.545351,708.336454,520.313073,-31.710712,-77.545351,-31.710712,999.47176,186.135815,169.915719,107.46867,169.915719,219.130189,-2.788182,107.46867,-2.788182,1169.486581,380.970363,1.0,4.307152,0.832798,2.370089
29643.0,-0.718937,0.672424,-0.176001,-0.549638,-0.394982,0.73613,0.425474,0.625968,0.653557,-254.748079,214.839418,-130.707929,3.595345,3.595456,3.595902,89.968895,89.973495,89.95763,63.855437,0.064418,0.054344,95.006165,0.994595,57.393646,-6.80099,-102.004531,-6.80099,306.082674,-78.019551,-102.004531,-78.019551,1028.057107,310.130949,-102.951406,-15.150032,-102.951406,348.212984,15.266711,-15.150032,15.266711,1000.42598,417.917775,1.0,3.376276,0.858522,0.596976
28652.0,0.600923,-0.78229,-0.164052,0.727783,0.450641,0.516967,-0.33049,-0.430052,0.840138,407.697069,471.524866,-30.211696,3.587533,3.594334,3.596019,90.042193,90.064412,89.998181,201.625636,0.077328,0.078116,69.6006,0.933702,-548.856947,-803.304802,213.523409,-803.304802,-1340.33402,347.191031,213.523409,347.191031,827.016047,191.665317,45.291793,235.564039,45.291793,-407.837651,113.75158,235.564039,113.75158,1223.557235,963.708929,1.0,3.448877,0.573259,3.796821
23326.0,-0.76045,0.326864,-0.561138,0.442465,0.893274,-0.079292,0.475333,-0.308581,-0.823915,-344.790057,450.024604,-151.56683,3.600683,3.591293,3.597799,90.020677,89.873992,90.007279,183.60795,0.098887,0.089097,85.706949,0.983957,2391.955742,-875.971839,282.529801,-875.971839,-304.714876,334.17815,282.529801,334.17815,157.249082,-46.077074,61.33074,229.187323,61.33074,313.909103,-60.542256,229.187323,-60.542256,706.498665,485.04512,1.0,4.852764,2.539082,2.146602
28600.0,-0.240084,0.435231,-0.867717,-0.413062,0.763102,0.497046,0.878487,0.477754,-0.003431,501.949634,456.94244,-28.991167,3.59714,3.589436,3.592423,89.906298,90.030751,89.892316,160.575768,0.073922,0.072343,78.486611,0.977401,-1418.573842,-916.450809,-332.921534,-916.450809,-535.613076,-259.80285,-332.921534,-259.80285,1199.165258,-66.084277,158.580249,-27.252698,158.580249,193.077803,-74.109955,-27.252698,-74.109955,1149.843906,463.170878,1.0,4.192195,1.574228,1.072696
26336.0,0.146988,0.612782,0.776461,-0.814315,-0.370647,0.446668,0.561503,-0.697939,0.444517,234.262133,-54.047292,158.735213,3.594883,3.595673,3.596349,90.018383,89.950149,90.053897,115.091689,0.065942,0.064717,69.507493,0.857895,463.889455,107.656044,194.550879,107.656044,-162.724289,-3.085476,194.550879,-3.085476,1146.430736,519.271522,-15.442372,-14.85165,-15.442372,46.554883,-13.005815,-14.85165,-13.005815,865.737925,567.427343,1.0,2.092827,1.110161,2.464104
26253.0,-0.094648,-0.451791,-0.887089,0.964965,0.17741,-0.193311,0.244715,-0.874306,0.419171,469.085126,261.430261,171.86291,3.591263,3.596137,3.593121,90.088098,89.937923,90.010805,151.982397,0.062975,0.068027,61.106991,0.857923,-584.118589,-377.215938,-244.32223,-377.215938,-853.591048,-171.35953,-244.32223,-171.35953,1107.665875,62.883742,-27.131329,230.298758,-27.131329,-79.59906,-129.883204,230.298758,-129.883204,1070.477709,690.747316,1.0,4.926951,1.138264,2.86868
23355.0,0.642849,0.161332,0.74881,-0.281914,0.958784,0.035451,-0.712228,-0.23389,0.661835,562.819251,-133.368702,63.841791,3.595989,3.594638,3.603114,90.000437,89.978617,89.939707,123.380415,0.090464,0.077564,88.482789,0.989011,1970.876797,257.17159,837.357286,257.17159,-50.560425,-235.995555,837.357286,-235.995555,1429.348654,228.940828,1.472493,158.129569,1.472493,291.928537,-141.784521,158.129569,-141.784521,1430.706605,398.621355,1.0,1.618104,0.847532,4.395092
23359.0,0.371656,-0.517836,0.770531,-0.141022,0.78886,0.598174,-0.917597,-0.330976,0.220158,269.887292,-380.861454,-61.156139,3.596653,3.591952,3.593197,90.03736,90.009987,89.940339,159.930064,0.079338,0.081795,68.201203,0.790055,-146.284805,174.876406,-28.950987,174.876406,-800.898203,-79.458929,-28.950987,-79.458929,974.900683,-240.653886,-41.354226,-184.853041,-41.354226,-183.018134,127.255309,-184.853041,127.255309,1350.199525,821.399894,1.0,2.230927,1.34882,4.366215
28083.0,0.478971,-0.825591,-0.298306,0.872439,0.485307,0.057684,0.097147,-0.287882,0.952726,-15.959454,325.357296,182.088384,3.590356,3.593768,3.598537,90.035542,89.990226,90.052938,195.397464,0.093774,0.101772,62.087149,0.836842,51.101094,-154.682103,-67.027699,-154.682103,-1154.923589,19.653263,-67.027699,19.653263,1370.495475,505.923125,-11.996362,-149.176757,-11.996362,-173.747379,83.353059,-149.176757,83.353059,958.360628,1004.874952,1.0,4.521375,0.308712,2.816139
29706.0,-0.736754,0.608579,-0.294661,-0.538951,-0.26539,0.799438,0.408321,0.747797,0.523521,256.864869,93.806209,80.245995,3.593964,3.595324,3.596367,89.962883,89.96407,89.949072,62.946131,0.05671,0.049163,130.374496,0.989362,-162.808903,-229.559818,-191.964911,-229.559818,190.908759,140.23894,-191.964911,140.23894,1071.519174,304.906716,31.648819,-12.452378,31.648819,260.375585,149.533553,-12.452378,149.533553,1144.506436,375.111324,1.0,3.494728,1.019818,0.499792
27214.0,-0.104019,0.63212,0.767857,-0.898512,-0.390757,0.199963,0.426446,-0.669129,0.608613,495.816382,-381.341894,-111.018358,3.595014,3.592779,3.591608,90.138503,90.051377,90.031773,183.689885,0.084048,0.080542,69.714516,0.907609,-1563.130853,684.19132,-235.454436,684.19132,330.680081,256.529978,-235.454436,256.529978,589.329311,-159.940914,65.219401,76.322387,65.219401,-105.434774,57.954044,76.322387,57.954044,1050.621393,1019.877412,1.0,1.825555,0.916485,2.574186
27630.0,-0.242821,0.730827,0.63791,-0.918774,0.037746,-0.392976,-0.311277,-0.681518,0.662299,453.873851,-386.638233,-176.746167,3.592967,3.595616,3.599223,89.966971,90.009775,89.929682,169.362164,0.093041,0.095917,69.230459,0.924324,919.881753,-867.824537,375.087684,-867.824537,-103.112358,30.627823,375.087684,30.627823,881.322301,-36.773477,-161.937956,221.465914,-161.937956,-67.995953,-126.630775,221.465914,-126.630775,1111.133646,675.634936,1.0,1.018669,0.846913,3.570037
23635.0,-0.729387,-0.543472,-0.415491,0.52418,-0.834255,0.171037,-0.439579,-0.09304,0.893372,104.92961,-83.55497,149.551578,3.59499,3.594855,3.597244,90.017623,90.052407,90.000953,73.675332,0.062461,0.056111,92.712693,0.98913,46.798512,53.429851,45.887535,53.429851,264.615653,27.558417,45.887535,27.558417,1187.625543,89.808123,48.828174,-59.278167,48.828174,180.047895,84.097875,-59.278167,84.097875,1180.915948,342.161689,1.0,4.32188,0.466001,4.50381
23396.0,0.832287,-0.066518,0.550339,-0.40114,0.612934,0.680734,-0.382602,-0.787329,0.483454,416.993467,501.634493,-14.020324,3.59188,3.597137,3.594017,90.003926,90.079499,89.943978,216.779198,0.134316,0.131474,73.351084,0.864865,-1063.225871,176.111659,-189.474187,176.111659,372.608688,-147.374078,-189.474187,-147.374078,1060.38484,-69.729753,205.799497,89.676083,205.799497,-83.74622,-49.509112,89.676083,-49.509112,803.588897,1413.523377,1.0,2.46172,1.0662,3.593937
23870.0,0.530024,0.831409,-0.166833,-0.338364,0.387758,0.857411,0.77755,-0.397999,0.48684,109.93343,145.435641,23.429171,3.596427,3.592397,3.592715,90.051543,89.973666,90.035849,158.687347,0.078205,0.080901,60.666674,0.873684,-292.664033,-364.017164,136.346887,-364.017164,-575.154004,-210.456979,136.346887,-210.456979,822.481646,140.520177,-2.780271,475.865546,-2.780271,-335.337386,47.294448,475.865546,47.294448,883.216867,747.209717,1.0,3.333769,1.062328,2.043889
24710.0,0.331194,0.571356,-0.750908,-0.355257,0.812768,0.461736,0.87413,0.113841,0.472163,121.121828,12.549982,-71.154353,3.597323,3.595241,3.594004,89.998624,89.962831,89.967598,103.966177,0.057788,0.058656,80.702694,0.994505,177.818161,202.085704,281.533803,202.085704,111.840852,16.640169,281.533803,16.640169,1064.309414,-16.760381,109.865121,108.353235,109.865121,177.58563,7.064224,108.353235,7.064224,1223.475098,540.628294,1.0,4.161083,1.079054,1.441292
24657.0,-0.350594,-0.679341,0.644655,0.521939,0.429802,0.736783,-0.777601,0.594782,0.203889,-85.727604,234.75216,101.038165,3.597077,3.593673,3.593975,90.031012,90.052173,90.059952,86.858285,0.054009,0.049055,95.750373,1.0,281.475154,156.43433,296.277766,156.43433,-516.70414,-288.653071,296.277766,-288.653071,1075.814388,199.053123,80.903005,120.985953,80.903005,265.065783,-161.969796,120.985953,-161.969796,1104.38143,343.547716,1.0,2.422786,1.365468,5.365354
26330.0,-0.040251,-0.723642,0.689001,0.721146,0.456256,0.521324,-0.691612,0.517854,0.503487,152.117804,241.832357,16.972527,3.596413,3.595447,3.594697,90.022655,90.038019,90.045042,67.227888,0.06291,0.05483,102.344544,0.973404,524.522887,-15.754608,-87.227523,-15.754608,-89.384586,-311.075171,-87.227523,-311.075171,915.824156,411.963712,-10.687877,7.589912,-10.687877,195.557711,-49.57076,7.589912,-49.57076,916.875185,267.687818,1.0,2.218532,1.043166,5.355098
24170.0,0.337796,-0.667582,0.663497,-0.243805,0.618813,0.746746,-0.909095,-0.414012,0.046272,-62.764038,-406.43346,-71.821772,3.595244,3.5942,3.5926,89.991508,90.020634,89.939232,134.073132,0.096395,0.089939,95.645962,0.820106,-465.149094,-69.966712,228.286171,-69.966712,-173.580801,-92.507728,228.286171,-92.507728,733.667323,-398.437859,-112.926506,-18.921921,-112.926506,95.867906,-2.804304,-18.921921,-2.804304,1190.16436,635.53042,1.0,2.415158,1.524507,4.285044
23992.0,-0.462173,0.59895,-0.653954,0.441634,0.794943,0.415962,0.768996,-0.096562,-0.631918,569.084164,-323.200908,151.427065,3.595802,3.591537,3.594377,90.003295,90.137938,89.996612,179.522545,0.08764,0.087234,68.865243,0.834225,-788.560188,127.615966,183.67585,127.615966,-730.629514,177.567913,183.67585,177.567913,1520.647132,494.611721,43.137139,38.984726,43.137139,-584.198425,157.014775,38.984726,157.014775,1483.940793,1103.424183,1.0,4.145867,2.254822,1.695711
28740.0,-0.540159,0.069088,0.838722,-0.758385,0.392057,-0.520714,-0.364802,-0.917343,-0.159378,37.189898,-118.914026,109.823274,3.595552,3.598827,3.594046,89.989851,90.04036,90.000392,130.044556,0.07559,0.072712,66.05537,0.854054,499.016531,359.376163,4.865727,359.376163,173.396174,-437.123258,4.865727,-437.123258,1198.431682,421.101144,227.329604,-75.764947,227.329604,138.432443,-139.484335,-75.764947,-139.484335,1213.170219,642.075953,1.0,1.015192,1.730857,3.52009
23748.0,0.828224,0.278349,0.486382,-0.51524,0.719565,0.465568,-0.220393,-0.636198,0.739378,524.366654,194.642319,-187.679945,3.594729,3.594115,3.5945,90.061293,89.976255,90.005627,161.131342,0.051902,0.064343,69.302281,0.879121,201.771728,-299.347465,196.38732,-299.347465,-293.531844,-178.132872,196.38732,-178.132872,548.420081,-644.19931,-205.923372,159.631125,-205.923372,260.162932,-221.861695,159.631125,-221.861695,1204.747229,1273.340618,1.0,2.334334,0.738651,3.475076
27260.0,0.22253,-0.570738,-0.790404,0.927123,0.374637,-0.009498,0.301536,-0.730688,0.612512,222.027446,-19.758416,52.65206,3.594954,3.594608,3.594425,90.065814,89.962959,90.012854,130.168631,0.061444,0.067267,76.313406,0.875676,-433.84363,-1.190622,-95.752744,-1.190622,200.175435,137.358871,-95.752744,137.358871,869.201482,-284.981471,-120.879968,-10.575085,-120.879968,-2.800301,73.328819,-10.575085,73.328819,1180.293974,737.939822,1.0,4.724404,0.911562,2.750209
23741.0,0.311194,0.522239,-0.793993,-0.15659,0.852235,0.499174,0.937357,-0.031008,0.346988,57.885313,443.049161,16.785382,3.597281,3.590428,3.594904,89.998282,89.971879,89.993283,118.352184,0.052612,0.054539,88.340661,0.94086,-111.048456,-513.334346,88.041899,-513.334346,-650.376254,88.761551,88.041899,88.761551,1015.310842,176.510332,-31.140008,57.154484,-31.140008,-62.818586,-16.58473,57.154484,-16.58473,1104.051377,558.572176,1.0,4.151142,1.216439,1.603865
28255.0,0.505061,0.16766,-0.846642,0.794635,0.29252,0.531965,0.336849,-0.941447,0.014512,-152.378593,228.133183,151.420499,3.593728,3.598675,3.595985,90.027743,90.016489,89.999208,78.997144,0.058342,0.061555,109.16724,1.0,633.969852,-116.839622,-381.696768,-116.839622,53.687831,-285.74212,-381.696768,-285.74212,1173.156918,292.045151,44.376511,-2.161647,44.376511,183.793075,-221.154032,-2.161647,-221.154032,1147.628264,389.661254,1.0,4.151404,1.556284,2.797986
23475.0,0.494796,-0.679571,0.541627,-0.228571,0.499551,0.835586,-0.838411,-0.537245,0.091845,518.680864,471.630992,-130.954525,3.594549,3.597018,3.586767,89.985879,90.035265,89.933233,203.307872,0.108956,0.10385,78.598259,0.854054,-785.403746,-1104.321927,402.787019,-1104.321927,-1072.520858,-350.863315,402.787019,-350.863315,920.199596,-9.578672,-221.121833,-2.668132,-221.121833,16.399183,64.84274,-2.668132,64.84274,913.302878,910.036051,1.0,2.566484,1.478822,4.142516
23455.0,0.410568,0.69403,-0.591401,-0.174873,0.69648,0.695942,0.894904,-0.182312,0.40732,-321.154121,36.377978,-105.80163,3.594776,3.592557,3.596165,89.968965,89.985135,90.0771,107.478752,0.070347,0.062429,105.181002,0.994681,-587.535864,-498.505812,-324.15663,-498.505812,526.118831,-138.866431,-324.15663,-138.866431,560.64944,296.774544,-174.893837,32.743613,-174.893837,303.839488,39.396947,32.743613,39.396947,845.926626,273.466363,1.0,3.845962,1.151279,1.771768
26728.0,0.056159,-0.801061,0.595943,0.578895,0.512438,0.634262,-0.813466,0.309368,0.492508,273.770987,275.070904,98.282102,3.596196,3.595301,3.593713,90.002598,90.083426,90.050962,148.954431,0.084939,0.084639,64.235042,0.860215,246.571539,-238.042084,-100.951167,-238.042084,-518.704803,9.152257,-100.951167,9.152257,1247.314568,-4.84574,-182.889461,-181.51616,-182.889461,-20.89263,-49.725448,-181.51616,-49.725448,1229.292914,733.904437,1.0,2.387333,1.055827,5.075806
23781.0,0.840883,0.123607,0.526912,-0.535322,0.04666,0.843358,0.079659,-0.991234,0.105405,-99.100638,371.867158,71.275531,3.590792,3.597774,3.595128,89.934344,90.02578,90.063646,183.598195,0.090698,0.092363,76.219823,0.831522,-740.353432,540.504017,-35.549062,540.504017,273.263537,-758.004015,-35.549062,-758.004015,1020.612494,-30.915302,201.036521,98.330902,201.036521,-169.675512,-164.505088,98.330902,-164.505088,1199.010478,1027.616592,1.0,2.583153,1.465195,3.061401
30356.0,-0.661002,0.730832,0.170177,-0.312177,-0.474056,0.823296,0.682364,0.491075,0.541501,-25.860019,-404.794882,29.152045,3.596754,3.596071,3.596232,89.965684,90.044516,89.943109,94.988386,0.078985,0.068568,101.156863,1.0,369.735888,476.097232,242.831337,476.097232,765.88061,-365.827569,242.831337,-365.827569,910.502045,71.292502,-104.328032,110.077416,-104.328032,151.367649,40.684196,110.077416,40.684196,985.637881,223.134489,1.0,2.937761,0.998575,0.946992
30172.0,-0.297623,0.469845,-0.831063,-0.18737,0.824834,0.533425,0.936116,0.314476,-0.157454,-216.184475,-114.31957,-78.863269,3.597396,3.598232,3.595327,90.062771,90.015593,90.024446,88.433132,0.067135,0.057441,106.691755,0.983871,1047.039191,655.310685,168.463036,655.310685,577.475061,-136.667703,168.463036,-136.667703,950.065807,318.22104,185.014532,-30.611036,185.014532,440.609349,-21.67045,-30.611036,-21.67045,883.026634,365.573632,1.0,4.141758,1.728909,1.246705
23492.0,-0.698234,-0.715854,-0.004753,0.458492,-0.452285,0.764999,-0.549777,0.531969,0.644014,358.417823,-229.106619,173.505456,3.600449,3.595607,3.596514,89.945291,90.028362,89.988969,138.323872,0.065628,0.065826,70.018231,0.924731,1229.735723,-561.12071,408.133932,-561.12071,361.194176,-81.154316,408.133932,-81.154316,1433.006648,429.340419,129.264324,100.321236,129.264324,12.387285,117.506378,100.321236,117.506378,1271.404867,625.578562,1.0,3.147805,0.871062,5.481326
23512.0,-0.831309,-0.343336,-0.437088,0.543447,-0.337154,-0.76876,0.116577,-0.876611,0.466864,446.036956,-369.541756,-171.261972,3.588197,3.596476,3.594966,90.004452,90.095945,89.996781,193.705261,0.116326,0.105321,63.521755,0.788889,-1559.620789,551.087195,686.752266,551.087195,455.764319,-166.91233,686.752266,-166.91233,528.942527,-415.384078,-43.131797,-213.307962,-43.131797,-37.659494,-27.288831,-213.307962,-27.288831,1301.867263,969.311137,1.0,5.766203,1.085055,3.009383
30430.0,0.300445,0.494021,-0.815889,0.058257,0.844308,0.532682,0.952018,-0.207573,0.224888,445.327343,380.464689,-185.223719,3.598652,3.593564,3.593777,90.008014,89.984169,89.975121,103.879281,0.059506,0.061982,90.889763,0.967391,126.769132,105.772886,364.993902,105.772886,-104.84681,324.152906,364.993902,324.152906,1172.232745,142.237137,-21.017293,91.926455,-21.017293,-85.567387,12.592272,91.926455,12.592272,1382.418064,565.773332,1.0,4.133988,1.343968,1.785472
28189.0,-0.416814,0.715297,0.560907,-0.878399,-0.475699,-0.046108,0.233842,-0.511918,0.826594,-311.791593,72.267093,163.676204,3.594854,3.592394,3.595259,90.072201,89.964945,90.018735,134.90026,0.073071,0.066918,77.013782,0.887701,-600.968533,344.250319,-15.729759,344.250319,-28.819366,-219.021052,-15.729759,-219.021052,853.175678,-105.960587,188.184678,94.950624,188.184678,16.16121,18.700763,94.950624,18.700763,683.049227,943.018836,1.0,1.488778,0.597768,2.713102
29549.0,-0.768427,0.502546,0.39619,-0.623322,-0.727942,-0.285603,0.144875,-0.466419,0.872619,412.794491,512.665081,-87.971796,3.585223,3.593045,3.597663,90.11358,90.035475,90.012774,264.828842,0.100301,0.119985,71.722479,0.786885,-1442.299403,-778.286156,576.762237,-778.286156,-1603.430064,533.117985,576.762237,533.117985,1438.054586,66.077341,-181.84077,-65.858373,-181.84077,-66.735597,-33.229607,-65.858373,-33.229607,819.368101,972.251989,1.0,0.946198,0.510256,2.84043
25890.0,0.264186,-0.518125,0.813482,-0.796364,0.358611,0.487034,-0.544068,-0.776495,-0.317876,-41.48431,-350.279254,-102.387848,3.595084,3.596546,3.594036,89.950446,89.980762,89.992657,65.53084,0.064346,0.054032,109.943769,0.994536,-64.559433,-228.682776,-46.699511,-228.682776,296.796184,-255.992291,-46.699511,-255.992291,870.69128,246.193396,-136.908877,223.622555,-136.908877,-29.682588,-151.111084,223.622555,-151.111084,1077.75036,477.937283,1.0,2.110262,1.894285,3.752769
24144.0,0.388954,0.592288,-0.705627,-0.28294,0.805722,0.520344,0.876732,-0.00274,0.480971,-243.541084,267.205205,-193.70189,3.595081,3.594257,3.594943,90.022985,89.955379,90.00316,126.193284,0.070495,0.068453,65.18764,0.946237,170.269479,109.455919,-226.555968,109.455919,-101.077504,18.819891,-226.555968,18.819891,648.739192,-65.360052,158.107997,-232.424931,158.107997,81.171178,6.097803,-232.424931,6.097803,980.557926,684.227898,1.0,4.076988,1.069035,1.573921
27525.0,-0.05188,0.564625,-0.823715,-0.358754,0.759228,0.543018,0.931989,0.323683,0.163173,538.337296,20.754835,-66.443177,3.599504,3.589827,3.592432,89.94666,89.965615,89.921309,215.598019,0.107107,0.10917,60.029208,0.851064,-1081.499256,-508.442364,-191.777499,-508.442364,-681.609397,-155.355261,-191.777499,-155.355261,1779.22494,-356.436171,169.501345,-9.003088,169.501345,-325.763267,-267.378481,-9.003088,-267.378481,1377.772407,939.705081,1.0,4.129553,1.406891,1.236526
23531.0,-0.703484,-0.128828,-0.698938,0.474012,0.647706,-0.596481,0.52955,-0.75092,-0.394584,551.064635,44.821231,43.050124,3.594975,3.596645,3.593693,89.968308,90.039286,90.034629,102.012651,0.058618,0.054355,77.946369,0.935484,-209.776652,-165.563702,-1.178403,-165.563702,161.614438,-80.445649,-1.178403,-80.445649,1053.06756,-167.324868,-114.124018,-1.182232,-114.124018,162.642139,-113.841719,-1.182232,-113.841719,1189.312163,543.503537,1.0,5.418859,1.976412,2.527384
29475.0,-0.743738,0.416762,0.52265,-0.636918,-0.679177,-0.364765,0.202952,-0.604175,0.770573,558.888659,-147.848955,94.073715,3.593016,3.597293,3.595103,90.037123,89.897866,89.984453,163.979496,0.075384,0.077601,65.913603,0.858696,-799.980592,-306.115758,-410.601503,-306.115758,750.725669,-46.224175,-410.601503,-46.224175,1080.413266,313.948811,151.539325,89.615175,151.539325,313.075774,-35.686072,89.615175,-35.686072,1083.387015,907.300364,1.0,0.961471,0.691056,2.81752
24258.0,0.323524,0.016867,0.94607,-0.249607,0.965947,0.068136,-0.912704,-0.258189,0.316717,379.964229,-388.835194,9.056934,3.59844,3.593068,3.596092,90.070223,90.051914,90.023485,145.052176,0.066782,0.070029,80.100722,0.956757,378.623017,-593.333748,322.904966,-593.333748,-101.305697,414.316698,322.904966,414.316698,1362.994237,-54.935499,-94.492897,-34.919158,-94.492897,-204.34892,174.076495,-34.919158,174.076495,1265.283835,669.670211,1.0,1.642692,1.24853,4.436709
23528.0,-0.83323,-0.511098,-0.210967,0.551585,-0.741759,-0.381507,0.038501,-0.434249,0.89997,-160.078623,312.225771,56.052878,3.593276,3.595764,3.597536,90.037211,90.058317,90.005555,123.323775,0.061094,0.065128,74.74554,0.956284,-230.927738,124.793783,417.203255,124.793783,449.682469,-253.078779,417.203255,-253.078779,1137.24147,-142.518788,96.828002,25.761989,96.828002,273.166086,24.550849,25.761989,24.550849,1214.001503,580.276979,1.0,5.778055,0.451096,3.053163
28819.0,0.675863,-0.711675,-0.191648,0.731947,0.678593,0.061354,0.086387,-0.181743,0.979544,-231.894697,469.678808,43.817807,3.593888,3.596295,3.598026,90.033675,89.983313,89.98924,96.829523,0.053024,0.054354,93.948407,1.0,169.681647,-306.16798,141.881363,-306.16798,391.212815,-107.40303,141.881363,-107.40303,1249.93851,33.371018,-57.970484,-108.228265,-57.970484,134.735565,3.546361,-108.228265,3.546361,1125.085641,440.890241,1.0,4.402558,0.202613,2.697881
25755.0,-0.257512,-0.941577,-0.21707,0.957111,-0.279416,0.076584,-0.132763,-0.188039,0.973147,253.440339,245.93113,-163.173246,3.596365,3.595728,3.598589,90.010323,90.054114,90.042884,101.109855,0.055183,0.054189,105.388736,0.983871,286.613472,362.430462,-43.345718,362.430462,809.946129,-319.116776,-43.345718,-319.116776,1401.940523,238.237363,-36.457935,58.76104,-36.457935,124.434991,0.979353,58.76104,0.979353,1257.134951,333.094705,1.0,4.373216,0.232267,3.756359
27989.0,-0.319545,0.763727,0.560903,-0.820323,-0.519253,0.239681,0.474301,-0.383533,0.792427,348.601083,-138.288607,107.396381,3.59531,3.591488,3.596574,90.092481,89.981924,90.054599,137.246014,0.069633,0.07025,82.62085,0.966667,-633.204891,691.370576,-75.226722,691.370576,-142.149054,143.76975,-75.226722,143.76975,1238.555978,205.404862,103.637361,-113.008744,103.637361,122.239206,-76.575991,-113.008744,-76.575991,1142.250834,662.615217,1.0,1.974624,0.656018,2.250776
26979.0,0.136633,-0.939373,-0.3145,0.985579,0.096913,0.138714,-0.099825,-0.328918,0.939068,4.73044,213.381801,-174.853841,3.594725,3.593103,3.596751,90.071188,89.998013,89.952968,229.307439,0.096911,0.108247,62.609454,0.78453,-587.611692,-263.313052,200.27866,-263.313052,302.275871,-61.568706,200.27866,-61.568706,1085.059891,45.306252,-72.074518,-95.296228,-72.074518,-479.684892,133.919754,-95.296228,133.919754,1330.488014,1056.821919,1.0,4.296992,0.350888,3.436254
28967.0,-0.362324,0.826349,0.431125,-0.465939,-0.561195,0.684076,0.807231,0.046979,0.588363,-342.07558,104.878212,2.076954,3.596638,3.594064,3.595169,90.023936,89.947236,90.023267,94.206309,0.059612,0.053937,84.768104,0.951613,25.414861,-25.901303,-306.985414,-25.901303,105.290818,141.325898,-306.985414,141.325898,1029.176986,157.073739,-63.915168,-10.285716,-63.915168,144.898437,82.818602,-10.285716,82.818602,1026.768832,518.296844,1.0,2.579242,0.941764,1.512664
28162.0,0.498002,-0.756701,-0.423553,0.85037,0.52183,0.067564,0.169897,-0.393823,0.903348,441.166663,-335.991639,-106.045227,3.594396,3.597759,3.597778,90.008752,89.966737,90.039801,151.497223,0.09248,0.080695,62.29532,0.820106,932.724971,-337.339801,180.757102,-337.339801,116.439248,142.939429,180.757102,142.939429,1240.951922,-58.725597,228.816815,4.121892,228.816815,90.55182,56.883406,4.121892,56.883406,1347.442663,594.716638,1.0,4.554205,0.443283,2.73431
23911.0,-0.710054,-0.327489,-0.623357,0.614687,0.143556,-0.775597,0.343486,-0.933886,0.09937,73.734684,476.52116,-58.272663,3.593894,3.598828,3.586269,89.968066,89.905269,89.948956,206.2588,0.087182,0.089909,60.595949,0.804348,372.87159,-1040.005947,714.810646,-1040.005947,-2022.245739,-218.057415,714.810646,-218.057415,893.645765,-40.121948,-120.069587,375.746753,-120.069587,-263.044476,-104.029973,375.746753,-104.029973,1269.614755,641.109017,1.0,5.606184,1.471262,2.789146
24349.0,0.308086,-0.738219,0.600096,-0.250401,0.545615,0.799752,-0.917814,-0.396657,-0.016754,-291.716629,471.797888,-77.483362,3.598861,3.600608,3.593148,89.996405,90.002454,90.069802,131.307111,0.074329,0.066639,100.469339,0.994681,1314.46593,-1184.168467,-175.406834,-1184.168467,711.070587,166.204471,-175.406834,166.204471,1011.416142,99.833741,-50.451799,-9.651205,-50.451799,420.707135,78.914576,-9.651205,78.914576,1027.180666,541.60553,1.0,2.497866,1.587551,4.304456
26966.0,-0.021933,0.752891,0.657779,-0.801025,0.380458,-0.46218,-0.598229,-0.537034,0.59474,2.96178,-391.874518,126.043763,3.594837,3.592944,3.593656,89.99915,90.088165,90.002899,160.70474,0.088385,0.089567,60.265552,0.813187,-149.620611,361.473564,409.013338,361.473564,-443.476779,349.643068,409.013338,349.643068,518.802108,39.084893,78.286782,146.153217,78.286782,13.176513,-106.75524,146.153217,-106.75524,718.964458,718.527416,1.0,0.958303,0.933854,3.980842
25069.0,0.43344,-0.535026,0.725174,-0.638395,0.38567,0.666116,-0.636067,-0.751668,-0.174393,514.764646,483.065326,146.43715,3.595492,3.599442,3.58943,89.964559,89.898142,89.909944,228.451961,0.096643,0.099668,70.502779,0.89071,-175.819634,-819.702291,50.059115,-819.702291,-1127.278448,-393.193865,50.059115,-393.193865,2041.07929,463.90333,-331.940221,-10.748783,-331.940221,236.424925,112.744192,-10.748783,112.744192,1240.665284,1611.847843,1.0,2.313772,1.746086,3.843881
30365.0,0.345274,0.49368,-0.798164,0.082891,0.831101,0.54991,0.934834,-0.25603,0.246036,590.584137,-255.690047,-165.777598,3.599076,3.594384,3.590734,90.085912,89.959122,90.030951,156.287075,0.070947,0.080477,73.267969,0.951351,-55.004575,732.084695,39.598811,732.084695,-854.32107,-96.822669,39.598811,-96.822669,1601.694934,-251.827799,-230.592768,161.856739,-230.592768,-323.930986,-53.457323,161.856739,-53.457323,1643.977383,1317.762971,1.0,4.109105,1.322208,1.838119
27662.0,-0.20383,0.7474,0.632334,-0.768725,-0.522143,0.369363,0.60623,-0.410804,0.680974,-256.96091,-49.706527,111.632418,3.5934,3.591777,3.595588,90.027851,89.947314,89.99017,135.373356,0.05636,0.061408,73.297166,0.886486,-522.302367,33.250097,498.952405,33.250097,-277.708494,41.850735,498.952405,41.850735,539.517425,101.888509,30.864699,262.255535,30.864699,-157.240128,30.72671,262.255535,30.72671,747.972372,716.174284,1.0,2.099462,0.821705,2.166355
27391.0,-0.118305,0.753902,0.646247,-0.694421,-0.528017,0.488853,0.709777,-0.390934,0.585993,475.427476,120.689669,27.621834,3.597652,3.594815,3.594873,90.04894,89.999246,90.006666,165.575439,0.079726,0.090632,68.291193,0.835106,-134.681933,81.878758,-172.192219,81.878758,812.365871,-165.064129,-172.192219,-165.064129,891.255295,25.845095,58.507268,-61.075242,58.507268,13.254021,-3.305332,-61.075242,-3.305332,1333.438204,680.244263,1.0,2.218412,0.944692,2.074241
29803.0,0.539616,-0.771833,0.336288,0.274106,0.538732,0.796639,-0.796041,-0.3377,0.502272,-372.514964,403.326179,-137.853005,3.595385,3.596325,3.595224,90.00428,90.011848,89.974244,81.333356,0.058648,0.055219,88.067927,0.968085,358.41429,-140.715164,176.1655,-140.715164,449.788528,-131.424614,176.1655,-131.424614,647.945668,166.421043,63.617975,-32.881995,63.617975,158.082355,124.898732,-32.881995,124.898732,738.067281,351.127974,1.0,2.742153,1.044572,4.311175
27509.0,0.219359,0.557372,-0.800761,0.605646,0.565673,0.559649,0.764902,-0.607741,-0.213485,484.226734,24.727247,-170.553153,3.596382,3.596187,3.595789,90.044232,90.005999,90.100307,126.374105,0.060442,0.063582,71.599651,0.951613,716.8549,-274.41437,-374.175075,-274.41437,-259.321552,143.450997,-374.175075,143.450997,1393.38545,-132.373386,-100.934177,104.936259,-100.934177,-25.667706,82.422358,104.936259,82.422358,1251.660661,614.7067,1.0,4.102404,1.785937,2.242196
23659.0,-0.808525,-0.100266,-0.579857,0.581982,0.009583,-0.813145,0.087087,-0.994915,0.050605,-22.522846,264.975667,94.446666,3.59356,3.59743,3.594509,90.034262,89.992116,90.043788,105.633328,0.051919,0.051842,83.783921,0.977273,-27.553285,148.141058,-381.742207,148.141058,15.154229,-45.370702,-381.742207,-45.370702,1068.631859,-156.622602,191.200833,-59.807277,191.200833,85.903596,-50.495674,-59.807277,-50.495674,1088.313001,790.228155,1.0,5.663719,1.52017,3.054283
29386.0,0.55326,-0.778299,0.296909,0.39479,0.558844,0.72927,-0.733515,-0.286259,0.616451,-256.584682,436.770758,-176.708495,3.593766,3.588274,3.594353,90.037592,90.073228,90.046858,189.739952,0.069104,0.078065,60.382687,0.877095,-655.046482,497.909606,-372.79824,497.909606,-1243.425726,674.131698,-372.79824,674.131698,420.566842,-47.156609,68.765701,34.79695,68.765701,-254.003828,150.450788,34.79695,150.450788,901.400052,752.58853,1.0,2.754954,0.906569,4.34031
27928.0,0.430968,-0.545017,-0.719182,0.881817,0.423494,0.20749,0.191484,-0.723609,0.663117,294.871174,42.096412,183.329736,3.593068,3.59521,3.596626,90.061752,89.972693,90.025044,163.713019,0.077433,0.075858,57.72529,0.774194,-10.358213,-124.856916,-196.873056,-124.856916,-252.804102,153.55845,-196.873056,153.55845,1153.98689,-2.419134,-12.612049,-139.711848,-12.612049,125.897189,-19.621837,-139.711848,-19.621837,891.911582,964.788671,1.0,4.431508,0.845821,2.882899
28144.0,-0.377072,0.710674,0.593935,-0.837144,-0.535866,0.109714,0.396241,-0.455839,0.796997,477.679373,372.12153,0.118353,3.592356,3.595666,3.594602,90.049352,89.897904,90.022743,128.464445,0.065822,0.061642,77.679083,0.968586,-401.147522,-608.943244,-277.330566,-608.943244,-449.124015,-103.22763,-277.330566,-103.22763,1105.294222,181.704303,8.655281,14.53136,8.655281,-50.309982,-19.101826,14.53136,-19.101826,1249.363097,519.754767,1.0,1.753461,0.64849,2.426025
25769.0,-0.251116,-0.208738,-0.945182,0.95881,0.080283,-0.272467,0.132756,-0.974671,0.179979,-188.420458,-13.752517,91.61814,3.593649,3.598284,3.592234,90.029677,90.003632,89.986882,101.140151,0.057813,0.055494,82.670986,0.978495,-470.760346,-116.757924,130.463225,-116.757924,-45.191659,-264.26799,130.463225,-264.26799,1202.345396,-171.298747,-91.873073,22.476186,-91.873073,-89.011842,27.449457,22.476186,27.449457,1223.863778,589.192045,1.0,4.993049,1.389831,3.00622
23708.0,-0.762698,-0.572334,-0.301207,0.572155,-0.379945,-0.726829,0.301547,-0.726688,0.617247,517.239457,-207.355839,-178.349481,3.59994,3.596866,3.595854,90.057059,89.942062,89.889709,150.490298,0.079624,0.084621,77.042547,0.977654,2198.650044,-541.152861,6.685461,-541.152861,-160.247922,-316.710118,6.685461,-316.710118,1008.090061,163.246821,101.394124,4.86988,101.394124,208.517665,-87.298865,4.86988,-87.298865,1280.185215,453.061638,1.0,5.890316,0.905557,2.748256
27597.0,-0.245643,0.288536,0.925422,-0.951395,-0.25471,-0.173121,0.185763,-0.922968,0.33708,257.436611,-152.924506,-25.299226,3.593451,3.5981,3.593373,90.01684,89.977052,90.027055,124.445456,0.071103,0.074503,73.404433,0.822222,-171.995584,-167.390626,-288.171273,-167.390626,-103.355381,27.789326,-288.171273,27.789326,1171.996833,-467.786395,48.894424,-39.413765,48.894424,-124.425577,2.33524,-39.413765,2.33524,1084.232744,758.736273,1.0,1.385861,1.226983,2.942979
27873.0,-0.253156,0.618141,0.744187,-0.736994,0.37509,-0.562269,-0.626699,-0.690803,0.36061,-34.166898,244.711506,-5.936262,3.597329,3.596918,3.593973,90.065656,90.013668,90.009136,78.361734,0.067212,0.063033,110.313384,0.988764,-64.461649,495.74099,49.035389,495.74099,829.831033,-113.513552,49.035389,-113.513552,1048.246196,279.095023,73.897355,-155.882195,73.897355,256.982391,-81.748163,-155.882195,-81.748163,1199.774213,405.178112,1.0,0.923754,1.201875,3.878373
,,,,,,,,,,,,,,,,,,,,,,,,,,,,,,,,,,,,,,,,,,,,,,
28944.0,0.27468,-0.796263,0.538995,0.230753,0.598764,0.766965,-0.933437,-0.086295,0.348208,64.239333,361.753325,103.164751,3.597877,3.593712,3.594649,89.998245,90.022065,89.968186,47.890392,0.055419,0.049452,128.645576,0.978142,-80.873252,106.874073,25.485302,106.874073,185.481817,-216.083818,25.485302,-216.083818,1157.971949,87.482771,144.668262,-139.235392,144.668262,168.900158,-93.42162,-139.235392,-93.42162,1197.817293,186.096939,1.0,2.529014,1.215138,4.620202
29260.0,-0.551014,0.281108,0.785724,-0.554754,0.579988,-0.596541,-0.623403,-0.764586,-0.163636,-75.057763,-363.491924,29.150382,3.596722,3.594876,3.593695,89.981507,89.986359,89.957706,191.322802,0.101124,0.098733,75.593459,0.811111,78.290092,168.992738,157.452513,168.992738,42.050249,282.040292,157.452513,282.040292,878.965314,41.244809,41.497798,75.75806,41.497798,-260.281783,-22.798127,75.75806,-22.798127,1177.60876,1176.546067,1.0,0.921417,1.735172,3.825622
28326.0,0.538831,-0.349133,-0.76666,0.810789,-0.032088,0.584458,-0.228654,-0.936524,0.265783,-191.363659,-388.927748,-133.927082,3.598851,3.59799,3.593961,89.964016,90.010069,90.018657,172.33123,0.070783,0.080455,102.446914,0.97191,850.998396,626.498708,436.623197,626.498708,825.897971,-277.96418,436.623197,-277.96418,855.646786,-126.789808,-114.516075,157.518546,-114.516075,-121.870296,-47.603414,157.518546,-47.603414,1254.887589,779.387031,1.0,4.061034,1.30178,3.38106
25214.0,-0.328196,-0.507339,-0.796803,0.724606,0.405933,-0.556924,0.605998,-0.760148,0.234396,258.967017,191.922355,90.736504,3.594412,3.597122,3.596005,89.920268,89.948319,90.05521,129.866807,0.092757,0.085522,79.550195,0.921788,1255.961673,76.943873,322.304573,76.943873,-559.113088,141.931458,322.304573,141.931458,926.252169,297.638339,42.941946,188.951567,42.941946,-142.136315,92.027868,188.951567,92.027868,1095.486143,739.537292,1.0,5.322409,1.334199,2.468555
28418.0,0.565152,-0.274762,-0.777888,0.798041,-0.056945,0.599907,-0.209128,-0.959824,0.187089,348.658018,159.871814,-194.604622,3.591169,3.598334,3.59181,90.0079,89.908936,89.907579,184.550634,0.096803,0.10535,65.059048,0.857143,-1480.235976,-471.249559,274.364961,-471.249559,1.00125,-418.981814,274.364961,-418.981814,1369.227829,-170.213346,-94.083986,108.660845,-94.083986,-385.632402,-152.775953,108.660845,-152.775953,1330.995984,942.689268,1.0,4.055458,1.382598,3.356122
29115.0,0.732643,-0.416556,-0.538252,0.66549,0.604223,0.438221,0.142681,-0.679261,0.719894,-196.093645,70.40586,71.829036,3.594497,3.596757,3.595945,90.027804,89.964214,90.013557,132.950076,0.072849,0.073907,72.74205,0.900552,108.698466,-161.34858,212.367357,-161.34858,431.47725,48.062622,212.367357,48.062622,989.650647,93.961536,34.274061,-26.478198,34.274061,279.249123,-14.073055,-26.478198,-14.073055,1178.525373,743.167712,1.0,4.029076,0.767147,2.93455
26346.0,-0.037809,-0.776669,-0.628773,0.740102,-0.444546,0.504606,-0.671431,-0.446278,0.591623,98.943457,422.045448,-185.826867,3.59604,3.591447,3.595544,90.052747,90.020256,89.922115,146.052804,0.066129,0.071675,64.074374,0.892473,-648.001427,-639.53868,-14.131814,-639.53868,-65.994919,-108.934387,-14.131814,-108.934387,1082.975989,168.862971,-78.24599,-20.54627,-78.24599,-261.806608,4.413806,-20.54627,4.413806,898.552504,744.410662,1.0,4.03611,0.937726,4.125772
24172.0,0.602895,0.795657,0.058718,-0.486027,0.307919,0.817902,0.63269,-0.521647,0.572353,-50.94136,453.202864,13.172981,3.595757,3.597001,3.593509,89.95854,89.953201,90.066726,128.577588,0.062756,0.063298,87.130461,0.956044,236.634265,604.193063,34.989704,604.193063,162.900543,-602.245264,34.989704,-602.245264,869.998286,215.131806,99.136646,-23.202883,99.136646,41.193097,-59.275337,-23.202883,-59.275337,1345.455808,760.724845,1.0,3.069925,0.961424,2.260294
29258.0,-0.673507,0.739036,-0.014622,-0.66572,-0.597856,0.446526,0.321257,0.310473,0.894651,-94.907604,-267.232556,82.597477,3.591073,3.593981,3.596582,89.878641,89.948896,90.071804,153.694559,0.089055,0.080482,70.397791,0.859551,263.970562,-81.877708,572.384682,-81.877708,-1522.651087,91.729028,572.384682,91.729028,1237.307901,-36.572057,-76.848372,122.430274,-76.848372,-54.824218,-8.44693,122.430274,-8.44693,1209.226471,630.432324,1.0,3.174328,0.463147,0.802467
23818.0,-0.744211,-0.606565,0.279695,0.600084,-0.423262,0.678785,-0.293343,0.673,0.678986,270.415751,371.14303,-54.708106,3.593862,3.595879,3.594812,89.919577,90.035842,89.9881,134.734239,0.065493,0.06647,69.726494,0.950549,202.21555,-77.822565,-185.510134,-77.822565,-499.816712,71.106033,-185.510134,71.106033,1090.107344,35.85109,73.761633,-161.971161,73.761633,-93.939409,-6.116098,-161.971161,-6.116098,1227.694311,925.428573,1.0,2.750739,0.824416,5.872141
24471.0,0.351841,-0.19775,0.914933,-0.319389,0.893412,0.315921,-0.879886,-0.403374,0.25118,255.056484,464.796071,37.952072,3.596918,3.598277,3.592579,89.968186,90.052965,89.935047,127.102096,0.072623,0.067416,75.223362,0.983607,-633.730366,92.21443,-13.624255,92.21443,947.20036,-412.745269,-13.624255,-412.745269,1375.179512,-13.33168,-96.132283,-345.770732,-96.132283,327.140044,261.617767,-345.770732,261.617767,1099.165436,537.510229,1.0,1.903272,1.316898,4.28254
24338.0,0.435095,0.385581,-0.813646,-0.375435,0.899051,0.225291,0.818377,0.207448,0.535933,169.854815,-262.956876,-83.020819,3.597676,3.595138,3.594664,89.981422,89.959487,89.990474,50.004063,0.058001,0.046329,109.959889,0.973684,66.332484,-32.396853,195.599553,-32.396853,387.016677,-98.373704,195.599553,-98.373704,1154.104196,183.359592,-12.486992,172.649702,-12.486992,203.053857,-84.860792,172.649702,-84.860792,1158.693081,294.07918,1.0,4.442266,1.005184,1.322538
25352.0,0.124873,0.110163,0.986038,-0.154261,0.983887,-0.090387,-0.980107,-0.140821,0.139855,275.679743,-58.696881,-167.373212,3.598106,3.592591,3.594636,89.956453,90.021418,90.002923,139.588029,0.067729,0.075881,64.45583,0.791209,248.740101,312.349776,24.534333,312.349776,-388.32241,293.354435,24.534333,293.354435,1150.358143,513.437828,-11.486639,302.732946,-11.486639,-243.462569,192.6877,302.732946,192.6877,1187.40614,748.849343,1.0,1.479385,1.430482,4.569687
28594.0,0.506829,-0.776087,0.375251,0.618953,0.630605,0.468224,-0.600018,-0.005046,0.799971,542.497949,-70.361731,-26.425586,3.597362,3.590929,3.597558,89.994363,90.019368,89.96269,84.128074,0.057678,0.056797,107.82215,0.983696,-456.654337,747.520124,99.20592,747.520124,448.700129,-109.753305,99.20592,-109.753305,1162.010056,227.316716,118.995157,77.015525,118.995157,190.934711,-186.16148,77.015525,-186.16148,1496.908661,386.250006,1.0,2.465977,0.64355,4.703979
30163.0,-0.283298,0.571288,-0.770307,-0.182062,0.756569,0.628057,0.941592,0.318171,-0.110325,373.566157,257.20229,-113.145696,3.598178,3.594695,3.595176,90.021832,89.983334,89.989901,84.848649,0.06846,0.056273,83.93928,0.978495,581.13329,-5.781754,-249.945365,-5.781754,67.396298,-50.792653,-249.945365,-50.792653,1118.02348,36.820609,-48.9666,2.828078,-48.9666,91.171557,-62.911916,2.828078,-62.911916,1341.420883,417.54469,1.0,4.028368,1.681346,1.244934
27981.0,-0.250877,0.732629,0.632705,-0.6701,-0.603125,0.432674,0.698589,-0.315428,0.642245,-339.330921,242.632375,1.53131,3.596733,3.596597,3.595591,90.007574,89.979006,89.991897,127.463017,0.060827,0.06671,78.8825,0.95082,495.218406,-187.692941,-44.90825,-187.692941,700.374398,-99.096679,-44.90825,-99.096679,813.504783,311.541355,-46.565034,-3.111962,-46.565034,299.692455,329.268834,-3.111962,329.268834,1006.985683,701.84754,1.0,2.170599,0.873373,1.994914
26525.0,-0.000681,-0.871381,-0.490607,0.871246,-0.241329,0.427423,-0.490846,-0.427148,0.759351,-62.080346,222.289516,-38.20962,3.59289,3.596148,3.597085,90.012496,90.101886,90.012844,148.872004,0.086311,0.079205,77.59034,0.88172,594.159145,438.93015,-309.834926,438.93015,-608.427228,139.791769,-309.834926,139.791769,1243.437052,763.00763,27.206303,-222.436573,27.206303,98.469594,-87.53252,-222.436573,-87.53252,1175.90597,731.31944,1.0,3.995708,0.708481,3.996267
23851.0,-0.604126,-0.689651,0.399266,0.506835,0.054105,0.860343,-0.614939,0.722118,0.316853,-138.103998,-319.789525,38.947726,3.596829,3.596656,3.593426,90.028519,89.978857,90.033874,158.295557,0.085249,0.092579,70.603129,0.887006,442.564841,-126.465483,-190.283739,-126.465483,235.617572,-585.311372,-190.283739,-585.311372,771.308491,192.096712,-8.741645,-95.342255,-8.741645,362.554568,53.598141,-95.342255,53.598141,891.387527,787.791838,1.0,2.707093,1.248387,5.577777
27338.0,0.253774,-0.304779,-0.917992,0.944037,0.284773,0.166428,0.210696,-0.908853,0.35999,255.531171,279.884266,-53.722087,3.593902,3.597476,3.594764,90.05683,89.994052,89.988941,136.465792,0.081377,0.075504,80.450176,0.846154,-21.947721,-31.540531,-197.415678,-31.540531,108.94518,-276.272032,-197.415678,-276.272032,1148.345064,101.522496,-91.327154,162.656071,-91.327154,20.708234,-74.938092,162.656071,-74.938092,1166.644511,776.35752,1.0,4.533041,1.202539,2.913791
29429.0,-0.633249,0.746497,0.204296,-0.568862,-0.627922,0.531141,0.524777,0.220128,0.822285,-7.75887,75.935232,-119.051499,3.596385,3.593765,3.595665,89.949689,89.996315,90.040315,122.706132,0.07232,0.071049,74.098578,0.961957,735.016961,432.796673,33.662291,432.796673,-216.511763,-7.885637,33.662291,-7.885637,626.044683,42.835462,221.478907,-114.011007,221.478907,15.320404,-23.280521,-114.011007,-23.280521,980.16483,568.952106,1.0,2.7744,0.605382,1.173619
23885.0,-0.76501,-0.15886,-0.624118,0.641518,-0.273278,-0.71678,-0.05669,-0.948727,0.310972,220.003648,-61.457156,165.318874,3.593904,3.597784,3.594684,90.006775,90.005269,89.991318,66.717053,0.056493,0.051135,84.195509,0.973118,75.668798,128.376992,153.45857,128.376992,185.753882,140.3374,153.45857,140.3374,1038.493416,-49.720274,60.71313,72.491397,60.71313,140.167563,98.529325,72.491397,98.529325,1118.36241,361.618152,1.0,5.566782,1.254581,3.201275
28659.0,0.620715,0.169027,-0.7656,0.75473,0.135667,0.641854,0.212357,-0.97623,-0.043359,-93.692212,-295.228778,135.03334,3.593586,3.599174,3.592106,90.056909,90.058222,90.001798,155.189977,0.077294,0.08009,77.689725,0.846995,323.66494,323.114803,-532.790717,323.114803,-810.863498,78.92553,-532.790717,78.92553,1367.059489,10.478688,33.491007,-315.057588,33.491007,50.292901,45.19611,-315.057588,45.19611,1425.967474,609.170789,1.0,4.014687,1.614169,2.927402
24234.0,0.665095,-0.010984,0.746678,-0.574214,0.631727,0.520768,-0.477416,-0.775113,0.413851,-145.38036,308.971834,-125.665632,3.59604,3.59858,3.594136,90.027347,89.998199,90.000354,116.237011,0.06113,0.060649,97.670766,0.956989,319.77471,-324.833897,-17.989831,-324.833897,569.404046,-434.308732,-17.989831,-434.308732,1074.093997,147.659544,110.989786,21.696231,110.989786,-44.706797,-65.219722,21.696231,-65.219722,1030.143534,466.191474,1.0,2.179807,1.144116,3.693644
23905.0,-0.453759,0.075139,-0.887951,0.412452,0.900991,-0.134528,0.789928,-0.427281,-0.439825,295.513872,-292.923376,-66.354062,3.596443,3.592678,3.593938,90.004706,90.067911,90.023397,172.689418,0.085831,0.087739,77.390626,0.827957,-306.572948,137.452884,-6.615543,137.452884,-231.820481,436.887561,-6.615543,436.887561,915.527384,240.769985,98.799153,-270.65334,98.799153,-225.708799,219.055993,-270.65334,219.055993,910.050485,931.938849,1.0,4.862749,2.0262,2.066635
29177.0,-0.683262,0.146426,0.715341,-0.715616,-0.328934,-0.616195,0.145073,-0.932932,0.329533,179.670801,-272.537425,139.429637,3.59395,3.598376,3.596945,90.032138,90.03034,89.981579,85.245028,0.059096,0.054647,91.475575,0.983784,634.523287,-291.906735,339.97759,-291.906735,191.767686,263.403241,339.97759,263.403241,1280.118387,106.394199,43.929837,56.579283,43.929837,228.942658,261.336592,56.579283,261.336592,1308.114481,516.831731,1.0,0.859721,1.234987,2.987326
27312.0,-0.137843,0.471026,0.871283,-0.89811,-0.430346,0.090563,0.417611,-0.770024,0.482353,204.100148,385.202606,140.749201,3.593605,3.598239,3.590307,90.055684,89.943466,89.996485,155.78537,0.075546,0.080453,70.262093,0.935135,-1014.714143,-575.569971,-481.119915,-575.569971,130.376072,343.018656,-481.119915,343.018656,1008.594283,-147.056966,-66.134183,-306.169426,-66.134183,111.941314,272.059536,-306.169426,272.059536,1150.23239,757.529882,1.0,1.674366,1.067457,2.644654
27038.0,-0.059263,0.359208,0.931374,-0.936147,-0.343931,0.073079,0.346579,-0.867572,0.356654,-5.97864,-110.942644,-23.544083,3.594543,3.598075,3.595069,90.021091,89.993107,90.035317,77.005505,0.062126,0.058428,92.837436,0.983784,315.807751,-12.632643,-168.439224,-12.632643,98.224816,99.273879,-168.439224,99.273879,1251.449843,167.338104,-54.885287,-75.574092,-54.885287,189.804909,76.827495,-75.574092,76.827495,1308.473696,376.740046,1.0,1.649099,1.206113,2.761534
24232.0,0.705484,0.668182,-0.236275,-0.613492,0.74267,0.268457,0.354852,-0.044439,0.933866,308.146849,-394.547634,107.243851,3.588975,3.593618,3.599344,89.972438,90.035821,90.057068,119.669643,0.082663,0.068293,100.982067,0.978495,-1073.479633,298.216369,-804.295693,298.216369,201.599289,849.255264,-804.295693,849.255264,936.983382,203.691956,-68.611179,-19.363499,-68.611179,-276.835642,500.490571,-19.363499,500.490571,1025.453127,896.327082,1.0,3.863318,0.365723,1.69538
27599.0,-0.148321,-0.697717,0.70085,-0.640634,0.607675,0.469381,-0.753385,-0.379369,-0.537113,379.122088,-12.731733,132.582535,3.597614,3.593356,3.596244,90.008776,89.989471,89.961021,104.994899,0.061165,0.056954,77.491684,0.98913,395.620694,443.182512,-21.550316,443.182512,147.677522,333.747588,-21.550316,333.747588,990.650927,358.373767,51.251952,135.659482,51.251952,-39.670252,175.431523,135.659482,175.431523,1146.159649,616.721929,1.0,2.160917,2.137807,4.245903
29833.0,-0.812704,0.298989,0.500118,-0.540642,-0.70703,-0.455867,0.217299,-0.640869,0.736252,-286.614857,-325.594822,-50.323275,3.602292,3.594879,3.596383,90.047553,90.052429,89.980491,134.252962,0.067257,0.068747,101.571638,0.983516,1904.958052,1038.548439,155.942304,1038.548439,598.421139,-27.294495,155.942304,-27.294495,793.937524,294.960731,63.225279,-17.109969,63.225279,293.965954,24.872534,-17.109969,24.872534,864.311511,497.324895,1.0,0.831654,0.743281,2.814688
28698.0,0.641175,-0.742452,-0.194063,0.75402,0.65653,-0.020526,0.142648,-0.133167,0.980774,416.838895,249.451622,-179.62366,3.594149,3.594421,3.598592,89.96058,89.983683,90.077791,149.564673,0.079779,0.076509,62.275024,0.94086,867.243149,0.591274,-254.074264,0.591274,-584.151513,300.358482,-254.074264,300.358482,1235.550752,-320.472026,-250.289149,-212.558914,-250.289149,-237.075509,9.046849,-212.558914,9.046849,1558.802074,557.090269,1.0,4.817766,0.196406,2.321834
29322.0,-0.688714,0.041848,0.723824,-0.654638,0.393225,-0.645618,-0.311644,-0.91849,-0.243424,26.99895,-83.267064,-167.745528,3.594908,3.597227,3.592646,90.003385,89.979987,89.958324,140.876508,0.067346,0.076243,72.318445,0.948864,-245.224643,183.37486,321.250617,183.37486,93.154873,-109.560001,321.250617,-109.560001,1009.036126,-284.595573,81.041176,57.389012,81.041176,-111.753287,-135.567721,57.389012,-135.567721,1289.228093,630.053233,1.0,0.842444,1.816691,3.468704
29927.0,0.615154,0.363913,-0.699395,0.28412,0.725168,0.627222,0.735433,-0.58455,0.342695,539.341583,119.312258,-140.607908,3.596048,3.595349,3.596178,90.039434,89.998738,90.07063,100.289218,0.061811,0.058884,82.999311,0.994536,478.954216,-308.128821,-97.882942,-308.128821,-53.893007,-89.525119,-97.882942,-89.525119,1208.790335,-36.862725,188.749566,-40.889243,188.749566,165.684337,151.385138,-40.889243,151.385138,1268.89853,839.408366,1.0,3.981341,1.221012,2.242382
28292.0,-0.436767,0.572949,0.693516,-0.844845,-0.526059,-0.097467,0.308986,-0.628484,0.713817,-348.599702,-93.40365,110.474706,3.594502,3.595796,3.595745,90.01589,90.025151,89.938023,146.020257,0.06629,0.070704,74.629048,0.93956,203.902278,-91.979948,310.966376,-91.979948,700.415731,476.973015,310.966376,476.973015,303.404635,184.295577,-108.769826,33.83018,-108.769826,373.170083,205.102497,33.83018,205.102497,780.193574,677.565747,1.0,1.43117,0.775862,2.684657
24356.0,0.56896,0.701842,0.428604,-0.521682,-0.094858,0.84785,0.635714,-0.705988,0.312168,569.469106,42.979209,-70.093296,3.593834,3.592536,3.594639,90.080008,89.949191,90.15523,162.174474,0.066385,0.074236,64.340738,0.758242,-1441.872192,403.339613,405.589503,403.339613,-275.595669,224.533999,405.589503,224.533999,1520.34416,247.275084,-96.473031,53.555829,-96.473031,-99.395244,-411.474553,53.555829,-411.474553,1257.646335,459.30794,1.0,2.673539,1.253322,2.408524
23973.0,-0.633775,-0.773499,0.005271,0.575336,-0.466832,0.671607,-0.517027,0.42868,0.740889,-190.143487,432.635666,154.725074,3.594662,3.595268,3.597832,89.947744,90.031355,89.99833,55.664496,0.057899,0.050057,127.728031,0.989247,325.215885,-60.795534,-181.577648,-60.795534,141.00357,364.519891,-181.577648,364.519891,1220.005905,202.056239,-18.781612,-1.968358,-18.781612,324.173283,59.985226,-1.968358,59.985226,996.879721,163.068712,1.0,3.133745,0.736404,5.404639
28621.0,-0.503504,0.510549,0.697011,-0.766529,0.108259,-0.63302,-0.398645,-0.853007,0.336841,65.023068,-117.490036,-127.812193,3.59617,3.596903,3.594776,90.031446,89.999772,89.896643,148.5434,0.063386,0.073163,71.044033,0.869318,-164.956989,-153.0481,138.983021,-153.0481,367.449559,456.224817,138.983021,456.224817,1506.739238,-29.751518,-291.244116,-159.433738,-291.244116,221.659468,99.81103,-159.433738,99.81103,1269.118788,1120.247529,1.0,0.833473,1.227236,3.578773
24486.0,0.422983,0.905727,-0.027284,-0.406158,0.216424,0.887804,0.810013,-0.364444,0.459411,40.894852,-401.829654,159.615147,3.598422,3.593228,3.594917,90.014822,90.007318,89.995885,91.602508,0.062909,0.054456,81.96461,0.989247,107.313451,-397.524494,443.95554,-397.524494,411.869372,-277.222315,443.95554,-277.222315,834.848858,-29.673979,-142.21221,313.067264,-142.21221,23.932964,-189.360139,313.067264,-189.360139,1048.544022,510.112678,1.0,3.172315,1.093464,1.993587
,,,,,,,,,,,,,,,,,,,,,,,,,,,,,,,,,,,,,,,,,,,,,,
27456.0,0.231706,-0.678425,-0.697174,0.69383,0.617589,-0.370385,0.681845,-0.3979,0.61381,-309.708408,336.309866,-167.470662,3.59561,3.59644,3.595883,90.0046,89.925995,90.012346,110.578822,0.066621,0.059357,79.981919,0.989189,406.142351,-402.746849,-120.240615,-402.746849,167.879543,0.777576,-120.240615,0.777576,1159.546992,292.695147,-33.599062,164.317301,-33.599062,157.479492,83.70922,164.317301,83.70922,768.749773,441.260637,1.0,5.200735,0.909918,2.099042
25130.0,0.172129,0.16898,0.970473,-0.20711,0.969364,-0.132053,-0.963056,-0.178265,0.201853,-249.126635,255.379309,146.99261,3.596938,3.595944,3.594563,90.043172,90.005638,90.006871,143.589378,0.056239,0.065908,74.624167,0.983516,71.541817,-303.762391,-12.826346,-303.762391,691.691167,32.445747,-12.826346,32.445747,835.317977,-176.764283,-34.838149,95.503872,-34.838149,173.920328,89.857033,95.503872,89.857033,1252.362855,1290.662599,1.0,1.435556,1.367546,4.529357
28910.0,-0.626701,0.390095,0.674591,-0.776413,-0.386508,-0.497789,0.06655,-0.835726,0.5451,140.440617,-213.711156,-148.071996,3.593021,3.593909,3.59547,90.154979,90.016112,90.038014,195.324211,0.099701,0.100876,71.489778,0.835165,-328.183948,399.573809,505.30369,399.573809,-867.895528,-526.733505,505.30369,-526.733505,1386.757295,283.561484,-62.151198,103.109905,-62.151198,-94.04028,-6.433162,103.109905,-6.433162,1226.682735,706.728232,1.0,0.935076,0.994288,3.062129
28772.0,0.661366,-0.127084,-0.739219,0.740775,-0.043952,0.670314,-0.117676,-0.990918,0.065072,310.779822,-112.670013,-5.644975,3.594192,3.599396,3.598267,89.996419,90.047091,89.965903,112.499723,0.061695,0.060876,112.498379,0.994382,1081.726518,-549.571329,-93.498223,-549.571329,163.864217,-112.599052,-93.498223,-112.599052,1579.640583,178.057665,-53.251464,248.013859,-53.251464,-16.016297,-98.383253,248.013859,-98.383253,1465.332127,588.269394,1.0,3.975837,1.505679,3.259794
24064.0,0.184543,-0.045944,0.98175,-0.094155,0.993486,0.064192,-0.978304,-0.104282,0.179015,96.375846,490.467205,-182.391425,3.598194,3.595413,3.593354,90.008532,89.995566,90.008645,188.543115,0.100572,0.102259,62.365935,0.813187,-82.901761,-139.282295,-270.036002,-139.282295,429.640549,121.520743,-270.036002,121.520743,1117.015191,-106.292046,152.340987,-113.819101,152.340987,-378.875839,107.890044,-113.819101,107.890044,1326.862355,907.266785,1.0,1.636089,1.390811,4.606195
24334.0,0.714978,0.286942,0.637551,-0.660589,0.575906,0.481616,-0.228974,-0.765504,0.601311,323.314683,336.705077,-136.310501,3.594055,3.598083,3.597529,89.958328,90.018175,90.023024,182.999539,0.080274,0.085636,66.584303,0.882682,434.392936,633.677953,87.68673,633.677953,1094.590619,-216.841273,87.68673,-216.841273,687.405949,-181.667072,90.290684,34.501784,90.290684,576.306081,125.677064,34.501784,125.677064,946.592859,1073.559479,1.0,2.217755,0.925656,3.432237
28108.0,-0.344182,0.62734,0.698558,-0.797359,-0.58814,0.135317,0.49574,-0.510427,0.702642,508.984567,-323.37616,41.206409,3.593939,3.594122,3.596547,90.072488,89.919929,90.05448,128.634861,0.057879,0.064496,98.254169,0.978723,-301.1178,-24.532145,129.128417,-24.532145,-454.702087,-9.647267,129.128417,-9.647267,1562.461948,263.884197,-27.405241,26.986158,-27.405241,-190.931807,-136.340872,26.986158,-136.340872,1115.295124,1007.388683,1.0,1.762136,0.791692,2.370791
28025.0,0.43312,-0.614453,-0.659435,0.816187,0.577783,-0.002296,0.382422,-0.537228,0.751758,371.63991,-389.579797,-131.334621,3.596454,3.598498,3.594493,90.00195,89.854278,89.933802,221.430202,0.085188,0.097247,75.891144,0.83871,-361.125957,-1029.164124,282.528895,-1029.164124,1438.409408,469.646969,282.528895,469.646969,1073.714568,-156.31359,42.66655,-101.391633,42.66655,151.277691,-60.150603,-101.391633,-60.150603,1017.376731,794.851344,1.0,4.715871,0.720072,2.522963
26311.0,0.17177,0.980611,-0.094325,-0.971827,0.184357,0.146852,0.161394,0.066442,0.984651,20.432805,479.38648,-111.031051,3.594263,3.592348,3.598287,89.932306,89.878543,89.990895,163.473307,0.079582,0.077068,80.467718,0.962162,-519.372372,15.046916,604.050745,15.046916,-193.831966,-723.261262,604.050745,-723.261262,1599.967031,-533.127926,-195.485111,85.254447,-195.485111,11.205342,28.957202,85.254447,28.957202,1306.600317,835.139217,1.0,3.712542,0.175434,1.180265
30095.0,0.634049,-0.678037,0.371816,0.254823,0.637166,0.727382,-0.7301,-0.366449,0.576774,542.623151,171.403656,101.696674,3.597232,3.595088,3.593548,90.021951,90.056705,89.973467,90.888735,0.057294,0.052755,104.543465,0.988889,174.877058,-192.224955,-252.659839,-192.224955,-143.509141,-249.081031,-252.659839,-249.081031,1127.810758,313.958856,-1.044975,-73.884859,-1.044975,107.740972,-99.83567,-73.884859,-99.83567,1298.07808,423.377003,1.0,2.669049,0.956022,4.24721
28779.0,-0.197582,0.654759,-0.729556,-0.319375,0.660627,0.679391,0.926802,0.367237,0.078586,334.878576,241.263495,21.444727,3.597542,3.594612,3.593641,89.975539,89.973977,89.946941,102.834319,0.05718,0.05767,90.495791,0.972067,-172.280015,42.454835,-89.589814,42.454835,53.915784,175.544532,-89.589814,175.544532,1257.166461,9.893218,230.248106,45.797922,230.248106,68.890105,-13.822575,45.797922,-13.822575,1213.367043,659.199257,1.0,3.96258,1.492129,1.193534
24049.0,-0.693607,-0.315286,-0.647691,0.648088,-0.665639,-0.37001,-0.31447,-0.676402,0.666025,286.182445,-285.901335,-73.653688,3.594425,3.595775,3.595216,90.038923,90.042992,89.953996,52.630235,0.052986,0.046386,113.927335,0.989011,-24.980723,110.181729,232.391071,110.181729,8.675075,-116.983555,232.391071,-116.983555,1049.565028,56.188798,25.375101,45.298877,25.375101,134.264682,103.908202,45.298877,103.908202,1094.664847,200.144162,1.0,5.231419,0.84193,3.576781
26391.0,0.013252,-0.707049,0.707041,0.351209,0.665341,0.658766,-0.936203,0.239589,0.257139,369.884664,-199.211887,177.693401,3.598143,3.595584,3.595782,90.046836,90.032957,90.013958,125.832262,0.056228,0.061487,73.842215,0.978495,901.828471,-17.523026,114.66399,-17.523026,31.35325,-141.848183,114.66399,-141.848183,1239.146368,292.04739,111.267528,23.67003,111.267528,161.389102,-126.009264,23.67003,-126.009264,1338.825358,682.121048,1.0,2.320864,1.310736,4.962928
24061.0,-0.638307,0.443225,-0.629377,0.604399,0.794905,-0.053181,0.476724,-0.414341,-0.775278,87.088762,-118.411571,-155.020678,3.595119,3.594922,3.596594,89.984773,90.002749,90.054124,97.837318,0.067845,0.067956,73.287217,0.972527,664.751335,46.372224,-30.018774,46.372224,-158.14107,-92.949142,-30.018774,-92.949142,866.177136,348.911983,68.251542,42.638758,68.251542,-117.48775,-21.403902,42.638758,-21.403902,1216.072871,461.125786,1.0,4.796687,2.457952,2.2863
28325.0,0.528684,-0.568796,-0.630051,0.798333,0.08103,0.59674,-0.288371,-0.818477,0.496928,271.453892,270.305808,-161.926917,3.592174,3.595621,3.59396,90.03361,89.989411,89.912868,179.850689,0.085257,0.0879,76.652882,0.784946,-702.063286,-446.930016,59.404297,-446.930016,-139.822104,-278.041596,59.404297,-278.041596,855.726581,-279.477881,275.462579,-146.8449,275.462579,64.698231,-5.328059,-146.8449,-5.328059,1067.573232,916.832072,1.0,3.954137,1.050741,3.480338
24070.0,-0.712381,-0.413314,-0.567173,0.669946,-0.159814,-0.725005,0.209012,-0.896455,0.390747,220.463586,203.267687,151.875661,3.593424,3.597001,3.593028,90.031858,90.007653,90.023682,134.557179,0.076012,0.071516,65.862308,0.872222,-304.134548,-63.542606,209.021602,-63.542606,-120.436615,133.978302,209.021602,133.978302,911.929173,-35.885363,-111.248233,-0.141182,-111.248233,-101.965451,34.728588,-0.141182,34.728588,1034.661058,891.005822,1.0,5.619329,1.169354,2.912531
27480.0,0.194649,0.686391,-0.700699,0.53653,0.523513,0.661868,0.821125,-0.504778,-0.266368,291.132202,-111.35255,108.807557,3.596513,3.594016,3.59315,89.983819,90.062333,90.054289,115.714181,0.051033,0.05501,78.344245,0.94382,-173.708011,108.279613,210.862319,108.279613,-428.567842,-12.197448,210.862319,-12.197448,1151.945103,86.352111,-73.703302,8.831356,-73.703302,-117.764379,196.004438,8.831356,196.004438,1146.002743,501.466694,1.0,3.955481,1.84042,2.121983
29143.0,-0.66928,0.157361,0.726155,-0.7202,0.102908,-0.686092,-0.182691,-0.982165,0.044456,-116.692046,4.769812,-162.087859,3.593537,3.598582,3.593291,89.996782,89.999794,89.99611,125.411771,0.064793,0.067318,79.019875,0.983516,-104.810798,49.559906,-217.970635,49.559906,-125.591916,-97.171854,-217.970635,-97.171854,1262.609257,-170.08556,-6.002749,-90.628373,-6.002749,14.43916,-281.517065,-90.628373,-281.517065,1215.056218,620.780807,1.0,0.813759,1.526325,3.3255
24085.0,-0.650523,-0.747541,0.134175,0.622095,-0.423116,0.658764,-0.435681,0.512011,0.740288,85.864888,42.900139,29.347289,3.595631,3.594326,3.595204,89.926802,90.01596,89.995443,144.180844,0.075695,0.075385,70.768839,0.811828,211.176908,-436.049613,-107.155517,-436.049613,-126.45567,32.152111,-107.155517,32.152111,877.437646,-26.790642,-142.681271,294.69062,-142.681271,-45.915307,38.89236,294.69062,38.89236,938.350517,708.483678,1.0,2.940664,0.737298,5.578156
28271.0,0.275777,0.632398,-0.723892,0.385197,0.617272,0.686001,0.880665,-0.468025,-0.073369,206.422348,-287.045281,3.428957,3.597403,3.594105,3.591657,89.994483,90.0573,90.037722,138.224966,0.068333,0.065909,68.804105,0.966667,-189.356691,343.521827,388.92241,343.521827,-507.897149,-80.159121,388.92241,-80.159121,1104.17025,-122.474801,39.402089,-41.126297,39.402089,-66.108406,282.727227,-41.126297,282.727227,1154.449575,619.76066,1.0,3.953859,1.644231,2.059282
30319.0,0.799841,-0.581899,0.14713,0.271026,0.568865,0.77649,-0.535536,-0.581193,0.612712,384.095694,395.244688,87.252891,3.591075,3.596569,3.590938,90.049383,90.179,90.017086,230.823459,0.087338,0.096602,67.822978,0.9,-426.044154,-1428.91321,87.302891,-1428.91321,-1399.090133,-19.109259,87.302891,-19.109259,952.406742,193.21961,-52.607103,179.457021,-52.607103,172.069751,104.457851,179.457021,104.457851,1223.307103,867.936115,1.0,2.954332,0.911309,3.886129
28515.0,-0.430218,0.589519,0.683652,-0.71159,0.244539,-0.658666,-0.555476,-0.76985,0.314291,21.277992,-237.396204,138.332704,3.595378,3.595498,3.595276,89.997022,90.017772,89.970799,169.670377,0.10115,0.090556,59.781728,0.808989,392.486129,-90.466868,50.73119,-90.466868,158.342953,97.685047,50.73119,97.685047,687.810975,561.235029,-160.677499,305.504034,-160.677499,-38.161536,-91.864482,305.504034,-91.864482,956.214153,978.514178,1.0,0.80401,1.251087,3.766628
24581.0,0.430709,-0.31531,0.845618,-0.442776,0.742636,0.502435,-0.786409,-0.590823,0.180248,11.857928,-230.807827,-7.686967,3.5976,3.595743,3.594957,90.002805,89.990211,89.986028,151.048535,0.090598,0.093449,80.001077,0.938889,494.5535,-160.313706,-245.714792,-160.313706,422.301917,84.146169,-245.714792,84.146169,919.603165,426.876892,56.724012,-41.722689,56.724012,-68.948064,-228.738099,-41.722689,-228.738099,1324.798983,1343.263183,1.0,2.106913,1.389558,4.068061
24096.0,-0.452948,-0.804655,-0.383887,0.456498,-0.579185,0.675392,-0.765799,0.130674,0.629663,-339.513556,99.050695,-2.262582,3.597083,3.592031,3.595159,90.054166,90.028574,90.036893,61.123439,0.061948,0.050972,118.179369,0.988889,-717.393205,-210.772863,358.367603,-210.772863,555.995664,-95.430579,358.367603,-95.430579,876.703278,199.940244,-174.30022,102.645946,-174.30022,311.452579,57.364791,102.645946,57.364791,921.410876,134.817423,1.0,3.658446,0.889676,4.881399
27271.0,-0.110922,-0.512435,0.851532,-0.834068,0.513896,0.200605,-0.540396,-0.687983,-0.484408,377.586891,-378.14923,2.330549,3.593612,3.595499,3.59483,89.955449,90.000945,89.880289,110.113246,0.066738,0.063935,111.912506,0.994681,84.226096,442.713517,286.060066,442.713517,-741.995626,-63.042185,286.060066,-63.042185,1278.741903,1.707056,-13.573564,235.722931,-13.573564,196.26668,-50.974452,235.722931,-50.974452,1123.759402,584.236112,1.0,1.802159,2.076483,3.807416
27979.0,-0.288078,0.618887,0.730746,-0.757228,-0.614343,0.221785,0.586189,-0.48945,0.645617,-333.946218,-120.854565,-165.734891,3.594033,3.59646,3.596148,89.953491,89.993318,90.068119,149.975596,0.088263,0.090699,72.322255,0.857955,1164.491668,-150.611238,-195.083555,-150.611238,-363.145427,55.194362,-195.083555,55.194362,572.3076,-20.972073,-143.291966,6.995603,-143.291966,519.289289,229.168008,6.995603,229.168008,829.437208,688.602327,1.0,1.865465,0.868965,2.2665
26129.0,-0.125643,-0.287133,-0.949615,0.923406,0.316082,-0.217748,0.362679,-0.904238,0.225426,580.835189,-108.330417,157.31537,3.593898,3.599429,3.59389,89.976576,89.948144,90.005254,113.374847,0.065697,0.069284,75.972428,0.95082,340.631625,-559.126181,393.457677,-559.126181,-84.198219,-293.280391,393.457677,-293.280391,1278.231368,31.045239,-161.141424,338.376,-161.141424,-288.006468,-278.545157,338.376,-278.545157,1432.573415,536.060656,1.0,4.937794,1.343416,2.760149
26146.0,-0.13085,-0.986678,-0.096664,0.977742,-0.144562,0.152058,-0.164006,-0.074616,0.983633,571.537472,141.979504,-88.771926,3.592809,3.595645,3.600199,89.898932,90.018033,89.954961,169.485397,0.072622,0.084409,70.575448,0.912088,748.344854,-391.769831,-902.343177,-391.769831,-436.681761,13.870259,-902.343177,13.870259,1621.031237,112.952973,2.319545,-274.652687,2.319545,-396.174978,-13.733168,-274.652687,-13.733168,1737.444656,654.822142,1.0,3.707855,0.181172,4.285419
27789.0,0.169755,0.683548,-0.709892,0.309125,0.647056,0.696964,0.935748,-0.337758,-0.101461,39.281201,345.081187,-191.0387,3.596962,3.592628,3.593991,90.003164,89.967542,90.023361,102.945615,0.072815,0.060786,78.498015,0.989305,-216.950301,-219.136077,-97.809889,-219.136077,-38.838212,404.073698,-97.809889,404.073698,779.045297,-221.817308,72.950555,52.199154,72.950555,33.198017,74.418702,52.199154,74.418702,1092.874988,451.427725,1.0,3.936179,1.672432,1.917193
24166.0,-0.542749,-0.782689,-0.304665,0.560077,-0.607592,0.563156,-0.625889,0.135016,0.768137,207.97324,77.411979,-61.056912,3.596503,3.59374,3.595872,90.020684,90.026896,89.990833,114.263068,0.071223,0.070853,92.335017,0.989011,141.048748,-186.125065,324.674324,-186.125065,305.556329,75.884898,324.674324,75.884898,781.424193,373.18498,-91.431776,286.652092,-91.431776,137.794327,219.726784,286.652092,219.726784,849.657922,665.893288,1.0,3.637497,0.69487,4.924853
24151.0,-0.703754,-0.275099,-0.65502,0.700169,-0.424804,-0.573851,-0.120389,-0.862475,0.491573,144.881922,-218.282671,-114.362974,3.597207,3.596768,3.595362,90.013527,90.006164,90.016004,146.380023,0.068794,0.073114,85.320694,0.860215,544.266329,-270.676999,10.463846,-270.676999,797.862498,121.305343,10.463846,121.305343,782.761083,196.885749,18.165109,-61.886166,18.165109,235.274684,-30.998462,-61.886166,-30.998462,1036.67465,688.605283,1.0,5.431831,1.056901,3.280282
26687.0,0.049482,0.783075,-0.619956,-0.570664,0.531587,0.625906,0.819692,0.322816,0.473176,-227.319318,79.673636,29.722528,3.59653,3.59369,3.59357,89.938907,89.975092,89.992085,124.056268,0.065624,0.070961,62.887033,0.822581,-595.318334,130.661,72.364954,130.661,343.214084,-67.56575,72.364954,-67.56575,832.972376,-54.279928,-61.904772,98.740609,-61.904772,166.937719,-11.603514,98.740609,-11.603514,1036.478063,656.784244,1.0,3.922215,1.077904,1.195624
26123.0,0.231931,0.965575,-0.117785,-0.952278,0.250084,0.174997,0.198429,0.071577,0.977498,253.632094,344.565272,-0.229844,3.588906,3.589015,3.599135,89.956857,89.950674,89.857379,206.239786,0.108247,0.101905,63.96098,0.835106,-874.680575,-1002.940617,372.027587,-1002.940617,-2005.927499,176.465576,372.027587,176.465576,1584.639038,-449.329933,-21.809741,-13.894568,-21.809741,-25.156329,18.386101,-13.894568,18.386101,1523.358392,836.058162,1.0,3.734016,0.212541,1.224604
26277.0,0.180728,0.960235,-0.212807,-0.935267,0.234737,0.264904,0.304324,0.151156,0.940499,557.238594,-225.923407,12.641999,3.594633,3.596352,3.599782,89.99176,90.005857,89.911352,131.834858,0.079104,0.071787,77.59647,0.9,952.985383,-632.729345,87.147772,-632.729345,24.366725,379.769543,87.147772,379.769543,1544.496481,-265.149481,-149.717288,-33.319174,-149.717288,-133.111974,134.350469,-33.319174,134.350469,1614.571071,628.559239,1.0,3.818365,0.346699,1.109796
27676.0,0.313611,-0.74831,-0.584534,0.781974,-0.145688,0.606046,-0.53867,-0.647153,0.53947,-264.344684,-260.400677,52.588503,3.591177,3.597227,3.595493,90.032625,89.996171,89.926846,121.685303,0.070637,0.062154,106.995861,0.983146,34.228736,-548.416093,587.746242,-548.416093,-344.714738,416.181696,587.746242,416.181696,920.930071,257.841615,59.283397,9.960868,59.283397,483.221294,-68.826029,9.960868,-68.826029,945.486414,465.235529,1.0,3.908924,1.000989,3.835761
28538.0,-0.494352,0.653408,0.573301,-0.794908,-0.07292,-0.602332,-0.351763,-0.753486,0.555447,-51.776075,-97.945745,148.94244,3.594618,3.59642,3.59567,90.044327,90.02911,89.978193,78.911735,0.066512,0.056793,93.830104,0.988889,241.074753,-8.275604,21.413435,-8.275604,53.340053,-53.368248,21.413435,-53.368248,1098.662031,246.530391,18.031839,-27.166686,18.031839,128.594991,-158.880276,-27.166686,-158.880276,1205.200593,425.577814,1.0,0.760709,0.981896,3.578369
25817.0,0.272944,0.865215,-0.4206,-0.754468,0.463775,0.464425,0.596892,0.190567,0.779362,-217.34823,100.435403,-76.081504,3.594152,3.596059,3.596795,90.008825,89.961718,89.997488,71.707946,0.063513,0.054406,114.286642,0.967391,587.228556,190.248992,-199.654173,190.248992,60.044293,177.551777,-199.654173,177.551777,828.874472,375.492698,60.799454,14.342595,60.799454,221.438447,16.538038,14.342595,16.538038,915.073192,323.412489,1.0,3.877513,0.67715,1.261759
27557.0,0.286531,-0.551057,-0.783732,0.804787,0.58228,-0.115184,0.519825,-0.597734,0.610325,515.624289,-418.532305,49.609133,3.595059,3.594675,3.59398,90.071229,89.995282,90.030882,102.106493,0.047936,0.04832,75.909924,0.983051,-364.990691,298.924122,139.761343,298.924122,105.125777,-139.361624,139.761343,-139.361624,819.445064,-279.35087,-3.179532,1.646438,-3.179532,217.398114,35.832041,1.646438,35.832041,1056.829509,493.19196,1.0,4.858313,0.914326,2.425795
26018.0,0.22202,0.876881,-0.426365,-0.770347,0.425813,0.474605,0.597723,0.223077,0.770041,-257.379928,-3.419358,-165.018962,3.595071,3.592649,3.595778,89.99365,89.981715,90.004514,126.744158,0.066878,0.066749,63.811082,0.903743,-243.648277,-186.304965,-200.277296,-186.304965,179.460375,-20.782792,-200.277296,-20.782792,564.358493,129.411842,-88.793538,-118.723736,-88.793538,121.807057,-55.676809,-118.723736,-55.676809,864.916377,720.162996,1.0,3.8735,0.691891,1.213595
24228.0,-0.667125,-0.327078,-0.669301,0.70668,0.006388,-0.707504,0.235684,-0.944976,0.226878,97.395108,-352.739253,-150.255273,3.593656,3.598372,3.59325,90.047736,89.980155,90.049436,156.879262,0.075874,0.08461,70.348836,0.960452,-194.476676,-49.383195,-102.255394,-49.383195,-297.862673,16.881586,-102.255394,16.881586,1487.318561,128.616235,-150.237172,275.52754,-150.237172,-116.997654,3.525739,275.52754,3.525739,1281.336725,725.487045,1.0,5.525528,1.341925,2.897172
28151.0,0.471266,-0.556384,-0.684358,0.801712,0.593665,0.069428,0.367651,-0.581377,0.725833,395.356772,33.4614,-53.203808,3.594503,3.595633,3.594815,90.064543,89.945655,90.021672,56.667102,0.052605,0.041873,155.396831,0.994536,-330.696497,-70.560659,194.794272,-70.560659,105.294815,10.774705,194.794272,10.774705,1128.889498,266.211854,16.615147,-51.400565,16.615147,120.485756,71.328549,-51.400565,71.328549,1183.461027,260.460256,1.0,4.611285,0.758552,2.577705
24536.0,0.670186,0.585447,0.456183,-0.709324,0.686123,0.161537,-0.218426,-0.431841,0.875102,375.300338,27.613827,-67.842618,3.592723,3.593553,3.598752,90.032253,90.049213,90.035287,81.735781,0.067734,0.055397,107.306047,0.989189,-554.091618,180.631861,442.183693,180.631861,160.583713,252.733622,442.183693,252.733622,1318.899549,259.584697,52.501878,205.619677,52.501878,67.979471,221.914811,205.619677,221.914811,1348.25887,382.041695,1.0,1.911124,0.50515,3.609871
30084.0,-0.760943,0.627628,0.164466,-0.423469,-0.672478,0.606999,0.491569,0.392245,0.777498,423.42689,-337.665469,84.965644,3.595568,3.592548,3.596143,89.955984,89.965188,89.938126,135.640298,0.066052,0.064217,73.24618,0.994595,-375.746941,445.550033,-123.8412,445.550033,-19.385982,-89.47213,-123.8412,-89.47213,1106.078112,175.008926,199.16872,144.989948,199.16872,114.33418,40.135042,144.989948,40.135042,1149.443156,980.148014,1.0,2.876996,0.680118,0.89731
24752.0,0.400597,0.324947,0.856698,-0.460742,0.879628,-0.118199,-0.791984,-0.347366,0.502093,366.214082,292.451121,17.897766,3.597188,3.595503,3.59627,89.985339,90.045019,89.978936,54.135764,0.057708,0.046003,132.481091,0.978495,527.07022,194.556354,40.636241,194.556354,329.699977,175.515792,40.636241,175.515792,1163.045962,118.128122,-107.132297,-116.192695,-107.132297,140.817696,126.969315,-116.192695,126.969315,1164.652746,247.182812,1.0,1.433691,1.044779,4.299053
,,,,,,,,,,,,,,,,,,,,,,,,,,,,,,,,,,,,,,,,,,,,,,
24246.0,-0.649089,-0.452934,-0.611175,0.698431,-0.673217,-0.242845,-0.301461,-0.584492,0.75332,213.793097,454.334894,-134.991155,3.595294,3.596053,3.598254,90.008851,90.089054,90.008212,95.946961,0.066044,0.055581,108.871864,0.983696,36.540012,347.582047,-124.936219,347.582047,837.60067,-490.296071,-124.936219,-490.296071,1323.258117,7.648813,206.905655,-17.429214,206.905655,180.414143,-0.399361,-17.429214,-0.399361,1000.045554,397.114171,1.0,5.090602,0.7177,3.617773
29361.0,-0.732694,0.679099,0.044542,-0.679913,-0.733279,-0.00446,0.029633,-0.033553,0.998998,-199.914633,370.722324,-121.742293,3.594754,3.591765,3.597626,90.039819,89.980358,89.970354,143.071399,0.067732,0.077979,90.127562,1.0,-434.414356,441.354555,-294.256623,441.354555,47.114536,114.124124,-294.256623,114.124124,1067.151194,-89.983823,125.313768,96.890957,125.313768,302.987369,-83.8062,96.890957,-83.8062,919.279363,730.678335,1.0,1.470995,0.04478,2.418151
27613.0,-0.217524,-0.471049,0.854866,-0.846241,0.527452,0.075308,-0.486374,-0.707041,-0.513354,228.875527,345.736958,52.550544,3.594351,3.596486,3.595071,89.982954,89.949425,89.940253,121.01123,0.064017,0.06418,78.334684,0.973822,226.536181,-251.556392,121.15796,-251.556392,-218.59223,75.888677,121.15796,75.888677,1162.09168,419.487359,-35.843277,32.523026,-35.843277,-25.225569,-210.348495,32.523026,-210.348495,1161.25824,862.085758,1.0,1.658662,2.109885,3.744152
27481.0,-0.171059,-0.500729,0.848534,-0.810263,0.561474,0.167988,-0.560546,-0.6588,-0.501768,-323.936992,-125.199451,-164.389007,3.595933,3.594874,3.595252,89.990168,89.999088,89.98485,132.766484,0.069391,0.069881,79.356451,0.994382,302.75766,124.756986,6.026731,124.756986,361.143565,122.782333,6.026731,122.782333,549.019699,50.528634,129.784536,-190.797794,129.784536,259.530658,285.722451,-190.797794,285.722451,731.227878,1042.536622,1.0,1.766244,2.096437,3.846585
26456.0,-0.003169,-0.562732,-0.826633,0.660509,0.619474,-0.424241,0.750812,-0.547343,0.369726,268.114303,48.312988,-138.243318,3.597096,3.594547,3.596825,90.03637,89.98623,89.994177,101.058119,0.066596,0.062158,85.473682,1.0,318.651777,223.073104,-369.255869,223.073104,744.675724,102.267851,-369.255869,102.267851,819.898301,361.165332,49.908706,27.421549,49.908706,229.648175,57.909657,27.421549,57.909657,1097.236887,542.578534,1.0,5.186553,1.192082,2.200723
24271.0,-0.671471,-0.354258,-0.650867,0.726892,-0.144125,-0.671458,0.144063,-0.923975,0.354283,506.276482,-176.653319,183.214268,3.592985,3.597791,3.594151,90.056096,90.008539,90.043753,133.046162,0.073158,0.071096,64.313401,0.961749,-422.33811,110.725219,-63.128837,110.725219,-22.909856,74.133823,-63.128837,74.133823,1342.164148,102.333273,221.608536,376.341236,221.608536,-109.327143,-3.297516,376.341236,-3.297516,1672.735421,611.833936,1.0,5.513358,1.208649,2.986922
24331.0,0.149519,-0.977997,0.145486,-0.08288,0.134225,0.987479,-0.985279,-0.159704,-0.060987,496.392423,29.191761,78.024966,3.599464,3.599458,3.593548,90.05563,90.013173,89.975244,118.613267,0.072622,0.071284,90.019384,0.978022,1581.457888,230.113965,217.355066,230.113965,-171.861976,265.539366,217.355066,265.539366,1586.754434,54.264033,-35.205242,-217.262827,-35.205242,6.524407,107.490257,-217.262827,107.490257,1532.409684,452.850205,1.0,2.995315,1.631821,4.551696
29001.0,-0.573421,0.653585,0.493979,-0.683073,-0.714318,0.152191,0.452328,-0.250154,0.856051,-74.692547,-70.997983,156.838652,3.594726,3.594701,3.597267,90.022776,89.965575,90.025686,75.010217,0.056275,0.053245,95.968896,0.989189,268.593371,-12.618833,34.825601,-12.618833,4.520522,99.166762,34.825601,99.166762,1116.048903,165.535245,64.313438,-27.750132,64.313438,164.398908,12.77568,-27.750132,12.77568,1189.484327,443.548519,1.0,1.869661,0.543217,2.075968
26770.0,0.068514,-0.3331,-0.940399,0.916044,0.394385,-0.072957,0.395181,-0.856449,0.332155,212.125155,373.394449,130.553866,3.591066,3.597463,3.593166,90.007929,89.913591,90.047251,127.55404,0.066023,0.06439,80.197107,0.994595,-196.134802,-708.11624,92.654687,-708.11624,-904.308568,-162.835477,92.654687,-162.835477,1097.223592,-140.44893,-123.287241,-39.375699,-123.287241,156.698096,-168.814563,-39.375699,-168.814563,1013.31265,538.732497,1.0,4.789814,1.232209,2.709284
25591.0,0.144848,0.748418,-0.647217,-0.245699,0.660834,0.709176,0.958463,0.056298,0.279606,171.595504,-203.974035,34.709856,3.598918,3.594791,3.592617,89.990361,89.95527,89.99706,76.472883,0.055664,0.048771,91.749026,0.983784,-130.695299,345.460801,75.32798,345.460801,-52.742124,-116.679833,75.32798,-116.679833,1470.184916,-188.315485,95.992811,85.657184,95.992811,277.365992,-237.912897,85.657184,-237.912897,1590.492794,461.9842,1.0,3.881343,1.287413,1.512126
24288.0,-0.671123,-0.196329,-0.714877,0.735292,-0.299269,-0.608099,-0.094553,-0.933752,0.345205,192.050965,198.251866,-160.359105,3.594554,3.597784,3.596756,90.038351,89.969523,89.986529,69.807166,0.053664,0.050784,104.841988,0.984043,721.890179,183.022296,-155.131492,183.022296,77.257377,-27.862784,-155.131492,-27.862784,1257.82295,249.775003,48.689329,-13.206211,48.689329,192.626109,89.425295,-13.206211,89.425295,1093.618202,328.397257,1.0,5.417251,1.218339,3.24251
24309.0,-0.268146,0.116504,-0.956308,0.337521,0.941105,0.020012,0.902318,-0.317408,-0.291676,218.416554,368.181177,44.777644,3.598812,3.593132,3.594457,89.997235,90.029583,89.99176,87.795628,0.060926,0.055038,88.287409,0.983871,94.659496,-102.247129,-56.503605,-102.247129,9.775306,546.587305,-56.503605,546.587305,1203.738827,-182.668769,-218.496863,-74.503067,-218.496863,143.865016,237.979012,-74.503067,237.979012,1258.074507,483.844293,1.0,4.691466,1.866775,1.909047
27451.0,-0.192804,-0.257967,0.94672,-0.94122,0.321345,-0.104123,-0.277364,-0.911148,-0.30476,-71.814049,-286.655617,109.320257,3.593566,3.600631,3.594137,90.018068,90.010882,89.963108,89.43073,0.060042,0.057212,94.238195,0.978022,324.18484,-90.047418,638.953505,-90.047418,-91.172945,-352.723195,638.953505,-352.723195,1612.699579,-6.101969,-123.827004,54.434633,-123.827004,145.400004,-362.462097,54.434633,-362.462097,1635.2555,520.259288,1.0,1.461254,1.880483,3.437092
24628.0,0.6443,0.545192,0.536324,-0.722728,0.66338,0.193883,-0.250083,-0.512536,0.821441,514.912818,504.394938,-52.290263,3.593564,3.594378,3.594743,90.092629,90.016233,90.001405,159.192524,0.07741,0.076216,58.930986,0.829787,-511.683519,-220.723174,-108.403583,-220.723174,-138.381533,-296.148529,-108.403583,-296.148529,922.693721,-223.824035,-178.081703,285.430386,-178.081703,-177.584996,10.968054,285.430386,10.968054,860.16309,908.103294,1.0,1.917683,0.606863,3.59554
29939.0,0.895586,-0.361396,-0.259459,0.43476,0.834684,0.338064,0.094392,-0.415568,0.904651,-233.668364,-378.752432,-86.376282,3.591215,3.592234,3.596122,90.079383,90.094844,90.03182,177.086177,0.080024,0.085583,69.416864,0.928962,-184.600065,-292.595847,-663.042833,-292.595847,-1230.621154,-429.376736,-663.042833,-429.376736,820.245131,-310.557138,-130.721781,-348.370777,-130.721781,129.438268,-93.672433,-348.370777,-93.672433,716.404298,732.762226,1.0,3.796192,0.440236,2.918243
29412.0,0.716886,-0.649241,0.254087,0.51827,0.740031,0.428662,-0.466337,-0.175616,0.867,520.409339,319.076195,-13.756311,3.59299,3.594617,3.595005,90.024354,90.128771,90.01744,144.268538,0.073905,0.070673,75.017624,0.909091,-224.687396,-660.923221,-287.070558,-660.923221,-654.218216,-183.906337,-287.070558,-183.906337,1129.730386,40.699008,-81.570481,42.524637,-81.570481,-171.47402,-23.574953,42.524637,-23.574953,1329.027899,619.864738,1.0,2.606525,0.521646,4.352228
24352.0,-0.608798,-0.580284,-0.540958,0.701772,-0.711923,-0.026102,-0.369974,-0.39552,0.840645,42.280982,458.240176,116.835498,3.59131,3.597169,3.594965,89.979728,90.077706,89.9467,152.233342,0.077458,0.075097,70.372937,0.811765,118.782521,1017.888062,285.945143,1017.888062,-327.612218,-79.993255,285.945143,-79.993255,692.634936,-475.376998,127.948399,-316.198779,127.948399,233.795631,86.331996,-316.198779,86.331996,833.238677,650.778834,1.0,4.760603,0.572324,3.893631
24374.0,-0.436082,-0.304554,-0.846805,0.526225,0.677043,-0.514491,0.730013,-0.66997,-0.134982,515.541653,-50.213858,-20.148193,3.597548,3.596949,3.592558,89.967427,89.981539,90.009479,137.265524,0.058671,0.061532,77.191014,0.856383,247.713789,-686.949831,-115.631946,-686.949831,226.387383,-32.451431,-115.631946,-32.451431,1015.540038,142.620472,-36.776256,-95.107142,-36.776256,-111.652299,83.115447,-95.107142,83.115447,1306.67592,743.256046,1.0,5.258354,1.706192,2.313332
25377.0,0.159396,0.975233,-0.15334,-0.23192,0.18797,0.9544,0.959586,-0.116565,0.256138,413.169541,-73.9504,-148.883523,3.598288,3.597272,3.594355,90.056646,89.952336,90.039726,100.287838,0.056023,0.052224,96.002423,0.968421,945.614745,-191.815895,-419.627597,-191.815895,-117.696683,54.785027,-419.627597,54.785027,1456.483602,52.107168,79.518779,-81.408104,79.518779,5.758548,-35.245792,-81.408104,-35.245792,1325.925001,644.452568,1.0,3.300897,1.311772,1.691678
30331.0,0.747725,-0.587266,0.309881,0.251203,0.682178,0.68668,-0.614658,-0.435605,0.657605,-207.522866,90.210249,164.451968,3.594012,3.59431,3.596226,90.034704,90.041505,89.967388,135.606909,0.063425,0.067965,61.8452,0.880435,-188.746619,44.913716,205.641766,44.913716,48.837,151.058649,205.641766,151.058649,931.71789,184.164843,15.464117,136.07166,15.464117,84.658844,157.931541,136.07166,157.931541,831.811144,642.576068,1.0,2.71768,0.853161,4.095851
25888.0,0.187647,-0.552471,0.812136,-0.51232,0.650394,0.560817,-0.838043,-0.521309,-0.160997,-21.752923,159.583162,-105.137359,3.596615,3.594986,3.594286,89.950747,89.987604,90.026057,136.512775,0.069318,0.071808,74.173905,0.935484,-116.014606,-164.009301,-349.804162,-164.009301,762.815996,62.863256,-349.804162,62.863256,517.644472,59.109194,-18.73874,-38.6986,-18.73874,327.877303,-43.04029,-38.6986,-43.04029,976.252979,553.25663,1.0,2.175149,1.732497,4.15591
27239.0,0.207077,-0.374413,-0.903844,0.886262,0.463048,0.011233,0.414317,-0.803369,0.427714,-205.464522,204.584964,56.647118,3.594998,3.595494,3.593268,90.118432,90.009959,90.046883,161.726782,0.082923,0.08704,72.496216,0.906736,-672.37769,584.395291,-201.862988,584.395291,-14.264008,-68.814921,-201.862988,-68.814921,1257.393264,105.065196,-134.611256,34.252028,-134.611256,163.506598,-212.928021,34.252028,-212.928021,1248.456626,1062.318744,1.0,4.699961,1.128834,2.665445
24489.0,-0.528509,-0.785905,-0.320985,0.668685,-0.618337,0.412941,-0.523009,0.003605,0.852319,509.042538,210.962479,-182.865039,3.595911,3.599203,3.596836,89.936944,90.097729,89.960709,212.790064,0.085955,0.100112,62.478632,0.743017,1425.335571,642.965463,-61.379009,642.965463,-84.454951,-390.419171,-61.379009,-390.419171,1508.902607,-192.539038,-279.296806,310.164743,-279.296806,-34.165692,54.512023,310.164743,54.512023,954.492752,1210.252213,1.0,3.802348,0.550393,4.719282
27909.0,-0.276177,-0.516649,0.810432,-0.773846,0.619616,0.131295,-0.56999,-0.590889,-0.57093,400.132235,282.880625,125.673463,3.59407,3.594564,3.591438,89.899341,89.905776,90.032518,153.415637,0.073327,0.079576,83.001116,0.949721,-1582.75148,-350.876569,-162.211603,-350.876569,335.396572,-102.345012,-162.211603,-102.345012,791.432028,-130.887293,-140.696774,-8.738418,-140.696774,133.497794,-36.731609,-8.738418,-36.731609,1100.035456,711.221523,1.0,1.731407,2.178435,3.90899
28006.0,-0.30167,-0.514951,0.802385,-0.771051,0.626781,0.112363,-0.560781,-0.584783,-0.586134,321.839074,145.541943,-177.341322,3.593093,3.595843,3.589673,89.921772,89.908013,89.940076,221.245469,0.079441,0.095281,66.420712,0.883333,-1425.541511,-444.107353,586.508829,-444.107353,-484.495276,-150.028394,586.508829,-150.028394,1047.371365,-185.190458,-152.331522,136.920658,-152.331522,-496.965828,-126.726787,136.920658,-126.726787,1315.486974,1149.564385,1.0,1.709928,2.197076,3.906041
25122.0,0.25282,-0.186374,0.949393,-0.350421,0.897009,0.269406,-0.901824,-0.400798,0.161473,490.705703,326.054553,-118.806699,3.598991,3.593274,3.587283,90.094599,90.010496,89.980698,146.673274,0.061867,0.059567,127.480078,0.98913,-1342.888171,-1155.037221,-193.354479,-1155.037221,-588.450092,314.999255,-193.354479,314.999255,1331.161176,-92.330387,-188.820541,3.578277,-188.820541,-3.366077,165.212438,3.578277,165.212438,1441.536074,655.519239,1.0,1.847295,1.408613,4.294176
24725.0,0.637223,0.681785,0.359327,-0.763794,0.496502,0.412438,0.102787,-0.537267,0.837126,-35.046571,48.038072,145.347171,3.594474,3.596353,3.595836,90.028547,89.985162,89.989663,68.198174,0.056353,0.053092,100.968316,0.977901,467.223481,98.497124,-122.341984,98.497124,100.884817,-92.639474,-122.341984,-92.639474,812.644231,268.125083,188.519108,-62.647635,188.519108,188.479407,28.549531,-62.647635,28.549531,1111.968444,319.506337,1.0,2.424903,0.578789,2.952562
24458.0,-0.610082,-0.526241,-0.592344,0.741471,-0.115633,-0.660946,0.279322,-0.842437,0.460738,500.442479,354.800544,-108.113307,3.593244,3.5978,3.598385,90.029999,89.943043,90.039848,120.683194,0.064984,0.071063,97.055424,0.983871,642.877087,621.593427,-244.981255,621.593427,-8.61534,-138.003756,-244.981255,-138.003756,1515.538959,-14.43857,57.821965,113.877129,57.821965,-66.941679,-52.616874,113.877129,-52.616874,1326.987612,788.336464,1.0,5.55247,1.09197,2.821435
30099.0,-0.874153,0.354416,0.332032,-0.475199,-0.765281,-0.434201,0.10021,-0.53734,0.837391,167.616663,-389.809192,86.104494,3.594783,3.596592,3.595798,90.072336,89.982294,89.984097,94.430411,0.056174,0.056191,104.837804,0.978022,15.270195,184.51863,-129.667897,184.51863,338.211424,317.968273,-129.667897,317.968273,1168.310237,154.498377,-94.302808,145.760481,-94.302808,244.860385,-36.50136,145.760481,-36.50136,1281.011901,555.561833,1.0,0.652841,0.578304,2.957218
27761.0,0.319062,-0.54239,-0.777182,0.728743,0.664685,-0.164703,0.605915,-0.513816,0.607339,247.743951,-47.779362,-146.29494,3.596231,3.594305,3.593614,90.087715,89.955422,90.021763,147.865677,0.068602,0.076572,67.317277,0.948864,-722.133526,221.239546,125.839343,221.239546,282.017276,10.402014,125.839343,10.402014,1120.36565,-183.548246,-76.133999,272.716179,-76.133999,137.923389,137.622067,272.716179,137.622067,922.026103,669.178504,1.0,4.921222,0.91809,2.274129
24476.0,-0.582801,-0.558878,-0.589914,0.721587,-0.022078,-0.691971,0.373704,-0.828956,0.416146,591.689789,-268.818373,-24.361192,3.600031,3.599356,3.594516,90.001373,89.947618,89.959778,122.196052,0.066623,0.063085,111.232497,1.0,1648.965207,-780.821845,171.182624,-780.821845,501.848379,237.406807,171.182624,237.406807,1243.803859,50.482009,27.591681,210.516681,27.591681,53.389311,69.502104,210.516681,69.502104,1282.183952,209.6168,1.0,5.577235,1.141593,2.718063
26868.0,0.094435,-0.910859,-0.401769,0.837607,-0.14542,0.526562,-0.538049,-0.38625,0.749209,524.097241,210.766294,30.529305,3.59502,3.595198,3.597043,89.982954,90.039797,89.926792,85.852574,0.064884,0.058514,105.579597,1.0,468.902852,-572.042055,-40.134606,-572.042055,-16.897541,-97.579486,-40.134606,-97.579486,1094.280628,82.851488,-75.448462,-39.488691,-75.448462,163.232605,68.607583,-39.488691,68.607583,1213.317487,376.11143,1.0,3.793365,0.723929,4.089769
27605.0,0.266941,-0.534987,-0.801581,0.697934,0.680883,-0.222007,0.664553,-0.500188,0.555141,24.916466,27.829593,75.710637,3.595791,3.595462,3.59544,90.043632,89.951283,90.016844,74.551273,0.059868,0.056993,102.410277,0.989071,-29.766798,-56.35484,-112.591382,-56.35484,322.410807,-56.230136,-112.591382,-56.230136,1095.835498,350.33951,-39.552064,-47.488785,-39.552064,205.897246,-6.098867,-47.488785,-6.098867,965.64708,517.821716,1.0,4.982577,0.982264,2.216002
27709.0,-0.282405,0.95196,-0.118407,-0.943405,-0.25323,0.214156,0.173883,0.172184,0.969596,-276.500918,64.929326,47.292292,3.594448,3.591274,3.596977,89.933668,90.00789,89.99597,140.998796,0.070943,0.072643,70.978178,0.824468,-792.615208,297.842629,320.819939,297.842629,110.067856,117.128969,320.819939,117.128969,959.970736,-159.09345,-132.298245,67.611976,-132.298245,205.440909,209.369064,67.611976,209.369064,1064.912207,781.585411,1.0,3.646662,0.24722,0.790307
24515.0,-0.593362,-0.465831,-0.656447,0.756468,-0.043997,-0.65255,0.275096,-0.883779,0.378493,-176.271217,41.338883,-118.840599,3.59649,3.597313,3.59296,89.99713,90.010073,89.868226,203.815457,0.062758,0.088213,73.005486,0.89011,929.110677,-772.348315,840.50987,-772.348315,313.008368,-527.700828,840.50987,-527.700828,163.943187,290.702047,-91.49527,92.817152,-91.49527,74.663961,-59.324328,92.817152,-59.324328,708.751853,611.614169,1.0,5.49481,1.182629,2.839826
24834.0,0.562603,0.774035,0.290428,-0.721177,0.287736,0.630169,0.404206,-0.563984,0.720097,106.549547,451.638904,34.236471,3.594411,3.595272,3.593674,90.071082,89.951297,90.002785,116.014344,0.056382,0.06174,92.793955,0.98913,107.02448,-267.711568,-169.183975,-267.711568,-521.171234,-164.691312,-169.183975,-164.691312,874.036759,63.34015,-59.247884,38.157051,-59.247884,61.502346,113.632575,38.157051,113.632575,1085.114314,1008.642857,1.0,2.709734,0.766855,2.519748
26035.0,0.103679,0.798127,-0.593502,-0.249427,0.598513,0.761294,0.962827,0.069105,0.261128,-49.724919,-430.160938,44.56834,3.5993,3.591396,3.593252,89.956119,90.031317,90.016351,115.281636,0.069271,0.063646,82.258172,0.967742,-843.866998,-236.449759,241.818157,-236.449759,234.581621,-608.077065,241.818157,-608.077065,1234.292021,-90.221102,-30.255024,102.158892,-30.255024,-139.342806,-60.295077,102.158892,-60.295077,1191.08392,498.577022,1.0,3.803768,1.306606,1.499146
24517.0,-0.589603,-0.688124,-0.42291,0.752742,-0.278314,-0.596591,0.292827,-0.670094,0.682075,-192.959559,234.364051,31.644943,3.591753,3.596845,3.596486,90.01553,89.997325,90.073506,114.678676,0.077888,0.066889,82.496595,0.973262,-278.767643,759.934596,162.304546,759.934596,183.298597,83.144685,162.304546,83.144685,1036.289996,236.287542,54.81979,16.294464,54.81979,455.325876,-53.61131,16.294464,-53.61131,1129.583726,526.159304,1.0,5.666526,0.8202,2.729607
24559.0,-0.085051,0.001416,-0.996376,0.17587,0.984319,-0.013614,0.980732,-0.176391,-0.083966,235.649019,-359.372632,151.51724,3.599298,3.592879,3.593316,89.985362,90.011781,90.02792,107.192865,0.066083,0.068681,76.786694,0.989247,-168.342633,-112.029914,-20.501065,-112.029914,-316.155829,72.858347,-20.501065,72.858347,1539.735626,-398.544458,-83.800897,43.44163,-83.800897,-177.431631,3.785587,43.44163,3.785587,1581.020793,565.422749,1.0,4.726051,1.654861,1.74875
28801.0,0.5231,-0.604548,0.60074,0.55829,0.775646,0.294426,-0.643956,0.181372,0.743253,480.241406,23.245871,80.454572,3.594626,3.594155,3.597003,89.954393,90.060006,89.979411,93.055311,0.065222,0.059185,87.901604,0.984211,-339.629923,49.008734,260.639522,49.008734,345.778353,187.422655,260.639522,187.422655,1129.489453,114.982553,-19.370688,21.765187,-19.370688,151.462057,20.30142,21.765187,20.30142,1269.094431,475.692792,1.0,2.026497,0.732876,4.98693
24846.0,0.609212,0.452082,0.651523,-0.791484,0.295748,0.534869,0.049118,-0.841519,0.53799,135.254328,235.444692,79.292853,3.593704,3.596567,3.594982,90.0064,89.983187,90.030531,178.936955,0.087687,0.101398,66.523549,0.829787,195.9782,225.786174,22.107299,225.786174,99.568526,-319.544455,22.107299,-319.544455,692.924807,124.748311,52.459088,-108.711364,52.459088,279.638519,-199.807432,-108.711364,-199.807432,893.822876,806.652627,1.0,2.258183,1.002746,3.08329
24961.0,0.438462,0.309554,0.843758,-0.593968,0.804375,0.013552,-0.674503,-0.507107,0.536552,-278.087414,-220.871037,-65.147573,3.595742,3.594951,3.59409,90.047778,90.043016,89.987246,66.003661,0.060109,0.050312,117.765946,0.978261,-301.611099,-140.158569,13.246095,-140.158569,260.51107,5.687199,13.246095,5.687199,898.092441,182.423251,32.027192,-127.25504,32.027192,495.126472,68.096356,-127.25504,68.096356,789.306281,236.561722,1.0,1.586857,1.00445,4.067721
26176.0,0.146925,-0.497941,0.854674,-0.570855,0.662952,0.484376,-0.807798,-0.559062,-0.186848,388.877575,407.045605,-163.991323,3.596957,3.594835,3.589664,90.048711,89.91331,89.913035,190.664275,0.078976,0.082401,64.813677,0.925532,-337.484152,-808.725071,23.330192,-808.725071,-1153.055014,189.37315,23.330192,189.37315,1420.040916,-113.31143,-157.744152,-90.512423,-157.744152,332.395301,336.25376,-90.512423,336.25376,1083.481152,901.327252,1.0,2.086399,1.758749,4.106998
24911.0,0.532742,0.709666,0.461043,-0.714231,0.084815,0.694752,0.453938,-0.699414,0.55205,325.198734,213.851996,-14.87153,3.595066,3.596424,3.592237,90.081217,89.98498,89.979099,155.479588,0.07666,0.076012,86.09571,0.840659,85.309123,-685.831151,-379.864791,-685.831151,-288.723677,75.081282,-379.864791,75.081282,766.335982,165.135441,350.130077,-186.929001,350.130077,-253.042452,174.362633,-186.929001,174.362633,1062.275192,787.357923,1.0,2.555711,0.985975,2.565902
25632.0,0.175159,-0.553205,0.814422,-0.344766,0.740369,0.577053,-0.922201,-0.381861,-0.061044,310.991885,-218.218395,-179.928295,3.599328,3.592842,3.592474,89.95895,90.07262,89.936811,147.813952,0.081608,0.080155,61.268475,0.902174,-917.984582,235.808682,342.970244,235.808682,162.08478,501.680702,342.970244,501.680702,1573.269091,-172.402239,5.469047,-62.777715,5.469047,34.055714,331.246288,-62.777715,331.246288,1553.912362,689.195014,1.0,2.187233,1.631878,4.319807
25328.0,0.211295,0.957904,0.194356,-0.329021,-0.117535,0.93698,0.92038,-0.261927,0.290336,-274.653219,-197.420084,-78.38321,3.597314,3.594045,3.593882,90.047655,90.007611,90.023226,91.132717,0.052859,0.050862,91.197347,0.989011,-163.425134,-375.136574,-103.788923,-375.136574,215.918,-217.984298,-103.788923,-217.984298,932.457799,55.963066,-78.570907,-50.447534,-78.570907,446.530778,-177.278089,-50.447534,-177.278089,966.992271,490.253734,1.0,2.937064,1.276219,1.848052
24625.0,-0.246295,-0.159218,-0.956027,0.381789,0.890717,-0.2467,0.890829,-0.425762,-0.158592,403.60762,127.610134,-121.07269,3.598215,3.594736,3.589388,89.960236,90.020052,90.036442,128.887272,0.070553,0.068376,82.050201,0.978261,-1070.478298,-581.336475,-133.769362,-581.336475,-53.191618,106.770125,-133.769362,106.770125,1300.849231,-295.263583,-53.679766,-142.160527,-53.679766,256.89698,315.159643,-142.160527,315.159643,1211.844199,777.651185,1.0,4.964926,1.73006,2.01664
29078.0,-0.601323,0.595177,0.533081,-0.684331,-0.03925,-0.728114,-0.412433,-0.802636,0.4309,400.139819,-117.328315,-130.093265,3.594572,3.598268,3.596056,89.999373,90.019505,89.947903,55.138602,0.057965,0.04969,125.771001,1.0,455.592103,-373.833111,-208.056001,-373.833111,262.357151,162.053564,-208.056001,162.053564,1283.839705,213.083078,-68.79435,-153.905004,-68.79435,125.003349,47.361257,-153.905004,47.361257,1298.846369,219.289829,1.0,0.631971,1.125307,3.616257
27916.0,-0.30641,0.875479,-0.373698,-0.840821,-0.064886,0.537411,0.446244,0.478881,0.756002,463.94872,456.996657,160.640099,3.593054,3.595644,3.5969,89.967987,89.892265,89.969243,164.570242,0.075189,0.078436,69.330032,0.903226,354.782436,-169.317798,-174.144664,-169.317798,-764.44837,-16.339199,-174.144664,-16.339199,1492.071969,-387.453879,-116.545635,-265.715625,-116.545635,241.890734,89.48652,-265.715625,89.48652,1389.401228,835.961939,1.0,3.749203,0.713613,0.750134
27844.0,-0.272795,0.867348,-0.416282,-0.80789,0.028426,0.588647,0.522395,0.49689,0.692968,-77.372303,-312.062237,134.722898,3.590246,3.597528,3.59681,89.978664,89.933711,89.913664,111.782686,0.07294,0.056349,112.566121,0.978495,464.429601,-736.631092,424.026896,-736.631092,-961.371747,395.972573,424.026896,395.972573,1297.485086,187.152542,-106.71614,58.374771,-106.71614,287.522527,61.172421,58.374771,61.172421,1241.826519,266.05916,1.0,3.757125,0.805199,0.810415
24656.0,-0.083703,-0.153137,-0.984654,0.181189,0.969311,-0.166153,0.97988,-0.192316,-0.053387,-47.60672,-372.436162,47.005276,3.599408,3.594977,3.593626,90.033789,90.093746,89.978812,140.273696,0.096017,0.078453,86.23167,0.983696,-275.555966,308.500219,583.098543,308.500219,538.829568,531.462103,583.098543,531.462103,1490.985525,-159.151616,43.437578,4.996525,43.437578,59.293797,59.221935,4.996525,59.221935,1467.432515,480.85823,1.0,4.879557,1.624209,1.764598
25094.0,0.340658,0.858354,0.383642,-0.494012,-0.183765,0.849813,0.799941,-0.479019,0.361436,231.50279,189.747801,-150.048113,3.59646,3.597043,3.597705,89.949123,89.992623,90.040256,88.221055,0.066312,0.064003,129.965994,0.984211,986.391868,557.80548,-118.769758,557.80548,711.105145,-88.866122,-118.769758,-88.866122,947.319753,309.403907,-34.155337,18.634091,-34.155337,276.170719,-14.110438,18.634091,-14.110438,1036.207842,162.35786,1.0,2.717539,1.200989,2.110347
24639.0,-0.533566,-0.169502,-0.828599,0.740793,0.379056,-0.554566,0.408085,-0.909717,-0.076685,-18.688004,240.369945,2.902876,3.594363,3.597031,3.593103,89.98108,89.958415,90.042118,156.798118,0.059111,0.072205,75.371719,0.844444,210.106931,-239.722034,-41.892246,-239.722034,-446.893669,-104.323158,-41.892246,-104.323158,1014.290622,377.213168,-72.059673,41.206093,-72.059673,48.094644,-35.621201,41.206093,-35.621201,993.890518,803.295462,1.0,5.302199,1.647557,2.719916
25811.0,0.18571,0.839063,-0.511356,-0.456168,0.53455,0.711454,0.8703,0.101141,0.482025,270.508753,369.125974,-61.828529,3.595848,3.596879,3.593824,90.058319,89.932934,90.01075,176.746248,0.104993,0.110821,64.627351,0.812155,893.137836,408.914685,-294.701811,408.914685,-383.345019,-150.561202,-294.701811,-150.561202,838.875892,-269.475587,29.679921,-57.957007,29.679921,-76.638921,-2.587902,-57.957007,-2.587902,1077.527069,961.337734,1.0,3.764791,1.067832,1.455102
25008.0,0.448592,0.415377,0.791345,-0.634504,0.77159,-0.045324,-0.62942,-0.481779,0.609687,255.716896,428.252233,112.973882,3.59493,3.590599,3.593698,90.143898,90.014567,89.924866,210.044057,0.076911,0.089029,77.005375,0.825581,-807.536795,-996.599992,-47.275825,-996.599992,-995.291161,-231.68311,-47.275825,-231.68311,1110.532838,-141.704509,93.655273,-165.130831,93.655273,391.456737,-221.2904,-165.130831,-221.2904,1252.214069,1188.620839,1.0,1.513584,0.91513,4.059084
24953.0,0.539146,0.284954,0.792542,-0.74857,0.593374,0.295888,-0.38596,-0.7528,0.533223,-45.527966,-53.229125,78.291112,3.595097,3.596155,3.594747,90.031159,90.018726,89.971219,136.630925,0.065879,0.071102,62.248727,0.89418,110.267168,-26.217447,-109.841744,-26.217447,181.808419,-4.465262,-109.841744,-4.465262,903.801639,-474.144035,-25.520156,172.364253,-25.520156,273.858425,27.825989,172.364253,27.825989,1112.136627,810.862888,1.0,1.928111,1.008391,3.615348
28091.0,-0.357076,0.85946,-0.365821,-0.835183,-0.118388,0.537078,0.418288,0.497305,0.76008,-281.570796,-355.86554,97.128785,3.587818,3.595742,3.59639,89.991651,89.952991,89.940025,156.914132,0.07476,0.069255,138.675759,0.989247,-3.999825,-962.782257,234.934892,-962.782257,-1247.367575,446.263873,234.934892,446.263873,763.704784,165.529575,-45.546407,19.224019,-45.546407,393.434339,136.250471,19.224019,136.250471,804.781077,340.80082,1.0,3.739543,0.70736,0.69931
25029.0,0.445454,0.880194,0.163794,-0.637386,0.183299,0.748425,0.628737,-0.437789,0.642675,515.303121,-339.991519,-6.989641,3.59651,3.596574,3.596438,90.069199,89.986558,89.977533,104.451661,0.073557,0.062435,94.479758,0.978836,735.66159,-483.179662,-191.131961,-483.179662,391.828049,200.408685,-191.131961,200.408685,1047.989577,402.767449,26.116796,57.052133,26.116796,4.901123,-115.886563,57.052133,-115.886563,1053.3036,512.092842,1.0,2.926138,0.872812,2.179035
26321.0,0.135272,0.899359,-0.415759,-0.69916,0.383968,0.603112,0.702052,0.209098,0.680736,24.335665,173.154526,142.560835,3.597183,3.594202,3.595977,89.997275,89.959884,89.990981,91.224246,0.062136,0.061661,96.136053,0.994565,146.474239,-108.185735,-66.595063,-108.185735,342.254158,-203.774737,-66.595063,-203.774737,1086.432406,134.352347,-75.175694,-43.469092,-75.175694,347.569331,-134.218419,-43.469092,-134.218419,1197.209704,546.954082,1.0,3.745139,0.82203,1.281324
24999.0,0.486558,0.679286,0.549392,-0.6911,-0.085433,0.717692,0.534454,-0.728884,0.427887,-142.800312,23.72578,-95.747053,3.596157,3.596024,3.593274,90.01445,90.020688,89.993213,147.644263,0.067867,0.073859,88.11316,0.98913,217.079665,-394.538282,-246.505892,-394.538282,416.145245,-166.833824,-246.505892,-166.833824,411.307485,331.199188,-61.194288,-3.644948,-61.194288,350.498648,-228.537531,-3.644948,-228.537531,944.179477,660.037353,1.0,2.488246,1.128643,2.508898
25015.0,-0.440792,-0.213193,-0.871924,0.80128,0.344332,-0.489271,0.40454,-0.914322,0.019048,140.9994,-22.296454,18.042098,3.594196,3.597131,3.594887,89.972383,89.971994,90.043183,144.264402,0.061082,0.070489,65.279077,0.921788,472.272014,-21.496715,139.651804,-21.496715,-255.962214,29.58229,139.651804,29.58229,1039.195646,297.706152,33.042218,-48.192101,33.042218,-168.351919,3.887037,-48.192101,3.887037,1059.169539,794.286574,1.0,5.223744,1.551747,2.725037
24692.0,-0.572791,-0.814668,-0.090699,0.819171,-0.572885,-0.027592,-0.029482,-0.090103,0.995496,217.069155,-208.743102,-200.240822,3.591318,3.59341,3.598289,90.035288,90.045603,89.980429,155.753089,0.071177,0.076266,63.534818,0.898876,-244.129883,219.091915,353.343849,219.091915,-677.869587,-182.723097,353.343849,-182.723097,1288.068114,-425.821688,-8.390807,-22.057789,-8.390807,-104.843671,49.572897,-22.057789,49.572897,1469.253371,700.23209,1.0,5.028213,1.516622,2.852674
29779.0,-0.820787,-0.018066,0.570948,-0.569221,0.109692,-0.814834,-0.047908,-0.993801,-0.100317,535.333174,-143.477733,31.620744,3.588073,3.600988,3.591831,89.943762,89.917025,89.982878,210.563367,0.101783,0.112405,70.108796,0.754286,-1963.43487,-219.355934,-112.567584,-219.355934,-320.112691,239.238083,-112.567584,239.238083,2057.014163,-550.077011,-24.726033,191.334805,-24.726033,279.858038,-107.465945,191.334805,-107.465945,1515.35916,916.526327,1.0,5.00771,0.094946,3.457814
25626.0,-0.283062,-0.137831,-0.949146,0.915935,0.254703,-0.310144,0.284498,-0.957146,0.054147,-45.612688,-203.524778,-165.126182,3.590376,3.59788,3.590944,90.000528,89.903279,89.93909,262.799459,0.090586,0.120717,67.824706,0.81383,-305.362644,-789.718093,145.768545,-789.718093,-1062.102303,-973.272135,145.768545,-973.272135,669.884609,217.563086,-656.206453,-111.74792,-656.206453,-995.006822,-424.071105,-111.74792,-424.071105,1078.276279,1805.466843,1.0,3.751476,1.036799,3.53796
30205.0,0.906488,-0.090481,-0.412423,0.351525,0.702818,0.618447,0.2339,-0.705592,0.668903,-1.695129,61.81765,156.562694,3.593993,3.596723,3.595079,90.045672,89.992163,90.010735,64.972509,0.051637,0.047016,96.463291,0.989189,17.86868,-15.704036,-30.123213,-15.704036,153.198924,-231.139724,-30.123213,-231.139724,967.902618,-129.223087,-63.222847,-140.984068,-63.222847,192.693155,-140.158869,-140.984068,-140.158869,1071.533519,443.167786,1.0,0.61119,1.671282,3.189762
25825.0,0.246615,0.887895,-0.38836,-0.669516,0.445827,0.594127,0.700663,0.113493,0.704408,-69.287861,-423.226295,108.980591,3.594514,3.594136,3.596218,90.015754,89.913306,89.969628,168.496571,0.086742,0.089197,60.315795,0.791209,225.279069,-20.503409,-122.470028,-20.503409,-516.563316,162.149275,-122.470028,162.149275,1171.168736,-63.964791,-256.239404,-35.146222,-256.239404,128.221631,-142.358353,-35.146222,-142.358353,1080.39067,948.916188,1.0,2.149791,1.59635,4.240864
25397.0,0.229503,-0.497187,0.83674,-0.392665,0.739324,0.547004,-0.890586,-0.454097,-0.025551,540.393182,-176.122912,-153.841813,3.59604,3.594681,3.593188,90.016771,90.016638,89.888345,147.301707,0.081481,0.082161,64.380631,0.747191,-210.282584,110.405007,424.943003,110.405007,-471.045205,-222.265264,424.943003,-222.265264,1293.96619,-238.819831,-210.392441,99.732793,-210.392441,74.783178,22.570811,99.732793,22.570811,1122.165752,650.775134,1.0,5.409523,0.830654,3.000809
29392.0,-0.624863,0.562202,0.541733,-0.575288,0.137541,-0.806304,-0.527817,-0.815482,0.237484,504.926361,-284.436203,-173.621289,3.596874,3.60068,3.594862,89.895661,90.083297,90.02795,219.429198,0.097981,0.101374,60.830676,0.767568,2215.754819,-60.094742,-574.049911,-60.094742,-355.648637,311.391235,-574.049911,311.391235,1118.789493,680.034916,296.983819,-156.049227,296.983819,-358.791317,-50.288549,-156.049227,-50.288549,1073.745429,993.998941,1.0,1.370347,1.325856,4.438448
27661.0,-0.246993,-0.254635,0.934963,-0.897784,0.423229,-0.121906,-0.364662,-0.869505,-0.333142,460.588417,466.486155,156.874217,3.597891,3.5981,3.597004,89.940986,90.089142,90.00406,149.258873,0.084358,0.078604,84.7399,0.98913,1008.188297,867.639656,-95.090033,867.639656,918.881983,-338.933586,-95.090033,-338.933586,1214.051277,180.211694,-88.720843,124.444145,-88.720843,-49.978177,-159.95765,124.444145,-159.95765,1260.117901,547.569446,1.0,3.245199,1.233681,1.709597
25573.0,0.171492,0.980339,-0.0976,-0.311519,0.147944,0.938652,0.934637,-0.130567,0.330766,526.5398,-78.77519,-46.153066,3.599308,3.596369,3.593635,89.982163,89.939893,90.016563,56.578841,0.046403,0.04067,118.523686,0.994475,607.742145,308.252493,60.362897,308.252493,-154.617053,-104.801057,60.362897,-104.801057,1664.323853,125.033235,54.50672,109.574555,54.50672,76.679459,-194.167866,109.574555,-194.167866,1656.955346,228.878038,1.0,0.591598,1.331022,3.716029
25060.0,0.551393,0.189237,0.8125,-0.831832,0.198757,0.51822,-0.063423,-0.961605,0.267007,399.682889,-348.595209,-4.118435,3.591002,3.599141,3.593227,90.025055,90.071535,90.023204,116.472082,0.071779,0.066761,85.640641,0.947368,-985.442361,542.462254,-67.571991,542.462254,8.290117,-250.183659,-67.571991,-250.183659,1440.568601,-431.892539,43.314,146.974916,43.314,178.67181,-239.772952,146.974916,-239.772952,1428.031452,676.338368,1.0,4.572349,0.771948,2.451742
29285.0,0.715819,-0.443174,-0.53963,0.562885,-0.091117,0.821498,-0.413236,-0.891793,0.184232,13.276729,-0.284746,-8.043474,3.593326,3.597307,3.594616,90.006762,90.003066,89.92866,152.776406,0.094568,0.087723,59.196335,0.771277,-240.579725,-299.574852,85.862927,-299.574852,11.685431,-93.94167,85.862927,-93.94167,1215.4973,92.276246,23.66968,265.180053,23.66968,-9.348994,57.555148,265.180053,57.555148,1111.395762,816.344226,1.0,2.596298,0.26076,2.683899
24780.0,-0.489913,-0.501655,-0.712971,0.753896,-0.654469,-0.057542,-0.437751,-0.565697,0.698828,-348.199511,343.422713,-14.013678,3.590394,3.594713,3.595196,90.023292,90.049094,90.011301,158.258816,0.078052,0.079377,59.094501,0.911111,-486.934126,572.495758,-371.640547,572.495758,-337.444428,255.264697,-371.640547,255.264697,435.224349,182.144621,13.454006,2.379653,13.454006,-106.553546,47.624219,2.379653,47.624219,529.29114,709.974219,1.0,2.138554,1.300511,3.207453
25071.0,0.545533,0.827353,0.133721,-0.83031,0.511857,0.220425,0.113923,-0.231279,0.966194,-29.263542,-157.331422,-163.187557,3.593217,3.593183,3.597642,89.976792,89.908292,90.026695,175.340756,0.071569,0.079496,60.110997,0.824468,-223.993484,186.105285,757.801833,186.105285,-182.62018,-326.932424,757.801833,-326.932424,1056.655337,88.484277,-160.832008,19.26252,-160.832008,-200.2314,-8.760807,19.26252,-8.760807,1153.602214,776.099798,1.0,4.792922,0.797038,3.800169
28940.0,-0.351942,-0.531237,0.770665,-0.459749,0.815289,0.352043,-0.815333,-0.230414,-0.53117,143.857497,30.304176,-69.75041,3.596862,3.594225,3.595445,89.968068,89.936632,89.991878,89.541666,0.052672,0.050814,93.016076,0.973684,-119.108789,66.079678,-107.489121,66.079678,215.288763,4.840756,-107.489121,4.840756,1247.683098,164.240283,-35.298276,-47.136793,-35.298276,95.929146,-45.915897,-47.136793,-45.915897,1202.76707,436.803355,1.0,1.762493,2.025309,3.979958
29308.0,-0.645294,0.572447,0.505865,-0.621196,-0.007772,-0.783617,-0.444648,-0.819905,0.360617,532.548906,-77.189832,-90.232045,3.594488,3.597063,3.59463,90.073894,89.997267,89.945374,117.493935,0.05406,0.060238,81.177081,0.922222,-333.535147,110.47911,-74.363153,110.47911,207.732641,-172.092954,-74.363153,-172.092954,1371.473211,-0.367881,179.681098,-96.850618,179.681098,135.108235,-73.650617,-96.850618,-73.650617,1484.728289,564.596156,1.0,4.881092,0.686628,2.078229
28896.0,0.584751,-0.517228,-0.624933,0.592529,0.798486,-0.10644,0.554054,-0.30805,0.773388,507.535542,-250.483035,-88.199192,3.594918,3.599171,3.597197,89.997393,89.939957,90.0379,101.419926,0.0615,0.055093,118.982154,1.0,679.057112,-736.771073,86.970875,-736.771073,661.605198,-205.485079,86.970875,-205.485079,1325.900609,301.395332,103.995207,-251.90626,103.995207,68.816769,-83.817769,-251.90626,-83.817769,1311.48655,146.300499,1.0,1.999294,2.130777,4.43697
27682.0,-0.193058,-0.429853,0.882017,-0.718625,0.674,0.171182,-0.668062,-0.600792,-0.439024,0.800879,229.078599,-184.022328,3.595617,3.596416,3.592835,90.024186,89.94827,89.907169,177.593832,0.079484,0.086978,62.631583,0.874317,57.372812,-447.805064,528.017666,-447.805064,-389.999486,127.392345,528.017666,127.392345,1212.273304,-19.685396,70.315015,68.780513,70.315015,26.849506,80.709614,68.780513,80.709614,959.537417,944.119018,1.0,3.722793,1.385506,3.575515
27703.0,-0.130726,0.859242,-0.494584,-0.518684,0.365872,0.772726,0.844913,0.357548,0.397846,414.014772,-84.562603,13.938756,3.596766,3.595234,3.593374,89.97156,89.962239,89.936194,203.277745,0.083022,0.100798,61.657587,0.807487,-41.766458,122.810926,319.184691,122.810926,-158.767553,-24.601954,319.184691,-24.601954,1221.859434,228.414322,129.954498,-23.854986,129.954498,-165.638459,-199.782918,-23.854986,-199.782918,963.692222,961.277978,1.0,0.573242,1.201867,3.638518
25188.0,0.413056,0.892451,-0.181426,-0.665978,0.431884,0.608235,0.621175,-0.130409,0.772745,348.969126,471.465982,-150.897138,3.596449,3.591729,3.59598,90.065372,89.953805,89.991157,83.428846,0.063703,0.057645,118.671557,0.989011,-160.245701,-638.995234,-113.32739,-638.995234,-255.349524,-159.906764,-113.32739,-159.906764,1098.40039,-140.86983,-229.360789,55.978684,-229.360789,249.20568,153.767498,55.978684,153.767498,1170.856844,187.954255,1.0,3.710942,1.161629,1.170471
25110.0,0.532224,0.373321,0.759848,-0.833478,0.07362,0.547627,0.1485,-0.924776,0.350337,315.376228,-127.508506,-69.988833,3.594536,3.599669,3.594666,90.020072,89.976523,89.904636,166.193423,0.069329,0.076752,68.610822,0.867021,793.440165,-287.234609,-685.446472,-287.234609,-108.808261,601.743049,-685.446472,601.743049,1309.098495,163.920269,19.556771,84.105561,19.556771,-288.216523,128.227002,84.105561,128.227002,1270.652172,621.674235,1.0,3.431474,0.687642,1.77773
29522.0,0.790342,-0.317336,-0.524077,0.531586,-0.07008,0.8441,-0.304591,-0.94572,0.113305,511.534617,342.524786,113.864685,3.593235,3.597234,3.593866,89.98968,89.969696,89.87988,137.814577,0.078434,0.075444,97.6564,0.989362,-740.989691,-206.882437,-250.646042,-206.882437,93.406985,-538.303128,-250.646042,-538.303128,1378.299483,199.731725,54.884279,161.399144,54.884279,26.556896,31.616149,161.399144,31.616149,1275.007666,598.904864,1.0,3.29781,0.918742,3.375842
30439.0,0.93893,-0.321119,-0.123663,0.290469,0.546947,0.78516,-0.184492,-0.773131,0.606821,88.588375,278.479986,29.64455,3.593435,3.594906,3.594439,90.089254,90.085174,90.003111,180.728049,0.08712,0.096923,70.283819,0.861111,43.816804,-383.047202,-263.630846,-383.047202,-852.340311,160.734411,-263.630846,160.734411,1106.764925,-120.171894,-114.31969,89.097195,-114.31969,29.557575,-138.59247,89.097195,-138.59247,1180.954662,703.877281,1.0,2.057988,0.363323,4.800085
24874.0,-0.465374,-0.86645,-0.180805,0.770985,-0.497155,0.398018,-0.434751,0.045829,0.899384,-220.73881,328.442519,21.121175,3.594976,3.593866,3.596714,89.985738,90.032935,89.975582,124.653032,0.063265,0.066083,63.70248,0.921788,245.848234,-199.239358,9.018669,-199.239358,-89.656226,30.940279,9.018669,30.940279,916.561811,143.909918,-188.898762,7.498845,-188.898762,162.236372,46.940855,7.498845,46.940855,972.091706,632.994039,1.0,3.347358,0.287685,5.045702
30041.0,0.594463,0.618773,-0.51355,0.24619,0.467929,0.848783,0.765509,-0.631001,0.12583,-54.806369,290.79052,-120.465096,3.596626,3.597188,3.591918,89.995417,89.969848,90.008978,88.598482,0.058532,0.054518,127.406208,0.989305,228.842525,693.509956,-51.9925,693.509956,-27.325801,-41.882328,-51.9925,-41.882328,919.998701,222.253108,112.696438,28.067959,112.696438,169.575937,-61.662232,28.067959,-61.662232,1056.310339,228.875885,1.0,3.567987,0.452438,4.817416
26344.0,-0.035255,-0.368497,-0.92896,0.715308,0.639842,-0.280957,0.69792,-0.674398,0.241032,129.479161,282.658984,-139.15626,3.597486,3.594758,3.591039,90.034993,90.005156,89.978468,160.770116,0.069097,0.079071,80.669596,0.977778,-860.596579,-163.633069,34.48787,-163.633069,845.467814,338.401339,34.48787,338.401339,455.432427,-174.096015,163.724601,46.405891,163.724601,112.624982,78.76696,46.405891,78.76696,886.538157,692.985398,1.0,3.685712,1.444631,2.260173
29577.0,0.309237,0.803846,-0.508138,0.167638,0.479883,0.861168,0.936093,-0.351488,0.013643,485.961719,194.60437,30.124246,3.598476,3.594329,3.592315,89.971766,89.926628,90.029692,154.169567,0.080088,0.082974,77.369687,0.846154,-447.068022,458.049114,-85.094574,458.049114,83.103476,518.287304,-85.094574,518.287304,1314.507779,-166.634937,131.322907,-36.740545,131.322907,-77.729507,249.829238,-36.740545,249.829238,1452.585481,823.246458,1.0,3.672966,1.184934,3.229428
30352.0,-0.902051,-0.127938,0.412233,-0.409221,0.55722,-0.722526,-0.137266,-0.82045,-0.554996,538.709978,406.427447,98.559707,3.598142,3.597836,3.595439,89.959135,89.999343,90.085073,176.715632,0.073755,0.075957,73.367129,0.928962,836.631042,682.139609,-493.03458,682.139609,815.821861,-352.210352,-493.03458,-352.210352,1049.668731,65.675409,18.724851,-102.518013,18.724851,-70.272743,-70.49881,-102.518013,-70.49881,1349.034829,657.701613,1.0,3.674669,1.557153,1.929991
29394.0,-0.564498,-0.484389,0.668363,-0.523803,0.836005,0.163483,-0.637944,-0.257804,-0.725648,495.751154,-231.153117,53.270654,3.594798,3.592752,3.596503,89.890761,89.930514,89.957328,167.753278,0.092013,0.089961,71.364626,0.967391,-544.284609,390.497606,27.598722,390.497606,-305.577588,-532.4309,27.598722,-532.4309,1501.47983,187.254013,199.352056,-21.752251,199.352056,107.18188,-9.993932,-21.752251,-9.993932,1498.575535,547.395432,1.0,0.518479,2.159154,3.307363
25246.0,0.49015,0.382417,0.783269,-0.849225,0.007046,0.527984,0.196391,-0.923963,0.328212,191.554806,325.984624,151.53836,3.594736,3.597602,3.588473,90.059976,90.001162,90.023529,161.593986,0.064318,0.068928,75.466078,0.944444,-1118.682832,-757.037565,-341.842094,-757.037565,-245.625624,-212.44081,-341.842094,-212.44081,1116.320149,-15.186747,-100.627036,-154.46302,-100.627036,10.625703,-76.299709,-154.46302,-76.299709,1197.251886,756.368845,1.0,1.810688,2.382771,4.328338
30021.0,-0.865493,0.073659,0.495476,-0.49955,-0.053787,-0.864614,-0.037036,-0.995832,0.083349,194.968081,-21.428974,107.285228,3.594225,3.599109,3.59434,90.022095,90.002755,90.01057,79.246517,0.049685,0.051645,95.514744,0.983333,124.027456,-14.517647,-81.360414,-14.517647,74.585077,-140.741474,-81.360414,-140.741474,1463.748623,265.429661,41.186743,-20.867865,41.186743,214.163198,27.902419,-20.867865,27.902419,1230.348908,281.411264,1.0,2.163912,1.236386,2.932157
25327.0,-0.208373,-0.894498,-0.395544,0.543484,-0.442131,0.713544,-0.813146,-0.066289,0.578273,-68.676991,-97.692978,-120.747915,3.596885,3.591831,3.595017,90.014939,90.086064,90.033903,142.36335,0.070911,0.070459,60.48783,0.805263,-702.476226,41.177074,-271.535572,41.177074,-67.685547,-111.588344,-271.535572,-111.588344,1334.708235,-300.243349,-106.560102,-28.092215,-106.560102,237.252803,-181.175294,-28.092215,-181.175294,1207.012282,705.303291,1.0,0.520375,1.487351,3.178766
30436.0,-0.649749,-0.486045,0.584454,-0.288436,0.86901,0.402028,-0.7033,0.09264,-0.704831,-287.440806,43.688733,36.28919,3.595843,3.592966,3.594719,89.929557,89.947213,90.020728,147.168331,0.071156,0.079158,65.300279,0.763736,-569.553611,335.889459,379.013521,335.889459,298.500296,-250.326125,379.013521,-250.326125,778.52334,-51.878756,49.574802,63.44985,49.574802,356.199881,-55.167029,63.44985,-55.167029,775.325084,644.560374,1.0,3.647759,0.954186,4.631048
29942.0,-0.818028,0.482143,0.313637,-0.498985,-0.866093,0.029959,0.286083,-0.131993,0.94907,-287.313412,-55.897267,23.760396,3.593048,3.594565,3.596969,89.996799,89.965041,90.033875,147.237385,0.079411,0.079816,67.681723,0.81383,53.258511,-366.765593,27.523442,-366.765593,-185.648367,-31.826966,27.523442,-31.826966,934.034094,291.215094,-74.402932,139.703953,-74.402932,31.749331,-187.566565,139.703953,-187.566565,875.771951,744.460481,1.0,4.747246,1.101374,2.398724
27541.0,0.272375,-0.899394,-0.341911,0.764125,-0.013762,0.644922,-0.584744,-0.436923,0.683501,286.970953,236.719671,-43.100252,3.594494,3.594976,3.596831,90.024346,90.040499,89.974633,44.015273,0.054428,0.043822,125.399735,1.0,176.454785,-142.157101,-46.812772,-142.157101,86.364953,226.086249,-46.812772,226.086249,1017.141364,273.737106,-47.268678,-102.775281,-47.268678,262.328009,151.935873,-102.775281,151.935873,1014.513955,168.848716,1.0,1.666029,0.320524,2.003072
27591.0,0.280132,-0.356556,-0.891288,0.746748,0.664381,-0.03108,0.603237,-0.65686,0.452372,260.029979,-142.019933,-21.82803,3.596079,3.597337,3.594463,90.001038,89.997933,90.02562,108.826507,0.070551,0.06586,97.957265,0.989189,323.40416,-84.376432,341.344216,-84.376432,537.908261,-123.563416,341.344216,-123.563416,857.805463,325.944788,189.152458,-142.250782,189.152458,63.382142,240.901417,-142.250782,240.901417,856.147859,898.363081,1.0,2.173335,2.352981,4.843357
30110.0,0.891064,0.075285,-0.44759,0.373401,0.439017,0.817212,0.258023,-0.895319,0.363081,-144.679448,197.385134,-91.762754,3.593823,3.598366,3.593317,90.037943,89.961292,90.001046,122.187709,0.058661,0.061847,71.15311,0.973262,-290.84452,323.760706,-127.044766,323.760706,93.462727,-229.840638,-127.044766,-229.840638,1256.041954,-188.966768,284.426258,-60.685458,284.426258,208.896536,-374.634967,-60.685458,-374.634967,1346.121857,702.925672,1.0,3.629076,0.818249,4.070679
29428.0,0.436621,0.765594,-0.47247,0.288121,0.378516,0.879609,0.852261,-0.520184,-0.055316,-66.877169,227.137631,92.321871,3.598248,3.59606,3.593142,90.001322,90.018828,90.025326,74.745798,0.053653,0.048094,95.030295,1.0,464.075174,282.141632,179.083384,282.141632,-116.020769,35.613913,179.083384,35.613913,1251.760489,213.740708,232.096259,15.308065,232.096259,74.517333,-139.517669,15.308065,-139.517669,1336.689003,381.58706,1.0,4.919577,1.563525,2.974642
27885.0,-0.269573,-0.326439,0.905962,-0.76953,0.63861,0.001129,-0.578925,-0.696861,-0.423357,435.184285,-61.02522,108.534709,3.593638,3.59427,3.58991,89.89269,89.904571,89.997493,190.997043,0.093026,0.09908,71.457911,0.824176,-1863.032882,-75.338261,-358.656084,-75.338261,-22.883185,-57.452356,-358.656084,-57.452356,802.364341,-97.70337,-21.799499,-131.510324,-21.799499,-64.196194,-158.48036,-131.510324,-158.48036,958.714465,779.991271,1.0,2.030098,1.551669,3.535308
25417.0,0.41598,-0.154236,0.896198,-0.824529,0.351695,0.443241,-0.383552,-0.923321,0.019126,555.371881,193.80254,96.756222,3.59376,3.59876,3.590482,90.002057,90.053136,89.979108,134.372781,0.076221,0.076012,80.484079,0.879781,-1102.64542,-135.111147,293.95667,-135.111147,181.287718,-252.09075,293.95667,-252.09075,1283.378747,-284.140484,-31.823218,70.190333,-31.823218,166.235939,-248.345032,70.190333,-248.345032,1209.711872,715.531508,1.0,3.634506,1.62614,2.118797
25450.0,0.36043,-0.182895,0.91468,-0.713717,0.577286,0.396672,-0.600581,-0.795796,0.077535,-254.037854,-17.9285,101.540189,3.595788,3.596645,3.590895,90.025792,90.026709,90.004064,119.21557,0.074571,0.069197,70.756078,0.797872,-679.479109,-514.901338,233.16688,-514.901338,448.72606,-29.730828,233.16688,-29.730828,683.552292,-247.28368,207.968537,214.123985,207.968537,180.414205,-90.37019,214.123985,-90.37019,944.718994,772.648702,1.0,3.619925,1.166175,0.935205
25930.0,-0.201666,-0.041201,-0.978587,0.965255,0.161147,-0.205703,0.166172,-0.98607,0.007271,496.356875,24.785467,-170.01912,3.592968,3.599654,3.586189,89.960756,90.065147,89.987425,176.532656,0.076659,0.08228,72.948661,0.940217,-2257.310339,62.269145,534.313902,62.269145,-54.33423,-309.333489,534.313902,-309.333489,1506.968511,-211.304397,-191.567956,149.422913,-191.567956,-226.961258,-73.395133,149.422913,-73.395133,1514.538524,851.665814,1.0,3.642671,1.199224,2.861004
28458.0,-0.369792,-0.388556,0.843966,-0.648541,0.7584,0.064998,-0.665319,-0.52331,-0.532445,-112.441761,270.762449,-175.578732,3.595436,3.594021,3.595593,89.962665,89.941391,89.968148,111.966393,0.060283,0.063217,103.512932,0.988764,-54.277355,18.310855,-237.411922,18.310855,-83.47418,120.490382,-237.411922,120.490382,1069.109231,171.371532,-20.327814,27.852179,-20.327814,303.122801,-48.889052,27.852179,-48.889052,1015.925136,585.052972,1.0,3.610363,0.913384,0.994386
27825.0,0.252502,-0.421238,-0.871092,0.506413,0.824651,-0.251988,0.824493,-0.377505,0.421546,-361.506881,449.170189,37.924712,3.596842,3.59376,3.595491,89.951545,89.970454,89.996251,103.256669,0.060002,0.057093,87.439227,0.989474,570.974442,-173.801018,-106.682908,-173.801018,-3.121392,511.560984,-106.682908,511.560984,654.054815,-76.733811,-4.574193,55.45715,-4.574193,167.163241,242.085561,55.45715,242.085561,844.405185,501.13573,1.0,0.91573,0.760664,2.804385
25107.0,-0.176501,-0.925746,-0.334426,0.403471,-0.37795,0.833286,-0.897808,0.012145,0.44022,220.05894,409.314653,-138.33492,3.596847,3.59674,3.595387,90.058568,90.051274,90.050846,110.832462,0.056484,0.06194,102.57986,0.98913,233.749535,695.31447,-197.611333,695.31447,690.035964,33.747735,-197.611333,33.747735,1098.836507,-144.146818,-13.171367,114.825194,-13.171367,196.424417,-39.325567,114.825194,-39.325567,1132.891585,461.769175,1.0,4.99398,1.135647,2.00017
25142.0,-0.356602,0.176113,-0.917507,0.734825,0.659346,-0.15904,0.576946,-0.730922,-0.364536,359.209366,-393.724678,-151.713668,3.595443,3.596274,3.594097,89.976631,89.977012,90.081528,101.028105,0.06315,0.059269,76.60275,0.956044,275.755139,-205.346338,-369.098044,-205.346338,-259.760433,-119.631636,-369.098044,-119.631636,1127.400406,-292.328953,-156.928605,-176.425938,-156.928605,-46.100803,-153.340407,-176.425938,-153.340407,1211.715947,413.193937,1.0,3.523249,1.114953,4.725916
30193.0,0.656437,0.611052,-0.442387,0.241822,0.385032,0.890658,0.714571,-0.69164,0.104983,374.055563,396.414419,159.114206,3.596915,3.594891,3.593926,89.963937,90.023564,90.046371,159.103836,0.076925,0.082047,63.879095,0.794444,90.23628,52.300775,450.94775,52.300775,147.584942,-288.889928,450.94775,-288.889928,883.715639,160.197379,-72.883078,105.592125,-72.883078,179.80978,-96.749681,105.592125,-96.749681,1149.585074,1059.737916,1.0,4.884023,1.943931,2.473385
29982.0,0.89734,0.059521,-0.437307,0.418942,0.196763,0.886438,0.138807,-0.978643,0.151628,504.057836,-400.81249,63.472175,3.592359,3.598845,3.599877,90.02036,90.015865,89.992712,205.785124,0.104057,0.103197,71.322031,0.852632,102.39468,-855.798351,-387.266962,-855.798351,1130.555239,32.580626,-387.266962,32.580626,1377.479815,-212.89989,97.186075,-69.087867,97.186075,-44.758001,-213.763912,-69.087867,-213.763912,1584.392451,819.580704,1.0,3.602594,1.465619,2.339889
25443.0,0.430465,0.902594,0.004892,-0.876579,0.416754,0.240677,0.215195,-0.107891,0.970593,-269.32587,-225.395333,76.962994,3.594609,3.596278,3.597616,90.014829,89.973626,89.980116,59.989613,0.050807,0.046863,129.358409,0.984293,710.209491,63.968688,-32.552919,63.968688,76.223987,-26.349632,-32.552919,-26.349632,1106.06557,299.106094,15.608931,39.399624,15.608931,248.612257,65.238742,39.399624,65.238742,1030.687139,452.530453,1.0,3.599891,1.418582,3.000696
25159.0,-0.405956,0.368171,-0.836451,0.834966,0.521502,-0.175692,0.371526,-0.769731,-0.519117,345.595596,-415.513736,122.390372,3.596837,3.595069,3.59702,89.929947,89.911042,90.035964,176.795006,0.078131,0.088937,72.33395,0.792553,1030.96958,-910.356051,219.499869,-910.356051,69.520709,-126.870755,219.499869,-126.870755,908.053046,133.269967,105.276785,-89.79709,105.276785,-418.786943,18.479401,-89.79709,18.479401,997.179237,873.957443,1.0,3.121269,0.243115,2.035537
25492.0,0.379076,0.002793,0.925361,-0.785189,0.530135,0.320054,-0.489673,-0.847909,0.203154,-134.010399,-150.565814,46.545842,3.595327,3.597047,3.593963,90.028508,90.00716,89.971086,58.911311,0.061196,0.055395,128.796632,0.989362,27.575728,-146.013126,64.821543,-146.013126,229.414629,-76.692567,64.821543,-76.692567,1033.126951,137.243674,2.638984,-24.802164,2.638984,166.978262,-233.904949,-24.802164,-233.904949,1105.916434,204.857296,1.0,4.919424,2.116614,2.691905
25177.0,-0.33921,0.452553,-0.824701,0.716908,0.691985,0.084852,0.609081,-0.562452,-0.559167,119.646302,-97.890485,-51.495769,3.594116,3.595462,3.593958,89.953964,90.072684,90.031906,113.333977,0.063759,0.061043,84.801942,0.972222,-462.834018,274.870672,38.117389,274.870672,-67.30242,-102.176359,38.117389,-102.176359,1039.689321,-239.268648,24.935008,-29.568308,24.935008,2.437759,-39.850811,-29.568308,-39.850811,1168.307829,879.522579,1.0,1.986973,1.372289,4.892486
28426.0,0.474797,-0.362512,-0.801968,0.651783,0.75715,0.043628,0.591394,-0.543424,0.595771,131.13327,-109.08372,-11.809224,3.59653,3.594515,3.594331,90.070409,89.985683,90.006321,71.86382,0.057709,0.054253,114.938103,0.99435,-169.130513,488.849065,48.769123,488.849065,320.976403,-0.899053,48.769123,-0.899053,870.230643,233.963198,38.806635,56.962049,38.806635,271.4323,-138.580298,56.962049,-138.580298,1078.799734,295.285222,1.0,1.903787,1.366218,3.665308
27368.0,0.105042,-0.430037,0.89668,0.24227,0.885568,0.396327,-0.964506,0.175608,0.197206,375.510839,230.092314,127.769373,3.598273,3.594669,3.596727,89.987547,90.038373,90.032366,80.821142,0.058858,0.054522,99.220383,0.984211,564.053686,213.171376,168.1507,213.171376,253.37276,178.683693,168.1507,178.683693,1399.544982,57.697073,-68.490664,31.093144,-68.490664,121.176051,32.737982,31.093144,32.737982,1333.763732,441.14149,1.0,2.531442,0.188361,2.627303
25708.0,0.221053,0.946344,0.235732,-0.512332,-0.09299,0.853738,0.82985,-0.309494,0.464287,373.855264,304.369395,-5.927843,3.597657,3.59487,3.596102,89.985209,89.960217,90.026017,52.808611,0.054643,0.046009,121.028486,1.0,325.457623,221.225036,167.71539,221.225036,377.089347,-88.322397,167.71539,-88.322397,1225.130147,36.165892,-23.579439,185.34499,-23.579439,196.94299,-54.743119,185.34499,-54.743119,1295.514288,289.725707,1.0,4.658041,0.932571,2.313948
26896.0,0.036267,0.091267,0.995166,-0.176956,0.980671,-0.083489,-0.98355,-0.173072,0.051716,282.404669,102.307645,97.237196,3.599282,3.594595,3.59246,89.991566,89.994665,89.986851,88.759877,0.061441,0.057509,95.517886,0.989011,-375.838192,106.157891,-146.011267,106.157891,179.464281,130.413431,-146.011267,130.413431,1486.321444,-119.566464,205.516167,6.42295,205.516167,10.496592,135.512443,6.42295,135.512443,1584.657675,568.547058,1.0,0.428137,1.453947,3.406311
30173.0,0.197165,0.883691,-0.424519,0.036272,0.426147,0.903927,0.979699,-0.193621,0.051968,395.960884,-261.111068,-165.03931,3.598374,3.592218,3.587942,89.889136,89.980033,90.010832,169.379142,0.069079,0.07413,86.237065,0.989583,-1405.173386,1082.998575,331.945418,1082.998575,-684.787228,-26.854425,331.945418,-26.854425,1207.030889,-299.848809,-101.867299,-5.01284,-101.867299,-102.864374,-0.161044,-5.01284,-0.161044,1400.182225,465.495335,1.0,1.309288,2.26778,3.799347
26698.0,0.049677,-0.958973,-0.279111,0.743451,-0.151107,0.651496,-0.666943,-0.23987,0.705443,-49.492958,240.796898,94.951917,3.594636,3.595189,3.592619,90.019379,90.107097,89.993398,138.094622,0.062556,0.066099,84.178552,0.944134,232.489767,345.275024,78.290997,345.275024,-916.052597,-295.48685,78.290997,-295.48685,888.722112,-26.147464,83.839905,-21.996818,83.839905,-47.336857,-159.267805,-21.996818,-159.267805,1105.370475,847.353327,1.0,1.487098,1.519057,4.538205
29882.0,0.796249,0.448134,-0.406404,0.396906,0.120017,0.909979,0.456567,-0.885874,-0.082304,-303.508986,-439.565999,-152.115627,3.594961,3.597547,3.593344,89.943992,90.001479,89.994608,110.14842,0.063775,0.062724,83.033916,0.983871,229.087168,386.299606,-162.795514,386.299606,35.095002,-460.922012,-162.795514,-460.922012,890.799319,-0.167206,197.660359,-180.45586,197.660359,61.066515,-90.067342,-180.45586,-90.067342,1048.239221,595.370297,1.0,3.546353,0.787748,4.367138
26974.0,-0.031949,0.981677,-0.187856,-0.871048,0.064826,0.486901,0.490157,0.179188,0.853017,226.959181,-32.187153,30.774213,3.594375,3.590336,3.597739,89.967774,89.976992,90.020087,181.049787,0.080774,0.094971,66.550071,0.780105,-1008.290578,153.806317,-229.305762,153.806317,216.438699,336.388176,-229.305762,336.388176,1000.149325,-779.026094,-210.784383,208.904863,-210.784383,143.880144,239.384246,208.904863,239.384246,1237.303684,918.427668,1.0,0.415652,1.504286,3.132109
27253.0,0.207753,-0.198123,-0.957907,0.863472,0.497283,0.084419,0.459625,-0.844664,0.274385,-16.402641,-9.710892,-148.017005,3.594161,3.598046,3.592812,90.009693,89.968457,90.056453,160.770771,0.0993,0.089479,63.462217,0.751323,-330.549842,-223.984702,241.390057,-223.984702,-53.192075,-145.899385,241.390057,-145.899385,1306.696235,-407.189566,-469.335613,160.960976,-469.335613,-168.963746,-90.376924,160.960976,-90.376924,1305.49766,1036.821367,1.0,3.561623,1.653193,2.665712
26015.0,-0.171019,-0.985127,-0.016634,0.973013,-0.171523,0.154354,-0.154911,0.010212,0.987876,191.634673,-135.044356,-174.395469,3.594977,3.593363,3.59721,89.966503,89.930979,89.971053,208.691788,0.074222,0.098278,71.2521,0.840659,-38.260556,-381.111805,-352.365051,-381.111805,381.656365,620.534823,-352.365051,620.534823,726.587002,176.071801,-49.771369,-264.598715,-49.771369,-395.406373,-31.57134,-264.598715,-31.57134,1153.187086,1132.651491,1.0,4.73915,0.244289,3.523081
25610.0,0.391942,0.708959,0.586309,-0.916933,0.352942,0.186186,-0.074935,-0.610581,0.788401,-154.908734,48.132395,90.867696,3.594732,3.595365,3.597397,90.051876,89.980888,89.998983,101.055476,0.05956,0.057769,77.808002,0.963158,279.846276,-110.730354,217.304184,-110.730354,156.71741,-121.650948,217.304184,-121.650948,1175.009591,246.1894,8.860308,8.831931,8.860308,200.671604,-108.263053,8.831931,-108.263053,1268.629464,501.300011,1.0,5.053091,1.465422,2.078117
27258.0,-0.11914,-0.151074,0.981317,-0.901558,0.430498,-0.043182,-0.415932,-0.889858,-0.187492,213.234371,-235.235856,136.822066,3.595237,3.599064,3.593364,89.993738,90.025341,89.984584,108.448791,0.061146,0.056602,83.445924,0.963542,-65.206475,182.310049,300.888424,182.310049,444.611671,-371.982224,300.888424,-371.982224,1280.322737,207.699305,80.653958,106.823184,80.653958,84.832887,-51.31039,106.823184,-51.31039,1364.659683,568.354532,1.0,3.509816,0.549058,1.220316
25336.0,-0.385954,-0.890271,-0.24178,0.918113,-0.396266,-0.006472,-0.090048,-0.224479,0.970309,-317.940948,49.078019,167.226964,3.595552,3.595085,3.596509,90.016009,90.004895,89.991192,66.989744,0.0593,0.059864,99.632332,0.994792,356.865965,-101.339718,52.598747,-101.339718,383.064974,-10.905951,52.598747,-10.905951,775.215774,220.1568,55.184217,-111.53869,55.184217,490.998578,-127.754046,-111.53869,-127.754046,920.854264,446.165246,1.0,1.878281,0.662591,3.263709
25349.0,-0.369242,-0.666791,-0.64734,0.895651,-0.069495,-0.439295,0.247931,-0.741997,0.622873,-359.120089,288.430899,-112.849519,3.59421,3.594208,3.594808,90.100461,90.025553,90.062883,115.165255,0.059777,0.062095,79.891161,0.972826,-978.926025,158.241921,-97.666948,158.241921,308.134812,-19.335941,-97.666948,-19.335941,1093.283602,-71.92652,41.53457,90.207826,41.53457,351.768293,84.290656,90.207826,84.290656,924.054627,464.789362,1.0,5.063229,1.312785,3.303337
25364.0,-0.286082,0.582836,-0.760565,0.730881,0.646025,0.220145,0.619653,-0.492904,-0.6108,447.597737,-184.632533,87.988909,3.597784,3.59496,3.598004,89.951025,90.012313,90.027775,104.345754,0.057372,0.05693,89.470269,0.971591,504.175083,-453.396391,172.517406,-453.396391,613.482967,50.607063,172.517406,50.607063,1399.573854,116.279077,-17.259121,-129.473786,-17.259121,374.23336,105.950854,-129.473786,105.950854,1378.817103,549.831653,1.0,1.370462,1.745521,3.451738
25660.0,0.374777,0.077832,0.923842,-0.921437,0.141388,0.361889,-0.102453,-0.98689,0.124706,34.688106,-357.464548,-75.030503,3.592195,3.59898,3.593313,90.046757,89.965125,89.969442,103.649753,0.063411,0.059528,113.541052,0.984536,-30.04019,-162.65386,144.06543,-162.65386,-710.462097,81.851008,144.06543,81.851008,1515.64446,-38.693082,-69.37764,-58.770364,-69.37764,-34.562594,-19.324505,-58.770364,-19.324505,1362.544979,490.789179,1.0,5.308618,0.898387,2.819116
30187.0,0.197648,-0.37563,0.905449,0.036411,0.925846,0.376143,-0.979597,-0.041376,0.196669,429.820065,472.255676,57.278277,3.599049,3.594898,3.591942,89.997156,90.050407,90.005125,104.309833,0.058921,0.064781,83.495366,1.0,-519.527211,-309.392626,-15.322782,-309.392626,165.000943,101.923806,-15.322782,101.923806,1519.653376,-190.178008,-100.710182,-165.84099,-100.710182,241.051463,205.754508,-165.84099,205.754508,1572.722655,671.751662,1.0,4.43064,2.227867,2.242758
30226.0,0.914744,-0.367452,0.167996,0.347542,0.927654,0.136649,-0.206054,-0.066613,0.976271,-285.20961,-204.773355,-55.074186,3.594182,3.595304,3.595813,90.000526,90.017305,89.991682,147.532104,0.073388,0.078182,81.459295,0.82199,38.764877,-71.904791,-44.785881,-71.904791,387.010811,-25.419844,-44.785881,-25.419844,575.759968,-42.350009,45.855742,-165.934245,45.855742,199.885483,32.945692,-165.934245,32.945692,922.268847,689.409005,1.0,3.975469,1.325649,1.415375
29597.0,-0.592479,0.729258,-0.342273,-0.476923,0.024891,0.878593,0.649241,0.683786,0.333052,-157.002245,174.318509,13.984063,3.595833,3.595441,3.593851,89.979953,90.009703,89.943789,107.739209,0.058312,0.058299,71.582455,0.934783,-130.766624,126.669222,79.27667,126.669222,179.05851,-243.465025,79.27667,-243.465025,904.383984,171.855952,18.923361,-45.951987,18.923361,42.606454,-211.700186,-45.951987,-211.700186,960.82383,629.996609,1.0,2.253658,0.218283,4.399714
25841.0,0.237715,0.044462,0.970317,-0.649042,0.750477,0.124618,-0.722659,-0.6594,0.207257,79.485045,-147.86622,-86.105479,3.597129,3.595255,3.594615,90.030123,90.012691,89.957486,147.0748,0.083701,0.088601,68.519402,0.808989,172.711427,-172.864938,42.611201,-172.864938,200.816209,203.001593,42.611201,203.001593,1100.440494,85.4697,-130.957434,-113.472123,-130.957434,-73.334417,58.451908,-113.472123,58.451908,1348.38903,847.827891,1.0,3.513075,1.231257,0.759489
30267.0,0.936298,-0.024951,-0.350318,0.346154,0.234129,0.908494,0.059351,-0.971885,0.227851,188.791543,-397.86005,-96.827794,3.593546,3.597345,3.593844,90.028605,90.060895,90.015039,114.783201,0.053111,0.055905,75.900083,0.78534,262.20948,-421.821845,-47.128443,-421.821845,-433.993849,-44.221303,-47.128443,-44.221303,1015.63821,-117.279318,-26.093716,-164.71459,-26.093716,81.391513,63.665589,-164.71459,63.665589,1209.296817,601.862971,1.0,1.698527,1.362026,3.972731
25383.0,-0.201537,-0.556496,-0.806037,0.560969,0.609013,-0.56073,0.80293,-0.565169,0.189438,-115.916091,-232.830937,-139.68613,3.594638,3.59568,3.594923,89.967578,89.954032,90.066212,120.844176,0.058456,0.063261,76.362109,0.941799,601.156281,2.50405,95.756551,2.50405,-503.362962,-223.604138,95.756551,-223.604138,886.299267,418.843405,84.96711,127.38782,84.96711,0.671785,-120.253853,127.38782,-120.253853,845.491974,728.215978,1.0,5.320198,1.380207,2.184124
30248.0,-0.737059,0.574868,-0.355346,-0.369477,0.097506,0.92411,0.56589,0.812416,0.140533,-100.042508,-35.548926,-20.851942,3.598269,3.597853,3.59331,90.009223,90.008603,90.026828,91.558191,0.061298,0.058777,109.703307,1.0,1195.36429,514.519933,118.589875,514.519933,90.018429,-227.916068,118.589875,-227.916068,866.087261,371.681894,264.086773,84.330084,264.086773,-37.391922,-119.683302,84.330084,-119.683302,1098.809595,433.411446,1.0,3.509627,1.340926,3.0806
29757.0,-0.782571,0.571177,-0.247667,-0.553278,-0.455691,0.697302,0.285423,0.682717,0.67263,73.434009,398.837741,-68.67596,3.593773,3.595863,3.596724,89.976514,89.96628,89.994176,109.930798,0.065823,0.072031,98.593848,0.98913,215.267623,-306.603056,-60.420033,-306.603056,152.74216,162.354336,-60.420033,162.354336,928.185498,129.459367,-60.032788,-140.89417,-60.032788,343.314493,9.594313,-140.89417,9.594313,953.261024,622.663655,1.0,2.018061,0.562938,4.598756
25764.0,0.346702,0.894831,0.281205,-0.93461,0.304194,0.18431,0.079385,-0.326718,0.941782,298.788676,190.428429,-57.574485,3.593825,3.595926,3.598405,89.989845,89.956729,90.041601,122.508704,0.05566,0.05696,83.981456,0.931579,440.961377,437.859074,380.159079,437.859074,162.320697,-263.291253,380.159079,-263.291253,1192.517544,235.948829,-31.261992,94.938749,-31.261992,12.909131,17.123438,94.938749,17.123438,1287.156062,547.189235,1.0,1.772342,1.615104,3.578712
30374.0,0.806626,-0.343252,0.481177,0.261168,0.937292,0.230814,-0.530231,-0.060512,0.845691,98.186361,472.829324,153.507403,3.595497,3.591641,3.596546,90.025935,90.052946,89.97763,136.332892,0.061181,0.069703,75.524515,0.972527,-6.992141,279.321721,-2.448485,279.321721,-540.95629,-203.780504,-2.448485,-203.780504,1099.247235,-164.370579,30.771745,35.208192,30.771745,-67.025896,-16.807303,35.208192,-16.807303,1261.669024,657.562121,1.0,2.150978,0.342904,2.903234
26310.0,0.16299,-0.124061,0.978797,-0.89139,0.406729,0.199987,-0.422916,-0.905086,-0.044293,493.540944,-221.10504,-76.923628,3.595237,3.597926,3.587652,89.941034,90.087263,89.951855,158.509149,0.104123,0.094752,81.124088,0.854839,-2023.645945,455.990182,2.816298,455.990182,460.193814,-57.931182,2.816298,-57.931182,1315.133799,209.274427,111.658213,-29.899796,111.658213,206.104787,-127.593971,-29.899796,-127.593971,1389.336803,592.198503,1.0,5.06792,1.282762,3.166052
30338.0,-0.297169,0.892551,-0.33918,-0.16966,0.300216,0.938662,0.939631,0.336487,0.062215,441.022905,-98.783372,125.244803,3.599228,3.590986,3.591938,89.949175,90.004768,89.984351,124.694195,0.064064,0.059908,87.62237,0.989071,-927.414712,333.675312,-556.87288,333.675312,-262.385107,-207.416679,-556.87288,-207.416679,1315.005094,-11.251056,-49.258846,-112.529738,-49.258846,-102.575146,-138.302422,-112.529738,-138.302422,1362.638656,562.524322,1.0,4.739954,1.404392,2.613052
25819.0,0.303208,0.653477,0.693565,-0.853826,-0.136881,0.502239,0.423138,-0.744467,0.516452,-122.132395,88.257466,160.529729,3.594873,3.597757,3.595665,90.023105,89.980124,90.043339,116.278329,0.072711,0.065389,74.104035,0.983871,459.566374,108.447184,-216.502416,108.447184,131.646284,-29.311001,-216.502416,-29.311001,1243.578997,287.65135,18.548599,-87.749849,18.548599,251.143085,-17.223732,-87.749849,-17.223732,1265.838456,706.377529,1.0,3.488338,1.508541,1.226919
25501.0,-0.327674,-0.710436,-0.622825,0.917231,-0.397269,-0.029411,-0.226534,-0.580911,0.781808,283.808146,479.707932,-39.553787,3.590706,3.593056,3.595004,90.11684,89.971392,89.928385,183.999284,0.062073,0.074467,64.344531,0.867403,-605.238201,-533.306257,74.738796,-533.306257,-1278.348452,326.116934,74.738796,326.116934,1064.273996,260.172025,172.185892,-68.750621,172.185892,-108.920641,-32.418885,-68.750621,-32.418885,1049.826086,751.823888,1.0,2.468339,0.853318,5.519011
26732.0,0.059694,-0.156879,-0.985812,0.865518,0.500139,-0.027181,0.497308,-0.851616,0.165637,-201.220786,-286.174659,-148.956122,3.592788,3.598035,3.593504,89.997862,90.004748,90.049428,111.866012,0.065496,0.061682,68.034836,0.932292,-61.171916,-37.28393,253.184775,-37.28393,-316.234679,-415.769344,253.184775,-415.769344,1108.010749,-11.520345,-134.557846,254.501748,-134.557846,11.66419,-413.02085,254.501748,-413.02085,966.580674,586.972859,1.0,1.690873,2.3818,4.40322
27272.0,0.139715,-0.302176,-0.942958,0.467945,0.859398,-0.206065,0.872644,-0.412462,0.261473,-158.111674,-116.191331,-177.654243,3.594693,3.595211,3.592065,90.038164,89.923579,90.066186,150.704531,0.060848,0.070412,70.429799,0.883978,-733.306431,-231.515248,-244.244291,-231.515248,-179.423559,-475.190639,-244.244291,-475.190639,985.848772,-266.126297,160.420779,113.638277,160.420779,135.487332,-61.778146,113.638277,-61.778146,1114.994352,765.15044,1.0,4.759576,0.673235,3.513417
25812.0,0.33052,0.806506,0.490209,-0.93567,0.348029,0.058281,-0.123603,-0.477937,0.869654,480.939485,175.310111,-36.106277,3.592801,3.594629,3.600165,89.966034,90.010242,90.048081,173.476301,0.096001,0.099176,59.430704,0.744681,499.258339,573.400572,903.829879,573.400572,57.441624,4.548205,903.829879,4.548205,1083.344768,125.449602,-20.50482,70.673432,-20.50482,-157.553365,4.308773,70.673432,4.308773,1248.511348,713.049807,1.0,4.927537,1.306248,2.012332
25854.0,0.286346,0.733935,0.61591,-0.840197,-0.116623,0.529592,0.460516,-0.669132,0.583256,488.522127,303.875531,27.722015,3.595558,3.594029,3.591168,90.128004,89.976432,90.044135,165.921637,0.081527,0.074502,73.758002,0.919786,-1331.681799,-540.772544,-210.195373,-540.772544,-7.955399,-185.055236,-210.195373,-185.055236,1073.783352,156.395232,151.420792,-34.062868,151.420792,-82.822059,-169.047546,-34.062868,-169.047546,1255.333898,870.679798,1.0,2.741907,0.853188,5.236131
25515.0,-0.239121,-0.925677,0.293162,0.719169,0.034014,0.694002,-0.652393,0.376784,0.657585,-243.630931,403.588776,-143.27151,3.594744,3.594139,3.595722,89.998715,90.015156,90.058856,97.106242,0.066035,0.061087,93.711352,1.0,-100.926681,393.911905,-112.360399,393.911905,208.834516,-4.990226,-112.360399,-4.990226,700.077177,16.915491,-65.7973,249.417746,-65.7973,181.587178,-26.747744,249.417746,-26.747744,840.380902,569.496336,1.0,1.689132,0.516295,3.394665
25536.0,-0.257577,0.178449,-0.949637,0.776972,0.622513,-0.093765,0.574429,-0.761993,-0.298994,238.873473,-317.78456,-176.627038,3.59737,3.595816,3.593332,89.973336,89.998662,89.997014,94.494637,0.055197,0.054794,103.381767,0.98913,-137.135964,-298.543648,-101.858787,-298.543648,784.365972,137.541566,-101.858787,137.541566,693.144898,29.870299,4.214585,25.022606,4.214585,169.492262,-98.056643,25.022606,-98.056643,958.185106,234.122399,1.0,2.280983,0.948065,2.538811
29879.0,0.317904,0.891712,-0.322159,0.125139,0.297351,0.946532,0.939828,-0.341221,-0.017059,585.321586,33.166499,38.407107,3.597298,3.590329,3.594338,90.016053,90.060304,90.090703,176.32189,0.105638,0.112284,67.433265,0.723757,-943.101148,-668.390354,155.964521,-668.390354,-226.502294,-399.30567,155.964521,-399.30567,1241.486024,-409.647289,-76.716462,217.715863,-76.716462,-246.918295,18.162438,217.715863,18.162438,1460.460646,836.616678,1.0,4.810808,1.874435,2.495631
25550.0,-0.308546,-0.657315,-0.687558,0.918022,-0.01651,-0.396185,0.249067,-0.753435,0.608524,112.355237,-269.380885,44.223254,3.59224,3.595603,3.596365,90.068072,90.001726,90.096848,149.586912,0.079918,0.079195,70.089148,0.831522,-401.797258,674.768894,-139.879546,674.768894,-253.900794,144.055967,-139.879546,144.055967,1351.179852,195.455777,-18.597053,90.021607,-18.597053,162.253374,-133.817406,90.021607,-133.817406,1152.204203,682.667446,1.0,3.469652,1.587856,1.919065
29468.0,-0.434284,0.847982,-0.303849,-0.399233,0.121182,0.908806,0.807472,0.515986,0.285915,-85.808666,471.948845,-58.141671,3.597104,3.595324,3.595124,89.948186,90.031379,89.949758,74.704396,0.05236,0.048671,120.190808,1.0,-144.724951,336.246391,173.460524,336.246391,685.060465,-163.5448,173.460524,-163.5448,1086.938814,135.600004,209.489855,1.368377,209.489855,254.666825,-96.354824,1.368377,-96.354824,1019.61255,516.200972,1.0,5.23514,0.916597,2.822327
25563.0,-0.273294,-0.595144,-0.75572,0.835195,-0.536583,0.120534,-0.477242,-0.598232,0.643707,325.502266,-223.996526,41.428464,3.596864,3.597223,3.599911,90.008586,89.972443,89.92532,107.460873,0.068912,0.063069,94.909516,0.972222,1588.371083,-458.552664,-45.730776,-458.552664,338.756031,86.179224,-45.730776,86.179224,1493.921645,295.229728,8.255772,40.372769,8.255772,444.524942,49.640972,40.372769,49.640972,1346.408939,449.008491,1.0,3.464248,1.280835,1.002182
25565.0,-0.317109,-0.731145,-0.604044,0.943739,-0.306262,-0.124737,-0.093795,-0.609615,0.787129,-195.308895,-119.164671,158.818006,3.595647,3.593072,3.595059,90.112358,90.03456,90.014163,115.030728,0.062872,0.060735,69.420241,0.877005,-996.788894,-210.153842,-13.646071,-210.153842,483.903888,-116.065886,-13.646071,-116.065886,1088.851416,4.22356,75.27117,-152.43302,75.27117,268.343237,-51.292288,-152.43302,-51.292288,984.499297,493.451066,1.0,4.554225,0.871464,3.814962
30155.0,0.866552,-0.389007,-0.312667,0.347406,0.020364,0.937494,-0.358325,-0.92101,0.15279,444.38445,-305.845133,-114.651931,3.598423,3.597995,3.589589,90.0037,90.098244,90.029717,175.105749,0.139374,0.121763,61.372896,0.778947,1631.397174,159.344294,29.132275,159.344294,-1466.136128,5.951812,29.132275,5.951812,1031.627779,-91.221915,-153.441386,185.894186,-153.441386,-371.028224,-26.501315,185.894186,-26.501315,1295.118938,989.62207,1.0,4.91603,0.664656,3.294255
25884.0,0.299024,0.42235,0.85569,-0.918496,0.370537,0.138083,-0.258746,-0.827238,0.498726,-69.472966,-414.921065,-140.67178,3.592862,3.59584,3.595359,90.05993,90.06231,89.996233,142.153486,0.068345,0.068885,84.367723,0.983957,-280.598721,411.327662,295.222977,411.327662,-100.120003,46.78779,295.222977,46.78779,1036.584762,-136.712285,135.954129,87.350284,135.954129,58.805009,-35.067409,87.350284,-35.067409,940.014818,793.789619,1.0,1.847347,1.551466,3.954974
25605.0,-0.306367,-0.790358,-0.530541,0.951515,-0.23814,-0.194701,0.027541,-0.564468,0.824995,95.73344,142.261507,-151.826226,3.594891,3.595108,3.595842,90.082828,90.014539,90.005416,112.332015,0.064864,0.06718,80.035111,0.989011,-283.309643,-75.342807,192.347687,-75.342807,290.506364,-45.085467,192.347687,-45.085467,1143.915757,51.493763,114.08879,194.188813,114.08879,144.524675,71.294334,194.188813,71.294334,1196.837272,685.993087,1.0,1.730787,1.048668,3.444735
25609.0,-0.297996,-0.949952,0.093755,0.93888,-0.273949,0.20846,-0.172343,0.150145,0.973527,275.369032,250.758494,115.127067,3.593596,3.593092,3.598717,90.026044,90.021426,90.011186,154.009345,0.078259,0.081599,66.008211,0.93617,-203.117352,116.495531,402.637299,116.495531,-30.26777,165.877757,402.637299,165.877757,1263.96915,-242.856411,26.635847,-48.489352,26.635847,-5.236707,107.315834,-48.489352,107.315834,1369.590131,613.158829,1.0,5.064115,0.600602,3.092841
25912.0,0.300985,0.303477,0.904052,-0.951372,0.030371,0.306545,0.065572,-0.952355,0.29786,474.731538,183.692715,119.484399,3.592756,3.599317,3.593004,89.980297,89.978386,90.002668,125.169116,0.076082,0.067985,72.025733,0.924731,99.094204,-81.543125,-607.376643,-81.543125,-415.553769,-166.041711,-607.376643,-166.041711,1256.033136,-189.836944,91.828634,-28.246432,91.828634,98.124274,134.7145,-28.246432,134.7145,1308.540407,553.343523,1.0,2.718946,0.230612,5.429062
25633.0,-0.292662,-0.210707,-0.932712,0.954194,-0.000956,-0.299187,0.062149,-0.977549,0.201335,-308.381001,-386.533591,66.382372,3.595508,3.597855,3.592612,90.036314,90.018038,89.98528,65.026302,0.054637,0.050975,129.78173,0.98913,-419.397979,-144.393279,63.432343,-144.393279,464.72266,-190.701656,63.432343,-190.701656,1143.900448,-35.128849,-4.434269,64.192282,-4.434269,242.926815,2.505584,64.192282,2.505584,1032.233651,244.204776,1.0,1.897709,1.268346,3.072848
25649.0,-0.162759,-0.199577,-0.96627,0.602502,0.755432,-0.257515,0.781345,-0.624093,-0.002708,-218.54569,-116.557353,-56.551377,3.596177,3.596686,3.59512,90.004499,90.018562,90.031612,55.807174,0.051069,0.048705,101.33723,0.994413,280.403849,86.822422,130.500399,86.822422,509.089185,-99.629933,130.500399,-99.629933,958.342301,248.209373,32.888835,0.637637,32.888835,561.180537,-79.240536,0.637637,-79.240536,859.792545,253.019563,1.0,1.978434,0.885262,2.967818
27569.0,0.091197,0.953748,-0.28644,0.134962,0.273147,0.952458,0.986645,-0.12552,-0.10381,315.818612,493.229767,108.98453,3.599145,3.592101,3.592709,90.046006,89.988303,90.046936,104.090683,0.084225,0.066016,106.641724,0.989583,-328.240469,-413.352934,-204.354948,-413.352934,-524.209904,294.653409,-204.354948,294.653409,1479.147987,-86.622637,-43.035894,11.757946,-43.035894,-10.848159,115.23068,11.757946,115.23068,1468.211809,353.448199,1.0,4.97284,1.573504,2.244769
25669.0,-0.198657,0.520326,-0.83054,0.716406,0.655385,0.239235,0.668804,-0.547478,-0.502961,292.656212,-241.144792,61.621519,3.596695,3.594753,3.589494,89.951631,90.095362,90.000712,164.496359,0.080243,0.07857,76.807127,0.938889,-1389.435256,570.394928,-224.378751,570.394928,271.835195,406.636766,-224.378751,406.636766,905.054653,-196.004585,29.254453,-64.998816,29.254453,371.11226,142.150268,-64.998816,142.150268,1269.213714,652.456508,1.0,3.433726,1.674793,1.697336
29629.0,0.467074,0.838723,-0.279975,0.264569,0.169566,0.949342,0.843709,-0.517486,-0.1427,-176.443884,-424.920414,137.374337,3.597157,3.592287,3.593679,90.058338,90.033485,90.073176,105.258093,0.060322,0.05396,89.654859,1.0,-308.86982,-617.243153,327.13746,-617.243153,-373.110664,285.004046,327.13746,285.004046,1076.591511,213.671725,-96.455058,154.385809,-96.455058,153.829026,-48.753456,154.385809,-48.753456,1110.810637,430.204335,1.0,4.431933,2.097818,2.256772
25698.0,-0.216324,0.380427,-0.899155,0.792033,0.606877,0.066214,0.570866,-0.697837,-0.432592,508.132649,-385.820957,139.228111,3.596311,3.596295,3.594571,89.953787,90.016812,90.03379,79.24518,0.067203,0.057931,95.823065,0.972678,-5.903691,-125.787732,-47.142728,-125.787732,400.266427,-3.20912,-47.142728,-3.20912,1128.96989,-12.703622,84.484301,17.838248,84.484301,64.79242,-2.107516,17.838248,-2.107516,1174.24042,387.600852,1.0,1.970781,1.055669,2.896923
25706.0,-0.251376,-0.654086,-0.713429,0.902944,0.106977,-0.416231,0.348571,-0.748817,0.563712,-80.694398,364.515243,94.04621,3.592209,3.595758,3.595203,90.041272,90.001174,90.057099,84.591786,0.058576,0.055689,107.708067,1.0,-127.934138,420.875727,112.668831,420.875727,-371.674582,-94.277907,112.668831,-94.277907,907.914589,141.600628,35.840785,37.129524,35.840785,87.240246,-46.10852,37.129524,-46.10852,963.706369,325.840943,1.0,4.638881,2.018163,2.455942
27119.0,0.148469,-0.972802,-0.177799,0.722694,-0.015993,0.690983,-0.675034,-0.231084,0.700664,71.766004,484.434747,149.810375,3.59485,3.592469,3.594181,89.993905,90.105761,89.960978,134.293289,0.061694,0.063427,80.111966,1.0,-399.954436,-239.671397,-154.44213,-239.671397,-756.668413,-190.784654,-154.44213,-190.784654,1099.158136,-264.730643,-110.974025,-82.690135,-110.974025,204.175199,-110.072906,-82.690135,-110.072906,1062.121241,618.31634,1.0,4.51867,1.128078,2.410275
28209.0,0.424038,-0.184322,-0.886689,0.675295,0.716741,0.17395,0.603464,-0.672538,0.428397,-155.052389,-227.693644,-21.380733,3.59342,3.597007,3.595731,90.063232,89.971904,90.022961,109.741285,0.079258,0.064052,85.527344,0.956522,72.24355,-26.959703,-413.726295,-26.959703,124.440582,-437.021394,-413.726295,-437.021394,1042.945891,380.489747,75.575126,-10.679814,75.575126,96.674708,-124.572921,-10.679814,-124.572921,924.249447,491.469027,1.0,4.597071,1.293552,2.509615
27917.0,-0.24231,0.954247,-0.175212,-0.68865,-0.041954,0.723879,0.683408,0.296063,0.667308,416.933623,-137.133245,-144.851345,3.595064,3.592634,3.593272,89.935986,89.940221,89.920039,196.172264,0.115978,0.123597,86.333014,0.910615,-772.832636,0.121933,451.893196,0.121933,-453.257395,-271.479788,451.893196,-271.479788,1020.587731,-241.366437,-86.899157,-203.837141,-86.899157,150.355377,33.805848,-203.837141,33.805848,1372.479338,907.002626,1.0,4.647011,0.967645,2.094321
29076.0,0.522877,-0.226397,-0.821793,0.466773,0.882739,0.053803,0.713248,-0.411724,0.56724,121.690183,-243.324277,81.731937,3.597448,3.593294,3.594751,90.045532,89.986567,90.045602,97.054945,0.064034,0.060076,87.418225,0.973684,266.788893,373.709213,274.539257,373.709213,-275.874628,68.37929,274.539257,68.37929,1064.077803,185.989187,-21.58503,136.310694,-21.58503,247.721685,26.067952,136.310694,26.067952,1253.794486,368.111417,1.0,2.910709,0.991645,1.835338
26255.0,0.141039,0.238612,0.960819,-0.62497,0.77415,-0.100515,-0.767802,-0.586307,0.25831,154.171038,-254.750124,-72.271702,3.595691,3.595972,3.593654,90.017382,90.020423,89.948396,107.01867,0.063008,0.058862,79.904053,0.977901,-108.190435,51.563224,-70.185782,51.563224,104.556692,-147.865619,-70.185782,-147.865619,1009.445817,-179.143469,-10.305369,112.525265,-10.305369,204.53172,50.745967,112.525265,50.745967,1270.444035,576.435576,1.0,4.93854,1.628007,2.818088
26161.0,0.19904,0.53447,0.821416,-0.838664,0.526516,-0.139368,-0.506977,-0.661152,0.553038,-316.980116,-77.147027,-39.020022,3.595348,3.594263,3.596379,90.056531,90.084022,90.002928,112.47242,0.073937,0.06768,83.08394,0.977528,-168.543406,240.296747,594.720167,240.296747,248.098676,174.417696,594.720167,174.417696,1112.739484,535.234677,106.405962,-6.826505,106.405962,297.216178,47.079067,-6.826505,47.079067,843.175372,542.327184,1.0,2.686099,0.449157,2.217767
26682.0,0.051957,-0.085586,0.994975,-0.883148,0.461183,0.085787,-0.466208,-0.883168,-0.051624,-289.464528,476.721724,-41.813013,3.59254,3.596666,3.59566,90.007272,89.985777,89.918815,114.354352,0.065898,0.063952,86.741003,0.983957,506.787719,-37.802678,35.612074,-37.802678,-729.455108,-64.775705,35.612074,-64.775705,1102.490993,-57.200125,26.319414,26.388486,26.319414,182.001803,-76.818747,26.388486,-76.818747,1109.357802,454.839575,1.0,1.402729,0.98479,3.795765
26163.0,0.210063,0.976937,-0.038321,-0.908727,0.209556,0.360973,0.360678,-0.041004,0.931789,62.803036,-424.720723,70.312958,3.590351,3.595199,3.596867,90.047132,89.912032,89.892394,179.975954,0.089772,0.092514,69.083659,0.843243,705.809133,-597.434048,-31.982826,-597.434048,-1617.437166,81.393681,-31.982826,81.393681,1107.703374,-177.59168,-66.414855,-22.002712,-66.414855,-9.702882,5.915081,-22.002712,5.915081,1178.224372,819.108957,1.0,1.656804,1.622443,3.627296
26165.0,0.216975,0.552693,0.804644,-0.950463,-0.068336,0.303234,0.222581,-0.830578,0.510487,159.01232,-387.54223,-51.581894,3.594988,3.597276,3.594884,90.057615,90.002613,89.981853,122.232961,0.070255,0.066192,66.350096,0.771277,60.642238,-157.360548,-125.24153,-157.360548,357.512413,308.096557,-125.24153,308.096557,1096.978046,-303.489073,34.474834,-59.297339,34.474834,334.416008,121.659692,-59.297339,121.659692,1191.158973,901.876416,1.0,3.306602,0.443105,1.308408
26750.0,0.062758,-0.99295,-0.100558,0.830161,-0.003991,0.557509,-0.55398,-0.118468,0.824058,-103.166191,-42.215016,-31.485278,3.596502,3.592779,3.596484,90.001073,90.028773,90.004818,63.131294,0.059843,0.053521,103.280275,0.989247,-290.965849,48.232517,-163.725309,48.232517,490.08771,-92.3531,-163.725309,-92.3531,931.74844,-102.241543,67.062875,-149.562472,67.062875,363.429108,0.327949,-149.562472,0.327949,1112.490963,361.248296,1.0,1.541637,1.30072,3.866395
26238.0,0.173589,0.962286,0.20946,-0.815748,0.02134,0.578013,0.551744,-0.271203,0.788687,-293.975212,207.904919,-22.77461,3.595386,3.593633,3.596341,89.989909,89.945153,90.042035,98.260094,0.060278,0.059693,89.384773,0.983957,-78.841789,324.619998,176.239442,324.619998,65.020859,-128.957854,176.239442,-128.957854,1031.607411,107.109761,-50.609103,82.882125,-50.609103,514.060564,-138.355845,82.882125,-138.355845,947.914967,470.87436,1.0,1.931192,1.035045,2.879761
29905.0,0.744998,-0.196321,-0.637523,0.361669,0.921926,0.13874,0.560512,-0.333933,0.757836,94.076179,-371.056278,1.140414,3.596283,3.592484,3.596369,90.024563,89.973729,90.0452,109.890801,0.061756,0.060937,77.881788,0.994681,475.706871,48.664788,94.289983,48.664788,-530.018786,112.582836,94.289983,112.582836,1009.894712,-226.317592,-54.458683,-46.08182,-54.458683,-10.732495,167.525721,-46.08182,167.525721,1208.547871,675.647455,1.0,3.320045,0.602259,4.501713
25921.0,-0.121876,-0.988826,0.08585,0.656174,-0.015374,0.754453,-0.744702,0.148282,0.650715,-243.645258,455.78403,24.739759,3.596075,3.594187,3.597108,89.951631,90.014651,90.021118,128.494854,0.063967,0.064732,79.435873,0.983051,-20.090437,-181.056658,-287.162364,-181.056658,635.977214,182.546035,-287.162364,182.546035,961.530192,130.059906,-176.696613,96.926673,-176.696613,171.020941,65.558315,96.926673,65.558315,1062.585512,692.766765,1.0,4.498107,0.710807,2.108096
26594.0,0.065218,0.983322,-0.169778,-0.492583,0.17969,0.851512,0.867818,0.028096,0.496087,481.055531,-236.421572,72.338039,3.598195,3.592242,3.594024,89.968774,89.95662,90.031473,170.433016,0.082195,0.085532,69.979089,0.873626,-574.67178,277.652144,-95.400633,277.652144,114.196404,-319.220984,-95.400633,-319.220984,1228.371144,158.813918,74.413351,84.9791,74.413351,225.22315,-174.687992,84.9791,-174.687992,1032.522124,1079.824905,1.0,3.028289,0.86227,4.908935
26567.0,0.01523,-0.994288,-0.105639,0.784332,-0.053648,0.618017,-0.620155,-0.092268,0.779035,-169.525862,32.74193,78.682761,3.597036,3.591233,3.596704,90.060282,90.032348,90.037474,160.156876,0.078794,0.08103,65.930029,0.815217,-824.98912,516.402771,38.056436,516.402771,620.94757,-51.885083,38.056436,-51.885083,1113.714093,66.265103,-3.860724,-252.750713,-3.860724,410.089754,-52.866599,-252.750713,-52.866599,1232.892181,723.802171,1.0,3.338396,1.051711,1.538432
28985.0,0.328539,-0.191535,-0.924866,0.282251,0.954385,-0.097385,0.901331,-0.22905,0.367613,508.395789,-353.55358,154.599042,3.598078,3.590518,3.587256,90.154619,89.924202,90.034847,208.937748,0.089128,0.086993,82.656134,0.961538,-2332.640096,1006.027195,343.353399,1006.027195,-734.442173,-165.046292,343.353399,-165.046292,1434.942255,-23.186838,42.803251,228.815536,42.803251,-29.561191,166.895715,228.815536,166.895715,1336.5167,630.551858,1.0,4.596165,1.742684,2.113103
26256.0,-0.027361,-0.986998,-0.158389,0.513655,-0.149811,0.844817,-0.857561,-0.058242,0.511075,112.683425,-73.167899,116.637549,3.595973,3.595019,3.595739,90.009411,90.078158,89.998745,73.21996,0.060405,0.053237,102.359477,0.989189,285.538312,101.87385,-43.279587,101.87385,-49.09947,296.611322,-43.279587,296.611322,1162.37112,212.991596,24.713124,-22.163403,24.713124,214.894389,33.106034,-22.163403,33.106034,1130.158414,390.848093,1.0,4.817299,1.194355,1.819652
26335.0,0.165732,0.708569,0.685903,-0.958096,-0.049086,0.282209,0.233633,-0.703932,0.670742,174.55926,-385.554556,89.885215,3.59415,3.596447,3.596527,90.034602,89.972376,89.975682,54.781662,0.048881,0.041225,121.734584,1.0,512.499553,-237.49249,63.686257,-237.49249,21.675248,219.039111,63.686257,219.039111,974.776763,256.312525,9.874013,101.842859,9.874013,141.812377,27.180857,101.842859,27.180857,1091.934643,218.833703,1.0,1.312316,0.747278,3.702488
26987.0,0.064159,-0.154934,-0.985839,0.171057,0.974961,-0.142092,0.98317,-0.159519,0.089055,-335.168144,-409.558851,-70.500465,3.597558,3.594206,3.597479,90.112946,90.049723,89.960738,146.230604,0.084256,0.078531,70.084568,0.961538,721.108855,1153.385212,200.264362,1153.385212,537.221573,410.259896,200.264362,410.259896,837.812594,-156.7222,261.844441,79.608441,261.844441,316.363086,-29.950433,79.608441,-29.950433,831.55444,574.159299,1.0,3.291301,0.951079,4.616903
26172.0,-0.061294,-0.105937,-0.992482,0.62562,0.770702,-0.120902,0.777716,-0.628327,0.019037,395.012572,372.147886,167.871975,3.598446,3.595359,3.588514,89.979357,90.007037,90.036163,150.548657,0.068669,0.070111,67.762141,0.938547,-1440.467781,-323.4106,168.466721,-323.4106,385.317729,378.408509,168.466721,378.408509,1227.398197,-263.902607,81.312556,184.431444,81.312556,259.598676,4.85365,184.431444,4.85365,1235.161567,669.506572,1.0,4.855536,1.481623,1.731644
28922.0,-0.461111,0.882686,-0.090789,-0.585219,-0.225606,0.778858,0.667005,0.412271,0.620594,194.136529,-14.150481,108.087505,3.595716,3.594232,3.595632,89.992513,89.97096,89.993964,66.80173,0.057304,0.052567,98.726758,1.0,151.12342,30.796585,-182.522511,30.796585,229.929841,58.087921,-182.522511,58.087921,698.375656,244.427823,11.96582,23.212355,11.96582,154.124268,59.949971,23.212355,59.949971,982.321621,273.388505,1.0,5.198428,0.823653,2.633301
26171.0,-0.115649,-0.752231,-0.648671,0.926899,0.153019,-0.3427,0.357048,-0.640885,0.679546,-235.083581,-379.683751,-80.723095,3.594137,3.593105,3.595937,90.052134,90.01196,90.001487,141.50151,0.073512,0.071772,71.610501,0.967213,-347.871841,140.325438,-281.107187,140.325438,228.21293,-281.615016,-281.107187,-281.615016,530.614361,814.945028,497.477894,225.06632,497.477894,-166.595962,201.702471,225.06632,201.702471,622.08137,1349.218122,1.0,1.693736,1.425062,3.212918
26198.0,-0.102564,0.099062,-0.989782,0.916834,0.395403,-0.055431,0.385871,-0.91315,-0.131377,-316.447519,460.768092,-153.572886,3.5976,3.599511,3.592084,89.992211,89.948433,89.932217,212.287729,0.093192,0.104859,70.547398,0.863158,-402.876646,-466.755706,-274.882378,-466.755706,1487.390121,-672.904141,-274.882378,-672.904141,999.590444,-39.54638,191.826685,198.368473,191.826685,132.491044,-235.942216,198.368473,-235.942216,925.720662,815.030858,1.0,3.262034,1.235379,4.257004
26565.0,0.089618,0.446381,0.890344,-0.898491,0.421954,-0.121112,-0.429746,-0.789113,0.438884,4.872108,110.028284,25.599973,3.594543,3.597616,3.594949,90.048251,90.021359,89.998748,82.258291,0.061054,0.056388,93.129669,1.0,74.942258,160.492025,17.808757,160.492025,327.134212,-339.477434,17.808757,-339.477434,1102.588204,218.268076,203.330305,160.734283,203.330305,52.144327,-251.748996,160.734283,-251.748996,1062.515062,588.718745,1.0,4.768334,1.702554,2.741781
26212.0,-0.109045,0.094224,-0.989561,0.973158,0.213081,-0.086948,0.202664,-0.972481,-0.11493,304.72297,-116.904755,90.749977,3.59344,3.598778,3.594465,89.974036,90.021737,90.038556,91.358956,0.057233,0.056016,87.952957,0.983516,88.226952,162.53688,105.830079,162.53688,-174.606438,36.998422,105.830079,36.998422,1472.345132,97.493817,-33.561127,-12.06577,-33.561127,11.069349,-31.282746,-12.06577,-31.282746,1304.242889,444.332754,1.0,1.435598,1.11644,3.640276
28510.0,0.405957,-0.910608,-0.077413,0.505654,0.153249,0.849016,-0.761257,-0.383808,0.522665,63.543848,490.852401,18.180708,3.597685,3.59352,3.591055,89.986475,90.038845,89.972233,170.770081,0.102296,0.087565,70.036047,0.771277,-60.392867,-10.055506,-344.549421,-10.055506,-526.941634,-725.045066,-344.549421,-725.045066,742.760431,105.387767,110.387392,78.016233,110.387392,36.001178,208.332427,78.016233,208.332427,990.107748,780.707295,1.0,3.098321,1.255318,4.723504
29033.0,0.366463,-0.926382,-0.086722,0.315736,0.036139,0.948159,-0.875223,-0.374846,0.305736,598.67249,-275.83418,-165.265284,3.596242,3.593772,3.596795,89.993953,90.076957,89.961286,182.898375,0.072559,0.079178,68.558443,0.801075,-115.532818,-345.808997,-154.215506,-345.808997,397.973026,478.130755,-154.215506,478.130755,1138.068742,-385.291105,11.244957,-36.512396,11.244957,191.164455,-76.452358,-36.512396,-76.452358,1173.309016,1263.173716,1.0,1.652175,1.539643,3.533972
26880.0,0.017859,-0.035931,0.999195,-0.4964,0.867169,0.040056,-0.86791,-0.496716,-0.00235,-365.249863,256.758678,-119.336307,3.596949,3.594691,3.592648,90.003593,90.002484,89.969303,90.003147,0.057621,0.053636,85.880772,0.978947,-346.045846,-35.764073,31.955447,-35.764073,141.732656,136.491584,31.955447,136.491584,924.248074,-286.96312,-32.961582,-10.028698,-32.961582,338.780275,244.640028,-10.028698,244.640028,865.622215,523.874311,1.0,2.109394,0.713551,2.57198
30109.0,0.441484,-0.079573,-0.893734,0.158453,0.98732,-0.009634,0.883167,-0.137361,0.448495,64.157578,353.679592,88.292166,3.597118,3.59601,3.593286,89.979252,89.986044,90.030321,137.307655,0.061804,0.064638,83.340799,0.927778,-9.977486,-274.575846,402.293486,-274.575846,507.876978,-90.692892,402.293486,-90.692892,813.540626,-180.26402,-30.97157,101.894483,-30.97157,207.011377,-62.971464,101.894483,-62.971464,1107.783556,756.662533,1.0,2.956026,0.857903,4.872604
26307.0,-0.037667,-0.989495,0.139572,0.663999,0.079595,0.743485,-0.746785,0.12068,0.654025,160.559765,502.452797,22.762555,3.595946,3.592055,3.59637,90.012194,90.036199,90.02513,127.20399,0.062577,0.070064,65.506253,0.788889,-472.251929,299.035271,86.650117,299.035271,279.698297,65.806592,86.650117,65.806592,935.37326,-171.615161,-122.67172,100.686567,-122.67172,67.965861,14.622166,100.686567,14.622166,1237.045268,886.555584,1.0,1.610863,1.573146,4.192577
26331.0,-0.075063,-0.988037,-0.134716,0.991681,-0.059798,-0.113987,0.104568,-0.142151,0.984306,315.973901,-11.612124,83.20179,3.594194,3.59067,3.599784,90.101647,89.980321,89.989329,176.773302,0.090323,0.089415,58.57866,0.79558,-1067.268271,-253.679174,476.958329,-253.679174,36.396499,6.759967,476.958329,6.759967,1849.630534,-301.296806,-55.82078,-137.113281,-55.82078,-128.593094,-32.775084,-137.113281,-32.775084,1747.073735,1041.010373,1.0,1.508262,1.836681,4.233825
26332.0,-0.067224,0.018068,-0.997574,0.941043,0.333385,-0.057377,0.331539,-0.942618,-0.039414,139.619391,-196.563046,-115.781873,3.593792,3.598989,3.594328,90.01226,89.978011,90.034368,97.454684,0.046945,0.050393,89.828717,1.0,149.044028,-124.773547,-203.18449,-124.773547,-73.894973,-236.457319,-203.18449,-236.457319,1429.372379,4.193545,-78.063722,68.160311,-78.063722,144.058463,-191.967963,68.160311,-191.967963,1372.139145,540.919707,1.0,5.414633,0.177398,2.507365
26647.0,0.066542,0.128387,0.989489,-0.997691,0.022047,0.064233,-0.013569,-0.991479,0.129558,-105.148319,-189.879686,131.488106,3.592235,3.598959,3.593938,89.991158,89.995171,90.021193,154.567684,0.080315,0.082034,68.940102,0.94382,53.615119,19.749936,-239.612904,19.749936,-457.537588,-229.948523,-239.612904,-229.948523,1358.939969,-135.558726,-72.417312,-182.542911,-72.417312,-34.55076,-138.741093,-182.542911,-138.741093,1291.406856,880.991162,1.0,1.463308,1.958492,4.28204
27132.0,0.163752,-0.986434,-0.011545,0.801085,0.126136,0.585108,-0.575715,-0.105061,0.810873,268.199166,76.907178,180.935022,3.594388,3.593252,3.595402,89.9527,90.039438,90.011775,168.370685,0.077036,0.074689,58.023475,0.771277,-128.31595,-152.283006,-469.452301,-152.283006,-55.270279,63.435243,-469.452301,63.435243,556.403195,-264.90768,-181.83998,-311.782762,-181.83998,-1.637759,114.301953,-311.782762,114.301953,1009.511762,832.443981,1.0,3.196302,1.093283,1.032624
26719.0,0.038532,0.89297,0.448465,-0.983939,-0.044377,0.172903,0.174299,-0.447924,0.876917,381.775446,242.733247,-107.884408,3.59287,3.597213,3.598236,90.001971,89.942748,90.022133,145.821104,0.074457,0.074653,74.020623,0.869565,967.396815,18.48258,122.984192,18.48258,-426.72212,-247.017993,122.984192,-247.017993,1300.253784,-359.718718,-32.781755,211.040547,-32.781755,-142.456529,59.129671,211.040547,59.129671,1302.154451,761.482536,1.0,3.161322,0.625154,4.531886
26859.0,0.092868,-0.995628,0.01002,0.893546,0.087778,0.440307,-0.439262,-0.031937,0.897791,-158.592074,-328.582035,44.303288,3.595102,3.594737,3.597246,90.054703,90.019403,90.09438,197.200872,0.082133,0.092168,65.38956,0.872222,394.886815,938.293656,57.810161,938.293656,148.743476,157.901104,57.810161,157.901104,952.752959,25.842986,-111.713147,23.069392,-111.713147,60.43225,171.965608,23.069392,171.965608,1292.06987,906.355208,1.0,1.938779,0.501386,2.770496
30039.0,0.623258,-0.031268,-0.781391,0.259859,0.950702,0.169228,0.737578,-0.308524,0.600659,235.034667,374.787588,-142.761954,3.596332,3.594574,3.596666,90.049106,89.995354,89.939331,145.139271,0.068339,0.073472,81.375179,0.945055,651.697103,628.51677,-266.187746,628.51677,364.364881,270.990108,-266.187746,270.990108,617.054891,163.962807,-11.289653,-75.947752,-11.289653,170.97317,24.010386,-75.947752,24.010386,914.994327,581.004307,1.0,3.11884,0.456068,4.63981
28042.0,-0.092002,0.995457,-0.024522,-0.305711,-0.0048,0.952112,0.947669,0.095093,0.304763,511.638251,359.673938,15.205541,3.598769,3.591985,3.59215,90.056974,89.968333,89.98132,110.769153,0.066724,0.057195,89.699822,0.978947,-521.861235,-490.874809,-175.932297,-490.874809,-470.983097,-359.383697,-175.932297,-359.383697,1326.983969,130.078912,46.103323,-42.970402,46.103323,202.769602,-93.338054,-42.970402,-93.338054,1237.42026,406.942514,1.0,4.425297,1.189318,2.269608
28862.0,-0.3945,0.918822,-0.011646,-0.529779,-0.21707,0.819887,0.750803,0.329615,0.572407,270.770272,-186.784551,-137.05445,3.597351,3.593947,3.592929,89.9553,89.994137,89.979669,137.442327,0.086518,0.07673,68.396812,0.947917,23.594213,408.113086,12.281722,408.113086,-53.917543,-496.612756,12.281722,-496.612756,733.324917,-47.61224,200.086014,87.307548,200.086014,133.630387,-60.73662,87.307548,-60.73662,1004.335302,660.787458,1.0,1.576661,1.546084,3.710873
26562.0,0.014523,-0.999894,-0.001083,0.70217,0.009428,0.711947,-0.711861,-0.0111,0.702233,-236.745434,-138.910621,-171.068916,3.596137,3.594613,3.595049,90.061215,90.044514,90.072954,186.004318,0.083194,0.087826,61.428068,0.894444,215.175852,828.329143,-87.204818,828.329143,64.236961,-135.456595,-87.204818,-135.456595,859.485249,-364.990048,-143.722055,-113.997863,-143.722055,440.786204,-161.952889,-113.997863,-161.952889,897.326045,891.150756,1.0,3.167342,1.261106,1.470787
28635.0,0.455526,-0.012904,-0.890129,0.536269,0.802089,0.262809,0.710572,-0.597065,0.372293,229.912408,109.950913,54.474895,3.594837,3.594827,3.596195,90.019379,89.965571,90.062474,106.38691,0.063401,0.063147,96.952629,0.98913,318.687883,-270.066538,-200.32227,-270.066538,-170.878635,-5.931476,-200.32227,-5.931476,1008.55364,250.07643,160.91302,-44.644888,160.91302,-144.561723,105.067612,-44.644888,105.067612,1215.578639,698.299753,1.0,3.155797,0.961358,1.157113
26802.0,0.013396,0.171199,0.985145,-0.999318,0.036185,0.007301,-0.034397,-0.984572,0.171567,546.895308,-44.14391,99.895469,3.592845,3.599076,3.588288,90.006783,89.94536,89.970623,142.451083,0.061053,0.067816,69.183906,0.972222,-1479.632726,-513.525915,-470.768126,-513.525915,-317.423976,106.731398,-470.768126,106.731398,1381.659896,-476.583257,-223.204483,-643.397556,-223.204483,-284.597211,-104.389575,-643.397556,-104.389575,1419.039732,1251.550875,1.0,2.915872,1.348314,1.588144
30082.0,0.602108,-0.798364,-0.008926,0.240624,0.170791,0.955474,-0.761292,-0.577447,0.294941,325.763028,-108.58694,9.042977,3.597423,3.600108,3.594422,89.985081,89.998926,90.036441,122.40481,0.081842,0.074393,103.20894,0.978142,1764.025203,-160.669507,235.615829,-160.669507,260.446941,-294.853625,235.615829,-294.853625,828.037263,-23.949053,112.407303,-88.218371,112.407303,290.829153,40.381177,-88.218371,40.381177,1073.490963,461.466827,1.0,1.578207,1.398377,3.176515
27856.0,0.247586,-0.968862,0.002709,0.479145,0.124872,0.868808,-0.842094,-0.213806,0.495142,12.113117,498.792764,71.228399,3.597373,3.596288,3.589349,90.010101,90.081489,89.938488,165.651284,0.091697,0.086984,70.370248,0.941489,424.572739,-281.510514,301.379589,-281.510514,-1271.546023,-700.410617,301.379589,-700.410617,1209.652171,459.572766,37.385645,51.93845,37.385645,184.252946,-211.822967,51.93845,-211.822967,1243.14875,514.631385,1.0,4.58148,1.432795,2.302529
27332.0,0.188693,0.005993,-0.982018,0.649082,0.74965,0.129295,0.736944,-0.661808,0.137564,351.289727,89.49426,-165.979812,3.59508,3.593494,3.599198,90.061971,89.965371,90.030744,182.347158,0.085075,0.084881,59.484582,0.80226,1327.136316,25.873761,-683.591139,25.873761,-215.858845,252.866738,-683.591139,252.866738,577.585952,196.723749,-19.59762,132.160599,-19.59762,-174.785828,121.84672,132.160599,121.84672,992.877695,798.520487,1.0,3.150934,1.271403,4.063465
28224.0,0.328635,0.01498,-0.944338,0.495469,0.848503,0.185885,0.804058,-0.528979,0.271425,84.774028,-123.563119,140.454865,3.59618,3.595724,3.592356,90.007407,89.951668,90.012451,123.411288,0.064414,0.066136,70.299872,0.768421,-575.636679,33.939728,-24.171416,33.939728,472.27554,68.743822,-24.171416,68.743822,815.589703,-635.357887,9.357807,-77.837822,9.357807,452.342371,81.113627,-77.837822,81.113627,1084.174092,740.720174,1.0,4.426681,1.210563,2.241345
27019.0,-0.022493,0.979209,0.201604,-0.67601,-0.163464,0.718533,0.736549,-0.120124,0.665632,202.943986,462.259205,84.908602,3.593711,3.592881,3.596888,90.008427,89.946729,90.056778,166.181202,0.108289,0.095899,66.274104,0.875676,-249.594028,370.938406,-196.886457,370.938406,-146.681022,489.36272,-196.886457,489.36272,890.377274,-710.128323,-22.942288,-34.663674,-22.942288,97.540827,213.021204,-34.663674,213.021204,1071.460682,1022.402781,1.0,4.518032,1.295923,2.152696
29729.0,0.174558,-0.984519,0.015881,0.055882,0.026008,0.998099,-0.98306,-0.173338,0.059557,506.373294,506.741905,103.428128,3.600275,3.592238,3.593468,89.975117,90.035119,89.94634,138.180501,0.066841,0.072211,73.9092,0.977654,-564.130635,-263.402626,44.906762,-263.402626,-136.253617,143.989654,44.906762,143.989654,1890.616896,204.496442,-78.99839,-121.474043,-78.99839,-155.441964,-103.351729,-121.474043,-103.351729,1637.182301,874.888286,1.0,4.643333,1.327364,1.792563
26930.0,-0.027103,0.992097,0.122508,-0.995018,-0.038537,0.09195,0.095945,-0.119406,0.988199,36.935049,-239.545045,135.094954,3.592205,3.594148,3.59891,89.960126,90.011308,89.960035,135.904834,0.078379,0.080618,65.928697,0.79235,154.842396,-301.107467,533.709521,-301.107467,-412.98391,291.214651,533.709521,291.214651,1249.130754,-127.216793,-116.412674,138.068874,-116.412674,-41.170734,-81.593789,138.068874,-81.593789,1440.673747,806.283311,1.0,3.125683,1.511204,4.537858
27409.0,-0.171999,0.984134,0.043542,-0.907402,-0.175484,0.381873,0.383455,0.026171,0.923189,426.382568,34.945242,-58.497622,3.594505,3.589675,3.599144,89.995975,89.961471,89.967699,81.202861,0.051807,0.049446,132.500917,0.983871,-1228.452176,-12.179795,106.553083,-12.179795,166.804893,197.990391,106.553083,197.990391,1513.015874,47.407358,70.540549,21.14269,70.540549,178.963069,174.906862,21.14269,174.906862,1441.889466,171.069848,1.0,2.214659,0.153782,2.46471
30373.0,0.499115,0.054139,-0.864843,0.14237,0.97936,0.143472,0.85476,-0.194737,0.481106,-315.427701,-185.065557,164.765288,3.595903,3.594497,3.596384,89.971569,89.940054,90.027353,100.962709,0.065961,0.063901,87.951791,0.967742,168.167595,-391.356547,-252.705686,-391.356547,209.094622,100.325255,-252.705686,100.325255,1036.573907,72.60089,-17.925198,-45.930922,-17.925198,474.284534,128.620758,-45.930922,128.620758,846.109037,487.467874,1.0,3.02806,0.394501,1.502651
27568.0,-0.053459,0.099337,0.993617,-0.349502,0.930241,-0.111805,-0.935409,-0.353248,-0.015011,385.728513,-377.108887,-115.922687,3.597402,3.593856,3.593845,90.066437,89.990993,89.953002,139.39987,0.065448,0.075582,75.157028,0.983607,-139.540494,-572.282531,150.284844,-572.282531,-32.721375,9.895238,150.284844,9.895238,1118.024699,-371.19083,-117.732646,231.120469,-117.732646,-333.075734,298.186002,231.120469,298.186002,1428.379363,757.876036,1.0,4.422076,1.734548,2.243583
26734.0,0.056222,0.321212,-0.945337,0.633587,0.720281,0.282422,0.771626,-0.614831,-0.163021,-172.159633,422.198544,-170.734402,3.596896,3.594534,3.593996,89.937664,89.987713,89.983806,166.580348,0.07585,0.082918,68.00525,0.934426,-291.967048,-285.997581,244.190989,-285.997581,816.676723,205.809825,244.190989,205.809825,511.394805,-293.6841,173.502619,86.667398,173.502619,63.747879,-2.844727,86.667398,-2.844727,888.689966,731.859145,1.0,4.547993,1.06888,1.794799
29252.0,0.712555,-0.699222,0.057913,0.576471,0.630512,0.519746,-0.399932,-0.336963,0.852356,-149.542724,278.968218,-137.863023,3.595241,3.590819,3.5965,90.003955,90.03305,89.964147,159.740596,0.079245,0.085463,73.109431,0.816667,-560.383315,462.12437,-407.475232,462.12437,10.451391,182.684686,-407.475232,182.684686,788.687117,-309.404895,154.764147,-359.797807,154.764147,25.433289,42.077399,-359.797807,42.077399,1103.856023,1037.242003,1.0,1.458744,1.585808,4.351305
26769.0,0.068624,-0.851163,-0.520397,0.96414,0.190627,-0.184651,0.25637,-0.489063,0.833722,-7.731859,-275.440437,-104.675875,3.596298,3.595335,3.596838,90.046753,90.02498,90.074099,100.764255,0.066447,0.059873,131.268983,0.967568,243.235913,669.120524,188.54611,669.120524,530.234119,8.468655,188.54611,8.468655,1109.331247,162.46245,65.321096,-18.239852,65.321096,93.13038,-58.189076,-18.239852,-58.189076,1098.109127,487.513187,1.0,3.065025,1.548224,4.579441
27886.0,-0.250168,0.060688,0.966299,-0.724117,0.65078,-0.228341,-0.642705,-0.756837,-0.118859,-43.728982,39.82811,-72.196539,3.59498,3.597474,3.592394,90.001872,90.006951,89.941368,117.716777,0.061549,0.062144,70.79324,0.946524,-357.006018,109.210078,175.59247,109.210078,59.009171,-310.801251,175.59247,-310.801251,1173.296443,-315.657426,84.043071,63.687336,84.043071,214.62958,-278.758095,63.687336,-278.758095,1135.249123,622.518041,1.0,3.030625,0.550323,4.012237
30096.0,0.13388,-0.988043,0.076473,0.012166,0.078801,0.996816,-0.990923,-0.132523,0.022571,127.193336,455.207459,3.228881,3.598885,3.592747,3.593328,89.989951,90.017679,90.032925,121.092829,0.068036,0.070374,77.528442,0.988889,-229.542711,-91.047826,-494.437492,-91.047826,-150.464242,147.111794,-494.437492,147.111794,1286.867951,-82.363063,20.339873,-255.360346,20.339873,2.903387,-110.418381,-255.360346,-110.418381,1209.902018,840.189179,1.0,1.338748,1.689937,3.845621
27143.0,-0.071025,0.963675,0.257461,-0.814669,-0.204979,0.542493,0.575561,-0.171215,0.799634,525.667987,471.634082,-135.782618,3.597194,3.591586,3.595806,90.040938,89.946765,89.982093,68.941882,0.07385,0.064162,110.392517,0.978378,-774.023985,-149.723773,49.960076,-149.723773,457.653819,-284.729234,49.960076,-284.729234,1118.496849,-198.574669,53.578575,151.231915,53.578575,274.590985,-20.977091,151.231915,-20.977091,1136.424091,272.715653,1.0,5.053358,0.584983,2.658769
26799.0,0.074769,0.454704,-0.887499,0.781797,0.525751,0.335229,0.619033,-0.718909,-0.316176,-231.776314,-126.659352,48.741529,3.594211,3.595003,3.595841,90.039529,90.01239,90.058684,179.093331,0.103991,0.106246,82.553834,0.820652,747.293914,-103.797496,-170.007375,-103.797496,-401.304555,134.439254,-170.007375,134.439254,586.905497,48.832466,53.783215,-55.085311,53.783215,275.967312,54.649232,-55.085311,54.649232,526.993086,874.304923,1.0,2.69848,0.64411,1.859934
27489.0,0.186499,0.080348,-0.979164,0.499653,0.850376,0.164947,0.845911,-0.520005,0.118448,394.895005,534.456168,-123.019822,3.59906,3.593553,3.593156,90.024913,90.011931,89.967574,224.034682,0.125499,0.129362,61.357635,0.717277,-68.361354,442.851481,217.611374,442.851481,445.509472,751.678507,217.611374,751.678507,754.863464,-3.119675,281.147202,45.612811,281.147202,-75.738877,37.26688,45.612811,37.26688,1242.405563,1056.406278,1.0,4.351233,1.892492,2.430705
27145.0,-0.082339,0.919529,0.384299,-0.88411,-0.245368,0.397674,0.459967,-0.307019,0.833168,331.728728,208.695576,110.370929,3.592515,3.595564,3.595232,90.056162,89.90064,89.986378,99.395343,0.065158,0.058266,114.276787,1.0,23.746226,-626.681316,-167.652335,-626.681316,-677.723201,14.157786,-167.652335,14.157786,1100.499197,355.374104,56.962522,44.134555,56.962522,-27.686444,250.361854,44.134555,250.361854,1231.467256,346.869812,1.0,4.545498,1.452069,2.121975
26867.0,0.080125,0.14716,-0.985862,0.593362,0.787675,0.165801,0.800938,-0.598258,-0.024207,293.516783,-103.947253,-76.777352,3.596143,3.595175,3.594337,89.989288,90.032009,90.042897,110.958688,0.067839,0.058606,73.412053,0.930481,138.060197,83.999042,261.588582,83.999042,62.329291,-18.637979,261.588582,-18.637979,899.630703,1.753501,57.614485,-23.008843,57.614485,-23.098502,61.344668,-23.008843,61.344668,1098.621966,556.66855,1.0,4.481276,1.077016,3.410888
26861.0,0.098061,-0.505671,-0.857136,0.967213,-0.154326,0.201699,-0.234272,-0.848811,0.473958,-116.016459,-238.514305,-111.720965,3.592668,3.597181,3.593645,90.018853,90.055429,89.966054,109.754072,0.065234,0.060211,72.167569,0.92973,87.236203,288.004073,239.081786,288.004073,-569.321431,-200.207166,239.081786,-200.207166,980.583356,109.523874,51.295418,134.491124,51.295418,-236.385317,15.116528,134.491124,15.116528,980.754576,543.812843,1.0,4.439432,1.605972,1.930249
27200.0,-0.111648,0.271393,0.955971,-0.982284,0.115558,-0.147527,-0.150508,-0.955506,0.253683,-78.951499,-69.502502,150.425717,3.593641,3.5994,3.593969,90.05482,89.980155,90.006463,94.258174,0.052513,0.050749,77.1795,0.917127,-152.808233,-140.438353,-22.141552,-140.438353,30.501652,-353.005827,-22.141552,-353.005827,1599.281869,-203.557699,-162.824871,-165.912806,-162.824871,8.535072,-186.055526,-165.912806,-186.055526,1406.216327,533.595681,1.0,4.545769,1.595005,2.212341
29064.0,0.404291,0.109638,-0.908035,0.347688,0.899837,0.263452,0.845968,-0.422224,0.325676,-254.162911,-293.374183,-53.271846,3.593839,3.592649,3.593397,89.907168,89.939247,90.09355,223.530859,0.091433,0.102665,72.825464,0.808511,-745.55267,-1081.338293,116.744345,-1081.338293,-325.190874,-61.474876,116.744345,-61.474876,562.601847,77.688089,-61.72299,234.34359,-61.72299,17.046725,206.048443,234.34359,206.048443,596.14671,1397.88696,1.0,1.417683,1.31431,3.297825
27265.0,-0.111008,0.133093,0.984867,-0.843341,0.511677,-0.164203,-0.525789,-0.848806,0.055443,192.454476,-351.063292,80.02903,3.595453,3.59639,3.592112,90.011346,90.015212,89.9357,120.510703,0.07434,0.066606,83.334359,0.896739,-478.592361,133.289357,85.032304,133.289357,-29.686386,123.837813,85.032304,123.837813,1135.116937,-359.839649,259.126883,-111.710584,259.126883,136.511314,30.220706,-111.710584,30.220706,1182.836681,829.866672,1.0,4.430008,1.239069,2.033726
28459.0,0.356708,0.117411,-0.926809,0.452793,0.846029,0.281447,0.817152,-0.520047,0.248623,129.099303,141.739184,-30.864694,3.596688,3.595331,3.593281,90.017582,89.943951,90.017821,134.66053,0.07823,0.079535,68.289559,0.928962,-347.186042,113.521544,-150.492135,113.521544,362.814854,186.553381,-150.492135,186.553381,985.394124,26.149505,92.031834,26.144055,92.031834,367.501591,171.38023,26.144055,171.38023,923.685293,918.316432,1.0,1.40559,1.515325,3.696187
27903.0,-0.076915,0.267833,0.96039,-0.304247,0.910996,-0.278424,-0.949483,-0.313611,0.011418,-166.89875,-8.79175,-134.39343,3.597101,3.594869,3.593255,90.001734,89.972782,89.991771,88.260234,0.056638,0.055167,89.563882,0.994444,-186.805269,47.277904,-188.608274,47.277904,300.507835,186.016966,-188.608274,186.016966,867.224541,-110.323587,14.904022,-51.87512,14.904022,79.073791,-46.821536,-51.87512,-46.821536,1106.326575,521.852763,1.0,3.000697,1.355782,4.63882
27464.0,0.102656,-0.98521,0.137196,0.200354,0.155577,0.967292,-0.974331,-0.07181,0.213362,198.36664,68.140826,-70.433095,3.599424,3.59546,3.595134,90.02814,89.998934,90.015675,56.483224,0.048447,0.04541,126.236526,0.994595,538.145344,265.591152,-190.465956,265.591152,314.562999,-210.777961,-190.465956,-210.777961,1461.499507,101.010569,42.637156,-91.037697,42.637156,174.964442,-90.222562,-91.037697,-90.222562,1441.152975,181.793447,1.0,4.923181,0.230548,2.79181
29728.0,-0.180486,0.970678,0.158776,-0.173028,-0.190244,0.966369,0.968239,0.146943,0.202291,46.464028,120.39132,-52.264529,3.599308,3.592157,3.593861,89.998976,89.996417,89.945909,147.85942,0.074261,0.078968,65.889784,0.913514,-572.905478,73.484976,105.014277,73.484976,34.684731,-310.543,105.014277,-310.543,1546.56871,-3.815849,225.119562,-241.555147,225.119562,-57.576357,-279.544111,-241.555147,-279.544111,1504.250153,790.042689,1.0,1.288625,1.559378,4.393374
27432.0,-0.194732,0.199076,0.960442,-0.969116,0.112,-0.219705,-0.151307,-0.973563,0.171117,66.754506,-416.117682,-13.118905,3.590189,3.598557,3.591615,90.019618,89.945906,89.992464,179.750783,0.077923,0.084238,63.178352,0.84492,-821.360121,-475.74496,-305.333066,-475.74496,-789.70294,-310.306747,-305.333066,-310.306747,1237.865628,-71.624255,-128.560775,75.139524,-128.560775,-407.140462,-60.942622,75.139524,-60.942622,1293.091255,887.23012,1.0,1.328511,1.403654,3.395048
27433.0,-0.191759,0.216507,0.957263,-0.949786,0.204787,-0.236579,-0.247256,-0.954561,0.166366,566.908142,-292.405679,-14.890865,3.594049,3.598452,3.584909,90.088241,90.070294,89.960374,181.426673,0.098035,0.084758,82.129284,0.900524,-2354.562369,963.838666,228.178472,963.838666,-385.502898,16.461487,228.178472,16.461487,1544.519202,-340.044129,103.968464,39.315613,103.968464,58.391954,-109.189163,39.315613,-109.189163,1437.680598,778.195559,1.0,2.978746,1.3671,1.420182
27450.0,-0.189229,0.954111,0.232087,-0.923723,-0.253137,0.287502,0.333059,-0.15998,0.929235,114.117945,210.596728,-31.372076,3.592504,3.596733,3.597845,89.991283,89.967925,90.07416,145.188614,0.075604,0.079927,74.174418,0.845745,1005.622634,295.152622,-47.151889,295.152622,-653.304099,169.135198,-47.151889,169.135198,1144.242083,333.893215,-54.762026,-26.319466,-54.762026,8.944945,190.913841,-26.319466,190.913841,1099.903625,616.070949,1.0,1.345912,1.398833,3.295775
27998.0,0.23284,-0.950962,0.203612,0.388529,0.282892,0.876936,-0.891533,-0.125077,0.435345,-325.261801,341.069033,115.678739,3.596748,3.59199,3.594619,90.036599,89.992705,89.951091,76.006047,0.053189,0.050882,128.405237,0.988889,-489.118921,386.572366,274.994036,386.572366,209.761996,-351.006098,274.994036,-351.006098,739.686994,89.972905,33.539962,-32.153335,33.539962,257.981543,-37.3161,-32.153335,-37.3161,930.910976,235.173815,1.0,2.462446,0.378459,2.018589
27528.0,-0.227076,0.146037,0.962865,-0.96763,0.077976,-0.240026,-0.110133,-0.986201,0.123603,536.134716,-97.316001,-180.497497,3.594483,3.600791,3.587459,90.026484,90.021793,90.010389,104.369561,0.066358,0.062554,92.452643,0.961957,-1588.354836,643.704648,-263.047068,643.704648,-5.78668,-202.149728,-263.047068,-202.149728,1881.283151,-319.54034,28.950154,-125.579614,28.950154,57.868128,-81.492843,-125.579614,-81.492843,1950.522522,316.159003,1.0,2.91345,1.120375,4.573005
27586.0,-0.245383,0.959856,0.135878,-0.968252,-0.249563,0.014363,0.047697,-0.12804,0.990621,419.466281,-245.009287,62.494465,3.592743,3.592561,3.600514,90.020708,90.030149,90.02378,173.625643,0.099522,0.091975,56.763616,0.772973,-260.519767,235.629662,174.872345,235.629662,-416.628274,302.987756,174.872345,302.987756,1822.697017,-261.519635,161.054903,111.753666,161.054903,-120.377839,61.800834,111.753666,61.800834,1688.199288,814.387603,1.0,1.326493,1.446876,3.252806
28185.0,0.181621,0.244288,-0.952543,0.239408,0.928523,0.283776,0.953781,-0.279586,0.110155,348.086058,-123.571276,-172.589254,3.59879,3.594216,3.590272,90.014997,90.030454,90.029402,115.007656,0.064033,0.058568,93.494093,0.978947,-735.55572,447.244419,486.773617,447.244419,-146.83985,-36.248644,486.773617,-36.248644,1321.249089,-94.367583,74.165474,115.647924,74.165474,-85.9834,147.355872,115.647924,147.355872,1480.044195,627.718408,1.0,1.676112,0.137064,2.785002
29200.0,0.601122,0.235921,-0.76354,0.499048,0.635423,0.589227,0.624182,-0.735241,0.26423,-5.509559,135.585541,-141.726162,3.595069,3.597182,3.593065,90.003645,89.972962,90.101632,126.723776,0.073604,0.075384,80.609522,0.945652,-424.50195,-100.093528,176.539778,-100.093528,-79.033503,-261.946877,176.539778,-261.946877,1508.072362,-87.122689,146.343556,0.50821,146.343556,91.10279,-243.303872,0.50821,-243.303872,1024.898604,601.585704,1.0,4.767733,0.512553,2.748064
28451.0,-0.187134,-0.797839,0.573091,-0.373183,0.597399,0.709823,-0.908689,-0.081036,-0.409534,292.543337,310.186495,170.806749,3.598857,3.593259,3.595686,89.964782,90.013741,90.027478,137.831797,0.069123,0.072357,79.205714,0.978261,-229.109887,311.823735,68.120351,311.823735,809.979335,421.169879,68.120351,421.169879,1116.686993,169.297873,22.661352,-36.177285,22.661352,158.057892,-111.924649,-36.177285,-111.924649,1107.370603,859.867417,1.0,4.055141,1.30339,2.437709
,,,,,,,,,,,,,,,,,,,,,,,,,,,,,,,,,,,,,,,,,,,,,,
,,,,,,,,,,,,,,,,,,,,,,,,,,,,,,,,,,,,,,,,,,,,,,
