GrainID,O11,O12,O13,O21,O22,O23,O31,O32,O33,X,Y,Z,a,b,c,alpha,beta,gamma,DiffPos,DiffOme,DiffAngle,GrainRadius,Confidence,eFab11,eFab12,eFab13,eFab21,eFab22,eFab23,eFab31,eFab32,eFab33,eKen11,eKen12,eKen13,eKen21,eKen22,eKen23,eKen31,eKen32,eKen33,RMSErrorStrain,PhaseNr,Eul0,Eul1,Eul2
27150.0,0.261288,-0.945795,0.192874,0.942918,0.292836,0.158598,-0.206482,0.140424,0.968321,56.736097,197.535834,-51.599916,3.594286,3.594776,3.600721,90.026024,90.044635,90.010638,161.605068,0.089668,0.092016,56.7513,0.73822,385.52053,26.989112,413.562058,26.989112,-25.260318,-138.430797,413.562058,-138.430797,1888.263969,173.266507,78.784963,283.487875,78.784963,-163.232825,-152.338446,283.487875,-152.338446,1903.997087,895.193677,1.0,2.258982,0.252378,5.309621
25063.0,-0.299306,-0.769454,0.564231,0.693688,0.230548,0.682382,-0.655143,0.595642,0.464756,512.134698,349.802335,122.269902,3.595784,3.595699,3.594533,89.971271,89.993082,90.040777,136.789857,0.061402,0.066333,75.738831,0.913043,-2.857394,-2.822758,-232.571666,-2.822758,382.969706,-85.488293,-232.571666,-85.488293,820.452118,233.252975,-27.654031,-32.306854,-27.654031,-212.215098,176.535141,-32.306854,176.535141,1233.649386,695.129071,1.0,2.450689,1.087437,5.450251
29938.0,0.777349,-0.626105,-0.061009,0.296955,0.279724,0.913002,-0.554569,-0.727837,0.403369,308.75722,450.095331,43.133383,3.598762,3.595689,3.591239,90.031251,90.028131,89.970829,180.031168,0.122842,0.109789,68.061409,0.853403,764.034223,264.971204,-422.414118,264.971204,-689.363632,-445.759218,-422.414118,-445.759218,1034.90474,254.053691,80.524605,-74.379988,80.524605,227.748753,-4.533389,-74.379988,-4.533389,1067.115494,758.846467,1.0,3.208316,1.155601,3.792692
24009.0,0.27498,0.408694,-0.870262,-0.185822,0.91068,0.36896,0.943322,0.060257,0.326363,481.001944,-349.039924,100.550567,3.598812,3.594412,3.592571,90.02878,89.94227,89.979535,108.533371,0.060815,0.061352,86.524349,0.978723,-175.560674,427.171937,145.74033,427.171937,-183.659317,-59.606087,145.74033,-59.606087,1497.882512,-217.192234,170.371737,77.994171,170.371737,84.119521,-196.143644,77.994171,-196.143644,1453.470974,792.692235,1.0,4.311396,1.238343,1.507005
23450.0,0.419339,-0.658014,0.625437,-0.206941,0.601514,0.771594,-0.883929,-0.452988,0.116068,128.238593,110.337912,-45.186926,3.597778,3.594633,3.594872,90.027498,89.997586,89.965986,99.814134,0.061975,0.060057,76.950095,0.978723,428.401937,107.226635,-127.419308,107.226635,-22.543928,88.11032,-127.419308,88.11032,1147.358546,317.645398,119.833285,-46.750955,119.833285,-1.610343,136.061289,-46.750955,136.061289,1266.155377,583.865525,1.0,2.460435,1.454466,4.238814
24491.0,-0.493309,-0.586215,-0.64265,0.705312,0.162832,-0.689942,0.509099,-0.793623,0.333138,400.383178,440.9378,-63.612399,3.594583,3.596565,3.59034,90.062311,89.998183,90.03609,148.838758,0.073163,0.074448,59.268028,0.795699,-690.377727,-585.318065,300.744556,-585.318065,-322.9466,20.909723,300.744556,20.909723,953.610082,-217.814417,-49.991272,190.933415,-49.991272,-169.826462,-36.581976,190.933415,-36.581976,1348.084069,646.883653,1.0,5.533262,1.231167,2.571226
23211.0,-0.527437,0.383236,-0.758248,0.334616,0.914051,0.229223,0.780924,-0.132821,-0.610342,199.319742,-428.874709,-126.527886,3.598425,3.592721,3.594451,89.998148,90.088304,90.001145,120.013353,0.079771,0.065032,86.289562,0.973822,-232.661784,-80.788183,-227.753427,-80.788183,-243.000508,350.33672,-227.753427,350.33672,1558.555974,128.501324,-145.279069,-96.424607,-145.279069,-16.566188,-66.011336,-96.424607,-66.011336,1298.01459,393.155239,1.0,4.418818,2.227288,1.739267
30139.0,-0.176207,-0.912785,0.368475,-0.117542,0.391165,0.912784,-0.97731,0.117527,-0.176217,-58.219974,434.449564,-12.617428,3.600235,3.593676,3.597873,89.936374,89.987409,90.042588,105.607556,0.061757,0.055639,129.282315,1.0,-355.298863,11.549077,-8.886858,11.549077,1342.92338,94.641955,-8.886858,94.641955,1817.376492,-115.692595,75.43453,134.094433,75.43453,1.801228,183.223936,134.094433,183.223936,1773.269684,314.177625,1.0,2.757915,1.747938,4.83207
28245.0,-0.503366,0.704427,0.500405,-0.848633,-0.512023,-0.132872,0.16262,-0.491544,0.855535,471.182337,145.75343,91.994262,3.59281,3.595096,3.597414,90.059553,89.994528,89.99709,110.711146,0.064209,0.066143,75.236703,0.951613,-75.646336,-158.342044,135.498659,-158.342044,-151.904887,180.929939,135.498659,180.929939,1234.514555,96.415509,74.453901,213.817711,74.453901,62.837961,138.550471,213.817711,138.550471,1256.384493,563.189313,1.0,1.311256,0.544213,2.822092
24886.0,0.246898,-0.855261,0.455598,-0.326634,0.36919,0.870063,-0.912333,-0.363631,-0.188206,-148.135346,-271.07966,-36.710005,3.598897,3.594042,3.594504,90.009825,89.96922,89.955739,100.24836,0.052391,0.055165,83.306283,0.994475,112.52761,152.550239,-172.009381,152.550239,-20.269547,133.12218,-172.009381,133.12218,1505.44038,87.583957,14.497706,-89.519915,14.497706,80.831696,-12.561101,-89.519915,-12.561101,1532.528545,604.687563,1.0,2.659214,1.760131,4.333114
22883.0,-0.673569,-0.7387,0.025045,0.305553,-0.247438,0.919463,-0.67301,0.626974,0.392379,490.531898,301.133606,-124.679202,3.590732,3.592084,3.599661,89.959445,90.101763,90.110438,274.096431,0.160946,0.181394,85.729456,0.638298,-1617.082779,483.765711,-70.913906,483.765711,727.602217,1106.380806,-70.913906,1106.380806,1101.977864,13.79269,60.819022,-5.102308,60.819022,-221.961808,-99.866826,-5.102308,-99.866826,1074.504377,800.860115,1.0,3.11436,1.16758,5.46239
22848.0,-0.832705,-0.55158,-0.048599,0.361475,-0.607991,0.706882,-0.41945,0.571057,0.70566,-318.577157,149.415048,105.071031,3.595438,3.593279,3.596631,89.953488,90.027665,90.050201,117.448388,0.064141,0.064841,87.219546,0.989474,-154.710365,-347.053353,252.456414,-347.053353,91.903897,171.912474,252.456414,171.912474,1077.093468,43.838677,-181.77908,-13.790236,-181.77908,-34.352033,126.946351,-13.790236,126.946351,1163.786142,516.380647,1.0,3.210236,0.787442,5.649669
28139.0,-0.388295,0.912016,0.132111,-0.729593,-0.391821,0.560509,0.562957,0.121255,0.817543,-142.400511,388.787474,10.124707,3.593247,3.594087,3.596108,89.946648,89.875948,90.045618,140.779216,0.075173,0.080118,76.136302,0.978261,309.691394,53.592703,17.821957,53.592703,-1215.128802,56.538081,17.821957,56.538081,1387.042101,38.864588,122.927764,100.801641,122.927764,-40.58052,121.708299,100.801641,121.708299,1406.48091,937.956043,1.0,2.910119,0.613665,1.358648
26248.0,-0.026871,-0.692924,-0.720509,0.938198,-0.266275,0.221092,-0.345054,-0.67004,0.657255,-275.372037,348.966119,65.76802,3.595384,3.596298,3.59658,90.037098,90.001682,89.980004,71.615801,0.051755,0.050381,108.562345,0.988889,390.167238,-120.881663,-7.010708,-120.881663,392.085291,96.742806,-7.010708,96.742806,1043.491078,11.270034,28.725909,23.687109,28.725909,40.817498,33.7766,23.687109,33.7766,1128.708994,447.269228,1.0,4.414655,0.853625,3.617149
28289.0,0.563053,-0.234003,-0.792599,0.735879,0.578436,0.351985,0.376102,-0.781444,0.497888,114.245565,505.169811,-179.084112,3.592795,3.59731,3.59371,89.9992,89.92024,90.000628,140.459644,0.070594,0.069243,71.456098,0.930108,-695.940703,-514.025387,123.097471,-514.025387,502.627776,-174.378663,123.097471,-174.378663,781.13319,-396.337674,-55.919109,-54.793957,-55.919109,-84.904878,-101.268836,-54.793957,-101.268836,1220.808695,636.205987,1.0,4.294461,1.049634,2.693023
28003.0,-0.415332,0.909643,0.006928,-0.85703,-0.39384,0.332248,0.304956,0.132055,0.943167,-285.533272,477.236802,97.27772,3.595055,3.593282,3.599689,90.028172,90.000179,89.961872,117.023014,0.059103,0.060037,76.485957,0.956522,-341.423909,-98.810506,-187.236795,-98.810506,676.88567,433.736681,-187.236795,433.736681,1424.360866,-229.219104,152.756513,-139.184454,152.756513,-1.536809,193.826157,-139.184454,193.826157,1424.703504,546.535282,1.0,3.120743,0.338762,1.162143
28023.0,0.462125,0.008771,-0.886771,0.730447,0.56327,0.386231,0.502879,-0.826226,0.253895,-230.119341,-233.371571,59.772515,3.597038,3.598429,3.594585,90.067165,90.014793,89.986269,113.635805,0.05632,0.054882,89.090555,0.951351,452.452824,619.329335,-283.210979,619.329335,664.16247,-230.90376,-283.210979,-230.90376,1206.608361,119.494083,-13.233615,64.123874,-13.233615,137.299469,-94.821613,64.123874,-94.821613,1195.498334,438.698417,1.0,4.301619,1.314092,2.59484
29135.0,0.730608,-0.621606,-0.28252,0.547416,0.285949,0.786491,-0.408101,-0.729273,0.549194,-137.560324,208.749645,154.289329,3.595663,3.596574,3.59345,90.025837,90.049197,89.973799,104.339337,0.070784,0.066272,87.744955,0.978836,429.541127,9.733107,-44.557216,9.733107,-269.597058,-333.950994,-44.557216,-333.950994,948.847721,250.406228,-5.157783,52.207062,-5.157783,-116.136951,-74.908133,52.207062,-74.908133,1249.207778,482.781362,1.0,3.486454,0.989397,3.651777
29065.0,0.783917,-0.160515,-0.599757,0.618111,0.110869,0.778234,-0.058424,-0.980787,0.186128,-17.664884,-219.457451,176.216254,3.592708,3.600872,3.59373,90.009333,90.005225,89.96701,127.56668,0.081976,0.078948,75.018143,0.923913,-216.278229,-172.175369,53.488493,-172.175369,-150.074959,-324.692826,53.488493,-324.692826,1927.077489,-109.313967,-204.396651,-38.885524,-204.396651,-100.85126,-416.55475,-38.885524,-416.55475,1538.17642,736.993883,1.0,3.798189,1.383577,3.201091
23218.0,0.72319,0.095284,0.684044,-0.328842,0.918469,0.219723,-0.607337,-0.383844,0.695561,-174.222395,436.052816,118.824669,3.596823,3.596589,3.59674,90.036559,90.051549,90.018717,101.177706,0.060764,0.05732,93.034282,0.984043,292.019972,-290.285691,69.749319,-290.285691,792.054135,76.128328,69.749319,76.128328,1266.810213,158.894688,-48.940364,-66.719697,-48.940364,142.043611,-3.648052,-66.719697,-3.648052,1260.851708,399.584067,1.0,1.881598,0.801596,4.148764
22869.0,0.938085,0.315788,0.142387,-0.305745,0.561576,0.768864,0.162837,-0.764794,0.623357,406.704371,-251.441266,-130.90664,3.596553,3.596926,3.596041,90.039092,89.986318,90.024773,72.89331,0.053224,0.048545,113.621763,1.0,618.636973,-119.47439,148.965918,-119.47439,409.846216,-109.717224,148.965918,-109.717224,1147.06597,128.851551,71.545159,-11.149961,71.545159,337.703612,109.642835,-11.149961,109.642835,1345.889537,228.568627,1.0,2.958476,0.897768,2.931809
27328.0,0.320354,-0.694641,-0.644086,0.940441,0.314872,0.128168,0.113774,-0.646783,0.75414,-135.869629,186.341079,-92.350841,3.591957,3.596218,3.597393,90.068719,89.997306,90.087041,145.915146,0.057011,0.070717,68.935946,0.904255,449.606919,196.88541,83.208558,196.88541,-891.622283,263.613239,83.208558,263.613239,1516.319896,120.28887,35.056871,-103.653929,35.056871,-44.14367,-172.116356,-103.653929,-172.116356,1470.603312,566.096847,1.0,4.515963,0.716453,2.967467
25730.0,-0.204353,-0.969138,-0.137883,0.978435,-0.206547,0.001647,-0.030076,-0.134573,0.990447,534.803942,183.409529,-174.758523,3.593415,3.600037,3.600028,89.939691,90.040298,90.007518,196.280856,0.085827,0.091807,65.677301,0.875,1725.381277,489.173348,-441.309846,489.173348,-31.66062,-386.303905,-441.309846,-386.303905,1583.461858,-550.653882,-166.080874,-261.162007,-166.080874,-137.16649,-86.270169,-261.162007,-86.270169,1890.657082,672.133664,1.0,4.700444,0.138333,3.361469
23201.0,0.770223,0.626052,-0.12172,-0.350303,0.574761,0.739553,0.532958,-0.526982,0.662002,-271.815105,42.155754,157.694947,3.597613,3.593243,3.596434,90.035761,89.990708,90.03774,138.710154,0.076115,0.080915,75.669025,0.780899,265.994623,-554.561099,338.134782,-554.561099,277.464662,62.029911,338.134782,62.029911,1011.811164,29.648528,-231.887094,39.24413,-231.887094,84.521034,113.302732,39.24413,113.302732,1387.739193,569.727077,1.0,3.304716,0.84731,2.350556
24502.0,0.26151,0.449586,-0.854099,-0.257853,0.885273,0.387045,0.930121,0.119016,0.347434,466.150832,162.258716,-142.816904,3.598903,3.595167,3.59589,90.053513,89.947446,90.006023,108.289814,0.068572,0.062052,86.264042,0.994709,711.676356,276.713684,-179.064473,276.713684,63.42099,-304.594331,-179.064473,-304.594331,1522.428925,-182.449662,232.615605,36.014151,232.615605,269.579622,39.885424,36.014151,39.885424,1399.955984,828.819347,1.0,4.286909,1.215963,1.44353
22885.0,-0.801841,0.372511,-0.467211,0.365149,0.924387,0.110342,0.472988,-0.082125,-0.877233,131.568762,463.05705,-81.583425,3.594834,3.592056,3.597795,90.045323,90.070831,90.0004,123.781395,0.063128,0.060502,73.891115,0.994624,8.611814,8.563727,176.493668,8.563727,-524.138978,467.101072,176.493668,467.101072,1344.995808,161.767825,-39.197687,57.588631,-39.197687,-33.375299,43.523504,57.588631,43.523504,1395.289162,600.457936,1.0,4.480467,2.640865,1.742713
22886.0,0.818897,0.284958,-0.498204,-0.268067,0.957439,0.107006,0.507492,0.045925,0.860432,-100.371876,133.36644,-155.058171,3.59539,3.595196,3.598021,90.029149,89.945501,90.030544,73.747511,0.049236,0.050116,110.045528,1.0,151.122527,-23.319462,-204.967313,-23.319462,430.61285,-355.839557,-204.967313,-355.839557,1339.250518,115.765957,42.031213,-161.001316,42.031213,160.006617,-66.210574,-161.001316,-66.210574,1327.018091,305.917642,1.0,4.500819,0.53468,1.480549
26907.0,0.171633,0.358536,-0.917602,0.877754,0.367262,0.30768,0.447315,-0.858237,-0.251673,26.199656,-244.982729,-8.302104,3.594764,3.597657,3.594586,90.009656,90.037483,90.097129,88.200779,0.064071,0.05573,123.125316,0.983957,356.419093,64.820037,-180.718969,64.820037,-399.306948,306.243384,-180.718969,306.243384,1518.130743,232.280871,40.796987,-34.581243,40.796987,228.279656,-217.107026,-34.581243,-217.107026,1467.393016,396.802769,1.0,4.388862,1.825204,2.661128
26281.0,-0.022796,-0.970763,-0.238956,0.987209,-0.059584,0.147881,-0.157795,-0.232528,0.959704,430.030342,369.220154,75.141747,3.592312,3.594967,3.600421,90.024675,90.008058,90.012369,92.015055,0.062016,0.05543,79.485199,0.983696,277.571029,110.950811,-180.18527,110.950811,-393.826064,308.94961,-180.18527,308.94961,1785.612851,-241.947737,28.885535,-222.702239,28.885535,-35.674714,194.560402,-222.702239,194.560402,1762.54363,432.653963,1.0,4.158215,0.28485,3.737816
22888.0,-0.603117,-0.79262,-0.089466,0.287118,-0.320367,0.902734,-0.744187,0.518766,0.420794,-139.878114,-22.053002,-146.96145,3.595918,3.595465,3.594446,89.984599,90.015465,90.066296,104.339686,0.057445,0.059832,87.276513,0.973822,-70.186135,5.716611,-119.208224,5.716611,173.394958,-239.450707,-119.208224,-239.450707,1044.804632,91.335637,85.179928,1.70429,85.179928,88.849023,-84.683482,1.70429,-84.683482,1266.894919,526.82001,1.0,3.240376,1.136476,5.32116
23339.0,0.57823,-0.748886,0.323759,-0.280748,0.189955,0.940796,-0.766048,-0.634892,-0.10041,348.484573,399.777635,180.485972,3.596571,3.595295,3.589033,89.996525,89.972346,89.989695,186.220224,0.076434,0.084662,62.563607,0.846561,321.879827,-469.625803,-159.856703,-469.625803,-1252.504903,57.938914,-159.856703,57.938914,707.330783,178.643908,320.571069,-238.619838,320.571069,-8.561724,192.655653,-238.619838,192.655653,987.092372,859.486872,1.0,2.810154,1.671376,4.020339
27706.0,-0.34241,0.934643,-0.095908,-0.924651,-0.317113,0.210854,0.166659,0.160881,0.972801,118.780809,-100.15325,-4.515858,3.594413,3.592372,3.598796,89.954998,89.993586,89.998243,129.310473,0.084453,0.078435,79.362106,0.861702,-418.949729,222.424957,133.627436,222.424957,74.431467,119.891396,133.627436,119.891396,1423.932149,-99.753252,24.235509,47.540051,24.235509,-116.38121,-71.58495,47.540051,-71.58495,1639.518773,629.228045,1.0,3.568479,0.233765,0.803039
27629.0,-0.194879,0.262721,0.944987,-0.620975,0.712726,-0.326209,-0.759218,-0.650384,0.024247,60.197229,-45.214752,-122.881001,3.595423,3.596325,3.593327,90.015243,90.020407,89.950594,137.111102,0.069036,0.072386,67.946783,0.845745,-124.439634,111.424283,121.949171,111.424283,96.886268,-243.120345,121.949171,-243.120345,965.911134,-203.408854,97.202107,147.543586,97.202107,415.120369,-168.902065,147.543586,-168.902065,1061.081855,869.102993,1.0,1.238405,1.546547,4.004047
27799.0,0.450594,-0.397198,-0.799499,0.859191,0.436117,0.26757,0.242397,-0.807487,0.537781,312.765259,398.815879,-33.15316,3.594647,3.597297,3.594134,90.087601,90.06578,89.999113,170.894344,0.089003,0.08705,61.002873,0.733696,157.866606,575.057156,-64.14197,575.057156,-100.255938,-600.644308,-64.14197,-600.644308,1158.741979,-359.038269,376.996578,8.916078,376.996578,397.838092,3.431214,8.916078,3.431214,1247.315821,1035.795073,1.0,4.389434,1.002993,2.849965
25256.0,-0.25852,-0.761359,0.594558,0.723827,0.254919,0.641163,-0.63972,0.596111,0.485191,-307.648064,-77.952942,-14.267873,3.597298,3.594909,3.59263,89.924278,89.984584,90.001537,141.660021,0.069694,0.071083,81.526862,0.961111,-544.662992,-544.377284,-155.124411,-544.377284,704.316051,-182.381391,-155.124411,-182.381391,712.319072,200.357573,31.514813,35.326741,31.514813,158.403163,70.332048,35.326741,70.332048,1243.210711,729.397197,1.0,2.393892,1.064215,5.462515
22916.0,0.609638,0.473436,-0.635768,-0.193377,0.866642,0.459931,0.768731,-0.157449,0.619889,-139.417548,-125.533528,-185.809934,3.5977,3.593258,3.59511,90.011973,89.92459,90.029813,139.931174,0.061368,0.075035,69.889747,0.891304,-109.273269,-109.457914,191.818438,-109.457914,-136.551731,-112.622175,191.818438,-112.622175,1460.566116,-114.795253,-265.485701,341.39838,-265.485701,-30.030266,-221.025931,341.39838,-221.025931,1408.808515,1579.359049,1.0,4.086113,0.902195,1.772819
23232.0,0.81894,0.46956,-0.329926,-0.384474,0.875729,0.292025,0.426049,-0.112303,0.897703,136.462142,465.878953,171.335,3.594318,3.59015,3.599778,89.984839,90.009733,90.08113,184.321648,0.087224,0.092214,66.551911,0.797814,-514.352287,-1054.000903,-455.682104,-1054.000903,-80.154204,336.114386,-455.682104,336.114386,1302.023789,183.168104,108.644693,-235.835789,108.644693,-503.268049,-191.786784,-235.835789,-191.786784,1440.660414,1170.638737,1.0,3.987855,0.456269,1.828525
23267.0,0.738223,0.649237,0.18308,-0.354231,0.142139,0.924293,0.574062,-0.747187,0.33491,381.539102,77.884754,139.967023,3.596814,3.597342,3.594315,90.042027,89.939122,90.017195,107.98018,0.060163,0.061206,78.153057,0.962766,761.801102,13.228104,70.471526,13.228104,-209.949132,172.525557,70.471526,172.525557,1331.113196,323.02177,84.242865,-38.02598,84.242865,38.811634,74.63168,-38.02598,74.63168,1402.8575,476.886223,1.0,2.946047,1.229286,2.486483
23227.0,0.847712,0.518928,-0.10999,-0.397387,0.758606,0.516334,0.351379,-0.393994,0.849295,425.586069,-374.087898,154.534988,3.594864,3.593202,3.597704,89.982283,89.94839,90.019736,170.073281,0.072572,0.08204,61.269023,0.872222,-100.42996,-56.659464,428.469509,-56.659464,252.924409,409.710669,428.469509,409.710669,979.593877,-248.401294,43.724047,208.947345,43.724047,36.06978,159.071299,208.947345,159.071299,1221.677788,1043.653089,1.0,3.351477,0.556148,2.413305
23215.0,0.863352,0.27171,0.425202,-0.404958,0.875818,0.262588,-0.301052,-0.398895,0.86617,-135.079373,-233.695474,170.93864,3.594794,3.593213,3.596725,90.064755,90.016148,89.99356,131.638457,0.054796,0.063394,70.150309,0.836957,105.644149,-267.018148,97.253299,-267.018148,-321.776412,-38.442022,97.253299,-38.442022,1059.173806,-131.893879,97.452739,-68.756639,97.452739,-102.156122,-3.158328,-68.756639,-3.158328,1182.075718,698.688939,1.0,2.124028,0.523309,3.788104
26914.0,0.175907,-0.648458,-0.740647,0.916062,-0.16762,0.364326,-0.360398,-0.742567,0.564543,301.640419,29.812941,-178.494034,3.592876,3.598044,3.597725,89.980914,90.029424,89.942218,137.607709,0.075811,0.07584,73.709375,0.920635,1171.836655,-383.244989,116.859037,-383.244989,-412.539706,-15.745967,116.859037,-15.745967,1172.341116,-89.012902,-252.023713,166.259153,-252.023713,-47.923209,218.857209,166.259153,218.857209,1351.882966,666.986116,1.0,4.255241,0.970917,3.593444
27873.0,0.475875,-0.56939,-0.670327,0.861549,0.455037,0.225108,0.17685,-0.684643,0.707098,326.693397,496.707927,118.954974,3.599372,3.59599,3.596023,90.055496,89.982675,90.028162,112.366192,0.06916,0.060338,107.013396,0.994652,465.369425,590.663256,185.232141,590.663256,1046.950971,287.362438,185.232141,287.362438,1181.891379,36.570762,55.792158,-185.099677,55.792158,192.473058,-8.454104,-185.099677,-8.454104,1104.252613,387.699598,1.0,4.388404,0.78541,2.888808
24796.0,-0.428884,-0.568224,-0.702268,0.768873,0.178492,-0.613983,0.474229,-0.803282,0.360339,560.470676,-374.662619,-115.577069,3.594062,3.596966,3.59446,90.030868,89.927193,90.002009,113.722396,0.059472,0.061879,74.28369,0.822222,519.602497,-261.088784,-67.167194,-261.088784,-433.399385,-290.735472,-67.167194,-290.735472,966.832887,-203.625846,74.162017,159.118796,74.162017,-74.920584,-52.356148,159.118796,-52.356148,974.040689,640.776577,1.0,5.430814,1.202165,2.608288
26773.0,-0.046112,0.32576,0.944327,-0.99615,-0.085557,-0.019129,0.074562,-0.941573,0.328451,448.146875,516.910396,-24.575912,3.590315,3.59865,3.590048,90.089895,89.891773,89.903637,168.77318,0.066073,0.069748,87.319642,0.972222,-1408.568185,-1151.539493,-10.467335,-1151.539493,-806.834653,669.270222,-10.467335,669.270222,1463.287623,71.849189,-85.874623,-239.737514,-85.874623,-248.524416,146.643778,-239.737514,146.643778,1569.967439,469.568003,1.0,1.550543,1.236133,3.062569
22954.0,0.457593,-0.268088,0.847784,-0.13909,0.920144,0.366044,-0.878216,-0.285417,0.383763,-160.561203,-412.602869,-125.089572,3.598762,3.593961,3.587727,90.111518,90.025542,90.0252,173.903348,0.068426,0.072031,98.745651,1.0,-626.954099,-1398.757508,-661.820981,-1398.757508,-767.530955,-68.828152,-661.820981,-68.828152,1044.514173,-445.553166,-561.838851,179.912577,-561.838851,-27.912763,197.044976,179.912577,197.044976,1450.652061,1316.089497,1.0,1.978384,1.176928,4.39816
29035.0,-0.233468,0.371245,-0.898704,-0.273111,0.862005,0.427035,0.933222,0.345145,-0.09986,577.735986,-396.367115,-116.071182,3.597783,3.593938,3.589535,90.045404,90.009855,89.950616,102.479953,0.05422,0.053903,88.945672,1.0,-767.057994,639.303593,-20.526858,639.303593,-607.930196,24.955063,-20.526858,24.955063,1251.063099,-57.898769,201.656605,76.260205,201.656605,-140.241852,-108.245865,76.260205,-108.245865,1187.887844,505.982055,1.0,4.268804,1.670823,1.216555
25549.0,-0.19008,-0.704692,-0.683578,0.748837,0.346214,-0.565135,0.634911,-0.61931,0.461891,543.4267,34.293994,-91.247509,3.594148,3.59299,3.592775,90.098731,90.02043,90.086453,177.901666,0.081047,0.092487,61.382446,0.815217,-1348.704252,312.484735,237.062001,312.484735,4.173367,-84.181775,237.062001,-84.181775,844.702499,-225.073867,111.626225,212.928136,111.626225,-128.039815,-84.658362,212.928136,-84.658362,918.074412,778.613834,1.0,5.403219,1.09067,2.343756
25902.0,-0.067983,-0.831107,0.551941,0.614895,0.400755,0.67919,-0.785673,0.38556,0.483799,413.667673,494.411541,0.081302,3.594699,3.593808,3.595481,89.97486,90.029856,90.074367,254.118269,0.136903,0.149107,72.166976,0.859459,-137.682378,361.834028,-189.20815,361.834028,-135.562729,245.668606,-189.20815,245.668606,908.974015,-825.174814,-200.32437,384.287864,-200.32437,-157.810646,169.803722,384.287864,169.803722,1237.050755,2257.20779,1.0,2.459188,1.065805,5.1686
29046.0,-0.44081,0.108878,0.890973,-0.453277,0.829752,-0.325656,-0.774743,-0.54741,-0.316411,-3.934349,-346.333513,-101.652699,3.598161,3.597814,3.592864,90.014187,89.989008,90.009908,107.892848,0.057896,0.058361,153.586579,1.0,-76.632861,342.558356,419.433677,342.558356,1123.224427,-25.400946,419.433677,-25.400946,939.810252,-22.476253,-2.225395,117.948908,-2.225395,80.269688,52.988863,117.948908,52.988863,1275.942184,262.824265,1.0,1.220375,1.89274,4.097267
26319.0,-0.007842,-0.844976,-0.534747,0.974939,-0.12536,0.18379,-0.222334,-0.519904,0.824783,4.310124,58.773061,-128.602674,3.59424,3.594322,3.597461,90.020011,90.033473,90.009404,120.20156,0.060701,0.062988,64.286432,0.755319,205.758223,150.090027,-360.708055,150.090027,48.567244,-11.502619,-360.708055,-11.502619,948.321015,-40.547003,139.781227,-74.79983,139.781227,68.86052,36.88151,-74.79983,36.88151,1237.012321,610.338551,1.0,4.381342,0.600978,3.545701
28454.0,0.446948,-0.890847,0.081424,0.510355,0.328685,0.794672,-0.734694,-0.313622,0.601553,-294.682012,-183.998375,159.997073,3.593626,3.593607,3.594845,90.022421,90.053954,89.96315,157.011679,0.07094,0.078629,73.138281,0.850829,-340.185444,-129.008072,192.013589,-129.008072,-238.967545,174.346771,192.013589,174.346771,683.764047,-154.823658,-65.080648,95.034622,-65.080648,309.643225,19.873788,95.034622,19.873788,726.234283,770.289157,1.0,3.039487,0.925352,4.308931
30074.0,-0.440232,-0.849285,0.291394,-0.228993,0.42,0.878159,-0.868192,0.319866,-0.379378,283.843075,-370.874577,-45.076219,3.598545,3.592574,3.593975,90.025707,89.98581,90.058957,88.844446,0.072758,0.071146,82.961039,0.989362,-319.992884,345.848902,180.575886,345.848902,-97.441283,314.834254,180.575886,314.834254,1361.173572,-60.606781,102.257604,236.321908,102.257604,-77.213958,83.294214,236.321908,83.294214,1411.027704,395.179634,1.0,2.821202,1.95992,5.065386
22969.0,-0.557054,-0.526654,0.642127,0.291083,0.600335,0.744895,-0.777793,0.601859,-0.181119,387.807507,387.59984,-16.361496,3.596365,3.597728,3.590733,90.059808,89.994102,90.060229,209.310035,0.122756,0.122247,62.35742,0.705263,152.539249,-620.920253,-249.429733,-620.920253,-675.982788,291.841094,-249.429733,291.841094,1392.099112,-354.60749,-100.336672,-427.193825,-100.336672,128.453784,35.221268,-427.193825,35.221268,1285.462821,1142.965585,1.0,2.430152,1.752921,5.370951
22999.0,-0.185528,0.268925,-0.945124,0.134682,0.959704,0.246636,0.973365,-0.081533,-0.214271,-73.047596,299.05866,-143.244908,3.598961,3.59361,3.594377,89.993223,89.968586,89.997517,78.349091,0.056531,0.051078,126.12154,0.984293,225.278376,-187.224741,-460.116431,-187.224741,11.237184,248.517107,-460.116431,248.517107,1223.742968,9.469294,20.545615,-167.167659,20.545615,80.010053,59.987928,-167.167659,59.987928,1526.228821,253.292098,1.0,4.457126,1.786742,1.654365
25531.0,-0.253564,-0.298025,-0.920264,0.932077,0.17918,-0.314846,0.258725,-0.93759,0.232349,527.205226,90.882441,145.450998,3.594016,3.597715,3.595677,89.997737,89.985652,90.056119,123.008235,0.084497,0.085402,66.04394,0.760638,510.249281,138.545279,88.6701,138.545279,-128.71214,222.003378,88.6701,222.003378,1206.023821,275.735604,176.966,294.336122,176.966,-166.266056,-23.390809,294.336122,-23.390809,1571.369845,440.333054,1.0,5.042031,1.336304,2.872347
22991.0,-0.427081,0.825826,-0.368257,0.239945,0.496173,0.834409,0.871796,0.267999,-0.410059,393.152824,-231.443535,-129.201419,3.598533,3.595229,3.593728,90.013815,90.062104,89.991691,142.487295,0.070986,0.077316,78.252367,0.932961,332.288926,213.468363,-229.334814,213.468363,-168.011101,27.318622,-229.334814,27.318622,1446.200149,155.88191,62.140606,82.188615,62.140606,6.153769,220.700191,82.188615,220.700191,1484.25241,638.337201,1.0,3.55722,1.993315,1.272556
27545.0,-0.277948,0.486167,0.828485,-0.89113,0.191518,-0.41135,-0.358655,-0.852621,0.380006,37.47223,154.161647,113.964366,3.594394,3.597602,3.594746,90.053927,90.056476,90.002081,75.587096,0.0554,0.049443,114.008652,1.0,268.049715,385.662405,104.123174,385.662405,-94.364309,-279.287815,104.123174,-279.287815,1228.257931,-3.413871,42.158584,-85.007856,42.158584,154.583476,-103.801254,-85.007856,-103.801254,1469.801416,419.184452,1.0,1.109945,1.180994,3.539773
27478.0,-0.24691,0.924005,0.291978,-0.857507,-0.348678,0.378292,0.45135,-0.156969,0.878433,-115.67025,300.310814,-63.405944,3.594874,3.596701,3.5976,89.968588,89.922864,89.996821,119.080971,0.061441,0.063906,90.685476,0.984127,807.997119,-263.005952,286.223098,-263.005952,-52.163873,-212.897448,286.223098,-212.897448,1323.075772,-42.009097,-77.628396,36.225212,-77.628396,175.564182,-61.935609,36.225212,-61.935609,1655.30444,703.261077,1.0,2.484265,0.498223,1.905488
26338.0,0.006825,-0.759001,-0.651054,0.81317,0.383135,-0.438135,0.581987,-0.526427,0.619811,-114.36322,-396.770676,-45.039611,3.598779,3.596701,3.593823,90.020319,89.997356,90.035995,182.965018,0.073259,0.078519,58.952949,0.774725,267.599215,-58.946134,479.501541,-58.946134,854.956621,478.203428,479.501541,478.203428,992.682226,1038.529521,88.288334,284.97137,88.288334,-211.653229,130.959323,284.97137,130.959323,1009.421499,1224.06987,1.0,5.304738,0.902294,2.306111
26924.0,0.177513,-0.76827,-0.615021,0.89396,0.387192,-0.225649,0.41149,-0.509749,0.755534,-72.279745,-228.484756,181.625151,3.593963,3.595553,3.596175,90.047448,89.939931,90.036175,101.132105,0.084929,0.064534,85.303822,0.984211,91.396026,-133.774252,63.496873,-133.774252,-242.885349,37.437939,63.496873,37.437939,1260.954697,-64.918147,68.075164,10.291557,68.075164,33.112269,15.451792,10.291557,15.451792,1396.11541,838.896234,1.0,5.064036,0.714327,2.462452
27640.0,0.416857,-0.864939,-0.279483,0.902894,0.429508,0.017459,0.104939,-0.259622,0.959992,428.98579,-265.05424,146.099677,3.592675,3.598419,3.60039,89.968399,89.977699,89.967403,158.90709,0.084641,0.083262,68.847444,0.921053,905.575634,-860.325689,-410.743053,-860.325689,185.230606,85.517715,-410.743053,85.517715,1631.263738,-60.668676,-24.2826,-230.997791,-24.2826,-213.218785,114.6643,-230.997791,114.6643,1809.505941,555.929566,1.0,4.65,0.283823,2.757471
22989.0,0.727307,0.684413,0.05102,-0.266687,0.213338,0.939875,0.632378,-0.697184,0.337686,-163.274755,312.425352,-93.450406,3.598277,3.596008,3.59524,90.082161,89.995702,89.971192,118.733717,0.065587,0.062084,100.378547,0.967033,1122.662225,-583.849846,138.582607,-583.849846,107.426005,344.013978,138.582607,344.013978,945.885995,126.843071,50.921931,60.700799,50.921931,146.418564,-46.711303,60.700799,-46.711303,1351.10678,403.330521,1.0,3.087363,1.226339,2.404898
28335.0,-0.534818,0.801641,0.267098,-0.839803,-0.53919,-0.063289,0.093281,-0.258158,0.961589,-28.025941,76.024359,26.21442,3.594229,3.594313,3.598573,90.038906,89.983656,90.011622,69.267827,0.045866,0.041816,104.691926,0.989247,93.291331,47.585983,-24.02815,47.585983,3.299333,-32.760047,-24.02815,-32.760047,1409.759138,45.53041,25.7398,-2.511687,25.7398,15.660987,-63.482723,-2.511687,-63.482723,1445.152625,367.040692,1.0,1.338136,0.278063,2.794857
28793.0,-0.542374,0.840108,0.006992,-0.643228,-0.420594,0.639811,0.540451,0.34252,0.7685,94.546941,-379.35312,-38.621498,3.593304,3.594944,3.598321,89.982,89.924317,89.996361,118.429536,0.057671,0.063335,89.069476,0.983516,124.03245,-313.259584,-23.41912,-313.259584,-125.15191,492.376604,-23.41912,492.376604,1354.718176,122.312179,-87.492408,133.011225,-87.492408,2.282159,155.325005,133.011225,155.325005,1438.212844,490.662599,1.0,3.130665,0.694303,1.005918
28004.0,0.348932,0.181852,-0.919335,0.534297,0.767334,0.354577,0.769918,-0.614921,0.170584,445.870016,471.979331,50.453657,3.599044,3.595884,3.595246,90.061085,90.022105,90.027736,131.415838,0.067849,0.06742,81.74842,1.0,780.523779,546.016497,89.315658,546.016497,218.06515,263.621914,89.315658,263.621914,1358.670597,185.053685,-155.982593,-208.477757,-155.982593,49.358991,-117.439337,-208.477757,-117.439337,1448.14217,638.192401,1.0,4.344281,1.399374,2.244734
25408.0,-0.220471,-0.69387,-0.68552,0.722034,0.356426,-0.592982,0.655789,-0.625704,0.422416,49.265747,-75.872402,103.666341,3.595516,3.595347,3.594455,90.041572,89.987552,90.047981,117.980959,0.083307,0.073768,72.801052,0.967033,-152.350365,34.256957,89.599397,34.256957,184.385639,-22.881821,89.599397,-22.881821,974.072021,-66.290791,-1.993487,148.898854,-1.993487,219.296082,-204.546394,148.898854,-204.546394,1169.894376,714.670116,1.0,5.425533,1.134688,2.332722
28749.0,0.387398,-0.898884,0.204766,0.349236,0.348644,0.86976,-0.853204,-0.265432,0.448987,-269.515509,57.413204,-120.317514,3.597783,3.595936,3.595018,90.008774,90.062985,89.920982,81.123412,0.071109,0.060707,136.707704,0.978947,92.879146,-269.944767,301.071244,-269.944767,223.139735,-193.945552,301.071244,-193.945552,1640.41514,193.153604,-11.358258,-160.519927,-11.358258,254.343469,4.981271,-160.519927,4.981271,1174.164082,266.136214,1.0,2.910375,1.105165,4.41078
27618.0,0.410874,-0.456446,-0.789202,0.90652,0.112462,0.406909,-0.096977,-0.882615,0.459985,343.645285,-295.662414,-44.960028,3.592262,3.599803,3.595457,89.972318,90.071303,89.98653,105.855838,0.076245,0.065829,96.491978,0.989362,1068.492931,-162.218821,437.574544,-162.218821,-695.274715,-446.494527,437.574544,-446.494527,1245.91746,244.682789,-33.39759,251.353618,-33.39759,-230.309985,83.367454,251.353618,83.367454,1212.342177,400.780148,1.0,4.236343,1.092818,3.251028
23997.0,0.745464,0.62882,-0.221065,-0.609885,0.777301,0.154413,0.268932,0.019715,0.962957,-125.506129,13.816495,-198.271065,3.591895,3.593011,3.598069,90.00833,89.974486,90.005029,175.645454,0.084285,0.089042,58.363628,0.764706,-445.440374,145.529908,-267.077374,145.529908,-347.208204,75.4918,-267.077374,75.4918,1147.214942,-224.731933,-88.87114,-32.521367,-88.87114,-104.480612,162.940211,-32.521367,162.940211,1415.544142,998.808963,1.0,4.102673,0.273033,1.497619
27001.0,-0.083671,0.809611,0.580973,-0.777532,-0.417688,0.470087,0.623253,-0.412392,0.664446,-28.870802,439.512653,-154.576299,3.595697,3.592389,3.59593,90.004044,89.937171,90.064425,113.623282,0.074806,0.071772,84.657507,0.962963,-91.729599,389.051867,186.803541,389.051867,-399.528907,-277.623975,186.803541,-277.623975,1134.398431,-2.02958,137.503809,64.109984,137.503809,1.540357,36.192984,64.109984,36.192984,1148.798486,447.192775,1.0,2.251084,0.844044,2.155337
22819.0,-0.45586,0.377854,-0.805865,0.217553,0.925253,0.310769,0.863054,-0.033651,-0.503989,356.858615,348.539016,-135.365321,3.597156,3.590464,3.594567,89.93918,90.10218,89.990718,145.280951,0.06534,0.070915,67.79415,0.896739,-835.090208,-548.609598,88.838999,-548.609598,-540.91076,-158.91779,88.838999,-158.91779,1509.238694,190.479609,-56.750882,-370.244566,-56.750882,-226.848788,61.531944,-370.244566,61.531944,1340.467933,494.615369,1.0,4.344328,2.099008,1.609767
27038.0,0.144592,-0.92763,0.344377,0.527721,0.366699,0.766187,-0.837021,0.070951,0.542552,169.784884,332.344857,4.417446,3.597398,3.592488,3.594744,89.981657,90.062415,90.034159,107.79493,0.070223,0.06472,81.588192,0.966851,-366.453006,147.007196,-244.784954,147.007196,-110.510003,-27.699007,-244.784954,-27.699007,1291.407361,-120.799005,170.178885,-83.687094,170.178885,86.308492,-152.727388,-83.687094,-152.727388,1295.301124,569.923368,1.0,2.719181,0.997325,4.796953
27942.0,0.500125,-0.275211,-0.821057,0.857667,0.288277,0.425797,0.119508,-0.917145,0.380214,106.452398,140.157307,-145.005467,3.593044,3.598296,3.593894,89.998286,89.969413,90.064877,102.960554,0.05783,0.057296,84.574416,0.978022,-24.732662,-283.336216,607.45573,-283.336216,-155.657628,174.020144,607.45573,174.020144,1163.0831,105.359621,86.164424,53.403195,86.164424,20.407862,28.929838,53.403195,28.929838,1495.112618,465.68272,1.0,4.233975,1.180769,3.012019
24287.0,-0.378522,-0.773429,0.508457,0.489131,0.299215,0.819281,-0.785794,0.558818,0.265049,-47.875149,476.605332,-80.256061,3.595725,3.594501,3.596229,90.003081,90.015504,90.096407,111.732521,0.059135,0.059291,96.855646,0.994737,-79.492085,572.54586,-102.279263,572.54586,203.046861,-2.978183,-102.279263,-2.978183,1198.097995,-28.897326,11.053311,86.19917,11.053311,20.431949,-81.637973,86.19917,-81.637973,1227.76185,521.661773,1.0,2.586154,1.302542,5.33056
28664.0,-0.284803,0.267997,0.920361,-0.399134,0.839783,-0.368045,-0.871538,-0.472168,-0.132206,497.079849,-58.525891,155.453851,3.597668,3.595636,3.591842,90.000766,89.983392,89.970268,78.145787,0.051047,0.04957,92.286323,0.98913,-484.392631,289.366637,135.25029,289.366637,302.743228,57.862921,135.25029,57.862921,1140.308197,-66.291606,64.065672,108.518953,64.065672,54.335845,2.794339,108.518953,2.794339,1278.14154,369.621115,1.0,1.190383,1.703391,4.215891
25276.0,-0.014812,0.466546,-0.884373,0.159832,0.874202,0.458503,0.987033,-0.13456,-0.087518,356.061229,-217.798228,26.553219,3.600605,3.594685,3.594946,90.007573,90.023668,90.023248,92.141781,0.065122,0.058606,87.736966,0.989362,327.578792,21.686659,62.73053,21.686659,135.626722,4.277887,62.73053,4.277887,1911.799015,54.667494,141.70984,-2.704655,141.70984,47.033812,102.34303,-2.704655,102.34303,1918.00488,543.704143,1.0,4.234091,1.658426,1.706289
23036.0,0.854311,0.259887,0.450125,-0.339969,0.934477,0.105706,-0.39316,-0.243334,0.886687,365.83095,499.134741,-183.779159,3.591311,3.598322,3.597169,89.943152,90.179859,89.943305,230.397195,0.087787,0.102889,84.597003,0.887701,-1132.205009,1225.857999,-475.144124,1225.857999,895.979099,504.170667,-475.144124,504.170667,1649.959739,-225.334437,-137.895949,155.065454,-137.895949,-247.050268,133.69294,155.065454,133.69294,1374.817342,689.625802,1.0,1.801453,0.480666,4.158175
28868.0,0.398255,0.30821,-0.863944,0.333242,0.828892,0.44932,0.854601,-0.466847,0.227402,386.222231,88.903745,154.026607,3.60003,3.595496,3.595397,90.06199,90.009757,89.995451,128.128112,0.069372,0.069472,77.119063,0.966667,980.267174,517.040809,236.953469,517.040809,171.515997,350.901901,236.953469,350.901901,1414.024775,29.686732,193.386709,238.655622,193.386709,152.742828,305.06811,238.655622,305.06811,1410.64913,573.104848,1.0,4.232807,1.341388,2.070775
27694.0,-0.340358,0.668526,0.661234,-0.926906,-0.120287,-0.355495,-0.15812,-0.733897,0.660601,473.895405,-159.175673,-17.013564,3.594017,3.596195,3.596079,90.069136,89.988191,89.975212,114.04441,0.050428,0.057906,74.962333,1.0,-124.608217,-168.11947,-22.792532,-168.11947,178.184297,-96.843273,-22.792532,-96.843273,1223.140032,151.541813,-70.289185,-33.65843,-70.289185,118.572015,-130.815887,-33.65843,-130.815887,1429.272341,582.818354,1.0,1.077504,0.849178,3.353801
27554.0,-0.302447,0.666857,0.681049,-0.951261,-0.25633,-0.171456,0.060237,-0.699712,0.711881,164.418695,274.505244,108.770989,3.594972,3.594134,3.596484,90.103877,89.972808,90.039187,232.398029,0.10298,0.112621,60.269003,0.722222,-394.449284,301.558424,187.786621,301.558424,125.945788,-422.086269,187.786621,-422.086269,1348.830901,26.512327,3.993134,-28.742736,3.993134,-6.701007,-131.443405,-28.742736,-131.443405,1334.019756,1240.332528,1.0,1.324169,0.778623,3.055716
27238.0,-0.096735,0.491377,0.865558,-0.565025,0.688812,-0.454185,-0.819383,-0.532997,0.211008,168.411879,-374.593158,-79.563725,3.596464,3.594426,3.591768,89.985394,90.078979,89.928752,116.245868,0.065567,0.060893,77.715303,0.957447,-237.571573,461.904679,148.908855,461.904679,-743.870867,43.738587,148.908855,43.738587,1246.491169,-171.525301,108.030304,102.466073,108.030304,183.264668,231.332672,102.466073,231.332672,1444.194722,424.712845,1.0,1.08756,1.35819,4.135672
23541.0,0.529613,0.806702,-0.262187,-0.298235,0.466451,0.832754,0.794082,-0.362844,0.487625,82.624389,378.157514,104.42799,3.596634,3.595169,3.593582,90.015654,89.945185,90.029087,98.568884,0.053585,0.056082,104.14207,1.0,144.868542,203.927758,70.993668,203.927758,-190.143747,-140.042752,70.993668,-140.042752,1070.228913,153.49727,30.767918,-43.003251,30.767918,113.003844,-2.873274,-43.003251,-2.873274,1248.955363,542.584884,1.0,3.446611,1.061429,1.999402
29980.0,-0.684804,0.727843,-0.035889,-0.350861,-0.286148,0.891636,0.638701,0.623189,0.451327,160.775599,238.273549,-12.152712,3.596132,3.596478,3.595926,89.918403,89.968077,89.993723,82.419575,0.058557,0.053259,98.541427,0.974093,593.697032,281.785888,171.880722,281.785888,56.206557,356.634875,171.880722,356.634875,1251.261528,392.588972,116.327805,-65.115433,116.327805,159.425401,45.054953,-65.115433,45.054953,1242.204316,382.266641,1.0,3.181822,1.102544,0.797691
27670.0,0.424124,-0.272524,-0.863626,0.894451,0.275266,0.3524,0.141689,-0.921932,0.360506,477.522154,315.079115,-96.319433,3.592198,3.597782,3.596174,90.056116,90.022744,90.016233,105.458616,0.069119,0.061772,97.232052,0.989305,414.243304,-148.002801,-241.490365,-148.002801,-508.531394,-105.5002,-241.490365,-105.5002,1333.041215,-203.495665,94.60058,17.880416,94.60058,117.782573,3.265158,17.880416,3.265158,1364.005895,383.805152,1.0,4.324965,1.201986,2.989099
27225.0,0.292326,-0.798041,-0.52695,0.955507,0.221041,0.195313,-0.03939,-0.560599,0.82715,-118.151203,-406.623067,36.857379,3.592426,3.595478,3.597906,90.046912,90.047965,90.013287,114.010187,0.062071,0.061118,76.843222,0.967391,392.464775,72.697968,-229.996731,72.697968,-551.438946,-153.038661,-229.996731,-153.038661,1301.827407,74.166277,31.356162,-24.03547,31.356162,162.991657,72.439706,-24.03547,72.439706,1411.12693,527.931534,1.0,4.357439,0.596779,3.211742
23415.0,0.747109,-0.440664,0.497638,-0.40361,0.294101,0.866374,-0.528135,-0.848127,0.041869,54.021356,-430.722558,92.16101,3.591088,3.595829,3.593561,90.006891,90.006339,89.878941,130.210609,0.070413,0.073128,69.598963,0.929348,-1066.95025,535.531113,124.308951,535.531113,-394.921222,-37.463702,124.308951,-37.463702,1119.356953,-367.562778,-79.485139,150.37511,-79.485139,27.960183,-173.995962,150.37511,-173.995962,1220.651775,490.995616,1.0,2.620216,1.528915,3.698542
27782.0,-0.366039,0.561502,0.742113,-0.913273,-0.06358,-0.402355,-0.178739,-0.825029,0.536077,-100.032268,-168.468288,45.42669,3.592265,3.596438,3.59439,90.058379,89.972001,89.996941,136.611935,0.078495,0.077573,89.994257,0.888298,-332.097095,-221.444341,-218.65981,-221.444341,-198.003983,-299.888206,-218.65981,-299.888206,917.004955,-74.498863,142.223001,42.888199,142.223001,-92.676556,-185.797313,42.888199,-185.797313,997.852023,840.910738,1.0,1.073981,1.005013,3.354942
29359.0,-0.78264,0.553333,0.285125,-0.611344,-0.769501,-0.184735,0.117184,-0.31889,0.940519,322.786856,-111.820681,-94.832017,3.592745,3.592467,3.598363,90.080403,90.010664,89.928706,150.895155,0.067934,0.074983,68.914604,0.892473,-937.178241,343.097583,392.786207,343.097583,49.872806,296.151034,392.786207,296.151034,1407.234849,112.273951,-34.745,-81.09266,-34.745,-195.688413,-7.797335,-81.09266,-7.797335,1354.237646,640.798223,1.0,0.995892,0.34664,2.789437
27403.0,0.345511,-0.8274,-0.442755,0.93605,0.337343,0.100052,0.066577,-0.44901,0.891043,-301.30605,236.534202,-7.087903,3.593572,3.594727,3.600271,90.026546,89.958552,90.062492,118.721674,0.066186,0.062954,94.817409,0.994624,525.292929,102.501566,-275.989634,102.501566,-328.980283,579.145664,-275.989634,579.145664,1714.428192,436.496779,63.471771,-219.980556,63.471771,159.582661,105.747745,-219.980556,105.747745,1415.241326,525.238942,1.0,4.490145,0.471159,2.994391
23073.0,0.83778,0.010803,0.545901,-0.342472,0.78908,0.509967,-0.42525,-0.614196,0.664775,68.032227,-425.411044,-188.736882,3.591061,3.597365,3.595665,89.939273,90.092131,89.940311,223.330574,0.116508,0.124058,61.851647,0.827957,-1128.376936,753.244072,-251.645477,753.244072,1060.566961,-11.789023,-251.645477,-11.789023,730.744,-200.199741,74.494001,76.398392,74.494001,-46.467299,45.879022,76.398392,45.879022,1102.508201,733.303389,1.0,2.322175,0.843603,3.747178
28128.0,-0.474098,0.062032,0.878284,-0.879739,-0.07406,-0.469653,0.035912,-0.995323,0.089683,-231.584563,-21.17311,-18.161678,3.593462,3.598087,3.591412,90.027966,89.986257,89.977084,144.469772,0.066645,0.070111,60.901325,0.902703,-695.120542,182.477727,181.373277,182.477727,-132.51254,169.406429,181.373277,169.406429,1178.455696,-670.283276,110.979865,18.721041,110.979865,-362.941359,-22.762688,18.721041,-22.762688,1532.841659,898.949073,1.0,1.079745,1.480992,3.105528
23076.0,-0.881893,-0.33615,-0.330556,0.471224,-0.606819,-0.640093,0.01458,-0.720259,0.693552,537.266718,78.892667,149.35442,3.589201,3.595018,3.595714,90.067413,90.02113,90.083088,158.659108,0.078773,0.078299,68.278143,0.843243,-1595.051658,121.062617,-369.712349,121.062617,98.747453,72.693902,-369.712349,72.693902,1002.955912,-306.844772,253.348684,-16.655553,253.348684,95.253427,-25.626594,-16.655553,-25.626594,1513.323014,1019.251222,1.0,5.806489,0.804389,3.121353
23597.0,0.498364,0.866443,-0.030166,-0.288188,0.198377,0.9368,0.817668,-0.458174,0.348562,18.622875,141.11976,-142.483741,3.596897,3.593838,3.594514,89.997599,89.971734,90.054159,129.719894,0.06102,0.067114,71.012256,0.875,-222.878787,78.136948,160.96856,78.136948,147.109273,-121.426434,160.96856,-121.426434,1062.777146,-135.778584,80.252843,59.208695,80.252843,79.108026,-52.183894,59.208695,-52.183894,1312.260071,758.643052,1.0,3.173783,1.214759,2.081545
23075.0,0.825688,0.487956,0.283086,-0.33862,0.027348,0.940526,0.451194,-0.87244,0.187812,531.965167,372.165586,90.731754,3.593759,3.597972,3.591713,90.035772,90.06204,90.066262,130.943517,0.075834,0.072926,83.553095,0.952632,-612.30975,-567.410998,-344.926274,-567.410998,-202.642284,-246.864461,-344.926274,-246.864461,1298.739758,-9.597689,-109.596762,-62.965692,-109.596762,168.163584,1.417587,-62.965692,1.417587,1252.958163,890.895618,1.0,2.84923,1.381862,2.664309
23094.0,0.860899,-0.043495,0.506913,-0.360524,0.650864,0.668131,-0.358992,-0.757948,0.544647,-80.627528,353.690618,142.649279,3.594174,3.595725,3.595422,90.084702,90.039702,89.945432,137.343266,0.068157,0.075255,83.130571,0.994652,-139.62786,21.204479,9.566465,21.204479,-285.902926,196.224864,9.566465,196.224864,1431.529111,-75.61861,57.1915,-53.291717,57.1915,-29.196127,-110.461086,-53.291717,-110.461086,1225.28795,790.793914,1.0,2.492544,0.994828,3.583928
26447.0,0.034841,-0.631634,-0.774483,0.883441,-0.342848,0.319354,-0.467245,-0.695337,0.546066,-32.974204,-231.354688,-193.926512,3.595475,3.59657,3.593718,90.106339,90.029527,89.987913,100.828038,0.060982,0.056745,79.772705,0.958974,-633.464932,240.888755,90.274643,240.888755,418.081669,233.532464,90.274643,233.532464,1343.904935,-33.717759,-23.159405,-98.115064,-23.159405,22.591106,-105.932665,-98.115064,-105.932665,1027.969657,509.978729,1.0,4.321286,0.993135,3.733257
23388.0,0.872857,0.472425,-0.122213,-0.469738,0.881286,0.051773,0.132163,0.012217,0.991153,122.141523,-274.310007,54.333618,3.594725,3.592983,3.600601,89.994935,89.956089,89.988101,97.677867,0.060076,0.059247,89.685119,0.973404,144.382748,-119.540037,152.732101,-119.540037,-243.080466,-47.004571,152.732101,-47.004571,1937.585115,160.035476,-8.686845,-17.753246,-8.686845,39.455223,-25.536777,-17.753246,-25.536777,1723.945497,560.069645,1.0,4.311678,0.13312,1.478616
28140.0,-0.269569,0.390386,0.880302,-0.534171,0.69999,-0.473999,-0.801245,-0.598007,0.019837,-191.241847,64.657761,65.574295,3.597686,3.595187,3.592336,90.023871,90.010493,89.928177,96.92132,0.063961,0.056802,79.330761,0.978723,-438.030583,123.394639,214.278325,123.394639,0.713229,57.428384,214.278325,57.428384,1412.764004,-19.530176,148.700317,75.485715,148.700317,46.550508,89.225111,75.485715,89.225111,1413.034,497.847088,1.0,1.076864,1.550958,4.07123
23101.0,0.852353,0.421699,0.309296,-0.358772,0.041208,0.932515,0.380495,-0.905799,0.186417,-254.299244,-18.600007,108.773184,3.594257,3.59985,3.594223,90.004408,89.99792,90.013544,90.973015,0.066784,0.059075,87.242199,0.989583,289.644425,34.851261,-509.955922,34.851261,82.127372,-62.512198,-509.955922,-62.512198,1472.922573,172.643753,16.728762,-91.18407,16.728762,17.380441,9.686715,-91.18407,9.686715,1362.140063,432.960733,1.0,2.821332,1.383282,2.743909
25224.0,0.340991,-0.642566,0.686174,-0.652977,0.363199,0.664611,-0.676274,-0.674682,-0.295733,-286.016898,360.477686,-70.450353,3.595601,3.590853,3.593723,89.999315,89.960384,89.866585,181.503076,0.104514,0.097989,75.177372,0.735135,-672.359806,626.039801,-424.778096,626.039801,-782.880154,560.120134,-424.778096,560.120134,1028.541617,-276.670454,-63.837914,-66.577025,-63.837914,42.059528,281.036484,-66.577025,281.036484,1108.98735,797.916524,1.0,2.340233,1.87102,3.928169
28133.0,-0.47359,0.087261,0.876412,-0.877125,0.043396,-0.478297,-0.079769,-0.99524,0.055987,132.757995,307.045074,-136.247171,3.595993,3.60082,3.592109,89.975719,89.985444,90.060472,103.786478,0.070957,0.065562,101.800616,0.978022,-266.99431,439.481693,-611.301661,439.481693,475.328008,-388.075549,-611.301661,-388.075549,1800.585352,-366.758913,70.184332,-75.533609,70.184332,-37.729297,-1.713533,-75.533609,-1.713533,1532.390281,429.631627,1.0,1.071226,1.51478,3.221572
23104.0,0.765815,-0.389201,0.511908,-0.318981,0.461301,0.827921,-0.558371,-0.797323,0.229124,-56.905362,-418.510558,-178.934126,3.594508,3.597115,3.595549,90.029649,90.024256,89.935581,63.223672,0.078837,0.068935,105.378152,0.984043,-43.465407,183.719113,190.481205,183.719113,270.509326,43.102561,190.481205,43.102561,1294.549185,128.211781,-65.283084,99.926785,-65.283084,40.461447,-90.016262,99.926785,-90.016262,1092.385532,304.63863,1.0,2.587822,1.339619,3.752525
28235.0,-0.312342,0.36431,0.877337,-0.565137,0.671085,-0.47986,-0.763586,-0.645696,-0.003723,-41.055224,-410.305743,179.288114,3.596701,3.591906,3.594407,89.946064,90.047615,89.935092,171.086668,0.072941,0.075161,63.95916,0.893048,510.432005,45.102713,283.367003,45.102713,-927.73521,484.389818,283.367003,484.389818,781.628588,318.694217,10.733094,40.43449,10.733094,-138.435644,87.416733,40.43449,87.416733,1129.698396,957.908107,1.0,1.070297,1.574519,4.010449
27224.0,0.277326,-0.59038,-0.757985,0.896503,-0.124695,0.425128,-0.345504,-0.797435,0.494696,-345.093061,479.47996,169.707568,3.594233,3.596774,3.593812,89.966483,90.00788,89.970696,175.937116,0.088389,0.084405,62.43208,0.885417,478.848867,-61.603998,436.373468,-61.603998,-58.221286,-263.877455,436.373468,-263.877455,447.003954,-80.798452,137.806343,-92.19976,137.806343,-2.195609,-44.071937,-92.19976,-44.071937,1000.402946,770.567711,1.0,4.201242,1.053311,3.550447
23526.0,0.648148,-0.269729,0.712145,-0.373246,0.702614,0.605823,-0.663771,-0.658468,0.354722,142.357832,-183.49366,172.76637,3.597387,3.59757,3.594704,90.048948,89.981501,89.950592,118.626037,0.080296,0.074261,78.303107,0.988889,757.596048,-215.060338,-84.171988,-215.060338,57.604458,-301.554894,-84.171988,-301.554894,1399.060507,152.289433,-58.667252,-123.779387,-58.667252,152.378577,-195.521809,-123.779387,-195.521809,1373.314288,656.89879,1.0,2.275698,1.208179,3.931001
28492.0,-0.285538,0.873926,0.393348,-0.440678,-0.484199,0.75588,0.851041,0.042493,0.523377,542.310759,-119.55116,69.155429,3.597365,3.598377,3.595419,89.982317,89.958988,89.933465,161.19826,0.07929,0.082055,78.764661,0.905028,831.041988,-490.48789,463.956442,-490.48789,616.762907,-356.384301,463.956442,-356.384301,1183.667793,138.379438,152.920748,-30.177424,152.920748,232.945415,-41.17114,-30.177424,-41.17114,1375.419273,787.848886,1.0,2.661772,1.019988,1.520907
23119.0,0.430463,0.659112,-0.616662,-0.157758,0.727624,0.667589,0.888715,-0.190089,0.417196,37.643168,-284.407488,13.933722,3.59882,3.594558,3.595054,90.037308,89.949356,89.999412,84.400741,0.050816,0.049315,101.064893,0.994595,487.976892,36.739428,130.017085,36.739428,-136.841991,51.852328,130.017085,51.852328,1521.439796,311.38859,12.944141,77.91508,12.944141,104.947058,-82.264851,77.91508,-82.264851,1473.709628,459.586532,1.0,3.887357,1.140439,1.781514
27005.0,-0.109253,0.624584,0.773278,-0.916397,-0.364653,0.16506,0.385072,-0.690596,0.612206,118.454116,25.228817,19.934026,3.594041,3.596614,3.595802,90.042014,89.947365,90.032783,84.927754,0.053047,0.05117,83.48354,0.994595,218.400937,-216.481884,-5.227285,-216.481884,-138.60861,-15.518204,-5.227285,-15.518204,1242.922402,328.927327,-73.063059,-64.436431,-73.063059,58.106315,4.306936,-64.436431,4.306936,1107.439376,438.714539,1.0,1.781096,0.911948,2.632938
23120.0,-0.34822,-0.751516,0.560327,0.224545,0.513465,0.828211,-0.910122,0.414218,-0.01005,283.049573,-180.767114,-133.940657,3.59654,3.592827,3.593864,89.950702,89.98147,90.070957,212.671377,0.116153,0.116329,66.327462,0.843243,-832.68555,98.45955,12.224684,98.45955,234.427722,41.536122,12.224684,41.536122,1023.269454,-121.190686,81.358086,192.688594,81.358086,-222.483943,-114.643236,192.688594,-114.643236,1362.707036,1134.195129,1.0,2.546778,1.580846,5.139496
24536.0,0.432361,0.537581,-0.723928,-0.490646,0.813847,0.311319,0.756525,0.22059,0.615637,242.649834,-127.661614,-162.269088,3.596543,3.594234,3.592699,89.978115,89.941768,89.981262,111.694584,0.063561,0.060271,79.23434,0.93617,-401.947245,142.900692,371.931753,142.900692,16.886464,-162.266326,371.931753,-162.266326,878.640521,45.316013,-22.02878,74.729434,-22.02878,96.486115,-134.695553,74.729434,-134.695553,1182.544801,768.073016,1.0,4.306256,0.907602,1.287079
26063.0,0.168555,0.679427,0.71412,-0.831009,-0.291679,0.473653,0.530107,-0.673277,0.515446,195.004261,62.311528,-108.031764,3.595686,3.596064,3.595555,90.066308,89.976758,90.072403,91.447096,0.062826,0.056733,96.018776,0.989071,-131.228006,184.944197,-47.168211,184.944197,190.926076,-8.153657,-47.168211,-8.153657,1498.188482,105.198547,236.709988,-62.254502,236.709988,128.54251,-95.522888,-62.254502,-95.522888,1406.882234,473.743862,1.0,2.156442,1.029268,2.474611
29408.0,-0.718537,0.673,-0.175428,-0.549985,-0.395447,0.73562,0.4257,0.625053,0.654284,-233.834284,215.484435,-130.758695,3.595225,3.594,3.596828,89.968003,89.971388,89.929923,75.892114,0.062856,0.055658,96.510781,0.994595,-367.012766,29.896875,-337.51829,29.896875,457.864144,30.389649,-337.51829,30.389649,1119.223148,308.189916,-41.445481,12.092143,-41.445481,231.93319,23.096314,12.092143,23.096314,1176.012245,388.96765,1.0,3.375697,0.857561,0.597903
28426.0,0.599856,-0.783108,-0.164056,0.728751,0.450106,0.516069,-0.330295,-0.429123,0.84069,416.840824,485.961578,-34.821513,3.589763,3.594917,3.596674,90.030299,90.07632,89.970945,154.631856,0.058514,0.067163,69.510573,0.944751,-395.062453,-744.762017,1.128797,-744.762017,-806.395933,105.288545,1.128797,105.288545,1103.931529,-141.582988,-174.728349,-43.343776,-174.728349,73.912556,166.632058,-43.343776,166.632058,1281.071947,779.907554,1.0,3.449385,0.572241,3.797582
23171.0,-0.760982,0.32722,-0.560208,0.442697,0.893124,-0.079679,0.474263,-0.308637,-0.824511,-325.559421,430.120878,-144.854043,3.59543,3.593658,3.599042,89.957392,89.994676,90.040846,94.726295,0.057377,0.05627,85.857427,0.983957,769.122636,-113.001754,355.782427,-113.001754,-299.768132,-183.68524,355.782427,-183.68524,1319.166621,55.075957,157.018004,148.61025,157.018004,118.355856,-9.145577,148.61025,-9.145577,1059.432176,424.181547,1.0,4.853672,2.540133,2.147713
27900.0,0.435908,0.238604,-0.867786,0.763821,0.411871,0.496931,0.475985,-0.879449,-0.002713,532.849781,444.562865,-32.511799,3.592255,3.596502,3.591794,89.954028,89.974117,90.119978,127.759405,0.05645,0.056529,76.755669,0.988701,-1042.258032,-404.71121,246.276537,-404.71121,-613.200616,-53.719823,246.276537,-53.719823,1333.205693,-231.182036,262.862173,92.672501,262.862173,47.639887,-58.356772,92.672501,-58.356772,1331.695199,407.486963,1.0,4.192329,1.573509,2.645507
29797.0,-0.777329,-0.14787,0.611469,-0.446307,0.814641,-0.370364,-0.443362,-0.560797,-0.69924,236.977113,-54.987664,167.570097,3.593345,3.594093,3.595057,89.935856,89.957398,90.009543,141.047867,0.070437,0.069719,70.401554,0.852632,-445.817354,229.569325,-261.359188,229.569325,-105.54694,12.246152,-261.359188,12.246152,771.536947,418.883367,-81.863318,-60.311677,-81.863318,-67.92028,-136.297439,-60.311677,-136.297439,942.467333,632.858127,1.0,1.0262,2.34513,3.810571
26055.0,-0.094595,-0.452182,-0.886895,0.964761,0.17809,-0.193699,0.245535,-0.873965,0.419401,475.284083,278.776902,169.9337,3.593691,3.597112,3.592855,90.073755,89.972482,90.044666,137.679089,0.058285,0.065825,61.252575,0.861878,-556.362579,-95.772173,34.393174,-95.772173,-216.24102,110.69032,34.393174,110.69032,1316.144672,-113.404867,-36.487213,374.651273,-36.487213,29.457066,-13.370021,374.651273,-13.370021,1391.686814,766.200547,1.0,4.927414,1.13801,2.867709
23195.0,0.642356,0.1611,0.749283,-0.281856,0.9588,0.035487,-0.712696,-0.233986,0.661298,576.576129,-130.47471,59.111035,3.595221,3.595336,3.598256,90.007123,90.048258,89.970693,93.88738,0.062158,0.06278,87.191588,0.994505,474.643896,207.774229,399.900946,207.774229,264.061963,-95.157502,399.900946,-95.157502,1239.986795,304.468212,-22.966729,103.120069,-22.966729,240.131019,-124.244202,103.120069,-124.244202,1344.365825,442.68973,1.0,1.618122,0.848249,4.395166
23200.0,0.370928,-0.518213,0.770628,-0.14107,0.788754,0.598303,-0.917884,-0.33064,0.219467,305.061783,-398.484255,-68.29742,3.596763,3.595862,3.59423,90.056337,89.995556,89.938753,165.900913,0.083842,0.088812,68.928857,0.78453,519.886337,-168.718086,183.745405,-168.718086,-201.918981,-399.778496,183.745405,-399.778496,1115.200448,-161.612157,-32.262392,-164.975752,-32.262392,78.07598,-51.046043,-164.975752,-51.046043,1237.367169,837.262973,1.0,2.23097,1.349528,4.366639
27869.0,0.47967,-0.825849,-0.296461,0.872079,0.486023,0.057102,0.096929,-0.285927,0.953336,9.242928,318.973116,181.07861,3.591318,3.590981,3.596094,90.096491,90.010706,90.008494,181.427878,0.076239,0.088569,63.576588,0.847368,-993.224385,234.405059,169.091753,234.405059,-855.492974,-353.63252,169.091753,-353.63252,927.183087,-164.610494,201.768662,-118.205964,201.768662,-123.209508,2.463935,-118.205964,2.463935,978.808099,938.111756,1.0,4.522107,0.306695,2.814751
25602.0,0.293812,0.736512,0.609282,-0.799967,0.538354,-0.265007,-0.52319,-0.409543,0.74736,278.6527,88.149336,77.538277,3.595872,3.595824,3.596138,90.038694,90.054217,89.977094,43.009245,0.057401,0.046927,132.671312,0.989362,182.469955,119.366148,-117.730102,119.366148,273.341531,42.113923,-117.730102,42.113923,1250.26598,326.616388,4.130489,35.040807,4.130489,247.050201,29.337087,35.040807,29.337087,1306.284564,176.955083,1.0,1.160529,0.726717,4.048236
26675.0,0.103369,-0.769674,-0.630013,0.899066,-0.198622,0.390166,-0.425435,-0.606754,0.671457,529.681884,-385.225752,-119.271376,3.593684,3.592996,3.59419,90.145185,90.066446,90.054563,158.671002,0.080574,0.078542,69.680893,0.842391,-1196.403001,802.715463,-302.136152,802.715463,-87.044483,449.032383,-302.136152,449.032383,1048.364355,-38.901886,150.080887,69.14092,150.080887,-1.03893,11.106151,69.14092,11.106151,1037.468345,854.045808,1.0,4.157901,0.834623,3.7531
27113.0,0.242747,-0.638947,-0.729946,0.917964,0.394626,-0.040156,0.313713,-0.660316,0.682324,434.328265,-337.3713,-163.324699,3.591886,3.591097,3.590556,90.17789,90.12952,90.09918,250.546206,0.094517,0.100496,66.803744,0.908108,-1626.604227,1645.989661,402.892605,1645.989661,-1096.189049,-665.77394,402.892605,-665.77394,443.052061,-65.412338,69.50354,-105.131261,69.50354,-68.831911,62.178145,-105.131261,62.178145,1162.866276,802.809616,1.0,4.767346,0.819859,2.698067
23255.0,0.415196,-0.729575,0.543445,-0.171046,0.52411,0.834297,-0.893507,-0.439351,0.092817,115.4207,-81.781312,148.353762,3.597701,3.594962,3.594597,89.987492,89.990474,89.954322,78.540425,0.05886,0.055569,93.494954,0.98913,106.001808,22.197668,-171.160994,22.197668,247.207175,-146.343193,-171.160994,-146.343193,1193.469983,126.224043,153.43089,-36.984255,153.43089,19.134312,67.99257,-36.984255,67.99257,1368.268055,354.141551,1.0,2.564247,1.477845,4.255391
25934.0,-0.067308,-0.831303,0.551729,0.614506,0.401113,0.679331,-0.786036,0.384765,0.483843,430.698646,517.137072,-19.521485,3.594725,3.59451,3.596599,89.959457,90.027318,90.042766,143.889706,0.077428,0.078212,76.58992,0.86631,-1.881819,224.752425,-31.749446,224.752425,270.238467,409.371094,-31.749446,409.371094,881.308971,-59.382293,53.998549,18.92106,53.998549,3.04278,-55.623997,18.92106,-55.623997,1198.855185,580.856351,1.0,2.459478,1.065756,5.167602
23716.0,0.530511,0.83119,-0.166377,-0.338742,0.387795,0.857245,0.777053,-0.398419,0.487289,140.712765,150.955317,23.246729,3.599363,3.592585,3.592916,90.010207,89.963565,90.01202,160.716818,0.078951,0.082223,61.389088,0.857895,43.128312,-239.005166,723.4863,-239.005166,-298.412022,-330.543052,723.4863,-330.543052,1135.314233,334.826871,-213.695624,789.511885,-213.695624,-532.141915,-162.48887,789.511885,-162.48887,1288.200269,860.841294,1.0,3.333292,1.061814,2.044577
24528.0,0.332174,0.571686,-0.750224,-0.355512,0.812611,0.461818,0.873654,0.11331,0.473169,123.639862,12.396401,-77.44044,3.598025,3.594946,3.593824,90.004693,89.935992,89.992922,97.851498,0.057941,0.056694,80.835122,1.0,-10.224312,260.256861,106.254151,260.256861,82.558347,-179.011658,106.254151,-179.011658,1344.838293,-192.803687,190.888408,-18.005972,190.888408,144.094239,-147.844712,-18.005972,-147.844712,1388.934335,532.27684,1.0,4.160597,1.077912,1.44182
24479.0,-0.351412,-0.678866,0.64471,0.522253,0.429389,0.736802,-0.777021,0.595623,0.203648,-68.45666,225.900792,97.181437,3.597919,3.595771,3.593831,90.012597,90.035806,90.056447,69.779418,0.053078,0.049294,96.140759,1.0,372.689041,-116.497872,87.232513,-116.497872,-141.146707,-224.166157,87.232513,-224.166157,1387.535849,263.526941,62.145809,130.922437,62.145809,238.475602,-223.964748,130.922437,-223.964748,1354.64343,350.051654,1.0,2.422756,1.365714,5.366396
23278.0,-0.723243,-0.040245,-0.68942,0.45644,0.721308,-0.520939,0.51825,-0.691444,-0.503311,159.486677,239.191562,16.971761,3.596082,3.595923,3.595688,89.956058,90.00729,90.045321,52.839853,0.058991,0.049874,103.273528,0.973404,489.532568,-10.948579,-38.495226,-10.948579,35.568168,1.001313,-38.495226,1.001313,1141.865695,323.509117,12.762589,6.252785,12.762589,139.442539,-50.450291,6.252785,-50.450291,1186.922823,309.646466,1.0,5.359476,2.098223,2.4984
28846.0,-0.663674,0.336699,0.66796,-0.746601,-0.243167,-0.619238,-0.046071,-0.909672,0.412764,-29.47536,-391.095524,-74.484203,3.592188,3.59736,3.594521,90.051223,90.015833,89.951416,131.470883,0.088511,0.088857,98.678382,0.793651,-291.94267,-246.567614,239.251725,-246.567614,-251.203714,276.286576,239.251725,276.286576,1201.616929,79.196279,16.896515,-17.693342,16.896515,15.539555,59.15156,-17.693342,59.15156,1148.556243,588.41723,1.0,0.823231,1.14531,3.192195
23656.0,0.655633,0.598944,-0.459794,-0.417081,0.794874,0.440703,0.629435,-0.097169,0.770954,582.091157,-339.285198,146.906506,3.596528,3.592161,3.59534,89.997141,89.87371,90.015977,179.188,0.095628,0.079306,68.664486,0.812834,-563.869743,-21.015778,393.999946,-21.015778,-396.449921,-127.756881,393.999946,-127.756881,1606.088392,91.561546,-196.858579,73.418972,-196.858579,158.09258,143.052067,73.418972,143.052067,1438.821363,1253.493502,1.0,3.948187,0.690459,1.723962
23282.0,-0.837874,0.067955,-0.541618,0.521579,0.392329,-0.75765,0.161006,-0.917312,-0.364166,38.161909,-114.268818,102.591545,3.593846,3.599725,3.596126,90.013347,90.000521,89.988072,125.083355,0.082602,0.074173,66.647246,0.821622,171.196743,302.699313,48.280296,302.699313,716.495438,-519.836717,48.280296,-519.836717,1337.348864,7.68941,233.686028,5.176324,233.686028,325.639842,-152.746065,5.176324,-152.746065,1499.039034,643.984601,1.0,5.662552,1.943533,2.967843
27404.0,0.277887,-0.82816,0.486754,0.720128,0.514952,0.465016,-0.635763,0.221303,0.73948,527.245243,188.415086,-182.769491,3.594665,3.590536,3.595207,89.961943,90.079405,89.973039,170.583484,0.068783,0.084065,68.86641,0.818681,-1103.045865,39.900455,308.320622,39.900455,-190.224268,-121.845068,308.320622,-121.845068,932.520752,-259.430488,-58.518961,11.847237,-58.518961,-0.207206,-72.604046,11.847237,-72.604046,1203.375988,1553.840806,1.0,2.333359,0.738499,5.047362
27352.0,-0.222608,0.790341,0.570795,-0.927155,0.009369,-0.374561,-0.301378,-0.612596,0.730683,244.482652,-18.385773,55.828795,3.594367,3.595368,3.595651,90.059774,90.05438,89.93742,139.447378,0.062287,0.073338,77.44778,0.875676,-122.325141,-112.20533,-1.281025,-112.20533,-156.170547,353.435597,-1.281025,353.435597,1302.566319,22.139834,-135.933814,137.93317,-135.933814,-120.612327,-65.236965,137.93317,-65.236965,1357.656365,622.33697,1.0,0.990069,0.751475,3.598795
23581.0,0.311438,0.522674,-0.793611,-0.15652,0.851954,0.499676,0.937288,-0.031402,0.34714,68.323278,434.683748,7.862304,3.597889,3.590995,3.593962,89.939976,90.008132,90.004699,128.408452,0.067032,0.067354,89.126192,0.908602,-514.816158,-665.674509,465.977651,-665.674509,-87.853981,-53.94145,465.977651,-53.94145,921.082613,47.70497,57.365757,54.160793,57.365757,-66.777745,65.051988,54.160793,65.051988,1048.289411,524.886813,1.0,4.150472,1.216277,1.604287
28038.0,0.506448,0.166598,-0.846023,0.793975,0.292595,0.532908,0.336324,-0.941612,0.015909,-140.922189,228.946176,152.325713,3.594322,3.60025,3.594918,90.042661,89.993206,90.035337,84.153538,0.059902,0.058662,111.074616,1.0,284.084539,-45.593932,-445.694759,-45.593932,96.110812,-56.068305,-445.694759,-56.068305,1786.757689,174.058007,1.496179,-40.945857,1.496179,157.533284,-243.844406,-40.945857,-243.844406,1371.531085,434.236008,1.0,4.150275,1.554886,2.798536
,,,,,,,,,,,,,,,,,,,,,,,,,,,,,,,,,,,,,,,,,,,,,,
23298.0,0.411642,0.693753,-0.59098,-0.17543,0.696662,0.695619,0.894301,-0.18267,0.408481,-302.748616,39.464002,-101.992538,3.595889,3.593024,3.597281,90.004519,89.996341,90.075608,111.974077,0.073707,0.063037,105.699065,0.994681,-55.410142,-643.856283,-379.66953,-643.856283,469.271316,-209.408897,-379.66953,-209.408897,835.735647,278.61619,-274.541682,74.733305,-274.541682,199.647307,44.860715,74.733305,44.860715,1221.244282,297.91794,1.0,3.84584,1.150007,1.772285
28944.0,-0.596543,0.054942,0.800699,-0.634623,0.578441,-0.512503,-0.491314,-0.813872,-0.310197,288.54885,248.991509,84.166791,3.592249,3.596997,3.594299,89.965074,90.063733,89.947059,154.703742,0.083316,0.083673,64.646772,0.801075,437.561433,-122.813498,-77.296811,-122.813498,-749.765749,-601.038241,-77.296811,-601.038241,824.376224,-137.534988,-187.048964,103.481643,-187.048964,-66.083202,-81.00111,103.481643,-81.00111,1369.992358,702.283245,1.0,1.001433,1.886197,3.68471
28029.0,0.526921,-0.841007,-0.122728,0.843227,0.535374,-0.048394,0.106405,-0.077988,0.99126,-77.905472,371.597885,81.864517,3.593539,3.591975,3.598429,90.020107,89.96821,90.050925,141.285522,0.062132,0.070603,77.976142,0.771739,-66.3649,362.116311,149.700829,362.116311,-637.165848,93.461763,149.700829,93.461763,1326.729177,39.011562,184.132109,-189.662493,184.132109,-157.448081,-210.49986,-189.662493,-210.49986,1343.08529,922.667704,1.0,5.087987,0.13231,2.203286
29667.0,0.661051,-0.730671,0.17068,0.312688,0.475034,0.822538,-0.682083,-0.49037,0.542494,-12.586572,-405.029859,25.566112,3.594301,3.595037,3.596315,90.056704,90.011921,89.924953,76.525428,0.067184,0.062246,100.980214,0.994652,-296.050954,258.878373,451.968702,258.878373,290.951629,2.870496,451.968702,2.870496,1103.680302,1.066688,-68.17725,135.075678,-68.17725,157.241754,45.185377,135.075678,45.185377,1190.305527,281.680967,1.0,2.936992,0.997393,4.089071
27913.0,0.470243,0.296606,-0.831202,0.824651,0.187806,0.533554,0.31436,-0.936351,-0.156281,-208.683714,-116.604066,-79.862078,3.595011,3.598589,3.593859,89.973745,89.9874,90.048839,61.144381,0.052081,0.04808,108.282801,0.978495,-142.922363,8.233318,-39.099489,8.233318,263.397214,38.553842,-39.099489,38.553842,1481.419307,-64.807168,203.661643,-196.711756,203.661643,310.768249,-85.54007,-196.711756,-85.54007,1342.587682,382.851816,1.0,4.141724,1.727721,2.817688
26286.0,-0.003331,-0.698527,-0.715576,0.76547,0.458671,-0.451306,0.643464,-0.549255,0.533173,377.939587,-220.347642,173.816577,3.596829,3.599513,3.595051,89.990185,89.962787,90.04284,130.944782,0.062199,0.061344,72.695642,0.918478,1011.71966,-377.041037,494.350426,-377.041037,348.282867,58.039072,494.350426,58.039072,1336.809008,211.644224,154.265652,73.82607,154.265652,33.54075,172.836223,73.82607,172.836223,1263.004262,593.24282,1.0,5.275069,1.00845,2.277372
28207.0,-0.436739,0.831769,0.342665,-0.769259,-0.542785,0.337083,0.466368,-0.116381,0.876901,466.47401,-347.880975,-179.12872,3.595539,3.587516,3.596519,90.012261,89.965029,89.979772,224.810131,0.125641,0.122925,62.221662,0.722222,-1337.105296,832.726003,233.843226,832.726003,-142.478716,-192.179141,233.843226,-192.179141,887.922985,-133.950219,-240.318127,-73.037627,-240.318127,130.651966,62.124069,-73.037627,62.124069,1267.82381,1165.769931,1.0,2.347983,0.501419,1.815349
28231.0,-0.493949,0.816115,0.299953,-0.844386,-0.532539,0.058441,0.207431,-0.224409,0.952162,469.050903,383.376339,-180.523919,3.594333,3.59476,3.599212,90.076326,89.962515,90.012522,140.448861,0.062677,0.077243,88.532659,0.972826,-14.275397,1.23419,-270.699023,1.23419,69.714357,168.546751,-270.699023,168.546751,1781.331241,252.247643,20.257991,84.913878,20.257991,-281.253652,81.859792,84.913878,81.859792,1615.268801,396.258427,1.0,1.763219,0.310561,2.39549
27977.0,-0.416618,0.714087,0.562592,-0.878503,-0.475406,-0.047138,0.233799,-0.513877,0.82539,-316.944755,88.040979,155.145666,3.593597,3.59732,3.597917,89.971295,89.990012,90.051818,135.61353,0.075039,0.068931,80.475299,0.86631,1253.960156,-306.392382,62.676177,-306.392382,-207.102068,-104.009485,62.676177,-104.009485,937.783506,-230.344375,44.043217,339.775776,44.043217,119.673279,-126.846927,339.775776,-126.846927,1100.437947,760.140351,1.0,1.487204,0.599904,2.714613
29033.0,0.768352,-0.399498,-0.500037,0.623163,0.288789,0.726821,-0.145958,-0.870059,0.470844,417.898175,509.428757,-73.22002,3.587312,3.596567,3.595824,90.120349,89.999725,90.07425,225.287612,0.093993,0.109002,72.800827,0.737705,-855.502613,-683.023965,472.899391,-683.023965,-1039.507193,1064.268726,472.899391,1064.268726,1336.163164,35.575062,-225.795013,4.528533,-225.795013,-182.938489,51.522077,4.528533,51.522077,1153.498947,799.619801,1.0,3.744205,1.080549,3.307802
29722.0,-0.813305,0.518519,-0.263956,-0.48742,-0.359442,0.795753,0.317737,0.775848,0.545072,-26.444302,-348.03845,-108.842094,3.593694,3.596853,3.594673,89.960855,89.981253,89.957734,59.976071,0.052691,0.050756,109.251671,0.994536,-136.702646,-117.869627,82.899454,-117.869627,35.280525,-166.410515,82.899454,-166.410515,1080.107745,38.949613,22.913864,125.588635,22.913864,54.83794,-86.290749,125.588635,-86.290749,1116.469257,304.477174,1.0,3.461878,0.994321,0.388699
23988.0,0.389879,0.592006,-0.705353,-0.282967,0.805927,0.520011,0.876313,-0.00315,0.481732,-224.35279,258.763439,-190.806893,3.599799,3.593464,3.593756,90.001038,89.96151,90.022309,141.335411,0.07319,0.081491,63.015508,0.870968,-80.405629,-115.109967,326.151525,-115.109967,24.201619,-450.53755,326.151525,-450.53755,1536.02669,-163.458739,50.53994,40.265508,50.53994,-221.887373,-24.707595,40.265508,-24.707595,1177.163464,1334.61395,1.0,4.077108,1.068166,1.574391
26499.0,0.051138,-0.823568,0.564908,0.358937,0.543008,0.759148,-0.93196,0.163945,0.323378,543.246539,12.463591,-75.566481,3.598214,3.592785,3.593076,90.024194,90.127127,90.015254,197.465354,0.109524,0.111894,59.257666,0.781915,-137.132042,-102.813171,442.222283,-102.813171,-900.827791,168.764086,442.222283,168.764086,1696.039227,-116.141486,170.5314,-69.408636,170.5314,-241.675592,-98.623971,-69.408636,-98.623971,1240.099558,828.062243,1.0,2.501857,1.2415,4.886521
23373.0,-0.702744,-0.129579,-0.699543,0.47372,0.648373,-0.595988,0.530792,-0.750215,-0.394255,559.532439,42.529635,44.349927,3.59534,3.595967,3.592534,89.969971,90.048377,90.027434,114.10559,0.068781,0.062174,76.697882,0.897849,-389.974365,-351.800522,-117.035273,-351.800522,85.366545,-2.939759,-117.035273,-2.939759,899.685526,177.653064,-91.926878,-6.498455,-91.926878,-50.151874,-48.387322,-6.498455,-48.387322,1166.259955,552.234248,1.0,5.418024,1.976054,2.525837
25009.0,0.416514,-0.523828,0.743048,-0.679505,0.363609,0.63723,-0.603978,-0.77032,-0.204495,568.311439,-159.12984,87.296025,3.593425,3.596811,3.594835,89.954971,90.088178,89.900874,157.385245,0.078079,0.079991,65.563709,0.766304,-817.687828,605.517845,545.135792,605.517845,571.206875,-86.175764,545.135792,-86.175764,1181.36038,702.225182,423.240624,-32.464661,423.240624,373.565017,-0.339508,-32.464661,-0.339508,1211.318634,1102.456308,1.0,2.27968,1.776745,3.806539
24108.0,0.321772,0.016749,0.946669,-0.249625,0.965969,0.067757,-0.913318,-0.258115,0.315003,392.826013,-378.305514,-2.622939,3.598098,3.593958,3.595582,90.075327,90.017768,90.011179,135.041486,0.073097,0.066834,81.504218,0.956757,423.869244,-662.147493,81.456334,-662.147493,55.58297,185.835276,81.456334,185.835276,1171.94764,-44.091228,-73.87369,-76.977766,-73.87369,-129.873911,183.979253,-76.977766,183.979253,1222.256632,708.93567,1.0,1.642249,1.250337,4.43696
27669.0,0.211042,-0.832822,0.511731,0.381802,0.552168,0.741173,-0.899827,0.038961,0.434504,-130.868405,295.346684,60.221006,3.598627,3.592112,3.593961,90.012241,90.046785,90.008431,110.086819,0.06438,0.062513,74.884819,0.956044,-253.333371,247.946075,-98.396521,247.946075,-300.45429,-245.287907,-98.396521,-245.287907,1388.425516,-188.322954,238.439458,-104.064186,238.439458,-117.118433,-14.285911,-104.064186,-14.285911,1514.567138,635.588329,1.0,2.537316,1.121309,4.75566
23410.0,0.191061,-0.711296,0.676427,-0.061565,0.679081,0.731477,-0.979646,-0.181401,0.085955,-215.561135,457.810952,36.50064,3.600148,3.594726,3.592873,90.031951,89.993618,89.94875,86.104737,0.054317,0.050993,94.151138,1.0,209.962068,-172.608353,-0.385201,-172.608353,-359.90586,-254.056361,-0.385201,-254.056361,1832.040097,-50.168919,-30.811196,-123.339582,-30.811196,-46.564754,50.880761,-123.339582,50.880761,1739.615987,428.896342,1.0,2.395275,1.484736,4.529293
23429.0,0.216523,-0.257033,0.941834,-0.076625,0.95727,0.278861,-0.973266,-0.132548,0.187576,261.308783,235.146259,-168.425868,3.598278,3.593573,3.594631,89.974559,90.025604,89.994486,96.20325,0.06309,0.059803,104.784786,0.983871,27.537375,253.467182,-55.559229,253.467182,60.586724,164.124614,-55.559229,164.124614,1242.380415,-179.505925,110.643198,-155.020326,110.643198,42.0688,-8.934056,-155.020326,-8.934056,1561.838626,385.28295,1.0,1.858655,1.382103,4.577033
23727.0,0.762979,0.319418,0.561993,-0.519443,0.820428,0.238908,-0.384763,-0.474204,0.791889,345.31606,-143.15591,105.946613,3.593759,3.594747,3.596428,90.036713,90.089282,89.980009,104.56773,0.063797,0.059207,82.601247,0.983333,-475.743546,165.407475,-92.948227,165.407475,107.176782,241.566207,-92.948227,241.566207,1267.008021,172.531697,73.632442,-26.165288,73.632442,-23.48441,-37.773253,-26.165288,-37.773253,1458.300598,517.393846,1.0,1.972759,0.656901,3.823238
26767.0,0.136663,-0.939979,-0.312671,0.985534,0.097076,0.138922,-0.100231,-0.327133,0.939648,42.951719,214.185189,-182.682727,3.594641,3.591854,3.596159,90.12436,89.995991,89.976089,231.69034,0.084935,0.106742,63.048045,0.734807,-1133.914336,26.398904,499.702817,26.398904,227.126684,-7.210985,499.702817,-7.210985,1169.841442,-230.476258,30.105305,-375.825891,30.105305,-539.504752,93.994949,-375.825891,93.994949,1374.156028,883.058622,1.0,4.294279,0.349197,3.438903
28745.0,-0.362266,0.825949,0.43194,-0.466361,-0.561859,0.683243,0.807014,0.046076,0.588733,-322.158526,114.623129,4.71312,3.59639,3.592887,3.595109,90.053542,89.916691,89.999804,100.674141,0.070371,0.060813,85.420286,0.935484,-601.46961,-130.156326,-263.916523,-130.156326,114.575204,222.284503,-263.916523,222.284503,1232.64223,-87.534086,57.208536,-196.222997,57.208536,218.779341,0.846609,-196.222997,0.846609,1062.506187,543.433803,1.0,2.577839,0.941306,1.513764
23743.0,0.756804,0.421784,0.499347,-0.523281,-0.066838,0.849535,0.391695,-0.90423,0.170128,470.186365,-324.751547,-124.863138,3.592674,3.59488,3.592825,90.011745,89.979759,90.145644,187.015985,0.114418,0.099462,62.611758,0.793651,-944.208128,380.571998,524.222831,380.571998,-543.221491,-401.098492,524.222831,-401.098492,1116.527841,-213.375688,5.322325,-196.837656,5.322325,165.649184,143.371523,-196.837656,143.371523,1477.749874,763.858721,1.0,2.610201,1.399836,2.732813
23756.0,-0.709339,-0.329862,-0.62292,0.614587,0.143286,-0.775727,0.345139,-0.933092,0.10109,81.529205,508.502126,-58.458687,3.593963,3.600008,3.590542,90.01266,89.90248,89.91048,250.113513,0.115911,0.122394,60.034458,0.793478,902.123502,-652.091413,701.946773,-652.091413,-1170.983654,-816.976705,701.946773,-816.976705,1048.978921,-9.24802,120.473346,488.193577,120.473346,-418.737838,-286.595875,488.193577,-286.595875,1507.909792,839.605854,1.0,5.606609,1.469533,2.787312
23451.0,-0.308084,0.600388,-0.737983,0.249677,0.79955,0.546243,0.918012,-0.015969,-0.396232,-283.574886,479.236522,-78.865268,3.599447,3.594705,3.595647,89.975886,90.000572,89.933485,104.756463,0.064095,0.05907,100.496039,0.994681,88.04034,-316.643582,-17.883424,-316.643582,798.943348,599.414406,-17.883424,599.414406,1365.847986,-29.133521,-34.674317,-15.4503,-34.674317,298.838402,195.190617,-15.4503,195.190617,1402.594208,558.287899,1.0,4.0752,1.978205,1.588189
26754.0,-0.023233,0.752604,0.658063,-0.801122,0.379751,-0.462593,-0.59805,-0.537937,0.594105,47.208716,-398.206875,122.926725,3.592915,3.594318,3.598473,89.973353,90.076157,89.966756,168.556774,0.107453,0.102144,60.315006,0.785714,857.179143,-216.590782,611.861357,-216.590782,-638.405685,-203.320406,611.861357,-203.320406,894.585696,-481.437561,181.265722,421.086418,181.265722,-150.229763,39.04435,421.086418,39.04435,1395.2461,712.740751,1.0,0.958086,0.934644,3.979858
24513.0,-0.432218,-0.535887,-0.725268,0.637268,0.387531,-0.666114,0.638026,-0.750097,0.174006,501.309151,492.235997,140.490669,3.595966,3.598607,3.584817,89.91743,89.869529,90.067326,243.563933,0.097182,0.10536,70.795757,0.868852,155.244423,-1493.899996,410.215927,-1493.899996,-2323.547636,332.234184,410.215927,332.234184,1521.397656,255.432665,-60.855122,53.666696,-60.855122,46.841289,191.53137,53.666696,191.53137,1349.546925,924.322315,1.0,5.455299,1.3959,2.436755
23425.0,-0.797804,-0.345528,-0.494084,0.550556,-0.083473,-0.830614,0.245758,-0.934688,0.256828,615.200388,-256.542018,-176.303101,3.594539,3.598393,3.593301,90.061321,90.059593,90.026045,117.686028,0.068274,0.064364,73.445735,0.92973,-497.403742,-461.04649,209.274477,-461.04649,369.753761,-92.894282,209.274477,-92.894282,1387.722308,-329.42237,-37.594331,257.868272,-37.594331,-101.316082,108.156163,257.868272,108.156163,1444.241227,457.442973,1.0,5.746567,1.311058,2.884482
29430.0,0.633931,0.202804,-0.746325,0.368973,0.768794,0.522316,0.679699,-0.606486,0.412534,-239.434072,-45.96351,110.142879,3.59532,3.594843,3.594462,90.032989,89.943891,90.068537,141.941225,0.06837,0.06893,72.230128,0.886486,-273.966669,-102.139299,-38.044945,-102.139299,-130.433819,79.814004,-38.044945,79.814004,1216.893825,133.153471,-169.166563,21.910561,-169.166563,-112.60149,83.938205,21.910561,83.938205,1044.397159,831.408019,1.0,4.101763,1.145563,2.299334
29108.0,0.647149,0.117222,-0.753298,0.488502,0.69484,0.527791,0.58529,-0.709547,0.392402,487.914478,119.445738,33.904599,3.597595,3.594862,3.59644,90.064364,90.048764,90.092626,109.25913,0.081647,0.073602,69.12974,0.776596,1226.321814,-74.638012,227.320298,-74.638012,-610.556263,103.454252,227.320298,103.454252,1384.574937,219.091068,-115.995231,-82.463234,-115.995231,-189.327421,20.57951,-82.463234,20.57951,1360.205149,543.869547,1.0,4.101233,1.167555,2.451865
23448.0,-0.772212,-0.337905,-0.538061,0.539453,-0.7961,-0.274254,-0.335678,-0.50204,0.797042,-359.316578,405.269351,-134.672767,3.592927,3.595619,3.596882,90.046898,90.012196,89.994728,81.74539,0.064868,0.057582,86.865678,0.973404,-80.039749,178.734136,-276.008678,178.734136,99.839423,206.458158,-276.008678,206.458158,1017.210141,-18.229231,103.559204,-130.888666,103.559204,130.277227,7.541636,-130.888666,7.541636,1153.061155,346.688185,1.0,5.183773,0.648415,3.730952
27299.0,0.220084,0.557041,-0.800793,0.605859,0.565333,0.559762,0.764524,-0.608362,-0.213068,509.785493,19.86454,-174.024921,3.595664,3.596579,3.596626,90.049772,90.028671,90.116532,136.802677,0.069987,0.072176,71.00222,0.930108,967.701386,-358.398367,-333.190105,-358.398367,-486.916646,-59.590829,-333.190105,-59.590829,1511.238376,268.233469,-69.150862,104.316458,-69.150862,-149.334427,119.523136,104.316458,119.523136,1139.341247,588.91739,1.0,4.102328,1.78551,2.242934
28216.0,0.579614,-0.100887,-0.808622,0.813362,0.010869,0.581656,-0.049893,-0.994839,0.088357,-3.614341,261.191378,96.980194,3.594267,3.598962,3.591843,89.97186,90.01757,89.955605,106.927005,0.054544,0.055963,83.186374,0.971591,-187.239889,318.879554,139.392115,318.879554,-261.304821,-511.19951,139.392115,-511.19951,1386.220679,-107.641844,232.544383,-3.055126,232.544383,-268.115215,-91.304191,-3.055126,-91.304191,1681.447444,560.92759,1.0,4.088815,1.482324,3.191702
23790.0,0.77785,0.553476,0.297682,-0.559555,0.394317,0.72898,0.286092,-0.733607,0.61642,-219.875076,407.965259,-179.507849,3.586817,3.597648,3.5935,90.085265,89.911407,90.01454,244.242449,0.084102,0.103622,59.662704,0.837989,-880.102257,982.99354,-486.297313,982.99354,-1516.875279,10.786421,-486.297313,10.786421,1355.477672,115.181276,-54.639411,-224.198353,-54.639411,-381.558171,0.571575,-224.198353,0.571575,1061.320769,1025.455106,1.0,2.753905,0.906609,2.769754
23965.0,0.54602,0.431477,-0.718115,-0.424221,0.881554,0.207121,0.722425,0.191547,0.664388,270.626523,50.687777,174.989726,3.594043,3.594731,3.595371,89.961139,89.858084,90.031732,211.57623,0.137524,0.132112,60.981513,0.791444,-1047.36333,268.650582,-419.952641,268.650582,317.740847,-21.838822,-419.952641,-21.838822,1406.568918,-499.411855,122.771111,-337.867136,122.771111,227.939042,-197.547173,-337.867136,-197.547173,1279.828857,1725.279249,1.0,4.431586,0.844121,1.311615
23549.0,-0.709971,0.377087,-0.594765,0.536243,0.836932,-0.109491,0.45649,-0.396675,-0.796408,513.587271,389.780527,5.567334,3.595626,3.592453,3.599571,89.993009,90.008381,90.007519,131.841506,0.078435,0.070459,77.028445,0.921466,689.03027,-196.588027,596.852525,-196.588027,-186.457592,374.587944,596.852525,374.587944,1153.13781,232.607027,-34.494961,143.085968,-34.494961,-100.431298,-59.095304,143.085968,-59.095304,1417.822443,483.869333,1.0,4.894442,2.492129,2.286199
25570.0,-0.251323,-0.209048,-0.945058,0.958747,0.08022,-0.272708,0.132822,-0.974609,0.180263,-172.831952,-16.967933,95.808459,3.594117,3.599846,3.592351,89.992686,89.984476,90.013301,94.913408,0.052636,0.057372,82.69046,0.973118,-231.390366,-242.412694,416.62309,-242.412694,-57.489709,43.17264,416.62309,43.17264,1572.717765,-89.984853,-250.288459,274.102166,-250.288459,-141.508231,-10.389749,274.102166,-10.389749,1626.073402,601.891257,1.0,4.993319,1.389542,3.006145
23548.0,-0.762468,0.301829,-0.572312,0.572652,0.726536,-0.379757,0.301184,-0.617288,-0.726804,534.650521,-200.450824,-181.761316,3.602559,3.596927,3.596299,90.013877,89.978847,90.123419,183.874901,0.066527,0.078036,73.728958,0.955307,2394.994764,-252.490397,-983.823334,-252.490397,418.293605,304.454252,-983.823334,304.454252,1103.622403,2.285915,128.57545,55.871444,128.57545,181.843521,-57.477482,55.871444,-57.477482,1254.378086,489.884775,1.0,5.298229,2.384453,2.687661
24330.0,0.288376,0.246191,0.925326,-0.25567,0.951092,-0.173367,-0.922752,-0.186584,0.337216,263.962872,-150.472403,-33.450467,3.596364,3.593741,3.592588,89.979449,90.113192,89.948236,161.233969,0.087293,0.094453,75.18354,0.777778,-640.056445,526.860843,310.941938,526.860843,-373.152065,-194.609191,310.941938,-194.609191,1287.179794,-541.523089,267.895488,-165.1334,267.895488,-175.179919,193.84494,-165.1334,193.84494,1326.515859,857.599879,1.0,1.385585,1.226838,4.512876
23882.0,0.745124,0.616745,0.253804,-0.562144,0.376026,0.736613,0.358865,-0.691542,0.626885,-24.384725,237.795284,-4.951221,3.594304,3.59827,3.594842,90.032223,89.928104,90.024099,60.178665,0.05272,0.049288,111.804097,0.988764,497.537431,398.255416,-94.441601,398.255416,-237.452757,-305.804821,-94.441601,-305.804821,1329.459263,343.795472,105.306357,-115.257592,105.306357,311.203956,-132.8287,-115.257592,-132.8287,1328.393495,219.525522,1.0,2.809776,0.893247,2.662912
,,,,,,,,,,,,,,,,,,,,,,,,,,,,,,,,,,,,,,,,,,,,,,
28517.0,-0.539778,0.27379,0.796039,-0.766567,0.23091,-0.599213,-0.347872,-0.933659,0.085239,71.82934,357.413227,102.30999,3.591998,3.599863,3.591918,90.000887,90.083089,90.073995,145.216928,0.10424,0.09515,125.423664,0.923497,430.287028,571.712801,-585.487255,571.712801,-856.871817,-989.483075,-585.487255,-989.483075,1003.008342,167.506678,137.113396,-423.722829,137.113396,4.995898,-310.769845,-423.722829,-310.769845,1254.668227,685.020239,1.0,0.925542,1.485454,3.498249
23885.0,0.78632,0.280491,0.550478,-0.595707,0.580458,0.555159,-0.163812,-0.764456,0.623516,-73.463549,-356.289882,31.815519,3.595881,3.595514,3.597281,90.019964,90.105449,89.970862,203.995489,0.089103,0.092425,74.546272,0.822222,-78.709136,-5.984932,-334.042057,-5.984932,957.157754,708.196495,-334.042057,708.196495,1060.835713,607.766055,-194.675237,-0.869735,-194.675237,-322.761334,186.538927,-0.869735,186.538927,1140.483932,1281.742221,1.0,2.360429,0.897564,3.352685
28108.0,0.538548,-0.350557,-0.766209,0.8115,-0.028966,0.583634,-0.226791,-0.936093,0.268877,-177.223331,-388.856222,-138.33015,3.591312,3.598657,3.593976,90.092265,90.026691,89.940259,145.721574,0.067153,0.076082,102.745824,0.972222,-471.708499,-248.6149,-279.847015,-248.6149,-684.02612,206.555703,-279.847015,206.555703,1778.518292,-202.750296,-51.082724,161.620298,-51.082724,-68.827451,-196.001771,161.620298,-196.001771,1465.586674,811.187887,1.0,4.061431,1.298569,3.379287
25398.0,0.327313,-0.508739,0.796273,-0.724938,0.405311,0.556945,-0.606078,-0.759544,-0.236141,290.129754,186.393898,88.780744,3.594775,3.596845,3.592224,89.976389,89.949878,89.920173,118.794052,0.069882,0.067709,79.437346,0.882682,-228.685815,-248.551188,52.991694,-248.551188,-552.359895,-51.864843,52.991694,-51.864843,1376.209555,51.266123,76.639001,-159.644315,76.639001,-177.477787,20.314318,-159.644315,20.314318,1426.634608,629.559943,1.0,2.181146,1.809189,3.815082
30092.0,0.277492,0.564696,-0.777249,0.057454,0.797819,0.600153,0.959008,-0.211194,0.188945,350.878197,149.891925,-170.452842,3.599819,3.590618,3.590546,89.977329,89.933492,90.035988,183.436505,0.088161,0.092171,62.124387,0.791209,-1251.17597,-14.619507,182.674921,-14.619507,-711.538993,247.392396,182.674921,247.392396,1762.248269,-651.451587,171.665971,208.399538,171.665971,-68.355571,229.249449,208.399538,229.249449,1697.36286,974.022071,1.0,4.054862,1.380709,1.787557
24041.0,0.538077,-0.416552,0.732774,-0.438098,0.604492,0.665326,-0.720099,-0.679024,0.142773,-173.064923,70.690712,72.983096,3.596483,3.595617,3.595064,89.992101,89.987904,89.935154,121.849682,0.065813,0.071248,73.202953,0.850829,251.985412,171.157507,-232.286542,171.157507,149.658445,-99.294327,-232.286542,-99.294327,1117.896083,151.708937,-59.199705,-152.240479,-59.199705,343.680509,-72.395741,-152.240479,-72.395741,1172.493439,785.295324,1.0,2.30799,1.427534,3.956341
26143.0,-0.038096,-0.777238,-0.628052,0.740686,-0.443854,0.504358,-0.67077,-0.445975,0.592599,86.526029,422.122291,-191.446967,3.59436,3.590318,3.595453,90.079582,90.03919,89.917632,157.037877,0.078021,0.075425,61.894249,0.844086,-1083.205931,-641.752592,-127.729408,-641.752592,-434.341945,149.341351,-127.729408,149.341351,1078.833502,146.379391,-96.142652,-106.53849,-96.142652,-315.136663,-94.4144,-106.53849,-94.4144,1080.059657,754.608293,1.0,4.03579,0.936515,4.125631
23634.0,-0.603271,-0.795303,0.059646,0.487382,-0.308434,0.816901,-0.631287,0.521883,0.573685,-36.60307,449.437092,11.801628,3.59415,3.59539,3.598031,90.000372,90.073745,90.056059,144.814808,0.067766,0.071721,87.367785,0.956044,-131.800621,536.878425,50.003822,536.878425,458.951124,382.463749,50.003822,382.463749,1304.945521,132.915786,265.791454,120.152811,265.791454,-8.663483,-48.766266,120.152811,-48.766266,1332.414392,791.821272,1.0,3.068707,0.959798,5.403198
29027.0,-0.67344,0.739102,-0.014403,-0.665647,-0.597806,0.4467,0.321547,0.310413,0.894568,-44.994138,-254.850917,74.566263,3.590386,3.593088,3.598418,89.940172,89.962691,90.005531,152.582791,0.061344,0.068072,71.303664,0.825843,-523.462927,-259.997386,287.561303,-259.997386,-774.261397,419.401381,287.561303,419.401381,1350.496253,-134.165336,-162.662388,306.661343,-162.662388,-193.726601,14.386732,306.661343,14.386732,1580.093386,830.923388,1.0,3.173825,0.463333,0.803014
29567.0,-0.606305,0.744097,0.28056,-0.423292,-0.600646,0.678268,0.673215,0.292478,0.679145,294.945958,378.269591,-60.731955,3.594149,3.593348,3.59506,89.942998,89.885039,89.965167,162.836413,0.062396,0.069227,68.763181,0.923497,-442.221366,-202.12094,167.124703,-202.12094,-722.316171,62.020234,167.124703,62.020234,1400.495346,120.627967,454.302536,-9.680041,454.302536,-244.753589,97.783828,-9.680041,97.783828,1458.957559,995.137792,1.0,2.749381,0.824199,1.160949
25992.0,0.198644,0.9157,-0.349334,-0.894464,0.315075,0.317273,0.400593,0.249442,0.881648,298.915942,464.177899,37.888342,3.595393,3.59525,3.599316,89.932326,89.941952,90.061605,129.155455,0.058294,0.062948,74.811621,0.967213,-129.552369,571.764779,-126.386918,571.764779,654.274352,230.37234,-126.386918,230.37234,1771.357305,-41.269522,18.542347,-207.862609,18.542347,211.05101,111.514671,-207.862609,111.514671,1531.277063,489.415056,1.0,3.97505,0.491452,1.013865
27871.0,-0.385194,0.813883,0.434995,-0.899015,-0.224541,-0.37597,-0.208321,-0.535889,0.818185,189.33657,-270.832685,-86.332612,3.592902,3.594386,3.598035,90.056772,90.012075,90.039989,87.92071,0.055354,0.051797,111.232658,0.973684,168.971133,142.133636,143.82837,142.133636,-350.90642,-513.732535,143.82837,-513.732535,1189.27978,54.074271,-58.525797,137.948447,-58.525797,180.82065,-149.521876,137.948447,-149.521876,1454.729858,247.716117,1.0,0.858055,0.61255,3.512354
23724.0,-0.123655,0.111057,-0.986091,0.153532,0.983893,0.091557,0.980376,-0.140076,-0.138714,306.381207,-70.460443,-156.642159,3.59961,3.593717,3.590968,90.012666,90.003483,89.968354,156.573623,0.083195,0.084675,63.649934,0.78022,-760.390506,120.038776,-253.122555,120.038776,43.982963,531.775009,-253.122555,531.775009,1438.145646,234.899014,76.385694,122.052841,76.385694,-377.672285,92.768718,122.052841,92.768718,1539.163265,730.229318,1.0,4.619806,1.709959,1.712715
28751.0,-0.506656,0.775899,0.375873,-0.619386,-0.630845,0.467328,0.599717,0.003964,0.800202,547.010832,-75.166898,-30.705788,3.596464,3.598273,3.596968,89.981132,89.931045,90.028546,77.453849,0.054379,0.048387,108.212526,0.983696,1099.023876,-443.902515,-77.362463,-443.902515,303.303692,-66.063562,-77.362463,-66.063562,1380.849703,174.256577,57.500847,-9.980027,57.500847,191.404135,-79.143442,-9.980027,-79.143442,1425.838308,194.211525,1.0,2.464235,0.643164,1.564186
29917.0,-0.282695,0.571458,-0.770402,-0.18249,0.756453,0.628074,0.94169,0.318144,-0.109561,373.889694,253.565568,-120.014967,3.598571,3.593376,3.594283,89.951351,90.03043,89.94756,79.108435,0.063837,0.056476,83.477529,0.973118,-518.325847,-278.890898,-103.907172,-278.890898,339.373954,-78.793482,-103.907172,-78.793482,1438.483249,-50.27727,-170.604649,38.16437,-170.604649,72.353252,-129.750918,38.16437,-129.750918,1533.757462,369.487914,1.0,4.028415,1.680577,1.244992
29236.0,0.634126,0.249731,-0.731792,0.432164,0.670324,0.603241,0.641186,-0.698784,0.317145,-323.607883,235.011666,-2.610316,3.595372,3.597546,3.597897,90.020484,89.990797,90.053553,118.062931,0.071401,0.065379,77.984378,0.945355,666.158584,-392.043788,-263.718313,-392.043788,563.310321,-129.33687,-263.718313,-129.33687,1306.369632,151.336078,52.377726,-149.25817,52.377726,244.230662,-37.555997,-149.25817,-37.555997,1426.710247,757.317765,1.0,4.022985,1.248078,2.399153
26317.0,-0.000496,-0.87218,-0.489185,0.871163,-0.240563,0.428023,-0.490993,-0.425948,0.75993,-33.267902,225.91069,-27.748397,3.594507,3.594501,3.597378,90.052384,90.053786,90.021318,153.293164,0.093764,0.085395,80.566804,0.815217,-32.106658,290.996772,-282.491448,290.996772,137.053744,261.788118,-282.491448,261.788118,1198.055992,304.585008,184.197792,-160.439315,184.197792,306.61397,-6.431521,-160.439315,-6.431521,1063.758246,849.645185,1.0,3.993575,0.707591,3.99781
24054.0,0.60435,0.688851,0.400306,-0.508338,-0.053491,0.859495,0.613477,-0.722926,0.317842,-132.027007,-319.547678,28.130694,3.596247,3.597574,3.594309,89.970965,89.933062,90.063647,162.851343,0.073959,0.087853,70.135341,0.870056,701.0186,343.348813,-6.953008,343.348813,-308.938208,-266.920833,-6.953008,-266.920833,1395.637802,149.23308,-162.015534,160.63102,-162.015534,12.992336,164.510733,160.63102,164.510733,1190.670173,974.900442,1.0,2.705722,1.247344,2.437911
27421.0,-0.254195,0.917841,0.30488,-0.94402,-0.166931,-0.284534,-0.210263,-0.36014,0.908894,276.848177,296.659327,-60.673354,3.592751,3.594464,3.597788,90.012243,90.076214,89.970996,137.014432,0.080141,0.073462,81.103491,0.824176,137.210336,-226.616787,323.924329,-226.616787,-481.547699,296.828789,323.924329,296.828789,1262.127929,131.700612,-85.036705,74.470518,-85.036705,-136.643287,-35.015563,74.470518,-35.015563,1529.475121,769.991872,1.0,0.819904,0.430172,3.670043
27855.0,-0.204724,-0.746796,0.632759,-0.531915,0.627549,0.56855,-0.821678,-0.220178,-0.525706,6.778624,68.06174,-114.583539,3.597698,3.593282,3.595722,89.973286,89.931993,89.968627,108.17622,0.066338,0.064543,73.44387,0.972826,-139.165792,176.143125,-24.912741,176.143125,19.120995,7.135887,-24.912741,7.135887,1511.029031,-102.183064,215.407863,-118.742218,215.407863,41.430645,85.563913,-118.742218,85.563913,1277.647593,560.147452,1.0,2.302797,2.124341,4.450578
24023.0,0.764997,0.624023,0.159292,-0.641608,0.716994,0.272504,0.055837,-0.310668,0.948877,234.571829,-64.183844,166.593619,3.592834,3.593933,3.598182,90.026138,90.016227,89.988356,77.240406,0.05615,0.051321,85.691765,0.973118,-122.88924,136.569191,-82.702894,136.569191,-162.114552,289.185218,-82.702894,289.185218,1188.723145,-13.700415,85.07292,69.310897,85.07292,-185.906883,225.589936,69.310897,225.589936,1439.072774,426.261872,1.0,2.612611,0.321137,2.963758
29837.0,-0.16856,0.621407,-0.765141,-0.135659,0.754237,0.642436,0.976312,0.212087,-0.042835,-75.665861,-306.877412,136.512921,3.599535,3.59152,3.594154,89.996589,90.025221,89.958909,156.434575,0.075378,0.077113,78.013855,0.818681,-330.132607,-389.559743,19.579076,-389.559743,-324.91248,-197.815297,19.579076,-197.815297,1631.247195,-200.221605,-98.160162,-155.063279,-98.160162,113.289164,72.305386,-155.063279,72.305386,1698.426746,800.188338,1.0,4.013946,1.613644,1.356887
29545.0,-0.747285,-0.011844,0.664399,-0.520295,0.632374,-0.57393,-0.413351,-0.774573,-0.478726,-130.617102,317.232669,-119.188817,3.594511,3.595938,3.594085,89.890004,89.982518,89.973169,114.332729,0.060511,0.06164,97.591639,0.94086,-44.818229,355.818591,-298.353713,355.818591,-471.006521,17.425229,-298.353713,17.425229,1302.305386,83.473715,-58.275579,-102.502736,-58.275579,-127.299204,-27.915019,-102.502736,-27.915019,1339.379342,485.072742,1.0,0.858325,2.069999,3.631797
23751.0,-0.452769,0.075658,-0.888412,0.412394,0.901182,-0.133426,0.790526,-0.426787,-0.439228,286.574237,-291.337369,-78.495333,3.596328,3.594464,3.595089,89.962893,90.056887,89.985569,150.149206,0.095772,0.085586,79.548976,0.747312,-51.36031,-234.302485,276.602443,-234.302485,318.568216,279.591275,276.602443,279.591275,895.325916,462.819659,-135.993979,-45.724082,-135.993979,-330.738022,124.824215,-45.724082,124.824215,1097.707449,698.117455,1.0,4.861459,2.025535,2.065834
28941.0,-0.683484,0.715334,-0.14542,-0.715478,-0.616998,0.327726,0.14471,0.32804,0.933514,187.714601,-264.888175,135.152813,3.594507,3.59344,3.598344,89.95963,89.972347,89.987188,90.69546,0.055981,0.054594,91.463637,0.983784,-95.179209,155.41479,-168.812055,155.41479,13.284095,35.879257,-168.812055,35.879257,1358.90796,190.337225,112.90361,136.739287,112.90361,-284.611623,-36.642833,136.739287,-36.642833,1576.390649,939.778555,1.0,3.559215,0.366704,0.415457
23770.0,-0.470355,0.13677,-0.871815,0.429612,0.898433,-0.090835,0.770844,-0.417267,-0.48134,202.275053,397.406882,137.643627,3.596518,3.592679,3.595834,89.994515,90.07047,90.040116,143.021402,0.080391,0.077733,70.178552,0.886486,92.525753,147.433663,164.301427,147.433663,-365.774244,363.509168,164.301427,363.509168,1198.98516,-286.560515,-105.208073,-18.347569,-105.208073,190.161099,135.194372,-18.347569,135.194372,1227.531116,807.199292,1.0,4.816205,2.072979,2.066945
26520.0,0.059008,-0.93218,-0.357153,0.936095,-0.072609,0.344171,-0.346762,-0.354638,0.868325,3.758814,-102.87548,-21.22168,3.59675,3.593523,3.598688,90.077493,90.012646,90.034161,109.287503,0.070497,0.066335,94.240833,0.978378,-331.884045,368.69083,-112.269819,368.69083,855.113061,278.292925,-112.269819,278.292925,1496.166413,-4.916284,-48.423744,-151.417792,-48.423744,198.386812,75.814645,-151.417792,75.814645,1512.114068,406.492803,1.0,3.9455,0.518982,3.915762
28861.0,-0.668085,0.23561,0.705797,-0.742772,-0.267488,-0.613791,0.044177,-0.934312,0.353709,334.945862,-399.114683,116.807961,3.593373,3.599555,3.592883,90.018257,90.006222,90.007234,53.399608,0.056154,0.046819,102.099411,0.978495,-101.106343,9.872236,-349.688005,9.872236,-201.950251,355.729519,-349.688005,355.729519,1446.731472,-54.357887,6.555809,-150.643481,6.555809,-134.479856,210.751322,-150.643481,210.751322,1486.849213,220.646121,1.0,0.855009,1.209263,3.094345
26961.0,0.148962,0.700736,-0.697695,0.640354,0.469282,0.608047,0.753496,-0.537348,-0.378814,406.728611,-15.387913,124.7838,3.597771,3.594431,3.592352,89.980981,90.034087,90.029924,99.818796,0.054503,0.051476,76.860502,0.98913,-268.20323,320.938073,25.861512,320.938073,20.594509,431.067709,25.861512,431.067709,1041.364313,-54.523365,-46.087733,162.68343,-46.087733,-27.32886,319.822919,162.68343,319.822919,1348.995313,523.054869,1.0,3.99554,1.959311,2.190286
25470.0,0.298652,-0.49974,0.81306,-0.705917,0.457652,0.540588,-0.642252,-0.735401,-0.216096,-273.432971,-334.411065,-52.101239,3.598447,3.595704,3.59992,90.031503,90.094155,89.973544,164.434228,0.075184,0.074125,102.646204,0.983516,1100.389981,779.251412,288.54152,779.251412,1567.052528,557.068978,288.54152,557.068978,773.013008,361.33058,-1.428242,9.755402,-1.428242,211.674199,13.265579,9.755402,13.265579,1069.756597,304.411237,1.0,2.157562,1.788611,3.859479
24081.0,0.742363,0.193277,0.641514,-0.656754,0.020484,0.753827,0.132557,-0.98093,0.142142,421.911862,228.081868,-192.788676,3.595903,3.600093,3.587978,90.04149,89.921933,89.923327,166.501354,0.077116,0.081318,60.182426,0.860215,443.946226,-1099.019007,-544.799636,-1099.019007,-1400.178922,445.51124,-544.799636,445.51124,1586.983818,-228.695545,-284.989937,-335.441767,-284.989937,-405.718745,-32.766456,-335.441767,-32.766456,1727.838197,560.717268,1.0,2.436513,1.428171,3.007273
27154.0,-0.041659,0.688976,-0.723586,-0.395498,0.653688,0.645192,0.917521,0.313055,0.245257,50.983561,-77.055943,-174.594855,3.598881,3.594397,3.593119,90.002881,89.938105,89.903291,151.825759,0.067697,0.07592,71.659488,0.892045,-36.597156,74.16013,175.527492,74.16013,-549.146286,152.534466,175.527492,152.534466,1890.690902,-24.130694,74.170888,-34.856161,74.170888,-242.877694,-166.250799,-34.856161,-166.250799,1441.448025,657.650355,1.0,3.984201,1.323012,1.241985
28062.0,-0.364117,0.699009,0.615472,-0.72554,-0.627236,0.283136,0.583961,-0.343455,0.735546,572.070473,123.920412,-143.096481,3.597243,3.590401,3.596222,90.096557,89.972262,89.946619,121.145979,0.069263,0.065737,83.237115,0.994505,-1178.950776,680.772342,345.08694,680.772342,781.697951,-143.012752,345.08694,-143.012752,997.737687,94.413152,-49.397072,112.717313,-49.397072,269.845298,45.303137,112.717313,45.303137,1385.467342,332.874968,1.0,2.00196,0.744324,2.102455
28076.0,-0.436221,0.572726,0.694043,-0.845282,-0.525293,-0.097805,0.30856,-0.629327,0.713259,-325.913026,-94.239568,111.131534,3.59362,3.596528,3.597623,90.037784,90.023998,90.014597,134.035567,0.061053,0.069332,72.691481,0.939891,652.124131,-33.823095,231.858379,-33.823095,-25.844115,378.506659,231.858379,378.506659,1062.681836,198.793987,-48.467945,186.158733,-48.467945,230.549811,190.429398,186.158733,190.429398,1181.733898,662.034643,1.0,1.430797,0.77666,2.685733
27745.0,0.429864,-0.568907,-0.701114,0.847831,0.521362,0.096768,0.310482,-0.636024,0.706452,578.529991,16.736431,-67.914096,3.592771,3.597332,3.590281,90.097144,89.961461,90.017492,160.166367,0.101271,0.088808,64.881256,0.714286,-1049.731956,-118.827517,861.81484,-118.827517,-141.150067,-459.274676,861.81484,-459.274676,822.901861,1.917035,89.961273,-230.002913,89.961273,-58.369701,-298.727071,-230.002913,-298.727071,1142.798179,595.815147,1.0,4.575235,0.786324,2.687461
24163.0,0.634419,0.772957,0.007117,-0.575653,0.466293,0.67171,0.515884,-0.430242,0.74078,-172.874273,424.811824,148.626293,3.594786,3.594939,3.599389,89.977776,89.965426,90.06395,73.132807,0.047727,0.044552,129.541928,0.989247,-270.96766,333.773905,175.510812,333.773905,1021.306836,343.246799,175.510812,343.246799,1311.919372,93.566595,-32.546462,26.242068,-32.546462,363.049186,69.624268,26.242068,69.624268,1230.389494,259.565638,1.0,3.130997,0.736566,2.265922
24146.0,0.697172,0.510208,0.503625,-0.633509,0.109606,0.765933,0.335585,-0.853038,0.399636,77.574723,-129.106094,-138.971146,3.594334,3.598506,3.594321,90.020747,90.002565,90.023733,105.561031,0.066634,0.062273,72.039949,0.818182,165.737883,28.948791,-387.278328,28.948791,152.62183,-118.794527,-387.278328,-118.794527,1200.974193,122.169435,-92.377744,-385.030222,-92.377744,3.104638,-56.762674,-385.030222,-56.762674,1434.18208,587.804969,1.0,2.559941,1.159677,2.766789
26240.0,-0.026656,-0.424716,-0.904934,0.88824,0.40524,-0.216357,0.458606,-0.809566,0.366448,52.466828,-401.167504,164.924371,3.592076,3.599046,3.594089,90.063401,89.984038,90.077117,144.679461,0.067607,0.074728,83.03282,0.989247,-133.440875,78.11208,218.564086,78.11208,-604.027576,-470.087559,218.564086,-470.087559,1713.159578,47.087719,-10.296151,334.11049,-10.296151,-11.895336,-208.700644,334.11049,-208.700644,1310.38982,454.498955,1.0,4.947069,1.195608,2.626182
,,,,,,,,,,,,,,,,,,,,,,,,,,,,,,,,,,,,,,,,,,,,,,
27249.0,0.232438,-0.67809,-0.697256,0.694355,0.617686,-0.369236,0.681061,-0.398318,0.614409,-278.786902,343.762481,-161.144304,3.594755,3.594392,3.596682,89.99955,89.907551,90.119952,152.883398,0.077377,0.07904,79.603481,0.989247,524.127362,61.844278,54.410337,61.844278,-1042.908599,-105.868475,54.410337,-105.868475,1664.196877,250.226238,61.921386,95.968394,61.921386,-116.7299,172.904927,95.968394,172.904927,1127.240189,601.49576,1.0,5.199401,0.909159,2.100002
24939.0,0.17094,0.169443,0.970602,-0.206844,0.969321,-0.13279,-0.963325,-0.178064,0.200744,-237.307497,261.794697,150.073419,3.598932,3.595439,3.593263,90.051601,90.021848,89.981273,122.476844,0.063197,0.065321,75.156754,0.972527,-315.777515,-306.08141,-75.123854,-306.08141,498.676315,-51.599116,-75.123854,-51.599116,1467.733277,-248.93543,-250.792133,-53.208874,-250.792133,238.356316,90.868328,-53.208874,90.868328,1640.901705,1075.060415,1.0,1.434828,1.368679,4.529609
28688.0,-0.626895,0.388287,0.675452,-0.776129,-0.386925,-0.497908,0.068018,-0.836374,0.543923,147.214497,-226.822424,-163.318398,3.594328,3.593845,3.595647,90.130936,89.987495,89.972981,183.205071,0.087557,0.102582,69.93894,0.82967,-540.895681,379.567962,681.381935,379.567962,-24.678383,-281.879385,681.381935,-281.879385,1152.570684,308.337316,159.719258,466.313046,159.719258,-212.356674,99.99777,466.313046,99.99777,1587.423758,1006.399397,1.0,0.935571,0.995692,3.060446
28548.0,0.661792,-0.128115,-0.73866,0.740358,-0.043276,0.670819,-0.117908,-0.990815,0.066211,329.293337,-107.6578,-4.617816,3.593877,3.600293,3.597748,89.998094,90.030333,89.974153,103.068752,0.069207,0.061736,112.949922,0.994382,834.16189,-525.528772,6.875956,-525.528772,203.110242,-43.049704,6.875956,-43.049704,1805.664945,-84.983905,-20.286022,155.863942,-20.286022,47.763895,79.649437,155.863942,79.649437,1628.770842,442.882886,1.0,3.975086,1.504536,3.260037
23919.0,0.183934,-0.045683,0.981876,-0.093333,0.993594,0.063712,-0.978497,-0.10336,0.178492,122.738381,493.020825,-177.569635,3.59856,3.586012,3.59217,90.042208,89.979472,90.082965,219.451952,0.101323,0.101275,63.253325,0.736264,-314.953135,-460.093458,-472.66955,-460.093458,-2072.026817,959.038323,-472.66955,959.038323,1005.884645,-206.860718,199.690815,-56.882152,199.690815,-433.389714,114.700384,-56.882152,114.700384,1555.372434,656.477701,1.0,1.635594,1.391343,4.607148
29103.0,0.638656,0.284497,-0.714969,0.482475,0.575767,0.660084,0.599447,-0.766521,0.230454,358.751403,373.347244,-150.088408,3.593164,3.594591,3.594418,90.056388,89.982877,90.158164,158.299639,0.06871,0.072123,65.917499,0.870056,-433.449876,-676.090635,-49.367244,-676.090635,-967.650849,170.420791,-49.367244,170.420791,1528.611415,197.999347,-94.066315,-8.180894,-94.066315,5.273588,37.536381,-8.180894,37.536381,1262.310418,669.845612,1.0,3.966884,1.338252,2.477901
23888.0,-0.625918,0.343066,-0.70038,0.5882,0.797351,-0.1351,0.5121,-0.496525,-0.700868,506.407994,-312.49239,33.390886,3.597935,3.595295,3.594468,89.95811,90.049509,90.011677,130.373464,0.080443,0.069851,98.13664,0.973404,51.592803,-341.502028,-393.214907,-341.502028,532.490826,216.018941,-393.214907,216.018941,1084.32508,193.707118,-16.916876,132.213953,-16.916876,134.001955,-3.868274,132.213953,-3.868274,1144.920834,944.93592,1.0,4.902943,2.34741,2.340754
27809.0,0.43333,-0.614663,-0.659101,0.815652,0.578534,-0.003273,0.383325,-0.536179,0.752047,381.34222,-399.031729,-134.753603,3.594858,3.593134,3.593415,90.061564,89.945293,90.04711,159.721161,0.069883,0.069638,75.331867,0.822581,-578.706732,218.992157,326.274306,218.992157,-282.793112,295.99757,326.274306,295.99757,778.571404,48.785499,54.201658,-17.520592,54.201658,-120.137727,117.133903,-17.520592,117.133903,831.989861,824.608437,1.0,4.717356,0.719634,2.520924
25617.0,0.094107,-0.171456,0.980687,-0.148302,0.971654,0.184108,-0.984454,-0.162764,0.066012,30.116205,461.684082,-130.663255,3.599791,3.589523,3.592343,90.007423,89.970811,89.948437,186.306957,0.103233,0.099538,78.206013,0.950276,-383.539857,62.215339,-378.336326,62.215339,-1295.513886,-44.636931,-378.336326,-44.636931,1666.633934,-543.985149,-75.897586,-86.545838,-75.897586,-181.969098,121.429854,-86.545838,121.429854,1747.585385,1495.650657,1.0,1.75637,1.504736,4.548537
29852.0,0.633516,-0.678184,0.372456,0.254622,0.637301,0.727334,-0.730633,-0.365942,0.576421,556.231927,179.614661,103.885446,3.597296,3.593775,3.594625,89.991683,90.046654,89.966784,114.318519,0.063553,0.061035,100.99126,0.988889,-87.307234,44.09152,-402.125161,44.09152,164.363134,-81.069605,-402.125161,-81.069605,1034.362693,122.756578,-20.458119,-146.05431,-20.458119,167.086407,-17.230693,-146.05431,-17.230693,1327.494273,483.368398,1.0,2.668325,0.956454,4.248056
28540.0,-0.19702,0.655111,-0.729392,-0.31951,0.660452,0.679497,0.926875,0.366922,0.079192,352.857719,247.702912,16.340044,3.598738,3.593128,3.593896,89.999619,89.99637,89.941541,99.132346,0.049781,0.053621,90.552829,0.988827,-166.44046,-178.132755,-46.692414,-178.132755,-183.201092,-177.579479,-46.692414,-177.579479,1479.304419,23.809025,176.406183,-200.911248,176.406183,39.329652,-227.317441,-200.911248,-227.317441,1520.311686,594.432712,1.0,3.96239,1.491521,1.193855
28021.0,-0.315676,0.647124,0.693959,-0.665689,0.370131,-0.647967,-0.676171,-0.666509,0.313942,304.804121,-297.662228,-78.181943,3.597282,3.595842,3.598881,89.980559,89.971883,89.931482,103.635574,0.050644,0.050936,114.264936,0.989011,787.745837,-714.638783,-49.968424,-714.638783,908.159349,273.099619,-49.968424,273.099619,1170.625423,93.739858,-46.487964,47.870033,-46.487964,162.300166,61.926818,47.870033,61.926818,1133.623882,240.222705,1.0,0.819658,1.251454,3.934187
27011.0,-0.012543,0.70703,-0.707073,-0.351626,0.658845,0.665043,0.936057,0.256967,0.240346,381.039141,-196.248896,181.45848,3.599598,3.594381,3.594658,89.993425,89.97912,89.941891,120.9996,0.057261,0.064036,74.939752,0.989247,109.538208,-116.233969,182.323062,-116.233969,77.042046,-80.869983,182.323062,-80.869983,1743.317574,356.948192,-6.565702,-3.038776,-6.565702,-95.714142,-135.608225,-3.038776,-135.608225,1570.767578,653.148113,1.0,3.957613,1.328075,1.302876
23908.0,-0.637098,0.443168,-0.630642,0.604204,0.795157,-0.051613,0.478586,-0.413918,-0.774356,92.981922,-120.6724,-152.596218,3.594416,3.593819,3.597028,89.946127,89.999516,90.02079,136.141175,0.06374,0.068912,73.557687,0.978022,242.968415,-239.650459,261.400156,-239.650459,-173.073935,-221.314704,261.400156,-221.314704,920.96537,337.24687,62.783362,-37.607984,62.783362,-180.20541,-11.575226,-37.607984,-11.575226,1223.595616,610.964495,1.0,4.794049,2.456493,2.283865
23910.0,-0.629623,-0.56987,-0.528037,0.597405,0.079376,-0.798002,0.496671,-0.817892,0.290466,296.432951,283.596585,-163.389378,3.595997,3.594154,3.591751,90.095704,89.938617,90.065148,175.362698,0.096706,0.086236,75.597595,0.747312,-467.332125,-497.004034,-650.890731,-497.004034,-631.723262,-121.800965,-650.890731,-121.800965,1152.362161,-238.969935,131.571545,-524.146509,131.571545,-86.665221,-4.667824,-524.146509,-4.667824,1305.873316,956.786925,1.0,5.69863,1.276083,2.595854
23914.0,-0.711385,-0.414696,-0.567414,0.670557,-0.158754,-0.724672,0.210439,-0.896005,0.391013,225.489492,198.75678,152.488899,3.593523,3.597989,3.594184,90.054909,90.015966,90.014723,133.626182,0.085975,0.080364,65.730857,0.866667,-246.095632,-27.538873,239.315225,-27.538873,75.448659,-90.835374,239.315225,-90.835374,1282.316369,-205.300822,-80.686831,287.090738,-80.686831,-22.101166,2.506927,287.090738,2.506927,1449.707534,825.2144,1.0,5.6189,1.169065,2.91091
27267.0,0.195654,0.686079,-0.700725,0.536139,0.523465,0.662223,0.821142,-0.505253,-0.265416,315.135046,-103.541695,103.04929,3.596869,3.594238,3.595171,89.994362,90.056411,90.072137,112.790855,0.057108,0.058738,77.719206,0.938202,168.173808,-214.43301,190.565382,-214.43301,-251.350186,-45.115048,190.565382,-45.115048,1355.864316,3.135251,-40.370697,73.955824,-40.370697,-135.266255,177.761408,73.955824,177.761408,1402.565699,466.18008,1.0,3.955232,1.839431,2.122393
28606.0,0.669399,0.155839,-0.726374,0.720406,0.102627,0.685918,0.181439,-0.982437,-0.043569,-109.829112,6.036803,-166.254093,3.593448,3.599592,3.593219,89.989143,89.995476,90.057684,138.924872,0.067745,0.077886,77.958924,0.961538,-282.91781,-31.749478,113.706764,-31.749478,-159.995265,115.648207,113.706764,115.648207,1710.974406,-323.164516,-52.565503,-177.518803,-52.565503,-64.190952,-157.962026,-177.518803,-157.962026,1513.092564,534.940666,1.0,3.955629,1.614379,2.958968
29827.0,-0.74682,0.650929,0.136205,-0.422709,-0.622749,0.658407,0.513398,0.434136,0.740235,100.891815,49.767756,29.065606,3.596437,3.595056,3.595389,89.944051,89.957574,90.007143,131.160447,0.07474,0.077171,70.954498,0.801075,609.478434,82.20099,-53.346711,82.20099,-209.590642,-82.672121,-53.346711,-82.672121,1041.046169,23.392387,-31.022893,-7.426064,-31.022893,55.896971,-54.740696,-7.426064,-54.740696,1025.839259,648.74782,1.0,2.9376,0.737376,0.868854
28057.0,0.277048,0.631657,-0.724054,0.384332,0.617795,0.686016,0.880644,-0.468337,-0.071607,197.117604,-274.687966,6.9778,3.598057,3.593698,3.590727,89.987845,89.986403,90.052993,114.267744,0.061518,0.061565,69.538739,0.927778,-703.253086,336.065725,8.587618,336.065725,-333.472125,312.187233,8.587618,312.187233,1253.97626,-337.587582,38.217406,61.911924,38.217406,10.830286,121.566557,61.911924,121.566557,1438.544133,553.763262,1.0,3.953961,1.642465,2.059568
24278.0,0.582216,0.799129,0.149727,-0.569332,0.269257,0.776764,0.580419,-0.537489,0.611735,396.517448,381.494259,73.008072,3.594947,3.595964,3.597961,89.961534,89.923845,90.042534,161.993691,0.078333,0.081851,68.757244,0.866667,340.689274,735.606938,330.54572,735.606938,483.871947,169.324442,330.54572,169.324442,1169.564111,-398.97323,-82.729067,17.927746,-82.729067,244.412042,-39.900877,17.927746,-39.900877,1273.723392,746.133285,1.0,2.951171,0.912545,2.317811
28300.0,-0.430782,0.588791,0.683924,-0.711798,0.244197,-0.658568,-0.554771,-0.770515,0.313904,38.358726,-227.816795,135.794462,3.594401,3.59614,3.59619,90.071537,89.97701,89.902317,178.885826,0.09489,0.092041,60.238026,0.747191,-514.575406,-505.233256,2.277562,-505.233256,475.7977,-178.633429,2.277562,-178.633429,1436.091451,198.41539,-227.924482,256.49533,-227.924482,57.290318,-183.489868,256.49533,-183.489868,1373.112916,982.839097,1.0,0.804283,1.251494,3.765616
24405.0,0.431004,-0.315314,0.845466,-0.442558,0.742666,0.502583,-0.78637,-0.590783,0.180548,45.650647,-232.643358,-10.95321,3.596099,3.595407,3.594484,89.993265,90.050525,89.926328,159.629998,0.084822,0.091262,80.599275,0.933333,-256.439922,247.169374,117.916089,247.169374,209.215549,35.797616,117.916089,35.797616,1239.839176,225.895794,312.474769,38.211395,312.474769,-240.281345,-285.337843,38.211395,-285.337843,1462.215253,1505.711625,1.0,2.107122,1.389253,4.06807
24369.0,0.453621,0.804515,-0.383384,-0.457297,0.579364,0.674697,0.764923,-0.130737,0.630715,-321.669936,100.961208,-4.76894,3.597205,3.593597,3.596767,90.007887,89.961092,90.002652,42.106397,0.049443,0.041032,118.948847,0.989011,159.184915,-292.45142,81.31988,-292.45142,275.811623,70.945787,81.31988,70.945787,1197.718094,91.383713,-199.008371,127.346753,-199.008371,254.340271,59.301132,127.346753,59.301132,1222.735694,142.360773,1.0,3.658325,0.888323,1.740075
26727.0,0.11187,-0.5137,-0.850645,0.833424,0.514699,-0.201219,0.541193,-0.686438,0.485709,408.536533,-380.700308,-2.812721,3.597532,3.599325,3.597159,89.96508,89.896552,89.967689,129.466862,0.064092,0.06352,113.641804,0.994681,1129.438189,-1017.255387,-146.145339,-1017.255387,1012.664393,136.28669,-146.145339,136.28669,1282.875113,183.700314,-13.22673,28.774993,-13.22673,148.154555,-36.566562,28.774993,-36.566562,1167.030517,206.441648,1.0,4.944668,1.063622,2.473961
30151.0,0.731243,0.287194,-0.618711,0.222222,0.75726,0.614145,0.644905,-0.58658,0.48992,-317.088472,-123.626529,-173.315441,3.596042,3.595319,3.595226,90.05288,90.003914,90.066635,128.411837,0.080392,0.083259,72.322034,0.806818,442.662148,-192.816874,13.172245,-192.816874,-239.865119,-209.392881,13.172245,-209.392881,1155.803383,87.056911,-169.574178,-9.395987,-169.574178,290.201168,-65.688967,-9.395987,-65.688967,1168.839196,778.102249,1.0,3.930694,1.058798,2.308869
26232.0,0.124923,-0.287731,0.949529,-0.92333,0.316544,0.217397,-0.363119,-0.903886,-0.226128,589.363996,-99.742232,142.906503,3.593564,3.599443,3.594328,90.008401,89.99534,90.002395,118.389222,0.055265,0.058809,74.964348,0.95082,284.832896,-163.540231,423.073969,-163.540231,66.352538,-468.554504,423.073969,-468.554504,1216.905114,22.597347,-104.205544,206.243455,-104.205544,-537.080339,-322.582691,206.243455,-322.582691,1571.502277,757.454952,1.0,1.795869,1.798897,3.52359
,,,,,,,,,,,,,,,,,,,,,,,,,,,,,,,,,,,,,,,,,,,,,,
23989.0,-0.710809,-0.169312,-0.682704,0.696036,-0.309254,-0.647994,-0.101415,-0.935786,0.337667,69.149079,344.91977,-191.504473,3.592569,3.59872,3.594173,90.020373,90.01805,90.00582,103.006101,0.074854,0.071316,75.993078,0.989362,-319.580535,227.118041,56.930087,227.118041,73.207888,292.455328,56.930087,292.455328,1292.905166,-239.264037,53.59704,153.269676,53.59704,-186.536476,272.23688,153.269676,272.23688,1442.702299,553.59459,1.0,5.47171,1.226359,3.249546
24358.0,0.544027,0.782035,-0.304067,-0.560451,0.608372,0.561941,0.624443,-0.135297,0.769263,223.536267,70.057517,-65.135075,3.596468,3.59583,3.597365,90.069467,89.932353,89.977333,95.868353,0.067077,0.063093,93.885646,0.989011,890.417464,-21.566754,-212.22263,-21.566754,-195.168352,-71.713913,-212.22263,-71.713913,1518.895533,212.271972,-63.656293,-51.964614,-63.656293,90.847746,72.895056,-51.964614,72.895056,1420.48549,478.875194,1.0,3.637578,0.69311,1.784166
27945.0,0.276293,0.655053,-0.703255,0.424036,0.573577,0.700858,0.862471,-0.491848,-0.119291,167.306178,-242.100393,-123.750985,3.598314,3.594995,3.594203,89.952902,90.014165,90.011651,130.387398,0.078151,0.071863,87.177055,0.844086,-101.485928,208.181005,347.247525,208.181005,569.857534,88.713549,347.247525,88.713549,1148.329316,200.549828,162.759085,99.867553,162.759085,-51.437687,47.685582,99.867553,47.685582,1428.953635,723.047733,1.0,3.928698,1.690372,2.089074
24315.0,0.619978,-0.048814,0.783099,-0.625995,0.570936,0.531189,-0.473029,-0.819542,0.32341,-211.131515,83.789191,23.810582,3.591207,3.596221,3.59351,90.032639,90.093499,89.942467,165.670449,0.081131,0.080772,63.785957,0.790323,-1153.969441,432.245079,301.480927,432.245079,-103.410021,19.944089,301.480927,19.944089,1043.449683,-765.514896,212.484466,-257.635354,212.484466,47.521609,70.382564,-257.635354,70.382564,1377.032861,1201.68514,1.0,2.166821,1.241465,3.665069
25924.0,0.230654,0.965933,-0.117358,-0.952755,0.248694,0.174382,0.197627,0.071591,0.977659,311.663553,388.089296,-11.025854,3.590114,3.593837,3.600167,89.992987,89.965689,89.996027,158.169208,0.08902,0.083342,62.375937,0.819149,-63.131647,215.746833,-124.346609,215.746833,-1014.916844,242.038653,-124.346609,242.038653,1750.594376,-420.676479,352.907971,-80.894586,352.907971,-201.373145,282.306268,-80.894586,282.306268,1871.593831,726.537526,1.0,3.733962,0.211774,1.223247
24034.0,-0.212652,-0.180612,-0.960291,0.265321,0.935173,-0.234642,0.940417,-0.304682,-0.150946,588.664025,-253.064275,5.662624,3.598254,3.594224,3.595111,89.999243,90.046176,90.067176,135.499616,0.091833,0.079767,77.371844,0.863158,160.845934,214.285146,226.898988,214.285146,-61.435089,-75.688675,226.898988,-75.688675,1538.043546,-369.988983,250.428226,117.572452,250.428226,17.360163,189.354521,117.572452,189.354521,1565.720999,1197.131696,1.0,4.952038,1.722321,1.884111
27810.0,-0.312479,0.583505,0.749585,-0.781862,-0.606138,0.145906,0.539489,-0.54048,0.645626,-257.803117,-260.69944,53.493036,3.597447,3.595941,3.595557,90.023899,89.971753,90.056484,92.158358,0.066178,0.061679,107.407644,0.983146,430.507386,143.409521,-304.882023,143.409521,334.504011,-240.786439,-304.882023,-240.786439,1250.384994,280.273794,84.576028,-96.839577,84.576028,349.384302,-105.597785,-96.839577,-105.597785,1317.751451,549.621481,1.0,1.763042,0.868953,2.357111
24377.0,0.574381,0.652472,0.494335,-0.603313,-0.07073,0.794362,0.553263,-0.754505,0.353019,-42.453472,-92.613617,144.187208,3.595325,3.595451,3.594517,90.08711,89.942152,90.052995,101.556052,0.064482,0.060227,94.942381,0.983516,-194.32924,-176.683679,326.20544,-176.683679,-183.560574,336.115885,326.20544,336.115885,1375.50193,117.155559,4.202627,-15.775273,4.202627,30.819677,-52.947941,-15.775273,-52.947941,1385.67925,412.50554,1.0,2.584934,1.21,2.508879
25619.0,0.272845,0.865607,-0.419856,-0.75492,0.463162,0.464302,0.596365,0.190276,0.779836,-204.01032,95.850284,-80.397648,3.594805,3.596133,3.597687,90.000868,89.956277,89.974159,69.400144,0.063554,0.055281,115.275178,0.967391,694.602646,40.764987,-92.50113,40.764987,75.112835,230.633071,-92.50113,230.633071,1156.612056,258.930829,23.488903,-86.786122,23.488903,212.79703,49.569661,-86.786122,49.569661,1166.965642,268.359262,1.0,3.876765,0.676392,1.261947
27347.0,0.287117,-0.551662,-0.783092,0.804383,0.582754,-0.115607,0.520126,-0.596713,0.611066,541.263805,-421.699961,39.863035,3.594363,3.596107,3.59523,90.026232,89.974583,90.032182,99.69817,0.047577,0.050455,76.184834,0.983051,215.656973,-113.715808,91.651167,-113.715808,23.066977,-137.808,91.651167,-137.808,873.93512,-324.770968,-91.962006,-73.831916,-91.962006,129.266194,-46.827699,-73.831916,-46.827699,1063.631063,447.118749,1.0,4.85896,0.91339,2.424662
25819.0,0.223111,0.877131,-0.42528,-0.770679,0.425863,0.47402,0.596889,0.221996,0.771,-268.659437,8.404467,-167.441088,3.593936,3.591656,3.596292,89.956802,89.959553,90.038921,127.719879,0.058213,0.059703,63.9967,0.893048,-840.725254,69.76294,-343.098175,69.76294,159.325477,205.076651,-343.098175,205.076651,732.111188,53.855588,-199.590732,-60.633921,-199.590732,7.308641,102.284842,-60.633921,102.284842,1079.746201,644.663598,1.0,3.872847,0.690386,1.214728
24364.0,0.666587,0.669803,0.327148,-0.706937,0.707236,-0.00756,-0.236434,-0.226234,0.944943,131.560678,-349.470931,-148.466846,3.595277,3.592629,3.600181,90.031052,90.065439,90.009861,153.168446,0.070451,0.079046,69.794732,0.971429,-246.789438,-278.321362,93.239788,-278.321362,97.44058,307.806066,93.239788,307.806066,1925.567488,-168.59131,-73.019777,199.165857,-73.019777,-218.335157,-38.857687,199.165857,-38.857687,1786.150203,637.72562,1.0,1.547693,0.333376,3.949034
27935.0,0.471667,-0.557468,-0.683199,0.801192,0.59453,0.06801,0.368269,-0.579451,0.727059,412.213468,32.790983,-59.295385,3.596167,3.592619,3.595469,90.144088,89.978318,89.976351,98.162255,0.070819,0.057467,157.459774,0.994536,-955.983448,763.439845,-293.500483,763.439845,395.808376,-97.991806,-293.500483,-97.991806,1267.737671,245.226751,-11.024071,-65.389908,-11.024071,180.926301,91.243571,-65.389908,91.243571,1264.783645,149.760546,1.0,4.61317,0.756768,2.575444
24065.0,-0.669973,-0.457906,-0.584344,0.709106,-0.16169,-0.686313,0.219784,-0.874173,0.433032,378.304328,20.687537,-69.851344,3.59426,3.597998,3.592498,90.08117,90.045668,90.063824,98.98774,0.062895,0.057416,107.489042,0.989189,-883.563925,-306.558978,214.844424,-306.558978,254.276287,219.792026,214.844424,219.792026,1477.412071,212.777758,-70.993185,258.388979,-70.993185,91.288805,259.86039,258.388979,259.86039,1444.67148,355.618313,1.0,5.577864,1.122943,2.895278
24073.0,-0.627651,-0.760694,0.165526,0.673138,-0.423488,0.606253,-0.391075,0.491937,0.777855,444.898999,-333.73703,91.048148,3.591597,3.596767,3.596054,89.956323,90.106474,89.973934,141.111911,0.068907,0.066708,73.869937,0.967742,539.346391,579.599746,-62.735483,579.599746,-1011.593731,121.047735,-62.735483,121.047735,1226.530622,267.314638,263.871784,-111.144806,263.871784,-107.785642,5.209746,-111.144806,5.209746,1332.244122,767.290526,1.0,2.875058,0.679551,5.611519
24569.0,0.399083,0.324744,0.857481,-0.460723,0.879573,-0.118684,-0.792759,-0.347697,0.50064,378.776828,293.202606,16.891418,3.597874,3.594485,3.594932,90.011778,90.024805,89.964204,47.324548,0.052045,0.043583,133.533178,0.978495,279.900501,-100.751554,-250.768938,-100.751554,108.924342,149.107049,-250.768938,149.107049,1166.624454,205.138076,-12.915338,-109.79201,-12.915338,137.545391,121.645696,-109.79201,121.645696,1257.980087,212.585448,1.0,1.43326,1.046458,4.299063
25230.0,-0.199606,-0.557212,-0.806023,0.560686,0.609657,-0.560312,0.80361,-0.563767,0.19073,-106.792783,-231.658914,-143.738374,3.59637,3.596078,3.593545,90.008968,89.933678,90.022822,154.168776,0.094171,0.092858,74.773325,0.889474,223.030253,-423.741375,-262.257151,-423.741375,-36.558766,-155.702369,-262.257151,-155.702369,1007.223508,188.873679,-5.136717,194.531084,-5.136717,-96.305752,-77.525021,194.531084,-77.525021,1157.526993,1026.084314,1.0,5.319857,1.378891,2.182557
28459.0,-0.453526,0.61144,0.648425,-0.673437,0.241453,-0.698701,-0.583778,-0.753553,0.302261,232.594584,443.294654,-137.445971,3.595388,3.59911,3.594416,90.065788,90.013944,89.985,85.535461,0.062285,0.052757,108.78542,0.983696,230.386319,377.249474,-294.379794,377.249474,379.237354,-452.825716,-294.379794,-452.825716,1396.916329,103.772915,94.397714,-53.61195,94.397714,138.537939,2.248935,-53.61195,2.248935,1080.526031,302.117127,1.0,0.748095,1.263732,3.800716
24392.0,0.678673,0.733024,0.045595,-0.733569,0.679583,-0.006532,-0.035773,-0.029014,0.998939,-169.672801,359.391832,-102.858664,3.59528,3.594961,3.598884,90.07615,89.972867,90.083767,190.995665,0.087342,0.097279,91.656079,0.977143,-419.63618,-14.88222,-244.499803,-14.88222,1079.049228,-627.497901,-244.499803,-627.497901,1404.559627,-359.912092,183.012506,-115.803232,183.012506,107.405027,146.976276,-115.803232,146.976276,1338.679642,759.808789,1.0,1.428509,0.046076,4.030945
27410.0,-0.217714,-0.47144,0.854602,-0.845946,0.52787,0.07569,-0.486801,-0.706468,-0.513738,256.60331,353.994478,46.558164,3.596294,3.596293,3.596092,89.972598,90.010477,89.932834,114.044979,0.065103,0.061388,78.04404,0.968586,586.62876,329.903589,190.669915,329.903589,172.294938,87.804983,190.669915,87.804983,1182.403255,-20.989647,95.426963,24.660156,95.426963,162.544656,-73.188956,24.660156,-73.188956,1353.561345,683.346673,1.0,1.659133,2.110332,3.744941
24498.0,0.500528,0.848488,0.171875,-0.562092,0.167516,0.809933,0.658426,-0.502003,0.560774,-316.05236,-129.203263,-169.542092,3.59624,3.595699,3.595098,90.007987,89.985856,89.980103,106.360219,0.069206,0.063814,81.474642,0.982955,681.81583,-145.683707,108.317442,-145.683707,274.231541,-14.689019,108.317442,-14.689019,528.752538,339.759389,134.2523,98.376071,134.2523,225.561348,118.737904,98.376071,118.737904,1090.151493,508.999258,1.0,2.932486,0.975476,2.222204
29941.0,-0.826713,0.562619,-0.002364,-0.423699,-0.619808,0.660543,0.370168,0.547081,0.750785,284.193764,35.001973,-143.275312,3.593582,3.595625,3.597071,89.980235,89.984635,90.004026,103.352198,0.063422,0.060333,85.149855,1.0,124.295109,-218.082925,171.16365,-218.082925,318.668692,277.071336,171.16365,277.071336,830.92378,-143.318577,13.84499,87.441109,13.84499,330.775403,171.112806,87.441109,171.112806,1251.527571,711.675537,1.0,3.145172,0.721547,0.594865
24102.0,-0.671139,-0.355076,-0.650764,0.726863,-0.142601,-0.671814,0.145746,-0.923897,0.353797,516.809198,-187.597925,179.782176,3.592286,3.59867,3.592909,90.051381,90.076606,90.005166,142.446016,0.086191,0.080975,66.881674,0.923497,-965.044715,39.543084,525.31964,39.543084,240.900181,-138.13577,525.31964,-138.13577,1325.438275,-221.51477,215.725309,290.584245,215.725309,-265.381292,19.734025,290.584245,19.734025,1786.022183,704.333898,1.0,5.513702,1.209169,2.985131
24172.0,0.148225,-0.978172,0.14563,-0.082663,0.134487,0.987461,-0.985493,-0.158404,-0.060925,507.147354,39.643298,70.589494,3.599932,3.59348,3.593879,89.994383,89.989578,89.966391,92.154611,0.047693,0.052215,89.162502,0.978022,-170.425124,-10.554239,0.977766,-10.554239,-4.82146,8.206335,0.977766,8.206335,1730.498526,32.228458,30.048373,25.890093,30.048373,-40.579806,-59.470568,25.890093,-59.470568,1544.863327,484.245386,1.0,2.995169,1.631759,4.553016
30048.0,0.495839,0.572368,-0.653099,0.151955,0.683272,0.714177,0.855016,-0.453359,0.251819,-60.112748,-74.500055,159.110076,3.598121,3.594116,3.594334,89.995954,89.976548,90.065944,80.353732,0.055538,0.054751,98.211756,0.989189,-126.378175,-138.835036,236.510308,-138.835036,75.988369,-13.644949,236.510308,-13.644949,1404.990141,150.527932,43.689165,22.574382,43.689165,48.73707,25.829763,22.574382,25.829763,1383.793517,403.706474,1.0,3.882349,1.316237,2.058338
26553.0,0.068801,-0.333656,-0.940181,0.915668,0.395204,-0.073245,0.396002,-0.855854,0.332709,232.584466,360.319144,136.320498,3.593519,3.597949,3.592956,90.023015,89.988732,90.05899,111.103941,0.058469,0.057589,81.058924,0.972973,-222.587513,-45.46715,325.505301,-45.46715,-288.930581,-102.501252,325.505301,-102.501252,1268.754159,-271.106716,-35.574044,167.457811,-35.574044,166.130914,-191.092551,167.457811,-191.092551,1307.462298,702.799457,1.0,4.790137,1.231622,2.708229
25393.0,0.145694,0.748827,-0.646553,-0.246042,0.660419,0.709444,0.958247,0.055718,0.280462,179.792528,-196.838035,31.344006,3.600526,3.59449,3.59228,89.970921,89.953555,90.005369,70.687209,0.052202,0.047559,91.877516,0.983784,-389.812235,358.958951,120.888299,358.958951,67.716839,-242.372671,120.888299,-242.372671,1878.886309,15.791383,86.437463,84.894947,86.437463,92.006143,-181.00398,84.894947,-181.00398,1854.087213,368.154234,1.0,3.880644,1.286521,1.512716
24124.0,-0.671195,-0.197256,-0.714554,0.735404,-0.298331,-0.608424,-0.093158,-0.933857,0.345301,203.68457,191.821738,-157.824603,3.594075,3.599038,3.596522,90.029104,89.991132,89.968825,76.744497,0.059656,0.054681,103.746403,0.984043,524.519663,298.492071,96.753327,298.492071,142.521439,-31.913993,96.753327,-31.913993,1540.405288,115.237268,103.173176,204.269946,103.173176,84.670549,128.238445,204.269946,128.238445,1526.043358,287.007789,1.0,5.417738,1.218236,3.24102
24804.0,0.266917,0.116157,0.956694,-0.336911,0.941318,-0.020293,-0.90291,-0.316904,0.290388,232.310974,365.526657,48.086642,3.600479,3.595835,3.593343,89.97669,90.013565,90.018944,101.729529,0.061823,0.058221,88.450391,0.989247,-29.677727,83.826666,-434.201746,83.826666,780.425414,586.523379,-434.201746,586.523379,1463.241667,-139.276633,-11.991818,-188.33737,-11.991818,112.073889,195.293968,-188.33737,195.293968,1550.889479,376.068451,1.0,1.549588,1.276164,4.374841
26958.0,0.193329,-0.259326,-0.946242,0.940964,0.322148,0.103963,0.27787,-0.910478,0.306296,-59.529678,-292.470135,112.476159,3.594959,3.599995,3.593446,90.042684,90.003724,90.016297,79.421863,0.05828,0.054108,94.345404,0.983516,-145.108057,102.340048,202.938092,102.340048,317.94889,-326.95745,202.938092,-326.95745,1691.117724,-31.439841,-1.695438,232.969649,-1.695438,4.62876,-273.243071,232.969649,-273.243071,1841.875683,404.585512,1.0,4.602959,1.259496,2.84538
24451.0,0.644069,0.545883,0.535898,-0.723319,0.662588,0.194388,-0.248966,-0.512825,0.8216,528.536241,500.411805,-43.75824,3.591756,3.597715,3.594172,90.08835,90.053004,89.879716,210.280841,0.094447,0.103847,58.491564,0.781915,55.658507,469.3213,-973.115722,469.3213,-918.780053,-286.279745,-973.115722,-286.279745,1400.04926,-351.174051,-119.258592,85.449208,-119.258592,-200.796025,178.428858,85.449208,178.428858,1249.584662,882.506834,1.0,1.91877,0.606584,3.593557
25414.0,0.361719,0.896033,-0.257457,-0.83475,0.434255,0.338548,0.415152,0.092453,0.905042,-222.142228,-389.388126,-85.122594,3.592921,3.597584,3.596324,89.927204,89.942633,89.992626,151.378614,0.079971,0.077725,68.919681,0.912088,485.990395,675.121158,523.430323,675.121158,-61.732881,310.979729,523.430323,310.979729,1001.65917,-308.16382,-124.143897,-64.891285,-124.143897,-104.839904,85.660931,-64.891285,85.660931,1071.272402,648.138825,1.0,3.791764,0.439318,1.351675
29492.0,-0.71728,0.648554,0.254731,-0.517376,-0.740602,0.428754,0.466724,0.175745,0.866765,530.534013,315.060799,-8.814866,3.593484,3.594128,3.595849,89.992035,89.889228,89.953235,137.268922,0.068242,0.065487,75.658004,0.834225,-708.614958,-353.67083,-205.296089,-353.67083,-57.468454,-235.75849,-205.296089,-235.75849,1253.724817,24.083046,13.809154,278.651074,13.809154,-111.273855,198.829124,278.651074,198.829124,1380.124268,544.845642,1.0,2.605508,0.522117,1.210668
28401.0,0.581393,-0.608907,-0.539642,0.711036,0.702645,-0.026786,0.395487,-0.368132,0.841468,55.285192,459.180876,105.712721,3.598414,3.591992,3.597345,90.130307,90.016647,89.937936,184.961016,0.076631,0.083713,70.226254,0.836257,-533.751382,1218.28267,-196.268132,1218.28267,961.770726,-290.545845,-196.268132,-290.545845,1252.208791,-98.266611,74.335736,-49.033072,74.335736,9.52318,-3.34158,-49.033072,-3.34158,1381.588958,593.462048,1.0,4.761984,0.570802,2.320387
24623.0,0.435527,-0.304216,0.847213,-0.526508,0.677297,0.513865,-0.730141,-0.669867,0.134809,533.581289,-54.378116,-21.035945,3.596977,3.595838,3.59589,90.037756,89.966658,89.950356,116.22544,0.059025,0.061201,77.247981,0.845745,879.569319,-71.118447,-91.639528,-71.118447,-65.703159,14.661221,-91.639528,14.661221,1134.667371,24.637688,-6.936276,-261.418238,-6.936276,55.691971,130.23901,-261.418238,130.23901,1225.345272,662.976441,1.0,2.116008,1.435575,3.970017
25166.0,0.160168,0.975229,-0.152563,-0.232367,0.187466,0.954391,0.95935,-0.117412,0.256637,418.953454,-77.378743,-150.763744,3.59891,3.595553,3.594174,90.03785,89.947826,90.021289,92.769012,0.053248,0.052466,94.599888,0.957895,492.715258,-154.65769,-148.398114,-154.65769,-143.526974,70.825591,-148.398114,70.825591,1580.104777,51.62736,105.550321,81.825665,105.550321,45.49797,-44.034829,81.825665,-44.034829,1450.58148,601.060078,1.0,3.300105,1.311255,1.692578
30068.0,0.747092,-0.587457,0.311041,0.251243,0.682772,0.686075,-0.61541,-0.434414,0.657689,-189.142489,91.968967,159.877352,3.595946,3.595164,3.594711,90.068815,90.024727,90.009017,122.045622,0.063214,0.063006,63.90589,0.831522,649.168266,-27.469839,119.707666,-27.469839,-358.509001,-83.712005,119.707666,-83.712005,855.235454,-78.808695,-167.008645,31.299182,-167.008645,62.615973,91.410918,31.299182,91.410918,1160.154374,604.592199,1.0,2.715945,0.85305,4.097718
25153.0,-0.186771,0.812385,-0.552401,0.512721,0.560247,0.65057,0.837994,-0.16172,-0.521165,-0.458037,155.087977,-104.413029,3.598206,3.593602,3.594068,89.990836,90.029055,90.017128,115.411086,0.062422,0.062602,72.682153,0.951613,-77.45061,-95.700389,-203.415876,-95.700389,111.688102,346.244441,-203.415876,346.244441,1127.606724,32.025533,-34.72604,-39.23488,-34.72604,-17.570693,135.53879,-39.23488,135.53879,1560.17316,536.012589,1.0,3.845566,2.119011,1.761437
27333.0,-0.207674,-0.375189,0.903385,-0.885965,0.463618,-0.011122,-0.414653,-0.802678,-0.428686,-213.802117,214.146383,47.868383,3.594772,3.596047,3.593884,89.892389,89.99196,89.936084,167.778901,0.085104,0.089446,74.608244,0.88601,-485.666563,414.125197,-168.5782,414.125197,-148.492673,5.272657,-168.5782,5.272657,1467.500241,72.608853,-91.715802,68.763641,-91.715802,41.550215,-62.864652,68.763641,-62.864652,1553.24983,1027.263132,1.0,1.558486,2.013834,3.618422
24247.0,-0.319836,0.78593,-0.529168,0.41538,0.618282,0.667223,0.851566,-0.006404,-0.524208,511.53466,197.38485,-186.635237,3.59553,3.590389,3.595695,90.005055,90.143639,90.031737,238.415407,0.104516,0.118013,62.378213,0.707182,-666.051042,-212.037722,207.64877,-212.037722,-947.309233,-581.815715,207.64877,-581.815715,1586.002631,-93.894922,-218.711469,247.977474,-218.711469,-252.739695,4.797824,247.977474,4.797824,1327.402486,1258.715067,1.0,3.812106,2.122582,1.578316
24238.0,-0.516318,-0.81063,0.276214,0.620411,-0.131722,0.773136,-0.590344,0.570551,0.570934,399.88015,270.795076,127.864022,3.595236,3.592903,3.591949,89.876667,90.006637,90.054041,175.54084,0.084277,0.08426,82.859922,0.972067,-986.513319,-759.888367,-231.702203,-759.888367,-384.171662,-158.551115,-231.702203,-158.551115,919.045159,-191.732212,12.646474,-130.839584,12.646474,92.597964,63.255471,-130.839584,63.255471,1186.037695,770.305439,1.0,2.79846,0.963153,5.480739
27432.0,0.30278,-0.515968,-0.801312,0.771033,0.62682,-0.112273,0.560208,-0.583844,0.587617,355.51536,122.761588,-176.393499,3.593228,3.594141,3.594179,90.056105,89.868644,90.029264,218.297342,0.106985,0.116489,63.695645,0.833333,-831.367627,-535.425324,-321.53783,-535.425324,-460.972929,148.438215,-321.53783,148.438215,1246.738653,-56.69459,-88.932561,-27.881538,-88.932561,-265.136889,303.07539,-27.881538,303.07539,1126.959116,954.404518,1.0,4.851594,0.942686,2.376852
24937.0,0.252116,-0.186901,0.949476,-0.349524,0.897346,0.269449,-0.902369,-0.399797,0.16091,503.146081,330.259758,-124.211629,3.599612,3.594079,3.5915,90.012512,89.998525,89.976682,68.707936,0.059594,0.044959,130.040315,0.98913,-473.464431,-350.706089,-411.800993,-350.706089,2.606443,310.031074,-411.800993,310.031074,1442.0515,-25.117709,22.782228,-92.465378,22.782228,79.653959,205.011622,-92.465378,205.011622,1478.673017,184.837597,1.0,1.847313,1.409184,4.295328
24540.0,0.637001,0.681581,0.360108,-0.764098,0.496528,0.411842,0.1019,-0.537502,0.837083,-17.420515,44.822157,145.164285,3.594292,3.596159,3.596143,90.038392,89.991501,89.989802,68.503057,0.05484,0.050071,101.984102,0.977901,363.949194,78.911838,-143.372239,78.911838,73.15695,-29.380945,-143.372239,-29.380945,924.660848,227.344413,48.525768,-35.967658,48.525768,56.103691,14.529828,-35.967658,14.529828,1393.451555,335.655159,1.0,2.423112,0.578867,2.954235
28529.0,0.592124,-0.527598,-0.609122,0.661612,-0.113254,0.741245,-0.460064,-0.841911,0.282005,537.390779,366.605681,-112.739244,3.597065,3.597663,3.593748,90.057359,90.025348,89.950127,96.875525,0.059763,0.055218,97.837888,0.983871,149.885243,398.682971,-160.444248,398.682971,177.252621,-33.883066,-160.444248,-33.883066,1557.437342,-49.17247,105.706475,68.275691,105.706475,-5.541223,157.761274,68.275691,157.761274,1536.671831,428.04639,1.0,3.829459,1.284913,3.641708
29857.0,-0.874409,0.353395,0.332447,-0.474578,-0.76548,-0.434531,0.100921,-0.537729,0.837056,178.086817,-392.071794,81.057841,3.594642,3.595594,3.595205,90.094157,90.007561,90.014575,101.090412,0.058465,0.053916,104.822203,0.978022,180.51733,162.915026,-120.985989,162.915026,-276.136441,392.584542,-120.985989,392.584542,1135.213074,204.039214,-59.943434,106.708757,-59.943434,110.173073,-12.710635,106.708757,-12.710635,1300.252855,539.942271,1.0,0.653077,0.578917,2.956072
27929.0,-0.320145,-0.542138,0.776913,-0.728093,0.665483,0.164354,-0.606125,-0.513048,-0.607778,279.714831,-66.10838,-152.461942,3.595729,3.593197,3.592774,89.899761,89.99442,89.999032,162.380345,0.067529,0.076291,67.203275,0.897727,-952.905409,495.440882,122.060096,495.440882,345.590256,-87.783702,122.060096,-87.783702,605.921801,-116.624714,-40.998244,141.50373,-40.998244,4.967519,-92.22631,141.50373,-92.22631,1146.872197,661.671255,1.0,1.77927,2.224056,4.009966
24306.0,-0.582155,-0.559585,-0.589882,0.72173,-0.021542,-0.69184,0.374436,-0.828493,0.41641,604.968156,-271.035026,-28.554162,3.597897,3.599083,3.594159,90.006674,89.965243,90.000338,85.440521,0.057584,0.049224,111.927234,1.0,1021.706933,-449.468973,252.172717,-449.468973,309.496193,286.868176,252.172717,286.868176,1295.123529,88.41917,-6.952773,207.852662,-6.952773,-2.904949,40.821885,207.852662,40.821885,1361.959104,200.141602,1.0,5.577168,1.141303,2.717119
24322.0,-0.401571,0.093979,-0.910993,0.526651,0.837493,-0.145754,0.749253,-0.538306,-0.385807,537.534695,204.391458,29.501058,3.596961,3.595367,3.591513,89.941331,90.044885,90.050309,95.986227,0.059011,0.059251,105.108299,1.0,-751.656476,-342.836043,-196.47197,-342.836043,55.768273,-39.122213,-196.47197,-39.122213,1290.611102,-8.373626,3.071839,-24.883576,3.071839,181.047144,178.520032,-24.883576,178.520032,1267.15716,509.336272,1.0,4.871039,1.966879,2.193802
27784.0,-0.26779,-0.535148,0.80119,-0.697673,0.681211,0.221818,-0.664485,-0.499568,-0.55578,40.266919,30.244321,70.594485,3.595901,3.595817,3.595239,89.959104,89.933664,89.959414,76.653158,0.060719,0.060877,102.197284,0.989071,-21.618133,-162.326506,-10.094593,-162.326506,128.507703,-41.980052,-10.094593,-41.980052,1354.699802,52.53069,-40.037089,-18.097182,-40.037089,210.402858,-5.484441,-18.097182,-5.484441,1149.952559,310.030797,1.0,1.840892,2.160097,4.06773
24373.0,-0.118776,0.282495,-0.951887,0.214019,0.943423,0.253278,0.969581,-0.173639,-0.172515,-253.243786,57.875389,43.587536,3.597909,3.594481,3.591793,90.008488,90.076341,90.017577,128.850787,0.065255,0.067887,70.177045,0.845745,-603.348992,381.214579,315.403095,381.214579,-12.45234,-28.260027,315.403095,-28.260027,1305.660459,186.473915,-180.80524,115.628437,-180.80524,4.618376,42.443725,115.628437,42.443725,1234.655829,738.999398,1.0,4.452335,1.744179,1.748004
24342.0,-0.592845,-0.466417,-0.656498,0.756774,-0.043914,-0.6522,0.275368,-0.883474,0.379006,-162.310044,37.610898,-103.218869,3.596114,3.597748,3.593692,90.034443,89.986996,89.892971,203.723706,0.070159,0.091124,74.206289,0.89011,844.854259,-696.77812,557.422874,-696.77812,137.789958,-608.512508,557.422874,-608.512508,644.350595,406.474226,53.27094,104.763246,53.27094,-125.457661,-39.491572,104.763246,-39.491572,1060.913715,720.569903,1.0,5.494503,1.182074,2.839449
24650.0,0.562601,0.773645,0.29147,-0.721518,0.287362,0.629948,0.403599,-0.56471,0.719869,114.214336,453.89615,32.398418,3.595511,3.594399,3.595291,90.054912,89.969883,90.0389,103.903956,0.061071,0.059458,92.536345,0.994565,-167.915403,-181.258172,73.777855,-181.258172,126.421375,-153.311263,73.777855,-153.311263,1014.814875,101.379281,-34.334824,131.545289,-34.334824,-183.81868,274.645623,131.545289,274.645623,1299.020406,840.013388,1.0,2.708237,0.767183,2.521068
24351.0,-0.593732,-0.103685,-0.797955,0.760841,0.250454,-0.59866,0.261923,-0.96256,-0.069814,-18.926982,-418.782979,47.958852,3.589826,3.598518,3.591492,89.937258,89.941988,90.047405,147.577082,0.07793,0.072139,82.582855,0.935484,-293.775651,50.442991,382.37047,50.442991,-1599.014721,-87.635489,382.37047,-87.635489,1372.67675,-295.723641,-116.216361,90.80409,-116.216361,-37.159778,-166.96249,90.80409,-166.96249,1476.452449,492.403857,1.0,5.356046,1.640668,2.875914
24640.0,0.588929,0.422633,0.688871,-0.752608,0.597421,0.276892,-0.294523,-0.681519,0.669916,-197.298301,239.593675,25.735743,3.596518,3.59567,3.596916,90.086566,90.00654,89.997581,120.97895,0.074609,0.073051,82.458697,0.967914,262.643034,-417.180961,238.21653,-417.180961,407.111022,-2.29811,238.21653,-2.29811,1389.146085,340.214529,26.494457,44.070521,26.494457,273.496993,16.927397,44.070521,16.927397,1380.013128,617.019588,1.0,1.952983,0.836701,3.549509
25896.0,0.083335,0.002354,0.996519,-0.174846,0.984519,0.012296,-0.981063,-0.175262,0.082457,255.839501,-349.448241,144.622454,3.599418,3.593501,3.593416,90.053176,89.98614,90.014998,119.19582,0.063773,0.063826,76.832945,0.989247,-105.169506,-511.190797,-170.967444,-511.190797,-27.852014,365.069663,-170.967444,365.069663,1422.070997,-261.074296,-41.529699,-185.57273,-41.529699,-312.205239,56.717151,-185.57273,56.717151,1709.748867,499.330323,1.0,1.583134,1.488246,4.535609
28571.0,0.522453,-0.603763,0.602091,0.558442,0.775897,0.293475,-0.644349,0.182906,0.742536,501.827602,21.439803,80.48912,3.595689,3.59515,3.596566,89.968332,90.063208,89.987974,78.62844,0.055754,0.051578,88.984138,0.984211,-83.225613,-69.641633,83.467188,-69.641633,464.551007,39.896716,83.467188,39.896716,1205.398677,-35.627035,-126.914584,33.216452,-126.914584,367.88175,32.117371,33.216452,32.117371,1198.778034,411.267243,1.0,2.024334,0.733948,4.988975
24382.0,-0.609066,-0.652416,-0.45099,0.791629,-0.534923,-0.295266,-0.048609,-0.536853,0.842274,167.788197,231.579914,71.464351,3.593638,3.594629,3.597992,90.09942,89.996278,89.9928,167.046362,0.075894,0.085986,66.622859,0.835106,-152.575167,-137.148096,-90.797193,-137.148096,-231.385316,27.914088,-90.797193,27.914088,1651.097675,-159.543925,134.562837,-210.897533,134.562837,161.028131,-147.08493,-210.897533,-147.08493,1582.022071,872.121041,1.0,5.292065,0.569308,3.23189
24385.0,-0.437853,0.30879,-0.844354,0.593814,0.804486,-0.013722,0.675033,-0.507397,-0.53561,-266.29585,-228.974581,-69.776652,3.596002,3.596468,3.596262,89.987028,90.049723,90.037693,61.954317,0.056729,0.051296,118.535068,0.978261,357.501053,226.371076,46.266019,226.371076,358.774931,-38.014981,46.266019,-38.014981,1239.640292,335.305744,-53.492344,-152.327905,-53.492344,424.537527,61.496387,-152.327905,61.496387,1020.152974,412.640408,1.0,4.728639,2.136027,2.21536
29796.0,-0.854195,0.498922,-0.146383,-0.485497,-0.664547,0.56804,0.18613,0.556285,0.809878,392.175494,414.934505,-165.345821,3.593918,3.593778,3.59754,89.913103,89.977866,90.017265,176.129216,0.078801,0.086966,63.650671,0.867021,82.783919,88.991397,32.877919,88.991397,-463.929706,313.933726,32.877919,313.933726,1363.943695,-71.470075,-147.913366,201.064444,-147.913366,64.773851,211.402905,201.064444,211.402905,1281.907165,804.94841,1.0,3.393803,0.626852,0.322884
24407.0,-0.533289,-0.462671,-0.708193,0.715137,-0.693763,-0.085275,-0.451864,-0.551932,0.70085,345.483019,218.908967,-21.992331,3.592463,3.595849,3.595503,90.016073,90.076659,89.912612,142.301707,0.067861,0.069472,88.109143,0.82967,4.440419,617.813138,230.493952,617.813138,-632.620313,-50.369962,230.493952,-50.369962,1214.405551,-73.217235,185.806342,-12.482754,185.806342,-110.116955,105.776959,-12.482754,105.776959,1243.805222,693.794785,1.0,4.832224,0.794208,3.82763
24697.0,-0.173504,0.814585,-0.553486,0.343974,0.57674,0.740981,0.92281,-0.061822,-0.380263,338.951768,-229.687753,-192.273885,3.599474,3.592519,3.594753,90.012965,89.995435,90.008175,168.204786,0.074696,0.077777,60.920643,0.858696,-5.758798,-428.269035,-220.045651,-428.269035,81.353796,454.643622,-220.045651,454.643622,1328.43384,-122.769171,45.268515,-118.14585,45.268515,-110.412995,232.230386,-118.14585,232.230386,1557.972043,880.992644,1.0,3.783148,1.960877,1.63769
27244.0,-0.195303,-0.211996,0.957556,-0.936925,0.328912,-0.118277,-0.289877,-0.920258,-0.262862,-267.54809,-210.654605,-81.108517,3.59457,3.599273,3.593422,89.982962,89.960878,89.947801,98.353727,0.051526,0.054366,91.404922,0.989011,-198.247029,-241.81488,245.39548,-241.81488,106.24493,42.199339,245.39548,42.199339,1639.684828,-113.145324,26.43335,-55.6401,26.43335,319.198022,-117.590242,-55.6401,-117.590242,1480.752366,398.759288,1.0,1.447899,1.836783,3.44675
24449.0,-0.245508,-0.159139,-0.956243,0.381342,0.891048,-0.246196,0.891237,-0.425099,-0.158073,423.445292,126.779315,-120.731254,3.598652,3.595181,3.589279,89.951796,90.053324,90.054593,131.75284,0.06197,0.065148,82.630325,0.967391,-1215.069191,-544.042769,119.147739,-544.042769,-24.064656,77.949608,119.147739,77.949608,1630.752853,-170.413826,-55.048155,-144.151744,-55.048155,221.034878,206.560453,-144.151744,206.560453,1453.159839,799.41158,1.0,4.964378,1.729535,2.015856
28847.0,-0.602062,0.594559,0.532936,-0.683756,-0.039252,-0.728654,-0.412309,-0.803093,0.430166,415.624759,-115.468548,-128.208886,3.594646,3.597064,3.594771,90.044026,90.000534,89.928239,63.837712,0.058053,0.053353,125.097081,1.0,-234.246855,-95.153389,-95.556363,-95.153389,233.685225,145.541718,-95.556363,145.541718,1329.741558,168.794795,24.615774,-96.939604,24.615774,166.148101,88.332054,-96.939604,88.332054,1331.697153,320.981783,1.0,0.631489,1.12612,3.615904
27700.0,-0.305933,0.876019,-0.372821,-0.840545,-0.064634,0.537872,0.447089,0.477926,0.756107,467.85899,461.955064,166.745809,3.594004,3.595281,3.596254,89.958932,89.983161,89.972389,140.665169,0.068664,0.073325,70.754883,0.833333,58.678913,-118.854143,146.380318,-118.854143,79.858072,156.615979,146.380318,156.615979,929.400318,-257.805239,-172.226257,-65.040045,-172.226257,150.504547,124.104129,-65.040045,124.104129,1440.519344,875.302535,1.0,3.7477,0.713452,0.752074
24838.0,0.41547,0.273163,0.867621,-0.589726,0.807108,0.028286,-0.692537,-0.523411,0.496421,-55.546817,-311.110487,130.866533,3.596077,3.593165,3.595972,90.098882,90.06191,89.968211,87.7447,0.069459,0.055605,113.69055,0.978495,-212.800193,-471.895221,479.333557,-471.895221,-208.087962,108.994394,479.333557,108.994394,1396.393766,185.703103,-71.815512,9.857508,-71.815512,263.925893,22.48935,9.857508,22.48935,1338.280163,248.613258,1.0,1.603386,1.051326,4.065195
24481.0,-0.081807,-0.152876,-0.984854,0.181496,0.969357,-0.165547,0.979983,-0.19229,-0.051554,-36.048751,-378.101243,46.176508,3.600395,3.592615,3.592588,90.026033,90.023149,90.024064,94.42683,0.071976,0.06256,85.168977,0.978261,-456.586014,233.68341,3.964866,233.68341,-275.575313,231.242813,3.964866,231.242813,1816.644591,-413.370512,-56.885901,-7.441032,-56.885901,88.092595,104.872596,-7.441032,104.872596,1696.111928,450.941661,1.0,4.878925,1.622373,1.764552
27934.0,-0.385065,-0.340973,0.857591,-0.849651,0.493762,-0.185183,-0.360304,-0.79996,-0.479838,250.400708,185.177048,-150.136617,3.592823,3.597214,3.5947,90.007887,89.932136,89.90458,100.341728,0.06308,0.054678,130.048216,0.984211,93.978026,-629.053764,439.245556,-629.053764,-485.00411,267.985007,439.245556,267.985007,1233.81993,50.322404,-2.872739,52.555783,-2.872739,258.170669,-44.313585,52.555783,-44.313585,1361.698467,265.941725,1.0,1.358128,2.071267,3.564781
25561.0,0.17054,0.828603,-0.533229,-0.379611,0.554634,0.740457,0.909292,0.076142,0.409134,-17.76841,255.955118,2.382579,3.599195,3.593942,3.594857,90.066445,89.963302,89.998389,151.898764,0.084082,0.083886,78.658551,0.788889,584.314574,-277.463585,-124.038305,-277.463585,-300.953464,-418.638437,-124.038305,-418.638437,1467.178874,347.970596,-116.872832,-296.816947,-116.872832,116.7731,-153.58542,-296.816947,-153.58542,1539.902997,717.18698,1.0,3.765705,1.149291,1.487254
24776.0,0.511012,-0.185514,0.839316,-0.712395,0.454988,0.534302,-0.480999,-0.870959,0.100345,294.467938,376.771729,-75.724595,3.594268,3.597141,3.594989,89.986443,90.012127,89.916075,189.986638,0.110416,0.119568,65.204327,0.80663,4.469182,357.902639,-165.799239,357.902639,-12.077468,-27.101742,-165.799239,-27.101742,1313.747777,-345.210067,49.072962,27.705768,49.072962,31.708288,29.254903,27.705768,29.254903,1427.959602,947.819199,1.0,2.137688,1.470282,3.646172
27815.0,0.415521,-0.791738,-0.447765,0.772094,0.046778,0.633784,-0.480846,-0.609067,0.630733,288.974034,437.836962,111.086722,3.593743,3.591431,3.594648,90.012223,90.075051,89.811342,200.018714,0.085287,0.093473,78.016061,0.789773,-1312.526787,-914.321401,-458.533669,-914.321401,-476.034621,-771.078493,-458.533669,-771.078493,1259.774241,-610.283983,-245.216334,-271.176874,-245.216334,337.38642,-119.632426,-271.176874,-119.632426,1396.856376,795.857576,1.0,3.756664,0.888298,3.809885
24766.0,0.538485,0.285045,0.792958,-0.748622,0.593787,0.294928,-0.38678,-0.752441,0.533136,-21.751973,-49.612958,80.079489,3.594111,3.597255,3.59463,90.058554,90.02509,89.96607,119.547969,0.063484,0.063146,61.802331,0.888889,-106.953023,24.726847,-47.211752,24.726847,33.85569,-205.351355,-47.211752,-205.351355,1267.567651,-24.443416,119.75822,-115.488889,119.75822,-33.624979,-170.676911,-115.488889,-170.676911,1248.331184,652.916964,1.0,1.926877,1.008493,3.616405
27877.0,-0.356855,0.859985,-0.364802,-0.835246,-0.118846,0.53688,0.418354,0.496288,0.760709,-271.740162,-360.903833,95.898609,3.588694,3.5951,3.59673,89.97405,89.944554,89.921073,144.199247,0.069857,0.06382,140.193719,0.989247,-271.300169,-916.177701,168.298505,-916.177701,-1105.569579,330.804688,168.298505,330.804688,1048.229241,123.019555,-23.987426,-0.507838,-23.987426,346.59517,124.030294,-0.507838,124.030294,1109.439306,287.404151,1.0,3.738417,0.706391,0.700396
24831.0,0.446293,0.879696,0.164187,-0.637022,0.18344,0.7487,0.62851,-0.43873,0.642254,510.178359,-332.733485,-6.794959,3.599169,3.596169,3.596198,90.039887,89.996935,89.961841,137.703614,0.062996,0.061856,94.410071,0.973545,962.718912,-629.66639,192.892466,-629.66639,775.285952,-123.596887,192.892466,-123.596887,998.209724,373.441411,36.893512,67.137136,36.893512,-52.863417,-101.095721,67.137136,-101.095721,1100.981072,461.550647,1.0,2.925714,0.873361,2.180211
24480.0,-0.414627,-0.134925,-0.899933,0.603556,0.699347,-0.382928,0.681032,-0.701933,-0.208533,40.667164,170.146052,142.444868,3.595651,3.597171,3.594201,89.991009,89.989654,90.04274,95.922945,0.068068,0.065394,95.493458,0.98913,212.841354,-120.339372,-105.607965,-120.339372,235.942622,-284.895643,-105.607965,-284.895643,1032.012445,80.316778,124.568118,8.232282,124.568118,331.44973,-185.784433,8.232282,-185.784433,1388.010836,601.514527,1.0,5.114689,1.780871,2.371307
28637.0,-0.550536,0.678564,0.486274,-0.717084,-0.086142,-0.691643,-0.427435,-0.729473,0.534012,-129.755042,-1.339585,-106.409701,3.595812,3.596274,3.595832,90.07251,90.046853,89.942373,111.88478,0.066849,0.066996,88.770889,0.98913,17.551774,80.211815,194.566773,80.211815,116.111846,32.568526,194.566773,32.568526,1594.965501,184.21455,-23.354504,-15.460214,-23.354504,260.452355,-58.887089,-15.460214,-58.887089,1258.647221,492.216587,1.0,0.612784,1.007458,3.671617
25154.0,0.214258,0.872176,-0.439775,-0.345155,0.488788,0.80122,0.913762,-0.019877,0.405763,130.71198,-38.922824,7.29758,3.598146,3.592848,3.593996,89.994518,89.955188,90.004444,130.094065,0.063096,0.065677,65.017746,0.921788,-288.370728,-64.1402,94.841766,-64.1402,-78.147614,-138.166404,94.841766,-138.166404,1281.542157,164.80455,-48.131661,175.748428,-48.131661,-296.591675,-72.215819,175.748428,-72.215819,1483.059809,725.067321,1.0,3.643577,1.152983,1.592546
29239.0,0.814356,-0.573034,-0.091961,0.573181,0.818969,-0.027448,0.091042,-0.030358,0.995384,213.652058,-194.408987,-186.706633,3.592375,3.595263,3.600945,89.951353,90.027794,90.097468,186.652903,0.089437,0.093892,61.990821,0.838889,732.962427,-666.471266,-574.595569,-666.471266,-693.778995,75.055931,-574.595569,75.055931,1874.0223,-410.873803,-172.843869,104.938399,-172.843869,-107.351432,2.765038,104.938399,2.765038,1807.446844,837.92522,1.0,5.002448,0.096118,1.892649
29261.0,0.821025,-0.018746,-0.570584,0.56888,0.110708,0.814935,0.047891,-0.993676,0.101559,545.578199,-143.872824,29.79818,3.590478,3.601457,3.593621,90.115794,89.957657,89.940862,213.431596,0.103559,0.113726,70.180309,0.714286,-1050.319634,-165.21649,-967.042199,-165.21649,-109.653631,291.718771,-967.042199,291.718771,2230.060762,-392.982619,109.147848,32.002851,109.147848,206.278891,-80.342929,32.002851,-80.342929,1767.980426,860.14096,1.0,3.752425,1.469062,3.093434
25435.0,-0.282221,-0.138381,-0.949317,0.916182,0.254616,-0.309486,0.284538,-0.95709,0.054924,-29.250267,-179.004495,-165.956682,3.590389,3.597602,3.591551,89.990057,89.926696,89.969297,255.968074,0.086608,0.113081,67.920692,0.771277,-261.140992,-545.90866,206.502938,-545.90866,-1068.024709,-707.248637,206.502938,-707.248637,727.46831,-37.156135,-276.427983,318.719539,-276.427983,-659.345904,-154.039156,318.719539,-154.039156,1415.178159,1513.658299,1.0,5.027533,1.515845,2.85262
25903.0,-0.090556,-0.906865,-0.411578,0.703327,-0.350829,0.618264,-0.705075,-0.233486,0.669592,9.455019,59.541338,159.428418,3.596653,3.594511,3.59551,90.014544,90.053748,89.990171,62.942817,0.049347,0.044266,98.235826,0.989189,106.168666,54.335699,-24.846042,54.335699,175.403543,-141.493901,-24.846042,-141.493901,1101.853725,139.211314,-9.096836,-17.125349,-9.096836,28.956924,-130.525737,-17.125349,-130.525737,1258.891006,401.148261,1.0,3.728925,0.837137,4.392604
29961.0,-0.887698,0.388753,0.246706,-0.446284,-0.594707,-0.668696,-0.113239,-0.703701,0.701414,-57.218379,-399.069356,124.355678,3.592172,3.595326,3.593479,90.118235,90.038677,90.094031,190.215405,0.096092,0.099662,60.38821,0.747253,188.714951,-297.331932,-536.162432,-297.331932,-1466.897987,-92.443573,-536.162432,-92.443573,1073.393228,-29.554179,-270.506683,-8.256444,-270.506683,-229.580516,1.675365,-8.256444,1.675365,1263.777464,833.858969,1.0,0.353444,0.793416,3.301145
25202.0,0.227425,-0.497821,0.83693,-0.39189,0.739995,0.546653,-0.89146,-0.452307,-0.026798,555.786502,-189.028202,-170.623299,3.599258,3.596228,3.595617,90.078276,89.926457,89.930291,173.60896,0.079667,0.091246,62.795037,0.713483,1248.150765,-298.876052,-192.823493,-298.876052,-456.549736,-121.475666,-192.823493,-121.475666,1822.272355,-265.431248,-322.330525,-81.542105,-322.330525,194.983371,108.083246,-81.542105,108.083246,1368.80216,711.003762,1.0,2.149393,1.597597,4.242857
24850.0,0.541501,0.561041,0.626107,-0.806555,0.136598,0.575161,0.237163,-0.81644,0.526478,510.999983,-279.750056,-178.533167,3.591866,3.594645,3.594017,89.963626,89.959965,90.144165,205.338613,0.114315,0.099267,58.941113,0.810811,-393.234532,814.378469,314.237584,814.378469,-352.704901,-1000.085142,314.237584,-1000.085142,416.421585,-138.756242,98.915204,-69.574204,98.915204,-216.236734,-287.528257,-69.574204,-287.528257,1055.050877,890.345695,1.0,2.313809,1.016343,2.858888
24558.0,-0.256187,-0.934496,0.247155,0.423912,0.121173,0.897561,-0.868715,0.334715,0.365101,464.582513,459.389287,157.959489,3.597964,3.594992,3.58996,89.930453,90.020797,90.064631,128.690549,0.068539,0.063876,85.090427,0.983696,-255.728221,-627.411334,-452.980481,-627.411334,-739.850297,-460.964798,-452.980481,-460.964798,1332.482752,20.276711,-173.584575,105.942875,-173.584575,13.981357,-159.120225,105.942875,-159.120225,1420.314348,564.593902,1.0,2.872889,1.197055,5.080158
26025.0,-0.097807,-0.172145,-0.980204,0.93878,0.310971,-0.148287,0.330342,-0.9347,0.131191,553.170385,-82.446752,-49.972928,3.59523,3.599546,3.589369,90.030178,90.030683,90.024496,76.483587,0.056403,0.048778,119.583701,0.989011,-1308.868012,56.027724,250.023276,56.027724,424.19105,-218.756503,250.023276,-218.756503,1564.762578,114.128624,21.640157,107.011684,21.640157,110.870444,-208.784353,107.011684,-208.784353,1699.785884,180.416852,1.0,4.862533,1.439226,2.801874
29296.0,-0.188482,0.812706,-0.551347,-0.19913,0.518121,0.831804,0.961677,0.266569,0.064178,427.072988,-347.95616,-7.308505,3.599406,3.593592,3.592151,90.015471,90.030385,89.954142,108.954306,0.061728,0.058505,83.34798,0.978947,-207.087918,100.309346,170.931554,100.309346,-409.985335,-396.149946,170.931554,-396.149946,1576.309377,-24.156699,23.382843,-169.233403,23.382843,-115.204316,-183.369074,-169.233403,-183.369074,1628.887204,782.151335,1.0,3.726936,1.506575,1.300393
24888.0,0.538594,0.715606,0.444775,-0.822179,0.561788,0.091736,-0.184223,-0.415093,0.890932,27.592658,4.289828,-21.605263,3.594347,3.594918,3.598863,89.973477,90.040784,89.942865,170.563646,0.082957,0.087743,56.847348,0.714286,815.425898,158.457237,236.829609,158.457237,-198.644745,558.013693,236.829609,558.013693,1171.086056,271.432217,29.596618,308.506156,29.596618,-216.727722,139.308302,308.506156,139.308302,1480.108776,722.31872,1.0,1.774196,0.471403,3.559288
28290.0,0.502052,-0.489988,-0.71264,0.654778,0.753675,-0.056913,0.564986,-0.438048,0.699217,-346.726098,335.277686,-18.119886,3.592837,3.594377,3.597101,89.999477,89.956504,90.086222,158.280962,0.084471,0.079819,58.913529,0.85,511.109106,-344.123701,-145.656543,-344.123701,-820.138112,-129.715279,-145.656543,-129.715279,1035.477863,-111.958253,44.348682,-32.815228,44.348682,-143.124964,54.342241,-32.815228,54.342241,1003.67545,791.282576,1.0,4.792082,0.796494,2.230309
24597.0,-0.545818,-0.133123,-0.827261,0.830055,-0.220721,-0.512143,-0.114416,-0.966209,0.230973,-13.290093,-151.435502,-178.877141,3.594352,3.597739,3.592423,90.010592,90.000713,89.981253,158.493356,0.071301,0.074528,59.307142,0.792553,-227.072167,-218.656349,241.593101,-218.656349,-44.770413,94.733239,241.593101,94.733239,1054.627821,-154.4192,-212.473628,4.049815,-212.473628,-428.737691,-65.776422,4.049815,-65.776422,1466.064953,977.134229,1.0,5.266722,1.337719,3.259461
28724.0,-0.352502,-0.531286,0.770375,-0.459285,0.81547,0.35223,-0.815353,-0.229659,-0.531466,149.267504,13.631895,-76.361743,3.597139,3.593593,3.595425,89.957373,89.942092,89.989097,96.674712,0.050089,0.052017,94.367378,0.984043,-204.160973,216.246314,-60.193344,216.246314,164.645059,7.807899,-60.193344,7.807899,1278.832097,137.099929,64.970296,-6.644908,64.970296,26.61727,-20.907606,-6.644908,-20.907606,1229.04035,505.701234,1.0,1.999638,2.131127,4.437834
28769.0,0.645395,-0.506386,-0.571873,0.621122,0.783683,0.007034,0.444605,-0.359743,0.820312,551.669697,-71.837181,-96.090071,3.595511,3.595448,3.594548,90.066431,89.937052,90.036552,150.396173,0.088061,0.082287,81.388767,0.883333,-177.787313,16.30647,540.562541,16.30647,125.082979,-126.102444,540.562541,-126.102444,1110.531868,214.012959,-11.969273,-28.834414,-11.969273,183.477628,-133.47417,-28.834414,-133.47417,1383.679037,644.7306,1.0,4.700089,0.60884,2.251079
28674.0,0.585297,-0.51711,-0.624519,0.592368,0.798647,-0.106126,0.553649,-0.30783,0.773765,510.370911,-251.344658,-90.51883,3.595384,3.599416,3.596426,90.004597,89.950103,90.051064,98.556155,0.070651,0.057395,120.608702,0.989362,751.17009,-686.660186,301.111204,-686.660186,661.767925,-267.839172,301.111204,-267.839172,1236.907655,256.600723,87.464217,-203.40448,87.464217,132.529683,-91.278246,-203.40448,-91.278246,1311.711009,129.658667,1.0,4.880713,0.686032,2.078236
27092.0,0.194757,-0.43025,-0.88145,0.71805,0.674735,-0.170696,0.668187,-0.599681,0.44035,21.871475,223.992677,-168.803549,3.595469,3.593809,3.59422,90.018818,89.928129,90.070827,165.929205,0.078169,0.088424,62.698852,0.819672,-155.515353,-141.024812,-106.006887,-141.024812,-499.637204,261.097461,-106.006887,261.097461,1153.692584,60.733102,283.097373,-165.496332,283.097373,-114.695858,14.063773,-165.496332,14.063773,1092.964184,901.02377,1.0,4.903674,1.114808,2.302215
29848.0,0.860474,0.129558,-0.492746,0.364752,0.518595,0.773314,0.355725,-0.845147,0.398981,441.037278,-91.912844,-2.023653,3.59604,3.596553,3.590982,90.078344,89.959872,90.038169,213.879703,0.08791,0.105477,62.02413,0.770053,-28.196329,657.941274,226.307016,657.941274,-685.146169,-2.341627,226.307016,-2.341627,1233.691086,381.381201,230.431861,25.717645,230.431861,-191.278702,-256.14378,25.717645,-256.14378,1081.426645,970.885818,1.0,3.708908,1.160391,2.743198
24994.0,0.413246,0.892561,-0.180452,-0.666596,0.431512,0.607822,0.620385,-0.130892,0.773298,367.270873,468.212085,-148.054749,3.596301,3.590631,3.596613,90.045617,89.96104,89.979079,78.2007,0.051879,0.048031,118.922655,0.989011,-374.009111,-751.93317,50.322722,-751.93317,-183.339695,46.867836,50.322722,46.867836,1070.159412,-63.531742,-233.207629,35.407513,-233.207629,223.079245,147.930426,35.407513,147.930426,1245.385351,180.153298,1.0,3.430187,0.68677,1.778731
29198.0,0.760356,-0.532444,-0.371972,0.546891,0.833786,-0.075576,0.350385,-0.145963,0.925162,333.34889,-124.991757,-61.496115,3.596649,3.590393,3.598556,90.05078,90.023695,90.013297,165.325166,0.073679,0.079665,68.402304,0.867021,380.50468,921.426223,-207.883241,921.426223,-475.70868,-295.526486,-207.883241,-295.526486,1179.202256,-39.992665,-14.091871,70.148137,-14.091871,-489.698148,23.185244,70.148137,23.185244,1506.801636,699.565966,1.0,4.912838,0.389334,1.965513
24957.0,0.524434,0.789921,0.317796,-0.843647,0.532496,0.068619,-0.115021,-0.304093,0.945673,522.58343,361.305114,113.640354,3.593863,3.590009,3.597812,90.120602,89.998752,90.030107,138.229546,0.06209,0.069109,97.853353,0.989362,-1311.660925,-563.699264,-24.608442,-563.699264,-151.892011,-322.247559,-24.608442,-322.247559,1456.990606,189.892315,-13.911138,207.985859,-13.911138,-126.241005,110.596046,207.985859,110.596046,1406.854074,714.233654,1.0,1.783455,0.331138,3.503203
30176.0,0.93897,-0.321412,-0.122598,0.289651,0.546448,0.78581,-0.185575,-0.773362,0.606195,83.547295,288.69983,25.791458,3.593399,3.59783,3.594267,90.04271,89.992801,89.933644,191.394504,0.073559,0.095377,70.295771,0.888889,-402.338665,166.612989,-22.89187,166.612989,269.286687,-489.160315,-22.89187,-489.160315,1188.51551,-288.719629,-93.127859,27.354255,-93.127859,-39.835981,-62.047282,27.354255,-62.047282,1442.548332,977.450124,1.0,3.296359,0.919528,3.377099
24873.0,-0.178553,0.866939,-0.465334,0.397544,0.496177,0.771859,0.900043,-0.047173,-0.43324,-180.990093,310.782335,13.131462,3.599157,3.594914,3.592117,89.981943,90.006215,90.009084,171.866632,0.08539,0.087881,63.407264,0.888268,39.611793,262.050117,-446.427781,262.050117,61.090746,580.719021,-446.427781,580.719021,1147.919165,231.588493,89.187111,96.443584,89.187111,-9.280697,179.016222,96.443584,179.016222,1450.48655,899.518482,1.0,3.684123,2.018881,1.62316
29083.0,0.618167,-0.51346,0.595171,0.468308,0.848695,0.245775,-0.631314,0.126794,0.765092,-35.965937,289.749492,-125.456262,3.597099,3.5926,3.59671,89.96445,90.030305,90.008151,59.346243,0.048507,0.044152,129.065914,0.989247,182.495253,513.029877,-120.435861,513.029877,-6.182925,36.085081,-120.435861,36.085081,1133.895797,233.619388,147.676448,-3.768862,147.676448,157.004307,-43.120033,-3.768862,-43.120033,1242.65653,191.40344,1.0,1.962415,0.699612,4.910593
24715.0,-0.368421,-0.929031,-0.034175,0.640134,-0.28017,0.715355,-0.674162,0.241675,0.697925,121.599624,285.247052,-142.628381,3.596504,3.592308,3.595992,89.97219,90.053299,90.018959,134.334256,0.065737,0.070208,82.073621,0.966667,-393.087515,-245.137015,126.311154,-245.137015,95.577233,-37.634914,126.311154,-37.634914,1160.455149,-176.186331,80.539246,-73.41059,80.539246,15.156523,159.943615,-73.41059,159.943615,1330.602475,785.441541,1.0,3.18933,0.798301,5.0566
29438.0,0.803861,-0.508038,0.309362,0.479895,0.861222,0.167325,-0.351437,0.013956,0.936107,491.3585,171.912069,35.124794,3.592454,3.591844,3.596863,89.966697,90.12342,89.983664,195.683,0.113677,0.107722,79.067272,0.868852,-1074.001236,-50.799074,-445.653093,-50.799074,-465.48056,-37.332568,-445.653093,-37.332568,1386.984139,-163.065025,50.428125,134.620989,50.428125,-285.656572,71.691302,134.620989,71.691302,1457.647277,641.143093,1.0,2.066603,0.359402,4.752078
26061.0,0.12906,0.902333,-0.411264,-0.557402,0.409023,0.722497,0.82015,0.135994,0.555751,544.226072,388.095446,84.962993,3.598085,3.594945,3.595629,89.933444,89.970825,89.988245,147.194463,0.074054,0.075895,72.40075,0.896175,-97.372248,197.480497,317.621175,197.480497,752.889062,-35.166494,317.621175,-35.166494,1280.257657,99.360594,21.007158,-140.625416,21.007158,-58.495454,19.943736,-140.625416,19.943736,1327.478456,696.572428,1.0,3.659077,0.98153,1.406475
24761.0,-0.483582,-0.565124,-0.668418,0.836781,-0.52252,-0.163617,-0.256798,-0.638442,0.725567,516.776693,-225.58134,51.884957,3.594133,3.596524,3.598005,90.031345,90.031726,89.935929,119.076115,0.061115,0.059481,72.682815,0.956522,678.225829,203.520148,16.135543,203.520148,-185.061004,-234.01831,16.135543,-234.01831,1443.240608,492.243551,118.526135,-17.708614,118.526135,80.310297,-42.488279,-17.708614,-42.488279,1357.323091,687.674025,1.0,4.95245,0.758939,3.524016
25052.0,0.489965,0.381101,0.784026,-0.849604,0.007358,0.52737,0.195212,-0.924504,0.32739,212.650156,331.521636,136.983712,3.593994,3.59963,3.591471,90.028712,89.970089,90.032574,126.035889,0.067218,0.069169,75.487829,0.9,-233.185168,-353.084296,-392.745343,-353.084296,-401.487294,-279.39746,-392.745343,-279.39746,1579.099542,-46.807948,-44.381881,-4.399238,-44.381881,-83.699699,-274.557318,-4.399238,-274.557318,1703.851413,744.286347,1.0,2.162925,1.237256,2.933496
29502.0,0.865854,-0.495178,-0.071384,0.499035,0.864961,0.052974,0.035513,-0.081491,0.996041,211.332114,-16.990866,98.718457,3.594383,3.595014,3.599815,90.036156,89.976802,90.018739,97.479113,0.048071,0.053561,96.226279,0.983333,277.832119,-132.993757,241.943791,-132.993757,110.483119,-100.514038,241.943791,-100.514038,1701.609605,-128.777241,7.593273,-0.465852,7.593273,129.727709,3.310545,-0.465852,3.310545,1589.488884,341.423489,1.0,4.073963,0.08901,2.730619
25137.0,0.395592,-0.20782,0.894605,-0.714495,0.542385,0.441946,-0.577065,-0.814021,0.066077,-44.294486,-109.561627,-104.731638,3.595632,3.597423,3.592735,89.986211,90.001002,89.901963,131.001875,0.056449,0.061114,60.63284,0.757895,-333.559524,-12.198893,-221.038099,-12.198893,-129.822739,-50.677039,-221.038099,-50.677039,1599.993876,-14.020806,-222.056378,12.078586,-222.056378,139.359902,-79.821494,12.078586,-79.821494,1346.720485,822.642223,1.0,2.029642,1.504671,3.758271
30172.0,-0.650906,-0.485118,0.583936,-0.287416,0.869407,0.4019,-0.702647,0.093766,-0.705333,-270.313997,45.218347,28.01367,3.595209,3.593819,3.596469,89.977246,89.942721,90.051105,139.664287,0.067367,0.074353,65.926662,0.763736,-382.100861,283.018362,-148.869084,283.018362,374.663017,-0.527496,-148.869084,-0.527496,1063.037861,77.030692,-7.42102,-57.045135,-7.42102,222.921619,59.762595,-57.045135,59.762595,1108.078954,714.825275,1.0,2.1736,2.353689,4.845053
24808.0,-0.48184,-0.315151,-0.817625,0.866078,-0.029455,-0.499041,0.13319,-0.948584,0.287138,-291.335354,-66.440691,4.519409,3.594907,3.59864,3.595292,90.015559,89.991572,89.962406,132.100972,0.077262,0.074745,67.193853,0.817204,542.555443,-90.482953,310.237865,-90.482953,223.279961,-307.081067,310.237865,-307.081067,1220.382064,-46.501173,-28.30998,138.194991,-28.30998,234.734954,-258.095691,138.194991,-258.095691,1393.086333,754.712806,1.0,5.260387,1.279559,3.002095
27689.0,-0.271755,0.899775,-0.341401,-0.764586,0.013572,0.644379,0.584429,0.436144,0.684267,299.9328,233.998836,-46.007229,3.594477,3.596324,3.597196,89.953454,89.954714,89.989138,69.685052,0.056664,0.05111,126.322337,1.0,442.046419,42.156635,100.747548,42.156635,90.325372,366.093384,100.747548,366.093384,1219.351639,39.971471,-30.731356,-117.294828,-30.731356,296.452652,81.626968,-117.294828,81.626968,1211.458611,225.189007,1.0,3.628806,0.817199,0.929685
27379.0,0.281237,-0.357358,-0.890618,0.746275,0.664909,-0.031136,0.603307,-0.65589,0.453685,263.189782,-141.448967,-24.799807,3.596663,3.596567,3.595491,90.00457,89.959375,90.024955,93.318295,0.065097,0.060599,100.912785,0.994536,347.407466,-201.173578,50.384105,-201.173578,525.364519,135.861224,50.384105,135.861224,1080.499268,7.356251,3.879336,-23.34663,3.879336,162.459569,21.41814,-23.34663,21.41814,1241.131225,400.753002,1.0,4.747335,1.099901,2.397929
26668.0,0.07423,-0.447336,0.89128,0.439303,0.817023,0.373479,-0.895267,0.363819,0.257164,-134.590758,201.097708,-86.139375,3.599996,3.59261,3.59429,89.99454,90.001246,90.057226,116.296609,0.055476,0.059411,71.204889,0.946524,17.48454,312.658324,-224.82986,312.658324,-230.767883,-458.270294,-224.82986,-458.270294,1658.498545,245.906473,250.366276,-41.830369,250.366276,-2.27193,-326.331943,-41.830369,-326.331943,1586.240677,773.701205,1.0,1.967605,1.31071,5.098384
25133.0,0.47205,0.765308,0.437575,-0.879918,0.378643,0.287007,0.053964,-0.520512,0.852147,-65.3821,223.258893,90.107245,3.592322,3.596486,3.59815,90.031427,89.966915,90.00446,86.185094,0.051596,0.050137,95.115078,1.0,457.321903,380.846447,157.549282,380.846447,-319.155609,-109.703616,157.549282,-109.703616,1324.583201,378.455454,196.085052,127.206693,196.085052,-67.890207,-39.132532,127.206693,-39.132532,1470.85471,449.21983,1.0,2.151311,0.550721,3.038287
27679.0,-0.270613,-0.327964,0.905101,-0.769588,0.63854,0.001279,-0.578363,-0.696209,-0.425194,419.831831,-58.457558,95.050393,3.594149,3.59393,3.589593,89.82084,89.894315,89.944731,226.543075,0.096456,0.109604,73.71348,0.747253,-2271.386295,310.243977,-490.111445,310.243977,-429.300415,-15.843659,-490.111445,-15.843659,1572.871333,70.499324,16.675879,-65.449346,16.675879,35.064614,-178.38358,-65.449346,-178.38358,1166.774183,654.175911,1.0,1.57221,2.009972,3.834794
25223.0,0.415507,-0.155399,0.896217,-0.824494,0.351766,0.443249,-0.38414,-0.923099,0.018035,561.452724,197.700487,110.495369,3.594051,3.599299,3.588256,89.996322,90.021536,89.984321,158.031544,0.06502,0.073234,78.444344,0.857143,-1384.542365,-570.653662,175.729328,-570.653662,-26.144473,-379.616022,175.729328,-379.616022,1384.433783,-283.348043,52.228368,131.90931,52.228368,-6.066206,-341.334678,131.90931,-341.334678,1550.430086,617.307951,1.0,2.030096,1.55276,3.535936
24897.0,-0.359014,-0.183326,-0.91515,0.714116,0.577384,-0.395812,0.600956,-0.795625,-0.076373,-246.74704,-19.532846,98.973651,3.59634,3.597094,3.591558,89.990792,90.011637,90.036606,117.512733,0.079241,0.069737,70.603901,0.771277,-510.234474,-380.717425,-5.648136,-380.717425,297.457225,-14.499427,-5.648136,-14.499427,1128.744608,-262.173305,51.763229,51.176804,51.763229,320.785545,-136.469493,51.176804,-136.469493,1170.691045,861.139361,1.0,5.120603,1.647244,2.494692
24837.0,-0.041019,-0.201037,0.978724,0.160758,0.965459,0.20505,-0.986141,0.165748,-0.007284,526.400565,14.600679,-177.461241,3.599042,3.59274,3.593657,90.039883,90.034225,89.998253,135.647038,0.071907,0.076489,71.861594,0.869565,85.848583,-320.320587,303.629897,-320.320587,-419.870106,-240.868712,303.629897,-240.868712,1373.835007,-193.266491,90.507034,56.787488,90.507034,-233.012852,-243.868635,56.787488,-243.868635,1604.856109,832.234373,1.0,1.777317,1.57808,4.87891
28242.0,-0.370202,-0.389135,0.843519,-0.647553,0.759155,0.066019,-0.666053,-0.521782,-0.533026,-84.59424,262.747185,-175.462841,3.596087,3.594873,3.595792,89.90509,89.967148,90.034145,137.210958,0.066437,0.071505,103.669326,1.0,-310.310341,449.760448,-464.575575,449.760448,764.58378,-90.196639,-464.575575,-90.196639,949.632843,69.965863,62.046135,9.563096,62.046135,209.406472,-196.264458,9.563096,-196.264458,1302.617975,628.578157,1.0,1.648904,2.13297,4.047855
27619.0,0.25343,-0.421556,-0.870669,0.506117,0.824817,-0.252038,0.82439,-0.376786,0.422389,-353.535134,442.051156,33.315825,3.598127,3.592428,3.593525,89.992779,89.966854,90.021384,103.748289,0.058663,0.058114,87.289683,0.989474,-118.067041,86.47488,134.444128,86.47488,-240.092306,567.318708,134.444128,567.318708,1020.194365,-270.514869,-15.177848,141.076112,-15.177848,46.414265,212.115647,141.076112,212.115647,1192.016428,484.59698,1.0,4.994163,1.134716,1.999496
25562.0,0.177043,0.92584,-0.333879,-0.403199,0.377693,0.833534,0.897823,-0.012951,0.440166,255.201478,416.688291,-137.712002,3.597485,3.59106,3.597709,89.948746,90.001211,89.992752,106.686442,0.057213,0.058318,101.132,0.98913,-782.519137,-376.431374,251.193503,-376.431374,1054.933699,116.82138,251.193503,116.82138,994.35921,-101.368152,-100.845718,-66.065127,-100.845718,191.159732,-147.092953,-66.065127,-147.092953,1270.258836,340.319822,1.0,3.522581,1.115013,1.58522
25296.0,0.356088,0.176261,0.917678,-0.734802,0.659515,0.158451,-0.577294,-0.730734,0.364362,381.734161,-407.037126,-156.982673,3.593764,3.597194,3.59511,90.040075,89.981057,89.961818,122.823673,0.065124,0.061014,75.850517,0.934066,343.71513,-123.205783,27.867823,-123.205783,-48.323747,-489.256867,27.867823,-489.256867,919.28784,-248.046514,-80.23783,11.024015,-80.23783,-113.91758,-168.476949,11.024015,-168.476949,1206.597407,493.709509,1.0,1.741776,1.197848,3.810218
29959.0,0.657701,0.610068,-0.441866,0.239849,0.386458,0.890574,0.714074,-0.691713,0.10785,403.262052,386.252198,169.468995,3.59862,3.596636,3.592964,90.124841,90.063366,90.025986,177.350754,0.094753,0.098212,65.262004,0.777778,1525.877375,-274.780811,43.479258,-274.780811,-1046.990868,231.552426,43.479258,231.552426,1332.300624,796.646218,-242.650944,68.131016,-242.650944,-291.013565,-15.22592,68.131016,-15.22592,1306.509947,835.594901,1.0,3.602162,1.462736,2.340289
28069.0,-0.058066,0.897277,-0.437632,-0.197621,0.419365,0.886047,0.978557,0.137934,0.15297,554.122054,-417.843415,61.67269,3.599011,3.593019,3.597111,90.051245,89.952467,90.013676,185.081396,0.104943,0.103286,69.439408,0.852632,362.825467,-657.294898,-490.607067,-657.294898,255.700154,50.54508,-490.607067,50.54508,1451.121414,-284.138932,-228.435067,0.664568,-228.435067,-170.103141,-278.554024,0.664568,-278.554024,1635.253932,915.96935,1.0,3.60036,1.417224,1.430762
24961.0,-0.430718,-0.902466,0.006133,0.876748,-0.416812,0.239959,-0.213999,0.108732,0.970764,-256.8797,-225.251046,74.849531,3.594952,3.595214,3.599034,89.988918,90.044682,90.023605,69.318714,0.055593,0.049941,129.80973,0.984293,192.926869,172.283727,48.340414,172.283727,337.537595,-125.188894,48.340414,-125.188894,1556.096825,105.028142,-7.356915,-5.249431,-7.356915,165.88432,101.252152,-5.249431,101.252152,1430.602721,378.056112,1.0,3.11604,0.242405,5.182492
25269.0,0.405217,0.368322,0.836742,-0.835299,0.521165,0.175109,-0.371584,-0.769887,0.518844,360.232848,-412.246142,112.38607,3.59486,3.594802,3.597325,90.052798,89.971807,89.917944,145.611056,0.087225,0.082297,72.985536,0.787234,841.592899,-356.64457,165.053815,-356.64457,-497.03653,205.413521,165.053815,205.413521,1125.085651,-9.93021,128.281369,-310.489987,128.281369,-273.904522,229.63958,-310.489987,229.63958,1203.308297,667.388371,1.0,1.777094,1.025298,3.591262
25294.0,0.377764,0.002277,0.925899,-0.785433,0.53032,0.31915,-0.490296,-0.847795,0.202124,-127.450586,-152.489108,47.141012,3.595577,3.598083,3.593048,90.02094,89.995686,89.965772,70.743561,0.055788,0.0526,127.4847,0.989362,-110.700602,-260.534707,-99.754619,-260.534707,261.102582,-219.705664,-99.754619,-219.705664,1242.674518,76.587172,20.057681,49.771499,20.057681,122.452536,-250.736219,49.771499,-250.736219,1295.824988,282.275988,1.0,1.902735,1.367271,3.665918
28409.0,-0.452029,0.825409,-0.338186,-0.692725,-0.085983,0.716058,0.561962,0.557949,0.610648,145.948332,-95.326071,-52.651523,3.5951,3.595624,3.594719,89.971164,89.943407,89.957957,117.113958,0.0649,0.063088,86.194808,0.938889,157.599564,-68.401121,15.94947,-68.401121,-197.260166,-135.360674,15.94947,-135.360674,1080.010208,-79.302581,-2.616957,-6.986418,-2.616957,-64.513746,102.292767,-6.986418,102.292767,1167.370721,683.103297,1.0,3.582827,0.913917,0.788981
28217.0,0.475492,-0.362895,-0.801383,0.651675,0.757235,0.04376,0.590955,-0.543048,0.596549,138.533379,-105.576084,-12.306859,3.59616,3.59611,3.595219,90.041469,89.96177,90.027025,46.001352,0.058308,0.052521,115.956119,0.99435,75.093542,41.998187,91.124789,41.998187,382.447641,-39.689179,91.124789,-39.689179,1152.673493,115.318377,-4.598829,50.276563,-4.598829,275.085031,-103.238909,50.276563,-103.238909,1163.638105,189.390622,1.0,4.657837,0.931602,2.313974
25267.0,0.429056,0.103647,0.897312,-0.885895,0.242235,0.395616,-0.176356,-0.964665,0.195753,382.85657,220.602611,131.085422,3.59426,3.599206,3.596982,90.008502,89.960561,89.986562,89.316089,0.051346,0.05138,101.192441,0.984211,986.320914,70.520211,-18.024137,70.520211,-6.604377,-226.602679,-18.024137,-226.602679,1454.137523,112.492438,-89.233984,-49.826935,-89.233984,105.322212,-51.193265,-49.826935,-51.193265,1418.141122,349.990355,1.0,1.986049,1.373771,3.322412
24992.0,-0.222342,-0.945977,0.235989,0.512358,0.092562,0.853769,-0.82949,0.31074,0.464098,385.924338,301.108711,-3.767258,3.597697,3.593914,3.594146,89.960786,90.03787,90.027123,52.154278,0.054005,0.045332,122.424711,1.0,-158.453552,-233.362403,5.580378,-233.362403,69.271929,-180.075067,5.580378,-180.075067,1217.166675,119.531692,-58.023716,71.017265,-58.023716,114.859013,-139.099973,71.017265,-139.099973,1314.531269,263.795592,1.0,2.871917,1.08818,5.070822
25065.0,-0.035256,0.091771,-0.995156,0.176911,0.980622,0.084163,0.983595,-0.173086,-0.050809,305.165467,95.123926,85.119854,3.599716,3.593868,3.590632,89.956446,89.996648,90.032067,105.362402,0.066479,0.060709,96.373492,0.989011,-964.034004,-302.836606,-93.878299,-302.836606,1.762259,2.886517,-93.878299,2.886517,1661.945393,-67.073331,-6.794657,-114.92229,-6.794657,74.640213,-1.225914,-114.92229,-1.225914,1552.316456,715.40445,1.0,4.628017,1.621627,1.744986
29943.0,0.197881,0.883329,-0.424938,0.03611,0.426647,0.903697,0.979561,-0.194169,0.052529,437.997699,-282.186001,-165.663367,3.599487,3.592904,3.588432,89.946302,89.991491,90.027603,143.725975,0.068461,0.07067,83.937924,0.947917,-878.966467,763.960313,213.558747,763.960313,-932.453253,-99.151565,213.558747,-99.151565,1566.927485,-383.188649,-153.719739,78.460639,-153.719739,-176.176124,39.998803,78.460639,39.998803,1602.688734,514.2262,1.0,3.581135,1.518243,1.76648
26483.0,0.049433,-0.959506,-0.277316,0.743784,-0.149944,0.651385,-0.66659,-0.238463,0.706253,-45.200678,243.976045,98.332571,3.594929,3.594219,3.59558,90.079588,90.09456,90.019566,128.355999,0.07426,0.072135,84.736384,0.921788,-213.314857,611.58813,54.564506,611.58813,-267.864126,196.397484,54.564506,196.397484,1321.203977,13.454057,51.84276,-30.039789,51.84276,-0.016131,-21.710228,-30.039789,-21.710228,1256.03151,602.269509,1.0,3.544084,0.786604,4.36884
29637.0,0.796708,0.446312,-0.407507,0.397291,0.121344,0.909635,0.455429,-0.886612,-0.080641,-277.93496,-433.376038,-151.06642,3.59145,3.597407,3.591373,90.013909,90.095093,90.112189,180.257807,0.063358,0.07277,82.463486,0.967742,-470.432243,-681.495575,2.204117,-681.495575,-1396.111067,-104.535312,2.204117,-104.535312,1454.219667,-93.682331,68.95446,-158.313736,68.95446,10.916067,-12.200963,-158.313736,-12.200963,1381.912005,613.673817,1.0,3.562774,1.651524,2.667066
25660.0,0.18829,0.03207,0.98159,-0.487121,0.870913,0.064986,-0.852795,-0.49039,0.179606,235.903318,-7.587283,25.375166,3.597888,3.594065,3.591171,89.996573,90.078394,89.92763,177.178197,0.080373,0.090661,66.676482,0.769634,-935.887591,289.752472,147.751174,289.752472,-195.221111,214.841969,147.751174,214.841969,1525.722966,-524.866401,-5.277378,100.600768,-5.277378,-41.457032,322.968318,100.600768,322.968318,1587.058808,999.554113,1.0,1.636905,1.39021,4.190526
27044.0,0.207995,-0.198498,-0.957777,0.862862,0.498395,0.084091,0.460659,-0.84392,0.27494,15.446962,-1.493546,-161.593447,3.592951,3.598894,3.595165,90.043889,89.988558,90.015038,171.892832,0.07605,0.084349,63.019513,0.772487,191.349285,-95.602065,-177.677577,-95.602065,20.393119,-613.611148,-177.677577,-613.611148,1265.126545,76.891796,-307.479502,-99.645445,-307.479502,109.436923,-162.943477,-99.645445,-162.943477,1198.528008,926.81988,1.0,4.624815,1.292269,2.641937
,,,,,,,,,,,,,,,,,,,,,,,,,,,,,,,,,,,,,,,,,,,,,,
25417.0,0.391632,0.708588,0.586965,-0.917041,0.352752,0.186018,-0.075242,-0.611121,0.787953,-134.255261,46.285193,84.318359,3.593757,3.597567,3.597762,90.057492,90.03369,89.97573,102.101613,0.055262,0.052422,76.715983,0.973684,440.476501,245.050301,-183.324324,245.050301,27.864237,181.857069,-183.324324,181.857069,1585.694192,292.966838,140.369464,-30.796014,140.369464,-32.700222,23.202776,-30.796014,23.202776,1619.574981,542.05389,1.0,1.877699,0.663319,3.264098
26736.0,0.119777,-0.152254,-0.981057,0.901499,0.430616,0.043236,0.415876,-0.8896,0.188834,226.090935,-241.59284,139.823391,3.594943,3.599119,3.593313,90.014626,90.006619,90.037368,95.81033,0.058791,0.05537,83.334878,0.963542,-132.178692,76.620831,211.195643,76.620831,242.037989,-262.058548,211.195643,-262.058548,1468.722422,-36.954594,185.374754,175.3103,185.374754,-22.870469,-218.404739,175.3103,-218.404739,1496.880226,529.603655,1.0,4.668347,1.380821,2.704293
25140.0,-0.385569,-0.890694,-0.240834,0.918361,-0.395684,-0.006885,-0.089162,-0.223828,0.970542,-305.432113,45.722998,163.454498,3.594962,3.594438,3.599479,90.015716,89.985251,89.985568,64.215606,0.054002,0.050905,102.812015,0.994792,304.211091,-175.24465,-236.24113,-175.24465,178.717144,124.515718,-236.24113,124.515718,1514.491771,26.271931,-55.200468,-132.391373,-55.200468,294.669192,30.310444,-132.391373,30.310444,1396.379574,314.243321,1.0,4.740971,0.243327,3.520675
25150.0,-0.367421,-0.667852,-0.647283,0.895853,-0.067136,-0.43925,0.249898,-0.74126,0.622965,-340.527402,282.919066,-108.300598,3.598164,3.597866,3.595518,90.031963,89.969918,89.948242,135.08578,0.060605,0.063681,80.163808,0.967391,946.481198,-676.350842,183.030448,-676.350842,765.826874,-72.214384,183.030448,-72.214384,1027.220956,71.16692,77.206551,-153.442944,77.206551,182.666874,-26.705364,-153.442944,-26.705364,1173.776938,396.048297,1.0,5.308612,0.898269,2.816432
25168.0,-0.285204,0.582492,-0.761158,0.731109,0.645741,0.220222,0.619789,-0.493682,-0.610033,463.061765,-184.588544,88.131104,3.596004,3.595117,3.599536,89.971354,90.029763,90.033746,102.802594,0.057948,0.055857,89.986222,0.971591,834.191005,-258.619586,462.098471,-258.619586,239.183582,-110.293339,462.098471,-110.293339,1418.138709,240.89923,-60.362316,-55.249217,-60.362316,127.18196,-14.267095,-55.249217,-14.267095,1455.485343,558.744608,1.0,4.430754,2.226899,2.243419
29942.0,0.923769,0.075513,-0.375431,0.362685,0.142165,0.921004,0.122921,-0.986958,0.10394,52.365258,-366.610646,-73.48899,3.593781,3.599328,3.591656,90.006554,90.03604,90.022967,90.157253,0.05668,0.05604,114.789555,0.994792,85.515519,-36.551501,51.542297,-36.551501,-749.343335,-201.186053,51.542297,-201.186053,1516.42122,-122.630855,-135.412981,30.820825,-135.412981,-88.112635,-107.633798,30.820825,-107.633798,1511.251736,385.675311,1.0,3.528661,1.466669,3.017685
29884.0,0.906487,-0.374452,-0.195107,0.374719,0.926401,-0.036974,0.194592,-0.039593,0.980085,454.525074,469.912757,49.43735,3.593397,3.5945,3.600919,90.027947,90.013144,89.969986,118.905922,0.074048,0.071059,82.417552,0.994709,-190.255163,144.63638,-434.098507,144.63638,327.952217,-306.931683,-434.098507,-306.931683,1842.153197,-316.943343,-322.294268,21.266025,-322.294268,79.216498,-11.672508,21.266025,-11.672508,1714.360448,542.569696,1.0,4.899677,0.199908,1.771525
28507.0,0.168604,0.914614,-0.367496,0.135989,0.347684,0.927698,0.976258,-0.206389,-0.065757,-259.768094,-202.946859,-50.688239,3.598141,3.592735,3.595777,89.989969,89.999671,90.005048,146.38456,0.097801,0.091134,85.251711,0.831579,-239.77753,-198.7707,230.473533,-198.7707,485.184285,118.131994,230.473533,118.131994,1132.801275,314.574158,-148.88262,-63.005629,-148.88262,279.773643,83.118068,-63.005629,83.118068,1110.126442,705.976828,1.0,3.518765,1.636601,1.779137
29358.0,-0.591398,0.730316,-0.341886,-0.477573,0.02441,0.878253,0.649748,0.682673,0.334343,-134.805257,165.922303,15.912859,3.596731,3.595636,3.593101,89.963633,89.992696,89.967167,121.062178,0.060018,0.063971,71.602477,0.967391,126.518865,371.913169,-39.595189,371.913169,-38.106288,-171.338096,-39.595189,-171.338096,959.609352,-24.718809,112.242632,165.326175,112.242632,-1.783394,-187.867299,165.326175,-187.867299,1259.853207,584.999196,1.0,3.512824,1.229888,0.760693
26849.0,-0.044067,0.970345,-0.237673,-0.750701,0.124809,0.648745,0.659171,0.20701,0.722939,85.886602,-135.004121,-90.204626,3.595788,3.594703,3.596757,90.010047,89.987909,89.965455,170.374799,0.086545,0.095468,68.11274,0.780899,273.082033,-336.327807,6.096093,-336.327807,460.362518,64.914657,6.096093,64.914657,809.844436,126.818755,-157.352245,-263.831641,-157.352245,31.084369,185.481378,-263.831641,185.481378,1370.509435,870.569692,1.0,3.492766,0.762749,1.266504
25528.0,0.349552,-0.026042,0.936555,-0.908878,0.233292,0.345709,-0.227494,-0.972058,0.057878,179.741218,-399.887784,-97.46062,3.589165,3.597268,3.593654,89.97396,90.010063,89.855088,168.313859,0.087772,0.08007,76.661755,0.759162,-312.209657,636.399538,-487.100798,636.399538,-1492.046698,499.944299,-487.100798,499.944299,1352.178324,-155.809795,-119.767654,149.278083,-119.767654,211.479908,-0.832715,149.278083,-0.832715,1292.03129,502.799933,1.0,1.924409,1.512886,3.371489
29527.0,-0.805908,0.201291,0.556772,-0.560957,-0.560332,-0.609389,0.189313,-0.803436,0.564492,-109.939638,-239.134723,-145.274255,3.592661,3.596454,3.596219,90.096349,90.023484,90.046114,124.919782,0.064901,0.062102,77.184305,0.936508,130.471365,-262.278923,217.156907,-262.278923,-614.111137,-62.164575,217.156907,-62.164575,1492.913267,78.27684,-58.301203,82.062719,-58.301203,-168.246454,-47.551865,82.062719,-47.551865,1347.439657,649.067869,1.0,0.740309,0.970979,2.910184
25228.0,-0.354608,-0.575744,-0.736731,0.924158,-0.096089,-0.369729,0.142078,-0.811964,0.566152,-94.889801,-39.246385,-20.890127,3.593167,3.597455,3.595991,90.054889,90.001765,89.976603,79.677794,0.056483,0.055713,110.713257,1.0,286.430802,50.87477,145.985422,50.87477,-145.41426,-352.520309,145.985422,-352.520309,1225.425148,404.49437,248.754783,58.432589,248.754783,-245.354128,-38.072337,58.432589,-38.072337,1365.211935,397.69468,1.0,5.177516,0.968966,2.968366
29515.0,-0.782575,0.571894,-0.245997,-0.552631,-0.456198,0.697483,0.286663,0.681778,0.673055,72.125153,391.782445,-73.257941,3.595813,3.59535,3.595821,89.925582,89.991147,90.015713,111.680629,0.057378,0.063421,98.218532,0.98913,459.874561,328.151897,94.777461,328.151897,-35.826406,207.247347,94.777461,207.247347,1045.501793,154.063304,-8.908701,-177.864367,-8.908701,175.672944,93.294093,-177.864367,93.294093,1184.440038,565.94987,1.0,3.480664,0.832464,0.398022
29047.0,0.282164,0.894555,-0.346634,0.183675,0.30426,0.934714,0.941619,-0.32741,-0.078456,309.231065,184.827331,-62.944594,3.599026,3.59254,3.594143,90.013447,89.959449,90.064924,127.711686,0.056956,0.064171,83.982682,0.9,-464.147339,-207.772708,-62.676517,-207.772708,63.746983,496.325322,-62.676517,496.325322,1515.004731,135.04213,-159.073828,53.139919,-159.073828,73.019205,82.516793,53.139919,82.516793,1641.810102,572.087392,1.0,3.496716,1.649333,1.905429
30154.0,-0.482155,-0.343098,0.806108,-0.230851,0.937362,0.260884,-0.845124,-0.060304,-0.531158,108.981454,476.486536,151.726278,3.597269,3.5916,3.59414,90.004311,89.931418,89.95635,133.328078,0.058439,0.063043,76.7131,0.950549,-132.931901,-29.941172,201.73288,-29.941172,-763.340148,-126.452691,201.73288,-126.452691,1259.692113,-72.567142,75.09047,-24.461709,75.09047,55.480746,-66.900226,-24.461709,-66.900226,1288.636654,553.12987,1.0,1.883793,2.130763,4.641154
26110.0,0.162913,-0.125164,0.978669,-0.891195,0.406954,0.200398,-0.423356,-0.904833,-0.045247,507.636257,-228.940044,-80.253955,3.594777,3.598307,3.593242,89.996034,89.990865,89.96801,127.779904,0.069396,0.072888,83.390929,0.817204,-144.249866,-138.149622,39.705922,-138.149622,164.020205,-191.325216,39.705922,-191.325216,1267.155824,141.151003,-18.345262,-67.320988,-18.345262,115.165893,-86.55055,-67.320988,-86.55055,1515.601001,538.008636,1.0,1.77277,1.616059,3.579219
25588.0,0.339651,0.29649,0.892598,-0.93841,0.170826,0.300341,-0.063431,-0.939634,0.33625,451.400662,-86.076376,131.162866,3.59306,3.599157,3.591596,90.065905,90.03185,90.018575,99.605115,0.05979,0.057272,86.1507,0.983607,-915.250853,77.846126,-130.19569,77.846126,-71.624137,-232.362348,-130.19569,-232.362348,1574.058338,2.286864,-0.905061,-78.636861,-0.905061,-88.993914,-110.874707,-78.636861,-110.874707,1380.98592,505.406615,1.0,1.895376,1.227864,3.208996
25621.0,0.303448,0.653188,0.693733,-0.853967,-0.136537,0.502093,0.422682,-0.744784,0.516369,-100.032084,74.332888,167.561742,3.595258,3.597522,3.596218,90.06248,89.98301,90.032919,110.466338,0.060154,0.060879,75.140948,0.967742,228.927024,16.549866,-60.305781,16.549866,337.36381,175.955248,-60.305781,175.955248,1463.593991,87.568439,158.521579,2.44326,158.521579,329.032854,156.755073,2.44326,156.755073,1380.466886,590.702687,1.0,2.197289,1.028191,2.625396
25608.0,0.327264,0.62248,0.710927,-0.917625,0.029792,0.396328,0.225526,-0.782069,0.580953,291.983301,468.87869,-46.47103,3.590568,3.599036,3.593385,89.976957,89.894518,90.087922,185.667161,0.100924,0.09622,63.780689,0.756906,675.369337,269.229569,-451.739174,269.229569,-1426.481265,-896.390261,-451.739174,-896.390261,1106.888872,279.699584,-90.784795,160.015775,-90.784795,-213.299813,-145.692521,160.015775,-145.692521,1020.803179,632.338188,1.0,2.079365,0.950897,2.860838
26525.0,0.061042,-0.157241,-0.985672,0.865614,0.500029,-0.026161,0.496978,-0.851614,0.166633,-191.971764,-282.699037,-158.089003,3.593175,3.598477,3.595527,89.974043,90.007626,90.091531,133.716531,0.0717,0.069343,68.519835,0.90625,564.114733,-68.820578,410.290884,-68.820578,-527.575541,-226.051074,410.290884,-226.051074,1486.518259,-124.609372,-86.140651,123.759805,-86.140651,25.443949,-311.767029,123.759805,-311.767029,1222.601134,543.566454,1.0,4.738925,1.403383,2.61334
27069.0,0.140309,-0.302672,-0.94271,0.467312,0.859649,-0.206451,0.872888,-0.411573,0.262059,-128.291946,-121.290879,-175.480377,3.595758,3.595338,3.593045,90.006359,89.940055,90.072786,139.330193,0.081238,0.085178,69.752127,0.81768,-280.742421,-307.547346,-52.247989,-307.547346,-193.738031,-320.390241,-52.247989,-320.390241,1152.316512,40.11498,-95.069435,208.917961,-95.069435,95.302019,-131.228284,208.917961,-131.228284,1235.278867,609.087813,1.0,4.927983,1.305641,2.011391
29816.0,0.806119,-0.490778,-0.330621,0.348511,-0.05779,0.935522,-0.47824,-0.869366,0.124455,484.380863,170.786099,-30.534858,3.595068,3.597229,3.591696,90.044488,89.989604,89.942472,127.591826,0.085084,0.087404,58.137016,0.68617,-205.101655,426.734057,-3.32038,426.734057,-413.239153,64.940611,-3.32038,64.940611,1255.50478,-101.857012,423.343867,243.093703,423.343867,-286.593141,-127.876327,243.093703,-127.876327,1317.584115,639.680969,1.0,3.4813,1.446018,3.644514
28925.0,0.616889,-0.286711,-0.73297,0.529108,0.840514,0.116534,0.58266,-0.459709,0.670205,504.042122,308.167758,32.511448,3.598261,3.593268,3.595944,90.081248,90.014961,90.017916,160.701589,0.081288,0.078626,73.01848,0.909091,628.488515,834.345057,103.216782,834.345057,-71.918091,31.644858,103.216782,31.644858,1048.730644,248.253109,30.534114,120.232587,30.534114,-180.272478,-93.29989,120.232587,-93.29989,1104.109071,933.47915,1.0,4.554719,0.836311,2.238784
27903.0,-0.293571,-0.239758,0.925382,-0.694361,0.718821,-0.034041,-0.657023,-0.652543,-0.377504,-226.371563,393.891564,-150.425286,3.595963,3.596237,3.595288,90.005682,89.990543,89.958549,93.839796,0.067429,0.070964,93.846164,1.0,445.559997,-109.039231,188.295256,-109.039231,258.089092,-9.381129,188.295256,-9.381129,906.460478,-50.644723,114.209292,133.066945,114.209292,98.830515,-64.910256,133.066945,-64.910256,1149.092797,526.763262,1.0,1.534027,1.957896,3.930412
25337.0,-0.256457,0.178083,-0.950009,0.776934,0.622674,-0.093012,0.574982,-0.761947,-0.298048,249.852747,-317.306339,-177.405629,3.597502,3.596558,3.59271,89.983481,90.018426,90.022982,108.73423,0.067181,0.0637,103.431616,0.98913,-318.416181,-115.389679,-229.253665,-115.389679,701.076853,163.849828,-229.253665,163.849828,1027.768474,-68.369844,130.880396,-27.792384,130.880396,57.294815,-206.367463,-27.792384,-206.367463,1184.490171,366.388658,1.0,4.809984,1.873443,2.49514
25340.0,-0.322933,-0.317346,-0.891631,0.946284,-0.124365,-0.298464,-0.016172,-0.94012,0.340461,587.820715,16.619689,52.698352,3.595382,3.600005,3.58657,90.046481,89.971381,90.009249,226.106297,0.139307,0.138087,65.425075,0.674033,-1510.083244,-851.010875,782.580305,-851.010875,61.259746,455.908754,782.580305,455.908754,1519.590139,-573.293715,115.317746,433.63602,115.317746,242.127684,71.311751,433.63602,71.311751,1534.949143,895.283323,1.0,5.035404,1.223389,3.158793
25667.0,0.307641,0.688037,0.657238,-0.917896,0.396556,0.014512,-0.250647,-0.607741,0.753543,134.341735,-275.088141,50.236254,3.593102,3.596276,3.596196,90.074191,90.039046,90.026953,143.258875,0.079432,0.079218,69.973824,0.809783,-255.988821,397.774701,42.088243,397.774701,89.715443,-262.344067,42.088243,-262.344067,1242.891241,324.711113,35.993282,251.815029,35.993282,177.427345,-290.471473,251.815029,-290.471473,1205.689915,717.439102,1.0,1.592873,0.717361,3.532763
29225.0,-0.43303,0.84879,-0.303381,-0.399984,0.120677,0.908543,0.807773,0.514774,0.287246,-68.743018,468.679979,-68.5904,3.598528,3.594928,3.592396,89.944451,89.997681,89.958581,80.984098,0.053864,0.053029,121.283726,1.0,-101.860333,576.470676,-86.678272,576.470676,-78.618635,-290.559728,-86.678272,-290.559728,1334.966731,87.385645,69.923011,2.355853,69.923011,130.811485,-108.512233,2.355853,-108.512233,1294.999345,237.116826,1.0,3.463872,1.279446,1.003419
25696.0,0.272829,0.75563,0.595472,-0.835206,-0.121167,0.536423,0.477489,-0.643694,0.598049,336.686083,-227.610063,43.262284,3.599846,3.59631,3.596266,90.034375,89.94749,89.984965,130.141596,0.071153,0.06457,94.932905,0.977778,672.606639,-576.539463,333.113935,-576.539463,1007.490911,-319.237656,333.113935,-319.237656,1302.628308,236.627245,45.392922,54.364355,45.392922,346.088809,12.448889,54.364355,12.448889,1393.182097,557.234308,1.0,2.304074,0.929732,2.503363
25658.0,0.316249,0.605027,0.730705,-0.944122,0.125342,0.304832,0.092844,-0.786277,0.610858,-198.862935,-121.886996,156.156651,3.593703,3.595264,3.595725,90.108578,90.002587,90.035334,118.673547,0.061372,0.061818,70.006661,0.860963,-562.729934,73.852915,293.098676,73.852915,17.600978,-3.360769,293.098676,-3.360769,1375.450478,197.092271,117.988211,-70.717999,117.988211,-20.367301,77.935409,-70.717999,77.935409,1333.371211,570.442974,1.0,1.966021,0.913652,3.024057
25366.0,-0.313372,-0.388942,-0.866327,0.937332,0.019659,-0.347883,0.152337,-0.921053,0.358407,448.859065,-316.815832,-131.654906,3.588567,3.598044,3.59648,90.023805,89.918856,90.075145,198.503868,0.120569,0.117119,62.426744,0.757895,651.45961,364.904224,-198.765779,364.904224,-1700.457666,372.519096,-198.765779,372.519096,1433.964947,-361.83752,-93.764832,159.198224,-93.764832,-421.832449,131.004861,159.198224,131.004861,1363.738382,961.390747,1.0,5.09424,1.204236,2.977682
25397.0,-0.298133,-0.857267,-0.419774,0.918442,-0.137862,-0.370754,0.259964,-0.496072,0.828451,-38.527847,-413.588014,-132.952114,3.594206,3.591364,3.597464,90.107451,90.038268,89.974222,167.317213,0.06415,0.073931,83.965508,0.97861,-980.855899,-380.091368,-79.707844,-380.091368,269.157477,-730.210379,-79.707844,-730.210379,1080.663223,-134.624031,78.382189,-183.287103,78.382189,101.321803,-38.835894,-183.287103,-38.835894,1193.606286,805.42472,1.0,5.435857,0.59446,2.658895
30178.0,0.791065,0.529858,-0.305722,0.237512,0.194526,0.951708,0.563741,-0.825476,0.028035,95.346301,140.960053,-156.220637,3.594471,3.597798,3.593685,90.000064,89.978353,90.061418,113.690384,0.057023,0.06042,80.194107,0.983516,-142.643908,137.224548,-241.868491,137.224548,31.54726,-5.180797,-241.868491,-5.180797,1294.178889,130.01501,106.247718,-257.244065,106.247718,71.726615,0.782204,-257.244065,0.782204,1314.157961,619.369173,1.0,3.452416,1.542758,2.542416
25714.0,0.297567,0.950068,0.093937,-0.939188,0.273646,0.207468,0.171403,-0.149961,0.973721,320.160819,250.896494,108.639107,3.593641,3.591797,3.599141,90.043797,89.964247,90.010848,148.5748,0.091624,0.089551,66.666962,0.914894,-626.063861,-120.402266,-50.624573,-120.402266,-161.190106,-51.601606,-50.624573,-51.601606,1587.85046,-388.252812,46.68691,-101.328205,46.68691,-43.782832,169.313304,-101.328205,169.313304,1536.054314,852.801082,1.0,2.716429,0.22976,2.289569
30100.0,0.904647,-0.300789,-0.301894,0.306337,0.95145,-0.030005,0.296262,-0.065338,0.952869,449.7497,158.333992,110.469779,3.587415,3.594086,3.597855,90.002249,89.870388,90.017246,158.763313,0.077235,0.075445,71.841136,0.870968,-1912.42995,-750.636792,99.933256,-750.636792,-228.966306,63.696505,99.933256,63.696505,1486.389222,523.89278,-16.001495,-230.51036,-16.001495,-99.185296,152.988949,-230.51036,152.988949,1370.829067,931.032419,1.0,4.811451,0.308239,1.787863
25438.0,-0.292476,-0.211439,-0.932605,0.9542,-0.000341,-0.299171,0.062938,-0.977391,0.201855,-284.831799,-386.415177,68.047623,3.595883,3.599252,3.594786,90.021076,90.063322,89.983781,84.390241,0.056861,0.052458,131.595109,0.98913,-28.744164,318.470346,194.796621,318.470346,839.371389,-263.104469,194.796621,-263.104469,1475.961438,-121.414312,21.835719,134.941919,21.835719,119.260857,15.005322,134.941919,15.005322,1407.446201,171.168764,1.0,5.022809,1.367545,3.077287
25897.0,0.200011,0.966397,-0.161472,-0.756216,0.25705,0.601716,0.623003,0.001758,0.782217,-203.804876,-109.877957,-54.271828,3.596263,3.591872,3.596784,90.000696,89.957828,90.002521,75.724188,0.056006,0.050597,101.193935,0.994475,-510.23947,-216.57223,-17.70383,-216.57223,300.537617,-16.677498,-17.70383,-16.677498,1104.858647,168.412193,64.466545,39.949516,64.466545,301.507205,-102.011283,39.949516,-102.011283,1179.85585,333.496021,1.0,3.403768,0.672579,1.567974
27377.0,0.091555,0.953827,-0.286062,0.13357,0.272909,0.952722,0.986801,-0.125436,-0.102417,349.161472,513.105385,106.354287,3.600036,3.588333,3.594752,90.025,89.968596,90.025742,108.719315,0.094278,0.072256,106.759194,0.989583,-1310.403849,-648.747612,70.796167,-648.747612,70.525031,484.53476,70.796167,484.53476,1634.919672,-320.468002,-55.355437,108.678409,-55.355437,23.120159,101.489582,108.678409,101.489582,1605.933975,319.512576,1.0,3.433285,1.673393,1.697232
28687.0,-0.519505,0.831396,-0.197218,-0.655628,-0.239835,0.715983,0.547966,0.501259,0.669682,314.453389,-252.602748,67.618507,3.594581,3.593799,3.595999,89.918058,89.9734,89.968352,129.716294,0.059541,0.062136,77.416677,0.927778,-371.586572,274.916134,132.277972,274.916134,2.272804,219.533714,132.277972,219.533714,1113.448882,61.765926,-49.054764,185.279229,-49.054764,192.426005,51.353787,185.279229,51.353787,1257.911767,634.027073,1.0,3.410378,0.837016,0.829884
29397.0,0.467259,0.838725,-0.279658,0.263543,0.1698,0.949586,0.843928,-0.517405,-0.1417,-154.284537,-423.843004,132.212985,3.598195,3.59475,3.59076,90.036645,89.982074,90.039538,106.909207,0.062924,0.055943,90.526534,0.994505,197.16155,127.466513,117.475791,127.466513,-753.757213,644.684373,117.475791,644.684373,1113.924116,131.565026,113.247138,67.781821,113.247138,7.695824,128.238145,67.781821,128.238145,1358.17184,441.234887,1.0,3.428001,1.712975,2.120786
25503.0,-0.215716,0.379559,-0.899668,0.791957,0.606979,0.066187,0.571201,-0.698221,-0.431529,527.043737,-385.688165,142.43218,3.596324,3.595798,3.597458,89.97377,89.974573,90.045769,103.629124,0.058391,0.057376,95.932004,0.972678,904.101889,-400.947054,27.437059,-400.947054,278.92385,-2.821633,27.437059,-2.821633,1009.156283,-12.884627,49.053397,3.554374,49.053397,150.441449,2.506267,3.554374,2.506267,1096.185874,363.965909,1.0,4.638953,2.016984,2.455924
25511.0,-0.250466,-0.654665,-0.713218,0.902856,0.107969,-0.416166,0.349455,-0.748169,0.564026,-72.735392,360.004928,96.462021,3.593361,3.596721,3.594719,90.044517,89.958352,90.037113,77.106293,0.053037,0.051789,108.414844,1.0,103.313409,-25.954339,113.376583,-25.954339,-375.251376,29.517412,113.376583,29.517412,1133.769861,69.674723,9.146658,76.055376,9.146658,-4.550137,23.608969,76.055376,23.608969,1198.815943,391.783832,1.0,5.240592,0.971543,2.704626
25526.0,-0.176531,0.148585,-0.973016,0.692155,0.721584,-0.015386,0.699827,-0.676194,-0.230226,95.112181,467.688712,148.863338,3.592762,3.59743,3.592907,89.956586,89.997951,90.042961,146.731629,0.076991,0.073353,80.375395,0.971429,-333.641394,-130.055774,19.995897,-130.055774,-23.879939,-709.538488,19.995897,-709.538488,746.090717,-271.352656,-96.801031,49.406147,-96.801031,324.230497,24.073483,49.406147,24.073483,1323.999383,574.753957,1.0,4.7282,1.803106,2.339021
28001.0,0.424787,-0.183843,-0.88643,0.67474,0.717102,0.174617,0.603558,-0.672285,0.428661,-148.623099,-232.429912,-20.688075,3.594579,3.595683,3.59512,90.021531,89.97118,90.068264,85.75104,0.059809,0.053371,86.364353,0.956522,159.739303,-177.836309,30.812425,-177.836309,-213.236749,-61.146216,30.812425,-61.146216,1077.047353,248.557995,2.760332,102.822923,2.760332,100.824507,-40.951842,102.822923,-40.951842,1098.383365,412.361287,1.0,4.51789,1.127786,2.41001
27704.0,-0.2422,0.954731,-0.172705,-0.689274,-0.044043,0.723161,0.682818,0.294191,0.668738,404.918977,-119.930682,-124.481516,3.596221,3.588638,3.593936,89.859804,89.891277,89.946557,234.488024,0.097609,0.115754,86.360469,0.894444,-1837.487103,666.716999,202.119732,666.716999,-687.875228,-131.998333,202.119732,-131.998333,1711.900918,-216.613369,118.518909,-130.997519,118.518909,-60.136321,-92.278528,-130.997519,-92.278528,1399.669723,943.860012,1.0,3.376021,0.838286,1.163983
28845.0,0.524242,-0.226823,-0.820805,0.466452,0.882901,0.053936,0.712456,-0.411142,0.568656,133.373008,-242.474041,79.60973,3.596842,3.594137,3.594514,90.064818,89.93934,90.040088,99.44087,0.056271,0.056175,87.321188,0.989474,-240.265632,283.565735,93.801573,283.565735,-85.855001,-10.066708,93.801573,-10.066708,1379.914326,83.214285,18.253248,230.651463,18.253248,150.64378,-8.347323,230.651463,-8.347323,1387.465875,404.496643,1.0,4.646772,0.965925,2.09419
26058.0,0.140407,0.239132,0.960782,-0.624528,0.774382,-0.10147,-0.768277,-0.585788,0.258073,171.543771,-245.035727,-72.153131,3.595056,3.596103,3.593996,90.039481,90.03555,89.934582,112.928821,0.059603,0.058694,80.832773,0.961326,-137.707473,2.011141,124.965881,2.011141,-44.49579,-318.986842,124.965881,-318.986842,1142.527093,-127.652918,-35.21645,70.857465,-35.21645,174.641529,-73.561455,70.857465,-73.561455,1239.176589,545.750364,1.0,1.465574,1.309769,4.060955
25627.0,-0.196998,-0.823217,-0.532453,0.838002,0.140499,-0.527269,0.508866,-0.550067,0.662179,-320.453346,-77.258798,-46.137158,3.597227,3.593451,3.594127,90.073531,89.986948,89.956884,139.504109,0.065396,0.068594,83.863952,0.955056,-447.743678,-660.334158,-172.937645,-660.334158,748.004893,22.440995,-172.937645,22.440995,562.609254,514.080977,80.370229,47.711289,80.370229,182.635039,119.433116,47.711289,119.433116,1009.810685,562.073606,1.0,5.492896,0.847073,2.395083
26243.0,0.087038,0.9949,-0.050974,-0.462634,0.085683,0.882399,0.882267,-0.05322,0.467732,-269.190465,469.221526,-41.708702,3.597857,3.594243,3.592411,89.98545,89.91946,90.023239,120.518767,0.06071,0.063919,87.601777,0.989305,47.448491,256.055927,-31.685944,256.055927,-625.701805,-246.186986,-31.685944,-246.186986,1359.342445,176.528172,4.661034,86.150851,4.661034,113.433181,-60.947972,86.150851,-60.947972,1331.385556,496.592728,1.0,3.199296,1.084073,1.631045
25968.0,0.210833,0.976837,-0.036599,-0.908695,0.209652,0.360998,0.360309,-0.042853,0.931848,62.433552,-421.405671,61.831183,3.588849,3.592667,3.598514,89.996844,89.958665,90.030113,186.055759,0.078904,0.086148,67.63264,0.857923,-503.679963,452.383048,-135.096695,452.383048,-1140.832234,611.992677,-135.096695,611.992677,1179.386718,-471.564867,88.379574,-12.987518,88.379574,27.80331,227.824561,-12.987518,227.824561,1297.918484,798.339579,1.0,3.242631,0.371322,1.689174
29975.0,0.806035,-0.218631,-0.550007,0.30358,0.950441,0.06709,0.508081,-0.221047,0.832461,148.788735,-375.418003,-61.234301,3.595068,3.590524,3.593243,90.130547,89.850775,89.985034,183.779442,0.088628,0.087596,65.399654,0.781915,-1367.136371,839.285961,710.033716,839.285961,-837.073544,-217.170673,710.033716,-217.170673,1401.186695,-375.960105,196.419584,12.852208,196.419584,179.258859,107.865105,12.852208,107.865105,1318.876396,890.928977,1.0,4.591009,0.587262,1.98116
26890.0,-0.062761,0.99304,-0.099659,-0.830868,0.003333,0.556459,0.552918,0.117728,0.824877,-83.230171,-38.650831,-31.642566,3.595609,3.593696,3.597383,89.994045,89.926513,89.989101,69.2026,0.051973,0.04992,103.900745,0.989247,-58.522375,-48.247972,-77.870459,-48.247972,34.119181,-21.10501,-77.870459,-21.10501,1411.463137,-162.214381,38.410587,-162.147371,38.410587,303.06894,38.093506,-162.147371,38.093506,1331.02427,352.280993,1.0,3.318809,0.600813,1.361008
26035.0,0.174058,0.961927,0.210714,-0.816115,0.021169,0.577502,0.551054,-0.272486,0.788727,-281.977439,215.756194,-24.447369,3.594221,3.595876,3.597781,90.026776,89.965892,90.044057,106.232096,0.066125,0.060892,89.869153,0.989305,357.673835,278.136246,-230.141746,278.136246,146.509717,294.832861,-230.141746,294.832861,1214.247552,300.432596,6.849709,-52.792762,6.849709,395.988531,92.582529,-52.792762,92.582529,1162.323697,525.527001,1.0,2.791731,0.66206,2.030019
30036.0,-0.746517,-0.196035,0.635832,-0.36043,0.922404,-0.138785,-0.559287,-0.332779,-0.759247,116.189349,-392.767421,-7.163708,3.594697,3.591993,3.597184,89.989385,89.879879,90.036623,137.780787,0.070455,0.074163,78.368275,0.973404,-640.820861,197.135682,-283.056736,197.135682,-111.452093,737.740976,-283.056736,737.740976,1354.722612,-63.329914,-86.223267,-34.135026,-86.223267,45.960141,184.769875,-34.135026,184.769875,1365.710623,832.892399,1.0,1.355893,2.432952,4.17565
26651.0,0.086999,-0.121716,-0.988745,0.754656,0.655964,-0.014348,0.650327,-0.744914,0.148922,-229.797377,459.354934,13.80517,3.596432,3.597348,3.597042,89.930538,89.942835,90.038167,147.352549,0.068723,0.073524,80.140105,0.966102,941.52576,-771.906669,167.429996,-771.906669,460.638354,37.488651,167.429996,37.488651,1134.581582,91.879913,-53.543389,86.748555,-53.543389,32.541745,39.094814,86.748555,39.094814,1483.579667,758.997787,1.0,4.7269,1.421319,2.423884
26078.0,0.169629,-0.065374,0.983337,-0.851999,0.49175,0.179665,-0.495302,-0.868279,0.027717,469.158114,-209.821337,62.624184,3.59133,3.59773,3.595976,89.977091,90.072356,89.897396,182.034528,0.078447,0.08318,70.208019,0.82967,286.462708,899.852154,166.78729,899.852154,-765.998252,-268.202706,166.78729,-268.202706,1405.179061,201.273168,268.202238,176.880881,268.202238,187.364156,-178.888451,176.880881,-178.888451,1226.360848,1112.29123,1.0,1.751512,1.543076,3.659994
25752.0,-0.105065,0.015077,-0.994351,0.617497,0.784762,-0.053347,0.779525,-0.619614,-0.091761,-124.834037,36.092345,78.892452,3.598621,3.597515,3.592148,90.015709,89.999828,90.024447,145.181966,0.096086,0.083639,66.383466,0.785714,-462.11936,22.727141,-263.379002,22.727141,923.358473,97.032235,-263.379002,97.032235,1370.850585,-49.509365,-180.495672,-409.212273,-180.495672,481.861398,35.58594,-409.212273,35.58594,1505.673297,695.208971,1.0,4.765988,1.662687,2.242396
29419.0,-0.329548,-0.191342,0.924547,-0.28157,0.954605,0.097199,-0.901175,-0.228293,-0.368464,524.839298,-360.873144,154.37672,3.598469,3.589428,3.591356,89.881629,89.93483,89.991484,174.794613,0.073697,0.073644,83.906218,0.945055,-1215.471892,987.741079,31.853373,987.741079,-920.826461,184.515261,31.853373,184.515261,1452.687949,172.073813,64.249564,194.565533,64.249564,-10.036319,164.649963,194.565533,164.649963,1403.615044,541.303678,1.0,1.675543,1.948153,4.464281
25767.0,-0.157868,-0.027858,-0.987067,0.845149,0.513154,-0.149653,0.510686,-0.857844,-0.057467,134.805689,-77.687243,119.574985,3.595696,3.597335,3.593329,90.002529,89.992164,90.044606,70.325283,0.057686,0.053604,102.718503,0.989189,-124.856909,-107.401905,-126.244808,-107.401905,253.196753,-37.01903,-126.244808,-37.01903,1168.21305,171.065541,-76.649341,-69.824064,-76.649341,51.512687,-36.637373,-69.824064,-36.637373,1422.304732,323.804,1.0,4.862857,1.628295,2.604626
29851.0,0.687101,-0.166604,-0.707203,0.282502,0.958026,0.048779,0.669392,-0.233302,0.705326,192.316996,-384.790129,87.299404,3.596451,3.592713,3.596028,90.044841,89.943598,90.025814,77.000347,0.049425,0.047738,122.696061,1.0,102.444792,218.786618,66.09099,218.786618,-390.329036,-46.738519,66.09099,-46.738519,1258.490586,328.108937,4.426581,73.107669,4.426581,82.79443,-13.691687,73.107669,-13.691687,1202.423363,606.326447,1.0,4.643524,0.787913,1.906159
26168.0,0.153992,0.985876,0.065841,-0.975234,0.140946,0.17045,0.158763,-0.090458,0.983164,-326.582886,-406.871408,-76.359872,3.593696,3.594879,3.597366,90.006733,89.968433,90.045549,121.903412,0.069832,0.065445,69.933342,0.928571,144.888425,409.902184,-31.973483,409.902184,-6.250155,-140.842393,-31.973483,-140.842393,1040.786626,-208.007024,181.855484,-64.344606,181.855484,138.51049,111.052825,-64.344606,111.052825,1192.665415,530.246378,1.0,2.772974,0.183757,2.08869
26259.0,0.106501,0.992497,-0.060064,-0.771396,0.120589,0.624826,0.62738,-0.020211,0.778451,407.938584,370.490385,169.448909,3.595009,3.593183,3.596618,90.033822,89.958378,90.021532,123.998764,0.080837,0.071927,69.246392,0.932961,-199.73721,-76.132338,-339.191399,-76.132338,115.958834,102.421365,-339.191399,102.421365,948.493408,46.360498,-70.786393,-75.901995,-70.786393,27.654501,273.227288,-75.901995,273.227288,1250.93118,569.391011,1.0,3.237428,0.678603,1.603
26327.0,0.089429,0.461229,0.882763,-0.778969,0.584696,-0.22658,-0.620653,-0.667382,0.411572,207.096984,-14.737213,105.952767,3.595867,3.595983,3.596055,90.014636,90.022767,89.961761,63.14708,0.063349,0.052317,99.765029,1.0,487.118487,-16.132234,46.282999,-16.132234,220.40761,20.445816,46.282999,20.445816,1018.745356,197.388035,78.290768,104.875341,78.290768,175.349888,33.099923,104.875341,33.099923,1202.276236,294.879365,1.0,1.319548,1.146618,3.890728
29552.0,0.649782,-0.751208,-0.116058,0.342919,0.153441,0.926748,-0.678373,-0.641983,0.357307,-219.71159,-367.817096,-88.122592,3.592758,3.594646,3.591967,89.958094,90.057396,89.863677,191.162179,0.072962,0.085276,71.550025,0.967213,-1047.883911,-768.199073,147.251733,-768.199073,-583.926621,-453.700799,147.251733,-453.700799,980.10277,-395.468864,198.2094,255.342598,198.2094,41.814538,0.051099,255.342598,0.051099,1012.553819,1228.75735,1.0,3.266175,1.205413,3.954545
26006.0,-0.101837,0.098197,-0.989943,0.916842,0.395432,-0.055092,0.386045,-0.913231,-0.1303,-292.98589,457.83083,-142.579445,3.595607,3.597382,3.595413,89.97643,89.923611,90.030513,191.643064,0.083912,0.095509,71.609283,0.836842,526.577847,-680.225722,-148.640435,-680.225722,281.325301,-90.649379,-148.640435,-90.649379,1055.633299,123.176306,239.742892,145.746794,239.742892,-85.110084,-176.703081,145.746794,-176.703081,1180.954315,792.508951,1.0,4.767984,1.701468,2.741651
29180.0,-0.445749,0.890734,-0.088883,-0.42229,-0.121693,0.898255,0.78929,0.437931,0.430393,19.321442,100.921629,17.899006,3.597895,3.594777,3.594491,89.989096,89.985226,89.932336,86.37977,0.057047,0.055253,94.069155,1.0,-58.735924,9.591853,-2.799251,9.591853,276.395418,-385.24291,-2.799251,-385.24291,1301.429306,23.292223,120.015108,26.961843,120.015108,86.016454,-180.650615,26.961843,-180.650615,1417.479358,528.432442,1.0,3.240223,1.125868,1.064244
28342.0,-0.09302,0.989823,-0.107689,-0.214677,0.085676,0.97292,0.972245,0.11362,0.204523,327.084024,-120.558106,84.348361,3.598559,3.593067,3.593525,89.972156,89.944352,90.010607,105.649586,0.060864,0.05819,87.3993,0.989011,-242.023478,236.569987,-243.358648,236.569987,-199.878716,170.784836,-243.358648,170.784836,1401.641731,-122.771341,64.211108,-138.549655,64.211108,-210.984343,-28.672037,-138.549655,-28.672037,1597.464407,482.410905,1.0,3.251831,1.36482,1.454461
26059.0,-0.075971,0.406179,-0.91063,0.848851,0.505502,0.154658,0.523144,-0.76124,-0.383189,65.481243,449.074704,12.012086,3.594754,3.594877,3.594771,89.952211,89.96779,90.077951,168.354621,0.08265,0.089293,70.672655,0.746032,19.377341,-588.595273,-94.342119,-588.595273,-199.507681,47.349988,-94.342119,47.349988,930.427361,327.463162,-21.332482,-8.790353,-21.332482,189.567611,209.309188,-8.790353,209.309188,1097.398005,1059.611876,1.0,4.544158,1.964043,2.539491
29368.0,-0.365455,0.926868,-0.085786,-0.3173,-0.037404,0.947587,0.875079,0.37352,0.307765,594.413783,-257.726805,-166.322086,3.596807,3.593252,3.595947,89.939802,89.850503,89.972092,222.178487,0.081675,0.09599,67.651742,0.77957,-209.352411,31.783991,-283.565004,31.783991,-224.421014,1043.336967,-283.565004,1043.336967,1627.970622,-775.273178,95.682741,169.421102,95.682741,427.829224,-9.812565,169.421102,-9.812565,1180.509504,1367.618367,1.0,3.231878,1.257953,1.167367
26096.0,-0.016521,-0.036176,-0.999209,0.496217,0.867295,-0.039604,0.868041,-0.496479,0.003623,-325.003243,252.517968,-121.787477,3.597927,3.595129,3.599479,89.916243,89.970859,90.047968,131.176882,0.064853,0.065919,85.709134,0.973684,1611.344071,-703.564182,135.965325,-703.564182,113.3255,131.403054,135.965325,131.403054,1288.479343,-201.890519,-54.619918,37.639391,-54.619918,231.296542,223.822592,37.639391,223.822592,1283.168777,356.941046,1.0,4.752004,1.567174,2.090337
26106.0,-0.079354,-0.442424,-0.893288,0.987494,-0.157351,-0.00979,-0.136229,-0.882894,0.449378,74.555457,346.272762,79.357363,3.595542,3.597204,3.593226,90.022445,90.005013,89.960208,133.08895,0.062981,0.066308,82.736138,0.927778,-103.598102,-110.692893,365.208617,-110.692893,360.434946,-235.634963,365.208617,-235.634963,931.748036,-127.63384,-84.361213,49.107338,-84.361213,241.804991,-127.019269,49.107338,-127.019269,1256.01141,631.267965,1.0,4.723348,1.104728,3.294683
27231.0,-0.140675,-0.038649,0.989301,-0.744208,0.66315,-0.079916,-0.652967,-0.747488,-0.122052,116.517307,453.158853,17.452454,3.591866,3.594018,3.591818,90.025832,89.887391,89.855779,199.67774,0.06662,0.084568,64.784386,0.727778,-820.771628,-956.64766,-269.411748,-956.64766,-1406.774966,0.995731,-269.411748,0.995731,1109.970651,-323.393534,-399.597943,162.593856,-399.597943,-175.507433,82.022455,162.593856,82.022455,1598.697478,1177.718728,1.0,1.490191,1.693153,3.8596
28267.0,0.135303,-0.987962,-0.074992,0.114592,-0.059576,0.991625,-0.984155,-0.142763,0.105152,314.744969,1.624648,73.371896,3.600844,3.591383,3.591775,90.057555,90.023694,89.975855,169.468388,0.075085,0.085991,59.415359,0.740331,-778.590075,470.557194,-121.942427,470.557194,-549.272264,-2.727757,-121.942427,-2.727757,1967.756969,-91.575879,-90.145585,31.4089,-90.145585,-476.168885,-117.21213,31.4089,-117.21213,2119.336271,917.452455,1.0,3.217074,1.46545,4.568332
26128.0,-0.066838,0.017559,-0.997609,0.940977,0.333607,-0.057172,0.331805,-0.942549,-0.03882,160.979872,-197.938218,-122.398768,3.594135,3.599684,3.592574,89.977068,90.022689,90.020777,92.811018,0.049251,0.050963,90.138235,1.0,-399.351159,103.532278,198.526136,103.532278,135.601607,-326.55374,198.526136,-326.55374,1569.430286,-116.234687,-54.707195,114.750622,-54.707195,98.309175,-223.880817,114.750622,-223.880817,1647.126834,500.107339,1.0,4.769635,1.609626,2.80311
26433.0,0.066344,0.128114,0.989538,-0.997697,0.022543,0.063972,-0.014111,-0.991503,0.129315,-78.87082,-178.196106,124.663216,3.592469,3.599591,3.593722,90.051414,90.001728,90.02387,141.758147,0.083938,0.079452,69.822947,0.922222,-143.727306,55.211034,240.542097,55.211034,-385.728055,-218.174753,240.542097,-218.174753,1664.929896,-148.671062,0.487786,0.256574,0.487786,-185.671517,-84.422914,0.256574,-84.422914,1519.4853,769.347396,1.0,1.635355,1.441118,3.155824
26680.0,0.010249,0.164165,0.98638,-0.584842,0.801104,-0.127252,-0.811083,-0.575572,0.104221,293.507739,77.945394,187.193037,3.598386,3.596781,3.592181,89.99808,89.994841,89.95295,162.090825,0.072933,0.076619,59.656012,0.787234,-435.816574,108.7057,-237.692994,108.7057,551.627016,104.532744,-237.692994,104.532744,1455.564733,-221.852492,3.467762,-114.087445,3.467762,319.872965,15.997887,-114.087445,15.997887,1436.947868,787.516801,1.0,1.442496,1.466386,4.095227
26220.0,-0.038305,-0.449535,-0.892441,0.984091,-0.172026,0.044413,-0.173488,-0.876542,0.448973,390.309645,231.282024,-129.17723,3.592269,3.5975,3.598021,90.051902,90.00725,89.884621,182.297055,0.089455,0.093853,74.221835,0.902703,781.457544,-394.303074,-227.528653,-394.303074,-748.937155,-561.160831,-227.528653,-561.160831,1659.475784,242.583363,-155.462532,161.351408,-155.462532,-171.045533,75.664447,161.351408,75.664447,1291.187686,731.100914,1.0,4.662664,1.105181,3.336991
26643.0,0.093346,-0.99557,0.011225,0.893766,0.088758,0.439664,-0.438713,-0.031008,0.898092,-151.276153,-315.186141,49.327703,3.595926,3.59409,3.598504,90.072669,90.034201,90.069422,202.022784,0.095752,0.103674,65.929105,0.838889,182.923373,845.078375,271.997773,845.078375,317.289039,101.330165,271.997773,101.330165,1395.704662,-218.288464,-122.686368,88.630862,-122.686368,393.087019,284.260079,88.630862,284.260079,1519.179602,930.946235,1.0,3.116067,0.455385,4.641826
26528.0,0.031291,0.780567,0.624289,-0.950631,-0.169692,0.259819,0.308743,-0.601598,0.736721,251.921915,374.182868,-142.50362,3.595756,3.597683,3.596999,90.010729,89.981863,90.05615,146.85013,0.075384,0.079312,80.429362,0.93956,868.724415,249.705191,-186.095766,249.705191,326.607253,-205.423756,-186.095766,-205.423756,1235.321713,343.018316,-58.797573,-152.406362,-58.797573,76.089048,-4.486098,-152.406362,-4.486098,1240.408364,514.149574,1.0,1.965176,0.742588,2.667438
26906.0,0.091226,-0.995541,-0.024,0.305817,0.005071,0.952077,-0.94771,-0.094194,0.304916,521.031094,341.074314,10.169155,3.599103,3.592574,3.593941,89.984899,90.02654,90.006678,84.392596,0.055118,0.051267,88.849551,0.978947,-335.634338,-83.6114,-265.753408,-83.6114,11.807507,-238.05869,-265.753408,-238.05869,1414.075815,-111.687045,37.697369,-87.026744,37.697369,103.654438,-154.184614,-87.026744,-154.184614,1397.179109,390.643348,1.0,3.166796,1.260946,4.613324
26271.0,-0.01187,0.394045,-0.919015,0.819729,0.530162,0.216729,0.572628,-0.750771,-0.329303,270.585329,-172.036625,-144.495112,3.592122,3.597207,3.591631,89.965609,90.086874,90.013845,153.453107,0.070316,0.07434,68.759395,0.901554,-623.438132,736.739595,76.026722,736.739595,-409.113674,-507.183178,76.026722,-507.183178,825.175636,-211.496667,93.075757,76.14486,93.075757,-90.110854,-194.156371,76.14486,-194.156371,1005.364693,660.172148,1.0,4.480793,1.906362,2.49
26681.0,0.000517,0.01435,0.999897,-0.712695,0.701407,-0.009698,-0.701474,-0.712617,0.01059,-201.955115,-155.759346,-161.522479,3.594499,3.596403,3.594067,89.936222,89.968537,89.942625,193.088971,0.091571,0.096265,62.515153,0.85,62.796221,196.394569,-601.292946,196.394569,-77.484133,-249.03638,-601.292946,-249.03638,922.914043,-215.626884,-184.093823,-118.9222,-184.093823,443.333912,-9.032138,-118.9222,-9.032138,985.430989,932.401223,1.0,1.561098,1.560206,3.919111
26618.0,0.013123,0.889997,0.455778,-0.803114,-0.262163,0.53505,0.595681,-0.373063,0.711328,242.388304,107.564354,55.322213,3.594958,3.595098,3.595228,90.042883,89.925035,90.029475,104.327235,0.061506,0.0616,99.606849,0.983696,38.737403,-174.691459,-112.911451,-174.691459,-247.611811,-24.675124,-112.911451,-24.675124,1204.823714,158.43471,230.248934,96.070864,230.248934,-272.586955,129.308787,96.070864,129.308787,1440.574628,649.695541,1.0,2.43603,0.77941,2.130316
26584.0,0.013627,0.171077,0.985163,-0.999293,0.036866,0.00742,-0.035049,-0.984568,0.171458,589.102457,-29.052687,89.956301,3.591934,3.5997,3.595301,90.036823,90.000168,90.0184,135.370504,0.069654,0.071263,69.063338,0.960674,316.098403,37.178024,100.193779,37.178024,-532.394481,-234.35294,100.193779,-234.35294,1672.712549,-79.680714,201.395244,-301.46257,201.395244,-471.630806,-78.801594,-301.46257,-78.801594,1609.3672,748.304935,1.0,1.578328,1.398487,3.177176
26306.0,-0.008496,-0.799351,-0.600804,0.954947,0.171759,-0.242024,0.296656,-0.575792,0.761879,337.75381,-104.876308,3.141542,3.597161,3.5944,3.595867,90.053253,89.98394,89.978006,103.673556,0.068579,0.070307,103.891954,0.97861,-156.177009,-215.989648,-137.26395,-215.989648,900.372707,12.881373,-137.26395,12.881373,849.013913,-81.82981,111.778664,-153.62485,111.778664,314.722303,35.592644,-153.62485,35.592644,1070.944473,447.642146,1.0,5.095336,0.704588,2.665848
26340.0,0.004835,0.246313,-0.969178,0.869017,0.478485,0.12594,0.494758,-0.842841,-0.211737,0.135353,500.001368,69.987044,3.593681,3.596982,3.59439,89.983065,89.982294,90.107461,140.846989,0.076821,0.076863,70.254716,0.946809,105.881041,-312.794915,-221.755172,-312.794915,-577.17118,38.917692,-221.755172,38.917692,1402.402012,214.9869,72.565593,99.884764,72.565593,167.621262,-275.128084,99.884764,-275.128084,1334.438963,649.920401,1.0,4.583167,1.784148,2.610778
27118.0,0.189525,0.005408,-0.981861,0.648525,0.750129,0.129314,0.737222,-0.661269,0.138661,377.892099,87.630131,-171.614839,3.595351,3.594092,3.594735,90.009558,89.979884,90.003213,172.122487,0.074689,0.07997,58.950302,0.757062,173.94171,-29.886317,-148.743303,-29.886317,189.727182,198.214207,-148.743303,198.214207,325.741237,37.446851,-102.629564,91.85457,-102.629564,-95.332197,28.60044,91.85457,28.60044,1016.501149,786.901401,1.0,4.58144,1.431687,2.301938
28019.0,0.329453,0.014562,-0.94406,0.495185,0.848666,0.185898,0.803898,-0.528729,0.272385,126.491985,-127.599559,149.459067,3.596908,3.596313,3.594258,90.025082,89.951879,90.031195,126.088209,0.069085,0.070602,70.555555,0.752632,-78.371645,53.365659,-156.412379,53.365659,471.535526,12.726251,-156.412379,12.726251,1214.289963,85.987213,-124.608652,97.167271,-124.608652,226.911293,133.390016,97.167271,133.390016,1382.801828,781.575958,1.0,4.517963,1.294926,2.15257
27494.0,-0.20212,0.021258,0.97913,-0.71935,0.675216,-0.163154,-0.664592,-0.737314,-0.121183,218.883667,453.15981,89.622266,3.596056,3.596367,3.594395,90.003776,89.998417,89.928229,177.902512,0.082885,0.093849,67.213276,0.849462,144.628498,-51.128954,153.144012,-51.128954,28.384378,-0.026664,153.144012,-0.026664,1250.344315,-108.398219,-119.038587,195.267036,-119.038587,-124.424094,134.630437,195.267036,134.630437,1262.810559,917.905262,1.0,1.405682,1.692278,3.875164
26686.0,-0.016916,0.172186,0.984919,-0.998141,0.054779,-0.02672,-0.058554,-0.98354,0.170939,493.699921,485.159267,111.218172,3.589825,3.600551,3.592854,90.002145,89.96057,89.924754,171.247492,0.074518,0.077327,72.492089,0.949721,-249.320438,-446.047404,-362.42469,-446.047404,-1178.613865,418.329924,-362.42469,418.329924,1852.867417,50.279572,68.725687,-182.738595,68.725687,-7.728396,35.104376,-182.738595,35.104376,1638.799278,798.364766,1.0,1.543674,1.399014,3.201056
26715.0,-0.026684,0.99205,0.122986,-0.995082,-0.038101,0.091433,0.095392,-0.119941,0.988187,45.616166,-239.612924,132.617267,3.590334,3.593036,3.598598,90.003746,90.038571,90.017829,161.395334,0.086265,0.081456,66.919672,0.754098,-215.09574,189.899585,148.167514,189.899585,-922.628042,522.553892,148.167514,522.553892,1211.966167,2.513167,-16.354867,211.598216,-16.354867,-182.522705,-1.428149,211.598216,-1.428149,1590.894197,772.856306,1.0,2.210089,0.153857,2.469709
27191.0,-0.171818,0.984128,0.044399,-0.907675,-0.175665,0.381141,0.382891,0.025187,0.92345,439.903266,32.422745,-62.327,3.594159,3.589918,3.599546,89.997611,89.961309,89.955992,85.909386,0.046346,0.046497,133.237915,0.983871,-1201.22974,-130.228489,146.403927,-130.228489,139.052033,261.418644,146.403927,261.418644,1596.64766,16.94168,72.66191,81.984122,72.66191,201.16217,217.882969,81.984122,217.882969,1519.737656,213.756024,1.0,3.025626,0.393819,1.50511
26498.0,0.054407,-0.499164,-0.864798,0.979523,-0.141452,0.143272,-0.193843,-0.854884,0.481247,-292.846951,-184.516632,155.066457,3.594241,3.597803,3.598722,90.006438,90.014806,90.034029,131.177677,0.073659,0.073891,89.022341,0.967742,1253.98701,168.581172,-164.00854,168.581172,188.365238,399.814513,-164.00854,399.814513,1079.867694,46.107647,90.86338,-24.043791,90.86338,366.739471,157.039097,-24.043791,157.039097,1211.557817,645.605425,1.0,4.54821,1.06872,3.36457
27361.0,-0.054097,0.099292,0.993587,-0.348416,0.930628,-0.11197,-0.935778,-0.352239,-0.015749,379.481477,-368.997703,-115.955887,3.598874,3.59145,3.593232,90.007541,90.011033,89.959448,109.546454,0.060249,0.059991,75.456519,0.983607,-192.515579,-73.613289,183.303493,-73.613289,-648.305011,396.889676,183.303493,396.889676,1357.115047,-381.518296,-155.264973,111.76549,-155.264973,-219.327184,302.041484,111.76549,302.041484,1454.741119,576.592033,1.0,1.458577,1.586546,4.35238
27936.0,-0.320633,0.945465,0.05737,-0.720174,-0.282677,0.633595,0.615259,0.161835,0.771535,-152.907237,416.774426,-185.109456,3.594835,3.589476,3.595926,89.924087,89.916962,90.031185,193.235049,0.072626,0.087404,67.847844,0.907104,-862.01225,779.232529,-24.324981,779.232529,-747.492614,99.810739,-24.324981,99.810739,1200.322761,-432.925726,303.026237,-99.697987,303.026237,196.989075,192.800565,-99.697987,192.800565,1020.935264,802.238431,1.0,3.051292,0.689546,1.313587
26541.0,0.058889,0.711786,-0.699923,0.518753,0.577217,0.630647,0.852894,-0.400225,-0.33525,-116.501551,278.729623,-144.055417,3.597941,3.593319,3.594716,89.940537,89.972699,90.00949,175.905843,0.092015,0.099254,74.061089,0.805556,-510.641316,-220.417616,-18.181363,-220.417616,822.791136,318.680302,-18.181363,318.680302,876.982488,-276.426027,25.713093,-95.237862,25.713093,257.38144,-93.160393,-95.237862,-93.160393,1186.918369,1102.355925,1.0,3.979009,1.912666,2.009548
29915.0,0.520934,-0.850806,0.068966,0.1861,0.192053,0.963578,-0.833063,-0.489126,0.258382,8.376736,-282.724045,-111.66216,3.59656,3.59457,3.595776,90.017465,90.066326,89.899574,81.024155,0.063255,0.056589,132.359777,0.967568,-463.356953,-150.576331,158.677017,-150.576331,315.54252,279.323917,158.677017,279.323917,1594.000374,-0.807052,-59.998471,-103.336111,-59.998471,106.369513,-71.864241,-103.336111,-71.864241,1391.501452,297.58482,1.0,3.070142,1.309449,4.181478
27681.0,-0.251504,0.059524,0.966024,-0.723956,0.650874,-0.228586,-0.642366,-0.756849,-0.120604,-22.184698,42.289554,-67.906806,3.596019,3.597296,3.59298,90.003158,89.998049,89.929539,122.030827,0.070813,0.07318,69.376948,0.946524,-228.109771,45.202791,186.279693,45.202791,129.586332,-117.449975,186.279693,-117.449975,1376.371127,-242.516437,103.826406,6.276246,103.826406,217.865651,-130.427605,6.276246,-130.427605,1308.474042,540.408836,1.0,1.338444,1.691695,3.845353
26862.0,-0.076987,0.133647,0.988034,-0.996787,0.01167,-0.079247,-0.022121,-0.99096,0.13232,149.929823,453.389622,10.54753,3.591572,3.599671,3.594515,90.008922,90.044422,89.947765,129.701585,0.064634,0.070022,76.569617,0.977528,220.781217,257.368562,-70.630546,257.368562,-714.582244,459.304495,-70.630546,459.304495,1622.354281,75.913133,62.409191,-412.60745,62.409191,-268.087169,78.568764,-412.60745,78.568764,1715.438167,602.999256,1.0,1.49076,1.438088,3.163912
26926.0,-0.071556,0.962923,0.260114,-0.815269,-0.206706,0.540934,0.574645,-0.173356,0.799832,532.128326,478.420622,-132.766958,3.594795,3.597335,3.598044,89.96761,89.96775,90.052193,88.676536,0.082813,0.065537,109.027532,0.978378,1159.392802,399.138844,43.447477,399.138844,78.236531,237.092869,43.447477,237.092869,1119.568979,-78.997168,-4.315837,136.003948,-4.315837,293.346024,37.07263,136.003948,37.07263,1183.039929,249.803809,1.0,2.693373,0.643781,1.863788
28433.0,0.454035,-0.887839,0.074789,0.526409,0.335028,0.781441,-0.718851,-0.315432,0.619481,-230.395137,-129.167469,48.380135,3.598377,3.592061,3.595475,89.972321,90.029964,89.93203,140.808635,0.101015,0.095941,82.761386,0.825137,-673.190431,23.517057,-433.393093,23.517057,675.584504,-394.313758,-433.393093,-394.313758,1168.715303,11.449143,203.380443,-449.360637,203.380443,141.754501,-47.522137,-449.360637,-47.522137,1311.317427,684.690768,1.0,3.046177,0.902715,4.298887
26943.0,-0.080669,0.978667,0.188952,-0.85067,-0.166397,0.498672,0.519475,-0.120509,0.845946,450.927396,507.549027,-121.859802,3.590525,3.596387,3.59947,89.897709,89.899006,90.043147,195.838052,0.111139,0.09897,61.650852,0.68617,1073.728575,509.345993,755.537963,509.345993,-1278.525571,492.336206,755.537963,492.336206,1504.237068,-134.21338,-381.211212,141.528727,-381.211212,-68.738856,184.40594,141.528727,184.40594,1408.281638,951.224397,1.0,2.779398,0.562461,1.798746
26930.0,-0.081806,0.919037,0.385589,-0.884318,-0.245368,0.397209,0.459661,-0.30849,0.832794,353.63677,211.668289,107.964386,3.593485,3.595647,3.597477,90.027867,89.921546,89.995201,69.328936,0.053759,0.050363,114.555835,1.0,335.593512,-320.483355,122.529833,-320.483355,-319.953152,120.44754,122.529833,120.44754,1349.0283,331.969685,25.675401,21.721989,25.675401,105.925295,193.75086,21.721989,193.75086,1323.113409,437.096468,1.0,2.371038,0.586661,2.161878
26662.0,0.081305,0.146337,-0.985888,0.592998,0.787937,0.165859,0.801089,-0.598114,-0.022714,304.914012,-108.968706,-79.398183,3.596403,3.594546,3.591725,90.00591,90.018932,90.062528,121.173295,0.064956,0.063171,72.387062,0.941176,-551.341164,204.094059,79.212296,204.094059,-216.693723,83.435664,79.212296,83.435664,1038.392725,-156.047999,-26.851861,-91.287865,-26.851861,-169.032341,12.91714,-91.287865,12.91714,1334.01391,581.859216,1.0,4.545717,1.593513,2.212135
30056.0,0.506033,0.098583,-0.856861,0.153904,0.967183,0.202166,0.848672,-0.234177,0.474255,-115.925469,-238.790853,-109.263227,3.599615,3.591968,3.594413,90.048686,90.012932,89.99979,129.491063,0.08266,0.075637,72.45187,0.897297,676.650738,395.522037,587.315018,395.522037,-632.175727,142.243049,587.315018,142.243049,1150.570049,-181.90961,123.333457,253.754762,123.333457,-148.649369,-7.078583,253.754762,-7.078583,1164.125138,596.120706,1.0,4.480689,1.076679,1.84003
26696.0,0.11218,-0.956531,-0.269191,0.982075,0.148018,-0.116702,0.151474,-0.251274,0.95599,-71.967468,-70.461571,137.589392,3.594416,3.592275,3.599517,90.06015,90.023515,89.983684,112.420691,0.054279,0.057676,77.792398,0.928177,-587.331823,17.058141,-102.52024,17.058141,256.281054,-446.781037,-102.52024,-446.781037,1584.944334,-371.636007,1.793536,-289.193,1.793536,44.009703,-108.89812,-289.193,-108.89812,1657.966444,498.92026,1.0,5.121461,0.29778,2.599099
28843.0,0.405177,0.10994,-0.907604,0.346927,0.900001,0.263896,0.845857,-0.421796,0.326519,-288.176862,-316.636834,-52.145425,3.59619,3.593695,3.594566,89.955524,89.984487,90.069546,189.97389,0.115149,0.107561,73.686222,0.797872,25.180275,-539.179405,289.597782,-539.179405,-127.026884,-32.652002,289.597782,-32.652002,866.176701,79.152033,-216.230141,358.158448,-216.230141,29.882533,2.202075,358.158448,2.202075,1023.848055,1351.409544,1.0,4.42943,1.238178,2.033373
27506.0,-0.13246,0.984927,0.111236,-0.512934,-0.164144,0.842589,0.848147,0.054552,0.526945,211.08972,-355.197953,70.765374,3.596845,3.594082,3.595881,90.008365,89.948705,89.990534,112.994244,0.075898,0.070032,83.780146,0.892473,19.441008,-75.682402,-15.807016,-75.682402,255.040506,76.131421,-15.807016,76.131421,1146.285495,139.957488,158.262138,-37.470111,158.262138,-62.931139,-8.531888,-37.470111,-8.531888,1304.711631,663.045443,1.0,3.010334,1.015794,1.506566
27071.0,-0.117859,0.926601,0.357099,-0.8465,-0.281757,0.45172,0.519179,-0.249045,0.817575,148.620558,143.205037,-24.932515,3.595013,3.594627,3.596839,90.038388,89.950331,90.039152,132.681084,0.076934,0.074789,68.723027,0.901639,98.339197,105.845797,-186.530212,105.845797,-4.719266,74.72698,-186.530212,74.72698,1235.285756,174.966757,280.378768,-41.950284,280.378768,120.198686,161.068162,-41.950284,161.068162,1127.065753,832.052474,1.0,2.472653,0.613609,2.018063
26791.0,0.07784,0.268232,-0.960204,0.303379,0.911078,0.279103,0.949685,-0.313031,-0.010458,-148.71446,-15.973784,-136.966992,3.598178,3.594218,3.591985,89.994176,89.963538,90.011024,91.442637,0.056423,0.053572,90.031828,0.988889,-555.636989,51.367932,-222.63762,51.367932,168.062626,323.467361,-222.63762,323.467361,1133.235111,-196.178814,107.689201,-6.192006,107.689201,82.139167,95.23536,-6.192006,95.23536,1380.230298,437.49589,1.0,4.429514,1.581255,1.889197
27239.0,0.102636,-0.985155,0.137608,0.201184,0.156038,0.967046,-0.974162,-0.071569,0.214212,218.423674,68.848099,-71.494818,3.59945,3.59385,3.59417,90.010402,90.044126,89.94337,62.713882,0.056792,0.046306,127.708974,0.994595,-82.241615,-10.553587,381.467494,-10.553587,-13.907986,-19.193887,381.467494,-19.193887,1701.016471,87.413718,62.626484,-103.394861,62.626484,57.610996,-194.668853,-103.394861,-194.668853,1772.928787,146.019685,1.0,3.000244,1.354911,4.639054
29469.0,-0.179099,0.970877,0.15913,-0.173459,-0.190372,0.966266,0.968419,0.145455,0.202502,36.213522,120.113471,-53.26632,3.599796,3.592667,3.59365,89.971802,89.975572,89.986407,148.188072,0.071884,0.082731,64.943641,0.83871,-249.985253,268.207378,-147.495306,268.207378,-182.248345,-87.170766,-147.495306,-87.170766,1660.127903,34.678628,185.430398,-259.512124,185.430398,-267.75242,-70.558019,-259.512124,-70.558019,1835.761967,728.528421,1.0,2.978373,1.366884,1.421712
27219.0,-0.195274,0.197383,0.960681,-0.969131,0.111491,-0.219898,-0.150512,-0.973966,0.169519,90.672297,-412.561863,-15.250523,3.587625,3.598101,3.593118,89.982865,90.034408,89.941972,190.185928,0.09438,0.087493,60.857804,0.823529,-91.688851,-90.818136,-312.183497,-90.818136,-1880.775712,169.371347,-312.183497,169.371347,1177.19451,-351.923998,-77.507417,-28.897729,-77.507417,-470.989385,-129.18952,-28.897729,-129.18952,1406.105584,935.33039,1.0,1.345774,1.400455,3.294915
26942.0,0.191439,0.215498,-0.957555,0.949829,0.205174,0.236069,0.247338,-0.954706,-0.165408,612.742125,-303.729256,-22.722148,3.592523,3.598912,3.591632,89.923724,90.115314,90.044979,153.254293,0.076242,0.071387,82.038868,0.91623,-466.6429,811.20991,501.375133,811.20991,-863.098254,-77.682736,501.375133,-77.682736,1706.956631,79.16226,22.755113,-125.486735,22.755113,-209.058989,-151.789277,-125.486735,-151.789277,1552.794639,569.376979,1.0,4.470676,1.736968,2.888094
28152.0,0.233038,0.189698,-0.953786,0.287484,0.923514,0.253918,0.929003,-0.33337,0.160679,118.281927,224.644603,-32.94353,3.599563,3.593532,3.592713,90.030619,90.006027,90.01096,132.8586,0.078234,0.075002,73.077899,0.835106,-107.00337,375.516457,340.39293,375.516457,-162.527651,334.01719,340.39293,334.01719,1412.133389,-94.359577,352.618602,163.474894,352.618602,-93.729902,241.076198,163.474894,241.076198,1651.87532,560.480003,1.0,4.452202,1.409418,1.915331
27022.0,0.204353,0.231911,-0.951029,0.876777,0.388679,0.283179,0.435317,-0.89171,-0.123907,-309.644728,330.847737,116.869981,3.594559,3.598044,3.59377,89.976848,90.013497,90.033595,50.21963,0.051386,0.045941,129.611613,0.988889,-34.169405,93.455322,14.919619,93.455322,98.21822,-211.387556,14.919619,-211.387556,1235.900353,-42.454048,-2.410401,-84.890831,-2.410401,129.139808,-109.087842,-84.890831,-109.087842,1307.17871,253.247053,1.0,4.422988,1.695022,2.687444
27043.0,0.227901,-0.96276,-0.145448,0.967508,0.240713,-0.077368,0.109498,-0.12309,0.986336,557.671105,-108.560019,-178.511896,3.594161,3.598195,3.602913,89.887693,89.95924,89.991295,127.711443,0.086264,0.066689,90.405222,0.961538,1380.824088,-315.899482,-1066.555059,-315.899482,97.100625,352.720842,-1066.555059,352.720842,2295.266346,-166.399156,51.563824,-135.153714,51.563824,3.360635,-84.293307,-135.153714,-84.293307,2011.720532,288.672537,1.0,5.201254,0.1655,2.414564
27375.0,-0.244874,0.959732,0.137662,-0.968365,-0.249128,0.014301,0.048021,-0.129805,0.990376,438.453934,-232.781469,51.590454,3.590988,3.591613,3.601781,89.929681,89.999707,90.123393,185.438743,0.095348,0.093019,56.385623,0.778378,73.573805,885.288567,875.4385,885.288567,-1324.732858,-229.02292,875.4385,-229.02292,1994.154115,-557.944505,302.534073,135.587284,302.534073,-70.545525,-33.190458,135.587284,-33.190458,1874.585399,739.118032,1.0,1.674312,0.138849,2.787259
28957.0,-0.181994,-0.952356,0.244737,-0.239069,0.284281,0.928456,-0.953795,0.110465,-0.279416,357.437176,-123.402548,-164.958186,3.599285,3.591707,3.593633,90.073307,89.959158,89.925863,166.733433,0.079325,0.074443,91.124169,0.989529,-18.072982,767.432112,652.612375,767.432112,-611.862524,-158.504353,652.612375,-158.504353,1441.940535,-224.111095,55.822417,281.975686,55.822417,-89.30668,442.45256,281.975686,442.45256,1556.84006,970.093388,1.0,2.88386,1.853982,4.827692
27771.0,-0.235485,0.763935,0.600791,-0.636882,-0.588243,0.498349,0.734117,-0.265279,0.625059,11.487646,134.298264,-138.382041,3.596473,3.593836,3.595704,90.022547,89.957454,90.03709,98.752042,0.062636,0.065621,78.778726,0.951087,41.179768,187.091282,-86.774131,187.091282,45.568427,-9.401564,-86.774131,-9.401564,1112.693413,-17.352494,133.559258,78.600392,133.559258,57.425565,-106.23878,78.600392,-106.23878,1385.338921,600.746798,1.0,2.263261,0.895589,1.917553
28241.0,-0.18831,-0.797726,0.572863,-0.373485,0.597642,0.709459,-0.908321,-0.080358,-0.410481,315.602915,303.670534,160.110152,3.597421,3.594932,3.5962,90.035856,89.952472,89.96365,131.844885,0.072837,0.077803,80.584008,0.978261,719.378375,176.713657,-1.579376,176.713657,-66.088336,-140.260791,-1.579376,-140.260791,1252.767703,-30.389978,-13.510323,-150.220141,-13.510323,41.323222,-12.629961,-150.220141,-12.629961,1432.63892,754.739508,1.0,2.462317,1.993778,4.62415
,,,,,,,,,,,,,,,,,,,,,,,,,,,,,,,,,,,,,,,,,,,,,,
,,,,,,,,,,,,,,,,,,,,,,,,,,,,,,,,,,,,,,,,,,,,,,
