%GrainID,O11,O12,O13,O21,O22,O23,O31,O32,O33,X,Y,Z,a,b,c,alpha,beta,gamma,DiffPos,DiffOme,DiffAngle,GrainRadius,Confidence,eFab11,eFab12,eFab13,eFab21,eFab22,eFab23,eFab31,eFab32,eFab33,eKen11,eKen12,eKen13,eKen21,eKen22,eKen23,eKen31,eKen32,eKen33,RMSErrorStrain,PhaseNr,Eul0,Eul1,Eul2,layer,num_spots,eqv_strain,strain/error,Confidence/R
43884.0,0.745956,-0.441754,0.4984,-0.404446,0.29408,0.865991,-0.529124,-0.847567,0.040705,93.189848,-384.171632,497.795721,3.5929,3.595572,3.589051,90.125755,89.912334,89.895239,207.230853,0.078241,0.083317,76.097201,0.852113,-186.258719,405.741967,197.06407,405.741967,-2563.675057,377.879656,197.06407,377.879656,881.702735,-476.604652,-99.990784,272.015639,-99.990784,-417.180629,-124.983311,272.015639,-124.983311,1010.565406,606.540781,1.0,2.619363,1.53008,3.699678,0.0,121.0,1483.7590733573466,2.4462643235811483,0.011197691752157875
44296.0,-0.284032,0.580736,-0.762937,0.731863,0.645375,0.218787,0.619438,-0.496223,-0.608326,483.231408,-184.379534,486.847849,3.595956,3.596943,3.595825,90.013315,90.057736,90.058556,94.627157,0.059257,0.057004,96.620234,1.0,462.868645,340.87204,-203.672486,340.87204,-226.912835,112.035111,-203.672486,112.035111,1015.95872,-1.760125,-27.102896,29.340798,-27.102896,110.199201,1.580804,29.340798,1.580804,1186.805934,480.800953,1.0,4.433114,2.224746,2.246199,0.0,134.0,1137.2561600924228,2.3653367427755967,0.01034979898723905
43694.0,0.819656,0.285453,-0.496669,-0.26797,0.957356,0.107992,0.506316,0.044576,0.861195,-78.922694,137.433461,249.27387,3.591509,3.594863,3.598254,89.998844,89.970807,89.976351,82.495663,0.048415,0.046927,119.680553,1.0,-473.613799,352.332525,-635.447369,352.332525,-140.116898,275.35855,-635.447369,275.35855,726.617778,-161.474657,43.439305,-205.87965,43.439305,-27.901886,27.995233,-205.87965,27.995233,1153.125827,178.036293,1.0,4.498289,0.53318,1.482983,0.0,142.0,1266.5757540353159,7.114143597874821,0.008355576365025652
43864.0,0.876326,0.085438,0.474081,-0.478544,0.041623,0.877076,0.055203,-0.995474,0.077361,151.475079,316.889341,270.27943600000003,3.592487,3.600809,3.594438,89.989472,89.924802,89.975673,81.413146,0.065985,0.062467,111.016486,1.0,95.588153,597.317676,-342.209313,597.317676,-757.684545,-30.157833,-342.209313,-30.157833,1638.752433,-447.261953,75.109419,-46.794861,75.109419,-284.662741,20.700966,-46.794861,20.700966,1478.571476,261.786515,1.0,2.646054,1.493358,3.086195,0.0,142.0,1851.5746507694894,7.072841971136249,0.009007671166965239
44627.0,0.174172,0.716682,0.6753,-0.736854,0.549784,-0.393426,-0.653231,-0.429073,0.623847,-224.35891,218.863808,272.353591,3.596807,3.596015,3.5965,89.985752,90.01441,89.9384,82.888384,0.078586,0.069245,103.165249,1.0,647.95728,-214.269303,-198.766532,-214.269303,-67.701258,138.706499,-198.766532,138.706499,838.458283,121.161602,-12.697076,-122.196524,-12.697076,-157.206415,5.602721,-122.196524,5.602721,1095.073322,348.780135,1.0,1.043273,0.897141,4.131215,0.0,142.0,1143.8715456709974,3.279635021848356,0.009693186510895737
43990.0,0.526585,-0.758712,0.383491,-0.335752,0.228819,0.913736,-0.781012,-0.609917,-0.134246,210.566248,-406.093657,272.123066,3.595576,3.594318,3.593352,90.03488,90.011319,89.840826,155.092118,0.067676,0.068397,91.634929,0.986111,-1034.047947,515.537364,325.250502,515.537364,-582.796145,404.936699,325.250502,404.936699,1341.74512,-178.290184,-266.757173,5.574683,-266.757173,-325.844427,57.302949,5.574683,57.302949,1134.413173,523.223808,1.0,2.744223,1.705449,4.049383,0.0,142.0,1412.272239702128,2.6991742694211043,0.01076130042071621
43680.0,-0.784624,-0.598647,-0.161202,0.449828,-0.728644,0.516462,-0.426637,0.332715,0.841,413.337544,487.949584,357.97781,3.591986,3.590451,3.598243,89.922364,90.083887,90.063667,198.956696,0.083068,0.085119,72.877542,0.880282,-1450.313742,-278.848743,-92.783884,-278.848743,-1015.253171,190.935,-92.783884,190.935,1478.278082,-612.235486,128.652813,108.431131,128.652813,-256.592158,289.820557,108.431131,289.820557,1185.476448,1017.143291,1.0,3.444139,0.571667,5.374725,0.0,125.0,1674.2564702565035,1.6460379624688528,0.012078920005287774
45380.0,-0.315471,0.938211,0.142262,-0.561025,-0.305314,0.769438,0.765329,0.162923,0.622677,418.790925,-235.454566,267.130095,3.596519,3.596154,3.598707,90.071418,89.921634,89.978526,92.169396,0.051345,0.045197,122.726166,1.0,77.589602,-628.905287,-274.515954,-628.905287,612.142928,440.258314,-274.515954,440.258314,1300.153981,-61.48423,9.933072,-29.806904,9.933072,21.548868,126.990702,-29.806904,126.990702,1163.227013,191.755966,1.0,2.958767,0.898637,1.361048,0.0,140.0,1190.7795229647963,6.209869490917411,0.008148221627000064
45053.0,0.417341,-0.86517,-0.278043,0.902882,0.429476,0.018844,0.103109,-0.258905,0.960384,440.789409,-276.943543,559.988836,3.592241,3.594894,3.600276,89.97139,89.992294,90.010695,128.833188,0.071201,0.066217,72.08096,0.901408,201.75779,-279.934617,-577.692108,-279.934617,-624.374318,136.259706,-577.692108,136.259706,1310.072844,-503.429124,-137.294498,-248.13463,-137.294498,-389.126249,-50.90602,-248.13463,-50.90602,1546.762625,554.220192,1.0,4.644718,0.28242,2.762594,0.0,128.0,2011.0364345736948,3.628587452428465,0.012505493822501807
44964.0,0.327485,-0.560304,-0.760798,0.89308,-0.079329,0.442849,-0.308483,-0.82448,0.474417,-329.043789,426.158477,268.07755299999997,3.592785,3.601921,3.597183,89.900862,90.068576,89.889939,202.252191,0.098669,0.092161,91.047687,0.978873,1645.915969,-649.059516,718.65144,-649.059516,-960.127622,-781.023244,718.65144,-781.023244,1443.622861,-147.761241,139.848995,221.272027,139.848995,-231.184833,24.928745,221.272027,24.928745,928.244517,579.551352,1.0,4.185246,1.076495,3.499623,0.0,139.0,1142.964357512182,1.9721537247180507,0.010751212164236528
44149.0,0.320434,0.015592,0.947143,-0.250807,0.965578,0.068956,-0.913465,-0.259646,0.313314,392.448251,-372.755719,405.734595,3.597615,3.595445,3.589527,89.996978,90.094713,89.984055,130.685254,0.091435,0.076728,88.926389,0.855072,-1718.69685,89.010349,-52.109113,89.010349,190.83203,113.237428,-52.109113,113.237428,1072.353805,-280.366106,-98.697976,-120.502446,-98.697976,-366.940325,208.741463,-120.502446,208.741463,1108.76138,732.152763,1.0,1.643473,1.252115,4.43545,0.0,118.0,1452.0018048192703,1.9831951447805576,0.009615503447463723
45433.0,-0.236928,0.436612,-0.867891,-0.412357,0.763674,0.496754,0.879674,0.475576,-0.000896,510.28615,443.431173,363.84429,3.598052,3.589012,3.593917,89.986159,90.010986,89.900449,162.40387,0.061974,0.062706,79.998226,0.857143,-735.248321,-733.459315,-263.318094,-733.459315,-1246.159258,-512.166384,-263.318094,-512.166384,1079.03496,-424.260966,196.173234,156.832268,196.173234,-160.695266,-132.868309,156.832268,-132.868309,1135.503076,434.982123,1.0,4.192534,1.571692,1.075178,0.0,120.0,1466.8950737999394,3.372311173808721,0.010714525094593972
43946.0,0.63929,0.729116,0.244332,-0.39513,0.038888,0.917802,0.659682,-0.683284,0.312957,491.874683,-365.459156,229.462981,3.594132,3.595318,3.591777,89.97849,89.960073,90.087579,163.865,0.071869,0.06745,69.219095,0.802817,-570.307568,362.148753,-111.402585,362.148753,-936.592522,-370.140606,-111.402585,-370.140606,672.552804,277.15965,-251.57651,-226.953469,-251.57651,-351.60311,92.572242,-226.953469,92.572242,912.065016,673.455087,1.0,2.881412,1.252492,2.373767,0.0,114.0,1135.8602292981507,1.6866161548470873,0.011598201334472808
44798.0,0.172381,0.358108,-0.917629,0.877889,0.366664,0.308007,0.446762,-0.858671,-0.251173,44.331123,-247.472861,389.153637,3.597937,3.598277,3.593656,89.952297,89.973094,90.050094,85.609871,0.069025,0.059313,136.784634,1.0,-503.656026,-87.492107,-124.389039,-87.492107,727.968847,152.459139,-124.389039,152.459139,1346.362927,-53.75781,-92.474673,-159.521535,-92.474673,-112.789485,-258.735924,-159.521535,-258.735924,1416.670058,321.020201,1.0,4.38855,1.824688,2.661842,0.0,144.0,1525.8282656942622,4.753059966136718,0.00731076269868149
44781.0,0.026755,0.719713,0.693756,-0.938059,-0.221748,0.266221,0.345442,-0.657907,0.6692,-264.656132,363.364365,472.079119,3.592469,3.596204,3.597092,90.003072,89.94809,90.066421,93.892856,0.057123,0.052062,117.36552,1.0,493.130505,173.784309,87.064879,173.784309,-954.498432,-165.91424,87.064879,-165.91424,889.962029,1.36778,8.893728,140.465591,8.893728,-85.768327,-36.811948,140.465591,-36.811948,999.490946,314.110095,1.0,1.937206,0.837664,2.658097,0.0,144.0,1051.9927389326117,3.349121074674826,0.008520389974840992
43698.0,0.468904,0.372382,-0.800912,-0.109802,0.924322,0.365476,0.876397,-0.083431,0.474307,115.444797,432.541909,319.102927,3.59844,3.589192,3.594106,89.893396,89.941384,89.984293,156.798863,0.091376,0.076899,75.86064,0.945205,-992.185346,-908.167921,557.472709,-908.167921,-772.43427,617.470101,557.472709,617.470101,1072.047938,-344.988276,-143.910811,-47.360246,-143.910811,-309.611838,-52.113681,-47.360246,-52.113681,1203.314125,561.169217,1.0,4.284288,1.07662,1.665708,0.0,138.0,1537.1955815842455,2.7392728164992084,0.012459755151024298
44741.0,0.093037,-0.172701,0.98057,-0.147285,0.97162,0.185099,-0.984709,-0.161644,0.064961,61.052017,496.653553,267.528678,3.599898,3.588427,3.591857,90.019259,90.005185,90.048293,169.670522,0.077075,0.077303,85.804078,0.895833,-749.095069,-68.151195,-225.016236,-68.151195,-1591.397333,871.121075,-225.016236,871.121075,1216.699912,-541.809234,21.188701,-14.168083,21.188701,-497.509902,196.703422,-14.168083,196.703422,1522.867413,557.763626,1.0,1.757368,1.50579,4.549686,0.0,129.0,2050.096275815861,3.6755646661976145,0.010440447830463256
43749.0,0.828303,0.344936,-0.441512,-0.336587,0.936322,0.100055,0.44791,0.065731,0.891659,-292.827846,253.021365,391.168067,3.597168,3.594932,3.598183,89.993668,89.940481,90.012233,89.297685,0.055987,0.05422,100.219914,1.0,198.082106,-184.335503,148.765283,-184.335503,175.642854,-141.688031,148.765283,-141.688031,1312.409314,243.600115,-99.230919,-104.344881,-99.230919,-89.446553,90.808767,-104.344881,90.808767,1339.719917,346.373856,1.0,4.489535,0.469799,1.425085,0.0,144.0,1303.5311263708868,3.7633646529341025,0.009978056856045596
43700.0,-0.307143,0.600734,-0.738093,0.251329,0.79925,0.545924,0.917876,-0.017828,-0.396466,-270.20872,500.033775,312.225773,3.598013,3.594588,3.598176,89.958911,90.104607,89.969682,198.491255,0.056999,0.08059,98.341196,0.957143,-239.11709,-272.116024,598.895728,-272.116024,483.856586,-286.996813,598.895728,-286.996813,1577.215204,-116.022184,-42.174866,-91.73712,-42.174866,-227.7115,117.607719,-91.73712,117.607719,1322.317949,368.807686,1.0,4.075551,1.978461,1.590216,0.0,134.0,1503.3175189208769,4.07615561168342,0.009732879392680967
44844.0,0.223243,-0.572147,-0.789183,0.927268,0.374289,-0.00905,0.300561,-0.729764,0.614091,238.102511,-4.041518,465.76221599999997,3.594069,3.597108,3.595933,90.029677,89.949881,90.07858,141.906958,0.067521,0.069966,83.842477,0.826389,199.895768,-116.90124,229.069286,-116.90124,-550.671059,339.111513,229.069286,339.111513,1153.263096,-191.084456,85.469638,154.285716,85.469638,-379.767449,19.553821,154.285716,19.553821,1085.230627,575.083739,1.0,4.723856,0.909562,2.750904,0.0,119.0,1388.8912961909962,2.4151114037863555,0.009856447824173897
43703.0,0.502586,0.502859,-0.703236,-0.131689,0.848471,0.512596,0.854438,-0.165015,0.492651,467.471235,152.286319,494.523386,3.597112,3.592779,3.59449,89.948186,89.928478,90.01501,116.076777,0.068657,0.067655,78.797744,0.97973,-833.708032,-233.335211,250.508621,-233.335211,-61.784242,270.134234,250.508621,270.134234,938.756976,-247.119861,-96.155294,100.832046,-96.155294,-236.449432,227.38733,100.832046,227.38733,1224.590057,463.701835,1.0,4.082522,1.055663,1.761574,0.0,145.0,1484.4792418683298,3.201365898990522,0.012433477790937772
45254.0,-0.410475,0.788851,0.45741,-0.906501,-0.40737,-0.110931,0.098827,-0.460177,0.882309,336.917829,-275.003378,353.362321,3.59451,3.590403,3.597335,90.108246,90.004254,90.024385,110.639925,0.057943,0.055592,103.142748,1.0,-1140.65472,716.490394,229.344562,716.490394,-494.144634,-50.567707,229.344562,-50.567707,1084.462036,57.383424,26.259569,292.182107,26.259569,-286.625849,4.220328,292.182107,4.220328,1103.143331,406.227224,1.0,1.332869,0.49005,2.930048,0.0,140.0,1279.1659736624658,3.1488927823864064,0.009695301118019466
43705.0,-0.678271,-0.351807,-0.645121,0.430104,0.521756,-0.736737,0.595785,-0.777176,-0.202578,-42.810074,230.632389,491.545868,3.595304,3.597703,3.594068,89.967658,89.980741,90.050983,83.618672,0.054681,0.056018,101.934591,0.992754,159.073347,-45.472743,116.501084,-45.472743,-371.691969,-268.054269,116.501084,-268.054269,1006.112749,142.246119,75.455623,172.174155,75.455623,-105.967457,-175.671564,172.174155,-175.671564,1196.423797,304.021351,1.0,5.563989,1.774786,2.48755,0.0,137.0,1218.2816829936344,4.007224094578918,0.009739127711808841
43928.0,0.749505,-0.332482,0.57245,-0.463046,0.354692,0.81227,-0.473108,-0.87387,0.111889,146.750723,27.754782,325.22186999999997,3.593094,3.597881,3.593522,90.047173,90.009221,89.980906,112.545322,0.063672,0.05992,86.489289,0.965278,-266.892213,-31.739964,548.056044,-31.739964,-443.441156,-51.199384,548.056044,-51.199384,786.943468,-298.330137,-79.092906,191.327731,-79.092906,-359.922422,-159.49172,191.327731,-159.49172,1156.861481,548.296401,1.0,2.527684,1.458672,3.637805,0.0,139.0,1504.0709854982626,2.7431713627065424,0.011160665224106536
43707.0,0.760884,-0.259372,0.594796,-0.254532,0.723873,0.641265,-0.596883,-0.639323,0.484765,-312.357021,-74.833862,391.610818,3.594277,3.596129,3.594466,90.036462,90.100803,89.963352,95.549691,0.05425,0.052272,87.134105,0.941176,-900.532849,-259.448896,144.447933,-259.448896,36.486114,155.810268,144.447933,155.810268,1043.265021,-336.476419,54.40302,132.362433,54.40302,-8.635153,187.379384,132.362433,187.379384,1348.016651,431.134336,1.0,2.393772,1.064702,3.892674,0.0,128.0,1560.2702842090357,3.618988686183036,0.01080146516682532
43709.0,-0.723115,-0.04112,-0.689502,0.456433,0.720784,-0.521669,0.518433,-0.691939,-0.502442,182.771471,241.819027,417.743523,3.594384,3.597728,3.594185,89.972575,90.07743,90.069499,79.53745,0.053718,0.048836,112.998407,1.0,-820.829423,124.263044,-167.12258,124.263044,111.592556,-176.447577,-167.12258,-176.447577,1285.249205,102.43159,69.145566,-32.538342,69.145566,-215.720532,84.782185,-32.538342,84.782185,1080.070061,235.500056,1.0,5.360093,2.097217,2.498573,0.0,142.0,1173.7999875311014,4.984287509176224,0.008849682279149299
43710.0,-0.520837,-0.812333,-0.262382,0.358072,-0.486909,0.796683,-0.774928,0.32099,0.544474,-14.835183,-338.329766,299.902418,3.596554,3.594882,3.593899,89.981774,90.020059,90.055239,109.477871,0.061229,0.056805,120.728835,0.992857,-241.572469,-5.075172,-66.072696,-5.075172,-129.638994,-412.318906,-66.072696,-412.318906,680.672375,-125.409797,116.836831,80.767427,116.836831,-330.434908,-14.271265,80.767427,-14.271265,1035.187497,348.444903,1.0,3.459748,0.995034,5.105093,0.0,139.0,1281.5055140418247,3.677785219437762,0.008223859693502384
44956.0,-0.107578,0.890923,0.441229,-0.829424,-0.325123,0.454258,0.548163,-0.317098,0.773929,6.530945,-326.760833,301.547409,3.597796,3.594821,3.597725,90.08774,89.998882,89.925524,129.797295,0.058828,0.056205,170.988581,1.0,-539.250356,-425.938504,148.109981,-425.938504,1327.524625,262.283426,148.109981,262.283426,912.721115,-139.34794,-13.231936,54.216464,-13.231936,-115.771439,94.408877,54.216464,94.408877,1016.912086,148.8472,1.0,2.370743,0.685774,2.095238,0.0,144.0,1148.5874770047792,7.7165541374293865,0.00584834375577396
43717.0,-0.092024,-0.131472,-0.987039,0.152712,0.977655,-0.14446,0.983977,-0.164027,-0.069891,560.381674,123.905555,320.744281,3.600479,3.591417,3.58572,89.956369,90.000518,90.022495,166.376306,0.068565,0.071474,71.438423,0.847222,-2354.039703,-598.996446,-245.689789,-598.996446,-1064.808153,162.327651,-245.689789,162.327651,1581.429879,-229.95761,17.576961,-13.463901,17.576961,-947.893475,118.75842,-13.463901,118.75842,1708.842099,568.928262,1.0,4.857714,1.640744,1.735976,0.0,122.0,2382.6991848314,4.188048553705705,0.011859472317858976
45561.0,-0.293774,0.246069,0.92366,-0.378742,0.857244,-0.348836,-0.87764,-0.452308,-0.15864,-92.630479,313.79399,322.94800399999997,3.598666,3.594886,3.59195,89.980527,89.969968,89.965762,100.312912,0.075091,0.061867,97.529274,0.993151,-673.744894,331.959345,87.780047,331.959345,-134.559292,230.334116,87.780047,230.334116,1164.576621,-259.740075,-13.374683,170.928154,-13.374683,-11.79231,127.916287,170.928154,127.916287,1250.656794,439.100121,1.0,1.209689,1.730109,4.236522,0.0,145.0,1415.130978907341,3.222797970732832,0.010183106663954045
44017.0,0.634774,-0.610266,0.47396,-0.46117,0.192945,0.86608,-0.619987,-0.768341,-0.15896,-123.393133,-110.228002,217.278089,3.595014,3.597985,3.594402,90.00021,90.011671,89.940706,126.011903,0.059194,0.061082,76.977277,0.854167,-115.541261,8.974158,384.661255,8.974158,-32.20375,70.753119,384.661255,70.753119,1032.176102,-432.804206,-51.814762,-55.5771,-51.814762,3.280526,-71.458904,-55.5771,-71.458904,1099.945147,630.195216,1.0,2.640865,1.730433,3.820537,0.0,123.0,1370.8544236001349,2.1752853541181674,0.011096352498932899
43802.0,-0.570342,-0.670055,0.475117,0.454348,0.22453,0.862064,-0.684308,0.70754,0.176379,366.251709,512.487197,529.350434,3.595859,3.594514,3.597358,89.938102,89.91731,90.053977,137.248791,0.073238,0.068885,112.472138,1.0,-859.212905,-21.776062,-3.512344,-21.776062,1280.160953,-91.996047,-3.512344,-91.996047,553.488691,-401.0496,96.404146,4.134309,96.404146,8.442153,120.743406,4.134309,120.743406,995.832449,354.610912,1.0,2.637876,1.39349,5.514477,0.0,142.0,1250.947098038619,3.5276610383569333,0.008891090876213271
44383.0,-0.292302,-0.21307,-0.932288,0.954314,-0.001785,-0.2988,0.062001,-0.977035,0.203857,-261.12992,-380.397573,471.893323,3.59326,3.600022,3.594615,90.04832,90.011756,89.98786,76.427292,0.05637,0.052088,142.467935,0.986301,-209.105906,139.030067,-5.60245,139.030067,-320.534763,-259.552141,-5.60245,-259.552141,1552.04426,-387.685294,60.106523,159.891149,60.106523,-219.78167,68.219471,159.891149,68.219471,1419.140945,209.587261,1.0,5.022547,1.3655,3.078219,0.0,144.0,1736.3219499330287,8.284482280309149,0.006922968315642393
45038.0,-0.171548,0.660526,0.730942,-0.823477,0.311134,-0.474427,-0.540792,-0.683301,0.490554,-14.490844,-384.470871,422.12616,3.594697,3.596405,3.593798,90.025494,90.097632,89.988595,100.587402,0.080367,0.066357,109.045194,1.0,37.886966,587.500883,119.56965,587.500883,-674.082136,15.119517,119.56965,15.119517,823.719688,-96.153615,35.659178,2.044318,35.659178,-214.794884,112.975059,2.044318,112.975059,1013.200927,300.444044,1.0,0.995081,1.058071,3.811092,0.0,146.0,1177.6620148945897,3.919738262125741,0.009170509614573202
43723.0,-0.699788,-0.714345,-0.002809,0.458332,-0.452001,0.765262,-0.547931,0.534234,0.643712,379.919733,-223.367764,577.503161,3.59416,3.59603,3.595147,89.93722,90.035227,89.994759,134.571185,0.061131,0.064713,72.213812,0.901408,150.823275,32.775041,-312.858382,32.775041,-508.245877,135.29518,-312.858382,135.29518,667.506512,433.478852,-147.35893,33.749143,-147.35893,-244.268455,-150.78965,33.749143,-150.78965,942.034137,602.219398,1.0,3.145263,0.871457,5.485131,0.0,128.0,1047.299025114068,1.7390655774161363,0.012482487422212248
43725.0,-0.845968,-0.507042,-0.165064,0.532982,-0.794536,-0.290936,0.016367,-0.334099,0.942396,-132.063179,227.35425,561.576554,3.591402,3.595432,3.599706,90.039916,90.038402,89.99333,88.554398,0.050617,0.050706,117.548761,1.0,-679.758167,435.758624,261.487948,435.758624,-131.868863,-286.50606,261.487948,-286.50606,1456.571745,-214.889078,6.151837,-77.39243,6.151837,-102.634732,-255.755072,-77.39243,-255.755072,1352.794252,635.799199,1.0,5.767114,0.341074,3.092644,0.0,138.0,1532.2634767042034,2.4099801936117307,0.0085071079566717
45074.0,-0.180108,0.919036,0.350619,-0.767615,-0.354211,0.534137,0.615084,-0.172938,0.769262,454.772088,494.307305,463.395281,3.595332,3.594056,3.596037,90.009658,89.899702,90.013647,123.020203,0.059714,0.059389,85.204985,0.971014,-236.603659,-122.344608,51.552518,-122.344608,-575.566489,-128.879849,51.552518,-128.879849,1145.583321,-608.615615,-176.800545,21.369382,-176.800545,-143.139965,-216.370907,21.369382,-216.370907,1211.784871,730.00595,1.0,2.560716,0.693111,1.844882,0.0,134.0,1655.9202879780519,2.2683654674020834,0.011396211148913413
45063.0,-0.20672,0.384766,0.899567,-0.87039,0.347609,-0.348696,-0.446864,-0.855057,0.263039,-254.318211,69.836809,288.177288,3.594834,3.598578,3.594985,89.986708,90.020106,89.942819,72.471879,0.062741,0.051711,149.7801,1.0,280.602662,68.487947,-327.791968,68.487947,-279.869226,38.394769,-327.791968,38.394769,1160.758384,-256.1396,-61.391099,-92.622432,-61.391099,-61.566875,-58.503727,-92.622432,-58.503727,1266.720934,192.395162,1.0,1.201002,1.304625,3.623166,0.0,144.0,1439.612266705011,7.482580392042348,0.006676454348741922
45338.0,-0.47079,0.29545,0.831304,-0.824606,0.187634,-0.533683,-0.313657,-0.936751,0.155293,-190.654648,-107.164173,323.162388,3.594002,3.59955,3.592372,90.02837,89.957713,90.006996,73.088873,0.059713,0.053025,120.338041,1.0,-777.631865,147.057865,-448.413282,147.057865,112.942869,-393.816128,-448.413282,-393.816128,1138.452788,-474.20549,171.472574,-111.946883,171.472574,92.962408,-217.590726,-111.946883,-217.590726,1392.598062,293.126753,1.0,1.000077,1.414872,3.464694,0.0,141.0,1677.7378770032547,5.723591790351714,0.00830992420759118
43732.0,0.728422,0.683189,0.051519,-0.265817,0.212508,0.94031,0.631461,-0.698636,0.336398,-137.652445,314.567059,303.349193,3.599932,3.595276,3.594397,90.010597,90.008086,90.042417,141.325682,0.077864,0.069249,108.503814,1.0,454.732872,-360.478692,582.525189,-360.478692,64.732347,-394.740907,582.525189,-394.740907,978.309925,-275.49186,1.504031,-4.645346,1.504031,-200.643159,10.760777,-4.645346,10.760777,1181.484998,322.286315,1.0,3.086858,1.227707,2.406655,0.0,142.0,1421.0685396325339,4.4093356543312545,0.009216265890893015
45175.0,-0.143077,0.927644,0.344971,-0.526551,-0.36648,0.767096,0.838017,-0.071891,0.540887,176.127913,350.515176,403.90072,3.599135,3.593039,3.59664,89.992401,89.978434,90.048778,118.775113,0.066822,0.065814,88.279364,0.964789,-182.377438,562.567121,-280.550081,562.567121,232.363613,-166.989977,-280.550081,-166.989977,1227.51275,-390.112827,248.434237,-235.685548,248.434237,-24.531702,-119.671397,-235.685548,-119.671397,1317.022619,527.804578,1.0,2.718979,0.999305,1.656374,0.0,137.0,1588.2556032490963,3.0091736022211926,0.010928816841045661
45653.0,-0.699959,-0.132357,0.701811,-0.597204,0.647388,-0.473535,-0.391668,-0.75058,-0.532189,563.062163,45.875025,451.661034,3.595583,3.597691,3.59706,89.991942,90.003205,89.921555,128.449999,0.07172,0.065741,81.091587,0.875,587.956998,-404.445509,265.001757,-404.445509,-16.306711,-61.69918,265.001757,-61.69918,1128.307243,-373.932025,-214.897684,6.444944,-214.897684,-247.257316,-83.637084,6.444944,-83.637084,1117.681003,549.991547,1.0,0.97723,2.131981,3.622544,0.0,126.0,1446.3469660565086,2.6297621735202936,0.010790268539201236
45149.0,0.286274,0.267149,-0.920151,0.40001,0.839327,0.368133,0.870654,-0.473457,0.133415,518.236233,-63.679036,564.0395599999999,3.596822,3.595436,3.593241,89.947027,89.993004,90.100842,91.437598,0.061778,0.056725,95.099254,1.0,-686.032869,-382.628025,256.560974,-382.628025,-115.475043,-378.787417,256.560974,-378.787417,1155.576355,-235.189516,-1.623625,134.145677,-1.623625,-168.370865,-85.488645,134.145677,-85.488645,1000.844021,381.944013,1.0,4.331815,1.436982,2.068862,0.0,142.0,1211.8717129329286,3.172904068882286,0.010515329594488722
44289.0,0.379994,0.509092,-0.772289,-0.488755,0.819353,0.299632,0.785318,0.263601,0.56017,-25.604888,484.27988,328.498362,3.595594,3.596269,3.595175,89.939133,89.93123,90.014034,126.358317,0.060879,0.063087,101.466626,0.986111,-601.374431,137.287139,-179.086517,137.287139,536.413365,220.53752,-179.086517,220.53752,847.645391,-293.676125,-26.090056,114.027389,-26.090056,-320.380899,-91.561281,114.027389,-91.561281,1117.226636,423.78102,1.0,4.342288,0.976205,1.246951,0.0,142.0,1430.240325540518,3.374951349969656,0.009718574854356545
45439.0,-0.209931,0.512843,-0.832419,-0.380736,0.741304,0.552728,0.900538,0.432967,0.039635,-126.518623,298.105423,460.240394,3.598513,3.595415,3.593194,89.982288,90.017847,89.948694,121.873454,0.067389,0.063961,76.630021,0.95,-485.454878,112.988099,89.400205,112.988099,63.127554,-117.269608,89.400205,-117.269608,1229.127622,-515.685521,292.627342,-64.363051,292.627342,-237.585895,-209.266108,-64.363051,-209.266108,1178.775064,646.928753,1.0,4.126234,1.531151,1.122637,0.0,133.0,1605.4536654238116,2.4816545222002393,0.012397230062092765
45066.0,0.423476,-0.273206,-0.863728,0.894709,0.275588,0.351494,0.142003,-0.921634,0.361145,468.062337,308.571694,305.445759,3.599551,3.598305,3.59545,90.065257,90.098766,90.012571,163.625564,0.078892,0.070939,104.866591,0.958333,848.946134,1114.971931,-107.752286,1114.971931,461.768902,-163.808325,-107.752286,-163.808325,1214.533112,-425.687603,104.285893,125.391863,104.285893,-191.480876,-31.747994,125.391863,-31.747994,1278.589941,349.699827,1.0,4.325906,1.201301,2.988718,0.0,138.0,1606.5386468760153,4.594050447946076,0.009138592099365564
45213.0,-0.31796,0.76225,0.563806,-0.820376,-0.519291,0.239414,0.475273,-0.386409,0.790445,372.233593,-127.810215,513.591688,3.594547,3.594588,3.597303,90.032849,89.995466,90.046767,126.174646,0.067168,0.063686,88.026697,0.985714,133.814863,297.041474,30.860602,297.041474,-298.880609,241.883337,30.860602,241.883337,781.709437,-26.433321,131.109726,126.866443,131.109726,-191.764895,155.257289,126.866443,155.257289,1117.90022,528.566275,1.0,1.972361,0.65926,2.253429,0.0,138.0,1252.6254461061424,2.369855031152228,0.011197898292151074
43748.0,-0.801023,-0.268896,-0.534843,0.539753,0.061985,-0.839539,0.2589,-0.961173,0.095486,-1.035229,81.535984,434.551459,3.593824,3.599126,3.594945,90.022369,89.998224,90.024855,100.239271,0.053929,0.052886,108.667899,1.0,-195.491216,126.013602,114.681331,126.013602,-37.714127,-165.313264,114.681331,-165.313264,1255.173239,-336.713743,-26.330374,137.430505,-26.330374,-133.193285,-22.142808,137.430505,-22.142808,1272.947382,407.675325,1.0,5.715955,1.475164,2.878478,0.0,146.0,1523.11640952366,3.736101539929256,0.009202349628568782
45657.0,0.68336,-0.729225,-0.035355,0.350399,0.285107,0.892151,-0.640499,-0.622049,0.450351,181.778188,240.335065,386.005477,3.598707,3.59643,3.593491,90.064886,90.031496,89.999492,87.284932,0.0659,0.057134,107.149096,1.0,744.334105,387.2231,-181.612327,387.2231,-562.27046,-116.608903,-181.612327,-116.608903,1043.201615,-164.919942,39.672163,45.339232,39.672163,-145.044608,149.895085,45.339232,149.895085,1204.531653,340.004508,1.0,3.181201,1.103638,3.941603,0.0,148.0,1366.802084919083,4.019952832269751,0.009332789891199829
45114.0,-0.283055,0.487106,0.826201,-0.940441,0.028149,-0.338789,-0.188283,-0.872889,0.450126,561.595034,389.130255,478.06507799999997,3.591026,3.599265,3.593692,90.007226,89.947877,90.053543,184.615975,0.088393,0.083457,86.186269,0.849315,-117.827359,-259.4025,-868.117771,-259.4025,-631.49073,-733.047169,-868.117771,-733.047169,682.532779,-514.370968,-208.942234,-163.751329,-208.942234,-423.055617,-77.38463,-163.751329,-77.38463,1019.437232,661.69726,1.0,1.181651,1.103889,3.354039,0.0,124.0,1509.3676342957754,2.2810546839740207,0.009854411959751966
45401.0,-0.433495,0.36012,0.826073,-0.684029,0.465287,-0.561793,-0.586674,-0.808592,0.044633,-313.313112,121.260784,402.028141,3.59671,3.597427,3.590606,89.990167,89.990761,89.974436,129.39577,0.077104,0.068065,95.05761,0.915493,-661.207881,711.150297,-186.277855,711.150297,-69.677432,94.938905,-186.277855,94.938905,876.43833,-386.519787,-3.119027,36.814319,-3.119027,-28.977654,16.390518,36.814319,16.390518,1143.528213,611.892521,1.0,0.973567,1.526148,3.769261,0.0,130.0,1386.7414637493473,2.2663154331140243,0.009630928023542776
45728.0,0.849151,-0.26832,-0.454914,0.366465,0.919585,0.141656,0.380323,-0.286998,0.879197,-181.665592,-405.967911,279.860212,3.589922,3.598375,3.597869,90.000902,89.892027,89.970475,150.052106,0.07764,0.073741,107.437135,1.0,-1561.038563,-587.764923,-252.24033,-587.764923,961.444291,65.212303,-252.24033,65.212303,1139.169522,-573.575099,1.909892,-222.346268,1.909892,32.124479,53.416516,-222.346268,53.416516,1145.017412,757.995057,1.0,4.410514,0.496623,2.217245,0.0,142.0,1522.7286577259656,2.0088899573469985,0.00930776867793431
44784.0,0.045898,0.860039,0.508161,-0.650737,-0.360214,0.668422,0.757915,-0.361358,0.543126,-65.109303,371.535495,533.807049,3.596597,3.594922,3.594132,90.059015,89.954938,90.042357,108.071598,0.062295,0.058675,88.291043,0.921429,-466.53189,-195.303173,-263.594185,-195.303173,-118.025365,-9.866789,-263.594185,-9.866789,981.433348,49.394553,207.678874,-3.480813,207.678874,-305.826154,-51.455576,-3.480813,-51.455576,938.51116,531.719751,1.0,2.49157,0.996641,2.015695,0.0,129.0,1125.5600612888938,2.116829512486727,0.010436268150099893
45251.0,-0.40858,0.870156,0.275484,-0.910843,-0.369362,-0.18422,-0.058546,-0.326191,0.943489,504.141105,-351.562321,500.54648199999997,3.593741,3.592102,3.600172,90.05616,89.98541,90.031549,121.13525,0.05605,0.060231,91.622544,0.992857,-555.529897,338.354005,162.694865,338.354005,-488.606433,-420.396795,162.694865,-420.396795,1542.883083,-347.612621,149.431044,243.917014,149.431044,25.501895,-107.370413,243.917014,-107.370413,1268.719762,467.687024,1.0,0.981379,0.337791,3.319186,0.0,139.0,1489.5243884439249,3.1848743112529134,0.010836383237732406
45243.0,0.177673,0.368381,-0.912539,0.116953,0.912817,0.391264,0.977115,-0.176241,0.1191,-37.72722,448.394129,396.358013,3.601535,3.588559,3.594269,90.041088,89.968764,89.982681,136.933387,0.068595,0.064205,142.270945,0.993243,-110.738999,-224.697902,192.828508,-224.697902,-1625.310907,712.623149,192.828508,712.623149,1775.697256,-405.713357,-67.173331,204.832169,-67.173331,-369.785958,192.016048,204.832169,192.016048,1745.510234,355.304466,1.0,4.307334,1.451413,1.749246,0.0,147.0,2148.0851532446486,6.045758944230801,0.006981348159316717
45121.0,-0.134158,0.386677,0.912405,-0.562567,0.728258,-0.391355,-0.815794,-0.565792,0.11983,-113.47322,406.337606,413.365095,3.597055,3.596132,3.593004,89.952815,89.979575,89.897049,134.139816,0.087832,0.072338,79.10763,0.916667,-178.937241,175.714685,-611.643499,175.714685,-558.304229,82.202388,-611.643499,82.202388,1283.408853,-298.221495,79.189675,10.80447,79.189675,-189.716698,63.10042,10.80447,63.10042,1112.001196,605.517957,1.0,1.165604,1.450678,4.106006,0.0,132.0,1362.080194233664,2.2494464094541526,0.011587592751799037
44928.0,0.309494,-0.852704,-0.420843,0.932668,0.358466,-0.040418,0.185323,-0.379997,0.906233,-229.638304,-11.969019,511.048147,3.5949,3.595822,3.598328,90.022113,89.991382,90.040668,105.62106,0.071258,0.062235,93.923505,1.0,428.960085,172.660336,-49.295992,172.660336,-158.55658,29.640792,-49.295992,29.640792,1072.875453,-182.232678,152.715251,-166.206705,152.715251,-123.382646,95.272757,-166.206705,95.272757,1298.89638,595.889356,1.0,4.808137,0.43651,2.687838,0.0,146.0,1468.0121785717367,2.4635650289610758,0.010646962120930218
43982.0,0.746361,0.202422,0.634011,-0.522119,0.768831,0.369175,-0.412719,-0.606567,0.679514,-234.925176,-40.744576,513.272343,3.594102,3.59544,3.595819,90.072595,90.025801,89.98331,158.833977,0.076526,0.077644,79.549159,0.802817,-302.13505,-106.02636,183.52679,-106.02636,-282.455203,-128.497749,183.52679,-128.497749,901.054633,-147.374585,127.373315,-125.014072,127.373315,-411.354884,-167.392155,-125.014072,-167.392155,1173.5931,678.393654,1.0,2.098088,0.823696,3.739054,0.0,114.0,1486.019894676975,2.1904979298007627,0.010092086580073083
43763.0,-0.797571,-0.346406,-0.493845,0.550729,-0.084118,-0.830435,0.246127,-0.934306,0.257866,601.89102,-252.78122,220.762638,3.589642,3.598395,3.593563,90.047817,90.045532,90.137568,138.122245,0.072362,0.069848,75.299447,0.930556,-1980.205979,375.565082,-167.213794,375.565082,-234.144157,308.906869,-167.213794,308.906869,1481.770056,-721.533524,44.974115,277.734629,44.974115,-484.830735,165.417714,277.734629,165.417714,1326.658929,557.045701,1.0,5.746685,1.309984,2.884012,0.0,134.0,1961.1729475662708,3.52066795245992,0.012358072164859325
43978.0,0.772855,0.537348,0.337569,-0.538335,0.27352,0.797109,0.335993,-0.797774,0.500664,-359.515939,418.154254,265.046153,3.598806,3.597655,3.594049,90.029114,89.972682,89.987368,126.722017,0.087099,0.085303,92.225144,0.971429,1011.701321,-440.466728,-15.031638,-440.466728,-82.054132,-274.139742,-15.031638,-274.139742,819.582866,-185.14493,162.287712,75.319544,162.287712,-125.734083,-125.705064,75.319544,-125.705064,1035.10088,389.222059,1.0,2.741,1.046431,2.742976,0.0,136.0,1206.6037966792858,3.1000396015049234,0.010533233756729076
45035.0,-0.007751,-0.909942,0.414662,-0.332459,0.39343,0.857137,-0.943086,-0.131215,-0.305568,-264.602298,493.824625,492.017837,3.599579,3.592077,3.593496,89.960004,89.976786,90.000489,127.793142,0.070943,0.068855,77.986464,0.901408,-937.514424,-100.011759,-39.425221,-100.011759,-99.391347,327.814808,-39.425221,327.814808,1295.844025,-672.877759,-90.375977,56.848203,-90.375977,-304.440924,212.485029,56.848203,212.485029,1537.100397,638.932913,1.0,2.691008,1.881331,4.574143,0.0,128.0,2061.0492137210904,3.2257677946872185,0.011558518668060139
44900.0,0.219422,0.557081,-0.800947,0.605642,0.565845,0.559479,0.764887,-0.607849,-0.213233,518.377084,31.906609,226.495216,3.59554,3.597385,3.598406,90.104338,90.040269,89.996211,163.201034,0.071779,0.076444,75.191635,0.858209,1837.332056,75.321401,-131.262008,75.321401,-157.099739,45.671341,-131.262008,45.671341,295.977362,-176.289086,-149.211889,-0.130161,-149.211889,-291.417721,-78.616138,-0.130161,-78.616138,942.325593,651.394749,1.0,4.102656,1.785679,2.242292,0.0,115.0,1189.3996427574803,1.8259275878158485,0.011413623337223615
44891.0,-0.00768,0.886513,0.462641,-0.563285,-0.386104,0.730503,0.826227,-0.254988,0.502324,-188.561055,-210.242733,465.04532,3.595956,3.594467,3.592661,90.049556,89.896275,90.027584,125.261184,0.057977,0.053797,96.377667,0.943662,-541.685485,-492.531676,-94.462927,-492.531676,-818.839421,120.415817,-94.462927,120.415817,1042.418165,-206.564455,50.67496,-69.98055,50.67496,-306.237377,-39.728917,-69.98055,-39.728917,1420.092925,454.263072,1.0,2.577034,1.044512,1.87014,0.0,134.0,1680.7335688003673,3.699912390854362,0.009791293246390784
43953.0,-0.245263,0.45523,-0.855927,0.327095,0.86998,0.368977,0.912609,-0.189473,-0.362277,-149.402762,-262.007431,382.161452,3.598959,3.59381,3.593364,89.999391,90.053347,90.022729,109.64655,0.052326,0.055357,89.877181,0.978571,-419.02869,106.780294,-128.051507,106.780294,-344.50209,194.861114,-128.051507,194.861114,1295.020038,-332.203166,85.850132,13.48593,85.850132,-166.995373,90.217093,13.48593,90.217093,1460.409621,495.586674,1.0,4.305376,1.941507,1.775505,0.0,137.0,1719.4095051052568,3.46944257243135,0.010887869302442853
44269.0,0.262573,0.449394,-0.853874,-0.257468,0.88547,0.38685,0.929928,0.118269,0.348205,466.314829,160.283326,260.382423,3.599094,3.595465,3.594502,90.034481,89.954452,89.979165,89.976757,0.064,0.057576,92.106782,0.985915,171.462133,344.603645,111.589891,344.603645,-140.228811,-132.286194,111.589891,-132.286194,1315.007819,-516.437191,181.365572,24.902897,181.365572,-185.496394,-15.865022,24.902897,-15.865022,1370.850816,521.259742,1.0,4.287,1.215141,1.444295,0.0,140.0,1752.7467667097865,3.3625208806357167,0.010704043487264597
45392.0,-0.543506,0.414223,0.730082,-0.834381,-0.171582,-0.523802,-0.091702,-0.893856,0.438875,135.7654,-69.188051,552.860543,3.594601,3.598022,3.592783,90.073301,90.003885,89.993429,93.780588,0.056017,0.055851,98.461601,1.0,-531.251979,341.410352,-176.589656,341.410352,-277.812512,64.911073,-176.589656,64.911073,1137.987512,-413.020413,300.074393,-39.184551,300.074393,-299.983579,71.576897,-39.184551,71.576897,1296.186039,417.163805,1.0,0.948451,1.11645,3.243826,0.0,148.0,1677.345589712917,4.02083203194706,0.010156243549198434
45058.0,-0.236088,0.302959,0.923298,-0.971679,-0.063691,-0.22756,-0.010136,-0.950873,0.309415,205.649569,-384.416938,411.72392,3.593029,3.600173,3.595236,90.004799,90.027472,89.921031,132.802207,0.055031,0.062965,106.283329,0.972222,212.22795,-152.554825,-191.954674,-152.554825,-459.157322,777.205921,-191.954674,777.205921,1419.115945,-24.534523,0.344654,-28.281508,0.344654,-305.019812,76.031224,-28.281508,76.031224,1324.418862,299.508964,1.0,1.329148,1.256218,3.152252,0.0,138.0,1510.511285762433,5.043292412985787,0.009147455289060432
43778.0,0.833134,0.551019,-0.047604,-0.36174,0.608004,0.706735,0.418368,-0.571585,0.705875,-334.702715,173.315076,507.87683400000003,3.594118,3.594902,3.598788,90.078115,89.980105,90.018199,151.277543,0.069494,0.071196,94.355062,0.924658,-227.721757,-160.20553,-258.168313,-160.20553,-48.807542,489.252426,-258.168313,489.252426,1273.616636,-300.813023,-50.935618,104.637675,-50.935618,-191.902327,129.433136,104.637675,129.433136,1180.273613,657.674478,1.0,3.208849,0.787139,2.509748,0.0,135.0,1437.6700940608293,2.1859903982176867,0.009799770996918002
43781.0,-0.169694,0.169108,-0.970879,0.207397,0.969232,0.132572,0.963426,-0.178861,-0.199545,-234.949835,257.938415,539.36703,3.59952,3.595076,3.593232,89.923651,90.030812,90.00387,129.594618,0.07276,0.065954,76.413365,0.930556,-660.048611,-525.107667,28.032627,-525.107667,279.816082,62.800849,28.032627,62.800849,1383.070864,-583.611274,31.946209,-69.81238,31.946209,-220.958656,61.327691,-69.81238,61.327691,1500.116352,735.305856,1.0,4.57668,1.77169,1.754358,0.0,134.0,1930.0285030785478,2.6247968615097608,0.012177922016652454
45252.0,0.579814,-0.103095,-0.8082,0.81314,0.010925,0.581965,-0.051168,-0.994611,0.090166,23.99286,263.338224,486.227865,3.592939,3.600627,3.592378,90.048662,90.031543,89.986888,108.490914,0.05401,0.055343,87.658751,0.972222,-406.937506,179.331146,-198.315271,179.331146,-817.470353,110.022012,-198.315271,110.022012,1703.403329,-584.382969,107.223308,22.973846,107.223308,-529.189629,-66.717067,22.973846,-66.717067,1533.346301,432.525579,1.0,4.088316,1.480508,3.192992,0.0,140.0,2093.6322184122287,4.840481858327802,0.01109098622680581
45115.0,-0.292577,0.526274,0.798395,-0.955346,-0.197001,-0.220236,0.04138,-0.82718,0.560411,-103.955254,-381.176175,454.340248,3.59482,3.595635,3.594806,90.122942,90.051159,89.912409,152.01085,0.078393,0.072538,79.462118,0.971429,-846.608348,242.124399,552.664961,242.124399,35.774575,800.247854,552.664961,800.247854,1096.428377,-147.985385,250.280465,-63.362219,250.280465,-129.418717,54.707918,-63.362219,54.707918,1073.313282,546.904409,1.0,1.301641,0.975914,3.091609,0.0,136.0,1233.4811457758096,2.2553870941197873,0.012225057982974982
44228.0,0.433867,0.537688,-0.722946,-0.490518,0.814027,0.311051,0.755746,0.219663,0.616925,243.929826,-121.783266,236.073871,3.596395,3.594128,3.593691,89.947115,89.89215,90.017791,112.730286,0.062679,0.066895,82.758171,0.992857,-1137.823563,145.976887,-0.604713,145.976887,40.13743,-136.129975,-0.604713,-136.129975,1093.865971,-175.068303,145.744727,31.506947,145.744727,-142.955735,-116.832339,31.506947,-116.832339,953.07417,483.201614,1.0,4.306075,0.905967,1.287933,0.0,139.0,1124.4652555670814,2.327114030639561,0.011997087272506299
44504.0,0.235106,0.791934,0.56353,-0.57803,-0.352194,0.736098,0.781413,-0.498798,0.374958,147.570086,505.494268,215.996594,3.599009,3.594068,3.592375,89.945837,89.979787,90.088392,168.564908,0.075093,0.077719,76.509588,0.9,-79.960647,190.485069,-133.603979,190.485069,-693.147592,-933.074472,-133.603979,-933.074472,1114.100832,-463.598189,14.81867,202.533342,14.81867,-281.480531,-291.507432,202.533342,-291.507432,1102.26058,636.779974,1.0,2.488205,1.186445,2.138923,0.0,126.0,1514.7844539490352,2.378819240237343,0.01176323155733109
44614.0,0.198627,0.915808,-0.34906,-0.894411,0.315,0.317496,0.400719,0.24914,0.881677,301.888816,462.73125,443.856453,3.592001,3.594616,3.598174,89.976647,89.922926,89.97377,121.15185,0.058798,0.058131,77.435701,0.963768,-83.017725,135.938288,-96.945566,135.938288,-987.148556,144.315528,-96.945566,144.315528,1227.999893,-442.132151,-32.157183,-176.707546,-32.157183,-48.551957,276.999299,-176.707546,276.999299,1138.178472,511.652425,1.0,3.974309,0.491392,1.01455,0.0,133.0,1453.2891186387765,2.840383525278467,0.01244604216858578
45572.0,0.715615,-0.169697,-0.677568,0.474253,0.830218,0.292955,0.512815,-0.530982,0.674595,201.823777,63.311775,290.407825,3.594585,3.595259,3.595342,90.033867,89.898877,90.041751,118.819321,0.065263,0.062442,100.026852,0.978873,-777.242564,-173.258974,136.720027,-173.258974,-81.377791,190.667422,136.720027,190.667422,1125.542401,-271.915659,104.446793,-56.188367,104.446793,-45.860438,-38.896904,-56.188367,-38.896904,1237.07177,444.844991,1.0,4.304298,0.83038,2.373597,0.0,139.0,1413.7588064425079,3.1780931224254427,0.009786102235827635
45733.0,-0.782034,0.573307,-0.244421,-0.552134,-0.455403,0.698395,0.289084,0.681122,0.672683,93.372748,393.975329,324.08860500000003,3.593445,3.595727,3.598305,89.968973,89.985858,90.019277,110.138975,0.063844,0.060718,102.134505,0.985507,51.218893,-315.339451,73.037999,-315.339451,78.811272,548.685428,73.037999,548.685428,775.920486,-13.422412,55.997903,-13.4026,55.997903,148.786749,58.142742,-13.4026,58.142742,917.208567,344.03544,1.0,3.478245,0.832967,0.401383,0.0,136.0,863.9739235870784,2.511293381830309,0.00964910927996371
44022.0,0.709822,0.376477,0.59533,-0.536686,0.836458,0.110937,-0.456203,-0.398251,0.795786,528.128065,371.74985,405.302965,3.593583,3.593263,3.592725,90.166989,90.135761,90.059985,177.739599,0.099031,0.084072,78.556962,0.873239,-2356.726375,-751.239324,-297.043988,-751.239324,-47.277708,-241.902726,-297.043988,-241.902726,1103.388896,254.220975,278.260196,-108.008589,278.260196,-59.221915,-25.014437,-108.008589,-25.014437,882.520296,844.413363,1.0,1.755029,0.650493,3.994711,0.0,124.0,870.1911701146526,1.0305274741544475,0.011115997586566548
44913.0,0.254254,0.61696,-0.744792,0.737947,0.374014,0.561737,0.625132,-0.69244,-0.360189,-3.960856,246.431851,395.763124,3.595795,3.598706,3.595674,89.968268,90.047123,90.01253,53.37693,0.063178,0.050447,120.944275,0.992754,449.746109,326.966686,-67.315146,326.966686,111.117438,-353.084965,-67.315146,-353.084965,1095.196944,313.433495,157.76365,-60.933579,157.76365,110.025775,-134.893554,-60.933579,-134.893554,1105.480908,319.061134,1.0,4.066193,1.939267,2.407235,0.0,137.0,930.0114350491538,2.914837740936362,0.008208358766878383
45165.0,0.232903,-0.898505,0.372082,0.272095,0.427529,0.862081,-0.93366,-0.09954,0.344051,585.004858,-375.737824,281.098262,3.597469,3.586477,3.594195,90.004701,90.062869,89.953607,156.651399,0.065276,0.067259,93.496212,1.0,-2072.981202,683.084738,101.508918,683.084738,-670.222282,75.58523,101.508918,75.58523,1051.009816,-264.989881,94.465015,-66.834086,94.465015,-415.688279,-17.83582,-66.834086,-17.83582,1096.57847,511.682975,1.0,2.734137,1.219568,4.606178,0.0,138.0,1446.3906677681985,2.826732055660438,0.010695620481394476
44126.0,0.437213,0.385944,-0.812337,-0.376078,0.898936,0.224676,0.816952,0.207271,0.538172,187.305734,-254.336011,323.036186,3.597177,3.594923,3.594695,89.986848,89.90025,89.970249,65.114929,0.055242,0.047764,119.911177,1.0,-474.425363,250.923283,-12.204524,250.923283,-140.1725,15.107422,-12.204524,15.107422,1329.400125,22.312723,-38.198022,100.870354,-38.198022,-47.859358,-156.124712,100.870354,-156.124712,1178.086053,205.177119,1.0,4.442555,1.00253,1.322326,0.0,140.0,1203.6800917166363,5.86654154022231,0.008339506166301745
45347.0,-0.492795,0.68801,0.532724,-0.843043,-0.529119,-0.096501,0.215481,-0.496664,0.840769,220.932603,426.190549,289.096175,3.591903,3.595726,3.596482,90.021036,89.968942,90.085116,150.850035,0.081351,0.075096,89.150515,0.972973,301.825533,-261.084559,-223.096806,-261.084559,-1117.290904,-174.433785,-223.096806,-174.433785,783.909892,-143.593326,76.563271,78.442939,76.563271,-337.870886,-41.978954,78.442939,-41.978954,1048.666663,577.512232,1.0,1.391594,0.572094,2.732245,0.0,144.0,1304.296787365308,2.258474738878445,0.010913823661029888
45247.0,-0.300509,0.761046,0.574895,-0.726897,-0.572987,0.378557,0.617507,-0.30413,0.72539,514.013647,-195.252584,212.009964,3.597603,3.588782,3.595207,90.07179,89.981417,90.048382,156.839231,0.089223,0.081218,77.298298,0.963768,-1255.666562,1025.696591,-160.503137,1025.696591,-274.903647,-270.178952,-160.503137,-270.178952,798.602105,-535.820579,-14.128375,-95.816446,-14.128375,12.714925,-103.961639,-95.816446,-103.961639,1004.107719,523.977609,1.0,2.153111,0.759196,2.028436,0.0,133.0,1357.4631986091747,2.5906893258279946,0.012468165857933896
43812.0,-0.798021,-0.189467,-0.57207,0.597383,-0.373698,-0.709565,-0.079342,-0.907993,0.411403,319.109506,314.121139,561.962231,3.593418,3.59682,3.592704,90.093656,90.037268,90.016854,134.674777,0.065459,0.063503,84.49174,0.985507,-917.773247,-398.588981,-168.878182,-398.588981,-428.078084,-44.998081,-168.878182,-44.998081,988.785391,18.92561,-1.105248,148.752488,-1.105248,-337.684886,133.108975,148.752488,133.108975,1267.63765,498.49667,1.0,5.60466,1.146803,3.228753,0.0,136.0,1470.2521951208103,2.949372149508662,0.0116639449015963
44669.0,0.04485,-0.945312,-0.323068,0.996226,0.018268,0.084849,-0.074307,-0.325655,0.942564,459.016326,521.599005,385.781631,3.590802,3.596906,3.600169,90.031467,89.979463,90.069177,181.495194,0.07844,0.089613,89.016887,0.964789,571.732082,433.248028,-76.601982,433.248028,-1069.529524,564.618606,-76.601982,564.618606,1513.993962,-187.809908,222.221485,-531.11252,222.221485,-452.098906,37.718004,-531.11252,37.718004,1423.166243,544.360518,1.0,4.455555,0.34057,3.365928,0.0,136.0,1827.709020918231,3.3575341349760257,0.010838269372416944
43816.0,-0.766641,-0.350792,-0.537779,0.583739,-0.031961,-0.811312,0.267414,-0.935908,0.229274,-108.006425,-331.744061,278.772449,3.59348,3.598823,3.599129,89.999028,90.054358,90.048787,170.302457,0.065307,0.072047,110.670169,1.0,-330.307337,635.83123,184.072332,635.83123,1150.566707,33.987068,184.072332,33.987068,1185.186618,-582.735789,66.008788,99.286557,66.008788,26.181315,-4.777399,99.286557,-4.777399,1209.258309,1172.808457,1.0,5.697829,1.339464,2.863282,0.0,140.0,1581.6211250795304,1.3485758187021073,0.009035858615161237
44010.0,0.796735,0.272064,0.539625,-0.598337,0.229691,0.767617,0.084894,-0.934464,0.345789,89.330335,369.675396,500.544822,3.594945,3.599765,3.593746,90.010403,90.045726,90.017287,70.490538,0.047757,0.046785,140.547094,1.0,-376.435406,-202.692521,-385.190311,-202.692521,307.02728,-349.08658,-385.190311,-349.08658,1247.184679,-156.548648,-6.218797,-205.071553,-6.218797,-141.063054,-196.986635,-205.071553,-196.986635,1312.566817,106.936752,1.0,2.528865,1.217717,3.050993,0.0,140.0,1482.0467231955017,13.859096105663484,0.007115052837734234
43818.0,0.722193,0.095099,0.685122,-0.329974,0.917896,0.220418,-0.60791,-0.385257,0.694279,-141.121823,446.524301,532.850492,3.596437,3.595097,3.596562,90.009261,90.08016,89.979094,107.638869,0.062148,0.057674,99.960765,0.90411,-193.54627,82.455627,-74.022244,82.455627,118.127796,267.82374,-74.022244,267.82374,1152.577092,121.391208,-0.821339,-44.758812,-0.821339,-59.523907,-90.283511,-44.758812,-90.283511,941.819078,518.006323,1.0,1.88206,0.803379,4.147529,0.0,132.0,928.3729448957318,1.792203885696067,0.009044648667904852
45791.0,0.738491,-0.673904,0.021997,0.248237,0.302072,0.920397,-0.626904,-0.674245,0.390365,535.226008,287.153122,266.159233,3.59211,3.594131,3.593056,89.997692,90.116337,89.912191,190.57221,0.055942,0.073692,97.072106,0.959459,-1273.795418,-774.430285,-82.634131,-774.430285,-795.070158,184.379534,-82.634131,184.379534,695.990472,32.207536,132.850885,-18.065021,132.850885,-365.274563,-86.770056,-18.065021,-86.770056,847.199404,653.819454,1.0,3.117697,1.169768,3.890623,0.0,142.0,1079.4799679603084,1.651036782946976,0.00988398253150086
44322.0,-0.292746,-0.611382,-0.735195,0.800543,0.263762,-0.538109,0.522907,-0.746084,0.412222,295.502635,97.620903,479.51687400000003,3.595789,3.596452,3.596065,90.047602,89.985344,90.067842,37.901122,0.053416,0.041611,145.777601,1.0,-128.456585,225.077441,-67.101788,225.077441,84.145332,12.650751,-67.101788,12.650751,1179.918177,168.112889,46.621578,-51.102175,46.621578,33.173981,-11.59236,-51.102175,-11.59236,1150.21511,148.12637,1.0,5.344223,1.145905,2.530284,0.0,138.0,1057.8027333146588,7.141218226806332,0.006859764416071026
44982.0,-0.16007,0.640821,0.750817,-0.958677,-0.282156,0.036434,0.235195,-0.713958,0.659505,602.272545,-122.074784,462.895412,3.595006,3.599028,3.596553,90.022856,89.932938,89.998737,107.000747,0.059654,0.058948,92.574481,0.992958,440.786595,-584.077545,-231.614049,-584.077545,132.318604,-79.83887,-231.614049,-79.83887,1197.207051,91.798945,36.648952,80.685643,36.648952,33.157202,-15.197103,80.685643,-15.197103,1167.243608,311.009087,1.0,1.619285,0.850637,2.823365,0.0,141.0,1108.6700274166744,3.564751236405753,0.010726044470073777
44057.0,0.604098,0.794682,0.059545,-0.486721,0.308763,0.817171,0.631006,-0.522634,0.573311,-39.798928,450.061663,418.872195,3.597315,3.595207,3.59419,90.070378,89.95052,89.98312,161.255717,0.069345,0.07448,95.046092,0.930556,457.314089,-425.315486,146.719326,-425.315486,-618.42909,9.838523,146.719326,9.838523,853.218231,163.491324,309.559959,107.589236,309.559959,-301.361716,62.622163,107.589236,62.622163,1136.666812,860.824701,1.0,3.068853,0.960255,2.26253,0.0,134.0,1303.470645509526,1.514211481147456,0.009790576134366472
43984.0,-0.615627,-0.431562,-0.659362,0.668954,0.156071,-0.726734,0.416538,-0.88848,0.192613,75.781798,-273.366192,414.1912,3.593736,3.598976,3.59398,90.014538,89.9636,90.042003,123.434433,0.062431,0.063654,110.887232,0.993056,12.39711,50.712745,227.092381,50.712745,-564.547651,-158.829914,227.092381,-158.829914,1239.350124,-16.696452,-64.299107,108.269334,-64.299107,-330.307728,-330.0252,108.269334,-330.0252,1317.521275,543.360181,1.0,5.546355,1.376972,2.703198,0.0,143.0,1546.1224536440557,2.8454835442644546,0.008955548642426208
43827.0,-0.762822,0.234133,-0.60273,0.588956,0.636338,-0.498201,0.266895,-0.735021,-0.623307,29.20087,145.072501,260.97174,3.594707,3.596021,3.596257,89.958991,90.004975,90.012564,116.362652,0.061054,0.061077,83.961286,0.927536,65.709607,41.771339,123.466854,41.771339,-37.900763,2.677522,123.466854,2.677522,741.150293,-237.383991,70.817296,-9.175905,70.817296,-23.323443,-82.655349,-9.175905,-82.655349,1084.943949,456.484497,1.0,5.403125,2.243761,2.793285,0.0,128.0,1232.9895582142278,2.701054617007569,0.011047186676011608
44279.0,0.276676,0.501098,-0.81997,-0.288901,0.85718,0.426355,0.916508,0.118928,0.381929,108.992837,144.945197,244.211598,3.598166,3.592762,3.593982,89.964944,89.929754,89.97525,112.630399,0.067671,0.062951,84.669781,0.951389,-676.928808,-150.781371,13.337257,-150.781371,-397.915258,107.183787,13.337257,107.183787,1265.784635,-496.664041,63.537728,1.911093,63.537728,-34.637618,-47.598396,1.911093,-47.598396,1206.711072,440.065693,1.0,4.232898,1.178913,1.441755,0.0,137.0,1527.311562024772,3.47064446585881,0.011236464636657086
45147.0,-0.291359,0.848774,0.44124,-0.877826,-0.420531,0.229293,0.380173,-0.320525,0.867601,309.781016,-377.666409,358.471588,3.594437,3.595799,3.598853,90.047963,89.967051,89.984066,104.074502,0.06858,0.060311,88.035493,1.0,-28.879076,-231.944556,151.706494,-231.944556,114.902212,302.002544,151.706494,302.002544,1267.809609,-231.69066,80.434825,275.837542,80.434825,-350.078646,123.334489,275.837542,123.334489,1236.275673,474.039987,1.0,2.050045,0.520438,2.271273,0.0,140.0,1554.3667771314413,3.2789781869845536,0.01135905492117821
43831.0,0.829368,0.484546,0.278143,-0.410998,0.191901,0.89121,0.378456,-0.853457,0.358304,53.274974,155.698439,514.130503,3.594711,3.598588,3.593224,90.03635,90.001054,90.041649,59.782229,0.05231,0.043585,124.656474,1.0,-169.056781,-147.495898,-280.065965,-147.495898,-341.578918,-244.614583,-280.065965,-244.614583,1150.69542,-65.923678,74.219552,-138.370883,74.219552,-73.101394,-105.056891,-138.370883,-105.056891,1279.921587,208.467901,1.0,2.839076,1.204345,2.724208,0.0,140.0,1359.330749726832,6.520575797071185,0.00802204625168525
43832.0,0.739241,0.648023,0.183272,-0.354091,0.142531,0.924286,0.572837,-0.748165,0.334824,382.310654,73.343977,551.222741,3.597115,3.597445,3.593875,90.041549,89.939406,89.99504,112.56648,0.057125,0.061204,81.375595,0.887324,767.608769,-49.121639,49.679559,-49.121639,-553.908713,177.585799,49.679559,177.585799,958.011166,-141.166602,55.091518,-75.838645,55.091518,-277.606187,57.000339,-75.838645,57.000339,1183.487305,494.118945,1.0,2.945847,1.229378,2.488147,0.0,125.0,1401.1015928842803,2.835555299107749,0.010904055448073836
44581.0,0.008289,0.541218,-0.840842,0.641559,0.642116,0.41963,0.767029,-0.542928,-0.341901,113.835651,-369.108888,362.826162,3.597665,3.59353,3.594958,90.007786,90.027237,90.068329,126.248204,0.06859,0.066567,98.992439,0.949275,4.103023,-195.691821,12.09016,-195.691821,-449.965757,428.548357,12.09016,428.548357,982.675504,-197.12888,-158.097655,-11.99546,-158.097655,-236.990855,-21.033529,-11.99546,-21.033529,1217.544064,380.282572,1.0,4.249494,1.919735,2.18676,0.0,131.0,1441.688610537279,3.7910982955518637,0.009589368739566059
45710.0,-0.729527,0.623467,-0.281211,-0.547047,-0.285113,0.787052,0.410524,0.728011,0.549063,-110.525501,235.47433,570.273446,3.595277,3.596059,3.593619,89.949272,89.991559,89.961498,139.847948,0.065856,0.071448,93.208656,0.964286,-233.486224,240.594869,100.265743,240.594869,-276.155148,-231.409758,100.265743,-231.409758,713.40475,-416.066588,-32.304887,27.484214,-32.304887,-195.558478,-185.644439,27.484214,-185.644439,1091.459214,490.773939,1.0,3.484753,0.989554,0.513451,0.0,135.0,1419.8708881452708,2.8931260918996573,0.010345455469286028
44874.0,-0.058914,0.357524,0.932044,-0.935791,-0.344885,0.073145,0.347599,-0.867889,0.354886,21.272182,-104.417243,378.191925,3.59548,3.598223,3.593996,90.069624,90.000485,90.031869,75.37561,0.072096,0.059231,100.21031,0.986301,-448.462611,148.559458,-8.384091,148.559458,145.896842,139.300546,-8.384091,139.300546,1269.508417,-279.144234,41.421462,-201.900112,41.421462,-104.327951,119.418122,-201.900112,119.418122,1296.238894,346.297755,1.0,1.649113,1.208004,2.760646,0.0,144.0,1509.8162704456806,4.35987888643887,0.009842310636500375
45769.0,-0.605542,0.744402,0.281398,-0.421907,-0.600109,0.679605,0.674769,0.292806,0.67746,285.561585,371.12452,337.173962,3.596682,3.593545,3.595648,89.965779,89.96461,90.006706,144.352398,0.066169,0.068554,71.574279,0.859155,106.410453,268.785473,-157.04468,268.785473,-357.416885,43.497915,-157.04468,43.497915,711.077324,-559.350582,268.19278,-151.292276,268.19278,217.37546,-58.429048,-151.292276,-58.429048,849.829938,991.75016,1.0,2.749025,0.826492,1.161381,0.0,122.0,1252.2854625679543,1.262702556627724,0.01200368361377416
45004.0,-0.174264,0.739007,0.650769,-0.915518,-0.364935,0.169258,0.362572,-0.566296,0.740169,292.391689,48.43026,216.48985,3.594354,3.596437,3.597414,89.99418,89.984461,90.026251,123.290725,0.063799,0.06135,80.997215,0.9375,646.709142,-12.569435,107.173806,-12.569435,-207.23868,35.802143,107.173806,35.802143,669.066079,-134.417824,-182.213891,11.15008,-182.213891,-164.375911,78.737792,11.15008,78.737792,1133.876134,565.029243,1.0,1.825249,0.737474,2.572101,0.0,135.0,1295.0317028150876,2.291972882570058,0.011574472035859505
43841.0,0.884734,0.465894,-0.013726,-0.457984,0.874428,0.160083,0.086584,-0.135345,0.987008,369.158619,-203.175615,430.817359,3.592978,3.594465,3.601706,90.011753,90.008033,89.993741,110.731695,0.064,0.06027,96.252342,1.0,-352.017509,177.007765,-171.765345,177.007765,-173.865891,286.593988,-171.765345,286.593988,1896.781535,-105.581174,171.543623,-112.089453,171.543623,-186.910143,97.546947,-112.089453,97.546947,1975.079603,659.450652,1.0,3.227127,0.16137,2.57247,0.0,148.0,2131.574926240716,3.232349410491926,0.010389357590904126
44336.0,0.234213,-0.706458,0.667879,-0.267748,0.613546,0.742881,-0.934588,-0.352815,-0.045452,365.22264,-397.607089,517.673636,3.599439,3.59558,3.593903,89.998212,90.012897,89.985215,75.706124,0.057063,0.049372,109.610025,1.0,-8.176928,-256.998229,-77.835268,-256.998229,69.887593,294.843697,-77.835268,294.843697,1246.580156,-338.125458,51.935911,-261.695195,51.935911,-351.499765,217.765231,-261.695195,217.765231,1354.897309,262.002764,1.0,2.409309,1.616264,4.351421,0.0,142.0,1725.717394372379,6.586638125590075,0.009123253096603163
45198.0,-0.307243,0.863913,0.39907,-0.829129,-0.448836,0.333303,0.467061,-0.228476,0.854197,404.061793,88.964028,555.717542,3.594279,3.593302,3.599016,90.068178,89.971231,90.033368,111.348198,0.064817,0.061654,80.711031,0.93662,-439.020179,275.647445,-38.495125,275.647445,-214.151116,487.773047,-38.495125,487.773047,1313.531004,-260.754047,174.090856,31.647245,174.090856,-239.538249,324.104483,31.647245,324.104483,1400.864345,587.972105,1.0,2.266635,0.546792,2.025748,0.0,133.0,1681.7960334652312,2.860333031386295,0.011604609535962934
44809.0,0.177648,-0.769119,-0.61392,0.894254,0.386578,-0.225538,0.410794,-0.508934,0.756462,-34.485239,-214.964644,576.780424,3.594752,3.595054,3.595306,90.044265,89.920608,90.059372,115.843067,0.064431,0.057625,86.813254,0.978873,-263.626635,-66.76369,193.768068,-66.76369,-547.532519,357.199474,193.768068,357.199474,1057.451949,-224.191871,-46.77526,77.657556,-46.77526,-92.601303,-16.393676,77.657556,-16.393676,1258.081237,454.066003,1.0,5.064457,0.712909,2.462498,0.0,139.0,1423.2926664067593,3.1345501689250215,0.011275616969731372
45695.0,-0.583281,0.081983,0.808123,-0.469299,0.778024,-0.417657,-0.66298,-0.622862,-0.415332,-21.894742,440.068379,258.081116,3.596468,3.591804,3.594142,89.875749,89.915645,90.03002,165.470319,0.082652,0.076405,89.853551,0.971429,-476.527272,809.1275,-596.798771,809.1275,-642.106061,855.48389,-596.798771,855.48389,612.597588,-341.220817,168.805474,59.497838,168.805474,-140.01469,7.570718,59.497838,7.570718,965.172425,480.755945,1.0,1.09378,1.999104,3.95818,0.0,136.0,1228.1540339616902,2.5546309863348444,0.010811247737999805
45753.0,0.792704,-0.603134,-0.088596,0.320219,0.288309,0.902407,-0.51873,-0.743712,0.421678,-138.781952,-25.784707,255.222708,3.595472,3.595552,3.594639,90.039863,90.068785,89.905914,137.83075,0.069948,0.070071,93.002172,0.986667,-529.088114,-170.93541,-370.414116,-170.93541,-359.937791,-19.652112,-370.414116,-19.652112,1288.337115,-92.802718,54.493188,-169.148472,54.493188,-224.22362,-16.917801,-169.148472,-16.917801,1111.566246,542.720211,1.0,3.239456,1.135501,3.75063,0.0,148.0,1284.5059378416172,2.366792155160069,0.010609074807414175
45537.0,-0.377958,-0.775762,0.505313,-0.46872,0.631017,0.618157,-0.798404,-0.003212,-0.602113,563.186043,-68.123078,364.495422,3.596758,3.59233,3.596308,89.967331,89.908124,90.042298,64.533927,0.06167,0.051849,116.550541,1.0,-958.883088,94.233571,-203.350077,94.233571,-1.238043,-44.005472,-203.350077,-44.005472,1285.544245,-32.728231,42.72225,-43.405877,42.72225,-100.19891,-82.895714,-43.405877,-82.895714,1228.954459,196.516872,1.0,2.456302,2.216942,4.708365,0.0,140.0,1299.7914489252814,6.614146844985815,0.008579968753641393
44753.0,0.136208,-0.873335,-0.467689,0.898025,-0.090501,0.430535,-0.418327,-0.478639,0.77195,224.712831,390.572256,556.672093,3.594793,3.587602,3.596957,90.027868,90.010096,89.874845,201.589135,0.097919,0.094481,76.393191,0.8125,-1826.240445,-1036.810374,-642.804923,-1036.810374,-118.712902,-292.001565,-642.804923,-292.001565,588.411497,-465.902998,-25.922506,-14.699175,-25.922506,-8.998573,192.775621,-14.699175,192.775621,1006.955578,1108.036115,1.0,3.968332,0.688894,3.859852,0.0,117.0,1316.6838266242705,1.1883040713201576,0.010635764645569
45779.0,-0.635608,0.248685,0.730861,-0.431382,0.670706,-0.603376,-0.640244,-0.698791,-0.319028,-293.415929,248.364259,408.595206,3.595631,3.596694,3.590702,89.940301,89.92563,89.979011,158.574775,0.068755,0.071876,83.675163,0.914286,-938.006057,777.891029,-159.631748,777.891029,-308.256075,22.431298,-159.631748,22.431298,913.063381,-357.307206,55.35176,-110.508554,55.35176,175.845443,-54.061125,-110.508554,-54.061125,1144.716516,775.459009,1.0,0.880658,1.8955,3.883295,0.0,127.0,1324.0725073236026,1.7074693722767782,0.010926611520314577
45270.0,0.572023,0.280897,-0.77064,0.757036,0.180852,0.627845,0.315732,-0.942544,-0.109198,385.394361,262.920387,275.77086099999997,3.594035,3.599104,3.593721,89.993488,89.964575,90.028794,91.427389,0.067175,0.058652,88.011691,0.979167,-514.648576,-32.87465,-322.446217,-32.87465,53.404789,-68.565994,-322.446217,-68.565994,1195.436779,-294.868341,-40.440366,-138.554154,-40.440366,-152.103329,-214.528788,-138.554154,-214.528788,1393.037743,451.389431,1.0,4.028745,1.680212,2.818363,0.0,141.0,1636.6356720338395,3.6257731343156756,0.01112541968998187
45105.0,0.389839,-0.880399,0.270044,0.700608,0.473862,0.533482,-0.59764,-0.018777,0.801545,-163.812422,82.401852,466.282175,3.596338,3.592503,3.598563,89.998936,90.065274,90.000569,87.787688,0.061378,0.053397,85.678934,0.985714,-458.257888,306.681047,21.242386,306.681047,-43.726207,141.042202,21.242386,141.042202,1387.240267,-210.093164,101.823645,137.188015,101.823645,-65.535675,69.530268,137.188015,69.530268,1423.364771,408.182033,1.0,2.673005,0.640922,4.680981,0.0,138.0,1574.3158557930435,3.856896503313372,0.011504741643961163
45309.0,-0.471925,0.120332,0.873388,-0.881574,-0.052415,-0.469126,-0.010672,-0.991349,0.130818,137.330623,-272.936114,468.246963,3.592688,3.60159,3.594971,89.997442,90.016779,89.98299,105.312281,0.052938,0.054716,94.692775,1.0,57.978485,-209.976638,-162.234912,-209.976638,-530.552233,245.834368,-162.234912,245.834368,1871.471325,-283.121207,34.997751,-38.221537,34.997751,-312.642209,36.226486,-38.221537,36.226486,1825.959205,403.183871,1.0,1.077885,1.439602,3.152357,0.0,134.0,2124.70054501033,5.269805410966775,0.01056046778648107
45586.0,0.811724,-0.5022,-0.298159,0.541759,0.45674,0.70561,-0.218176,-0.734291,0.642818,-278.115266,-332.411975,352.99933,3.589355,3.595992,3.596996,90.099107,90.058053,90.031709,153.871543,0.074917,0.072822,110.938254,1.0,-632.522477,-681.663642,200.934052,-681.663642,-1136.651131,579.300801,200.934052,579.300801,1244.837744,26.588562,58.133849,38.870918,58.133849,-48.005746,43.346463,38.870918,43.346463,906.681817,351.047964,1.0,3.541391,0.872625,3.430409,0.0,142.0,922.4182630482402,2.6276131971762133,0.009014023242154145
44562.0,0.219648,0.684552,0.695086,-0.72232,0.593021,-0.35578,-0.655751,-0.423928,0.624721,67.010396,-76.179581,505.301876,3.595873,3.594893,3.59535,90.02094,90.036979,89.980125,135.299814,0.073548,0.072884,77.231107,0.971429,-103.262894,18.632176,0.602513,18.632176,-36.65378,61.502133,0.602513,61.502133,666.924782,-24.450633,160.777174,-22.680849,160.777174,-211.993668,-192.692546,-22.680849,-192.692546,1106.402703,561.894144,1.0,1.097713,0.896022,4.138494,0.0,136.0,1254.4743631093927,2.232581308249749,0.01257820893335117
44284.0,0.290213,0.948883,-0.124086,-0.31514,0.217198,0.923857,0.903584,-0.229011,0.362065,606.367128,-84.840225,549.609659,3.59746,3.58786,3.593887,90.004666,89.953509,90.127935,156.326959,0.07704,0.075548,76.486809,0.917808,-2298.293521,-82.280714,-277.433854,-82.280714,-317.761389,-200.748266,-277.433854,-200.748266,1218.79768,-558.270073,-66.055066,77.10373,-66.055066,-324.572432,-135.502834,77.10373,-135.502834,1277.224623,649.839707,1.0,3.275107,1.200315,1.819017,0.0,133.0,1736.7229318862414,2.672540494491885,0.01199955929655792
43867.0,-0.663448,-0.01231,-0.748121,0.574927,0.631507,-0.520248,0.478848,-0.775272,-0.411895,-121.115256,320.195072,283.924538,3.596071,3.597196,3.594668,89.996919,90.012261,90.078649,116.691712,0.070808,0.063872,109.908664,0.905797,34.443302,135.093379,-441.244245,135.093379,-63.074309,-82.893995,-441.244245,-82.893995,1061.147536,174.006474,-34.134574,-70.476202,-34.134574,-398.609471,-18.059249,-70.476202,-18.059249,1117.294033,449.092167,1.0,5.320025,1.995329,2.588295,0.0,125.0,1327.654166917975,2.956306665927609,0.00824136120879424
45540.0,-0.161175,-0.765242,0.62324,-0.273327,0.641406,0.716862,-0.948322,-0.054808,-0.31254,248.672371,-54.547559,568.336375,3.599454,3.593895,3.594361,90.010235,89.948305,89.968153,84.791017,0.051776,0.048659,89.65298,0.993151,-81.421714,39.592122,152.940268,39.592122,-409.662086,-40.624565,152.940268,-40.624565,1461.341711,-325.948691,148.842834,23.674867,148.842834,-225.653768,208.960784,23.674867,208.960784,1280.127649,431.578126,1.0,2.425943,1.888662,4.654658,0.0,145.0,1574.2437714638845,3.6476449491415712,0.011077724354505561
45644.0,-0.632965,0.746407,0.205505,-0.56816,-0.628172,0.531596,0.525879,0.219722,0.821689,33.576002,78.463732,283.744456,3.594742,3.593257,3.597548,89.963882,89.945957,89.999446,97.066102,0.070998,0.062255,76.984747,0.985294,-227.24909,149.341777,78.497822,149.341777,-434.136987,181.967139,78.497822,181.967139,1029.936129,-545.632287,166.721647,-36.219849,166.721647,-204.151262,151.419918,-36.219849,151.419918,1108.227613,445.003173,1.0,2.772708,0.606428,1.175024,0.0,134.0,1525.1646035297272,3.4273117498192023,0.012798561252659569
45104.0,0.283898,-0.874009,0.394347,0.440118,0.484165,0.756227,-0.851879,-0.041132,0.522121,560.843593,-112.391515,477.931684,3.595791,3.588253,3.59711,90.030784,90.066263,89.995879,163.173703,0.086315,0.082883,82.520392,0.833333,-1214.971689,889.417865,261.729209,889.417865,-555.723786,351.771449,261.729209,351.771449,916.966256,-60.278092,256.217151,204.074612,256.217151,-302.681778,283.288749,204.074612,283.288749,1064.856747,649.090414,1.0,2.66092,1.021461,4.664143,0.0,115.0,1318.364300342731,2.0310950091195323,0.010098509953757854
45385.0,0.68299,-0.716211,-0.143411,0.715414,0.616329,0.329121,-0.147332,-0.327384,0.933334,205.348303,-251.862018,544.738351,3.5944,3.592482,3.598475,90.027361,90.016322,90.021276,99.350657,0.056148,0.053058,98.751671,0.993056,-184.531089,258.851302,-200.415039,258.851302,-502.254162,316.574633,-200.415039,316.574633,1002.899124,-28.776687,36.531159,-49.746796,36.531159,-241.257144,135.045059,-49.746796,135.045059,1323.101203,506.386994,1.0,3.552524,0.367205,3.564468,0.0,143.0,1475.2980152806495,2.913380542472324,0.010056093126768457
45568.0,0.70018,-0.69806,0.149864,0.469,0.607961,0.640642,-0.538318,-0.378279,0.753073,431.807711,-24.370659,545.454439,3.595124,3.59101,3.597267,90.040187,90.038095,89.960702,120.270705,0.055747,0.055839,78.549239,0.964286,-769.250789,528.864941,-141.298499,528.864941,-348.883453,299.727946,-141.298499,299.727946,889.805583,-444.66021,56.286547,86.971042,56.286547,-287.192386,264.773495,86.971042,264.773495,1232.688706,572.225727,1.0,2.911797,0.718076,4.09985,0.0,135.0,1623.2051236954278,2.83665177412659,0.012276197863610111
44819.0,-0.000869,0.996721,-0.080909,-0.9843,0.013428,0.175993,0.176503,0.079791,0.981061,235.637005,-334.487346,559.589824,3.589537,3.591036,3.600773,89.956892,89.986418,90.08444,160.354815,0.068358,0.064884,80.969156,0.985714,-1072.195638,757.969421,18.884439,757.969421,-1371.360539,495.994918,18.884439,495.994918,1642.769543,-462.768986,46.537352,-127.647952,46.537352,-501.87494,287.740181,-127.647952,287.740181,1570.314293,523.300693,1.0,3.572505,0.194933,1.146224,0.0,138.0,2071.328838833068,3.958200068412804,0.012173944359751014
45584.0,-0.693927,0.590708,0.411739,-0.696301,-0.696143,-0.174784,0.183383,-0.407982,0.894383,-276.321268,45.232168,297.147777,3.593021,3.595212,3.598125,90.053646,89.977897,89.976181,92.841767,0.054458,0.05294,117.612891,1.0,-533.537283,-187.141847,183.758461,-187.141847,-5.284501,115.427253,183.758461,115.427253,1132.790435,-76.107593,-362.940313,163.532362,-362.940313,-58.828207,-14.386293,163.532362,-14.386293,1226.875156,356.141576,1.0,1.169347,0.463746,2.719165,0.0,146.0,1339.6098244402774,3.761453070113548,0.008502469342412474
44120.0,0.571201,0.436114,0.695366,-0.526419,0.844638,-0.097312,-0.629771,-0.310469,0.712037,-309.447278,-81.97286,513.655954,3.597094,3.594609,3.596306,90.037177,90.04085,89.966776,134.576969,0.066119,0.065333,79.107287,0.922535,81.51686,-192.816714,-165.383242,-192.816714,-81.636255,-3.496302,-165.383242,-3.496302,1053.630168,-225.908594,114.86207,205.557267,114.86207,228.637758,76.687096,205.557267,76.687096,1031.313817,834.560216,1.0,1.431756,0.778401,4.254367,0.0,131.0,1123.2767749490981,1.3459505418709035,0.011661820737197067
44969.0,0.340483,-0.662339,-0.667367,0.926994,0.355231,0.120387,0.157333,-0.659635,0.734934,477.170395,-153.044567,386.051749,3.594387,3.600422,3.595142,90.036445,89.986995,90.022635,151.637491,0.086484,0.07085,79.911268,0.944444,487.625777,-279.168099,726.615586,-279.168099,-15.376352,-243.493133,726.615586,-243.493133,1121.750065,189.057967,-82.014101,89.103635,-82.014101,-295.964094,-110.815015,89.103635,-110.815015,1453.334196,649.552438,1.0,4.533917,0.745227,2.907453,0.0,136.0,1570.685184464383,2.418103747405814,0.01181865866525857
44859.0,-0.008499,-0.634775,0.772651,-0.672821,0.575245,0.465194,-0.739756,-0.515902,-0.431979,-154.475297,432.200532,555.7967160000001,3.597093,3.595877,3.595342,89.972283,89.971502,89.954956,25.519559,0.044702,0.034108,141.920777,0.992857,-8.955152,20.21868,66.729932,20.21868,106.26538,35.689765,66.729932,35.689765,1040.334325,-11.643791,2.408463,-4.450698,2.408463,44.170565,17.693306,-4.450698,17.693306,1098.579009,169.350326,1.0,2.11274,2.017482,4.103414,0.0,138.0,1083.5116677913336,6.39804890479711,0.006995853750152454
45674.0,0.618886,0.361855,-0.697166,0.282511,0.725627,0.627418,0.732917,-0.585258,0.346852,578.983577,118.693854,262.737886,3.594293,3.597142,3.596708,90.057155,89.924616,90.065359,103.560516,0.099724,0.075664,89.230368,1.0,-265.569501,-135.244593,-736.839833,-135.244593,102.222009,25.391009,-736.839833,25.391009,1252.684282,-52.025104,-67.032577,-107.971806,-67.032577,43.704717,66.825994,-107.971806,66.825994,1170.464887,434.81835,1.0,3.979599,1.216583,2.244642,0.0,142.0,1184.0945788953425,2.7231936713235365,0.011206946944340743
45064.0,-0.039127,0.690238,-0.722524,-0.39488,0.65354,0.645721,0.917899,0.310575,0.246989,66.70372,-71.982858,231.507901,3.599665,3.594421,3.593128,89.973159,89.927114,89.920679,163.510353,0.070328,0.079953,76.150793,0.821429,-509.241891,143.140342,1.203396,143.140342,-496.221614,145.381034,1.203396,145.381034,1836.653968,-212.444434,-0.402636,86.954518,-0.402636,-416.655024,-145.738951,86.954518,-145.738951,1330.268359,565.733607,1.0,3.983065,1.321224,1.244534,0.0,115.0,1660.8142086125386,2.935682427316959,0.01078687388061737
45649.0,0.696574,-0.678583,0.233044,0.369804,0.6179,0.693863,-0.614841,-0.397146,0.681355,-270.560384,351.608418,240.488983,3.596014,3.5988,3.594635,90.041362,90.046158,89.969553,142.186736,0.073764,0.071581,84.129566,1.0,422.654863,-450.761147,252.413582,-450.761147,70.1756,-493.486843,252.413582,-493.486843,961.197884,-135.765345,-194.897023,34.483389,-194.897023,-273.31071,47.272075,34.483389,47.272075,936.217752,552.094134,1.0,2.817566,0.821183,4.138878,0.0,142.0,1160.4177032913128,2.101847550677495,0.011886427656122701
44103.0,0.659354,0.625008,-0.417872,-0.600961,0.772116,0.2066,0.451772,0.114902,0.884703,153.31582,126.697381,358.977257,3.594655,3.592528,3.598235,89.975603,89.97007,89.975637,114.001017,0.060017,0.060647,81.052104,1.0,-160.900717,-283.034179,-124.203277,-283.034179,-528.128538,224.990899,-124.203277,224.990899,1022.138877,-151.503952,128.81756,-143.235742,128.81756,-288.794945,14.843812,-143.235742,14.843812,1153.686985,520.342565,1.0,4.253222,0.48494,1.321742,0.0,140.0,1389.0864781611676,2.669561499665451,0.012337742645150827
43904.0,-0.455134,-0.804387,-0.381856,0.456276,-0.578953,0.675741,-0.764634,0.13332,0.630523,-308.596768,109.668799,394.056891,3.598467,3.590961,3.595986,90.042601,90.041961,90.047326,63.733899,0.055699,0.047326,128.12673,1.0,-1073.679937,-455.088024,366.013994,-455.088024,304.597314,-154.959052,366.013994,-154.959052,1100.232322,-139.438516,-219.88315,117.37724,-219.88315,12.007571,-7.430903,117.37724,-7.430903,1172.831362,154.173388,1.0,3.65595,0.888569,4.885012,0.0,142.0,1262.0958512312684,8.186210782572077,0.007804772665313474
45246.0,-0.342389,0.624936,0.701587,-0.797347,-0.588259,0.134867,0.496998,-0.513231,0.699704,512.613992,-314.133835,428.387218,3.5943,3.596994,3.59791,89.984887,89.911442,90.049681,120.014416,0.060414,0.059371,104.46307,1.0,594.509164,-563.442172,136.473899,-563.442172,-439.753245,-171.80307,136.473899,-171.80307,1230.183359,-33.003926,-4.183038,98.397585,-4.183038,-203.262006,-57.238793,98.397585,-57.238793,1029.146277,834.997139,1.0,1.760711,0.795813,2.372262,0.0,135.0,1160.9144749921275,1.3903215002418439,0.00957276097667817
45350.0,0.661181,-0.130505,-0.738788,0.740571,-0.043944,0.67054,-0.119974,-0.990473,0.067594,328.745885,-101.272218,402.068266,3.593861,3.600294,3.591969,90.003514,89.988878,90.005627,74.996206,0.053444,0.051488,122.578289,1.0,-593.603353,268.749715,279.715621,268.749715,-376.383485,107.327664,279.715621,107.327664,1499.479778,-386.763048,41.609221,196.205106,41.609221,-195.922884,-25.498887,196.205106,-25.498887,1472.42902,332.527269,1.0,3.975379,1.503151,3.262133,0.0,142.0,1780.1306322411417,5.353337299507734,0.008158051545327085
45627.0,0.846209,-0.316193,-0.428897,0.502029,0.742878,0.44283,0.178598,-0.590045,0.787368,51.493885,-234.506781,392.521208,3.594586,3.596292,3.59678,90.070252,89.99865,90.023166,132.280035,0.086561,0.075663,94.165872,0.819444,50.007343,-39.096553,-0.9295,-39.096553,-210.692715,-154.795554,-0.9295,-154.795554,1116.337024,-105.455391,-42.421606,-23.842044,-42.421606,-291.26927,-174.400795,-23.842044,-174.400795,1314.550301,670.806739,1.0,3.911009,0.664268,2.847674,0.0,116.0,1529.505633704821,2.280098789682584,0.008702133613757646
44663.0,0.152995,0.984965,-0.080225,-0.969398,0.165356,0.181454,0.191992,0.050008,0.980122,-36.272949,-366.245294,444.81831,3.592077,3.592531,3.600636,89.982405,89.978994,89.986165,128.066079,0.068886,0.066039,88.847887,0.972603,-595.290203,-81.432169,14.901875,-81.432169,-752.914389,281.098154,14.901875,281.098154,1633.085415,-418.126498,15.50601,-59.015543,15.50601,-451.410611,160.859679,-59.015543,160.859679,1692.27581,543.83048,1.0,3.557876,0.199723,1.315987,0.0,140.0,2132.4511560472197,3.9211688834491585,0.010946833209438058
43911.0,-0.637763,0.442614,-0.630358,0.60463,0.794692,-0.053729,0.477159,-0.4154,-0.774443,94.54129,-110.146565,256.369992,3.593806,3.595928,3.596341,89.937462,90.151705,89.988974,147.462868,0.074584,0.079101,78.364407,0.902778,-1289.367779,381.945385,-16.425679,381.945385,246.641172,176.024382,-16.425679,176.024382,1554.86073,83.631697,94.017875,-107.329179,94.017875,-270.131277,-71.849326,-107.329179,-71.849326,1214.264664,493.237063,1.0,4.797419,2.456631,2.287111,0.0,129.0,1350.035613640303,2.737092799614499,0.011520255618089472
45292.0,-0.316555,0.646525,0.694117,-0.666255,0.369321,-0.647847,-0.675201,-0.667538,0.31384,316.454665,-282.122911,325.539796,3.598211,3.595423,3.592479,90.036749,89.960334,89.922849,105.370206,0.064625,0.060219,121.733059,1.0,-843.172689,125.365908,-277.981761,125.365908,310.785561,549.841657,-277.981761,549.841657,1057.561902,-8.747455,-85.101891,112.819261,-85.101891,-88.10978,111.334747,112.819261,111.334747,1024.396782,491.605208,1.0,0.819863,1.251561,3.932698,0.0,140.0,1086.2562217680622,2.209610891201263,0.008214695401682135
45073.0,0.372878,-0.679126,-0.632258,0.728549,0.636258,-0.253756,0.574612,-0.366011,0.732023,575.869759,181.533456,495.75037399999997,3.596537,3.594228,3.596227,90.052636,89.973885,90.04879,141.098343,0.068328,0.066996,102.375232,0.992857,-117.333102,352.396702,205.736786,352.396702,-96.850656,-44.865287,205.736786,-44.865287,984.441307,-242.51328,139.418013,-59.214756,139.418013,-148.359936,-12.990659,-59.214756,-12.990659,1261.721313,490.164782,1.0,5.094058,0.74951,2.137957,0.0,139.0,1465.3642008205761,2.9895338356246413,0.009698214896353056
43914.0,0.647861,-0.269109,0.712641,-0.373776,0.702857,0.605213,-0.663753,-0.658462,0.354767,172.776809,-179.466361,586.437912,3.596627,3.596062,3.595329,90.048648,90.011973,89.960419,107.276226,0.081671,0.068335,80.366452,0.934783,275.91941,-90.444201,60.549498,-90.444201,-180.707361,38.338473,60.549498,38.338473,960.702416,146.320071,-36.793009,220.602121,-36.793009,-150.980918,108.508666,220.602121,108.508666,1111.816824,555.201687,1.0,2.274857,1.208131,3.930993,0.0,128.0,1163.5978092024168,2.095811011471975,0.011631507634553782
45503.0,-0.194638,0.656177,-0.729073,-0.318352,0.660791,0.679711,0.927776,0.3644,0.08028,364.90795,242.88315,426.786051,3.6007,3.597181,3.595071,90.047441,89.989575,89.988978,123.927115,0.059713,0.057636,98.708951,0.950704,801.580332,342.674617,-65.464035,342.674617,54.74165,-342.754953,-65.464035,-342.754953,1572.238915,25.488366,-86.29731,-330.553756,-86.29731,-248.593779,-232.80682,-330.553756,-232.80682,1431.629462,561.097662,1.0,3.962015,1.49043,1.196541,0.0,135.0,1601.8539233963584,2.8548575976713986,0.009631385911496516
44334.0,0.26071,0.945705,0.194095,-0.321295,-0.104594,0.941185,0.910384,-0.307738,0.276582,-46.32487,-270.388626,505.507174,3.601071,3.594097,3.591905,90.008004,89.960514,90.02124,99.448654,0.065406,0.060562,101.983737,0.965753,-152.233255,-209.985624,354.536395,-209.985624,-726.308307,-439.480841,354.536395,-439.480841,1671.946228,-258.456839,-10.113215,302.20944,-10.113215,-308.366372,-140.118428,302.20944,-140.118428,1632.490384,390.403494,1.0,2.938219,1.290561,1.896769,0.0,140.0,1938.0010711914538,4.964097660436035,0.009469676523032294
45612.0,-0.707349,0.010157,0.706791,-0.659556,0.350167,-0.665108,-0.254251,-0.936632,-0.240991,373.470662,-206.216364,573.111882,3.594151,3.600584,3.596003,90.010927,90.057497,89.978269,142.34483,0.059354,0.06416,75.690049,0.950704,590.821484,-309.439638,88.28731,-309.439638,-200.071182,-620.278411,88.28731,-620.278411,1421.553098,561.771367,-40.655089,79.860548,-40.655089,-582.798821,-274.814059,79.860548,-274.814059,1469.544188,688.026917,1.0,0.815772,1.814183,3.406657,0.0,135.0,1798.8238104403943,2.6144672046898916,0.01256048863173546
44887.0,0.196509,0.685438,-0.701113,0.536416,0.523402,0.662048,0.820757,-0.506187,-0.264827,301.106591,-103.918817,497.285352,3.597205,3.593411,3.592398,89.979089,90.00696,90.046227,150.048253,0.060757,0.066336,82.70809,0.934783,-734.837178,82.923684,0.676811,82.923684,-333.044232,339.379532,0.676811,339.379532,732.084155,-56.827436,-104.665755,228.961732,-104.665755,-625.214545,152.67634,228.961732,152.67634,1228.022543,526.268706,1.0,3.95564,1.83882,2.123428,0.0,129.0,1664.0949143951093,3.162063211098684,0.011302195468423948
45547.0,-0.670436,0.15495,0.725607,-0.719604,0.102503,-0.686778,-0.180793,-0.98259,0.042781,-78.057894,22.5512,237.79707,3.59206,3.600138,3.592154,90.007752,89.997963,90.015782,148.50366,0.087206,0.087151,81.95032,0.926667,-681.788045,48.437375,-383.149335,48.437375,-662.254912,-366.249486,-383.149335,-366.249486,1380.742715,-372.231512,-12.455371,-176.318348,-12.455371,-451.44336,-149.993491,-176.318348,-149.993491,1459.762654,618.000714,1.0,0.812883,1.528002,3.323554,0.0,139.0,1883.5866829332842,3.047871370150689,0.011307667865116328
43925.0,-0.72389,-0.278121,-0.631373,0.686229,-0.384742,-0.617304,-0.07123,-0.880127,0.469365,233.845773,-272.828808,409.18938,3.593565,3.598267,3.593382,90.040327,90.02015,89.985582,132.152942,0.058858,0.060591,72.347705,0.911765,-479.835942,-17.257387,319.784348,-17.257387,-237.460636,193.003952,319.784348,193.003952,993.511405,-627.970003,131.70956,74.527586,131.70956,-301.876723,235.501083,74.527586,235.501083,1004.218345,721.882283,1.0,5.48652,1.082225,3.222349,0.0,124.0,1515.553323263303,2.099446625791899,0.012602542126249892
44117.0,0.711888,0.189125,0.676348,-0.678719,-0.062154,0.731764,0.180432,-0.979984,0.084116,-198.517663,471.3959,439.886189,3.597076,3.601384,3.593168,90.018126,89.96886,89.956556,149.741528,0.055878,0.064983,98.674727,0.993243,518.612156,-615.798623,-383.836699,-615.798623,-151.589653,389.132061,-383.836699,389.132061,1693.307183,-181.652623,20.795581,-221.030167,20.795581,-363.435082,-21.355314,-221.030167,-21.355314,1532.290473,535.287179,1.0,2.395529,1.486581,2.959514,0.0,147.0,1821.9543681346731,3.4036951371381026,0.010065829723552211
44931.0,-0.108285,0.623559,0.774241,-0.915626,-0.365881,0.166614,0.387173,-0.690873,0.610566,132.306675,32.756603,415.807357,3.595552,3.59556,3.594655,90.07851,89.970585,90.010862,74.938163,0.061446,0.053491,87.97719,0.986111,-615.200095,-45.988472,17.313598,-45.988472,161.033404,33.55577,17.313598,33.55577,883.50232,-272.13733,-123.067954,5.118147,-123.067954,-89.115115,-63.785922,5.118147,-63.785922,1034.940581,403.485343,1.0,1.782761,0.914021,2.630791,0.0,142.0,1231.7288348458537,3.0527226235473286,0.01120871216732428
44007.0,0.312995,0.522905,-0.792846,-0.155797,0.85175,0.500249,0.936889,-0.033053,0.34806,110.380088,447.797035,408.179781,3.598747,3.591908,3.593934,89.863483,89.980953,90.006632,134.573272,0.099779,0.084954,99.993204,0.875,-1336.728969,-774.272793,516.78509,-774.272793,401.221812,175.863557,516.78509,175.863557,1035.012921,-462.232114,-23.349577,327.266062,-23.349577,-335.717724,109.240223,327.266062,109.240223,1222.377823,543.90232,1.0,4.149519,1.215295,1.606061,0.0,126.0,1652.4150236704581,3.0380731298782804,0.00875059469041516
43934.0,0.531334,0.805915,-0.261123,-0.298031,0.466351,0.832883,0.793008,-0.364717,0.487975,87.467558,391.644718,510.61406999999997,3.596593,3.59748,3.594265,90.04312,89.916341,90.002136,123.452403,0.069141,0.068881,111.94311,1.0,571.324119,406.621635,-144.255378,406.621635,-530.331621,91.453179,-144.255378,91.453179,1103.200548,-152.434056,-15.239182,-109.126787,-15.239182,-56.271521,-35.590044,-109.126787,-35.590044,1132.338627,268.16869,1.0,3.445403,1.061028,2.001866,0.0,144.0,1243.5420124307357,4.637163318472173,0.00893310896936846
44167.0,0.545206,0.782077,-0.301838,-0.559886,0.607691,0.56324,0.623921,-0.138087,0.769191,236.484905,87.172172,339.495774,3.596465,3.594023,3.596878,90.01329,89.936063,90.014293,129.324788,0.066679,0.064725,101.914582,0.992424,-160.728294,-93.020228,49.457579,-93.020228,-81.442096,-39.352911,49.457579,-39.352911,1116.507186,225.238955,93.22648,-7.629738,93.22648,-148.666149,231.696418,-7.629738,231.696418,1256.331971,786.709694,1.0,3.633543,0.693222,1.788607,0.0,131.0,1278.7936661222004,1.6254962610416244,0.009737801799550137
44344.0,0.266277,0.115452,0.956957,-0.338113,0.940905,-0.019434,-0.902649,-0.318385,0.289577,262.7272,370.134126,447.086753,3.599419,3.592816,3.594622,89.985759,90.03124,89.936596,93.119395,0.055819,0.055912,93.789281,0.985714,-22.480541,143.833132,-225.70501,143.833132,-685.920149,203.158643,-225.70501,203.158643,1441.133574,-249.31435,26.925268,-300.396662,26.925268,-190.280726,290.297871,-300.396662,290.297871,1331.30719,420.014838,1.0,1.550491,1.277011,4.37329,0.0,138.0,1593.7272626376334,3.794454667903026,0.01050987905536881
44505.0,0.274689,0.865162,-0.419573,-0.754331,0.464491,0.463932,0.596264,0.189059,0.780209,-187.493885,100.627075,320.13381200000003,3.595404,3.595371,3.597304,89.977378,89.923033,89.988294,55.966336,0.052777,0.049042,126.936346,0.992857,21.027529,179.11026,-23.260522,179.11026,-160.541677,83.908972,-23.260522,83.908972,1212.036707,25.380706,71.766211,-6.633167,71.766211,-119.861764,27.219265,-6.633167,27.219265,1227.1923,255.199412,1.0,3.876824,0.675797,1.26375,0.0,139.0,1282.361892837347,5.02494062500954,0.007821691984106743
45606.0,-0.683015,0.710146,0.17083,-0.646916,-0.696749,0.309903,0.339102,0.101156,0.935295,77.162982,341.741305,209.521251,3.592304,3.59216,3.599309,90.040668,90.013041,89.991025,117.090476,0.055622,0.053624,82.913383,0.986111,-776.385675,125.205533,146.247825,125.205533,-240.759178,820.901235,146.247825,820.901235,892.714883,-548.184538,-37.472162,67.959059,-37.472162,-268.720859,357.204075,67.959059,357.204075,1440.027226,457.124063,1.0,2.6378,0.361704,1.280896,0.0,142.0,1890.9431517250805,4.136608209410933,0.011893266977177857
44886.0,-0.069208,-0.335848,0.93937,-0.916007,0.394369,0.07351,-0.395147,-0.855382,-0.334933,255.621162,376.464511,536.791572,3.597302,3.597985,3.594502,89.935055,90.058105,89.930182,119.376503,0.065043,0.059799,85.490361,0.972603,-216.920693,727.499923,201.156796,727.499923,397.262935,86.438525,201.156796,86.438525,1366.92621,-723.488974,49.662958,23.160657,49.662958,20.327098,-49.793081,23.160657,-49.793081,1355.437521,593.411091,1.0,1.648892,1.912331,3.574343,0.0,142.0,1825.6424659143852,3.0765223191866244,0.011376756263785108
44001.0,-0.646305,-0.146155,-0.748952,0.709834,0.245049,-0.660369,0.280046,-0.958431,-0.05463,207.538706,-179.546516,439.948625,3.593855,3.601077,3.594029,89.975247,89.982551,90.009586,70.189646,0.056869,0.047038,97.717355,0.993056,2.807653,-60.782485,365.509762,-60.782485,-346.344559,-318.909152,365.509762,-318.909152,1662.331734,10.394576,-7.91435,34.671709,-7.91435,-312.40832,-254.794708,34.671709,-254.794708,1636.118327,394.218925,1.0,5.435015,1.625454,2.857314,0.0,143.0,1822.5275278646852,4.623135553080526,0.01016253458763799
45075.0,0.042908,0.978571,-0.201391,-0.160386,0.205709,0.965381,0.986121,-0.009123,0.165776,494.790515,17.846611,224.498084,3.600335,3.603409,3.592102,90.051461,89.957894,90.073077,180.678774,0.105099,0.091422,73.261123,0.830986,2399.582032,332.439383,-691.316923,332.439383,-792.55562,-169.237141,-691.316923,-169.237141,1625.718883,-385.060774,-37.819714,236.470507,-37.819714,-733.90945,-321.653086,236.470507,-321.653086,1486.032268,592.89232,1.0,3.347256,1.404252,1.580047,0.0,118.0,2096.6687638556978,3.5363398936516797,0.01134279636963796
44225.0,0.425649,-0.223229,0.876922,-0.474992,0.769729,0.426498,-0.770199,-0.598069,0.221602,-262.826812,13.754527,228.627564,3.597501,3.594672,3.591227,89.931025,90.043967,89.911671,144.50593,0.051436,0.059326,68.939878,0.835714,-1282.674116,256.778261,-629.94062,256.778261,-30.043582,74.385045,-629.94062,74.385045,1082.358147,53.540024,239.966916,-183.490987,239.966916,-136.576488,26.199441,-183.490987,26.199441,921.04979,608.79621,1.0,2.02347,1.347339,4.052134,0.0,117.0,1011.2368755259077,1.6610433161630684,0.012122359717549835
45229.0,-0.311107,0.583081,0.750486,-0.781185,-0.60663,0.147481,0.54126,-0.540386,0.644221,-205.376011,-241.73146,450.352596,3.59982,3.595263,3.597972,90.077622,90.03954,90.014594,127.051779,0.059387,0.057912,113.906783,1.0,307.126083,894.552453,38.464036,894.552453,1014.490674,-11.580379,38.464036,-11.580379,1134.86417,510.487605,161.073776,-84.906038,161.073776,-74.530152,73.285696,-84.906038,73.285696,1225.137849,455.022501,1.0,1.764837,0.870792,2.355386,0.0,136.0,1140.152302291419,2.505705321793348,0.008779108439924951
43956.0,0.499615,0.865718,-0.030299,-0.28789,0.19893,0.936774,0.81701,-0.459304,0.34862,52.691803,159.121931,250.89263,3.596675,3.593392,3.594448,90.05188,89.937947,90.023008,132.858823,0.077439,0.076016,75.694301,0.828767,-313.135132,-215.634426,211.888826,-215.634426,-479.569326,345.83158,211.888826,345.83158,873.857554,-570.831583,-173.019915,143.750415,-173.019915,-46.972012,75.747441,143.750415,75.747441,1135.298215,697.745693,1.0,3.173925,1.214698,2.08294,0.0,121.0,1527.6742533715178,2.1894427564334933,0.010948869188976328
44363.0,0.256948,-0.361863,0.896121,-0.339089,0.834545,0.434226,-0.904984,-0.415438,0.091731,-212.907279,-359.502432,318.000265,3.5981,3.590967,3.595775,90.062968,89.995819,89.958969,141.098695,0.077005,0.076816,73.784931,0.855072,461.515605,137.312216,-78.596829,137.312216,-1181.176563,483.672994,-78.596829,483.672994,891.854188,-369.038035,229.880032,-326.996612,229.880032,-631.639091,307.401944,-326.996612,307.401944,1089.153845,679.725985,1.0,2.022018,1.478936,4.28203,0.0,118.0,1664.0030881759083,2.448049839047875,0.011588707726785026
43958.0,-0.575182,-0.651255,0.495007,0.6032,0.071082,0.794417,-0.552554,0.755522,0.351952,-24.523487,-82.282231,553.609826,3.595101,3.596657,3.595389,89.950594,90.043584,90.043266,96.267109,0.062555,0.059115,99.204942,0.979452,-40.881615,27.566324,72.680718,27.566324,-195.1967,244.63825,72.680718,244.63825,1049.398561,-121.686651,35.83568,-3.699173,35.83568,-30.440745,27.136652,-3.699173,27.136652,1145.082568,470.896782,1.0,2.584355,1.211141,5.651725,0.0,143.0,1224.3235980654176,2.5999829365268794,0.009873016205180584
44183.0,0.552944,0.781684,0.288483,-0.584089,0.116728,0.803252,0.594216,-0.612653,0.521118,540.711419,-421.221316,448.428997,3.587781,3.593151,3.594856,90.056958,89.873525,90.13962,217.612184,0.062092,0.070065,78.58419,0.971429,-1784.207156,1045.289061,-182.044096,1045.289061,-1608.57632,604.632177,-182.044096,604.632177,1041.284121,-536.146415,-122.446078,28.991376,-122.446078,-123.266872,-189.345766,28.991376,-189.345766,816.896119,584.82755,1.0,2.796796,1.022636,2.371471,0.0,136.0,1217.0924588933703,2.0811134135068885,0.012361634064052832
45152.0,0.472495,-0.557411,-0.682673,0.801305,0.594214,0.06942,0.366958,-0.57983,0.727419,424.865782,38.390779,342.037595,3.594547,3.595605,3.596879,90.053096,89.94412,90.015944,42.753922,0.04992,0.039206,171.774664,1.0,-254.409141,-150.154194,-110.940076,-150.154194,-63.189023,80.456943,-110.940076,80.456943,1098.607106,-27.396782,92.59004,-64.884564,92.59004,95.356454,94.439269,-64.884564,94.439269,1075.540705,418.948906,1.0,4.611049,0.756243,2.577352,0.0,150.0,1054.7163527720775,2.517529793411317,0.005821580300107587
44968.0,0.323734,-0.859161,-0.39628,0.879481,0.118823,0.460862,-0.348868,-0.497718,0.794084,391.877613,303.404652,418.024286,3.596439,3.593253,3.598287,90.133828,89.994282,90.010304,102.392814,0.060555,0.054207,145.95301,1.0,-860.716673,568.594361,31.491919,568.594361,463.139761,468.201255,31.491919,468.201255,1440.427396,-114.762326,44.112934,-53.14102,44.112934,-16.384596,88.010618,-53.14102,88.010618,1035.542958,209.141707,1.0,3.851787,0.653298,3.752946,0.0,146.0,1108.649106970484,5.3009470127853735,0.0068515202255849325
45082.0,-0.219041,-0.473819,0.852946,-0.84626,0.527374,0.075637,-0.48566,-0.705246,-0.51649,257.895215,341.120869,456.078271,3.591812,3.595789,3.593161,89.884479,89.912821,89.968684,148.990499,0.085207,0.069053,81.32777,0.923611,-1336.4141,-318.284551,-280.709827,-318.284551,-765.367454,-357.520672,-280.709827,-357.520672,1136.523796,-239.445899,90.589207,154.426307,90.589207,-395.194019,74.388911,154.426307,74.388911,1154.465812,717.560516,1.0,1.659242,2.113543,3.744653,0.0,133.0,1487.4599700427066,2.0729401031350876,0.011356649764281006
45641.0,0.759695,-0.628513,0.166837,0.423136,0.672603,0.607093,-0.493781,-0.390611,0.776919,475.869443,-332.920398,484.336936,3.595482,3.591283,3.596223,90.132204,90.030044,89.963159,163.006613,0.067996,0.074897,77.599869,0.929577,-381.732293,765.39602,248.480142,765.39602,-1140.622796,-91.332665,248.480142,-91.332665,1176.731221,-96.559536,174.961301,38.482868,174.961301,-125.297786,-9.438779,38.482868,-9.438779,1093.355695,581.082067,1.0,2.8734,0.681039,4.043123,0.0,132.0,1214.518972375783,2.0900988713110347,0.011979105274005038
45741.0,-0.805414,0.200092,0.557917,-0.561002,-0.561112,-0.60863,0.191272,-0.803191,0.56418,-50.421037,-210.805971,269.926247,3.59214,3.595057,3.595378,90.091428,89.983859,90.072085,152.989461,0.070759,0.073275,81.870247,0.944444,-513.044693,-238.73791,-58.515696,-238.73791,-979.237857,-358.258482,-58.515696,-358.258482,1032.667295,-578.496557,7.687471,196.599348,7.687471,-224.501226,-100.420173,196.599348,-100.420173,1013.918503,710.060213,1.0,0.741953,0.971357,2.907807,0.0,132.0,1460.8171961004675,2.0573145338316086,0.011535863572025132
43976.0,-0.50232,-0.847438,0.171825,0.561546,-0.168607,0.810085,-0.657525,0.50341,0.56057,-303.933859,-116.741125,234.062839,3.596202,3.593983,3.595659,89.950984,90.040333,90.031259,113.964523,0.062088,0.061065,87.110652,0.985915,-337.213929,-199.236825,138.619818,-199.236825,-95.722603,87.287985,138.619818,87.287985,883.946602,-284.838952,-0.348768,-16.855802,-0.348768,-125.638161,55.469144,-16.855802,55.469144,1151.864687,796.707844,1.0,2.932583,0.975722,5.365807,0.0,140.0,1365.0123375401026,1.7133160515739851,0.011317961435990629
45621.0,0.825906,-0.369309,-0.426017,0.496648,0.834205,0.239672,0.266873,-0.409527,0.872392,397.606122,-211.530424,264.681907,3.595497,3.593537,3.595153,90.105517,89.971353,90.042924,215.842975,0.111818,0.110677,84.448443,0.84507,-119.065451,394.121336,403.853518,394.121336,-794.36135,-295.588154,403.853518,-295.588154,901.943663,-601.017859,24.755187,178.07717,24.755187,-214.833632,175.362514,178.07717,175.362514,1417.919128,597.837796,1.0,4.199933,0.510722,2.56405,0.0,120.0,1868.922263439596,3.126136012048987,0.010006934053242402
45564.0,-0.670315,0.665816,0.32767,-0.706351,-0.70783,-0.006691,0.22748,-0.235935,0.944768,150.063593,-343.780608,245.057066,3.592501,3.593967,3.600153,90.110059,89.94714,89.889156,186.122369,0.081655,0.090904,71.644177,0.912162,-1700.492599,-70.776196,107.770885,-70.776196,542.327486,392.476393,107.770885,392.476393,1822.134769,-750.609142,-164.799753,329.393138,-164.799753,-623.348583,-13.985731,329.393138,-13.985731,1733.335931,645.029586,1.0,1.550379,0.333909,2.374438,0.0,135.0,2443.7595904689883,3.7886007766300946,0.012731837229423405
45708.0,0.459746,0.583739,-0.66924,0.161245,0.686208,0.709309,0.873289,-0.434013,0.221356,382.826947,21.92249,339.921214,3.598707,3.592616,3.594809,89.996611,89.923126,90.069828,108.747012,0.056119,0.060554,116.762253,1.0,-723.620585,-268.837841,88.202059,-268.837841,-192.488745,446.626431,88.202059,446.626431,1446.403533,48.257596,44.061278,242.656182,44.061278,-98.824987,274.268987,242.656182,274.268987,1336.819855,461.382924,1.0,3.897933,1.347592,2.032031,0.0,146.0,1404.8438415122987,3.0448544331309035,0.008564411651083847
44574.0,-0.001266,-0.564627,-0.825345,0.661286,0.618647,-0.424237,0.750133,-0.546326,0.372597,296.528139,45.386791,261.677658,3.597438,3.594663,3.594518,90.064272,89.999671,90.044629,98.815668,0.062823,0.062196,93.692111,0.992647,-572.375842,281.800324,39.549305,281.800324,282.348985,89.803007,39.549305,89.803007,956.318283,-243.53671,102.399326,-15.660132,102.399326,122.064677,-35.145851,-15.660132,-35.145851,1120.268471,614.412888,1.0,5.187183,1.188991,2.200268,0.0,134.0,1226.374514385349,1.9960104000704963,0.010594776757671731
44375.0,0.251533,-0.187574,0.949498,-0.349629,0.897182,0.26986,-0.902491,-0.399851,0.160089,528.438414,337.131835,275.613564,3.599574,3.594009,3.594488,90.001038,90.004918,89.957086,45.133883,0.04913,0.038946,140.444311,1.0,-37.953515,11.342256,-266.498212,11.342256,-235.94672,255.429003,-266.498212,255.429003,1344.883997,-241.048439,42.50279,-61.08092,42.50279,-204.401037,244.803744,-61.08092,244.803744,1373.270421,138.197732,1.0,1.847707,1.410015,4.295328,0.0,146.0,1611.6164248583264,11.66167057545001,0.007120259929930519
43985.0,-0.650168,-0.455069,-0.608435,0.697824,-0.674409,-0.241276,-0.300537,-0.581451,0.756037,266.786039,453.12164,263.96481800000004,3.595634,3.593769,3.599332,90.06422,90.15109,89.982173,158.9764,0.084716,0.075715,116.125084,1.0,-742.01605,73.486452,-130.239137,73.486452,187.366777,-1006.196282,-130.239137,-1006.196282,1806.52647,-176.326791,-54.455294,-74.78505,-54.455294,-103.147106,-64.841172,-74.78505,-64.841172,1051.935917,247.993055,1.0,5.089919,0.713559,3.618649,0.0,146.0,1197.360675962908,4.828202450923104,0.00861140388927512
43989.0,-0.095027,0.342334,-0.93476,0.212172,0.924399,0.31697,0.972601,-0.16821,-0.160476,156.58534,-124.2303,397.185616,3.599073,3.59448,3.59164,90.030306,90.048069,90.044741,131.696639,0.078621,0.074483,86.737506,0.802817,-630.947721,509.998313,-24.629288,509.998313,-459.131028,-95.825441,-24.629288,-95.825441,1360.160497,-421.626589,178.92613,88.885618,178.92613,-343.262704,-54.876442,88.885618,-54.876442,1415.99369,641.622835,1.0,4.385464,1.73197,1.742051,0.0,114.0,1808.6406779056629,2.8188533500458455,0.009255707675062735
45574.0,-0.649843,0.671598,0.355893,-0.672347,-0.726307,0.142927,0.354477,-0.146404,0.923532,541.98604,-170.922101,570.089862,3.593866,3.593844,3.601935,89.931863,89.996313,90.048237,135.92635,0.090525,0.072311,67.949485,0.824324,674.602547,1.517799,920.74499,1.517799,-741.709596,-66.975279,920.74499,-66.975279,1575.126015,-634.043202,164.882591,328.314545,164.882591,-410.002035,263.944911,328.314545,263.944911,1358.309305,591.137146,1.0,1.952681,0.393605,1.96247,0.0,122.0,1930.486129166284,3.2657161577971348,0.012131423806964836
45613.0,-0.73325,0.67829,0.047619,-0.679281,-0.733848,-0.006738,0.030375,-0.037287,0.998843,-165.651224,387.618014,279.465276,3.59408,3.596738,3.600785,89.921311,89.911782,89.961041,233.783685,0.074192,0.089956,99.724852,0.958904,-186.826084,-390.961814,-12.031682,-390.961814,565.200018,-1017.131995,-12.031682,-1017.131995,1672.982741,-541.234056,61.909375,62.931786,61.909375,-187.892337,158.905221,62.931786,158.905221,1469.688072,733.004167,1.0,1.430231,0.048112,2.458004,0.0,140.0,1866.2525367780722,2.5460326431924254,0.009615496847265313
44282.0,0.376024,0.902693,0.20917,-0.464572,-0.011655,0.885459,0.801735,-0.430128,0.414983,-176.51418,226.978215,449.119824,3.596498,3.594468,3.595779,90.00691,89.933608,90.102705,137.222551,0.082878,0.077258,76.144347,0.847222,-520.439342,437.885659,-132.191111,437.885659,-153.648072,76.774071,-132.191111,76.774071,1374.319909,-288.369188,109.428158,135.783225,109.428158,-84.091284,-235.791398,135.783225,-235.791398,1368.054641,699.019181,1.0,2.909618,1.142872,2.063213,0.0,122.0,1584.8045518018873,2.267183211674827,0.01112652525603772
45499.0,-0.572625,0.652603,0.496196,-0.683166,-0.714431,0.151235,0.453195,-0.252384,0.854937,-52.130901,-72.274034,561.617834,3.594547,3.594986,3.598107,90.045365,89.940538,90.019556,72.857938,0.061395,0.053143,103.640368,1.0,-182.086637,-96.014174,16.585235,-96.014174,-156.860618,165.393401,16.585235,165.393401,1289.772795,-157.620889,-77.690343,104.622519,-77.690343,-23.448081,118.010173,104.622519,118.010173,1235.331504,439.237384,1.0,1.86664,0.545367,2.078921,0.0,143.0,1339.6280916540013,3.049895433431507,0.009648749992859926
45030.0,0.19716,0.714533,-0.671245,0.298881,0.608282,0.735298,0.933701,-0.345594,-0.093631,221.6716,206.310359,246.862887,3.600183,3.593493,3.593954,89.945897,90.034622,90.00074,103.445026,0.081188,0.070143,109.784537,0.992754,-591.429915,116.181296,620.190683,116.181296,175.434717,161.620992,620.190683,161.620992,1363.901086,-212.519507,48.68792,202.644833,48.68792,-178.210126,119.557021,202.644833,119.557021,1457.518153,279.163553,1.0,3.881483,1.664565,1.925294,0.0,137.0,1666.1938523041156,5.96852215985414,0.009042748889126343
44441.0,0.35249,-0.334381,0.874036,-0.766353,0.432885,0.474672,-0.537079,-0.837138,-0.103666,191.657964,-386.779316,483.026221,3.593991,3.598273,3.594891,90.022136,89.960505,89.929711,99.752247,0.063796,0.060368,112.579239,1.0,296.644311,-33.123017,200.483665,-33.123017,-666.531329,-168.375302,200.483665,-168.375302,1185.061512,-84.120827,-72.689038,162.991229,-72.689038,-100.937272,-61.989157,162.991229,-61.989157,1313.74216,364.718634,1.0,2.068311,1.674649,3.712016,0.0,138.0,1415.8319740374636,3.8819841983655365,0.008882632436341126
44821.0,0.195377,-0.213408,-0.957228,0.937077,0.328574,0.118011,0.289335,-0.920052,0.264176,-258.043343,-192.227052,321.214876,3.594727,3.599551,3.594284,90.024335,89.998713,90.018535,87.527997,0.05193,0.052221,100.122944,1.0,-132.92229,4.208645,155.846514,4.208645,25.965895,-277.602858,155.846514,-277.602858,1314.846245,-373.80254,102.142216,-79.769838,102.142216,74.612041,-197.204672,-79.769838,-197.204672,1256.480783,462.598013,1.0,4.589724,1.303447,2.836908,0.0,138.0,1472.9633372942174,3.184110817385239,0.00998772069666669
44559.0,0.185742,-0.554091,0.81147,-0.513366,0.649443,0.560963,-0.837828,-0.520775,-0.163823,18.151322,159.22626,295.877516,3.597953,3.595287,3.594726,90.011869,89.97542,89.953492,118.225711,0.057647,0.064278,78.411189,0.944444,149.195671,-66.617868,-63.428858,-66.617868,-171.646417,179.162919,-63.428858,179.162919,1064.069112,267.206211,87.857662,-51.944033,87.857662,-256.9339,77.964022,-51.944033,77.964022,1253.824447,594.110174,1.0,2.175654,1.735361,4.156254,0.0,136.0,1333.2802579899055,2.2441633157251832,0.012044760601704433
44227.0,0.517612,0.809361,0.277512,-0.620405,0.131672,0.77315,0.589217,-0.572361,0.570286,438.561982,292.512202,514.518699,3.595677,3.593899,3.596672,90.06149,89.953399,90.037262,130.215598,0.075499,0.07393,88.683399,0.965278,-438.836151,-114.81904,238.573377,-114.81904,-29.04066,257.505346,238.573377,257.505346,1030.976364,-73.385058,51.533324,-105.002514,51.533324,-115.578072,15.679476,-105.002514,15.679476,1064.795448,602.889773,1.0,2.796978,0.963942,2.341685,0.0,139.0,1164.3468872034393,1.9312765605719429,0.010884539957698284
44379.0,0.439561,-0.215337,0.872018,-0.801783,0.343552,0.488995,-0.404883,-0.914113,-0.021641,124.084251,-24.478345,425.448821,3.593747,3.599252,3.591294,89.976644,90.032859,89.933456,132.61535,0.052225,0.06054,67.158282,0.8,-1130.694557,-37.555293,74.006095,-37.555293,-285.840408,-170.149062,74.006095,-170.149062,1435.734217,-870.044354,12.99206,87.412616,12.99206,-329.676413,-260.162475,87.412616,-260.162475,1541.94321,722.74784,1.0,2.081864,1.592439,3.558547,0.0,112.0,2205.2078068104597,3.0511440986256835,0.011912157014379851
44032.0,-0.400937,0.09325,-0.911347,0.527345,0.83695,-0.146362,0.749104,-0.539277,-0.384739,564.062121,216.033063,427.801775,3.597703,3.595332,3.594419,89.944006,90.004746,90.074338,96.954426,0.065947,0.059349,110.10369,1.0,-5.083291,-349.191503,-227.989632,-349.191503,-344.250208,-82.1493,-227.989632,-82.1493,1247.866155,-158.489625,14.640097,-8.404171,14.640097,-83.777728,212.978364,-8.404171,212.978364,1109.839087,274.393161,1.0,4.871629,1.965721,2.194751,0.0,142.0,1246.4806074266432,4.542681030693193,0.009082347739662494
45334.0,0.5911,-0.528944,-0.608949,0.66193,-0.113312,0.740952,-0.460923,-0.841058,0.283145,533.248722,371.61573,287.57491500000003,3.595626,3.596666,3.593444,90.063783,90.03609,89.909722,128.509405,0.069832,0.065514,104.877141,0.945946,-522.877313,130.839718,-309.079671,130.839718,-417.323089,-83.26396,-309.079671,-83.26396,1359.805536,-86.95986,266.117605,242.038418,266.117605,-277.627593,80.854069,242.038418,80.854069,1217.498066,580.779397,1.0,3.829514,1.283725,3.642921,0.0,140.0,1445.2116168992118,2.4884002847973132,0.009019563185842376
45734.0,-0.680797,0.637195,0.361244,-0.496468,-0.764034,0.412034,0.538548,0.101165,0.836499,-11.023039,54.92649,560.840361,3.595709,3.593806,3.598165,89.976389,89.940456,89.985971,60.286734,0.053069,0.048812,108.305383,1.0,-123.328938,142.407891,128.506359,142.407891,-173.201021,-3.470458,128.506359,-3.470458,1258.606498,-193.876779,123.6774,9.602493,123.6774,-20.588596,78.659312,9.602493,78.659312,1158.907906,316.424319,1.0,2.421782,0.579933,1.385112,0.0,140.0,1281.3334047640683,4.049415066495152,0.009233151412243285
44407.0,-0.257172,-0.942517,-0.213363,0.957297,-0.278649,0.077057,-0.13208,-0.184435,0.973929,289.497424,240.450433,239.279054,3.595589,3.591756,3.60003,90.086153,90.059609,90.027052,160.646921,0.064748,0.075386,114.141609,0.986301,-1129.96701,22.763391,292.654783,22.763391,241.918352,-194.226903,292.654783,-194.226903,1763.782135,-324.645243,41.722875,-151.444028,41.722875,-140.031339,-13.950519,-151.444028,-13.950519,1524.188424,339.139295,1.0,4.365814,0.228843,3.763066,0.0,142.0,1769.067791901403,5.216345666760329,0.00864102940760192
44495.0,0.173103,0.980061,-0.097551,-0.310124,0.148246,0.939067,0.934804,-0.132303,0.329602,557.017483,-81.559176,351.049486,3.600197,3.591344,3.595668,90.043073,89.971055,89.998408,65.007962,0.057176,0.04512,129.528068,0.993056,-791.680435,-537.761419,237.671038,-537.761419,99.656959,-114.571931,237.671038,-114.571931,1523.108796,-139.043911,-14.230199,51.379078,-14.230199,-126.063946,-213.196589,51.379078,-213.196589,1543.519447,155.653266,1.0,3.245102,1.234914,1.711392,0.0,143.0,1686.8816318918832,10.837431653325432,0.00766672440447425
44410.0,0.244181,-0.160261,0.956395,-0.380828,0.891167,0.246561,-0.891822,-0.424427,0.156574,417.685475,128.018201,275.750755,3.598497,3.594303,3.586436,90.024855,90.092378,89.988782,142.804362,0.094754,0.076572,86.929529,0.959459,-2371.870343,-528.14506,173.293468,-528.14506,-95.622147,467.476644,173.293468,467.476644,1079.747648,-742.556413,104.538656,-272.544296,104.538656,-169.738245,92.711831,-272.544296,92.711831,1221.63107,596.097792,1.0,1.823105,1.413575,4.268198,0.0,142.0,1769.5717001466783,2.9685929454787816,0.011037204630431162
45512.0,-0.58882,0.581453,0.561429,-0.691549,-0.721981,0.022443,0.418391,-0.375041,0.82722,596.900827,-253.454911,377.784057,3.596749,3.594017,3.597531,90.067955,90.016353,90.06811,79.578059,0.074278,0.056449,119.204144,1.0,484.64312,597.939095,-133.346286,597.939095,-408.250713,263.160352,-133.346286,263.160352,1056.313936,-83.72224,25.623636,214.311278,25.623636,-248.693644,69.638939,214.311278,69.638939,1213.033166,180.346349,1.0,1.61075,0.596654,2.301612,0.0,150.0,1400.4621788606219,7.7654035505904355,0.008388970101576335
45231.0,-0.268428,-0.535556,0.800703,-0.698087,0.68092,0.221411,-0.663793,-0.499527,-0.556643,56.3339,49.186573,480.164221,3.596016,3.595909,3.594645,89.96658,89.970602,89.950645,75.685468,0.05733,0.053585,112.495485,1.0,-134.970611,-8.718891,244.993145,-8.718891,-78.776729,-68.347909,244.993145,-68.347909,866.541073,-321.88859,-45.837242,102.66451,-45.837242,-70.916969,-90.102772,102.66451,-90.102772,1063.317402,427.821685,1.0,1.840576,2.161136,4.067267,0.0,134.0,1284.4082974297005,3.0022047560064666,0.0088892456439474
44056.0,0.210541,0.944816,-0.250988,-0.079388,0.272419,0.958898,0.974356,-0.181962,0.132362,-145.689317,4.077345,492.859266,3.600697,3.590919,3.593246,89.984861,90.015025,90.001729,91.431892,0.059882,0.058034,87.546147,1.0,-956.300915,-119.602014,574.175694,-119.602014,-360.931063,-272.042941,574.175694,-272.042941,1495.847356,-658.504474,-104.20223,265.404867,-104.20223,-342.495153,-196.202564,265.404867,-196.202564,1589.860099,423.406254,1.0,3.397595,1.438045,1.755421,0.0,146.0,2129.40037398313,5.029213323767131,0.01142254724242747
44245.0,0.56344,0.77296,0.291665,-0.720772,0.287378,0.630794,0.40376,-0.565639,0.719048,116.484078,461.867667,437.07489,3.595807,3.592437,3.595521,90.060445,89.949161,90.029987,116.255702,0.062133,0.058916,102.140555,1.0,-589.963661,-356.356362,421.086352,-356.356362,-298.985019,-58.191142,421.086352,-58.191142,761.263606,-166.35011,-20.022794,186.252001,-20.022794,-340.380405,179.653505,186.252001,179.653505,1082.95739,574.027498,1.0,2.708493,0.768364,2.521656,0.0,142.0,1363.4506600592085,2.375235794120804,0.009790430451449965
44677.0,0.105075,0.797621,-0.593935,-0.251142,0.599166,0.760215,0.96223,0.069283,0.263274,16.607951,-400.774059,440.185359,3.597477,3.592375,3.591113,90.160164,89.91175,89.909562,187.864053,0.102853,0.089421,90.211648,0.868056,591.28146,-162.920582,156.565573,-162.920582,-2577.982022,248.890716,156.565573,248.890716,1074.789326,-276.244638,-96.226841,145.024816,-96.226841,-463.587362,-127.684167,145.024816,-127.684167,1267.42405,594.703015,1.0,3.80481,1.304382,1.498918,0.0,125.0,1655.9443523337902,2.784489586510319,0.009622438113534963
44063.0,-0.436191,0.308042,-0.845487,0.594468,0.804001,-0.013763,0.675533,-0.508618,-0.533819,-259.528194,-222.046874,332.461493,3.596198,3.595631,3.594253,89.941466,89.9935,90.082882,70.29331,0.055284,0.048269,131.591926,0.992958,-26.158277,-301.567688,-413.645929,-301.567688,-401.122701,-348.233192,-413.645929,-348.233192,943.78122,-138.055576,-3.487563,-58.769105,-3.487563,170.708753,-7.123925,-58.769105,-7.123925,1074.733074,146.603855,1.0,4.728665,2.133907,2.21616,0.0,141.0,1092.869336894748,7.454574348640067,0.007545736506660751
45450.0,-0.421033,0.691088,-0.587476,-0.597036,0.27644,0.75308,0.682846,0.667816,0.296214,-179.933561,240.223605,426.169209,3.596909,3.596291,3.593941,89.926646,90.003918,89.953838,104.672074,0.051311,0.051767,82.647613,0.943662,-535.57702,347.083222,38.76936,347.083222,286.259062,62.398703,38.76936,62.398703,1061.029625,-110.156813,108.562914,-59.982355,108.562914,97.919116,103.193469,-59.982355,103.193469,1044.149138,523.191689,1.0,3.80408,1.27007,0.796526,0.0,134.0,1074.736734543629,2.05419305608203,0.011417897816359197
44065.0,-0.593013,-0.466396,-0.656362,0.757276,-0.046044,-0.65147,0.273621,-0.883377,0.380495,-129.281543,35.984811,304.390428,3.593634,3.595575,3.593865,90.056055,89.969059,90.064249,157.976802,0.068708,0.070402,79.83981,0.854167,-562.2168,28.668002,-321.972784,28.668002,-536.248103,144.319313,-321.972784,144.319313,778.435347,8.601055,-117.042059,377.949928,-117.042059,-274.698643,87.00194,377.949928,87.00194,607.900106,889.203362,1.0,5.494047,1.180465,2.84122,0.0,123.0,855.7365590453785,0.9623631619213092,0.010698509928818718
45658.0,0.604278,0.520154,-0.603564,0.294368,0.558172,0.775752,0.740403,-0.646439,0.184174,509.093669,32.074693,483.69637,3.597117,3.594377,3.594352,89.969433,89.974104,90.096565,120.545542,0.050015,0.056095,92.241991,0.992857,-688.392909,-191.408076,399.637768,-191.408076,17.732424,12.648399,399.637768,12.648399,1121.24398,-354.729214,-62.061569,-26.671344,-62.061569,-80.217762,109.961997,-26.671344,109.961997,1174.522756,791.559259,1.0,3.802797,1.385565,2.288545,0.0,139.0,1416.5669507865737,1.7895905261422427,0.010763611986649334
45264.0,-0.400771,0.688866,0.604025,-0.859535,-0.054486,-0.508163,-0.317145,-0.722839,0.613941,-115.283516,-323.73314,439.570019,3.595743,3.595673,3.595875,90.06662,89.966359,89.941744,144.518856,0.075455,0.078713,72.793332,0.868056,-624.305673,-170.981021,-60.722345,-170.981021,559.854999,10.652229,-60.722345,10.652229,917.395681,-53.342534,-84.75012,-100.127466,-84.75012,-102.687561,77.00375,-100.127466,77.00375,993.033351,658.916092,1.0,0.871378,0.909753,3.555052,0.0,125.0,1079.9648712101155,1.6390021192715314,0.011924938399577588
45094.0,0.032862,0.091009,0.995308,-0.176953,0.980643,-0.083826,-0.983671,-0.173368,0.048331,326.864907,106.38373,498.125227,3.600439,3.593117,3.591461,89.997812,89.988865,90.01823,112.852262,0.066979,0.061589,103.757621,1.0,-896.751298,25.091573,-171.163494,25.091573,-335.956011,513.583443,-171.163494,513.583443,1454.222733,-675.576438,181.594327,21.813791,181.594327,-261.435149,198.279165,21.813791,198.279165,1691.898759,524.029738,1.0,1.486773,1.522447,4.537935,0.0,144.0,2202.3981956416883,4.202811474110823,0.009637846264805936
45170.0,-0.271195,0.868898,-0.414089,-0.807043,0.029177,0.589771,0.524533,0.494131,0.693325,-46.21594,-304.542459,529.136212,3.596753,3.595817,3.596238,89.950414,89.950824,89.961401,52.025626,0.056367,0.047956,122.808894,1.0,-35.181904,80.955944,35.8003,80.955944,99.884492,-163.804561,35.8003,-163.804561,1210.686302,-84.074881,-25.920853,-39.785437,-25.920853,26.295233,26.130186,-39.785437,26.130186,1234.63905,204.859894,1.0,3.753738,0.804703,0.815234,0.0,146.0,1268.0081055176383,6.189635661520152,0.008142732724227612
44335.0,0.363727,0.356264,0.860685,-0.538456,0.834376,-0.117821,-0.76011,-0.420586,0.495318,-259.0927,-349.993515,501.336809,3.597287,3.595407,3.594727,90.047646,90.052403,89.994724,54.899402,0.058754,0.046472,151.849041,1.0,-415.282251,-127.686904,49.636669,-127.686904,316.76572,95.04233,49.636669,95.04233,988.046518,-148.430785,35.45129,1.922308,35.45129,102.54748,89.204186,1.922308,89.204186,1032.30604,316.89166,1.0,1.434749,1.052595,4.206998,0.0,150.0,1080.6033808370012,3.4100088996883073,0.006585487754249301
44872.0,0.248107,-0.257663,-0.933838,0.897866,0.423081,0.121814,0.363702,-0.868684,0.336316,490.285017,478.630344,566.888832,3.590126,3.59952,3.592538,90.044491,89.909433,89.976478,147.680514,0.062491,0.062069,86.384075,0.992857,-1104.192368,-859.634105,-173.466113,-859.634105,-518.165365,-802.907445,-173.466113,-802.907445,1054.332869,-228.197355,-127.535809,167.02441,-127.535809,-138.087533,-272.252011,167.02441,-272.252011,1279.347943,576.532134,1.0,4.582677,1.227794,2.745086,0.0,139.0,1494.5503461871303,2.592310572210239,0.01149351891537879
45329.0,0.602963,-0.534439,-0.592292,0.684426,0.727991,0.039872,0.409874,-0.429422,0.804736,433.554751,-104.400045,281.378087,3.592707,3.597228,3.598553,89.992261,89.830612,89.98451,144.721203,0.080047,0.075737,138.353005,1.0,-736.811849,-1113.583092,-205.691203,-1113.583092,320.506567,534.68857,-205.691203,534.68857,1599.115877,55.445103,54.668919,-167.683909,54.668919,-111.58348,95.269486,-167.683909,95.269486,1258.394045,166.620928,1.0,4.645172,0.635566,2.37948,0.0,148.0,1306.1579942928636,7.839099265446797,0.0072278878221690955
44664.0,0.136043,0.900031,-0.414049,-0.69955,0.383209,0.603142,0.701514,0.207595,0.68175,58.379439,178.157024,538.882076,3.596764,3.594853,3.595197,90.007383,89.92837,89.995615,109.317063,0.080983,0.075377,101.170849,1.0,44.63526,111.156015,-108.6866,111.156015,-252.096441,-274.993674,-108.6866,-274.993674,928.343906,114.230918,154.807628,-10.975407,154.807628,-292.471033,-74.21465,-10.975407,-74.21465,1257.287552,494.296856,1.0,3.743192,0.820645,1.283083,0.0,140.0,1399.6655190688339,2.8316294187977475,0.009884270122117884
45010.0,0.283428,-0.793904,-0.537945,0.594362,-0.294797,0.748217,-0.752598,-0.531799,0.388313,-26.045144,-38.076364,487.995135,3.594777,3.595389,3.595187,90.006817,90.058387,89.93189,156.538713,0.090677,0.088743,67.495163,0.840278,-12.457919,-255.584908,52.724999,-255.584908,-546.674857,204.101264,52.724999,204.101264,873.100703,-130.863586,-6.757171,74.436385,-6.757171,-448.258813,65.989557,74.436385,65.989557,956.155,787.927852,1.0,3.764936,1.171997,4.097235,0.0,121.0,1278.600578598393,1.622738142017593,0.012449455081692297
45271.0,0.551436,-0.487437,-0.676996,0.71642,0.692476,0.084966,0.427388,-0.531867,0.731065,-114.427423,18.650608,302.661378,3.594531,3.594446,3.597122,90.076769,89.968377,89.967159,133.589245,0.072067,0.069161,94.920232,0.986111,-536.071477,196.921063,-478.274397,196.921063,174.582471,-125.011736,-478.274397,-125.011736,883.075137,72.826767,30.487389,-8.318536,30.487389,-75.303501,3.404089,-8.318536,3.404089,1234.717362,558.516344,1.0,4.587537,0.750914,2.464684,0.0,142.0,1242.900316330554,2.2253606894099307,0.010388838914763714
44327.0,0.411139,-0.090682,0.907051,-0.619223,0.702446,0.350903,-0.668975,-0.705937,0.23265,29.746107,65.10921,562.004949,3.596012,3.59628,3.594333,90.016589,90.006157,89.936953,64.922042,0.057746,0.049749,103.988103,1.0,-87.172128,-28.642196,-96.708777,-28.642196,-193.878598,-60.842071,-96.708777,-60.842071,949.644244,31.252348,20.194302,-122.630809,20.194302,-132.464485,-13.622416,-122.630809,-13.622416,942.117765,341.919358,1.0,1.939925,1.335995,3.900114,0.0,142.0,1008.6261855513181,2.9498949443842784,0.009616484685752947
45667.0,0.415975,0.566361,-0.711477,0.15922,0.724934,0.670164,0.895329,-0.392053,0.211378,227.238943,226.250576,558.830008,3.598144,3.591209,3.593848,90.025572,90.039803,90.070179,150.709284,0.091358,0.079915,70.039264,0.821918,-180.403351,-489.740249,498.863457,-489.740249,-1036.013549,-176.688402,498.863457,-176.688402,932.116619,-176.682056,-159.884285,-16.557432,-159.884285,-356.1913,-111.889979,-16.557432,-111.889979,893.192387,770.820738,1.0,3.956884,1.357811,1.983531,0.0,120.0,1182.2328959695822,1.5337326017421993,0.011735103327185163
45599.0,0.813772,0.185542,-0.550771,0.517984,0.198225,0.832106,0.263567,-0.962435,0.065202,416.817755,-333.744558,394.642199,3.594026,3.599657,3.591044,89.95861,89.964098,90.041886,131.63394,0.062963,0.061957,91.054947,0.938356,-861.773683,482.604903,185.78616,482.604903,-397.357362,-386.374205,185.78616,-386.374205,1399.463463,-508.527679,-73.94872,75.651953,-73.94872,-76.144123,-143.847287,75.651953,-143.847287,1438.497786,870.872453,1.0,3.726288,1.505548,2.874291,0.0,137.0,1777.6148799861367,2.0411885504732306,0.010305381870136061
44351.0,0.414515,0.89232,-0.178725,-0.665934,0.431271,0.608718,0.62025,-0.133304,0.772994,378.112552,474.057886,248.892992,3.596418,3.592877,3.596342,90.03708,89.95248,90.000188,77.453868,0.053876,0.049225,128.081001,1.0,-277.787943,-372.890307,-24.499059,-372.890307,-229.81052,-92.12405,-24.499059,-92.12405,901.262241,-243.647667,-136.325041,38.578459,-136.325041,18.746615,181.330311,38.578459,181.330311,1121.4694,113.096617,1.0,3.427176,0.687249,1.782495,0.0,142.0,1270.3981955245113,11.232857615223905,0.007807559217935844
45221.0,0.353786,0.769957,-0.531037,0.460684,0.350669,0.815354,0.814006,-0.533101,-0.230645,179.131787,36.446767,322.894764,3.597495,3.594005,3.594932,89.967321,90.038611,90.072125,119.037003,0.05363,0.056387,101.643674,0.979167,-459.865177,-144.034146,238.352131,-144.034146,-120.870133,-44.925587,238.352131,-44.925587,1195.045304,-314.345758,2.315316,-37.45628,2.315316,-200.290658,15.718986,-37.45628,15.718986,1377.72765,504.579621,1.0,3.718879,1.803537,2.150616,0.0,141.0,1638.4056113277716,3.2470705179902057,0.00963332946819691
44313.0,0.517657,0.623239,0.586178,-0.798906,0.106878,0.591883,0.306235,-0.774694,0.553235,519.750247,-239.116508,312.7602,3.589258,3.59235,3.595244,90.102648,90.011151,90.215143,178.610217,0.094435,0.080819,130.392491,1.0,-2543.979578,1096.938483,570.971155,1096.938483,-637.50655,-362.965786,570.971155,-362.965786,1123.185827,60.676548,43.272558,-180.278224,43.272558,-64.064883,-126.078015,-180.278224,-126.078015,1126.639809,118.560694,1.0,2.361037,0.984554,2.765146,0.0,148.0,1150.0039976553765,9.699707034908014,0.007669153279693077
44780.0,0.023929,0.236967,0.971223,-0.987005,-0.148817,0.060627,0.158901,-0.960052,0.230326,445.591655,376.636303,475.198462,3.594244,3.600754,3.59265,90.018688,90.037847,90.024244,87.483831,0.070632,0.059862,80.736355,0.913043,-547.408137,297.640642,-423.64738,297.640642,-119.403369,144.02778,-423.64738,144.02778,1620.282919,-416.888538,69.493668,-316.504724,69.493668,-170.819168,149.761712,-316.504724,149.761712,1613.836148,366.547486,1.0,1.633139,1.338383,2.977567,0.0,126.0,1944.291291575214,5.304336725351908,0.011308945022350836
45756.0,-0.789355,0.523794,0.320247,-0.531894,-0.843966,0.069357,0.306606,-0.11559,0.944792,548.789795,374.23084,508.200284,3.597237,3.593175,3.599819,89.996519,89.979811,89.991989,136.720721,0.056665,0.068236,102.071082,1.0,321.404787,495.797166,203.074556,495.797166,-60.607908,-186.271378,203.074556,-186.271378,1411.135833,-541.857617,-121.098447,358.551343,-121.098447,-276.51363,40.759177,358.551343,40.759177,1436.255252,725.885887,1.0,1.784076,0.333837,1.931318,0.0,144.0,1888.6824788727652,2.601899985517648,0.009797094146606577
44738.0,0.112717,-0.515731,-0.849304,0.833992,0.513753,-0.201286,0.540142,-0.685624,0.488024,425.97858,-373.497664,404.072912,3.595895,3.594204,3.594268,90.092845,89.982372,90.072526,62.481664,0.056024,0.045269,124.875846,1.0,-796.14646,440.013111,-84.083846,440.013111,-248.603933,127.490712,-84.083846,127.490712,1083.491534,-161.312873,-0.702209,24.271742,-0.702209,-40.049589,-30.339311,24.271742,-30.339311,1052.627756,172.165846,1.0,4.945096,1.060972,2.474329,0.0,142.0,1158.5692775107048,6.729379284150847,0.008007953755924904
44161.0,-0.509677,-0.363999,-0.779573,0.829313,0.033387,-0.557786,0.229061,-0.930801,0.284852,19.65976,-103.870541,362.342761,3.593527,3.600084,3.594125,90.029875,89.972674,90.013043,56.119969,0.050058,0.048297,120.852885,0.986111,4.436147,-45.994037,297.035109,-45.994037,-500.883421,-108.49529,297.035109,-108.49529,1474.376732,-54.959627,-36.427946,236.929457,-36.427946,-186.428938,-5.426301,236.929457,-5.426301,1492.224231,182.289566,1.0,5.333443,1.281944,2.900297,0.0,141.0,1630.2111126115346,8.942975444966141,0.008159598341404924
44537.0,0.177263,-0.466667,0.866487,-0.398999,0.770751,0.496732,-0.899654,-0.43378,-0.049574,-173.839319,331.683687,410.502505,3.598412,3.592396,3.594623,89.938059,90.01039,89.915769,147.858504,0.068245,0.070979,67.424818,0.828571,-721.026873,645.07176,-160.045303,645.07176,-236.349236,104.063324,-160.045303,104.063324,1292.407559,60.825543,206.585804,-309.728747,206.585804,-557.47802,48.059681,-309.728747,48.059681,1332.560097,719.487423,1.0,2.09133,1.62039,4.263112,0.0,116.0,1700.4751015046484,2.363453546434888,0.012288813297204599
44582.0,-0.025925,-0.425661,-0.904511,0.88783,0.406044,-0.21653,0.45944,-0.808666,0.367388,61.358637,-380.552525,567.422085,3.596996,3.596254,3.590937,90.019188,90.010251,90.034103,149.44507,0.073686,0.070892,86.114114,0.993056,-928.463009,-61.269902,482.756842,-61.269902,363.467296,285.373623,482.756842,285.373623,555.720403,-183.69949,-78.687112,378.819687,-78.687112,-300.093087,-211.725084,378.819687,-211.725084,1086.79059,625.128664,1.0,4.947356,1.194597,2.624925,0.0,143.0,1386.168124435628,2.217412517234417,0.011531861083770774
44300.0,-0.333479,-0.178521,-0.925701,0.834314,0.401336,-0.377955,0.43899,-0.898365,0.015106,274.009389,412.401466,259.246193,3.59552,3.597439,3.591895,89.991293,90.005537,90.040757,117.293894,0.05429,0.060324,106.28152,1.0,-677.263639,-282.306046,103.946012,-282.306046,-72.060961,50.893627,103.946012,50.893627,925.357424,-377.968141,-12.494919,55.824634,-12.494919,-253.101553,-122.225872,55.824634,-122.225872,1209.822757,419.363766,1.0,5.100022,1.55569,2.687063,0.0,139.0,1533.64543688913,3.65707665094063,0.009408973450887793
45702.0,0.597095,0.61637,-0.513386,0.246236,0.468266,0.848584,0.763443,-0.633099,0.127827,-13.758474,296.590341,277.580926,3.597329,3.595544,3.59188,90.038941,89.988752,90.065292,98.498109,0.05187,0.050227,140.753689,1.0,-133.012059,212.168966,71.974377,212.168966,-840.74789,96.782305,71.974377,96.782305,1121.223405,-133.78999,59.711823,61.209295,59.711823,36.088054,32.185041,61.209295,32.185041,1100.950027,183.666712,1.0,3.685674,1.442619,2.263131,0.0,146.0,1161.8722855057495,6.325981844253572,0.007104609528209239
45638.0,-0.565687,-0.484577,0.667221,-0.523536,0.836184,0.163422,-0.63711,-0.256868,-0.726712,520.836919,-221.311213,453.206656,3.598187,3.591933,3.597533,89.978188,89.981254,90.015485,135.231637,0.062541,0.065206,74.55822,0.909722,148.575861,733.529803,-157.772444,733.529803,-120.068255,370.862014,-157.772444,370.862014,926.373223,41.887799,282.581273,266.406377,282.581273,-116.005565,-52.567451,266.406377,-52.567451,1217.199821,468.287196,1.0,1.810997,2.384319,4.329147,0.0,131.0,1306.5425883613934,2.790045509511205,0.012201498372681106
44949.0,0.281672,-0.359301,-0.889699,0.747156,0.663899,-0.031568,0.602012,-0.655852,0.455455,284.581185,-144.572101,375.394886,3.595385,3.597428,3.596716,90.016523,89.975074,90.047808,89.812474,0.059143,0.060911,108.753528,0.993056,428.920059,-154.192955,1.950924,-154.192955,11.920614,-191.917375,1.950924,-191.917375,1035.473462,-241.832715,-16.043781,-7.137967,-16.043781,-81.97359,27.910052,-7.137967,27.910052,1134.341949,329.282436,1.0,4.747856,1.097913,2.398971,0.0,143.0,1303.9298529485027,3.9599131638727996,0.009131253194838884
45194.0,-0.270727,0.900576,-0.340104,-0.763747,0.014128,0.645361,0.586001,0.43447,0.683987,317.060995,243.977346,355.387208,3.597582,3.595774,3.597142,89.936842,89.978284,90.019241,80.25062,0.053945,0.05127,136.064267,1.0,147.16316,470.736678,-52.365403,470.736678,566.182637,129.866645,-52.365403,129.866645,1032.238921,-246.259725,-31.102431,-10.254687,-31.102431,61.943748,150.266802,-10.254687,150.266802,1223.351453,265.370017,1.0,3.626605,0.817582,0.932813,0.0,142.0,1348.905704619397,5.083112703796514,0.0073494681744766975
45640.0,0.866018,-0.495035,-0.070381,0.498844,0.865011,0.053952,0.034172,-0.081833,0.99606,233.668625,-5.662384,505.852335,3.59507,3.593623,3.601067,90.008771,89.98634,90.017374,94.498818,0.057831,0.056566,102.111086,1.0,111.500502,98.006938,19.885955,98.006938,-336.16983,113.726375,19.885955,113.726375,1765.667879,-153.495406,-36.174258,-32.187991,-36.174258,-196.250273,54.815923,-32.187991,54.815923,1446.165176,349.034025,1.0,4.058359,0.088797,2.746025,0.0,140.0,1622.6975391384328,4.649109894482158,0.009793255944805053
45494.0,0.438602,0.764519,-0.472375,0.288372,0.378106,0.879703,0.851158,-0.522059,-0.054627,-42.70957,234.520329,479.398295,3.59905,3.596103,3.593277,90.001207,90.00865,90.035101,85.774947,0.055967,0.053602,101.700335,0.992754,194.632916,287.742599,186.47673,287.742599,-273.238188,136.123828,186.47673,136.123828,1249.624347,66.630606,169.026168,155.515995,169.026168,-195.441424,62.126407,155.515995,62.126407,1262.349631,304.770734,1.0,3.634378,1.625451,2.120976,0.0,136.0,1361.7089697541442,4.46797811549105,0.009761560765753624
45369.0,-0.371385,-0.389745,0.842717,-0.648395,0.758519,0.065057,-0.664573,-0.522252,-0.534412,-78.016151,279.387715,221.286234,3.596254,3.593537,3.595899,89.975192,89.968191,89.990901,107.667036,0.047138,0.05459,113.460591,0.993333,-56.806659,190.07212,-224.084781,190.07212,-94.271765,278.753395,-224.084781,278.753395,559.858042,-139.793952,85.374074,-88.362836,85.374074,65.263163,-10.392676,-88.362836,-10.392676,1097.913211,343.240314,1.0,1.647843,2.134608,4.046338,0.0,149.0,1153.9368830022022,3.3618920503673766,0.008754872429670317
44493.0,0.223918,0.945157,0.23778,-0.512023,-0.09351,0.853867,0.829273,-0.312945,0.463004,397.335313,305.284924,390.967697,3.597162,3.596575,3.597073,89.96367,89.937404,90.026251,63.568713,0.051865,0.043528,132.714765,1.0,629.969443,412.285027,161.258055,412.285027,103.400528,125.686705,161.258055,125.686705,1098.922446,-64.345839,1.36911,9.670342,1.36911,-17.222837,-100.479685,9.670342,-100.479685,1110.718538,144.676106,1.0,2.869999,1.089415,1.931646,0.0,152.0,1155.5379588010542,7.9870684299524495,0.00753495664178737
45352.0,-0.254781,-0.422009,0.870055,-0.507669,0.824154,0.251083,-0.823018,-0.377729,-0.424219,-339.208488,451.794997,436.642281,3.5967,3.596115,3.594335,89.983389,89.962823,89.945493,114.901111,0.064161,0.061516,93.174485,1.0,-129.924836,-160.731279,208.774753,-160.731279,-27.83002,-172.680872,208.774753,-172.680872,972.148917,-354.273683,2.274284,9.971836,2.274284,-44.772231,136.577799,9.971836,136.577799,1102.559856,510.860759,1.0,1.851746,2.008896,4.282113,0.0,144.0,1334.665348429347,2.612581461613784,0.010732551942734108
45262.0,-0.321559,-0.542735,0.775911,-0.729286,0.664598,0.162637,-0.603938,-0.513564,-0.609517,316.664557,-68.384179,244.16887,3.59573,3.595672,3.591256,89.957583,89.931594,89.943776,153.552185,0.068199,0.071498,70.077454,0.838028,-917.561552,-273.038594,637.729078,-273.038594,-302.323193,141.139608,637.729078,141.139608,783.788504,-391.709726,121.948524,315.631127,121.948524,-357.264916,85.924338,315.631127,85.924338,969.708363,691.656186,1.0,1.777413,2.226247,4.007687,0.0,119.0,1378.1001243050287,1.9924641060103647,0.01195859655517736
45410.0,-0.451371,0.826223,-0.337077,-0.692077,-0.085683,0.71672,0.563289,0.55679,0.610484,158.204217,-84.871801,340.226302,3.594991,3.594604,3.594965,89.95137,89.970454,89.928887,118.013266,0.061752,0.062061,94.18316,0.887324,-625.497392,-81.39529,99.309213,-81.39529,-169.516537,-124.339986,99.309213,-124.339986,888.345478,-412.952392,-42.546486,-19.431494,-42.546486,-277.463981,46.321009,-19.431494,46.321009,1184.208902,540.398322,1.0,3.581203,0.914125,0.7912,0.0,126.0,1534.9705304861377,2.840442814117653,0.009421259596726208
45456.0,-0.476634,-0.363683,0.800347,-0.651846,0.757063,-0.044182,-0.589845,-0.542761,-0.597907,148.418571,-97.977587,389.303929,3.596556,3.594795,3.593533,89.902576,89.97538,89.957825,64.101957,0.048094,0.041166,127.716534,0.979167,-629.999952,540.595649,254.746443,540.595649,-185.853835,-129.600275,254.746443,-129.600275,998.617186,-46.847763,66.17296,73.378382,66.17296,38.164282,-58.783399,73.378382,-58.783399,1049.998787,131.263905,1.0,1.515649,2.211684,3.968538,0.0,140.0,1061.5876249555943,8.087429860901931,0.00766672073954027
44424.0,0.37747,0.001665,0.92602,-0.785812,0.529628,0.319365,-0.489914,-0.848228,0.201227,-104.731734,-150.455092,444.875487,3.595653,3.597299,3.59386,90.04844,90.024713,89.959735,71.291138,0.055852,0.048715,141.062535,1.0,-325.512629,-153.975082,207.309059,-153.975082,4.000727,42.590285,207.309059,42.590285,1041.842632,-42.439072,55.047754,-12.400198,55.047754,-99.717259,-235.153114,-12.400198,-235.153114,1149.167565,197.235758,1.0,1.902902,1.368185,3.665359,0.0,142.0,1239.0807040701866,6.282231562038495,0.007089054510469417
44594.0,0.154357,0.980625,0.12062,-0.430337,-0.043166,0.901635,0.889373,-0.191081,0.415336,232.271106,-225.412112,537.056659,3.598861,3.593067,3.595109,89.992488,89.936794,90.072105,106.356972,0.060831,0.054869,88.448655,0.98,-573.565741,330.646019,-161.506053,330.646019,-162.474688,-99.666344,-161.506053,-99.666344,1518.124104,-146.217703,134.300394,-18.29103,134.300394,-99.779476,-11.757668,-18.29103,-11.757668,1322.193754,624.909373,1.0,3.008603,1.142484,1.782429,0.0,147.0,1450.5448430431443,2.321208331504966,0.011079874532857508
45172.0,-0.00816,-0.430761,0.902429,-0.24136,0.876625,0.416261,-0.970401,-0.214413,-0.111122,-239.367973,-220.812716,471.821757,3.600309,3.594791,3.59276,89.985579,89.994377,89.993658,36.854607,0.077742,0.057053,141.949443,1.0,-544.078222,-137.696618,30.751186,-137.696618,64.122705,299.412435,30.751186,299.412435,1492.455239,-209.532038,-6.404028,15.530005,-6.404028,-82.563971,178.62554,15.530005,178.62554,1557.330173,157.137535,1.0,2.002981,1.682148,4.49493,0.0,140.0,1713.980700077796,10.90751932743374,0.007044761704348498
45473.0,-0.101685,0.897456,-0.429223,-0.242192,0.396145,0.885671,0.964885,0.194013,0.177075,394.294514,226.392921,534.758323,3.599454,3.590788,3.594179,90.003993,89.978422,89.974814,83.869746,0.046461,0.044426,110.100881,1.0,-897.501588,-375.018567,-206.074682,-375.018567,-365.602829,-197.006634,-206.074682,-197.006634,1318.996921,-257.221579,-49.427327,8.86501,-49.427327,-163.781756,40.928737,8.86501,40.928737,1405.079658,321.802807,1.0,3.592869,1.392783,1.372368,0.0,142.0,1618.5792775217565,5.0297239250674295,0.009082579457288811
44451.0,0.326063,-0.510626,0.795578,-0.725576,0.404289,0.556858,-0.605989,-0.758823,-0.238674,319.755944,185.151516,499.022235,3.595572,3.595261,3.59386,89.93847,90.008477,89.901331,145.301895,0.075578,0.073051,86.665797,0.852113,-854.390303,289.238908,-106.904674,289.238908,-134.931417,86.006301,-106.904674,86.006301,1118.977993,-800.08548,-133.327668,-37.266856,-133.327668,-393.58401,-31.759199,-37.266856,-31.759199,1168.996816,585.739734,1.0,2.181483,1.811796,3.815474,0.0,121.0,1804.7780985225002,3.08119458824779,0.009832171738984874
44903.0,-0.048161,0.959667,-0.276983,-0.742992,0.150914,0.652064,0.667565,0.237201,0.705757,-30.123899,238.300383,485.175488,3.595638,3.594098,3.59815,89.917118,89.936205,90.021448,148.050085,0.072569,0.075799,92.641847,0.828571,-444.331275,466.39588,-32.274496,466.39588,181.690282,460.027455,-32.274496,460.027455,1280.692963,-400.652123,67.144817,-4.241315,67.144817,-237.1365,72.046358,-4.241315,72.046358,1119.721894,775.589063,1.0,3.543276,0.787305,1.229388,0.0,116.0,1448.0875062056832,1.8670808747669037,0.00894380916218132
45675.0,0.797625,0.445019,-0.407128,0.397052,0.120705,0.909824,0.454032,-0.887349,-0.080418,-262.687294,-418.21929,244.601954,3.590851,3.597757,3.591994,90.004167,90.089505,90.063756,177.696452,0.087923,0.080113,87.942469,0.944444,-524.64732,-619.928983,-285.376823,-619.928983,-1416.052558,-331.656064,-285.376823,-331.656064,932.049796,-698.687122,50.11446,-280.883448,50.11446,-167.212056,-7.88173,-280.883448,-7.88173,1438.473157,647.900131,1.0,3.562349,1.651302,2.668651,0.0,136.0,1942.9807571558442,2.9988892796748705,0.010739339146823361
44882.0,0.268836,-0.945135,-0.185602,0.959599,0.2462,0.136218,-0.08305,-0.214724,0.973137,-74.179513,305.345631,261.757648,3.59219,3.593662,3.598606,89.939365,89.929795,90.075066,175.409179,0.055863,0.06912,139.112215,1.0,174.707798,231.358652,-548.832947,231.358652,-766.953105,1039.568369,-548.832947,1039.568369,656.392176,-257.025737,22.948767,-176.765728,22.948767,-57.455914,52.630271,-176.765728,52.630271,1282.821971,275.185916,1.0,4.079254,0.232309,3.510646,0.0,144.0,1459.3008528053363,5.302963443831683,0.007188441360091924
45785.0,0.588957,0.707092,-0.391345,0.186561,0.352205,0.91714,0.786336,-0.613166,0.075518,-114.373671,52.827748,487.835872,3.597355,3.595894,3.592966,89.964659,89.980175,90.090656,116.815682,0.049557,0.054632,83.36378,0.932432,-573.311194,306.564932,102.351419,306.564932,-195.548135,-163.667418,102.351419,-163.667418,1322.355503,-163.803408,145.99011,72.987009,145.99011,-120.371276,-9.075533,72.987009,-9.075533,1207.146253,527.461874,1.0,3.544903,1.495206,2.233083,0.0,138.0,1357.1617413536355,2.5730044354895605,0.011185097412809255
44452.0,0.385611,0.238985,0.891174,-0.918363,0.006284,0.39569,0.088964,-0.971003,0.221898,-274.029167,52.073072,562.344915,3.595523,3.602701,3.595099,89.960045,89.969055,89.969674,99.030324,0.061909,0.054995,109.410284,1.0,621.424821,-240.712056,-819.385334,-240.712056,1.55619,34.210624,-819.385334,34.210624,1908.861696,-351.213284,-147.360776,-212.991595,-147.360776,41.832005,1.453544,-212.991595,1.453544,1501.955112,271.863271,1.0,1.988658,1.347036,3.050227,0.0,144.0,1706.06290720548,6.2754446414553735,0.009139908639666816
45550.0,0.646142,-0.668861,-0.367594,0.438964,-0.068319,0.895903,-0.624349,-0.740241,0.249462,-333.612825,287.120437,294.617985,3.595987,3.599015,3.59489,89.964558,90.009918,89.979204,129.524146,0.065577,0.065689,83.289745,0.929577,718.800784,-136.293871,432.657491,-136.293871,-11.023392,-248.564012,432.657491,-248.564012,869.769675,-370.2176,-75.591499,57.453204,-75.591499,-154.79232,0.097164,57.453204,0.097164,1255.930877,631.803818,1.0,3.530952,1.318671,3.842266,0.0,132.0,1532.0622198990584,2.424901806938841,0.01116076174803993
45798.0,-0.073985,0.924088,-0.374949,-0.142209,0.362361,0.921125,0.987068,0.121471,0.104604,49.38974,-354.315559,329.163946,3.600529,3.59352,3.594443,89.985434,89.961514,89.981771,119.804155,0.062002,0.063892,125.65164,1.0,-383.789582,-7.47276,-129.221798,-7.47276,-101.788165,125.193509,-129.221798,125.193509,1673.668419,-199.803364,-83.846775,-24.162821,-83.846775,-165.925155,-101.649448,-24.162821,-101.649448,1381.980314,562.045402,1.0,3.528167,1.466001,1.44835,0.0,144.0,1569.4137088106006,2.792325501153376,0.007958511325439127
45571.0,0.193689,-0.375218,0.906475,0.036423,0.926085,0.375553,-0.980387,-0.039724,0.193039,454.344982,477.235944,454.064089,3.600049,3.594546,3.585978,90.069007,90.067214,89.978028,146.793645,0.071118,0.069162,85.078309,0.952055,-1779.588486,-1251.450626,-73.359812,-1251.450626,-810.674339,-287.899244,-73.359812,-287.899244,1574.408774,-481.468176,-359.735854,-111.10586,-359.735854,-183.400102,-122.444636,-111.10586,-122.444636,1483.351508,428.281453,1.0,1.963569,1.376538,4.671892,0.0,139.0,1865.816513661841,4.356519528436925,0.011190337598270787
45469.0,0.590084,-0.731816,-0.340948,0.477949,-0.023702,0.878068,-0.650665,-0.68109,0.335785,-121.937986,175.707102,419.089392,3.596179,3.59567,3.594586,90.033289,90.042354,89.977086,137.324456,0.060354,0.062892,73.33279,0.95,104.002002,110.476448,-156.371601,110.476448,-244.211908,133.180213,-156.371601,133.180213,756.085893,-424.40487,-83.810597,163.124169,-83.810597,90.383679,-81.333738,163.124169,-81.333738,948.990617,604.728044,1.0,3.511967,1.228358,3.904149,0.0,133.0,1214.2490723288536,2.0079258509282125,0.012954641436661552
45669.0,0.736814,-0.575763,-0.354403,0.369224,-0.096451,0.924322,-0.566373,-0.811907,0.141519,-68.762087,-32.332237,377.371954,3.595465,3.597165,3.593987,89.990401,89.995147,89.917313,68.862769,0.05673,0.046018,120.787893,1.0,-294.066323,-62.509091,75.993414,-62.509091,-182.817817,-277.447631,75.993414,-277.447631,1142.532567,-65.345901,107.722849,80.712325,107.722849,-58.760804,15.749376,80.712325,15.749376,1101.148917,473.226759,1.0,3.507725,1.4288,3.750695,0.0,146.0,1169.1223602484063,2.470533075346245,0.008278975443341826
44501.0,0.304581,0.652234,0.694133,-0.853514,-0.13658,0.502852,0.422782,-0.745612,0.515091,-58.292,69.820721,550.271504,3.595472,3.596189,3.596545,90.047322,89.972749,90.074591,121.728625,0.061819,0.062586,77.124429,0.950704,-100.154673,275.292221,160.246931,275.292221,-17.165792,-148.72842,160.246931,-148.72842,1224.497622,45.458827,166.970958,166.937621,166.970958,20.120449,18.981391,166.937621,18.981391,1181.88931,663.062929,1.0,2.197732,1.029682,2.625771,0.0,135.0,1167.4726565251603,1.7607267809194023,0.01232688542822145
44987.0,0.295724,-0.240715,-0.924448,0.694412,0.718726,0.034989,0.656002,-0.652295,0.3797,-186.860988,400.585702,253.401403,3.595906,3.596963,3.594175,90.038627,89.980223,90.034412,87.524706,0.057166,0.054195,101.974293,1.0,-271.949725,68.963575,62.553754,68.963575,167.019812,-184.680267,62.553754,-184.680267,889.828267,-215.934405,-12.559984,56.97709,-12.559984,-267.219591,-52.172543,56.97709,-52.172543,1019.379626,414.918079,1.0,4.674558,1.181324,2.353361,0.0,150.0,1263.5580012434311,3.045319221299661,0.00980639306810394
44485.0,0.34269,0.806107,0.482447,-0.937482,0.260222,0.23111,0.060756,-0.531485,0.844886,139.495296,470.913939,551.178749,3.592569,3.595438,3.595366,90.092137,89.958737,89.971147,147.244047,0.067055,0.068656,79.111505,0.927536,-272.339505,-299.182402,-284.549585,-299.182402,-884.436662,-186.602263,-284.549585,-186.602263,919.425658,-352.032065,15.872035,-72.194043,15.872035,-128.872088,65.869142,-72.194043,65.869142,1084.180875,576.884431,1.0,2.017534,0.564444,3.027773,0.0,128.0,1341.4002838848064,2.3252495851891113,0.01172441353504778
44343.0,0.145872,-0.978448,0.146157,-0.083878,0.134973,0.987293,-0.985741,-0.156278,-0.062382,519.449337,39.124849,481.089538,3.600535,3.595604,3.593745,90.025108,89.957375,89.985744,136.918417,0.059183,0.063871,93.509193,0.978873,301.294143,177.784758,-140.426964,177.784758,-377.069793,-194.713942,-140.426964,-194.713942,1650.790494,-686.51676,33.704619,-180.561851,33.704619,-447.21643,-2.246607,-180.561851,-2.246607,1712.534549,792.794883,1.0,2.994622,1.633219,4.555159,0.0,139.0,2294.324690227652,2.8939701042793584,0.010468200704074091
44532.0,0.255652,0.177443,0.950345,-0.778365,0.620815,0.093473,-0.573402,-0.763612,0.296828,246.160953,-300.402436,225.402691,3.592478,3.597352,3.595243,89.972448,90.020708,89.860003,113.473086,0.064091,0.056637,111.920686,1.0,212.177954,518.676514,-406.065668,518.676514,-1227.750453,-253.104137,-406.065668,-253.104137,1249.702909,-191.990442,89.142953,17.230944,89.142953,-103.251032,-259.991868,17.230944,-259.991868,906.841384,268.30581,1.0,1.668838,1.269427,3.785674,0.0,148.0,1083.8245863534814,4.039512175876778,0.008934898772868493
45426.0,0.596465,-0.274858,-0.754111,0.537752,0.834341,0.121236,0.595863,-0.477838,0.64546,355.449267,-224.019992,443.63255,3.596531,3.597663,3.594708,90.055528,89.925291,90.052588,107.994292,0.060468,0.061749,103.110532,0.992857,-404.380331,-82.679283,362.727118,-82.679283,284.823792,-235.207931,362.727118,-235.207931,1420.27569,74.329706,72.098965,-46.060241,72.098965,112.841465,-27.802627,-46.060241,-27.802627,1294.117429,541.283999,1.0,4.552987,0.869171,2.24671,0.0,139.0,1203.5192846027962,2.223452543999543,0.009629055158012373
44357.0,-0.302967,-0.849848,-0.431241,0.908549,-0.120982,-0.399877,0.287663,-0.512954,0.808782,-62.31909,474.446838,337.284045,3.594328,3.59516,3.597019,90.032639,89.964871,90.080285,107.46707,0.059948,0.055616,131.270756,1.0,-297.819948,473.652678,-78.175076,473.652678,-88.752571,282.137905,-78.175076,282.137905,1021.528133,-144.591553,44.158975,-13.051816,44.158975,-162.312914,-90.649486,-13.051816,-90.649486,1222.566023,222.722303,1.0,5.460068,0.628718,2.630498,0.0,146.0,1378.9180715011964,6.191198873788569,0.007617842926112194
44360.0,0.489512,0.379586,0.785043,-0.849818,0.005911,0.527044,0.195418,-0.925138,0.325472,233.240018,345.730809,536.681772,3.595091,3.599262,3.59477,90.008446,89.946071,90.032844,140.458479,0.0735,0.072886,79.724566,0.847222,420.870578,-150.187658,-130.097904,-150.187658,-346.744805,-293.077329,-130.097904,-293.077329,1289.050813,-254.691441,-114.380364,-183.484233,-114.380364,-102.855953,-94.573162,-183.484233,-94.573162,1447.094559,856.600948,1.0,2.162038,1.239285,2.933421,0.0,122.0,1643.9307035973009,1.919132482208391,0.010626862490540245
44625.0,0.159912,-0.200995,0.966452,-0.603144,0.755147,0.256847,-0.781438,-0.623982,-0.000472,-189.894039,-101.885082,347.053536,3.597453,3.596439,3.593155,89.976065,90.006299,89.943339,70.204957,0.057455,0.049049,111.447602,1.0,-503.564692,37.299453,-90.887203,37.299453,162.178141,4.550952,-90.887203,4.550952,1127.333889,-234.025328,98.966249,-110.479915,98.966249,180.882036,-79.333789,-110.479915,-79.333789,1103.513654,338.539431,1.0,1.830555,1.571268,4.038561,0.0,140.0,1194.7486601392934,3.5291270402687402,0.00897282653062378
45696.0,-0.419943,0.857079,-0.298435,-0.370338,0.138379,0.918532,0.828552,0.496253,0.259298,-29.445528,-416.494624,247.56538,3.597858,3.594644,3.59035,89.969908,90.004768,89.951329,153.928397,0.071416,0.073214,93.53289,0.958333,-426.463426,514.130905,28.993177,514.130905,-860.520616,-486.725209,28.993177,-486.725209,905.725817,-546.629308,-63.841484,-254.591622,-63.841484,-57.871722,-264.108907,-254.591622,-264.108907,986.7149,637.116607,1.0,3.455738,1.308502,1.031156,0.0,138.0,1394.4817791358976,2.188738707820086,0.010245946639732826
44517.0,0.305675,0.52943,0.79137,-0.951755,0.193402,0.238239,-0.026921,-0.826014,0.563006,115.214092,143.841718,257.605205,3.59285,3.598505,3.593875,90.049035,90.032486,89.881306,179.467904,0.061735,0.073685,83.522415,0.957143,-67.63825,-171.694218,-727.220157,-171.694218,-744.880074,786.532128,-727.220157,786.532128,1090.703907,-404.44701,-123.380271,-297.517777,-123.380271,-44.587842,-34.312995,-297.517777,-34.312995,1257.925337,505.146771,1.0,1.863213,0.972778,3.174173,0.0,134.0,1540.5999437112177,3.0498065753472225,0.01145971413781558
44370.0,-0.298437,-0.949562,0.096265,0.938989,-0.274042,0.207846,-0.170982,0.152421,0.973413,299.592404,245.401799,499.992138,3.593436,3.590972,3.599071,90.008477,90.058037,90.014246,142.358126,0.071437,0.076971,71.825957,0.837838,-994.260025,-43.994847,454.176178,-43.994847,-472.199315,-105.138601,454.176178,-105.138601,1259.727724,-394.039496,-12.390583,-28.718138,-12.390583,-338.666967,108.641174,-28.718138,108.641174,1506.645617,638.174008,1.0,2.707851,0.231109,5.440458,0.0,123.0,1876.1690079047362,2.9399019458416054,0.011664835875420358
44376.0,-0.197569,0.51915,-0.831534,0.717204,0.654811,0.238413,0.66827,-0.549277,-0.501707,324.469257,-248.207881,467.397742,3.59549,3.594923,3.59514,89.916124,90.065564,90.033191,127.516541,0.061509,0.063972,82.714438,0.963235,-662.353637,-44.497839,278.160925,-44.497839,-103.914493,-165.77508,278.160925,-165.77508,1135.071238,-463.173529,-110.895404,-158.756716,-110.895404,-185.016972,-23.77721,-158.756716,-23.77721,1318.124383,651.825495,1.0,4.433165,2.096367,2.258772,0.0,131.0,1668.3715887710848,2.5595371791511234,0.011645306711749646
44756.0,0.048938,-0.088722,0.994853,-0.883451,0.460831,0.084556,-0.465961,-0.883042,-0.055829,-247.822562,491.727044,359.302826,3.592659,3.597821,3.59258,89.952277,90.046328,89.931287,151.474598,0.075402,0.071135,90.130446,0.986486,-707.571039,541.445172,-63.105735,541.445172,-670.492165,-291.384887,-63.105735,-291.384887,1053.696861,-402.479414,-90.582346,-39.348113,-90.582346,55.186116,-73.407155,-39.348113,-73.407155,1157.699285,456.612619,1.0,1.655586,1.626654,3.627136,0.0,146.0,1393.1732962368706,3.0511055504510063,0.010945091739588195
45050.0,-0.147466,0.973216,-0.176364,-0.721731,0.016041,0.691988,0.676283,0.229333,0.700035,94.752873,472.372783,544.506621,3.597939,3.592465,3.596691,89.960525,89.986592,89.988002,129.46066,0.076796,0.076483,81.17315,0.916667,-705.498253,178.640551,-37.081954,178.640551,611.423143,-135.87536,-37.081954,-135.87536,893.494076,-262.993844,179.14157,46.419889,179.14157,-149.999085,-172.69619,46.419889,-172.69619,1062.455126,529.948555,1.0,3.391146,0.79535,1.243858,0.0,132.0,1291.4591988838035,2.4369520148683175,0.011292736576072259
44392.0,-0.215497,0.379106,-0.899911,0.792595,0.606212,0.065581,0.570399,-0.699132,-0.431114,543.756053,-374.62144,546.956324,3.596015,3.596469,3.594513,89.948854,90.034328,90.042654,70.67877,0.057437,0.048366,102.703474,0.986301,-325.785337,-24.008156,1.982855,-24.008156,45.597051,-10.303611,1.982855,-10.303611,1051.729071,-131.724073,35.043611,19.230341,35.043611,-99.094573,1.630529,19.230341,1.630529,1028.520257,364.568792,1.0,4.639643,2.016524,2.457252,0.0,144.0,1144.8029466617609,3.14015618391648,0.00960338498384193
45576.0,0.468912,0.837406,-0.280842,0.265928,0.169359,0.948999,0.842261,-0.519681,-0.143275,-141.770236,-400.631723,531.149548,3.596708,3.5922,3.593271,90.069393,90.052381,90.127555,153.986427,0.062125,0.061102,97.212106,1.0,-878.511318,-881.633293,115.192297,-881.633293,-875.532587,199.774943,115.192297,199.774943,1182.552423,-130.156714,10.671468,76.421659,10.671468,-211.255068,114.188102,76.421659,114.188102,1224.757925,408.166935,1.0,3.429316,1.714566,2.123627,0.0,146.0,1402.3183567419262,3.4356490849557084,0.010286784652109068
45396.0,-0.425617,-0.185024,0.885786,-0.67529,0.716539,-0.174803,-0.602357,-0.672561,-0.429916,-152.514,-230.154388,378.383296,3.595598,3.59608,3.594249,89.985395,89.958618,89.92271,100.741828,0.067132,0.057921,93.094516,1.0,-259.358886,-185.610892,235.104431,-185.610892,-304.004828,40.491421,235.104431,40.491421,1036.836279,-149.66308,30.299033,-61.669029,30.299033,-80.492475,41.090234,-61.669029,41.090234,1073.97033,425.968079,1.0,1.375958,2.015196,3.871981,0.0,138.0,1192.5732523823917,2.799677513822325,0.010741771298322234
44397.0,0.323375,0.938532,-0.120771,-0.546012,0.289305,0.78624,0.772851,-0.188308,0.606004,111.604352,283.418964,418.332487,3.595305,3.594799,3.592485,90.060756,89.911884,90.015333,192.000846,0.091662,0.095305,74.970983,0.821429,0.634249,-34.398517,-240.995955,-34.398517,-1199.378012,-210.57006,-240.995955,-210.57006,743.536559,-496.72555,-69.480789,-311.467435,-69.480789,-163.808537,-191.080101,-311.467435,-191.080101,940.893031,680.506668,1.0,3.294007,0.919769,1.809793,0.0,115.0,1342.6602694796852,1.9730302914235152,0.01095662571211051
44399.0,-0.139671,0.238359,-0.961081,0.624735,0.774247,0.101231,0.768243,-0.586282,-0.257052,166.319016,-243.141612,334.866389,3.596522,3.597348,3.595873,89.936402,90.004917,90.018658,128.264377,0.059415,0.061623,88.523933,0.916667,86.858644,-320.303446,189.322919,-320.303446,555.256736,-276.449356,189.322919,-276.449356,893.567521,42.047729,-70.061486,106.374639,-70.061486,-41.370939,-186.06623,106.374639,-186.06623,1015.965403,495.227765,1.0,4.607445,1.830766,2.222658,0.0,132.0,1036.750132963191,2.093481436694469,0.010355018907711658
44563.0,0.24956,0.712717,0.655556,-0.902758,0.416166,-0.108788,-0.350355,-0.564659,0.747269,-56.613477,373.241505,497.659897,3.594397,3.594118,3.597286,90.06537,90.039176,89.994284,67.548804,0.0578,0.047375,117.631248,1.0,-416.992959,-6.986959,328.050478,-6.986959,-152.316382,-23.836742,328.050478,-23.836742,1008.327419,-6.55676,-18.402233,151.31769,-18.402233,-221.00004,29.235753,151.31769,29.235753,1016.602908,472.621882,1.0,1.406347,0.726853,3.696929,0.0,140.0,1153.3946214472778,2.4404173090049133,0.008501142485540916
44875.0,0.035541,-0.21055,0.976937,-0.361396,0.90869,0.208989,-0.931735,-0.360489,-0.043796,72.928443,-427.945022,466.019062,3.598492,3.593913,3.594599,90.130636,89.973613,90.010633,173.037996,0.066503,0.073491,71.669561,0.838028,439.937927,-1028.211306,113.224069,-1028.211306,-464.510675,584.13173,113.224069,584.13173,796.496729,-41.064909,-110.708285,-57.522901,-110.708285,-425.938584,102.143077,-57.522901,102.143077,976.030278,715.700862,1.0,1.781542,1.614607,4.343226,0.0,119.0,1262.3637907064137,1.7638148250636223,0.011692941721800137
45418.0,0.525867,-0.226859,-0.819756,0.46726,0.882372,0.055556,0.710726,-0.412254,0.570012,154.935449,-220.913121,492.770009,3.596246,3.596283,3.596499,90.018421,89.94041,90.070365,114.422806,0.060478,0.060532,91.68539,0.985714,104.698596,-291.170719,18.996217,-291.170719,-68.250739,-186.879209,18.996217,-186.879209,1299.962745,48.257809,71.282963,46.635228,71.282963,-82.167508,-73.329733,46.635228,-73.329733,1329.458054,421.732307,1.0,4.644721,0.964275,2.096415,0.0,138.0,1354.6441582504629,3.2120948188360225,0.010751047686005372
44707.0,0.098168,0.06195,0.99324,-0.558233,0.829677,0.003425,-0.823856,-0.554796,0.11603,-62.375144,-29.530248,373.921893,3.59698,3.596509,3.594103,89.980177,89.976783,89.935897,71.03657,0.064204,0.053102,113.520108,1.0,-99.422797,47.140735,-404.445913,47.140735,14.491736,-146.987502,-404.445913,-146.987502,1022.088952,-288.248451,74.627753,-67.608418,74.627753,37.652443,27.004523,-67.608418,27.004523,1093.237038,266.191572,1.0,1.574245,1.454504,4.11973,0.0,146.0,1254.048753473326,4.711076102264147,0.008809012056260553
44417.0,-0.19651,-0.823712,-0.531866,0.838756,0.139715,-0.526278,0.507812,-0.549525,0.663438,-286.877017,-56.827652,366.7095,3.595786,3.593766,3.594177,90.098797,89.960596,90.017719,111.492764,0.062558,0.056503,90.069079,0.935714,-951.10262,-377.219731,32.202507,-377.219731,-57.28653,29.817283,32.202507,29.817283,869.958358,286.030989,136.60079,-41.130474,136.60079,-202.811019,74.278906,-41.130474,74.278906,1050.976084,433.271304,1.0,5.492506,0.845392,2.395625,0.0,131.0,1103.3795535068907,2.546625043755242,0.010388848319410483
44961.0,-0.089326,-0.124406,0.988203,-0.755448,0.655055,0.014179,-0.649091,-0.745269,-0.152495,-188.230953,464.139728,405.690127,3.594425,3.595782,3.59565,90.023434,89.949145,89.923176,157.19837,0.074669,0.077802,84.834526,0.938356,237.950192,-466.178111,-49.502131,-466.178111,-603.357964,-23.566183,-49.502131,-23.566183,819.414563,-118.874889,101.175634,111.788101,101.175634,-304.915319,51.119661,111.788101,51.119661,1135.506495,826.683693,1.0,1.585144,1.723889,3.858124,0.0,137.0,1363.9864666922572,1.6499496460882255,0.01106101541723708
44899.0,0.213361,-0.173864,-0.961378,0.57806,0.815767,-0.01924,0.787606,-0.55163,0.274557,-255.528801,221.956132,376.834252,3.598405,3.596744,3.593347,90.033957,89.975162,90.007921,104.516049,0.08039,0.06695,97.543273,0.979452,-477.862978,144.517423,49.980879,144.517423,650.797174,154.668876,49.980879,154.668876,1016.511326,156.859972,20.360591,-72.622776,20.360591,-151.660854,-59.919147,-72.622776,-59.919147,1267.457846,502.692319,1.0,4.7324,1.292667,2.181783,0.0,143.0,1295.4591870557456,2.577041936174373,0.01004120499421831
44453.0,-0.156843,-0.029328,-0.987188,0.845956,0.511836,-0.149611,0.509666,-0.858583,-0.055467,135.275112,-73.155737,519.646218,3.594976,3.597242,3.595892,89.978699,90.021725,90.070117,70.403453,0.054745,0.048287,110.703652,1.0,260.929073,153.306386,208.362368,153.306386,-274.52201,51.50476,208.362368,51.50476,1094.75433,-125.127215,76.405033,45.872496,76.405033,-117.988931,-64.958339,45.872496,-64.958339,1146.143518,294.056807,1.0,4.862797,1.626292,2.605883,0.0,146.0,1271.3090657742357,4.3233451343781875,0.009033125664183147
45359.0,0.330572,-0.192141,-0.924015,0.283724,0.954,-0.096872,0.900124,-0.230142,0.369881,570.152104,-363.595943,563.05939,3.59864,3.590294,3.597408,90.040265,89.965554,90.081802,155.168904,0.067879,0.073208,89.840237,0.895833,488.760873,422.755252,-71.179714,422.755252,-1369.975221,-171.415496,-71.179714,-171.415496,1470.176853,-67.344079,67.271167,-109.851905,67.271167,-260.39502,90.769673,-109.851905,90.769673,1207.310938,486.943847,1.0,4.816846,1.191916,1.821112,0.0,129.0,1388.0603074164771,2.850555184069257,0.009971400676514244
44647.0,0.165754,0.706467,0.688062,-0.957882,-0.050567,0.282673,0.234492,-0.705937,0.668331,205.932161,-378.28444,490.74271,3.59719,3.597608,3.59735,90.014269,89.932962,89.936507,95.468473,0.056736,0.048084,133.552529,1.0,902.955972,-754.201059,150.37321,-754.201059,424.503615,74.418473,150.37321,74.418473,876.837354,34.292714,1.088094,111.217549,1.088094,-37.298557,5.457233,111.217549,5.457233,1034.685259,123.662832,1.0,1.9606,0.838834,2.820888,0.0,144.0,1042.5114672654922,8.430273271321267,0.007487690480200491
44479.0,-0.107119,-0.992425,-0.060143,0.77099,-0.121108,0.625226,-0.627774,0.020604,0.778123,416.183841,363.519475,576.701985,3.596149,3.590632,3.596307,89.99144,90.006521,90.0014,152.288944,0.065709,0.069683,69.799717,0.823944,-1113.854274,-216.217596,-33.387002,-216.217596,322.664335,6.297407,-33.387002,6.297407,476.219046,-514.716191,77.972263,-45.594513,77.972263,-200.949914,51.10777,-45.594513,51.10777,1133.405913,717.32724,1.0,3.237492,0.679124,4.745198,0.0,117.0,1518.455963417414,2.116824621657215,0.011804403161118833
45607.0,-0.067942,-0.153972,0.985736,-0.172614,0.974934,0.140388,-0.982644,-0.160613,-0.092817,-319.406959,-390.23922,337.764234,3.598414,3.594106,3.58915,90.063723,89.936924,89.967867,154.211943,0.077596,0.068883,74.403384,0.883562,-1409.559158,-809.099323,-198.454643,-809.099323,-442.113654,-44.814248,-198.454643,-44.814248,1140.95807,-395.082606,39.07822,60.012581,39.07822,-340.467587,267.76104,60.012581,267.76104,1299.486404,574.590139,1.0,1.712264,1.663747,4.550371,0.0,128.0,1685.1161547646168,2.932727243974886,0.011875293199029763
45060.0,-0.016283,0.997637,-0.066741,-0.333792,0.057497,0.940892,0.942506,0.037598,0.332067,180.065366,-181.42445,280.815374,3.600261,3.595194,3.593672,90.009853,89.920199,89.966728,111.324811,0.052715,0.057195,94.863001,0.992537,128.259431,-138.443263,185.218987,-138.443263,-550.222527,-26.773974,185.218987,-26.773974,1785.801149,-221.969983,21.526801,141.400391,21.526801,-283.968158,-404.758295,141.400391,-404.758295,1468.602743,500.344255,1.0,3.212408,1.232302,1.530926,0.0,132.0,1762.0747437738962,3.5217247448437203,0.010462846310333363
44497.0,-0.088268,0.460906,-0.883048,0.779572,0.583809,0.226794,0.620062,-0.668381,-0.410841,226.75744,-12.190905,504.786773,3.596168,3.596018,3.594206,89.969904,90.001035,90.036907,84.095668,0.063087,0.055823,106.703751,1.0,-226.236751,-102.731329,-186.206755,-102.731329,127.893444,17.149367,-186.206755,17.149367,702.308053,16.696729,61.336999,105.392712,61.336999,-15.173236,1.411089,105.392712,1.411089,979.546571,312.648234,1.0,4.460992,1.994173,2.393679,0.0,140.0,984.8529765626068,3.150035309531308,0.00937174176754105
44775.0,0.036599,0.999198,-0.016234,-0.867383,0.03983,0.496045,0.496294,-0.004074,0.868145,-329.950427,266.291413,282.627629,3.595974,3.591278,3.597985,89.996187,89.97613,89.972578,110.981836,0.06545,0.059179,90.156496,0.972222,-944.762664,-240.434317,149.877357,-240.434317,284.24296,142.182034,149.877357,142.182034,943.175969,-468.479349,-99.636125,91.765068,-99.636125,-96.663598,325.989644,91.765068,325.989644,1164.602639,455.215324,1.0,3.174308,0.519344,1.579005,0.0,140.0,1513.7573125299555,3.3253654539317647,0.010783715462943457
44513.0,-0.10171,0.09774,-0.990001,0.917831,0.393074,-0.055488,0.38372,-0.914297,-0.129689,-279.968439,436.655145,261.63561200000004,3.589973,3.596912,3.590325,90.059205,90.136792,90.090729,206.401703,0.083597,0.077449,75.426541,0.833333,-1336.024658,1321.035873,-287.294397,1321.035873,-1458.64049,18.222357,-287.294397,18.222357,839.841705,-419.317196,294.184225,41.819995,294.184225,-425.308352,-144.495018,41.819995,-144.495018,1086.115151,609.833059,1.0,4.768379,1.700851,2.744229,0.0,120.0,1535.3373524141432,2.517635490164765,0.011048272782388364
45532.0,-0.091751,0.989917,-0.10792,-0.213497,0.086301,0.973124,0.972626,0.112326,0.203426,335.51806,-101.689169,506.72344699999996,3.599329,3.589794,3.592864,89.98349,89.970809,90.007114,116.08396,0.060834,0.060381,94.929472,0.992857,-1358.039312,96.279504,-319.022953,96.279504,-525.898279,-136.854312,-319.022953,-136.854312,1262.409499,-527.755542,21.018143,-68.447073,21.018143,-495.447448,-194.626428,-68.447073,-194.626428,1320.075238,485.879442,1.0,3.252042,1.365941,1.455819,0.0,139.0,1840.6730214454421,3.7883327886209317,0.010458890996465249
44525.0,-0.087858,-0.891814,-0.443788,0.898592,0.121313,-0.421682,0.429899,-0.435833,0.790719,35.975248,126.548864,429.378567,3.595509,3.593937,3.597479,90.069264,89.972974,90.001871,102.311327,0.056172,0.055691,99.767078,1.0,-488.940129,-117.098691,-109.112278,-117.098691,184.473037,-198.277988,-109.112278,-198.277988,1056.241897,-407.97601,-58.696996,-249.863439,-58.696996,29.621188,-113.489981,-249.863439,-113.489981,1095.289561,568.971044,1.0,5.47225,0.658814,2.363048,0.0,144.0,1361.0810671626875,2.392179850830313,0.010023346579319482
45541.0,-0.457785,-0.01523,0.888932,-0.535722,0.802675,-0.262135,-0.709531,-0.596223,-0.375612,273.584997,119.929479,447.908868,3.597121,3.595486,3.595582,89.913252,89.981136,90.005843,124.411945,0.067645,0.068237,107.126494,0.985915,168.551761,608.382894,-348.256593,608.382894,110.828611,142.726327,-348.256593,142.726327,823.367135,-164.402253,111.462942,-163.015053,111.462942,-238.718191,124.486146,-163.015053,124.486146,1236.731592,510.756801,1.0,1.284036,1.955853,4.01355,0.0,140.0,1453.8557383101638,2.8464735769816287,0.009203278882626365
45703.0,0.626028,-0.033369,-0.779086,0.263453,0.949389,0.171033,0.733949,-0.312324,0.603136,231.224795,356.540098,264.343379,3.595203,3.590812,3.59375,89.9447,89.911423,90.058727,161.858534,0.054145,0.063026,86.314034,0.894366,-826.26854,-643.4984,246.746871,-643.4984,-1015.177062,475.024244,246.746871,475.024244,599.683946,-483.142094,-28.447239,-17.954011,-28.447239,-73.878128,18.266841,-17.954011,18.266841,1000.105282,468.46113,1.0,4.496287,0.92337,1.973124,0.0,127.0,1327.244898526438,2.8332017611075604,0.010361768052690018
44999.0,-0.17134,0.984126,0.046239,-0.907417,-0.175916,0.381638,0.383714,0.023431,0.923155,461.304217,32.263192,333.332437,3.594908,3.591498,3.60002,90.010531,89.976982,89.997583,67.505697,0.052989,0.047043,145.666841,1.0,-887.610049,115.771355,-64.994115,115.771355,104.350703,378.310432,-64.994115,378.310432,1396.821186,-114.593672,87.092789,75.348979,87.092789,-58.774168,267.59112,75.348979,267.59112,1381.547142,188.508429,1.0,3.02102,0.394589,1.509807,0.0,140.0,1490.5334738669906,7.906985813705925,0.006864980342369063
44597.0,-0.010706,0.393167,-0.919405,0.820114,0.529504,0.216883,0.5721,-0.751695,-0.328111,308.772511,-184.521448,274.919361,3.592705,3.598071,3.589131,89.948207,90.118208,90.007305,185.504484,0.079822,0.079024,73.403641,0.840278,-1522.77779,1087.215951,37.295621,1087.215951,-513.274998,-507.465194,37.295621,-507.465194,833.647908,-689.666764,136.628589,243.924877,136.628589,-130.149989,-147.694185,243.924877,-147.694185,978.864906,684.976428,1.0,4.480729,1.905099,2.491038,0.0,121.0,1496.151968632008,2.1842386211748703,0.011447361310047277
45318.0,-0.090598,0.995605,-0.023708,-0.304896,-0.005066,0.952372,0.948067,0.093511,0.304015,524.759212,363.444928,414.393867,3.599224,3.592137,3.59618,89.966672,89.964277,89.981609,97.254416,0.061081,0.057392,92.244808,1.0,-748.711646,231.340097,44.42809,231.340097,295.703835,28.806589,44.42809,28.806589,1376.603337,-478.3699,7.049432,-88.002832,7.049432,-149.047962,-157.838083,-88.002832,-157.838083,1398.422864,450.274281,1.0,3.166481,1.261892,1.472481,0.0,140.0,1742.7751655387083,3.8704745953249513,0.010840718536700732
44678.0,0.060898,-0.159243,-0.985359,0.866152,0.499044,-0.027119,0.496056,-0.85182,0.168319,-189.369273,-255.933646,233.722728,3.592395,3.598955,3.595629,89.984091,90.018222,90.118002,144.020753,0.061525,0.066398,72.857242,0.871622,350.159643,57.724859,421.883348,57.724859,-1084.748093,-282.368194,421.883348,-282.368194,1499.906346,-321.5512,-77.96873,168.750218,-77.96873,-379.755326,-408.44488,168.750218,-408.44488,1278.344014,698.461418,1.0,4.739904,1.401672,2.614253,0.0,129.0,1675.4731131487276,2.3988055316589123,0.011963422936048004
44607.0,0.055067,0.099086,-0.993554,0.348726,0.930494,0.112125,0.935606,-0.352652,0.016686,403.23229,-361.637893,286.292032,3.600268,3.592703,3.591364,90.001081,90.009305,90.004757,116.437226,0.067853,0.062751,79.326282,0.950704,-917.588864,114.608143,183.765233,114.608143,-350.812547,646.107439,183.765233,646.107439,1300.408851,-536.617292,-212.746662,99.623822,-212.746662,-428.026547,308.07643,99.623822,308.07643,1182.342122,606.923095,1.0,4.600012,1.55411,1.931253,0.0,133.0,1700.7419512099818,2.8022363380486977,0.011984729096467674
44812.0,0.007608,0.600555,0.799548,-0.955292,0.240697,-0.171702,-0.295565,-0.762495,0.575536,344.958564,-109.476137,410.272064,3.595548,3.596512,3.593573,90.068141,90.034647,89.96525,79.571681,0.061489,0.057493,113.243187,1.0,-602.164986,119.057157,-203.556708,119.057157,34.344285,194.818983,-203.556708,194.818983,959.901408,-179.272266,28.866353,2.741957,28.866353,48.132819,3.625915,2.741957,3.625915,870.954594,450.498328,1.0,1.359261,0.957536,3.511389,0.0,144.0,957.3416583039761,2.1250726113770972,0.008830553311785547
44796.0,0.0133,0.169592,0.985425,-0.99932,0.036145,0.007266,-0.034386,-0.984851,0.169957,616.725562,-48.18689,502.059514,3.592603,3.600191,3.599748,90.03374,89.947867,90.027094,168.728473,0.079863,0.07739,72.018338,0.913043,1308.581267,-391.500757,248.117807,-391.500757,-581.875262,-381.740974,248.117807,-381.740974,1587.568399,-965.20124,-57.632238,-325.805715,-57.632238,-797.261482,-93.074834,-325.805715,-93.074834,1644.285515,704.731528,1.0,1.57817,1.40001,3.176494,0.0,126.0,2547.1530451328167,3.6143594318272316,0.012677923781023661
45006.0,0.246061,-0.969237,0.005824,0.477047,0.126335,0.86975,-0.84373,-0.211233,0.493458,23.309028,519.215262,482.830426,3.599054,3.591968,3.593226,89.993634,90.012629,89.964107,140.853901,0.083496,0.067823,70.289471,0.861111,-802.261447,27.207541,-207.506469,27.207541,-99.340834,-659.902346,-207.506469,-659.902346,909.374189,51.743046,-83.325148,112.790556,-83.325148,-109.410965,-79.216324,112.790556,-79.216324,1132.416953,509.451267,1.0,3.134896,1.054736,4.467075,0.0,124.0,1177.8950102102422,2.3120857410886413,0.012250924466340057
45268.0,-0.320202,0.945584,0.057811,-0.720279,-0.282637,0.633494,0.615361,0.161206,0.771585,-120.470718,421.386161,248.412446,3.592358,3.591521,3.595949,89.94592,89.88847,90.070189,196.789373,0.065042,0.076094,72.255265,0.905797,-481.400872,497.307822,-172.841777,497.307822,-1587.863037,461.763915,-172.841777,461.763915,844.246221,-748.062946,-28.020367,-220.844822,-28.020367,-138.715461,8.042069,-220.844822,8.042069,965.94249,725.0336,1.0,3.050588,0.689468,1.314584,0.0,125.0,1517.2049231544388,2.092599464568868,0.012536069170876338
45284.0,-0.078908,0.267959,0.960194,-0.304326,0.910742,-0.279168,-0.949294,-0.314241,0.009682,-134.466177,-2.80853,268.146594,3.59922,3.594138,3.592292,89.996669,90.003697,89.975826,101.026586,0.059189,0.060487,97.699694,1.0,-621.120685,171.172518,73.39503,171.172518,-213.810572,241.699191,73.39503,241.699191,1232.925854,-632.793432,-31.278291,128.391054,-31.278291,-231.649172,190.63769,128.391054,190.63769,1369.011622,548.587019,1.0,1.287856,1.561114,4.392717,0.0,142.0,1845.394694045839,3.3639051419950547,0.010235446592084516
44858.0,-0.054443,0.864687,0.499352,-0.97942,-0.143584,0.141849,0.194354,-0.481353,0.854708,-313.072457,-177.452962,563.621466,3.59506,3.589861,3.597357,90.136985,89.946134,89.942801,129.317887,0.070678,0.065925,92.597465,0.993243,-1938.705261,-489.062273,401.48453,-489.062273,129.940855,46.831473,401.48453,46.831473,1264.898664,-177.23289,15.794818,224.546533,15.794818,-85.275615,108.427956,224.546533,108.427956,1167.830452,431.691155,1.0,1.847571,0.545808,2.757844,0.0,145.0,1319.3875879873794,3.0563229584525065,0.010726459952224394
44909.0,-0.069338,0.962774,0.261265,-0.815095,-0.205672,0.54159,0.575163,-0.175403,0.799012,554.210765,483.661572,268.528873,3.59571,3.593733,3.59706,90.002364,89.954864,90.003858,49.583027,0.055417,0.049235,118.231849,1.0,-234.398739,79.594129,174.673651,79.594129,1.982322,13.465525,174.673651,13.465525,867.26396,-169.8682,56.014174,106.642943,56.014174,-7.021584,28.165917,106.642943,28.165917,970.782803,243.846022,1.0,2.692121,0.645145,1.866799,0.0,142.0,1073.9321640624198,4.404140593535784,0.008457957889164027
44691.0,0.069635,-0.852288,-0.518416,0.964207,0.190782,-0.184136,0.255841,-0.487038,0.835068,29.752897,-290.036819,287.686405,3.595421,3.597418,3.598805,89.990277,89.913648,90.037029,127.66214,0.050599,0.060817,146.268367,1.0,905.047479,-120.632697,-190.644772,-120.632697,-152.212318,531.838575,-190.644772,531.838575,1311.238394,-103.645029,-41.035169,-172.658479,-41.035169,-79.61578,-9.757038,-172.658479,-9.757038,1200.099762,244.491648,1.0,5.053679,0.58254,2.65791,0.0,144.0,1301.0351275402734,5.321388841635496,0.006836748235522448
44695.0,0.082653,0.144905,-0.985987,0.593586,0.787569,0.165504,0.800515,-0.598947,-0.020919,322.981913,-94.978898,334.748914,3.596603,3.595402,3.593706,90.01915,89.981121,90.066909,106.219846,0.070524,0.062097,79.133665,0.858108,-265.314368,36.639436,-255.116065,36.639436,-268.656068,38.506019,-255.116065,38.506019,947.991769,-325.05529,-63.175185,-49.116853,-63.175185,-498.3504,-83.669392,-49.116853,-83.669392,1255.254265,531.047468,1.0,4.546084,1.591716,2.213146,0.0,127.0,1676.6998852646614,3.1573446561742413,0.010843779319459046
45209.0,-0.087253,0.163882,0.982614,-0.377172,0.907509,-0.184848,-0.922024,-0.386743,-0.017372,6.81664,-126.331464,511.681327,3.599124,3.593492,3.595657,90.013048,90.036866,89.981511,122.861154,0.056669,0.063001,87.58935,0.8125,260.291259,-64.500431,431.709208,-64.500431,-221.045325,371.781387,431.709208,371.781387,1087.971949,166.298694,-47.435283,126.875901,-47.435283,-258.024096,80.90385,126.875901,80.90385,1332.264053,558.942974,1.0,1.384851,1.588169,4.315229,0.0,117.0,1432.8086046747906,2.5634253784801855,0.009276241917539061
44908.0,-0.080792,0.918123,0.387973,-0.883872,-0.245907,0.397869,0.460698,-0.310774,0.831371,379.692877,222.025394,512.976596,3.594747,3.595423,3.600555,89.994935,89.973539,90.015227,66.736868,0.053908,0.046688,125.600223,1.0,440.480472,237.426694,462.038889,237.426694,40.176509,385.495718,462.038889,385.495718,1328.844802,-48.786419,-97.886431,83.338338,-97.886431,-198.491318,200.902834,83.338338,200.902834,1259.700975,311.029736,1.0,2.368787,0.589227,2.164252,0.0,148.0,1404.6723908801184,4.516199669346465,0.007961769303546539
45059.0,-0.097709,0.490667,0.865852,-0.565165,0.688761,-0.454089,-0.819171,-0.533718,0.21001,206.03161,-375.370224,319.243046,3.598878,3.594651,3.589662,90.007306,90.069354,89.959281,133.076358,0.064426,0.056551,83.836327,0.933824,-1039.704671,733.711251,182.39499,733.711251,-483.733996,404.729628,182.39499,404.729628,1236.119395,-105.009015,-7.034795,2.067637,-7.034795,-491.19684,47.029303,2.067637,47.029303,1337.667556,503.001754,1.0,1.087787,1.359211,4.134936,0.0,127.0,1670.1197534687713,3.320306023165023,0.011138655919408302
45600.0,-0.100257,0.985386,0.137703,-0.200259,-0.155553,0.967316,0.9746,0.069404,0.212928,228.896317,80.794441,335.27986799999996,3.60071,3.593758,3.593997,89.987196,89.966139,89.970389,44.151878,0.047306,0.040653,138.187558,1.0,-281.476678,67.867964,117.638714,67.867964,-265.57688,-136.28669,117.638714,-136.28669,1727.558252,-189.775178,54.111385,-86.377803,54.111385,-179.078506,-271.928769,-86.377803,-271.928769,1695.588352,162.089408,1.0,3.000187,1.356226,1.499703,0.0,144.0,1896.785111827497,11.702091674167242,0.007236541512659194
44735.0,0.111845,0.130441,-0.985127,0.843801,0.51115,0.163482,0.524872,-0.849536,-0.052897,213.919296,-345.30533,479.610067,3.594843,3.597323,3.590477,90.044092,90.067998,90.041615,146.747128,0.068628,0.065236,93.330576,0.859155,-919.188231,848.78548,-139.350466,848.78548,-366.020938,-86.751608,-139.350466,-86.751608,845.273968,-199.399521,72.238033,30.705086,72.238033,-278.929225,-95.548744,30.705086,-95.548744,1113.894319,548.92692,1.0,4.547938,1.623718,2.588163,0.0,122.0,1359.0362680991857,2.475805464412614,0.009205504099749691
44736.0,0.112335,-0.957103,-0.267084,0.982246,0.147599,-0.115794,0.150248,-0.249335,0.956691,-65.081857,-70.903107,553.56115,3.593978,3.593214,3.598381,90.065786,89.959157,89.98301,121.55245,0.061952,0.062534,84.336001,0.815068,-666.756664,-208.382119,121.818611,-208.382119,-218.74815,70.08907,121.818611,70.08907,1260.831771,-484.187554,-39.610598,-6.811708,-39.610598,-2.390068,-59.556979,-6.811708,-59.556979,1296.644955,655.728083,1.0,5.121478,0.295382,2.599266,0.0,119.0,1596.6729287003127,2.434961945499462,0.00966453223220769
44966.0,-0.116869,0.926092,0.358742,-0.84657,-0.281765,0.451584,0.519289,-0.250924,0.816931,160.234577,136.947984,378.242194,3.595334,3.593722,3.597506,90.04983,89.946789,90.028836,155.246644,0.083775,0.08342,71.645191,0.858108,-415.323007,100.233577,-94.407599,100.233577,-111.944442,111.839557,-94.407599,111.839557,1177.789844,-108.443692,-46.567518,216.731308,-46.567518,-123.015536,67.051136,216.731308,67.051136,1193.954181,778.110763,1.0,2.470271,0.614727,2.020919,0.0,127.0,1325.0126539746682,1.702858663548223,0.01197718909005351
45800.0,0.399127,-0.900214,0.174103,0.082081,0.224201,0.97108,-0.913214,-0.373294,0.163375,-36.149072,437.6478,255.347826,3.601352,3.592719,3.593129,89.994302,90.018997,90.045863,81.73987,0.102279,0.066397,113.568851,1.0,73.135293,-16.515197,-1136.883666,-16.515197,-458.040251,61.358426,-1136.883666,61.358426,1213.533051,-274.685224,68.640142,-425.141799,68.640142,-17.025281,62.752818,-425.141799,62.752818,1222.579811,183.206445,1.0,2.96419,1.406685,4.324346,0.0,146.0,1436.8201726641298,7.842628967906286,0.008805231286525916
44816.0,0.192606,0.212987,-0.957883,0.949757,0.204959,0.236545,0.246708,-0.955316,-0.162809,629.390913,-277.303073,380.240868,3.594067,3.598359,3.594439,89.959368,89.953689,90.029329,119.025243,0.085225,0.073274,90.065464,0.902778,-353.02377,-434.362472,11.270288,-434.362472,-15.445883,-149.274367,11.270288,-149.274367,1103.543182,-280.370571,-78.666631,-12.174874,-78.666631,-329.985231,-27.888352,-12.174874,-27.888352,1264.136064,696.64519,1.0,4.470287,1.734334,2.888867,0.0,130.0,1571.6005699714287,2.255955531640761,0.010023575740419212
45055.0,-0.205262,0.230977,0.951061,-0.877207,0.387521,-0.283437,-0.434023,-0.892456,0.123071,-299.089211,346.739078,513.524549,3.594992,3.598854,3.595751,90.05371,89.993661,89.975508,86.698777,0.049785,0.049273,140.611843,1.0,70.239161,-206.266813,181.77736,-206.266813,233.502899,-387.601047,181.77736,-387.601047,1191.377244,-237.104654,61.861576,-60.913356,61.861576,-63.217587,-196.113918,-60.913356,-196.113918,1255.788933,158.321736,1.0,1.281155,1.447412,3.59424,0.0,138.0,1426.138687946345,9.007851505281279,0.007111776495241585
45176.0,0.142762,-0.96307,0.228289,0.077809,0.240858,0.967436,-0.986694,-0.120351,0.109321,577.36446,-101.066768,216.626439,3.602181,3.592642,3.59352,89.984712,90.072525,90.029427,104.926687,0.072547,0.061501,96.660303,1.0,-546.2122,-121.90671,-492.258074,-121.90671,-382.031807,473.691535,-492.258074,473.691535,2073.926711,-333.560288,-28.282026,-209.386604,-28.282026,-353.149998,-128.130124,-209.386604,-128.130124,1934.486509,316.925838,1.0,2.909859,1.461257,4.591015,0.0,144.0,2287.9347396382796,7.219148662906681,0.010345508641743034
44914.0,0.252596,0.057506,-0.965861,0.724442,0.650472,0.228187,0.641388,-0.75735,0.122646,-12.822285,41.409079,336.134216,3.595361,3.596751,3.593255,90.005179,89.998714,90.055687,96.680081,0.059754,0.058417,73.318248,0.835714,-387.108095,64.002701,87.534329,64.002701,-162.188242,-136.343341,87.534329,-136.343341,867.881809,-329.296452,69.389874,14.852901,69.389874,-132.432061,-92.123895,14.852901,-92.123895,906.281853,427.425246,1.0,4.48039,1.44784,2.43891,0.0,117.0,1154.2572274704212,2.700489122419365,0.01139844476371012
44705.0,-0.112351,0.285514,-0.951766,0.153978,0.951263,0.267186,0.981666,-0.116532,-0.150839,193.772525,505.129531,-162.044885,3.600881,3.587592,3.591673,89.910635,90.05701,90.085387,216.576144,0.0966,0.104701,75.097223,0.875,-1395.153962,-863.369088,46.71129,-863.369088,-1684.695507,-425.029521,46.71129,-425.029521,1943.914977,-636.698939,7.898929,-42.976889,7.898929,-746.71415,215.11909,-42.976889,215.11909,1573.488072,578.773332,1.0,4.438706,1.722213,1.688952,1.0,126.0,2275.1534854425827,3.930992254913678,0.011651562668302662
45336.0,0.323739,-0.750636,0.575967,-0.428248,0.426572,0.796643,-0.843681,-0.504561,-0.183361,-240.626467,-122.203045,57.082734,3.598352,3.594764,3.592155,89.970576,90.020432,89.953982,60.162743,0.049659,0.040021,156.849501,1.0,-613.561648,-379.005535,51.117876,-379.005535,-121.562662,391.337036,51.117876,391.337036,1027.045611,-147.96969,91.870652,-212.84374,91.870652,101.881183,134.862164,-212.84374,134.862164,1088.671166,212.012267,1.0,2.515601,1.7552,4.173406,1.0,142.0,1156.147969004984,5.453212615310528,0.006375538293870632
44840.0,0.711861,-0.530193,0.460597,-0.323879,0.3341,0.885144,-0.623183,-0.779277,0.066114,224.109657,-215.088118,15.685542,3.594718,3.595286,3.592977,89.996515,90.065219,89.883321,152.404356,0.098134,0.088447,87.855131,0.873239,-1222.520595,-91.104925,-52.105917,-91.104925,-244.281253,280.791449,-52.105917,280.791449,1119.396763,-85.3998,-235.46379,19.34283,-235.46379,-191.507171,8.279407,19.34283,8.279407,993.517902,792.367281,1.0,2.661787,1.504634,3.816147,1.0,124.0,1154.0007453613093,1.4563962609674053,0.00993953329828852
45233.0,0.513165,0.652982,0.557024,-0.610703,-0.178223,0.771543,0.603078,-0.736105,0.307321,-140.074483,387.10691,111.769211,3.596455,3.594945,3.594222,90.042035,90.000987,90.042938,137.717017,0.064983,0.067461,87.881359,0.914286,-417.942677,-182.97661,162.073943,-182.97661,121.280272,-104.434808,162.073943,-104.434808,686.202052,-391.251794,70.834256,147.029951,70.834256,-146.090304,-133.073619,147.029951,-133.073619,971.067506,519.115037,1.0,2.516279,1.25842,2.455204,1.0,128.0,1270.93969828575,2.4482814168331437,0.01040363975254411
44710.0,0.935518,0.025585,0.352351,-0.297504,0.594926,0.746696,-0.190519,-0.803373,0.564175,350.6652,37.315796,136.390514,3.595429,3.598065,3.595641,90.088006,89.989999,90.01724,89.927244,0.043668,0.04355,94.024083,0.972603,235.779759,-179.827797,357.137025,-179.827797,-184.915629,-167.921378,357.137025,-167.921378,1314.93292,-87.786614,61.661351,83.952112,61.661351,-342.413743,-161.28291,83.952112,-161.28291,1471.737841,438.20368,1.0,2.700692,0.971362,3.374439,1.0,142.0,1709.2967640022678,3.9006901174409756,0.010344190221988125
45984.0,0.350644,-0.88585,-0.303839,0.932591,0.359934,0.026856,0.085572,-0.292775,0.952345,-48.067311,-308.530133,90.827851,3.588137,3.592459,3.599203,90.047822,89.971781,90.011502,160.728464,0.05851,0.063848,69.749608,0.840278,-824.24789,-350.262707,-170.733318,-350.262707,-1741.990101,55.461445,-170.733318,55.461445,1335.746207,-541.403949,-126.091715,-375.191536,-126.091715,-529.339153,-0.776545,-375.191536,-0.776545,1310.760879,561.153113,1.0,4.624229,0.309963,2.857235,1.0,121.0,1877.7154810565576,3.3461731523113865,0.012047064121134559
45771.0,0.098323,-0.845424,-0.524967,0.991765,0.039743,0.121748,-0.082065,-0.532615,0.84237,-293.937653,-249.407692,-0.432112,3.591073,3.595424,3.598237,90.029168,90.027576,89.939578,152.962392,0.064417,0.070965,90.061712,0.985507,105.391551,-453.785229,-247.477221,-453.785229,-1008.240911,-291.542691,-247.477221,-291.542691,1045.005283,-305.323297,-5.93114,-128.673996,-5.93114,-86.205583,-82.879817,-128.673996,-82.879817,1107.641502,519.309668,1.0,4.484502,0.569131,3.294469,1.0,135.0,1323.8098084253047,2.549172276194374,0.010942574575975193
46238.0,-0.434537,0.879237,0.195244,-0.894594,-0.446455,0.019491,0.104305,-0.166194,0.980561,133.31793,-278.630831,72.985847,3.59384,3.592239,3.601086,90.016948,89.993503,90.026621,121.108715,0.073615,0.064159,80.657953,1.0,-400.877597,320.066068,267.299194,320.066068,-523.463168,-2.657432,267.299194,-2.657432,1743.165058,-228.382178,-31.074495,462.499034,-31.074495,-300.059464,-88.664058,462.499034,-88.664058,1774.514112,617.348483,1.0,1.670297,0.197496,2.581119,1.0,144.0,2080.226567933012,3.369614772233938,0.012398033458647283
44927.0,0.698006,0.276511,0.660552,-0.408873,0.911186,0.050629,-0.587886,-0.305422,0.749071,-83.248621,491.878026,-178.581162,3.590535,3.596679,3.59598,90.001663,90.126896,89.901352,195.246789,0.087239,0.088136,71.584731,0.828571,-1073.430121,1182.790775,134.813815,1182.790775,-343.623172,-410.390318,134.813815,-410.390318,1127.831209,184.180778,150.971272,343.405032,150.971272,-326.50722,-263.919658,343.405032,-263.919658,1198.342929,735.405062,1.0,1.647293,0.724138,4.233244,1.0,115.0,1401.7942907224476,1.9061526268396118,0.011574689021322157
45886.0,0.236194,-0.65388,-0.718786,0.971331,0.179437,0.155946,0.027006,-0.735013,0.677515,189.818536,-321.19401,-21.536216,3.592891,3.595172,3.596612,90.070161,89.988336,90.039508,117.40038,0.045516,0.048916,92.141072,0.958904,-212.349173,87.886014,-171.496057,87.886014,-592.494802,333.151115,-171.496057,333.151115,930.450748,-279.143819,61.051193,-54.169457,61.051193,-185.421063,-109.259155,-54.169457,-109.259155,915.731829,475.611019,1.0,4.498742,0.826417,3.104867,1.0,140.0,1156.9244081875418,2.432501270933636,0.010406911697315613
46647.0,-0.701249,-0.172398,0.691757,-0.578767,0.70423,-0.411203,-0.416266,-0.688723,-0.593619,-6.978359,86.287681,43.033755,3.594887,3.596483,3.594193,89.928266,89.959185,89.973569,176.816006,0.08716,0.091323,82.290628,0.878571,-477.781767,219.828049,70.876764,219.828049,-152.94987,-138.973509,70.876764,-138.973509,1003.167,-134.479869,-131.35836,-36.951884,-131.35836,-131.653526,-356.659054,-36.951884,-356.659054,1090.389551,731.97466,1.0,1.034481,2.206345,3.685243,1.0,123.0,1267.3676613791554,1.7314365245637813,0.010676440578385184
46031.0,-0.208409,0.433434,0.876756,-0.952908,0.111932,-0.281846,-0.220298,-0.894207,0.389696,-151.477378,-133.962878,143.221673,3.595293,3.598783,3.592957,90.086557,89.999609,89.982534,138.331099,0.071122,0.072949,78.458223,0.952055,-766.960967,156.565746,-119.744708,156.565746,131.29171,-124.193544,-119.744708,-124.193544,1416.980213,-527.143671,134.883182,-194.48943,134.883182,-107.247718,-84.049952,-194.48943,-84.049952,1506.856975,657.110287,1.0,1.259766,1.170495,3.383144,1.0,139.0,1872.6226538784954,2.8497844135538477,0.012134547069718874
46084.0,-0.275268,0.297853,0.914063,-0.953788,0.03455,-0.298489,-0.120487,-0.953986,0.274578,384.404623,403.786115,19.635094,3.599199,3.60041,3.595363,90.009667,90.127416,90.116709,178.112535,0.072904,0.070387,105.282947,1.0,1059.847965,1476.858527,-321.384593,1476.858527,576.752955,-621.284558,-321.384593,-621.284558,1349.873606,-297.594851,189.155492,-120.203426,189.155492,-238.159404,-63.818252,-120.203426,-63.818252,1413.041306,263.993275,1.0,1.255162,1.292646,3.267226,1.0,140.0,1693.771615108819,6.415965009369345,0.00949821436894239
45434.0,0.396453,0.774108,-0.493539,-0.740237,0.587524,0.326901,0.543023,0.235735,0.80595,308.86645,480.289904,15.686638,3.596779,3.584041,3.595971,89.973464,89.929067,89.981606,218.225415,0.07769,0.08166,85.7282,0.830986,-1931.595759,-1331.698526,-325.991794,-1331.698526,-1031.017943,-658.945729,-325.991794,-658.945729,894.952698,-642.022269,-118.961725,-68.356791,-118.961725,-249.34958,-116.182058,-68.356791,-116.182058,985.983871,751.621983,1.0,4.127374,0.633518,1.161229,1.0,118.0,1479.7176737407751,1.9686993025864907,0.009693263126952392
46259.0,-0.425628,0.859677,0.282482,-0.836774,-0.492746,0.238769,0.344456,-0.134747,0.929082,523.959477,-381.502415,41.997599,3.595333,3.589998,3.599075,90.054227,90.012498,89.929474,120.737786,0.072541,0.065991,100.345988,1.0,-1502.974894,390.841481,335.861024,390.841481,525.699456,404.873982,335.861024,404.873982,1027.855641,-268.11013,219.808024,379.929373,219.808024,-251.315478,167.113626,379.929373,167.113626,1346.045657,351.643792,1.0,2.272529,0.378873,1.943682,1.0,142.0,1656.536575277862,4.710836969013979,0.009965520494949932
44729.0,-0.679896,-0.669233,0.299781,0.412932,-0.011571,0.910689,-0.605994,0.742962,0.284215,-116.820233,-408.129403,38.396365,3.593867,3.597696,3.594038,89.975392,90.033137,90.056899,89.384121,0.060275,0.055575,111.276322,1.0,-181.92691,166.13321,-361.000943,166.13321,-420.687087,117.897866,-361.000943,117.897866,985.869179,-188.593141,-20.764449,-2.668917,-20.764449,75.042741,-0.146883,-2.668917,-0.146883,853.808444,384.091329,1.0,2.823585,1.282609,5.598977,1.0,140.0,938.9457980655161,2.4445899377892912,0.008986637786248903
46338.0,-0.420502,-0.028467,0.906845,-0.694564,0.653176,-0.301564,-0.583745,-0.756671,-0.294434,-159.740703,109.525957,-6.541579,3.595284,3.597682,3.594044,89.979515,89.999808,89.920368,107.131465,0.063571,0.061237,88.996136,0.985507,-125.910589,11.171795,216.989012,11.171795,-296.385194,-253.364548,216.989012,-253.364548,1197.240336,-217.45876,124.94022,1.079039,124.94022,-222.758251,-213.111037,1.079039,-213.111037,1299.668647,485.594155,1.0,1.249758,1.869659,3.798691,1.0,136.0,1534.7684872504951,3.160599178238657,0.011073593127683655
45951.0,0.290092,-0.947463,0.134762,0.857572,0.319863,0.402813,-0.424755,-0.001285,0.905307,60.652882,486.771267,161.465946,3.59369,3.594662,3.594624,90.076969,90.097383,90.058198,174.596206,0.082775,0.076415,66.627135,0.821429,339.211009,328.153267,229.417129,328.153267,-1262.905854,-543.322183,229.417129,-543.322183,575.016374,-483.882269,212.970313,-69.761861,212.970313,-61.889808,154.23439,-69.761861,154.23439,1056.087271,668.797483,1.0,2.818746,0.438694,4.709364,1.0,115.0,1398.2978130981755,2.090764167989812,0.012328745637944661
45896.0,0.226706,0.247949,-0.941873,0.833892,0.450232,0.31924,0.503217,-0.857795,-0.104693,-176.595782,268.960849,-13.325273,3.595961,3.598428,3.587857,89.996837,90.039711,90.044096,142.130411,0.069181,0.067972,80.195505,0.85,-1526.141005,873.078912,-147.340313,873.078912,-217.09521,-36.101125,-147.340313,-36.101125,1193.49484,-396.026123,327.497281,-103.214588,327.497281,-298.24374,-193.476668,-103.214588,-193.476668,1393.451791,753.002971,1.0,4.3856,1.675681,2.611054,1.0,119.0,1775.758680208617,2.358235954700658,0.01059909779232639
46236.0,0.577557,-0.626408,-0.52349,0.760078,0.178665,0.624789,-0.297843,-0.758743,0.579308,-2.935728,-315.438869,-141.15001,3.594551,3.597771,3.59903,90.095698,89.983519,90.009108,113.361455,0.059797,0.049695,143.444794,0.986111,62.016674,-78.15114,108.954825,-78.15114,390.862828,725.994783,108.954825,725.994783,1529.78718,-79.971657,11.010891,205.440145,11.010891,-118.733726,-68.166939,205.440145,-68.166939,1014.481826,185.565212,1.0,3.839,0.952917,3.515658,1.0,140.0,1130.037355233214,6.08970476229787,0.0068744983523068804
45090.0,0.391366,0.593381,-0.703372,-0.283032,0.804906,0.521555,0.875629,-0.005042,0.482959,-219.509045,283.918232,152.67043,3.598327,3.593719,3.593231,89.961778,89.896139,90.008668,103.680253,0.062871,0.058091,98.740804,0.992857,-968.472387,176.793766,154.74618,176.793766,-171.69724,13.723306,154.74618,13.723306,1432.292075,-81.924947,-159.386873,121.195882,-159.386873,-105.09182,-28.463212,121.195882,-28.463212,1247.331426,449.280936,1.0,4.074346,1.066766,1.576555,1.0,139.0,1352.3797548748353,3.0100982403465153,0.010055184480774533
46353.0,-0.418953,-0.00819,0.907971,-0.674176,0.672649,-0.305009,-0.608248,-0.739917,-0.287329,-239.456896,-119.90239,65.312761,3.597664,3.598057,3.594232,89.952525,90.002425,89.982213,68.151908,0.046459,0.043519,126.768303,1.0,37.440509,485.407611,30.178618,485.407611,454.181712,-118.595543,30.178618,-118.595543,1103.075253,-265.562292,24.872817,-97.296507,24.872817,350.043818,-114.032338,-97.296507,-114.032338,1165.584367,430.65134,1.0,1.246716,1.862234,3.829634,1.0,136.0,1250.3781410865095,2.903458145715997,0.007888407246407644
46518.0,0.725764,-0.134309,-0.674705,0.522698,0.745307,0.413889,0.447274,-0.653053,0.61112,382.808663,104.874782,-49.578307,3.596104,3.596037,3.59517,90.087251,89.972028,90.019928,120.684181,0.062517,0.064333,82.399821,0.884058,-82.546005,405.344909,-40.462902,405.344909,-175.609785,-72.514291,-40.462902,-72.514291,1116.850175,-348.58328,129.443082,-71.865927,129.443082,-495.823797,-158.219246,-71.865927,-158.219246,1229.752945,537.680457,1.0,4.162148,0.913321,2.541075,1.0,122.0,1667.463707347789,3.101216876379401,0.010728882529975399
46003.0,0.356876,-0.813776,-0.458703,0.86335,0.474848,-0.170722,0.356744,-0.335095,0.872035,332.744186,391.529716,117.324192,3.595972,3.593565,3.599551,90.047912,90.033128,90.062871,110.950081,0.069476,0.055659,82.276107,0.922535,210.07387,794.425154,-166.2113,794.425154,-77.00679,-373.103844,-166.2113,-373.103844,1220.081876,-279.361377,172.177188,-202.359984,172.177188,-300.683205,-85.065623,-202.359984,-85.065623,1399.440828,444.585394,1.0,5.068689,0.511451,2.324912,1.0,129.0,1706.7511905018519,3.8389727002634095,0.011212671985075813
46498.0,0.691585,-0.277587,-0.666825,0.525003,0.827236,0.200133,0.496067,-0.488494,0.717838,-80.516129,-358.377624,-37.828029,3.593858,3.593402,3.594607,90.079034,89.941764,90.054341,130.545523,0.06808,0.063913,82.204094,0.93662,-705.14445,110.334336,104.650959,110.334336,-857.385532,-91.698435,104.650959,-91.698435,906.092937,-652.143912,-78.053825,26.806684,-78.053825,-73.936764,-54.718495,26.806684,-54.718495,1036.165161,513.396352,1.0,4.420814,0.770104,2.348503,1.0,133.0,1488.58069705005,2.8994765764328028,0.011393836418901473
46015.0,-0.179628,0.402644,0.897559,-0.914294,0.268385,-0.303374,-0.363043,-0.875127,0.319926,205.92491,-335.294039,-105.761891,3.595001,3.598953,3.594777,89.979776,89.996372,89.925187,123.744875,0.063449,0.06428,101.752849,1.0,223.691346,-139.517019,-526.239551,-139.517019,-186.318246,262.670371,-526.239551,262.670371,1216.527927,-309.808678,-14.891685,-4.153408,-14.891685,-103.574978,-98.793279,-4.153408,-98.793279,1318.305398,304.358976,1.0,1.244852,1.245145,3.534832,1.0,142.0,1537.860571495757,5.052785338243999,0.009827734651439587
44744.0,0.803173,0.381128,-0.457881,-0.266173,0.917179,0.296539,0.532978,-0.116297,0.838099,320.043344,257.111697,80.438846,3.595598,3.593967,3.598265,90.015128,89.957821,90.008423,32.845494,0.048891,0.03854,162.348209,1.0,58.542149,-132.872808,-163.936193,-132.872808,-171.817187,73.793845,-163.936193,73.793845,1117.384493,122.474549,-111.785812,-70.913905,-111.785812,-202.473098,101.190624,-70.913905,101.190624,1132.361091,116.652328,1.0,4.137679,0.577007,1.785631,1.0,142.0,1214.2674131416395,10.40928572931386,0.006159599826567844
46076.0,-0.222502,0.93533,0.275046,-0.842417,-0.326456,0.428673,0.490741,-0.136323,0.860575,-91.476445,454.702694,-82.204724,3.595112,3.592204,3.598014,90.028364,89.973665,90.086409,97.142338,0.058311,0.052754,167.510817,1.0,-384.861332,729.197691,-277.389178,729.197691,-346.808138,262.220984,-277.389178,262.220984,1039.074263,-126.359932,-26.599378,-45.319521,-26.599378,10.445527,6.771493,-45.319521,6.771493,1119.233015,216.808662,1.0,2.57113,0.534399,1.841754,1.0,142.0,1184.0266203279286,5.461159205566836,0.005969763731735605
44954.0,0.703804,0.579188,0.411341,-0.436064,-0.104883,0.893783,0.560811,-0.808419,0.178746,66.037164,-323.040093,49.430799,3.593885,3.594856,3.593596,89.99648,90.024898,90.125597,164.307521,0.085919,0.079039,77.832057,0.925676,-1166.491437,229.280372,49.716906,229.280372,-236.256047,-425.913925,49.716906,-425.913925,876.532444,-915.119819,30.807402,46.4564,30.807402,-147.68326,0.096381,46.4564,0.096381,1028.197675,701.923435,1.0,2.710268,1.391085,2.535099,1.0,137.0,1695.995088655189,2.4162109484992316,0.011893248562093122
46097.0,0.443672,-0.234412,-0.864989,0.830305,0.470751,0.298308,0.337267,-0.850556,0.403492,289.167032,-415.665775,120.575203,3.594359,3.599804,3.59498,89.990508,89.97784,90.014969,88.965873,0.048177,0.044444,102.213791,1.0,18.890736,-366.491187,332.724414,-366.491187,261.941396,-435.278748,332.724414,-435.278748,1088.62272,-510.277269,-2.2662,271.356814,-2.2662,-117.808013,-221.891754,271.356814,-221.891754,1140.360039,330.547717,1.0,4.380292,1.155466,2.764085,1.0,138.0,1524.128586525749,4.610918509310863,0.009783415625392467
46096.0,-0.080938,0.939627,0.33249,-0.454848,-0.331645,0.826514,0.886883,-0.084336,0.45423,495.165013,412.106071,-155.768776,3.599627,3.596577,3.594146,89.951522,89.993407,90.079514,120.88091,0.069064,0.066653,103.133052,1.0,808.534564,393.237976,-563.116673,393.237976,-260.769367,-480.998811,-563.116673,-480.998811,1155.932397,-87.827238,10.158205,-31.659514,10.158205,-219.185083,-90.066491,-31.659514,-90.066491,1133.116116,398.989203,1.0,2.759122,1.099288,1.665604,1.0,142.0,1294.3149385044464,3.243984871702021,0.009696212616688585
45888.0,-0.024622,0.855295,0.517556,-0.840721,-0.297836,0.452197,0.540909,-0.423986,0.726398,199.048141,377.658619,-7.553196,3.594172,3.596581,3.59324,90.064233,89.895657,89.98974,175.558136,0.081221,0.084468,72.630586,0.902778,-261.252825,-832.465837,-284.222055,-832.465837,-648.648965,-86.662626,-284.222055,-86.662626,844.359471,-138.003339,-48.887843,-24.772459,-48.887843,74.472728,157.873729,-24.772459,157.873729,1006.019726,622.847542,1.0,2.288898,0.75773,2.235606,1.0,129.0,1063.8623917411246,1.708062278491138,0.012429722100824025
46312.0,-0.345076,0.854873,0.387447,-0.636841,-0.516498,0.572419,0.689461,-0.049214,0.722649,400.129445,-84.945839,-176.498944,3.596438,3.59254,3.596604,90.02122,89.928427,90.006466,74.400851,0.08183,0.068185,117.280474,1.0,-569.85675,178.370501,-75.047576,178.370501,-185.254872,43.463273,-75.047576,43.463273,1133.183685,-132.507655,217.693014,4.3145,217.693014,-207.702243,-79.894605,4.3145,-79.894605,1009.151689,265.246649,1.0,2.546567,0.763169,1.642056,1.0,140.0,1198.0112254012902,4.516593253554318,0.00852656854030109
46463.0,-0.427348,0.851079,0.305023,-0.569907,-0.5155,0.639895,0.701841,0.099623,0.705333,-90.015431,-118.985083,37.306521,3.596053,3.595674,3.597084,89.9447,89.896941,90.053741,137.980736,0.052094,0.059648,92.387677,0.843284,672.909708,10.867877,18.525592,10.867877,-796.895697,230.212532,18.525592,230.212532,1398.733067,-409.509177,204.997763,-127.007328,204.997763,-64.752207,-100.138282,-127.007328,-100.138282,1245.573816,655.962606,1.0,2.696777,0.787903,1.429793,1.0,112.0,1529.2784733684605,2.331350079075179,0.009127667535141078
44922.0,0.849451,0.262161,0.457935,-0.51746,0.243997,0.820183,0.103285,-0.933669,0.342922,-264.471002,366.489917,53.062376,3.593678,3.599241,3.595496,90.056017,90.068066,89.998116,119.914456,0.070503,0.062014,100.223023,1.0,-656.013127,-142.603611,-347.240807,-142.603611,440.79449,186.840656,-347.240807,186.840656,1380.849052,-371.581305,24.52351,38.928101,24.52351,-333.17278,-133.459791,38.928101,-133.459791,1400.109084,475.461167,1.0,2.632375,1.220771,3.031418,1.0,143.0,1757.060121686917,3.6954860746533207,0.009977747328575391
44760.0,0.72326,-0.034432,0.689716,-0.242006,0.922782,0.299843,-0.646783,-0.38378,0.659079,470.691595,72.058115,-167.159085,3.594272,3.594686,3.593507,90.065218,90.127116,89.996489,99.136557,0.073205,0.059424,102.428671,0.986486,-1313.628969,-439.091913,28.139938,-439.091913,-218.963313,13.521594,28.139938,13.521594,1041.304721,-59.290233,28.879818,92.072362,28.879818,-201.74274,-45.767921,92.072362,-45.767921,1056.730244,351.414309,1.0,1.980882,0.851203,4.176861,1.0,146.0,1197.2171425390443,3.4068537104988637,0.00963095577018665
44761.0,0.702555,0.234738,-0.671799,-0.231718,0.968042,0.095924,0.672847,0.088276,0.734496,235.643283,43.148564,121.85027,3.596321,3.594727,3.596554,89.993552,89.946244,89.967205,106.483216,0.064532,0.062591,82.331362,0.935714,77.959997,143.663276,58.003315,143.663276,-113.890395,138.263777,58.003315,138.263777,976.178631,156.100098,73.926347,-31.692787,73.926347,-36.166405,78.137622,-31.692787,78.137622,990.631707,550.457254,1.0,4.570561,0.745872,1.440344,1.0,131.0,950.4173598091926,1.7265961215022747,0.01136521948950632
44936.0,0.807715,-0.024123,0.589079,-0.499476,0.502858,0.705448,-0.313241,-0.864032,0.394117,275.747019,445.30926,-1.586347,3.59257,3.600186,3.596417,89.98069,90.004165,89.9762,135.410152,0.071516,0.067748,81.429032,0.963768,-278.515589,542.939201,56.941335,542.939201,505.668975,-620.267737,56.941335,-620.267737,1150.522643,-683.656405,-7.298128,95.287519,-7.298128,-45.182872,-331.014528,95.287519,-331.014528,1193.936741,576.815503,1.0,2.445847,1.16569,3.48939,1.0,133.0,1680.2495762704068,2.912975756600645,0.011835680424151424
44763.0,-0.852199,-0.200354,-0.483337,0.522428,-0.376558,-0.765031,-0.028727,-0.904468,0.425573,346.73457,122.147394,-0.076574,3.592505,3.599765,3.592088,89.989172,90.01098,89.907285,153.195142,0.069073,0.070373,70.332405,0.873239,-353.194359,278.383472,1084.424354,278.383472,-590.73334,379.218031,1084.424354,379.218031,980.910935,-330.184485,60.542206,3.133534,60.542206,-419.202516,260.107079,3.133534,260.107079,943.087891,577.954664,1.0,5.71972,1.131202,3.173343,1.0,124.0,1340.1451808973738,2.318772153549701,0.012415884257050503
46403.0,0.702186,-0.663827,-0.257427,0.641101,0.43222,0.634173,-0.309716,-0.610344,0.729079,569.334302,359.171032,82.490257,3.588404,3.594441,3.595972,90.061298,90.021327,89.90146,159.894764,0.06907,0.066554,76.99179,0.905797,-1799.694049,-698.191346,158.943763,-698.191346,-571.546981,68.23573,158.943763,68.23573,866.131637,-233.391067,133.090295,102.820676,133.090295,-372.909617,-120.800494,102.820676,-120.800494,1098.789165,548.163382,1.0,3.527197,0.753821,3.611178,1.0,125.0,1418.5174862063477,2.587764036756377,0.011764851810822947
45454.0,-0.147483,0.532294,-0.833614,0.690801,0.658626,0.29834,0.707844,-0.531861,-0.464845,-254.829572,-369.659255,-21.424596,3.598508,3.594978,3.592194,89.987348,90.104202,89.965938,151.331847,0.086673,0.077468,80.29808,0.859155,-819.229021,694.46735,229.476271,694.46735,404.152198,664.872509,229.476271,664.872509,819.414278,-563.853188,352.040893,-111.184331,352.040893,-107.686651,277.917935,-111.184331,277.917935,984.087461,629.391431,1.0,4.368705,2.054256,2.215181,1.0,122.0,1434.656502535839,2.2794344375747295,0.010699570898830956
44767.0,-0.223646,0.769903,-0.597689,0.216998,0.637162,0.739552,0.950207,0.035701,-0.309566,-289.678572,-201.328431,-178.207652,3.59759,3.595453,3.592162,89.987909,90.029004,89.925715,135.338167,0.071691,0.063755,70.04546,0.868056,-487.316366,486.474008,272.856951,486.474008,-76.881237,550.824012,272.856951,550.824012,837.259064,-1011.01704,139.811412,-41.558474,139.811412,-117.495508,400.648667,-41.558474,400.648667,1017.348548,851.005102,1.0,3.8213,1.885533,1.533242,1.0,125.0,1799.0565939197165,2.1140373773219947,0.012392751792907063
46187.0,-0.276639,0.826666,0.489994,-0.719201,-0.516284,0.464975,0.637355,-0.223774,0.737363,572.882504,219.973741,164.721538,3.596576,3.594983,3.595681,90.011012,89.984153,90.018398,103.666759,0.065256,0.062263,94.891265,1.0,106.141261,125.822173,-135.495847,125.822173,173.015967,-95.225552,-135.495847,-95.225552,560.742318,-21.237575,-32.772343,222.400447,-32.772343,19.798493,101.764296,222.400447,101.764296,906.218781,510.588316,1.0,2.330001,0.741638,1.908449,1.0,142.0,932.45324654578,1.8262330283049013,0.01053837779483707
44769.0,-0.803088,-0.425637,-0.416993,0.502808,-0.859601,-0.090939,-0.31974,-0.2827,0.904349,51.288312,-245.531192,19.144023,3.5958,3.592602,3.59863,90.031143,90.045056,89.99849,92.376835,0.060641,0.056195,93.09301,0.985915,-80.581585,-343.567,-93.625564,-343.567,-373.930169,-265.344591,-93.625564,-265.344591,1236.365161,-179.035297,43.076698,-101.572194,43.076698,-353.348598,-19.111659,-101.572194,-19.111659,1277.131587,307.175954,1.0,4.927111,0.440944,3.988398,1.0,138.0,1553.7180256827257,5.0580717841043175,0.010590644775585191
45362.0,-0.247985,-0.585145,-0.772081,0.744022,0.395374,-0.538619,0.620431,-0.708014,0.337314,422.20745,397.70894,-112.551024,3.596588,3.593801,3.592961,90.028519,89.939642,90.04944,122.690101,0.062516,0.061273,84.603456,0.992754,-501.180302,-244.754086,-360.826121,-244.754086,-470.623098,349.430414,-360.826121,349.430414,728.651872,-226.561768,54.893022,-258.727145,54.893022,-218.745338,40.594345,-258.727145,40.594345,1147.514583,497.882621,1.0,5.321516,1.226734,2.422028,1.0,137.0,1389.6428330854533,2.791105321761077,0.011734201496449508
46216.0,0.507497,-0.116405,-0.853754,0.681041,0.661179,0.314682,0.527854,-0.741142,0.414823,229.421863,-107.849194,-79.622205,3.595274,3.596716,3.595138,90.01558,89.98238,90.081888,168.455683,0.074432,0.081008,74.496913,0.921429,50.183567,-187.266815,244.039533,-187.266815,-314.683563,-27.149777,244.039533,-27.149777,1072.189418,-35.09144,65.750007,-109.439483,65.750007,-264.012105,-64.418626,-109.439483,-64.418626,955.225095,699.595238,1.0,4.359253,1.143048,2.522714,1.0,129.0,1129.235492507119,1.6141268996275229,0.01236868700854759
45852.0,0.200448,-0.969347,-0.142081,0.977597,0.20741,-0.035855,0.064225,-0.131711,0.989205,-325.38064,159.419286,-176.75955,3.590112,3.596787,3.600135,89.944903,89.924238,90.075474,194.774679,0.091117,0.095033,67.658546,0.80137,863.778453,143.311901,-423.925606,143.311901,-1526.092164,664.288301,-423.925606,664.288301,1442.74004,195.310695,-220.509995,-22.359243,-220.509995,-719.254918,86.782108,-22.359243,86.782108,1386.28959,776.026229,1.0,4.959584,0.147065,2.687898,1.0,117.0,1840.2665915368736,2.371397412569767,0.011844327839974569
45112.0,-0.090646,0.381181,-0.920046,0.250522,0.902868,0.349382,0.963858,-0.198822,-0.177335,482.365326,-53.513793,22.734035,3.599415,3.59295,3.58847,89.945145,89.994429,90.008007,131.410448,0.06412,0.066711,79.992581,0.854167,-1860.758935,12.083256,-374.601376,12.083256,-258.957697,358.553521,-374.601376,358.553521,1177.642843,-642.103729,90.243459,-94.535878,90.243459,-493.18541,333.619611,-94.535878,333.619611,1328.233465,532.19928,1.0,4.349466,1.749075,1.77422,1.0,123.0,1925.4280667487694,3.6178704840577187,0.010678077758236105
44942.0,0.846061,0.255596,0.467815,-0.53226,0.453869,0.714635,-0.029669,-0.853624,0.520044,59.372873,-9.874428,165.49516,3.592476,3.597141,3.595388,90.034291,90.003009,90.010517,124.712347,0.070425,0.067103,86.03687,0.935714,-499.797857,270.962678,49.523893,270.962678,-78.784444,-122.275056,49.523893,-122.275056,796.735562,-400.352234,202.731514,177.195026,202.731514,-176.177146,-58.705764,177.195026,-58.705764,998.391249,550.390215,1.0,2.561975,1.023893,3.176335,1.0,131.0,1322.9258259535377,2.4036143628635145,0.010875732694599422
44986.0,0.357863,0.37214,-0.856415,-0.176754,0.92757,0.3292,0.916893,0.033566,0.39772,73.650203,-36.216377,-12.443873,3.599363,3.593874,3.59442,90.024503,89.963356,90.000004,99.445882,0.069205,0.068323,152.9555,0.993056,5.988614,90.425448,217.912271,90.425448,-344.714738,-234.555717,217.912271,-234.555717,1294.425451,-186.213018,-247.804006,126.01987,-247.804006,-248.811064,-121.759203,126.01987,-121.759203,1361.201301,490.790875,1.0,4.345408,1.161766,1.534204,1.0,142.0,1601.3617814647064,3.2628189785816746,0.006492450418585798
46092.0,0.370134,-0.838339,0.400237,0.658747,0.540638,0.523223,-0.655022,0.069992,0.752361,197.583414,39.214447,120.149785,3.596578,3.594591,3.596801,89.997928,90.058105,89.998811,77.883669,0.057991,0.050319,95.5554,1.0,-36.135029,23.700063,38.054453,23.700063,34.476489,-69.014113,38.054453,-69.014113,1044.525902,23.748768,34.722835,71.945448,34.722835,-29.870828,41.459708,71.945448,41.459708,1205.168786,435.657118,1.0,2.488595,0.719157,4.81884,1.0,140.0,1211.6315989966376,2.781158734554723,0.010465133315333303
45985.0,0.350447,-0.400535,-0.846616,0.936377,0.130921,0.325664,-0.0196,-0.90688,0.420933,-46.513589,105.440956,1.139099,3.594415,3.598825,3.595053,90.032349,89.996042,89.982153,98.792224,0.062674,0.06127,94.279536,1.0,-22.332463,-119.822607,170.401839,-119.822607,-15.567934,-172.693313,170.401839,-172.693313,1170.655497,-144.795354,-63.931245,213.745585,-63.931245,65.282218,-0.695347,213.745585,-0.695347,1223.224532,415.81332,1.0,4.345172,1.136322,3.163202,1.0,144.0,1290.5626081971152,3.1037067504165456,0.010606755637830038
44785.0,0.345817,-0.932143,0.107326,-0.070527,0.088237,0.9936,-0.935647,-0.351173,-0.035228,307.965553,291.037444,-190.637028,3.599107,3.596688,3.593978,90.083149,90.036004,90.027111,135.882126,0.073136,0.074515,104.438391,0.992857,887.749862,440.270034,-354.283854,440.270034,-279.198536,631.749267,-354.283854,631.749267,934.941344,-265.59099,-24.501526,-272.899698,-24.501526,-89.266784,28.988353,-272.899698,28.988353,1327.361923,416.982131,1.0,3.033992,1.606031,4.353332,1.0,138.0,1531.224745748467,3.672159145228377,0.009506628649612192
45749.0,0.081076,-0.802314,0.59137,0.567219,0.525015,0.634525,-0.819567,0.283991,0.497654,-261.442102,-306.477442,-133.183537,3.597623,3.593885,3.595198,89.910311,90.045005,90.008284,53.050169,0.049402,0.044222,142.824374,1.0,-874.941675,-92.497669,-16.488371,-92.497669,439.032971,90.153912,-16.488371,90.153912,1125.93577,-172.79813,96.903963,-1.755089,96.903963,26.627671,-47.492591,-1.755089,-47.492591,1156.501333,109.462316,1.0,2.391382,1.049905,5.045955,1.0,138.0,1245.1698099840569,11.375328564983558,0.0070016060423972164
46317.0,-0.493816,0.815063,0.303016,-0.844008,-0.533124,0.05856,0.209275,-0.22683,0.951184,487.083595,408.645414,144.778077,3.595567,3.593759,3.599472,90.049575,89.973823,89.985647,61.704179,0.057753,0.048929,129.348407,1.0,-387.672594,168.807332,43.191289,168.807332,207.923564,54.12965,43.191289,54.12965,1452.586515,-350.994355,32.500504,202.705867,32.500504,-202.802393,20.441519,202.705867,20.441519,1525.789766,186.944572,1.0,1.761699,0.313745,2.396427,1.0,142.0,1816.0611301741317,9.714436267099169,0.007731057716079951
46492.0,0.360412,-0.821121,0.442565,0.213141,0.534393,0.817921,-0.908116,-0.20046,0.367616,593.999658,67.525313,142.090283,3.599714,3.59163,3.5913,89.974324,90.046834,89.981536,125.791414,0.093247,0.076119,72.774019,0.921429,-980.093039,-114.262606,-619.303666,-114.262606,-734.734782,-268.915482,-619.303666,-268.915482,1275.77237,-358.933188,159.061416,-299.346434,159.061416,-450.033411,-202.389028,-299.346434,-202.389028,1183.238377,562.23441,1.0,2.64562,1.194352,4.495131,1.0,129.0,1626.0341832810211,2.8920929675596003,0.01266151042173444
45770.0,0.097677,0.645658,-0.757354,0.720678,0.478932,0.501246,0.686355,-0.594768,-0.418531,-341.595062,323.745258,-177.212053,3.596323,3.595557,3.600878,90.095757,90.041636,90.091371,132.956941,0.064417,0.063982,103.87342,0.992958,1848.330957,-743.003693,229.699331,-743.003693,-506.178083,275.611536,229.699331,275.611536,1030.329234,-20.012113,-84.914958,51.058318,-84.914958,88.4842,87.02717,51.058318,87.02717,893.714434,358.7099,1.0,4.127736,2.002623,2.284827,1.0,141.0,872.1095767579444,2.431239217980726,0.009559307857582817
45097.0,-0.432196,0.589515,-0.682406,0.621227,0.743167,0.248556,0.653669,-0.316504,-0.687417,535.442889,391.28326,-142.157046,3.595832,3.592282,3.59613,89.917824,90.048414,89.998776,96.627457,0.053807,0.053498,119.00347,1.0,-832.973659,-480.403768,156.651346,-480.403768,-92.65744,-89.191853,156.651346,-89.191853,930.618672,55.041466,-162.988773,-1.877244,-162.988773,51.519916,-33.393802,-1.877244,-33.393802,935.835147,463.862571,1.0,4.36309,2.328722,2.021721,1.0,144.0,894.2453111015343,1.9278238146563764,0.00840311631249072
46117.0,0.353566,0.418875,-0.836382,0.579938,0.603393,0.547348,0.733937,-0.678573,-0.029582,165.425848,-354.069649,-31.593012,3.596879,3.596176,3.594916,90.020714,89.961843,90.067429,82.463645,0.065253,0.05432,105.196284,1.0,-66.197233,-115.562148,-306.296274,-115.562148,39.905164,258.021034,-306.296274,258.021034,1068.488496,-162.504646,-25.501179,-75.484533,-25.501179,-210.078032,-31.754443,-75.484533,-31.754443,1067.347702,334.543273,1.0,4.132911,1.600383,2.317019,1.0,140.0,1256.5133077441608,3.7559066618690036,0.009506039205719472
46789.0,-0.490271,0.339047,-0.802921,-0.337402,0.775574,0.533521,0.803613,0.532477,-0.265846,540.65385,-374.889734,-91.224148,3.596595,3.594645,3.589564,90.058353,90.050088,89.939402,139.17945,0.068243,0.064854,81.156169,0.943662,-1050.321158,654.383514,-20.377218,654.383514,-908.006272,21.53824,-20.377218,21.53824,1006.786063,-379.028484,-103.338855,-150.440257,-103.338855,-386.418977,0.123038,-150.440257,0.123038,986.932695,508.791046,1.0,4.125905,1.839878,0.985612,1.0,134.0,1378.7614341199458,2.709877551815143,0.01162772974165402
45848.0,-0.00488,0.409709,0.912203,-0.992852,-0.110772,0.044441,0.119255,-0.905466,0.407321,-88.439081,41.781143,-109.398972,3.594934,3.597267,3.592514,90.05139,90.001923,90.000411,123.452964,0.075945,0.070062,91.482337,0.84507,-732.548231,-2.881405,-196.933063,-2.881405,65.826806,94.679053,-196.933063,94.679053,804.270514,-262.654361,-44.960026,-69.504516,-44.960026,-40.537535,-58.402534,-69.504516,-58.402534,1102.535056,512.404023,1.0,1.619476,1.151277,3.010641,1.0,119.0,1271.8269700447604,2.4820784243623324,0.009237520899799487
45734.0,0.084573,0.551804,-0.829674,0.249243,0.794472,0.553798,0.964741,-0.253627,-0.070343,118.754697,237.117913,-28.670167,3.598419,3.594196,3.594526,89.996899,89.997317,90.063723,87.535294,0.054861,0.049827,103.57381,1.0,-159.819959,-144.644402,-197.502292,-144.644402,-240.422013,-105.923797,-197.502292,-105.923797,1212.105494,-292.045438,-132.405419,133.171416,-132.405419,-269.854326,-3.305854,133.171416,-3.305854,1409.131848,431.012761,1.0,4.123817,1.641197,1.827876,1.0,142.0,1697.9997498340954,3.9395579515895016,0.009654950416519389
46644.0,0.800549,-0.268913,-0.535543,0.41902,0.890071,0.179434,0.42842,-0.368049,0.825225,148.362241,101.981752,97.905099,3.594718,3.594348,3.598239,90.052848,89.963418,90.025318,127.750926,0.061345,0.062495,88.043863,0.859155,-44.478088,14.374162,-203.720214,14.374162,-320.328219,-44.648779,-203.720214,-44.648779,1222.285616,-403.991904,-48.286848,-44.52487,-48.286848,-305.74458,80.374899,-44.52487,80.374899,1424.778251,680.928143,1.0,4.389095,0.600195,2.280541,1.0,122.0,1783.9455425118038,2.6198734196125066,0.00975826106130759
44801.0,0.836022,0.009726,0.54861,-0.342486,0.790407,0.507898,-0.428685,-0.612505,0.664129,83.555543,-401.735639,101.820738,3.594381,3.600326,3.594504,89.984454,90.098754,90.014545,186.60254,0.085975,0.083834,78.346119,0.892857,-881.529222,-204.947856,-251.933432,-204.947856,1419.417217,-360.23359,-251.933432,-360.23359,848.987944,-233.802449,-185.596065,-68.795078,-185.596065,215.524457,-92.449412,-68.795078,-92.449412,725.545054,1042.080602,1.0,2.317679,0.844468,3.752244,1.0,125.0,852.6287712573358,0.8181984863943718,0.011396314347108884
46437.0,-0.44606,0.890774,0.086902,-0.612921,-0.374785,0.695604,0.652196,0.257017,0.71315,167.20597,141.130518,100.674684,3.597086,3.593987,3.597471,89.952242,89.947465,90.008659,121.247538,0.065509,0.061671,86.450191,0.964286,58.442048,400.828335,-72.008177,400.828335,-60.285973,137.606073,-72.008177,137.606073,1203.85307,-190.181858,204.26342,10.037247,204.26342,-130.014047,102.978394,10.037247,102.978394,1186.543628,636.745758,1.0,3.017306,0.776814,1.195405,1.0,135.0,1362.1601598098248,2.1392528221755733,0.011154237935691778
45843.0,0.18514,-0.621169,-0.761493,0.88134,0.447723,-0.150941,0.434698,-0.64319,0.630353,524.260233,-386.437814,48.618899,3.594812,3.593257,3.593267,90.136787,90.007012,90.091989,102.604587,0.054099,0.049544,117.683411,1.0,-1324.112595,782.24966,240.455621,782.24966,-534.201007,-17.883283,240.455621,-17.883283,1051.841887,-204.040849,-25.214002,225.072663,-25.214002,-38.794924,29.411119,225.072663,29.411119,1057.543584,188.594194,1.0,4.90807,0.888789,2.547261,1.0,146.0,1203.9720338554594,6.38392947481437,0.008497374366553668
44890.0,0.73496,-0.529382,0.423779,-0.389421,0.182119,0.902875,-0.555145,-0.828605,-0.072302,-94.483216,397.80543,-55.938555,3.593345,3.596664,3.596868,89.923628,90.032792,89.914124,174.075655,0.059039,0.083395,127.54139,1.0,-1014.959149,131.435337,12.802425,131.435337,755.365985,-409.725319,12.802425,-409.725319,996.333469,-345.004057,99.973341,104.799161,99.973341,106.096995,-97.778865,104.799161,-97.778865,1083.787295,430.607473,1.0,2.702751,1.643162,3.731882,1.0,140.0,1274.0923374359738,2.9588254206539832,0.007840591983512175
45080.0,0.497243,0.631178,-0.595285,-0.385542,0.775401,0.50011,0.777243,-0.019168,0.628908,-217.802475,-8.313562,-144.820161,3.595669,3.594091,3.596174,90.018111,89.909719,90.01609,115.231277,0.061809,0.064613,83.325948,0.927536,-302.720629,123.453999,-297.927366,123.453999,-313.162419,5.263608,-297.927366,5.263608,1091.595876,179.857222,112.843669,111.426249,112.843669,-201.969783,-28.629797,111.426249,-28.629797,1034.6052,548.934545,1.0,4.01366,0.890648,1.595453,1.0,127.0,1105.544528284046,2.013982428968915,0.011131418510834105
45720.0,0.034918,-0.632521,-0.773755,0.883168,-0.34284,0.320116,-0.467755,-0.694534,0.546652,-33.872683,-212.078018,171.854459,3.595079,3.598026,3.595649,90.016843,90.024431,89.926952,73.277094,0.055562,0.046193,98.985727,1.0,356.494816,-91.150921,356.833467,-91.150921,-268.082281,-76.234187,356.833467,-76.234187,1171.825468,81.632132,8.799718,68.604834,8.799718,-162.903939,59.045792,68.604834,59.045792,1009.708693,336.790954,1.0,4.320113,0.992436,3.734298,1.0,146.0,1074.3719266577573,3.1900260796724287,0.01010246659096619
45056.0,0.551013,0.763537,-0.336743,-0.419247,0.602193,0.679408,0.721537,-0.233184,0.651927,43.798525,40.23146,152.176765,3.596329,3.595444,3.594899,90.019844,89.957998,90.009206,84.630859,0.056504,0.051532,103.008518,1.0,138.623052,111.187706,39.930708,111.187706,-141.097327,-145.17577,39.930708,-145.17577,684.025616,-176.533871,173.536904,105.403543,173.536904,-143.328551,-105.464188,105.403543,-105.464188,1178.893759,405.910102,1.0,3.601748,0.860673,1.883378,1.0,140.0,1353.713407413381,3.3350079259997845,0.009707935027276094
46333.0,-0.513386,0.764577,0.389687,-0.827266,-0.320195,-0.461635,-0.22818,-0.559372,0.796892,-52.601152,-406.078281,131.576678,3.595181,3.595003,3.597739,90.037067,90.015268,89.992256,29.863373,0.046695,0.034887,157.602764,1.0,9.215665,18.465234,189.616431,18.465234,107.532194,-161.692025,189.616431,-161.692025,913.088847,-17.324386,32.58021,151.537859,32.58021,-74.212716,-156.587619,151.537859,-156.587619,1001.235489,165.994489,1.0,0.701085,0.648664,3.528909,1.0,144.0,1065.3888152958484,6.418217988525201,0.006345066384749445
46666.0,-0.582198,0.012281,0.812954,-0.477857,0.803792,-0.35436,-0.657798,-0.594783,-0.462097,-252.185944,91.840764,108.810625,3.596422,3.59524,3.592216,89.956407,89.945594,89.963467,131.207502,0.070474,0.067554,84.471882,0.814286,-752.236825,343.082779,237.069282,343.082779,-192.493125,42.165562,237.069282,42.165562,848.509897,-243.815359,-81.736661,-211.003444,-81.736661,1.884943,-67.656505,-211.003444,-67.656505,945.414367,444.459805,1.0,1.159737,2.051155,3.977257,1.0,114.0,1106.4707091149896,2.489473056208063,0.009639728400984366
44816.0,-0.809503,-0.123416,-0.573997,0.575412,0.027463,-0.817403,0.116644,-0.991975,0.048784,13.755177,207.989261,126.247433,3.591554,3.600533,3.592785,90.047708,89.98127,89.995149,125.130754,0.056514,0.05956,87.041139,0.979167,-634.279424,166.805749,77.333002,166.805749,-789.22853,-455.439137,77.333002,-455.439137,1604.56062,-301.315992,144.951498,-17.4446,144.951498,-525.33454,-78.387623,-17.4446,-78.387623,1713.764945,509.174464,1.0,5.670971,1.521993,3.024542,1.0,141.0,2140.7348973726153,4.204324939148196,0.011249473654061443
45989.0,0.298773,0.553626,-0.777324,0.729788,0.39231,0.559913,0.614935,-0.734568,-0.286818,-225.93975,469.772594,157.185007,3.597496,3.596039,3.592913,89.93127,89.998752,90.019919,79.571015,0.058266,0.050728,104.138943,1.0,-707.05796,374.682625,100.990689,374.682625,477.457388,60.204566,100.990689,60.204566,848.950096,113.105024,80.484963,15.922797,80.484963,-164.335718,-17.999388,15.922797,-17.999388,934.155555,313.373613,1.0,4.088163,1.8617,2.444614,1.0,138.0,992.0593305560755,3.1657398370553795,0.00960255569331062
46584.0,0.813265,-0.525286,-0.250349,0.501621,0.414823,0.759143,-0.294916,-0.742965,0.600856,-237.30134,-452.151898,119.10209,3.588349,3.597197,3.590868,90.116559,90.116992,90.057037,260.617216,0.104979,0.111446,67.594071,0.814286,-483.450771,-696.619375,637.881776,-696.619375,-2576.272478,50.451133,637.881776,50.451133,883.857716,-414.983964,-78.941685,194.585773,-78.941685,-263.756202,-71.766913,194.585773,-71.766913,1015.905157,663.814686,1.0,3.460141,0.926225,3.519462,1.0,114.0,1375.0846446751384,2.0714887357510774,0.012046707469357779
45474.0,0.399194,0.813568,0.422789,-0.860247,0.491879,-0.134277,-0.317204,-0.310101,0.896225,-82.291218,-348.500657,-36.856344,3.592827,3.592658,3.598594,90.05207,90.012157,89.902539,142.696588,0.083288,0.081384,79.452864,0.873239,-73.099757,-538.084799,0.116819,-538.084799,-1199.545478,-233.967678,0.116819,-233.967678,1231.603526,-242.560954,-14.612323,223.444309,-14.612323,-262.972465,-145.895811,223.444309,-145.895811,1333.988964,581.161819,1.0,1.263274,0.459612,3.938314,1.0,124.0,1603.6445646953332,2.759377013883517,0.010990654786213873
45829.0,0.181321,-0.383007,-0.905775,0.982523,0.109977,0.150181,0.042094,-0.917176,0.396254,208.934661,373.381894,-124.053697,3.588961,3.600004,3.593304,90.079715,89.901003,89.991846,196.549468,0.075976,0.086339,97.241158,0.971831,-942.63716,-954.365142,187.981793,-954.365142,-1297.571482,104.167637,187.981793,104.167637,1694.960644,-105.651871,-68.241255,193.061701,-68.241255,-509.094514,18.869596,193.061701,18.869596,1494.527214,523.192348,1.0,4.54808,1.163363,3.095729,1.0,138.0,1844.0807636287595,3.524670746195163,0.009994029482865681
45792.0,0.075067,0.80589,-0.587288,-0.792948,0.405356,0.454885,0.604648,0.431541,0.669457,67.664415,311.747039,74.273902,3.597386,3.593741,3.597574,89.953247,89.990319,89.952677,81.150981,0.055469,0.049781,147.735574,0.992754,-248.29334,-502.101095,-67.685024,-502.101095,403.758018,-32.370442,-67.685024,-32.370442,1090.179986,31.552859,18.086507,-6.707251,18.086507,-38.758605,21.252186,-6.707251,21.252186,1075.796645,281.808151,1.0,4.053359,0.837318,0.95093,1.0,137.0,1081.4013682287036,3.83736724573557,0.006719803315618484
46538.0,-0.504509,0.860279,0.073417,-0.560813,-0.391162,0.729713,0.656475,0.326974,0.6798,495.645276,249.187433,-160.021449,3.593582,3.595092,3.593405,90.005052,89.854721,89.98101,190.955926,0.092633,0.08917,82.621384,0.833333,-255.797554,-737.346565,-217.370157,-737.346565,-1224.553532,-24.721187,-217.370157,-24.721187,881.337697,-309.189601,68.175387,177.751794,68.175387,-444.729355,59.562603,177.751794,59.562603,1069.095106,687.343475,1.0,3.04132,0.823306,1.10869,1.0,115.0,1461.0597503515776,2.125661773906528,0.01008616607051753
45034.0,0.297009,0.583571,-0.755798,-0.150696,0.810243,0.56639,0.942908,-0.054327,0.328592,368.781348,-364.654289,-144.49027,3.599107,3.592231,3.591867,90.084795,89.903146,89.966616,164.934031,0.076205,0.077033,98.490245,0.849315,-213.620282,449.094614,24.245033,449.094614,-1582.45515,171.757032,24.245033,171.757032,1511.168832,-404.050506,-32.545725,139.62703,-32.545725,-258.133187,-119.313534,139.62703,-119.313534,1248.227483,676.868983,1.0,4.069276,1.235984,1.628349,1.0,124.0,1592.5801175636077,2.3528631944472003,0.008623341326849172
46034.0,-0.202148,0.580256,0.788948,-0.914997,0.175312,-0.363383,-0.349167,-0.795342,0.495494,254.053743,-212.142233,-77.155189,3.595344,3.596983,3.594982,90.034639,90.028037,89.958732,86.806467,0.059453,0.055826,120.924245,1.0,-24.569618,51.837731,-70.005958,51.837731,-71.328342,160.625309,-70.005958,160.625309,954.565755,-259.570057,45.51805,-111.702918,45.51805,-160.777338,3.8818,-111.702918,3.8818,961.893523,338.492273,1.0,1.139169,1.052393,3.555274,1.0,142.0,1179.8241172813528,3.485527474009289,0.008269640219792151
45304.0,-0.268086,-0.572782,-0.77463,0.678313,0.458753,-0.573966,0.684121,-0.679313,0.26554,374.387194,-132.055805,-100.517338,3.594532,3.59647,3.593917,90.002947,89.994142,90.071285,115.442581,0.063955,0.063713,84.70913,1.0,-176.313938,82.358738,335.130263,82.358738,-414.462203,-74.866403,335.130263,-74.866403,784.497814,-96.662608,-104.227459,212.801448,-104.227459,-267.128407,101.414688,212.801448,101.414688,1005.605908,596.644286,1.0,5.350077,1.302032,2.352668,1.0,135.0,1217.2830903709328,2.0402157850732068,0.011805102944629463
45023.0,0.774831,0.221695,0.592021,-0.585442,0.604995,0.539666,-0.238528,-0.764744,0.598558,209.501286,-118.85044,118.574995,3.595685,3.596565,3.596827,90.090173,89.983493,90.009794,97.297258,0.057713,0.05649,112.485166,1.0,282.368126,-260.600482,424.744257,-260.600482,-100.230841,-65.214302,424.744257,-65.214302,1167.659472,-62.928735,-226.810923,37.066535,-226.810923,-169.943765,20.082853,37.066535,20.082853,1167.789601,377.461768,1.0,2.309965,0.929097,3.443936,1.0,138.0,1302.9737264067637,3.4519356312842886,0.008890061112591503
46243.0,0.533605,-0.799028,0.277164,0.682016,0.600341,0.417665,-0.500119,-0.033838,0.865295,295.153986,502.205896,113.919404,3.593795,3.592759,3.595582,90.022916,90.098473,90.006098,171.143231,0.082636,0.082936,83.764703,0.862319,-529.148308,-113.134213,-46.135279,-113.134213,-914.347518,-225.229299,-46.135279,-225.229299,861.981199,-381.308929,26.802013,-116.467378,26.802013,-144.580304,-20.754673,-116.467378,-20.754673,854.356689,694.882264,1.0,2.555715,0.525057,4.644831,1.0,119.0,1140.8014089054172,1.6417189904064342,0.010294538977831749
46010.0,-0.193147,0.517796,0.833415,-0.973616,-0.206343,-0.09744,0.121515,-0.830247,0.543989,-153.336709,207.194539,72.17944,3.592997,3.595532,3.595141,90.104787,89.988441,90.037135,114.802114,0.059286,0.057106,91.585297,0.971831,-639.174207,150.205074,270.513197,150.205074,-597.109114,-190.555732,270.513197,-190.555732,1081.351423,14.642184,-67.385545,-13.708744,-67.385545,-390.873617,79.176569,-13.708744,79.176569,1094.560503,495.103211,1.0,1.454408,0.995612,2.996264,1.0,138.0,1332.9811834861089,2.692329909947017,0.010611211972157496
46427.0,-0.606219,0.040994,0.794241,-0.794435,-0.077712,-0.602356,0.037029,-0.996133,0.079678,134.647364,357.48788,-101.003411,3.588766,3.600945,3.593055,89.990904,89.998573,89.924881,154.892453,0.070281,0.071503,153.332421,1.0,-943.063405,-582.669083,270.487851,-582.669083,-1108.784774,767.199536,270.487851,767.199536,1646.770437,-247.81198,-0.067324,-41.646135,-0.067324,-129.872078,34.611473,-41.646135,34.611473,1564.433712,231.304279,1.0,0.921938,1.491034,3.104437,1.0,145.0,1756.874343460302,7.595511639714638,0.006521777935013496
45897.0,0.227566,0.467772,-0.854051,0.840071,0.349227,0.415116,0.492437,-0.81193,-0.313489,-119.665786,-15.861194,-62.436573,3.595326,3.598767,3.594661,89.991209,90.006228,89.99084,157.144382,0.062767,0.069489,96.809326,0.883562,214.261941,285.646006,-340.763079,285.646006,279.122852,-319.242824,-340.763079,-319.242824,767.83387,318.808619,34.216823,39.415406,34.216823,-71.675301,-236.666538,39.415406,-236.666538,1354.086229,696.675824,1.0,4.259959,1.889661,2.596406,1.0,129.0,1293.2858317279895,1.8563667450127987,0.009126827305873404
45822.0,0.038203,0.777564,-0.627643,-0.740286,0.443916,0.504892,0.671206,0.445347,0.592578,125.627444,426.129639,187.112751,3.595425,3.591325,3.59224,90.071274,89.919486,89.936095,179.296172,0.087028,0.079971,67.490461,0.835714,-242.578303,-156.02114,-157.469235,-156.02114,-1432.095482,-881.027802,-157.469235,-881.027802,217.432044,-264.286841,-7.143555,158.642599,-7.143555,-445.252834,-36.244379,158.642599,-36.244379,891.191028,571.246891,1.0,4.034955,0.936541,0.984988,1.0,116.0,1263.6768242030168,2.2121377710973253,0.012382698052692216
44847.0,-0.776984,-0.278523,-0.564553,0.600538,-0.058964,-0.797419,0.188812,-0.958618,0.213078,406.920494,156.710039,178.90515,3.593187,3.599409,3.59147,90.053427,89.970751,90.01512,126.214431,0.068322,0.06288,77.79636,0.849315,-430.128801,-218.113255,133.992625,-218.113255,-1008.72791,-100.585228,133.992625,-100.585228,1395.369815,-131.546072,63.969631,297.773451,63.969631,-691.712467,172.933336,297.773451,172.933336,1525.570485,530.489176,1.0,5.667126,1.356072,2.94712,1.0,124.0,2019.921531095563,3.807658332119415,0.010917156021181453
46692.0,-0.797108,0.352318,0.490398,-0.570555,-0.705352,-0.420648,0.197702,-0.615101,0.763259,-97.565404,-359.585411,-163.718577,3.593053,3.598366,3.597867,90.072798,89.95966,89.965692,132.412478,0.075122,0.070488,82.855125,0.971831,-627.229933,-201.46487,189.912883,-201.46487,535.216996,269.601207,189.912883,269.601207,1500.161862,33.607348,72.989554,202.701275,72.989554,-44.026681,11.832693,202.701275,11.832693,1288.228843,530.212457,1.0,0.861809,0.702454,2.830608,1.0,138.0,1308.5946395195092,2.468057138686784,0.011729280476011593
45164.0,-0.512783,-0.378455,-0.7706,0.797479,0.122426,-0.590795,0.317931,-0.917488,0.239032,375.166677,142.894999,-162.912521,3.593255,3.598285,3.587579,90.063564,90.03644,90.01709,164.36633,0.081107,0.083153,79.373735,0.922535,-1783.565038,-701.874577,498.75757,-701.874577,-592.732763,-148.75888,498.75757,-148.75888,956.530257,-195.457049,-38.551106,263.251787,-38.551106,-562.496683,-140.243991,263.251787,-140.243991,1332.182048,539.014637,1.0,5.366473,1.329428,2.808018,1.0,131.0,1759.814038404312,3.264872449844645,0.011622673419614184
45109.0,-0.474569,-0.676148,-0.563567,0.686733,-0.684925,0.243464,-0.550619,-0.27148,0.789378,-272.762782,-42.762912,-96.064063,3.594021,3.591282,3.596353,90.072525,90.088423,90.0375,105.393318,0.08295,0.069276,83.789048,0.978571,-1448.148661,-148.321604,-303.065897,-148.321604,-258.438094,-10.34289,-303.065897,-10.34289,991.086468,-124.446336,148.081628,-39.617269,148.081628,-383.228412,162.045927,-39.617269,162.045927,1078.484257,405.491242,1.0,4.304599,0.661001,4.254322,1.0,137.0,1364.7800133476571,3.365744736227021,0.011678984585193043
46122.0,-0.293422,0.806024,0.514032,-0.912318,-0.396745,0.101339,0.285621,-0.439225,0.851764,465.403157,-83.591171,-83.183671,3.591524,3.592263,3.59597,90.177849,89.935453,90.031166,235.574282,0.090538,0.095279,78.616333,0.929577,-1764.636999,76.060356,-399.124348,76.060356,-1025.725919,236.481718,-399.124348,236.481718,1543.428271,-458.02935,28.521282,178.305881,28.521282,-489.069574,26.39241,178.305881,26.39241,1093.680144,846.597077,1.0,1.765445,0.551453,2.565019,1.0,132.0,1575.4074130446959,1.8608703666061628,0.011824222327948062
45326.0,-0.269087,-0.80678,-0.526021,0.715589,-0.533025,0.451462,-0.644612,-0.254933,0.720752,299.621995,492.694261,110.85505,3.596034,3.589489,3.594687,89.9306,90.093639,89.945844,181.017325,0.082814,0.074731,98.48747,1.0,-441.804174,-543.238471,-343.208608,-543.238471,-1415.414852,-777.899508,-343.208608,-777.899508,739.31009,-271.966468,-120.710274,6.374829,-120.710274,-45.368455,-98.483837,6.374829,-98.483837,883.862933,485.679345,1.0,4.003121,0.765909,4.335784,1.0,142.0,1069.398253323391,2.2018606809877634,0.01015357588127708
44866.0,-0.702019,-0.712057,-0.012017,0.577434,-0.579009,0.575603,-0.41682,0.397145,0.817641,-193.980289,251.398502,8.258235,3.592197,3.593845,3.596851,89.954783,90.067795,90.018103,157.932534,0.088167,0.085763,82.832932,0.852941,-635.886887,265.069807,-40.538652,265.069807,-675.802754,196.217578,-40.538652,196.217578,941.573592,-361.099439,-13.511151,8.386491,-13.511151,-400.872312,99.517753,8.386491,99.517753,953.098206,896.80378,1.0,3.162468,0.613495,5.47362,1.0,116.0,1337.3796201070993,1.4912733977404726,0.010297124336972642
45466.0,-0.187048,-0.638517,-0.746532,0.831481,0.301775,-0.466444,0.523117,-0.707974,0.474468,107.119038,-407.471857,139.646731,3.594285,3.595739,3.592091,90.045007,89.945497,90.069462,144.985961,0.059485,0.061223,82.902129,0.985915,-688.363753,-216.690053,204.609306,-216.690053,-785.600777,194.753715,204.609306,194.753715,887.009495,-329.875975,115.077935,178.938456,115.077935,-84.722574,-15.815282,178.938456,-15.815282,960.962896,1062.829742,1.0,5.270855,1.076436,2.505238,1.0,140.0,1201.6845095597978,1.1306462945781939,0.01189251725971959
45590.0,0.275404,0.587121,0.761211,-0.819039,-0.27127,0.505557,0.503316,-0.762694,0.406166,131.101161,523.723422,65.923649,3.597097,3.596146,3.594541,90.074755,89.991286,90.024268,92.341735,0.06769,0.060986,91.717379,0.993151,-467.761614,-209.511054,141.768175,-209.511054,476.248752,13.290628,141.768175,13.290628,982.085451,-162.747168,23.373341,-3.933192,23.373341,-19.669797,46.578864,-3.933192,46.578864,1251.129268,371.698632,1.0,2.157053,1.152542,2.558276,1.0,145.0,1348.8041063167254,3.6287572516993434,0.010828384007789843
46164.0,-0.29547,0.671914,0.679138,-0.801938,-0.560792,0.205931,0.519223,-0.483781,0.704531,18.770937,-246.139958,36.53144,3.59219,3.594242,3.597455,90.044871,89.938119,90.064392,140.726161,0.073559,0.0737,91.257833,0.985915,-127.490628,-32.848347,260.824966,-32.848347,-1061.146681,259.994267,260.824966,259.994267,1094.377751,-248.227829,120.828645,-21.913938,120.828645,-384.484535,-31.684096,-21.913938,-31.684096,1056.493223,440.814188,1.0,1.865208,0.789034,2.320873,1.0,138.0,1382.2816841401168,3.1357468107177096,0.010803620550577833
46271.0,0.628871,-0.746309,-0.218045,0.777327,0.609569,0.155526,0.016843,-0.267299,0.963467,-108.69453,18.463215,144.606617,3.593306,3.594862,3.599244,90.039496,89.991162,89.985799,92.422177,0.05593,0.055296,120.366034,1.0,-329.145681,-196.952068,-8.956325,-196.952068,-127.563472,22.407667,-8.956325,22.407667,1344.339508,-177.270734,-193.02952,-125.30019,-193.02952,-110.216961,-0.525473,-125.30019,-0.525473,1372.247612,348.6557,1.0,4.09281,0.271139,3.078663,1.0,148.0,1530.1381861216314,4.38867968061796,0.008307991605007108
46587.0,-0.719084,0.244627,0.650442,-0.667217,-0.504695,-0.547818,0.194264,-0.827913,0.526138,-208.150276,-275.761829,104.868111,3.594745,3.596756,3.594165,90.037064,89.96261,90.015297,105.930615,0.060305,0.061133,115.871339,1.0,-394.804734,98.255652,-203.736861,98.255652,65.179661,9.55825,-203.736861,9.55825,731.626079,-161.636308,217.556187,-81.648761,217.556187,-221.314301,66.385201,-81.648761,66.385201,952.743412,475.480112,1.0,0.870834,1.016744,2.911119,1.0,138.0,1164.3499154099925,2.448787837860172,0.00863026188037751
46700.0,0.732812,0.006634,-0.680399,0.303064,0.892107,0.335108,0.609211,-0.451776,0.651736,-122.534947,-87.80271,-98.44015,3.594666,3.595201,3.596226,90.032681,89.971244,90.044546,118.551956,0.057634,0.054977,74.563076,0.878378,-71.424052,-170.623923,-139.117945,-170.623923,-183.189928,-145.147996,-139.117945,-145.147996,775.032,353.30346,-78.186364,167.331332,-78.186364,-189.768798,63.952732,167.331332,63.952732,956.730878,582.904982,1.0,4.254745,0.860925,2.208884,1.0,130.0,1007.6750181590089,1.7287123103693234,0.011780334813440369
46699.0,-0.464707,0.847431,0.256724,-0.374709,-0.450898,0.810113,0.802272,0.280269,0.527076,476.800663,58.495629,108.106606,3.595762,3.594109,3.593397,90.008068,89.914431,89.934246,127.647693,0.07492,0.064655,80.509596,0.880282,-750.673211,-416.653022,52.261706,-416.653022,-449.324328,-151.634363,52.261706,-151.634363,933.390576,123.530873,58.721486,155.827058,58.721486,-428.114453,-18.993625,155.827058,-18.993625,883.796356,526.55402,1.0,2.834705,1.01564,1.234706,1.0,125.0,1150.1223207077455,2.184243737627804,0.010933876751784968
44879.0,-0.213095,0.429678,-0.877478,0.259274,0.890775,0.373224,0.942002,-0.147975,-0.301224,373.429026,34.453619,-114.742158,3.600131,3.593516,3.588771,89.95373,90.068189,90.038877,115.74045,0.077828,0.065251,80.781752,0.909722,-1738.52688,289.332766,-411.580425,289.332766,-404.740854,32.386633,-411.580425,32.386633,1640.550039,-241.61753,82.782589,-353.946774,82.782589,-453.108416,81.144484,-353.946774,81.144484,1638.49359,463.694162,1.0,4.310232,1.876772,1.726609,1.0,131.0,2020.2003272741551,4.356751697197678,0.011261478953811252
45266.0,-0.228197,-0.630108,0.74222,0.552172,0.544119,0.631697,-0.801893,0.553984,0.223762,-200.790786,111.150024,-111.58656,3.597027,3.594294,3.593115,89.949422,89.972509,90.083333,129.513956,0.075506,0.068865,90.419541,0.926471,-968.77322,160.668147,-227.133818,160.668147,9.86355,-171.365952,-227.133818,-171.365952,1017.482244,-396.609611,191.375348,63.749261,191.375348,-163.545881,-290.566803,63.749261,-290.566803,1188.727528,690.956422,1.0,2.275923,1.345124,5.316944,1.0,126.0,1513.9240829515545,2.1910558101036863,0.010246358140658999
45630.0,0.000831,-0.697486,0.716598,0.56102,0.593526,0.577047,-0.827802,0.401546,0.391797,324.953449,496.144634,-162.055123,3.595756,3.594745,3.592562,90.017058,90.107306,90.073026,142.86094,0.068735,0.066237,86.578515,0.985294,-162.143598,-382.128733,14.091424,-382.128733,-1246.357752,75.363792,14.091424,75.363792,1083.768729,-339.013951,-45.720014,84.78874,-45.720014,-177.45465,-113.959009,84.78874,-113.959009,1261.744157,599.679978,1.0,2.248736,1.168212,5.164026,1.0,134.0,1531.8649243491388,2.5544706852779715,0.011380352273309378
46580.0,0.745078,-0.649817,-0.150324,0.458797,0.335745,0.822667,-0.484112,-0.681919,0.54829,-243.473326,98.568866,134.310314,3.592239,3.596686,3.5941,90.052152,89.969436,89.94227,88.287926,0.06545,0.055188,114.378856,1.0,-798.592765,53.180195,651.944919,53.180195,-101.277482,-156.415524,651.944919,-156.415524,566.386305,-85.183271,-106.211427,68.768546,-106.211427,-79.91963,-77.58548,68.768546,-77.58548,994.601906,222.618181,1.0,3.322326,0.990478,3.758949,1.0,144.0,1084.8051659146076,4.872940570449669,0.008742874644593402
44895.0,-0.244591,-0.497051,0.832535,0.28896,0.782236,0.551914,-0.925569,0.375563,-0.0477,575.112821,-164.664795,-137.21093,3.599218,3.588006,3.589103,89.871675,89.993715,90.003188,222.523668,0.125169,0.114873,70.54407,0.8,-2430.098899,357.22748,1018.489003,357.22748,-551.5266,-664.603912,1018.489003,-664.603912,783.300173,-188.467338,412.595949,248.053796,412.595949,-438.428926,-126.719793,248.053796,-126.719793,1183.793621,968.390558,1.0,2.156209,1.618514,5.097855,1.0,112.0,1573.042106911799,1.6243881086166052,0.011340428756095302
44898.0,-0.566634,-0.331399,-0.754387,0.519093,0.567447,-0.639177,0.639897,-0.753776,-0.149508,-69.758571,120.702816,159.854523,3.592914,3.59695,3.593397,89.975752,90.011141,90.056516,134.599545,0.057668,0.059804,66.26707,0.804348,-470.681162,54.160546,359.357401,54.160546,-471.182258,-322.322375,359.357401,-322.322375,674.533907,-365.741769,193.26969,178.795207,193.26969,-532.941675,-281.469848,178.795207,-281.469848,1115.272531,702.877869,1.0,5.415301,1.720867,2.437725,1.0,111.0,1606.3605597606547,2.2854049481541647,0.012137974411725158
46276.0,-0.334938,0.598746,0.727544,-0.670948,0.390567,-0.630307,-0.661548,-0.699257,0.270911,598.005563,170.773163,32.502132,3.597201,3.596657,3.593931,89.982857,90.029444,89.999986,162.211373,0.080855,0.081275,83.794619,0.921429,404.434502,438.937416,-20.858408,438.937416,8.707134,217.914767,-20.858408,217.914767,579.406995,-48.021049,62.640703,-214.449251,62.640703,-420.371305,28.567419,-214.449251,28.567419,1107.44162,628.148396,1.0,0.856887,1.296457,3.899287,1.0,129.0,1393.5644371405292,2.2185274148825957,0.010996278889936836
46477.0,-0.607339,0.756371,-0.242988,-0.736232,-0.420941,0.529879,0.298501,0.500712,0.812518,477.259237,530.456269,73.117341,3.590793,3.593887,3.595612,89.919656,89.917793,89.969013,148.483368,0.058028,0.057649,81.673317,0.892857,-820.765281,-277.672065,-20.011235,-277.672065,-1274.873007,-105.958516,-20.011235,-105.958516,1000.866394,-585.260087,74.252989,-57.830252,74.252989,-2.902928,91.846891,-57.830252,91.846891,1134.176851,465.429605,1.0,3.571554,0.622338,0.537586,1.0,125.0,1518.9625097283229,3.2635708889388826,0.010932052631093703
45613.0,-0.078413,-0.453427,-0.887838,0.9596,0.207066,-0.190502,0.27022,-0.866907,0.418872,68.263085,-354.247181,155.459259,3.594368,3.598918,3.592993,90.022606,90.000648,90.028783,129.288426,0.054004,0.060071,84.624864,0.979167,-322.430791,-46.160836,540.454794,-46.160836,-145.379945,-53.546257,540.454794,-53.546257,1040.355753,-236.833835,12.950632,670.411841,12.950632,-583.605406,-134.848151,670.411841,-134.848151,1390.75438,685.266043,1.0,4.923752,1.138594,2.839432,1.0,141.0,1919.5176677371521,2.8011276603372455,0.011570677383895117
45703.0,0.168386,0.865431,-0.471885,-0.789864,0.40486,0.460655,0.589712,0.295157,0.751746,169.123235,233.113836,66.440087,3.593773,3.592281,3.597399,89.967251,89.922985,89.954465,150.62084,0.060366,0.065912,69.968017,0.840278,-579.762418,-246.93077,-197.587297,-246.93077,-760.067808,211.799055,-197.587297,211.799055,1124.99778,-42.302879,-49.108435,-133.328837,-49.108435,-283.20439,281.065515,-133.328837,281.065515,1016.651029,789.718071,1.0,3.939032,0.720091,1.106741,1.0,121.0,1228.3769960609459,1.5554626912683955,0.012009458550183006
46430.0,-0.594009,0.396205,0.700125,-0.777852,-0.060904,-0.62549,-0.205181,-0.91614,0.344366,374.488385,-347.608606,115.840121,3.59449,3.598896,3.598748,90.008714,89.916666,89.958405,144.269903,0.059021,0.063777,135.766518,1.0,-114.973643,-751.319135,-206.173641,-751.319135,1133.845774,-67.15518,-206.173641,-67.15518,1181.347173,-175.250204,29.515576,-102.475458,29.515576,-204.727246,44.672803,-102.475458,44.672803,1152.086212,157.305384,1.0,0.841641,1.219233,3.36192,1.0,144.0,1346.0471182549497,8.556904309485997,0.007365586263323039
44908.0,-0.682882,0.244904,-0.688254,0.612852,0.70482,-0.357269,0.397599,-0.66577,-0.631399,563.840052,251.504165,61.734942,3.595651,3.5967,3.595632,89.961376,90.05249,90.048252,69.829527,0.063632,0.056827,108.840806,1.0,-135.62405,77.145795,-251.790756,77.145795,64.507445,88.014861,-251.790756,88.014861,1116.811632,48.779442,14.200272,-66.102939,14.200272,35.850769,86.201065,-66.102939,86.201065,1115.867715,323.946141,1.0,5.191195,2.254152,2.603234,1.0,142.0,1077.794957638395,3.3270807125879456,0.00918773056495006
46467.0,0.227818,0.628069,-0.744062,0.093648,0.746481,0.658784,0.96919,-0.219763,0.111244,-201.268396,131.575709,-160.395026,3.600208,3.591591,3.593497,89.961264,90.009889,90.030492,111.501408,0.055684,0.058828,86.614145,0.918919,-820.795905,-324.690078,475.550953,-324.690078,-340.796178,-7.732361,475.550953,-7.732361,1460.547039,-867.912454,-152.992046,302.284104,-152.992046,-402.455684,-23.292512,302.284104,-23.292512,1384.163313,520.711041,1.0,3.987706,1.459321,1.793775,1.0,136.0,2080.082917297672,3.994697161218196,0.010609341003135228
46180.0,-0.368675,0.352904,0.859964,-0.897235,-0.376939,-0.229969,0.242997,-0.856373,0.455606,-183.897457,-334.124092,77.379831,3.596103,3.596798,3.593473,90.047011,90.031266,90.054968,119.520415,0.066026,0.059151,82.218973,0.972222,-89.14172,557.972239,-312.588722,557.972239,-141.117145,-69.337819,-312.588722,-69.337819,828.469839,-767.774144,115.838575,-262.884552,115.838575,-257.455858,94.818296,-262.884552,94.818296,1099.850385,519.911608,1.0,1.309494,1.097743,2.865109,1.0,140.0,1692.336023109351,3.2550456598179105,0.011824788908516286
46737.0,-0.81462,0.458055,0.355781,-0.531511,-0.835093,-0.141832,0.232143,-0.30464,0.923744,329.134632,365.338449,115.996461,3.594191,3.593559,3.59837,90.03786,89.920982,89.996557,101.63332,0.06405,0.060376,86.001108,0.971429,-573.237038,90.434862,-148.153736,90.434862,-199.640324,-318.66044,-148.153736,-318.66044,1300.221244,-661.653616,67.147679,128.709714,67.147679,-302.886453,-146.349534,128.709714,-146.349534,1558.437693,437.717461,1.0,1.191455,0.393052,2.49044,1.0,136.0,2071.929855845708,4.733486873272593,0.011295540517919839
46617.0,-0.752827,0.445472,0.484568,-0.654474,-0.585012,-0.478982,0.070105,-0.677728,0.731963,-307.737093,374.979655,-54.655221,3.593633,3.593778,3.592935,90.161152,90.044044,90.014811,191.422468,0.081052,0.082065,79.686422,0.928571,-585.774217,697.871623,51.588039,697.871623,-1468.806054,372.671035,51.588039,372.671035,972.544929,-506.430365,-49.149484,-342.040347,-49.149484,-403.69424,65.666258,-342.040347,65.666258,1244.055873,591.685433,1.0,0.791195,0.749598,3.038518,1.0,130.0,1728.4988006921678,2.9213137662156505,0.011652813323705262
45611.0,-0.055662,-0.490341,-0.869751,0.809975,0.487178,-0.326494,0.583817,-0.72265,0.370047,460.051663,-243.359509,41.930629,3.595646,3.59515,3.595106,90.052313,89.973015,90.056784,39.759441,0.060119,0.04809,113.995112,1.0,-288.616284,159.335467,-207.348552,159.335467,-167.555951,51.393699,-207.348552,51.393699,922.97328,-26.939369,49.993457,-75.849879,49.993457,-120.115982,4.519908,-75.849879,4.519908,984.553858,148.931829,1.0,5.071499,1.191737,2.462063,1.0,144.0,1064.0736238780266,7.14470258656413,0.008772305956416798
45276.0,-0.33911,-0.854272,-0.393985,0.7623,-0.494942,0.41705,-0.551273,-0.158909,0.819052,65.403504,-157.007816,-175.889027,3.59466,3.59514,3.595545,89.979558,90.0733,89.965437,112.651623,0.074607,0.064968,88.623833,0.978571,237.237798,124.054095,21.917723,124.054095,-655.437047,-195.638733,21.917723,-195.638733,730.137173,-213.415857,159.625963,44.707894,159.625963,-154.257844,62.716542,44.707894,62.716542,1091.639267,404.363984,1.0,3.898559,0.61104,4.431739,1.0,137.0,1285.6996288235357,3.1795601974866674,0.011041849205506604
44929.0,0.422051,0.869514,-0.256551,-0.198473,0.364746,0.909708,0.88458,-0.333024,0.326517,274.84642,246.449876,-111.559865,3.597973,3.591947,3.594847,90.04517,89.933669,90.055993,87.499272,0.065142,0.057474,88.814045,1.0,-734.162965,-342.409444,53.640308,-342.409444,-443.165104,256.779241,53.640308,256.779241,1327.943725,-177.27251,-131.077388,216.034754,-131.077388,-428.784229,-52.366311,216.034754,-52.366311,1439.080644,430.120413,1.0,3.416468,1.23818,1.930862,1.0,140.0,1769.8399133382272,4.114754519540154,0.011259480412135266
44931.0,-0.44337,-0.421042,-0.791294,0.457312,0.653006,-0.603696,0.770901,-0.629529,-0.096976,87.99422,-198.475545,13.445694,3.595983,3.597382,3.59433,89.981977,89.992299,90.057742,120.447353,0.056112,0.053313,84.21827,0.888889,90.662301,-131.134289,137.605913,-131.134289,-118.253236,-280.033322,137.605913,-280.033322,993.820274,-10.729976,-31.935785,266.014917,-31.935785,-232.554777,-35.824699,266.014917,-35.824699,1004.598663,505.420746,1.0,5.364109,1.667925,2.255587,1.0,128.0,1166.2435382133744,2.3074706518148633,0.010554586314822187
46140.0,0.470083,-0.650984,-0.596023,0.785149,0.6169,-0.05454,0.403191,-0.442328,0.801113,-240.402974,-407.289821,25.31458,3.5929,3.595134,3.597575,90.070202,89.942666,89.965886,117.578014,0.065382,0.056872,78.334809,0.849315,-725.189736,-316.512737,-356.477779,-316.512737,14.960208,-269.853489,-356.477779,-269.853489,1094.983898,-18.520057,96.017184,-81.197283,96.017184,-308.347011,-89.181349,-81.197283,-89.181349,968.802585,531.135019,1.0,4.803641,0.641643,2.402449,1.0,124.0,1167.3827929031547,2.1979021362610522,0.01084211490194608
44939.0,-0.701516,-0.383342,-0.60077,0.664859,-0.048522,-0.745391,0.25659,-0.922331,0.288907,274.545263,198.821726,-57.765565,3.593451,3.59771,3.590956,90.086418,90.021392,90.103474,171.796968,0.077658,0.083613,72.303339,0.923611,-1426.54258,-349.375587,-224.242369,-349.375587,-553.52366,258.637526,-224.242369,258.637526,1392.142579,-850.111581,66.806795,-29.449073,66.806795,-406.569587,216.036919,-29.449073,216.036919,1423.562022,778.643629,1.0,5.604809,1.277711,2.870257,1.0,133.0,2096.867470642344,2.692974542584158,0.012774112686552416
45788.0,0.113355,-0.645899,-0.75496,0.651636,0.621933,-0.434248,0.750015,-0.442735,0.49139,-237.737121,-375.965282,-92.82032,3.59511,3.594136,3.587666,90.101895,89.817138,89.938655,190.47928,0.08994,0.085276,80.107405,0.84058,-2410.218284,-1454.055835,-427.65344,-1454.055835,-382.105456,158.626331,-427.65344,158.626331,752.06479,-1079.570269,-103.434184,-375.379042,-103.434184,-205.765257,126.341372,-375.379042,126.341372,1237.592774,708.468638,1.0,5.234368,1.057111,2.104054,1.0,116.0,2057.597806824827,2.90428919003868,0.010493162273824748
44943.0,-0.601449,0.364929,-0.710694,0.589696,0.802953,-0.086748,0.538996,-0.471268,-0.698133,-42.417377,237.679733,87.724503,3.596836,3.595691,3.595235,89.941977,90.052773,90.012995,113.060265,0.068494,0.061495,91.332267,1.0,-291.47103,-226.556418,-196.58847,-226.556418,243.479871,24.203215,-196.58847,24.203215,1032.563868,-256.865895,88.722253,-63.844875,88.722253,-156.550951,-92.458408,-63.844875,-92.458408,1119.705667,528.235847,1.0,4.83385,2.343583,2.289255,1.0,142.0,1335.025815005505,2.527329075804855,0.01094903294144664
44944.0,-0.541477,0.023724,-0.84038,0.546709,0.769319,-0.33054,0.638679,-0.638424,-0.429539,-263.378344,-183.345584,-39.753402,3.596145,3.597354,3.59297,89.959541,90.018603,90.025143,109.822313,0.071257,0.066318,83.946304,0.986301,-389.107906,-336.318084,-167.716586,-336.318084,187.598007,-291.465432,-167.716586,-291.465432,826.552666,-533.664795,-64.339764,126.100709,-64.339764,172.594434,-116.000899,126.100709,-116.000899,1041.195947,460.506779,1.0,5.087125,2.014779,2.355995,1.0,144.0,1375.4458999797819,2.986809234310494,0.011749189100689889
44948.0,-0.618186,0.287027,-0.731753,0.614702,0.756734,-0.222476,0.489886,-0.587341,-0.644238,-298.544689,-97.907138,144.792424,3.59596,3.592754,3.593954,89.88294,90.057319,89.983197,175.72368,0.077012,0.076176,65.139241,0.811594,-967.356169,-802.155593,192.300568,-802.155593,-269.949621,206.98089,192.300568,206.98089,802.65038,-302.976819,-199.167115,-180.111671,-199.167115,-116.220671,68.032007,-180.111671,68.032007,1007.907932,844.09733,1.0,5.00754,2.270823,2.446418,1.0,112.0,1251.4123954275199,1.4825451413612691,0.012459371456293144
45914.0,-0.060559,-0.376418,0.924469,-0.898776,0.42345,0.113541,-0.434205,-0.824014,-0.363959,-107.433161,-281.81471,-168.540977,3.592608,3.597444,3.591496,89.887507,89.987497,90.069923,159.54569,0.077707,0.071674,85.471626,0.992958,-1390.978304,-186.151787,-264.515534,-186.151787,179.849487,-1008.8971,-264.515534,-1008.8971,465.182102,-160.973439,-110.739006,181.574813,-110.739006,-288.543126,-391.283222,181.574813,-391.283222,1016.038823,626.607249,1.0,1.693002,1.943311,3.626558,1.0,140.0,1304.0453599421119,2.0811207690674385,0.011617399205673238
44951.0,-0.253151,-0.946965,0.19792,0.325705,0.109215,0.939142,-0.91095,0.302208,0.280783,235.669533,-155.610799,-189.961458,3.596962,3.589324,3.592088,90.06056,90.034423,90.039709,145.47601,0.07154,0.068184,66.878798,0.830986,-1279.412899,594.432864,444.292406,594.432864,-919.936903,-363.497672,444.292406,-363.497672,572.132167,-253.050641,39.964997,200.691235,39.964997,-704.424434,-118.912541,200.691235,-118.912541,770.22976,539.878466,1.0,2.933886,1.286186,5.032714,1.0,118.0,1324.66365915218,2.4536330722110704,0.012425253217021036
46173.0,0.525213,-0.633962,-0.567666,0.800589,0.141984,0.58215,-0.288461,-0.760219,0.582114,-54.269585,-62.720576,-159.469203,3.594763,3.595348,3.596715,90.065624,90.029193,89.924018,91.138834,0.0527,0.055453,108.777102,1.0,-455.454609,-186.066319,-399.96016,-186.066319,11.499588,-133.536436,-399.96016,-133.536436,1167.23078,-100.029546,43.105483,-14.028961,43.105483,51.101527,-111.261815,-14.028961,-111.261815,1108.453782,410.326593,1.0,3.914395,0.94947,3.504254,1.0,144.0,1145.1893894169684,2.7909216925088947,0.009193111248725858
44962.0,-0.700062,-0.509814,-0.500002,0.691383,-0.308777,-0.653182,0.178612,-0.802961,0.56864,432.397388,-216.372699,119.436841,3.591676,3.597463,3.59409,90.066651,90.041546,90.080762,116.069063,0.069877,0.061812,73.288463,0.878571,-1320.19811,245.242124,247.623876,245.242124,-19.827689,276.110553,247.623876,276.110553,1062.313054,-138.408301,-17.671049,122.171826,-17.671049,-203.827644,295.940949,122.171826,295.940949,1021.221024,492.627323,1.0,5.629846,0.965945,2.922714,1.0,123.0,1225.5596681335053,2.4878028702713784,0.011987848619502363
44965.0,0.47165,0.657082,-0.588039,-0.258571,0.740617,0.620183,0.843023,-0.14046,0.519214,195.787304,-51.220973,9.278956,3.596128,3.593893,3.594339,89.978599,89.919806,90.0262,106.858908,0.052985,0.050427,80.012566,0.944444,-729.274522,143.937662,0.801095,143.937662,-111.797835,80.916934,0.801095,80.916934,878.839499,-261.835893,145.148935,56.668715,145.148935,-202.396679,131.026514,56.668715,131.026514,944.069635,450.802569,1.0,3.900393,1.024865,1.735894,1.0,136.0,1190.4405545221923,2.6407137766825644,0.011803695934461093
45386.0,0.489357,0.866956,-0.094429,-0.843564,0.498036,0.200899,0.2212,-0.018654,0.97505,337.187719,30.306224,114.312552,3.59498,3.594372,3.599911,90.026513,89.977042,89.965331,70.970362,0.059836,0.051379,109.375642,1.0,227.966361,-240.273294,-172.874834,-240.273294,-288.543702,41.076558,-172.874834,41.076558,1463.251201,-158.420418,-15.436072,82.641241,-15.436072,-287.455774,150.969171,82.641241,150.969171,1594.839909,359.099083,1.0,3.580981,0.22385,1.654929,1.0,144.0,1827.347564368706,5.088700169052522,0.009142803477212962
45773.0,0.096974,-0.403544,0.909807,-0.841602,0.454742,0.291405,-0.531322,-0.793954,-0.295525,-312.863481,87.521175,-56.214073,3.59537,3.597081,3.594584,89.947375,89.989503,89.921516,78.615248,0.059324,0.054896,122.458425,0.993243,-303.261937,186.158129,-18.697588,186.158129,-193.062031,-20.569462,-18.697588,-20.569462,1277.953781,-59.649028,-159.16324,9.67753,-159.16324,83.268672,9.639103,9.67753,9.639103,1116.190003,224.07476,1.0,1.880765,1.870802,3.731354,1.0,147.0,1119.8724542603914,4.997762596110295,0.008110858848625564
44975.0,-0.042958,0.047616,-0.997942,0.161152,0.986114,0.040114,0.985994,-0.159097,-0.050035,392.12305,267.305638,-25.484203,3.600722,3.593935,3.592504,90.013875,89.968316,90.005775,98.71517,0.064295,0.054712,84.097762,0.992754,-581.314037,78.488077,-393.40059,78.488077,-197.534908,268.530223,-393.40059,268.530223,1597.100881,-643.272167,82.002494,-101.610734,82.002494,-427.40403,173.203635,-101.610734,173.203635,1703.894756,610.619138,1.0,4.672214,1.620853,1.730774,1.0,137.0,2254.861315735115,3.6927458957814636,0.011804761225393846
46509.0,0.775989,-0.446221,-0.445789,0.58577,0.247724,0.771691,-0.233912,-0.859953,0.453614,561.876082,491.186265,129.283536,3.595001,3.598235,3.592276,90.028976,90.069569,90.023679,162.937871,0.094502,0.08639,76.063691,0.871429,563.212581,85.408696,292.264614,85.408696,-1029.697401,-252.839507,292.264614,-252.839507,824.730042,-625.188474,-119.940428,89.218167,-119.940428,-348.375587,-194.640925,89.218167,-194.640925,1314.050274,696.514842,1.0,3.665437,1.09998,3.407173,1.0,122.0,1829.1088069590407,2.626087337502911,0.011456569994742958
45418.0,0.242792,0.930416,-0.27455,-0.335796,0.346129,0.876034,0.910106,-0.120501,0.396467,489.816039,89.753486,-165.601007,3.599103,3.594125,3.594795,90.00356,89.91804,90.038163,92.601204,0.061664,0.057132,98.376802,1.0,-305.685459,114.456318,-109.626912,114.456318,-234.586901,-1.943247,-109.626912,-1.943247,1597.086883,-280.899739,-4.373964,128.114249,-4.373964,-195.445878,-233.975399,128.114249,-233.975399,1375.054808,318.150844,1.0,3.445298,1.163131,1.702434,1.0,138.0,1631.3683747637945,5.127656913472762,0.010164998044965927
46441.0,-0.572233,0.630746,0.524126,-0.742433,-0.669905,-0.004397,0.348341,-0.391645,0.851629,-284.855773,190.972858,102.628448,3.594538,3.590904,3.598293,90.054412,89.957941,90.041152,126.919533,0.05802,0.059962,111.108154,1.0,-446.560602,481.065623,287.667361,481.065623,-867.575707,-252.488346,287.667361,-252.488346,1178.234899,-513.029806,52.022679,512.328014,52.022679,-129.756143,11.531759,512.328014,11.531759,1177.837911,595.711395,1.0,1.562407,0.55171,2.414647,1.0,148.0,1599.0174403342382,2.6842149634123387,0.009000239532374915
45172.0,0.682168,0.729523,0.049432,-0.721828,0.6611,0.204723,0.116671,-0.175337,0.977571,223.980168,-328.593353,154.702172,3.594751,3.592973,3.599699,90.048505,89.961829,89.95715,108.674482,0.058666,0.057663,85.390295,0.966216,107.142175,-295.159382,42.877574,-295.159382,-726.002763,-76.18845,42.877574,-76.18845,1509.024396,-461.289405,-1.526877,15.508143,-1.526877,-376.508307,87.638939,15.508143,87.638939,1386.728677,521.275261,1.0,2.904668,0.212196,2.554463,1.0,143.0,1808.763176032873,3.469881099983513,0.01131529057254106
45188.0,0.604747,0.598332,0.525624,-0.650509,-0.009668,0.759437,0.459477,-0.80119,0.383373,-5.866452,186.951433,-96.449271,3.595491,3.597268,3.595596,90.016155,89.974118,90.030765,95.358715,0.060854,0.059568,101.615782,0.993421,254.565034,78.073406,-40.896814,78.073406,1.288481,-17.479148,-40.896814,-17.479148,894.487269,122.882629,108.422898,106.076804,108.422898,-129.385094,-33.908536,106.076804,-33.908536,1190.513842,377.062484,1.0,2.536173,1.17735,2.620891,1.0,151.0,1221.0333769496726,3.238278611005153,0.00977624715814321
45099.0,-0.584571,-0.207055,-0.784478,0.793741,0.05436,-0.605822,0.168082,-0.976818,0.132571,252.852984,-241.929817,-33.421203,3.594589,3.598672,3.593796,90.003003,89.979732,90.009875,100.724919,0.050265,0.055855,125.305853,1.0,3.760855,-150.329097,150.058888,-150.329097,-295.447655,8.294786,150.058888,8.294786,1080.866789,-340.435943,1.155282,-6.495207,1.155282,-394.686877,101.710094,-6.495207,101.710094,1191.656492,375.065627,1.0,5.369986,1.437834,2.97119,1.0,144.0,1562.4209381617227,4.165726810688847,0.007980473186675486
45512.0,0.370103,0.910644,-0.183714,-0.864409,0.410019,0.291001,0.340325,0.051104,0.938918,-74.003975,166.440579,79.611892,3.592723,3.594843,3.599729,90.034678,89.970334,89.97804,146.588039,0.063331,0.066802,72.494546,0.950704,188.804588,5.792989,-427.911852,5.792989,-635.46742,257.830346,-427.911852,257.830346,1301.4136,-279.077197,169.448327,-249.428316,169.448327,-498.087543,184.522082,-249.428316,184.522082,1373.027148,755.687922,1.0,3.704723,0.351323,1.421748,1.0,135.0,1798.0472621619137,2.379351594509028,0.013114145166175673
45002.0,-0.669099,-0.553661,-0.495747,0.719663,-0.316251,-0.618118,0.185448,-0.770354,0.610053,-209.486387,267.201459,-169.303939,3.592537,3.597192,3.597151,90.1,89.987843,90.015364,135.172747,0.089568,0.082401,78.47772,0.955224,-409.106035,215.103511,16.671948,215.103511,-367.925275,-299.843987,16.671948,-299.843987,1515.455187,-382.272885,127.258547,172.17931,127.258547,-3.534261,-80.491547,172.17931,-80.491547,1228.731828,544.934173,1.0,5.60721,0.914669,2.905357,1.0,127.0,1472.368475839116,2.701919880952513,0.012171913251302407
45632.0,0.139944,0.949209,-0.281811,-0.253194,0.309455,0.916586,0.95724,-0.056917,0.283641,-55.383132,-208.919528,169.750779,3.60013,3.593414,3.593364,90.014953,90.001954,89.965878,140.506917,0.07417,0.066292,79.064601,0.828767,-183.050083,-226.869714,486.686111,-226.869714,-373.637089,-382.18786,486.686111,-382.18786,1304.281653,-288.695819,-58.929369,103.97037,-58.929369,-483.863049,-237.69537,103.97037,-237.69537,1519.792042,628.532046,1.0,3.439877,1.283208,1.630186,1.0,121.0,1927.3718778005214,3.066465568567877,0.010482149906757894
45006.0,-0.444103,-0.818815,-0.36375,0.527557,-0.567116,0.632506,-0.724194,0.088999,0.683829,460.179803,188.253503,2.128922,3.595028,3.595047,3.594851,90.024645,90.156781,89.975276,178.609859,0.072363,0.085281,81.347093,0.850746,-337.39657,689.803591,312.177393,689.803591,-826.581535,282.896312,312.177393,282.896312,1356.415671,-136.312872,126.754358,106.085742,126.754358,-433.97708,17.198614,106.085742,17.198614,1031.777748,799.85068,1.0,3.663497,0.817798,4.834669,1.0,114.0,1349.611399521797,1.687329189395447,0.01045822252062529
46500.0,-0.492258,0.8055,0.329927,-0.598163,-0.588392,0.544055,0.632363,0.070465,0.771461,426.986292,-72.130781,170.322141,3.594294,3.594626,3.596837,89.980438,89.898777,89.968009,128.219683,0.08288,0.074516,76.842338,0.894366,-404.953112,-339.974102,277.029818,-339.974102,-371.269842,3.510934,277.029818,3.510934,1201.8386,-297.95977,-140.40028,-120.310667,-140.40028,-307.031277,237.6515,-120.310667,237.6515,1058.632252,764.062581,1.0,2.596464,0.689662,1.459823,1.0,127.0,1385.9038164388437,1.813861653354339,0.011638974337298274
46182.0,0.532927,0.267765,-0.802677,0.787966,0.188671,0.586099,0.308379,-0.944831,-0.110442,117.202509,135.507649,34.827097,3.592827,3.599896,3.594417,89.973615,90.013313,90.040175,109.544347,0.053185,0.055081,89.453336,0.930556,-206.125289,-179.494958,-107.197972,-179.494958,-470.846951,-282.127614,-107.197972,-282.127614,1488.760412,-204.164578,0.371633,-83.363466,0.371633,-306.952093,-181.37292,-83.363466,-181.37292,1529.233359,410.546688,1.0,4.081693,1.681464,2.826108,1.0,134.0,1795.3522367349112,4.3730768977361985,0.010402697558423088
46442.0,-0.547821,0.626671,0.554234,-0.716449,-0.693491,0.07597,0.431964,-0.355462,0.828887,25.164619,213.928881,-99.765548,3.594418,3.594649,3.59804,90.049606,89.976921,90.015974,73.744692,0.049132,0.047751,116.810061,1.0,-82.408161,81.66871,201.034492,81.66871,-167.692828,233.003591,201.034492,233.003591,1052.779754,16.242424,-160.988387,33.802122,-160.988387,-165.466266,16.930589,33.802122,16.930589,1144.109339,357.76185,1.0,1.70702,0.593681,2.259344,1.0,148.0,1237.1559773833949,3.458043325143234,0.008560906410279161
45025.0,-0.658631,-0.746741,-0.092647,0.746699,-0.663825,0.042159,-0.092983,-0.041412,0.994806,397.955444,244.090746,62.565188,3.59284,3.587813,3.599451,89.983549,90.031518,90.080853,186.959916,0.083829,0.086607,102.186653,0.930556,-2000.368057,-583.997471,-209.146956,-583.997471,-468.444525,-280.950441,-209.146956,-280.950441,1322.677314,-204.409202,124.992324,-70.750935,124.992324,-555.157204,-51.926798,-70.750935,-51.926798,1393.962959,630.417352,1.0,4.285344,0.101965,4.293389,1.0,134.0,1804.4216369933042,2.8622651823728735,0.00910643389014806
45799.0,0.070313,0.854336,-0.514943,-0.665221,0.424833,0.614001,0.743328,0.299379,0.598194,257.84862,-234.58192,-135.690813,3.5965,3.595461,3.595318,90.018004,89.930304,89.958779,51.20674,0.050389,0.041461,137.244506,1.0,328.792486,-8.200522,0.081228,-8.200522,-469.612603,-148.238463,0.081228,-148.238463,990.572301,-47.402761,55.00706,45.6841,55.00706,-116.890325,-38.306428,45.6841,-38.306428,934.911628,167.684621,1.0,3.839471,0.929551,1.187918,1.0,138.0,1021.2560214816044,6.090338013058481,0.0072862661620859345
45031.0,-0.276144,-0.171077,-0.945768,0.396212,0.876263,-0.27419,0.875649,-0.45044,-0.174192,-176.139135,418.005447,-112.676827,3.596089,3.592665,3.594348,90.070922,90.032314,90.122768,138.497403,0.062767,0.062633,81.044979,0.88,-534.941747,917.607617,-187.292163,917.607617,-779.409283,-173.831118,-187.292163,-173.831118,999.938096,-412.108274,68.109769,-6.279843,68.109769,-246.119532,40.335779,-6.279843,40.335779,1014.713183,528.352152,1.0,4.994565,1.745882,2.045903,1.0,132.0,1353.2421985797532,2.5612504717871447,0.01085816803037237
45225.0,0.542435,0.727098,0.420823,-0.648871,0.044442,0.7596,0.533601,-0.685093,0.4959,191.762709,270.873269,-141.022498,3.595526,3.59433,3.59365,90.089029,89.968145,90.00706,128.717819,0.068743,0.066703,88.648273,1.0,-447.142543,-555.026203,137.531857,-555.026203,-406.183805,195.442826,137.531857,195.442826,653.204814,-239.294349,68.024387,163.820309,68.024387,-210.241924,112.437675,163.820309,112.437675,1100.594254,406.961525,1.0,2.635679,1.051926,2.479867,1.0,144.0,1338.020358559951,3.2878301175030025,0.01128053560614768
45325.0,0.361225,0.870948,0.333117,-0.475148,-0.135463,0.869416,0.802341,-0.472335,0.364897,56.923255,357.326824,71.474639,3.598124,3.596741,3.593222,90.060426,90.015639,90.044735,122.898617,0.069017,0.067504,138.391829,1.0,-87.156681,-565.500915,-353.065273,-565.500915,90.289454,-331.18563,-353.065273,-331.18563,1071.757237,86.519648,14.259967,25.660999,14.259967,-19.921429,-70.316654,25.660999,-70.316654,1292.539678,241.866663,1.0,2.775696,1.197275,2.102863,1.0,146.0,1264.33333639891,5.227398107356821,0.0072258601336932975
45704.0,0.181117,0.365684,0.912947,-0.936586,-0.219043,0.273546,0.300006,-0.904597,0.302822,-103.306067,-91.625004,24.735564,3.594234,3.598435,3.594933,90.064937,89.975813,90.037496,57.345453,0.051258,0.046747,131.719327,1.0,-174.740792,-33.286957,160.150564,-33.286957,-244.693424,127.562742,160.150564,127.562742,1359.330522,-102.194892,52.261581,-97.237936,52.261581,-146.623404,-47.908321,-97.237936,-47.908321,1439.644035,216.69525,1.0,1.861913,1.263144,2.821361,1.0,140.0,1567.9936386866277,7.2359391296607924,0.007591900313915209
45762.0,0.097894,-0.017737,0.995039,-0.231236,0.972072,0.040077,-0.96796,-0.234012,0.091058,498.962019,-135.709274,86.745999,3.599388,3.593838,3.591399,89.980101,89.971887,89.975602,116.485033,0.075922,0.067207,90.12337,0.957746,-866.944514,71.388169,-484.103605,71.388169,-256.425934,153.153703,-484.103605,153.153703,1235.740293,-522.213047,-41.282904,-45.977432,-41.282904,-330.624189,115.954427,-45.977432,115.954427,1426.452787,595.311176,1.0,1.611052,1.479612,4.475182,1.0,136.0,1863.7622930558086,3.13073627405881,0.010627054891533684
46036.0,0.227921,0.738988,-0.633994,0.376239,0.533714,0.757359,0.898051,-0.411151,-0.156392,204.211666,90.185367,-16.293458,3.598599,3.593193,3.594549,89.989762,90.024959,90.038937,96.804522,0.062552,0.052199,96.619847,0.971014,-335.884521,-153.991965,296.16743,-153.991965,-189.836686,182.169673,296.16743,182.169673,1115.285246,-109.092671,-88.691039,118.417089,-88.691039,-281.320697,141.128514,118.417089,141.128514,1319.427581,501.913918,1.0,3.838556,1.727833,2.000139,1.0,134.0,1532.2265824738417,3.052767670957157,0.01004983996714464
46502.0,0.371202,-0.63582,0.676714,0.217118,0.768014,0.602506,-0.902811,-0.076725,0.423137,-300.744846,81.364145,-65.323861,3.598381,3.596894,3.594788,90.035894,90.079476,89.968282,61.589482,0.057719,0.045719,150.85226,1.0,178.06185,-464.95188,260.631941,-464.95188,26.476698,-200.118095,260.631941,-200.118095,1419.663453,-112.392898,18.42877,-128.631752,18.42877,-110.273148,-104.843738,-128.631752,-104.843738,1267.182563,94.839231,1.0,2.298249,1.133891,4.627609,1.0,144.0,1386.0797445630812,14.61504622030393,0.0066290024425222395
46127.0,-0.136804,0.800103,-0.584055,-0.546728,0.43068,0.718055,0.826059,0.417552,0.37852,390.491176,28.698154,-124.626863,3.597512,3.593782,3.594204,89.976157,89.949234,89.943047,120.388678,0.066417,0.059743,79.584159,0.928571,-439.573869,-53.323207,-67.554485,-53.323207,-349.677254,-105.51547,-67.554485,-105.51547,1143.831997,-35.665325,-128.123711,-80.436402,-128.123711,-297.056459,-245.499336,-80.436402,-245.499336,1262.483091,707.327945,1.0,3.824442,1.182599,1.102778,1.0,130.0,1468.0619331292967,2.0755039349241273,0.011667786801642273
45230.0,0.596581,0.225026,0.77036,-0.733108,0.543382,0.409009,-0.326562,-0.808764,0.48914,577.43856,-193.182808,22.027876,3.595935,3.597084,3.593772,90.071432,90.030902,90.001465,129.480172,0.071963,0.070108,86.744675,0.985507,-476.227163,-384.64767,31.660706,-384.64767,220.905413,-92.672221,31.660706,-92.672221,969.860393,-619.158049,93.488306,-327.258329,93.488306,-198.870311,-185.356055,-327.258329,-185.356055,1187.972279,504.522987,1.0,2.058882,1.059693,3.525353,1.0,136.0,1671.9728752441126,3.313967684973118,0.011361008615226237
45253.0,0.557962,0.067041,0.827154,-0.706075,0.562076,0.430731,-0.436047,-0.824364,0.360953,-226.448063,455.504531,-131.517174,3.595027,3.595754,3.594606,90.073656,89.958066,89.938555,124.145866,0.067583,0.066865,76.626246,0.828571,307.023988,-334.140156,56.127301,-334.140156,-838.62902,4.917838,56.127301,4.917838,854.573827,-571.91061,-165.264221,233.068282,-165.264221,-436.15854,-118.172108,233.068282,-118.172108,1143.84301,478.062487,1.0,2.050896,1.201506,3.628131,1.0,116.0,1673.624899424045,3.5008496691020334,0.010813148800216573
45247.0,0.57376,-0.334257,0.747711,-0.720676,0.227708,0.65481,-0.389134,-0.914561,-0.110241,-116.946491,40.635159,-97.085907,3.594855,3.598862,3.594642,89.962933,89.990128,89.96209,43.129628,0.050598,0.04099,135.984237,1.0,-91.451279,-20.583675,-24.967021,-20.583675,-28.988164,-256.354961,-24.967021,-256.354961,1271.553705,44.921035,15.304704,167.301069,15.304704,8.426454,-219.624068,167.301069,-219.624068,1420.981398,153.204658,1.0,2.290052,1.681262,3.543876,1.0,142.0,1415.074797709967,9.236499830899183,0.007353793513582019
45667.0,-0.008213,-0.331429,-0.943445,0.858986,0.480675,-0.176337,0.511933,-0.811854,0.280745,-296.955549,-65.785438,-24.556901,3.595956,3.597919,3.589857,90.011177,90.006569,90.006345,160.040059,0.087228,0.08195,81.137029,0.868056,-1174.224,-268.327219,567.507457,-268.327219,399.760468,-139.956065,567.507457,-139.956065,638.493637,-214.81547,-64.257796,13.545578,-64.257796,-470.270395,-74.12186,13.545578,-74.12186,1077.574959,585.462736,1.0,4.897165,1.286226,2.578996,1.0,124.0,1439.8030030731516,2.459256438608164,0.010698641676909319
45065.0,-0.364935,-0.177272,-0.914001,0.513675,0.780431,-0.356462,0.776505,-0.599585,-0.193746,363.157844,350.394508,-179.838745,3.59738,3.595202,3.591057,89.999547,90.061486,89.972154,165.331571,0.072283,0.0807,87.552806,0.964286,-1079.578577,-400.832624,-10.479171,-400.832624,531.156431,436.476371,-10.479171,436.476371,386.174461,-313.410501,-68.505251,-170.389596,-68.505251,-319.96179,3.289138,-170.389596,3.289138,1162.311111,421.231048,1.0,5.084247,1.765775,2.228329,1.0,135.0,1487.5373528004257,3.531404818954432,0.011013764653071198
46413.0,-0.488416,0.566055,0.664102,-0.682846,-0.721769,0.113007,0.543296,-0.398285,0.739052,190.675219,461.780005,156.476803,3.589131,3.593316,3.590788,89.990851,89.753531,90.073758,237.232018,0.076178,0.08354,70.461879,0.901408,-1964.013734,-1548.04295,-344.5372,-1548.04295,-1930.867852,-543.931919,-344.5372,-543.931919,828.918673,-315.742252,-214.708775,-135.800387,-214.708775,-352.594157,-99.095023,-135.800387,-99.095023,1041.039551,574.043382,1.0,1.739347,0.739134,2.203387,1.0,128.0,1395.702686115487,2.431354022848899,0.012792846469507292
45296.0,0.475077,0.879556,-0.026152,-0.637143,0.364337,0.679196,0.606919,-0.306008,0.733491,-165.124816,81.55612,18.163557,3.594374,3.591652,3.597053,90.004516,89.95527,90.093889,109.715565,0.068382,0.061672,87.488871,0.947761,-1379.937454,171.264649,-25.146241,171.264649,163.822789,91.636302,-25.146241,91.636302,897.084028,-252.664331,-54.664976,15.413514,-54.664976,-264.942706,218.064766,15.413514,218.064766,1166.885247,496.184399,1.0,3.180078,0.747353,2.037797,1.0,127.0,1439.0222665343133,2.900176364743611,0.01083293211087385
46038.0,0.385277,-0.341491,-0.85729,0.849834,0.493366,0.1854,0.359645,-0.799984,0.480292,264.659062,175.13559,185.640467,3.593401,3.597038,3.594436,90.071554,89.927476,90.031941,126.17545,0.060081,0.060164,83.572104,0.93662,-753.755544,-300.467821,-126.786653,-300.467821,-265.106315,10.985186,-126.786653,10.985186,1199.379994,-144.033536,-45.202944,100.801411,-45.202944,-121.278366,129.371462,100.801411,129.371462,1093.825531,569.073692,1.0,4.499406,1.069808,2.7191,1.0,133.0,1235.4558180483912,2.1709944343172887,0.011207328225217352
45079.0,-0.011734,0.985062,-0.171802,0.153184,0.171557,0.973192,0.988128,-0.014898,-0.152909,200.711455,-118.529562,118.449294,3.601381,3.595189,3.594027,90.033563,90.04227,90.007017,57.614728,0.066251,0.049056,135.5428,1.0,214.443556,-216.500143,17.054898,-216.500143,-352.069558,-36.318028,17.054898,-36.318028,1910.954395,-197.718864,17.93496,-40.908691,17.93496,-326.075659,180.127312,-40.908691,180.127312,1663.92892,168.373464,1.0,3.316327,1.724307,1.585872,1.0,144.0,1935.7153343677073,11.496558236562189,0.007377743413888455
45284.0,0.533752,0.427404,0.729681,-0.716654,0.686673,0.12201,-0.448905,-0.588052,0.672814,384.668957,-349.812299,122.115106,3.593926,3.595706,3.593575,90.021024,90.111767,89.972029,106.916405,0.075185,0.063182,119.421896,1.0,-951.467686,496.977373,-299.974116,496.977373,-95.53874,270.921967,-299.974116,270.921967,763.02722,42.1995,104.14043,42.146054,104.14043,-228.838497,-11.333367,42.146054,-11.333367,884.714742,411.232138,1.0,1.736474,0.83279,3.793599,1.0,142.0,1010.5491802137466,2.457369176272275,0.00837367378591946
46755.0,0.386974,0.701736,-0.598179,0.08454,0.618988,0.780837,0.918207,-0.352733,0.180208,313.525044,-58.753204,-65.064298,3.599281,3.596165,3.59447,90.050081,89.959046,90.004904,76.814687,0.073346,0.054388,126.016158,0.993421,535.488282,248.090604,18.097669,248.090604,-264.950148,311.745003,18.097669,311.745003,1313.155275,-313.733955,-99.739397,126.800759,-99.739397,-107.653829,101.206683,126.800759,101.206683,1364.530368,261.517711,1.0,3.795302,1.389599,1.937569,1.0,151.0,1593.8585609778086,6.094648637307048,0.00788328271363423
46536.0,0.814882,-0.553696,-0.17143,0.576148,0.7414,0.344064,-0.063409,-0.37914,0.923164,343.559933,-227.122066,169.345101,3.595233,3.588532,3.599955,90.049288,89.994419,89.982568,166.04891,0.080734,0.078507,68.84355,0.809859,-628.4033,876.503429,-412.242412,876.503429,-802.006478,687.946398,-412.242412,687.946398,1290.822261,-411.128808,421.051257,-214.992543,421.051257,-102.603199,292.409981,-214.992543,292.409981,1495.276684,639.807802,1.0,3.603839,0.394564,3.307302,1.0,115.0,1836.614330659221,2.870571951323627,0.011763760003660475
45938.0,0.1881,-0.573976,0.796975,0.435588,0.776042,0.456094,-0.880273,0.261362,0.395991,-202.322689,502.034245,96.70485,3.596661,3.595538,3.592093,90.089983,90.078136,90.069288,159.12573,0.070679,0.070232,71.146177,0.804348,268.831579,-834.841597,-247.016074,-834.841597,-1155.860766,-126.236221,-247.016074,-126.236221,904.411189,-526.443992,-158.524653,-150.73507,-158.524653,112.33818,30.420937,-150.73507,30.420937,1267.001982,705.425981,1.0,2.090585,1.16365,5.001008,1.0,110.0,1586.0177270585425,2.2483120409177877,0.011305568815032746
46359.0,-0.466778,-0.482445,0.741191,-0.726555,0.68703,-0.01037,-0.504218,-0.543357,-0.671214,345.693149,461.16691,-93.688956,3.600602,3.59329,3.598015,89.941055,90.073427,89.974779,152.965261,0.063101,0.062919,89.354158,0.993151,937.53933,1293.126209,-67.331811,1293.126209,432.183786,214.306231,-67.331811,214.306231,767.359688,-233.148007,160.337656,43.112444,160.337656,-153.438281,18.175725,43.112444,18.175725,1070.515935,349.322435,1.0,1.556806,2.306641,3.889647,1.0,145.0,1273.931521425289,3.6468643115501274,0.011114770954475337
46210.0,0.481077,-0.526435,-0.701022,0.649453,0.751131,-0.118376,0.588877,-0.398333,0.703246,-125.661467,-410.706156,-118.209567,3.590072,3.594624,3.594254,90.066149,89.814818,89.985288,164.036857,0.104615,0.086749,80.860113,0.849315,-1957.801631,-961.735432,-442.706815,-961.735432,-589.074185,-161.202612,-442.706815,-161.202612,1074.89771,-528.769562,-69.448978,80.367583,-69.448978,-422.014846,-68.085228,80.367583,-68.085228,1030.534127,624.433164,1.0,4.879674,0.790843,2.165526,1.0,124.0,1512.712736064267,2.422537468019983,0.010503509932022976
46355.0,-0.472213,0.761489,-0.444015,-0.744519,-0.074877,0.663388,0.471917,0.643838,0.602301,-214.29622,-148.888802,-126.116919,3.592216,3.593051,3.597494,89.915357,89.941742,89.873485,186.683429,0.075467,0.081343,85.923956,0.914286,-1358.33838,-626.469778,-341.015913,-626.469778,-508.566518,222.34945,-341.015913,222.34945,1457.105264,-246.238976,165.905145,13.486834,165.905145,-280.441485,66.024914,13.486834,66.024914,1039.974919,830.244995,1.0,3.731425,0.924416,0.632515,1.0,128.0,1312.8431031375267,1.5812719270141782,0.01064064135966924
46532.0,-0.614382,0.518593,0.59464,-0.66204,-0.748829,-0.030956,0.42923,-0.412694,0.803396,580.922096,45.801576,32.053216,3.592792,3.594032,3.595279,90.053918,89.878362,89.994934,113.52736,0.054327,0.053163,90.23153,0.97973,-1299.602826,-322.685324,-54.59841,-322.685324,-282.519804,-213.588731,-54.59841,-213.588731,990.487015,-10.418055,184.533561,182.033174,184.533561,-255.768566,-176.983877,182.033174,-176.983877,1087.717966,378.61042,1.0,1.518784,0.637819,2.336557,1.0,145.0,1268.625961811788,3.350742332479355,0.010857956193361676
46162.0,0.494144,-0.547333,-0.675462,0.76558,-0.094206,0.636406,-0.411959,-0.831596,0.372476,-275.331506,-418.006597,7.889582,3.59337,3.597099,3.595487,90.007076,89.991658,89.898428,124.712506,0.057779,0.059473,84.855622,0.888889,-375.664286,-609.975334,171.511829,-609.975334,-183.878443,-271.796579,171.511829,-271.796579,1040.657646,-147.923873,-39.126128,214.903929,-39.126128,-305.436049,-64.849052,214.903929,-64.849052,1199.627262,420.965535,1.0,3.956753,1.189121,3.60154,1.0,128.0,1446.3401476402669,3.4357685544025993,0.010475310639995074
46785.0,0.243076,0.78762,-0.566188,0.008273,0.58199,0.813154,0.969972,-0.202342,0.134952,226.339438,198.982335,19.480671,3.60091,3.593044,3.593617,90.018907,90.017131,90.025066,105.11531,0.066408,0.05936,87.857837,0.986111,-187.018961,-181.564216,387.939405,-181.564216,-526.483377,-192.42017,387.939405,-192.42017,1645.48062,-413.920996,122.593727,335.922219,122.593727,-323.115304,29.702411,335.922219,29.702411,1757.432733,512.057676,1.0,3.749822,1.435431,1.776453,1.0,142.0,2149.980885137311,4.198708438338714,0.011223938964033453
45124.0,-0.573315,-0.814595,-0.088001,0.818837,-0.573395,-0.026898,-0.028549,-0.08748,0.995757,259.513051,-207.968814,161.729182,3.594127,3.592907,3.60065,90.009194,90.009703,89.997182,80.453499,0.060127,0.052504,93.105869,0.985915,-378.814151,-163.617902,-68.857657,-163.617902,-302.625549,-90.48668,-68.857657,-90.48668,1645.084018,-370.258792,-243.453558,73.733677,-243.453558,-297.231911,-108.509667,73.733677,-108.509667,1678.258442,458.884098,1.0,5.009021,0.092151,3.457044,1.0,140.0,2027.1949677976882,4.417662273835622,0.010589182084751285
45125.0,-0.573523,-0.818961,0.019312,0.816925,-0.570028,0.087753,-0.060858,0.066105,0.995955,337.061367,-325.037693,-6.972089,3.595592,3.592444,3.600925,89.970675,89.953736,90.023219,149.997598,0.053767,0.069565,144.380398,0.986111,-557.530174,-371.944391,-365.898062,-371.944391,184.940409,327.372932,-365.898062,327.372932,1691.096954,-479.397501,-57.433721,25.882837,-57.433721,-447.966845,128.256508,25.882837,128.256508,1686.840156,357.421926,1.0,2.924974,0.089974,5.539089,1.0,142.0,2154.251822833765,6.027195496769174,0.006829950697323884
46602.0,0.849692,-0.521689,-0.076572,0.503615,0.759938,0.410933,-0.15619,-0.38773,0.908444,533.16572,285.944764,75.414586,3.586709,3.592936,3.599883,90.053387,89.990936,90.001277,190.105629,0.100985,0.082451,83.353807,0.8,-1778.930878,-654.663711,366.834489,-654.663711,-881.732211,645.031339,366.834489,645.031339,1354.939301,56.015902,31.41015,-167.374103,31.41015,-200.507775,516.150707,-167.374103,516.150707,1047.613518,910.884364,1.0,3.325816,0.43125,3.524538,1.0,120.0,1234.9079624167325,1.355724185443074,0.009597642012919698
45347.0,0.437432,-0.254567,0.862467,-0.664876,0.554205,0.500796,-0.60547,-0.792498,0.073171,304.669021,-90.777289,35.286627,3.59605,3.595932,3.591815,89.937038,90.03636,89.905318,151.705243,0.065228,0.070875,96.127291,0.807143,-1179.509361,141.847497,-470.169883,141.847497,-35.003218,44.896435,-470.169883,44.896435,1094.445202,-282.412049,184.441815,-168.679908,184.441815,-176.829325,64.631857,-168.679908,64.631857,1118.901322,539.531698,1.0,2.096871,1.49756,3.793995,1.0,113.0,1369.9850805865842,2.539211478519255,0.008396606120940203
46309.0,-0.335419,-0.507344,0.793786,-0.630206,0.747141,0.211235,-0.700239,-0.429397,-0.570337,370.66385,-370.453201,-140.668492,3.597677,3.596068,3.593878,89.930942,89.920592,90.026658,84.948517,0.059592,0.053406,148.113745,1.0,-898.839584,-126.842539,-19.968862,-126.842539,744.873704,164.754144,-19.968862,164.754144,1098.740806,-453.113125,36.088403,169.614366,36.088403,41.935224,-9.795154,169.614366,-9.795154,1047.313717,378.090429,1.0,1.830879,2.177712,4.162309,1.0,142.0,1332.739756435686,3.5249232834605455,0.006751567857527335
45763.0,0.087126,-0.19291,-0.977341,0.994153,0.079656,0.072902,0.063788,-0.977978,0.198722,338.042033,516.759601,-11.132198,3.596365,3.600181,3.59132,90.022198,90.031709,90.013541,83.272598,0.060184,0.05336,107.686641,1.0,-871.141127,390.602319,318.859976,390.602319,389.990396,-33.810448,318.859976,-33.810448,1495.018803,-600.934098,69.557982,138.060108,69.557982,-200.737973,-51.47519,138.060108,-51.47519,1535.602867,309.355267,1.0,4.637935,1.370742,3.076461,1.0,142.0,1972.2638713072806,6.375400976467876,0.009286202919078886
45688.0,0.184095,0.941264,-0.283074,-0.816088,0.306889,0.489714,0.547822,0.140859,0.824651,-24.331241,456.954394,143.730724,3.593218,3.59438,3.596133,89.922868,89.880739,90.053946,146.606464,0.066169,0.065805,80.023729,0.93662,-703.472364,902.876464,89.747228,902.876464,-593.133551,113.303367,89.747228,113.303367,1157.18444,-474.149063,-78.816239,-69.239344,-78.816239,-85.788425,241.896757,-69.239344,241.896757,1137.48488,561.748015,1.0,3.665708,0.601211,1.319122,1.0,133.0,1474.5958295589467,2.6250129776763815,0.01170427836473354
46560.0,0.66794,0.483811,-0.565493,0.422478,0.379044,0.823309,0.612673,-0.788829,0.04878,575.152278,10.726135,-92.234864,3.597902,3.597904,3.595316,90.019678,90.033183,90.022358,105.662684,0.049365,0.054094,133.376495,1.0,836.349554,123.838997,74.838211,123.838997,20.552725,-53.090576,74.838211,-53.090576,1062.967586,28.834658,184.885647,-93.159333,184.885647,-91.595674,-65.693726,-93.159333,-65.693726,1218.370634,166.46715,1.0,3.743441,1.521997,2.48123,1.0,142.0,1268.1239244056787,7.61786289009981,0.0074975729419190385
45139.0,-0.451071,0.546364,-0.705706,0.694181,0.711752,0.10734,0.560934,-0.44147,-0.700327,179.111359,-68.934047,133.072947,3.596297,3.595388,3.594888,89.933256,89.996443,90.059974,171.070773,0.068831,0.079085,91.025711,0.805556,-9.280428,-374.42684,-441.059184,-374.42684,-123.934709,-270.842937,-441.059184,-270.842937,786.43507,-202.961177,2.606839,-25.292035,2.606839,-310.250715,67.532082,-25.292035,67.532082,1102.415744,588.016653,1.0,4.561443,2.346651,2.237576,1.0,116.0,1363.6269783819534,2.3190278224687515,0.008849763337745311
46727.0,0.366349,0.746137,-0.555939,0.087231,0.567305,0.818875,0.92638,-0.348489,0.142746,12.617868,348.356219,-93.314767,3.598268,3.59342,3.594434,90.007709,89.992641,90.001915,131.405676,0.077994,0.065672,85.644076,0.959459,-78.455818,-93.601069,375.878047,-93.601069,-222.614204,196.965241,375.878047,196.965241,830.321753,-334.531583,-257.308607,-98.195105,-257.308607,-329.358207,92.129267,-98.195105,92.129267,1205.418902,511.69452,1.0,3.738021,1.427561,1.930604,1.0,142.0,1557.8064279559362,3.04440709655428,0.011202864749220949
45358.0,0.431725,0.880676,0.194994,-0.67454,0.171699,0.717994,0.59884,-0.441508,0.668178,11.026285,231.399166,131.209287,3.595009,3.595682,3.594533,90.046989,89.926574,90.059569,112.268035,0.072051,0.059115,90.025852,0.857143,-213.370369,121.426114,-211.562319,121.426114,-590.056059,-215.509094,-211.562319,-215.509094,1081.129263,-221.496595,48.221719,63.428562,48.221719,-100.627476,30.809532,63.428562,30.809532,1013.843241,579.192043,1.0,2.876407,0.839039,2.206101,1.0,120.0,1181.8767806482579,2.0405611488144317,0.009521076234857515
45514.0,0.319723,-0.319399,0.892055,-0.712339,0.539772,0.448575,-0.624781,-0.778865,-0.054943,385.383826,420.933953,51.745486,3.595689,3.595944,3.598254,89.982723,90.072507,89.927362,143.913396,0.055058,0.056568,85.797094,0.823944,262.433831,889.895065,213.278026,889.895065,417.201999,185.420685,213.278026,185.420685,895.200295,-407.976578,323.543549,-137.49642,323.543549,-220.178669,-99.974085,-137.49642,-99.974085,1099.850583,582.943672,1.0,2.036726,1.625767,3.817654,1.0,117.0,1458.0224269769737,2.5011377548274916,0.009603402185160257
46563.0,0.831754,-0.01569,-0.554923,0.555139,0.027847,0.831291,0.00241,-0.999489,0.031872,-144.116409,-282.654705,-52.25755,3.590095,3.600313,3.591927,89.983407,90.031268,89.966365,146.967917,0.066148,0.071869,84.535634,0.986111,-888.354257,-340.897989,-134.710556,-340.897989,-1173.621706,-354.016442,-134.710556,-354.016442,1537.140585,-823.247473,-98.503341,1.128042,-98.503341,-536.806724,-133.091002,1.128042,-133.091002,1552.779036,659.883006,1.0,3.730202,1.538919,3.139182,1.0,142.0,2251.115836176984,3.4113862847029948,0.011665033469790975
45659.0,0.176796,-0.415654,0.892174,-0.60919,0.665752,0.430885,-0.773066,-0.619682,-0.13551,381.380696,488.138066,172.771537,3.597635,3.596716,3.592818,89.94862,90.008674,89.955544,116.290406,0.066308,0.061309,81.659657,1.0,-719.172625,-78.684668,9.663295,-78.684668,425.128494,-10.888208,9.663295,-10.888208,1113.748717,-548.18904,-51.087513,139.645495,-51.087513,58.39307,87.986332,139.645495,87.986332,1243.145783,601.624299,1.0,2.02072,1.706725,4.036679,1.0,142.0,1585.1245825708866,2.634741623976339,0.012245949061480873
46753.0,0.876596,0.093896,-0.471978,0.334525,0.586151,0.737916,0.345937,-0.804742,0.482407,-108.975469,-406.080957,12.205211,3.59554,3.598258,3.595551,90.049485,89.950764,89.969328,128.872439,0.07432,0.066773,93.51832,0.964286,-43.609093,486.32724,-310.557062,486.32724,427.238068,-59.734445,-310.557062,-59.734445,1042.461053,-520.551914,169.496953,-14.588442,169.496953,82.643307,-90.288252,-14.588442,-90.288252,1183.856381,623.00757,1.0,3.710628,1.067395,2.735601,1.0,135.0,1506.181157314552,2.417596879785188,0.010311198918030179
46277.0,0.60964,-0.426194,-0.668355,0.733665,-0.015862,0.679327,-0.300126,-0.904493,0.303013,-118.289151,-132.565337,10.452159,3.59381,3.59818,3.593634,90.059674,89.998139,89.930799,120.460653,0.066468,0.065671,93.569895,0.871622,-684.068009,-20.290803,-18.78811,-20.290803,-268.002136,-67.204732,-18.78811,-67.204732,1341.350073,-354.865315,188.259105,268.198896,188.259105,-224.125164,-158.366156,268.198896,-158.366156,1261.287497,586.177209,1.0,3.91885,1.262944,3.461978,1.0,128.0,1586.532640536268,2.706575104212672,0.009315196944487326
46189.0,-0.367389,-0.181739,0.912138,-0.879626,0.386484,-0.277288,-0.302133,-0.904213,-0.301852,-62.322984,-86.931748,17.738161,3.595509,3.599814,3.594566,89.964418,90.014707,89.985311,58.411704,0.054886,0.046568,144.014276,1.0,35.271612,199.75807,100.418146,199.75807,156.14179,-356.522417,100.418146,-356.522417,1385.504715,-47.09366,-29.220431,45.533552,-29.220431,-181.923208,-251.982365,45.533552,-251.982365,1435.208606,147.629507,1.0,1.275675,1.877432,3.464068,1.0,142.0,1570.0553643070016,10.635105381114641,0.006943756048185112
46462.0,-0.34869,-0.518763,0.780577,-0.489838,0.810917,0.320112,-0.799046,-0.270736,-0.536869,553.916326,217.634946,-107.474224,3.596958,3.593898,3.590985,89.920616,89.912766,89.989219,117.424329,0.060385,0.061261,108.13803,0.993056,-1566.798452,-112.466928,337.774479,-112.466928,-67.142301,68.212948,337.774479,68.212948,970.079083,-286.391648,-77.614936,88.859414,-77.614936,-39.86775,105.615025,88.859414,105.615025,1010.483366,428.188616,1.0,1.959976,2.137517,4.385704,1.0,143.0,1200.730655056276,2.804209664126792,0.009183226289585634
45782.0,0.100536,-0.52757,0.843542,0.280378,0.828499,0.484745,-0.95461,0.187777,0.231213,591.274633,-327.851394,20.429001,3.599369,3.595677,3.594289,90.05405,90.077275,90.012097,123.938818,0.064853,0.063397,94.333434,0.986301,312.844016,-523.594601,281.537941,-523.594601,-361.587018,-104.118762,281.537941,-104.118762,1470.302299,-360.677693,-44.782386,-72.291882,-44.782386,-593.379408,-202.080136,-72.291882,-202.080136,1348.217704,374.811044,1.0,2.092371,1.337472,4.906614,1.0,144.0,1846.1276839476147,4.925489025738566,0.010455476475074575
45376.0,0.493463,0.744995,0.448861,-0.828729,0.246081,0.502645,0.264012,-0.620021,0.738831,-336.654644,106.259917,114.662849,3.591829,3.591764,3.596255,90.03818,89.982535,90.111676,168.199501,0.064737,0.074098,67.342056,0.819444,-1443.368363,577.836776,505.851874,577.836776,-313.227629,-132.912592,505.851874,-132.912592,538.368629,-113.034327,225.751724,95.065281,225.751724,-477.442617,275.827261,95.065281,275.827261,981.001991,602.390377,1.0,2.412659,0.739462,2.739036,1.0,117.0,1352.9398418268659,2.2459519499045153,0.012168384048149643
46597.0,-0.555632,-0.487716,0.673354,-0.528559,0.832361,0.166734,-0.641793,-0.263265,-0.720273,184.379029,-54.281588,20.712513,3.59716,3.591118,3.595208,89.909526,89.959379,90.004756,142.606747,0.066631,0.064611,79.075646,0.875,-779.495839,849.231059,153.993817,849.231059,-313.832434,39.981618,153.993817,39.981618,887.633524,-131.7948,242.555866,6.444564,242.555866,-379.700741,-95.214833,6.444564,-95.214833,1057.490435,606.566692,1.0,1.813531,2.374993,4.323119,1.0,126.0,1349.682614465977,2.225118247122572,0.01106535380058735
46048.0,0.317327,-0.843111,-0.434127,0.618225,-0.163213,0.768868,-0.719097,-0.512372,0.469441,-69.89218,17.040662,118.131648,3.597088,3.595347,3.594875,90.037883,90.011258,89.969158,81.00915,0.056325,0.052449,120.015811,1.0,-166.422859,177.831719,47.562499,177.831719,211.461249,-135.019093,47.562499,-135.019093,814.081095,-55.020157,-1.81627,-179.119077,-1.81627,157.57791,-54.214953,-179.119077,-54.214953,1199.046893,328.083534,1.0,3.6556,1.082139,4.093309,1.0,146.0,1173.6862979742816,3.5774008029744087,0.008332235491871983
46790.0,-0.737184,0.447451,0.506308,-0.452897,0.228874,-0.861685,-0.501442,-0.864526,0.033927,81.636425,107.410359,-136.732882,3.594822,3.598949,3.594062,89.985974,90.009793,89.955695,89.779254,0.070094,0.065938,114.032407,1.0,62.617042,-1.651249,-316.03549,-1.651249,-269.185668,-57.361192,-316.03549,-57.361192,1211.4594,37.293971,16.118392,-140.05571,16.118392,-49.494784,-180.436098,-140.05571,-180.436098,1135.654231,356.563969,1.0,0.531236,1.536863,3.667191,1.0,140.0,1161.2826144797377,3.2568703386845512,0.008769436919804736
45385.0,0.504408,0.817235,0.278746,-0.861519,0.454664,0.225977,0.057941,-0.35413,0.9334,493.743338,432.503054,-6.547574,3.593199,3.590331,3.600844,90.023163,90.036621,89.94928,143.703955,0.070781,0.066828,88.994794,0.971014,-613.599821,-394.698818,436.529144,-394.698818,-749.112635,906.855016,436.529144,906.855016,1404.988013,-560.264498,-127.666562,271.170147,-127.666562,-354.986066,140.572466,271.170147,140.572466,1455.500905,473.349018,1.0,2.252023,0.367023,2.979416,1.0,134.0,1942.6401356849678,4.104033306951886,0.010910907889735663
46109.0,-0.250961,0.935931,-0.247087,-0.849214,-0.09036,0.520259,0.4646,0.340395,0.817483,551.327122,-244.514328,71.898869,3.592768,3.597818,3.598741,90.004006,89.919819,89.963312,98.107177,0.067696,0.058027,96.286106,1.0,735.868678,-542.157433,-23.682509,-542.157433,-653.854734,237.937285,-23.682509,237.937285,1337.225355,-176.47909,-65.964844,40.401518,-65.964844,-285.354333,218.239173,40.401518,218.239173,1065.790732,394.321865,1.0,3.584984,0.613769,0.938484,1.0,152.0,1315.5035320672146,3.336116124494427,0.010385714424882859
45500.0,0.286524,0.958064,0.004094,-0.576577,0.169019,0.799369,0.765155,-0.231399,0.600826,45.624285,68.680805,-133.174142,3.596844,3.595682,3.596089,90.029116,89.923548,90.015654,55.573227,0.043709,0.041959,153.2597,1.0,213.073618,-27.699741,-48.95378,-27.699741,-215.878861,74.568068,-48.95378,74.568068,1224.421502,96.260711,38.387231,2.329379,38.387231,48.497103,-169.723462,2.329379,-169.723462,1098.058602,107.666517,1.0,3.136472,0.926262,1.864473,1.0,134.0,1037.5180252506004,9.636403722901154,0.006524872487679409
45209.0,0.60369,0.781818,0.155944,-0.700913,0.427309,0.571076,0.379841,-0.454056,0.805949,-246.487652,410.746835,-119.723002,3.591361,3.592889,3.596911,90.004348,89.995142,90.102488,135.886101,0.074057,0.071231,88.132149,0.847826,-1488.007666,529.835913,24.296504,529.835913,123.159707,181.256954,24.296504,181.256954,512.202766,-258.533443,125.705412,-27.018922,125.705412,-342.745598,17.634407,-27.018922,17.634407,923.658957,629.602812,1.0,2.875021,0.63352,2.444958,1.0,117.0,1231.607754560236,1.9561662227141323,0.009619940165080963
45436.0,0.409061,0.684595,0.603324,-0.789017,0.597493,-0.143016,-0.45839,-0.41753,0.784568,526.381476,-93.896027,117.377022,3.594491,3.594413,3.59745,90.044116,90.054536,89.989689,44.248235,0.06317,0.050213,121.288995,1.0,-282.778973,46.845497,221.670026,46.845497,-186.653346,-22.035998,221.670026,-22.035998,1062.255735,53.969548,-132.127713,211.379996,-132.127713,-225.411666,-25.492303,211.379996,-25.492303,1053.606595,280.690322,1.0,1.338045,0.668797,3.973605,1.0,138.0,1184.7783420514106,4.22094475366846,0.008244771094030419
45227.0,-0.463778,-0.782755,-0.414975,0.885245,-0.428128,-0.181789,-0.035366,-0.451665,0.891486,-50.256316,104.087318,6.466105,3.593153,3.595547,3.597942,89.995512,90.001618,89.977262,134.52885,0.074997,0.07018,83.821692,0.92029,359.945771,242.129258,-224.807092,242.129258,-415.11574,-186.425449,-224.807092,-186.425449,728.890083,-355.250234,58.040772,-153.503448,58.040772,-166.999964,-191.571607,-153.503448,-191.571607,1140.871042,667.76569,1.0,5.125279,0.470181,3.219735,1.0,127.0,1428.2491354008591,2.138847737745944,0.010979138908338907
45473.0,0.344555,0.375146,0.860551,-0.703889,0.709774,-0.027587,-0.621146,-0.596227,0.508618,-322.869733,-102.927064,114.975452,3.595832,3.594445,3.59489,90.046005,90.036613,89.97559,97.376449,0.062638,0.059915,87.002693,0.978571,-338.258636,-145.097647,122.630872,-145.097647,-100.352746,119.89769,122.630872,119.89769,701.756814,-161.114666,98.308455,-7.627727,98.308455,-117.207248,-16.540902,-7.627727,-16.540902,1047.580163,445.532639,1.0,1.538749,1.037218,3.947457,1.0,137.0,1190.5031011729493,2.6720895327557566,0.011247594370440924
45781.0,0.08702,0.949215,-0.302355,-0.708371,0.272361,0.651176,0.700455,0.157514,0.696097,62.779038,243.159521,-176.867692,3.596004,3.592415,3.595241,89.988313,89.929916,89.961055,136.41221,0.070209,0.074361,82.256523,0.914286,-601.885525,-216.396276,95.963683,-216.396276,-472.309133,-104.573006,95.963683,-104.573006,917.511458,-333.224756,96.431456,-62.807473,96.431456,-479.209118,34.028584,-62.807473,34.028584,1167.994432,508.664041,1.0,3.576292,0.800849,1.349602,1.0,128.0,1582.695903016509,3.111475896556464,0.011115057707946152
45987.0,-0.059353,0.926015,-0.372791,-0.592371,0.267914,0.759815,0.803476,0.265928,0.532643,566.090526,208.859661,-127.517881,3.597542,3.593411,3.596004,89.966275,89.939424,89.989985,86.534307,0.065289,0.054858,117.239201,1.0,-454.932563,57.418311,-193.831704,57.418311,65.636899,7.660743,-193.831704,7.660743,1149.88615,-324.215424,7.61595,109.79781,7.61595,-36.806141,-147.283006,109.79781,-147.283006,1115.688726,314.967137,1.0,3.597719,1.009076,1.251173,1.0,142.0,1329.4512484575237,4.22092050974043,0.008529570241612276
45948.0,0.181671,-0.431153,0.8838,0.380999,0.859417,0.340942,-0.906551,0.274788,0.3204,499.612386,123.130469,-28.571545,3.599484,3.594197,3.588156,89.967498,90.031423,90.053705,95.283124,0.067537,0.05714,119.176534,1.0,-1646.071265,-336.522238,-691.048539,-336.522238,-345.48823,-218.978596,-691.048539,-218.978596,1327.7229,-359.401546,101.043349,-187.119815,101.043349,-257.595393,-175.125916,-187.119815,-175.125916,1356.762616,371.015266,1.0,1.938974,1.244644,5.0067,1.0,142.0,1684.5733450848436,4.540442131254092,0.008390913600491184
45254.0,-0.331546,-0.878983,0.342733,0.70904,0.007498,0.705128,-0.622366,0.476794,0.620748,506.029286,486.112728,-56.412631,3.597041,3.594778,3.595497,89.951668,90.010081,90.062068,54.621711,0.052628,0.046035,116.865367,1.0,-447.084444,-21.525161,-162.59915,-21.525161,336.908535,-226.939852,-162.59915,-226.939852,970.482212,-205.640181,-52.730844,14.225742,-52.730844,50.347033,-82.767931,14.225742,-82.767931,979.676176,230.102403,1.0,2.689161,0.9011,5.366114,1.0,148.0,1083.722091221265,4.709738260409496,0.008556855000506694
46255.0,0.583818,-0.531537,-0.613698,0.736758,0.664425,0.125413,0.341094,-0.525365,0.779517,-97.85074,170.008917,-43.960094,3.594805,3.594697,3.595815,90.078695,89.936651,90.060149,174.205258,0.061183,0.078704,76.176312,0.873239,-404.090773,107.008861,311.458008,107.008861,-517.2754,152.766075,311.458008,152.766075,1224.507617,87.097892,-136.72204,95.801525,-136.72204,-150.660272,-42.351133,95.801525,-42.351133,994.885318,758.100505,1.0,4.510809,0.676902,2.565743,1.0,124.0,1057.6810375631944,1.3951725801359207,0.011463392977071402
45753.0,0.076526,0.024484,-0.996767,0.986798,0.141251,0.07923,0.142734,-0.989671,-0.013352,362.554043,10.005817,28.105069,3.592898,3.601325,3.589601,90.02223,89.999051,90.030179,131.342713,0.058455,0.060217,74.331238,0.915493,-1415.05714,90.228005,-242.83992,90.228005,-547.890838,-59.400875,-242.83992,-59.400875,1852.740772,-919.963095,123.27298,-108.776849,123.27298,-249.643467,-117.079655,-108.776849,-117.079655,1644.972441,665.243799,1.0,4.633069,1.584149,2.998357,1.0,130.0,2310.7246223318543,3.473500430677227,0.012316396506136492
45280.0,-0.167306,-0.372624,-0.912776,0.475387,0.780598,-0.4058,0.863722,-0.501814,0.046542,505.301751,316.294533,-26.012661,3.598503,3.593683,3.588074,90.006127,89.935022,90.047669,165.499331,0.064198,0.066523,94.538426,0.964789,-1471.441939,-734.156156,-503.741895,-734.156156,-742.344959,198.924827,-503.741895,198.924827,1111.110612,-238.649294,150.340217,-169.380325,150.340217,-371.214158,199.422355,-169.380325,199.422355,1138.529408,562.75746,1.0,5.130725,1.524238,2.097121,1.0,137.0,1471.412923352216,2.6146484550417437,0.010205257701244148
45653.0,-0.038971,0.001722,-0.999239,0.982962,0.179835,-0.038027,0.179633,-0.983695,-0.008701,-320.603802,-317.118573,114.427923,3.595608,3.59974,3.594197,90.036175,90.060068,89.993294,108.197746,0.062401,0.055416,90.053632,0.964286,-190.133753,556.199547,-219.899864,556.199547,341.630176,-261.192716,-219.899864,-261.192716,1329.108971,-577.106004,175.843587,33.462989,175.843587,-95.124112,-132.489201,33.462989,-132.489201,1471.127619,420.123969,1.0,4.750426,1.579497,2.960973,1.0,135.0,1864.8194542795948,4.438736163324199,0.010707907927578092
46365.0,0.639789,-0.35695,-0.68063,0.620075,0.762963,0.182739,0.454067,-0.538956,0.709471,-312.576589,-295.403802,84.927796,3.596594,3.59466,3.59428,90.056963,89.924618,90.008316,102.205889,0.06277,0.056539,91.925382,0.992857,-633.25601,296.828534,282.287547,296.828534,122.972078,260.836802,282.287547,260.836802,874.644095,-101.932372,304.698987,220.852617,304.698987,-74.719921,-96.475123,220.852617,-96.475123,1068.368251,436.429881,1.0,4.45009,0.782048,2.441472,1.0,139.0,1204.861368655867,2.7607215296421623,0.010800683972137315
46248.0,0.526469,-0.346925,-0.776191,0.662193,0.739915,0.118436,0.533227,-0.576341,0.619274,544.193513,505.932591,-115.005144,3.59077,3.594967,3.59176,90.07184,89.813917,90.042958,162.881029,0.064494,0.062597,83.457799,0.957746,-2326.915226,-733.038883,-7.018103,-733.038883,-684.601373,39.007213,-7.018103,39.007213,1134.917787,-251.016134,208.550522,102.866646,208.550522,-263.756332,23.64067,102.866646,23.64067,1096.653304,432.585723,1.0,4.560971,0.902979,2.395032,1.0,134.0,1369.1311527811501,3.1649938497418932,0.011475811865108017
45268.0,0.234901,0.954857,-0.181852,-0.19809,0.230186,0.952772,0.951621,-0.187784,0.243219,167.394208,-367.895279,-49.43633,3.59894,3.592982,3.591565,89.917593,89.961912,90.027202,127.911471,0.057886,0.0607,91.772547,0.978873,-796.492292,733.439519,335.051989,733.439519,-570.605762,-267.379753,335.051989,-267.379753,1161.645565,-269.69973,56.263952,156.387075,56.263952,-321.156886,-197.297665,156.387075,-197.297665,1283.639079,512.506971,1.0,3.33019,1.325114,1.765624,1.0,139.0,1595.4157390682965,3.112963977749088,0.010666294354890247
45274.0,-0.358438,0.36195,-0.860532,0.786383,0.613832,-0.069368,0.503115,-0.701571,-0.504652,-294.054766,198.858545,-57.922025,3.593558,3.596575,3.593108,89.920632,90.067409,90.030521,86.82004,0.04811,0.044954,96.749845,0.993333,-1037.332719,161.793048,57.880527,161.793048,-265.259411,-228.365166,57.880527,-228.365166,1028.396901,-266.031501,7.356063,-56.985213,7.356063,-324.515027,-83.955511,-56.985213,-83.955511,1066.777815,478.758989,1.0,4.792825,2.099775,2.519465,1.0,149.0,1365.8370508256826,2.852869778337849,0.010267024200400529
45446.0,-0.082346,-0.361709,-0.928647,0.493403,0.794804,-0.353328,0.865894,-0.487292,0.11302,418.617997,-102.591107,-38.717395,3.598657,3.595466,3.591635,89.971917,89.993504,90.026054,99.145406,0.059988,0.053629,90.868327,0.985714,-551.41027,-504.176782,165.45513,-504.176782,-51.07266,369.944688,165.45513,369.944688,1030.093812,-680.131122,-182.676741,96.712631,-182.676741,-320.767377,169.89419,96.712631,169.89419,1055.259384,447.81777,1.0,5.075952,1.457535,2.083384,1.0,138.0,1603.3643374578235,3.5803946267202025,0.010847718149361328
45475.0,0.402365,0.915445,0.00786,-0.87536,0.382204,0.296083,0.268043,-0.126014,0.95513,439.432157,-208.536489,-35.689383,3.593237,3.595163,3.599495,90.131952,89.986715,89.919182,134.734313,0.077268,0.068767,85.862739,0.873239,532.292418,-568.305061,-872.292651,-568.305061,-981.104452,151.826674,-872.292651,151.826674,1467.377924,-582.467952,-136.195312,-303.84668,-136.195312,-557.737612,53.592482,-303.84668,53.592482,1217.478916,551.332378,1.0,3.115051,0.300698,2.01026,1.0,124.0,1811.412462934792,3.2855180200115006,0.010170174049537366
45476.0,0.396621,0.515607,0.7595,-0.862809,-0.073125,0.500213,0.313452,-0.853699,0.415868,-9.704886,-166.385492,-96.706346,3.594206,3.597481,3.593533,90.016873,89.96371,90.061134,99.748222,0.059966,0.055798,95.769388,0.992857,-157.183248,-26.894314,-174.260068,-26.894314,-520.970854,-358.985061,-174.260068,-358.985061,955.564788,-244.386681,-62.076032,-33.034975,-62.076032,-147.555581,-14.184421,-33.034975,-14.184421,1117.796947,446.110121,1.0,2.153199,1.1419,2.789705,1.0,138.0,1317.9067550696209,2.954218460938305,0.01036716450563514
46221.0,0.500147,-0.330891,-0.800227,0.65364,0.750403,0.09824,0.567986,-0.572195,0.591595,531.300733,-77.756671,13.650768,3.594119,3.595167,3.589895,90.098602,89.856083,90.054862,129.626432,0.069329,0.068814,85.039773,0.866197,-2197.44839,-106.94396,411.290144,-106.94396,-455.392405,2.97113,411.290144,2.97113,1246.040327,-339.114115,88.180386,70.350687,88.180386,-351.561119,12.02345,70.350687,12.02345,1094.486176,402.654655,1.0,4.590236,0.93776,2.359885,1.0,123.0,1443.2120159769065,3.5842427202956504,0.010185786831768706
46167.0,-0.317273,0.929454,-0.188292,-0.834913,-0.179607,0.520251,0.449731,0.322269,0.832997,187.255154,176.206795,-103.933188,3.596184,3.59491,3.597314,89.965147,89.973636,90.009954,90.681661,0.057369,0.054369,100.221668,1.0,78.79388,246.526868,-46.299355,246.526868,192.374901,86.519061,-46.299355,86.519061,893.491127,-2.401842,4.284186,33.338437,4.284186,-234.090515,23.655389,33.338437,23.655389,1234.677986,371.638389,1.0,3.488852,0.586293,0.949028,1.0,148.0,1368.1851347973413,3.6814957100606236,0.009977882228022787
46324.0,0.478637,-0.3839,-0.789638,0.477565,0.868507,-0.132769,0.736776,-0.313555,0.599037,-144.999772,106.530769,80.893425,3.596782,3.595178,3.594718,90.040798,89.927783,90.002575,104.83917,0.064839,0.06236,82.415574,0.97973,-540.444433,31.50296,34.835549,31.50296,204.918175,74.778188,34.835549,74.778188,1018.192011,-124.336086,-98.397245,76.488962,-98.397245,-152.391626,-65.520233,76.488962,-65.520233,1129.666097,486.681507,1.0,4.87897,0.928499,1.973156,1.0,145.0,1274.111222282636,2.6179569265668357,0.011887680355171704
45571.0,0.25493,0.964922,0.062748,-0.646076,0.121692,0.753509,0.719441,-0.232632,0.654436,-149.362126,265.90844,49.621049,3.596863,3.594178,3.593885,89.996521,89.925983,90.000256,124.665623,0.063173,0.066822,89.171464,0.951389,-85.026912,-5.138165,287.780006,-5.138165,-514.587564,-313.297396,287.780006,-313.297396,794.979317,-239.078748,-49.395162,64.939597,-49.395162,-131.7962,127.291393,64.939597,127.291393,1023.4099,567.89443,1.0,3.05851,0.85736,1.883536,1.0,137.0,1219.462681458634,2.1473404510388208,0.010669209154175152
46738.0,0.881128,0.276983,-0.383268,0.349065,0.165799,0.922315,0.319011,-0.946462,0.049405,-81.169941,451.028622,-14.223819,3.592921,3.600191,3.595615,89.978679,89.94408,90.045005,63.703032,0.048866,0.045071,218.225738,1.0,-802.142812,99.225016,-220.064255,99.225016,512.585614,-183.551184,-220.064255,-183.551184,1542.474543,-312.936562,-100.282742,-225.657994,-100.282742,-55.615538,-123.704401,-225.657994,-123.704401,1366.717866,127.534006,1.0,3.535432,1.521371,2.816495,1.0,142.0,1585.0720528047784,12.428622784771447,0.0045824108978382745
45327.0,-0.313308,0.035434,-0.94899,0.800066,0.548195,-0.243672,0.511598,-0.835599,-0.200103,115.512728,244.385319,-14.288896,3.593465,3.597486,3.594202,89.947434,89.982678,90.079504,68.406581,0.048953,0.042865,130.701302,1.0,-94.253152,-177.109002,108.712649,-177.109002,-797.183236,-233.287564,108.712649,-233.287564,1149.650494,-25.145055,-33.014957,18.200253,-33.014957,-160.574377,-238.109907,18.200253,-238.109907,1115.057759,262.257256,1.0,4.963729,1.77226,2.592212,1.0,146.0,1231.4254446203001,4.695486650788035,0.007651033193227103
46687.0,0.73782,0.55829,-0.379385,0.322067,0.202776,0.924746,0.593207,-0.804484,-0.030194,-226.966271,439.947184,-65.498965,3.594876,3.59772,3.595109,89.949789,90.011153,90.063268,106.775176,0.069316,0.063503,89.460157,0.986486,-292.751061,22.925029,-59.358753,22.925029,160.148729,-435.693196,-59.358753,-435.693196,1101.212851,-93.582056,-8.429095,-141.869447,-8.429095,-304.85825,-118.602738,-141.869447,-118.602738,1195.18352,620.255089,1.0,3.530912,1.600995,2.50622,1.0,146.0,1415.463978775515,2.2820674975155506,0.011027098912871347
45550.0,0.331207,0.547824,0.768239,-0.863067,0.504947,0.012017,-0.381336,-0.667022,0.64005,613.728527,-312.617146,-137.70197,3.589784,3.597926,3.597597,89.995188,90.049616,89.982578,157.573253,0.077121,0.069022,76.28793,0.909722,454.216115,901.880676,203.973421,901.880676,-923.979127,-434.031386,203.973421,-434.031386,771.834857,-243.572306,29.826458,-70.725864,29.826458,-107.011996,60.113563,-70.725864,60.113563,1083.762634,588.935723,1.0,1.586437,0.876233,3.660943,1.0,131.0,1267.412539290508,2.1520388215447204,0.011924848400002463
45540.0,0.357015,0.425593,0.831511,-0.923826,0.292531,0.246925,-0.138153,-0.856328,0.497611,-150.033858,-281.833083,63.013534,3.594489,3.599369,3.595223,90.007094,90.022214,90.004061,78.086132,0.050845,0.045949,126.003488,1.0,147.514478,331.445302,-378.471857,331.445302,157.330706,-241.800368,-378.471857,-241.800368,1047.303459,-60.054381,48.749337,-152.964645,48.749337,-169.079709,-67.889682,-152.964645,-67.889682,999.516195,216.727654,1.0,1.859461,1.049954,3.301547,1.0,140.0,1128.2216645269718,5.205711609497567,0.007936288239893804
45903.0,0.150116,0.926893,-0.343998,0.329801,0.281064,0.901241,0.932039,-0.248741,-0.263498,195.056929,-307.242187,-96.626573,3.598892,3.592651,3.590085,89.955029,90.062136,90.013598,127.677151,0.060491,0.056832,95.38607,0.992857,-853.811412,543.759785,213.671549,543.759785,-1118.043247,155.874424,213.671549,155.874424,1249.831176,-480.825918,-136.328897,-21.529815,-136.328897,-273.007467,217.793189,-21.529815,217.793189,1241.219192,465.335717,1.0,3.506219,1.837442,1.831597,1.0,139.0,1643.3555162648456,3.531548205367708,0.010408825942823727
46183.0,-0.142973,-0.302267,0.94244,-0.467318,0.860009,0.204935,-0.872452,-0.411119,-0.264213,-173.144789,-107.243369,167.213063,3.598168,3.594936,3.590665,89.999086,89.998917,89.967059,160.653125,0.069583,0.075255,82.818292,0.959459,-964.701798,-162.632454,490.937686,-162.632454,-29.329128,267.259292,490.937686,267.259292,868.402844,-362.723481,46.246407,-59.14038,46.246407,-114.223962,78.640145,-59.14038,78.640145,1342.625457,816.733656,1.0,1.784914,1.838184,4.272027,1.0,141.0,1598.4536467458886,1.9571296407379697,0.011585109724310663
45621.0,0.222722,0.192721,0.955643,-0.698344,0.715525,0.018459,-0.680229,-0.671478,0.293949,-301.747326,-36.206607,-164.973908,3.595134,3.594786,3.5896,90.025192,89.957387,89.976365,156.313355,0.065465,0.067347,69.248023,0.837838,-1204.963741,-433.128062,-566.627794,-433.128062,-162.379974,-90.177953,-566.627794,-90.177953,59.395719,-484.290791,115.540474,120.520958,115.540474,-187.43776,2.371385,120.520958,2.371385,911.834827,536.779737,1.0,1.590109,1.272441,3.933464,1.0,123.0,1282.089987608854,2.3884843246399483,0.012099089096016502
46098.0,-0.176116,-0.231819,0.956683,-0.683072,0.728582,0.0508,-0.708799,-0.644537,-0.286664,-102.6883,-255.582022,27.025844,3.596822,3.594652,3.592007,89.996734,89.920926,89.946736,150.514502,0.062415,0.072621,95.354662,0.902778,-886.662653,-387.171013,-42.810762,-387.171013,-254.053835,370.401929,-42.810762,370.401929,933.668139,-233.594331,58.031897,31.037212,58.031897,-243.282853,134.383642,31.037212,134.383642,1054.025203,674.341148,1.0,1.623847,1.861539,3.97444,1.0,130.0,1298.970954873977,1.9262816138782874,0.009467581144590497
45380.0,-0.152084,-0.239691,-0.958863,0.557032,0.780611,-0.283482,0.816447,-0.577231,0.014797,-285.678383,344.398327,49.966983,3.596042,3.59476,3.592974,90.042534,90.046737,90.112106,108.967226,0.063479,0.057269,105.991974,0.986111,-804.014388,534.880322,184.850928,534.880322,-482.857144,-119.738992,184.850928,-119.738992,1160.718336,-240.797367,-100.617664,-27.870614,-100.617664,14.504939,129.705099,-27.870614,129.705099,1241.941479,447.49206,1.0,4.999845,1.555999,2.186207,1.0,142.0,1380.5579234178717,3.0851003779103294,0.009303638405677774
45957.0,0.252724,-0.236944,-0.938077,0.670187,0.74216,-0.006906,0.69784,-0.626941,0.346358,488.771484,-247.276944,-111.222717,3.596946,3.594984,3.593857,90.063241,89.929017,90.047021,76.047222,0.067618,0.063243,103.730289,1.0,-663.512913,71.085245,-300.204138,71.085245,-95.641331,212.227033,-300.204138,212.227033,1193.256186,-386.117477,90.359294,-69.620317,90.359294,-4.578479,58.533671,-69.620317,58.533671,1069.051593,294.560053,1.0,4.71975,1.21711,2.302728,1.0,144.0,1311.569199960562,4.452637710384177,0.009640385750781048
45390.0,-0.313623,-0.661313,-0.6814,0.940896,-0.119783,-0.316808,0.127889,-0.740485,0.659793,99.529222,-210.897994,19.516096,3.596205,3.596769,3.597088,90.062922,90.019968,90.031998,70.775562,0.053243,0.044892,118.134413,1.0,-95.692234,163.409946,-61.395605,163.409946,559.462323,-25.09317,-61.395605,-25.09317,1160.525165,108.557439,91.421328,78.566099,91.421328,-52.958078,-94.621134,78.566099,-94.621134,1231.289541,189.713937,1.0,5.147594,0.850253,2.97057,1.0,142.0,1218.8379829139508,6.424609610594666,0.00846493392234488
45707.0,0.025008,-0.142847,-0.989429,0.82575,0.560825,-0.060097,0.563481,-0.815518,0.131981,-149.975582,1.711294,117.922594,3.595439,3.597928,3.595157,89.999193,89.966744,90.079761,86.8681,0.058163,0.053489,116.491526,1.0,124.449673,-229.241084,5.792962,-229.241084,-262.986631,-45.106607,5.792962,-45.106607,1334.663099,-170.131209,33.934039,-0.712001,33.934039,-16.487904,-222.488587,-0.712001,-222.488587,1189.353249,296.705205,1.0,4.773054,1.438429,2.536967,1.0,150.0,1304.1926504400235,4.395583995366794,0.008584315394752405
46396.0,0.425714,-0.299217,-0.853954,0.337842,0.928057,-0.15676,0.839423,-0.221766,0.496175,-128.346548,-174.10261,-102.410693,3.598214,3.595279,3.594165,90.02254,89.979935,90.012369,101.036323,0.052918,0.053823,91.560433,0.972603,-128.541326,128.612097,363.727033,128.612097,206.493672,88.510196,363.727033,88.510196,878.440915,-168.604188,53.616611,223.043452,53.616611,-48.841504,158.75794,223.043452,158.75794,1139.201974,594.74561,1.0,4.893938,1.051609,1.829084,1.0,142.0,1275.3211698264008,2.1443137172990663,0.010622525125017702
46418.0,0.38524,-0.301051,0.87233,0.276494,0.939518,0.202132,-0.880421,0.163325,0.445178,499.76142,-265.878948,-111.376386,3.598077,3.597737,3.596097,90.0772,90.056267,90.058852,102.697499,0.057806,0.047385,117.382323,1.0,643.654802,-881.992086,-90.160036,-881.992086,242.892932,61.226617,-90.160036,61.226617,1251.121194,-276.600199,-136.76542,-151.497306,-136.76542,-156.00806,-133.1142,-151.497306,-133.1142,1155.165534,263.718516,1.0,1.798493,1.109423,4.895812,1.0,138.0,1391.5342571953647,5.276589138683628,0.008519170301306781
46439.0,-0.215553,-0.286085,0.933645,-0.366361,0.909971,0.194248,-0.905161,-0.30018,-0.300957,-281.484539,200.736472,-70.998548,3.598678,3.593264,3.590852,89.900915,89.926242,89.939285,109.19463,0.054063,0.051804,108.603143,1.0,-1581.447013,388.082009,-17.246697,388.082009,-374.184671,-168.475152,-17.246697,-168.475152,1556.310608,-446.185789,56.246712,155.483962,56.246712,-234.382654,65.322195,155.483962,65.322195,1406.130098,517.51807,1.0,1.775924,1.876493,4.392171,1.0,140.0,1762.7571754239875,3.406175122395219,0.009207836646127267
45415.0,-0.260661,-0.602268,-0.754539,0.868885,-0.487025,0.088577,-0.420826,-0.632518,0.65025,256.394553,73.925757,-48.147273,3.595184,3.594053,3.593194,90.124436,90.013668,89.953881,106.473186,0.065609,0.058035,95.421646,0.958333,-1214.013392,-475.445445,208.411841,-475.445445,-221.423222,73.663279,208.411841,73.663279,935.098022,-274.569511,12.644433,191.403886,12.644433,-225.269593,-10.540484,191.403886,-10.540484,1023.10528,477.676284,1.0,4.595531,0.862882,3.728662,1.0,138.0,1284.5602000775568,2.6891856328323738,0.010043140525997633
45420.0,-0.28482,-0.92502,-0.251426,0.945602,-0.22811,-0.231956,0.157211,-0.303815,0.939671,516.160286,496.453721,-45.829205,3.594778,3.594174,3.600185,90.011799,90.011252,90.032068,85.674129,0.062627,0.056062,101.881939,0.993056,-247.692068,267.788904,-274.318179,267.788904,235.396929,-317.937552,-274.318179,-317.937552,1379.563577,-168.451707,25.986554,-209.473645,25.986554,-337.92101,-243.527871,-209.473645,-243.527871,1517.307869,367.24459,1.0,5.457529,0.34913,2.664077,1.0,143.0,1798.3561779509728,4.896889503398737,0.009747125052262698
45687.0,0.074177,0.956347,-0.282661,0.220773,0.260661,0.939848,0.9725,-0.13212,-0.191801,-252.679173,-288.617514,-136.007324,3.598473,3.593047,3.593702,89.993843,90.038559,90.065812,75.854443,0.056691,0.04643,125.359738,1.0,-544.616071,-114.326135,-320.782226,-114.326135,-416.194121,-140.859644,-320.782226,-140.859644,1238.599726,-279.612517,73.045768,-72.623493,73.045768,-147.699446,285.050713,-72.623493,285.050713,1372.480763,307.996943,1.0,3.433739,1.763793,1.705825,1.0,148.0,1611.7625103232722,5.233047103078787,0.00797704283651263
45617.0,0.267008,0.649615,0.711833,-0.905074,-0.08465,0.416743,0.33098,-0.755536,0.565348,-26.579771,-450.550017,-157.154647,3.597654,3.598808,3.594183,90.014572,90.099149,89.986089,202.510302,0.099104,0.088036,71.86307,0.852113,51.867363,56.9251,-857.728538,56.9251,1324.835325,242.807244,-857.728538,242.807244,409.139478,-52.835378,-55.720358,-474.699767,-55.720358,-364.878099,56.295188,-474.699767,56.295188,913.1427,579.94477,1.0,2.100449,0.969941,2.728701,1.0,120.0,1227.0375162354333,2.1157833981939924,0.011857453348430564
45919.0,0.244067,-0.962412,-0.119137,0.815382,0.137156,0.562441,-0.52496,-0.234416,0.818209,65.802485,-57.05046,99.339596,3.59392,3.59495,3.59671,90.016179,90.033383,90.012554,140.490874,0.074313,0.071591,73.322118,0.945946,84.380264,59.539149,-29.252358,59.539149,-290.654642,271.346549,-29.252358,271.346549,584.676737,-45.676742,-136.632844,-142.941315,-136.632844,-415.836984,103.38646,-142.941315,103.38646,903.928099,692.8661,1.0,3.350328,0.612507,4.292416,1.0,140.0,1194.8288797295022,1.724472996628789,0.012901236704591647
45656.0,0.202892,0.29723,0.933,-0.77883,0.626506,-0.030223,-0.593514,-0.720517,0.358605,70.45999,-42.665419,-17.760549,3.595222,3.597456,3.596075,90.016261,90.028051,89.926665,86.794264,0.046118,0.047996,176.495472,1.0,301.230628,140.067256,-61.986395,140.067256,-253.003557,-133.428619,-61.986395,-133.428619,1211.89062,157.851305,96.977267,-47.331365,96.977267,53.219056,-111.170337,-47.331365,-111.170337,1037.235685,489.609475,1.0,1.538414,1.204023,3.830639,1.0,144.0,945.6635394926875,1.9314649486566564,0.005665867733989232
45438.0,-0.200513,0.228329,-0.952712,0.792218,0.609891,-0.020566,0.576355,-0.75888,-0.303177,-111.220403,-156.200293,-98.663303,3.5942,3.59707,3.594279,89.982673,89.99555,90.074604,114.795443,0.064327,0.062786,90.131071,0.972222,-80.120207,-44.160973,-236.677751,-44.160973,-487.874243,-242.673006,-236.677751,-242.673006,936.805616,-408.153375,-82.655442,-51.16865,-82.655442,-182.938227,-56.471043,-51.16865,-56.471043,1166.11158,552.451445,1.0,4.733973,1.878822,2.492051,1.0,140.0,1477.823753107144,2.6750292111321095,0.010786757432406412
45686.0,0.176145,0.888413,0.423905,-0.739259,-0.16496,0.652904,0.649976,-0.428382,0.62771,558.47564,2.04751,74.526695,3.594502,3.593926,3.596099,90.005537,89.937869,90.088998,139.476832,0.068222,0.071653,69.117919,0.862319,-311.38354,547.064368,-19.666298,547.064368,-584.537823,5.978319,-19.666298,5.978319,979.484089,-652.416686,-38.765741,-73.140899,-38.765741,-231.451,-52.040002,-73.140899,-52.040002,850.171701,551.672506,1.0,2.565737,0.892188,2.153523,1.0,119.0,1345.2197664768755,2.4384390228736095,0.0124760555942085
46358.0,-0.19281,-0.226589,0.954716,-0.389217,0.910816,0.137565,-0.900741,-0.345067,-0.263807,34.610314,-97.133378,175.272087,3.598897,3.593442,3.593327,89.970854,89.962693,89.984927,136.234159,0.063232,0.063553,67.87968,0.85,-552.345572,181.570965,-25.139499,181.570965,-196.309089,362.741511,-25.139499,362.741511,1150.574605,-511.810658,-86.503603,-92.166475,-86.503603,-135.081893,270.927626,-92.166475,270.927626,1138.401098,846.426256,1.0,1.713902,1.837763,4.346542,1.0,119.0,1520.0248841465045,1.795814902209868,0.012522156851652809
46740.0,0.671488,0.608442,-0.422969,0.23631,0.365167,0.90045,0.702326,-0.704593,0.101425,-30.889331,-67.07591,-15.900807,3.594722,3.59654,3.594046,89.973442,89.977117,90.132262,114.260054,0.070561,0.069658,104.442194,0.847826,-1028.676196,-73.468759,-119.414203,-73.468759,-51.954292,-259.013147,-119.414203,-259.013147,1380.443843,-446.816095,17.642514,-32.937394,17.642514,-202.811191,-139.79347,-32.937394,-139.79347,1229.221582,441.988619,1.0,3.580732,1.469197,2.357806,1.0,117.0,1573.3350036726542,3.559673113828875,0.008117657888343479
46678.0,-0.054888,-0.236032,0.970194,-0.145368,0.963195,0.226105,-0.987854,-0.128625,-0.087179,-233.610959,-160.450258,-125.034602,3.600455,3.592584,3.591246,90.01754,89.935938,89.975625,120.940724,0.062205,0.062539,98.804076,0.978873,-927.494299,-288.802578,-316.645728,-288.802578,-735.774553,22.116284,-316.645728,22.116284,1680.666334,-417.299626,-146.17481,117.192379,-146.17481,-323.163813,257.499104,117.192379,257.499104,1607.984051,476.625821,1.0,1.799761,1.658087,4.582911,1.0,139.0,1999.0095012588235,4.19408561849364,0.00990721273482685
45470.0,-0.200761,0.008874,-0.9796,0.87904,0.443018,-0.176138,0.432417,-0.896469,-0.096741,404.835146,69.767526,64.907271,3.59417,3.597531,3.597128,90.017601,90.004542,90.060046,107.125131,0.07559,0.067376,93.821044,0.992958,620.008755,287.936248,-144.553174,287.936248,-321.833682,-56.271779,-144.553174,-56.271779,983.155266,-257.418717,59.044057,57.952886,59.044057,-358.502208,-102.267458,57.952886,-102.267458,1236.876898,558.441414,1.0,4.890294,1.667689,2.692159,1.0,141.0,1551.5035940926996,2.778274596397859,0.01058353177140088
45661.0,0.226002,0.942785,0.245112,-0.962011,0.176449,0.208327,0.153158,-0.282883,0.946847,361.722105,530.489506,-172.940815,3.593956,3.600903,3.599051,89.920803,89.907973,90.119406,283.450532,0.08128,0.101339,87.163663,0.992857,1548.266297,1313.115924,501.710393,1313.115924,-16.457358,-759.205192,501.710393,-759.205192,1159.431559,-356.270364,-103.54302,-76.527703,-103.54302,-331.82849,261.719974,-76.527703,261.719974,1172.621749,917.67223,1.0,2.275249,0.327507,2.64536,1.0,138.0,1537.7079545035524,1.6756614227103204,0.011390721383519644
45482.0,-0.179488,0.226451,-0.957342,0.838385,0.544337,-0.028427,0.51468,-0.807723,-0.287555,210.545503,-314.649097,160.912418,3.594728,3.59809,3.59254,90.010267,90.069528,90.027515,128.997319,0.05962,0.060844,92.707367,0.993243,-663.372295,607.882197,-197.218889,607.882197,85.155389,-153.940962,-197.218889,-153.940962,893.876672,-69.551831,146.785896,166.161904,146.785896,-209.692407,-236.948862,166.161904,-236.948862,1249.823313,589.457012,1.0,4.742074,1.862469,2.57427,1.0,147.0,1422.7661877108508,2.4136894781919245,0.010713744032877127
45737.0,0.12818,0.967686,0.217151,-0.690734,-0.07001,0.719712,0.711658,-0.242246,0.659439,337.888042,252.866102,75.570481,3.596802,3.596409,3.593814,90.025977,89.925574,90.028639,90.102955,0.048426,0.049862,141.95845,1.0,310.80449,-145.211776,-235.133237,-145.211776,-505.351556,-338.275545,-235.133237,-338.275545,973.788532,-75.441558,-32.531123,30.447191,-32.531123,13.697664,-11.470073,30.447191,-11.470073,1109.329298,236.31829,1.0,2.848559,0.850724,1.898891,1.0,142.0,1143.5059600881698,4.838838162243683,0.007044314727302249
45694.0,0.186458,0.465865,0.864988,-0.890239,0.452536,-0.051826,-0.415582,-0.760382,0.49911,210.261078,461.108927,61.816838,3.592269,3.595143,3.596977,90.050387,90.052027,89.886643,138.235655,0.067406,0.063572,77.695556,0.944444,136.752159,-24.069217,259.030887,-24.069217,-1339.548788,248.530006,259.030887,248.530006,1246.94537,-161.749744,57.745627,-25.074032,57.745627,-325.69756,135.560803,-25.074032,135.560803,1330.516367,590.842533,1.0,1.510952,1.048225,3.641779,1.0,136.0,1585.921120065803,2.6841688461615933,0.012155701672306715
45778.0,0.090012,-0.178973,0.979728,-0.593734,0.780157,0.197065,-0.799611,-0.599436,-0.036039,92.568471,146.925553,-20.777758,3.597397,3.596323,3.592109,90.009454,89.971445,89.957308,125.556613,0.072859,0.067142,91.355867,0.966216,-621.398057,-377.257918,-95.071631,-377.257918,70.835342,28.169124,-95.071631,28.169124,997.829144,-21.430558,-109.844165,-99.176854,-109.844165,-358.70605,-31.125175,-99.176854,-31.125175,1274.554553,559.793272,1.0,1.76929,1.606843,4.069106,1.0,143.0,1499.1961531031297,2.6781246365231945,0.01057639790118789
45508.0,-0.204293,-0.890487,-0.406568,0.978561,-0.174682,-0.109111,0.026142,-0.420142,0.907082,-236.608126,252.102909,134.402992,3.593349,3.596006,3.598625,89.988121,90.002556,89.951274,76.871184,0.0627,0.057928,105.263634,1.0,667.790696,-149.256155,-299.843286,-149.256155,-483.862431,-299.128512,-299.843286,-299.128512,861.732278,-59.755567,-29.444792,-277.279127,-29.444792,-100.928184,-54.814176,-277.279127,-54.814176,1086.594206,212.200774,1.0,4.974581,0.434498,3.079452,1.0,140.0,1193.1377475177874,5.6226832967055405,0.009499957031694347
45509.0,-0.202787,-0.720175,-0.663494,0.970435,-0.238372,-0.037863,-0.13089,-0.651557,0.747223,-34.17632,297.775486,-36.099584,3.593445,3.595571,3.597261,90.061883,90.021134,90.012484,99.963221,0.064661,0.058755,93.271017,0.993056,-184.248967,216.217984,-204.647623,216.217984,-271.007183,75.604323,-204.647623,75.604323,1026.624345,-176.961263,-55.627989,-125.318791,-55.627989,-2.591613,-81.843037,-125.318791,-81.843037,1243.89467,439.664098,1.0,4.769394,0.726923,3.339842,1.0,143.0,1349.2981034142313,3.068929461268478,0.01064699444630265
45545.0,0.330834,0.342925,0.879177,-0.841666,0.528561,0.110552,-0.426788,-0.776547,0.463494,-66.969781,268.734665,-155.838575,3.593589,3.599877,3.593774,90.027895,90.056466,89.951765,99.348728,0.074004,0.064763,103.436705,1.0,-412.87566,498.378177,-377.230986,498.378177,-142.533263,-358.912142,-377.230986,-358.912142,1394.548245,-314.801063,48.697087,-147.263607,48.697087,-38.680029,-158.516367,-147.263607,-158.516367,1197.203364,438.199348,1.0,1.695884,1.088862,3.644126,1.0,152.0,1407.761715637938,3.2126056829229652,0.009667748020395661
45552.0,-0.15372,0.147009,-0.977117,0.968888,0.216551,-0.119845,0.193977,-0.965139,-0.175724,564.625439,-63.069495,11.914581,3.591748,3.599073,3.593816,89.98495,90.0074,90.037541,120.235337,0.067297,0.065919,81.809485,0.935714,-281.359519,126.296205,-117.124487,126.296205,-857.854589,-98.775923,-117.124487,-98.775923,1255.073495,-552.078333,78.247757,-101.9708,78.247757,-733.83651,-174.008226,-101.9708,-174.008226,1337.15353,661.358418,1.0,4.834431,1.747437,2.943252,1.0,131.0,1995.1732055420368,3.016780540233536,0.011437720210559938
45561.0,-0.145615,-0.168839,-0.974828,0.9853,-0.113718,-0.127483,-0.089331,-0.979062,0.182916,572.227184,-386.306265,-118.351494,3.590352,3.599699,3.588136,90.032326,90.096841,90.003717,147.827871,0.063313,0.059542,92.873619,0.9375,-2066.723989,736.087165,222.618805,736.087165,-987.256882,144.238228,222.618805,144.238228,1373.949575,-625.43514,27.052805,179.453781,27.052805,-464.793012,65.720858,179.453781,65.720858,1311.50635,442.048101,1.0,4.842426,1.386845,3.232582,1.0,135.0,1869.3140145302136,4.228757029611612,0.010094362749017026
45567.0,-0.095666,0.342673,-0.934571,0.793337,0.593319,0.13634,0.601219,-0.728387,-0.328616,385.704502,-351.248459,-29.581914,3.594814,3.595931,3.596549,90.007053,90.007826,90.060654,126.628864,0.065623,0.06767,103.347814,0.933824,540.531551,-29.325072,-74.001885,-29.325072,-384.484226,-8.858764,-74.001885,-8.858764,698.475118,-367.792844,-75.194351,82.932308,-75.194351,-362.93907,160.371066,82.932308,160.371066,1191.378623,447.494786,1.0,4.567526,1.905634,2.451548,1.0,127.0,1565.937254301008,3.499341899150101,0.00903574022378451
46572.0,0.641874,-0.11198,-0.758589,0.381697,0.904669,0.189426,0.66506,-0.411139,0.623426,157.134983,432.368681,-79.953188,3.595043,3.59427,3.597596,90.069604,89.964794,90.035876,85.302891,0.0779,0.059627,153.107621,1.0,132.675256,129.524997,-419.27262,129.524997,-446.54446,-158.486818,-419.27262,-158.486818,1060.817317,-28.781947,8.074792,17.443077,8.074792,-16.427656,-35.52456,17.443077,-35.52456,1115.699298,263.40951,1.0,4.467685,0.89768,2.124489,1.0,146.0,1138.8916926079007,4.323654421618645,0.006531353524198511
46343.0,0.398672,-0.91016,-0.112558,0.346941,0.036067,0.937193,-0.848936,-0.412684,0.33015,476.566107,428.146502,127.392131,3.598333,3.594682,3.594874,90.03755,90.029498,89.960558,60.315682,0.04667,0.043291,116.414923,1.0,-148.279477,225.635045,-111.547737,225.635045,-28.162608,-44.006723,-111.547737,-44.006723,1196.305462,-121.242185,84.833816,-118.640364,84.833816,-10.926993,-72.058882,-118.640364,-72.058882,1170.048628,184.804532,1.0,3.261122,1.234333,4.259908,1.0,146.0,1247.7984642749666,6.751990607432542,0.008589964020334403
46227.0,0.417192,-0.094148,-0.903928,0.504954,0.850979,0.144419,0.755627,-0.516693,0.402562,-44.169846,227.319427,2.629526,3.596665,3.595877,3.595218,90.033103,89.962449,90.040258,142.458959,0.073583,0.076974,76.518092,0.90411,-64.370542,58.361309,-56.434023,58.361309,42.980124,-36.296989,-56.434023,-36.296989,1005.486617,-442.71841,-173.447831,-91.650724,-173.447831,-105.044818,-222.445695,-91.650724,-222.445695,1243.502509,617.317738,1.0,4.55396,1.156482,2.170562,1.0,132.0,1566.5078158654003,2.5376037645388383,0.011815637013008636
46346.0,-0.145604,-0.10848,0.983378,-0.335412,0.940518,0.054089,-0.930752,-0.321961,-0.173328,-194.618832,4.73976,-156.798012,3.59808,3.594226,3.593943,89.99048,89.932833,89.952822,90.230511,0.073622,0.057174,93.693892,1.0,-369.172519,-115.094167,-327.412118,-115.094167,-295.538623,8.585085,-327.412118,8.585085,1228.064346,-81.482222,-41.310718,141.351081,-41.310718,-190.213703,119.708139,141.351081,119.708139,1308.55104,353.606604,1.0,1.625745,1.745004,4.379358,1.0,144.0,1456.766259971594,4.1197371414805195,0.010673054333146925
45595.0,-0.039245,-0.999159,-0.011846,0.659816,-0.034815,0.75062,-0.750402,0.021642,0.660628,425.610339,337.143494,49.840681,3.596132,3.597183,3.594206,89.987581,90.080524,89.996931,145.649959,0.059011,0.069665,74.574756,0.815068,682.904993,-57.866078,-41.611373,-57.866078,-617.953319,-175.50857,-41.611373,-175.50857,852.186831,-316.100387,180.482134,84.225787,180.482134,-456.550829,-127.47126,84.225787,-127.47126,1332.331634,640.10877,1.0,3.157373,0.849142,4.741221,1.0,119.0,1735.08356858791,2.7106073997203786,0.010929542967596167
46258.0,-0.294392,-0.051832,0.954278,-0.637156,0.754873,-0.15556,-0.712296,-0.65382,-0.255254,261.740381,-210.800486,137.421611,3.59615,3.59337,3.595793,90.03861,89.967384,89.947103,146.356327,0.068553,0.067717,83.055556,0.818841,187.035182,-447.920842,137.39111,-447.920842,-360.070935,430.166539,137.39111,430.166539,476.206161,-352.192928,-100.461623,50.987934,-100.461623,-323.414897,3.581329,50.987934,3.581329,1168.195455,616.148481,1.0,1.409204,1.828907,3.969769,1.0,113.0,1509.3654547463543,2.449678123520935,0.00985895513118954
45909.0,-0.003861,0.025591,0.999665,-0.602348,0.797909,-0.022753,-0.798224,-0.602234,0.012334,40.765275,-173.565741,50.514669,3.59702,3.595406,3.594728,90.012159,89.991497,89.949762,95.735805,0.056588,0.049725,101.591726,1.0,-9.402433,-132.068888,-4.275918,-132.068888,-67.901724,93.841748,-4.275918,93.841748,892.993581,-300.319939,-85.015903,-26.863647,-85.015903,-80.68571,-25.016301,-26.863647,-25.016301,1141.868619,511.323417,1.0,1.54804,1.558462,4.066035,1.0,152.0,1348.2671991568172,2.636818800647296,0.009843321295673233
45872.0,0.003328,0.410257,0.911964,-0.715154,0.638409,-0.284586,-0.698959,-0.651248,0.295522,134.14817,-202.172617,149.75736,3.597454,3.594208,3.593345,90.01102,90.036254,89.930655,145.170399,0.061271,0.066175,70.195688,0.814286,-419.972268,45.863412,5.157958,45.863412,-352.911794,450.928448,5.157958,450.928448,990.870951,-487.441632,-41.595316,258.063138,-41.595316,47.955719,432.969092,258.063138,432.969092,1077.872728,667.788903,1.0,1.268314,1.270795,3.962312,1.0,114.0,1445.903160088844,2.165209924263812,0.01160022820774974
45666.0,0.010292,0.191013,-0.981534,0.695014,0.704355,0.144359,0.718923,-0.683665,-0.125507,250.295704,-234.911166,4.718835,3.597062,3.596531,3.596281,89.949681,89.955524,90.037879,83.399497,0.049601,0.043738,126.337192,1.0,257.221167,-591.483462,-40.846587,-591.483462,410.725656,-11.074249,-40.846587,-11.074249,903.762525,-203.542824,-41.657373,-88.050876,-41.657373,-47.798907,-84.268874,-88.050876,-84.268874,1016.08192,217.490549,1.0,4.56636,1.696636,2.331062,1.0,140.0,1155.090343401774,5.310990977367821,0.007915325520294926
45672.0,-0.020101,-0.281057,-0.95948,0.999088,-0.041806,-0.008685,-0.037671,-0.95878,0.281641,-269.322914,-332.776262,-27.318578,3.591707,3.598505,3.596068,90.034248,89.990295,89.986202,124.467974,0.063521,0.061549,79.994579,0.928571,265.609929,-95.202881,-63.650938,-95.202881,-852.067696,-17.411211,-63.650938,-17.411211,1159.08348,-455.008825,37.863792,157.893693,37.863792,-152.611161,232.345623,157.893693,232.345623,1203.979082,518.382565,1.0,4.721441,1.285292,3.180863,1.0,130.0,1549.9266386686309,2.989928179140498,0.011607924081955604
45849.0,0.003807,0.947303,0.320316,-0.901232,-0.135551,0.411591,0.433321,-0.290246,0.853224,564.351852,-323.552355,-12.899694,3.593408,3.587573,3.597855,90.027938,89.92302,90.045433,146.683902,0.073369,0.067784,108.107205,1.0,-1849.244718,432.74897,543.696104,432.74897,-759.59703,-48.619296,543.696104,-48.619296,1109.825877,-62.748903,-36.842025,130.800118,-36.842025,-441.818938,227.68067,130.800118,227.68067,1101.341684,347.154345,1.0,2.480262,0.548661,2.160978,1.0,148.0,1411.6661133600567,4.0663933310702385,0.009250077272833019
45859.0,0.001929,0.992247,0.124264,-0.851415,-0.063545,0.520629,0.524489,-0.106805,0.844692,23.633339,-305.422473,55.005873,3.595003,3.591222,3.595766,89.982002,89.952044,90.068851,163.648636,0.081599,0.077839,76.122807,0.828947,-922.50744,623.829243,-21.533797,623.829243,-320.809349,-151.82555,-21.533797,-151.82555,622.124764,-460.434627,-18.286278,74.841549,-18.286278,-434.243293,30.300793,74.841549,30.300793,919.567222,773.253811,1.0,2.907296,0.564807,1.771685,1.0,126.0,1368.9730959662877,1.7704058828961757,0.010889601062661812
46655.0,0.514722,-0.857354,-0.002266,0.216457,0.127394,0.967945,-0.829583,-0.498713,0.251152,-215.757668,111.955559,-150.22637,3.597506,3.595956,3.595455,89.954492,90.011057,89.94806,98.005703,0.05382,0.055527,111.053033,1.0,53.384903,-383.969047,-75.534753,-383.969047,310.394383,-314.878106,-75.534753,-314.878106,941.871022,-373.948651,49.89718,-56.308074,49.89718,-15.675903,-31.246353,-56.308074,-31.246353,1046.115287,414.280371,1.0,3.143934,1.316926,4.171116,1.0,146.0,1281.0730803992349,3.0922852494964936,0.009004706787251817
46468.0,0.479926,0.016124,-0.877161,0.346395,0.915113,0.206347,0.806028,-0.402875,0.433601,77.823541,-163.458896,-113.690762,3.598618,3.59427,3.593439,90.050244,89.96961,90.02085,116.039711,0.062336,0.056338,75.232692,0.890411,-244.105986,458.076773,298.162841,458.076773,-238.686213,154.808708,298.162841,154.808708,1068.30477,-206.685875,79.188061,293.690883,79.188061,-298.767481,115.617437,293.690883,115.617437,1320.402075,618.004938,1.0,4.481346,1.122311,2.034306,1.0,130.0,1600.1602097176146,2.5892353140350064,0.011835426545683092
45899.0,-0.041765,0.469691,0.881843,-0.908684,0.349093,-0.228972,-0.415391,-0.810879,0.41222,423.535356,-192.094759,-36.346859,3.594568,3.598491,3.596497,89.964331,89.96096,89.951141,119.388254,0.067967,0.062172,91.409186,1.0,826.5432,-324.899563,-582.314162,-324.899563,-65.63928,-100.060853,-582.314162,-100.060853,722.775762,-146.632439,-28.664428,-140.670336,-28.664428,-340.374912,-127.630523,-140.670336,-127.630523,925.558866,416.599706,1.0,1.316755,1.145907,3.615009,1.0,144.0,1192.7002317303734,2.8629406467472958,0.010939819549426903
45994.0,-0.066809,0.990184,0.122765,-0.59321,-0.138351,0.79307,0.802271,-0.019841,0.596631,-13.708521,317.981846,-47.120255,3.598791,3.591106,3.596841,90.049531,89.985496,90.00879,117.456008,0.074516,0.061237,93.677999,0.986667,-1074.605655,-63.277281,-305.360659,-63.277281,707.629308,-176.709168,-305.360659,-176.709168,1066.818172,-582.50225,-47.098902,27.680841,-47.098902,13.914189,-32.940455,27.680841,-32.940455,1198.841815,590.167888,1.0,2.988015,0.9315,1.595522,1.0,148.0,1571.473375392291,2.662756492424222,0.010532537100840508
46303.0,0.365552,0.061219,-0.928776,0.350579,0.915296,0.198313,0.862245,-0.398103,0.313126,348.368559,-284.991163,104.528533,3.598256,3.592341,3.596582,89.98491,89.973003,89.999705,132.606543,0.051688,0.058908,110.473284,0.979167,395.124368,-175.479418,64.667635,-175.479418,-336.684624,665.886965,64.667635,665.886965,764.426431,-575.049437,-110.194466,-111.285716,-110.194466,-21.313462,143.368968,-111.285716,143.368968,1106.617539,612.052233,1.0,4.502027,1.252313,2.003341,1.0,141.0,1495.7403984410385,2.4438116843551136,0.008863382752340375
45941.0,-0.071228,0.963391,0.258466,-0.814187,-0.205847,0.542888,0.576217,-0.171771,0.799042,533.848137,483.391587,187.904837,3.594411,3.594529,3.596467,90.044918,89.929211,90.00242,172.659637,0.074758,0.085262,72.140475,0.809859,-238.146578,-248.404794,-126.449079,-248.404794,-387.403779,141.522157,-126.449079,141.522157,954.844767,80.246486,61.142301,141.997216,61.142301,-383.112062,46.202194,141.997216,46.202194,1064.80063,557.83182,1.0,2.697251,0.645096,1.86051,1.0,115.0,1288.32323578121,2.3095190872783307,0.011226139001718522
46782.0,-0.325247,0.128758,0.936822,-0.259251,0.940587,-0.219283,-0.909397,-0.314194,-0.272543,495.70771,149.057385,-31.087535,3.598421,3.594803,3.590233,90.008608,89.911424,90.00669,145.152134,0.074262,0.071485,92.600427,0.802817,-1476.67746,168.913209,56.939218,168.913209,171.347008,429.216532,56.939218,429.216532,1091.784128,385.635347,-166.641276,132.3902,-166.641276,-513.104044,-39.845094,132.3902,-39.845094,1098.758138,494.393606,1.0,1.340865,1.846831,4.379732,1.0,114.0,1411.5067249040485,2.855026253927824,0.008669690043653902
45978.0,-0.138625,0.876412,0.461178,-0.920717,-0.285577,0.265945,0.364779,-0.387748,0.846515,406.792483,13.846624,-30.092827,3.59262,3.588905,3.596449,90.121694,89.882429,89.9339,212.582498,0.086293,0.095627,68.086753,0.802817,-2287.481834,-635.224915,439.226305,-635.224915,-638.035546,-61.680927,439.226305,-61.680927,1183.125738,151.519441,-136.693919,352.612084,-136.693919,-779.844987,103.101046,352.612084,103.101046,1242.746484,717.374181,1.0,2.093881,0.561392,2.386707,1.0,114.0,1785.9966290731456,2.489630483471701,0.011791089523684585
46020.0,-0.180694,0.939552,0.290845,-0.907236,-0.273423,0.319629,0.379832,-0.20611,0.901802,455.760737,302.948534,154.816215,3.590647,3.597781,3.599395,89.971201,89.960975,90.03889,127.771981,0.052223,0.06073,82.571667,0.978571,1035.965858,-65.189372,300.547553,-65.189372,-1151.563383,469.687882,300.547553,469.687882,1117.382081,189.15059,-222.820421,101.948292,-222.820421,-638.190833,329.860284,101.948292,329.860284,1128.413643,420.502233,1.0,2.40331,0.446875,2.067967,1.0,137.0,1571.7626394260558,3.7378223373811568,0.011851171661582173
46762.0,0.409579,-0.890475,0.198239,0.095502,0.25796,0.961424,-0.907262,-0.374847,0.190697,300.959307,-98.174922,-17.324219,3.597996,3.591553,3.594682,90.043113,90.043154,89.893427,88.533743,0.056131,0.054646,135.166041,0.993151,-1159.580328,402.189146,106.637461,402.189146,-275.542399,192.283625,106.637461,192.283625,1435.716034,-445.337773,105.444667,-60.475597,105.444667,38.983089,-10.477555,-60.475597,-10.477555,1299.67462,468.154757,1.0,2.938249,1.378924,4.320587,1.0,145.0,1563.8584602853564,3.3404732877366796,0.007347636970442894
45891.0,0.242795,-0.224227,-0.943808,0.966943,-0.022206,0.254022,-0.077917,-0.974284,0.211424,526.174588,-301.628986,149.396091,3.593802,3.599975,3.594374,90.043214,89.963448,89.962121,141.515757,0.06,0.067007,76.237183,0.958333,-374.866302,-360.971747,-18.643054,-360.971747,-103.547426,-111.132714,-18.643054,-111.132714,1571.338937,-619.709443,4.145999,170.198485,4.145999,-481.156009,-116.499536,170.198485,-116.499536,1542.722953,666.887244,1.0,4.449473,1.357765,3.221396,1.0,138.0,2104.190136062806,3.155241242045418,0.012570414623006204
46068.0,-0.242786,0.952379,0.184473,-0.928966,-0.283028,0.238574,0.279424,-0.113446,0.953442,376.458278,-124.371169,173.650689,3.593138,3.597254,3.600699,89.986984,89.983921,89.962567,117.660613,0.058281,0.06137,86.57783,0.986301,540.858713,-494.831628,417.730011,-494.831628,-140.336264,375.257454,417.730011,375.257454,1510.555436,-436.44557,-30.705066,194.054307,-30.705066,-283.960352,284.234257,194.054307,284.234257,1588.324352,467.716548,1.0,2.483389,0.306345,1.956466,1.0,144.0,1975.7882570723825,4.224328314918596,0.011392073467306814
47327.0,-0.469922,0.077061,0.879338,-0.875445,0.086842,-0.475452,-0.113002,-0.993237,0.026654,87.488789,246.727637,-551.9610279999999,3.59713,3.600957,3.591829,89.966176,90.023471,90.069462,177.536426,0.057809,0.074325,94.769708,0.964286,-215.888383,812.791135,-628.564591,812.791135,236.164259,-460.489863,-628.564591,-460.489863,1563.472454,-565.784871,90.724131,34.706413,90.724131,-349.009927,-89.586032,34.706413,-89.586032,1642.10121,421.942794,1.0,1.075126,1.544139,3.254877,2.0,135.0,2110.979331160419,5.0029988926897495,0.010175044540603629
47286.0,0.562672,-0.820513,-0.10079,0.746398,0.451827,0.488612,-0.355373,-0.350158,0.86666,517.460372,-77.803835,-550.01746,3.59302,3.590888,3.597794,90.117488,90.055707,89.95708,199.602176,0.069547,0.084924,96.936567,0.901408,-1325.017592,381.357053,186.25926,381.357053,-838.181327,43.512137,186.25926,43.512137,1459.84089,43.667206,-243.831881,62.401902,-243.831881,-235.851553,121.240342,62.401902,121.240342,1099.443013,709.324178,1.0,3.345018,0.522328,3.934382,2.0,128.0,1243.5585381092378,1.7531596647608392,0.009298947011399734
46149.0,0.659138,0.587199,0.469824,-0.622952,0.776311,-0.096286,-0.421269,-0.229212,0.877493,570.81215,-228.63008,-423.043134,3.596016,3.590439,3.59968,90.080208,90.028259,90.076588,171.477352,0.086532,0.076623,70.452872,0.88,-1012.142266,-978.558093,517.211064,-978.558093,150.33125,-53.723993,517.211064,-53.723993,1392.497311,-216.341993,-280.47991,345.035032,-280.47991,86.410946,237.856959,345.035032,237.856959,1171.373342,1010.914126,1.0,1.368654,0.500187,4.214087,2.0,131.0,1337.1607463296489,1.3227243659365473,0.012490619261057236
46845.0,0.064949,0.888909,0.453457,-0.717135,-0.274409,0.640639,0.693902,-0.366799,0.619645,-23.086425,-267.653488,-303.835489,3.594386,3.594539,3.597,90.044708,89.952589,90.028084,83.628214,0.060766,0.051617,128.264408,1.0,-233.96424,70.403603,42.225044,70.403603,-136.389766,433.485645,42.225044,433.485645,843.846154,-8.687913,62.856699,-86.605725,62.856699,-29.471426,-80.383715,-86.605725,-80.383715,992.777564,247.778154,1.0,2.525638,0.902507,2.057064,2.0,142.0,1018.6333099710633,4.1110698967071295,0.007796395084129651
45991.0,0.564651,0.562836,-0.603644,-0.348228,0.825575,0.444031,0.748269,-0.040517,0.662157,-219.394706,-74.921819,-244.480783,3.596613,3.594035,3.595962,90.053512,89.925438,89.986333,107.394971,0.06083,0.054974,74.715183,0.887324,177.159942,163.807112,-99.938241,163.807112,-616.391308,-133.864816,-99.938241,-133.864816,1102.826484,-220.361544,-44.693742,154.232316,-44.693742,-565.958883,-13.793092,154.232316,-13.793092,948.218306,496.21045,1.0,4.078178,0.847103,1.624891,2.0,126.0,1381.432594650795,2.783965139490301,0.01187608681892675
47526.0,-0.415951,0.866511,0.275942,-0.534968,-0.478534,0.696286,0.735387,0.142001,0.662602,321.605292,283.20037,-396.2864,3.595692,3.594516,3.592011,89.96315,89.870956,90.002982,159.132914,0.056555,0.066051,109.120022,0.838235,-144.921019,-395.400032,-126.854008,-395.400032,-1374.396883,-330.381265,-126.854008,-330.381265,960.019385,-21.710829,-74.016075,123.775929,-74.016075,-295.663473,-73.566217,123.775929,-73.566217,887.263447,560.340552,1.0,2.764275,0.846509,1.380047,2.0,114.0,1081.6461195806755,1.9303370347193354,0.007681770811959696
46987.0,0.302159,-0.10011,-0.947986,0.953249,0.036062,0.300028,0.00415,-0.994323,0.106326,-14.172895,453.63223,-397.537391,3.593181,3.600394,3.591921,89.992905,89.981343,89.996092,116.375356,0.06292,0.059524,102.301882,0.881944,-812.073928,-46.77027,287.199068,-46.77027,-365.977228,-116.980906,287.199068,-116.980906,1532.967534,-812.922504,-10.1221,125.775745,-10.1221,-219.479738,-159.593419,125.775745,-159.593419,1681.510133,609.061417,1.0,4.405874,1.464269,3.137419,2.0,127.0,2263.870476438895,3.716982250476219,0.008620994870847047
45714.0,0.919825,0.281159,0.273625,-0.290493,0.019315,0.956682,0.263695,-0.959467,0.099441,515.56495,288.100012,-445.481386,3.597482,3.601054,3.591582,90.01474,89.937638,89.968519,112.198774,0.067609,0.070652,136.391234,1.0,1114.316092,-40.961916,-415.929592,-40.961916,-1049.63414,143.271467,-415.929592,143.271467,1575.120372,-306.849519,91.887822,-259.592711,91.887822,-182.459619,1.842395,-259.592711,1.842395,1352.377233,226.565846,1.0,2.863015,1.471191,2.87338,2.0,142.0,1618.3298700844496,7.14286772987156,0.007331849494081123
45716.0,0.848536,0.519318,-0.101469,-0.261783,0.578659,0.772414,0.459845,-0.628858,0.626961,-79.579996,-146.146507,-254.119566,3.595841,3.594242,3.595964,90.042109,89.925359,90.0554,109.707396,0.067207,0.067684,94.093389,1.0,-313.568388,10.885843,458.224255,10.885843,-267.942832,140.244534,458.224255,140.244534,1088.34414,-243.080228,81.92661,47.884605,81.92661,-236.201088,37.474396,47.884605,37.474396,1291.276465,497.758527,1.0,3.272211,0.89315,2.510208,2.0,144.0,1533.4763303693992,3.080763557405415,0.01062773921343188
47744.0,0.812974,-0.56831,-0.12687,0.38104,0.354453,0.853915,-0.440319,-0.742554,0.504711,596.332209,103.578021,-402.284526,3.593156,3.597008,3.594794,90.047043,90.0294,89.933768,71.440217,0.064827,0.05951,106.630391,0.993151,-627.926461,-171.894644,178.656477,-171.894644,-233.437576,-104.828669,178.656477,-104.828669,1065.47126,-7.258495,14.517255,145.390796,14.517255,-160.333065,-121.857832,145.390796,-121.857832,1233.953874,342.08126,1.0,3.289089,1.041749,3.676834,2.0,145.0,1334.6111578688847,3.9014448142201203,0.009313958156638477
47334.0,-0.474725,0.862873,0.173453,-0.870519,-0.489382,0.051987,0.129742,-0.126314,0.983469,103.751711,283.532093,-242.526542,3.594822,3.592099,3.600585,90.031487,89.989651,89.990123,84.171973,0.064384,0.057768,110.535308,1.0,-660.791945,284.768266,103.745365,284.768266,-75.045058,96.38032,103.745365,96.38032,1649.673006,-497.185641,85.821402,127.733613,85.821402,-119.488407,56.605618,127.733613,56.605618,1464.530314,281.823261,1.0,1.861993,0.18208,2.342808,2.0,144.0,1808.3733124733885,6.41669288069656,0.009046883010449475
45928.0,0.74601,0.656161,0.113679,-0.438294,0.355269,0.825641,0.501367,-0.665761,0.552625,-58.630452,136.12648,-378.020966,3.595049,3.595824,3.595395,90.071912,89.948173,90.046704,119.498013,0.061003,0.066001,91.259775,0.907143,-236.143011,-40.903066,12.42367,-40.903066,-390.287449,101.506327,12.42367,101.506327,1194.640423,-250.421356,-126.018574,-54.387396,-126.018574,-99.248874,-86.903712,-54.387396,-86.903712,1168.989724,480.521683,1.0,3.004768,0.985286,2.496127,2.0,127.0,1357.4970464593766,2.8250484722858524,0.00994022832074701
46328.0,0.313048,0.402004,-0.860461,-0.372924,0.885263,0.277916,0.873458,0.233885,0.427046,-130.406943,430.428073,-368.989367,3.599164,3.594929,3.595798,89.967573,89.985257,89.986585,56.534008,0.051368,0.041801,177.892514,1.0,111.205004,-311.884764,195.082493,-311.884764,270.147257,-138.614194,195.082493,-138.614194,1195.933323,-103.697849,72.683813,160.909772,72.683813,-77.37672,-130.94876,160.909772,-130.94876,1210.306153,451.050165,1.0,4.39998,1.129572,1.309165,2.0,146.0,1314.897373226454,2.9151909815318526,0.00562137201568808
46545.0,-0.127849,0.567827,-0.813158,0.797027,0.54677,0.256496,0.590256,-0.615316,-0.522478,31.072307,33.000925,-538.6286,3.596327,3.594891,3.59593,89.960935,90.036589,90.066221,112.564331,0.056849,0.060107,85.155899,1.0,-57.732726,-206.579399,55.110629,-206.579399,-224.544353,179.246546,55.110629,179.246546,1095.721599,-300.721262,-156.991638,103.553213,-156.991638,-50.746703,-42.040834,103.553213,-42.040834,899.424014,534.063599,1.0,4.406836,2.120551,2.376978,2.0,142.0,1109.3615204631442,2.0772086368371725,0.01174316766945294
46723.0,0.182912,0.816946,0.54694,-0.942236,0.304452,-0.13964,-0.280595,-0.489805,0.825444,218.66303,404.890696,-300.328297,3.593959,3.591552,3.596764,90.09688,89.995478,89.898059,122.191885,0.059743,0.05982,150.273702,1.0,-912.856806,-927.017908,-6.050935,-927.017908,-693.799006,45.010763,-6.050935,45.010763,1062.615426,-31.143408,-5.102161,91.119551,-5.102161,57.538795,-3.426677,91.119551,-3.426677,1038.587922,127.755796,1.0,1.320825,0.599808,3.661826,2.0,148.0,1031.2996318250152,8.072429307434437,0.006654524289286492
46945.0,-0.021292,0.645818,0.763195,-0.738599,0.50432,-0.447363,-0.673809,-0.57322,0.466262,581.625408,470.976177,-569.962572,3.599164,3.601651,3.594872,89.947359,90.077971,90.08251,191.379672,0.08221,0.085427,97.982637,1.0,1319.265923,1405.835864,-81.85974,1405.835864,1045.174315,243.478163,-81.85974,243.478163,822.982056,-105.695308,88.081081,17.773664,88.081081,-75.865732,-3.449308,17.773664,-3.449308,1071.979332,372.931824,1.0,1.040607,1.085735,4.007479,2.0,142.0,1165.6510560164054,3.1256411520846914,0.01020588984556519
45730.0,-0.848034,-0.427839,-0.312717,0.492873,-0.853575,-0.16878,-0.194717,-0.297261,0.934731,-96.959405,-273.488718,-477.541642,3.594809,3.59295,3.598964,90.026165,90.014693,90.022349,48.647645,0.062448,0.046921,138.609295,1.0,-233.236298,-303.932978,-305.225535,-303.932978,-205.122562,-210.089159,-305.225535,-210.089159,1134.254326,-156.84381,-108.77136,-101.369294,-108.77136,-202.084255,-113.000448,-101.369294,-113.000448,1298.596858,152.533468,1.0,5.207306,0.363296,3.7215,2.0,138.0,1487.3990897709273,9.751296612301028,0.007214523383875519
47098.0,0.397792,-0.291623,-0.869895,0.890642,0.350372,0.289821,0.220269,-0.890053,0.399107,15.215426,336.540363,-469.085263,3.59466,3.597812,3.593366,90.039737,89.965301,90.048648,140.435526,0.054356,0.061377,83.592566,0.971831,-507.342244,-12.537672,291.612731,-12.537672,-124.331021,156.498521,291.612731,156.498521,1080.941672,-338.86904,21.992587,313.397893,21.992587,-291.881199,-268.791651,313.397893,-268.791651,1431.277753,691.997883,1.0,4.390787,1.160253,2.898989,2.0,138.0,1783.4419807115132,2.5772361802319463,0.01162580653404036
46122.0,-0.498304,-0.596104,-0.629566,0.689099,0.168361,-0.704838,0.526151,-0.785057,0.32688,167.022437,141.392966,-253.713869,3.595088,3.598194,3.596354,90.006853,89.983961,90.044493,47.706021,0.050029,0.04285,136.946882,1.0,355.566623,231.412583,214.783985,231.412583,84.224116,-76.62787,214.783985,-76.62787,1066.520264,-48.271746,103.196012,28.593884,103.196012,-2.266644,-69.763787,28.593884,-69.763787,1121.343347,170.563503,1.0,5.554137,1.237796,2.551143,2.0,147.0,1152.6309831567269,6.75778207461374,0.00730210126288235
47212.0,0.307833,-0.928794,0.206349,0.397761,0.322649,0.858885,-0.864306,-0.182316,0.46876,90.567176,142.352215,-339.610557,3.598596,3.593438,3.595583,90.02671,90.009627,89.970007,98.673798,0.067959,0.058899,105.429246,1.0,-272.013767,351.879458,-15.306887,351.879458,185.62167,-297.029155,-15.306887,-297.029155,1031.189333,-40.604975,135.569965,-77.683208,135.569965,-69.782023,-161.73102,-77.683208,-161.73102,1143.765808,322.479362,1.0,2.905809,1.08291,4.504498,2.0,146.0,1214.9362161132374,3.7674851766583357,0.00948503416215269
46853.0,0.041052,0.74393,0.666995,-0.950929,0.233984,-0.202446,-0.306672,-0.625954,0.717031,342.487338,519.149551,-512.059404,3.596817,3.600779,3.594306,90.020886,90.051514,90.085525,189.99878,0.086645,0.080191,84.626767,0.866197,625.444324,1095.483486,-600.053232,1095.483486,784.543564,-226.470678,-600.053232,-226.470678,725.190068,-283.013086,-158.123226,-30.890887,-158.123226,-347.82991,-64.092993,-30.890887,-64.092993,783.712641,629.22679,1.0,1.276113,0.771263,3.59715,2.0,123.0,1110.7635238696625,1.7652832675316676,0.010235496766643584
45737.0,0.275233,-0.771405,0.573743,-0.022509,0.591458,0.806021,-0.961114,-0.234758,0.145425,12.492481,-72.3935,-527.215433,3.599107,3.593953,3.593984,90.000889,90.035377,89.963169,55.211236,0.051815,0.047412,139.532382,1.0,-334.952476,-9.286105,-0.646086,-9.286105,-217.375221,92.060081,-0.646086,92.060081,1337.339113,-283.385436,22.540762,-67.084048,22.540762,-297.322187,2.819618,-67.084048,2.819618,1337.302749,249.095647,1.0,2.522977,1.424854,4.472823,2.0,144.0,1628.8565876037007,6.539080900131911,0.007166795160137092
46106.0,0.407992,0.746981,-0.524939,-0.296704,0.652242,0.697529,0.863429,-0.128835,0.487742,340.10695,-20.765316,-262.234787,3.598505,3.594738,3.595426,90.035216,89.978824,90.00891,69.423466,0.05701,0.049737,98.637172,0.992958,340.848126,-173.976732,94.251611,-173.976732,-141.401655,-235.490099,94.251611,-235.490099,1037.782019,50.636442,37.474233,201.716374,37.474233,-101.660045,-157.722368,201.716374,-157.722368,1109.617504,346.117291,1.0,3.786736,1.061295,1.718916,2.0,141.0,1164.5350250009437,3.3645676054969,0.010066772798392881
46551.0,0.298614,0.595877,0.745494,-0.708109,0.662039,-0.245533,-0.639853,-0.454571,0.619639,507.877067,-182.461807,-457.688176,3.595199,3.595238,3.595597,90.058278,90.059747,89.976892,74.62605,0.080972,0.063374,97.28151,0.992754,-419.581002,75.722152,81.244165,75.722152,-65.864672,-159.228135,81.244165,-159.228135,989.210592,-325.102646,6.159535,-68.198145,6.159535,-72.864149,-149.97119,-68.198145,-149.97119,1084.084492,415.063343,1.0,1.25263,0.902513,4.094697,2.0,137.0,1309.3382363257988,3.1545504039507506,0.01020496083993762
46958.0,-0.05858,0.506603,0.860187,-0.860153,0.41171,-0.301052,-0.506661,-0.757528,0.411638,-7.986138,401.944867,-264.708479,3.59353,3.597057,3.594836,90.016393,90.038287,89.914606,72.185792,0.058609,0.045537,157.492516,1.0,48.64014,-19.646728,-189.044118,-19.646728,-803.367272,-11.188451,-189.044118,-11.188451,1088.009786,-81.550662,71.53432,-87.572483,71.53432,-86.512336,-99.466271,-87.572483,-99.466271,982.236364,183.745461,1.0,1.234136,1.146546,3.731095,2.0,148.0,1074.2231368113044,5.846256723649376,0.006349508061703707
45743.0,0.327424,0.011901,0.944802,-0.049445,0.998766,0.004554,-0.943583,-0.048207,0.327609,333.23872,-6.946923,-251.656483,3.59931,3.593664,3.594151,89.991359,90.053855,89.999422,102.240767,0.063271,0.060739,90.941783,1.0,-299.472331,69.254209,-77.431004,69.254209,-295.039466,102.93737,-77.431004,102.93737,1402.255146,-216.719885,-38.121682,-100.835725,-38.121682,-351.102131,78.438091,-100.835725,78.438091,1380.730742,607.511207,1.0,1.575617,1.237025,4.661344,2.0,138.0,1672.6943316155966,2.7533555140088084,0.010996045679025228
47308.0,0.575306,-0.045464,-0.816674,0.737533,0.460534,0.493917,0.353651,-0.886477,0.298479,-298.704625,293.996423,-490.186078,3.594434,3.600232,3.592187,90.011672,89.947685,89.995659,85.787881,0.054464,0.05183,95.889788,0.985507,-937.339815,122.306424,71.337411,122.306424,416.15334,-558.512747,71.337411,-558.512747,1253.135627,-133.971524,-95.634459,-56.552936,-95.634459,-3.734513,-298.01277,-56.552936,-298.01277,1187.905278,326.832423,1.0,4.168454,1.267698,2.762001,2.0,136.0,1291.522172340986,3.951634175355319,0.010277496911349935
47191.0,-0.283966,0.938903,0.194487,-0.841198,-0.341293,0.419411,0.460163,-0.044504,0.886718,-85.8573,-368.135211,-299.450029,3.593173,3.595808,3.597927,89.969613,89.89545,90.088606,119.302094,0.064667,0.063874,98.619877,0.992857,668.416014,237.28619,-75.572935,237.28619,-1283.398159,7.077717,-75.572935,7.077717,1359.741061,-200.421403,121.421401,69.942528,121.421401,-116.543446,134.703542,69.942528,134.703542,1329.679063,387.692323,1.0,2.707392,0.480599,1.66721,2.0,139.0,1499.412006482697,3.867530816396117,0.010067514077309181
45749.0,0.748947,0.068675,0.659062,-0.254019,0.948386,0.18984,-0.612008,-0.309594,0.727735,-28.609732,219.663519,-363.004088,3.59533,3.595486,3.595786,90.02835,90.069903,89.942686,92.38465,0.059931,0.052176,89.925004,1.0,-354.620524,222.789918,-124.801594,222.789918,-63.713303,-218.787674,-124.801594,-218.787674,1079.321457,249.874973,-13.874627,-49.979813,-13.874627,-198.029306,-121.678025,-49.979813,-121.678025,1134.566864,429.972636,1.0,1.851249,0.755783,4.244059,2.0,142.0,1180.1174900345816,2.7446339399946873,0.011120377598203944
45750.0,-0.565969,0.629654,-0.532179,0.382026,0.772329,0.507508,0.730572,0.083928,-0.677658,241.989163,395.35206,-481.99001,3.594973,3.588837,3.595938,90.008021,90.080204,89.97418,173.093895,0.071013,0.069874,70.472194,0.816176,-1071.613984,-596.917169,136.550248,-596.917169,-1077.697419,-113.654827,136.550248,-113.654827,904.138222,-676.865782,-13.482109,23.302,-13.482109,-76.643621,-236.491999,23.302,-236.491999,900.04662,785.005835,1.0,3.950716,2.31537,1.456418,2.0,111.0,1393.883606526871,1.7756347078959878,0.011581532426817873
46327.0,0.294142,0.571042,-0.766415,-0.337781,0.81225,0.475556,0.894083,0.119,0.431804,150.331063,140.346916,-451.245696,3.59885,3.592486,3.593698,89.993265,89.965732,89.967768,108.761604,0.058924,0.05687,85.625013,0.95,-367.609418,-187.115766,349.489275,-187.115766,-554.173089,-164.613792,349.489275,-164.613792,1147.954731,-361.312751,66.505764,44.526378,66.505764,-311.881741,-91.908079,44.526378,-91.908079,1240.768467,457.968164,1.0,4.157036,1.124305,1.438477,2.0,133.0,1581.4723183118265,3.453236365818272,0.011094888826469433
47818.0,-0.781635,-0.216605,0.584918,-0.509336,0.762951,-0.3981,-0.360033,-0.609088,-0.706674,17.857588,408.837509,-280.133784,3.597053,3.594771,3.593875,89.893277,90.012044,89.977921,96.401258,0.055129,0.049641,126.753572,1.0,236.542323,711.797807,163.214633,711.797807,-625.646717,-275.328434,163.214633,-275.328434,798.585035,73.960862,101.928799,-1.910196,101.928799,-167.986126,23.968804,-1.910196,23.968804,936.815039,271.55558,1.0,0.973205,2.355582,3.675444,2.0,140.0,1009.9734498176854,3.7192144967806784,0.007889324018418983
47503.0,-0.256646,0.275573,0.926387,-0.391076,0.846913,-0.360276,-0.883851,-0.454751,-0.109587,-115.552767,-420.395109,-569.61639,3.59542,3.594258,3.591942,90.014952,89.932358,89.892462,123.970775,0.072421,0.065312,76.737668,0.923611,-1145.926454,-306.735921,-388.815873,-306.735921,-544.525441,-246.241694,-388.815873,-246.241694,964.847083,-435.964958,-88.810968,159.801645,-88.810968,-378.428257,119.007948,159.801645,119.007948,1103.553644,454.250497,1.0,1.199892,1.680604,4.2372,2.0,133.0,1523.331648223891,3.353505738099151,0.012035953451178631
47009.0,0.297652,-0.614487,-0.730622,0.861681,-0.15654,0.482702,-0.410986,-0.77324,0.482897,-79.116224,261.441599,-268.661225,3.595088,3.597077,3.593009,90.025376,90.012112,89.928269,103.272553,0.069759,0.05804,84.594699,0.958333,-385.028923,-11.959078,374.66806,-11.959078,-248.387363,-367.858484,374.66806,-367.858484,897.914966,-242.889992,84.300159,187.744734,84.300159,-250.828728,-99.533995,187.744734,-99.533995,1194.240631,544.803334,1.0,4.128548,1.066836,3.63013,2.0,138.0,1454.6520770588995,2.670049880896837,0.01132852307920618
45958.0,-0.034218,-0.837435,0.545465,0.150454,0.535248,0.831188,-0.988025,0.110509,0.107681,487.464201,-35.498589,-486.653533,3.60051,3.594301,3.593782,89.990554,90.030405,90.024286,64.891739,0.055748,0.048068,124.526842,1.0,-240.506949,-91.288896,16.844125,-91.288896,-210.012377,65.3322,16.844125,65.3322,1667.016051,-291.00866,-119.928083,58.963064,-119.928083,-245.505767,-13.041283,58.963064,-13.041283,1593.227349,677.994424,1.0,2.560838,1.462906,4.823774,2.0,140.0,1865.529350796256,2.751540845705032,0.008030397173325892
47224.0,-0.345497,0.931053,0.117359,-0.877991,-0.364863,0.309851,0.331307,0.004012,0.943514,-11.291614,-17.350938,-284.153224,3.593925,3.594102,3.598602,90.005447,89.978145,90.004299,84.61653,0.052926,0.055782,109.473315,0.979167,-167.771916,4.72347,36.219792,4.72347,-212.303273,262.861407,36.219792,262.861407,1050.191828,-53.043061,7.470634,19.152838,7.470634,-273.694385,105.228048,19.152838,105.228048,1253.280705,492.707129,1.0,2.779528,0.337715,1.558688,2.0,141.0,1432.4917258700734,2.9073898905775186,0.00894434410796823
47209.0,-0.35276,0.69448,0.627103,-0.935189,-0.284119,-0.21142,0.031345,-0.66104,0.749696,-130.859315,106.03346,-262.520516,3.594274,3.594875,3.597047,90.07767,90.000416,90.003037,146.643168,0.076117,0.077288,89.67943,0.909722,-321.878558,101.62243,208.491348,101.62243,-178.675233,-54.954575,208.491348,-54.954575,1049.342145,-25.109937,30.673157,92.162268,30.673157,-313.669089,-177.123626,92.162268,-177.123626,1163.407314,502.598162,1.0,1.245626,0.723194,3.09421,2.0,131.0,1367.2610573813129,2.720386107144803,0.010144154573685404
45770.0,-0.505421,-0.329401,-0.797524,0.372102,0.750705,-0.545878,0.778518,-0.572658,-0.256851,446.815336,-130.912378,-363.453532,3.597566,3.597102,3.593898,89.984797,90.035734,90.012672,117.598525,0.070307,0.066344,116.110495,1.0,-95.531974,-405.748796,-11.794317,-405.748796,365.465467,49.708072,-11.794317,49.708072,938.773588,-464.393767,136.568843,269.239049,136.568843,-6.102519,97.430536,269.239049,97.430536,1059.17529,657.384396,1.0,5.312613,1.830559,2.205001,2.0,142.0,1381.495654242921,2.1015035687627135,0.00861248589113327
47354.0,-0.496609,0.685822,0.532003,-0.861356,-0.464945,-0.204676,0.106981,-0.559888,0.821633,110.163149,-304.999566,-255.077055,3.592985,3.595152,3.597536,90.044354,89.992082,89.997058,77.192039,0.054351,0.04721,92.61939,0.986667,-183.068373,-213.751624,203.988508,-213.751624,-333.715901,8.187424,203.988508,8.187424,920.44598,-385.173744,-71.350864,257.387857,-71.350864,-269.018091,20.33902,257.387857,20.33902,1000.89981,353.186609,1.0,1.203526,0.606526,2.952793,2.0,148.0,1351.853025256635,3.827588563123114,0.010652920516967344
47270.0,0.418318,0.127568,-0.899298,0.538618,0.762385,0.358691,0.731369,-0.634425,0.250209,148.759177,15.984765,-524.0776989999999,3.596641,3.595646,3.595925,90.052411,90.01372,90.017939,110.109391,0.060691,0.065242,131.56554,1.0,541.641047,309.295533,-115.118251,309.295533,-83.203164,51.730294,-115.118251,51.730294,651.608259,-195.002794,-30.164476,32.167773,-30.164476,-193.439421,95.897398,32.167773,95.897398,1159.895961,270.788199,1.0,4.332869,1.3179,2.285334,2.0,138.0,1357.1995422324105,5.012033564403634,0.007600774488517282
46514.0,-0.158491,-0.739239,-0.654527,0.810219,0.281488,-0.514111,0.564292,-0.611793,0.554332,-273.200514,-42.037205,-346.962826,3.596161,3.595617,3.591903,90.087108,89.951463,90.017167,112.231633,0.068019,0.063977,106.811623,1.0,-878.300125,-609.819543,221.997483,-609.819543,-131.113602,123.48152,221.997483,123.48152,857.987336,-166.761272,-76.960289,-6.487265,-76.960289,-303.508216,50.493414,-6.487265,50.493414,1216.930565,627.714227,1.0,5.378206,0.983236,2.396561,2.0,146.0,1459.0765481227875,2.324428036458679,0.009362276987402392
45778.0,-0.231115,-0.227682,-0.945911,0.232411,0.931166,-0.280918,0.94476,-0.284764,-0.162291,-136.93687,418.044723,-379.577176,3.599934,3.592934,3.59463,90.066372,90.024025,90.045696,71.780045,0.062984,0.04798,151.315442,1.0,-359.433096,633.488068,-290.636204,633.488068,-203.218036,228.924191,-290.636204,228.924191,1473.697054,-6.063807,83.426935,-35.316214,83.426935,-243.528001,142.681465,-35.316214,142.681465,1335.79623,195.499689,1.0,5.001074,1.733808,1.86355,2.0,148.0,1482.243327243785,7.581819361583665,0.006608710828072657
47284.0,-0.40465,0.727704,0.55381,-0.866798,-0.498204,0.021299,0.29141,-0.471422,0.832371,287.551778,404.61722,-583.516983,3.595341,3.595197,3.597722,89.964228,89.96897,90.225593,193.976184,0.127276,0.101858,75.396817,0.915493,1637.741534,651.075828,-413.074886,651.075828,-1565.771228,-840.791415,-413.074886,-840.791415,1043.923216,-680.749086,-10.634973,218.43407,-10.634973,-119.461466,-127.226461,218.43407,-127.226461,1009.915349,603.323178,1.0,1.609237,0.587424,2.587934,2.0,130.0,1507.4650396191232,2.4986028957420947,0.012142329562798388
46475.0,-0.247637,-0.22106,-0.943297,0.927411,0.227625,-0.29681,0.280331,-0.948325,0.148645,371.530992,452.183744,-256.49425299999996,3.592797,3.599624,3.58246,90.072835,89.895712,90.023645,243.093626,0.092635,0.097971,71.731454,0.8,-2869.550581,-1480.607715,-56.601378,-1480.607715,-1198.345644,-267.072135,-56.601378,-267.072135,1467.308181,-527.870531,31.336174,-74.199515,31.336174,-189.892062,-95.989502,-74.199515,-95.989502,1416.456438,794.105829,1.0,5.017233,1.421598,2.854172,2.0,120.0,1802.5737951360913,2.269941523292976,0.01115270854540325
46974.0,-0.062437,0.758061,0.649188,-0.819259,0.332567,-0.467134,-0.570015,-0.561019,0.600284,65.224669,413.295071,-478.668843,3.59392,3.593658,3.595407,90.078664,90.06613,89.918383,134.583153,0.071575,0.07454,92.149474,0.935714,-792.111067,-215.785192,82.886621,-215.785192,-763.142334,-97.759486,82.886621,-97.759486,1209.197392,-376.347448,-10.664558,-26.142139,-10.664558,-445.007227,-74.413405,-26.142139,-74.413405,1311.020805,543.42136,1.0,0.947058,0.92694,3.934944,2.0,131.0,1724.1029528805961,3.1726816054499514,0.010154306469508443
46379.0,0.219702,-0.923365,0.314846,-0.230913,0.26434,0.936378,-0.947845,-0.278426,-0.155141,414.024061,378.847599,-315.755401,3.599993,3.593071,3.596979,90.012525,89.99111,89.959115,127.543593,0.062187,0.063569,100.645777,0.992958,-334.233456,415.47621,-195.06874,415.47621,460.360345,163.696521,-195.06874,163.696521,1493.691247,-273.58361,11.77043,-181.035385,11.77043,-339.943641,113.423785,-181.035385,113.423785,1535.206106,413.700736,1.0,2.81723,1.726567,4.42668,2.0,141.0,1852.1577183204677,4.477047191717995,0.009865868490438502
46750.0,0.14905,0.590363,0.793256,-0.918127,-0.215267,0.33272,0.367187,-0.777902,0.509943,389.416036,-72.994235,-430.14846,3.593914,3.597292,3.596392,90.02502,89.927373,90.068927,169.401853,0.076262,0.089935,79.847279,0.952055,370.90492,-27.852638,88.41011,-27.852638,-704.583033,-245.698916,88.41011,-245.698916,1271.953565,-272.333521,-87.032721,258.125534,-87.032721,-415.603703,12.891066,258.125534,12.891066,1053.470967,515.102254,1.0,1.967945,1.035678,2.700576,2.0,137.0,1422.6768377959138,2.7619309112864294,0.01192344951416566
46466.0,-0.213794,-0.848246,-0.484531,0.822991,-0.423615,0.378466,-0.526287,-0.317851,0.788665,225.569979,448.892134,-259.02700500000003,3.594054,3.595052,3.596392,90.052353,90.059794,89.940536,124.581096,0.057393,0.060042,116.414487,1.0,-134.348103,-31.187839,282.955221,-31.187839,-588.606308,184.833499,282.955221,184.833499,1076.952938,19.773944,-0.086475,-23.262687,-0.086475,-38.057973,-2.528323,-23.262687,-2.528323,949.412642,385.004557,1.0,4.04928,0.662162,4.169071,2.0,144.0,960.076086485825,2.4936746047029907,0.008589996191796989
46893.0,0.043565,0.655693,-0.75377,-0.549532,0.64582,0.530029,0.834336,0.39113,0.38846,381.39057,-188.870829,-456.53817300000003,3.597983,3.593577,3.592323,89.931007,89.938114,89.972582,125.801428,0.072907,0.067371,86.499423,0.947761,-1136.540329,182.912562,-73.761211,182.912562,-124.288695,-156.883456,-73.761211,-156.883456,1165.590441,-252.044559,-42.702362,-99.179639,-42.702362,-251.057121,-157.214798,-99.179639,-157.214798,1208.644773,523.165979,1.0,4.099538,1.171837,1.132426,2.0,127.0,1469.508216518998,2.8088757211007374,0.010956847654347937
47104.0,-0.167599,0.654613,0.737152,-0.762937,0.387435,-0.517515,-0.62437,-0.649135,0.434495,-44.486427,48.185342,-378.749574,3.596239,3.59448,3.594814,90.063575,90.039804,89.948406,122.026319,0.078255,0.069488,80.589454,0.880282,-556.692328,-32.360096,239.15636,-32.360096,-81.123149,49.235372,239.15636,49.235372,1001.679581,-263.513426,-72.11361,52.794844,-72.11361,-191.337934,73.027381,52.794844,73.027381,968.55405,512.340215,1.0,0.958698,1.121319,3.907547,2.0,125.0,1201.7757656118324,2.345659642610394,0.010923042114170422
45794.0,-0.74281,-0.513534,-0.429554,0.52704,-0.05286,-0.848195,0.412871,-0.85644,0.309918,-309.576216,-81.821565,-392.37528,3.593462,3.597554,3.595833,90.050233,89.991013,90.094777,102.720152,0.057208,0.058081,108.209677,0.993056,-708.675615,293.614663,-61.087296,293.614663,58.458088,-57.102824,-61.087296,-57.102824,1379.925543,-248.203611,152.460277,132.532034,152.460277,-137.566367,47.648627,132.532034,47.648627,1361.602501,504.167632,1.0,5.814405,1.25569,2.692385,2.0,143.0,1567.7758950825837,3.1096321849606237,0.009177145958951527
46074.0,0.568588,0.714896,0.406979,-0.428875,-0.164562,0.888248,0.701978,-0.679591,0.213033,84.937755,459.794549,-538.435831,3.598289,3.593588,3.585545,90.102829,89.930375,89.974776,216.834075,0.111894,0.092422,79.600166,0.802817,-329.934079,-1524.428704,712.91186,-1524.428704,-2015.258177,118.591116,712.91186,118.591116,451.55596,-432.754681,-90.546302,-235.079432,-90.546302,-261.115988,120.588163,-235.079432,120.588163,898.46521,580.169707,1.0,2.711956,1.356118,2.339992,2.0,114.0,1277.3485252076787,2.201680835445065,0.010085619670692646
46398.0,0.352794,0.546785,-0.759317,-0.535078,0.783609,0.31567,0.767612,0.294927,0.569026,492.160517,95.458033,-514.2532,3.597227,3.593887,3.594866,89.944265,89.972349,89.958043,79.839495,0.055886,0.048221,109.658463,1.0,-356.714427,-327.136775,275.618375,-327.136775,-92.677719,76.921067,275.618375,76.921067,937.982058,8.789413,-3.61593,-28.103293,-3.61593,-72.314648,25.379691,-28.103293,25.379691,1112.980178,272.640896,1.0,4.318397,0.965476,1.203972,2.0,142.0,1147.3686061763335,4.20835106915264,0.009119223201222508
46780.0,0.099993,0.421056,-0.901506,-0.221177,0.892784,0.39245,0.970094,0.160151,0.1824,496.170518,45.505859,-590.287509,3.600508,3.592082,3.593387,89.985798,89.963779,89.976301,105.009833,0.065869,0.062364,92.954895,0.985507,-554.555847,-184.709261,-23.936292,-184.709261,-618.735539,-169.137789,-23.936292,-169.137789,1661.823051,-233.036799,18.552485,53.149883,18.552485,-509.28016,-155.172066,53.149883,-155.172066,1515.988668,503.276234,1.0,4.301804,1.387369,1.407184,2.0,136.0,1907.6144155231666,3.7903924060979337,0.010601991428208274
47548.0,-0.634499,0.482014,0.604214,-0.717531,-0.657937,-0.228623,0.287335,-0.578603,0.76332,10.423616,-149.755148,-560.045537,3.595844,3.592175,3.595805,89.993174,90.004782,90.040163,143.841834,0.063078,0.065989,86.498868,0.965753,347.090147,281.858255,116.505557,281.858255,-462.182555,-462.349523,116.505557,-462.349523,4.766922,-61.622714,213.41554,-171.855905,213.41554,-312.583889,-192.323766,-171.855905,-192.323766,732.85101,585.987796,1.0,1.209065,0.70236,2.680667,2.0,141.0,988.7385274122965,1.6873022512781077,0.011164920678499515
47731.0,0.771043,0.025976,-0.636253,0.362582,0.80347,0.472198,0.523476,-0.594778,0.610091,-122.966048,-220.378977,-343.021187,3.594087,3.595098,3.596231,90.047282,89.964106,90.067461,62.371572,0.064296,0.050873,122.683427,1.0,-257.722049,-295.98454,-94.156786,-295.98454,-416.146915,-22.79123,-94.156786,-22.79123,1005.360814,-83.824422,-26.538617,13.218945,-26.538617,-9.690697,1.36216,13.218945,1.36216,943.180114,238.57392,1.0,4.073928,0.914621,2.41987,2.0,140.0,992.3503035398653,4.159508732303453,0.0081510602079937
47082.0,0.391104,-0.225881,-0.892197,0.919058,0.044563,0.391596,-0.048695,-0.973135,0.225027,444.75134,-314.295688,-307.270073,3.594011,3.600679,3.594639,90.033233,90.047301,89.996476,78.015989,0.059771,0.052546,102.664917,0.986111,196.335077,226.853324,69.672372,226.853324,-477.287533,-62.08264,69.672372,-62.08264,1701.643478,-419.849429,130.398831,47.431411,130.398831,-180.40512,-126.130782,47.431411,-126.130782,1485.626396,297.177333,1.0,4.298794,1.343826,3.19159,2.0,142.0,1805.0729294328387,6.074059926477767,0.00960514096553548
46710.0,0.034698,-0.761155,0.647641,0.579679,0.543212,0.607366,-0.814106,0.35435,0.460074,80.702972,235.233927,-325.736947,3.598258,3.594236,3.593224,90.035998,90.029899,90.076305,88.62528,0.058092,0.052897,110.556573,1.0,76.022224,124.572598,-365.285252,124.572598,-679.620953,-534.927056,-365.285252,-534.927056,1018.823699,-181.453144,48.937973,-140.660057,48.937973,-89.356701,-201.172309,-140.660057,-201.172309,1141.60639,337.341099,1.0,2.324114,1.092718,5.12292,2.0,138.0,1297.7315070620923,3.8469415997903424,0.009045142888066909
46819.0,0.08225,0.809423,-0.581438,-0.800237,0.401375,0.445555,0.594017,0.428641,0.680743,73.881652,-374.787721,-416.408751,3.591812,3.594731,3.594671,89.95455,89.861539,89.969407,157.6828,0.077512,0.071545,91.241251,0.971429,-467.333224,550.947575,-125.847801,550.947575,-1417.692295,200.48832,-125.847801,200.48832,1045.280178,-86.227561,-11.04242,88.82408,-11.04242,-347.178736,-18.841942,88.82408,-18.841942,1176.642194,362.910298,1.0,4.058538,0.82202,0.945722,2.0,136.0,1413.7743396741498,3.8956578181039925,0.01064681807135678
46676.0,-0.021004,-0.792764,-0.609167,0.804469,-0.375176,0.460514,-0.593624,-0.480383,0.645634,-69.387532,133.923136,-425.326431,3.598162,3.5963,3.596093,90.044728,90.026244,89.96373,83.012627,0.068262,0.064977,112.602667,1.0,40.183011,-24.284579,186.952512,-24.284579,530.654595,-191.605185,186.952512,-191.605185,1190.862721,33.609856,45.248786,61.272447,45.248786,76.58421,6.901876,61.272447,6.901876,1218.025862,373.974052,1.0,4.065076,0.868943,4.03204,2.0,136.0,1165.4079151145834,3.116280150673618,0.008880784324584426
47179.0,0.483025,-0.771391,-0.414298,0.834085,0.549332,-0.050363,0.266437,-0.321233,0.908747,-107.377644,170.270898,-505.570536,3.594108,3.593911,3.598313,90.079427,89.96435,89.978656,127.169985,0.058675,0.06647,83.086309,0.957746,-714.820601,-6.809387,-25.888609,-6.809387,-6.549929,-191.956831,-25.888609,-191.956831,1307.768053,-132.569046,193.857587,-87.48258,193.857587,-412.28789,95.914798,-87.48258,95.914798,1294.044081,673.746239,1.0,4.833358,0.430525,2.449169,2.0,136.0,1597.9184682812527,2.3716918563477916,0.011527121754800782
47351.0,0.631817,-0.501648,-0.590895,0.727074,0.647774,0.227491,0.268646,-0.573357,0.77401,-75.669279,-368.949193,-291.15202,3.593021,3.594531,3.596901,90.066993,89.883104,90.01275,136.803071,0.067725,0.067043,89.367556,0.924658,-1034.823397,-288.338685,46.992715,-288.338685,-186.153402,479.819492,46.992715,479.819492,1282.940135,-209.503996,-10.827249,-8.366226,-10.827249,-164.824568,180.897951,-8.366226,180.897951,1318.979566,723.901205,1.0,4.344885,0.685646,2.70342,2.0,135.0,1514.8102020166898,2.0925648300539708,0.010346685546598141
46829.0,0.087589,0.441346,-0.893052,-0.291933,0.868509,0.400585,0.95242,0.225624,0.204915,209.282936,135.12007,-564.332823,3.599456,3.592121,3.593716,89.986595,90.001596,89.983346,139.792592,0.075097,0.071064,87.132063,0.835616,-437.705379,-292.7948,151.665573,-292.7948,-472.748354,-393.235555,151.665573,-393.235555,1208.827825,-554.354902,-25.359244,-179.099585,-25.359244,-282.260205,-229.372051,-179.099585,-229.372051,1214.416789,585.210042,1.0,4.290736,1.364419,1.338188,2.0,122.0,1668.9259688438033,2.8518409614779014,0.009590223979891305
47573.0,0.747573,-0.582415,-0.319261,0.526082,0.22582,0.819904,-0.405429,-0.780896,0.475215,437.578927,185.047109,-397.522967,3.595034,3.596877,3.595024,90.061313,90.087714,89.985816,96.596788,0.061924,0.053346,112.71196,1.0,313.649,-130.410336,-165.386881,-130.410336,-723.839711,195.509472,-165.386881,195.509472,1163.311945,56.986149,117.952385,67.589442,117.952385,-216.28552,-64.875981,67.589442,-64.875981,994.51279,679.063649,1.0,3.512917,1.075588,3.62047,2.0,142.0,1107.6328681524628,1.6311178926799876,0.008872172926457849
46651.0,0.254524,0.909401,-0.328949,-0.88429,0.356553,0.301496,0.391469,0.214148,0.894926,299.295086,-364.212716,-370.909124,3.586163,3.594957,3.596812,89.965537,89.883381,90.041732,245.089047,0.07023,0.084507,72.53768,0.823944,-560.920726,1180.008636,-221.175524,1180.008636,-2054.798899,436.780617,-221.175524,436.780617,863.956477,-22.682003,-198.591078,-105.680769,-198.591078,-403.099199,281.458073,-105.680769,281.458073,958.22681,786.427789,1.0,3.970508,0.462531,1.07023,2.0,117.0,1255.9550305037199,1.5970379583111602,0.01135884136355064
46833.0,0.125798,-0.508496,-0.851825,0.908512,0.403938,-0.10696,0.398473,-0.760438,0.51279,266.767919,-307.974079,-365.59127,3.596639,3.599604,3.594638,90.034237,89.967155,90.010898,98.147669,0.058485,0.051987,102.430148,0.993151,29.15619,-320.183888,395.705203,-320.183888,556.766816,-137.421143,395.705203,-137.421143,1266.861903,-171.818304,-87.190942,197.624151,-87.190942,33.415951,-16.336069,197.624151,-16.336069,1251.583402,425.129601,1.0,4.837301,1.032365,2.658926,2.0,145.0,1345.8291317267006,3.165691423417728,0.009695885629297343
45817.0,0.231227,-0.455266,0.859806,-0.022757,0.880983,0.4726,-0.972634,-0.128845,0.193347,332.748858,-102.620809,-377.675824,3.600067,3.593257,3.592721,90.022558,89.989465,90.027711,145.99395,0.070352,0.075082,73.867361,0.856164,-179.813121,-220.730875,-584.611875,-220.730875,-601.128072,170.850155,-584.611875,170.850155,1288.524351,-241.198945,-94.527603,-151.215426,-94.527603,-530.396494,-121.669415,-151.215426,-121.669415,1411.15972,573.674764,1.0,2.073377,1.376224,4.580686,2.0,125.0,1823.9342698235864,3.1793873188808885,0.011590558920874404
46996.0,-0.094195,0.512708,0.85338,-0.90059,-0.409248,0.146469,0.42434,-0.754749,0.500289,-261.624282,-90.96367,-568.9953439999999,3.594028,3.59797,3.593182,89.987209,89.915952,90.069115,131.393741,0.067108,0.06444,95.205535,1.0,-43.132279,-608.763806,-511.272618,-608.763806,-672.354481,-303.120484,-511.272618,-303.120484,980.763243,-79.416284,-15.905261,-131.860345,-15.905261,-204.449146,20.718082,-131.860345,20.718082,1093.165915,341.616182,1.0,1.740774,1.046864,2.629411,2.0,144.0,1245.2893492628036,3.645287942661931,0.010503590993947988
47591.0,0.258076,0.375378,-0.890218,0.089235,0.908231,0.408844,0.961995,-0.184951,0.200896,-181.426211,-133.024857,-337.90234499999997,3.600214,3.594081,3.59344,90.01592,89.974364,90.021057,38.635013,0.057038,0.045505,142.452426,0.993333,-256.699092,151.685895,184.141389,151.685895,-316.168842,51.398323,184.141389,51.398323,1550.597934,-327.743376,127.355402,334.448957,127.355402,-429.784559,94.578345,334.448957,94.578345,1504.042279,280.655474,1.0,4.281859,1.368524,1.760737,2.0,148.0,1911.945106189082,6.812427632140472,0.006973085877807374
47084.0,0.324678,0.265091,-0.907916,0.6956,0.583504,0.419122,0.640878,-0.767626,0.005054,178.880689,-267.661101,-537.529541,3.595797,3.59705,3.59392,90.032899,89.993124,90.053385,114.390611,0.059179,0.055539,74.187877,0.807143,-89.336279,168.877937,-267.020725,168.877937,-163.045179,25.179525,-267.020725,25.179525,960.253367,-279.526584,302.516412,-81.76778,302.516412,-287.96613,-104.691825,-81.76778,-104.691825,1156.249985,593.885507,1.0,4.279905,1.565743,2.445941,2.0,113.0,1468.1671499266968,2.472138371153578,0.010879715563231444
46022.0,0.803763,0.122118,0.582281,-0.590237,0.040745,0.806201,0.074726,-0.991679,0.104828,299.252997,25.813578,-432.764724,3.594926,3.600802,3.592522,89.970026,89.967233,89.951885,92.027721,0.06853,0.058998,103.198195,1.0,236.353501,-203.055319,-680.935598,-203.055319,-655.548241,-84.396913,-680.935598,-84.396913,1539.523748,-228.260946,39.891012,-26.89387,39.891012,-551.907532,-67.153345,-26.89387,-67.153345,1571.115105,337.774274,1.0,2.516087,1.465775,3.066381,2.0,144.0,1982.4180462248898,5.86906167467594,0.009690091963333274
47077.0,0.366971,-0.675274,-0.639795,0.855697,0.514803,-0.052543,0.364849,-0.528188,0.766748,149.497727,215.053551,-576.713152,3.596297,3.593377,3.596573,90.091772,89.997435,89.947904,147.348969,0.065659,0.069802,80.077362,0.887324,-834.221425,330.960047,-383.104697,330.960047,659.401827,-226.106732,-383.104697,-226.106732,736.848979,-411.768559,-86.069728,-130.052584,-86.069728,-181.99185,9.096732,-130.052584,9.096732,1026.634781,677.694856,1.0,4.79433,0.697037,2.537098,2.0,126.0,1345.2112236575829,1.9849807206705181,0.01108083455596352
46933.0,-0.044082,0.333479,0.941726,-0.947156,-0.313749,0.066766,0.317731,-0.889018,0.329687,-270.847235,289.130002,-281.86993,3.595536,3.599372,3.596334,89.961905,89.915245,90.004946,166.883639,0.070944,0.077014,87.462592,0.971014,685.864456,-837.518775,-285.214507,-837.518775,192.945402,0.919209,-285.214507,0.919209,1073.245118,-335.972858,-5.473664,-304.297027,-5.473664,-246.618128,132.968847,-304.297027,132.968847,1273.338374,616.779335,1.0,1.641576,1.234824,2.798345,2.0,134.0,1592.7328261597277,2.582338181222832,0.011102049205219074
45830.0,-0.745019,0.151671,-0.649571,0.562142,0.666987,-0.489004,0.359088,-0.729468,-0.582179,296.636836,-140.747621,-435.728427,3.593806,3.596577,3.594779,89.973758,89.961481,90.067503,142.744647,0.082617,0.076846,70.522524,0.868056,284.842192,290.205457,-179.252243,290.205457,-628.485769,-373.8804,-179.252243,-373.8804,604.568304,-355.931649,-6.717925,-79.423051,-6.717925,-339.588717,-23.164422,-79.423051,-23.164422,795.680607,605.764746,1.0,5.357687,2.192202,2.684157,2.0,125.0,1145.7855232548445,1.891469470319497,0.012308918495316476
47455.0,0.277547,0.537192,-0.796488,0.160736,0.791409,0.589777,0.94717,-0.291715,0.133307,427.490255,397.0508,-454.7075,3.600282,3.592395,3.592848,89.964795,89.978771,90.03132,91.033189,0.060385,0.055037,102.658858,0.993056,-829.812625,-134.897325,406.39774,-134.897325,-299.78973,238.71011,406.39774,238.71011,1492.33877,-412.211871,15.072505,250.593564,15.072505,-327.912541,111.654111,250.593564,111.654111,1438.210267,413.442543,1.0,4.075014,1.437092,1.869563,2.0,143.0,1825.3211596345643,4.414933079672365,0.00967335911724247
46952.0,0.247138,-0.648928,-0.719594,0.849144,0.502776,-0.161772,0.466773,-0.571059,0.675289,449.870662,494.665269,-530.787747,3.598987,3.59541,3.602311,90.091606,90.108913,89.994856,180.391561,0.089292,0.071605,136.241404,0.992958,818.413395,1238.595838,-655.377397,1238.595838,1381.071107,-645.692485,-655.377397,-645.692485,1271.472503,-242.240487,-9.888522,102.646448,-9.888522,106.500559,1.237931,102.646448,1.237931,980.309245,233.962056,1.0,4.933523,0.82944,2.456343,2.0,141.0,1094.4732059417388,4.677994477624777,0.007288224951058198
46146.0,0.465927,0.861594,-0.201415,-0.393837,0.405782,0.824763,0.792341,-0.304955,0.528392,147.675935,486.708194,-235.865303,3.595347,3.590414,3.593538,90.057842,89.904787,90.119111,178.408219,0.078375,0.074584,78.584734,0.9375,-1686.387632,-171.376587,-337.182453,-171.376587,-945.325851,-118.182039,-337.182453,-118.182039,1258.75755,-225.446352,7.590501,15.505863,7.590501,-347.584539,-120.541883,15.505863,-120.541883,867.627755,671.072907,1.0,3.381115,1.014091,1.938199,2.0,135.0,1163.768071649421,1.7341902191402596,0.011929797968139715
47068.0,-0.063127,0.884188,0.462846,-0.548917,-0.418082,0.723808,0.83349,-0.208372,0.511738,253.728663,-184.22874,-407.398911,3.596589,3.592888,3.594615,89.973443,89.936114,90.053221,99.093329,0.065457,0.05767,94.686792,0.992857,-199.42068,346.206576,-9.445583,346.206576,-750.513301,-88.480107,-9.445583,-88.480107,913.004182,-361.513333,-86.532593,-20.353998,-86.532593,-380.882101,-33.077118,-20.353998,-33.077118,1134.368092,476.418598,1.0,2.572663,1.03359,1.815775,2.0,139.0,1507.8981961909788,3.165069966876018,0.010485696885791632
46657.0,0.24452,-0.364718,0.898438,-0.866585,0.333494,0.371232,-0.435018,-0.869346,-0.234513,384.938154,366.333688,-326.765777,3.590793,3.598603,3.595903,90.04026,89.906692,89.910125,165.422911,0.075612,0.083771,81.826355,0.840278,786.309093,-94.995892,227.360995,-94.995892,-1726.062583,-102.706731,227.360995,-102.706731,1237.000265,231.642614,243.144547,79.979452,243.144547,-649.015399,-146.474728,79.979452,-146.474728,1271.119526,589.283359,1.0,1.962627,1.807514,3.605558,2.0,121.0,1684.2572785619798,2.858144987192791,0.010269038624536066
46349.0,0.446893,0.626248,0.638827,-0.641406,-0.273489,0.7168,0.623607,-0.73008,0.279459,228.731875,498.362537,-354.220696,3.597744,3.59636,3.591931,89.987696,90.029758,90.065997,100.608492,0.054671,0.05177,115.265898,1.0,-360.449213,-319.580879,-317.196986,-319.580879,-29.620311,-706.052074,-317.196986,-706.052074,894.212877,-101.31771,-40.637337,2.277866,-40.637337,-45.887484,-119.122946,2.277866,-119.122946,1158.851263,437.96527,1.0,2.413649,1.287566,2.434687,2.0,138.0,1238.1970937885742,2.8271581757808657,0.008675592845335747
45843.0,0.855142,0.261243,0.447755,-0.418752,0.857262,0.29958,-0.30558,-0.443682,0.842477,-6.649665,163.427704,-489.732965,3.592725,3.593011,3.597775,90.07753,90.038594,90.019565,145.306182,0.068393,0.070254,86.88428,0.915493,-766.230866,-236.129598,388.565248,-236.129598,-516.771181,88.681297,388.565248,88.681297,1084.510339,-414.611244,170.84176,4.141399,170.84176,-183.481406,153.714807,4.141399,153.714807,902.775751,704.002424,1.0,2.160462,0.568932,3.74472,2.0,130.0,1234.5307930136235,1.7535888385146006,0.010536923365193334
45845.0,0.484984,0.650869,-0.584089,-0.193772,0.731271,0.653984,0.852786,-0.203992,0.480775,78.509837,115.748687,-309.616034,3.599138,3.595262,3.594733,90.024785,89.956582,90.000784,66.632969,0.053084,0.04701,114.028403,1.0,293.823599,116.827261,290.093433,116.827261,-178.465419,-99.720313,290.093433,-99.720313,1250.931519,-48.542616,87.122812,88.445008,87.122812,-12.705343,-119.579763,88.445008,-119.579763,1249.633653,274.595612,1.0,3.870596,1.069259,1.805591,2.0,144.0,1289.3048537192806,4.695285712428939,0.008769744850324704
46055.0,-0.49164,-0.725045,-0.482286,0.596207,-0.68394,0.420431,-0.634687,-0.080842,0.76853,-90.438898,292.297644,-389.787261,3.59665,3.593938,3.597773,90.022324,90.054543,90.035691,78.974618,0.053915,0.046934,104.079088,1.0,-377.139856,-176.912538,-181.018859,-176.912538,360.958286,-42.98803,-181.018859,-42.98803,1167.512817,70.847375,-25.076747,-93.353686,-25.076747,-151.162335,20.882389,-93.353686,20.882389,1134.557822,326.497129,1.0,3.995405,0.694257,4.585699,2.0,141.0,1193.4224504880244,3.655231070923213,0.009608078041575461
46553.0,0.279904,0.765099,-0.579894,-0.641652,0.598396,0.479796,0.714098,0.237793,0.658421,77.297608,10.204072,-365.217562,3.597299,3.593019,3.595997,89.965395,89.950781,90.006807,115.983874,0.068924,0.063478,76.273168,0.971014,-540.011501,-201.376067,-103.378257,-201.376067,156.453946,-181.105255,-103.378257,-181.105255,965.793874,-307.135584,-6.405526,-1.245787,-6.405526,-157.125472,-221.860784,-1.245787,-221.860784,1252.371904,652.77498,1.0,4.021171,0.852078,1.249347,2.0,132.0,1502.522325478016,2.301746193578093,0.012730741694117125
45851.0,-0.334549,-0.642185,0.689692,0.326814,0.607382,0.724072,-0.883895,0.467638,0.006676,-76.540495,-336.798235,-413.363934,3.598643,3.592629,3.592319,90.044731,89.99798,90.063575,161.245726,0.06656,0.07164,73.678753,0.923611,-342.45988,21.343159,130.97076,21.343159,-1009.266312,-415.300392,130.97076,-415.300392,1175.759635,-489.34423,-94.003367,163.018208,-94.003367,-434.571014,-107.309659,163.018208,-107.309659,1195.158903,757.228313,1.0,2.380508,1.56412,5.199018,2.0,133.0,1668.3765927893755,2.2032675801299253,0.012535649185050676
47265.0,-0.402591,0.390801,0.827765,-0.907657,-0.053214,-0.416325,-0.118652,-0.918936,0.376137,523.923386,487.058246,-443.88781,3.59642,3.598186,3.594994,90.086908,90.037794,89.940468,122.594514,0.074407,0.063601,95.724657,0.992857,-164.379242,302.753596,416.677933,302.753596,166.48733,343.510652,416.677933,343.510652,1492.570669,-10.243736,-2.173212,-212.10697,-2.173212,-199.825362,95.424719,-212.10697,95.424719,1358.532194,643.792237,1.0,1.104791,1.185173,3.270001,2.0,139.0,1486.4583683474407,2.308910053457884,0.010372008958987444
47338.0,-0.267382,-0.771927,0.576746,-0.553712,0.612936,0.56366,-0.788612,-0.168639,-0.591313,26.045962,477.17228,-571.723627,3.59745,3.593187,3.594007,89.985939,89.959619,90.063044,140.293736,0.066,0.063393,87.910995,0.985714,-716.655248,-71.275959,-248.58304,-71.275959,242.224601,558.741945,-248.58304,558.741945,591.656248,50.687033,101.788332,-126.602143,101.788332,-199.676382,190.272298,-126.602143,190.272298,956.74355,519.571158,1.0,2.34472,2.203483,4.501719,2.0,138.0,1075.8290018609187,2.070609550387935,0.011212636144090963
46943.0,-0.046612,0.913987,0.403056,-0.918838,0.11906,-0.376245,-0.391871,-0.387881,0.834257,86.510634,-241.473112,-460.874171,3.596571,3.592967,3.598374,90.055457,90.024605,89.987464,94.557795,0.062161,0.055184,95.647147,0.97973,-604.707562,-58.624724,236.134726,-58.624724,437.016663,-62.884064,236.134726,-62.884064,1194.180792,-192.242818,-28.449342,168.219517,-28.449342,38.823817,-113.223977,168.219517,-113.223977,1231.590126,351.957785,1.0,0.819789,0.584012,3.932108,2.0,145.0,1335.341486288597,3.7940387830563176,0.010243170138676483
46229.0,0.365398,-0.039551,0.930011,-0.351423,0.919301,0.177168,-0.861967,-0.391564,0.322011,-103.770475,324.497927,-289.984833,3.599745,3.594258,3.593437,89.995754,90.043637,89.994092,174.647441,0.075093,0.077951,68.211324,0.828767,-391.153041,-84.159574,-307.819363,-84.159574,73.379129,525.244096,-307.819363,525.244096,1213.375825,-290.153234,-87.485731,-62.019075,-87.485731,-215.677521,274.119853,-62.019075,274.119853,1208.673815,942.073669,1.0,1.759042,1.242943,4.285992,2.0,121.0,1485.053635716181,1.5763667795667697,0.01214999140025489
45860.0,0.520174,-0.452218,0.724512,-0.225305,0.745605,0.627145,-0.823806,-0.489461,0.285957,-228.59641,278.532196,-572.932863,3.597403,3.594685,3.593421,89.990737,90.017351,90.018305,149.837313,0.07304,0.073173,78.388157,0.95,-87.318904,-330.594474,-386.902492,-330.594474,56.861233,238.292844,-386.902492,238.292844,388.873549,-492.438389,-31.44908,24.949451,-31.44908,-379.034932,134.988768,24.949451,134.988768,935.002258,560.922603,1.0,2.284283,1.280791,4.176286,2.0,133.0,1379.654143672742,2.459615883356981,0.012119177645674203
46177.0,0.445114,0.067226,0.892947,-0.40825,0.902752,0.13554,-0.796998,-0.424876,0.429272,50.354445,-213.448498,-444.486836,3.596468,3.595794,3.595018,90.054679,90.043387,89.958332,77.610277,0.057884,0.050483,107.223728,1.0,-178.532058,-197.938943,127.24701,-197.938943,-22.757141,-200.155704,127.24701,-200.155704,1051.563574,-19.009442,3.107982,-11.03173,3.107982,-117.058726,42.978814,-11.03173,42.978814,1116.364257,317.159204,1.0,1.721436,1.12711,4.222617,2.0,144.0,1188.0629526826642,3.745951363538749,0.009326293896440534
47618.0,0.642312,0.255289,-0.722677,0.378832,0.713921,0.5889,0.666274,-0.652031,0.361849,530.808047,252.138401,-553.815306,3.591226,3.596601,3.591954,90.013259,89.8866,90.093501,152.564995,0.074483,0.075872,76.594279,0.862319,-1918.016291,-121.348492,-412.052628,-121.348492,-242.695714,-302.057471,-412.052628,-302.057471,922.619506,-287.949597,33.706881,-265.669426,33.706881,-428.413469,-157.844226,-265.669426,-157.844226,963.342309,555.208998,1.0,4.028637,1.200546,2.345391,2.0,119.0,1354.1404054018763,2.4389741705912993,0.01125826904121651
46191.0,0.422392,0.077595,0.903086,-0.396087,0.911969,0.1069,-0.815292,-0.402854,0.415942,-307.041054,445.780832,-455.237153,3.597854,3.589725,3.59555,89.97777,90.019687,89.904459,129.32433,0.087531,0.072233,112.21728,1.0,280.421399,289.05673,-332.215923,289.05673,-1572.545403,422.98364,-332.215923,422.98364,987.408194,-62.764561,45.552337,-127.508708,45.552337,-165.341438,118.699738,-127.508708,118.699738,1042.985621,443.557933,1.0,1.68862,1.141817,4.253454,2.0,144.0,1170.8745519769795,2.639733087531048,0.008911283538506726
47230.0,0.516604,-0.024093,-0.855886,0.768474,0.453858,0.451067,0.377583,-0.890748,0.252979,-129.432356,113.813342,-305.375218,3.593544,3.598483,3.595954,90.01565,90.037774,90.045968,122.193282,0.073596,0.065384,91.290138,0.88806,454.830156,-166.162581,32.460015,-166.162581,-477.845643,-354.208402,32.460015,-354.208402,1068.673575,-159.232547,-247.434986,21.169866,-247.434986,-225.734242,-131.204879,21.169866,-131.204879,1340.345381,592.988976,1.0,4.227362,1.315038,2.740659,2.0,119.0,1553.0763433993664,2.6190644451362726,0.009727885393272162
46477.0,-0.146281,0.625533,-0.766362,0.667898,0.633922,0.389944,0.729736,-0.45481,-0.510523,-307.879393,316.189679,-473.29690700000003,3.59508,3.594629,3.596621,89.955106,90.101449,90.036067,158.380591,0.076051,0.077496,81.105221,0.802817,-219.542828,129.069374,479.85211,129.069374,-425.007072,-246.147666,479.85211,-246.147666,1229.456384,-661.091101,-64.459963,-141.811437,-64.459963,-177.842921,-109.128083,-141.811437,-109.128083,1064.34762,758.512839,1.0,4.241707,2.106589,2.128138,2.0,114.0,1550.4784240741842,2.0441030716346047,0.009898462640278115
46337.0,0.265913,0.828555,-0.492734,-0.295233,0.556572,0.776573,0.917675,-0.061029,0.392617,438.551451,-219.080364,-362.131377,3.598996,3.594281,3.593256,90.022534,89.955602,89.996473,81.126999,0.057429,0.055367,88.703726,1.0,-31.701729,67.109992,193.414274,67.109992,-543.413261,-228.006596,193.414274,-228.006596,1218.069935,-258.401938,-13.704556,204.15697,-13.704556,-382.167261,-274.821673,204.15697,-274.821673,1267.157249,475.762187,1.0,3.706993,1.167321,1.637203,2.0,138.0,1618.4888446189584,3.4018862550313576,0.011273483596393684
46142.0,0.556707,-0.04038,0.829727,-0.492642,0.788175,0.368897,-0.668866,-0.614126,0.418889,164.64661,333.042574,-512.4259480000001,3.596836,3.597168,3.594302,89.979033,90.010741,89.9469,135.036186,0.070815,0.066765,80.31956,0.971831,-21.934599,130.16951,-454.804315,130.16951,324.812636,-196.363129,-454.804315,-196.363129,833.295038,-223.649518,56.534553,-18.963107,56.534553,-93.341233,-108.622756,-18.963107,-108.622756,1134.424423,780.007977,1.0,1.989151,1.138575,3.969631,2.0,138.0,1302.2644838439273,1.669552776694138,0.012099555824259993
45874.0,-0.19802,0.507579,-0.838541,0.250958,0.853221,0.457202,0.947527,-0.119903,-0.296336,280.650502,-342.833312,-501.065146,3.601439,3.593282,3.595083,90.001309,89.963025,89.989527,147.957003,0.095329,0.082916,77.144431,0.885135,134.309306,-400.386617,-492.332418,-400.386617,-53.471791,662.447072,-492.332418,662.447072,1472.303092,-691.12726,-0.409588,-73.030528,-0.409588,-398.571684,158.638079,-73.030528,158.638079,1422.058193,552.482435,1.0,4.213211,1.87165,1.69667,2.0,130.0,1988.9173149833541,3.599964793420725,0.011473738136716571
46093.0,0.745735,-0.203458,0.634416,-0.623496,0.122467,0.772175,-0.2348,-0.971394,-0.035528,512.52313,522.310453,-263.39408000000003,3.594053,3.599782,3.592831,90.04179,89.950796,90.02362,131.280688,0.067455,0.068247,90.800097,1.0,300.729592,-144.64853,608.994137,-144.64853,-821.131822,-91.806854,608.994137,-91.806854,1200.181295,-344.692937,-154.458467,289.335703,-154.458467,-623.142686,-43.289721,289.335703,-43.289721,1360.038964,503.709873,1.0,2.453821,1.606332,3.378758,2.0,146.0,1881.598313190954,3.7354803112841783,0.01101320409382382
47539.0,0.473457,0.457221,-0.752853,0.31457,0.710583,0.629379,0.82273,-0.534808,0.192603,-14.415779,-146.724412,-386.744886,3.597126,3.594396,3.59434,90.031556,89.979248,90.047798,99.306152,0.052376,0.0541,88.75179,1.0,-54.64667,-0.842095,15.83898,-0.842095,-387.860674,180.671747,15.83898,180.671747,898.936821,-69.651187,-133.514511,246.311567,-133.514511,-251.387835,118.423862,246.311567,118.423862,934.162518,538.054932,1.0,4.016084,1.376983,2.147201,2.0,140.0,1136.877167669262,2.112938847049286,0.011267378381889537
47738.0,0.571787,-0.718606,0.395808,0.236979,0.606562,0.758896,-0.78543,-0.340129,0.517119,301.899666,409.179553,-579.480187,3.596527,3.593687,3.591779,89.961319,90.099465,89.881436,160.912801,0.094505,0.085857,74.585739,0.885714,-1555.337565,-431.281203,-236.299143,-431.281203,-258.483247,-501.624495,-236.299143,-501.624495,1190.307137,-565.048739,191.838699,-68.128695,191.838699,-388.760179,-143.714257,-68.128695,-143.714257,1163.894297,582.731848,1.0,2.660848,1.027314,4.303722,2.0,124.0,1661.9572331643828,2.852010300910107,0.01187511194331667
46138.0,0.569752,0.706759,0.419373,-0.505117,-0.101369,0.857077,0.648258,-0.700154,0.299241,-287.996024,226.133247,-399.077965,3.596549,3.598576,3.594181,89.975624,89.976854,90.022694,112.814217,0.057962,0.057617,100.750691,0.93662,732.086123,-19.106546,-301.44453,-19.106546,-207.159215,-238.514681,-301.44453,-238.514681,889.659628,23.135962,-99.745425,-145.463425,-99.745425,-146.625445,18.246273,-145.463425,18.246273,1205.057245,514.291015,1.0,2.686536,1.2669,2.394662,2.0,133.0,1284.516538509713,2.4976453040108293,0.009296412666787565
47753.0,0.871585,-0.444383,-0.207034,0.406895,0.420173,0.811105,-0.273451,-0.791188,0.547033,-291.823585,410.374295,-570.597652,3.594167,3.594133,3.592467,90.176022,90.012807,90.021067,209.964802,0.068366,0.076359,79.017399,0.881944,-282.103976,665.497778,215.328495,665.497778,-1656.526613,507.903844,215.328495,507.903844,973.371676,-360.201046,-41.000203,395.077709,-41.000203,-148.821258,-206.956004,395.077709,-206.956004,1018.212718,824.568011,1.0,3.391506,0.99198,3.474361,2.0,127.0,1343.0509151326892,1.6287933769148961,0.011161389911100465
47833.0,0.517446,0.299804,-0.801478,0.146651,0.891691,0.428229,0.843056,-0.339123,0.417436,-164.654931,-399.819042,-389.944874,3.595282,3.59441,3.59399,90.023253,89.983679,90.093671,146.283826,0.089153,0.069044,97.539147,0.986301,-376.485484,-221.031787,-64.925336,-221.031787,-458.962319,-550.820182,-64.925336,-550.820182,684.421336,-519.206921,136.329704,104.773159,136.329704,-226.718276,133.233146,104.773159,133.233146,960.840614,487.717526,1.0,4.22168,1.140175,1.953244,2.0,144.0,1370.649087454641,2.8103338805475713,0.01011184770766962
46667.0,0.238185,0.507687,0.827962,-0.887852,-0.231739,0.397511,0.393683,-0.82979,0.395554,604.673106,-69.047429,-307.703691,3.595913,3.599927,3.59537,90.009497,89.912836,89.989711,88.741707,0.049951,0.046118,120.783981,1.0,762.547976,-714.463349,-159.731642,-714.463349,-123.387122,136.291915,-159.731642,136.291915,1303.997509,-67.472686,39.083507,-226.216347,39.083507,-189.570837,147.276884,-226.216347,147.276884,1229.726573,176.623183,1.0,2.018404,1.164125,2.698604,2.0,140.0,1382.683399979143,7.828436655335007,0.0082792435861176
46700.0,0.211695,0.308922,0.927228,-0.963151,-0.095107,0.251583,0.165906,-0.94632,0.277405,-326.995479,127.011617,-372.914258,3.595442,3.599147,3.590898,90.085734,90.002561,90.015029,113.664435,0.066175,0.062188,83.422602,0.986301,-1248.358935,-256.841694,-18.245073,-256.841694,147.2266,90.062436,-18.245073,90.062436,1452.47974,-312.364149,-101.552431,-175.786876,-101.552431,-104.013105,218.006099,-175.786876,218.006099,1377.692443,579.801361,1.0,1.835746,1.289704,2.96804,2.0,144.0,1616.8277033280472,2.7885890101041815,0.011822946975449172
45886.0,0.290389,-0.505906,0.812239,-0.084013,0.832059,0.548287,-0.953213,-0.227456,0.199118,-163.112074,-406.208688,-411.634539,3.599418,3.590989,3.596169,90.034776,90.000177,89.975784,91.256071,0.078115,0.059398,126.708791,1.0,291.214026,523.838155,-240.267739,523.838155,-899.852456,169.775493,-240.267739,169.775493,1263.978835,-536.754389,-43.107817,-193.934901,-43.107817,-211.453134,43.235298,-193.934901,43.235298,1300.901489,267.500704,1.0,2.164568,1.370338,4.478149,2.0,144.0,1707.6334529430342,6.383659659239754,0.007892112237105947
46600.0,-0.0538,-0.769747,-0.636077,0.654599,-0.50822,0.559654,-0.75406,-0.386266,0.531218,285.812744,-391.572477,-534.525365,3.596562,3.593561,3.588016,90.015945,90.092888,90.002296,218.811065,0.100677,0.09674,68.825409,0.842857,-1143.102683,906.469116,199.717011,906.469116,-955.592352,-744.803555,199.717011,-744.803555,405.653376,-192.194455,-165.86949,118.729572,-165.86949,-567.97111,-186.453025,118.729572,-186.453025,1066.217384,823.046795,1.0,3.990817,1.010759,4.238991,2.0,118.0,1501.6560323802619,1.8245086931907217,0.012246305721190847
47550.0,0.763201,-0.630368,-0.141985,0.57121,0.555464,0.6043,-0.302064,-0.542306,0.784004,536.891002,334.5781,-324.534219,3.594152,3.594422,3.5968,90.015773,90.077351,89.951812,114.091453,0.075251,0.069389,111.009908,1.0,-402.348345,-256.505837,-525.267813,-256.505837,-163.445063,-68.015396,-525.267813,-68.015396,885.568006,-238.992245,11.333437,-32.388005,11.333437,-59.508406,197.223732,-32.388005,197.223732,1085.818611,464.713889,1.0,3.372365,0.669707,3.649793,2.0,138.0,1256.8261959588783,2.7045161027216,0.00900820492527568
47474.0,0.186296,0.626076,-0.757181,0.057434,0.762415,0.644535,0.980814,-0.163562,0.106077,404.431457,-23.182392,-378.143911,3.600787,3.593789,3.592685,90.0657,89.963149,90.022917,137.254538,0.070218,0.072795,84.312592,0.945205,32.608556,259.112037,-78.227829,259.112037,-943.055889,160.747732,-78.227829,160.747732,1755.501237,-448.340201,-33.80784,310.973469,-33.80784,-521.661859,32.908213,310.973469,32.908213,1683.230196,428.151429,1.0,4.007181,1.46452,1.736037,2.0,138.0,2186.1968147362727,5.106129903250358,0.011210721644045768
46966.0,-0.070971,-0.40995,0.909343,-0.907419,0.405082,0.111798,-0.41419,-0.817221,-0.400745,-312.657933,461.598889,-458.944522,3.596978,3.59915,3.594971,90.000622,89.926074,90.029117,135.107647,0.065887,0.060532,107.162806,1.0,168.295164,-783.992891,126.393141,-783.992891,769.433278,-115.0351,126.393141,-115.0351,974.94639,-536.493374,-13.906422,171.475058,-13.906422,-153.010244,-213.957433,171.475058,-213.957433,1107.331135,392.032431,1.0,1.693126,1.983127,3.610687,2.0,144.0,1508.4331307420712,3.8477253703076193,0.009331595889715692
46345.0,0.533618,0.832777,-0.147422,-0.802773,0.553608,0.221526,0.266096,0.000136,0.963946,437.139108,122.343878,-376.421379,3.593751,3.593802,3.60004,89.993321,89.974102,89.984316,95.839232,0.069332,0.062434,91.044015,0.992857,-155.687818,-42.172476,-64.208304,-42.172476,-372.765347,263.385279,-64.208304,263.385279,1466.542943,-591.818871,235.77645,-31.439763,235.77645,-404.722862,152.760685,-31.439763,152.760685,1457.503998,455.193698,1.0,3.728776,0.269341,1.570285,2.0,139.0,1977.6868111541612,4.344714832045327,0.01090524182177159
46709.0,0.172192,0.676377,0.716145,-0.707828,0.590562,-0.387576,-0.685076,-0.44017,0.580449,162.74896,-162.388971,-471.740364,3.595375,3.595777,3.596512,89.977136,90.024281,89.901395,109.012706,0.080125,0.071517,91.535837,0.985507,731.506251,-213.916315,-267.34871,-213.916315,-664.984499,-47.813838,-267.34871,-47.813838,889.746577,-225.298388,-83.110993,13.327384,-83.110993,-275.19289,-79.997009,13.327384,-79.997009,1028.780637,458.130506,1.0,1.074736,0.951517,4.141295,2.0,136.0,1283.7011895389853,2.802042589888099,0.010766351543822121
46860.0,0.057178,0.768958,-0.636737,-0.632989,0.521125,0.572498,0.772046,0.370313,0.516539,-23.203514,277.871439,-481.969065,3.59722,3.595306,3.594222,89.990908,89.970132,89.953794,85.054307,0.069569,0.059409,92.964997,0.992857,-24.342479,28.564016,263.014321,28.564016,-136.127352,-213.235024,263.014321,-213.235024,863.150175,-246.675925,75.394659,112.539453,75.394659,-283.723669,-107.050916,112.539453,-107.050916,1048.321681,418.411385,1.0,3.980065,1.027992,1.123559,2.0,139.0,1322.3937049709136,3.1605108091667096,0.010679901382667716
47816.0,-0.57801,0.35849,0.733069,-0.403976,0.654826,-0.638754,-0.709019,-0.665349,-0.233675,-173.777925,33.774842,-354.703342,3.59621,3.596465,3.594079,89.977922,89.957542,89.943519,108.717073,0.069111,0.067078,85.661124,0.951389,-317.920955,111.589714,-104.141359,111.589714,-33.457277,39.307299,-104.141359,39.307299,1055.412294,-190.192808,-40.588855,143.078532,-40.588855,-28.328096,-10.931571,143.078532,-10.931571,1048.752619,510.770815,1.0,0.854041,1.806651,3.958755,2.0,137.0,1173.594149135677,2.2976922617156132,0.011106426761339251
46995.0,-0.108755,0.982089,-0.15386,-0.970688,-0.071545,0.229449,0.214331,0.174303,0.961083,237.004171,361.710049,-444.577537,3.589084,3.59314,3.600499,89.950451,89.957806,89.921628,153.140745,0.065719,0.071488,93.007824,0.978261,-674.420739,-688.94515,200.088349,-688.94515,-1484.695359,223.161858,200.088349,223.161858,1741.193943,-410.199801,-77.156906,19.33025,-77.156906,-288.164317,157.773895,19.33025,157.773895,1647.05072,426.394276,1.0,3.732287,0.279901,0.888033,2.0,135.0,2004.876402414727,4.701930854284561,0.010518050610451869
47495.0,0.339994,0.578761,-0.741242,0.206169,0.723151,0.659202,0.91755,-0.376946,0.126545,-256.188644,-223.442675,-576.927419,3.598911,3.591457,3.593355,89.992132,89.927727,90.09175,145.835614,0.052894,0.06255,95.601922,0.950704,-1076.398344,-371.148645,-104.38512,-371.148645,-597.860124,353.898003,-104.38512,353.898003,1533.735963,-454.342201,-3.122862,48.414516,-3.122862,-363.537316,133.84003,48.414516,133.84003,1335.154708,663.269571,1.0,3.985506,1.443911,1.960593,2.0,134.0,1750.214217424129,2.6387675448239865,0.009944402582199132
47050.0,-0.100766,-0.626723,0.7727,-0.729987,0.57427,0.370584,-0.675992,-0.526719,-0.515366,-276.143715,47.63665,-277.937104,3.595898,3.595529,3.593428,89.957272,89.956343,89.938416,182.375247,0.086068,0.092914,71.733065,0.904412,-481.159254,-95.371948,285.133601,-95.371948,-304.506804,24.651391,285.133601,24.651391,961.410808,-256.731281,-56.48261,100.564242,-56.48261,-280.200151,34.189014,100.564242,34.189014,1106.3024,956.687852,1.0,2.017989,2.112231,4.050473,2.0,123.0,1378.8599345743212,1.441285087598584,0.012608021140599527
46908.0,0.212252,-0.248758,-0.945023,0.977169,0.063372,0.202791,0.009442,-0.96649,0.256529,121.719737,-152.627674,-236.812004,3.593767,3.600652,3.59173,90.076153,90.016514,90.000918,133.510278,0.066698,0.068913,81.462978,0.964286,-912.688551,280.597254,27.294931,280.597254,-361.592181,-55.741572,27.294931,-55.741572,1809.763975,-390.506774,18.139878,281.394071,18.139878,-325.488593,-65.128534,281.394071,-65.128534,1608.572894,584.449378,1.0,4.501006,1.311367,3.131824,2.0,135.0,1983.2764336863615,3.3934101195781605,0.011837107158051599
47607.0,-0.662692,0.137279,0.736202,-0.659357,0.359164,-0.660492,-0.355089,-0.923123,-0.147499,150.15994,-325.489979,-571.455369,3.594083,3.598779,3.592606,89.934995,89.942423,89.955564,129.927984,0.066829,0.063343,82.856209,0.909722,-827.05718,211.380735,-382.744771,211.380735,-209.194333,195.985203,-382.744771,195.985203,1381.963594,-378.407625,156.69755,-306.753718,156.69755,-378.480808,-152.57363,-306.753718,-152.57363,1178.552543,543.73513,1.0,0.839552,1.718836,3.508806,2.0,131.0,1590.8132894217872,2.9257136455792128,0.010979527195119439
47700.0,-0.15272,-0.746167,0.648006,-0.214937,0.66508,0.715172,-0.964613,-0.03006,-0.261949,321.406322,-271.575326,-374.145059,3.599283,3.588458,3.592819,89.929937,90.00487,90.022362,144.072485,0.073748,0.066103,80.679037,0.893333,-1794.552927,597.826891,228.446037,597.826891,-338.653681,428.591477,228.446037,428.591477,1114.280858,-488.70779,-35.292751,32.380739,-35.292751,-569.322187,75.586315,32.380739,75.586315,1201.644749,653.737882,1.0,2.405426,1.835838,4.681237,2.0,134.0,1733.800067457688,2.652133393514571,0.011072678024156388
45920.0,-0.487701,-0.864551,0.121241,0.48208,-0.150919,0.863031,-0.727837,0.479349,0.490386,-268.063389,275.009943,-283.86385,3.597231,3.593376,3.595139,89.967832,90.009604,90.050421,113.821517,0.071592,0.064968,92.323481,0.986111,-537.562619,-233.725597,160.386132,-233.725597,156.174825,-190.425837,160.386132,-190.425837,805.30888,-310.265182,-353.596837,148.552566,-353.596837,57.078611,-76.892641,148.552566,-76.892641,1006.893331,579.493184,1.0,3.002024,1.058264,5.294782,2.0,142.0,1225.05359317766,2.1140086320284657,0.01068104223669816
47016.0,0.284717,-0.631178,-0.721492,0.781885,0.588351,-0.206154,0.55461,-0.505428,0.661022,592.421877,-353.562991,-298.644786,3.594967,3.595652,3.595759,90.049462,89.966494,90.03026,97.997333,0.06104,0.059942,112.486331,1.0,-165.01152,-6.911461,46.616987,-6.911461,-94.084935,-163.675109,46.616987,-163.675109,858.689695,-248.949955,14.060985,-15.447257,14.060985,-275.397043,-85.754076,-15.447257,-85.754076,1127.323866,527.083121,1.0,4.990706,0.848616,2.309831,2.0,136.0,1391.786650905468,2.640544907347674,0.008889969039882721
46175.0,-0.497225,-0.240124,-0.833731,0.779267,0.298887,-0.550826,0.381457,-0.923584,0.038507,373.66686,-140.327006,-305.14013,3.592184,3.5968,3.593304,90.012878,90.040642,90.11147,183.052174,0.09824,0.096211,77.872858,0.807143,-991.872865,524.543775,-48.294483,524.543775,-614.612431,232.494368,-48.294483,232.494368,1066.928959,-577.527813,-29.182363,-138.182114,-29.182363,-457.90996,-21.027122,-138.182114,-21.027122,1234.489821,654.466282,1.0,5.296232,1.53228,2.749914,2.0,113.0,1759.6186270909952,2.688631447465456,0.01036488220324468
45930.0,0.296242,-0.380221,0.876169,-0.103935,0.899066,0.425298,-0.949441,-0.217056,0.226823,-293.622574,-45.56169,-360.58421,3.599044,3.59397,3.591472,89.927943,90.045054,89.902412,109.86674,0.059306,0.055506,130.51872,1.0,-1439.527052,338.620316,-154.387539,338.620316,30.857534,-398.366798,-154.387539,-398.366798,1480.188738,-374.832149,53.779117,-156.709619,53.779117,-176.864344,72.3382,-156.709619,72.3382,1437.316195,361.768987,1.0,2.022701,1.341982,4.487637,2.0,146.0,1728.8256208915764,4.778811017572317,0.007661736186196126
47791.0,-0.440877,-0.729421,0.523042,-0.350903,0.676425,0.647546,-0.826132,0.101951,-0.554176,-146.408479,17.501251,-479.762089,3.598263,3.59529,3.596276,90.028701,89.923749,89.969834,125.91747,0.062311,0.06492,98.674263,0.993056,442.184775,-73.093421,128.809108,-73.093421,-277.720606,-165.285664,128.809108,-165.285664,1394.770371,19.968764,-86.803286,92.491996,-86.803286,-93.933285,-124.349142,92.491996,-124.349142,1279.823018,394.901218,1.0,2.462157,2.158169,4.835176,2.0,143.0,1329.424919179609,3.366474598160417,0.0100639819321478
46779.0,0.116539,0.612346,0.781953,-0.847957,-0.348567,0.399337,0.517095,-0.709601,0.478622,340.022064,-245.84063,-352.846404,3.595032,3.594304,3.595038,90.038744,89.972056,90.068245,120.71051,0.069732,0.066258,85.026095,0.944444,-357.970684,236.371909,150.093436,236.371909,-366.749293,-196.794451,150.093436,-196.794451,766.681246,-243.165362,158.041144,-225.446287,158.041144,-311.806545,-4.636258,-225.446287,-4.636258,946.746932,599.077925,1.0,2.042961,1.071712,2.511855,2.0,135.0,1248.6585849413577,2.0843007776348252,0.011107695819736281
47710.0,0.843943,-0.308557,-0.438808,0.432997,0.874713,0.217695,0.31666,-0.373725,0.871812,565.955244,22.346895,-253.835735,3.595254,3.592451,3.600835,90.043315,90.049921,89.997193,125.925849,0.07081,0.066842,74.216298,0.821429,575.160083,249.777194,-914.364299,249.777194,-588.060406,100.527929,-914.364299,100.527929,1213.877484,-9.437542,88.401679,-360.803562,88.401679,-429.307647,305.540375,-360.803562,305.540375,1225.311088,508.937333,1.0,4.251862,0.511907,2.438665,2.0,114.0,1546.8810110199424,3.039433169309162,0.011068040607468726
46655.0,0.235749,0.583279,0.777308,-0.805423,-0.330305,0.492131,0.543798,-0.742081,0.391917,205.754694,50.952339,-351.102369,3.595102,3.596158,3.593436,90.072555,90.022908,90.056548,70.117414,0.053725,0.049173,124.987504,0.992958,-863.097652,119.585491,-220.747621,119.585491,121.699848,99.208204,-220.747621,99.208204,872.425369,-138.390458,153.447696,-38.716078,153.447696,-165.081522,62.028878,-38.716078,62.028878,1127.531776,288.068233,1.0,2.135215,1.168082,2.50919,2.0,139.0,1287.9168686901853,4.470874331673306,0.007944458191596497
46926.0,0.164745,0.516474,-0.840306,0.468638,0.708654,0.527435,0.867892,-0.480692,-0.125292,43.47512,-425.462536,-497.32234,3.595512,3.593966,3.597103,89.967605,89.97287,90.099804,140.990371,0.077922,0.072858,80.158099,0.804348,-46.629868,-830.433045,-250.07135,-830.433045,-128.921066,-225.237412,-250.07135,-225.237412,830.472121,-342.889747,-11.593124,-41.042576,-11.593124,-328.701887,-93.103507,-41.042576,-93.103507,935.725339,513.138732,1.0,4.151871,1.696418,2.076599,2.0,111.0,1274.6695215319467,2.4840641371268513,0.010034519406454485
45948.0,-0.354063,-0.068948,-0.932677,0.398385,0.891152,-0.217113,0.846126,-0.448436,-0.288056,496.045146,77.460027,-386.643802,3.597807,3.593366,3.585548,89.999036,90.092155,90.031723,153.506821,0.094338,0.08166,79.007419,0.944444,-2663.487756,-289.090415,-425.01834,-289.090415,-349.700024,359.413355,-425.01834,359.413355,925.475936,-403.700945,-12.26794,-28.047213,-12.26794,-427.561433,195.15569,-28.047213,195.15569,1035.444433,489.814031,1.0,4.941101,1.862992,2.058145,2.0,136.0,1461.2715770227658,2.983319146737072,0.011953864737690013
47412.0,0.35403,-0.72497,0.590831,0.281842,0.685081,0.671736,-0.891756,-0.071294,0.446866,-279.225336,395.765965,-578.639604,3.597435,3.597372,3.594829,90.109474,90.063709,90.13065,180.578783,0.090396,0.087577,80.919433,0.864865,1658.485233,-468.399322,-345.759657,-468.399322,-1118.444964,521.130732,-345.759657,521.130732,961.336895,-363.341448,17.844222,-38.969465,17.844222,-236.222804,-40.169883,-38.969465,-40.169883,1061.861341,506.061642,1.0,2.420187,1.107537,4.632611,2.0,128.0,1367.033388284329,2.701317932103475,0.010687976521041614
47065.0,-0.183408,0.392199,0.901411,-0.975586,-0.185304,-0.117875,0.120804,-0.901023,0.41661,-219.837753,-297.343874,-277.917832,3.594099,3.599176,3.593757,90.083478,89.938142,90.079793,142.683739,0.069622,0.06792,94.875389,0.926471,-632.657706,-157.689179,-191.441055,-157.689179,-291.809648,-603.472097,-191.441055,-603.472097,1704.095707,-207.49869,154.254381,-141.842856,154.254381,-239.991178,21.856478,-141.842856,21.856478,1257.539323,489.039319,1.0,1.440766,1.141083,3.008313,2.0,126.0,1492.7452924002926,3.0524034252556542,0.009765135192225669
46161.0,0.657895,0.049252,0.751497,-0.641156,0.560113,0.524588,-0.395086,-0.826951,0.400074,433.957364,427.62785,-322.313013,3.59522,3.598602,3.594604,90.028455,89.989229,89.961966,134.198921,0.065748,0.065666,91.814692,0.992754,134.89301,-53.564265,-130.444856,-53.564265,-66.497169,-360.642931,-130.444856,-360.642931,1100.952239,-382.481629,-59.119338,-322.066347,-59.119338,-92.481881,-140.491699,-322.066347,-140.491699,1227.271795,492.042163,1.0,2.180217,1.159199,3.587292,2.0,137.0,1517.8266243975932,3.0847491100017645,0.010812583241035107
47685.0,0.823612,-0.494377,-0.277946,0.448232,0.267128,0.853071,-0.347492,-0.827184,0.441606,135.271475,-8.126591,-574.311303,3.591799,3.598616,3.593431,90.006292,89.968031,90.030915,147.721598,0.0641,0.070443,108.527358,0.986111,-243.099855,-169.393156,984.853698,-169.393156,-228.965875,-118.133193,984.853698,-118.133193,367.5005,-194.335349,-149.627733,190.177883,-149.627733,-320.214901,-136.015997,190.177883,-136.015997,1125.798983,359.827974,1.0,3.456564,1.113409,3.539297,2.0,141.0,1408.0378412022615,3.913086093751737,0.009086289560278432
46183.0,0.566575,-0.067486,0.821242,-0.57543,0.680969,0.452948,-0.589808,-0.729196,0.346986,37.890759,-105.574798,-294.943632,3.594809,3.596258,3.593895,90.031892,90.027756,89.938978,113.024359,0.076609,0.06455,79.884047,0.894366,-385.92683,18.305267,-8.219506,18.305267,-309.120818,-91.400807,-8.219506,-91.400807,900.528511,-369.47671,-87.278288,27.848584,-87.278288,-180.351166,-193.349856,27.848584,-193.349856,1037.328712,533.378675,1.0,2.074822,1.21644,3.821705,2.0,127.0,1335.3426652083247,2.503554656001807,0.011195802335853116
46150.0,0.713746,0.593281,0.372269,-0.687941,0.493999,0.531697,0.131545,-0.635596,0.760732,-217.41053,117.174815,-355.909126,3.595164,3.595458,3.596242,90.081208,90.01041,90.004675,101.155705,0.058643,0.061949,93.374843,0.978261,-208.144582,-279.920867,-136.118841,-279.920867,-55.67233,89.734767,-136.118841,89.734767,998.137635,-525.951463,-179.17601,-87.574765,-179.17601,19.114792,72.434227,-87.574765,72.434227,1161.946918,544.232154,1.0,2.530764,0.706355,2.937511,2.0,135.0,1503.278680757155,2.7622011483672,0.010476708378508332
45962.0,-0.536973,-0.79687,0.276874,0.549525,-0.081391,0.831504,-0.640065,0.598644,0.481604,468.16665,398.227214,-438.329375,3.598558,3.594221,3.590397,89.896312,90.021226,89.945162,183.499527,0.074444,0.066506,122.543493,0.992754,186.950738,-1355.135065,247.381233,-1355.135065,-850.551825,-202.952741,247.381233,-202.952741,370.967606,-59.420358,2.265188,15.172437,2.265188,29.9769,221.657469,15.172437,221.657469,1064.623148,313.584651,1.0,2.82016,1.068312,5.464361,2.0,137.0,1099.0927128423216,3.504931473327505,0.008101237982501446
47713.0,0.499027,-0.692922,0.520415,0.205156,0.677927,0.705922,-0.841952,-0.245508,0.480461,598.521536,-244.757133,-535.001411,3.598454,3.595777,3.594847,90.007027,90.043566,89.976446,53.092086,0.081378,0.06056,108.568827,1.0,108.060467,-144.751845,-178.830967,-144.751845,79.185336,-164.706227,-178.830967,-164.706227,1163.834602,-93.000087,103.244009,-149.807915,103.244009,-51.94185,-198.523437,-149.807915,-198.523437,1233.398337,251.767258,1.0,2.506326,1.069616,4.428662,2.0,148.0,1327.005631502072,5.270763331354516,0.009210747022255293
46048.0,-0.310773,-0.601914,0.735609,0.423446,0.605207,0.674105,-0.850949,0.520984,0.066796,83.347921,145.718269,-526.0719320000001,3.596468,3.59367,3.593602,89.991493,90.065254,90.05596,114.553139,0.062665,0.062406,83.902946,0.977612,-220.85293,49.604487,427.437526,49.604487,-682.004406,202.634197,427.437526,202.634197,768.061018,-299.066314,-28.094271,148.070775,-28.094271,-498.997591,-70.15364,148.070775,-70.15364,1104.872692,700.366695,1.0,2.312594,1.50395,5.26176,2.0,131.0,1520.669391468388,2.1712474369849755,0.011651700525509557
45967.0,-0.711987,-0.520188,-0.471677,0.693543,-0.415834,-0.588286,0.10988,-0.74598,0.656841,34.353818,-297.530949,-389.882912,3.594935,3.596645,3.597032,90.048257,89.948278,89.982355,93.288082,0.06468,0.059922,85.232437,1.0,523.232287,84.684651,-161.785913,84.684651,-325.397054,-58.203954,-161.785913,-58.203954,1023.192301,-17.793565,6.05105,-52.367532,6.05105,-148.402774,11.510765,-52.367532,11.510765,1102.539846,588.742769,1.0,5.607358,0.854175,2.995349,2.0,140.0,1191.9375744555798,2.0245472848526482,0.011732622405246959
46402.0,-0.304009,-0.409671,-0.860086,0.887758,0.205725,-0.41178,0.345635,-0.888733,0.301147,515.766281,187.086528,-245.512322,3.593068,3.599238,3.59384,90.00856,89.962261,90.023183,123.39272,0.061629,0.065935,78.560653,0.921429,50.848523,-191.874136,367.388385,-191.874136,-658.131046,-186.248852,367.388385,-186.248852,1142.761124,115.606036,-38.894093,84.494235,-38.894093,-264.40638,-109.211886,84.494235,-109.211886,1127.622235,555.950947,1.0,5.158906,1.264901,2.770685,2.0,129.0,1252.4373800164005,2.252783967317175,0.011728886723994008
46314.0,0.337368,-0.058533,0.939551,-0.397803,0.895708,0.198643,-0.853191,-0.440772,0.278899,429.84736,59.290599,-344.820786,3.597642,3.593235,3.590536,89.997793,90.081159,89.928217,135.999095,0.079832,0.077564,73.682884,0.856164,-1418.366615,133.042208,-117.795209,133.042208,-582.485151,206.560765,-117.795209,206.560765,1218.156396,-530.120235,-45.411342,-136.2543,-45.411342,-575.941123,136.318737,-136.2543,136.318737,1181.528182,630.436717,1.0,1.779151,1.288149,4.235537,2.0,125.0,1743.4668836365815,2.7654907092547742,0.011619577757026992
47139.0,0.364296,0.642989,-0.673687,0.661119,0.330933,0.673353,0.655904,-0.690687,-0.304535,463.260468,-379.093301,-376.479444,3.593797,3.596928,3.591666,90.003951,90.078565,90.079751,131.041249,0.063206,0.065199,93.470049,0.978571,-131.275976,204.067922,-257.593645,204.067922,-1366.69205,-56.761251,-257.593645,-56.761251,987.107029,-315.901684,-65.861818,47.305897,-65.861818,-411.733895,-45.357325,47.305897,-45.357325,924.758476,406.689504,1.0,3.927238,1.880246,2.382019,2.0,137.0,1293.7508790057243,3.1811759740072474,0.010469353664295179
47085.0,0.351711,-0.595722,-0.722091,0.782749,0.610227,-0.122179,0.513424,-0.522244,0.680924,141.621325,-220.33645,-369.145179,3.596805,3.592738,3.596679,90.063498,89.982801,89.990423,168.671639,0.066599,0.077776,75.118642,0.809859,-433.398213,499.721915,-379.874938,499.721915,286.305056,160.834402,-379.874938,160.834402,703.417248,62.311198,203.040318,139.717989,203.040318,-213.917601,150.403959,139.717989,150.403959,1231.138615,741.696523,1.0,4.880003,0.821773,2.36471,2.0,114.0,1351.9798638715079,1.8228208194950752,0.010781065504352436
46590.0,-0.110332,-0.565936,-0.817033,0.869759,0.342846,-0.354931,0.480985,-0.749782,0.454402,408.692185,7.401996,-292.863652,3.594452,3.595574,3.588923,90.139386,89.970961,90.079511,185.548278,0.091022,0.086946,66.043888,0.802817,-2173.822112,-212.197033,288.896952,-212.197033,-512.164346,49.402662,288.896952,49.402662,1215.628627,-183.61183,-79.133175,44.965502,-79.133175,-628.412464,-149.613575,44.965502,-149.613575,1037.315985,796.777283,1.0,5.122207,1.099096,2.571216,2.0,114.0,1501.526867163119,1.8845000970780927,0.01215581069364057
46035.0,-0.558362,-0.47666,-0.67899,0.641256,0.271279,-0.717773,0.526329,-0.836184,0.15419,51.282552,466.448681,-396.07859,3.59618,3.597035,3.59359,90.017561,89.985093,90.035364,93.451566,0.054368,0.050729,105.13791,0.986111,-42.458897,-269.3749,-29.882051,-269.3749,-120.63249,12.384049,-29.882051,12.384049,882.102855,-91.435053,-116.124398,103.643771,-116.124398,-327.747632,-14.111021,103.643771,-14.111021,1054.017907,450.738665,1.0,5.525546,1.415989,2.579806,2.0,142.0,1287.2103878779471,2.8557798294893275,0.009379214405156046
46215.0,0.5701,-0.344211,0.745993,-0.621264,0.413542,0.665593,-0.537604,-0.842913,0.021914,106.514946,-135.710336,-338.873687,3.59569,3.597691,3.593691,90.035337,89.980743,89.964053,109.268119,0.062979,0.059035,85.448611,0.971014,198.91808,-252.674921,190.75539,-252.674921,-357.257995,0.353067,190.75539,0.353067,951.105769,-226.188752,-167.04745,158.481074,-167.04745,-256.092222,-40.105062,158.481074,-40.105062,1152.088556,570.986,1.0,2.299299,1.54888,3.709338,2.0,134.0,1408.0944454906128,2.4660752548934872,0.01136371894915881
47044.0,0.311761,-0.782207,-0.539405,0.791347,0.52797,-0.308248,0.525903,-0.330757,0.783598,410.130208,-238.350564,-362.615265,3.594203,3.59776,3.59615,90.079906,89.952471,90.093631,136.521562,0.091811,0.08107,77.465634,0.8,282.693977,-134.108844,733.515355,-134.108844,-480.790055,-487.153154,733.515355,-487.153154,1278.407829,-321.178128,69.644982,121.388195,69.644982,-248.080374,-266.234958,121.388195,-266.234958,893.776677,606.318272,1.0,5.231558,0.67036,2.132217,2.0,112.0,1208.5106205878888,1.9931951194568136,0.010327160041057692
47301.0,0.569736,-0.510392,-0.644129,0.742616,-0.016,0.669526,-0.352026,-0.859793,0.36991,-209.927045,-342.747377,-578.8796629999999,3.592487,3.59754,3.594945,90.090173,89.994459,89.93444,104.927017,0.0531,0.057529,99.988383,0.986301,-863.284898,-249.270946,9.770834,-249.270946,-268.895079,286.782954,9.770834,286.782954,1339.367224,-385.402486,68.482802,146.930284,68.482802,-121.882744,61.863339,146.930284,61.863339,1001.312029,343.465942,1.0,3.90766,1.191885,3.530203,2.0,144.0,1284.3567478483997,3.739400594916627,0.00986415591899311
45996.0,-0.644104,-0.461645,-0.609929,0.673488,0.035814,-0.73833,0.362691,-0.886342,0.287844,-284.469926,-238.346069,-407.748132,3.594367,3.597581,3.594749,90.07413,90.012569,90.072574,63.002202,0.054602,0.050756,126.300848,1.0,-701.760169,31.361025,-127.885006,31.361025,67.587444,-103.510847,-127.885006,-103.510847,1321.270009,-251.250478,64.274369,66.882294,64.274369,-135.653826,42.260748,66.882294,42.260748,1320.333927,303.544187,1.0,5.592735,1.278822,2.753181,2.0,148.0,1519.6588555910594,5.006384311326177,0.007917603213558787
45999.0,-0.434248,-0.373426,-0.819745,0.500734,0.6564,-0.564273,0.748795,-0.655509,-0.098053,-242.277691,-253.980293,-348.170843,3.597447,3.595481,3.589957,89.984337,90.000688,90.042832,143.356333,0.065786,0.063032,100.204575,0.985507,-765.344628,-696.84868,-221.209905,-696.84868,-489.913009,103.432996,-221.209905,103.432996,883.44652,45.041761,98.808542,-143.186195,98.808542,-340.185004,65.995867,-143.186195,65.995867,1166.569812,627.027908,1.0,5.315255,1.669007,2.289863,2.0,136.0,1365.3692190208396,2.177525436428963,0.009834950150729145
46872.0,0.167074,-0.02787,-0.98555,0.975287,0.151248,0.161057,0.144574,-0.988103,0.052451,182.187768,11.811743,-318.499309,3.593982,3.600454,3.592416,90.012502,89.990099,90.021648,110.452004,0.067287,0.061995,107.318836,1.0,-665.319227,-2.025238,-13.772542,-2.025238,-214.98836,-71.951115,-13.772542,-71.951115,1612.387126,-289.728788,-99.008951,-33.682906,-99.008951,-169.759042,-27.754467,-33.682906,-27.754467,1440.247965,553.554105,1.0,4.550403,1.518321,2.996309,2.0,144.0,1675.8425194397882,3.027423162980226,0.009318028756853084
46007.0,-0.035176,-0.507796,0.860759,0.158473,0.84756,0.506486,-0.986737,0.154223,0.050658,435.517649,489.041205,-523.43655,3.600087,3.59453,3.593391,89.971358,89.996008,89.976229,109.96531,0.068558,0.059308,102.528437,0.979452,-504.489239,-47.348569,139.87833,-47.348569,174.930917,-405.448467,139.87833,-405.448467,1383.129591,-565.522535,-143.78598,-90.37631,-143.78598,-236.26269,-124.447078,-90.37631,-124.447078,1502.871732,474.270336,1.0,2.102656,1.520116,4.86743,2.0,143.0,1933.617008107854,4.0770355245407,0.009552978945733856
47516.0,-0.494854,0.67057,0.552679,-0.620084,-0.718067,0.31603,0.608782,-0.186319,0.771149,-194.373439,250.556489,-227.94308,3.596274,3.594574,3.596741,90.018462,89.931987,90.031238,106.009338,0.066211,0.062872,91.768707,0.970149,-9.797864,0.093988,-115.120782,0.093988,-206.800407,-14.589879,-115.120782,-14.589879,1152.920061,-180.854107,-49.582469,-94.772206,-49.582469,-115.328317,-83.969734,-94.772206,-83.969734,1116.023506,573.496046,1.0,2.090234,0.690153,1.867796,2.0,130.0,1270.8558429256511,2.2159801306209026,0.010571675593075534
46591.0,-0.08952,-0.892244,-0.44259,0.783262,-0.337555,0.52207,-0.615212,-0.299929,0.729079,479.981323,283.343533,-274.814122,3.59531,3.594367,3.596403,90.012735,90.05836,89.95596,58.348116,0.050756,0.045458,106.276828,1.0,-57.489435,-170.61463,4.947933,-170.61463,-369.60285,-3.3944,4.947933,-3.3944,943.619661,-35.773566,23.356872,88.58779,23.356872,-89.909775,68.002151,88.58779,68.002151,948.962151,205.000502,1.0,3.844785,0.753821,4.258775,2.0,138.0,1017.6975211015176,4.964365995072137,0.009409388846268539
46127.0,-0.545347,-0.757936,-0.357952,0.751055,-0.631457,0.192815,-0.372173,-0.16369,0.913615,21.863246,185.748998,-486.43827899999997,3.594584,3.593904,3.599214,90.002571,90.105165,89.971855,133.331161,0.055779,0.059039,94.085527,0.992958,-154.995982,107.486262,-4.675034,107.486262,-565.172644,-314.832487,-4.675034,-314.832487,1687.145545,-498.927224,-17.673641,-27.804226,-17.673641,-152.430332,-10.525386,-27.804226,-10.525386,1248.01308,565.866163,1.0,4.218292,0.418707,4.298029,2.0,141.0,1602.3259026489634,2.8316340637052075,0.01055378049803558
47169.0,-0.155583,0.774682,-0.612913,-0.603032,0.416953,0.680076,0.782398,0.475414,0.402287,235.678904,271.31844,-519.62896,3.594983,3.591045,3.594452,90.003721,89.944661,89.891704,157.013541,0.071615,0.075172,74.158322,0.873239,-750.357146,-676.770748,-126.31587,-676.770748,-1081.834159,-95.233927,-126.31587,-95.233927,789.387207,-284.026749,-171.573441,86.789976,-171.573441,-616.759106,100.608031,86.789976,100.608031,1050.387255,736.484547,1.0,3.875093,1.156783,1.02478,2.0,124.0,1539.705560602443,2.090614890528644,0.011775333859361057
47532.0,-0.646459,0.76031,-0.063398,-0.755965,-0.627108,0.187755,0.102995,0.169302,0.980168,288.481958,429.824011,-496.810136,3.587603,3.593556,3.599691,89.969594,90.093895,90.071629,203.938914,0.094282,0.083732,71.778399,0.837838,-495.300889,-616.431791,742.06964,-616.431791,-1638.218164,998.74599,742.06964,998.74599,1193.800139,-592.665547,-124.035026,-154.725859,-124.035026,-165.538021,-84.752361,-154.725859,-84.752361,1306.007108,652.539035,1.0,3.467232,0.199491,0.546537,2.0,124.0,1735.3101241154318,2.65932002690909,0.011672564610977184
47518.0,0.746612,-0.657706,0.099966,0.590594,0.724457,0.355473,-0.306218,-0.206361,0.929326,-4.610134,-327.037341,-544.175256,3.593048,3.594696,3.599269,90.000812,90.077972,89.994854,89.330087,0.062595,0.057277,103.030429,1.0,-400.318108,-370.089771,-221.237632,-370.089771,-262.581822,184.395528,-221.237632,184.395528,1438.76327,-424.151425,-29.881337,-71.080846,-29.881337,-145.39229,123.872438,-71.080846,123.872438,1387.851709,418.506709,1.0,2.867452,0.378214,4.119394,2.0,138.0,1694.6730977151394,4.049333167834925,0.009705870486087174
46508.0,-0.050895,-0.608784,0.791702,0.463901,0.687608,0.558562,-0.884424,0.3957,0.247419,-126.494683,-253.794147,-500.639977,3.598034,3.595512,3.591967,89.929611,89.988354,89.966919,180.937559,0.097817,0.099681,94.74827,0.804348,-984.365168,-384.020518,15.693981,-384.020518,766.581158,-345.122835,15.693981,-345.122835,576.487649,-589.896055,-48.762864,2.002343,-48.762864,-159.181466,-182.780759,2.002343,-182.780759,1104.022729,709.172454,1.0,2.185218,1.32078,5.133087,2.0,111.0,1533.6633741545857,2.162609906101324,0.008489315952681773
47553.0,-0.576674,0.493284,0.651244,-0.659851,0.188788,-0.727293,-0.481709,-0.849135,0.216625,316.89615,219.311466,-566.994208,3.598823,3.598892,3.592205,89.98127,89.965724,90.101789,222.426685,0.068838,0.08314,84.930393,0.965278,745.346176,1217.720108,-696.674572,1217.720108,626.089054,38.86651,-696.674572,38.86651,212.504694,-417.532592,191.530061,304.256186,191.530061,-209.405773,-109.684177,304.256186,-109.684177,1078.835555,595.742899,1.0,0.730287,1.352441,3.657616,2.0,139.0,1441.1678316239963,2.419110381413034,0.011365519055116112
47032.0,0.2968,-0.530659,-0.793921,0.776777,0.617745,-0.122511,0.555452,-0.580339,0.59555,249.255132,343.700806,-437.110786,3.597716,3.595233,3.596867,90.079297,90.042798,90.036486,129.588346,0.063285,0.063021,86.774773,0.986111,177.788898,815.320861,46.176355,815.320861,429.701723,-151.875223,46.176355,-151.875223,947.935282,-85.517983,99.358531,94.762787,99.358531,-262.283663,-89.673455,94.762787,-89.673455,1101.382971,475.03472,1.0,4.865492,0.932846,2.378102,2.0,142.0,1292.266771401719,2.7203627798021146,0.011364028575447844
46039.0,-0.36188,-0.820367,-0.442764,0.464802,-0.570489,0.677127,-0.808085,0.039241,0.587758,346.254233,302.001073,-559.52108,3.597124,3.592046,3.595391,90.003231,90.011695,89.96962,128.639825,0.061644,0.0587,89.893383,0.993056,-277.802964,-508.426019,342.286569,-508.426019,-200.890872,3.584336,342.286569,3.584336,573.287979,-126.047331,-33.835562,-9.054446,-33.835562,-231.057688,50.673224,-9.054446,50.673224,1089.346489,377.096563,1.0,3.720695,0.942512,4.760912,2.0,143.0,1272.2752078910978,3.3738711320238095,0.011047042250039696
47568.0,0.528758,0.534593,-0.659261,0.335476,0.581846,0.740885,0.779661,-0.612915,0.128313,387.45216,181.290112,-511.925432,3.596962,3.597998,3.595451,90.031042,89.968224,90.045975,108.979018,0.068022,0.057692,77.829245,0.958904,288.458687,143.398676,-348.210643,143.398676,232.396534,32.717609,-348.210643,32.717609,1200.902933,260.879789,-107.372772,-78.496714,-107.372772,79.689379,40.509571,-78.496714,40.509571,1059.081361,585.81579,1.0,3.86876,1.442129,2.237023,2.0,140.0,910.5388174187514,1.5543091069954795,0.012320612900716177
47415.0,0.612942,-0.665634,0.425715,0.586663,0.744311,0.319105,-0.529271,0.054158,0.846723,340.065613,309.368164,-238.770404,3.59534,3.593623,3.597561,90.008974,90.086291,90.049596,153.552307,0.062947,0.075178,87.33403,0.992857,71.385647,-52.047459,-105.394894,-52.047459,-732.555355,7.338763,-105.394894,7.338763,1300.732897,-566.295291,15.170581,68.585739,15.170581,-10.352611,57.714329,68.585739,57.714329,1430.963232,642.709274,1.0,2.214025,0.561002,4.81436,2.0,139.0,1787.16295721256,2.7806708717455972,0.01136850091539346
46981.0,0.189717,0.737255,-0.648431,0.435397,0.528766,0.728585,0.880021,-0.42055,-0.220683,-175.28308,422.900003,-432.377401,3.597843,3.595101,3.599936,89.989271,90.026674,90.044272,137.432821,0.069181,0.058436,129.711066,0.992857,553.009525,-683.589755,252.766384,-683.589755,705.243834,-199.846849,252.766384,-199.846849,1150.43097,-246.088477,30.291686,305.59631,30.291686,-112.289741,138.037247,305.59631,138.037247,1081.528494,321.205023,1.0,3.868848,1.793311,2.016597,2.0,139.0,1299.1751922642004,4.04469139408259,0.007654373914404497
46044.0,-0.254428,-0.459595,0.850905,0.368397,0.767461,0.524678,-0.894176,0.446963,-0.02595,618.39147,-250.640729,-315.157469,3.602507,3.598843,3.592615,90.054716,90.06599,89.967569,175.474013,0.091713,0.082543,68.515967,0.8,642.780645,-1272.768512,601.999173,-1272.768512,354.403818,-286.044125,601.999173,-286.044125,1712.550139,-107.061322,-185.592915,131.285456,-185.592915,-314.234983,90.281952,131.285456,90.281952,1612.363919,696.804675,1.0,2.123341,1.596749,5.175925,2.0,112.0,1844.027462140415,2.6464051237033033,0.011676110475095536
46674.0,0.224032,0.927175,-0.300261,-0.846954,0.337647,0.410686,0.48216,0.162301,0.860918,319.498082,527.534943,-481.348103,3.59304,3.599647,3.597783,89.992123,89.917128,90.042731,105.933214,0.059917,0.055765,119.044247,1.0,935.464499,947.056886,-158.489776,947.056886,-312.341802,198.942941,-158.489776,198.942941,1114.065127,-290.692053,-31.579782,-88.133329,-31.579782,65.162675,95.587078,-88.133329,95.587078,1044.862038,165.821997,1.0,3.772902,0.533724,1.246097,2.0,146.0,1203.5365891774848,7.258003226058631,0.008400237938419654
46059.0,-0.592798,0.382506,-0.708717,0.701038,0.678236,-0.22032,0.396404,-0.627443,-0.670209,231.132566,-82.618953,-327.61515199999997,3.594909,3.595646,3.594904,89.934519,90.060646,90.017385,77.071945,0.057256,0.051351,100.328914,1.0,-610.040252,-55.813017,-82.591561,-55.813017,-10.379847,52.630648,-82.591561,52.630648,963.863336,-216.50335,-98.729531,-38.105462,-98.729531,-119.516312,127.958577,-38.105462,127.958577,986.565291,348.911465,1.0,5.013789,2.305286,2.578135,2.0,146.0,1166.5240179531277,3.3433238370459613,0.009967216429752245
47711.0,-0.76352,0.051772,0.643706,-0.611958,0.260367,-0.746804,-0.206263,-0.964121,-0.167113,42.408679,413.658394,-489.161734,3.594077,3.599344,3.594396,90.000593,89.977796,89.96612,75.248121,0.063686,0.055911,118.788043,1.0,-358.061025,-57.717767,133.969221,-57.717767,49.172488,-152.089941,133.969221,-152.089941,1309.262706,-389.456441,94.827367,-34.505934,94.827367,-261.185291,-296.943249,-34.505934,-296.943249,1483.172636,225.444151,1.0,0.711389,1.738697,3.352355,2.0,146.0,1832.1455999245793,8.126826940498356,0.008418355709421023
46557.0,-0.07065,-0.8474,-0.526234,0.619582,-0.450725,0.642624,-0.781746,-0.280644,0.556877,580.364566,195.546745,-294.001908,3.59777,3.5859,3.593866,90.122134,90.044784,89.969366,165.161545,0.069515,0.06684,92.157425,0.985507,-2775.995722,-554.289658,-86.473077,-554.289658,-121.570377,-238.593785,-86.473077,-238.593785,1035.502874,181.280779,134.913363,58.369248,134.913363,-151.178323,-34.043536,58.369248,-34.043536,1152.390248,431.021315,1.0,3.827742,0.980175,4.367723,2.0,136.0,1180.471303132831,2.7387770907172677,0.01069373411854769
47451.0,-0.507108,0.591699,0.626685,-0.699482,-0.707355,0.10185,0.503553,-0.386706,0.772588,-288.472175,377.449722,-340.742833,3.594869,3.594079,3.597905,90.083265,89.953101,89.985425,169.798905,0.076041,0.07976,105.38516,0.971831,-585.493594,216.923814,335.400874,216.923814,106.763549,220.621118,335.400874,220.621118,1209.616266,70.94866,-38.614324,15.232065,-38.614324,-312.358765,87.471854,15.232065,87.471854,1352.578554,587.548414,1.0,1.731909,0.687889,2.22569,2.0,138.0,1512.5438264807399,2.5743305410075363,0.009221706357897071
46270.0,0.532655,0.791288,-0.300236,-0.648543,0.609547,0.4559,0.543757,-0.048121,0.837862,-173.053807,-151.249705,-566.671279,3.595725,3.592424,3.597361,90.019679,89.937156,89.983748,136.059339,0.070457,0.071874,80.037929,0.970588,-234.325883,-322.342813,16.807859,-322.342813,-504.934447,6.519812,16.807859,6.519812,1097.498551,-451.274552,97.745228,125.644438,97.745228,-95.831673,-156.229622,125.644438,-156.229622,1052.073515,564.387886,1.0,3.72396,0.577441,1.659064,2.0,132.0,1374.5369939006403,2.43544737227163,0.012126600627060202
46414.0,0.348303,-0.46981,0.81115,-0.546972,0.600882,0.582891,-0.761253,-0.646699,-0.047684,-132.61011,-164.080734,-547.37371,3.59686,3.59502,3.593074,89.974366,90.029181,89.936302,127.903175,0.070569,0.066191,74.982802,0.964789,-712.933477,15.086796,8.295781,15.086796,0.340514,185.871443,8.295781,185.871443,915.909483,-530.051103,3.540978,-95.485011,3.540978,-72.125855,65.827054,-95.485011,65.827054,1051.647541,635.702633,1.0,2.193896,1.618498,4.008174,2.0,137.0,1413.245815326982,2.2231240551224554,0.01286680377721814
46543.0,0.196677,0.31793,0.927491,-0.331166,0.911914,-0.242366,-0.922847,-0.259485,0.28464,110.501085,-396.188825,-281.987806,3.598283,3.596187,3.597355,90.106722,90.054738,90.006304,120.471733,0.063941,0.057821,146.732227,1.0,-26.572183,-662.182893,521.843668,-662.182893,852.994861,-163.975494,521.843668,-163.975494,1286.960206,-362.407583,-13.728782,6.641518,-13.728782,-15.782086,285.252058,6.641518,285.252058,1266.837115,391.590446,1.0,1.315198,1.282165,4.438287,2.0,138.0,1507.0005847079424,3.8484099908503446,0.006815135437152467
47081.0,-0.201146,0.31494,0.927552,-0.972182,-0.180193,-0.149641,0.12001,-0.931849,0.342424,149.018628,265.435621,-348.632646,3.594936,3.599107,3.592591,90.033339,89.992053,90.023914,138.113769,0.06606,0.071381,97.606751,0.978261,-561.368811,82.966961,-371.426724,82.966961,8.77185,-3.220968,-371.426724,-3.220968,1223.788868,-763.568172,-54.078314,-373.28295,-54.078314,-52.143934,39.493786,-373.28295,39.493786,1255.319003,451.987481,1.0,1.410845,1.2213,3.013511,2.0,135.0,1803.7773947094506,3.9907684848232567,0.010022472728346424
47668.0,-0.50251,0.588452,-0.63341,-0.470375,0.428632,0.771377,0.725418,0.685565,0.0614,220.064637,390.273211,-474.49883,3.599642,3.593292,3.594245,89.999626,89.976687,89.937865,138.477323,0.080844,0.071862,86.425749,0.963768,-44.420349,2.872515,-710.522113,2.872515,-218.979152,-486.344179,-710.522113,-486.344179,1085.835851,-190.050659,-75.644809,-9.574383,-75.644809,-265.399798,34.216084,-9.574383,34.216084,1296.469102,499.298716,1.0,3.829093,1.509357,0.813636,2.0,133.0,1527.306415375269,3.058903150424422,0.011151398873037247
47267.0,0.488315,-0.590195,-0.64282,0.660099,0.731623,-0.170288,0.570805,-0.341171,0.746849,552.808184,-38.429887,-370.681579,3.593717,3.596416,3.598312,90.001516,89.930077,90.020907,111.898706,0.074245,0.064125,87.661252,0.985915,217.091162,-483.358583,-369.400761,-483.358583,-156.010809,-151.995929,-369.400761,-151.995929,1113.444161,27.652314,23.253474,24.94108,23.253474,-254.439271,-143.989397,24.94108,-143.989397,1138.103769,415.904411,1.0,4.971348,0.727485,2.109524,2.0,140.0,1281.5416119758772,3.081336908388493,0.011246873362018602
46288.0,0.540129,0.838037,0.077166,-0.701521,0.397689,0.591364,0.464897,-0.373546,0.802704,-247.29632,93.880266,-493.239355,3.598864,3.595726,3.598263,90.058577,89.939927,89.963939,90.59716,0.051969,0.050887,132.148976,1.0,795.899937,-546.000746,239.267838,-546.000746,98.091806,-9.872205,239.267838,-9.872205,1506.08874,-143.155955,-67.736895,-28.023932,-67.736895,164.585298,95.47829,-28.023932,95.47829,1196.403487,183.64032,1.0,3.011838,0.63898,2.24767,2.0,138.0,1219.7351249259118,6.641978868942898,0.007567217168599172
47180.0,0.420857,-0.732091,-0.535651,0.697902,-0.115908,0.706752,-0.579493,-0.671273,0.462147,178.563172,-15.755256,-287.116976,3.595929,3.596608,3.595993,90.03944,90.043743,89.946959,87.800105,0.057957,0.056353,107.962049,1.0,53.771653,-63.943244,-45.984898,-63.943244,-53.381058,50.088622,-45.984898,50.088622,1197.527648,-179.907608,-30.151775,14.884546,-30.151775,36.051657,87.903951,14.884546,87.903951,1329.17367,476.265452,1.0,3.790134,1.090382,3.853743,2.0,144.0,1415.8770998968548,2.9728738331766604,0.009262514089557526
47621.0,0.525383,-0.603063,0.600239,0.289551,0.790061,0.540337,-0.800083,-0.110084,0.589702,357.989262,-344.807943,-447.414631,3.597907,3.591079,3.593918,90.006856,90.00777,89.983009,180.392966,0.086408,0.079611,79.02333,0.855263,-303.138619,540.874198,-419.055594,540.874198,-632.94923,-293.43193,-419.055594,-293.43193,570.054393,-638.971544,-124.918258,15.047783,-124.918258,-34.929577,-122.971874,15.047783,-122.971874,1092.285885,544.569222,1.0,2.303723,0.940106,4.575656,2.0,130.0,1529.5691083213362,2.808768925103403,0.010822917738343853
47655.0,-0.636616,0.490532,0.595062,-0.586584,0.192919,-0.786576,-0.500639,-0.849801,0.164923,224.234513,-398.306075,-431.052949,3.596955,3.596976,3.596825,89.938923,89.965505,89.965477,139.318609,0.067304,0.059594,95.078705,0.993151,499.547186,-205.19105,-264.847699,-205.19105,641.778731,587.665443,-264.847699,587.665443,675.949293,55.166333,35.190012,31.537041,35.190012,-160.882776,-12.929536,31.537041,-12.929536,1067.815282,351.440414,1.0,0.647662,1.405117,3.673978,2.0,145.0,1136.9771702511503,3.235191870253005,0.010445567175110347
46521.0,-0.034885,0.831125,-0.554991,0.434988,0.512594,0.740293,0.89976,-0.215589,-0.379411,281.278428,273.20134,-391.628931,3.59613,3.586872,3.593626,89.983295,90.100807,90.06819,197.134849,0.057582,0.071499,110.385688,0.804348,-1740.78927,-732.199725,264.763651,-732.199725,-1394.014739,-231.653066,264.763651,-231.653066,1020.395304,-861.704889,159.117052,-0.829517,159.117052,-342.004972,-50.739789,-0.829517,-50.739789,1021.961158,544.381806,1.0,3.784896,1.959955,1.80597,2.0,111.0,1691.2317345536464,3.1067014288748043,0.00728670550116968
47260.0,0.500767,-0.533037,-0.681986,0.691682,0.720109,-0.054948,0.520393,-0.444201,0.729298,-276.045304,-226.286759,-400.27065,3.597279,3.595019,3.59819,90.020795,89.982328,90.036945,107.906632,0.063408,0.05623,91.701488,0.853333,580.227291,260.151207,-96.603917,260.151207,62.080368,142.813292,-96.603917,142.813292,1100.733962,156.152831,-55.632271,-19.726013,-55.632271,-302.16344,162.145294,-19.726013,162.145294,1086.527881,409.081827,1.0,4.792785,0.7535,2.27737,2.0,128.0,1234.6614647838355,3.0181283628222273,0.009305552381003895
46935.0,0.238086,-0.238794,-0.941431,0.907279,0.40063,0.12783,0.346641,-0.884575,0.312037,299.615775,-278.566866,-571.6813030000001,3.590358,3.597817,3.586275,90.066262,90.137411,90.052436,242.532663,0.098084,0.096729,79.018377,0.873239,-1778.80391,1215.610691,769.055488,1215.610691,-1577.713742,-876.213021,769.055488,-876.213021,634.510374,-274.090205,148.978906,124.014956,148.978906,-565.199307,-157.003278,124.014956,-157.003278,994.948744,765.566699,1.0,4.577432,1.25346,2.768112,2.0,124.0,1453.0318275861073,1.897982017091508,0.011051087521071206
47675.0,-0.148858,0.785403,-0.600818,-0.220565,0.565909,0.794417,0.963946,0.250775,0.088992,236.353347,306.199456,-323.975503,3.600177,3.593353,3.593145,89.953227,90.001152,89.934289,139.209746,0.078557,0.075496,119.376758,1.0,-885.996632,57.694759,117.12569,57.694759,-103.133929,-31.755931,117.12569,-31.755931,1671.141706,-393.964119,40.83305,-211.32473,40.83305,-312.254539,-149.683262,-211.32473,-149.683262,1498.415547,488.671464,1.0,3.789115,1.481686,1.316284,2.0,144.0,1866.735017844867,3.8200205155520743,0.008376839987562739
47825.0,-0.835253,0.539179,-0.107885,-0.530049,-0.7373,0.418852,0.146292,0.407032,0.901623,144.560242,-425.871611,-532.501021,3.594197,3.589761,3.596263,89.86286,90.028485,89.918084,202.638311,0.080461,0.079344,68.321897,0.871622,-1332.940876,1139.006542,205.618603,1139.006542,-791.639527,-130.316066,205.618603,-130.316066,1008.027121,-738.005945,-45.732001,-279.082297,-45.732001,-433.524607,288.754743,-279.082297,288.754743,1332.581505,596.525322,1.0,3.393687,0.44729,0.345035,2.0,129.0,1967.7663150334206,3.298713805536357,0.012757579023310784
46433.0,-0.29608,-0.187983,-0.936482,0.947405,0.066908,-0.312965,0.12149,-0.979891,0.158286,-339.353852,-116.952455,-522.498938,3.59332,3.600449,3.589199,90.011095,89.922948,89.930407,172.248726,0.071148,0.074046,72.458884,0.826087,-924.272312,-1014.342128,503.521322,-1014.342128,-817.397827,-587.709738,503.521322,-587.709738,1391.810377,-369.948398,-149.104023,85.330868,-149.104023,-427.607827,-21.53423,85.330868,-21.53423,1554.947309,531.763266,1.0,5.034912,1.411842,3.018239,2.0,114.0,1960.1069606675526,3.6860518316952575,0.011400769020952628
47490.0,-0.443557,0.705579,-0.552644,-0.593545,0.230763,0.771008,0.671537,0.670005,0.316436,328.832388,126.413115,-380.277978,3.596823,3.594753,3.596427,90.007529,89.951374,89.932318,78.245811,0.067572,0.056702,99.648661,1.0,148.394813,-388.442383,-355.759581,-388.442383,-90.935863,-157.568155,-355.759581,-157.568155,993.892453,299.083047,21.130814,-147.230756,21.130814,68.764057,-14.275568,-147.230756,-14.275568,1080.558692,324.210414,1.0,3.763493,1.248826,0.78654,2.0,146.0,927.6233616827211,2.8611769444356008,0.010035257774311688
46133.0,-0.262377,-0.961008,0.087303,0.442056,-0.039282,0.896127,-0.857756,0.273716,0.435126,-220.755111,286.705595,-224.927513,3.599811,3.594145,3.592155,90.009825,90.034363,90.032619,110.440865,0.066727,0.06014,84.584762,0.958333,-176.822988,25.237588,209.630906,25.237588,-524.064174,-703.959869,209.630906,-703.959869,1226.713539,-330.766242,-55.057158,-84.793611,-55.057158,-338.199193,-327.756116,-84.793611,-327.756116,1356.502776,463.087273,1.0,3.044476,1.120618,5.021282,2.0,138.0,1716.8888621033427,3.707484446680837,0.011329853951708229
47609.0,0.617369,0.527576,-0.58354,0.371381,0.458456,0.807399,0.693492,-0.715179,0.087105,233.939657,-198.304147,-250.977337,3.594773,3.596279,3.591509,90.016552,89.926315,90.059181,125.889537,0.059738,0.059153,97.476378,0.992647,-894.502821,439.779662,-365.95337,439.779662,-391.952533,230.000778,-365.95337,230.000778,823.751008,-92.102265,26.610911,127.076599,26.610911,-251.5077,2.646386,127.076599,2.646386,956.292611,424.447972,1.0,3.767418,1.483581,2.371589,2.0,135.0,1142.0636823130897,2.6907035906702124,0.010183462089656224
46881.0,0.164234,-0.909874,-0.380994,0.803834,-0.100416,0.586317,-0.571733,-0.402549,0.714896,162.093033,-221.336802,-317.005108,3.595536,3.592335,3.595577,90.10374,90.041449,90.043926,144.225686,0.067037,0.066797,81.709844,1.0,-982.644783,727.124691,-175.751224,727.124691,43.547132,262.958327,-175.751224,262.958327,722.187588,-255.491451,93.348289,48.648825,93.348289,-388.039314,84.61802,48.648825,84.61802,994.038654,587.609907,1.0,3.717834,0.774321,4.098926,2.0,148.0,1325.9704294838043,2.256548798255378,0.012238427477599883
46439.0,0.322705,-0.275681,0.905462,-0.529974,0.739988,0.414181,-0.784213,-0.613529,0.092694,234.675011,471.203056,-560.683187,3.597936,3.595849,3.593451,89.946256,89.973771,89.949514,121.874117,0.080382,0.067274,84.975295,1.0,-356.688526,1.86574,-623.221127,1.86574,198.103496,-69.56314,-623.221127,-69.56314,996.774,-175.065534,-37.619122,-88.712336,-37.619122,-144.708411,80.857162,-88.712336,80.857162,1124.479215,512.860526,1.0,1.999808,1.477969,4.048503,2.0,144.0,1289.2458601600802,2.513833283710511,0.011768126253636425
46510.0,-0.024223,0.847341,-0.530497,0.38386,0.497859,0.777681,0.923073,-0.184799,-0.33732,444.530538,-341.12845,-400.861959,3.597975,3.593992,3.591352,89.938383,90.122249,89.991941,124.109054,0.072739,0.068218,103.242046,1.0,-928.330196,764.643578,313.444129,764.643578,-683.384208,-183.47744,313.444129,-183.47744,1358.047278,-216.398158,159.658529,-36.122791,159.658529,-209.292648,313.664243,-36.122791,313.664243,1351.811436,279.746222,1.0,3.74024,1.914865,1.768384,2.0,138.0,1594.3884750807656,5.6994102143076155,0.009685976196171084
47423.0,-0.460132,-0.486499,0.742696,-0.685356,0.726405,0.05122,-0.564416,-0.485443,-0.667667,223.026716,-388.949544,-243.935513,3.595086,3.599068,3.595293,89.886272,89.93051,90.00361,144.962238,0.06912,0.067791,84.56357,0.918919,-757.744856,-200.441839,112.736382,-200.441839,743.385133,-636.263845,112.736382,-636.263845,1465.457375,-234.166463,-119.731518,-66.779455,-119.731518,-212.270429,-43.014549,-66.779455,-43.014549,1277.39798,656.815019,1.0,1.639653,2.301867,4.002072,2.0,136.0,1505.8862084462014,2.292709765892551,0.010866606033780268
47460.0,0.196125,0.802934,-0.562878,0.071124,0.560866,0.824846,0.977996,-0.201808,0.052892,-266.267192,-93.994589,-565.709062,3.599939,3.590261,3.593242,89.970037,90.018191,90.076532,141.235614,0.080643,0.075462,89.476632,0.986111,-1291.409445,-388.050364,119.502173,-388.050364,-498.657986,-298.400337,119.502173,-298.400337,1572.520175,-500.111339,140.084662,113.275658,140.084662,-516.935973,178.430185,113.275658,178.430185,1655.550316,446.393434,1.0,3.740411,1.51788,1.774288,2.0,142.0,2175.23510709219,4.872910176120982,0.011020877495701895
46162.0,-0.560651,-0.346013,-0.752293,0.827281,-0.273255,-0.490854,-0.035726,-0.897556,0.439451,523.711644,93.694881,-498.434462,3.594866,3.598249,3.594211,90.079157,89.977958,89.976983,94.327154,0.066733,0.063545,105.349467,1.0,-75.211788,-331.362562,51.898328,-331.362562,-371.453229,-25.82085,51.898328,-25.82085,1309.547228,-122.394351,-21.551514,143.621012,-21.551514,-314.66243,40.555508,143.621012,40.555508,1291.036055,308.136852,1.0,5.290503,1.115809,3.181375,2.0,146.0,1524.3235335138127,4.946904349869235,0.009492216984828218
46358.0,0.507352,0.642609,0.57415,-0.772388,0.043672,0.633648,0.382113,-0.764949,0.5185,111.434766,-36.229621,-243.28127,3.594261,3.597197,3.595188,90.031108,89.980547,90.030724,118.856952,0.069798,0.068173,75.599878,0.817568,12.606745,105.679211,-175.854937,105.679211,-191.376803,-6.733076,-175.854937,-6.733076,853.310346,80.08619,130.65882,-158.331602,130.65882,-211.211013,29.831414,-158.331602,29.831414,1005.39024,573.073395,1.0,2.405416,1.0257,2.678323,2.0,121.0,1114.8331846667854,1.9453584730918898,0.010814408986215558
47575.0,0.788094,-0.275949,-0.550236,0.557227,-0.059983,0.828191,-0.261544,-0.959299,0.106494,61.416197,-182.769522,-422.791403,3.592574,3.599306,3.59383,90.049092,90.059487,89.927064,141.593789,0.063319,0.070686,85.761332,0.924658,-311.800548,-352.346179,-291.229454,-352.346179,-835.256948,234.078829,-291.229454,234.078829,1559.973493,-317.612663,-210.939928,462.996189,-210.939928,-456.42306,155.60864,462.996189,155.60864,1428.952699,524.706447,1.0,3.728013,1.4641,3.407764,2.0,135.0,1877.3669596434847,3.577937664721479,0.010781758846749255
47437.0,0.687767,-0.5327,-0.493159,0.633371,0.108399,0.766219,-0.354707,-0.839333,0.41195,-67.810081,9.782838,-526.066542,3.593997,3.597124,3.595595,90.084092,90.025622,89.896815,113.3239,0.067169,0.060442,83.942192,0.971831,-746.446302,-164.455884,-296.253637,-164.455884,-151.477191,-9.42994,-296.253637,-9.42994,1589.516393,-309.409766,-140.718171,92.623793,-140.718171,-77.830479,-50.293557,92.623793,-50.293557,1388.154249,441.569666,1.0,3.713475,1.146203,3.541434,2.0,138.0,1601.6911519940554,3.62726716828881,0.011577384112151848
47442.0,-0.420979,-0.497348,0.758566,-0.614141,0.771724,0.165147,-0.667539,-0.396342,-0.630321,397.074207,-384.266045,-573.546713,3.595588,3.597643,3.591984,89.921308,89.978163,90.004091,156.824145,0.084238,0.079806,90.937393,0.972973,-855.243243,-100.109957,536.864362,-100.109957,719.085872,-386.920011,536.864362,-386.920011,411.985143,-331.415627,-34.022099,20.189292,-34.022099,-215.712763,-150.036688,20.189292,-150.036688,994.201722,477.584203,1.0,1.785161,2.252763,4.176588,2.0,144.0,1278.7993875970462,2.6776417217406294,0.010699372039398579
47567.0,0.186957,-0.538147,0.821855,0.038038,0.839944,0.541338,-0.981631,-0.069945,0.177504,288.37588,-329.206763,-340.183419,3.60015,3.593213,3.594667,90.030301,90.032222,90.075654,173.715773,0.075558,0.076944,90.632563,0.986301,196.090589,-39.33229,-377.405003,-39.33229,-597.841552,632.258092,-377.405003,632.258092,1460.399751,-0.748517,22.328354,-14.539653,22.328354,-364.923679,-116.820833,-14.539653,-116.820833,1475.697851,626.68482,1.0,2.153248,1.392347,4.641255,2.0,144.0,1691.4403091425431,2.6990286905984786,0.01088241320065063
47491.0,0.676602,-0.517451,-0.523884,0.553793,-0.111318,0.82518,-0.485308,-0.848441,0.211243,509.942499,333.897186,-497.52284299999997,3.596915,3.598162,3.594607,90.040525,89.997332,89.975692,84.842388,0.057346,0.049182,134.286931,1.0,164.604803,357.442048,45.28792,357.442048,232.357741,82.109403,45.28792,82.109403,1122.871507,-177.230331,42.599852,114.820081,42.599852,-83.168704,41.309673,114.820081,41.309673,1163.940192,230.912553,1.0,3.70726,1.35795,3.661169,2.0,148.0,1301.522933169499,5.636432130952617,0.0074467410384112505
47344.0,-0.038319,-0.529907,0.84719,-0.223344,0.830906,0.509619,-0.973986,-0.169686,-0.150191,399.062224,-35.19415,-588.325165,3.598809,3.591101,3.593059,89.961481,89.972024,89.93317,137.893841,0.05973,0.063561,95.53462,0.972222,-912.069521,398.790853,93.908342,398.790853,-752.082816,-209.683287,93.908342,-209.683287,1314.907588,-284.069783,-123.205019,1.54625,-123.205019,-519.614188,55.673184,1.54625,55.673184,1288.110805,565.023061,1.0,2.112348,1.721558,4.539902,2.0,140.0,1706.2421684577052,3.019774388390327,0.010176645911189053
46371.0,0.530342,0.081509,0.843857,-0.847293,0.017107,0.530849,0.028833,-0.996526,0.078134,355.745351,79.604121,-294.620371,3.592382,3.602125,3.592955,89.997407,90.011374,90.005785,155.254289,0.078206,0.081622,85.482675,0.985714,-614.393214,122.550976,-208.525615,122.550976,-519.098593,-89.12148,-208.525615,-89.12148,2035.380079,-677.270198,-67.988241,-266.852696,-67.988241,-329.1999,-39.62967,-266.852696,-39.62967,1740.466599,494.551809,1.0,2.132321,1.492582,3.112667,2.0,138.0,2276.645391637894,4.603451752085077,0.011531155289653722
46195.0,-0.512818,-0.664232,-0.543887,0.830076,-0.545303,-0.116698,-0.219069,-0.511313,0.831004,21.200692,-153.404672,-571.3042829999999,3.594736,3.593459,3.597761,90.00064,89.985943,89.973821,131.990077,0.068112,0.066154,91.462718,0.993151,311.133299,-187.396695,-443.925813,-187.396695,-326.597355,-160.325307,-443.925813,-160.325307,498.391246,-121.226769,109.665575,4.158368,109.665575,-388.917965,-88.325298,4.158368,-88.325298,1161.68642,422.120863,1.0,4.923747,0.589886,3.546377,2.0,145.0,1440.775237268851,3.4131817769662125,0.010858533637716737
46531.0,0.243876,-0.301725,0.921676,-0.483615,0.785936,0.385254,-0.840619,-0.539691,0.045752,-237.958617,202.737137,-236.554019,3.596664,3.594679,3.591983,89.969631,90.020668,89.919151,131.462246,0.058977,0.059504,81.41243,0.869565,-953.654734,131.775538,-56.153549,131.775538,-308.465359,-54.440795,-56.153549,-54.440795,1012.185102,-359.341634,-126.488473,-253.459619,-126.488473,-83.956592,10.601864,-253.459619,10.601864,1080.717714,605.591927,1.0,1.966717,1.525028,4.141647,2.0,120.0,1346.5890898590344,2.2235915470832133,0.010680985692233975
46202.0,-0.516092,-0.853849,-0.067757,0.851446,-0.520028,0.067902,-0.093214,-0.022647,0.995389,113.380465,272.453301,-433.370616,3.591863,3.591377,3.599968,90.067064,89.995373,90.003318,129.202864,0.06299,0.062397,86.444725,0.971831,-979.445457,-47.932251,318.23939,-47.932251,-755.22739,487.447206,318.23939,487.447206,1452.305667,-385.159579,66.405232,-105.766985,66.405232,-555.232727,206.479408,-105.766985,206.479408,1469.790494,465.707799,1.0,3.925916,0.096073,4.474047,2.0,138.0,1956.761198818604,4.201692999387807,0.011242224438796005
46209.0,-0.427598,-0.157031,-0.890225,0.743252,0.499458,-0.445105,0.514526,-0.851988,-0.096853,12.972267,-14.610955,-295.325092,3.595218,3.598681,3.595119,89.957692,90.005568,90.056264,99.555248,0.055318,0.059742,104.665969,1.0,135.20856,-39.733882,293.582562,-39.733882,-129.197738,-89.569522,293.582562,-89.569522,1328.110783,-20.971612,19.39327,49.514843,19.39327,-201.272299,-164.211672,49.514843,-164.211672,1370.496198,590.30822,1.0,5.176029,1.667801,2.598302,2.0,144.0,1497.303768426763,2.5364779240695023,0.009554203811938148
46219.0,-0.502582,-0.856798,-0.115361,0.862486,-0.506079,0.001194,-0.059405,-0.098897,0.993323,-128.119067,475.314544,-228.548804,3.591356,3.592099,3.600285,89.959632,90.051844,89.987857,155.751299,0.073668,0.076717,69.593111,0.811594,-648.149855,103.374742,-329.481537,103.374742,-982.820704,-556.773933,-329.481537,-556.773933,1496.883757,-376.218395,-43.941408,-426.409057,-43.941408,-765.197098,-88.604388,-426.409057,-88.604388,2042.226593,664.172514,1.0,4.702042,0.115625,3.682504,2.0,112.0,2661.69286125956,4.007532388278808,0.011661987635529041
47089.0,0.311061,-0.422507,-0.85131,0.642241,0.75372,-0.139403,0.700548,-0.503383,0.505804,502.415566,496.188746,-285.249449,3.595009,3.594231,3.590546,90.033446,89.864259,90.041426,165.677802,0.088612,0.076183,86.705929,0.931507,-1606.365022,-594.662052,68.316481,-594.662052,-573.780556,231.85671,68.316481,231.85671,943.451963,-318.066986,-58.255925,176.627659,-58.255925,-317.932633,50.290389,176.627659,50.290389,1208.067598,440.228899,1.0,4.8747,1.040482,2.193868,2.0,136.0,1535.1618482206416,3.487190077043628,0.010743290692381603
47594.0,-0.576574,0.682274,-0.449515,-0.606589,0.011129,0.794937,0.547368,0.731012,0.407444,-241.825362,287.111006,-402.053335,3.594932,3.596592,3.595628,89.963043,89.989772,89.955536,103.082025,0.059132,0.054423,86.889511,0.958904,-149.628419,-72.009183,117.028367,-72.009183,89.991279,102.623834,117.028367,102.623834,874.641103,-223.546098,-119.346569,229.816827,-119.346569,-137.600211,179.117384,229.816827,179.117384,1256.267529,532.54842,1.0,3.656237,1.151143,0.64272,2.0,140.0,1464.3797261798175,2.74975884104551,0.011035900524287679
47072.0,0.325423,-0.877807,-0.351503,0.747859,0.011457,0.663759,-0.578625,-0.478877,0.660204,246.291522,-385.167425,-255.735149,3.593842,3.598125,3.595892,90.009069,90.094501,89.939785,124.74342,0.052635,0.057265,86.702301,0.82,578.296872,-403.208149,241.531873,-403.208149,-810.083557,-13.237314,241.531873,-13.237314,1242.529925,-329.312752,23.456024,68.29859,23.456024,-249.112013,80.380738,68.29859,80.380738,1277.375468,511.922985,1.0,3.628611,0.849705,4.021037,2.0,123.0,1570.9164749791112,3.068657827464245,0.00945764980331952
47288.0,0.541968,-0.755839,-0.367393,0.706017,0.17236,0.6869,-0.455862,-0.631664,0.627049,-272.300766,-398.812912,-518.044446,3.591843,3.595731,3.595275,90.077619,90.053423,89.937617,146.624848,0.079553,0.069461,99.284616,0.972222,-695.7957,-279.208105,225.02674,-279.208105,-803.775622,169.276006,225.02674,169.276006,1116.480307,-325.370911,255.246257,-15.090105,255.246257,-47.892105,29.84872,-15.090105,29.84872,1038.348586,547.077,1.0,3.632736,0.893037,3.766724,2.0,140.0,1268.0788927866172,2.317916660335962,0.009792272349625646
46228.0,-0.467207,-0.033539,-0.883512,0.828171,0.333312,-0.450595,0.309597,-0.94222,-0.12795,70.613682,-58.054904,-438.848368,3.593323,3.59939,3.593424,89.972963,90.006374,90.0164,120.213963,0.069711,0.069286,107.246861,1.0,-406.675502,-18.407897,204.615017,-18.407897,-309.420949,-327.700973,204.615017,-327.700973,1249.424166,-344.832032,102.732778,27.182482,102.732778,-408.686965,-159.671266,27.182482,-159.671266,1339.974858,430.313705,1.0,5.184008,1.699098,2.824123,2.0,140.0,1725.6377975348087,4.010185540185871,0.009324282227710142
47681.0,-0.653004,0.602027,-0.459509,-0.570991,0.007246,0.820924,0.497548,0.798443,0.339021,64.86179,117.877825,-414.943255,3.594096,3.596951,3.594063,89.9679,89.969519,89.959529,164.800085,0.091345,0.086433,78.755875,0.868056,-166.426632,-51.37483,139.57118,-51.37483,-434.296368,84.033707,139.57118,84.033707,847.823704,-268.77473,-69.817726,292.994121,-69.817726,-152.268522,199.491313,292.994121,199.491313,828.611554,678.910176,1.0,3.651888,1.22492,0.557267,2.0,125.0,1089.89250776347,1.6053559753440343,0.01102211104885826
46236.0,-0.048442,0.078083,-0.995769,0.237817,0.969171,0.064428,0.970101,-0.23369,-0.065518,171.19596,-249.735839,-375.827981,3.599277,3.593505,3.594118,90.008253,90.035376,90.031784,112.46693,0.063717,0.058889,87.84252,0.978261,-187.300016,121.728926,192.718011,121.728926,-398.581509,115.102925,192.718011,115.102925,1331.029156,94.961421,-47.293886,76.937756,-47.293886,-338.708553,151.640066,76.937756,151.640066,1463.966469,585.243684,1.0,4.647778,1.636361,1.807185,2.0,135.0,1636.8579599484212,2.796882742519988,0.011136531602235456
46237.0,-0.470939,-0.034654,-0.881485,0.845374,0.267838,-0.462176,0.252111,-0.962841,-0.096839,585.846597,-374.713224,-275.757734,3.593408,3.598437,3.593315,90.043596,90.004512,90.064113,118.581074,0.065676,0.063394,115.927052,0.992857,-463.378293,168.232276,-521.752815,168.232276,-404.482252,-96.277154,-521.752815,-96.277154,1128.184033,-315.57059,101.188828,86.570046,101.188828,-404.911094,-258.943055,86.570046,-258.943055,1444.721905,289.247196,1.0,5.195299,1.667788,2.885501,2.0,139.0,1824.134207077678,6.30648881753612,0.008564497956870325
46242.0,0.255763,0.15584,0.954096,-0.201999,0.973752,-0.104901,-0.9454,-0.165896,0.280529,418.871371,-157.192101,-468.131924,3.597732,3.593678,3.595155,90.008647,90.007052,89.988861,144.193086,0.059357,0.064577,81.16178,0.84058,107.571661,-133.546525,-121.384871,-133.546525,-270.410757,92.4349,-121.384871,92.4349,814.985116,-217.140904,208.59068,-382.519442,208.59068,-615.564591,94.386919,-382.519442,94.386919,1151.873623,619.189438,1.0,1.461288,1.286451,4.53868,2.0,116.0,1651.4978320392925,2.6671931571922136,0.010356845303294237
47692.0,-0.584542,-0.464211,0.665446,-0.51221,0.847197,0.141064,-0.629247,-0.25839,-0.732996,4.286566,467.695619,-415.720654,3.592156,3.593608,3.597185,89.974244,89.893922,89.938714,103.446074,0.063019,0.050527,155.225597,1.0,-581.73585,-445.286781,-351.192774,-445.286781,-945.096771,-330.299259,-351.192774,-330.299259,1170.947324,-111.21956,20.443833,-112.642776,20.443833,-46.969448,-81.955577,-112.642776,-81.955577,1113.205022,127.411292,1.0,1.779688,2.393512,4.322749,2.0,144.0,1199.8089488703713,9.416818007546548,0.006442236456658627
46547.0,0.253148,0.951047,-0.177275,-0.540924,0.29107,0.7891,0.802071,-0.103867,0.588128,357.101259,-326.912334,-470.374648,3.596397,3.591705,3.593313,89.964703,89.907701,90.043895,148.368238,0.068914,0.070564,79.552675,0.887324,-1107.723089,381.285292,118.673973,381.285292,-609.92527,-188.008542,118.673973,-188.008542,935.80886,-765.998024,106.342991,185.107901,106.342991,124.314706,-64.92339,185.107901,-64.92339,866.413642,536.235781,1.0,3.362578,0.942054,1.699578,2.0,126.0,1428.778963884914,2.664460326053688,0.011153917828658811
46827.0,0.071577,0.989762,-0.123483,-0.925348,0.112103,0.362165,0.3723,0.088342,0.923898,78.202069,105.071112,-427.55805,3.594167,3.589658,3.598501,89.957862,89.986743,89.988317,108.746329,0.065181,0.06081,86.238429,0.84058,-1447.524924,-142.826994,125.038699,-142.826994,-86.0035,353.408055,125.038699,353.408055,1006.03268,-233.882603,146.887635,-69.391794,146.887635,-353.749912,180.938054,-69.391794,180.938054,1047.687763,442.661975,1.0,3.47019,0.39265,1.337817,2.0,116.0,1361.8944522886654,3.0766014006255347,0.009747162717910828
47318.0,0.302529,0.833776,-0.461838,0.290793,0.380703,0.877784,0.907698,-0.399854,-0.127283,407.264848,40.928772,-454.641033,3.599992,3.592859,3.592684,90.011047,90.019079,90.001293,114.698596,0.066603,0.060272,75.226665,0.964789,-237.04425,114.687166,603.602311,114.687166,-544.958841,438.385785,603.602311,438.385785,1147.67312,-370.228342,-58.982882,311.809414,-58.982882,-488.918206,144.30807,311.809414,144.30807,1487.906156,502.164028,1.0,3.625934,1.698425,1.985734,2.0,137.0,1943.8208533470258,3.8708882854249884,0.012825093336252511
46264.0,-0.459648,-0.878436,-0.130668,0.882621,-0.46816,0.042502,-0.098509,-0.095794,0.990515,-81.016397,-144.072319,-234.77046,3.592804,3.592171,3.600153,90.001029,89.99612,90.004141,91.662192,0.056036,0.056796,100.133828,1.0,-666.60699,-68.306672,-291.395876,-68.306672,-540.651229,113.196375,-291.395876,113.196375,1459.978268,-536.774345,38.931171,-296.641857,38.931171,-457.459476,-4.667314,-296.641857,-4.667314,1504.05988,416.42416,1.0,4.397914,0.137843,3.940962,2.0,142.0,2019.0535014169652,4.8485503372738155,0.009986635085997113
47099.0,0.307877,-0.385294,-0.86992,0.607214,0.783479,-0.132107,0.732464,-0.487555,0.475171,-280.93345,-374.2658,-329.106193,3.59628,3.596048,3.593376,90.070267,89.926307,90.028895,86.139723,0.064227,0.05265,99.08348,0.993243,-888.795342,-54.28828,-33.576505,-54.28828,158.374412,-139.180287,-33.576505,-139.180287,1141.6692,-139.725047,188.824386,229.194307,188.824386,18.545927,139.280108,229.194307,139.280108,1142.79101,323.07058,1.0,4.863098,1.075638,2.158086,2.0,147.0,1244.0256399516813,3.8506311529563644,0.010024304757967726
46491.0,0.398285,0.594408,0.698605,-0.82694,0.562248,-0.006938,-0.396913,-0.57494,0.715474,328.493529,-251.635253,-265.227986,3.594939,3.594352,3.597378,90.079787,90.012046,89.98108,95.935239,0.06915,0.055641,90.519009,1.0,-230.154686,-311.854917,301.38682,-311.854917,-145.850817,-129.619853,301.38682,-129.619853,1056.136491,-440.110779,-194.735439,124.357347,-194.735439,-116.668328,83.642136,124.357347,83.642136,962.077527,419.782714,1.0,1.560865,0.773493,3.745816,2.0,142.0,1289.3823436197627,3.0715470185362674,0.011047403313927133
47053.0,0.329815,-0.920401,-0.209963,0.830387,0.17704,0.528313,-0.449088,-0.348596,0.822679,-3.415002,451.632892,-462.118712,3.595648,3.594266,3.596951,90.027218,90.039569,89.931708,127.065994,0.069282,0.066451,115.05511,0.959459,-463.047208,-274.15021,28.105917,-274.15021,168.844906,-183.075021,28.105917,-183.075021,1029.096763,-197.022462,-90.781945,-116.942537,-90.781945,-282.010475,-210.723437,-116.942537,-210.723437,1285.720791,681.616819,1.0,3.519875,0.604689,4.05231,2.0,142.0,1543.2131685485451,2.264047959985191,0.008339125485169671
46484.0,0.415212,0.906634,0.074925,-0.859269,0.363804,0.359587,0.298756,-0.213685,0.930099,-96.998319,109.500443,-290.609247,3.594344,3.5946,3.598015,89.990294,89.927623,90.011947,72.723091,0.048103,0.045526,118.124389,1.0,-73.731053,200.363759,366.351066,200.363759,-272.090037,-109.064705,366.351066,-109.064705,1107.029851,-44.134913,77.869659,120.783172,77.869659,2.992177,84.381157,120.783172,84.381157,1332.713337,373.699325,1.0,2.936169,0.376115,2.191684,2.0,141.0,1361.5706163514621,3.643492308559728,0.008465652254082771
46309.0,-0.283433,0.210457,-0.935614,0.685663,0.726571,-0.044279,0.670471,-0.654066,-0.350236,-154.394456,-349.214976,-546.409891,3.595016,3.59354,3.591431,89.915595,90.005784,90.06589,165.172554,0.068869,0.073433,78.473434,0.869863,-1062.758944,-544.325948,-34.781348,-544.325948,-759.987338,5.100591,-34.781348,5.100591,643.364806,-367.963214,178.176358,91.737313,178.176358,-246.008382,-58.891865,91.737313,-58.891865,614.917696,646.65103,1.0,4.759679,1.92862,2.34381,2.0,127.0,945.4014431541005,1.461996346242734,0.011084808650020338
46458.0,-0.050319,-0.377176,-0.924773,0.388675,0.845556,-0.366015,0.92,-0.377853,0.104052,231.417352,-114.745991,-325.497166,3.599554,3.592071,3.59213,90.047671,90.018263,90.054992,129.49194,0.076116,0.068803,81.130383,0.8125,-1046.300154,377.945102,67.36253,377.945102,-439.288757,393.543409,67.36253,393.543409,1355.515543,-508.705446,135.007016,-122.656394,135.007016,-339.719308,339.503825,-122.656394,339.503825,1265.47668,708.00067,1.0,5.08926,1.466556,1.960502,2.0,117.0,1728.5447911129231,2.441445134667631,0.010014743798263594
46503.0,0.408335,0.642461,0.648464,-0.905498,0.374949,0.19871,-0.115478,-0.668324,0.734853,-133.212474,278.186569,-361.227798,3.593752,3.595009,3.596969,90.1394,90.048972,90.052631,124.226118,0.060693,0.062949,108.015869,0.943662,-1236.956279,161.459661,293.929646,161.459661,93.623059,-94.44204,293.929646,-94.44204,1559.699538,-162.036849,29.748843,-44.31077,29.748843,23.924536,-60.768662,-44.31077,-60.768662,1149.541868,483.024668,1.0,1.868144,0.745347,3.31269,2.0,130.0,1231.1877696184151,2.548912822022612,0.008736327437221286
46317.0,-0.35496,-0.017419,-0.934719,0.821033,0.472363,-0.320591,0.447111,-0.881232,-0.153369,-128.137579,40.587145,-345.598479,3.593128,3.598572,3.595093,89.988224,90.000651,90.063665,107.529362,0.055023,0.053094,78.501878,0.866197,22.275301,211.494347,19.426811,211.494347,-513.782227,-296.107379,19.426811,-296.107379,1206.462976,19.007667,34.049541,89.917523,34.049541,-363.533753,-222.944213,89.917523,-222.944213,1171.228861,531.321139,1.0,5.042797,1.724773,2.672067,2.0,123.0,1399.6197484840209,2.6342256043458887,0.01103409271304312
46541.0,0.335942,0.729991,0.595193,-0.810774,-0.097486,0.577185,0.479363,-0.676468,0.559108,365.221937,158.871985,-224.262673,3.594024,3.595709,3.595342,90.026452,89.988643,90.043829,112.124663,0.059349,0.057646,81.30715,0.992857,-168.110404,219.011914,-110.775481,219.011914,-199.952075,42.733675,-110.775481,42.733675,605.61952,-562.062212,-42.176562,30.193876,-42.176562,-97.168779,-75.432075,30.193876,-75.432075,860.060299,518.981717,1.0,2.340835,0.977486,2.525101,2.0,139.0,1258.4547357397234,2.424853698150071,0.012211189298850102
46577.0,0.285351,0.785776,0.548754,-0.720215,-0.20196,0.663704,0.632349,-0.584609,0.508298,-253.728386,457.000766,-410.456713,3.597385,3.59933,3.594372,90.0617,90.02808,89.953102,204.43242,0.087172,0.086035,80.351816,0.867647,458.927736,-817.050191,-510.070171,-817.050191,886.462896,152.765214,-510.070171,152.765214,563.939653,-414.207507,79.60987,-30.554876,79.60987,-259.101587,119.348911,-30.554876,119.348911,1014.201361,682.652044,1.0,2.45072,1.037589,2.316986,2.0,118.0,1363.4484551302437,1.9972817295633023,0.010798100692584222
47052.0,0.029071,-0.392758,0.919182,-0.256783,0.885776,0.386605,-0.966032,-0.247269,-0.075103,305.820164,-186.401973,-387.655575,3.598644,3.591251,3.594696,90.033944,89.991053,89.968601,120.933451,0.059897,0.059279,79.725707,0.880282,52.456493,146.490223,-32.863133,146.490223,-1034.957898,285.310709,-32.863133,285.310709,1085.342393,-524.910966,-113.846722,-252.549212,-113.846722,-749.610852,-37.077048,-252.549212,-37.077048,1476.529183,556.149939,1.0,1.968931,1.64597,4.461806,2.0,125.0,2136.483968620862,3.841561094949364,0.01104138217300475
46525.0,0.388009,0.099805,0.916236,-0.921541,0.026341,0.387386,0.014529,-0.994658,0.102195,260.338724,-167.664605,-550.04384,3.595511,3.601856,3.591139,90.011695,90.023889,89.952506,101.850462,0.070847,0.066602,148.513624,1.0,-923.82638,-322.511174,-367.368697,-322.511174,159.587727,343.304062,-367.368697,343.304062,1956.233793,-447.359624,-26.226584,-56.408863,-26.226584,-409.137364,20.753173,-56.408863,20.753173,1704.857948,336.275654,1.0,1.970804,1.468422,3.126987,2.0,144.0,2134.119060540825,6.346338294656399,0.006733388985242189
46528.0,0.383454,0.821991,0.421062,-0.923169,0.327883,0.200626,0.026854,-0.465643,0.884565,174.860217,230.980587,-491.516551,3.593246,3.592441,3.598176,90.064139,89.975291,90.040527,138.036654,0.057911,0.063254,72.357643,0.895833,-864.575974,42.43596,430.613327,42.43596,-324.408237,-162.079397,430.613327,-162.079397,1088.749494,-322.79761,174.019443,200.549825,174.019443,-485.743873,163.979932,200.549825,163.979932,944.465014,617.611889,1.0,2.015448,0.485235,3.083987,2.0,129.0,1382.7675380716091,2.2388939764590723,0.012380627157797277
46340.0,-0.336434,-0.891962,0.302021,0.837003,-0.136257,0.529962,-0.431554,0.43109,0.792416,536.457792,227.079807,-461.896939,3.595344,3.590831,3.596352,89.929553,90.035297,90.021156,129.308535,0.065059,0.067156,115.067593,1.0,-1184.615338,-317.120868,274.033795,-317.120868,-96.674525,54.368027,274.033795,54.368027,809.409825,-154.464717,53.576037,84.092613,53.576037,-133.232263,66.90335,84.092613,66.90335,963.305501,296.626401,1.0,2.623606,0.656037,5.497249,2.0,154.0,1112.1787562130635,3.7494260539980173,0.00869054417432717
46535.0,0.375389,0.106235,0.920759,-0.926768,0.028505,0.37455,0.013544,-0.993932,0.109156,185.180165,12.970281,-490.936391,3.592994,3.601345,3.592421,90.005407,90.009152,90.003972,75.256613,0.062049,0.057982,134.471191,1.0,-661.945413,8.886313,-210.006304,8.886313,-450.076205,-79.153869,-210.006304,-79.153869,1818.410226,-459.092096,-18.912637,-98.009149,-18.912637,-363.997638,26.954579,-98.009149,26.954579,1590.396045,282.988974,1.0,1.957137,1.461423,3.127967,2.0,144.0,2005.6338536575977,7.087321549346293,0.007436537094402622
46357.0,-0.373173,-0.854155,-0.362161,0.927756,-0.342163,-0.148977,0.003332,-0.391591,0.920133,-184.058676,-77.926809,-497.271996,3.593528,3.592249,3.598775,90.061904,89.996145,89.984128,69.659789,0.05748,0.054788,116.523083,0.993151,-642.229531,-262.47235,-249.637149,-262.47235,-498.693873,-131.153038,-249.637149,-131.153038,1232.977673,-172.564988,-22.667815,-165.476444,-22.667815,-305.801732,-110.152834,-165.476444,-110.152834,1116.980518,225.039346,1.0,5.102646,0.402375,3.133085,2.0,144.0,1372.048444516914,6.096926910358663,0.00852321252090455
46546.0,0.366766,0.327298,0.870838,-0.927282,0.053105,0.370579,0.075044,-0.943428,0.322974,156.143049,-149.475561,-460.664359,3.591196,3.598256,3.593725,90.063858,90.017263,90.066941,126.203114,0.068314,0.066108,82.548903,0.902778,-796.481462,434.755287,150.853579,434.755287,-745.312901,-300.81827,150.853579,-300.81827,1250.340424,-484.045899,113.538326,-207.021138,113.538326,-470.602907,-79.093833,-207.021138,-79.093833,1179.327332,608.122128,1.0,1.973126,1.241926,3.062216,2.0,130.0,1670.6687013603837,2.7472585265971174,0.01093628100666583
46664.0,0.214957,0.954601,-0.206228,-0.72639,0.297423,0.619594,0.652802,0.016616,0.757346,-47.914532,-235.913119,-454.172858,3.597484,3.591776,3.594995,90.030054,89.927939,89.981647,143.964879,0.063142,0.062749,97.539472,0.892857,-599.850167,-424.165422,12.6958,-424.165422,-375.836753,-456.57377,12.6958,-456.57377,984.548365,-534.666693,-231.898091,86.137298,-231.898091,-171.516471,-185.835973,86.137298,-185.835973,1312.832014,777.874414,1.0,3.462902,0.711557,1.545349,2.0,125.0,1716.3940445586322,2.2065181906839686,0.009153801857775076
46443.0,-0.155529,-0.242821,-0.957522,0.634177,0.718646,-0.285251,0.757384,-0.651603,0.042221,231.651688,-241.993604,-252.694234,3.595984,3.596305,3.593392,90.007526,89.99265,90.029534,162.621867,0.068052,0.073002,77.081538,0.826087,-340.62436,-139.426979,-22.725984,-139.426979,102.187097,-93.24666,-22.725984,-93.24666,644.819551,-290.307136,-17.844067,87.836085,-17.844067,150.072513,-84.495569,87.836085,-84.495569,676.252649,763.50736,1.0,5.001923,1.528563,2.281259,2.0,114.0,844.9252107013318,1.106636628494756,0.010717053933199933
47537.0,0.622557,-0.713307,-0.321896,0.457119,-0.002401,0.889402,-0.635189,-0.700848,0.324571,-143.009022,-413.654209,-263.42076299999997,3.598781,3.59692,3.594203,90.036466,89.995016,89.972795,80.17595,0.054963,0.05044,126.954068,1.0,353.935053,505.352565,-102.201156,505.352565,152.885247,-263.738381,-102.201156,-263.738381,1074.195923,-8.428387,-63.212446,120.728514,-63.212446,-105.961289,53.259262,120.728514,53.259262,967.549319,204.97761,1.0,3.48885,1.240238,3.877886,2.0,142.0,1035.9975337051237,5.054198522975869,0.007876864568057794
46586.0,0.316764,0.618515,0.719096,-0.889066,-0.070541,0.452311,0.330487,-0.7826,0.527556,93.95815,340.694836,-236.325526,3.59404,3.597303,3.596352,90.045768,89.953293,90.032874,86.623324,0.06314,0.055727,110.264907,1.0,202.818685,40.02135,76.559221,40.02135,-397.291321,37.221072,76.559221,37.221072,1160.367961,-286.917974,-52.585967,-121.544717,-52.585967,-31.264504,-55.586974,-121.544717,-55.586974,1070.430083,318.12912,1.0,2.132266,1.015075,2.742016,2.0,144.0,1255.473193330195,3.946426511757852,0.009069068547801887
47564.0,-0.530943,-0.269753,0.803326,-0.597953,0.790985,-0.129597,-0.60046,-0.54916,-0.581267,268.740499,63.009791,-528.608427,3.59481,3.59355,3.594178,90.004624,89.942875,89.903569,120.552436,0.072854,0.065823,91.578717,0.811594,-286.736144,-357.451522,336.039683,-357.451522,-914.067772,242.676241,336.039683,242.676241,730.89873,193.959747,239.009984,82.601127,239.009984,-660.898428,-0.959547,82.601127,-0.959547,969.10509,504.557568,1.0,1.410849,2.191082,3.971584,2.0,112.0,1429.067655829665,2.832318344751624,0.00886225562649016
46389.0,-0.203276,-0.894531,0.398113,0.654407,0.178322,0.734815,-0.728307,0.409898,0.549139,340.876333,-251.798231,-238.653455,3.598595,3.593718,3.594076,89.97628,90.041832,90.005054,104.669409,0.069144,0.062345,96.734971,1.0,-316.801653,-285.91674,276.50165,-285.91674,42.86985,-465.611046,276.50165,-465.611046,876.973039,-301.71836,-159.451846,72.777946,-159.451846,-201.75659,-48.931089,72.777946,-48.931089,908.994075,464.418918,1.0,2.645077,0.989463,5.225013,2.0,144.0,1174.5760200290088,2.529130434839454,0.010337523128011275
47011.0,0.02967,0.997408,-0.065552,-0.293129,0.07138,0.953405,0.955612,-0.009072,0.294487,-138.662957,435.062235,-566.875425,3.600565,3.592978,3.592519,89.958288,89.99085,90.023315,121.215401,0.073547,0.059871,96.529862,0.978261,-549.105212,396.836323,-29.166343,396.836323,-411.452923,-571.015693,-29.166343,-571.015693,1472.743869,-553.102171,29.548273,2.334256,29.548273,-403.54008,-176.020407,2.334256,-176.020407,1456.005147,647.08113,1.0,3.21024,1.271878,1.58029,2.0,135.0,1944.811312809951,3.0055138724412362,0.010134283627174357
47601.0,-0.566455,0.781847,-0.260467,-0.586654,-0.160603,0.793753,0.578762,0.60243,0.549648,-123.766484,-374.042273,-427.54794400000003,3.595918,3.594704,3.59118,90.030929,89.905171,89.92558,184.624773,0.081038,0.082357,92.816574,0.889706,-190.696116,-349.36604,-353.556064,-349.36604,-1091.923769,-823.636152,-353.556064,-823.636152,607.31306,-255.307415,54.855312,-80.736477,54.855312,-364.277848,-27.776785,-80.736477,-27.776785,1115.32029,591.341844,1.0,3.458668,0.988853,0.765363,2.0,121.0,1430.9357186106806,2.419811371594195,0.009585637151399274
47777.0,-0.657071,0.692762,-0.297217,-0.482587,-0.083676,0.871842,0.579109,0.716295,0.389299,103.204339,241.46266,-552.05799,3.597403,3.596941,3.594071,89.951884,89.992122,90.017143,117.696026,0.065882,0.063295,96.657572,0.986111,587.313365,524.154721,48.143563,524.154721,-95.921033,22.658963,48.143563,22.658963,675.329534,-257.591673,129.350301,120.619561,129.350301,-265.064653,-13.702796,120.619561,-13.702796,1171.233717,373.577877,1.0,3.470144,1.170926,0.679889,2.0,142.0,1440.7902981398179,3.8567334599950573,0.010202108118337588
46622.0,0.265645,0.858591,0.438468,-0.814445,-0.043499,0.578608,0.515861,-0.510812,0.68772,-262.845004,-389.197593,-484.5348,3.592827,3.594144,3.594991,90.072187,89.867263,90.001188,154.045038,0.070572,0.066881,96.356955,0.958904,-355.622646,-390.350978,260.579927,-390.350978,-1391.842805,147.468858,260.579927,147.468858,1115.932707,-50.500356,275.750129,126.12633,275.750129,-421.396162,-24.354172,126.12633,-24.354172,1039.993479,530.487034,1.0,2.493119,0.812453,2.351277,2.0,140.0,1341.8660237870977,2.5294982493146057,0.009951580557936893
46673.0,0.20405,0.508799,0.836354,-0.723503,0.653894,-0.221282,-0.659475,-0.559952,0.501544,26.617318,51.031481,-227.216325,3.594864,3.596355,3.594184,90.062294,90.058406,89.970641,124.964763,0.062047,0.065062,73.955508,0.904412,-574.431654,208.161178,32.59838,208.161178,-45.754819,-272.820335,32.59838,-272.820335,947.937837,-39.213973,234.057403,-69.981395,234.057403,-146.233713,-254.196649,-69.981395,-254.196649,1150.756795,563.816181,1.0,1.312144,1.045413,4.008424,2.0,123.0,1283.7663983662283,2.276923652828311,0.012229136469456744
46638.0,0.258064,0.408333,0.875595,-0.858999,0.511771,0.014508,-0.44218,-0.75588,0.482828,427.09841,-310.597656,-306.354548,3.595618,3.597412,3.58788,90.003385,90.097702,89.920489,165.085394,0.092944,0.080337,94.804487,0.964789,-1583.3281,550.545023,-1086.761947,550.545023,-216.739433,436.694225,-1086.761947,436.694225,876.649946,-391.298568,86.053405,-125.220328,86.053405,-232.619679,-65.311942,-125.220328,-65.311942,1210.697422,400.4949,1.0,1.587364,1.066916,3.670901,2.0,137.0,1535.539131553784,3.8341040836070177,0.010176617484360209
46625.0,0.286968,0.828506,0.48086,-0.921255,0.376274,-0.09852,-0.26256,-0.414723,0.871245,204.232302,73.72872,-350.696114,3.594032,3.59317,3.598102,90.082921,90.008605,89.986243,94.360767,0.058092,0.054407,100.738004,1.0,-640.496013,-243.783505,129.626935,-243.783505,-263.175233,-233.972651,129.626935,-233.972651,1204.269597,-150.256053,58.574968,209.726197,58.574968,-399.960461,-98.31208,209.726197,-98.31208,1325.278693,444.146224,1.0,1.368709,0.513064,3.705994,2.0,142.0,1628.1319465893828,3.665756587833521,0.00992674025981297
47304.0,-0.299721,-0.19757,0.933345,-0.667756,0.742169,-0.057332,-0.681373,-0.640431,-0.354373,269.583863,-71.76364,-499.30505,3.596506,3.594129,3.593189,90.010693,89.986699,89.939255,118.768649,0.061824,0.060943,79.968655,0.963768,-306.077413,-37.902582,382.278818,-37.902582,-385.131319,306.930234,382.278818,306.930234,580.52183,-275.245265,-30.411956,26.09531,-30.411956,-394.442519,263.265324,26.09531,263.265324,926.28809,495.267838,1.0,1.509448,1.933039,3.957955,2.0,133.0,1286.1942805671035,2.5969670991781695,0.01205182205452874
46454.0,-0.256938,-0.890804,-0.374769,0.907811,-0.089469,-0.409724,0.331453,-0.445493,0.83167,-176.825089,-129.261111,-342.233246,3.595026,3.592367,3.597434,90.064145,89.951628,90.046173,149.804607,0.081141,0.087613,95.909442,0.859155,-890.250636,38.123888,-251.359127,38.123888,-104.03441,117.683488,-251.359127,117.683488,1162.083442,-787.052755,79.990211,94.1752,79.990211,-103.405436,-14.929663,94.1752,-14.929663,1126.151028,623.283752,1.0,5.542315,0.588688,2.501933,2.0,122.0,1682.6715240515332,2.6996877724666453,0.008957981425853776
46459.0,0.02322,0.268586,-0.962976,0.206395,0.941197,0.267488,0.978193,-0.204965,-0.03358,596.612237,89.674085,-419.951773,3.600712,3.592381,3.594612,89.948219,89.975059,90.056764,131.80019,0.065657,0.065611,91.336133,0.957143,-328.948375,-606.055073,-175.81066,-606.055073,-454.837914,42.754351,-175.81066,42.754351,1752.323571,-475.677198,-31.523924,139.526534,-31.523924,-258.670772,128.920133,139.526534,128.920133,1600.630403,461.425641,1.0,4.441447,1.604383,1.777342,2.0,134.0,1983.7803079603814,4.299241593209124,0.010479346656815434
47683.0,0.734571,-0.252989,-0.629605,0.387396,0.918166,0.083043,0.557072,-0.304908,0.772465,134.044804,360.311561,-557.432725,3.592994,3.592999,3.596854,90.058324,89.914572,89.953949,187.009676,0.074194,0.085841,64.874421,0.835616,-1061.705556,343.699512,-506.323765,343.699512,-221.075274,136.1177,-506.323765,136.1177,898.810698,-503.392276,-202.321408,-206.21653,-202.321408,-456.082049,218.932404,-206.21653,218.932404,1039.0795,844.660111,1.0,4.581249,0.688083,2.071595,2.0,122.0,1551.4592172042114,1.8367852311238257,0.012880515727454432
46616.0,-0.111297,-0.983171,-0.144869,0.985536,-0.127939,0.111131,-0.127795,-0.130405,0.98319,185.314349,174.612475,-258.852593,3.593082,3.59407,3.600548,90.013233,90.02949,89.997747,58.853325,0.050423,0.044991,120.98141,1.0,-188.855006,32.826637,-125.034517,32.826637,-489.197586,-0.063367,-125.034517,-0.063367,1646.054145,-368.125724,113.127479,-248.597879,113.127479,-258.402777,54.179129,-248.597879,54.179129,1563.520445,261.732527,1.0,4.058023,0.183614,3.916885,2.0,140.0,1894.5977725001014,7.238679098147023,0.008265732727036328
47657.0,0.391949,-0.262004,0.88189,0.166049,0.962994,0.2123,-0.904878,0.063226,0.420949,569.005498,323.199548,-347.42291,3.599496,3.594375,3.594589,90.0078,90.016229,89.939011,153.470015,0.066256,0.074896,111.201581,0.992754,-12.641031,195.202833,-249.921679,195.202833,72.896247,-678.596386,-249.921679,-678.596386,1118.304673,-132.321736,114.351402,-353.903213,114.351402,-441.38122,-133.301431,-353.903213,-133.301431,1345.980431,250.241717,1.0,1.807034,1.136305,4.782148,2.0,137.0,1689.6295794195976,6.751990034577639,0.008927516956795785
46879.0,0.04603,0.981662,-0.184987,-0.611726,0.1741,0.771674,0.789729,0.077642,0.608523,312.575699,241.129266,-338.964428,3.597511,3.596135,3.597165,89.968394,89.960277,90.023302,73.521013,0.055769,0.047001,145.237132,1.0,274.01035,320.712727,-57.092261,320.712727,491.789091,59.375346,-57.092261,59.375346,1067.258481,-173.225239,-53.847594,-48.359738,-53.847594,103.299349,12.702102,-48.359738,12.702102,1149.29208,159.794149,1.0,3.376875,0.916599,1.472797,2.0,146.0,1209.9004208362996,7.5716190386689295,0.006885291565795998
46495.0,-0.212355,-0.937424,0.275936,0.896945,-0.07492,0.435748,-0.387808,0.340033,0.856728,72.806617,500.717063,-294.018382,3.593927,3.595111,3.600578,89.993999,90.012855,90.042933,108.395439,0.068696,0.062142,95.117919,0.992647,41.05893,514.805883,218.547496,514.805883,85.993808,494.533282,218.547496,494.533282,1373.809224,-269.778928,-150.528865,32.647411,-150.528865,-12.056585,238.589496,32.647411,238.589496,1317.533833,534.332384,1.0,2.577084,0.541904,5.432242,2.0,135.0,1495.7887379772844,2.7993600664437444,0.01043596212402418
46956.0,0.20833,-0.16799,-0.963524,0.618562,0.785729,-0.003248,0.757614,-0.595323,0.267603,18.571089,325.491306,-371.37519,3.596892,3.59453,3.594517,90.035518,89.998834,90.077513,147.115929,0.071467,0.078824,78.996128,0.922535,-90.267223,272.525405,103.843492,272.525405,-463.799236,89.876578,103.843492,89.876578,1031.363159,-212.967094,-57.907096,-78.350496,-57.907096,-335.649951,58.429038,-78.350496,58.429038,1122.986323,722.665734,1.0,4.715759,1.299891,2.23681,2.0,131.0,1404.7778066891162,1.9438832375704092,0.011678230608973645
46826.0,0.075116,-0.087683,0.993312,-0.818159,0.564045,0.111661,-0.570064,-0.821075,-0.029369,-282.897719,-245.273895,-537.334438,3.596068,3.597239,3.590552,90.02754,89.961154,89.977789,111.418502,0.058347,0.058007,107.876797,0.986111,-1052.196576,-569.286838,68.715948,-569.286838,182.285287,-65.429723,68.715948,-65.429723,768.973451,-446.727043,-132.019331,168.985277,-132.019331,31.49015,-89.501562,168.985277,-89.501562,1127.625517,546.791564,1.0,1.682739,1.60017,3.748476,2.0,141.0,1412.4064385737056,2.5830801562507384,0.009141085269708183
46506.0,-0.06028,-0.988028,-0.142009,0.489435,-0.153248,0.858469,-0.869954,-0.017756,0.492814,22.634767,481.320487,-438.661864,3.59899,3.592837,3.597433,89.996601,90.008012,90.003558,97.316373,0.056099,0.05246,125.753618,1.0,-494.070663,-207.664935,-47.400701,-207.664935,760.971599,-159.04363,-47.400701,-159.04363,1135.11693,-291.219859,31.585668,-61.414736,31.585668,6.627861,-173.485243,-61.414736,-173.485243,1167.032527,275.978723,1.0,3.30553,1.055476,4.691982,2.0,142.0,1344.256691465222,4.870870757182328,0.007952057490703766
46515.0,-0.206345,-0.66618,-0.716677,0.960912,-0.276132,-0.01999,-0.184581,-0.692788,0.697119,514.230422,-96.750643,-538.9198719999999,3.596263,3.596073,3.597724,90.076318,89.934344,89.950739,103.935949,0.059443,0.05947,132.243312,1.0,260.397129,-788.207664,-141.352336,-788.207664,160.879785,224.487691,-141.352336,224.487691,1201.63972,15.155317,-44.613014,91.024139,-44.613014,-53.846084,-7.610741,91.024139,-7.610741,1100.260651,506.861951,1.0,4.740274,0.799426,3.401976,2.0,142.0,1124.6505218074883,2.218849766861842,0.007561819080877224
46518.0,-0.12833,0.441455,-0.888059,0.731906,0.646409,0.215566,0.669212,-0.622313,-0.406057,295.288831,97.264339,-265.338799,3.596318,3.595543,3.594729,89.947672,90.006438,90.052705,102.050503,0.059858,0.057078,96.074149,0.985714,-270.46812,-268.163329,-71.584342,-268.163329,2.091981,-36.643868,-71.584342,-36.643868,926.802657,98.703279,-97.832427,-17.910177,-97.832427,-228.755541,37.576874,-17.910177,37.576874,1215.104377,430.298897,1.0,4.474257,1.988932,2.319898,2.0,138.0,1314.3949411662968,3.0546091340928925,0.01025992954670876
47676.0,0.338796,0.917884,-0.206654,0.118719,0.176182,0.977172,0.93334,-0.355595,-0.049281,-63.355469,285.346718,-490.136548,3.59901,3.592864,3.591313,89.988471,90.042135,90.013377,165.831464,0.075485,0.081382,82.680691,0.913043,-403.278925,109.892765,530.132937,109.892765,-965.470148,-173.494887,530.132937,-173.494887,1081.137789,-370.109185,74.948654,411.517184,74.948654,-503.424443,152.524253,411.517184,152.524253,920.582699,647.703494,1.0,3.350003,1.620097,1.93481,2.0,126.0,1415.767609767127,2.1858267291779145,0.011043001563690367
46934.0,0.220999,-0.069074,-0.972825,0.810158,0.568328,0.143692,0.542958,-0.819897,0.181561,533.192616,333.748023,-530.963586,3.594399,3.59794,3.594355,90.037051,89.979552,90.058613,109.021838,0.069461,0.061417,107.077364,1.0,-206.432748,-25.456333,-171.426609,-25.456333,-259.508714,-232.662677,-171.426609,-232.662677,1153.413015,-295.686137,-11.891368,42.132515,-11.891368,-256.175521,-8.523408,42.132515,-8.523408,1096.250894,444.704857,1.0,4.565744,1.388223,2.55667,2.0,150.0,1373.1516299996065,3.087781948825458,0.00933904200331267
47112.0,0.286562,-0.153584,-0.945671,0.502028,0.864772,0.011682,0.815996,-0.478101,0.324915,550.083293,476.602334,-461.33509200000003,3.595113,3.594628,3.59629,90.003795,89.927967,90.09765,122.437137,0.078016,0.064747,97.877524,1.0,117.877083,-400.682416,-327.355829,-400.682416,-730.924185,-241.198979,-327.355829,-241.198979,1114.653169,-105.349245,137.055089,-17.434601,137.055089,-13.144052,76.291962,-17.434601,76.291962,1159.218093,684.520012,1.0,4.700037,1.239875,2.100792,2.0,150.0,1228.7042236192422,1.7949865629629573,0.010216850193308936
47401.0,0.359459,-0.175488,-0.916512,0.292291,0.953908,-0.068011,0.886203,-0.243441,0.394184,-92.561841,-283.332722,-484.226017,3.598729,3.59399,3.5935,89.990181,89.958887,90.039892,56.142518,0.046681,0.041508,139.728737,1.0,-318.00848,-150.537489,326.126526,-150.537489,-316.551329,128.544933,326.126526,128.544933,1190.051659,-390.59102,14.774784,233.676689,14.774784,-50.31856,26.863485,233.676689,26.863485,1208.737594,224.198308,1.0,4.786459,1.165617,1.838885,2.0,144.0,1473.4613781152827,6.572134246951064,0.007156723960082743
46548.0,-0.140102,0.272853,-0.9518,0.85302,0.521332,0.023889,0.502722,-0.808557,-0.305788,-100.801419,-286.680931,-268.03423499999997,3.59432,3.597117,3.592381,89.94739,90.051612,90.058467,139.764539,0.062532,0.064919,84.807639,0.921053,-867.429452,183.763133,55.229229,183.763133,-366.710906,-76.318473,55.229229,-76.318473,1120.954702,-211.424238,-29.794424,21.794491,-29.794424,-144.556166,-171.049953,21.794491,-171.049953,1222.465123,768.80171,1.0,4.687296,1.881562,2.585333,2.0,140.0,1409.8206329463196,1.8337896685301593,0.010860495715486196
46843.0,0.061966,0.996687,-0.052687,-0.787357,0.081256,0.611119,0.613375,0.003614,0.789783,-163.618581,241.660061,-349.825047,3.597138,3.592541,3.596887,89.983641,89.938927,90.014287,40.679064,0.054855,0.048826,130.690586,0.986667,-637.291296,124.723179,43.021624,124.723179,149.099755,-161.882669,43.021624,-161.882669,1140.269103,-497.264381,-56.023501,6.845788,-56.023501,266.387993,-109.926223,6.845788,-109.926223,1171.967592,219.476187,1.0,3.227593,0.660341,1.564904,2.0,144.0,1451.288848936926,6.612511675068083,0.0075496409511852675
46895.0,0.15118,-0.083724,-0.984954,0.550611,0.834652,0.013565,0.820958,-0.544377,0.172282,71.960868,97.167084,-312.234544,3.597001,3.595781,3.594976,90.014795,90.012283,90.076345,143.395794,0.079206,0.078549,86.473003,0.806667,107.599621,142.046532,197.263454,142.046532,-225.098638,-133.473641,197.263454,-133.473641,1100.896806,-275.166902,111.297963,-229.26524,111.297963,-226.635883,-264.003779,-229.26524,-264.003779,1161.652001,591.1105,1.0,4.698617,1.39765,2.156326,2.0,121.0,1448.4679392265177,2.450418219988509,0.009328541533361575
46844.0,0.062304,0.964735,0.255742,-0.749227,-0.124078,0.650587,0.659377,-0.232143,0.715075,-92.336855,11.191132,-526.909261,3.596301,3.593285,3.596242,90.022736,89.961295,89.991552,146.362623,0.056595,0.06582,78.580671,0.894366,-426.104444,-125.494268,177.837837,-125.494268,130.489615,-13.419489,177.837837,-13.419489,742.303462,63.01723,121.465779,143.845594,121.465779,-231.276634,-97.07582,143.845594,-97.07582,1237.103589,491.891821,1.0,2.767054,0.774065,1.909309,2.0,127.0,1358.0375443798307,2.760845955151246,0.011381501183668947
46627.0,-0.01362,0.130046,-0.991414,0.559055,0.823044,0.10028,0.829019,-0.552889,-0.083913,127.389393,466.980532,-549.228057,3.597808,3.596548,3.593085,90.050794,90.007041,90.005158,105.859628,0.055148,0.050284,97.46088,0.993243,-331.035054,480.548805,-277.059833,480.548805,480.949994,206.932756,-277.059833,206.932756,745.746704,-475.3509,29.81978,85.7302,29.81978,-152.090723,158.18044,85.7302,158.18044,1005.18203,433.768581,1.0,4.611584,1.654808,2.158975,2.0,146.0,1357.5059909240692,3.129562744711723,0.010191196714004635
46870.0,0.043843,0.973883,0.222778,-0.730989,-0.120727,0.671625,0.68098,-0.192294,0.706604,-333.72821,140.218096,-496.425591,3.595272,3.595954,3.596245,90.067407,89.937298,89.955756,137.88967,0.060993,0.061759,79.971387,0.93662,129.17257,-701.185149,-19.312806,-701.185149,-101.318486,249.691796,-19.312806,249.691796,874.965213,-418.730358,-182.842745,29.113541,-182.842745,-200.128994,258.577292,29.113541,258.577292,1088.329121,774.812084,1.0,2.821313,0.786108,1.846009,2.0,133.0,1437.1588411003645,1.8548482538901192,0.01171193892135446
47687.0,0.360491,-0.08803,-0.928599,0.128142,0.990771,-0.044178,0.923919,-0.103067,0.368445,285.28025,63.296904,-258.697203,3.599522,3.592985,3.593205,90.041958,89.955761,89.992814,110.761746,0.046646,0.05103,80.735952,0.84058,-521.820816,391.472152,273.676705,391.472152,-414.914207,138.418369,273.676705,138.418369,1351.090218,-225.65407,103.835014,260.447923,103.835014,-422.331549,-17.314498,260.447923,-17.314498,1374.694543,492.376584,1.0,4.759928,1.193461,1.681891,2.0,116.0,1724.452438175404,3.502303915767457,0.010411470716292538
46644.0,-0.032346,0.440972,-0.896938,0.745965,0.607918,0.271977,0.665199,-0.660287,-0.348614,164.798927,121.804578,-457.758906,3.596295,3.595369,3.593827,89.95836,90.042431,90.034854,124.852862,0.079411,0.077828,78.680624,0.828571,-470.15377,100.826555,141.011925,100.826555,-19.668135,82.210463,141.011925,82.210463,842.66162,-423.651164,-4.390495,-8.90586,-4.390495,-206.060516,-110.790009,-8.90586,-110.790009,984.884124,488.654181,1.0,4.417973,1.926888,2.352489,2.0,116.0,1316.8572452068202,2.694865400541452,0.010530813787140275
46660.0,-0.046018,0.363568,-0.93043,0.872619,0.467992,0.139711,0.486228,-0.805482,-0.338792,357.267629,-15.990471,-563.09848,3.593205,3.598121,3.594907,89.978693,90.061135,90.001832,91.524411,0.055158,0.048213,117.473704,1.0,-7.530851,531.301708,94.899485,531.301708,-237.336135,-459.654289,94.899485,-459.654289,803.99599,12.665188,0.385534,-6.282119,0.385534,-278.197032,-207.304498,-6.282119,-207.304498,989.415498,231.960885,1.0,4.563345,1.916429,2.598495,2.0,144.0,1164.045892166921,5.018285268944896,0.008512543368854701
46670.0,0.043425,0.008437,-0.999021,0.365505,0.930507,0.023746,0.929796,-0.366178,0.037323,118.123969,217.652114,-571.0848,3.59947,3.596598,3.592332,90.042336,89.945062,90.077305,136.199233,0.082529,0.083485,86.832224,0.860294,-702.044052,180.1972,-498.586027,180.1972,155.378195,-216.195655,-498.586027,-216.195655,1707.864535,-554.168677,-16.74478,-211.401047,-16.74478,-135.661312,41.211912,-211.401047,41.211912,1330.374857,621.95282,1.0,4.688625,1.533464,1.945969,2.0,117.0,1724.2271620856125,2.772279675628149,0.009907543079859386
46672.0,-0.037622,-0.997918,0.052387,0.896926,-0.010608,0.442053,-0.440577,0.063618,0.895458,-92.247485,-419.278054,-260.027371,3.594771,3.594511,3.598119,89.990257,90.03904,90.069658,122.631117,0.061333,0.060008,96.205985,0.979167,-113.926144,516.748754,-273.872886,516.748754,-69.643434,125.951775,-273.872886,125.951775,1067.547592,-351.407659,-60.573033,-21.885568,-60.573033,-143.543929,143.681812,-21.885568,143.681812,1265.24102,519.453379,1.0,3.023634,0.461338,4.855795,2.0,141.0,1529.4809764035228,2.9444047112522926,0.010177817939289329
47456.0,0.456675,-0.039833,-0.888741,0.355675,0.923858,0.141355,0.81544,-0.380656,0.436071,2.365015,-58.919116,-507.501378,3.59662,3.594753,3.595154,90.009703,89.968009,90.033481,63.557161,0.045966,0.042659,147.398606,1.0,-22.090421,-49.117279,36.421719,-49.117279,-114.637247,22.813526,36.421719,22.813526,778.248666,-89.227674,39.253186,202.280085,39.253186,-189.598029,49.466994,202.280085,49.466994,1165.345974,147.132623,1.0,4.55466,1.119568,2.007541,2.0,146.0,1320.4658346632352,8.97466386270593,0.006784324676720484
47197.0,0.350322,-0.025052,-0.936294,0.50146,0.849321,0.1649,0.791083,-0.527282,0.310099,467.739976,513.850857,-387.454501,3.595996,3.593302,3.594441,90.02315,89.925734,90.054664,105.68171,0.06491,0.055615,84.343969,0.978873,-456.892699,-158.937283,-295.027768,-158.937283,-558.996395,268.417855,-295.027768,268.417855,880.55122,-363.387394,-45.394497,34.206893,-45.394497,-110.642617,414.098296,34.206893,414.098296,1044.362016,412.372551,1.0,4.538057,1.255499,2.158706,2.0,139.0,1349.3954723991485,3.2722727764660275,0.011605726071534527
46887.0,0.017896,0.415422,0.909453,-0.899996,0.402914,-0.166334,-0.43553,-0.815528,0.381088,-49.883678,-88.533164,-502.641155,3.594079,3.596318,3.594183,90.10894,90.060452,89.96489,146.479099,0.076526,0.072229,99.187761,0.868056,-784.106979,138.15852,500.038688,138.15852,-334.801251,-168.092959,500.038688,-168.092959,1216.428602,-530.192925,149.941222,83.600919,149.941222,-292.966855,-64.164016,83.600919,-64.164016,1195.916199,561.159845,1.0,1.389901,1.179823,3.632105,2.0,125.0,1628.3249709017975,2.9017132736961915,0.008751644267885028
46868.0,0.029006,0.327638,0.944358,-0.994393,0.105574,-0.006085,-0.101694,-0.938886,0.328864,-238.014144,80.688346,-510.17503,3.595156,3.599526,3.59316,90.05311,89.964902,90.002106,101.881298,0.062889,0.062126,118.695384,1.0,-519.757436,-281.983566,-210.158636,-281.983566,137.059252,-254.81731,-210.158636,-254.81731,1389.471269,-98.864667,-20.021709,-149.841869,-20.021709,-51.032579,-60.466041,-149.841869,-60.466041,1355.011587,315.119178,1.0,1.564353,1.235696,3.249485,2.0,142.0,1437.4923760330885,4.561741957936589,0.008424927459689585
47243.0,0.425275,0.003748,-0.905056,0.572897,0.773038,0.272399,0.700664,-0.634348,0.326607,428.383703,215.460219,-375.401733,3.591559,3.594667,3.593614,89.924075,89.884125,90.167097,170.728005,0.055722,0.058902,96.993361,0.985507,-1204.633757,-1492.180688,97.518553,-1492.180688,-1025.692807,-200.407329,97.518553,-200.407329,1004.669214,9.276019,-60.320756,-27.924945,-60.320756,-367.646815,5.982701,-27.924945,5.982701,1130.828183,386.687485,1.0,4.420039,1.238085,2.306561,2.0,136.0,1351.3065311575601,3.494570120772231,0.010160561401723157
46890.0,0.175572,0.041902,-0.983574,0.848227,0.500671,0.172741,0.499686,-0.864623,0.052361,323.298478,-332.563147,-240.874405,3.595556,3.597678,3.592086,90.01093,89.976059,90.037597,125.826823,0.065434,0.062961,77.552764,0.902778,-775.017199,14.144457,-110.932396,14.144457,111.87506,-66.777694,-110.932396,-66.777694,968.593781,-479.417371,-131.929679,-31.597271,-131.929679,-170.795142,-177.861496,-31.597271,-177.861496,1030.582769,687.151716,1.0,4.538536,1.518411,2.617564,2.0,130.0,1395.2983188756168,2.0305534955189093,0.011640823014380249
46711.0,0.005232,-0.865651,-0.50062,0.867236,0.253178,-0.428722,0.49787,-0.431913,0.752048,551.608615,-363.364691,-458.59971,3.59701,3.58519,3.596607,90.14566,89.946371,90.046749,142.542831,0.091452,0.079139,142.241605,1.0,-2960.567421,488.158264,-575.758087,488.158264,147.529631,226.178533,-575.758087,226.178533,1303.210683,-262.454919,60.820226,-47.098425,60.820226,-189.725711,-15.859804,-47.098425,-15.859804,970.436356,133.979374,1.0,5.420577,0.719632,2.285374,2.0,144.0,1200.1124525934601,8.957441856635784,0.007030291875573255
47789.0,-0.791255,0.063823,0.608146,-0.542432,0.385852,-0.746248,-0.282282,-0.92035,-0.270688,-238.217844,29.989866,-286.283341,3.594039,3.598585,3.593593,89.973628,90.009688,89.952394,161.463879,0.079557,0.082538,72.349623,0.865672,-178.684686,-32.773574,104.596718,-32.773574,-450.979619,-208.086095,104.596718,-208.086095,1184.658884,-501.932175,291.47451,64.581943,291.47451,-490.430062,-96.502758,64.581943,-96.502758,1254.487207,774.724968,1.0,0.683784,1.844904,3.439196,2.0,116.0,1771.6572918016125,2.2868209557970673,0.011965121089850048
47521.0,0.412853,0.049713,-0.90944,0.265269,0.948658,0.17228,0.871312,-0.312373,0.378468,539.440787,-335.064201,-444.947866,3.598864,3.593673,3.596934,89.986646,89.928604,89.979377,130.379733,0.066821,0.065822,103.269756,0.985915,227.902064,-116.82447,-170.044823,-116.82447,17.389961,718.400648,-170.044823,718.400648,1214.589879,-17.003994,-80.742634,-14.794638,-80.742634,-267.481782,248.481381,-14.794638,248.481381,1247.627863,776.022776,1.0,4.525173,1.182655,1.915031,2.0,140.0,1424.8354236255466,1.8360742335036138,0.00954698682545546
47293.0,0.472977,-0.107814,-0.874454,0.585585,0.780028,0.22056,0.658319,-0.616386,0.43207,583.55449,-205.984608,-242.317774,3.595712,3.595731,3.595519,89.997744,89.931454,90.042055,133.197114,0.088106,0.07341,74.795044,0.857143,-224.622862,-360.468929,-59.003321,-360.468929,96.684706,178.180392,-59.003321,178.180392,889.83664,-325.008776,-194.491243,120.913848,-194.491243,-144.093695,46.676818,120.913848,46.676818,915.753945,614.165116,1.0,4.465316,1.12401,2.323311,2.0,120.0,1178.4392236642534,1.9187661313936517,0.011459890310379387
46785.0,0.085271,0.382938,-0.91983,0.863438,0.432285,0.260009,0.497196,-0.816387,-0.293782,465.164916,-112.749406,-310.803209,3.595429,3.597579,3.593639,90.000414,89.938798,90.049153,131.764659,0.063814,0.065152,113.206926,1.0,-251.114697,-351.006083,-633.354556,-351.006083,187.831062,-28.464715,-633.354556,-28.464715,737.55968,-75.69927,7.677331,-137.726591,7.677331,-95.888014,-54.879175,-137.726591,-54.879175,1008.63718,355.298271,1.0,4.436905,1.868977,2.594567,2.0,148.0,1102.095264724494,3.1018874975738173,0.008833381802099282
47158.0,-0.108067,0.229447,0.967303,-0.50234,0.827043,-0.252299,-0.85789,-0.513181,0.025884,354.505831,-139.070903,-260.62881,3.599106,3.595293,3.591879,90.000386,90.022127,89.943695,106.261449,0.066034,0.062244,85.770622,0.971831,-707.894236,274.814504,167.599595,274.814504,-95.504782,201.101207,167.599595,201.101207,1375.32759,-283.467634,154.526422,163.157455,154.526422,-125.044606,196.559899,163.157455,196.559899,1236.880463,457.690997,1.0,1.315654,1.544909,4.173302,2.0,137.0,1470.5607657612281,3.2129991094433263,0.01133058123328055
46835.0,0.13265,0.314513,-0.939939,0.92874,0.291782,0.228703,0.346188,-0.903297,-0.253396,-302.069031,-249.477888,-393.61864,3.596366,3.599313,3.592602,89.964906,90.002819,89.989596,78.496411,0.055926,0.04955,124.852647,1.0,-559.134002,289.036552,-238.475793,289.036552,547.081522,-304.580888,-238.475793,-304.580888,1141.821955,-364.040332,-45.801645,-207.263151,-45.801645,58.056878,-168.173643,-207.263151,-168.173643,1156.22349,478.24563,1.0,4.47371,1.826985,2.775609,2.0,140.0,1379.3740099867694,2.8842375621639644,0.008009441722128646
47039.0,-0.152093,0.117976,0.9813,-0.972057,0.161763,-0.170109,-0.178807,-0.979752,0.090076,-296.679647,377.815247,-347.206955,3.591602,3.600574,3.593188,90.004506,90.044663,89.97578,89.549118,0.047144,0.046383,152.964004,1.0,-313.880996,300.449526,-111.370781,300.449526,-988.248173,-192.280493,-111.370781,-192.280493,1619.822164,-311.350898,-14.847912,-49.135324,-14.847912,-294.23005,-110.86848,-49.135324,-110.86848,1721.726166,524.303478,1.0,1.399152,1.480598,3.322108,2.0,144.0,2027.3338128003759,3.8667182230677013,0.006537485773450335
46997.0,0.212692,0.156711,-0.964471,0.530403,0.810459,0.248655,0.820631,-0.564445,0.089258,408.707071,-217.912257,-564.8481830000001,3.597486,3.595643,3.592214,90.016085,89.996511,90.069712,105.218636,0.059982,0.054836,86.266561,0.986301,-623.534895,221.213938,64.324312,221.213938,-235.859472,-3.735057,64.324312,-3.735057,1170.854316,-50.679548,110.125029,-27.898492,110.125029,-58.698989,157.508302,-27.898492,157.508302,985.090582,432.399804,1.0,4.460069,1.481419,2.1733,2.0,144.0,1053.3168592031332,2.435979039442703,0.01143317861019173
47150.0,-0.198281,0.958058,0.206906,-0.756829,-0.283791,0.588788,0.622811,-0.039847,0.781357,173.07521,462.467946,-437.141086,3.596921,3.591167,3.598493,90.00539,89.98476,89.969771,148.229118,0.094598,0.087945,78.143526,0.862319,-973.541656,251.741178,253.16745,251.741178,639.750583,126.134251,253.16745,126.134251,990.394858,-400.054969,92.233334,-123.635424,92.233334,-52.069883,39.708899,-123.635424,39.708899,1056.786729,626.967962,1.0,2.803662,0.67396,1.634689,2.0,119.0,1324.9714323388976,2.1133000609988066,0.011035066423800739
46992.0,0.252852,-0.941828,0.221417,0.72607,0.335973,0.599953,-0.639443,0.009065,0.768785,284.024785,428.446922,-436.924673,3.59699,3.594576,3.596288,90.047984,90.030258,90.05719,150.234685,0.071366,0.066622,75.605919,0.828571,403.441512,608.613707,-41.042688,608.613707,-163.249086,-144.3108,-41.042688,-144.3108,769.947174,-262.210983,189.07546,70.48506,189.07546,-280.007821,-41.097038,70.48506,-41.097038,1205.388392,645.921234,1.0,2.788042,0.693857,4.726565,2.0,116.0,1487.3090671112398,2.3026167724828808,0.010959075836377308
47145.0,0.37241,0.453392,-0.809782,0.677064,0.464037,0.571186,0.63474,-0.76099,-0.134164,352.778715,292.084188,-560.509515,3.594634,3.594767,3.594099,89.977805,90.012509,90.072125,130.915221,0.070289,0.069745,78.157394,0.84507,-408.476821,-211.55297,137.280083,-211.55297,-447.643966,11.009561,137.280083,11.009561,655.049384,-288.416918,-38.547852,-50.968674,-38.547852,-241.157836,107.52675,-50.968674,107.52675,754.975861,479.01458,1.0,4.098076,1.705366,2.446404,2.0,120.0,1026.3169274845748,2.142558849637885,0.010812412706595617
47729.0,-0.563862,0.511139,-0.648688,-0.46389,0.453823,0.760823,0.683276,0.729919,-0.018781,119.492653,-169.892386,-537.834044,3.594349,3.595261,3.592463,90.048767,90.006989,89.930516,139.232727,0.065139,0.064135,70.540048,0.811594,-375.299576,-13.788851,282.635249,-13.788851,-866.473562,-190.607629,282.635249,-190.607629,643.729922,-605.948687,55.518808,318.849105,55.518808,-340.322844,-19.395892,318.849105,-19.395892,931.731434,809.624755,1.0,3.847602,1.589579,0.752405,2.0,112.0,1451.003836109232,1.792193021703285,0.011505435890828995
43290.0,0.867326,0.161976,0.470649,-0.265871,0.950135,0.162961,-0.420784,-0.266472,0.867141,-92.777179,65.300257,-702.880904,3.59619,3.594429,3.598736,90.067916,90.022597,89.996679,87.818606,0.067873,0.05881,109.704248,1.0,303.918729,-282.531576,183.402502,-282.531576,-201.603942,-188.746879,183.402502,-188.746879,1325.267012,106.803274,26.401706,80.339183,26.401706,-163.624534,-46.21757,80.339183,-46.21757,1342.066906,428.411141,1.0,1.904124,0.521363,4.147862,3.0,148.0,1392.846976455611,3.2511922383820804,0.009115417299063934
43291.0,-0.87328,-0.178873,-0.453196,0.47805,-0.134959,-0.867903,0.094082,-0.974572,0.203367,344.878386,418.382384,-756.141578,3.594625,3.600473,3.593428,90.006434,89.962603,89.996871,71.192695,0.054896,0.052405,101.962952,0.992958,209.230099,73.788347,242.420759,73.788347,-540.677507,218.674992,242.420759,218.674992,1529.024103,-85.117464,-42.17387,173.923115,-42.17387,-476.005489,181.810354,173.923115,181.810354,1507.666619,299.220874,1.0,5.801956,1.366001,3.045354,3.0,141.0,1833.3485689168938,6.127074439722724,0.009738419499662976
45301.0,0.915397,-0.31831,-0.24643,0.330118,0.243256,0.912058,-0.230371,-0.916245,0.327755,494.094964,497.755269,-680.135136,3.59615,3.598734,3.594004,90.009557,89.992266,89.939227,77.69251,0.060913,0.055053,154.32861,1.0,75.573655,220.859554,-134.18559,220.859554,26.952514,-472.574777,-134.18559,-472.574777,1195.387506,-5.192423,-76.377641,285.630574,-76.377641,-206.610001,-164.371632,285.630574,-164.371632,1288.858331,311.996107,1.0,3.405483,1.23687,3.387917,3.0,144.0,1435.8301658016824,4.602077184897959,0.006479679950464143
44976.0,0.707322,-0.168925,-0.686411,0.565838,0.71732,0.406544,0.423701,-0.675955,0.602961,408.215833,-142.530528,-665.852935,3.593243,3.596539,3.595611,90.015709,89.948966,90.038104,143.827214,0.06538,0.066647,82.405305,0.857143,-464.842364,-399.942301,25.208334,-399.942301,19.111098,-50.171395,25.208334,-50.171395,771.478125,-205.546604,87.329438,-160.844139,87.329438,-476.734358,146.516086,-160.844139,146.516086,1020.743447,678.721923,1.0,4.177669,0.923589,2.581687,3.0,120.0,1396.8207133419046,2.058016200755467,0.010401551210811003
43380.0,0.23364,0.467245,-0.852699,-0.022789,0.879361,0.47561,0.972056,-0.091689,0.216102,-224.784395,-29.300211,-923.869056,3.601301,3.594907,3.594603,90.049811,90.019084,89.970008,87.83939,0.077715,0.061626,105.232979,0.993151,552.10542,283.319056,584.896881,283.319056,-342.440815,36.527161,584.896881,36.527161,1623.39335,-442.671695,184.897265,171.972303,184.897265,-278.043449,-136.913838,171.972303,-136.913838,1430.154539,341.209428,1.0,4.203599,1.352976,1.664843,3.0,144.0,1813.3230868086014,5.314399128527602,0.009437640266745656
43862.0,-0.263334,0.524246,-0.809828,0.657,0.712149,0.247375,0.706404,-0.466915,-0.531963,536.796461,46.356857,-829.853554,3.595765,3.591324,3.589305,89.848622,90.053637,90.063525,160.70819,0.105724,0.086105,80.581712,0.809859,-2401.469068,-499.574047,-410.374298,-499.574047,-658.532529,-31.220693,-410.374298,-31.220693,878.49457,-305.410517,139.55515,-12.75899,139.55515,-285.612822,73.535814,-12.75899,73.535814,893.36578,510.190657,1.0,4.415925,2.131714,2.154848,3.0,115.0,1196.87426750624,2.3459352912184745,0.010050158775479975
43481.0,0.796949,0.455951,-0.396208,-0.4544,0.884695,0.104096,0.397986,0.097078,0.912241,389.936733,497.219142,-903.981447,3.593975,3.585089,3.597844,89.924783,89.900165,90.021587,221.875807,0.061961,0.076471,93.022157,0.964286,-1483.150962,-1104.963869,194.991106,-1104.963869,-1946.323911,41.707647,194.991106,41.707647,1393.189847,-192.786803,101.102839,-138.801513,101.102839,-248.71133,-2.62663,-138.801513,-2.62663,1199.37294,541.082564,1.0,4.455465,0.422075,1.331545,3.0,135.0,1428.710287400247,2.6404663215136366,0.010366196948109899
44448.0,0.046656,0.334853,-0.941114,-0.278129,0.909239,0.309724,0.95941,0.2473,0.135554,233.298114,436.688527,-719.397179,3.599906,3.589371,3.596637,90.1085,89.957552,89.966114,235.367967,0.108106,0.112047,79.82832,0.802817,875.403105,170.602381,-183.52486,170.602381,-1821.050678,-551.649575,-183.52486,-551.649575,1414.709123,-408.213148,-89.668997,-10.521008,-89.668997,-213.065819,-155.145924,-10.521008,-155.145924,1621.423769,922.140595,1.0,4.39445,1.434824,1.318525,3.0,114.0,1945.6609109624824,2.1099395488195403,0.01005679438074107
45007.0,0.681297,-0.224055,-0.696874,0.492138,0.844938,0.209478,0.541881,-0.485674,0.68592,58.467368,-360.416679,-898.316512,3.597411,3.595829,3.596361,90.059346,89.960115,89.979242,113.161253,0.05748,0.060125,136.216621,1.0,30.97989,470.109719,-55.016206,470.109719,455.152554,88.091427,-55.016206,88.091427,1010.109883,-56.823687,33.041969,27.386852,33.041969,-123.249265,23.799741,27.386852,23.799741,1007.525116,254.997912,1.0,4.420385,0.81493,2.30155,3.0,146.0,1099.8894924401272,4.313327445756212,0.007341248025819111
43303.0,0.311594,0.041042,-0.949328,-0.036199,0.998854,0.031302,0.949525,0.024611,0.312723,243.215815,-55.596942,-866.245057,3.600002,3.594013,3.591708,89.99675,89.966434,89.988888,33.999326,0.047492,0.037898,132.83689,1.0,-791.696889,16.430146,451.652654,16.430146,-206.562805,42.744286,451.652654,42.744286,1416.21676,-471.833851,78.217539,281.417368,78.217539,-229.388827,50.129641,281.417368,50.129641,1469.811726,209.497674,1.0,4.679428,1.252738,1.544883,3.0,142.0,1850.3769487121547,8.832446267218007,0.0075280292996922765
44969.0,0.508662,-0.822459,0.254606,0.376854,0.478577,0.793061,-0.774108,-0.30745,0.553381,9.840531,466.917498,-761.885593,3.596929,3.593795,3.594701,89.970314,90.115847,89.99994,101.965369,0.07277,0.057652,112.564532,1.0,-392.975511,-424.862758,-530.070173,-424.862758,-388.573497,271.863985,-530.070173,271.863985,1114.559589,-296.610454,-64.947454,-122.89938,-64.947454,-22.104564,-83.800167,-122.89938,-83.800167,1098.833809,402.495887,1.0,2.830944,0.984378,4.334327,3.0,142.0,1288.1456355766288,3.2003945311784734,0.008883792987297278
43624.0,0.593388,-0.6644,0.454383,-0.445724,0.198829,0.87281,-0.670239,-0.720444,-0.178156,136.520178,272.263451,-674.441449,3.595141,3.595726,3.593295,89.924539,90.033654,89.915607,144.283169,0.059938,0.067322,101.207222,0.972222,-1060.640006,-334.643199,115.549376,-334.643199,52.982752,-94.314763,115.549376,-94.314763,989.346329,-244.927407,5.789641,36.024068,5.789641,-119.135745,-45.466001,36.024068,-45.466001,1038.860477,714.152726,1.0,2.661603,1.749909,3.890906,3.0,140.0,1226.781916132174,1.7178145114749221,0.009606251221874265
44263.0,0.119481,0.491946,0.862388,-0.680089,0.673377,-0.289901,-0.723328,-0.551863,0.415023,-283.625014,189.728082,-677.596382,3.598077,3.595192,3.592117,90.024219,90.096135,89.973053,133.71969,0.081768,0.072939,82.350233,0.809859,-823.887773,517.978287,65.118187,517.978287,-39.611304,438.808218,65.118187,438.808218,1186.030559,-42.70775,142.582687,-22.153193,142.582687,-211.074684,215.498003,-22.153193,215.498003,1083.340057,645.163027,1.0,1.246503,1.142828,4.060652,3.0,115.0,1239.5020317986575,1.9212229776438465,0.009834325544652679
43560.0,0.60768,-0.336256,0.719484,-0.389672,0.663153,0.639049,-0.692012,-0.6687,0.271955,220.489225,-140.187657,-729.943002,3.596181,3.596713,3.594249,90.035891,90.050202,89.966176,99.573628,0.064783,0.060466,101.785372,0.992958,-213.017842,-251.871896,202.33723,-251.871896,46.516417,100.020987,202.33723,100.020987,978.903021,-186.539699,-37.803004,97.317547,-37.803004,-255.410397,76.871731,97.317547,76.871731,1122.193571,530.718139,1.0,2.297057,1.295372,3.944121,3.0,141.0,1349.1723741494138,2.54216367409559,0.009755409647665286
44257.0,0.07314,0.34092,-0.937243,0.487011,0.807887,0.331872,0.870328,-0.48072,-0.106943,56.380575,322.511117,-820.562211,3.598489,3.597114,3.593375,89.967702,89.990242,90.012734,84.828307,0.053644,0.049095,133.533154,1.0,-448.770724,93.559704,-62.385967,93.559704,727.63761,97.788791,-62.385967,97.788791,1044.490563,-23.864866,71.878581,-30.710239,71.878581,-163.256349,88.74369,-30.710239,88.74369,1032.90262,290.371488,1.0,4.372071,1.677944,2.075437,3.0,140.0,1137.532729566513,3.917508352495383,0.007488776907044374
44124.0,0.00385,0.557521,-0.830154,0.444234,0.742795,0.500911,0.895902,-0.370711,-0.24481,540.326691,460.891538,-820.367271,3.597823,3.592879,3.592585,89.947092,90.013698,90.097394,128.945574,0.058853,0.061848,95.091351,0.992754,-1004.170502,-288.670851,-267.304107,-288.670851,-538.423262,-79.326535,-267.304107,-79.326535,1281.281607,-294.606926,159.713381,104.619106,159.713381,-65.056814,155.427066,104.619106,155.427066,1289.672667,393.812816,1.0,4.169477,1.81812,1.96313,3.0,136.0,1498.1394612635495,3.804191738807072,0.010440003108169112
44116.0,-0.083788,-0.818043,0.569021,0.803556,0.282229,0.524065,-0.589302,0.50115,0.633696,280.22585,456.335565,-808.171559,3.594,3.596941,3.592033,89.978858,90.043507,90.075101,243.219453,0.114836,0.11429,88.516572,0.888889,-61.086791,-112.271203,-716.680032,-112.271203,-853.915112,-214.946073,-716.680032,-214.946073,567.185998,169.455688,159.780312,-257.72339,159.780312,-945.870337,-40.56344,-257.72339,-40.56344,1014.665508,1476.303384,1.0,2.31509,0.884474,5.417123,3.0,128.0,1723.72087519665,1.167592578787078,0.010042063083961272
44566.0,0.392754,-0.16621,-0.904499,0.88724,0.327264,0.325122,0.241971,-0.9302,0.276002,15.677514,-90.247528,-798.401671,3.592591,3.599066,3.593095,90.027752,89.958133,90.042715,136.06494,0.057926,0.062516,109.286349,0.814286,-717.105831,-293.91664,161.183809,-293.91664,-447.756306,-88.459667,161.183809,-88.459667,1312.208894,-453.259424,-211.930154,67.923806,-211.930154,-176.020265,-443.134597,67.923806,-443.134597,1271.851909,703.174383,1.0,4.367321,1.291164,2.887105,3.0,114.0,1661.0311483763728,2.362189505951289,0.007450939732646755
45083.0,-0.6828,0.493368,0.538861,-0.654713,-0.740519,-0.151596,0.324244,-0.45631,0.828642,-133.869461,49.620076,-833.140997,3.594577,3.595018,3.597138,90.05768,89.947293,90.027194,68.254994,0.061836,0.050685,108.257566,0.992958,-255.50487,-22.531152,-82.784981,-22.531152,-213.566039,-60.022217,-82.784981,-60.022217,1167.242642,-199.776897,-83.262787,19.167577,-83.262787,-160.909599,-86.341904,19.167577,-86.341904,1273.283977,438.230852,1.0,1.296557,0.59412,2.523802,3.0,141.0,1457.817330282371,3.32659675517864,0.009172181092636057
44446.0,-0.08042,0.158489,0.98408,-0.995815,0.030221,-0.086247,-0.043409,-0.986898,0.155396,309.065206,-37.024706,-747.050677,3.593414,3.601222,3.591686,89.999968,90.000227,89.979146,63.95823,0.057284,0.048547,133.344628,1.0,-784.175783,23.977101,-400.212292,23.977101,-381.927954,120.526082,-400.212292,120.526082,1750.453325,-299.512634,-26.63614,-131.157982,-26.63614,-321.893457,37.416603,-131.157982,37.416603,1655.018286,471.872541,1.0,1.483378,1.414768,3.18555,3.0,142.0,1969.4973866002222,4.173791046256752,0.007499364728813822
45127.0,-0.5663,-0.075047,0.820775,-0.524069,0.801392,-0.28831,-0.636126,-0.593413,-0.493159,574.987976,-241.56628,-937.262277,3.59675,3.595806,3.595457,89.978603,90.05229,89.919034,130.905637,0.088208,0.076845,101.056244,1.0,776.440929,56.08888,431.509479,56.08888,-458.186993,-310.838762,431.509479,-310.838762,735.251483,-266.162483,-128.056102,-97.162722,-128.056102,-160.169222,2.008301,-97.162722,2.008301,1087.787087,743.170328,1.0,1.232994,2.086513,3.961716,3.0,144.0,1311.597012857167,1.7648673035519349,0.009895479590553553
45278.0,-0.744959,0.596173,-0.299356,-0.488309,-0.181573,0.853572,0.454522,0.782055,0.426381,-19.808014,89.053112,-972.497143,3.594737,3.598069,3.594534,89.935789,89.994662,89.998541,106.392316,0.059178,0.057336,89.796776,0.993243,132.692628,205.304583,425.285527,205.304583,-221.935782,181.317459,425.285527,181.317459,956.578258,-7.113791,134.860774,342.470453,134.860774,-159.512554,-90.790496,342.470453,-90.790496,1341.817274,420.669774,1.0,3.4789,1.130309,0.526473,3.0,147.0,1468.4015431902849,3.490627646545114,0.011061009584575732
44477.0,-0.098883,0.923297,0.371139,-0.957856,0.012768,-0.286966,-0.269694,-0.383874,0.883123,560.634196,467.439709,-808.995021,3.585515,3.592802,3.598479,89.997186,90.058173,89.791628,264.367598,0.079612,0.090003,96.652742,0.992754,-618.756406,-1807.946732,191.995821,-1807.946732,-2598.318213,127.092327,191.995821,127.092327,1144.611896,-107.200505,40.788833,120.654187,40.788833,-505.389377,-99.145016,120.654187,-99.145016,1338.992195,409.615073,1.0,0.912609,0.488319,3.754034,3.0,137.0,1686.8383784990745,4.11810621651385,0.010271348535564568
44353.0,0.144795,0.565859,-0.811688,0.666471,0.550552,0.502701,0.731335,-0.613755,-0.297412,-23.328341,62.361325,-758.41256,3.596103,3.595644,3.594358,89.961763,90.039978,90.038929,140.288426,0.057784,0.066572,72.057033,0.811594,-261.826143,112.180934,149.154489,112.180934,-80.84433,-99.024739,149.154489,-99.024739,866.308011,-549.977072,231.392781,99.538286,231.392781,-229.732152,33.546773,99.538286,33.546773,1139.404002,770.34441,1.0,4.157879,1.872777,2.269002,3.0,112.0,1569.707431872462,2.037669659824574,0.011263217013112376
44825.0,-0.401079,0.847591,0.347454,-0.730264,-0.524837,0.437335,0.553038,-0.078328,0.829466,220.87035,276.128064,-938.5274440000001,3.597057,3.594015,3.598541,90.000541,90.01123,90.040016,125.67384,0.058176,0.058567,89.169396,1.0,348.464556,623.090446,11.078447,623.090446,287.22022,234.448759,11.078447,234.448759,864.312544,-303.233288,150.626221,99.175326,150.626221,-78.911347,49.52448,99.175326,49.52448,1164.036194,467.350319,1.0,2.470226,0.592645,1.711492,3.0,142.0,1378.5107312765704,2.949630449009216,0.011214609999152624
43857.0,-0.086764,0.567109,-0.81906,0.341216,0.789349,0.510391,0.935972,-0.235193,-0.261994,-147.034262,158.468865,-972.274987,3.597481,3.592642,3.59375,89.988738,90.008453,90.030979,132.850379,0.065309,0.067636,72.62322,0.915493,-441.896742,-213.615694,-133.079873,-213.615694,-438.913249,149.750944,-133.079873,149.750944,784.14609,-497.721613,-27.178607,-19.972856,-27.178607,-464.700027,43.950159,-19.972856,43.950159,1118.427481,553.220721,1.0,4.155126,1.835884,1.816981,3.0,130.0,1600.6131384507532,2.8932631727124933,0.012606064561720066
44829.0,0.542412,-0.835827,-0.084746,0.587573,0.305329,0.749355,-0.600456,-0.456253,0.656723,21.535833,-366.881777,-840.852856,3.595228,3.592793,3.5961,90.072005,90.075717,89.9787,106.250184,0.057578,0.056005,181.47469,1.0,-532.577139,270.984978,-173.286162,270.984978,-594.456692,261.851093,-173.286162,261.851093,1097.837172,-522.214975,64.207974,-1.370525,64.207974,-20.25427,63.235311,-1.370525,63.235311,1218.769524,377.231569,1.0,3.254206,0.854331,4.062617,3.0,144.0,1554.084361843393,4.1197091907315775,0.005510410294680762
43331.0,0.623202,0.556039,-0.549945,-0.201464,0.79361,0.574104,0.755667,-0.246988,0.606601,-231.658895,213.395669,-990.951861,3.593265,3.595242,3.594492,90.038678,89.92843,90.013418,147.389713,0.071593,0.070845,69.774532,0.852113,-439.743087,422.396421,-403.912014,422.396421,-366.380785,15.389076,-403.912014,15.389076,465.410256,-206.967315,133.617407,121.578781,133.617407,125.523324,-143.093072,121.578781,-143.093072,710.472734,786.107718,1.0,3.905502,0.919018,1.886699,3.0,121.0,828.8781692254203,1.0544078759768905,0.01221237857962272
44646.0,0.488281,-0.277131,-0.827515,0.852515,-0.051222,0.520186,-0.186547,-0.959466,0.211247,114.25842,-351.623169,-983.893094,3.592059,3.599993,3.592634,90.010592,90.031817,89.976074,100.669886,0.059521,0.05408,89.610996,1.0,-341.580299,42.591311,332.51611,42.591311,-956.322753,-18.377648,332.51611,-18.377648,1427.295871,-373.226848,41.953963,372.247907,41.953963,-383.224426,-13.800906,372.247907,-13.800906,1308.609281,416.447502,1.0,4.151196,1.357945,3.333624,3.0,144.0,1717.8114950340873,4.124917274768735,0.011159344775054168
44161.0,0.072311,-0.847884,0.525227,0.147428,0.529908,0.835142,-0.986426,0.017043,0.16332,290.012513,369.108709,-662.832634,3.599752,3.593826,3.591269,89.956544,90.018241,90.008505,108.51726,0.056717,0.054896,99.213089,1.0,-782.695107,-472.868133,-209.153308,-472.868133,-429.923851,-132.463631,-209.153308,-132.463631,1386.687469,-183.01307,-80.024711,44.278873,-80.024711,-349.452317,-117.28588,44.278873,-117.28588,1426.939685,506.999129,1.0,2.580188,1.406742,4.729665,3.0,142.0,1704.1712453509217,3.361290282119837,0.010079315240350998
44841.0,-0.495333,0.199868,0.845398,-0.834588,0.160554,-0.526958,-0.241054,-0.966579,0.08728,-28.276145,51.425977,-965.572452,3.593428,3.600386,3.592977,90.020975,89.99351,89.955578,111.821144,0.058081,0.061429,88.903858,0.979452,-563.470613,-8.391231,-83.74317,-8.391231,-373.203546,-89.949787,-83.74317,-89.949787,1651.584026,-667.613534,12.660307,-198.24236,12.660307,-143.706647,-107.496378,-198.24236,-107.496378,1470.279769,535.354335,1.0,1.013402,1.483405,3.385996,3.0,141.0,1939.9152087427738,3.6236097887257674,0.011016979713073869
44398.0,0.192667,0.595465,-0.779937,0.766579,0.404844,0.498456,0.612565,-0.693919,-0.378471,-70.007731,-365.155076,-926.622211,3.59572,3.596154,3.594949,89.981201,89.913198,90.052666,178.074993,0.075067,0.074683,78.102908,0.908451,-300.720731,-516.935514,-585.06833,-516.935514,598.082353,66.063728,-585.06833,66.063728,425.452392,-584.210112,-206.518942,123.373433,-206.518942,-256.736727,46.165595,123.373433,46.165595,1020.609633,714.101918,1.0,4.143716,1.95894,2.418383,3.0,129.0,1483.9647004790133,2.078085302774685,0.011631461916885348
43926.0,0.495636,0.434057,0.752289,-0.799474,-0.110462,0.590457,0.339391,-0.894088,0.292268,400.183966,399.785944,-644.274578,3.594784,3.599271,3.598747,90.002324,90.025096,90.04751,155.870148,0.070415,0.068295,76.475575,0.916667,516.188371,660.736801,-196.028755,660.736801,547.636252,51.504904,-196.028755,51.504904,1322.946735,-345.215692,-212.9864,-58.520277,-212.9864,-206.557728,53.473753,-58.520277,53.473753,1501.527648,573.262445,1.0,2.23625,1.274198,2.778799,3.0,130.0,1792.3048783643892,3.126499727998734,0.011986402194426128
43692.0,-0.291354,-0.829513,0.476468,0.478174,0.305101,0.823567,-0.82853,0.467784,0.307759,-268.6534,71.754482,-636.5709019999999,3.598474,3.59755,3.594433,90.011434,90.00668,90.050883,123.082887,0.074474,0.070351,92.256251,1.0,486.977237,-105.736396,-278.649876,-105.736396,26.461013,-325.052905,-278.649876,-325.052905,1221.267607,-163.696614,-110.736253,290.135531,-110.736253,-93.243952,0.986135,290.135531,0.986135,1357.56695,489.61538,1.0,2.617101,1.257959,5.226369,3.0,142.0,1511.4102449216057,3.0869337579256713,0.01083937390865796
44512.0,-0.155034,0.404841,0.901148,-0.949728,-0.312221,-0.023127,0.271995,-0.859431,0.432893,-137.863316,-181.325953,-914.346973,3.594125,3.598037,3.593115,90.048992,90.017129,90.016045,126.425206,0.062145,0.060202,77.700926,0.972973,-473.74664,167.236162,-292.300467,167.236162,-161.028919,303.932686,-292.300467,303.932686,928.4547,-501.917205,50.577525,-344.940639,50.577525,-446.077689,195.864535,-344.940639,195.864535,1053.962811,646.50943,1.0,1.545138,1.123096,2.835084,3.0,144.0,1567.459688027886,2.424496249076964,0.012522025799280693
45024.0,0.649048,0.101412,-0.753958,0.451095,0.746738,0.488769,0.612576,-0.657341,0.438922,-201.235049,-306.523292,-954.724121,3.589648,3.596682,3.595673,90.022494,89.924262,90.087883,103.537853,0.075273,0.058008,158.704057,1.0,-1161.190748,-790.331965,-629.639155,-790.331965,-293.555378,-397.605361,-629.639155,-397.605361,835.912715,-123.759626,-37.326918,-78.238035,-37.326918,-123.633436,23.03375,-78.238035,23.03375,1010.717337,171.877074,1.0,4.13723,1.116397,2.39143,3.0,140.0,1137.070190348417,6.615601277622501,0.006301036148055119
43343.0,0.492421,0.685132,-0.536763,-0.14171,0.6716,0.727236,0.858743,-0.282042,0.4278,597.579966,-392.864272,-731.21408,3.595278,3.595462,3.594644,90.017355,89.915025,90.071711,147.939355,0.097074,0.079881,78.33438,0.868056,-580.420233,247.516819,-504.270358,247.516819,-102.393301,-44.467068,-504.270358,-44.467068,1004.683714,-148.237795,16.177488,192.241127,16.177488,-465.905714,-49.781252,192.241127,-49.781252,1357.136674,517.237593,1.0,3.777426,1.128739,1.888132,3.0,124.0,1695.596288882163,3.278176822082155,0.011081417890841801
45291.0,-0.563597,0.785832,0.254612,-0.384996,-0.52259,0.760709,0.730846,0.330709,0.597072,438.003387,128.373204,-951.930859,3.596045,3.595949,3.596033,89.949959,89.977414,89.985413,68.047877,0.055378,0.049326,111.06539,1.0,351.661491,108.574273,253.865952,108.574273,-58.002898,-23.759516,253.865952,-23.759516,764.900965,-119.892899,97.578433,102.485226,97.578433,-96.239796,-83.421654,102.485226,-83.421654,943.30067,282.423544,1.0,2.81861,0.93095,1.145865,3.0,142.0,1061.1456854816488,3.7572847874242696,0.009003704934543515
44072.0,0.336301,0.585264,0.737813,-0.821535,-0.2007,0.533666,0.460415,-0.785611,0.413319,455.648487,440.829394,-957.946252,3.594562,3.596619,3.594155,90.051783,90.006405,90.00095,165.787005,0.078122,0.080522,81.9244,0.929577,-336.780093,-157.543884,-171.485584,-157.543884,84.35405,292.896106,-171.485584,292.896106,562.374586,-284.978262,79.321457,-54.565796,79.321457,-356.691892,24.114438,-54.565796,24.114438,1169.976064,632.576749,1.0,2.196995,1.1447,2.611487,3.0,132.0,1494.5779039551212,2.362682324821144,0.011346766042839495
43645.0,0.507041,-0.673485,0.537892,-0.378443,0.386735,0.840962,-0.774397,-0.629964,-0.058785,-233.844334,-156.747208,-934.829286,3.594506,3.594218,3.592768,89.930625,90.023705,89.900871,118.071094,0.067215,0.060323,81.421576,0.876812,-1384.368592,-70.107546,67.715843,-70.107546,-147.146966,-214.086224,67.715843,-214.086224,770.40364,-718.878755,139.946083,184.413764,139.946083,-203.374709,37.014873,184.413764,37.014873,997.176711,550.981197,1.0,2.572553,1.629616,4.029477,3.0,121.0,1538.5642106976243,2.7924078336517613,0.010768791800345403
43357.0,0.620305,0.176997,0.764129,-0.220385,0.974291,-0.046774,-0.752763,-0.139388,0.643365,465.16731,-109.938883,-631.914864,3.597207,3.594318,3.594568,90.035595,90.086457,89.984545,115.917731,0.076721,0.067378,100.477221,0.985714,-538.319519,-115.799485,-239.372986,-115.799485,-123.58049,-79.685072,-239.372986,-79.685072,1181.246661,-82.761864,39.291302,98.303351,39.291302,-45.283739,-22.708383,98.303351,-22.708383,1122.081937,347.900901,1.0,1.509661,0.87191,4.529294,3.0,138.0,1190.247947907981,3.4212269772419504,0.009810323078103443
44568.0,0.355763,0.457839,-0.814749,0.747698,0.383591,0.542039,0.560697,-0.802024,-0.205858,221.250169,103.739379,-778.320052,3.595902,3.597898,3.594788,90.021897,90.012661,90.018304,83.580295,0.058005,0.048593,95.522895,1.0,388.674465,216.118507,-299.613789,216.118507,53.115746,6.901107,-299.613789,6.901107,773.350545,136.504235,-36.819156,-47.407752,-36.819156,-203.324209,-2.395802,-47.407752,-2.395802,945.746576,330.516986,1.0,4.125345,1.778136,2.531469,3.0,142.0,1023.7513209655315,3.097424230310304,0.010468694442311447
43721.0,0.223954,0.384442,-0.895572,-0.120752,0.922777,0.365925,0.96709,0.026191,0.253082,435.610856,177.630922,-731.2611440000001,3.599322,3.590604,3.592196,89.956292,89.966222,90.001828,116.379364,0.053405,0.052486,92.721228,0.952055,-1057.248099,-418.635678,207.946455,-418.635678,-821.435117,-68.531471,207.946455,-68.531471,1294.589028,-337.34915,-24.295905,241.306483,-24.295905,-340.627466,-48.917981,241.306483,-48.917981,1427.122151,436.499442,1.0,4.324497,1.314932,1.54372,3.0,139.0,1779.0624701954885,4.075749700948045,0.01026792915210312
44664.0,-0.306092,0.259832,0.915858,-0.879876,0.290109,-0.376371,-0.363492,-0.921045,0.13982,-132.936024,79.230837,-850.406922,3.594362,3.598924,3.594741,90.01002,90.03258,89.946369,109.992684,0.057638,0.057375,97.833959,0.965278,112.173473,92.27966,-25.108079,92.27966,-391.951336,-52.824817,-25.108079,-52.824817,1338.241244,-46.785165,66.608237,-130.499947,66.608237,-163.972799,-194.927781,-130.499947,-194.927781,1335.149065,558.04529,1.0,1.180887,1.430517,3.51748,3.0,139.0,1459.4583105632546,2.6153044147424924,0.009866492267781989
45179.0,-0.556923,0.243544,0.794055,-0.469413,0.696413,-0.542826,-0.685192,-0.675052,-0.273526,161.990775,358.717627,-975.063178,3.595197,3.590543,3.594929,89.990311,89.983052,89.887316,168.354125,0.074051,0.070388,81.914457,0.970588,-362.23725,-656.762042,325.058817,-656.762042,-1154.717117,528.220643,325.058817,528.220643,526.962652,-273.470965,-34.111288,-99.232059,-34.111288,-202.192909,-42.469178,-99.232059,-42.469178,939.407626,627.754399,1.0,0.971153,1.847853,3.934445,3.0,132.0,1182.9260623891846,1.884377177242504,0.011848799779018251
43859.0,-0.107217,0.608649,-0.786162,0.376692,0.756638,0.534418,0.920113,-0.238842,-0.310398,397.816186,85.348503,-786.663495,3.597098,3.592216,3.594306,89.933641,90.068698,90.068994,145.497377,0.065247,0.074091,98.081696,0.963235,-903.828357,-332.450214,69.016904,-332.450214,-460.533093,-425.596259,69.016904,-425.596259,1195.252302,-276.612139,-20.835198,119.651594,-20.835198,-245.442267,61.440179,119.651594,61.440179,1032.147485,492.022478,1.0,4.115362,1.886408,1.82477,3.0,131.0,1298.8162199240367,2.6397497634732794,0.009820741680486439
44898.0,0.515228,0.086324,-0.852695,0.444448,0.823772,0.351947,0.732807,-0.560311,0.386064,-322.01829,345.07739,-743.700318,3.597343,3.595559,3.590632,90.045247,89.980021,90.063988,170.767643,0.072829,0.068825,92.238186,0.902778,-782.053278,497.16355,488.057809,497.16355,-427.708422,-195.667236,488.057809,-195.667236,1017.935393,-107.482327,-140.920436,-110.098497,-140.920436,-368.684663,98.381488,-110.098497,98.381488,1419.568402,940.642206,1.0,4.320943,1.174435,2.223582,3.0,130.0,1682.3270136942695,1.7884876980464446,0.009787464814193115
43811.0,-0.069151,0.415207,-0.907095,0.286466,0.879242,0.380619,0.955591,-0.233532,-0.179743,415.217789,-362.378223,-920.523325,3.60088,3.594116,3.589114,89.961155,90.034987,89.93547,114.221869,0.064779,0.064112,135.911157,1.0,-1635.711859,346.731514,189.649755,346.731514,223.487763,867.287676,189.649755,867.287676,1380.61201,-489.650312,68.130052,-78.917314,68.130052,-281.810248,222.011943,-78.917314,222.011943,1298.84214,499.483803,1.0,4.315099,1.751522,1.810483,3.0,136.0,1707.4254213081017,3.418379957574123,0.00735774767924314
43950.0,0.230279,-0.872766,0.430409,-0.278261,0.364772,0.888545,-0.932493,-0.324379,-0.158857,-89.400412,-191.39892,-771.832244,3.598699,3.592809,3.591155,90.002107,90.004886,89.941101,140.4184,0.083278,0.072095,81.844533,0.863014,-737.171017,-104.989259,78.772331,-104.989259,-868.987761,401.229939,78.772331,401.229939,1172.14548,-525.629232,233.138093,17.86575,233.138093,-425.636244,-66.896093,17.86575,-66.896093,1358.980813,507.687536,1.0,2.690505,1.730329,4.37762,3.0,126.0,1848.693203797417,3.6413996261618227,0.010544552804767057
45092.0,-0.392594,0.823188,0.410161,-0.423383,-0.557663,0.713973,0.816466,0.106646,0.567459,554.350141,208.135284,-891.94846,3.596053,3.592795,3.595607,89.97417,89.944977,89.970322,108.46457,0.072862,0.071782,80.459523,0.958333,-439.767946,208.957235,223.868065,208.957235,-327.473819,-15.195018,223.868065,-15.195018,832.060115,-477.087134,31.968952,-53.444605,31.968952,-443.021937,-144.016584,-53.444605,-144.016584,1221.52549,555.651758,1.0,2.620152,0.967379,1.440912,3.0,138.0,1687.319189577813,3.0366487017896073,0.011910746724163403
44401.0,0.201445,-0.71982,-0.664288,0.81201,0.501998,-0.297721,0.547777,-0.479434,0.685626,315.050325,341.192652,-852.988024,3.592209,3.595654,3.593152,90.071614,89.837359,89.994199,179.686156,0.090025,0.087787,72.821372,0.876712,-1084.869611,-1095.770563,-25.91192,-1095.770563,-898.394053,-37.894794,-25.91192,-37.894794,1086.95308,-47.728674,-83.105405,-11.941841,-83.105405,-307.4384,-104.343583,-11.941841,-104.343583,1320.572847,667.37684,1.0,5.133729,0.815333,2.28976,3.0,128.0,1519.3787979530227,2.276642980228416,0.012039212883822075
43988.0,-0.193775,-0.707958,-0.679151,0.80633,0.2794,-0.521313,0.558823,-0.648638,0.516707,281.897948,489.232815,-829.35445,3.596139,3.596742,3.596424,90.028434,89.986837,90.042377,92.367236,0.056463,0.052098,116.698847,1.0,199.778662,130.388056,75.296596,130.388056,232.606669,-21.633777,75.296596,-21.633777,981.675358,-107.85862,-14.358334,-21.346378,-14.358334,-117.416555,44.325034,-21.346378,44.325034,988.31725,842.528477,1.0,5.367056,1.027796,2.430441,3.0,146.0,1101.8801992466358,1.3078254674193475,0.008569064954000788
44048.0,-0.16114,-0.866245,-0.472919,0.854757,-0.362043,0.371908,-0.49338,-0.344302,0.798769,62.305176,477.003685,-640.700889,3.591747,3.599865,3.595105,90.095877,90.088038,89.992458,168.73118,0.101317,0.086839,69.554493,0.856164,284.337753,982.493061,714.298183,982.493061,-710.866473,518.270453,714.298183,518.270453,1118.43876,-637.653206,29.511023,-60.923591,29.511023,-260.105475,153.810238,-60.923591,153.810238,1034.535838,553.529721,1.0,4.045991,0.64555,4.103112,3.0,125.0,1525.977535545975,2.756812286048819,0.012309255133237764
43583.0,0.711985,0.563772,-0.418615,-0.506423,0.825232,0.250057,0.486429,0.033959,0.87306,-150.518745,182.993551,-694.922397,3.594192,3.593312,3.598556,89.996613,89.916539,89.989555,101.456634,0.061686,0.057773,104.527317,1.0,-392.883347,64.932391,-102.973149,64.932391,-491.805843,81.529885,-102.973149,81.529885,1395.623663,-102.128918,-10.002462,55.589508,-10.002462,-254.757812,-35.230194,55.589508,-35.230194,1179.518427,431.192641,1.0,4.173925,0.509354,1.501096,3.0,146.0,1365.5971111224073,3.1670232310908277,0.009566877144660663
44333.0,0.058782,0.528732,0.846751,-0.859451,-0.40469,0.312363,0.507828,-0.746102,0.430631,-123.839251,-366.858602,-953.751247,3.590099,3.595194,3.594819,89.995739,89.881114,90.128721,215.607466,0.094847,0.095089,75.1154,0.856164,113.25591,-160.861425,124.216044,-160.861425,-2280.351744,-116.571857,124.216044,-116.571857,1019.705343,-217.818493,-226.305411,-118.442023,-226.305411,-446.15446,25.7132,-118.442023,25.7132,1021.43974,690.65363,1.0,1.924205,1.125605,2.543977,3.0,125.0,1385.7465043306847,2.006427598636794,0.011397982304560718
44461.0,0.283397,-0.506021,-0.814635,0.938011,-0.030496,0.34526,-0.199552,-0.861982,0.466011,408.57056,124.183709,-964.133383,3.59349,3.598864,3.595853,89.99962,89.995729,90.004114,78.364567,0.055105,0.050441,114.376743,1.0,467.082173,-169.810724,420.238162,-169.810724,-241.97981,186.565988,420.238162,186.565988,883.861247,-266.14029,39.411871,337.282427,39.411871,-147.252902,-47.180247,337.282427,-47.180247,1085.799143,252.429094,1.0,4.311516,1.08602,3.369089,3.0,146.0,1330.1503387724777,5.269401865271829,0.008743036160769152
44216.0,0.109602,0.411701,-0.904704,-0.131176,0.908218,0.397408,0.985282,0.075119,0.153548,-223.253066,-110.669386,-804.491247,3.600264,3.59223,3.592503,89.953921,89.955617,89.986627,116.976854,0.066548,0.063066,104.013086,1.0,-975.038587,-255.780748,-62.167896,-255.780748,-426.278457,31.077621,-62.167896,31.077621,1616.706396,-343.244092,121.088382,6.655293,121.088382,-231.935239,28.663996,6.655293,28.663996,1385.693982,429.908837,1.0,4.298495,1.416638,1.494702,3.0,144.0,1679.5286975646686,3.9067089415625773,0.009614174893339864
44732.0,-0.408871,0.787395,0.461339,-0.911976,-0.33396,-0.238267,-0.033542,-0.51815,0.854632,492.610632,128.374682,-778.371743,3.5904,3.59247,3.598318,90.080374,89.949968,89.933664,170.362159,0.066406,0.070104,80.218546,0.922535,-1428.820562,-631.712226,277.956578,-631.712226,-588.498966,-291.965989,277.956578,-291.965989,1171.631215,-130.50306,-21.124746,159.334929,-21.124746,-181.983954,-55.298863,159.334929,-55.298863,1310.451389,693.628503,1.0,1.09406,0.545955,3.206236,3.0,131.0,1474.737437255968,2.1261200064265062,0.011500270772796107
44623.0,0.444,-0.002987,-0.896022,0.814718,0.417579,0.40232,0.372958,-0.908636,0.187838,325.720962,-383.013636,-784.103282,3.593359,3.600239,3.59499,89.993506,89.971421,90.042706,116.856153,0.075628,0.061622,85.720034,0.958904,-216.95134,-393.087644,63.111631,-393.087644,-48.296387,-414.962199,63.111631,-414.962199,1479.959465,-257.674638,47.400515,-143.310523,47.400515,-460.081956,-194.9002,-143.310523,-194.9002,1405.986113,530.144133,1.0,4.290361,1.381835,2.752102,3.0,140.0,1786.3513175067892,3.369557835900429,0.011186463131827503
44541.0,-0.153903,0.627783,0.763022,-0.855814,-0.47066,0.21462,0.493858,-0.619974,0.609701,193.642397,-251.650031,-897.171557,3.596268,3.591466,3.594607,90.098703,89.923587,90.029822,115.203063,0.068994,0.067305,94.399616,0.978571,-1302.013921,175.266594,467.045587,175.266594,-173.275975,-443.423684,467.045587,-443.423684,950.095065,-249.310126,-90.5829,36.409975,-90.5829,-451.28063,-145.087604,36.409975,-145.087604,1199.75282,418.590884,1.0,1.844988,0.915112,2.468941,3.0,137.0,1567.220310024196,3.744038319822072,0.01036626038817785
44211.0,0.163634,-0.647325,0.744442,-0.66898,0.481793,0.565987,-0.725045,-0.590631,-0.35421,-305.589989,-148.41609,-922.180522,3.595364,3.595139,3.592922,89.925744,89.91598,89.960998,102.274148,0.064071,0.054562,112.813155,1.0,-747.446101,-394.833297,-293.146321,-394.833297,-480.113946,-285.227068,-293.146321,-285.227068,1004.063857,-160.14097,-35.215312,119.186545,-35.215312,-37.92251,54.531198,119.186545,54.531198,987.814719,279.272957,1.0,2.220847,1.932865,4.028801,3.0,143.0,1098.2953341939153,3.9326949017620607,0.008864214461513819
43391.0,-0.521106,-0.465581,0.71532,0.410463,0.598116,0.688315,-0.748311,0.652298,-0.120578,-292.292313,232.068001,-902.817335,3.597026,3.596426,3.593945,89.993289,89.965141,90.061996,71.79395,0.049714,0.046016,153.357613,1.0,-367.767775,-116.685782,6.526174,-116.685782,124.354706,-46.13544,6.526174,-46.13544,1126.189666,-128.70796,37.59673,53.99465,37.59673,-102.695478,9.141445,53.99465,9.141445,1106.79758,177.650328,1.0,2.336957,1.691668,5.429343,3.0,142.0,1224.0593938752907,6.890273762260043,0.006520706604894796
43392.0,-0.423314,-0.903348,-0.069055,0.355914,-0.235907,0.904253,-0.833145,0.358205,0.421376,422.940602,-372.082691,-921.761805,3.595955,3.591188,3.592118,90.054889,90.063092,90.141305,173.564669,0.074529,0.077929,95.239061,0.869863,-1785.963062,665.48182,-22.061453,665.48182,-552.258756,-468.560628,-22.061453,-468.560628,954.605432,-367.931433,51.238515,107.479208,51.238515,-314.659569,-136.335518,107.479208,-136.335518,924.007121,770.407302,1.0,3.217811,1.135834,5.118439,3.0,127.0,1275.8105455515845,1.6560208376005041,0.009133468882058801
43393.0,0.856341,-0.243795,0.455241,-0.382234,0.293533,0.876205,-0.347242,-0.924339,0.158178,552.175713,-257.650467,-696.0080820000001,3.594113,3.599561,3.592522,90.028168,90.02798,89.996907,96.897335,0.058994,0.058146,120.304064,1.0,-323.115262,-396.627259,409.309764,-396.627259,-352.687673,-188.818421,409.309764,-188.818421,1225.363246,-312.923238,15.82231,159.507058,15.82231,-396.74033,-99.623802,159.507058,-99.623802,1140.899662,176.964499,1.0,2.66242,1.411952,3.500947,3.0,144.0,1506.3846948786418,8.512355322061753,0.008312271146550794
44100.0,-0.095236,-0.583194,-0.806731,0.78936,0.449517,-0.418146,0.6065,-0.676623,0.41754,512.649554,-176.487571,-841.662252,3.594335,3.594093,3.594224,90.081182,90.022411,90.128197,143.71275,0.073633,0.067698,77.968718,0.85,-976.866382,771.567883,196.528253,771.567883,-532.228479,-30.774796,196.528253,-30.774796,1069.147232,-120.214341,93.095384,-77.809867,93.095384,-358.975136,119.729222,-77.809867,119.729222,998.853242,645.052051,1.0,5.190586,1.14006,2.410791,3.0,118.0,1264.2391378692346,1.959902516253273,0.010901808081543679
45140.0,-0.618888,0.151486,0.770733,-0.546085,0.622316,-0.560815,-0.564595,-0.767968,-0.30242,147.269227,-426.905072,-890.613904,3.594393,3.596976,3.588503,89.89738,90.088793,89.97662,175.823403,0.094428,0.079456,78.012674,0.833333,-144.051255,1090.172677,-1.139491,1090.172677,-1574.289972,-762.889957,-1.139491,-762.889957,505.734786,-663.929431,107.104597,-295.032499,107.104597,-469.125702,-308.950197,-295.032499,-308.950197,1019.977808,483.96158,1.0,0.941761,1.878027,3.775542,3.0,115.0,1640.4069674123268,3.389539656045273,0.010682020718838581
44114.0,-0.131475,-0.216909,-0.967298,0.99029,0.015712,-0.138123,0.045159,-0.976065,0.212737,293.300635,79.288793,-791.063688,3.592456,3.5999,3.593104,90.031161,89.986578,90.035744,139.514682,0.067142,0.069952,67.681205,0.816901,-471.618328,-29.366266,111.469098,-29.366266,-672.315304,250.267442,111.469098,250.267442,1488.442021,-281.578374,-43.083017,114.231607,-43.083017,-856.735744,110.571151,114.231607,110.571151,1712.874777,703.401752,1.0,4.854223,1.356421,3.09536,3.0,116.0,2340.111544368203,3.326849183577528,0.01206983534054986
44827.0,-0.485399,0.681978,0.547078,-0.849807,-0.515077,-0.111911,0.205467,-0.519231,0.829567,-226.335261,-341.809163,-664.397572,3.592049,3.594411,3.597394,90.058102,89.958599,90.069159,133.162979,0.086535,0.075374,78.568569,0.898649,-169.399488,-90.145485,-41.493818,-90.145485,-1073.879513,-240.078687,-41.493818,-240.078687,1140.159558,-441.750524,-27.607493,279.014436,-27.607493,-156.323645,8.247062,279.014436,8.247062,1066.482919,508.87549,1.0,1.369019,0.592464,2.764788,3.0,133.0,1408.8135752464666,2.768483849057982,0.011437767181428493
45104.0,-0.453792,0.872082,0.183154,-0.461353,-0.40577,0.788989,0.762382,0.273539,0.586473,524.245208,-23.572229,-748.119697,3.59657,3.597416,3.593823,90.012018,89.959079,89.933583,161.640511,0.057008,0.065001,74.892542,0.804348,110.376522,-543.004164,183.827182,-543.004164,96.145666,-511.517582,183.827182,-511.517582,791.060195,-196.097353,173.241412,-67.326331,173.241412,-245.329507,-173.681443,-67.326331,-173.681443,1076.688078,609.546771,1.0,2.913495,0.944099,1.226308,3.0,111.0,1316.6630266288566,2.160068905735958,0.010740028025754552
45249.0,-0.53014,0.837536,0.132231,-0.402211,-0.385686,0.830345,0.746443,0.387014,0.541334,-112.079067,54.814688,-702.677004,3.597214,3.59431,3.596013,89.959875,89.937983,89.925574,104.380202,0.071645,0.061861,96.347573,0.993056,-460.138572,96.487476,62.226965,96.487476,-47.003474,-60.013472,62.226965,-60.013472,1428.130072,61.520912,190.152402,-6.999772,190.152402,-114.290944,-204.743929,-6.999772,-204.743929,1217.135073,629.61868,1.0,2.98367,0.998774,1.092476,3.0,143.0,1275.9779877497008,2.026588518227732,0.010307016244197454
45039.0,0.766647,-0.151923,-0.623836,0.532723,0.692869,0.485941,0.358411,-0.704877,0.612119,437.69279,-350.428683,-659.572881,3.594519,3.595348,3.593986,90.087744,89.936789,90.035667,103.695123,0.053572,0.048996,98.190968,1.0,-714.839874,290.418646,135.565236,290.418646,-445.785894,96.559272,135.565236,96.559272,1056.644128,-27.680075,112.611157,156.459112,112.611157,-227.699408,-111.794257,156.459112,-111.794257,1222.131257,380.692923,1.0,4.050612,0.912059,2.671189,3.0,146.0,1374.505925742784,3.610537109308922,0.0101842360898204
43905.0,-0.316997,-0.747454,-0.583802,0.811125,-0.532663,0.24155,-0.491518,-0.396966,0.775131,-76.595711,272.584008,-747.656108,3.595743,3.593954,3.597025,90.078684,90.021445,90.001934,108.003859,0.055634,0.057469,88.943732,0.978261,-554.544878,-227.880578,-86.850666,-227.880578,276.490788,216.149985,-86.850666,216.149985,973.141897,-98.050289,-62.114055,141.101121,-62.114055,-149.010203,61.455834,141.101121,61.455834,965.554497,520.70297,1.0,4.320083,0.683874,4.033011,3.0,135.0,1099.414225095809,2.1114037914855928,0.010998650247776876
43463.0,-0.474731,-0.708477,0.522197,0.451084,0.313612,0.835566,-0.755747,0.632224,0.170702,-176.130955,-34.445763,-686.190933,3.597031,3.594026,3.594032,89.94354,90.033607,90.060046,135.834936,0.055617,0.058095,74.758663,0.894366,-581.661923,-96.239597,419.305354,-96.239597,-138.937315,139.502772,419.305354,139.502772,961.107494,-71.058497,-117.496634,167.100985,-117.496634,-141.87042,-67.820135,167.100985,-67.820135,929.380241,627.049465,1.0,2.58302,1.399255,5.409026,3.0,126.0,1054.2679045133655,1.6813153720071596,0.011963376070543156
44845.0,-0.2069,0.566991,-0.797316,-0.437096,0.675528,0.593809,0.875294,0.471363,0.108063,368.432402,29.737388,-969.953717,3.597252,3.595066,3.593619,89.987898,90.006869,89.951942,93.325374,0.061966,0.063107,96.663699,1.0,-352.983168,47.960269,101.901309,47.960269,-67.144923,-87.811778,101.901309,-87.811778,897.385143,116.741539,91.710905,-1.391225,91.710905,-256.827376,-20.15594,-1.391225,-20.15594,1217.220879,565.873712,1.0,4.07225,1.462522,1.07681,3.0,136.0,1329.784832476661,2.3499675003044866,0.010345145182163989
44957.0,-0.596808,0.088591,0.797478,-0.751612,0.286205,-0.594277,-0.28089,-0.954064,-0.104224,-97.610802,-78.39927,-725.474393,3.592895,3.598859,3.593761,89.999882,90.006537,89.95421,108.620974,0.068595,0.063808,96.109671,0.992958,-334.893361,-152.955414,65.591695,-152.955414,-515.523698,-197.316807,65.591695,-197.316807,1210.466331,-45.387781,23.157836,-50.623598,23.157836,-449.738313,-258.079402,-50.623598,-258.079402,1315.416665,453.659802,1.0,0.930377,1.67521,3.427917,3.0,141.0,1617.964184864617,3.5664702442924776,0.010331509718725393
43696.0,0.472609,0.774284,-0.420861,-0.400112,0.614027,0.680353,0.785207,-0.15315,0.599996,-70.638271,331.992947,-952.961836,3.597107,3.593778,3.595713,89.997745,89.972693,89.975955,104.968312,0.058529,0.058139,98.935907,0.992958,80.60911,-211.172904,319.390187,-211.172904,-86.732539,118.220514,319.390187,118.220514,667.654589,-300.555018,132.689155,-55.710271,132.689155,-177.196921,8.33666,-55.710271,8.33666,981.716519,387.893626,1.0,3.695571,0.927301,1.763422,3.0,141.0,1231.602045139304,3.175102560564643,0.010036376378497242
43412.0,0.895892,0.437588,-0.076773,-0.43169,0.898259,0.082304,0.104978,-0.040594,0.993646,574.46644,41.082729,-792.929657,3.590348,3.593378,3.599952,90.028783,89.973707,90.016976,119.517547,0.057718,0.060336,91.112109,0.992647,-1175.453907,256.181648,-128.023583,256.181648,-462.519204,-148.33105,-128.023583,-148.33105,1486.853463,-522.564508,120.04304,-43.535877,120.04304,-492.791915,100.821851,-43.535877,100.821851,1517.636222,610.5234,1.0,3.892236,0.112792,1.939773,3.0,135.0,2030.3734686682976,3.3256275986609154,0.01089478677307316
43413.0,0.850736,0.513952,0.110007,-0.405315,0.50827,0.759856,0.334616,-0.691024,0.640716,-24.14351,229.146757,-654.481957,3.595901,3.596453,3.59556,90.063081,90.030494,90.01937,55.105244,0.051061,0.043253,134.646059,0.992754,101.958261,-411.962187,-285.020158,-411.962187,116.033564,-64.933507,-285.020158,-64.933507,808.968654,-63.274552,-61.467196,-6.959829,-61.467196,-89.029764,-29.53773,-6.959829,-29.53773,1016.241179,133.390075,1.0,2.997818,0.875365,2.690639,3.0,136.0,1094.232630935439,8.203253734848255,0.00737306392309633
43414.0,-0.716248,-0.652721,0.246869,0.552741,-0.314686,0.771654,-0.425989,0.68915,0.586179,106.711916,416.417356,-660.169135,3.595336,3.598464,3.589287,89.984512,90.121965,89.969446,206.016594,0.113915,0.096913,72.312295,0.807143,1015.18654,187.367257,-162.969527,187.367257,-1817.397419,-759.781381,-162.969527,-759.781381,484.578417,-54.0374,273.768757,-88.704128,273.768757,-197.598615,-169.620058,-88.704128,-169.620058,1037.324668,723.229402,1.0,2.831961,0.944462,5.729537,3.0,113.0,1205.0102860310456,1.666152237033977,0.01116190545466715
43734.0,-0.338372,0.729026,-0.595,0.579302,0.659661,0.478808,0.741562,-0.18267,-0.645537,188.143631,181.383537,-771.732479,3.597217,3.595113,3.595629,89.982385,90.04737,90.031692,85.765718,0.05159,0.049788,90.724852,1.0,57.997335,-7.761555,-221.686894,-7.761555,-10.945377,29.708872,-221.686894,29.708872,992.409838,85.993948,-136.38007,-46.766788,-136.38007,-193.562464,1.407398,-46.766788,1.407398,1007.972248,408.203283,1.0,4.034778,2.272523,1.812319,3.0,138.0,1096.1442405964156,2.6852901146226587,0.011022338179179395
44697.0,-0.379023,0.833931,0.401123,-0.916127,-0.399315,-0.035481,0.130586,-0.380928,0.915337,419.266982,69.301434,-695.516212,3.592851,3.59337,3.599773,90.028883,90.011326,89.992927,156.507024,0.080114,0.080598,75.030376,0.895833,-292.87719,-30.46454,552.057785,-30.46454,-468.646316,149.702033,552.057785,149.702033,1254.695187,-396.879944,-57.306235,183.397439,-57.306235,-658.283396,51.601829,183.397439,51.601829,1380.28526,647.973449,1.0,1.482572,0.414453,2.811337,3.0,129.0,1928.9611392130473,2.9769138568716995,0.011939604301063344
44543.0,0.354444,-0.892023,0.280471,0.846161,0.433629,0.309803,-0.397972,0.127516,0.908492,-150.011356,330.626188,-662.886015,3.595112,3.589896,3.596758,89.935245,90.058313,89.944366,152.735117,0.071554,0.072816,87.176723,0.821429,-1706.685753,44.853006,-67.748763,44.853006,115.374852,-66.401995,-67.748763,-66.401995,907.102587,-484.890979,34.670789,36.212049,34.670789,-145.092122,123.547376,36.212049,123.547376,995.042668,702.299055,1.0,2.405846,0.431134,5.022468,3.0,115.0,1347.6350020384398,1.9188905245478936,0.009422572582821219
43637.0,0.651636,0.255147,0.714332,-0.517813,0.837795,0.173119,-0.554292,-0.482701,0.678056,313.230566,372.774969,-927.298245,3.596597,3.591485,3.59403,90.112307,90.039176,89.982323,160.042643,0.077921,0.069758,79.115113,0.922535,-564.878281,-870.333287,-87.898482,-870.333287,-860.488007,137.547297,-87.898482,137.547297,836.703824,-209.671008,54.608431,-5.868014,54.608431,-236.051564,56.470763,-5.868014,56.470763,1131.489538,580.073638,1.0,1.808563,0.825682,3.995919,3.0,131.0,1356.2603735343087,2.3380831065008834,0.01166066715976251
44452.0,0.148459,0.591209,-0.792737,0.265796,0.748268,0.607821,0.952529,-0.300944,-0.046054,30.277822,-249.529452,-646.172459,3.599057,3.594246,3.592389,90.013738,89.931566,90.03147,191.964384,0.084525,0.09465,89.834416,0.842857,-509.21741,183.980346,-453.113518,183.980346,-258.959628,544.114434,-453.113518,544.114434,1176.774338,-321.064839,116.932562,53.76029,116.932562,-93.333994,163.172799,53.76029,163.172799,1186.907061,971.020573,1.0,4.058262,1.616866,1.876814,3.0,118.0,1419.443708044974,1.4618060085581461,0.009382339614697333
43676.0,-0.513716,-0.516053,-0.685409,0.701948,0.206545,-0.681622,0.493321,-0.831281,0.256137,-296.274379,74.546806,-716.615616,3.594846,3.597246,3.594041,90.036758,89.984644,90.062579,116.248228,0.054736,0.056496,82.778841,0.952703,-320.447894,-4.862427,28.19477,-4.862427,-242.646255,-32.531824,28.19477,-32.531824,1094.184282,132.429613,-233.066173,-105.759641,-233.066173,-250.443077,5.214623,-105.759641,5.214623,1309.068072,574.137755,1.0,5.495017,1.311773,2.606006,3.0,141.0,1425.0338217446897,2.482041651736855,0.01150901593318998
43944.0,0.452326,0.525221,0.720794,-0.749915,-0.213467,0.626147,0.482731,-0.823757,0.297314,-165.412188,370.828926,-659.044169,3.595769,3.598609,3.594534,90.030179,89.980828,89.999537,134.207204,0.06195,0.064259,108.237088,0.978571,237.164423,-334.788838,-219.802773,-334.788838,102.156588,243.124763,-219.802773,243.124763,965.817869,-227.507982,-52.643499,21.797302,-52.643499,-207.220326,148.312192,21.797302,148.312192,1151.275106,574.389488,1.0,2.286041,1.268918,2.611522,3.0,137.0,1375.6505154819642,2.394978571547194,0.00904099526402632
43426.0,-0.793992,-0.22587,-0.564411,0.607665,-0.267537,-0.747775,0.017899,-0.9367,0.349676,92.248629,-208.288744,-761.56114,3.591531,3.598336,3.593219,90.039938,89.990563,90.044426,167.181693,0.074651,0.079612,72.48611,0.887324,-800.82671,192.674744,-159.256979,192.674744,-583.144846,378.484985,-159.256979,378.484985,1068.066212,-546.457477,-5.164808,364.605369,-5.164808,-491.474788,196.180626,364.605369,196.180626,1250.373688,924.319736,1.0,5.636627,1.213571,3.122486,3.0,126.0,1805.9398283847988,1.9538042498151298,0.012241296987795318
43675.0,0.306329,0.450404,-0.838629,-0.19074,0.892157,0.40948,0.932621,0.034525,0.359203,557.986507,-341.856705,-883.495756,3.599603,3.593645,3.591505,90.010905,89.923943,89.97957,104.883865,0.050073,0.049903,99.108757,0.971014,-788.219,384.453428,270.182971,384.453428,-578.318634,-58.312421,270.182971,-58.312421,1513.728473,-181.631946,-5.896688,239.425463,-5.896688,-317.496741,48.949623,239.425463,48.949623,1521.734859,475.285765,1.0,4.258167,1.203382,1.533794,3.0,134.0,1787.781261314681,3.761487073602301,0.009797459169021765
44316.0,0.071343,0.668697,0.740104,-0.8805,-0.306401,0.361715,0.468647,-0.677468,0.566928,539.96303,468.337838,-667.767972,3.595811,3.596288,3.593631,90.062092,89.935167,90.032727,67.566376,0.071646,0.052928,133.412491,1.0,-479.10848,-377.671659,-104.407115,-377.671659,-163.748138,-185.264813,-104.407115,-185.264813,1061.688187,207.185167,-99.800071,50.692471,-99.800071,-102.46885,7.278447,50.692471,7.278447,988.394524,318.422301,1.0,2.025392,0.968024,2.536417,3.0,146.0,978.527134348069,3.0730483740461034,0.007495550023123397
43432.0,0.610205,0.029581,0.791691,-0.280685,0.942555,0.181123,-0.740855,-0.332739,0.583455,-207.802346,473.850204,-919.914947,3.594971,3.592774,3.592886,89.967184,90.095824,89.85457,157.202501,0.063069,0.066216,99.006325,1.0,-1050.267776,928.787841,-423.177557,928.787841,-987.245088,-249.234075,-423.177557,-249.234075,1034.457355,-157.381685,52.547099,-198.843839,52.547099,-211.730583,19.393075,-198.843839,19.393075,1064.378536,424.833144,1.0,1.795706,0.94782,4.29026,3.0,144.0,1262.5610016640846,2.971898542982053,0.010100364799925661
44964.0,-0.627005,-0.044798,0.777726,-0.776778,0.111564,-0.619814,-0.059,-0.992747,-0.104749,-164.990793,-170.20443,-664.017265,3.594145,3.600807,3.592354,90.013911,89.986114,90.003945,110.236767,0.063317,0.063936,81.940272,0.986301,-574.789586,191.987849,197.213643,191.987849,-194.460318,-323.007987,197.213643,-323.007987,1627.58574,-634.113061,-13.774631,201.721106,-13.774631,-447.216074,-170.434093,201.721106,-170.434093,1765.428155,493.42856,1.0,0.897914,1.675738,3.200954,3.0,144.0,2323.0816174687143,4.708040445548418,0.012036828484045062
43967.0,0.205551,0.978217,0.028973,-0.249897,0.023841,0.967979,0.946203,-0.206209,0.249354,-290.066909,499.019984,-730.307341,3.600836,3.591612,3.594069,89.980847,89.968555,90.01503,134.719028,0.059036,0.062836,75.302462,0.884058,-801.410866,129.813046,449.208222,129.813046,-193.294318,-249.159956,449.208222,-249.159956,1633.232852,-533.730609,-54.206733,216.213678,-54.206733,5.863032,-40.854202,216.213678,-40.854202,1743.976078,557.837552,1.0,3.11167,1.318783,1.785375,3.0,122.0,2070.8910757816748,3.7123550903967737,0.011740094234900314
43994.0,-0.190648,-0.72742,-0.659177,0.806064,-0.499256,0.317811,-0.56028,-0.470748,0.681529,27.602568,-268.644117,-831.900156,3.595985,3.594477,3.593481,90.060131,90.05431,89.986847,101.420922,0.062823,0.054111,85.792555,0.965753,-769.261678,166.483602,209.606836,166.483602,2.548062,-179.789578,209.606836,-179.789578,688.662823,-153.917953,235.386159,97.283684,235.386159,-296.104193,60.360585,97.283684,60.360585,1009.556205,435.813546,1.0,4.263136,0.820946,4.013611,3.0,141.0,1261.2314135298598,2.893970196901268,0.011256839244384318
43517.0,0.511476,0.456759,-0.727849,-0.279877,0.889391,0.361458,0.812442,0.018831,0.582738,-185.481833,-373.022417,-790.979097,3.596993,3.593991,3.595969,90.022373,89.929943,90.017338,79.213024,0.068727,0.057925,120.650925,1.0,-95.003888,18.206273,-172.917754,18.206273,-245.245948,-204.86892,-172.917754,-204.86892,1099.45355,-26.461559,-45.688583,188.917037,-45.688583,-130.033498,-74.969048,188.917037,-74.969048,998.898666,182.749001,1.0,4.251455,0.948702,1.547622,3.0,140.0,1095.8272550769907,5.996351548192544,0.008288374084160565
44559.0,0.358705,0.314002,-0.879053,0.811674,0.360159,0.45986,0.460995,-0.878458,-0.125677,517.146551,-93.746417,-898.880157,3.594924,3.598587,3.593601,90.011136,90.002703,90.038241,93.242031,0.056517,0.054279,121.548586,1.0,-139.273507,165.438125,-325.515843,165.438125,-139.483529,-77.478468,-325.515843,-77.478468,1083.161091,-106.141857,0.369122,86.591869,0.369122,-206.738797,-166.621023,86.591869,-166.621023,1108.222999,336.561706,1.0,4.230408,1.696806,2.65832,3.0,140.0,1278.0488161187557,3.7973684864752726,0.00822716275777984
43441.0,0.736001,-0.168157,0.655764,-0.368413,0.713173,0.59637,-0.567957,-0.68052,0.462944,338.025872,-43.541558,-753.581933,3.594543,3.595829,3.593254,90.001545,90.112108,89.930134,76.046964,0.058985,0.048338,146.272632,1.0,-1292.620661,-22.680064,-275.856595,-22.680064,97.246581,131.945971,-275.856595,131.945971,1027.301461,-90.361151,-40.388866,92.678819,-40.388866,-10.911583,87.549995,92.678819,87.549995,1181.181727,177.582368,1.0,2.308796,1.089483,3.837073,3.0,142.0,1239.1627057439666,6.977960254161982,0.00683654889043085
43442.0,0.432159,0.687903,-0.58312,-0.170043,0.69718,0.696437,0.885621,-0.201816,0.418266,-150.697754,400.285132,-955.481996,3.597144,3.59367,3.593846,90.025644,89.925995,89.968298,134.589731,0.058699,0.060704,91.040297,0.986301,-82.226985,202.447831,194.628144,202.447831,-682.074794,368.383225,194.628144,368.383225,885.641596,-429.86843,202.821716,232.186462,202.821716,-80.846804,-227.872122,232.186462,-227.872122,1166.224724,515.011673,1.0,3.838661,1.139261,1.794851,3.0,144.0,1490.8011614586087,2.894693925624107,0.010833675114218927
44556.0,0.316,-0.880671,0.352935,0.687449,0.468912,0.554559,-0.653879,0.067385,0.753592,434.125981,506.439068,-677.048505,3.596267,3.594106,3.597315,89.998194,90.07116,90.016221,103.68104,0.063234,0.059537,109.579393,1.0,-74.777732,105.23537,14.193469,105.23537,-174.834294,49.677324,14.193469,49.677324,1213.705178,227.088105,-106.158093,292.134446,-106.158093,-319.442433,-110.414252,292.134446,-110.414252,1175.452651,483.648124,1.0,2.57482,0.717286,4.81508,3.0,138.0,1340.896589354393,2.772463125183947,0.009125803425467049
43445.0,0.64004,0.021033,0.768053,-0.312939,0.920092,0.235584,-0.701725,-0.391137,0.595478,-127.752031,-183.33548,-814.524682,3.595368,3.595647,3.594674,90.016298,90.02881,89.905626,130.590408,0.064658,0.063785,83.459843,0.912162,-169.375907,367.744045,-226.030393,367.744045,-269.36109,-462.69461,-226.030393,-462.69461,845.985682,80.616782,-170.460652,-167.085601,-170.460652,-343.111979,-156.728166,-167.085601,-156.728166,802.396972,575.648084,1.0,1.868415,0.932936,4.203887,3.0,135.0,1033.2015019674118,1.7948491981212114,0.01092935197589576
44648.0,0.189057,0.607299,-0.771651,0.184059,0.749979,0.635338,0.964562,-0.262144,0.03001,521.397241,303.164852,-965.1022419999999,3.599471,3.590901,3.593,89.937304,89.979904,90.056945,111.874479,0.061022,0.05905,94.295876,0.993243,-1313.107714,-439.14883,145.147833,-439.14883,-327.41327,128.219701,145.147833,128.219701,1403.471144,-176.635386,-13.277093,210.771243,-13.277093,-256.117479,24.670987,210.771243,24.670987,1348.506325,444.341388,1.0,4.023572,1.540782,1.836162,3.0,147.0,1577.1820404781868,3.5494826344607513,0.01053326022444502
45261.0,-0.722486,0.671802,-0.163388,-0.494918,-0.337516,0.800712,0.482774,0.659367,0.576338,-119.425367,-87.296266,-710.5327110000001,3.595772,3.596695,3.594962,89.935639,89.93869,89.974548,70.895036,0.056314,0.050482,110.032862,1.0,184.256215,18.486598,-6.812899,18.486598,-482.223,-27.640101,-6.812899,-27.640101,1189.469224,-107.996492,70.311488,46.189655,70.311488,-253.350718,-124.450489,46.189655,-124.450489,1072.48002,269.915428,1.0,3.342883,0.956556,0.631997,3.0,140.0,1266.1610211392087,4.690954609453479,0.009088194034251332
43798.0,-0.315709,0.656478,-0.685102,0.650253,0.675513,0.34764,0.691013,-0.335736,-0.640142,36.354292,171.591328,-761.398705,3.596221,3.595992,3.594784,89.983879,90.031166,90.07736,57.577876,0.055296,0.046159,128.519138,1.0,232.490223,40.992482,-491.862579,40.992482,-315.996222,-94.304423,-491.862579,-94.304423,855.049513,-71.01407,110.985126,-199.925875,110.985126,-25.433434,19.559433,-199.925875,19.559433,1008.578778,229.307527,1.0,4.242816,2.265479,2.023069,3.0,140.0,1076.0542514335878,4.692625076513898,0.007780942321601939
44593.0,-0.131391,-0.71174,0.690046,-0.620904,0.601717,0.502408,-0.772796,-0.362441,-0.520982,-214.117148,470.412149,-891.115547,3.595957,3.587557,3.594294,89.942162,89.941658,89.924693,180.333827,0.072318,0.072581,82.534196,0.821429,-1530.034193,856.119239,-220.181464,856.119239,-1129.067495,189.83385,-220.181464,189.83385,873.401131,-538.279116,49.359194,-39.853013,49.359194,-215.214735,-21.468525,-39.853013,-21.468525,1098.567214,444.676695,1.0,2.20012,2.118798,4.273848,3.0,115.0,1502.7288090650948,3.379373882107977,0.009952589833188658
44291.0,0.094575,-0.796793,-0.596806,0.951034,-0.104889,0.290745,-0.294262,-0.59508,0.747857,-42.619273,-272.328408,-751.104691,3.595007,3.592595,3.596397,90.085778,90.037139,89.959212,131.383162,0.060825,0.0668,93.998959,0.978571,-943.108773,-94.667949,-327.623684,-94.667949,-105.35205,-162.631916,-327.623684,-162.631916,985.569749,-627.66441,-36.413733,-257.227239,-36.413733,-27.537262,-184.987733,-257.227239,-184.987733,1145.444408,512.371975,1.0,4.259058,0.725968,3.600824,3.0,137.0,1586.272656746708,3.095939540305084,0.010410445077375803
44451.0,-0.07196,0.683121,0.726751,-0.905946,-0.349569,0.23888,0.417234,-0.641207,0.644026,-105.964373,109.723171,-891.522434,3.596295,3.595759,3.5948,90.056626,89.968886,90.038215,75.48793,0.056564,0.052391,105.833206,0.993243,-343.280711,22.845164,-156.776835,22.845164,143.99254,-186.766292,-156.776835,-186.766292,931.12468,77.302915,4.853387,-126.848287,4.853387,14.468287,-114.348759,-126.848287,-114.348759,983.216848,315.067908,1.0,1.888368,0.871047,2.564725,3.0,147.0,950.4963287321438,3.016798298391418,0.009384984519886886
44998.0,0.698054,-0.135021,-0.7032,0.523437,0.766347,0.37246,0.488605,-0.628078,0.605627,230.052133,422.527896,-913.277525,3.596281,3.594636,3.595158,90.016953,89.930159,90.022285,103.39624,0.062047,0.061328,93.42026,1.0,-324.560106,59.894331,187.046953,59.894331,113.769192,410.892029,187.046953,410.892029,726.133631,-481.221083,124.122515,-62.333179,124.122515,86.675663,182.013127,-62.333179,182.013127,886.445173,921.262756,1.0,4.225293,0.920243,2.48045,3.0,140.0,1206.4990415549073,1.3096144761059973,0.010704316172958629
45169.0,0.532769,-0.724795,0.436841,0.231346,0.621278,0.74866,-0.814025,-0.297801,0.498676,-265.356323,389.89893,-978.551594,3.598852,3.598981,3.59425,89.958888,90.005792,89.985758,175.124424,0.073237,0.074476,88.663094,0.992958,571.146503,-537.182608,-389.509453,-537.182608,792.420573,-499.904056,-389.509453,-499.904056,823.375937,-186.215237,-61.348481,-89.25559,-61.348481,-26.432655,-8.916206,-89.25559,-8.916206,1049.540089,550.969867,1.0,2.613396,1.048726,4.361675,3.0,140.0,1167.9155765452138,2.1197449198164837,0.011199225689101262
45106.0,0.234774,0.61775,-0.75051,0.05622,0.762169,0.644933,0.970423,-0.193607,0.144208,218.693723,454.163573,-661.2366480000001,3.599056,3.595093,3.591491,90.005462,90.016111,90.010926,130.055316,0.07273,0.066315,80.648201,0.945946,-339.238353,472.059476,393.268412,472.059476,-380.254148,-191.157881,393.268412,-191.157881,1114.662896,-235.316458,205.820171,79.215242,205.820171,-501.333787,-134.835926,79.215242,-134.835926,1381.146531,691.627147,1.0,4.002506,1.426084,1.767719,3.0,140.0,1778.7181547727407,2.5717876495856236,0.01172928829497387
43466.0,-0.745725,-0.462557,-0.479515,0.642629,-0.30942,-0.700919,0.175844,-0.830843,0.527995,534.938673,413.430776,-966.469957,3.594068,3.595361,3.591122,90.183077,90.034374,90.08305,194.491175,0.10618,0.088586,79.300216,0.965278,-1724.004105,-995.365833,-149.584006,-995.365833,-690.428176,86.911655,-149.584006,86.911655,1387.671997,-605.364234,131.817931,133.772106,131.817931,11.457201,64.995802,133.772106,64.995802,1435.141333,534.160256,1.0,5.683195,1.014558,2.933025,3.0,139.0,1820.7486448812303,3.4086187140086106,0.012172451081343837
43889.0,0.39286,-0.562412,0.727567,-0.522072,0.514913,0.67993,-0.757035,-0.64696,-0.091331,-315.017755,28.284264,-792.239916,3.597354,3.596736,3.593535,90.028872,90.001114,89.957698,118.284162,0.065261,0.061337,86.96366,0.971014,147.846662,-289.382377,182.798536,-289.382377,-177.859551,231.335737,182.798536,231.335737,976.886694,-539.610827,-10.937732,193.447972,-10.937732,-234.579375,94.495001,193.447972,94.495001,1226.976441,448.352656,1.0,2.322362,1.662255,4.005232,3.0,134.0,1646.166266063618,3.671588077006101,0.011165744404041873
43469.0,0.802495,0.58535,0.115613,-0.448843,0.464578,0.763353,0.393118,-0.664479,0.635552,393.996596,312.899802,-963.719769,3.594079,3.595682,3.595376,90.073046,89.948702,90.049493,124.961112,0.09809,0.086696,74.173819,0.84058,-435.356205,37.459314,44.264967,37.459314,-456.830044,-27.907723,44.264967,-27.907723,1145.787015,5.701184,20.376791,117.485357,20.376791,-509.374058,75.343612,117.485357,75.343612,1060.125116,620.171037,1.0,2.991281,0.882073,2.607359,3.0,116.0,1391.0934573865811,2.2430803349279613,0.011332570054131904
44848.0,0.670423,-0.352063,-0.653135,0.726314,0.131469,0.674673,-0.15166,-0.926697,0.343848,-104.338804,-57.872274,-865.184354,3.592407,3.599757,3.594219,89.991916,90.008251,90.014549,127.919768,0.07593,0.070262,75.047228,0.86,-25.144333,-316.731834,636.408614,-316.731834,-466.420763,-95.83142,636.408614,-95.83142,1093.290156,-242.656553,-231.140093,183.665068,-231.140093,-460.813464,-106.698699,183.665068,-106.698699,1318.818242,660.493451,1.0,3.910772,1.219784,3.303811,3.0,129.0,1703.0413677423553,2.5784379317674038,0.011459450574243727
43473.0,-0.680824,0.057644,-0.730176,0.603395,0.609254,-0.514514,0.415204,-0.790877,-0.449577,156.773729,-134.116887,-825.239854,3.594105,3.598038,3.594119,89.938637,90.032878,90.041963,127.662018,0.077043,0.075187,85.960815,0.934783,-472.758608,-49.427091,40.561534,-49.427091,-196.75078,-233.686472,40.561534,-233.686472,1236.543979,-81.619592,-258.638424,60.180909,-258.638424,-339.347432,-257.84272,60.180909,-257.84272,1212.610106,622.265555,1.0,5.326225,2.037088,2.658153,3.0,129.0,1475.7242318778026,2.371534500054085,0.010874524630786715
44916.0,0.653449,0.182789,-0.734569,0.581704,0.4997,0.64181,0.48438,-0.846692,0.2202,301.800914,-387.656488,-881.510856,3.593418,3.596366,3.585805,90.096628,90.030749,90.057026,224.404379,0.073328,0.07737,77.519663,0.904412,-1118.273605,1070.268596,-54.716507,1070.268596,-2066.789438,-273.207803,-54.716507,-273.207803,781.99878,-913.851418,140.142415,217.223091,140.142415,-516.29268,-226.351571,217.223091,-226.351571,1281.164734,656.782659,1.0,3.994283,1.348777,2.621952,3.0,123.0,2047.4488046107892,3.117391691991657,0.011666872184415972
44204.0,0.184001,0.633408,0.751624,-0.81096,-0.334266,0.480219,0.555416,-0.697898,0.452163,247.306476,-136.670669,-973.102506,3.595448,3.601319,3.595385,89.973353,89.959885,89.977753,137.029117,0.066867,0.072764,121.120357,1.0,1206.103237,-633.822486,-564.786877,-633.822486,132.788503,302.826098,-564.786877,302.826098,867.080765,14.620059,-48.31458,-49.02115,-48.31458,-334.841846,108.449027,-49.02115,108.449027,1072.315561,431.38286,1.0,2.139335,1.101607,2.469392,3.0,144.0,1273.908005104753,2.953079788809303,0.008256250433607953
44261.0,0.07294,-0.659504,-0.748154,0.663517,0.592141,-0.457289,0.744597,-0.463058,0.480783,394.102702,-215.480427,-946.896655,3.593762,3.592304,3.592699,90.077985,89.932173,90.094834,179.025933,0.062953,0.070475,92.97406,0.842857,-1270.548578,166.257545,86.986549,166.257545,-1117.607073,-285.337021,86.986549,-285.337021,867.773294,-478.630825,-358.373245,-186.385927,-358.373245,-464.696138,47.869247,-186.385927,47.869247,1145.775147,504.262089,1.0,5.26102,1.069249,2.127157,3.0,118.0,1655.4003351404674,3.2828173508408787,0.009065507088751422
44010.0,-0.182909,-0.757908,-0.626195,0.815615,-0.472611,0.333781,-0.548922,-0.449682,0.704606,-5.386814,-278.65777,-671.938949,3.597958,3.594431,3.595457,90.096726,89.979251,89.964726,112.16998,0.067604,0.063944,110.142509,1.0,-616.152434,-510.381136,377.707963,-510.381136,725.179071,73.305696,377.707963,73.305696,897.924849,-296.217617,-1.410037,135.098432,-1.410037,28.380843,75.079038,135.098432,75.079038,977.97759,494.187841,1.0,4.222667,0.788928,4.026044,3.0,144.0,1154.6660171689116,2.336492162236164,0.009079146726174542
44844.0,-0.452217,0.691639,0.563147,-0.766201,-0.624449,0.151656,0.456548,-0.362903,0.812321,-242.705373,-128.965967,-663.859222,3.594279,3.592721,3.597131,90.059655,90.006822,89.967213,135.920238,0.060623,0.063496,90.076976,1.0,-638.096145,342.431308,429.662228,342.431308,106.853561,322.938468,429.662228,322.938468,505.924084,113.724011,137.575527,207.445888,137.575527,-396.382726,-45.229446,207.445888,-45.229446,943.563327,504.499195,1.0,1.833856,0.622675,2.24241,3.0,140.0,1191.7020151356564,2.362148496858665,0.011101616022278545
45101.0,-0.491757,0.747467,0.446618,-0.491954,-0.661717,0.565784,0.71844,0.058513,0.693123,-56.170584,422.708036,-791.930823,3.595444,3.592505,3.596609,89.96049,89.911151,90.059544,91.057202,0.062709,0.054202,145.024937,1.0,75.027565,165.763176,-27.193667,165.763176,-1087.36598,325.867832,-27.193667,325.867832,1104.444149,-90.783367,154.625705,-72.776806,154.625705,-16.705701,10.905563,-72.776806,10.905563,1064.254889,129.810079,1.0,2.473362,0.804983,1.489531,3.0,138.0,1129.6157368151041,8.702064936075605,0.006895365863872087
43969.0,0.214496,0.195525,0.956954,-0.277352,0.95162,-0.132268,-0.936519,-0.237042,0.258349,221.716197,-282.960428,-980.772752,3.59718,3.591406,3.594379,89.973838,90.039654,89.894482,160.066473,0.066651,0.071469,86.049736,0.927536,-75.72868,241.535335,-82.4668,241.535335,-1359.007752,-327.134053,-82.4668,-327.134053,1083.612656,-465.511837,82.539873,-141.626332,82.539873,-464.764519,11.136703,-141.626332,11.136703,1138.639793,565.829137,1.0,1.433448,1.309484,4.464485,3.0,128.0,1610.077748171273,2.845519332404533,0.010779068514515839
43489.0,-0.39425,-0.085921,-0.914978,0.411932,0.873477,-0.259519,0.82151,-0.479224,-0.308975,543.362132,85.654417,-660.672432,3.598471,3.59521,3.590065,90.006878,89.996502,90.047152,87.690945,0.062193,0.052804,131.915001,0.993056,-941.836953,-292.467532,-794.234056,-292.467532,-87.418123,-23.869681,-794.234056,-23.869681,897.160949,-11.671529,-10.037869,-101.520057,-10.037869,-76.75832,114.220679,-101.520057,114.220679,1194.28034,236.161506,1.0,4.988764,1.884911,2.098879,3.0,143.0,1246.851162402657,5.279654519152063,0.0075279990332562715
43491.0,-0.607895,-0.648208,0.458574,0.573021,0.04165,0.818482,-0.549646,0.760323,0.346118,-84.791697,479.04813,-660.183409,3.595022,3.595648,3.598266,89.909396,90.004427,90.050556,171.045654,0.075359,0.078402,89.430492,0.945205,-455.599765,113.780244,220.744748,113.780244,679.709611,592.418545,220.744748,592.418545,1086.072911,-472.500453,-34.557603,94.898853,-34.557603,-115.757954,163.691326,94.898853,163.691326,1048.992529,598.882963,1.0,2.630896,1.217366,5.657248,3.0,138.0,1388.2258638577046,2.318025306486644,0.010569158000383135
44971.0,-0.624401,0.568431,0.535734,-0.767083,-0.575609,-0.283299,0.147337,-0.587844,0.795444,418.885153,-178.560203,-898.8035179999999,3.595771,3.598747,3.59693,89.998219,89.959601,90.052377,150.178054,0.078428,0.070846,99.970115,0.97973,744.655828,-375.017987,-490.44701,-375.017987,341.110552,-194.2594,-490.44701,-194.2594,924.211166,-650.926798,161.934212,161.678716,161.934212,-69.997419,29.194343,161.678716,29.194343,1156.612568,446.8723,1.0,1.084371,0.651056,2.896011,3.0,145.0,1610.7563552665492,3.6045115243584114,0.009800228798376394
44036.0,-0.11007,-0.802674,-0.586174,0.65931,-0.50029,0.561267,-0.743771,-0.324692,0.584278,-122.901734,-73.5074,-952.2149469999999,3.598551,3.592591,3.595439,90.016828,90.060498,89.973612,64.810242,0.063162,0.05326,116.657362,1.0,-471.139851,-230.21551,-145.477108,-230.21551,-88.55317,-429.741761,-145.477108,-429.741761,1215.716686,12.676773,-25.686936,25.854208,-25.686936,21.753173,-289.045629,25.854208,-289.045629,1013.496045,200.89585,1.0,3.948694,0.946807,4.300778,3.0,142.0,1027.7618819553852,5.115894041392021,0.008572112234116866
43496.0,-0.197916,-0.978368,-0.060205,0.270413,-0.113533,0.956027,-0.942181,0.172933,0.287034,183.511604,-269.606246,-905.192484,3.599821,3.590563,3.592707,90.03433,90.016837,90.033992,94.808402,0.069666,0.056976,93.751308,1.0,-1212.889867,207.853151,293.349533,207.853151,-421.509513,-456.761336,293.349533,-456.761336,1319.901446,-446.583332,89.418009,344.826401,89.418009,-465.633446,-268.775851,344.826401,-268.775851,1365.558674,422.204217,1.0,3.204484,1.279667,4.893913,3.0,146.0,1862.2832847024883,4.410859033893752,0.01066651784740966
44676.0,0.489408,-0.657729,-0.572602,0.775762,0.628294,-0.05865,0.398338,-0.415499,0.817733,-4.784351,-379.113917,-655.809496,3.596661,3.592982,3.599284,90.06938,89.996909,89.978144,87.204526,0.061524,0.050171,105.485756,1.0,-263.355576,590.668199,-524.226947,590.668199,360.718817,-90.540162,-524.226947,-90.540162,1211.05134,-153.223339,140.730822,-309.992362,140.730822,-182.589605,-0.656151,-309.992362,-0.656151,1270.520384,733.431528,1.0,4.814461,0.613335,2.377277,3.0,148.0,1468.5517518004206,2.0023024586971676,0.00947995291421147
44499.0,0.318255,-0.497454,-0.807003,0.863494,0.503454,0.030193,0.391269,-0.706451,0.589775,245.066192,-112.515037,-639.097842,3.595047,3.597776,3.595232,90.035538,89.969971,90.055332,59.420203,0.061164,0.050949,111.326284,1.0,75.642101,-110.886675,325.268462,-110.886675,-138.198297,-18.909094,325.268462,-18.909094,1128.466164,-47.108825,-91.490023,142.585523,-91.490023,-59.367364,-35.01132,142.585523,-35.01132,1049.691458,270.710398,1.0,4.674992,0.940016,2.635797,3.0,146.0,1113.1089065163665,4.11180698909233,0.008982604683005498
44591.0,-0.253151,0.956398,0.145658,-0.966357,-0.257066,0.008399,0.045476,-0.138632,0.989299,265.810847,-323.936464,-1006.555659,3.594637,3.592814,3.600308,90.075434,90.038908,89.982081,178.703962,0.051836,0.071003,67.574046,0.840278,-693.755244,60.703646,-219.490825,60.703646,23.470599,506.630389,-219.490825,506.630389,1653.504272,-305.372335,-7.206796,212.106079,-7.206796,-1055.663493,-162.300818,212.106079,-162.300818,1612.168251,577.364471,1.0,1.628393,0.146423,2.824616,3.0,120.0,2394.1907461912365,4.1467580123946295,0.012434922129718265
43719.0,0.65763,0.489172,0.572917,-0.638305,0.765731,0.078884,-0.400112,-0.417572,0.815809,14.023202,-378.483868,-648.127439,3.595038,3.592719,3.597064,90.058911,90.050198,90.007195,105.669636,0.067355,0.056124,82.973694,0.869863,-545.614496,-336.046622,208.486293,-336.046622,-248.545944,183.060009,208.486293,183.060009,960.312939,67.511525,-29.250257,10.466566,-29.250257,-467.562415,112.527989,10.466566,112.527989,1077.918893,543.679115,1.0,1.707624,0.61667,3.905642,3.0,127.0,1363.11796192101,2.5072104561548403,0.010483599778021213
43516.0,0.363063,-0.882673,0.298452,-0.162707,0.255329,0.953065,-0.917449,-0.394583,-0.050916,216.804147,46.094429,-731.218732,3.598325,3.595703,3.593904,90.05631,89.995508,89.930193,111.786138,0.067682,0.069803,86.614929,0.971831,195.703016,346.526384,195.599148,346.526384,-469.428674,186.630718,195.599148,186.630718,1305.24404,-193.648449,-50.421894,-16.618592,-50.421894,-447.773204,88.44066,-16.618592,88.44066,1312.104356,461.626454,1.0,2.838116,1.621735,4.306217,3.0,138.0,1650.000056070378,3.574318676438716,0.011220132732545449
43518.0,-0.35093,-0.331229,-0.875863,0.399583,0.792944,-0.459971,0.846866,-0.511398,-0.145914,521.359062,416.161062,-972.116496,3.597813,3.596273,3.595988,90.033141,90.015165,90.047637,139.209244,0.070586,0.066378,75.071621,0.929577,72.285238,260.788114,-147.422457,260.788114,473.978363,-30.104193,-147.422457,-30.104193,1081.70576,-509.861323,-157.60629,-28.094294,-157.60629,96.475929,110.322916,-28.094294,110.322916,1210.875081,547.640454,1.0,5.195964,1.717233,2.114058,3.0,132.0,1521.0464115023874,2.777454441856093,0.012382535339152994
44655.0,0.006121,0.701912,-0.712237,-0.217748,0.696095,0.684132,0.975986,0.150901,0.157101,-219.871197,477.326069,-696.974205,3.600202,3.594936,3.595045,89.943156,89.973982,89.997063,94.375324,0.04936,0.049308,111.419812,1.0,-428.019302,7.827127,-133.685203,7.827127,534.994118,-42.09863,-133.685203,-42.09863,1551.247275,-68.530568,149.003158,21.300106,149.003158,-88.044581,-91.255009,21.300106,-91.255009,1397.823759,324.040406,1.0,3.947115,1.413042,1.417397,3.0,150.0,1484.0578157951097,4.579854204339904,0.008975064506481127
44428.0,0.198069,0.718402,-0.666834,0.631181,0.427011,0.647512,0.749919,-0.549145,-0.368864,351.364471,-231.596043,-808.020236,3.597584,3.594479,3.594497,89.979756,90.005791,90.042025,86.108176,0.053664,0.051209,127.16683,1.0,-296.943593,-45.020572,18.581688,-45.020572,131.939399,313.816747,18.581688,313.816747,815.425558,-61.973926,-22.780536,38.340757,-22.780536,-203.433121,-35.629288,38.340757,-35.629288,1079.037279,361.517789,1.0,3.94169,1.948583,2.202855,3.0,142.0,1218.9206741229125,3.3716755059124144,0.007863685836943485
43913.0,-0.331313,-0.430935,-0.839361,0.862959,0.22129,-0.454239,0.381489,-0.874829,0.298563,260.272259,-265.960023,-942.1830170000001,3.596747,3.598233,3.595332,90.022536,89.930338,89.984744,108.563588,0.054926,0.054305,103.683588,1.0,591.702056,-599.717127,-102.835589,-599.717127,110.5219,-156.276302,-102.835589,-156.276302,991.83399,110.895975,-60.131025,119.29107,-60.131025,-281.247715,-56.877058,119.29107,-56.877058,1177.607416,419.961018,1.0,5.208429,1.26761,2.730381,3.0,140.0,1313.6837355555153,3.1281087511686985,0.009644727958295579
44546.0,-0.191164,0.974605,-0.116623,-0.962405,-0.162749,0.217461,0.192958,0.153809,0.969077,-295.421304,-214.909142,-806.401405,3.594966,3.594197,3.600058,89.95214,90.012776,90.020143,99.289821,0.059906,0.056055,112.767285,1.0,-155.833607,245.923709,190.012956,245.923709,86.119755,382.820739,190.012956,382.820739,1460.311518,-544.486653,-90.007154,-119.209126,-90.007154,-4.487086,244.840684,-119.209126,244.840684,1447.638788,323.054379,1.0,3.633854,0.249335,0.897818,3.0,144.0,1801.6966247167659,5.57706919278988,0.008867820130634519
43736.0,-0.451509,-0.497239,-0.740873,0.727725,0.275235,-0.628221,0.51629,-0.822799,0.237582,517.094089,-53.14964,-874.478559,3.595,3.597054,3.59159,90.081339,90.029944,90.059276,60.800666,0.057915,0.048011,153.638933,1.0,-1238.147398,-277.963795,120.003714,-277.963795,17.918219,-125.4343,120.003714,-125.4343,1058.102403,-20.344761,10.537893,134.147563,10.537893,-108.735423,-110.656128,134.147563,-110.656128,1041.452588,114.78218,1.0,5.41569,1.33092,2.581212,3.0,140.0,1118.857915887417,9.747662188393852,0.006508766889184266
43531.0,0.567724,-0.228647,0.790829,-0.334065,0.814011,0.475169,-0.752389,-0.533953,0.385751,119.704332,-207.323687,-771.167282,3.597171,3.594865,3.594917,90.026156,90.006946,89.951985,138.826415,0.056154,0.064019,77.229321,0.887324,169.635704,-12.79506,-185.057462,-12.79506,-275.917319,-2.400136,-185.057462,-2.400136,865.844521,192.151758,37.241111,-181.479602,37.241111,-365.247756,5.057595,-181.479602,5.057595,969.530118,947.187721,1.0,2.111841,1.174774,4.095198,3.0,126.0,1172.2125007993113,1.2375714705863583,0.011489470430537645
43732.0,0.629386,0.490846,0.602447,-0.631934,0.774472,0.029187,-0.452253,-0.399077,0.797625,532.790692,224.933928,-682.398007,3.596099,3.596142,3.599488,90.007307,90.015408,89.952857,50.674166,0.059033,0.044894,135.425707,1.0,837.485918,112.307218,215.584409,112.307218,-14.889565,8.680696,215.584409,8.680696,1265.899675,59.48128,26.812485,172.624712,26.812485,-28.419683,14.958916,172.624712,14.958916,1263.234542,119.461061,1.0,1.619206,0.647449,3.989372,3.0,150.0,1259.2124694827316,10.540777546607691,0.007384122425146358
44245.0,0.156719,-0.285117,0.945594,-0.900233,0.35256,0.255505,-0.406227,-0.891297,-0.201419,-110.382598,-197.595754,-798.314019,3.593181,3.598826,3.593872,89.97055,89.985823,89.937631,90.576995,0.063557,0.054858,95.778632,1.0,-284.740876,25.087976,95.99954,25.087976,-582.184216,-212.250224,95.99954,-212.250224,1328.050054,-361.559946,-19.536712,130.801694,-19.536712,-178.031841,-278.639565,130.801694,-278.639565,1208.71663,399.658542,1.0,1.8347,1.773603,3.569235,3.0,148.0,1510.8306610038494,3.780303689852948,0.010440742147998104
44411.0,0.225999,-0.257471,-0.939486,0.934042,0.331093,0.133951,0.276569,-0.907792,0.315315,-264.971787,-228.410834,-736.447364,3.594842,3.598273,3.594063,90.029704,89.973861,90.020606,108.009935,0.059593,0.056709,105.421177,0.992754,-301.033462,-127.949083,93.623767,-127.949083,51.921877,-79.971244,93.623767,-79.971244,1071.784626,-317.167537,-171.245123,-8.301087,-171.245123,-259.723735,103.611853,-8.301087,103.611853,1301.140114,644.607281,1.0,4.570764,1.250007,2.845865,3.0,137.0,1599.7983034130566,2.481818543736022,0.009417026334281963
44718.0,-0.265692,-0.654462,0.707876,-0.669433,0.653623,0.35304,-0.693735,-0.380075,-0.61178,-339.390154,443.786007,-856.291087,3.597162,3.590767,3.593358,89.942474,89.969638,89.959842,128.448752,0.063595,0.060151,103.249917,0.964286,-1061.116815,554.976179,188.75909,554.976179,-419.073473,376.471601,188.75909,376.471601,663.515935,-260.758145,-92.848531,184.22379,-92.848531,-71.550036,78.599177,184.22379,78.599177,1034.993962,346.82283,1.0,2.033429,2.229105,4.211184,3.0,135.0,1227.2567943425631,3.538569806210748,0.00933933922678117
44106.0,-0.106896,-0.807325,-0.580344,0.863498,-0.364735,0.348337,-0.492893,-0.46389,0.736113,381.830672,305.073654,-975.927005,3.594899,3.592352,3.59652,90.057832,90.096908,89.924519,134.324044,0.061456,0.063977,76.993878,0.922535,-730.07847,-242.34687,-175.37164,-242.34687,-792.149343,-324.046174,-175.37164,-324.046174,1394.401441,-467.701808,-33.340295,67.457493,-33.340295,-293.063595,-28.608602,67.457493,-28.608602,860.511049,543.035904,1.0,4.171804,0.743487,3.957295,3.0,131.0,1252.0190033164538,2.3055915715592423,0.011981926666948767
45050.0,-0.613051,0.711063,0.344322,-0.640168,-0.702496,0.31094,0.462983,-0.029803,0.885866,-182.070282,371.748639,-815.484212,3.595528,3.59576,3.597667,89.987901,89.944452,90.031322,91.511603,0.047644,0.046008,88.965375,0.979167,407.57603,-163.553093,-35.247403,-163.553093,-176.865414,-22.642041,-35.247403,-22.642041,1085.857625,-195.494134,147.741136,-15.61496,147.741136,-259.496331,-31.321178,-15.61496,-31.321178,1144.061881,397.156003,1.0,2.305293,0.482439,1.635078,3.0,141.0,1378.9598766219892,3.472086198384843,0.011006158294729833
44322.0,0.126067,-0.436681,-0.890739,0.868482,0.482521,-0.113636,0.479423,-0.759265,0.44008,16.883113,-41.905688,-964.528525,3.594294,3.597528,3.59527,90.031233,89.986189,90.02617,44.954368,0.055522,0.045881,117.550269,1.0,48.819931,-80.631752,84.579105,-80.631752,-96.477232,-287.470031,84.579105,-287.470031,846.388932,-75.173759,-73.739946,112.639867,-73.739946,-26.797959,-150.496564,112.639867,-150.496564,1136.951676,169.651063,1.0,4.839279,1.115109,2.578383,3.0,142.0,1201.4706204765707,7.082010564688126,0.008506998822775983
44638.0,-0.28861,0.361503,0.886578,-0.898286,-0.422688,-0.120071,0.33134,-0.831054,0.446725,200.637574,-305.549106,-660.945266,3.59527,3.598021,3.592937,90.041716,90.010665,90.022554,42.090694,0.054944,0.041341,149.592286,1.0,-407.4858,215.376956,-363.383352,215.376956,68.183732,257.612014,-363.383352,257.612014,897.745074,-164.275115,47.129077,-199.561812,47.129077,15.390766,92.176185,-199.561812,92.176185,1095.355334,120.782918,1.0,1.436184,1.107695,2.762209,3.0,144.0,1196.0530796461333,9.90250193861133,0.006684836676671951
45204.0,0.673529,0.343047,-0.654735,0.295556,0.686899,0.66394,0.6775,-0.640693,0.361257,-1.161403,-21.568631,-933.8584940000001,3.59455,3.596636,3.594121,89.986189,89.929878,90.14209,139.874584,0.074108,0.074877,93.452413,0.985507,-1204.313239,-383.127386,88.889138,-383.127386,14.600121,-307.787991,88.889138,-307.787991,1488.260244,-238.409952,-117.596881,-125.676081,-117.596881,-278.988197,-70.059876,-125.676081,-70.059876,1060.665736,528.303208,1.0,3.92001,1.201181,2.32828,3.0,136.0,1329.6079746103162,2.516751657904595,0.010545548995080523
43738.0,0.651339,0.751222,-0.106878,-0.672956,0.636977,0.376021,0.350554,-0.172993,0.920427,-211.716266,-253.956723,-926.265142,3.595373,3.589575,3.598219,90.108073,89.995355,89.927503,189.455981,0.079391,0.078953,105.988972,0.878571,38.426772,-1050.561019,-418.684906,-1050.561019,-1381.676862,156.488591,-418.684906,156.488591,1047.771143,49.420302,-49.548738,-168.109448,-49.548738,-332.927961,275.638089,-168.109448,275.638089,1179.268444,583.550793,1.0,3.418523,0.401625,2.029218,3.0,123.0,1390.9571013465222,2.3836093070762434,0.00828926805705786
45188.0,0.702388,0.304348,-0.643446,0.32022,0.672224,0.667513,0.635696,-0.674898,0.374704,383.804592,528.599337,-882.376429,3.598603,3.597132,3.594791,90.054266,89.97819,89.975385,101.812232,0.056028,0.050952,106.148293,1.0,702.930529,652.974506,-8.259065,652.974506,165.799071,163.880562,-8.259065,163.880562,884.820025,-63.711418,60.481033,65.354802,60.481033,-98.614932,102.27735,65.354802,102.27735,1015.779322,429.357604,1.0,3.908635,1.186719,2.386097,3.0,142.0,1103.6253574274776,2.5704106487129494,0.009420782678059647
43762.0,0.665017,0.210678,0.716496,-0.724062,-0.053196,0.687681,0.182994,-0.976107,0.117167,133.785812,25.969495,-808.366154,3.59289,3.599159,3.593147,90.025681,89.989417,90.02243,138.658446,0.05821,0.065377,87.349565,0.804054,-435.239584,22.841809,-62.533886,22.841809,-566.607817,115.78998,-62.533886,115.78998,1273.020826,-539.393993,56.733128,33.533646,56.733128,-497.420733,163.745159,33.533646,163.745159,1244.445505,468.733271,1.0,2.335676,1.453359,2.95627,3.0,119.0,1769.8413129074836,3.7757962201652284,0.009205014358113862
43653.0,-0.514789,-0.481579,-0.709277,0.674585,0.283034,-0.681782,0.529081,-0.829441,0.179164,402.415782,-102.316357,-794.463215,3.594065,3.598554,3.593952,89.997823,90.013856,90.018869,140.350135,0.077,0.074065,82.220698,0.929577,-70.956096,-90.128602,540.514499,-90.128602,-61.407267,-181.125111,540.514499,-181.125111,786.20181,-318.359326,-160.675503,48.58987,-160.675503,-245.19414,-153.447195,48.58987,-153.447195,1004.548411,491.384679,1.0,5.478024,1.39066,2.573787,3.0,132.0,1302.8583807178152,2.6514021222013215,0.011305875802708462
44560.0,0.357011,-0.557222,-0.749698,0.795346,0.602231,-0.068866,0.489865,-0.571683,0.658187,523.206697,511.826919,-908.587862,3.592939,3.595949,3.598057,90.025127,89.958914,90.082579,148.923804,0.069493,0.072172,81.977783,0.9375,470.441566,-175.427753,-153.470375,-175.427753,-902.350599,-158.436724,-153.470375,-158.436724,1188.600482,-70.188218,-64.890262,201.618837,-64.890262,-97.883304,-91.692137,201.618837,-91.692137,1270.27913,854.398635,1.0,4.80399,0.852388,2.433117,3.0,135.0,1369.1951465982554,1.6025249696217685,0.011436025294804569
43759.0,0.632977,0.504478,0.587233,-0.676249,-0.008955,0.736619,0.376867,-0.863378,0.335484,-61.897958,479.392573,-917.54454,3.591633,3.598615,3.594267,89.984628,89.926689,90.107805,134.158978,0.066735,0.068008,107.630876,1.0,-163.954698,728.746527,-135.332889,728.746527,-1117.671202,-402.356051,-135.332889,-402.356051,1361.285754,-91.527258,61.41502,-50.25296,61.41502,-232.066609,5.359863,-50.25296,5.359863,1146.988425,346.340176,1.0,2.468561,1.228677,2.73002,3.0,148.0,1316.2359272219799,3.800413635009471,0.009291014225323224
45119.0,0.525676,0.524253,-0.669942,0.262264,0.649297,0.713885,0.809248,-0.550974,0.203827,55.220721,331.968191,-939.413896,3.596105,3.592423,3.594708,90.031732,89.945238,90.083149,99.54734,0.051958,0.050036,107.341336,1.0,-618.866934,-398.246921,-89.028093,-398.246921,-574.894788,407.150794,-89.028093,407.150794,918.656319,-481.763491,-123.481743,29.429173,-123.481743,-92.022572,58.836978,29.429173,58.836978,1061.981667,297.917022,1.0,3.895247,1.365531,2.168552,3.0,144.0,1395.7321181029529,4.684969353993318,0.0093160755889977
45036.0,-0.502001,0.678944,0.535751,-0.565646,-0.726346,0.390469,0.654248,-0.10703,0.748668,450.788343,87.544618,-792.111144,3.594079,3.594128,3.596987,90.009822,89.922046,89.989527,87.549516,0.065551,0.055594,105.222968,0.978571,-436.213824,-168.230126,313.479333,-168.230126,-230.327057,135.821918,313.479333,135.821918,936.594059,-73.583656,-47.779999,310.568057,-47.779999,-284.461163,32.379494,310.568057,32.379494,980.02227,393.453745,1.0,2.200607,0.724745,1.732952,3.0,137.0,1204.8130434925692,3.062146589791817,0.009299975267757131
43579.0,-0.674032,-0.402825,-0.619203,0.72387,-0.527306,-0.444926,-0.147282,-0.748118,0.647015,-174.235203,-371.427873,-800.939589,3.593484,3.598769,3.598237,89.982763,90.048191,89.91859,146.885177,0.063463,0.059939,123.252244,1.0,505.479485,861.063316,489.02206,861.063316,119.664536,-355.727157,489.02206,-355.727157,1117.825678,-96.606437,-39.964707,166.892147,-39.964707,-58.360153,-74.087234,166.892147,-74.087234,998.855431,657.862711,1.0,5.335454,0.867134,3.335977,3.0,136.0,1088.9474047677356,1.6552806331163763,0.008113442543082622
43849.0,0.394087,-0.099134,0.913711,-0.48091,0.824962,0.296923,-0.783212,-0.556427,0.277432,-238.731758,-140.207297,-775.718791,3.59667,3.595177,3.593718,90.004595,90.032942,89.946939,59.139363,0.051992,0.043677,112.164173,1.0,-388.961935,47.662567,-100.64959,47.662567,-123.424108,50.162929,-100.64959,50.162929,885.901071,-173.91039,98.186483,39.230722,98.186483,-125.406392,39.020013,39.230722,39.020013,952.320843,297.523915,1.0,1.884996,1.289676,4.094689,3.0,144.0,1107.090492163589,3.7210134592494493,0.008915502813897625
44445.0,-0.072021,-0.250194,0.965513,-0.933493,0.357852,0.023097,-0.35129,-0.899636,-0.259327,458.088523,78.899796,-799.099186,3.594877,3.59804,3.588602,89.959917,89.991373,89.976428,94.260825,0.061139,0.058576,117.61228,1.0,-1706.255972,-23.991256,360.898603,-23.991256,14.821144,-148.049262,360.898603,-148.049262,939.637625,-257.227982,47.242744,175.927925,47.242744,-229.157704,-138.512254,175.927925,-138.512254,1173.732543,258.268491,1.0,1.594714,1.833122,3.513865,3.0,138.0,1430.9243942271055,5.540452839162271,0.008502513513044726
44472.0,0.224662,0.757437,-0.613038,0.604915,0.38481,0.697136,0.76394,-0.527456,-0.371733,510.765405,-325.323382,-910.139482,3.597002,3.594244,3.590168,89.915407,90.069614,90.05931,112.782856,0.060701,0.05396,123.508194,1.0,-1220.099271,652.540948,1.962399,652.540948,-766.290153,96.945653,1.962399,96.945653,1203.344572,-326.498231,13.509424,118.811713,13.509424,-201.680795,129.767988,118.811713,129.767988,1194.44165,291.291242,1.0,3.86289,1.951671,2.175078,3.0,142.0,1470.4936387089963,5.0481903561968275,0.008096628795333207
44557.0,0.308765,-0.607643,-0.731734,0.659976,0.690856,-0.295212,0.684906,-0.391776,0.614342,-114.189461,240.564257,-966.193062,3.596514,3.595736,3.596053,90.110135,89.937581,90.05927,106.078008,0.066359,0.063605,98.123164,0.992958,-563.171455,161.279104,196.364757,161.279104,86.547349,-437.522796,196.364757,-437.522796,1609.633542,-211.5981,40.776998,108.622176,40.776998,165.120939,-194.59843,108.622176,-194.59843,1213.89272,335.067019,1.0,5.095859,0.909245,2.090383,3.0,141.0,1294.3837714017172,3.8630593224745797,0.010119506541798835
44931.0,-0.353152,0.79634,0.491046,-0.524962,-0.60312,0.600551,0.774402,-0.045695,0.631041,120.458344,395.024722,-928.283822,3.594241,3.588675,3.596578,90.074738,89.956052,89.989731,139.987649,0.08569,0.074618,70.6043,0.861111,-1657.450173,618.453392,62.680542,618.453392,-181.077108,480.84561,62.680542,480.84561,522.513254,-538.892495,185.070093,182.61538,185.070093,-548.672079,3.005177,182.61538,3.005177,1003.383689,530.726051,1.0,2.456176,0.887901,1.629735,3.0,124.0,1563.4898618340073,2.9459451988235026,0.01219629682611399
44324.0,0.12742,-0.894907,-0.427675,0.834809,-0.136075,0.533458,-0.535591,-0.425,0.729738,510.727401,508.605208,-819.773333,3.593045,3.597028,3.595679,89.897405,90.165416,89.973419,184.449671,0.116786,0.097666,83.642876,0.964286,1338.102371,-170.568773,-594.738354,-170.568773,-1713.918438,-473.781477,-594.738354,-473.781477,796.167086,-328.612962,-206.186334,-69.313621,-206.186334,-312.186992,120.961598,-69.313621,120.961598,999.240041,536.320399,1.0,3.817371,0.752858,4.041614,3.0,135.0,1337.2037258422047,2.4932926816423495,0.011528608844105264
45056.0,0.592822,0.475074,-0.650282,0.362436,0.56369,0.742222,0.719168,-0.675691,0.161984,452.556017,-389.971275,-751.414875,3.596066,3.594504,3.592827,89.973939,89.919191,90.086157,83.512577,0.063353,0.05118,96.119444,0.963768,-1219.215054,77.987607,133.150464,77.987607,-3.498349,260.629122,133.150464,260.629122,991.592939,-419.490428,-114.903551,47.0074,-114.903551,-96.666363,110.461441,47.0074,110.461441,1086.926677,373.940163,1.0,3.861062,1.408096,2.325035,3.0,133.0,1381.271467338806,3.6938302006858943,0.010026774603481892
44373.0,0.076837,0.96839,-0.237312,-0.205802,0.248294,0.94657,0.975572,-0.023892,0.218375,-110.302953,160.582215,-809.576195,3.600173,3.593162,3.592875,90.03487,89.981978,89.997618,149.661036,0.063057,0.065719,72.916371,0.84507,-294.91639,-258.480564,70.184857,-258.480564,-634.293284,-274.149869,70.184857,-274.149869,1482.81701,-444.579475,61.611734,389.894797,61.611734,-447.369551,-207.212276,389.894797,-207.212276,1458.465621,654.879252,1.0,3.387236,1.350647,1.595282,3.0,120.0,1943.1832715283049,2.9672390224515848,0.011589578422656278
44823.0,-0.326374,0.722158,-0.609891,-0.626953,0.317484,0.71143,0.707396,0.614566,0.349141,282.490235,-166.737593,-746.982148,3.59511,3.595167,3.59488,89.999324,89.948484,89.945614,121.774747,0.052444,0.056735,74.571121,0.816901,37.291174,-163.40406,-77.784922,-163.40406,-515.633809,42.344018,-77.784922,42.344018,737.986902,-327.873447,30.988502,0.767026,30.988502,-284.545056,-75.638198,0.767026,-75.638198,779.650184,616.821946,1.0,3.850295,1.214142,0.855505,3.0,116.0,1088.811386421311,1.7651956022026993,0.010954656293821839
44177.0,0.050165,0.769415,-0.636777,0.330392,0.588898,0.737591,0.94251,-0.247387,-0.224666,69.214086,-222.789607,-971.97065,3.599872,3.592993,3.592674,90.00434,90.026845,90.069775,88.784601,0.052908,0.048574,96.019836,0.992958,-512.084495,-66.250268,-212.877136,-66.250268,-709.929075,187.930653,-212.877136,187.930653,1588.197458,-334.447596,-56.589296,-186.025383,-56.589296,-302.797152,211.166538,-186.025383,211.166538,1183.343612,478.707145,1.0,3.853769,1.797397,1.827483,3.0,141.0,1522.6465314674094,3.180747451487087,0.010341175754559714
45078.0,0.83404,-0.510968,-0.20806,0.533845,0.842629,0.070616,0.139235,-0.169968,0.975564,-224.675375,-202.830152,-880.217053,3.592837,3.594504,3.598409,90.0497,89.897285,89.974596,124.555579,0.064403,0.063195,73.734296,0.833333,-935.09764,-82.45918,581.957591,-82.45918,22.875076,170.283939,581.957591,170.283939,1335.739861,-820.417103,-298.082381,40.794881,-298.082381,-146.38706,191.796993,40.794881,191.796993,1495.936321,557.329791,1.0,4.385187,0.221524,2.455265,3.0,120.0,2086.6229766749657,3.7439645437416886,0.011301837071855952
43980.0,0.247687,0.908349,-0.336975,-0.379593,0.410991,0.828852,0.891381,-0.077383,0.4466,207.477211,45.888548,-727.685364,3.598161,3.591527,3.593748,89.97316,89.923267,90.011977,154.563873,0.095654,0.09644,77.253126,0.811594,-1012.86895,46.619165,205.1367,46.619165,-433.162605,-27.37636,205.1367,-27.37636,1226.893058,-331.548973,18.453302,72.528029,18.453302,-403.173706,-21.91389,72.528029,-21.91389,1128.889333,713.602281,1.0,3.527738,1.107835,1.657392,3.0,112.0,1499.0578525126668,2.1006909484818013,0.01050564607573291
43792.0,0.637529,0.065687,0.767621,-0.764471,0.177579,0.619717,-0.095606,-0.981912,0.163428,175.449745,436.632375,-799.570077,3.595728,3.600131,3.595884,89.988582,90.095423,90.045101,130.970585,0.071677,0.061152,128.006308,0.993151,-533.11675,188.394023,75.572804,188.394023,1247.185115,-402.427528,75.572804,-402.427528,1377.076564,-300.595037,-119.166824,-84.731432,-119.166824,-207.336577,-128.829348,-84.731432,-128.829348,1386.509225,145.687459,1.0,2.249986,1.406632,3.238654,3.0,145.0,1651.1099440071887,11.333233178342336,0.007758609833509143
44888.0,0.65892,0.407617,-0.632197,0.629447,0.161374,0.760102,0.41185,-0.898781,-0.15024,230.79065,-345.229091,-812.03532,3.594094,3.597752,3.595534,90.044246,89.943388,90.032554,144.077122,0.079416,0.063809,91.236576,0.945946,-215.631524,-258.192475,-587.841434,-258.192475,398.12805,329.481184,-587.841434,329.481184,695.437097,-551.509894,-135.370061,-77.106007,-135.370061,-313.742237,44.359261,-77.106007,44.359261,1115.605225,582.434974,1.0,3.835381,1.721607,2.711914,3.0,140.0,1568.1514031639508,2.6924059734846053,0.010368056775826397
44552.0,0.341134,-0.505017,-0.792833,0.769398,0.634567,-0.073154,0.54005,-0.585049,0.605032,313.843953,225.596137,-623.968699,3.596839,3.595094,3.595121,90.040608,89.984348,90.043122,113.989929,0.068753,0.063958,82.595975,0.958333,-68.488985,271.043726,177.061693,271.043726,35.460795,148.744734,177.061693,148.744734,820.661956,-190.524217,-26.719814,157.534806,-26.719814,-149.399686,-15.352452,157.534806,-15.352452,1000.719794,571.819257,1.0,4.804398,0.92099,2.396169,3.0,138.0,1179.4444944729078,2.0626176541530987,0.011602659814839647
44586.0,0.357881,0.550793,-0.754021,0.691345,0.386498,0.61046,0.627665,-0.739761,-0.242468,306.810177,255.258247,-834.2858209999999,3.596451,3.598331,3.59396,89.997338,90.005474,90.010687,107.273512,0.056858,0.05452,104.150228,0.921429,210.37481,397.379317,-310.68293,397.379317,216.671463,-44.833642,-310.68293,-44.833642,830.986587,126.130093,51.832993,64.471217,51.832993,-202.137081,39.536437,64.471217,39.536437,1016.057065,373.428741,1.0,4.031818,1.815705,2.437988,3.0,127.0,1094.6085648808175,2.9312381311346827,0.008847114573767424
43844.0,0.474667,0.501447,0.723355,-0.609663,0.780073,-0.140703,-0.634825,-0.374216,0.675988,221.032529,-379.963772,-831.964255,3.595214,3.595675,3.595127,90.043153,90.092834,90.034983,84.36011,0.077291,0.060955,106.909577,1.0,-824.285871,258.723945,202.658891,258.723945,443.393058,89.11071,202.658891,89.11071,878.680529,-34.731625,-10.800571,197.045103,-10.800571,-207.973042,-12.357421,197.045103,-12.357421,847.755646,288.582042,1.0,1.378681,0.828492,4.179742,3.0,148.0,995.4907410200668,3.4495935163563187,0.009353698967492875
45123.0,-0.684252,0.624886,0.375921,-0.61846,-0.770399,0.154895,0.386401,-0.126505,0.913614,545.385605,50.443611,-689.682719,3.59314,3.59305,3.598521,90.050861,89.946398,89.993374,125.53079,0.057731,0.063599,103.841746,0.986486,-742.417851,34.71541,78.730252,34.71541,-352.652252,281.404739,78.730252,281.404739,1230.801995,-222.769901,66.458257,136.54718,66.458257,-355.623953,170.634214,136.54718,170.634214,1154.451948,373.367435,1.0,1.961641,0.41871,1.887191,3.0,146.0,1461.6747668671035,3.914842671983708,0.009499898046783611
44728.0,0.191189,-0.624537,0.757232,0.140607,0.780933,0.608583,-0.97143,-0.009882,0.237121,99.814119,505.175594,-984.5350109999999,3.599784,3.591058,3.590988,90.108979,90.031104,89.983488,177.109725,0.086231,0.090291,78.412257,0.979452,-161.898344,-195.246903,-31.922132,-195.246903,-1902.639188,-462.181329,-31.922132,-462.181329,1397.567506,-516.890862,46.598732,-174.50566,46.598732,-642.875496,-190.954475,-174.50566,-190.954475,1185.831241,584.706923,1.0,2.247785,1.331396,4.702217,3.0,143.0,1783.66672000067,3.050531214593931,0.012491057361095983
44404.0,0.030548,0.833165,-0.55218,-0.506599,0.489131,0.710006,0.86164,0.258044,0.437023,310.827703,-274.193663,-819.398288,3.598333,3.593637,3.593526,89.958794,89.987,89.966331,126.090921,0.075313,0.068817,102.934647,1.0,-634.945205,21.875371,282.336867,21.875371,34.935718,-307.282736,282.336867,-307.282736,954.272829,-312.07455,-146.564517,-4.910557,-146.564517,-142.73273,-137.692631,-4.910557,-137.692631,1074.167777,470.017038,1.0,3.802594,1.11851,1.279817,3.0,136.0,1321.3417580005441,2.811263531260635,0.00971490192218758
44757.0,-0.154836,-0.598138,0.786293,-0.440145,0.754305,0.487131,-0.884476,-0.270658,-0.380061,473.920328,-75.494675,-648.174305,3.598207,3.597015,3.594185,90.010118,89.944994,89.945841,99.776969,0.056925,0.056164,98.789534,1.0,207.864734,-438.834754,243.527036,-438.834754,-75.009227,-74.463778,243.527036,-74.463778,1309.335449,-334.38511,7.176419,18.883125,7.176419,-146.962926,100.583181,18.883125,100.583181,1277.370702,348.752746,1.0,2.125451,1.960658,4.415428,3.0,136.0,1529.2805058216122,4.384999181688485,0.010122529781343032
44715.0,-0.181168,-0.582759,0.792194,-0.518518,0.741066,0.426568,-0.835654,-0.333486,-0.436428,583.228543,-220.95859,-699.163809,3.596637,3.592528,3.593043,89.895864,89.908878,89.999564,109.245282,0.065233,0.062693,123.505311,1.0,-1554.893648,75.938342,-348.496414,75.938342,-62.807251,-59.120167,-348.496414,-59.120167,1055.031744,-428.619087,49.439081,80.444254,49.439081,-121.422925,53.683137,80.444254,53.683137,941.51025,445.032418,1.0,2.06474,2.022421,4.332683,3.0,138.0,1248.8288286362595,2.8061524916512024,0.008096817795956968
43651.0,0.685302,0.575351,0.446467,-0.571519,0.044924,0.819358,0.451361,-0.816672,0.359611,-233.358411,-118.200746,-655.911891,3.595823,3.59635,3.595137,90.005182,89.960752,90.000503,144.809906,0.071634,0.074613,79.188049,0.840278,494.614859,18.063905,62.236429,18.063905,-150.698243,22.137568,62.236429,22.137568,515.37773,-47.161616,80.666415,156.433014,80.666415,-303.840967,-172.429131,156.433014,-172.429131,998.450159,626.98955,1.0,2.642675,1.202945,2.636691,3.0,121.0,1213.7165434111907,1.9357843259288623,0.010611171895395477
43819.0,0.577952,0.765783,-0.282043,-0.742076,0.636965,0.208804,0.33955,0.088619,0.936404,139.070785,344.506048,-699.259019,3.594287,3.593534,3.598355,90.008075,89.980385,89.950151,130.259307,0.063829,0.064315,97.429707,0.985507,200.733102,-197.84332,-150.31898,-197.84332,-644.836677,124.907769,-150.31898,124.907769,987.994952,-66.104986,77.979342,237.834349,77.979342,-396.185876,51.450114,237.834349,51.450114,1388.567194,490.262788,1.0,4.075108,0.358557,1.315502,3.0,136.0,1659.5643510337281,3.3850506129658124,0.010115056591517822
44670.0,-0.205667,-0.531658,0.821609,-0.649143,0.702383,0.292013,-0.732335,-0.473284,-0.489579,253.255431,-399.021449,-628.61106,3.596916,3.599845,3.592163,89.98136,89.938506,90.010342,200.464073,0.067642,0.079558,71.809779,0.8,-400.572222,-889.609561,402.790379,-889.609561,840.027799,-85.994965,402.790379,-85.994965,868.408563,-633.512086,-1.387519,120.502426,-1.387519,-303.022734,149.232282,120.502426,149.232282,882.746778,869.015368,1.0,1.912288,2.082403,4.138642,3.0,112.0,1390.9534573163025,1.6006085836174793,0.011140543964074864
44123.0,0.045364,-0.602635,0.796727,0.246267,0.77968,0.575719,-0.96814,0.170091,0.183779,515.959511,-182.8058,-772.074036,3.599602,3.59251,3.589395,89.944502,90.002208,90.018642,112.541355,0.0684,0.058394,102.393182,1.0,-1623.769518,-228.303191,-283.040917,-228.303191,-421.715455,-319.336107,-283.040917,-319.336107,1290.214636,-369.814755,-135.584811,-70.582406,-135.584811,-496.971936,-82.335218,-70.582406,-82.335218,1368.588357,422.789847,1.0,2.196533,1.385967,4.886302,3.0,148.0,1811.5940277846523,4.2848569818769855,0.009766275258444455
45135.0,-0.703937,0.370054,0.606244,-0.613309,0.113796,-0.781602,-0.358223,-0.922014,0.146852,54.598328,-48.536158,-877.753577,3.593136,3.598969,3.593668,90.013405,90.018375,89.995427,108.183191,0.059784,0.05444,98.174361,1.0,-106.059231,-16.881869,-409.421559,-16.881869,-473.0939,-283.147986,-409.421559,-283.147986,1011.404421,-261.342867,-115.120063,-215.036244,-115.120063,-450.128572,-156.522599,-215.036244,-156.522599,1108.184808,600.643719,1.0,0.659712,1.423411,3.512166,3.0,152.0,1494.251567507121,2.4877502589969165,0.010185958837053189
44989.0,0.769399,-0.603284,-0.209937,0.608087,0.79239,-0.048467,0.195591,-0.09037,0.976513,22.356029,-141.734111,-819.988187,3.593752,3.594077,3.600657,90.005247,89.970026,89.994301,46.201403,0.049208,0.040355,187.517998,1.0,-299.639942,-48.601998,-186.399401,-48.601998,-177.570502,24.726879,-186.399401,24.726879,1663.860509,-258.888248,-12.883699,-228.500716,-12.883699,-342.642963,-102.157348,-228.500716,-102.157348,1526.59471,114.806853,1.0,4.939278,0.217162,2.003612,3.0,146.0,1841.6345674087815,16.04115537779597,0.005332821439358583
43678.0,-0.237389,-0.941823,0.237942,0.402186,0.127675,0.906612,-0.884247,0.310917,0.348479,323.245507,-344.061013,-643.2074299999999,3.595261,3.591789,3.592825,90.000085,90.111632,90.099563,174.571487,0.074615,0.075102,78.397919,0.922535,-1028.508283,442.854584,-147.851401,442.854584,-1228.237655,382.524015,-147.851401,382.524015,1044.712345,-482.534186,-164.531402,170.810101,-164.531402,-543.823681,-205.638877,170.810101,-205.638877,1486.827852,643.30014,1.0,2.884929,1.214849,5.050504,3.0,131.0,2019.0950842221896,3.138651709639282,0.011767340406063585
45033.0,-0.234269,-0.588855,0.773542,-0.333494,0.796081,0.505012,-0.913181,-0.139663,-0.382877,-310.752098,71.520971,-654.804112,3.600497,3.595988,3.594249,90.077028,89.949533,89.98538,129.226108,0.056516,0.062987,83.435705,0.943662,614.40413,-469.443259,133.674815,-469.443259,-394.69264,493.39721,133.674815,493.39721,1591.123213,-131.256996,112.653473,409.580148,112.653473,-548.253875,320.782189,409.580148,320.782189,1620.746212,487.982739,1.0,2.149177,1.963705,4.560624,3.0,134.0,2046.09199309751,4.192959770032993,0.011310050055908318
43689.0,-0.587253,-0.809087,-0.022624,0.809389,-0.587181,-0.010419,-0.004855,-0.02443,0.99969,535.692217,-141.199496,-946.7436789999999,3.595871,3.591666,3.601208,90.014386,89.936334,89.970226,151.574519,0.059535,0.060587,91.161293,1.0,-193.302496,-645.143444,-276.772643,-645.143444,-347.078985,486.673506,-276.772643,486.673506,1798.386825,-418.418408,64.519313,59.327441,64.519313,-619.035525,-85.517522,59.327441,-85.517522,1598.376327,521.419522,1.0,5.143958,0.02491,3.337753,3.0,142.0,2126.8659046245857,4.0789917041590655,0.010969567972231373
44009.0,0.255222,0.8571,-0.447483,-0.434888,0.515114,0.7386,0.863559,0.006098,0.504211,269.891584,280.007895,-835.051983,3.597671,3.598703,3.595758,89.994143,89.93235,90.020979,90.449921,0.065255,0.054757,143.599802,1.0,665.144717,593.861266,-144.8682,593.861266,342.492532,-17.197806,-144.8682,-17.197806,1192.335848,-71.686135,-58.688331,15.264632,-58.688331,-28.179455,-74.048231,15.264632,-74.048231,1139.576826,241.791976,1.0,3.686304,1.042329,1.563735,3.0,140.0,1192.989150885266,4.933948473481461,0.006963797902729698
44488.0,-0.021474,0.858522,-0.512327,-0.521116,0.427715,0.738578,0.853216,0.282842,0.438205,496.517243,-353.153563,-928.444557,3.596558,3.595787,3.598845,90.01848,89.97911,89.934058,139.760411,0.077207,0.063261,108.250257,0.830986,639.235425,-603.629074,104.565858,-603.629074,314.369356,314.901059,104.565858,314.901059,984.545427,-394.992233,12.436376,-96.077239,12.436376,-214.814935,20.704789,-96.077239,20.704789,995.846213,431.26277,1.0,3.748055,1.117195,1.250696,3.0,118.0,1312.8817803304055,3.044273402803598,0.007676526809539122
44819.0,0.563961,-0.628216,-0.535997,0.637975,-0.08068,0.765819,-0.524344,-0.773845,0.355286,208.106599,127.834426,-949.775022,3.596106,3.59654,3.596534,90.067441,90.056812,89.873108,103.413054,0.058612,0.056021,170.415742,1.0,-420.638018,-324.721648,-433.562667,-324.721648,-76.468633,-6.354701,-433.562667,-6.354701,1873.090958,8.337604,-16.514726,104.234756,-16.514726,25.094151,109.089456,104.234756,109.089456,1088.363457,123.234435,1.0,3.752252,1.207577,3.737115,3.0,148.0,1079.776698445766,8.76197223970529,0.005868002499440457
44626.0,0.370129,-0.518168,-0.771042,0.6281,0.751115,-0.203265,0.684467,-0.409057,0.603471,19.376927,104.020497,-822.681682,3.597561,3.595309,3.594991,90.040272,89.981116,90.005145,65.564359,0.066175,0.052815,123.446636,1.0,-166.250875,208.25321,171.331967,208.25321,424.643495,119.724652,171.331967,119.724652,754.487679,-197.974505,-50.673423,30.468606,-50.673423,-98.973262,-36.438471,30.468606,-36.438471,1018.404307,387.839978,1.0,4.970149,0.922949,2.10947,3.0,144.0,1171.568848378283,3.0207531838769937,0.008100666266839382
43858.0,-0.15941,0.854991,-0.493537,0.467516,0.505697,0.725051,0.869492,-0.115156,-0.480335,479.363259,-4.798673,-980.953868,3.599642,3.591626,3.594158,89.993821,90.04733,90.03832,133.066347,0.074691,0.069228,90.497787,0.956522,-657.390165,-361.864207,-270.341502,-361.864207,-407.954048,346.347965,-270.341502,346.347965,1400.203827,-429.814222,83.369342,-134.165959,83.369342,-171.641569,282.006826,-134.165959,282.006826,1114.78568,426.394821,1.0,3.739243,2.071833,1.702471,3.0,132.0,1460.146438796623,3.424400032280465,0.010569562325319623
45042.0,-0.473208,-0.553887,0.685043,-0.532849,0.799203,0.278113,-0.701532,-0.233419,-0.673327,159.777041,14.453048,-686.009843,3.595993,3.593428,3.595801,90.004592,89.951,89.982993,166.06541,0.076752,0.080488,69.401486,0.880282,-64.693732,65.028899,-71.443045,65.028899,-382.589623,172.329013,-71.443045,172.329013,725.302226,-96.163016,-48.937642,-9.956413,-48.937642,-410.476341,-78.686187,-9.956413,-78.686187,1038.465752,718.310053,1.0,1.956447,2.309496,4.391184,3.0,125.0,1322.6180107643313,1.8412912435799242,0.012683907085217166
44318.0,0.06934,-0.26772,0.960998,-0.86259,0.467821,0.192568,-0.501129,-0.8423,-0.198493,-156.727167,-274.678594,-711.026624,3.595374,3.597908,3.594431,90.002953,90.018738,89.938165,69.912246,0.066834,0.05326,129.331961,1.0,-44.053857,128.447528,350.439812,128.447528,-65.402233,-8.008716,350.439812,-8.008716,1080.429356,-18.350776,125.58287,75.939754,125.58287,-133.8521,-336.193279,75.939754,-336.193279,1266.762338,219.546231,1.0,1.76856,1.770617,3.678293,3.0,144.0,1383.550290382368,6.301863093164957,0.007732040806216493
43706.0,-0.485104,-0.087219,-0.870096,0.729143,0.508934,-0.457534,0.482727,-0.856376,-0.18329,15.402973,-208.363535,-727.440171,3.595651,3.596932,3.594206,89.967139,90.006404,90.036923,146.383586,0.076089,0.074905,71.725912,0.884058,-79.054191,-168.263791,79.129254,-168.263791,-74.017687,38.554432,79.129254,38.554432,867.525379,-348.433081,33.874793,-46.729557,33.874793,-320.259674,-96.595697,-46.729557,-96.595697,1305.621911,806.261568,1.0,5.196497,1.755129,2.628303,3.0,122.0,1643.0422101288066,2.0378525720933367,0.012325503787250556
43715.0,-0.415665,0.515578,-0.749268,0.650455,0.744318,0.151325,0.635713,-0.424465,-0.644747,-1.243761,-33.289168,-864.382593,3.595417,3.594495,3.595846,89.935732,90.048487,90.022658,78.953971,0.066395,0.054949,91.980137,0.972603,-425.350724,-153.312339,94.659632,-153.312339,-99.490767,-137.880314,94.659632,-137.880314,951.856754,-201.332872,-68.190047,-43.912227,-68.190047,-346.825338,-48.43284,-43.912227,-48.43284,1157.562986,398.374908,1.0,4.513106,2.271488,2.159513,3.0,142.0,1439.5027091343884,3.6134371925211424,0.010574054700527354
45187.0,-0.529975,0.635446,-0.561546,-0.442681,0.357494,0.822333,0.723298,0.684402,0.091837,-264.218866,-244.31855,-776.894257,3.596893,3.598013,3.594548,90.005471,90.036847,89.962091,80.220542,0.052257,0.049116,136.652847,1.0,138.655156,260.964628,363.26297,260.964628,299.012511,-194.368476,363.26297,-194.368476,1018.183574,-183.144202,-41.735783,91.058963,-41.735783,126.730967,161.022707,91.058963,161.022707,1138.35734,335.231545,1.0,3.740729,1.47883,0.813022,3.0,140.0,1208.2466114503675,3.6042151446409005,0.007317813144427207
43722.0,-0.497746,0.017919,-0.867138,0.755096,0.50083,-0.423084,0.426707,-0.86536,-0.262816,8.719295,175.239498,-916.595319,3.593638,3.598141,3.596742,89.962981,89.98471,90.043527,98.452882,0.059137,0.059029,90.854542,1.0,454.870571,215.486672,220.097573,215.486672,-347.490239,-254.634912,220.097573,-254.634912,1088.665363,128.444336,175.441213,133.569803,175.441213,-238.08049,-232.538028,133.569803,-232.538028,1235.44458,689.85082,1.0,5.166316,1.836736,2.683482,3.0,144.0,1357.4070482258892,1.9676820101857517,0.011006604380879494
43897.0,0.553696,0.742712,0.376564,-0.823629,0.555091,0.116229,-0.122702,-0.374505,0.91907,82.619389,307.92609,-698.552336,3.595172,3.594276,3.596858,90.072365,90.008696,89.982727,101.968998,0.057211,0.056684,107.127296,0.958333,-212.287121,-296.224546,-190.090342,-296.224546,-155.391216,-97.797868,-190.090342,-97.797868,946.977665,-362.258099,-141.562712,10.557434,-141.562712,-248.038715,4.620354,10.557434,4.620354,1251.162941,421.5665,1.0,1.870177,0.405081,3.458209,3.0,138.0,1564.2951029326246,3.7106722259302494,0.008945740588841148
43725.0,-0.207459,0.195932,-0.958421,0.408047,0.907766,0.097251,0.889077,-0.370905,-0.268274,406.104388,-48.2181,-902.062496,3.597292,3.593205,3.591467,90.000306,90.08767,90.060915,161.85358,0.068979,0.077539,69.584301,0.871429,-1082.455737,323.735518,141.666428,323.735518,-697.928844,94.008609,141.666428,94.008609,1151.082845,-293.476069,-92.481959,-129.705117,-92.481959,-477.603447,292.746618,-129.705117,292.746618,1106.943958,648.20637,1.0,4.611265,1.842397,1.966025,3.0,122.0,1528.477181829094,2.3580101223459033,0.012523356381779276
43934.0,0.491914,0.48528,0.722859,-0.814542,0.549731,0.185252,-0.307478,-0.679926,0.6657,596.509144,101.721357,-934.733707,3.590308,3.599184,3.599036,89.951337,90.047215,90.029783,167.699946,0.08613,0.078913,71.579403,0.854167,498.950122,1428.285581,364.310504,1428.285581,39.167448,-374.603297,364.310504,-374.603297,659.543723,-231.582687,80.49772,222.191085,80.49772,-286.780365,-188.832986,222.191085,-188.832986,883.448067,555.118422,1.0,1.821674,0.842364,3.566294,3.0,123.0,1173.250812007839,2.113514460177362,0.011933139481479052
44597.0,-0.253714,0.966672,-0.034273,-0.948073,-0.241495,0.206975,0.1918,0.085006,0.977746,-123.448507,483.366116,-803.095277,3.589109,3.589996,3.599006,89.983864,89.949408,90.150775,202.917585,0.08457,0.085137,78.25275,0.931507,-690.126577,1065.978575,-266.791152,1065.978575,-2226.357858,297.699482,-266.791152,297.699482,1213.054928,-247.858929,69.590445,111.644737,69.590445,-707.0538,207.23618,111.644737,207.23618,1439.365143,502.740952,1.0,3.305694,0.211363,1.153612,3.0,136.0,1969.1470990015373,3.9168225527836795,0.011903824466232815
44029.0,0.278617,0.928287,0.246283,-0.538938,-0.061135,0.840124,0.794933,-0.366804,0.483256,205.859698,-271.964886,-659.775693,3.596969,3.594798,3.595858,90.07982,89.951288,89.995618,177.361771,0.086476,0.08851,98.153051,0.822368,-159.936451,-539.31402,84.742616,-539.31402,88.438561,275.459435,84.742616,275.459435,1017.29905,-466.576419,-153.10985,60.626295,-153.10985,22.699701,-223.250433,60.626295,-223.250433,1031.427548,638.132387,1.0,2.856431,1.066426,2.003113,3.0,125.0,1344.6890477976594,2.1072258283572425,0.008378425241208243
44118.0,0.193089,0.916111,0.351365,-0.4263,-0.244209,0.870994,0.883734,-0.317966,0.343384,448.212755,215.592982,-862.512841,3.597706,3.593594,3.593776,90.006838,89.977579,90.053932,115.177227,0.056134,0.057741,75.692114,0.93662,-448.408104,88.633686,-89.498901,88.633686,-290.735822,-234.267892,-89.498901,-234.267892,976.772532,-542.446498,14.820693,14.369267,14.820693,-345.95319,-202.343302,14.369267,-202.343302,912.511396,542.932807,1.0,2.758153,1.220279,1.916173,3.0,133.0,1378.6403843237947,2.53924678440696,0.012374076380004395
44689.0,-0.346378,-0.131966,0.928766,-0.895259,0.342262,-0.28525,-0.280238,-0.930291,-0.236696,-253.40311,-433.589326,-716.975699,3.590705,3.600689,3.594895,89.903887,90.034753,90.018756,134.329723,0.070021,0.069368,89.110463,0.963768,-94.559845,86.416272,-619.687472,86.416272,-921.562821,-858.848717,-619.687472,-858.848717,1589.979332,-315.90332,114.168693,224.134318,114.168693,-295.181546,-341.602023,224.134318,-341.602023,1496.865857,405.615257,1.0,1.272813,1.80976,3.434184,3.0,133.0,1839.5569185573638,4.53522614549325,0.010815430282300295
43775.0,-0.447456,-0.464963,-0.763933,0.779633,-0.621296,-0.078504,-0.438127,-0.630714,0.640503,-147.108679,-81.841027,-881.277665,3.595764,3.594879,3.595575,90.029235,90.054645,89.936746,129.70345,0.064274,0.065566,80.864785,0.922078,-77.041426,16.280389,151.589929,16.280389,-312.347948,-380.464475,151.589929,-380.464475,943.914477,3.344001,-122.049704,161.442714,-122.049704,-304.526906,-141.856279,161.442714,-141.856279,973.620856,528.642218,1.0,4.814792,0.875643,3.748721,3.0,142.0,1175.0548919718924,2.2227791348512627,0.011402713801811258
44526.0,0.300499,-0.390418,-0.870215,0.710711,0.700123,-0.068687,0.636074,-0.597831,0.487861,-18.238347,-304.328664,-986.745992,3.59605,3.595442,3.593731,90.024318,89.966483,90.032915,105.920628,0.057387,0.057174,78.217114,0.971831,-379.830055,-36.511235,168.185305,-36.511235,-15.762373,93.818202,168.185305,93.818202,674.066066,-321.134803,71.012145,141.67452,71.012145,-92.520093,-17.631111,141.67452,-17.631111,832.644705,564.296434,1.0,4.791157,1.061159,2.325211,3.0,138.0,1067.1315799404088,1.891083330752377,0.012424787240296286
44713.0,0.500109,-0.601438,-0.623027,0.702342,-0.139152,0.698106,-0.506563,-0.786708,0.352824,-204.877225,-412.088725,-913.241517,3.592545,3.597154,3.593002,90.022566,90.064943,89.907223,147.53011,0.058611,0.061955,74.949668,0.830986,-379.335834,-230.967827,173.800514,-230.967827,-1199.961454,-39.733103,173.800514,-39.733103,1154.728277,-138.716886,276.208134,206.531804,276.208134,-413.45584,76.604428,206.531804,76.604428,964.364752,536.83395,1.0,3.870223,1.210208,3.71367,3.0,118.0,1299.5926310362995,2.420846578418335,0.011087253915521013
43784.0,-0.12753,-0.191299,-0.973212,0.352356,0.908479,-0.224748,0.927136,-0.371579,-0.048453,164.755766,36.016448,-966.52631,3.598649,3.59395,3.592531,89.993334,90.033397,90.02253,103.990249,0.055348,0.060571,134.142839,1.0,-632.856247,-66.260513,135.465142,-66.260513,-180.968453,350.709005,135.465142,350.709005,1066.567785,-347.698849,69.463408,-49.717773,69.463408,-184.994794,210.326874,-49.717773,210.326874,1229.637361,408.904644,1.0,4.939344,1.619268,1.951976,3.0,144.0,1515.4121364739444,3.706028187036057,0.007454740092387637
44495.0,0.00046,-0.450481,0.892786,-0.399222,0.818472,0.41319,-0.916854,-0.35661,-0.179466,328.051374,-388.51142,-782.665106,3.597089,3.59167,3.59416,89.978469,89.979989,89.910921,117.067352,0.081415,0.06181,84.465561,0.938356,-453.206931,435.422694,21.8592,435.422694,-934.807588,-81.905681,21.8592,-81.905681,1024.479557,-471.421942,99.133208,93.06687,99.133208,-465.004071,103.494051,93.06687,103.494051,1123.169479,581.06827,1.0,2.004251,1.751239,4.341445,3.0,136.0,1598.258113483725,2.7505513482670896,0.011109332476936962
43957.0,0.458112,0.627776,0.62931,-0.833183,0.056563,0.550097,0.309741,-0.776337,0.548964,-302.406409,80.322767,-714.657683,3.59343,3.596264,3.596106,90.043271,89.983256,90.066849,102.706164,0.053998,0.054352,84.669874,0.9375,-308.759356,392.188163,86.583905,392.188163,-239.568831,-89.24018,86.583905,-89.24018,986.94209,-158.836025,64.479264,0.546307,64.479264,-67.913331,41.500772,0.546307,41.500772,1012.948165,453.199149,1.0,2.289131,0.989672,2.761967,3.0,135.0,1131.023204840291,2.495642825755375,0.011072415201657203
43803.0,-0.237941,0.22735,-0.944297,0.543457,0.83695,0.064566,0.805008,-0.497822,-0.322699,-209.118372,464.147891,-691.89151,3.597818,3.594012,3.596834,89.964705,90.012978,90.060856,102.392681,0.0642,0.056194,89.886487,0.858108,431.614476,-323.489577,75.93364,-323.489577,-344.982794,153.26559,75.93364,153.26559,1148.673041,-178.325956,-26.798396,-98.270075,-26.798396,-187.715008,163.077047,-98.270075,163.077047,1213.128892,436.601168,1.0,4.64412,1.899376,2.12464,3.0,127.0,1406.0676206850346,3.2204852477285053,0.009546574002830925
43817.0,-0.341712,-0.939588,0.02018,0.730534,-0.252052,0.634657,-0.59123,0.231612,0.77253,328.887659,373.24587,-665.8007729999999,3.59572,3.594566,3.592776,89.903154,90.088379,90.01353,126.733614,0.071795,0.058225,106.023299,0.992857,-108.821571,-368.730623,-395.113275,-368.730623,-1021.096518,-605.645822,-395.113275,-605.645822,805.251501,158.553329,-25.717009,12.012296,-25.717009,-270.049526,114.678578,12.012296,114.678578,1115.292769,415.742753,1.0,3.109807,0.68798,5.08576,3.0,137.0,1232.7123127012098,2.965084307076809,0.009364517133163344
43998.0,0.411344,0.679904,0.607064,-0.851108,0.524873,-0.011145,-0.326209,-0.512093,0.794575,-193.22457,348.156639,-682.336335,3.592359,3.594651,3.597799,90.057876,90.073084,90.053487,71.747993,0.063257,0.051673,148.394689,1.0,-806.978204,562.102824,512.352001,562.102824,-76.487419,-93.375674,512.352001,-93.375674,1045.244475,-97.670039,-11.786884,259.78151,-11.786884,-81.852421,37.603887,259.78151,37.603887,1036.562336,148.212865,1.0,1.55244,0.65249,3.708783,3.0,142.0,1149.161426877754,7.753452622872879,0.006738785644815092
43996.0,0.421999,0.659619,0.621948,-0.875822,0.473839,0.091715,-0.234206,-0.58342,0.777669,-265.54244,384.734034,-715.8922,3.586577,3.595585,3.5974,90.054042,90.078446,89.944112,226.190288,0.080172,0.092951,82.315904,0.958333,-491.362314,949.855574,102.008836,949.855574,-2018.703386,47.498846,102.008836,47.498846,1212.381117,-49.532758,-8.643336,85.950086,-8.643336,-458.183972,0.835416,85.950086,0.835416,1126.523317,866.307713,1.0,1.717206,0.679847,3.523337,3.0,138.0,1426.9889858980293,1.6472079891294114,0.011642136615543941
44961.0,-0.526289,-0.332416,0.782637,-0.671038,0.727663,-0.142177,-0.522234,-0.600005,-0.606024,-269.721745,56.740156,-914.992871,3.595553,3.593672,3.594257,89.92339,90.011319,89.997748,144.588937,0.067581,0.070494,91.484973,0.986111,-312.10883,620.481634,-94.166247,620.481634,-235.17929,-86.961969,-94.166247,-86.961969,340.89711,-32.797773,-24.437047,180.269435,-24.437047,-388.42772,-56.06213,180.269435,-56.06213,1043.557594,553.609035,1.0,1.391092,2.221849,3.857801,3.0,142.0,1301.9123004463015,2.3516818153921597,0.010778939618859592
44059.0,0.304166,0.801611,0.514688,-0.682517,-0.193539,0.704779,0.66457,-0.565653,0.488245,-201.40298,-91.067064,-823.003834,3.596632,3.593885,3.594451,90.05511,89.984677,90.064353,100.014207,0.061053,0.057754,94.871669,0.949275,-754.625361,-2.939776,8.956039,-2.939776,50.043415,-181.581763,8.956039,-181.581763,911.447902,-439.656399,60.135051,6.494958,60.135051,-120.018673,-43.780135,6.494958,-43.780135,1100.556742,576.681995,1.0,2.510831,1.060719,2.275961,3.0,130.0,1409.3601035367394,2.443912096712399,0.010005884896997016
43832.0,-0.430002,-0.665064,-0.610564,0.894143,-0.220131,-0.389937,0.124929,-0.713605,0.689319,155.347577,504.332728,-883.276492,3.592812,3.596094,3.591219,90.096525,89.962356,90.065689,131.566585,0.082987,0.072636,77.353949,0.880282,-1137.804636,-141.49195,387.851354,-141.49195,-708.49666,722.906879,387.851354,722.906879,704.923473,-688.69375,153.455063,12.467418,153.455063,-300.234641,75.667295,12.467418,75.667295,951.491959,444.72931,1.0,5.280744,0.810248,2.968282,3.0,125.0,1491.9908292491734,3.3548290964883187,0.011379923215038446
43833.0,-0.435673,-0.413339,-0.799587,0.900019,-0.212323,-0.380637,-0.012438,-0.885477,0.464517,546.780931,323.886842,-819.301036,3.593666,3.597676,3.593002,90.081466,90.024949,89.987572,118.135691,0.062704,0.061079,89.669725,1.0,-809.487284,-100.793164,193.514259,-100.793164,-282.554434,-105.340904,193.514259,-105.340904,1125.425233,-492.615453,-3.225114,229.282233,-3.225114,-133.542539,-108.428764,229.282233,-108.428764,1356.51646,634.848246,1.0,5.156688,1.087708,3.155639,3.0,140.0,1712.455009720386,2.6974241805188606,0.011152035985389717
43991.0,0.433853,0.138507,0.890274,-0.898575,-0.005682,0.438783,0.065833,-0.990345,0.121994,-38.921232,-381.130899,-808.586168,3.592703,3.601195,3.590652,90.048182,89.954245,89.972017,115.148002,0.063193,0.061295,163.976994,1.0,-739.931429,-522.397862,-79.991991,-522.397862,-986.810416,351.280687,-79.991991,351.280687,1817.844879,-487.677879,-26.800147,-188.069534,-26.800147,-371.812428,25.245357,-188.069534,25.245357,1570.58141,180.125181,1.0,2.028718,1.448498,3.075216,3.0,142.0,2009.7062613368369,11.157275457987392,0.006098416464446226
44631.0,-0.265803,-0.185302,0.946051,-0.858758,0.491429,-0.145022,-0.438044,-0.850976,-0.289754,85.655707,168.657777,-969.267137,3.593231,3.59928,3.593588,89.962987,89.968679,89.946508,91.56912,0.064377,0.059381,92.541918,1.0,-477.993333,-206.084928,46.167132,-206.084928,-383.628403,-380.001148,46.167132,-380.001148,1383.34203,-439.187388,76.689127,6.347266,76.689127,-153.263541,-429.963582,6.347266,-429.963582,1280.45671,337.647083,1.0,1.418689,1.864766,3.616975,3.0,150.0,1640.223660959835,4.857804919818705,0.010805913921083848
44891.0,0.626386,-0.686587,-0.369105,0.586601,0.103341,0.803256,-0.513362,-0.719666,0.467484,420.52653,375.535825,-641.100105,3.592993,3.596897,3.594228,90.068388,90.019458,89.959362,148.114168,0.076495,0.077719,70.592921,0.809859,-456.54924,4.816123,393.450266,4.816123,-469.017535,219.756727,393.450266,219.756727,896.150256,-352.173137,-51.223125,191.196369,-51.223125,-472.679036,98.989449,191.196369,98.989449,983.035846,825.884454,1.0,3.572328,1.084354,3.761211,3.0,115.0,1412.4232145950937,1.7101946982466067,0.01147224096308467
45306.0,-0.744453,0.523156,-0.414847,-0.456466,0.054653,0.888061,0.487266,0.850483,0.198116,227.330822,-7.829973,-647.302486,3.594005,3.598533,3.59317,89.972093,90.008732,89.957124,95.487996,0.055892,0.054623,78.501849,0.97973,-344.179932,160.627471,403.909411,160.627471,-317.203997,43.129938,403.909411,43.129938,1074.840916,-371.481744,-3.204915,372.665939,-3.204915,-284.290161,24.750505,372.665939,24.750505,1096.332925,509.136984,1.0,3.578607,1.371361,0.520277,3.0,145.0,1462.4391477727859,2.872388362525214,0.012480342978927795
43842.0,-0.216497,-0.882825,0.416832,0.551511,0.241713,0.79838,-0.805583,0.402734,0.434558,439.806741,347.506907,-759.71968,3.598077,3.596421,3.594667,89.979562,90.060259,90.050405,53.786793,0.055233,0.047708,119.998587,1.0,199.899483,-117.762012,-95.065893,-117.762012,-215.476104,-97.047822,-95.065893,-97.047822,1390.389682,-145.176066,-1.513572,165.130935,-1.513572,167.967565,-150.925657,165.130935,-150.925657,1255.790818,203.289953,1.0,2.660424,1.121249,5.175979,3.0,142.0,1288.2546680044707,6.3370306746269485,0.008333431459488769
45084.0,0.567763,0.708495,-0.419142,0.319127,0.279911,0.905432,0.758816,-0.647831,-0.067177,263.504231,472.645114,-705.2918549999999,3.592364,3.596121,3.594925,89.955032,90.083649,90.116892,146.85524,0.086787,0.070786,88.782104,0.985915,-717.964079,-527.655012,-286.13319,-527.655012,-399.979029,-962.550943,-286.13319,-962.550943,889.158716,-299.633201,-33.18072,19.176428,-33.18072,-50.730107,-183.112047,19.176428,-183.112047,1095.723177,520.846585,1.0,3.575138,1.638024,2.277457,3.0,140.0,1299.1969404622741,2.4943946603053453,0.01110488438075313
44013.0,0.415705,0.575657,0.704137,-0.899218,0.144058,0.413103,0.136369,-0.804902,0.577526,421.009564,205.835825,-720.35033,3.595075,3.598302,3.597237,90.021644,90.024663,90.050352,83.231426,0.060253,0.052204,105.400832,1.0,199.149097,485.961598,-86.859693,485.961598,465.351335,-140.495958,-86.859693,-140.495958,1113.737226,-117.128375,70.931736,-85.330539,70.931736,59.688967,-51.386734,-85.330539,-51.386734,1164.891002,224.692494,1.0,2.101364,0.955101,2.973763,3.0,146.0,1208.0437505192726,5.376431268412876,0.009487591141595543
44725.0,-0.335146,-0.240291,0.911009,-0.787229,0.602662,-0.130649,-0.517636,-0.760959,-0.391144,-319.811399,-331.499175,-662.152347,3.593449,3.596196,3.594089,89.951051,89.951272,89.946671,117.903206,0.066022,0.057207,89.006617,0.932432,-539.159413,-176.144871,-148.346521,-176.144871,-500.070093,-106.609387,-148.346521,-106.609387,902.909787,-392.311585,113.816258,128.08689,113.816258,-51.654207,-130.31368,128.08689,-130.31368,1001.654624,491.687575,1.0,1.428356,1.972671,3.738935,3.0,138.0,1272.431099360091,2.5878854054021825,0.010475985173102354
44041.0,0.359581,0.658011,0.661606,-0.818784,-0.117568,0.561935,0.447543,-0.743774,0.496493,332.259992,229.198239,-685.110471,3.59482,3.597122,3.592537,90.044516,89.941327,90.039016,96.744288,0.060531,0.058235,89.124656,0.985507,-234.467962,-375.262727,-223.923652,-375.262727,-655.220966,-204.403459,-223.923652,-204.403459,960.7332,-379.468095,-160.821726,-109.677434,-160.821726,-125.318286,22.516039,-109.677434,22.516039,1055.804653,350.046836,1.0,2.274913,1.051242,2.59991,3.0,136.0,1337.3950411602857,3.8206174249216347,0.011057624727325736
44146.0,0.197823,-0.314803,0.928313,-0.549166,0.748862,0.370976,-0.811963,-0.583185,-0.024738,447.051739,-391.257177,-752.670274,3.595432,3.588388,3.590199,89.86668,90.065658,89.845158,214.865188,0.098156,0.079192,83.101857,0.808219,-2314.446087,1317.861157,-321.356396,1317.861157,-1343.533693,371.204412,-321.356396,371.204412,813.090558,-809.084452,-32.668885,72.544589,-32.668885,17.495916,-43.487455,72.544589,-43.487455,1037.211224,529.663145,1.0,1.950978,1.595536,4.089525,3.0,118.0,1603.7758315336491,3.0279166044933126,0.009725643074377989
44876.0,-0.453364,0.844294,-0.285709,-0.701516,-0.14025,0.698717,0.549852,0.517202,0.655869,-2.673883,-125.190267,-807.607945,3.595658,3.59556,3.597055,89.945282,89.968673,89.954923,49.944168,0.052468,0.043746,179.937155,0.992958,-193.31433,-13.260277,75.246911,-13.260277,159.934402,115.153871,75.246911,115.153871,1159.850723,-67.41978,-9.736082,-31.569563,-9.736082,-89.468983,-82.265812,-31.569563,-82.265812,1240.318034,142.241985,1.0,3.529752,0.855463,0.815986,3.0,140.0,1321.1333215722975,9.287928044397704,0.005518360007414812
43869.0,-0.059422,0.389896,-0.91894,0.301116,0.884687,0.355891,0.951734,-0.25556,-0.169973,-234.18607,49.851554,-935.6046220000001,3.597316,3.593241,3.591161,90.029988,90.017166,90.047976,182.70308,0.085292,0.092319,78.575828,0.809859,-711.049514,362.690253,-230.7975,362.690253,-807.801003,59.268722,-230.7975,59.268722,822.458397,-56.017779,33.940766,96.725676,33.940766,-561.918598,99.77794,96.725676,99.77794,850.487015,996.209924,1.0,4.342892,1.741599,1.833128,3.0,115.0,1245.6466994700402,1.2503857565165555,0.010306719262315632
43871.0,-0.384781,-0.67567,-0.62882,0.87869,-0.476714,-0.025447,-0.282573,-0.562329,0.777134,514.184281,-35.193717,-874.123787,3.594729,3.593455,3.594419,90.121772,90.060719,89.993085,91.389036,0.062513,0.053355,124.659153,1.0,-1328.298466,-189.456376,177.108343,-189.456376,-136.290734,-102.329637,177.108343,-102.329637,1012.097991,-13.365169,32.236538,-130.480882,32.236538,-162.716068,-53.847364,-130.480882,-53.847364,1012.431339,267.419348,1.0,4.752835,0.680697,3.607242,3.0,144.0,1115.119183176205,4.1699270883578885,0.008021873853097654
44354.0,0.146245,-0.285264,-0.947226,0.698901,0.707447,-0.105147,0.700107,-0.64664,0.302832,518.255735,222.355111,-654.952457,3.594559,3.595523,3.593534,90.038145,89.945977,90.08414,122.633269,0.062035,0.061219,107.150208,1.0,-533.856073,-118.449319,-119.874349,-118.449319,-665.760602,-174.955272,-119.874349,-174.955272,1029.462828,-72.569413,36.13825,133.768482,36.13825,-214.567424,41.686859,133.768482,41.686859,1140.875874,415.626944,1.0,4.822942,1.263133,2.316514,3.0,144.0,1296.3884631772191,3.1191155479496997,0.009332693035929525
44947.0,-0.459926,0.709722,-0.533631,-0.62026,0.173259,0.765022,0.63541,0.682844,0.360526,-318.567197,-122.106263,-722.196015,3.596633,3.595912,3.594922,89.966337,90.001383,89.973665,166.502124,0.069408,0.082827,73.698839,0.805556,-88.629022,182.694547,-0.019834,182.694547,282.007729,-58.385566,-0.019834,-58.385566,709.874008,-72.141278,36.203596,64.472387,36.203596,67.819575,0.412012,64.472387,0.412012,1017.082316,782.976639,1.0,3.750664,1.201964,0.749431,3.0,116.0,1028.4206745669894,1.313475553856198,0.010930375714602505
44040.0,0.389558,0.772128,0.502058,-0.914913,0.387007,0.114714,-0.105726,-0.504028,0.857192,216.81984,-179.956314,-726.963127,3.594267,3.594872,3.598123,90.036046,90.028714,89.988545,50.817299,0.048589,0.043746,111.793111,1.0,-42.83528,71.543068,169.576878,71.543068,-138.466142,227.981151,169.576878,227.981151,1027.262614,-90.779289,-19.142454,287.417965,-19.142454,-142.289646,120.893207,287.417965,120.893207,1085.175336,235.510368,1.0,1.795428,0.541004,3.348358,3.0,144.0,1232.5946029506947,5.2337169417131335,0.008945095015738492
44061.0,0.355827,0.723487,0.591568,-0.863114,0.497135,-0.088834,-0.35836,-0.478981,0.801346,-49.038848,-249.007898,-648.672023,3.593788,3.595651,3.595735,90.04594,90.042925,90.004615,141.772456,0.058697,0.061511,71.767739,0.849315,-325.999888,287.034507,-51.559997,287.034507,-120.041616,-101.295497,-51.559997,-101.295497,710.731634,4.236441,112.545329,105.207613,112.545329,-385.821151,-80.261078,105.207613,-80.261078,815.983177,869.222971,1.0,1.421743,0.641255,3.783922,3.0,124.0,1072.5382817445075,1.233904668339129,0.011834217042841492
45230.0,0.871667,-0.304225,-0.384244,0.389998,-0.044244,0.919752,-0.296813,-0.951572,0.080081,317.196257,-45.29233,-746.970043,3.591365,3.598805,3.594079,90.030898,89.996205,89.931225,99.162057,0.071725,0.062175,105.100689,0.993056,-1039.788779,-240.954927,46.849861,-240.954927,-271.356446,157.385126,46.849861,157.385126,1318.165839,-29.337126,-75.827084,337.077979,-75.827084,-473.88422,159.323043,337.077979,159.323043,1293.10752,528.443293,1.0,3.537322,1.490629,3.443947,3.0,143.0,1625.7113033506762,3.076415813930438,0.009448615508124786
44545.0,-0.000386,-0.364012,0.931394,-0.33176,0.878691,0.343276,-0.943364,-0.308866,-0.121104,-245.034953,-46.506555,-1001.237266,3.599509,3.592425,3.590871,89.974495,89.995386,89.9984,117.004288,0.078335,0.069727,75.680558,0.951389,-1169.793635,5.613651,-35.369132,5.613651,-361.349792,565.938968,-35.369132,565.938968,1137.333627,-1007.64471,135.54829,-131.408252,135.54829,-473.619916,311.084895,-131.408252,311.084895,1475.636899,580.023678,1.0,1.92391,1.692198,4.395979,3.0,137.0,2285.83628900863,3.9409361646933143,0.012571115027983805
45107.0,0.781779,-0.515344,-0.351059,0.46449,0.105675,0.879251,-0.416019,-0.850443,0.321986,-25.312329,269.42392,-744.719279,3.59627,3.597735,3.591261,90.040804,90.029934,90.001571,133.898488,0.07111,0.069089,80.99763,0.891304,387.675433,447.705427,191.073991,447.705427,-928.064459,-114.065188,191.073991,-114.065188,831.027592,-159.754426,111.287033,320.571765,111.287033,-418.216586,-38.340411,320.571765,-38.340411,1140.545946,648.027869,1.0,3.52147,1.242969,3.596546,3.0,123.0,1476.8642367799869,2.279013461348507,0.011004075057504769
45172.0,0.513499,-0.380224,0.769252,0.215179,0.924883,0.313511,-0.830672,0.004539,0.556743,197.545696,189.751675,-774.044253,3.598729,3.593706,3.594584,90.022969,90.034986,90.027469,105.758094,0.058901,0.056075,86.119111,0.979167,194.705879,-99.563999,-417.985858,-99.563999,-452.097038,-83.309669,-417.985858,-83.309669,1035.449994,-260.826815,-143.014678,-85.397017,-143.014678,-256.724304,17.10449,-85.397017,17.10449,1097.102534,468.044257,1.0,1.957797,0.980336,4.717854,3.0,141.0,1363.6153550547715,2.9134325112652144,0.011369915325763175
44062.0,0.372786,0.491127,0.78729,-0.922282,0.102744,0.372612,0.10211,-0.865008,0.491259,49.336503,314.070773,-827.96176,3.595619,3.59719,3.593686,90.074441,90.025991,89.996893,98.474152,0.053641,0.055837,141.439443,1.0,-609.590359,-185.141739,-174.416678,-185.141739,275.508975,155.389939,-174.416678,155.389939,966.024775,-145.634428,-25.738399,-132.397352,-25.738399,-89.422853,4.288417,-132.397352,4.288417,1052.437082,192.618566,1.0,2.012844,1.057262,3.024091,3.0,142.0,1176.795238598448,6.109459036251199,0.007070163589374429
44332.0,0.053813,0.197355,0.978854,-0.980746,-0.173844,0.088967,0.187726,-0.964795,0.1842,-175.548326,25.01813,-827.995788,3.592943,3.598806,3.592223,89.990931,90.016935,90.005097,128.645693,0.057207,0.054626,82.927345,0.885714,-614.284596,64.608325,-446.593915,64.608325,-443.933787,244.55819,-446.593915,244.55819,989.292126,-477.825385,-100.921217,-128.909279,-100.921217,-361.005374,147.420991,-128.909279,147.420991,1119.55132,706.450604,1.0,1.661436,1.385538,2.949418,3.0,124.0,1554.044857952246,2.199792666540414,0.010680602399606547
43916.0,-0.16714,0.361428,-0.917297,0.547713,0.807651,0.218427,0.819801,-0.465908,-0.332949,478.004724,-146.048551,-734.770608,3.598274,3.593621,3.598882,89.962214,89.981889,90.039656,83.000316,0.052182,0.043891,121.285182,1.0,827.972515,-737.065151,131.060008,-737.065151,-5.85195,211.118213,131.060008,211.118213,1001.286948,-33.570633,-35.406746,-0.450408,-35.406746,-310.014563,214.637315,-0.450408,214.637315,1059.120749,201.572871,1.0,4.478622,1.910226,2.087595,3.0,146.0,1268.051996484446,6.29078700022309,0.008245030295621769
44076.0,0.355388,0.711484,0.606209,-0.920638,0.378584,0.095391,-0.161632,-0.592,0.789564,-245.028841,184.809282,-787.405603,3.597616,3.595462,3.59782,90.055805,89.98776,89.981521,78.167089,0.060253,0.050494,145.412345,1.0,224.929049,-443.107593,147.862428,-443.107593,547.986227,19.32017,147.862428,19.32017,1084.267244,98.449241,-25.948284,2.965708,-25.948284,50.710908,20.546131,2.965708,20.546131,1088.604395,224.929407,1.0,1.726874,0.660698,3.408123,3.0,148.0,1015.2747033034298,4.5137481881301085,0.0068769952097258325
44687.0,-0.226267,-0.263312,0.937801,-0.658899,0.750451,0.051734,-0.717395,-0.60621,-0.343298,-117.704415,54.78455,-941.076596,3.595944,3.596674,3.595699,89.989844,89.933569,89.908334,175.830429,0.064404,0.078071,69.741445,0.881944,94.366802,-344.679153,-72.53758,-344.679153,-375.585309,-119.169974,-72.53758,-119.169974,1419.036465,-233.646959,-282.30551,-35.179638,-282.30551,49.640703,-140.629025,-35.179638,-140.629025,1086.58533,760.993777,1.0,1.625905,1.921222,4.010796,3.0,127.0,1234.8249170817107,1.6226478512737046,0.012645909473197752
44110.0,0.29247,0.504417,0.812419,-0.827175,0.559738,-0.04975,-0.479836,-0.657463,0.580948,-230.573873,-83.001126,-819.155106,3.595146,3.59601,3.594026,90.09445,90.080755,89.950988,88.861347,0.06972,0.058349,112.344858,1.0,-916.885124,101.87654,-57.558109,101.87654,-221.128319,64.705024,-57.558109,64.705024,1402.660551,-166.653974,13.943465,-89.197608,13.943465,-42.181731,6.961343,-89.197608,6.961343,1085.253838,301.943937,1.0,1.509636,0.950904,3.77206,3.0,138.0,1197.116559059449,3.9646981189738177,0.008901163950022528
43929.0,-0.339353,-0.000692,-0.940659,0.931974,0.135327,-0.33632,0.127529,-0.990801,-0.045279,-323.646394,330.513605,-745.362146,3.59179,3.601125,3.593322,89.996998,90.015992,90.025,68.35304,0.045563,0.042119,125.501136,1.0,-532.578849,247.753932,-14.288125,247.753932,-694.832581,-123.73699,-14.288125,-123.73699,1788.615474,-413.680569,1.703086,53.102119,1.703086,-268.841346,-193.495774,53.102119,-193.495774,1762.946161,603.259309,1.0,5.055762,1.61609,3.013583,3.0,138.0,2115.093121002137,3.5061093785825643,0.00796805536485343
45059.0,-0.224606,-0.509724,0.830502,-0.309074,0.845536,0.435364,-0.924135,-0.158901,-0.347455,24.158273,99.859349,-683.1561389999999,3.598038,3.593694,3.593537,90.00522,89.946941,89.939266,130.74762,0.054696,0.064639,78.802694,0.888889,-273.006573,-135.28774,210.49518,-135.28774,-619.410313,-157.158311,210.49518,-157.158311,1183.442264,-268.548237,-100.281916,90.551355,-100.281916,-645.104656,-85.313864,90.551355,-85.313864,1275.15138,506.895949,1.0,2.05363,1.925652,4.542108,3.0,128.0,1767.835991678788,3.487571749520508,0.011279931622642242
43938.0,-0.213509,-0.83613,0.505274,0.686553,0.239533,0.686491,-0.695025,0.493469,0.522905,458.852968,428.659515,-874.292848,3.597479,3.592862,3.593442,89.873112,90.03851,89.991519,97.914768,0.064107,0.055559,107.695769,1.0,-1260.276137,-747.209433,217.551338,-747.209433,230.340453,11.039925,217.551338,11.039925,905.720204,-251.168556,-85.385473,103.404004,-85.385473,79.987325,-2.621659,103.404004,-2.621659,1106.469228,395.457649,1.0,2.507096,1.020541,5.329796,3.0,144.0,1231.5629455004898,3.114272662609416,0.009285415845816561
44869.0,0.538716,-0.279185,-0.794884,0.510355,0.858825,0.04424,0.670315,-0.429506,0.605147,565.80752,34.412266,-817.11651,3.599101,3.594119,3.5938,90.0675,89.996576,90.041449,117.21238,0.077993,0.062921,94.396269,0.992958,-4.795261,666.17654,586.702475,666.17654,-173.354809,58.015123,586.702475,58.015123,956.159697,-179.860372,102.846155,147.419278,102.846155,-112.358769,-0.097345,147.419278,-0.097345,1095.935051,591.712176,1.0,4.656791,0.920846,2.140643,3.0,141.0,1253.1259035121077,2.1177963786097713,0.010519038628528845
44773.0,-0.235086,-0.24591,0.940352,-0.546821,0.833302,0.081211,-0.803568,-0.495113,-0.330367,-207.939555,474.638911,-695.427129,3.599522,3.596431,3.594617,89.96415,89.959249,90.012574,88.607277,0.059435,0.050387,110.837449,0.993151,-243.14582,127.856178,-77.189552,127.856178,835.099035,377.520483,-77.189552,377.520483,1174.200917,-56.100538,69.861482,-57.89319,69.861482,-164.6377,104.318709,-57.89319,104.318709,1219.634586,297.590751,1.0,1.656945,1.907488,4.160184,3.0,145.0,1338.686323541578,4.498413741163541,0.008960428167198255
44153.0,0.267337,0.920524,0.284896,-0.962772,0.242887,0.118645,0.040018,-0.306008,0.951187,-62.251665,336.926131,-762.102071,3.592671,3.593553,3.599695,90.042437,90.038752,89.964249,116.199446,0.071953,0.066084,87.405517,0.993056,-301.658651,-119.008912,64.816474,-119.008912,-623.799328,532.962352,64.816474,532.962352,1397.499266,-75.736138,23.444006,341.488333,23.444006,-712.613087,66.374876,341.488333,66.374876,1159.122346,430.093441,1.0,1.965402,0.313735,3.011557,3.0,143.0,1675.7439460664507,3.896232274945227,0.011361479619186968
44187.0,0.213572,0.327595,0.920363,-0.881172,0.471369,0.036699,-0.421808,-0.818836,0.389339,12.649441,-42.505967,-690.836008,3.594702,3.597341,3.593296,90.035086,90.024741,89.967662,94.658405,0.056934,0.051278,82.575905,0.979167,-493.344338,83.937893,-167.641016,83.937893,-79.168246,-111.142122,-167.641016,-111.142122,883.338338,-704.765171,133.191243,-101.978158,133.191243,-96.868181,-202.770868,-101.978158,-202.770868,1094.088001,436.497669,1.0,1.610649,1.170883,3.617272,3.0,141.0,1601.1981962822697,3.668285789361844,0.011857781031888176
45307.0,0.336261,-0.239901,0.910701,0.050472,0.970212,0.236942,-0.940415,-0.03371,0.338353,-313.453236,-308.289106,-666.546812,3.601817,3.594639,3.595289,89.956086,89.952485,89.891856,145.109173,0.064693,0.06322,96.702247,0.992958,281.847642,738.855664,-723.914172,738.855664,265.653898,-906.997844,-723.914172,-906.997844,1543.376674,-232.722169,189.852304,-106.867397,189.852304,-305.135664,-136.342024,-106.867397,-136.342024,1285.680194,458.547514,1.0,1.825329,1.225631,4.676559,3.0,139.0,1571.7132487134056,3.427590818240497,0.010268199869233649
44926.0,0.352385,-0.406937,0.84275,0.24195,0.909512,0.338006,-0.904038,0.084795,0.418957,531.040166,172.357357,-775.0167,3.598665,3.594274,3.595348,90.045878,90.091904,90.024084,169.069951,0.068997,0.078363,82.311582,0.907143,92.244274,-368.734729,165.609659,-368.734729,-494.639223,-55.488495,165.609659,-55.488495,1532.21111,324.539095,1.676221,1.745376,1.676221,-157.472444,-225.279028,1.745376,-225.279028,1342.143772,794.289894,1.0,1.952229,1.1385,4.805912,3.0,127.0,1340.30555143927,1.6874261671510955,0.011020842729034171
44026.0,-0.199081,-0.673308,-0.712056,0.910391,0.141857,-0.388671,0.362706,-0.725626,0.584732,-43.830797,437.507507,-655.324749,3.599984,3.595004,3.595622,90.071404,89.99543,90.04073,113.879738,0.079122,0.064822,100.705092,1.0,-466.487843,-98.155374,-227.978322,-98.155374,1195.917553,423.397248,-227.978322,423.397248,1047.135331,-30.636363,18.419983,-63.855931,18.419983,5.891801,91.191142,-63.855931,91.191142,993.297737,269.049606,1.0,5.212035,0.946247,2.678064,3.0,142.0,1010.901795544787,3.757306359128387,0.009929984473873476
44034.0,-0.209172,-0.105176,-0.972206,0.973156,-0.119985,-0.196396,-0.095994,-0.987189,0.12745,39.55291,491.846944,-829.75352,3.595667,3.600055,3.590965,89.97366,90.040228,90.003569,137.32246,0.066041,0.067833,96.811954,0.992958,-1062.143641,117.483327,476.524804,117.483327,377.081928,197.682091,476.524804,197.682091,1370.783806,-320.951167,82.534808,181.03972,82.534808,-518.84222,81.735917,181.03972,81.735917,1526.117686,696.683314,1.0,4.911717,1.442999,3.238528,3.0,141.0,1962.4076329910886,2.816785752659907,0.010256563977626152
44042.0,-0.070477,0.035907,-0.996867,0.552506,0.83346,-0.009041,0.830524,-0.551412,-0.078579,-289.568019,170.290575,-800.862362,3.597739,3.595042,3.594924,90.051139,89.978751,90.07836,80.502859,0.051134,0.048937,130.323717,1.0,116.666089,265.999316,-490.1007,265.999316,-312.777003,96.28979,-490.1007,96.28979,1164.303147,18.960035,31.176631,-61.808398,31.176631,19.872279,81.778386,-61.808398,81.778386,1061.008284,193.787347,1.0,4.721458,1.649456,2.156904,3.0,144.0,1045.7173407621544,5.396210624433361,0.0076732004198437655
44564.0,0.264752,-0.949484,-0.168482,0.502659,-0.013221,0.864384,-0.822946,-0.313536,0.473766,437.478167,90.433097,-692.173956,3.596811,3.59339,3.593904,90.064664,90.081515,89.983148,157.734758,0.074458,0.079845,78.491095,0.813333,-496.093235,394.426915,-80.566001,394.426915,-636.158555,137.018557,-80.566001,137.018557,1098.361188,-332.259917,166.959201,-5.359614,166.959201,-576.887156,-206.179107,-5.359614,-206.179107,1189.754807,557.503402,1.0,3.334095,1.077234,4.348375,3.0,122.0,1673.7705963187145,3.0022607760135505,0.010362105408263192
44881.0,-0.419502,0.900103,-0.117614,-0.654506,-0.210141,0.726266,0.628999,0.381649,0.677277,315.270942,251.455164,-707.154814,3.596096,3.592431,3.595784,89.977005,89.953404,89.963267,96.388083,0.05757,0.052365,86.102022,0.964789,-694.584329,82.963115,-245.478578,82.963115,-73.553563,-50.471419,-245.478578,-50.471419,792.8312,-621.355917,-26.425111,-47.448227,-26.425111,-154.264858,-20.184272,-47.448227,-20.184272,1036.922839,484.489028,1.0,3.302142,0.82674,1.025423,3.0,137.0,1481.8950971378301,3.0586762785014607,0.011205184008338387
44060.0,-0.089172,-0.929608,0.3576,0.641461,0.221059,0.734616,-0.761955,0.294894,0.576595,-186.007883,364.832877,-677.221783,3.597367,3.593462,3.594336,90.001469,90.062905,89.995965,128.378861,0.065725,0.06753,106.498945,0.93662,-266.399543,-102.197539,331.401887,-102.197539,-289.395513,-327.033723,331.401887,-327.033723,818.233908,-259.611274,-95.078652,272.875499,-95.078652,-292.045248,-48.823836,272.875499,-48.823836,1071.747557,568.706135,1.0,2.688573,0.956241,5.081658,3.0,133.0,1371.5550019949026,2.411711282127988,0.008794641111233542
44651.0,0.448212,-0.286361,-0.84682,0.752543,0.632158,0.184541,0.482479,-0.719982,0.498839,-171.131038,155.239861,-893.750117,3.595464,3.597394,3.592958,90.121549,89.932799,90.02635,129.134015,0.068211,0.061753,75.347628,0.923611,-1156.242837,295.423946,-94.134113,295.423946,88.362419,-174.896367,-94.134113,-174.896367,1508.536603,-383.729894,74.995704,101.048475,74.995704,166.53155,-152.982609,101.048475,-152.982609,1092.853905,667.824979,1.0,4.497821,1.048537,2.551198,3.0,133.0,1303.8440705193768,1.952373917597019,0.012257997026794261
44473.0,0.284645,-0.003272,-0.958627,0.89361,0.362922,0.2641,0.347042,-0.931814,0.106228,-50.001918,256.727591,-881.021067,3.594312,3.598263,3.593169,90.030735,90.004037,90.065024,149.15892,0.064296,0.070259,76.207087,0.880282,-392.693105,143.256427,-42.267976,143.256427,-433.099551,69.438989,-42.267976,69.438989,1248.884035,-729.097816,-164.90729,23.596711,-164.90729,-244.736337,-201.518966,23.596711,-201.518966,1436.843421,694.628425,1.0,4.443559,1.464368,2.78507,3.0,125.0,1981.938399153188,2.8532353814245193,0.011551182897202198
44804.0,-0.255462,-0.126009,0.958572,-0.550695,0.83388,-0.037144,-0.794654,-0.537369,-0.282417,168.69193,427.00231,-813.974459,3.596581,3.595049,3.595218,89.954915,89.974706,89.935052,59.802884,0.060666,0.052,120.55286,1.0,-9.72006,178.683093,-132.788884,178.683093,-321.226803,-64.936573,-132.788884,-64.936573,1060.999091,-209.495627,-34.200135,-12.169722,-34.200135,-66.746155,119.425544,-12.169722,119.425544,1035.623792,227.388715,1.0,1.532067,1.857109,4.117794,3.0,152.0,1185.1771169886101,5.212119330498043,0.008295116349790457
44091.0,-0.123478,0.150277,-0.980903,0.877787,0.477595,-0.037328,0.462864,-0.865633,-0.190884,549.680023,319.819962,-663.178336,3.592072,3.598714,3.591592,89.956632,89.949861,90.060368,126.703235,0.070385,0.063977,90.561788,0.986301,-815.16869,-464.684654,-235.557848,-464.684654,-805.5549,-584.36824,-235.557848,-584.36824,1107.024553,-56.695158,230.085349,-62.913513,230.085349,-350.467834,-353.20598,-62.913513,-353.20598,1245.592593,451.206273,1.0,4.750426,1.762859,2.650562,3.0,144.0,1516.9282154372997,3.3619395522838835,0.010890917922247735
44105.0,-0.047254,-0.100645,-0.9938,0.613312,0.782368,-0.108395,0.788426,-0.614631,0.024756,99.48395,479.933235,-869.537586,3.596935,3.590778,3.588255,89.915032,89.95171,90.095706,208.622695,0.086151,0.081255,72.884699,0.844595,-1611.841174,-865.214101,115.206823,-865.214101,-1451.905475,663.217174,115.206823,663.217174,764.93196,-1255.471065,167.952311,220.4553,167.952311,-9.680294,18.577495,220.4553,18.577495,919.32343,842.220624,1.0,4.821031,1.546037,2.232954,3.0,125.0,1905.3220360191287,2.2622600085118894,0.011588097523734029
44336.0,0.064625,0.991042,0.116872,-0.676994,-0.042503,0.73476,0.733146,-0.126605,0.668183,109.756105,24.039531,-845.388836,3.596372,3.59372,3.596015,89.990012,89.913715,90.019545,89.98909,0.057119,0.052873,97.502393,1.0,-262.264117,176.83166,115.570995,176.83166,-366.14616,-6.977247,115.570995,-6.977247,1152.278331,-306.632311,64.05179,206.722106,64.05179,-241.921475,-15.616389,206.722106,-15.616389,1159.981008,377.123482,1.0,2.983853,0.839033,1.741797,3.0,146.0,1447.6003402839815,3.8385314343379484,0.010256158533462865
45070.0,0.230834,-0.140668,0.962771,0.062305,0.9896,0.129649,-0.970996,0.030058,0.237198,399.581935,-212.571616,-936.625047,3.600538,3.596715,3.594291,90.074969,90.030769,90.066934,124.303388,0.066997,0.05777,132.241474,1.0,76.80835,-833.251794,-236.553488,-833.251794,296.812686,350.051851,-236.553488,350.051851,1661.991238,-665.153199,-4.081377,-304.347265,-4.081377,-159.675277,-47.018188,-304.347265,-47.018188,1458.850374,295.95121,1.0,1.704654,1.331316,4.743335,3.0,144.0,1940.2069900814936,6.555833950067289,0.007561924181214132
45304.0,-0.124752,0.983518,-0.130876,-0.165335,0.109456,0.980145,0.978316,0.143913,0.148955,-239.761554,99.768661,-939.573863,3.600587,3.591284,3.5928,89.946303,89.965932,89.98539,107.529205,0.066832,0.064317,91.868394,0.993151,-1056.507905,391.352397,-187.701637,391.352397,-486.074237,5.508599,-187.701637,5.508599,1667.40171,-511.407904,90.017624,-67.208685,90.017624,-283.648708,-169.699032,-67.208685,-169.699032,1584.523905,510.030242,1.0,3.274335,1.421285,1.424741,3.0,145.0,1999.6249927738306,3.920600835222298,0.01081058410578071
44135.0,0.223341,0.941983,0.250573,-0.625776,-0.058531,0.777803,0.747344,-0.330518,0.576398,191.418235,150.808643,-918.799392,3.598005,3.595436,3.59657,90.007001,89.960224,90.061996,90.620542,0.060038,0.057493,137.553729,1.0,31.129531,250.001851,-94.783945,250.001851,291.739959,-186.262068,-94.783945,-186.262068,1287.228924,-75.77336,33.263181,35.122693,33.263181,115.359808,-5.215322,35.122693,-5.215322,962.957549,288.852328,1.0,2.829936,0.956482,1.987193,3.0,148.0,958.5057598434262,3.3183245102439547,0.00726988651830733
44147.0,-0.083493,-0.965478,-0.246743,0.995303,-0.068619,-0.068292,0.049004,-0.251286,0.966672,457.822581,398.349276,-866.996213,3.593589,3.599794,3.601962,89.94016,90.026289,90.065795,145.135003,0.089612,0.07647,103.830991,1.0,1577.399343,800.026812,-556.10936,800.026812,-187.420038,-224.215547,-556.10936,-224.215547,1703.560109,-213.775858,-78.475712,-181.251185,-78.475712,-286.800472,-13.142036,-181.251185,-13.142036,1576.145448,436.638792,1.0,4.982405,0.258902,2.948999,3.0,142.0,1835.550747131402,4.20381968061922,0.009631035882148135
44329.0,0.061138,0.887457,0.456817,-0.906429,-0.14226,0.397679,0.41791,-0.438386,0.79572,65.825897,-405.438197,-698.062208,3.591698,3.595224,3.596413,90.026612,89.943846,89.982161,126.870479,0.070695,0.062464,81.337226,0.958904,55.940431,-269.88873,148.548308,-269.88873,-905.955694,324.107057,148.548308,324.107057,603.290041,-307.104437,137.283631,75.779314,137.283631,-449.255131,106.914518,75.779314,106.914518,995.167689,592.69127,1.0,2.287096,0.650602,2.380102,3.0,140.0,1388.6156440486031,2.3428987642227344,0.011789239037977519
44533.0,0.124331,-0.989572,-0.07273,0.08069,-0.062973,0.994748,-0.988955,-0.129546,0.072019,386.887001,-237.629407,-799.835522,3.600764,3.590868,3.59286,90.028671,90.004575,89.965546,75.594649,0.060636,0.050391,135.792019,1.0,-1141.14102,201.291908,-39.309538,201.291908,-489.121982,-91.925145,-39.309538,-91.925145,1705.636164,-288.200563,-15.867939,-186.976622,-15.867939,-430.343014,-140.245382,-186.976622,-140.245382,1579.119474,379.605939,1.0,3.214577,1.498715,4.582138,3.0,140.0,1952.8631943110563,5.144448475847098,0.007364203046424989
44346.0,0.047209,0.881343,0.470113,-0.844444,-0.216179,0.490082,0.533559,-0.42012,0.734039,182.819375,486.653092,-993.4128049999999,3.589085,3.595377,3.593807,90.071297,89.872806,90.031249,185.537356,0.083273,0.085972,71.947192,0.881944,-412.787047,-446.066393,-279.896933,-446.066393,-2062.096714,397.55113,-279.896933,397.55113,816.061047,-638.682226,-7.870851,-169.60891,-7.870851,-449.815961,1.549692,-169.60891,1.549692,1002.443287,635.001558,1.0,2.376988,0.746545,2.237803,3.0,126.0,1562.2528028722352,2.4602345981523324,0.012258212940402176
44350.0,0.041881,0.580578,0.813127,-0.88753,0.395372,-0.236584,-0.458843,-0.711766,0.531839,410.353245,-200.24958,-676.811458,3.596688,3.595521,3.594253,90.080071,90.007555,89.964345,91.298998,0.066589,0.06038,94.773605,0.993151,-664.862067,-180.071354,-38.727654,-180.071354,337.652079,76.248394,-38.727654,76.248394,950.015028,-252.164261,128.299752,-258.372241,128.299752,-60.639176,-45.22062,-258.372241,-45.22062,1130.735917,407.79003,1.0,1.287657,1.010026,3.714201,3.0,145.0,1322.18801449551,3.24232550387637,0.010479194075185806
44929.0,-0.411366,0.911405,-0.010895,-0.592481,-0.258297,0.763052,0.692636,0.320349,0.646245,446.178823,434.698483,-980.948804,3.597178,3.594051,3.596082,89.991213,89.952889,89.963646,128.553164,0.090114,0.087046,79.293751,0.907143,-280.279853,-3.46403,-160.679234,-3.46403,137.401768,-129.284827,-160.679234,-129.284827,1002.227497,-396.102274,-119.06709,-144.225614,-119.06709,-349.549254,-161.179088,-144.225614,-161.179088,1074.096912,553.284812,1.0,3.155869,0.868143,1.137591,3.0,127.0,1463.1910817196037,2.6445531306570618,0.011440283610747587
44379.0,0.014489,0.287061,0.957803,-0.817692,0.554708,-0.15388,-0.575474,-0.780958,0.242764,-274.206253,267.558003,-636.842652,3.593024,3.597201,3.593538,90.006865,90.089105,89.932869,147.003316,0.067377,0.069584,81.608909,0.934783,-300.119663,612.520971,135.724802,612.520971,-834.133996,-252.515672,135.724802,-252.515672,1005.307289,-672.772689,-27.962884,38.222609,-27.962884,-199.810391,-129.872212,38.222609,-129.872212,1257.382258,646.647344,1.0,1.411498,1.325582,3.776645,3.0,129.0,1746.606194067921,2.701018121042373,0.011454423438009691
45051.0,-0.275842,-0.026365,0.960841,-0.354754,0.931843,-0.076275,-0.893342,-0.361902,-0.266395,-283.26737,267.564333,-932.598556,3.59811,3.594299,3.594136,89.979509,89.931341,89.926213,75.030487,0.049815,0.048298,146.694549,1.0,-401.498496,-84.042412,-179.707698,-84.042412,-408.806527,-60.935893,-179.707698,-60.935893,1455.390151,-100.292993,-17.149993,127.830456,-17.149993,-213.91311,161.725696,127.830456,161.725696,1126.651492,198.386606,1.0,1.491579,1.840447,4.327485,3.0,142.0,1299.923204486722,6.552474638770331,0.00681688588169694
44470.0,-0.021813,0.982306,-0.186008,-0.589156,0.137685,0.796203,0.807725,0.126955,0.575728,565.314101,310.486419,-977.261082,3.598265,3.597114,3.595465,89.972397,89.957752,90.040142,169.869772,0.066254,0.066104,78.74715,0.813333,574.617877,492.529509,-163.340856,492.529509,244.011682,-219.577547,-163.340856,-219.577547,1023.367016,-207.180035,-81.779606,-9.164792,-81.779606,-566.03681,-173.278779,-9.164792,-173.278779,1464.483622,764.882031,1.0,3.371096,0.957302,1.414895,3.0,122.0,1884.336347470901,2.4635646689298434,0.010328411885382518
44948.0,0.355349,-0.020218,-0.934515,0.230621,0.970756,0.066691,0.905837,-0.239217,0.34962,-297.285183,3.885397,-847.147806,3.597287,3.592201,3.593418,90.031983,89.948692,89.991975,131.722421,0.062241,0.06263,83.329068,0.913043,-541.250688,286.195731,-46.606121,286.195731,-620.585092,334.341198,-46.606121,334.341198,795.551154,-533.048738,11.376496,119.042555,11.376496,-482.667431,16.413771,119.042555,16.413771,1086.902913,565.039526,1.0,4.641146,1.213631,1.828986,3.0,126.0,1598.7788530778485,2.8294991403448266,0.010957076827020315
44371.0,0.00765,0.202524,0.979247,-0.994335,0.105359,-0.014022,-0.106012,-0.973593,0.202183,-281.37588,258.649414,-857.915065,3.597183,3.600173,3.595903,90.030959,89.915435,89.992509,134.797423,0.058176,0.062691,144.025762,1.0,276.135787,-736.830344,-65.016507,-736.830344,695.408918,-178.233237,-65.016507,-178.233237,1541.713142,-345.264033,-21.706684,-190.938619,-21.706684,-234.681881,-73.666971,-190.938619,-73.666971,1452.476678,257.279625,1.0,1.556478,1.36721,3.250053,3.0,138.0,1754.1575496506891,6.818097428627273,0.006943202286268759
44372.0,0.006831,0.149751,0.9887,-0.996179,0.087103,-0.00631,-0.087064,-0.984879,0.149774,498.529619,-340.391951,-861.0606319999999,3.592592,3.600203,3.59152,90.018905,89.98936,90.011416,100.216665,0.074025,0.062892,101.584902,1.0,-889.472567,-61.204436,-205.178995,-61.204436,-562.952246,-295.231768,-205.178995,-295.231768,1478.758327,-793.525738,-113.34978,-249.372406,-113.34978,-395.165292,-65.757763,-249.372406,-65.757763,1595.675412,571.216804,1.0,1.564414,1.420457,3.229764,3.0,138.0,2230.410070832763,3.9046646653496606,0.009843982524095954
44400.0,-0.026695,0.94716,0.319648,-0.992982,-0.061979,0.100724,0.115213,-0.314716,0.942168,94.049145,-355.619683,-783.139394,3.596215,3.593198,3.599841,90.030699,90.018527,89.993801,81.99757,0.058839,0.050011,169.900663,1.0,-401.701028,62.544537,346.407612,62.544537,459.514007,269.443998,346.407612,269.443998,1342.362012,-404.866606,-1.370266,358.15262,-1.370266,-223.935156,77.912765,358.15262,77.912765,1354.50176,163.417751,1.0,1.876055,0.341756,2.790661,3.0,140.0,1706.0326342657963,10.439702075362646,0.005885792217302883
44882.0,-0.334026,0.040362,0.941699,-0.549057,0.803743,-0.229202,-0.766135,-0.593606,-0.24631,-173.529053,200.274692,-678.759718,3.59659,3.595904,3.59281,89.982787,90.005611,89.9715,72.212705,0.047404,0.045032,121.783884,1.0,-382.738746,282.34349,235.907269,282.34349,48.646337,-65.0283,235.907269,-65.0283,635.216148,-112.567844,8.153139,55.00858,8.153139,-122.717142,-30.71562,55.00858,-30.71562,1000.288525,268.939261,1.0,1.332046,1.819667,4.0532,3.0,142.0,1119.3185057613414,4.161975092812281,0.008211267100004792
44529.0,-0.130272,0.058046,0.989778,-0.811584,0.567193,-0.140082,-0.569526,-0.821537,-0.02678,106.137486,328.034752,-707.274923,3.601339,3.598359,3.593293,89.980415,89.999549,90.012893,141.190654,0.062797,0.055821,146.650069,1.0,-339.364711,388.22514,-51.058124,388.22514,1602.590527,356.70049,-51.058124,356.70049,1176.722512,-234.484998,-8.27444,27.307962,-8.27444,140.872903,56.619613,27.307962,56.619613,1075.361939,736.992499,1.0,1.430201,1.59758,3.747771,3.0,146.0,1169.592293963773,1.5869799157396487,0.006818953491252704
44309.0,0.116553,-0.990114,0.078035,0.913686,0.137694,0.382385,-0.38935,0.026731,0.920702,-47.375029,473.822399,-660.41003,3.594788,3.592378,3.60042,90.01197,89.993872,90.020523,115.825117,0.058235,0.06562,103.880056,1.0,-576.022504,341.90543,159.762064,341.90543,211.049754,577.043194,159.762064,577.043194,1301.173858,-468.545889,61.550892,35.410413,61.550892,-35.577823,327.129155,35.410413,327.129155,1236.106794,729.967018,1.0,2.940283,0.400921,4.780937,3.0,140.0,1561.8206877724597,2.139577062059069,0.009626486916795655
44287.0,0.087816,-0.989552,0.114349,0.978557,0.107167,0.175903,-0.18632,0.09645,0.977743,254.626064,464.352164,-860.556503,3.591841,3.590368,3.600045,89.939658,90.052544,89.980424,124.346199,0.057021,0.058028,100.297087,1.0,-1336.424642,-218.224806,-205.295406,-218.224806,-843.098259,41.800727,-205.295406,41.800727,1631.416652,-697.010378,224.00868,235.757595,224.00868,-375.814094,165.601462,235.757595,165.601462,1487.334271,463.543573,1.0,2.565168,0.211375,5.190064,3.0,146.0,2067.078674515149,4.4592974531763145,0.009970379299251233
44463.0,-0.087247,0.943028,0.32107,-0.93443,-0.189185,0.301745,0.345296,-0.273691,0.897699,374.369995,-213.9813,-678.795209,3.59397,3.591745,3.599183,90.033461,89.991146,90.038895,95.047606,0.059402,0.057828,87.720503,0.985915,-740.492344,453.797392,240.322229,453.797392,-234.852227,313.123061,240.322229,313.123061,1163.327167,-425.910152,138.410436,297.932274,138.410436,-196.556508,247.612622,297.932274,247.612622,1247.973171,426.694635,1.0,2.325176,0.456277,2.241026,3.0,140.0,1611.6767845062482,3.7771198705281313,0.011239276637526805
44536.0,0.331384,-0.095469,-0.938654,0.782501,0.583651,0.216894,0.52714,-0.806373,0.268117,395.830215,397.704931,-797.226216,3.588172,3.595952,3.590772,89.994373,89.864351,90.145688,227.804218,0.070272,0.078935,80.152554,0.938356,-1816.762694,-1230.945585,-57.201464,-1230.945585,-1805.280275,-186.576677,-57.201464,-186.576677,1022.212266,-588.191007,113.502178,-148.828701,113.502178,-280.987629,-72.516905,-148.828701,-72.516905,1109.329859,621.13441,1.0,4.485306,1.299358,2.562609,3.0,136.0,1576.2884992352979,2.5377574867174046,0.011707125389915835
44906.0,-0.142801,0.451447,-0.880797,-0.306568,0.825977,0.473052,0.941076,0.337576,0.020449,-313.644472,-270.4105,-916.880277,3.598366,3.59293,3.591066,89.990068,90.056517,89.994698,194.877511,0.1112,0.115537,68.385306,0.808824,-1073.95469,125.82415,209.389861,125.82415,-290.048793,-611.236692,209.389861,-611.236692,846.661313,-739.30728,356.997053,-142.924427,356.997053,20.690271,-320.57401,-142.924427,-320.57401,1098.103003,831.411279,1.0,4.219525,1.550346,1.226381,3.0,110.0,1656.8726559444763,1.9928436115725057,0.011827453108128229
44615.0,-0.25218,0.954908,0.156704,-0.879823,-0.29368,0.373717,0.402886,-0.043628,0.91421,264.674591,304.853987,-787.585877,3.592587,3.593636,3.597797,90.042495,89.90777,89.962009,92.697885,0.05351,0.048131,137.625461,1.0,-631.969381,-553.420788,-128.767804,-553.420788,-648.472117,52.605775,-128.767804,52.605775,1223.269165,-88.181857,31.37061,40.95976,31.37061,0.540214,111.173782,40.95976,111.173782,1212.346666,199.762231,1.0,2.74455,0.417243,1.678664,3.0,136.0,1262.9831872397863,6.322432328260222,0.007266097368422257
