$MeshFormat
2.2 0 8
$EndMeshFormat
$MeshVersion
2.3
$EndMeshVersion
$Domain
cube
$EndDomain
$Nodes
1898
1 0.167892203629 -0.020000000000 -0.020000000000
2 0.440277862861 0.451588468038 0.328870196337
3 0.258663402553 0.286178987886 -0.020000000000
4 -0.020000000000 -0.020000000000 -0.020000000000
5 0.262556661337 -0.020000000000 0.192240786725
6 0.373798544784 -0.020000000000 -0.020000000000
7 0.213277803091 0.133089493943 -0.020000000000
8 0.475166604946 0.328063146469 -0.020000000000
9 0.349470632707 0.368883727962 0.154435098168
10 -0.020000000000 0.200971268420 -0.020000000000
11 -0.020000000000 -0.020000000000 0.160054498915
12 0.377630120190 0.175951056639 -0.020000000000
13 0.300641245698 0.189882596438 0.152317519567
14 -0.020000000000 0.140684985219 0.145536553310
15 -0.020000000000 0.293728433827 0.137491000022
16 0.152713423922 -0.020000000000 0.256534732003
17 0.073946101815 0.090485634210 -0.020000000000
18 0.428875477870 0.174019781137 0.066158759784
19 0.375980182284 0.084941298219 0.137075414798
20 0.339135682944 0.182916826538 0.066158759784
21 0.295453961641 0.154520275291 -0.020000000000
22 0.256959524395 0.161486045191 0.066158759784
23 0.279652324126 0.238030792162 0.066158759784
24 0.235970602822 0.209634240915 -0.020000000000
25 0.318146761372 0.231065022262 -0.020000000000
26 0.337219895241 0.084941298219 0.066158759784
27 0.375714332487 0.077975528319 -0.020000000000
28 0.293538173938 0.056544746971 -0.020000000000
29 0.349695368326 0.202838415229 0.259496702230
30 0.425034304911 0.097897117010 0.244254597461
31 0.491190328433 0.430665857980 0.246464120274
32 0.419513676907 0.333691351029 0.347773040615
33 0.470426142479 0.312768740970 0.265366964552
34 0.394874247784 0.410236098000 0.241652647253
35 0.374110061830 0.292338980990 0.260555491531
36 0.445786713356 0.389313487942 0.159246571190
37 0.421372019852 0.299812922180 0.158187781889
38 0.325055939203 0.279383162200 0.153376308868
39 0.412558831827 -0.020000000000 0.050916655014
40 0.318177603061 -0.020000000000 0.086120393363
41 0.270845374207 -0.020000000000 -0.020000000000
42 0.215224432483 -0.020000000000 0.086120393363
43 0.237917232214 0.056544746971 0.086120393363
44 0.190585003360 0.056544746971 -0.020000000000
45 0.467369915116 0.167054011237 -0.020000000000
46 0.414474619529 0.077975528319 0.050916655014
47 0.281598953518 0.084941298219 0.172279153146
48 0.356937890103 -0.020000000000 0.157037048377
49 0.412318618827 0.348473437216 0.067217549084
50 0.387903925322 0.258972871454 0.066158759784
51 0.426398362568 0.252007101554 -0.020000000000
52 0.366915003750 0.307121067178 -0.020000000000
53 0.304067017630 0.327531357924 0.067217549084
54 0.359701548258 0.390316837694 0.363037680684
55 0.143611952453 0.111787564076 -0.020000000000
56 0.168251381576 0.035242817105 0.086120393363
57 0.120919152722 0.035242817105 -0.020000000000
58 0.140320622849 0.234202032917 0.236776847731
59 0.140320622849 0.150385668054 0.223377582299
60 -0.020000000000 0.125786862445 0.219987099170
61 0.140320622849 0.165283790829 0.148927036439
62 -0.020000000000 0.209603227308 0.233386364602
63 -0.020000000000 -0.020000000000 0.250081748372
64 -0.020000000000 0.045444369835 0.227246071972
65 0.066356711961 -0.020000000000 0.298321864916
66 0.066356711961 0.045444369835 0.275486188516
67 0.066356711961 -0.020000000000 0.208294615459
68 -0.020000000000 0.060342492610 0.152795526112
69 -0.020000000000 -0.020000000000 0.070027249457
70 -0.020000000000 0.060342492610 0.062768276655
71 0.026973050907 0.115585309715 0.062768276655
72 0.026973050907 0.035242817105 -0.020000000000
73 0.026973050907 0.035242817105 0.070027249457
74 0.314297933181 0.348964467656 0.275820131600
75 0.140320622849 0.241805515133 0.144904259795
76 -0.020000000000 0.286124951612 0.229363587958
77 0.129562616827 0.311386820589 0.267348082527
78 0.289883239676 0.259463901894 0.274761342300
79 0.066356711961 0.060342492610 0.201035642656
80 0.113329762868 0.035242817105 0.118267366001
81 0.363564885718 0.483476024242 0.270725163614
82 0.282988571114 0.422204393897 0.304892647962
83 0.164735316353 0.331306080895 0.145963049095
84 0.164735316353 0.405261345216 0.180676641614
85 0.234401166992 0.416715062267 0.067217549084
86 0.049665850638 0.379137415200 0.058745500011
87 -0.020000000000 0.367683698149 0.172204592540
88 0.049665850638 0.332758832496 -0.020000000000
89 -0.020000000000 0.311456902630 -0.020000000000
90 -0.020000000000 0.247349851124 0.058745500011
91 -0.020000000000 0.357835485333 0.058745500011
92 0.119331701277 0.289953710857 0.058745500011
93 0.129562616827 0.385342084910 0.302061675045
94 0.096638901546 0.167030381181 -0.020000000000
95 0.096638901546 0.213408963885 0.058745500011
96 0.026973050907 0.145728451315 -0.020000000000
97 0.026973050907 0.192107034019 0.058745500011
98 0.188997551915 0.375362692229 -0.020000000000
99 0.160302813776 -0.020000000000 0.118267366001
100 0.073946101815 -0.020000000000 0.070027249457
101 -0.020000000000 0.170828126819 0.062768276655
102 -0.020000000000 0.090485634210 -0.020000000000
103 0.207635042630 -0.020000000000 0.224387759364
104 0.226677334810 0.084941298219 0.204426125785
105 0.073946101815 -0.020000000000 -0.020000000000
106 0.318161270641 0.442123654204 0.183507614530
107 0.119331701277 0.243575128153 -0.020000000000
108 -0.020000000000 0.217206709523 0.141513776666
109 0.096638901546 0.136887239581 0.062768276655
110 0.121278330669 0.060342492610 0.168888670018
111 0.359180362272 0.499073272900 0.142785451655
112 0.340023231934 0.449146891077 0.067217549084
113 0.294619616857 0.407794521039 -0.020000000000
114 0.455496442921 0.519503032879 0.147596924676
115 0.414477351290 0.462553414183 0.188319087551
116 0.432090953822 0.556660674638 -0.020000000000
117 0.402871218053 0.428736600331 -0.020000000000
118 0.436339312583 0.469576651057 0.072029022106
119 0.357221119045 -0.020000000000 0.404481573450
120 -0.020000000000 -0.020000000000 0.520163496744
121 0.398749490953 0.215794234019 0.366675884894
122 -0.020000000000 0.370474490938 0.490340495378
123 -0.020000000000 0.175237245469 0.505251996061
124 0.168610559522 -0.020000000000 0.462322535097
125 0.279859263606 -0.020000000000 0.609654382300
126 -0.020000000000 -0.020000000000 0.340108997829
127 0.129336389387 0.330151299288 0.447763491885
128 0.279125233654 0.329045207350 0.397205165032
129 0.213116223965 0.166193860369 0.434571154342
130 0.312249788410 0.319638831824 0.607465371588
131 0.376343681116 0.367324847894 0.462990629982
132 0.325584624384 0.166376555305 0.532964036232
133 0.436044251766 -0.020000000000 0.583496565604
134 -0.020000000000 0.278521469396 0.321236175895
135 -0.020000000000 0.110888739671 0.294437645030
136 0.437387484369 0.080648860483 0.407730838648
137 0.424428158329 -0.020000000000 0.342933562450
138 0.377985304999 0.097897117010 0.385578729172
139 0.445192344283 0.097897117010 0.324030718172
140 0.458151670323 0.198545977492 0.388827994369
141 0.309888890191 -0.020000000000 0.298361180088
142 0.377095929475 -0.020000000000 0.236813169088
143 0.330653076145 0.097897117010 0.279458335809
144 0.269350424174 0.166285207837 0.483767595287
145 0.290317728303 0.172242802456 0.626013389004
146 0.234083528093 0.172151454988 0.576816948059
147 0.246487743785 0.073096930184 0.522112768321
148 0.302721943995 0.073188277652 0.571309209266
149 0.320121197757 0.404126573765 0.586921020426
150 0.268206444049 0.397666596955 0.508760695039
151 0.303558920380 0.408829761528 0.481790917148
152 0.251644166672 0.402369784718 0.403630591761
153 0.295687511032 0.324342019587 0.502335268310
154 0.096558111982 0.129963428463 0.530175803654
155 0.096558111982 0.198653283464 0.543943799199
156 0.096558111982 0.170715552919 0.469911575202
157 -0.020000000000 0.203174976014 0.579284220058
158 -0.020000000000 0.134485121014 0.565516224513
159 0.387546586034 0.291559540956 0.414833257438
160 0.408310771988 0.409456657966 0.395930413160
161 0.338937362304 0.272419720684 0.381940524963
162 0.327734457385 0.348185027622 0.430097897507
163 0.171226306676 0.248172579828 0.441167323114
164 0.192193610804 0.254130174448 0.583413116830
165 0.262683006187 0.242916346096 0.521018262965
166 0.220793088898 0.324895065556 0.527614431736
167 0.074305279761 0.036866498279 0.544051494031
168 0.190863391744 0.073096930184 0.448446844720
169 0.074305279761 0.077618622734 0.483787265579
170 0.318917206397 0.243007693564 0.570214703910
171 0.054668194693 0.354687999801 0.591535342539
172 0.054668194693 0.280632002923 0.550539967970
173 0.195151747118 0.372440745727 0.594125365509
174 0.180097002675 0.439443117397 0.594123906069
175 0.054668194693 0.252694272378 0.476507743973
176 0.039613450250 0.421690371471 0.591533883098
177 0.114281644943 0.397153670958 0.447762032444
178 0.205738344454 0.391897437226 0.527612972295
179 -0.020000000000 0.374849595626 0.612823844285
180 0.054668194693 0.350312895113 0.469051993631
181 -0.020000000000 0.272855868203 0.497796245719
182 -0.020000000000 0.300793598748 0.571828469716
183 0.246120728809 0.247619533859 0.415888159687
184 0.302354929019 0.247710881327 0.465084600632
185 0.362167057668 0.191085394662 0.449819960563
186 0.305932857459 0.190994047194 0.400623519618
187 0.341402871714 0.073188277652 0.468722804841
188 0.285168671505 0.073096930184 0.419526363896
189 -0.020000000000 0.036866498279 0.572971974855
190 0.350964152750 0.266850701599 0.497977333107
191 0.344296734763 0.343481839859 0.535228000785
192 0.352168144110 0.427969581800 0.514683649623
193 0.133552549036 -0.020000000000 0.560088859385
194 0.074305279761 -0.020000000000 0.491243015921
195 -0.020000000000 0.077618622734 0.512707746403
196 0.304780313147 0.434691998847 0.381792764819
197 0.204230811520 0.329598253319 0.422484328458
198 0.155805381257 0.073096930184 0.546213169007
199 0.224234911564 -0.020000000000 0.535988458698
200 0.189176901078 -0.020000000000 0.633754782986
201 0.176749744538 0.402922830687 0.428909755187
202 0.318540191326 -0.020000000000 0.507067977875
203 0.262915839284 -0.020000000000 0.433402054273
204 0.380814438075 0.073188277652 0.558230300918
205 0.396632685405 -0.020000000000 0.493989069527
206 0.421569237039 0.173837138135 0.471972070039
207 0.476799050730 0.080648860483 0.497238334725
208 0.447976891634 0.142800495556 0.649568053507
209 0.357951757686 -0.020000000000 0.596575473952
210 0.414901819052 0.250468276395 0.509222737716
211 0.446948765405 0.274311284430 0.436985366914
212 0.441309473647 0.219431633816 0.686818721184
213 0.543961504289 0.150261078387 0.588576087313
214 0.534788435613 0.378074628391 0.653988936194
215 -0.020000000000 0.194705104533 0.307836910462
216 -0.020000000000 0.045444369835 0.317273321430
217 0.054668194693 0.304336384342 0.384499833890
218 0.096558111982 0.222357664882 0.377903665119
219 0.129562616827 0.303783338373 0.359220670463
220 0.254967271484 -0.020000000000 0.330508152726
221 0.160661991722 -0.020000000000 0.359428633550
222 0.182914823943 0.073096930184 0.345552943173
223 0.096558111982 0.138541300020 0.364504399686
224 0.256878734832 0.178038228404 0.293444336955
225 0.237836442651 0.073096930184 0.313405970534
226 0.054668194693 0.385895130879 0.327340838472
227 -0.020000000000 0.413408107659 0.426672682738
228 0.054668194693 0.393246511834 0.405384180991
229 -0.020000000000 0.226879357433 0.413244085978
230 -0.020000000000 0.143062992570 0.399844820545
231 -0.020000000000 0.360080215933 0.264077180477
232 0.074305279761 0.045444369835 0.378380090063
233 0.074305279761 -0.020000000000 0.401215766463
234 -0.020000000000 0.324497980167 0.405788335636
235 -0.020000000000 0.077618622734 0.422680496945
236 -0.020000000000 0.367431596888 0.342120522996
237 -0.020000000000 -0.020000000000 0.430136247287
238 0.125135552729 -0.020000000000 1.020000000000
239 -0.020000000000 -0.020000000000 1.020000000000
240 0.572567776365 -0.020000000000 1.020000000000
241 0.348851664547 -0.020000000000 1.020000000000
242 0.275377186276 -0.020000000000 0.898729440792
243 0.425618819824 -0.020000000000 0.777458881585
244 0.266639433886 0.130655556005 1.020000000000
245 -0.020000000000 -0.020000000000 0.686775664496
246 -0.020000000000 -0.020000000000 0.853387832248
247 -0.020000000000 0.150570839850 1.020000000000
248 0.202497408168 -0.020000000000 0.814827191150
249 0.525601774316 -0.020000000000 0.865236921521
250 0.485012650088 0.134996768399 1.020000000000
251 0.424603688565 0.131352038151 0.893024001275
252 0.570369158885 0.119224435808 0.766172070781
253 -0.020000000000 0.102315030763 0.763394663473
254 -0.020000000000 0.099146457529 0.900405899757
255 -0.020000000000 0.093732996558 0.625780452966
256 0.098494538549 -0.020000000000 0.657855183672
257 0.255050832221 0.178109049608 0.719062741776
258 0.187975216507 0.121663103672 0.884125897238
259 0.573114806128 0.049612217904 0.711180196579
260 0.550731113844 -0.020000000000 0.760712621949
261 0.547985466600 0.049612217904 0.815704496151
262 0.497993989354 0.049612217904 0.771815476183
263 0.475610297070 -0.020000000000 0.821347901553
264 0.500739636597 -0.020000000000 0.716823601981
265 0.497486423725 0.125288236979 0.829598036028
266 0.475102731441 0.055676019075 0.879130461398
267 0.505307212202 0.057498384199 0.942618460760
268 0.454808169327 0.133174403275 0.956512000637
269 0.527690904486 0.127110602103 0.893086035391
270 0.610998748213 0.060338019253 0.942618460760
271 0.590704186099 0.137836403453 1.020000000000
272 0.528790213226 0.057498384199 1.020000000000
273 0.634481749237 0.060338019253 1.020000000000
274 0.549084775340 -0.020000000000 0.942618460760
275 0.387235242185 -0.020000000000 0.898729440792
276 0.425111254194 0.055676019075 0.835241441430
277 0.386727676556 0.055676019075 0.956512000637
278 0.437226719432 -0.020000000000 0.942618460760
279 0.312114425412 -0.020000000000 0.959364720396
280 0.349990437421 0.055676019075 0.895876721034
281 0.271008310081 0.055327778003 0.959364720396
282 0.345621561226 0.131003797078 0.956512000637
283 0.307745549216 0.055327778003 1.020000000000
284 0.633382440497 0.129950237157 0.893086035391
285 0.568363903404 0.196880744261 0.826664853830
286 0.200256369503 -0.020000000000 0.959364720396
287 0.236993608638 -0.020000000000 1.020000000000
288 0.195887493308 0.055327778003 1.020000000000
289 0.615355965895 -0.020000000000 0.858887162581
290 0.375826041987 0.132826162202 1.020000000000
291 0.416932157317 0.057498384199 1.020000000000
292 0.460709720456 -0.020000000000 1.020000000000
293 0.350498003050 -0.020000000000 0.838094161189
294 0.267455047914 0.079054524804 0.664358562038
295 -0.020000000000 0.039573228764 0.876896866003
296 0.083987608253 0.110404780600 0.892265898498
297 0.083987608253 0.050831551836 0.868756864743
298 -0.020000000000 0.041157515382 0.808391247860
299 0.083987608253 0.111989067218 0.823760280356
300 -0.020000000000 0.100730744146 0.831900281615
301 -0.020000000000 0.162422851558 0.639548448510
302 -0.020000000000 0.169676832179 0.816243051877
303 -0.020000000000 0.166713868661 0.708355553764
304 0.117525416111 0.140212040186 0.741228702625
305 0.117525416111 0.207573841601 0.794077091029
306 -0.020000000000 0.098024013661 0.694587558219
307 0.117525416111 0.135921023083 0.672421597371
308 0.059350283028 0.132171735907 0.960202949879
309 -0.020000000000 0.168092545561 0.884748670019
310 0.083987608253 0.179350868633 0.876608668760
311 0.163337891281 0.143430058979 0.952062948619
312 0.052567776365 0.039573228764 0.960202949879
313 0.156555384618 0.050831551836 0.952062948619
314 0.052567776365 -0.020000000000 0.936693916124
315 0.131918059392 0.072598507143 1.020000000000
316 -0.020000000000 -0.020000000000 0.770081748372
317 -0.020000000000 0.041157515382 0.725085163984
318 0.039247269275 -0.020000000000 0.755621507960
319 0.039247269275 0.041157515382 0.710624923573
320 0.039247269275 -0.020000000000 0.672315424084
321 0.150495973358 -0.020000000000 0.736341187411
322 0.195236312337 0.050831551836 0.849476544194
323 0.143234877528 0.050831551836 0.770990540455
324 0.091248704084 0.041157515382 0.789110927311
325 -0.020000000000 0.039573228764 0.960202949879
326 -0.020000000000 0.124858648689 0.960202949879
327 -0.020000000000 0.065285419925 1.020000000000
328 0.052567776365 -0.020000000000 1.020000000000
329 0.052567776365 0.065285419925 1.020000000000
330 0.091248704084 -0.020000000000 0.834107511699
331 0.163816480448 -0.020000000000 0.917413595575
332 0.196099127473 0.202689951360 0.878456671395
333 0.221513024364 0.149886076640 0.801594319507
334 -0.020000000000 0.036866498279 0.656278058731
335 0.039247269275 0.036866498279 0.641817818319
336 -0.020000000000 -0.020000000000 0.603469580620
337 0.039247269275 -0.020000000000 0.589009340208
338 -0.020000000000 -0.020000000000 0.936693916124
339 0.176772685385 0.079054524804 0.688458962724
340 0.228774120195 0.079054524804 0.766944966463
341 0.241178335887 -0.020000000000 0.712240786725
342 0.339827260393 0.154730543879 0.806043371525
343 0.340334826022 0.079054524804 0.748260811681
344 0.265214009249 0.079054524804 0.808896091284
345 0.503206705325 0.049612217904 0.674834318193
346 0.345547541994 0.079054524804 0.651279653690
347 0.412709995553 0.148666742708 0.742617406279
348 0.430831535795 -0.020000000000 0.680477723595
349 0.352739041715 -0.020000000000 0.693556631942
350 0.505952352568 -0.020000000000 0.619842443991
351 0.231676201392 0.050831551836 0.891427669015
352 0.238937297222 -0.020000000000 0.856778315971
353 0.306289452536 0.126507570911 0.888574949257
354 0.227307325197 0.126159329839 0.952062948619
355 0.314058113996 -0.020000000000 0.796143036367
356 0.165830592707 0.535591042855 1.020000000000
357 -0.020000000000 0.491712519549 1.020000000000
358 0.340937420924 0.551268103243 1.020000000000
359 -0.020000000000 0.516378925168 0.838476331565
360 0.408143315043 0.281311112010 1.020000000000
361 -0.020000000000 0.321141679699 1.020000000000
362 0.138700566055 0.165197014285 1.020000000000
363 0.152265579381 0.350394028570 1.020000000000
364 0.566358647923 0.274537052714 0.887157636878
365 -0.020000000000 0.379224700314 0.735307193192
366 -0.020000000000 0.237038633594 0.869091440282
367 -0.020000000000 0.231112706558 0.653316444055
368 -0.020000000000 0.382724033797 0.890281275163
369 0.260967104850 0.414730192167 0.740487239134
370 0.204223038439 0.283716799047 0.872787445552
371 0.203612930939 0.430975062161 0.902302418901
372 0.313910589690 0.380197751783 1.020000000000
373 0.369994394121 0.570187992409 0.931848411344
374 0.253384006815 0.543429573049 1.020000000000
375 0.283049309214 0.561107443225 0.937433629424
376 0.428490835033 0.559106633438 1.020000000000
377 0.102580598752 0.543662854187 0.846671795207
378 0.072915296354 0.525984984012 0.929238165782
379 -0.020000000000 0.504045722359 0.929238165782
380 0.072915296354 0.513651781202 1.020000000000
381 -0.020000000000 0.577163555049 0.949582693523
382 0.048513946834 0.537644759773 0.796488697943
383 -0.020000000000 0.579760432958 1.020000000000
384 0.515494434689 0.284414114528 1.020000000000
385 0.478895255622 0.356638890012 1.020000000000
386 0.487250981483 0.277924082362 0.953578818439
387 0.553929102211 0.211256942723 1.020000000000
388 0.525685649006 0.204766910556 0.953578818439
389 0.446577982566 0.208153940204 1.020000000000
390 0.495481168244 0.202944545432 0.890090819076
391 0.416373501804 0.206331575080 0.956512000637
392 0.337391374465 0.205983334008 1.020000000000
393 0.066132789691 0.421053274060 1.020000000000
394 0.159048086044 0.442992535713 1.020000000000
395 0.177939255160 0.390684545366 0.961151209451
396 0.184721761823 0.483283052508 0.961151209451
397 0.091806465470 0.461343790855 0.961151209451
398 -0.020000000000 0.279090156647 0.944545720141
399 -0.020000000000 0.235856259774 1.020000000000
400 -0.020000000000 0.193804736722 0.944545720141
401 0.059350283028 0.201117823940 0.944545720141
402 0.059350283028 0.157883927067 1.020000000000
403 0.059350283028 0.243169346992 1.020000000000
404 -0.020000000000 0.234075670076 0.761203942168
405 0.117525416111 0.204610878083 0.686189592915
406 0.283650310316 0.248873940716 0.663264056682
407 -0.020000000000 0.309881333696 0.879686357722
408 -0.020000000000 0.308131666954 0.802199316737
409 -0.020000000000 0.380974367056 0.812794234178
410 0.092111519220 0.333220416422 0.881534360358
411 0.092111519220 0.331470749681 0.804047319372
412 0.092111519220 0.260377716321 0.870939442917
413 0.091806465470 0.473676993665 0.870389375233
414 -0.020000000000 0.305168703436 0.694311818624
415 0.146124894205 0.275375769191 0.630390907821
416 0.146124894205 0.349431766069 0.671386282390
417 0.120483552425 0.396977446240 0.737897216163
418 0.286608446630 0.367184511995 0.673976305361
419 0.048513946834 0.469067647346 0.744904128757
420 -0.020000000000 0.447801812741 0.786891762379
421 -0.020000000000 0.437218276673 0.955140637581
422 -0.020000000000 0.449551479483 0.864378803364
423 0.091806465470 0.406849547979 0.896291847032
424 0.066132789691 0.293716331082 0.944545720141
425 0.145483072718 0.257795521428 1.020000000000
426 0.171461802247 0.224456906666 0.946393722776
427 0.178244308910 0.317055413809 0.946393722776
428 0.066132789691 0.366559031184 0.955140637581
429 -0.020000000000 0.351932856748 0.955140637581
430 0.066132789691 0.335767854135 1.020000000000
431 0.214387064222 0.500960922684 0.878584838875
432 0.160320412304 0.494942828269 0.828401741611
433 0.232290017895 0.422852627164 0.821394829018
434 0.232595071645 0.349223495607 0.806637342343
435 0.117525416111 0.278666874961 0.727184967484
436 0.229636935330 0.230912924328 0.795925093664
437 0.258008968536 0.296419620887 0.729774990455
438 0.091806465470 0.405099881238 0.818804806047
439 0.203917984689 0.357345930604 0.887544932227
440 0.048513946834 0.470817314087 0.822391169742
441 -0.020000000000 0.406427099624 1.020000000000
442 0.092111519220 0.257414752803 0.763051944803
443 0.342785396708 0.273041115159 0.816755620204
444 0.413662876387 0.344633622440 0.813822438006
445 0.410704740072 0.226323051161 0.803110189327
446 0.439304218166 0.297087942269 0.747311504233
447 0.306183176741 0.282513955529 0.946393722776
448 0.385290843181 0.279126925880 0.879972541215
449 0.334555209947 0.348020652088 0.880243619567
450 0.445292308562 0.491617385629 1.020000000000
451 0.474349281759 0.510537274795 0.931848411344
452 0.482705007620 0.431822467145 0.865427229783
453 0.431778892946 0.406082209899 1.020000000000
454 0.440134618807 0.327367402249 0.953578818439
455 0.356480978504 0.484652816679 0.931848411344
456 0.500135790766 0.448026639856 0.784730719195
457 0.373081361009 0.470577529411 0.644884586550
458 0.526917026265 0.293586886450 0.674533287355
459 0.258761760315 0.405586406972 0.961151209451
460 0.301332149128 0.510041471868 0.872999620794
461 0.330009236083 0.501919036871 0.792092030911
462 0.287438847270 0.397463971975 0.880243619567
463 0.327424005307 0.465732927513 1.020000000000
464 0.272275175932 0.491121582702 0.961151209451
465 0.361026952367 0.330754431897 1.020000000000
466 0.239870591199 0.457894397319 1.020000000000
467 0.233088084536 0.365295890177 1.020000000000
468 0.347440019229 0.518123209582 0.711395520323
469 0.259066814065 0.331957275415 0.946393722776
470 0.202669999971 0.147926285145 1.020000000000
471 0.209452506634 0.240524792288 1.020000000000
472 0.235431236163 0.207186177526 0.946393722776
473 0.314413363502 0.207534418599 0.882905723414
474 0.290275011788 0.255426653894 1.020000000000
475 0.343822407099 0.641658263909 0.524601776546
476 -0.020000000000 0.565711736407 0.475428994695
477 0.191066454151 1.020000000000 0.606911817601
478 0.284491802302 0.606302523558 0.689734517697
479 -0.020000000000 1.020000000000 0.604000000000
480 -0.020000000000 0.541045330788 0.656952663130
481 0.372692360376 1.020000000000 0.574696835181
482 0.197771601038 0.840315369260 0.709261509064
483 0.266661419236 0.787604342489 0.598263363750
484 0.433912933608 0.621516226998 0.682303801512
485 -0.020000000000 0.739578516284 0.748330522338
486 -0.020000000000 0.808020407884 0.477880958422
487 -0.020000000000 0.703961489044 0.602437619324
488 -0.020000000000 0.863140555806 0.676995711724
489 0.117027893668 0.558910594377 0.754501064322
490 0.146577091711 0.591568315753 0.563555172128
491 0.099226900499 0.464156042628 0.447760573003
492 0.327992607105 0.488614315706 0.566376669265
493 0.456518672583 0.651554812049 0.542681148569
494 0.388867670353 0.631587245453 0.603452789029
495 0.461461451971 0.710586320390 0.590975499691
496 0.416416188717 0.720657338846 0.512124487209
497 0.275576610769 0.696953433023 0.643998940724
498 0.314157104700 0.623980393733 0.607168147122
499 0.305241913168 0.714631303199 0.561432570148
500 0.350287176422 0.704560284743 0.640283582631
501 0.359202367955 0.613909375278 0.686019159604
502 0.427021985434 1.020000000000 0.717405420639
503 0.471490204702 0.747122138376 0.786642588841
504 0.290879374210 0.903802171245 0.690847181447
505 0.319676889806 0.903802171245 0.586480099466
506 0.343894844780 1.020000000000 0.679063917163
507 0.455819501031 1.020000000000 0.613038338658
508 0.402804030460 0.903802171245 0.624821602942
509 0.387864447516 0.830166196122 0.744622369961
510 0.253081891668 1.020000000000 0.695171408373
511 0.281879407264 1.020000000000 0.590804326391
512 0.256434465111 0.930157684630 0.746346254104
513 0.285231980707 0.930157684630 0.641979172123
514 0.194419027595 0.930157684630 0.658086663333
515 0.377835694785 0.793630378136 0.548955280811
516 0.430851165355 0.909828206891 0.537172016526
517 0.232216510137 0.813959855875 0.653762436407
518 0.228863936694 0.903802171245 0.602587590676
519 0.138299840614 1.020000000000 0.710183863201
520 0.315842267323 0.730915798129 0.695782655288
521 0.416482150462 0.605312054286 0.763000312100
522 0.241131701670 0.723308946409 0.699498013381
523 0.123330709618 0.797812375187 0.538072161086
524 0.088885800519 0.824167888572 0.593571233743
525 0.085533227076 0.914010203942 0.542396388012
526 0.085533227076 0.941570277903 0.641953764663
527 0.088885800519 0.851727962533 0.693128610394
528 0.040148230604 0.702710416206 0.458770361104
529 0.200759847985 0.582606558967 0.722117791010
530 0.206619255474 0.689586329121 0.580909267939
531 0.215534447006 0.598935419655 0.626644844912
532 0.245199749405 0.616613289831 0.544078474337
533 0.088885800519 0.789946942772 0.728796015701
534 -0.020000000000 0.801359536045 0.712663117031
535 0.085533227076 1.020000000000 0.605455908801
536 -0.020000000000 0.941570277903 0.640497855862
537 -0.020000000000 0.721770002664 0.675384070831
538 0.088885800519 0.772138429152 0.655849564194
539 0.048513946834 0.649244555331 0.751415793330
540 0.157399747353 0.699612981819 0.731881286693
541 0.048513946834 0.631436041710 0.678469341823
542 0.063288545856 0.647764902398 0.582996395726
543 0.172174346375 0.715941842507 0.636408340596
544 0.131802492690 0.575239455065 0.659028118225
545 -0.020000000000 0.835580481845 0.577438335073
546 -0.020000000000 0.640311923536 0.702641592734
547 0.048513946834 0.549977962582 0.705726863726
548 -0.020000000000 0.686866072146 0.476654976558
549 0.040148230604 0.581556080467 0.457544379240
550 0.063288545856 0.699794361819 0.520718065275
551 0.123330709618 0.745782915766 0.600350491537
552 -0.020000000000 0.755990948464 0.540159288873
553 -0.020000000000 0.783551022425 0.639716665524
554 0.063288545856 0.566306823270 0.610253917629
555 -0.020000000000 0.622503409916 0.629695141227
556 -0.020000000000 0.914010203942 0.540940479211
557 0.053873258953 0.914010203942 0.465692948705
558 0.053873258953 0.941570277903 0.565250325356
559 0.053873258953 1.020000000000 0.528752469494
560 0.159406486029 1.020000000000 0.530208378294
561 0.123436776460 0.594484370141 0.501607467957
562 0.040148230604 0.650680956786 0.521048691555
563 0.183478940223 0.692502383509 0.518961563768
564 0.063288545856 0.578640026080 0.519492083411
565 -0.020000000000 0.634836612725 0.538933307010
566 0.183585007065 0.610328714201 0.483722852502
567 -0.020000000000 0.553378533597 0.566190828912
568 -0.020000000000 1.020000000000 0.500000000000
569 0.276077853397 0.482154338896 0.488216343878
570 0.039613450250 0.514933889517 0.461594783849
571 0.122901996105 0.527862179191 0.505657872565
572 0.294479855978 0.451672253936 0.653431954199
573 0.237284849408 0.540091315730 0.564965920696
574 0.203772098281 0.503149253960 0.652021205631
575 0.272729453576 0.510516357862 0.715110878416
576 0.306242204703 0.547458419632 0.628055593481
577 -0.020000000000 0.460135015551 0.696129928161
578 0.213609753802 0.476385179167 0.507068621134
579 0.063288545856 0.485396508034 0.649431182660
580 0.360021371043 0.517618840840 0.496556327853
581 0.335907507102 0.565136289808 0.545489222905
582 0.367936271039 0.594140814941 0.475668881494
583 0.283992753394 0.558676312998 0.467328897518
584 0.039613450250 0.502600686708 0.552356618067
585 0.039613450250 0.417315266783 0.469050534191
586 -0.020000000000 0.468093113673 0.482884745036
587 -0.020000000000 0.455759910863 0.573646579254
588 0.188997499259 0.486820393272 0.747494151728
589 0.185370095700 0.533631338920 0.486805595309
590 0.380952770357 0.555065271352 0.624340235388
591 0.480632536523 0.604037363081 0.493748253516
592 0.448603772586 0.575032837947 0.563568594928
593 -0.020000000000 1.020000000000 1.020000000000
594 0.188000000000 1.020000000000 1.020000000000
595 0.085533227076 1.020000000000 0.813455908801
596 0.041943530902 0.858530347618 1.020000000000
597 0.103887061805 0.697060695237 1.020000000000
598 0.225161197504 0.570946783206 0.854867258849
599 -0.020000000000 0.667808346366 1.020000000000
600 -0.020000000000 0.843904173183 1.020000000000
601 -0.020000000000 1.020000000000 0.812000000000
602 0.315097329184 1.020000000000 0.783430999144
603 0.276793551750 0.667367921447 1.020000000000
604 0.359660729293 0.816473330783 1.020000000000
605 0.227714146313 0.846572049769 1.020000000000
606 0.161797321664 0.767854898444 0.838228222741
607 0.073263236014 0.872323475796 0.941770643466
608 0.399051367317 0.589107881575 0.843696822688
609 -0.020000000000 0.857064059708 0.858908692775
610 -0.020000000000 0.662614590549 0.879165387047
611 0.193479259584 0.669400840825 0.846547740795
612 0.280424344491 0.678481390010 0.840962522714
613 0.312106282411 0.580027332391 0.849282040768
614 0.254826499903 0.588624653382 0.772300888273
615 0.341771584809 0.597705202566 0.766715670192
616 0.223144561983 0.687078711001 0.763981370219
617 0.117530278839 0.820089187120 0.889999433103
618 0.194755733988 0.807213474107 0.929114111370
619 0.150488691163 0.859447762783 0.980885321733
620 0.088575148909 0.784692085516 0.980885321733
621 0.165800604059 0.771816372503 1.020000000000
622 0.132842191734 0.732457796840 0.929114111370
623 0.412082402490 0.946364024878 0.837206187658
624 0.219295436707 0.717611409946 0.929114111370
625 0.252253849032 0.756969985608 1.020000000000
626 0.190340306777 0.682214308342 1.020000000000
627 0.454059421556 0.730917965665 0.867339099429
628 0.412377990492 0.638801177731 0.931848411344
629 0.392682671480 0.752483902335 1.020000000000
630 0.379356048305 0.702790606179 0.931848411344
631 0.434364102545 0.844600690269 0.955490688086
632 0.057603383458 0.865426911707 0.980885321733
633 0.026631618007 0.946161737898 0.980885321733
634 0.010971765451 0.939265173809 1.020000000000
635 0.114971765451 0.939265173809 1.020000000000
636 0.084000000000 1.020000000000 1.020000000000
637 0.130631618007 0.946161737898 0.980885321733
638 0.194180282599 0.946161737898 0.862600821305
639 0.271405737749 0.933286024885 0.901715499572
640 0.238447325424 0.893927449222 0.810829610942
641 0.260729025479 0.792164114613 0.929114111370
642 0.293687437803 0.831522690276 1.020000000000
643 0.337379029239 0.918236665392 0.901715499572
644 0.134828838608 0.852551198694 1.020000000000
645 0.072915296353 0.777795521428 1.020000000000
646 0.355548664592 1.020000000000 0.901715499572
647 0.351249082708 0.677931197667 1.020000000000
648 0.337922459534 0.628237901511 0.931848411344
649 0.308865486337 0.609318012345 1.020000000000
650 0.383321017295 0.619881288565 1.020000000000
651 0.250977374627 0.619157352327 0.937433629424
652 0.318227140522 0.741920626115 1.020000000000
653 0.079398231545 0.946161737898 0.877613276133
654 0.032766613538 1.020000000000 0.916727954400
655 0.136766613538 1.020000000000 0.916727954400
656 0.207857073157 0.933286024885 1.020000000000
657 0.377830364647 0.918236665392 1.020000000000
658 0.335432398730 0.820291474099 0.864604799456
659 0.200315278130 1.020000000000 0.798443453972
660 0.141652414057 0.930157684630 0.761358708932
661 0.353419538417 0.856521709508 0.800121442618
662 0.298411484178 0.714711625418 0.776479165876
663 0.179784461351 0.804085133852 0.773744865902
664 0.251548664592 1.020000000000 0.901715499572
665 0.311857073157 0.933286024885 1.020000000000
666 0.292000000000 1.020000000000 1.020000000000
667 0.123665274370 0.893927449222 0.825842065771
668 0.195495895106 0.553268913031 0.937433629424
669 0.221312072229 0.601479482151 1.020000000000
670 0.164524129655 0.634003739222 0.937433629424
671 0.134858827256 0.616325869046 1.020000000000
672 0.032766613538 0.938532029854 0.836182300788
673 0.032766613538 0.941570277903 0.745225810262
674 -0.020000000000 0.860102307757 0.767952202250
675 -0.020000000000 0.938532029854 0.835454346388
676 -0.020000000000 0.941570277903 0.744497855862
677 0.032766613538 1.020000000000 0.812727954400
678 0.072915296354 0.599102816702 0.949582693523
679 -0.020000000000 0.589496757859 0.858820859306
680 0.102580598752 0.616780686878 0.867016322948
681 0.026631618007 0.858113824489 0.980885321733
682 0.041943530902 0.770482434210 1.020000000000
683 -0.020000000000 0.753259381866 0.949582693523
684 0.041943530902 0.679837642893 0.949582693523
685 0.026631618007 0.767469033173 0.910468015257
686 0.070898660832 0.715234744497 0.858696804894
687 0.171094545586 0.564928688792 0.804684161585
688 0.139412607666 0.663382746410 0.796364643531
689 0.026631618007 0.864693767752 0.900339668121
690 0.026631618007 0.946161737898 0.876885321733
691 0.070898660832 0.812459479076 0.848568457758
692 -0.020000000000 0.759839325129 0.869037039911
693 -0.020000000000 0.798321287996 0.803619607557
694 -0.020000000000 0.701096553417 0.813747954693
695 0.070898660832 0.753716707364 0.793279372539
696 -0.020000000000 0.850484116446 0.939454346388
697 0.088885800519 0.848689714484 0.784085100920
698 0.032766613538 1.020000000000 0.708727954400
699 -0.020000000000 0.601829960669 0.768059025088
700 0.048513946834 0.610762592463 0.816833225684
701 -0.020000000000 0.938532029854 0.939454346388
702 -0.020000000000 0.931952086592 1.020000000000
703 0.010971765451 0.851217260401 1.020000000000
704 0.072915296354 0.601699694610 1.020000000000
705 0.041943530902 0.682434520801 1.020000000000
706 -0.020000000000 0.665211468458 0.949582693523
707 -0.020000000000 0.528712127978 0.747714497347
708 -0.020000000000 1.020000000000 0.916000000000
709 -0.020000000000 1.020000000000 0.708000000000
710 -0.020000000000 0.755856259774 1.020000000000
711 0.243064151177 0.492838487686 0.797677248991
712 -0.020000000000 0.698216886492 0.151420035849
713 0.220592922418 0.629089112649 0.403890532877
714 -0.020000000000 0.642913805259 -0.020000000000
715 -0.020000000000 0.631964311449 0.313424515272
716 0.100296461209 0.663652999571 0.277655284363
717 0.100296461209 0.597400424528 0.439659763786
718 0.330435392640 0.540338790343 0.366380364607
719 0.392050134980 0.546623365974 0.426735986442
720 -0.020000000000 0.421942536839 -0.020000000000
721 0.119331701277 0.464546396572 -0.020000000000
722 0.286851908574 0.515363580445 0.212580130891
723 0.133425954287 0.579138692852 0.096290065446
724 0.188000000000 0.718331044207 -0.020000000000
725 0.224163099689 0.475694362086 0.410056018490
726 -0.020000000000 0.441638962470 0.206918185059
727 -0.020000000000 0.456341724381 0.363004870097
728 -0.020000000000 0.567335300502 0.126352547236
729 0.368890091836 0.629262817837 0.131135805141
730 0.330575831160 0.529410054192 -0.020000000000
731 0.332016725631 0.736243697932 0.493543264010
732 0.160444691813 0.646371056110 0.340772908620
733 0.100296461209 0.630526712049 0.358657524075
734 0.160444691813 0.613244768589 0.421775148331
735 0.206292543441 0.706742856082 0.374044760692
736 0.146144312836 0.690898512021 0.391929376146
737 0.146144312836 0.724024799542 0.310927136435
738 0.040148230604 0.735836703727 0.377768121392
739 0.040148230604 0.751602337208 0.271530602804
740 0.040148230604 0.647808655510 0.295539899818
741 -0.020000000000 0.735757993147 0.289415218258
742 -0.020000000000 0.719992359667 0.395652736847
743 0.270401983291 0.729959122302 0.433187642175
744 0.243627170827 0.708346727569 0.501076948314
745 0.040148230604 0.680934943031 0.214537660106
746 0.101803547416 0.769225574489 0.249366881140
747 0.041655316812 0.786507517950 0.186249256883
748 -0.020000000000 0.768884280669 0.208412978547
749 -0.020000000000 0.598838023928 0.394426754983
750 0.040148230604 0.614682367989 0.376542139529
751 0.282207664759 0.635373688279 0.464246154711
752 -0.020000000000 0.665090598971 0.232422275560
753 0.099761680854 0.530778233578 0.443710168395
754 0.308106617335 0.511158864030 0.418396002466
755 0.162229780449 0.536547393307 0.424857891138
756 0.222378011054 0.552391737368 0.406973275684
757 0.384196908048 0.456974106934 0.444863308212
758 0.353389536878 0.453831819119 0.414685497295
759 0.361242763810 0.543481078158 0.396558175524
760 0.416163998921 0.499105917006 0.377803091389
761 0.385356627750 0.495963629191 0.347625280472
762 0.161695000094 0.469925202357 0.428908295747
763 0.337128899869 0.590998527126 0.445491070577
764 0.277299246164 0.508016576215 0.388218191549
765 0.300253390402 0.421509604990 0.436523324236
766 0.275514157529 0.584713951496 0.385135448742
767 0.193574184892 0.589508290008 0.245117707627
768 0.162229780449 0.569673680828 0.343855651427
769 0.255507504132 0.495528971266 0.311318074691
770 0.253722415496 0.572226346547 0.308235331884
771 0.099761680854 0.563904521099 0.362707928683
772 0.308643650607 0.527851185394 0.289480247749
773 0.040148230604 0.552645981020 0.242286734711
774 0.133425954287 0.478501271457 0.209749157975
775 0.056712977144 0.510388827661 0.151604125252
776 0.210138931431 0.547251136649 0.154435098169
777 0.116861207748 0.621395846211 0.186972674904
778 0.049665850638 0.453092679521 0.093459092529
779 -0.020000000000 0.504487131486 0.166635366147
780 0.049665850638 0.515940848537 0.053176273618
781 0.049665850638 0.443244466706 -0.020000000000
782 -0.020000000000 0.494638918671 0.053176273618
783 -0.020000000000 0.431790749655 0.093459092529
784 0.056712977144 0.573236996677 0.111321306341
785 0.126378827782 0.521842544712 0.038145032723
786 0.039613450250 0.460248883504 0.405382721550
787 -0.020000000000 0.511026730394 0.419216932396
788 0.040148230604 0.526871074454 0.401332316942
789 0.040148230604 0.559997361976 0.320330077230
790 -0.020000000000 0.544153017915 0.338214692685
791 0.056712977144 0.638677789672 0.123855050647
792 -0.020000000000 0.632776093497 0.138886291542
793 -0.020000000000 0.670565345875 0.065710017924
794 -0.020000000000 0.605124552880 0.053176273618
795 0.056712977144 0.611026249055 0.038145032723
796 -0.020000000000 0.599649805976 0.219888531254
797 0.040148230604 0.615494150036 0.202003915800
798 0.102081549845 0.458666662278 0.308487101775
799 -0.020000000000 0.536801636960 0.260171350165
800 -0.020000000000 0.532428171049 -0.020000000000
801 0.049665850638 0.553730100916 -0.020000000000
802 -0.020000000000 0.448990343425 0.284961527578
803 0.203091804925 0.489954988509 0.096290065446
804 0.102081549845 0.466018043234 0.386530444294
805 0.278445045918 0.673796931022 0.055567902570
806 0.325323218401 0.685583961149 0.414432558040
807 0.409722681487 0.669997602063 0.433013781239
808 0.349662742238 0.584800804090 0.248758084874
809 0.428950031085 0.714459615810 0.315391501506
810 0.344550568000 0.730045974896 0.296810278307
811 0.280441128150 0.706829708676 0.237667396824
812 0.236100362730 0.752030483623 0.176107141529
813 0.239422036519 0.649880089980 0.278389559699
814 0.327871000205 0.572313199141 0.171857968016
815 0.294741507127 0.629175965243 0.267513169009
816 0.084000000000 0.680622424733 -0.020000000000
817 0.160712977144 0.648734868530 0.038145032723
818 0.234593276523 0.646457908704 0.204395544752
819 0.251158023062 0.604200755345 0.113712935293
820 0.118368293955 0.726968421130 0.158684271682
821 0.404583977349 0.540425642938 0.230003000739
822 -0.020000000000 0.737185353944 -0.020000000000
823 0.462027393097 0.577084366414 0.296818846418
824 0.349732961498 0.579336436015 0.055567902570
825 0.308713869867 0.522386817319 0.096290065446
826 0.224953766218 0.496978225382 -0.020000000000
827 0.153665850638 0.591438720390 -0.020000000000
828 0.363287915580 0.661579168674 -0.020000000000
829 0.259287915580 0.623870549200 -0.020000000000
830 0.232000892724 0.554274373522 0.038145032723
831 0.296599681227 1.020000000000 0.400367726402
832 -0.020000000000 1.020000000000 -0.020000000000
833 0.320211044163 0.830829131955 0.462484751474
834 -0.020000000000 1.020000000000 0.396000000000
835 -0.020000000000 1.020000000000 0.188000000000
836 -0.020000000000 0.859108443246 0.065710017924
837 0.191066454151 1.020000000000 0.260245150935
838 0.085533227076 1.020000000000 0.120122575467
839 -0.020000000000 0.831456902630 -0.020000000000
840 0.188000000000 1.020000000000 -0.020000000000
841 -0.020000000000 0.839551674845 0.265405921244
842 0.127746517906 1.020000000000 0.453504938988
843 0.103310633623 0.874798149408 0.221078477918
844 0.191992164464 0.784396599514 0.344198988506
845 0.219489931640 0.914355735860 0.345237802064
846 0.385712597277 1.020000000000 0.217911370227
847 0.255744525686 1.020000000000 0.113817234081
848 0.121526923631 0.895172280434 -0.020000000000
849 0.271634618157 0.886073455333 -0.020000000000
850 0.455212740597 1.020000000000 0.505998213848
851 0.346451702270 0.925414565977 0.518590793328
852 0.428972082491 0.925414565977 0.449892171995
853 0.404610507249 0.815242772869 0.481065974673
854 0.334646020802 1.020000000000 0.487532280792
855 0.417166401023 1.020000000000 0.418833659459
856 0.308405362695 0.925414565977 0.431426238938
857 0.293436231700 0.809216737222 0.530374057612
858 0.243833067689 1.020000000000 0.503639772002
859 0.255638749157 0.925414565977 0.534698284538
860 0.085996082232 0.796208503699 0.411039973464
861 0.099744965820 0.876953705353 0.305321861654
862 -0.020000000000 0.929775837423 0.330702960622
863 0.099744965820 0.967177867930 0.370618901032
864 0.161400282632 0.894576942634 0.283158139991
865 0.041655316812 0.947399074704 0.308539238959
866 0.041655316812 0.857174912126 0.243242199581
867 -0.020000000000 0.823786041365 0.371643439833
868 0.229326791850 0.786000471002 0.471231176128
869 0.256101604313 0.807612865734 0.403341869990
870 -0.020000000000 0.939554221623 0.126855008962
871 -0.020000000000 0.929775837423 0.226702960622
872 -0.020000000000 0.849330059046 0.165557969584
873 0.041655316812 0.866953296327 0.143394247921
874 0.041655316812 0.947399074704 0.204539238959
875 0.205278192896 0.967177867930 0.302741476499
876 0.085533227076 1.020000000000 0.328122575467
877 0.147188543887 0.947399074704 0.240661814426
878 0.269850487902 0.872592433907 0.403861276769
879 0.173618224773 0.967177867930 0.399371370526
880 0.223978781034 0.925414565977 0.457994845231
881 0.212173099566 1.020000000000 0.426936332695
882 0.258044806434 0.967177867930 0.372802764233
883 0.032766613538 0.939554221623 0.092916296696
884 0.032766613538 1.020000000000 0.154061287734
885 0.094421930349 0.947399074704 0.170600526693
886 0.053873258953 1.020000000000 0.424752469494
887 0.159406486029 1.020000000000 0.356875044961
888 -0.020000000000 0.778662664869 0.108565026887
889 -0.020000000000 0.939554221623 0.022855008962
890 0.032766613538 1.020000000000 0.050061287734
891 -0.020000000000 1.020000000000 0.084000000000
892 0.147651399044 0.829597374461 0.282638733212
893 0.085996082232 0.811974137180 0.304802454875
894 0.085533227076 1.020000000000 0.224122575467
895 -0.020000000000 1.020000000000 0.292000000000
896 0.159869341185 0.902198299757 0.398851963747
897 0.197203968571 0.903802171245 0.525884151369
898 0.205741048052 0.849376167687 0.344718395285
899 0.138299840614 1.020000000000 0.190183863201
900 0.243833067689 1.020000000000 0.330306438668
901 -0.020000000000 0.914010203942 0.436940479211
902 0.085996082232 0.902198299757 0.370099494253
903 0.229817309079 0.802202249770 -0.020000000000
904 0.320262354997 0.757668136585 0.055567902570
905 0.292000000000 0.756039663681 -0.020000000000
906 0.382445045918 0.711505550496 0.055567902570
907 0.333817309079 0.839910869244 -0.020000000000
908 0.050763461816 0.863314591532 -0.020000000000
909 0.084000000000 0.774893973418 -0.020000000000
910 0.154763461816 0.806751662321 -0.020000000000
911 0.050763461816 0.877140361840 0.022855008962
912 0.084000000000 0.788719743727 0.022855008962
913 -0.020000000000 0.845282672938 0.022855008962
914 0.352961820720 0.925414565977 0.340198060850
915 0.302601264459 0.967177867930 0.281574586145
916 0.288852380871 0.902198299757 0.281055179366
917 0.377301344557 0.824631408919 0.174523587684
918 0.223868345075 0.902198299757 0.229008111294
919 0.231813391310 0.835235027423 0.162099494253
920 0.263689571922 0.953036727666 0.046908617041
921 0.320728561482 1.020000000000 0.165864302154
922 0.328673607717 0.953036727666 0.098955685113
923 0.325872262843 1.020000000000 0.046908617041
924 0.333817309079 0.953036727666 -0.020000000000
925 0.390856298639 1.020000000000 0.098955685113
926 0.288389525714 1.020000000000 0.239078260581
927 0.341156139252 1.020000000000 0.309139548314
928 0.237617228663 0.967177867930 0.229527518072
929 0.461722859048 1.020000000000 0.327605481371
930 0.187472625890 0.880435802370 0.100539238959
931 0.188635724659 0.957586140217 0.046908617041
932 0.179527579655 0.947399074704 0.167447856000
933 0.112418778627 0.884985214921 0.100539238959
934 0.196580770894 0.890622867883 -0.020000000000
935 0.223405489919 1.020000000000 0.187031192508
936 0.170638876381 1.020000000000 0.116969904774
937 0.145655316812 0.796564596807 0.100539238959
938 0.050763461816 0.957586140217 -0.020000000000
939 0.103530075354 0.957586140217 0.050061287734
940 0.084000000000 0.708273965350 0.065710017924
941 0.432178863642 0.781683368012 0.277598761900
942 0.154763461816 0.957586140217 -0.020000000000
943 0.136766613538 1.020000000000 0.050061287734
944 0.221872262843 1.020000000000 0.046908617041
945 0.084000000000 1.020000000000 -0.020000000000
946 -0.020000000000 0.925728451315 -0.020000000000
947 0.229817309079 0.953036727666 -0.020000000000
948 -0.020000000000 0.764836894561 0.065710017924
949 0.292000000000 1.020000000000 -0.020000000000
950 1.020000000000 -0.020000000000 1.020000000000
951 1.020000000000 0.509083854196 0.710811715565
952 1.020000000000 0.332722569464 0.667899979603
953 1.020000000000 0.220181057549 1.020000000000
954 0.796283888182 -0.020000000000 1.020000000000
955 0.922034028973 0.332722569464 0.652180398100
956 1.020000000000 0.175449178523 0.829548562371
957 1.020000000000 0.373269809306 0.847249723054
958 0.874074971104 -0.020000000000 0.883805625663
959 0.880834731240 0.113603108452 1.020000000000
960 0.696395722110 0.140676038506 1.020000000000
961 0.833705011743 0.278231070077 1.020000000000
962 0.741584264120 0.267534941077 0.741601203123
963 1.020000000000 0.309172511925 0.475456487966
964 1.020000000000 0.457711064574 0.561182057855
965 1.020000000000 0.534556390078 0.392599219871
966 1.020000000000 0.589147153571 0.551823040087
967 0.774720175165 0.405036263569 0.508345587004
968 0.900010318123 0.482347063128 0.607780864856
969 0.807829617612 0.123767470538 0.812703414393
970 0.789592564289 -0.020000000000 0.868171514652
971 0.785235346607 0.060338019253 0.951902812832
972 0.700752939792 0.060338019253 0.936268701820
973 0.718989993115 0.204105489791 0.880800601562
974 0.877454851172 0.046801554226 0.951902812832
975 0.838559309711 0.046801554226 1.020000000000
976 0.835179429643 -0.020000000000 0.951902812832
977 0.947037485552 -0.020000000000 0.951902812832
978 0.908141944091 -0.020000000000 1.020000000000
979 0.950417365620 0.046801554226 1.020000000000
980 0.950417365620 0.166892083000 1.020000000000
981 1.020000000000 0.197815118036 0.924774281186
982 0.950417365620 0.144526143487 0.924774281186
983 0.857269871492 0.195917089264 1.020000000000
984 0.926852505872 0.226840124300 0.924774281186
985 0.926852505872 0.249206063813 1.020000000000
986 0.880792132060 0.320402375191 0.794425463089
987 0.787644637932 0.272883005577 0.880800601562
988 0.926852505872 0.325750439691 0.933624861527
989 0.949300775015 0.420941071158 0.818098135865
990 0.810092907075 0.368073637044 0.765273875900
991 0.949300775015 0.400667451238 0.728423264140
992 0.949300775015 0.488848093604 0.749879132120
993 1.020000000000 0.420903211830 0.689355847584
994 0.971017014486 0.332722569464 0.660040188852
995 0.971017014486 0.420903211830 0.681496056832
996 0.900317789502 0.400667451238 0.720563473388
997 0.659620638222 0.214096577776 1.020000000000
998 0.631377185017 0.207606545610 0.953578818439
999 1.020000000000 0.441176831751 0.779030719309
1000 0.947037485552 0.077724589262 0.856677094017
1001 1.020000000000 0.077724589262 0.924774281186
1002 1.020000000000 -0.020000000000 0.910519126920
1003 0.947037485552 -0.020000000000 0.842421939752
1004 1.020000000000 0.100090528775 1.020000000000
1005 0.746339805146 0.060338019253 1.020000000000
1006 0.750697022828 -0.020000000000 0.936268701820
1007 0.684425832273 -0.020000000000 1.020000000000
1008 0.638838966920 -0.020000000000 0.936268701820
1009 0.926852505872 0.369296592587 1.020000000000
1010 0.682214909227 0.277526029062 0.880800601562
1011 0.811209497680 0.190569024764 0.880800601562
1012 0.788615226675 0.127139573479 1.020000000000
1013 0.880792132060 0.221492059800 0.785574882747
1014 0.971017014486 0.254085873994 0.740864480236
1015 0.831809146546 0.300128755270 0.696890800612
1016 1.020000000000 0.244541927098 0.646444111623
1017 1.020000000000 0.254085873994 0.748724270987
1018 0.971017014486 0.244541927098 0.638584320871
1019 0.971017014486 0.352996189385 0.749715060577
1020 0.728275283039 0.282874093562 1.020000000000
1021 1.020000000000 0.296725433427 0.933624861527
1022 1.020000000000 0.340271586324 1.020000000000
1023 1.020000000000 0.352996189385 0.757574851329
1024 1.020000000000 0.274359493914 0.838399142713
1025 0.765050366927 0.209453554292 1.020000000000
1026 0.956211062407 0.581571363506 0.469374765066
1027 1.020000000000 0.561851771824 0.472211129979
1028 0.956211062407 0.608866745253 0.548986675174
1029 0.971017014486 0.320947540694 0.563818443033
1030 1.020000000000 0.232766898328 0.550222365804
1031 0.897360087583 0.357104387747 0.491901037485
1032 0.897360087583 0.469796326823 0.450472403438
1033 1.020000000000 0.421864451001 0.434027853919
1034 1.020000000000 0.347504351581 0.383824364820
1035 1.020000000000 0.460196290657 0.342395730772
1036 0.897360087583 0.395436227403 0.400268914339
1037 0.895510213170 0.325384420702 0.410166877679
1038 1.020000000000 0.549115503884 0.631317377826
1039 1.020000000000 0.320947540694 0.571678233785
1040 0.772870300753 0.334984456868 0.518243550344
1041 1.020000000000 0.383441788250 0.518319272910
1042 1.020000000000 0.395216817019 0.614541018729
1043 0.971017014486 0.395216817019 0.606681227977
1044 0.846527227657 0.298827609816 0.590160955892
1045 0.960005159062 0.535747108350 0.579801952471
1046 0.960005159062 0.470029063851 0.584481461355
1047 1.020000000000 0.523429109073 0.556502548971
1048 1.020000000000 0.483397459385 0.635996886710
1049 0.960005159062 0.495715458662 0.659296290210
1050 0.832427283876 0.519241092125 0.533501738348
1051 0.837365246644 0.443691663348 0.558063225930
1052 0.960005159062 0.508451726603 0.500190042363
1053 0.892422124814 0.545345755599 0.425910915856
1054 1.020000000000 0.496133727326 0.476890638863
1055 0.960005159062 0.407534816296 0.637840422230
1056 0.911022173548 0.407534816296 0.629980631478
1057 0.896216221469 0.555466700031 0.576965587558
1058 0.897360087583 0.431373664071 0.534763822429
1059 0.828633187222 0.592360729027 0.502686461050
1060 0.848377102069 0.368879416516 0.580262992552
1061 0.820797291122 0.374941002103 0.674691033989
1062 0.758152219643 0.336285602323 0.624973395064
1063 0.889305934077 0.475479698070 0.698363706766
1064 0.817243699470 0.562309183047 0.677018830080
1065 0.749660665223 0.599203212044 0.602739703572
1066 0.754598627991 0.523653783267 0.627301191154
1067 0.551356391135 0.446825289637 0.537361128134
1068 0.726102086918 -0.020000000000 0.534917763170
1069 1.020000000000 -0.020000000000 0.582076507680
1070 0.541661602982 -0.020000000000 0.469699668310
1071 0.696490182760 0.147894635103 0.480710146586
1072 0.666878278601 0.315789270205 0.426502530003
1073 1.020000000000 -0.020000000000 0.801038253840
1074 1.020000000000 0.156361284732 0.624988243642
1075 0.575860453371 -0.020000000000 0.656188322377
1076 0.873051043459 -0.020000000000 0.558497135425
1077 0.824068057945 0.156361284732 0.593549080635
1078 1.020000000000 -0.020000000000 0.381384338453
1079 0.517553849694 0.181297720965 0.410980103845
1080 0.705110157475 -0.020000000000 0.852537403641
1081 0.827742673190 -0.020000000000 0.695580144542
1082 0.688248937174 0.086580967796 0.646274780025
1083 0.946525521729 0.068180642366 0.591742689533
1084 1.020000000000 0.121753779168 0.471158304135
1085 0.850906876030 -0.020000000000 0.415480988648
1086 0.771020426341 0.264932650168 0.528141513684
1087 0.643800034979 -0.020000000000 0.409822421878
1088 0.625972808833 0.067526429559 0.391110543449
1089 0.529607726338 0.080648860483 0.440339886078
1090 0.449441361013 -0.020000000000 0.437090620880
1091 0.592216064148 0.248543495585 0.418741316924
1092 0.688581146643 0.235421064662 0.369511974295
1093 0.619075892871 0.063947317551 0.475204907448
1094 0.703387098722 0.151473747110 0.396615782587
1095 0.721214324868 0.063947317551 0.415327661016
1096 0.607022016227 0.164596178034 0.445845125216
1097 0.711296134839 0.063947317551 0.507813954878
1098 0.633881844950 -0.020000000000 0.502308715740
1099 0.736020276948 -0.020000000000 0.442431469308
1100 0.681684230681 0.231841952654 0.453606338295
1101 0.723347210797 0.123767470538 0.797069303382
1102 0.784663468655 0.123767470538 0.718590673833
1103 0.850908822147 -0.020000000000 0.789692885103
1104 0.766426415332 -0.020000000000 0.774058774092
1105 0.782826161033 0.211948112904 0.667575141879
1106 0.714916600647 0.177057954436 0.693937991574
1107 0.756158497560 0.121471126264 0.619911930330
1108 0.825905365567 0.068180642366 0.644564612589
1109 0.757995805182 0.033290483898 0.670927462284
1110 0.848559550702 0.068180642366 0.576023108030
1111 0.780649990317 0.033290483898 0.602385957725
1112 0.850396858324 -0.020000000000 0.627038639984
1113 1.020000000000 0.077724589262 0.815293408106
1114 0.696679547324 0.033290483898 0.749406091833
1115 0.983262760865 0.112270963549 0.608365466587
1116 0.983262760865 0.024090321183 0.586909598607
1117 1.020000000000 0.068180642366 0.603532375661
1118 1.020000000000 0.068180642366 0.713013248741
1119 1.020000000000 -0.020000000000 0.691557380760
1120 0.983262760865 0.024090321183 0.696390471687
1121 0.655976711502 0.193379688442 0.753886636952
1122 0.637739658180 0.049612217904 0.809354737211
1123 0.922034028973 0.165905231628 0.711548821503
1124 0.873051043459 0.244541927098 0.622864739367
1125 1.020000000000 0.165905231628 0.727268403007
1126 0.640485305423 -0.020000000000 0.754362863009
1127 0.632054695272 0.033290483898 0.651231551201
1128 0.629309048029 0.102902701802 0.706223425403
1129 0.775085072432 0.068180642366 0.564233421903
1130 0.707175512046 0.033290483898 0.590596271597
1131 0.799576565189 -0.020000000000 0.546707449297
1132 0.922034028973 0.156361284732 0.609268662138
1133 0.923871336595 -0.020000000000 0.748309199191
1134 0.923871336595 0.077724589262 0.762564353457
1135 0.701801563280 -0.020000000000 0.675884233460
1136 0.885296789837 0.112270963549 0.592645885084
1137 0.983262760865 0.121814910445 0.710645625952
1138 0.650981270144 -0.020000000000 0.595553042774
1139 0.776922380054 -0.020000000000 0.615248953856
1140 0.887134097459 0.024090321183 0.643661417038
1141 0.909788282594 0.024090321183 0.575119912479
1142 0.946525521729 -0.020000000000 0.570286821552
1143 0.923871336595 -0.020000000000 0.638828326111
1144 0.773698529395 0.063947317551 0.448095567617
1145 0.798422671503 -0.020000000000 0.382713082047
1146 1.020000000000 -0.020000000000 0.481730423067
1147 1.020000000000 0.050876889584 0.526617405908
1148 1.020000000000 0.050876889584 0.426271321294
1149 0.946525521729 -0.020000000000 0.469940736939
1150 0.946525521729 0.050876889584 0.514827719780
1151 0.922034028973 0.232766898328 0.534502784301
1152 0.983262760865 0.094967210767 0.531450496834
1153 1.020000000000 0.215463145546 0.473307396051
1154 0.922034028973 0.139057531950 0.532353692385
1155 1.020000000000 0.139057531950 0.548073273889
1156 1.020000000000 0.246203805554 0.383671215451
1157 0.895510213170 0.224083874675 0.410013728310
1158 0.895510213170 0.287052581046 0.501799000825
1159 0.788504481474 -0.020000000000 0.475199375909
1160 0.760279120353 0.152127959917 0.537129613611
1161 0.837487466988 0.068180642366 0.504515034642
1162 0.935453438015 0.050876889584 0.443319646392
1163 0.858245091380 0.134824207135 0.475934225361
1164 1.020000000000 0.152494439175 0.381522123536
1165 0.895510213170 0.193343214668 0.499649908910
1166 0.861978959744 -0.020000000000 0.486989062037
1167 0.740652220513 0.209992754643 0.420331466136
1168 0.865142007343 0.138403319143 0.391839861361
1169 0.935453438015 -0.020000000000 0.398432663551
1170 0.733755304550 0.206413642635 0.504425830135
1171 0.797544242143 0.210646967450 0.560845297159
1172 0.718949352471 0.290360960187 0.477322021843
1173 0.558761028176 -0.020000000000 0.562943995344
1174 0.614955270078 0.033290483898 0.557987224167
1175 0.692369559967 0.117237801449 0.563492463306
1176 0.521610979858 0.341557059049 0.444746579992
1177 0.602901393434 0.133939344381 0.528627441935
1178 0.756302345231 0.266233795622 0.634871358404
1179 0.704231271361 0.291662105641 0.584051866563
1180 0.546707151532 0.080648860483 0.533584213111
1181 0.488852927374 -0.020000000000 0.526598116957
1182 0.558963972618 0.317429894485 0.602295916553
1183 0.677563607888 0.201185119001 0.536388655014
1184 0.618623718743 0.217506853007 0.596337300392
1185 0.473356420000 0.243274641851 0.614581350382
1186 0.729634681757 0.175756808982 0.587208146854
1187 0.785611227095 -0.020000000000 -0.020000000000
1188 1.020000000000 -0.020000000000 -0.020000000000
1189 0.765774847036 -0.020000000000 0.164972587723
1190 0.745938466977 -0.020000000000 0.349945175447
1191 0.579704885940 -0.020000000000 -0.020000000000
1192 0.738640517217 0.174973652526 -0.020000000000
1193 1.020000000000 -0.020000000000 0.180692169227
1194 1.020000000000 0.201611047307 -0.020000000000
1195 0.491635197613 -0.020000000000 0.281385551450
1196 0.602223140627 -0.020000000000 0.143421369156
1197 0.451319118869 -0.020000000000 0.121833310028
1198 0.557109710042 0.158156965835 -0.020000000000
1199 0.710284014685 0.155052859118 0.312521418587
1200 0.706855513092 0.238203550250 0.150198087325
1201 1.020000000000 0.183235099183 0.291885942936
1202 1.020000000000 0.137010007684 0.111699127462
1203 0.889442782794 -0.020000000000 0.252660530745
1204 0.902805613547 -0.020000000000 0.080346084613
1205 0.902805613547 0.090805523654 -0.020000000000
1206 0.872070474923 0.276598472154 -0.020000000000
1207 0.618786832295 -0.020000000000 0.315665363449
1208 0.516648400297 -0.020000000000 0.375542609880
1209 0.600959606149 0.067526429559 0.296953485019
1210 0.728111240831 0.067526429559 0.331233297017
1211 0.504594523653 0.080648860483 0.346182827648
1212 0.504214414455 0.069078482917 0.050916655014
1213 0.631982611567 0.198180258043 0.065099043662
1214 0.579087315980 0.109101775125 0.136015698676
1215 0.503748379395 0.214043073344 0.151257803446
1216 0.613918932190 0.168175290042 0.361750761216
1217 0.568407297991 0.069078482917 -0.020000000000
1218 0.590964013283 -0.020000000000 0.061710684578
1219 0.579666425334 0.069078482917 0.061710684578
1220 0.526771129748 -0.020000000000 0.132627339592
1221 0.515512002404 -0.020000000000 0.050916655014
1222 0.659172701578 0.077486826263 -0.020000000000
1223 0.670431828922 0.077486826263 0.061710684578
1224 0.693917183861 -0.020000000000 0.061710684578
1225 0.762125872156 0.077486826263 -0.020000000000
1226 0.682658056517 -0.020000000000 -0.020000000000
1227 0.612204681393 0.209750635608 0.280589095585
1228 0.599245355352 0.109101775125 0.215791819387
1229 0.708569763888 0.196628204684 0.231359752956
1230 0.597582229076 0.252745898014 0.349667683199
1231 0.693947311572 0.239623467090 0.300438340570
1232 0.624389758690 0.264052135444 -0.020000000000
1233 0.722748015154 0.206588601388 0.065099043662
1234 0.715155162278 0.272460478790 -0.020000000000
1235 0.647875113629 0.166565309181 -0.020000000000
1236 0.552802502022 0.226998892135 0.258436986109
1237 0.654539326859 0.109101775125 0.146809728240
1238 0.591011059019 0.283133348360 0.065099043662
1239 0.546929169120 -0.020000000000 0.212403460303
1240 0.656253577656 0.067526429559 0.227971393872
1241 0.683998993831 -0.020000000000 0.154196978440
1242 0.752207682127 0.077486826263 0.072486293862
1243 0.775693037065 -0.020000000000 0.072486293862
1244 0.736315180064 0.109101775125 0.157585337524
1245 0.516138157494 0.243110056152 -0.020000000000
1246 0.465454127413 0.069078482917 -0.020000000000
1247 0.476751715362 -0.020000000000 -0.020000000000
1248 0.674080803802 -0.020000000000 0.246683272302
1249 0.755856657007 -0.020000000000 0.257458881585
1250 0.738029430861 0.067526429559 0.238747003155
1251 0.471477158241 -0.020000000000 0.201609430739
1252 0.798149147943 0.109101775125 0.201429309035
1253 0.827608814915 -0.020000000000 0.208816559234
1254 0.892887423518 0.058505003842 0.138335857593
1255 0.954721391397 0.058505003842 0.182179829104
1256 0.863427756546 0.187606778967 0.130948607393
1257 0.946035237461 0.239104759731 -0.020000000000
1258 1.020000000000 0.256792487034 0.058166278639
1259 0.946035237461 0.294286199457 0.058166278639
1260 0.946035237461 0.206804239919 0.045849563731
1261 1.020000000000 0.224491967222 0.124015842370
1262 1.020000000000 0.169310527495 0.045849563731
1263 0.780595445357 0.067526429559 0.364001203618
1264 0.961402806774 0.058505003842 0.096022606038
1265 0.896124198171 -0.020000000000 0.166503307679
1266 0.961402806774 -0.020000000000 0.130519126920
1267 0.954721391397 -0.020000000000 0.216676349986
1268 1.020000000000 0.058505003842 0.146195648345
1269 0.946035237461 0.349910283384 -0.020000000000
1270 0.789462994007 0.257401011202 0.065099043662
1271 0.863427756546 0.275088738505 0.143265322301
1272 0.863427756546 0.210719324717 0.221042015130
1273 1.020000000000 0.160122553433 0.201792535199
1274 1.020000000000 0.247604512972 0.214109250107
1275 0.887438044235 0.183701997904 -0.020000000000
1276 0.804830563320 0.164504536952 0.065099043662
1277 0.820723065382 0.132889588090 -0.020000000000
1278 0.805355496070 0.225786062340 -0.020000000000
1279 0.961402806774 0.113907765669 0.045849563731
1280 0.870174829412 -0.020000000000 0.334070759697
1281 0.817690624886 -0.020000000000 0.301302853096
1282 0.799863398740 0.067526429559 0.282590974666
1283 0.954721391397 0.081617549591 0.272273236840
1284 1.020000000000 0.090805523654 -0.020000000000
1285 1.020000000000 0.058505003842 0.045849563731
1286 0.961402806774 0.146208285480 -0.020000000000
1287 0.961402806774 0.035402761827 -0.020000000000
1288 0.961402806774 -0.020000000000 0.030173042307
1289 0.902805613547 0.035402761827 0.030173042307
1290 0.902805613547 -0.020000000000 -0.020000000000
1291 0.844208420321 0.035402761827 -0.020000000000
1292 0.844208420321 -0.020000000000 0.030173042307
1293 0.834290230292 -0.020000000000 0.122659336168
1294 0.804830563320 0.109101775125 0.115272085969
1295 0.865142007343 0.169143979150 0.302203680762
1296 0.935453438015 0.081617549591 0.353683465792
1297 1.020000000000 -0.020000000000 0.080346084613
1298 0.848805304230 0.253714587122 0.290120602745
1299 1.020000000000 0.081617549591 0.336635140695
1300 1.020000000000 0.081617549591 0.236289056081
1301 0.954721391397 -0.020000000000 0.317022434599
1302 1.020000000000 -0.020000000000 0.281038253840
1303 1.020000000000 0.312416570961 -0.020000000000
1304 0.820723065382 0.077486826263 0.030173042307
1305 0.691669807339 0.369947305053 -0.020000000000
1306 0.637266374443 0.483683905308 0.372294913419
1307 0.664468090891 0.426815605180 0.176147456709
1308 1.020000000000 0.423222094614 -0.020000000000
1309 0.855834903669 0.507390223487 -0.020000000000
1310 0.764844249629 0.556135121121 0.459222611840
1311 0.677610608459 0.324194075062 0.288355262553
1312 0.542102794005 0.409743247921 0.164058044211
1313 1.020000000000 0.311973926760 0.136332557277
1314 1.020000000000 0.385836191237 0.292192241674
1315 1.020000000000 0.534164220343 0.165212247607
1316 0.765713243811 0.503611226812 0.159561636979
1317 0.509730249716 0.536408466743 0.421688349915
1318 0.593619393554 0.613829942485 0.227257328229
1319 0.704224128136 0.613133591780 -0.020000000000
1320 0.533606076484 0.583911295083 -0.020000000000
1321 0.672244443530 0.319991672634 0.357428896278
1322 0.699262660215 0.304075427652 0.065099043662
1323 0.603285442448 0.418279426551 0.170102750460
1324 0.650867232667 0.455249755244 0.274221185064
1325 0.589684584224 0.446713576615 0.268176478815
1326 0.609856701232 0.366968661491 0.226206653382
1327 0.657438491451 0.403938990185 0.330325087986
1328 0.671039349675 0.375504840121 0.232251359631
1329 0.508634699476 0.368903197195 0.072029022106
1330 0.583418206142 0.349005225761 -0.020000000000
1331 0.616886300672 0.389845276487 0.072029022106
1332 0.624479153549 0.323973399086 0.157128065768
1333 0.553578070731 0.383688869122 0.377686363170
1334 0.558944235660 0.387891271550 0.308612729445
1335 0.478915856277 0.316443094502 0.369925150091
1336 0.538180049706 0.269994154540 0.327515573723
1337 0.538772118652 0.467636186673 0.350582554878
1338 0.652072326522 0.399736587757 0.399398721711
1339 0.685661801991 0.332509577715 0.163172772017
1340 0.692233060775 0.281198812656 0.219276674939
1341 0.678068949115 0.398381455117 0.078073728355
1342 1.020000000000 0.460000205790 0.228702244640
1343 0.892856621905 0.444723709025 0.225876939326
1344 0.892856621905 0.518887723578 0.162386942293
1345 1.020000000000 0.423069073552 0.150772402442
1346 0.892856621905 0.407792576786 0.147947097128
1347 1.020000000000 0.348905058999 0.214262399475
1348 0.863952689296 0.391994347821 -0.020000000000
1349 0.773752355504 0.438668764270 -0.020000000000
1350 0.781870141131 0.323272888604 -0.020000000000
1351 0.818891859367 0.390104849483 0.069780818490
1352 0.728691525575 0.436779265933 0.069780818490
1353 0.810774073740 0.505500725150 0.069780818490
1354 0.937917451835 0.465306159050 -0.020000000000
1355 0.937917451835 0.409682075124 0.058166278639
1356 1.020000000000 0.367598010687 0.058166278639
1357 0.801676681193 0.509329910198 0.411544765118
1358 0.924316593611 0.574089973452 0.353671581552
1359 0.924316593611 0.499729874032 0.303468092453
1360 0.736284378451 0.370907388531 0.154879862152
1361 0.715090667351 0.465213415996 0.167854546844
1362 0.721661926135 0.413902650937 0.223958449766
1363 0.701489809127 0.493647566060 0.265928275199
1364 0.769782212397 0.480585692345 0.483784099422
1365 0.726165391812 0.364615169315 0.398350424779
1366 0.721227429044 0.440164598091 0.373788937197
1367 0.796738718425 0.584879338974 0.386983277536
1368 0.753121897840 0.468908815944 0.301549602893
1369 1.020000000000 0.284535645210 0.292039092305
1370 1.020000000000 0.478693157479 0.072606123803
1371 0.937917451835 0.520777221915 0.072606123803
1372 0.797173215516 0.558617391820 0.237152790106
1373 0.732949780832 0.548653731067 0.343519428326
1374 1.020000000000 0.534360305211 0.278905733739
1375 0.924316593611 0.573893888585 0.239978095420
1376 0.705993274804 0.444360084438 0.440320250211
1377 0.701055312036 0.519909513214 0.415758762630
1378 1.020000000000 0.534027618268 -0.020000000000
1379 0.886959806055 0.562796603743 0.057448605303
1380 0.848805304230 0.355015133149 0.290273752113
1381 0.724315517400 0.294563362615 0.408248388119
1382 0.848805304230 0.318084000911 0.212343909915
1383 0.841898976126 0.560907105405 0.147229423792
1384 0.720799226883 0.360412766887 0.467424058503
1385 0.671967556616 0.533243811878 0.534553053798
1386 0.603240656255 0.572567632748 0.466527717005
1387 0.642225212440 0.470722365156 0.465016968460
1388 0.573498312079 0.510046186026 0.396991631667
1389 0.539472593891 0.598929913466 0.491224435253
1390 0.475004056288 0.493998467391 0.375279273126
1391 0.443036965416 0.451866657318 0.442339489949
1392 0.588304264159 0.426098868474 0.424095439959
1393 0.667029593847 0.608793240655 0.509991566216
1394 0.472779309591 0.514388104041 0.511875575287
1395 0.575531928140 0.386180555731 0.485668108493
1396 0.450890192348 0.541515916358 0.424212168178
1397 0.551674821635 0.575119204614 0.324472839072
1398 0.499370110025 0.668032440263 0.460667773893
1399 0.581417165810 0.637640651337 0.394008924410
1400 0.615442883999 0.548756923897 0.299776120824
1401 0.516948628208 0.532709205262 0.278063762283
1402 0.679231821591 0.584982531803 0.343239970035
1403 0.711126290388 0.613726749656 0.271000635731
1404 0.481254742695 0.621546380161 0.179196566685
1405 0.492834764267 0.580226654229 0.326996657335
1406 0.440530052657 0.673139889878 0.463191592156
1407 0.451248084160 0.606587056460 0.055567902570
1408 0.563612735019 0.598870618784 0.103628664115
1409 0.734968685973 0.558372409296 0.069780818490
1410 0.811154418288 0.615668287890 0.057448605303
1411 0.780029515903 0.560261907634 -0.020000000000
1412 0.567861093780 0.511786595203 0.195657686220
1413 0.737951749357 0.631850099294 0.142485700983
1414 0.537854435245 0.496827271502 0.072029022106
1415 0.612637941911 0.476929300068 -0.020000000000
1416 0.504386340715 0.455987220776 -0.020000000000
1417 0.679666318683 0.558720584649 0.193409482604
1418 0.648921760845 0.613481767133 0.103628664115
1419 0.629043742223 0.520322773833 0.201702392469
1420 0.618915102310 0.598522443432 -0.020000000000
1421 0.599037083687 0.505363450132 0.078073728355
1422 0.697946967737 0.491540448417 -0.020000000000
1423 0.684346109513 0.519974598480 0.078073728355
1424 0.691151077358 0.582622224020 1.020000000000
1425 0.396000000000 1.020000000000 1.020000000000
1426 0.604000000000 1.020000000000 1.020000000000
1427 0.516044249141 0.566945163632 1.020000000000
1428 0.569214938066 0.661451360188 0.560760520591
1429 0.549647196201 0.431966668015 1.020000000000
1430 0.538946641685 1.020000000000 0.651379842134
1431 0.508312993662 1.020000000000 0.851346721581
1432 0.472091334737 0.859932208811 1.020000000000
1433 0.425704613666 0.688494473887 1.020000000000
1434 0.575091322969 0.754693232739 1.020000000000
1435 0.572532128096 0.614254109990 0.793671400361
1436 0.734477080817 0.642271302966 0.746256795305
1437 0.674031276630 0.603455195974 0.899439069766
1438 0.762154062775 0.447046983810 1.020000000000
1439 0.622845554334 0.287517117047 1.020000000000
1440 0.712087619324 0.438757195701 0.894496692182
1441 0.686348497868 0.872728049755 0.890981376171
1442 0.509067475796 0.872728049755 0.890981376171
1443 0.682591176994 0.593038709997 0.959719534883
1444 0.707793969772 0.706810261030 0.959719534883
1445 0.716353870136 0.696393775053 1.020000000000
1446 0.773363308019 0.612102461177 1.020000000000
1447 0.773363308019 0.599064278813 0.969027359731
1448 0.764803407654 0.609480764790 0.908746894614
1449 0.624561299800 0.679074214357 0.959719534883
1450 0.658323992942 0.782429279413 1.020000000000
1451 0.633121200164 0.668657728380 1.020000000000
1452 0.501563935837 0.641483793593 0.621532161051
1453 0.529112454200 0.730553886985 0.530203859231
1454 0.597707986832 0.872728049755 0.890981376171
1455 0.629440312982 0.743491079873 0.842326388266
1456 0.540799801946 0.743491079873 0.842326388266
1457 0.539141206931 0.767089704972 0.725870948381
1458 0.570873533081 0.637852735089 0.677215960476
1459 0.627781717967 0.767089704972 0.725870948381
1460 0.630719910419 0.813710641247 0.955490688086
1461 0.573811725533 0.684473671365 0.906835700180
1462 0.542079399383 0.813710641247 0.955490688086
1463 0.554080789875 0.840725680094 0.606070181363
1464 0.606283495054 0.932626459321 0.583697100723
1465 0.621417643245 0.753352139415 0.538387439951
1466 0.513978306010 0.909828206891 0.575513520003
1467 0.597330745765 0.946364024878 0.871164048876
1468 0.614645247361 1.020000000000 0.819310084213
1469 0.556156496831 1.020000000000 0.935673360790
1470 0.645174248934 0.946364024878 0.955490688086
1471 0.679984423146 0.858990484198 0.703497867741
1472 0.524007058740 0.946364024878 0.771180609153
1473 0.411705161423 1.020000000000 0.817388860362
1474 0.523629817674 1.020000000000 0.751363281857
1475 0.508690234729 0.946364024878 0.871164048876
1476 0.499038723065 0.836192231769 0.695314287021
1477 0.467386044731 0.780611261821 0.955490688086
1478 0.499118370881 0.651374291939 0.906835700180
1479 0.500397968318 0.721593853313 1.020000000000
1480 0.651846009441 0.651861331577 0.653508657948
1481 0.490579405267 0.866330129283 0.955490688086
1482 0.556533737898 0.946364024878 0.955490688086
1483 0.538045667369 0.939966104406 1.020000000000
1484 0.579219916302 0.866330129283 0.955490688086
1485 0.589545661485 0.887346616370 1.020000000000
1486 0.595037762885 0.585200179803 0.959719534883
1487 0.623281702363 0.608854652982 0.846555235063
1488 0.544288188618 0.590599636811 0.906835700180
1489 0.545567786055 0.660819198186 1.020000000000
1490 0.680189887249 0.738091622864 0.895210222969
1491 0.710412789342 0.757499676361 0.818619085738
1492 0.653504604456 0.628262706478 0.769964097833
1493 0.704254178723 0.622863249470 0.822847932535
1494 0.452533737898 0.946364024878 0.955490688086
1495 0.452156496831 1.020000000000 0.935673360790
1496 0.523591328853 0.807312720775 1.020000000000
1497 0.470874431404 0.627719818759 1.020000000000
1498 0.603597663249 0.574783693826 1.020000000000
1499 0.629962071373 1.020000000000 0.719326644490
1500 0.591343912110 0.858990484198 0.703497867741
1501 0.612647569776 0.946364024878 0.771180609153
1502 0.485791747706 0.601680995783 0.818684111524
1503 0.457547808229 0.578026522603 0.931848411344
1504 0.500000000000 1.020000000000 1.020000000000
1505 0.434045667369 0.939966104406 1.020000000000
1506 0.415876032015 0.838202769797 1.020000000000
1507 0.448897974202 0.774213341349 1.020000000000
1508 0.503222530852 0.617885168494 0.737987600936
1509 0.856153280887 0.373421701544 0.904473274338
1510 0.726652570067 0.514834603915 1.020000000000
1511 0.701619348341 0.510689709861 0.957248346091
1512 0.737120841050 0.442902089755 0.957248346091
1513 0.783831579001 0.527131764653 0.906275705821
1514 0.586246375267 0.359741892531 1.020000000000
1515 0.655900629488 0.439506825912 1.020000000000
1516 0.692499808555 0.367282050428 1.020000000000
1517 0.667466586829 0.363137156374 0.957248346091
1518 0.630867407762 0.435361931858 0.957248346091
1519 0.795344584677 0.453684764356 0.841721620429
1520 0.558002922062 0.353251860364 0.953578818439
1521 0.594602101129 0.281027084880 0.953578818439
1522 0.797929537259 0.362639026943 1.020000000000
1523 0.653971456022 0.271035996895 0.814379420000
1524 0.620399136779 0.507294446017 1.020000000000
1525 0.639223133624 0.356647124208 0.890827164530
1526 0.772896315534 0.358494132889 0.957248346091
1527 0.726835941722 0.353146068389 0.818048947652
1528 0.532845722671 0.499455915823 1.020000000000
1529 0.657058196108 0.440894525534 0.767636301742
1530 0.642309873710 0.526505652846 0.844084046271
1531 0.569445388010 0.444395581352 0.840414518619
1532 0.587748598864 0.444525584037 0.711952502317
1533 0.776316413330 0.536033764492 0.844192809221
1534 0.693059447977 0.521106195837 0.896967880974
1535 0.723282350070 0.540514249334 0.820376743743
1536 0.604316554386 0.513276245283 0.595324694258
1537 0.673626151630 0.509645186779 0.651008493682
1538 0.806539315424 0.555441817989 0.767601671990
1539 0.561089662148 0.523110389003 0.906835700180
1540 0.738030672469 0.454903122022 0.743928999214
1541 0.611839236415 0.517710931994 0.959719534883
1542 1.020000000000 1.020000000000 1.020000000000
1543 1.020000000000 0.700543172647 1.020000000000
1544 1.020000000000 0.648390443191 0.816109438922
1545 1.020000000000 1.020000000000 0.850387774914
1546 1.020000000000 0.860271586323 1.020000000000
1547 0.812000000000 1.020000000000 1.020000000000
1548 0.855575538679 0.641582698334 1.020000000000
1549 0.855575538679 0.615506333606 0.918054719461
1550 1.020000000000 0.460362115098 1.020000000000
1551 1.020000000000 0.847997152818 0.763731836099
1552 1.020000000000 0.786610581065 0.897870105951
1553 1.020000000000 0.906975864041 0.910397943393
1554 0.720977501060 1.020000000000 0.787273446845
1555 0.913956260784 1.020000000000 0.836056125438
1556 0.911522034846 0.842093798307 1.020000000000
1557 0.741556662914 0.810165326086 1.020000000000
1558 0.891710644287 0.659579150308 0.736266820024
1559 1.020000000000 0.538329878888 0.882834175508
1560 0.878601550030 0.468612333011 0.788946548676
1561 0.863629519939 0.872728049755 0.890981376171
1562 0.859602529309 0.744117191680 0.904518047816
1563 0.937787769340 0.701058457335 0.907962412706
1564 0.941814759970 0.829669315410 0.894425741061
1565 0.887575777393 0.857410924031 0.955490688086
1566 0.965761017423 0.814352189686 0.958935052976
1567 0.883548786763 0.728800065956 0.969027359731
1568 0.798566100796 0.725874012210 1.020000000000
1569 0.764803407654 0.622518947154 0.959719534883
1570 1.020000000000 0.748193798005 0.789920637510
1571 0.955855322143 0.753788151563 0.749999328062
1572 0.955855322143 0.653984796749 0.776188129473
1573 1.020000000000 0.717500512128 0.856989772437
1574 0.955855322143 0.723094865687 0.817068462988
1575 1.020000000000 0.817303866942 0.830800971025
1576 0.855575538679 0.628544515970 0.969027359731
1577 0.965761017423 0.771318485477 1.020000000000
1578 0.965761017423 0.851182692315 1.020000000000
1579 1.020000000000 0.780407379485 1.020000000000
1580 1.020000000000 0.743576876856 0.958935052976
1581 1.020000000000 0.823441083694 0.958935052976
1582 0.856044858404 0.862657643663 0.717729044806
1583 0.941814759970 0.860362601287 0.827356606135
1584 0.877194791793 0.946364024878 0.774440678605
1585 0.888792890362 0.946364024878 0.863518750805
1586 0.792303510500 0.946364024878 0.839127411508
1587 0.817466880922 1.020000000000 0.811664786142
1588 0.902358162215 1.020000000000 0.746978053239
1589 0.703662999464 0.946364024878 0.839127411508
1590 0.662488750530 1.020000000000 0.903636723423
1591 0.749174248934 0.946364024878 0.955490688086
1592 0.713952580391 0.841446687921 0.955490688086
1593 0.776778331457 0.915082663043 1.020000000000
1594 0.708000000000 1.020000000000 1.020000000000
1595 0.672778331457 0.915082663043 1.020000000000
1596 0.767404347368 0.862657643663 0.717729044806
1597 0.784718848965 0.936293618786 0.665875080143
1598 1.020000000000 0.674713997969 0.724593723802
1599 0.795026309748 0.628888818286 0.832155757383
1600 0.799053300378 0.757499676361 0.818619085738
1601 0.877670082113 0.766153600031 0.813624098098
1602 0.813093862552 0.650925226637 0.741261807665
1603 0.873643091483 0.637542741957 0.827160769743
1604 0.965761017423 0.874534831174 0.965198971696
1605 1.020000000000 0.883623725182 0.965198971696
1606 1.020000000000 0.963487932021 0.965198971696
1607 1.020000000000 0.940135793162 1.020000000000
1608 0.965761017423 0.931046899153 1.020000000000
1609 0.774989008904 0.872728049755 0.890981376171
1610 0.802593091427 0.841446687921 0.955490688086
1611 0.837814759970 0.946364024878 0.955490688086
1612 1.020000000000 0.846793222553 0.904134024672
1613 0.770962018273 0.744117191680 0.904518047816
1614 0.798566100796 0.712835829846 0.969027359731
1615 0.766488750530 1.020000000000 0.903636723423
1616 1.020000000000 0.933998576409 0.807059805507
1617 0.966978130392 0.933998576409 0.799893980768
1618 0.966978130392 1.020000000000 0.843221950176
1619 1.020000000000 1.020000000000 0.765581662372
1620 0.966978130392 1.020000000000 0.758415837633
1621 1.020000000000 0.877486508430 0.837064889746
1622 0.966978130392 0.963487932021 0.873227034415
1623 1.020000000000 0.963487932021 0.880392859154
1624 0.937787769340 0.631948388398 0.867082079192
1625 0.826539348880 0.826129562196 1.020000000000
1626 0.861761017423 0.931046899153 1.020000000000
1627 0.941814759970 0.889851956898 0.900689659782
1628 1.020000000000 1.020000000000 0.935193887457
1629 0.966978130392 1.020000000000 0.928028062719
1630 0.937787769340 0.671062935490 1.020000000000
1631 0.937787769340 0.714096639699 0.958935052976
1632 0.883548786763 0.741838248320 1.020000000000
1633 0.862978130392 1.020000000000 0.928028062719
1634 0.941814759970 0.946364024878 0.955490688086
1635 0.937787769340 0.658024753126 0.969027359731
1636 1.020000000000 0.674466807919 0.918054719461
1637 0.916000000000 1.020000000000 1.020000000000
1638 0.791468638843 0.747429270269 0.645366754373
1639 0.808864800727 0.531276658708 0.969027359731
1640 0.867088544355 0.542059333308 0.853500634068
1641 0.820377806403 0.457829658410 0.904473274338
1642 0.808864800727 0.544314841072 1.020000000000
1643 0.891077031388 0.410158396558 0.933624861527
1644 0.937787769339 0.576918106247 0.900444447485
1645 0.937787769339 0.589956288611 0.951417087754
1646 0.937787769340 0.537934224352 0.969027359731
1647 0.937787769340 0.550972406716 1.020000000000
1648 1.020000000000 0.499345996993 0.951417087754
1649 1.020000000000 0.416815962202 0.933624861527
1650 0.949300775015 0.464487224055 0.904473274338
1651 0.891077031388 0.453704549454 1.020000000000
1652 0.949300775015 0.503471105949 0.835890362092
1653 1.020000000000 0.455799844097 0.865041949281
1654 1.020000000000 0.523706866542 0.796822945537
1655 1.020000000000 0.619436525767 0.951417087754
1656 1.020000000000 0.580452643872 1.020000000000
1657 0.949300775015 0.558501388101 0.802527993799
1658 1.020000000000 0.593360161039 0.849471807215
1659 1.020000000000 0.578737148694 0.763460577244
1660 0.885156097159 0.564095741659 0.762606684350
1661 1.020000000000 0.644833141921 -0.020000000000
1662 1.020000000000 1.020000000000 -0.020000000000
1663 0.537733120818 1.020000000000 0.437299592516
1664 1.020000000000 0.694198175134 0.118596486523
1665 1.020000000000 0.881781604173 0.118596486523
1666 0.812000000000 1.020000000000 -0.020000000000
1667 0.604000000000 1.020000000000 -0.020000000000
1668 0.396000000000 1.020000000000 -0.020000000000
1669 0.812000000000 0.944582761052 -0.020000000000
1670 0.604000000000 0.869165522104 -0.020000000000
1671 0.396000000000 0.793748283155 -0.020000000000
1672 1.020000000000 0.832416570961 -0.020000000000
1673 0.489009970335 0.799656413783 0.499647197871
1674 0.918084708440 0.618202983999 0.134897210605
1675 0.711801368442 1.020000000000 0.214245246863
1676 0.544585134854 1.020000000000 0.153592640436
1677 0.887882466670 1.020000000000 0.115376270163
1678 0.710190254903 0.760088971776 0.125409764986
1679 0.544146683122 0.732537604069 0.092712772326
1680 0.878178553732 0.788662627549 0.159229539341
1681 0.836009838634 0.735253635218 -0.020000000000
1682 0.581315159379 0.822454666212 0.507830778591
1683 0.605676734621 0.932626459321 0.476656975914
1684 0.513371545576 0.909828206891 0.468473395193
1685 0.969042354220 0.576183602171 0.150054729106
1686 1.020000000000 0.614181197738 0.141904367065
1687 0.969042354220 0.656200579566 0.126746848564
1688 0.969042354220 0.680883096172 0.196045091826
1689 1.020000000000 0.718880691740 0.187894729784
1690 1.020000000000 0.638863714345 0.211202610326
1691 0.937917451835 0.576111682704 -0.020000000000
1692 1.020000000000 0.589498681132 0.072606123803
1693 0.969042354220 0.631518062960 0.057448605303
1694 0.873358947831 0.615913270413 0.224820576919
1695 1.020000000000 0.669515658527 0.049298243261
1696 0.657900684221 1.020000000000 0.097122623432
1697 0.708000000000 1.020000000000 -0.020000000000
1698 0.761900684221 1.020000000000 0.097122623432
1699 0.761900684221 0.982291380526 0.097122623432
1700 0.812000000000 0.982291380526 -0.020000000000
1701 0.708000000000 0.982291380526 -0.020000000000
1702 0.794989961087 0.904331313774 0.186737393102
1703 0.883030510201 0.904331313774 0.137302904752
1704 0.799841917556 1.020000000000 0.164810758513
1705 0.849941233335 1.020000000000 0.047688135082
1706 0.849941233335 0.982291380526 0.047688135082
1707 1.020000000000 0.950890802087 0.049298243261
1708 0.916000000000 0.982291380526 -0.020000000000
1709 0.916000000000 0.913182182612 0.049298243261
1710 0.953941233335 0.950890802087 0.116986378343
1711 0.953941233335 1.020000000000 0.047688135082
1712 1.020000000000 1.020000000000 0.068527220791
1713 0.541314681944 0.706743178134 0.363452263050
1714 0.470292567427 1.020000000000 0.066796320218
1715 0.396000000000 0.906874141578 -0.020000000000
1716 0.470292567427 0.906874141578 0.066796320218
1717 0.465148866066 1.020000000000 0.185752005331
1718 0.390856298639 0.906874141578 0.098955685113
1719 0.574292567427 0.944582761052 0.066796320218
1720 0.544365908988 0.876268802034 0.123152706381
1721 0.574073341561 0.800851563086 0.036356386163
1722 0.657095127452 0.814627246940 0.052704882493
1723 0.627168469012 0.746313287923 0.109061268656
1724 0.627387694878 0.890044485888 0.139501202711
1725 0.949089276866 0.835222115861 0.138913012932
1726 0.437361283806 0.909828206891 0.358779284049
1727 0.657900684221 0.944582761052 0.097122623432
1728 0.628193251648 1.020000000000 0.183918943650
1729 0.710995811673 0.890044485888 0.169827505925
1730 0.633619870989 0.729541430563 0.371635843770
1731 0.845089276866 0.866622694300 0.069614769671
1732 0.470073341561 0.763142943612 0.036356386163
1733 0.464929640199 0.876268802034 0.155312071276
1734 0.456518387479 0.680900210953 0.111924288734
1735 0.516797552594 0.909828206891 0.326619919154
1736 0.599600112619 0.779872692780 0.312528481429
1737 0.516578326728 0.766097008926 0.296179985099
1738 0.624767244630 1.020000000000 0.325772419689
1739 0.916000000000 1.020000000000 -0.020000000000
1740 0.651904824229 0.686959457131 0.176333546608
1741 0.691905301664 0.802670945209 0.320712062149
1742 0.769411721062 0.686856264302 0.220076854109
1743 0.568883038338 0.673183773277 0.159985050278
1744 0.500000000000 0.831456902630 -0.020000000000
1745 0.794184404318 0.774375799662 0.142319652164
1746 0.761095127452 0.852335866414 0.052704882493
1747 0.708000000000 0.906874141578 -0.020000000000
1748 0.541159127836 1.020000000000 0.295446116476
1749 0.623961687861 0.890044485888 0.281354678751
1750 0.500000000000 0.944582761052 -0.020000000000
1751 0.574292567427 1.020000000000 0.066796320218
1752 0.604000000000 0.944582761052 -0.020000000000
1753 0.500000000000 1.020000000000 -0.020000000000
1754 0.770116983385 0.674193613499 -0.020000000000
1755 0.707207191519 0.686611281778 0.052704882493
1756 0.773100046769 0.747671303497 0.052704882493
1757 0.720004919317 0.802209578661 -0.020000000000
1758 0.654112064068 0.741149556942 -0.020000000000
1759 1.020000000000 0.763307373047 0.049298243261
1760 0.949089276866 0.810539599255 0.069614769671
1761 0.949089276866 0.741430401341 0.138913012932
1762 1.020000000000 0.787989889653 0.118596486523
1763 1.020000000000 0.857099087567 0.049298243261
1764 0.538876379803 0.658224449576 0.036356386163
1765 0.928004919317 0.783835103089 -0.020000000000
1766 0.857094196183 0.761958131383 0.069614769671
1767 0.928004919317 0.714725905176 0.049298243261
1768 0.814137481672 0.689145977887 0.130153487796
1769 0.877047273537 0.676728309608 0.057448605303
1770 0.845922371152 0.621321929352 -0.020000000000
1771 0.928004919317 0.690043388569 -0.020000000000
1772 0.568803038242 0.726538408593 -0.020000000000
1773 0.464803038242 0.688829789119 -0.020000000000
1774 1.020000000000 0.926208285480 -0.020000000000
1775 0.916000000000 0.888499666006 -0.020000000000
1776 0.898131631086 0.703432805774 0.147063374973
1777 0.824004919317 0.839918198135 -0.020000000000
1778 0.624185405629 0.672835597925 0.036356386163
1779 1.020000000000 0.738624856441 -0.020000000000
1780 1.020000000000 1.020000000000 0.511163324743
1781 1.020000000000 0.701037552747 0.633078008682
1782 1.020000000000 0.743563208346 0.257192973046
1783 1.020000000000 1.020000000000 0.680775549829
1784 1.020000000000 0.860518776373 0.572120666712
1785 0.778866560409 1.020000000000 0.474231458629
1786 0.794607469033 0.681244456468 0.596919264637
1787 1.020000000000 0.722300380547 0.445135490864
1788 0.828633187222 0.613623556827 0.314743943232
1789 0.892422124814 0.628586336934 0.546150310261
1790 1.020000000000 1.020000000000 0.157054441581
1791 1.020000000000 1.020000000000 0.334108883162
1792 0.890760063646 1.020000000000 0.657899981040
1793 0.848460196869 0.852587237571 0.544476713441
1794 0.673620348424 0.845252918641 0.516014359312
1795 1.020000000000 0.879694777206 0.412533093965
1796 1.020000000000 0.897079706475 0.261842079556
1797 0.875610964909 1.020000000000 0.245581662372
1798 0.934230098434 0.850292195195 0.654104274770
1799 0.955380031823 0.933998576409 0.710815908569
1800 0.869610130258 0.936293618786 0.601188347241
1801 0.805868782353 1.020000000000 0.722586713943
1802 0.761040272647 0.848920078106 0.530245536376
1803 0.697298924742 0.932626459321 0.651643903078
1804 0.813663378639 0.936293618786 0.509354086035
1805 0.726243454417 0.932626459321 0.495122908970
1806 0.782190206035 0.932626459321 0.586957170176
1807 0.834813312028 1.020000000000 0.566065719835
1808 1.020000000000 0.774517352783 0.698404922390
1809 0.955855322143 0.680308351527 0.684672414353
1810 0.681911203550 0.671347908328 0.578839892614
1811 0.734113908729 0.763248687554 0.556466811974
1812 0.704048714621 0.743762110804 0.631135577308
1813 0.764542274925 0.661757879717 0.671588029971
1814 0.658299840614 1.020000000000 0.455765525572
1815 0.658906601047 1.020000000000 0.562805650382
1816 0.538339881251 1.020000000000 0.544339717325
1817 0.934230098434 0.936293618786 0.527820019092
1818 0.955380031823 1.020000000000 0.584531652891
1819 0.955380031823 0.940259388187 0.615010323876
1820 1.020000000000 0.940259388187 0.541641995728
1821 0.934230098434 0.856553006972 0.558298690077
1822 0.934230098434 0.776812395159 0.588777361062
1823 0.821533832951 0.766915847019 0.570697989039
1824 0.907303734517 0.691141004607 0.614998636659
1825 0.843159056660 0.670411803388 0.666593042331
1826 0.870085420578 0.756083193939 0.640371766733
1827 0.955380031823 1.020000000000 0.669337765434
1828 1.020000000000 1.020000000000 0.595969437286
1829 1.020000000000 0.940259388187 0.626448108271
1830 0.749922030735 1.020000000000 0.630752452737
1831 1.020000000000 0.933998576409 0.722253692964
1832 0.899433280204 1.020000000000 0.492697391686
1833 1.020000000000 0.854257964596 0.667926251406
1834 1.020000000000 0.780778164560 0.602599337697
1835 1.020000000000 0.628428385312 0.418867355368
1836 0.956211062407 0.675443358740 0.495642900563
1837 1.020000000000 0.655723767059 0.498479265476
1838 0.924316593611 0.667961968687 0.379939717048
1839 1.020000000000 0.732931794446 0.351164231955
1840 0.924316593611 0.678593382587 0.285968458139
1841 1.020000000000 0.639059799212 0.324896096459
1842 0.860527656018 0.621104946880 0.430447126747
1843 1.020000000000 0.605060703471 0.671944862124
1844 1.020000000000 0.645092353159 0.592450524385
1845 0.956211062407 0.664811944840 0.589614159472
1846 0.956211062407 0.568835095565 0.628481012913
1847 1.020000000000 0.711668966647 0.539106749773
1848 0.955855322143 0.584331502252 0.723539267795
1849 0.892066384550 0.644082743621 0.641208565143
1850 0.843514796924 0.654915396701 0.571534787449
1851 0.895860481205 0.570963106718 0.672023842440
1852 0.779725859331 0.618689788794 0.528070938238
1853 0.847308893578 0.581795759798 0.602350064746
1854 0.793706166676 1.020000000000 0.229913454617
1855 0.881746715790 1.020000000000 0.180478966267
1856 0.876894759321 0.904331313774 0.202405600856
1857 0.949089276866 0.834178702377 0.285881316653
1858 0.947805482455 0.949847388603 0.329057378168
1859 0.863319375301 0.820624932560 0.351853126391
1860 0.862035580889 0.936293618786 0.395029187906
1861 0.934230098434 0.866141007389 0.478504903703
1862 1.020000000000 0.950890802087 0.137825464052
1863 0.953941233335 1.020000000000 0.136215355872
1864 0.775899451078 0.816957773095 0.337621949326
1865 0.751126767823 0.729438237734 0.415379151272
1866 0.853405870477 0.701143092188 0.236986741287
1867 0.838546692045 0.733105397199 0.429610328337
1868 0.924316593611 0.746659167017 0.363638518599
1869 1.020000000000 0.811628992776 0.334863033505
1870 0.949089276866 0.766112917947 0.208211256194
1871 0.899433280204 1.020000000000 0.404170170896
1872 1.020000000000 1.020000000000 0.422636103953
1873 0.899433280204 0.949847388603 0.443382276297
1874 1.020000000000 0.949847388603 0.461848209354
1875 1.020000000000 0.949847388603 0.373320988563
1876 0.774615656667 0.932626459321 0.380798010842
1877 0.947805482455 0.950890802087 0.182089074447
1878 0.949089276866 0.842871167012 0.210535809448
1879 1.020000000000 0.888387241841 0.337187586760
1880 0.947805482455 0.958539853237 0.253711870964
1881 0.692710858433 0.932626459321 0.365129803087
1882 0.719232299026 0.700694019881 0.487618485576
1883 0.870441160842 0.740586787253 0.545313511851
1884 0.827238762659 1.020000000000 0.359906560500
1885 1.020000000000 0.889430655324 0.190219283039
1886 1.020000000000 0.812672406259 0.187894729784
1887 1.020000000000 0.820321457410 0.259517526301
1888 1.020000000000 0.791409578460 0.508628078788
1889 1.020000000000 0.870106776790 0.492326880339
1890 1.020000000000 0.800997578876 0.428834292414
1891 0.934230098434 0.787443809059 0.494806102153
1892 0.745333964426 1.020000000000 0.344238352746
1893 0.947805482455 1.020000000000 0.289845272767
1894 0.811620328127 0.647434006647 0.455831603935
1895 1.020000000000 0.958539853237 0.297975481359
1896 1.020000000000 1.020000000000 0.245581662372
1897 0.947805482455 1.020000000000 0.201318051976
1898 1.020000000000 0.958539853237 0.209448260568
$EndNodes
$Elements
2013
1 15 3 1 1 0 1542
2 15 3 2 2 0 593
3 15 3 3 3 0 1780
4 15 3 4 4 0 831
5 15 3 5 5 0 475
6 15 3 6 6 0 356
7 15 3 7 7 0 1543
8 15 3 8 8 0 1544
9 15 3 9 9 0 1424
10 15 3 10 10 0 1781
11 15 3 11 11 0 1187
12 15 3 12 12 0 1305
13 15 3 13 13 0 1306
14 15 3 14 14 0 1068
15 15 3 15 15 0 1
16 15 3 16 16 0 119
17 15 3 17 17 0 2
18 15 3 18 18 0 3
19 15 3 19 19 0 832
20 15 3 20 20 0 357
21 15 3 21 21 0 712
22 15 3 22 22 0 476
23 15 3 23 23 0 713
24 15 3 24 24 0 950
25 15 3 25 25 0 238
26 15 3 26 26 0 1069
27 15 3 27 27 0 951
28 15 3 28 28 0 1188
29 15 3 29 29 0 1661
30 15 3 30 30 0 1782
31 15 3 31 31 0 239
32 15 3 32 32 0 120
33 15 3 33 33 0 4
34 15 3 34 34 0 714
35 15 3 35 35 0 1662
36 8 3 1 1 0 1780 1783 1828
37 8 3 1 1 0 1783 1545 1619
38 8 3 1 1 0 1545 1542 1628
39 8 3 2 2 0 1542 1546 1607
40 8 3 2 2 0 1546 1543 1579
41 8 3 3 3 0 1543 1544 1636
42 8 3 4 4 0 1544 1781 1598
43 8 3 5 5 0 1781 1784 1834
44 8 3 5 5 0 1784 1780 1820
45 8 3 6 6 0 593 594 636
46 8 3 6 6 0 594 1425 666
47 8 3 6 6 0 1425 1426 1504
48 8 3 6 6 0 1426 1547 1594
49 8 3 6 6 0 1547 1542 1637
50 8 3 7 7 0 1780 1785 1832
51 8 3 7 7 0 1785 1663 1814
52 8 3 7 7 0 1663 831 855
53 8 3 8 8 0 831 477 858
54 8 3 8 8 0 477 595 519
55 8 3 8 8 0 595 593 654
56 8 3 9 9 0 593 596 634
57 8 3 9 9 0 596 597 645
58 8 3 9 9 0 597 356 671
59 8 3 10 10 0 356 358 374
60 8 3 10 10 0 358 1427 376
61 8 3 10 10 0 1427 1424 1498
62 8 3 11 11 0 1424 1548 1446
63 8 3 11 11 0 1548 1543 1630
64 8 3 12 12 0 831 833 856
65 8 3 12 12 0 833 475 731
66 8 3 13 13 0 475 478 498
67 8 3 13 13 0 478 598 614
68 8 3 13 13 0 598 356 668
69 8 3 14 14 0 475 1428 493
70 8 3 14 14 0 1428 1786 1810
71 8 3 14 14 0 1786 1781 1824
72 8 3 15 15 0 1424 1549 1447
73 8 3 15 15 0 1549 1544 1624
74 8 3 16 16 0 1187 1189 1243
75 8 3 16 16 0 1189 1190 1249
76 8 3 16 16 0 1190 1068 1099
77 8 3 17 17 0 1068 1070 1098
78 8 3 17 17 0 1070 119 1090
79 8 3 18 18 0 119 5 141
80 8 3 18 18 0 5 1 42
81 8 3 19 19 0 1 6 41
82 8 3 19 19 0 6 1191 1247
83 8 3 19 19 0 1191 1187 1226
84 8 3 20 20 0 1305 1192 1234
85 8 3 20 20 0 1192 1187 1225
86 8 3 21 21 0 1 7 44
87 8 3 21 21 0 7 3 24
88 8 3 22 22 0 3 8 52
89 8 3 22 22 0 8 1305 1330
90 8 3 23 23 0 1068 1071 1097
91 8 3 23 23 0 1071 1072 1100
92 8 3 23 23 0 1072 1306 1338
93 8 3 24 24 0 1306 1307 1324
94 8 3 24 24 0 1307 1305 1341
95 8 3 25 25 0 3 9 53
96 8 3 25 25 0 9 2 34
97 8 3 26 26 0 2 1306 1337
98 8 3 27 27 0 119 121 138
99 8 3 27 27 0 121 2 32
100 8 3 28 28 0 357 599 383
101 8 3 28 28 0 599 600 710
102 8 3 28 28 0 600 593 702
103 8 3 29 29 0 593 601 708
104 8 3 29 29 0 601 479 709
105 8 3 29 29 0 479 834 568
106 8 3 29 29 0 834 835 895
107 8 3 29 29 0 835 832 891
108 8 3 30 30 0 832 836 889
109 8 3 30 30 0 836 712 888
110 8 3 31 31 0 712 715 752
111 8 3 31 31 0 715 476 749
112 8 3 32 32 0 476 480 567
113 8 3 32 32 0 480 359 707
114 8 3 32 32 0 359 357 379
115 8 3 33 33 0 831 837 900
116 8 3 33 33 0 837 838 899
117 8 3 33 33 0 838 832 890
118 8 3 34 34 0 357 356 380
119 8 3 35 35 0 713 716 732
120 8 3 35 35 0 716 712 745
121 8 3 36 36 0 475 713 751
122 8 3 37 37 0 476 717 549
123 8 3 37 37 0 717 713 734
124 8 3 38 38 0 950 1073 1002
125 8 3 38 38 0 1073 1069 1119
126 8 3 39 39 0 1069 1074 1117
127 8 3 39 39 0 1074 952 1016
128 8 3 39 39 0 952 951 993
129 8 3 40 40 0 951 1544 1659
130 8 3 41 41 0 1543 1550 1656
131 8 3 41 41 0 1550 953 1022
132 8 3 41 41 0 953 950 1004
133 8 3 42 42 0 950 954 978
134 8 3 42 42 0 954 240 1007
135 8 3 42 42 0 240 241 292
136 8 3 42 42 0 241 238 287
137 8 3 43 43 0 238 242 286
138 8 3 43 43 0 242 243 293
139 8 3 43 43 0 243 1075 264
140 8 3 43 43 0 1075 1068 1138
141 8 3 44 44 0 1068 1076 1131
142 8 3 44 44 0 1076 1069 1142
143 8 3 45 45 0 1424 1429 1524
144 8 3 45 45 0 1429 360 385
145 8 3 45 45 0 360 244 392
146 8 3 45 45 0 244 238 288
147 8 3 46 46 0 1068 1077 1129
148 8 3 46 46 0 1077 955 1124
149 8 3 46 46 0 955 951 995
150 8 3 47 47 0 1069 1078 1146
151 8 3 47 47 0 1078 1193 1302
152 8 3 47 47 0 1193 1188 1297
153 8 3 48 48 0 1188 1194 1284
154 8 3 48 48 0 1194 1308 1303
155 8 3 48 48 0 1308 1661 1378
156 8 3 49 49 0 1661 1664 1695
157 8 3 49 49 0 1664 1782 1689
158 8 3 50 50 0 1782 1787 1839
159 8 3 50 50 0 1787 1781 1847
160 8 3 51 51 0 1781 951 1843
161 8 3 52 52 0 1187 1188 1290
162 8 3 53 53 0 1305 1309 1349
163 8 3 53 53 0 1309 1661 1691
164 8 3 54 54 0 1782 1788 1840
165 8 3 54 54 0 1788 1306 1373
166 8 3 55 55 0 1781 1789 1845
167 8 3 55 55 0 1789 1310 1059
168 8 3 55 55 0 1310 1306 1377
169 8 3 56 56 0 120 245 336
170 8 3 56 56 0 245 246 316
171 8 3 56 56 0 246 239 338
172 8 3 57 57 0 239 247 327
173 8 3 57 57 0 247 361 399
174 8 3 57 57 0 361 357 441
175 8 3 58 58 0 476 122 586
176 8 3 58 58 0 122 123 181
177 8 3 58 58 0 123 120 195
178 8 3 59 59 0 120 124 194
179 8 3 59 59 0 124 119 203
180 8 3 60 60 0 119 125 202
181 8 3 60 60 0 125 248 341
182 8 3 60 60 0 248 238 331
183 8 3 61 61 0 238 239 328
184 8 3 62 62 0 238 362 315
185 8 3 62 62 0 362 363 425
186 8 3 62 62 0 363 356 394
187 8 3 63 63 0 713 718 766
188 8 3 63 63 0 718 2 761
189 8 3 64 64 0 475 719 582
190 8 3 64 64 0 719 2 760
191 8 3 65 65 0 714 720 800
192 8 3 65 65 0 720 10 89
193 8 3 65 65 0 10 4 102
194 8 3 66 66 0 4 11 69
195 8 3 66 66 0 11 126 63
196 8 3 66 66 0 126 120 237
197 8 3 67 67 0 712 714 793
198 8 3 68 68 0 4 1 105
199 8 3 69 69 0 714 721 801
200 8 3 69 69 0 721 3 98
201 8 3 70 70 0 2 722 81
202 8 3 70 70 0 722 723 776
203 8 3 70 70 0 723 714 795
204 8 3 71 71 0 832 839 946
205 8 3 71 71 0 839 714 822
206 8 3 72 72 0 1662 1790 1712
207 8 3 72 72 0 1790 1791 1896
208 8 3 72 72 0 1791 1780 1872
209 8 3 73 73 0 1782 1665 1886
210 8 3 73 73 0 1665 1662 1707
211 8 3 74 74 0 1662 1666 1739
212 8 3 74 74 0 1666 1667 1697
213 8 3 74 74 0 1667 1668 1753
214 8 3 74 74 0 1668 840 949
215 8 3 74 74 0 840 832 945
216 8 3 75 75 0 1662 1669 1708
217 8 3 75 75 0 1669 1670 1747
218 8 3 75 75 0 1670 1671 1744
219 8 3 75 75 0 1671 724 905
220 8 3 75 75 0 724 714 816
221 8 3 76 76 0 1661 1672 1779
222 8 3 76 76 0 1672 1662 1774
223 9 3 1 1 0 1783 1545 1551 1619 1616 1831
224 9 3 1 1 0 1551 1545 1553 1616 1623 1621
225 9 3 1 1 0 1784 1783 1551 1829 1831 1833
226 9 3 1 1 0 1544 1781 1551 1598 1808 1570
227 9 3 1 1 0 1783 1784 1780 1829 1820 1828
228 9 3 1 1 0 1543 1544 1552 1636 1573 1580
229 9 3 1 1 0 1781 1784 1551 1834 1833 1808
230 9 3 1 1 0 1544 1551 1552 1570 1575 1573
231 9 3 1 1 0 1546 1543 1552 1579 1580 1581
232 9 3 1 1 0 1545 1542 1553 1628 1606 1623
233 9 3 1 1 0 1542 1546 1553 1607 1605 1606
234 9 3 1 1 0 1552 1551 1553 1575 1621 1612
235 9 3 1 1 0 1546 1552 1553 1581 1612 1605
236 9 3 2 2 0 1792 1780 1785 1818 1832 1807
237 9 3 2 2 0 1783 1780 1792 1828 1818 1827
238 9 3 2 2 0 1554 1555 1792 1587 1588 1801
239 9 3 2 2 0 1554 1547 1555 1615 1633 1587
240 9 3 2 2 0 1430 1431 1554 1474 1468 1499
241 9 3 2 2 0 1431 1426 1554 1469 1590 1468
242 9 3 2 2 0 595 593 594 654 636 655
243 9 3 2 2 0 1430 481 602 507 506 502
244 9 3 2 2 0 1430 1663 481 1816 850 507
245 9 3 2 2 0 1431 1430 602 1474 502 1473
246 9 3 2 2 0 477 602 481 510 506 511
247 9 3 2 2 0 1431 1425 1426 1495 1504 1469
248 9 3 2 2 0 1545 1555 1542 1618 1629 1628
249 9 3 2 2 0 1542 1555 1547 1629 1633 1637
250 9 3 2 2 0 595 594 602 655 664 659
251 9 3 2 2 0 602 1425 1431 646 1495 1473
252 9 3 2 2 0 602 594 1425 664 666 646
253 9 3 2 2 0 477 595 602 519 659 510
254 9 3 2 2 0 1430 1785 1663 1815 1814 1816
255 9 3 2 2 0 1555 1545 1783 1618 1619 1620
256 9 3 2 2 0 1426 1547 1554 1594 1615 1590
257 9 3 2 2 0 1785 1430 1554 1815 1499 1830
258 9 3 2 2 0 1783 1792 1555 1827 1588 1620
259 9 3 2 2 0 481 831 477 854 858 511
260 9 3 2 2 0 1663 831 481 855 854 850
261 9 3 2 2 0 1785 1554 1792 1830 1801 1807
262 9 3 3 3 0 1432 1433 1434 1507 1479 1496
263 9 3 3 3 0 1433 1427 1434 1497 1489 1479
264 9 3 3 3 0 1427 1424 1434 1498 1451 1489
265 9 3 3 3 0 1434 1426 1432 1485 1483 1496
266 9 3 3 3 0 1546 1542 1556 1607 1608 1578
267 9 3 3 3 0 1556 1542 1547 1608 1637 1626
268 9 3 3 3 0 603 1433 604 647 629 652
269 9 3 3 3 0 603 358 1433 649 650 647
270 9 3 3 3 0 1433 1432 604 1507 1506 629
271 9 3 3 3 0 1433 358 1427 650 376 1497
272 9 3 3 3 0 605 603 604 625 652 642
273 9 3 3 3 0 594 593 596 636 634 635
274 9 3 3 3 0 597 603 605 626 625 621
275 9 3 3 3 0 605 596 597 644 645 621
276 9 3 3 3 0 594 596 605 635 644 656
277 9 3 3 3 0 1546 1556 1543 1578 1577 1579
278 9 3 3 3 0 1543 1556 1548 1577 1632 1630
279 9 3 3 3 0 1432 1426 1425 1483 1504 1505
280 9 3 3 3 0 1556 1557 1548 1625 1568 1632
281 9 3 3 3 0 603 356 358 669 374 649
282 9 3 3 3 0 1425 604 1432 657 1506 1505
283 9 3 3 3 0 597 356 603 671 669 626
284 9 3 3 3 0 1547 1557 1556 1593 1625 1626
285 9 3 3 3 0 605 604 1425 642 657 665
286 9 3 3 3 0 1425 594 605 666 656 665
287 9 3 3 3 0 1557 1547 1426 1593 1594 1595
288 9 3 3 3 0 1557 1424 1548 1445 1446 1568
289 9 3 3 3 0 1434 1557 1426 1450 1595 1485
290 9 3 3 3 0 1424 1557 1434 1445 1450 1451
291 9 3 4 4 0 478 606 482 616 663 522
292 9 3 4 4 0 478 598 606 614 611 616
293 9 3 4 4 0 831 833 477 856 859 858
294 9 3 4 4 0 593 607 596 633 632 634
295 9 3 4 4 0 593 595 607 654 653 633
296 9 3 4 4 0 478 483 475 497 499 498
297 9 3 4 4 0 475 483 833 499 857 731
298 9 3 4 4 0 478 482 483 522 517 497
299 9 3 4 4 0 356 597 598 671 670 668
300 9 3 4 4 0 477 833 483 859 857 518
301 9 3 4 4 0 595 606 607 667 617 653
302 9 3 4 4 0 597 596 607 645 632 620
303 9 3 4 4 0 595 477 482 519 514 660
304 9 3 4 4 0 607 606 597 617 622 620
305 9 3 4 4 0 483 482 477 517 514 518
306 9 3 4 4 0 598 597 606 670 622 611
307 9 3 4 4 0 595 482 606 660 663 667
308 9 3 5 5 0 1793 1781 1784 1822 1834 1821
309 9 3 5 5 0 831 833 1663 856 852 855
310 9 3 5 5 0 1786 1781 1793 1824 1822 1823
311 9 3 5 5 0 1784 1780 1793 1820 1817 1821
312 9 3 5 5 0 1793 1780 1785 1817 1832 1804
313 9 3 5 5 0 1673 475 1428 496 493 1453
314 9 3 5 5 0 833 475 1673 731 496 853
315 9 3 5 5 0 1785 1794 1793 1805 1802 1804
316 9 3 5 5 0 1793 1794 1786 1802 1811 1823
317 9 3 5 5 0 1673 1794 1663 1682 1683 1684
318 9 3 5 5 0 1428 1786 1794 1810 1811 1465
319 9 3 5 5 0 1785 1663 1794 1814 1683 1805
320 9 3 5 5 0 1663 833 1673 852 853 1684
321 9 3 5 5 0 1428 1794 1673 1465 1682 1453
322 9 3 6 6 0 1428 1435 1436 1458 1492 1480
323 9 3 6 6 0 1427 1435 608 1488 1502 1503
324 9 3 6 6 0 1435 1427 1437 1488 1486 1487
325 9 3 6 6 0 1427 1424 1437 1498 1443 1486
326 9 3 6 6 0 1786 1428 1436 1810 1480 1813
327 9 3 6 6 0 598 358 608 375 373 613
328 9 3 6 6 0 478 598 608 614 613 615
329 9 3 6 6 0 356 358 598 374 375 668
330 9 3 6 6 0 358 1427 608 376 1503 373
331 9 3 6 6 0 1428 475 484 493 494 1452
332 9 3 6 6 0 1435 1428 484 1458 1452 1508
333 9 3 6 6 0 475 478 484 498 501 494
334 9 3 6 6 0 478 608 484 615 521 501
335 9 3 6 6 0 1549 1544 1558 1624 1572 1603
336 9 3 6 6 0 1781 1786 1558 1824 1825 1809
337 9 3 6 6 0 608 1435 484 1502 1508 521
338 9 3 6 6 0 1436 1549 1558 1599 1603 1602
339 9 3 6 6 0 1424 1549 1437 1447 1448 1443
340 9 3 6 6 0 1544 1781 1558 1598 1809 1572
341 9 3 6 6 0 1549 1436 1437 1599 1493 1448
342 9 3 6 6 0 1786 1436 1558 1813 1602 1825
343 9 3 6 6 0 1436 1435 1437 1492 1487 1493
344 9 3 7 7 0 1544 1549 1543 1624 1635 1636
345 9 3 7 7 0 1549 1548 1543 1576 1630 1635
346 9 3 7 7 0 1424 1548 1549 1446 1576 1447
347 9 3 8 8 0 1190 1070 1195 1087 1208 1207
348 9 3 8 8 0 1190 1195 1196 1207 1239 1248
349 9 3 8 8 0 1189 1190 1196 1249 1248 1241
350 9 3 8 8 0 1187 1189 1196 1243 1241 1224
351 9 3 8 8 0 119 5 1195 141 142 137
352 9 3 8 8 0 1068 1070 1190 1098 1087 1099
353 9 3 8 8 0 1191 1187 1196 1226 1224 1218
354 9 3 8 8 0 1195 5 1197 142 48 1251
355 9 3 8 8 0 1 6 5 41 40 42
356 9 3 8 8 0 1070 119 1195 1090 137 1208
357 9 3 8 8 0 5 6 1197 40 39 48
358 9 3 8 8 0 6 1191 1197 1247 1221 39
359 9 3 8 8 0 1191 1196 1197 1218 1220 1221
360 9 3 8 8 0 1196 1195 1197 1239 1251 1220
361 9 3 9 9 0 1 7 6 44 28 41
362 9 3 9 9 0 1187 1191 1192 1226 1222 1225
363 9 3 9 9 0 6 12 1198 27 45 1246
364 9 3 9 9 0 1191 6 1198 1247 1246 1217
365 9 3 9 9 0 8 1305 1198 1330 1232 1245
366 9 3 9 9 0 1305 1192 1198 1234 1235 1232
367 9 3 9 9 0 1192 1191 1198 1222 1217 1235
368 9 3 9 9 0 6 7 12 28 21 27
369 9 3 9 9 0 3 8 12 52 51 25
370 9 3 9 9 0 7 3 12 24 25 21
371 9 3 9 9 0 12 8 1198 51 1245 45
372 9 3 10 10 0 1199 1311 1200 1231 1340 1229
373 9 3 10 10 0 1187 1189 1192 1243 1242 1225
374 9 3 10 10 0 1200 1311 1307 1340 1328 1339
375 9 3 10 10 0 1307 1305 1200 1341 1322 1339
376 9 3 10 10 0 1068 1071 1190 1097 1095 1099
377 9 3 10 10 0 1200 1305 1192 1322 1234 1233
378 9 3 10 10 0 1199 1072 1311 1092 1321 1231
379 9 3 10 10 0 1199 1071 1072 1094 1100 1092
380 9 3 10 10 0 1190 1071 1199 1095 1094 1210
381 9 3 10 10 0 1311 1306 1307 1327 1324 1328
382 9 3 10 10 0 1072 1306 1311 1338 1327 1321
383 9 3 10 10 0 1189 1190 1199 1249 1210 1250
384 9 3 10 10 0 1200 1192 1189 1233 1242 1244
385 9 3 10 10 0 1189 1199 1200 1250 1229 1244
386 9 3 11 11 0 1306 1312 2 1325 31 1337
387 9 3 11 11 0 1306 1307 1312 1324 1323 1325
388 9 3 11 11 0 8 1312 1305 1329 1331 1330
389 9 3 11 11 0 3 9 8 53 49 52
390 9 3 11 11 0 1312 1307 1305 1323 1341 1331
391 9 3 11 11 0 9 2 1312 34 31 36
392 9 3 11 11 0 1312 8 9 1329 49 36
393 9 3 12 12 0 1072 2 1306 1333 1337 1338
394 9 3 12 12 0 121 1079 119 140 136 138
395 9 3 12 12 0 1068 1070 1071 1098 1093 1097
396 9 3 12 12 0 1079 1070 119 1089 1090 136
397 9 3 12 12 0 2 1079 121 1335 140 32
398 9 3 12 12 0 2 1072 1079 1333 1091 1335
399 9 3 12 12 0 1071 1070 1079 1093 1089 1096
400 9 3 12 12 0 1079 1072 1071 1091 1100 1096
401 9 3 13 13 0 5 7 1 43 44 42
402 9 3 13 13 0 119 121 5 138 143 141
403 9 3 13 13 0 7 13 3 22 23 24
404 9 3 13 13 0 2 9 121 34 35 32
405 9 3 13 13 0 3 13 9 23 38 53
406 9 3 13 13 0 5 121 13 143 29 47
407 9 3 13 13 0 13 7 5 22 43 47
408 9 3 13 13 0 13 121 9 29 35 38
409 9 3 14 14 0 485 480 610 546 699 694
410 9 3 14 14 0 715 476 486 749 548 742
411 9 3 14 14 0 480 485 487 546 537 555
412 9 3 14 14 0 480 359 610 707 679 699
413 9 3 14 14 0 715 486 841 742 867 741
414 9 3 14 14 0 479 834 486 568 901 556
415 9 3 14 14 0 600 609 610 696 692 683
416 9 3 14 14 0 599 600 610 710 683 706
417 9 3 14 14 0 486 476 487 548 565 552
418 9 3 14 14 0 479 486 488 556 545 536
419 9 3 14 14 0 836 712 841 888 748 872
420 9 3 14 14 0 712 715 841 752 741 748
421 9 3 14 14 0 486 834 841 901 862 867
422 9 3 14 14 0 835 836 841 870 872 871
423 9 3 14 14 0 357 599 610 383 706 381
424 9 3 14 14 0 359 357 610 379 381 679
425 9 3 14 14 0 609 485 610 693 694 692
426 9 3 14 14 0 835 832 836 891 889 870
427 9 3 14 14 0 601 488 609 676 674 675
428 9 3 14 14 0 476 480 487 567 555 565
429 9 3 14 14 0 834 835 841 895 871 862
430 9 3 14 14 0 593 601 609 708 675 701
431 9 3 14 14 0 600 593 609 702 701 696
432 9 3 14 14 0 488 485 609 534 693 674
433 9 3 14 14 0 601 479 488 709 536 676
434 9 3 14 14 0 486 487 488 552 553 545
435 9 3 14 14 0 487 485 488 537 534 553
436 9 3 15 15 0 595 601 593 677 708 654
437 9 3 15 15 0 477 479 595 535 698 519
438 9 3 15 15 0 479 842 834 559 886 568
439 9 3 15 15 0 479 477 842 535 560 559
440 9 3 15 15 0 479 601 595 709 677 698
441 9 3 15 15 0 835 834 837 895 876 894
442 9 3 15 15 0 832 835 838 891 884 890
443 9 3 15 15 0 842 477 831 560 858 881
444 9 3 15 15 0 838 835 837 884 894 899
445 9 3 15 15 0 831 837 842 900 887 881
446 9 3 15 15 0 842 837 834 887 876 886
447 9 3 16 16 0 600 596 593 703 634 702
448 9 3 16 16 0 599 597 600 705 682 710
449 9 3 16 16 0 357 356 599 380 704 383
450 9 3 16 16 0 597 596 600 645 703 682
451 9 3 16 16 0 356 597 599 671 705 704
452 9 3 17 17 0 716 712 843 745 747 746
453 9 3 17 17 0 712 836 843 888 873 747
454 9 3 17 17 0 833 475 713 731 751 743
455 9 3 17 17 0 836 838 843 883 885 873
456 9 3 17 17 0 833 713 844 743 735 869
457 9 3 17 17 0 716 843 844 746 892 737
458 9 3 17 17 0 832 838 836 890 883 889
459 9 3 17 17 0 838 837 843 899 877 885
460 9 3 17 17 0 713 716 844 732 737 735
461 9 3 17 17 0 831 833 845 856 878 882
462 9 3 17 17 0 843 837 845 877 875 864
463 9 3 17 17 0 844 843 845 892 864 898
464 9 3 17 17 0 833 844 845 869 898 878
465 9 3 17 17 0 837 831 845 900 882 875
466 9 3 18 18 0 359 356 357 378 380 379
467 9 3 18 18 0 478 489 490 529 544 531
468 9 3 18 18 0 490 476 717 564 549 561
469 9 3 18 18 0 490 489 480 544 547 554
470 9 3 18 18 0 480 476 490 567 564 554
471 9 3 18 18 0 475 490 713 532 566 751
472 9 3 18 18 0 713 490 717 566 561 734
473 9 3 18 18 0 598 356 359 668 378 377
474 9 3 18 18 0 489 359 480 382 707 547
475 9 3 18 18 0 489 478 598 529 614 687
476 9 3 18 18 0 490 475 478 532 498 531
477 9 3 18 18 0 598 359 489 377 382 687
478 9 3 19 19 0 476 717 715 549 750 749
479 9 3 19 19 0 717 716 715 733 740 750
480 9 3 19 19 0 713 716 717 732 733 734
481 9 3 19 19 0 715 716 712 740 745 752
482 9 3 20 20 0 950 1073 956 1002 1113 1001
483 9 3 20 20 0 953 950 956 1004 1001 981
484 9 3 20 20 0 1069 1074 1073 1117 1118 1119
485 9 3 20 20 0 1544 1543 1559 1636 1655 1658
486 9 3 20 20 0 1073 1074 956 1118 1125 1113
487 9 3 20 20 0 1543 1550 1559 1656 1648 1655
488 9 3 20 20 0 1074 952 956 1016 1017 1125
489 9 3 20 20 0 1550 953 957 1022 1021 1649
490 9 3 20 20 0 953 956 957 981 1024 1021
491 9 3 20 20 0 952 951 957 993 999 1023
492 9 3 20 20 0 956 952 957 1017 1023 1024
493 9 3 20 20 0 951 1544 1559 1659 1658 1654
494 9 3 20 20 0 957 951 1559 999 1654 1653
495 9 3 20 20 0 1550 957 1559 1649 1653 1648
496 9 3 21 21 0 1075 1080 249 1126 289 260
497 9 3 21 21 0 1075 1081 1080 1135 1104 1126
498 9 3 21 21 0 1081 958 1080 1103 970 1104
499 9 3 21 21 0 238 242 241 286 279 287
500 9 3 21 21 0 242 243 241 293 275 279
501 9 3 21 21 0 958 954 1080 976 1006 970
502 9 3 21 21 0 1073 1081 1069 1133 1143 1119
503 9 3 21 21 0 243 249 241 263 278 275
504 9 3 21 21 0 249 240 241 274 292 278
505 9 3 21 21 0 1073 950 958 1002 977 1003
506 9 3 21 21 0 958 1081 1073 1103 1133 1003
507 9 3 21 21 0 958 950 954 977 978 976
508 9 3 21 21 0 1069 1081 1076 1143 1112 1142
509 9 3 21 21 0 1081 1068 1076 1139 1131 1112
510 9 3 21 21 0 954 240 1080 1007 1008 1006
511 9 3 21 21 0 1075 1068 1081 1138 1139 1135
512 9 3 21 21 0 249 243 1075 263 264 260
513 9 3 21 21 0 249 1080 240 289 1008 274
514 9 3 22 22 0 241 244 238 283 288 287
515 9 3 22 22 0 250 244 241 290 283 291
516 9 3 22 22 0 360 244 250 392 290 389
517 9 3 22 22 0 250 241 240 291 292 272
518 9 3 22 22 0 1438 1548 1424 1642 1446 1510
519 9 3 22 22 0 959 960 954 1012 1005 975
520 9 3 22 22 0 1543 1548 1550 1630 1647 1656
521 9 3 22 22 0 959 950 953 979 1004 980
522 9 3 22 22 0 954 950 959 978 979 975
523 9 3 22 22 0 1550 1548 1438 1647 1642 1651
524 9 3 22 22 0 959 961 960 983 1025 1012
525 9 3 22 22 0 953 961 959 985 983 980
526 9 3 22 22 0 240 960 250 273 271 272
527 9 3 22 22 0 250 1439 360 387 384 389
528 9 3 22 22 0 960 240 954 273 1007 1005
529 9 3 22 22 0 953 1550 961 1022 1009 985
530 9 3 22 22 0 1439 1429 360 1514 385 384
531 9 3 22 22 0 1438 1439 961 1516 1020 1522
532 9 3 22 22 0 1438 961 1550 1522 1009 1651
533 9 3 22 22 0 1438 1424 1429 1510 1524 1515
534 9 3 22 22 0 1438 1429 1439 1515 1514 1516
535 9 3 22 22 0 960 961 1439 1025 1020 997
536 9 3 22 22 0 1439 250 960 387 271 997
537 9 3 23 23 0 951 1544 1560 1659 1657 992
538 9 3 23 23 0 1544 1549 1560 1624 1640 1657
539 9 3 23 23 0 1429 364 1440 1520 1525 1518
540 9 3 23 23 0 251 243 252 276 262 265
541 9 3 23 23 0 1440 364 962 1525 1523 1527
542 9 3 23 23 0 243 1075 252 264 259 262
543 9 3 23 23 0 1424 1429 1440 1524 1518 1511
544 9 3 23 23 0 364 251 252 390 265 285
545 9 3 23 23 0 1077 955 962 1124 1015 1105
546 9 3 23 23 0 1077 962 1082 1105 1106 1107
547 9 3 23 23 0 1549 1440 1560 1513 1519 1640
548 9 3 23 23 0 244 238 242 288 286 281
549 9 3 23 23 0 242 243 251 293 276 280
550 9 3 23 23 0 244 242 251 281 280 282
551 9 3 23 23 0 1440 962 1560 1527 990 1519
552 9 3 23 23 0 962 252 1082 1121 1128 1106
553 9 3 23 23 0 1429 360 364 385 386 1520
554 9 3 23 23 0 962 955 1560 1015 996 990
555 9 3 23 23 0 364 360 251 386 391 390
556 9 3 23 23 0 1549 1424 1440 1447 1511 1513
557 9 3 23 23 0 962 364 252 1523 285 1121
558 9 3 23 23 0 360 244 251 392 282 391
559 9 3 23 23 0 955 951 1560 995 992 996
560 9 3 23 23 0 1068 1077 1082 1129 1107 1130
561 9 3 23 23 0 1075 1068 1082 1138 1130 1127
562 9 3 23 23 0 252 1075 1082 259 1127 1128
563 9 3 24 24 0 1083 1069 1074 1116 1117 1115
564 9 3 24 24 0 952 955 1074 994 1018 1016
565 9 3 24 24 0 955 1077 1074 1124 1132 1018
566 9 3 24 24 0 951 955 952 995 994 993
567 9 3 24 24 0 1083 1077 1076 1136 1110 1141
568 9 3 24 24 0 1068 1076 1077 1131 1110 1129
569 9 3 24 24 0 1074 1077 1083 1132 1136 1115
570 9 3 24 24 0 1076 1069 1083 1142 1116 1141
571 9 3 25 25 0 1313 1201 1202 1274 1273 1261
572 9 3 25 25 0 1201 1193 1202 1300 1268 1273
573 9 3 25 25 0 1084 1201 963 1164 1156 1153
574 9 3 25 25 0 1084 963 1074 1153 1030 1155
575 9 3 25 25 0 952 1074 963 1016 1030 1039
576 9 3 25 25 0 1201 1313 1314 1274 1347 1369
577 9 3 25 25 0 1664 1782 1315 1689 1690 1686
578 9 3 25 25 0 1084 1078 1201 1148 1299 1164
579 9 3 25 25 0 964 965 966 1054 1027 1047
580 9 3 25 25 0 965 1787 966 1835 1837 1027
581 9 3 25 25 0 1782 965 1315 1841 1374 1690
582 9 3 25 25 0 1787 965 1782 1835 1841 1839
583 9 3 25 25 0 1202 1194 1313 1262 1258 1261
584 9 3 25 25 0 1194 1308 1313 1303 1356 1258
585 9 3 25 25 0 1315 1661 1664 1692 1695 1686
586 9 3 25 25 0 1313 1308 1315 1356 1370 1345
587 9 3 25 25 0 1308 1661 1315 1378 1692 1370
588 9 3 25 25 0 1193 1201 1078 1300 1299 1302
589 9 3 25 25 0 964 963 965 1041 1033 1054
590 9 3 25 25 0 965 963 1314 1033 1034 1035
591 9 3 25 25 0 1313 1315 1314 1345 1342 1347
592 9 3 25 25 0 1314 1315 965 1342 1374 1035
593 9 3 25 25 0 963 1201 1314 1156 1369 1034
594 9 3 25 25 0 1084 1069 1078 1147 1146 1148
595 9 3 25 25 0 964 951 952 1048 993 1042
596 9 3 25 25 0 1074 1069 1084 1117 1147 1155
597 9 3 25 25 0 951 964 966 1048 1047 1038
598 9 3 25 25 0 1787 1781 966 1847 1844 1837
599 9 3 25 25 0 1193 1188 1202 1297 1285 1268
600 9 3 25 25 0 966 1781 951 1844 1843 1038
601 9 3 25 25 0 1202 1188 1194 1285 1284 1262
602 9 3 25 25 0 963 964 952 1041 1042 1039
603 9 3 26 26 0 1203 1204 1193 1265 1266 1267
604 9 3 26 26 0 1203 1189 1204 1253 1293 1265
605 9 3 26 26 0 1204 1189 1187 1293 1243 1292
606 9 3 26 26 0 1204 1188 1193 1288 1297 1266
607 9 3 26 26 0 1187 1188 1204 1290 1288 1292
608 9 3 26 26 0 1085 1203 1078 1280 1301 1169
609 9 3 26 26 0 1069 1076 1078 1142 1149 1146
610 9 3 26 26 0 1190 1203 1085 1281 1280 1145
611 9 3 26 26 0 1085 1068 1190 1159 1099 1145
612 9 3 26 26 0 1193 1078 1203 1302 1301 1267
613 9 3 26 26 0 1190 1189 1203 1249 1253 1281
614 9 3 26 26 0 1085 1078 1076 1169 1149 1166
615 9 3 26 26 0 1076 1068 1085 1131 1159 1166
616 9 3 27 27 0 1194 1205 1206 1286 1275 1257
617 9 3 27 27 0 1205 1192 1206 1277 1278 1275
618 9 3 27 27 0 1205 1188 1187 1287 1290 1291
619 9 3 27 27 0 1194 1188 1205 1284 1287 1286
620 9 3 27 27 0 1187 1192 1205 1225 1277 1291
621 9 3 27 27 0 1661 1308 1309 1378 1354 1691
622 9 3 27 27 0 1308 1206 1309 1269 1348 1354
623 9 3 27 27 0 1309 1206 1305 1348 1350 1349
624 9 3 27 27 0 1206 1308 1194 1269 1303 1257
625 9 3 27 27 0 1206 1192 1305 1278 1234 1350
626 9 3 28 28 0 1674 1788 1316 1694 1372 1383
627 9 3 28 28 0 1674 1782 1788 1688 1840 1694
628 9 3 28 28 0 1306 1316 1788 1363 1372 1373
629 9 3 28 28 0 1306 1307 1316 1324 1361 1363
630 9 3 28 28 0 1309 1316 1305 1353 1352 1349
631 9 3 28 28 0 1316 1307 1305 1361 1341 1352
632 9 3 28 28 0 1664 1782 1674 1689 1688 1687
633 9 3 28 28 0 1674 1661 1664 1693 1695 1687
634 9 3 28 28 0 1309 1674 1316 1379 1383 1353
635 9 3 28 28 0 1309 1661 1674 1691 1693 1379
636 9 3 29 29 0 1310 1306 967 1377 1376 1364
637 9 3 29 29 0 1306 1072 967 1338 1384 1376
638 9 3 29 29 0 1781 1789 951 1845 1846 1843
639 9 3 29 29 0 951 1789 968 1846 1057 1049
640 9 3 29 29 0 1068 1077 1071 1129 1160 1097
641 9 3 29 29 0 1789 1310 968 1059 1050 1057
642 9 3 29 29 0 1077 955 1086 1124 1044 1171
643 9 3 29 29 0 1310 967 968 1364 1051 1050
644 9 3 29 29 0 955 967 1086 1060 1040 1044
645 9 3 29 29 0 955 951 968 995 1049 1056
646 9 3 29 29 0 1072 1071 1086 1100 1170 1172
647 9 3 29 29 0 967 1072 1086 1384 1172 1040
648 9 3 29 29 0 1071 1077 1086 1160 1171 1170
649 9 3 29 29 0 967 955 968 1060 1056 1051
650 9 3 30 30 0 1782 1787 1788 1839 1838 1840
651 9 3 30 30 0 1787 1789 1788 1836 1842 1838
652 9 3 30 30 0 1781 1789 1787 1845 1836 1847
653 9 3 30 30 0 1789 1310 1788 1059 1367 1842
654 9 3 30 30 0 1788 1310 1306 1367 1377 1373
655 9 3 31 31 0 480 122 365 587 179 577
656 9 3 31 31 0 366 365 367 408 414 404
657 9 3 31 31 0 476 122 480 586 587 567
658 9 3 31 31 0 365 122 367 179 182 414
659 9 3 31 31 0 253 366 367 302 404 303
660 9 3 31 31 0 365 366 368 408 407 409
661 9 3 31 31 0 122 123 367 181 157 182
662 9 3 31 31 0 359 480 365 707 577 420
663 9 3 31 31 0 245 246 253 316 298 317
664 9 3 31 31 0 357 359 368 379 422 421
665 9 3 31 31 0 247 361 366 399 398 400
666 9 3 31 31 0 361 357 368 441 421 429
667 9 3 31 31 0 239 247 254 327 326 325
668 9 3 31 31 0 246 239 254 338 325 295
669 9 3 31 31 0 123 120 255 195 189 158
670 9 3 31 31 0 359 365 368 420 409 422
671 9 3 31 31 0 245 253 255 317 306 334
672 9 3 31 31 0 253 367 255 303 301 306
673 9 3 31 31 0 120 245 255 336 334 189
674 9 3 31 31 0 366 361 368 398 429 407
675 9 3 31 31 0 253 246 254 298 295 300
676 9 3 31 31 0 247 366 254 400 309 326
677 9 3 31 31 0 366 253 254 302 300 309
678 9 3 31 31 0 367 123 255 157 158 301
679 9 3 32 32 0 246 238 239 314 328 338
680 9 3 32 32 0 246 256 248 318 321 330
681 9 3 32 32 0 246 245 256 316 320 318
682 9 3 32 32 0 248 238 246 331 314 330
683 9 3 32 32 0 119 125 124 202 199 203
684 9 3 32 32 0 124 125 256 199 200 193
685 9 3 32 32 0 125 248 256 341 321 200
686 9 3 32 32 0 256 120 124 337 194 193
687 9 3 32 32 0 245 120 256 336 337 320
688 9 3 33 33 0 357 363 356 393 394 380
689 9 3 33 33 0 361 363 357 430 393 441
690 9 3 33 33 0 247 362 361 402 403 399
691 9 3 33 33 0 239 238 247 328 329 327
692 9 3 33 33 0 362 363 361 425 430 403
693 9 3 33 33 0 238 362 247 315 402 329
694 9 3 34 34 0 127 128 129 197 183 163
695 9 3 34 34 0 128 121 129 161 186 183
696 9 3 34 34 0 718 128 725 196 152 764
697 9 3 34 34 0 491 717 725 753 755 762
698 9 3 34 34 0 718 2 128 761 54 196
699 9 3 34 34 0 120 123 124 195 169 194
700 9 3 34 34 0 128 2 121 54 32 161
701 9 3 34 34 0 119 129 121 188 186 138
702 9 3 34 34 0 127 122 491 180 585 177
703 9 3 34 34 0 124 129 119 168 188 203
704 9 3 34 34 0 127 491 725 177 762 201
705 9 3 34 34 0 128 127 725 197 201 152
706 9 3 34 34 0 725 713 718 756 766 764
707 9 3 34 34 0 127 123 122 175 181 180
708 9 3 34 34 0 717 713 725 734 756 755
709 9 3 34 34 0 123 127 129 175 163 156
710 9 3 34 34 0 122 476 491 586 570 585
711 9 3 34 34 0 129 124 123 168 169 156
712 9 3 34 34 0 491 476 717 570 549 753
713 9 3 35 35 0 257 369 130 437 418 406
714 9 3 35 35 0 369 257 370 437 436 434
715 9 3 35 35 0 2 121 131 32 159 160
716 9 3 35 35 0 369 478 492 575 576 572
717 9 3 35 35 0 369 492 130 572 149 418
718 9 3 35 35 0 130 131 132 191 190 170
719 9 3 35 35 0 719 2 131 760 160 757
720 9 3 35 35 0 362 363 370 425 427 426
721 9 3 35 35 0 478 475 492 498 581 576
722 9 3 35 35 0 492 719 131 580 757 192
723 9 3 35 35 0 238 362 258 315 311 313
724 9 3 35 35 0 131 121 132 159 185 190
725 9 3 35 35 0 125 248 257 341 340 294
726 9 3 35 35 0 248 238 258 331 313 322
727 9 3 35 35 0 121 119 132 138 187 185
728 9 3 35 35 0 362 370 258 426 332 311
729 9 3 35 35 0 130 492 131 149 192 191
730 9 3 35 35 0 598 478 369 614 575 711
731 9 3 35 35 0 119 125 132 202 148 187
732 9 3 35 35 0 475 719 492 582 580 581
733 9 3 35 35 0 369 370 371 434 439 433
734 9 3 35 35 0 598 369 371 711 433 431
735 9 3 35 35 0 257 130 132 406 170 145
736 9 3 35 35 0 125 257 132 294 145 148
737 9 3 35 35 0 257 248 258 340 322 333
738 9 3 35 35 0 363 356 371 394 396 395
739 9 3 35 35 0 370 363 371 427 395 439
740 9 3 35 35 0 356 598 371 668 431 396
741 9 3 35 35 0 370 257 258 436 333 332
742 9 3 36 36 0 718 475 713 763 751 766
743 9 3 36 36 0 2 719 718 760 759 761
744 9 3 36 36 0 719 475 718 582 763 759
745 9 3 37 37 0 951 1781 1544 1843 1598 1659
746 9 3 38 38 0 248 242 238 352 286 331
747 9 3 38 38 0 125 243 248 349 355 341
748 9 3 38 38 0 243 242 248 293 352 355
749 9 3 38 38 0 133 119 1070 205 1090 1181
750 9 3 38 38 0 125 119 133 202 205 209
751 9 3 38 38 0 1068 1075 1070 1138 1173 1098
752 9 3 38 38 0 1075 243 133 264 348 350
753 9 3 38 38 0 133 243 125 348 349 209
754 9 3 38 38 0 133 1070 1075 1181 1173 350
755 9 3 39 39 0 244 362 238 470 315 288
756 9 3 39 39 0 244 372 363 474 467 471
757 9 3 39 39 0 244 360 372 392 465 474
758 9 3 39 39 0 358 1429 1427 450 1528 376
759 9 3 39 39 0 1424 1427 1429 1498 1528 1524
760 9 3 39 39 0 358 372 1429 463 453 450
761 9 3 39 39 0 1429 372 360 453 465 385
762 9 3 39 39 0 363 362 244 425 470 471
763 9 3 39 39 0 358 356 372 374 466 463
764 9 3 39 39 0 372 356 363 466 394 467
765 9 3 40 40 0 1789 1786 1781 1850 1824 1845
766 9 3 40 40 0 1310 1786 1789 1852 1850 1059
767 9 3 40 40 0 1306 1428 1310 1386 1393 1377
768 9 3 40 40 0 1306 2 1317 1337 1390 1388
769 9 3 40 40 0 719 1428 1317 591 1389 1396
770 9 3 40 40 0 475 1428 719 493 591 582
771 9 3 40 40 0 1428 1786 1310 1810 1852 1393
772 9 3 40 40 0 1317 1428 1306 1389 1386 1388
773 9 3 40 40 0 1317 2 719 1390 760 1396
774 9 3 41 41 0 726 134 727 231 236 802
775 9 3 41 41 0 134 122 727 234 227 236
776 9 3 41 41 0 135 134 14 215 62 60
777 9 3 41 41 0 135 123 134 230 229 215
778 9 3 41 41 0 15 134 726 76 231 87
779 9 3 41 41 0 120 123 126 195 235 237
780 9 3 41 41 0 15 14 134 108 62 76
781 9 3 41 41 0 123 122 134 181 234 229
782 9 3 41 41 0 14 4 11 70 69 68
783 9 3 41 41 0 10 4 14 102 70 101
784 9 3 41 41 0 712 714 728 793 794 792
785 9 3 41 41 0 728 714 720 794 800 782
786 9 3 41 41 0 728 726 715 779 799 796
787 9 3 41 41 0 15 720 10 91 89 90
788 9 3 41 41 0 715 712 728 752 792 796
789 9 3 41 41 0 135 14 11 60 68 64
790 9 3 41 41 0 135 126 123 216 235 230
791 9 3 41 41 0 14 15 10 108 90 101
792 9 3 41 41 0 727 476 715 787 749 790
793 9 3 41 41 0 715 726 727 799 802 790
794 9 3 41 41 0 122 476 727 586 787 227
795 9 3 41 41 0 720 15 726 91 87 783
796 9 3 41 41 0 11 126 135 63 216 64
797 9 3 41 41 0 720 726 728 783 779 782
798 9 3 42 42 0 120 126 124 237 233 194
799 9 3 42 42 0 5 16 1 103 99 42
800 9 3 42 42 0 16 11 1 67 100 99
801 9 3 42 42 0 4 1 11 105 100 69
802 9 3 42 42 0 119 16 5 220 103 141
803 9 3 42 42 0 119 124 16 203 221 220
804 9 3 42 42 0 126 11 16 63 67 65
805 9 3 42 42 0 16 124 126 221 233 65
806 9 3 43 43 0 1 4 17 105 72 57
807 9 3 43 43 0 10 7 17 94 55 96
808 9 3 43 43 0 720 721 10 781 88 89
809 9 3 43 43 0 714 721 720 801 781 800
810 9 3 43 43 0 721 3 10 98 107 88
811 9 3 43 43 0 3 7 10 24 94 107
812 9 3 43 43 0 17 7 1 55 44 57
813 9 3 43 43 0 17 4 10 72 102 96
814 9 3 44 44 0 3 9 721 53 85 98
815 9 3 44 44 0 9 722 721 106 803 85
816 9 3 44 44 0 2 722 9 81 106 34
817 9 3 44 44 0 722 723 721 776 785 803
818 9 3 44 44 0 721 723 714 785 795 801
819 9 3 45 45 0 723 712 714 791 793 795
820 9 3 45 45 0 722 716 723 767 777 776
821 9 3 45 45 0 718 713 722 766 770 772
822 9 3 45 45 0 2 718 722 761 772 81
823 9 3 45 45 0 713 716 722 732 767 770
824 9 3 45 45 0 716 712 723 745 791 777
825 9 3 46 46 0 839 836 832 913 889 946
826 9 3 46 46 0 714 712 839 793 948 822
827 9 3 46 46 0 712 836 839 888 913 948
828 9 3 47 47 0 1790 1665 1662 1862 1707 1712
829 9 3 47 47 0 1781 1787 1784 1847 1888 1834
830 9 3 47 47 0 1787 1782 1795 1839 1869 1890
831 9 3 47 47 0 1782 1665 1796 1886 1885 1887
832 9 3 47 47 0 1665 1790 1796 1862 1898 1885
833 9 3 47 47 0 1790 1791 1796 1896 1895 1898
834 9 3 47 47 0 1795 1782 1796 1869 1887 1879
835 9 3 47 47 0 1791 1780 1795 1872 1874 1875
836 9 3 47 47 0 1780 1784 1795 1820 1889 1874
837 9 3 47 47 0 1784 1787 1795 1888 1890 1889
838 9 3 47 47 0 1791 1795 1796 1875 1879 1895
839 9 3 48 48 0 1785 1791 1797 1871 1893 1884
840 9 3 48 48 0 831 1663 846 855 929 927
841 9 3 48 48 0 846 1663 1676 929 1748 1717
842 9 3 48 48 0 1666 1667 1675 1697 1696 1698
843 9 3 48 48 0 1663 1675 1676 1738 1728 1748
844 9 3 48 48 0 837 831 846 900 927 926
845 9 3 48 48 0 1663 1785 1675 1814 1892 1738
846 9 3 48 48 0 1675 1667 1676 1696 1751 1728
847 9 3 48 48 0 1666 1675 1677 1698 1704 1705
848 9 3 48 48 0 840 832 838 945 890 943
849 9 3 48 48 0 1675 1785 1797 1892 1884 1854
850 9 3 48 48 0 837 846 847 926 921 935
851 9 3 48 48 0 1668 846 1676 925 1717 1714
852 9 3 48 48 0 1668 840 847 949 944 923
853 9 3 48 48 0 1667 1668 1676 1753 1714 1751
854 9 3 48 48 0 846 1668 847 925 923 921
855 9 3 48 48 0 840 838 847 943 936 944
856 9 3 48 48 0 838 837 847 899 935 936
857 9 3 48 48 0 1662 1666 1677 1739 1705 1711
858 9 3 48 48 0 1791 1790 1797 1896 1897 1893
859 9 3 48 48 0 1790 1662 1677 1712 1711 1863
860 9 3 48 48 0 1675 1797 1677 1854 1855 1704
861 9 3 48 48 0 1797 1790 1677 1897 1863 1855
862 9 3 48 48 0 1785 1780 1791 1832 1872 1871
863 9 3 49 49 0 724 848 849 910 934 903
864 9 3 49 49 0 849 848 840 934 942 947
865 9 3 49 49 0 1667 1670 1668 1752 1750 1753
866 9 3 49 49 0 1666 1669 1667 1700 1701 1697
867 9 3 49 49 0 1662 1669 1666 1708 1700 1739
868 9 3 49 49 0 1669 1670 1667 1747 1752 1701
869 9 3 49 49 0 1670 1671 1668 1744 1715 1750
870 9 3 49 49 0 714 839 724 822 909 816
871 9 3 49 49 0 839 832 848 946 938 908
872 9 3 49 49 0 848 724 839 910 909 908
873 9 3 49 49 0 848 832 840 938 945 942
874 9 3 49 49 0 849 1668 1671 924 1715 907
875 9 3 49 49 0 1671 724 849 905 903 907
876 9 3 49 49 0 840 1668 849 949 924 947
877 9 3 50 50 0 1669 1665 1662 1709 1707 1708
878 9 3 50 50 0 1318 1678 1679 1740 1723 1743
879 9 3 50 50 0 1678 1670 1679 1722 1721 1723
880 9 3 50 50 0 724 723 729 817 819 805
881 9 3 50 50 0 714 723 724 795 817 816
882 9 3 50 50 0 2 1306 1318 1337 1400 1401
883 9 3 50 50 0 1665 1680 1782 1725 1870 1886
884 9 3 50 50 0 1782 1680 1788 1870 1866 1840
885 9 3 50 50 0 729 723 722 819 776 814
886 9 3 50 50 0 1671 724 729 905 805 906
887 9 3 50 50 0 1680 1665 1669 1725 1709 1731
888 9 3 50 50 0 1680 1678 1788 1745 1742 1866
889 9 3 50 50 0 729 1318 1679 1404 1743 1734
890 9 3 50 50 0 1678 1318 1788 1740 1403 1742
891 9 3 50 50 0 1679 1670 1671 1721 1744 1732
892 9 3 50 50 0 722 2 729 81 821 814
893 9 3 50 50 0 1678 1669 1670 1746 1747 1722
894 9 3 50 50 0 1306 1788 1318 1373 1403 1400
895 9 3 50 50 0 2 1318 729 1401 1404 821
896 9 3 50 50 0 1669 1678 1680 1746 1745 1731
897 9 3 50 50 0 729 1679 1671 1734 1732 906
898 9 3 51 51 0 1665 1672 1662 1763 1774 1707
899 9 3 51 51 0 1782 1664 1665 1689 1762 1886
900 9 3 51 51 0 1664 1672 1665 1759 1763 1762
901 9 3 51 51 0 1661 1672 1664 1779 1759 1695
902 9 3 52 52 0 730 3 721 113 98 826
903 9 3 52 52 0 1681 1309 1319 1770 1411 1754
904 9 3 52 52 0 8 3 730 52 113 117
905 9 3 52 52 0 1662 1672 1669 1774 1775 1708
906 9 3 52 52 0 1681 1319 1670 1754 1758 1757
907 9 3 52 52 0 724 721 714 827 801 816
908 9 3 52 52 0 1670 1669 1681 1747 1777 1757
909 9 3 52 52 0 724 1671 730 905 828 829
910 9 3 52 52 0 730 721 724 826 827 829
911 9 3 52 52 0 1681 1672 1661 1765 1779 1771
912 9 3 52 52 0 1669 1672 1681 1775 1765 1777
913 9 3 52 52 0 730 1320 8 116 1416 117
914 9 3 52 52 0 1671 1320 730 1773 116 828
915 9 3 52 52 0 1305 8 1320 1330 1416 1415
916 9 3 52 52 0 1671 1670 1320 1744 1772 1773
917 9 3 52 52 0 1681 1661 1309 1771 1691 1770
918 9 3 52 52 0 1305 1320 1319 1415 1420 1422
919 9 3 52 52 0 1319 1309 1305 1411 1349 1422
920 9 3 52 52 0 1319 1320 1670 1420 1772 1758
921 11 3 2 2 1 13 12 7 3 20 21 22 23 24 25
922 11 3 2 2 1 6 13 12 7 26 20 27 28 21 22
923 11 3 2 2 1 2 1312 1311 121 31 1326 1334 32 1336 33
924 11 3 2 2 1 2 1312 121 9 31 33 32 34 35 36
925 11 3 2 2 1 1312 13 121 9 37 29 33 36 35 38
926 11 3 2 2 1 5 6 1 7 40 41 42 43 44 28
927 11 3 2 2 1 1198 13 12 1197 18 20 45 1212 46 19
928 11 3 2 2 1 13 6 12 1197 26 27 20 19 46 39
929 11 3 2 2 1 6 13 5 1197 26 47 40 39 48 19
930 11 3 2 2 1 1079 2 1311 121 1335 1334 1230 140 1336 32
931 11 3 2 2 1 1312 13 9 8 37 38 36 1329 49 50
932 11 3 2 2 1 13 6 5 7 26 40 47 22 43 28
933 11 3 2 2 1 1198 13 8 12 18 50 1245 45 51 20
934 11 3 2 2 1 8 13 3 12 50 23 52 51 25 20
935 11 3 2 2 1 8 3 13 9 52 23 50 49 38 53
936 11 3 2 2 1 121 1197 5 13 30 48 143 29 47 19
937 11 3 2 2 1 1200 8 13 1312 1238 50 1215 1332 37 1329
938 11 3 8 8 1 17 7 5 1 55 43 56 57 42 44
939 11 3 8 8 1 135 134 13 14 215 58 59 60 61 62
940 11 3 8 8 1 126 11 135 16 63 64 216 65 66 67
941 11 3 8 8 1 14 11 4 17 68 69 70 71 72 73
942 11 3 8 8 1 2 9 121 128 34 35 32 54 161 74
943 11 3 8 8 1 134 13 15 128 58 75 76 219 77 78
944 11 3 8 8 1 14 11 17 16 68 73 71 79 80 67
945 11 3 8 8 1 2 722 128 718 81 82 54 761 196 772
946 11 3 8 8 1 13 9 15 128 38 83 75 78 77 74
947 11 3 8 8 1 9 726 721 15 84 778 85 83 86 87
948 11 3 8 8 1 10 721 720 15 88 781 89 90 91 86
949 11 3 8 8 1 3 9 15 13 53 83 92 23 75 38
950 11 3 8 8 1 10 7 15 17 94 95 90 96 97 55
951 11 3 8 8 1 726 721 15 720 778 86 87 783 91 781
952 11 3 8 8 1 3 9 721 15 53 85 98 92 86 83
953 11 3 8 8 1 135 11 14 16 64 68 60 66 79 67
954 11 3 8 8 1 16 11 17 1 67 73 80 99 57 100
955 11 3 8 8 1 10 14 4 17 101 70 102 96 72 71
956 11 3 8 8 1 16 17 5 1 80 56 103 99 42 57
957 11 3 8 8 1 13 16 5 129 104 103 47 224 225 222
958 11 3 8 8 1 135 13 129 16 59 224 223 66 222 104
959 11 3 8 8 1 9 726 15 128 84 87 83 74 77 93
960 11 3 8 8 1 121 13 5 129 29 47 143 186 225 224
961 11 3 8 8 1 11 4 17 1 69 72 73 100 57 105
962 11 3 8 8 1 9 726 722 721 84 774 106 85 803 778
963 11 3 8 8 1 10 3 721 15 107 98 88 90 86 92
964 11 3 8 8 1 7 10 15 3 94 90 95 24 92 107
965 11 3 8 8 1 9 2 722 128 34 81 106 74 82 54
966 11 3 8 8 1 14 134 13 15 62 58 61 108 75 76
967 11 3 8 8 1 7 14 13 15 109 61 22 95 75 108
968 11 3 8 8 1 121 9 13 128 35 38 29 161 78 74
969 11 3 8 8 1 3 7 13 15 24 22 23 92 75 95
970 11 3 8 8 1 14 10 15 17 101 90 108 71 97 96
971 11 3 8 8 1 726 134 15 128 231 76 87 93 77 219
972 11 3 8 8 1 7 14 15 17 109 108 95 55 97 71
973 11 3 8 8 1 726 9 722 128 84 106 774 93 82 74
974 11 3 8 8 1 135 14 13 16 60 61 59 66 104 79
975 11 3 8 8 1 17 5 14 16 56 110 71 80 79 103
976 11 3 8 8 1 17 14 5 7 71 110 56 55 43 109
977 11 3 8 8 1 13 14 5 16 61 110 47 104 103 79
978 11 3 8 8 1 13 5 14 7 47 110 61 22 109 43
979 11 3 10 10 1 729 9 722 730 111 106 814 824 825 112
980 11 3 10 10 1 721 3 730 9 98 113 826 85 112 53
981 11 3 10 10 1 729 9 1312 722 111 36 114 814 115 106
982 11 3 10 10 1 9 721 722 730 85 803 106 112 825 826
983 11 3 10 10 1 3 9 8 730 53 49 52 113 117 112
984 11 3 10 10 1 2 729 1312 722 821 114 31 81 115 814
985 11 3 10 10 1 9 2 1312 722 34 31 36 106 115 81
986 11 3 10 10 1 729 730 1320 1312 824 116 1407 114 1414 118
987 11 3 10 10 1 730 9 8 1312 112 49 117 118 1329 36
988 11 3 10 10 1 1312 730 1320 8 118 116 1414 1329 1416 117
989 11 3 10 10 1 729 9 730 1312 111 112 824 114 118 36
990 11 3 2 2 2 119 1079 1195 121 136 1211 137 138 139 140
991 11 3 2 2 2 5 119 1195 121 141 137 142 143 139 138
992 11 3 6 6 2 129 132 257 125 144 145 146 147 294 148
993 11 3 6 6 2 492 130 725 128 149 150 569 151 152 153
994 11 3 6 6 2 129 255 367 123 154 301 155 156 157 158
995 11 3 6 6 2 121 131 2 128 159 160 32 161 54 162
996 11 3 6 6 2 129 127 257 130 163 164 146 165 406 166
997 11 3 6 6 2 124 255 129 123 167 154 168 169 156 158
998 11 3 6 6 2 132 129 257 130 144 146 145 170 406 165
999 11 3 6 6 2 127 129 367 123 163 155 172 175 157 156
1000 11 3 6 6 2 369 127 365 491 173 171 417 174 176 177
1001 11 3 6 6 2 492 369 491 130 572 174 578 149 178 418
1002 11 3 6 6 2 123 127 122 367 175 180 181 157 182 172
1003 11 3 6 6 2 365 127 122 491 171 180 179 176 585 177
1004 11 3 6 6 2 132 129 128 121 144 183 184 185 161 186
1005 11 3 6 6 2 132 119 129 121 187 188 144 185 186 138
1006 11 3 6 6 2 129 132 128 130 144 184 183 165 153 170
1007 11 3 6 6 2 132 131 128 130 190 162 184 170 153 191
1008 11 3 6 6 2 492 131 130 128 192 191 149 151 153 162
1009 11 3 6 6 2 255 124 120 123 167 194 189 158 195 169
1010 11 3 6 6 2 2 131 718 128 160 758 761 54 196 162
1011 11 3 6 6 2 127 129 128 130 163 183 197 166 153 165
1012 11 3 6 6 2 131 492 725 128 192 569 765 162 152 151
1013 11 3 6 6 2 124 129 256 125 168 198 193 199 200 147
1014 11 3 6 6 2 127 365 122 367 171 179 180 172 182 414
1015 11 3 6 6 2 124 255 256 129 167 335 193 168 198 154
1016 11 3 6 6 2 718 131 725 128 758 765 764 196 152 162
1017 11 3 6 6 2 131 132 128 121 190 184 162 159 161 185
1018 11 3 6 6 2 127 129 257 367 163 146 164 172 405 155
1019 11 3 6 6 2 369 127 491 130 173 177 174 418 178 166
1020 11 3 6 6 2 130 127 725 128 166 201 150 153 152 197
1021 11 3 6 6 2 125 129 119 124 147 188 202 199 203 168
1022 11 3 6 6 2 125 119 129 132 202 188 147 148 144 187
1023 11 3 6 6 2 130 491 725 127 178 762 150 166 201 177
1024 11 3 6 6 2 130 725 491 492 150 762 178 149 578 569
1025 11 3 7 7 2 132 133 119 1079 204 205 187 206 136 207
1026 11 3 7 7 2 132 131 130 1079 190 191 170 206 210 211
1027 11 3 7 7 2 132 121 131 1079 185 159 190 206 211 140
1028 11 3 7 7 2 252 132 130 1079 208 170 212 213 210 206
1029 11 3 7 7 2 252 962 130 364 1121 458 212 285 446 1523
1030 11 3 7 7 2 132 252 130 257 208 212 170 145 406 347
1031 11 3 7 7 2 121 132 119 1079 185 187 138 140 136 206
1032 11 3 7 7 2 132 133 257 125 204 346 145 148 294 209
1033 11 3 7 7 2 252 133 132 1079 345 204 208 213 206 207
1034 11 3 7 7 2 121 2 131 1079 32 160 159 140 211 1335
1035 11 3 7 7 2 132 133 125 119 204 209 148 187 202 205
1036 11 3 7 7 2 962 131 130 492 1182 191 458 214 149 192
1037 11 3 7 7 2 1079 252 131 130 213 1185 211 210 191 212
1038 11 3 7 7 2 962 131 252 130 1182 1185 1121 458 212 191
1039 11 3 8 8 2 134 127 129 128 217 163 218 219 183 197
1040 11 3 8 8 2 124 119 16 129 203 220 221 168 222 188
1041 11 3 8 8 2 135 134 129 13 215 218 223 59 224 58
1042 11 3 8 8 2 119 121 5 129 138 143 141 188 225 186
1043 11 3 8 8 2 13 134 129 128 58 218 224 78 183 219
1044 11 3 8 8 2 127 726 725 128 226 798 201 197 152 93
1045 11 3 8 8 2 727 491 122 127 786 585 227 228 180 177
1046 11 3 8 8 2 134 135 129 123 215 223 218 229 156 230
1047 11 3 8 8 2 134 123 129 127 229 156 218 217 163 175
1048 11 3 8 8 2 134 726 127 128 231 226 217 219 197 93
1049 11 3 8 8 2 121 13 129 128 29 224 186 161 183 78
1050 11 3 8 8 2 135 123 124 129 230 169 232 223 168 156
1051 11 3 8 8 2 126 135 124 16 216 232 233 65 221 66
1052 11 3 8 8 2 16 119 5 129 220 141 103 222 225 188
1053 11 3 8 8 2 134 122 123 127 234 181 229 217 175 180
1054 11 3 8 8 2 126 135 123 124 216 230 235 233 169 232
1055 11 3 8 8 2 726 134 127 727 231 217 226 802 228 236
1056 11 3 8 8 2 124 135 129 16 232 223 168 221 222 66
1057 11 3 8 8 2 120 126 123 124 237 235 195 194 169 233
1058 11 3 8 8 2 134 727 122 127 236 227 234 217 180 228
1059 11 3 4 4 3 252 1075 249 243 259 260 261 262 263 264
1060 11 3 4 4 3 249 252 251 250 261 265 266 267 268 269
1061 11 3 4 4 3 250 249 960 240 267 270 271 272 273 274
1062 11 3 4 4 3 241 243 251 249 275 276 277 278 266 263
1063 11 3 4 4 3 242 241 251 244 279 277 280 281 282 283
1064 11 3 4 4 3 250 1439 960 364 387 997 271 388 998 1521
1065 11 3 4 4 3 252 250 960 364 269 271 284 285 998 388
1066 11 3 4 4 3 241 242 238 244 279 286 287 283 288 281
1067 11 3 4 4 3 250 252 251 364 269 265 268 388 390 285
1068 11 3 4 4 3 252 249 1080 960 261 289 1122 284 972 270
1069 11 3 4 4 3 960 249 1080 240 270 289 972 273 1008 274
1070 11 3 4 4 3 252 249 960 250 261 270 284 269 271 267
1071 11 3 4 4 3 250 360 251 244 389 391 268 290 282 392
1072 11 3 4 4 3 241 249 250 240 278 267 291 292 272 274
1073 11 3 4 4 3 252 1075 1080 249 259 1126 1122 261 289 260
1074 11 3 4 4 3 252 249 251 243 261 266 265 262 276 263
1075 11 3 4 4 3 241 250 251 244 291 268 277 283 282 290
1076 11 3 4 4 3 241 243 242 251 275 293 279 277 280 276
1077 11 3 4 4 3 241 249 251 250 278 266 277 291 268 267
1078 11 3 6 6 3 246 254 258 253 295 296 297 298 299 300
1079 11 3 6 6 3 367 366 253 257 404 302 303 405 304 305
1080 11 3 6 6 3 255 367 253 257 301 303 306 307 304 405
1081 11 3 6 6 3 366 362 254 258 401 308 309 310 296 311
1082 11 3 6 6 3 366 254 253 258 309 300 302 310 299 296
1083 11 3 6 6 3 254 246 258 238 295 297 296 312 313 314
1084 11 3 6 6 3 362 254 258 238 308 296 311 315 313 312
1085 11 3 6 6 3 246 245 253 256 316 317 298 318 319 320
1086 11 3 6 6 3 256 248 258 253 321 322 323 319 299 324
1087 11 3 6 6 3 239 254 247 238 325 326 327 328 329 312
1088 11 3 6 6 3 246 248 258 238 330 322 297 314 313 331
1089 11 3 6 6 3 362 366 370 258 401 412 426 311 332 310
1090 11 3 6 6 3 366 257 370 258 305 436 412 310 332 333
1091 11 3 6 6 3 245 255 256 120 334 335 320 336 337 189
1092 11 3 6 6 3 255 124 256 120 167 193 335 189 337 194
1093 11 3 6 6 3 245 255 253 256 334 306 317 320 319 335
1094 11 3 6 6 3 239 246 254 238 338 295 325 328 312 314
1095 11 3 6 6 3 129 255 257 367 154 307 146 155 405 301
1096 11 3 6 6 3 257 256 258 253 339 323 333 304 299 319
1097 11 3 6 6 3 248 246 258 253 330 297 322 324 299 298
1098 11 3 6 6 3 254 362 247 238 308 402 326 312 329 315
1099 11 3 6 6 3 257 255 256 253 307 335 339 304 319 306
1100 11 3 6 6 3 246 248 256 253 330 321 318 298 319 324
1101 11 3 6 6 3 129 125 257 256 147 294 146 198 339 200
1102 11 3 6 6 3 255 129 257 256 154 146 307 335 339 198
1103 11 3 6 6 3 257 248 258 256 340 322 333 339 323 321
1104 11 3 6 6 3 257 366 253 258 305 302 304 333 299 310
1105 11 3 6 6 3 248 125 256 257 341 200 321 340 339 294
1106 11 3 6 6 3 366 362 247 254 401 402 400 309 326 308
1107 11 3 7 7 3 243 242 251 257 293 280 276 343 342 344
1108 11 3 7 7 3 252 133 257 132 345 346 347 208 145 204
1109 11 3 7 7 3 243 133 257 252 348 346 343 262 347 345
1110 11 3 7 7 3 133 243 257 125 348 343 346 209 294 349
1111 11 3 7 7 3 1075 133 243 252 350 348 264 259 262 345
1112 11 3 7 7 3 258 242 248 257 351 352 322 333 340 344
1113 11 3 7 7 3 242 258 251 257 351 353 280 344 342 333
1114 11 3 7 7 3 243 252 257 251 262 347 343 276 342 265
1115 11 3 7 7 3 238 242 258 244 286 351 313 288 354 281
1116 11 3 7 7 3 242 258 244 251 351 354 281 280 282 353
1117 11 3 7 7 3 133 1075 1079 252 350 1180 207 345 213 259
1118 11 3 7 7 3 238 258 362 244 313 311 315 288 470 354
1119 11 3 7 7 3 258 362 244 370 311 470 354 332 472 426
1120 11 3 7 7 3 243 248 257 125 355 340 343 349 294 341
1121 11 3 7 7 3 251 258 370 257 353 332 473 342 436 333
1122 11 3 7 7 3 242 238 258 248 286 313 351 352 322 331
1123 11 3 7 7 3 251 258 244 370 353 354 282 473 472 332
1124 11 3 7 7 3 242 243 248 257 293 355 352 344 340 343
1125 11 3 7 7 3 364 257 252 251 445 347 285 390 265 342
1126 11 3 7 7 3 252 257 364 130 347 445 285 212 446 406
1127 11 3 1 1 4 1433 608 1427 358 628 1503 1497 650 376 373
1128 11 3 3 3 4 356 359 357 610 378 379 380 678 381 679
1129 11 3 4 4 4 1429 1439 360 364 1514 384 385 1520 386 1521
1130 11 3 4 4 4 360 1439 250 364 384 387 389 386 388 1521
1131 11 3 4 4 4 360 250 251 364 389 268 391 386 390 388
1132 11 3 6 6 4 363 357 356 371 393 380 394 395 396 397
1133 11 3 6 6 4 366 361 247 362 398 399 400 401 402 403
1134 11 3 6 6 4 368 366 365 370 407 408 409 410 411 412
1135 11 3 6 6 4 371 357 356 359 397 380 396 413 378 379
1136 11 3 6 6 4 127 365 367 130 171 414 172 166 415 416
1137 11 3 6 6 4 127 369 365 130 173 417 171 166 416 418
1138 11 3 6 6 4 480 365 489 359 577 419 547 707 382 420
1139 11 3 6 6 4 357 368 359 371 421 422 379 397 413 423
1140 11 3 6 6 4 366 363 362 370 424 425 401 412 426 427
1141 11 3 6 6 4 368 366 363 361 407 424 428 429 430 398
1142 11 3 6 6 4 371 598 489 359 431 687 432 413 382 377
1143 11 3 6 6 4 369 598 489 371 711 687 588 433 432 431
1144 11 3 6 6 4 365 369 370 257 417 434 411 435 436 437
1145 11 3 6 6 4 369 371 365 370 433 438 417 434 411 439
1146 11 3 6 6 4 369 371 489 365 433 432 588 417 419 438
1147 11 3 6 6 4 365 368 489 359 409 440 419 420 382 422
1148 11 3 6 6 4 368 371 489 359 423 432 440 422 382 413
1149 11 3 6 6 4 371 368 489 365 423 440 432 438 419 409
1150 11 3 6 6 4 368 357 363 371 421 393 428 423 395 397
1151 11 3 6 6 4 367 127 130 257 172 166 415 405 406 164
1152 11 3 6 6 4 598 371 356 359 431 396 668 377 378 413
1153 11 3 6 6 4 368 366 370 363 407 412 410 428 427 424
1154 11 3 6 6 4 371 368 365 370 423 409 438 439 411 410
1155 11 3 6 6 4 357 368 363 361 421 428 393 441 430 429
1156 11 3 6 6 4 363 366 362 361 424 401 425 430 403 398
1157 11 3 6 6 4 367 365 370 257 414 411 442 405 436 435
1158 11 3 6 6 4 366 367 370 257 404 442 412 305 436 405
1159 11 3 6 6 4 368 363 370 371 428 427 410 423 439 395
1160 11 3 6 6 4 366 365 370 367 408 411 412 404 442 414
1161 11 3 6 6 4 369 490 365 489 574 579 417 588 419 544
1162 11 3 6 6 4 130 365 257 369 416 435 406 418 437 417
1163 11 3 6 6 4 130 257 365 367 406 435 416 415 414 405
1164 11 3 7 7 4 364 251 369 257 390 443 444 445 437 342
1165 11 3 7 7 4 130 364 369 257 446 444 418 406 437 445
1166 11 3 7 7 4 370 360 364 369 447 386 448 434 444 449
1167 11 3 7 7 4 1427 1429 358 608 1528 450 376 1503 373 451
1168 11 3 7 7 4 1429 608 364 372 451 452 1520 453 454 455
1169 11 3 7 7 4 962 484 130 364 1532 457 458 1523 446 456
1170 11 3 7 7 4 608 372 371 369 455 459 460 461 433 462
1171 11 3 7 7 4 608 1429 358 372 451 450 373 455 463 453
1172 11 3 7 7 4 358 371 356 598 464 396 374 375 668 431
1173 11 3 7 7 4 360 372 364 369 465 454 386 449 444 462
1174 11 3 7 7 4 371 372 356 363 459 466 396 395 394 467
1175 11 3 7 7 4 484 130 369 492 457 418 468 590 572 149
1176 11 3 7 7 4 608 372 358 371 455 463 373 460 464 459
1177 11 3 7 7 4 360 1429 364 372 385 1520 386 465 454 453
1178 11 3 7 7 4 371 608 369 598 460 461 433 431 711 613
1179 11 3 7 7 4 484 364 369 130 456 444 468 457 418 446
1180 11 3 7 7 4 484 608 364 1435 521 452 456 1508 1531 1502
1181 11 3 7 7 4 372 360 370 369 465 447 469 462 434 449
1182 11 3 7 7 4 358 608 371 598 373 460 464 375 431 613
1183 11 3 7 7 4 362 363 244 370 425 471 470 426 472 427
1184 11 3 7 7 4 370 251 369 364 473 443 434 448 444 390
1185 11 3 7 7 4 484 608 369 364 521 461 468 456 444 452
1186 11 3 7 7 4 358 372 356 371 463 466 374 464 396 459
1187 11 3 7 7 4 372 371 370 363 459 439 469 467 427 395
1188 11 3 7 7 4 372 608 364 369 455 452 454 462 444 461
1189 11 3 7 7 4 484 478 369 608 501 575 468 521 461 615
1190 11 3 7 7 4 360 251 370 364 391 473 447 386 448 390
1191 11 3 7 7 4 360 251 244 370 391 282 392 447 472 473
1192 11 3 7 7 4 372 360 244 370 465 392 474 469 472 447
1193 11 3 7 7 4 371 372 370 369 459 469 439 433 434 462
1194 11 3 7 7 4 363 372 244 370 467 474 471 427 472 469
1195 11 3 7 7 4 251 370 369 257 473 434 443 342 437 436
1196 11 3 1 1 5 484 1428 475 1673 1452 493 494 495 496 1453
1197 11 3 1 1 5 483 478 475 484 497 498 499 500 494 501
1198 11 3 1 1 5 602 483 481 1430 504 505 506 502 507 508
1199 11 3 1 1 5 1442 483 602 1430 509 504 623 1472 502 508
1200 11 3 1 1 5 602 477 481 482 510 511 506 512 513 514
1201 11 3 1 1 5 483 484 475 1673 500 494 499 515 496 495
1202 11 3 1 1 5 481 1663 1430 1673 850 1816 507 516 1466 1684
1203 11 3 1 1 5 483 602 481 482 504 506 505 517 513 512
1204 11 3 1 1 5 833 483 475 1673 857 499 731 853 496 515
1205 11 3 1 1 5 477 483 481 482 518 505 511 514 513 517
1206 11 3 1 1 5 482 478 484 608 522 501 520 662 521 615
1207 11 3 1 1 5 483 1442 484 1673 509 503 500 515 495 1476
1208 11 3 1 1 5 483 481 1430 1673 505 507 508 515 1466 516
1209 11 3 1 1 5 483 477 481 833 518 511 505 857 851 859
1210 11 3 1 1 5 1442 483 484 482 509 500 503 661 520 517
1211 11 3 1 1 5 482 483 484 478 517 500 520 522 501 497
1212 11 3 3 3 5 483 486 482 477 523 524 517 518 514 525
1213 11 3 3 3 5 595 488 477 482 673 526 519 660 514 527
1214 11 3 3 3 5 483 475 478 490 499 498 497 530 531 532
1215 11 3 3 3 5 595 479 477 488 698 535 519 673 526 536
1216 11 3 3 3 5 485 487 482 489 537 538 533 539 540 541
1217 11 3 3 3 5 487 490 482 489 542 543 538 541 540 544
1218 11 3 3 3 5 486 488 482 477 545 527 524 525 514 526
1219 11 3 3 3 5 483 486 490 487 523 550 530 551 542 552
1220 11 3 3 3 5 487 486 488 482 552 545 553 538 527 524
1221 11 3 3 3 5 480 490 487 489 554 542 555 547 541 544
1222 11 3 3 3 5 486 479 488 842 556 536 545 557 558 559
1223 11 3 3 3 5 486 842 488 477 557 558 545 525 526 560
1224 11 3 3 3 5 485 487 488 482 537 553 534 533 527 538
1225 11 3 3 3 5 490 486 717 487 550 528 561 542 562 552
1226 11 3 3 3 5 490 483 487 482 530 551 542 543 538 517
1227 11 3 3 3 5 480 487 485 489 555 537 546 547 539 541
1228 11 3 3 3 5 489 490 482 478 544 543 540 529 522 531
1229 11 3 3 3 5 483 486 487 482 523 552 551 517 538 524
1230 11 3 3 3 5 490 483 482 478 530 517 543 531 522 497
1231 11 3 3 3 5 486 483 490 717 523 530 550 528 561 563
1232 11 3 3 3 5 842 479 488 477 559 536 558 560 526 535
1233 11 3 3 3 5 486 483 842 477 523 897 557 525 560 518
1234 11 3 3 3 5 490 487 717 476 542 562 561 564 549 565
1235 11 3 3 3 5 483 486 844 717 523 860 868 563 736 528
1236 11 3 3 3 5 490 483 713 717 530 744 566 561 734 563
1237 11 3 3 3 5 490 480 487 476 554 555 542 564 565 567
1238 11 3 3 3 5 487 486 717 476 552 528 562 565 549 548
1239 11 3 3 3 5 479 486 834 842 556 901 568 559 886 557
1240 11 3 3 3 5 483 475 490 713 499 532 530 744 566 751
1241 11 3 6 6 5 717 490 476 491 561 564 549 753 570 571
1242 11 3 6 6 5 369 492 490 478 572 573 574 575 531 576
1243 11 3 6 6 5 369 492 491 490 572 578 174 574 571 573
1244 11 3 6 6 5 490 480 365 489 554 577 579 544 419 547
1245 11 3 6 6 5 719 492 475 725 580 581 582 754 583 569
1246 11 3 6 6 5 480 490 365 491 554 579 577 584 176 571
1247 11 3 6 6 5 491 480 476 122 584 567 570 585 586 587
1248 11 3 6 6 5 490 480 476 491 554 567 564 571 570 584
1249 11 3 6 6 5 480 365 122 491 577 179 587 584 585 176
1250 11 3 6 6 5 369 490 489 478 574 544 588 575 529 531
1251 11 3 6 6 5 492 490 478 475 573 531 576 581 498 532
1252 11 3 6 6 5 492 490 725 491 573 589 569 578 762 571
1253 11 3 6 6 5 490 369 365 491 574 417 579 571 176 174
1254 11 3 6 6 5 725 475 490 492 583 532 589 569 573 581
1255 11 3 6 6 5 725 490 475 713 589 532 583 756 751 566
1256 11 3 7 7 5 484 962 130 492 1532 458 457 590 149 214
1257 11 3 7 7 5 478 484 369 492 501 468 575 576 572 590
1258 11 3 7 7 5 484 478 475 492 501 498 494 590 581 576
1259 11 3 7 7 5 1428 492 967 484 592 1067 1385 1452 1536 590
1260 11 3 7 7 5 719 1428 492 131 591 592 580 757 192 1394
1261 11 3 7 7 5 1428 492 475 719 592 581 493 591 582 580
1262 11 3 7 7 5 1428 475 492 484 493 581 592 1452 590 494
1263 11 3 8 8 5 491 727 122 476 786 227 585 570 586 787
1264 11 3 9 9 5 719 1428 1673 475 591 1453 1406 582 496 493
1265 11 3 1 1 6 598 606 608 478 611 612 613 614 615 616
1266 11 3 1 1 6 607 606 605 597 617 618 619 620 621 622
1267 11 3 1 1 6 605 606 603 597 618 624 625 621 626 622
1268 11 3 1 1 6 1433 1442 608 604 1477 627 628 629 630 631
1269 11 3 1 1 6 596 607 593 594 632 633 634 635 636 637
1270 11 3 1 1 6 607 602 605 606 638 639 619 617 618 640
1271 11 3 1 1 6 606 602 605 604 640 639 618 641 642 643
1272 11 3 1 1 6 596 607 605 597 632 619 644 645 621 620
1273 11 3 1 1 6 608 1433 603 358 628 647 648 373 649 650
1274 11 3 1 1 6 598 606 603 608 611 624 651 613 648 612
1275 11 3 1 1 6 606 604 603 608 641 652 624 612 648 630
1276 11 3 1 1 6 607 595 593 594 653 654 633 637 636 655
1277 11 3 1 1 6 607 596 605 594 632 644 619 637 656 635
1278 11 3 1 1 6 1442 602 604 1425 623 643 631 1494 657 646
1279 11 3 1 1 6 1442 606 608 604 658 612 627 631 630 641
1280 11 3 1 1 6 595 477 602 482 519 510 659 660 512 514
1281 11 3 1 1 6 1442 482 484 608 661 520 503 627 521 662
1282 11 3 1 1 6 482 1442 606 608 661 658 663 662 612 627
1283 11 3 1 1 6 605 606 604 603 618 641 642 625 652 624
1284 11 3 1 1 6 605 602 594 1425 639 664 656 665 666 646
1285 11 3 1 1 6 595 602 594 607 659 664 655 653 637 638
1286 11 3 1 1 6 1442 483 482 602 509 517 661 623 512 504
1287 11 3 1 1 6 482 606 478 608 663 616 522 662 615 612
1288 11 3 1 1 6 602 595 606 607 659 667 640 638 617 653
1289 11 3 1 1 6 598 356 358 603 668 374 375 651 649 669
1290 11 3 1 1 6 607 602 594 605 638 664 637 619 656 639
1291 11 3 1 1 6 606 598 603 597 611 651 624 622 626 670
1292 11 3 1 1 6 608 598 358 603 613 375 373 648 649 651
1293 11 3 1 1 6 598 356 603 597 668 669 651 670 626 671
1294 11 3 1 1 6 595 602 606 482 659 640 667 660 663 512
1295 11 3 1 1 6 602 605 604 1425 639 642 643 646 657 665
1296 11 3 1 1 6 604 1433 603 608 629 647 652 630 648 628
1297 11 3 1 1 6 1442 606 602 482 658 640 623 661 512 663
1298 11 3 1 1 6 602 606 1442 604 640 658 623 643 631 641
1299 11 3 3 3 6 609 595 488 601 672 673 674 675 676 677
1300 11 3 3 3 6 356 598 359 610 668 377 378 678 679 680
1301 11 3 3 3 6 600 607 597 610 681 620 682 683 684 685
1302 11 3 3 3 6 606 607 610 597 617 685 686 622 684 620
1303 11 3 3 3 6 606 598 489 478 611 687 688 616 529 614
1304 11 3 3 3 6 598 606 610 597 611 686 680 670 684 622
1305 11 3 3 3 6 609 595 601 607 672 677 675 689 690 653
1306 11 3 3 3 6 609 606 610 485 691 686 692 693 694 695
1307 11 3 3 3 6 600 609 607 610 696 689 681 683 685 692
1308 11 3 3 3 6 482 485 609 488 533 693 697 527 674 534
1309 11 3 3 3 6 610 480 485 489 699 546 694 700 539 547
1310 11 3 3 3 6 609 600 607 593 696 681 689 701 633 702
1311 11 3 3 3 6 606 609 595 482 691 672 667 663 660 697
1312 11 3 3 3 6 482 609 485 606 697 693 533 663 695 691
1313 11 3 3 3 6 600 596 607 593 703 632 681 702 633 634
1314 11 3 3 3 6 609 606 595 607 691 667 672 689 653 617
1315 11 3 3 3 6 606 485 489 610 695 539 688 686 700 694
1316 11 3 3 3 6 606 489 482 478 688 540 663 616 522 529
1317 11 3 3 3 6 597 356 599 610 671 704 705 684 706 678
1318 11 3 3 3 6 606 485 482 489 695 533 663 688 540 539
1319 11 3 3 3 6 610 480 489 359 699 547 700 679 382 707
1320 11 3 3 3 6 597 598 356 610 670 668 671 684 678 680
1321 11 3 3 3 6 607 595 601 593 653 677 690 633 708 654
1322 11 3 3 3 6 598 489 359 610 687 382 377 680 679 700
1323 11 3 3 3 6 595 479 488 601 698 536 673 677 676 709
1324 11 3 3 3 6 606 609 610 607 691 692 686 617 685 689
1325 11 3 3 3 6 596 600 607 597 703 681 632 645 620 682
1326 11 3 3 3 6 609 607 601 593 689 690 675 701 708 633
1327 11 3 3 3 6 606 598 610 489 611 680 686 688 700 687
1328 11 3 3 3 6 595 609 488 482 672 674 673 660 527 697
1329 11 3 3 3 6 356 357 599 610 380 383 704 678 706 381
1330 11 3 3 3 6 600 597 599 610 682 705 710 683 706 684
1331 11 3 6 6 6 598 369 489 478 711 588 687 614 529 575
1332 11 3 7 7 6 608 478 369 598 615 575 461 613 711 614
1333 11 3 3 3 7 713 716 717 844 732 733 734 735 736 737
1334 11 3 3 3 7 716 486 717 844 738 528 733 737 736 860
1335 11 3 3 3 7 716 486 841 715 738 867 739 740 741 742
1336 11 3 3 3 7 712 716 843 841 745 746 747 748 866 739
1337 11 3 3 3 7 715 486 476 717 742 548 749 750 549 528
1338 11 3 3 3 7 712 716 841 715 745 739 748 752 741 740
1339 11 3 3 3 7 716 486 715 717 738 742 740 733 750 528
1340 11 3 3 3 7 713 483 844 717 744 868 735 734 736 563
1341 11 3 6 6 7 713 717 725 490 734 755 756 566 589 561
1342 11 3 6 6 7 719 131 718 2 757 758 759 760 761 160
1343 11 3 6 6 7 490 717 725 491 561 755 589 571 762 753
1344 11 3 6 6 7 718 719 475 725 759 582 763 764 583 754
1345 11 3 6 6 7 713 718 475 725 766 763 751 756 583 764
1346 11 3 6 6 7 131 719 718 725 757 759 758 765 764 754
1347 11 3 6 6 7 131 492 719 725 192 580 757 765 754 569
1348 11 3 8 8 7 722 716 725 713 767 768 769 770 756 732
1349 11 3 8 8 7 716 491 725 717 771 762 768 733 755 753
1350 11 3 8 8 7 726 716 722 723 773 767 774 775 776 777
1351 11 3 8 8 7 721 726 728 720 778 779 780 781 782 783
1352 11 3 8 8 7 726 721 728 723 778 780 779 775 784 785
1353 11 3 8 8 7 491 727 476 717 786 787 570 753 549 788
1354 11 3 8 8 7 727 491 716 717 786 771 789 788 733 753
1355 11 3 8 8 7 715 727 716 717 790 789 740 750 733 788
1356 11 3 8 8 7 712 723 728 714 791 784 792 793 794 795
1357 11 3 8 8 7 715 712 716 728 752 745 740 796 797 792
1358 11 3 8 8 7 726 715 716 728 799 740 773 779 797 796
1359 11 3 8 8 7 716 717 725 713 733 755 768 732 756 734
1360 11 3 8 8 7 712 716 728 723 745 797 792 791 784 777
1361 11 3 8 8 7 722 713 725 718 770 756 769 772 764 766
1362 11 3 8 8 7 726 722 725 128 774 769 798 93 152 82
1363 11 3 8 8 7 728 721 720 714 780 781 782 794 800 801
1364 11 3 8 8 7 727 715 476 717 790 749 787 788 549 750
1365 11 3 8 8 7 723 721 728 714 785 780 784 795 794 801
1366 11 3 8 8 7 491 727 716 725 786 789 771 762 768 804
1367 11 3 8 8 7 716 726 728 723 773 779 797 777 784 775
1368 11 3 8 8 7 726 716 725 722 773 768 798 774 769 767
1369 11 3 8 8 7 727 726 716 725 802 773 789 804 768 798
1370 11 3 8 8 7 715 726 716 727 799 773 740 790 789 802
1371 11 3 8 8 7 128 722 725 718 82 769 152 196 764 772
1372 11 3 8 8 7 721 726 722 723 778 774 803 785 776 775
1373 11 3 8 8 7 725 727 127 491 804 228 201 762 177 786
1374 11 3 8 8 7 725 127 727 726 201 228 804 798 802 226
1375 11 3 9 9 7 718 833 1673 729 806 853 807 808 809 810
1376 11 3 9 9 7 844 722 729 713 813 814 811 735 815 770
1377 11 3 9 9 7 722 844 716 713 813 737 767 770 732 735
1378 11 3 9 9 7 714 724 712 723 816 940 793 795 791 817
1379 11 3 9 9 7 716 722 723 729 767 776 777 818 819 814
1380 11 3 9 9 7 843 724 723 712 937 817 820 747 791 940
1381 11 3 9 9 7 844 722 716 729 813 767 737 811 818 814
1382 11 3 9 9 7 716 844 729 843 737 811 818 746 812 892
1383 11 3 9 9 7 716 843 723 712 746 820 777 745 791 747
1384 11 3 9 9 7 833 475 713 718 731 751 743 806 766 763
1385 11 3 9 9 7 718 722 729 2 772 814 808 761 821 81
1386 11 3 9 9 7 722 718 729 713 772 808 814 770 815 766
1387 11 3 9 9 7 1318 718 729 2 823 808 1404 1401 821 761
1388 11 3 9 9 7 1318 718 1673 729 823 807 1713 1404 809 808
1389 11 3 9 9 7 1673 475 718 719 496 763 807 1406 759 582
1390 11 3 9 9 7 843 723 729 716 820 819 812 746 818 777
1391 11 3 9 9 7 843 729 723 724 812 819 820 937 817 805
1392 11 3 9 9 7 719 1318 2 718 1405 1401 760 759 761 823
1393 11 3 9 9 7 713 729 833 718 815 810 743 766 806 808
1394 11 3 9 9 7 713 833 729 844 743 810 815 735 811 869
1395 11 3 10 10 7 721 724 714 723 827 816 801 785 795 817
1396 11 3 10 10 7 729 724 1671 730 805 905 906 824 828 829
1397 11 3 10 10 7 1671 729 730 1320 906 824 828 1773 116 1407
1398 11 3 10 10 7 730 721 722 723 826 803 825 830 776 785
1399 11 3 10 10 7 724 729 723 730 805 819 817 829 830 824
1400 11 3 10 10 7 721 724 723 730 827 817 785 826 830 829
1401 11 3 10 10 7 729 730 722 723 824 825 814 819 776 830
1402 11 3 1 1 8 1663 481 833 1673 850 851 852 1684 853 516
1403 11 3 1 1 8 1663 481 831 833 850 854 855 852 856 851
1404 11 3 1 1 8 481 483 833 1673 505 857 851 516 853 515
1405 11 3 1 1 8 481 477 831 833 511 858 854 851 856 859
1406 11 3 3 3 8 845 841 834 843 861 862 863 864 865 866
1407 11 3 3 3 8 833 483 844 713 857 868 869 743 735 744
1408 11 3 3 3 8 836 835 841 843 870 871 872 873 866 874
1409 11 3 3 3 8 837 845 834 843 875 863 876 877 865 864
1410 11 3 3 3 8 833 845 842 831 878 879 880 856 881 882
1411 11 3 3 3 8 835 836 838 843 870 883 884 874 885 873
1412 11 3 3 3 8 845 837 834 842 875 876 863 879 886 887
1413 11 3 3 3 8 475 483 833 713 499 857 731 751 743 744
1414 11 3 3 3 8 836 712 843 841 888 747 873 872 866 748
1415 11 3 3 3 8 842 833 831 477 880 856 881 560 858 859
1416 11 3 3 3 8 832 836 838 835 889 883 890 891 884 870
1417 11 3 3 3 8 716 844 843 841 737 892 746 739 866 893
1418 11 3 3 3 8 716 486 844 841 738 860 737 739 893 867
1419 11 3 3 3 8 835 837 834 843 894 876 895 874 865 877
1420 11 3 3 3 8 486 483 844 842 523 868 860 557 896 897
1421 11 3 3 3 8 833 483 842 844 857 897 880 869 896 868
1422 11 3 3 3 8 845 833 842 844 878 880 879 898 896 869
1423 11 3 3 3 8 837 835 838 843 894 884 899 877 885 874
1424 11 3 3 3 8 841 835 834 843 871 895 862 866 865 874
1425 11 3 3 3 8 845 837 842 831 875 887 879 882 881 900
1426 11 3 3 3 8 483 833 842 477 857 880 897 518 560 859
1427 11 3 3 3 8 844 845 843 841 898 864 892 893 866 861
1428 11 3 3 3 8 842 844 834 845 896 902 886 879 863 898
1429 11 3 3 3 8 842 834 844 486 886 902 896 557 860 901
1430 11 3 3 3 8 841 834 844 845 862 902 893 861 898 863
1431 11 3 3 3 8 841 844 834 486 893 902 862 867 901 860
1432 11 3 9 9 8 724 849 729 1671 903 904 805 905 906 907
1433 11 3 9 9 8 848 839 724 836 908 909 910 911 912 913
1434 11 3 9 9 8 833 844 845 846 869 898 878 914 915 916
1435 11 3 9 9 8 844 833 729 846 869 810 811 916 917 914
1436 11 3 9 9 8 847 844 849 846 918 919 920 921 922 916
1437 11 3 9 9 8 1668 847 849 846 923 920 924 925 922 921
1438 11 3 9 9 8 831 837 846 845 900 926 927 882 915 875
1439 11 3 9 9 8 844 847 845 846 918 928 898 916 915 921
1440 11 3 9 9 8 1673 833 1663 846 853 852 1684 1726 929 914
1441 11 3 9 9 8 1668 849 1671 846 924 907 1715 925 1718 922
1442 11 3 9 9 8 843 844 729 849 892 811 812 930 904 919
1443 11 3 9 9 8 848 847 843 849 931 932 933 934 930 920
1444 11 3 9 9 8 847 837 838 843 935 899 936 932 885 877
1445 11 3 9 9 8 844 849 846 729 919 922 916 811 917 904
1446 11 3 9 9 8 849 1671 846 729 907 1718 922 904 917 906
1447 11 3 9 9 8 724 843 729 849 937 812 805 903 904 930
1448 11 3 9 9 8 848 832 836 838 938 889 911 939 883 890
1449 11 3 9 9 8 843 848 836 838 933 911 873 885 883 939
1450 11 3 9 9 8 843 724 712 836 937 940 747 873 888 912
1451 11 3 9 9 8 724 848 843 849 910 933 937 903 930 934
1452 11 3 9 9 8 833 831 1663 846 856 855 852 914 929 927
1453 11 3 9 9 8 837 847 846 845 935 921 926 875 915 928
1454 11 3 9 9 8 833 1679 846 1673 941 1733 914 853 1726 1737
1455 11 3 9 9 8 848 840 838 847 942 943 939 931 936 944
1456 11 3 9 9 8 848 724 843 836 910 937 933 911 873 912
1457 11 3 9 9 8 847 844 843 849 918 892 932 920 930 919
1458 11 3 9 9 8 840 848 838 832 942 939 943 945 890 938
1459 11 3 9 9 8 832 848 836 839 938 911 889 946 913 908
1460 11 3 9 9 8 847 837 843 845 935 877 932 928 864 875
1461 11 3 9 9 8 848 847 838 843 931 936 939 933 885 932
1462 11 3 9 9 8 844 847 843 845 918 932 892 898 864 928
1463 11 3 9 9 8 833 831 846 845 856 927 914 878 915 882
1464 11 3 9 9 8 848 840 847 849 942 944 931 934 920 947
1465 11 3 9 9 8 724 839 714 712 909 822 816 940 793 948
1466 11 3 9 9 8 724 839 712 836 909 948 940 912 888 913
1467 11 3 9 9 8 847 840 1668 849 944 949 923 920 924 947
1468 11 3 9 9 8 833 1679 729 846 941 1734 810 914 917 1733
1469 11 3 9 9 8 1673 718 475 833 807 763 496 853 731 806
1470 11 3 4 4 9 958 962 1080 960 969 1101 970 971 972 973
1471 11 3 4 4 9 958 959 954 950 974 975 976 977 978 979
1472 11 3 4 4 9 959 953 956 961 980 981 982 983 984 985
1473 11 3 4 4 9 957 962 961 1560 986 987 988 989 1509 990
1474 11 3 4 4 9 952 1560 951 955 991 992 993 994 995 996
1475 11 3 4 4 9 950 958 956 1073 977 1000 1001 1002 1113 1003
1476 11 3 4 4 9 953 959 956 950 980 982 981 1004 1001 979
1477 11 3 4 4 9 954 960 1080 240 1005 972 1006 1007 1008 273
1478 11 3 4 4 9 962 1439 364 960 1010 1521 1523 973 998 997
1479 11 3 4 4 9 958 959 962 960 974 1011 969 971 973 1012
1480 11 3 4 4 9 962 252 1080 960 1121 1122 1101 973 972 284
1481 11 3 4 4 9 1077 962 956 955 1105 1013 1123 1124 1014 1015
1482 11 3 4 4 9 952 1074 956 955 1016 1125 1017 994 1014 1018
1483 11 3 4 4 9 958 959 956 962 974 982 1000 969 1013 1011
1484 11 3 4 4 9 957 962 1560 955 986 990 989 1019 996 1015
1485 11 3 4 4 9 953 957 961 1550 1021 988 985 1022 1009 1649
1486 11 3 4 4 9 959 958 956 950 974 1000 982 979 1001 977
1487 11 3 4 4 9 1439 962 1440 961 1010 1527 1517 1020 1526 987
1488 11 3 4 4 9 952 957 1560 955 1023 989 991 994 996 1019
1489 11 3 4 4 9 962 959 956 961 1011 982 1013 987 984 983
1490 11 3 4 4 9 252 962 364 960 1121 1523 285 284 998 973
1491 11 3 4 4 9 953 957 956 961 1021 1024 981 985 984 988
1492 11 3 4 4 9 954 958 1080 960 976 970 1006 1005 972 971
1493 11 3 4 4 9 957 952 1560 951 1023 991 989 999 992 993
1494 11 3 4 4 9 959 958 954 960 974 976 975 1012 1005 971
1495 11 3 4 4 9 959 962 960 961 1011 973 1012 983 1025 987
1496 11 3 4 4 9 962 957 956 955 986 1024 1013 1015 1014 1019
1497 11 3 4 4 9 957 952 956 955 1023 1017 1024 1019 1014 994
1498 11 3 4 4 9 1560 962 961 1440 990 987 1509 1519 1526 1527
1499 11 3 4 4 9 957 962 956 961 986 1013 1024 988 984 987
1500 11 3 4 4 9 962 958 1081 956 969 1103 1102 1013 1134 1000
1501 11 3 4 4 9 962 1439 960 961 1010 997 973 987 1025 1020
1502 11 3 5 5 9 955 963 1074 1077 1029 1030 1018 1124 1132 1151
1503 11 3 5 5 9 963 967 965 1314 1031 1032 1033 1034 1035 1036
1504 11 3 5 5 9 965 967 1788 1314 1032 1357 1358 1035 1359 1036
1505 11 3 5 5 9 963 1201 1086 1314 1156 1157 1158 1034 1037 1369
1506 11 3 5 5 9 963 955 1074 952 1029 1018 1030 1039 1016 994
1507 11 3 5 5 9 963 967 1314 1086 1031 1036 1034 1158 1037 1040
1508 11 3 5 5 9 963 955 952 964 1029 994 1039 1041 1042 1043
1509 11 3 5 5 9 966 968 964 951 1045 1046 1047 1038 1048 1049
1510 11 3 5 5 9 967 1310 968 965 1364 1050 1051 1032 1052 1053
1511 11 3 5 5 9 965 968 964 966 1052 1046 1054 1027 1047 1045
1512 11 3 5 5 9 968 952 964 951 1055 1042 1046 1049 1048 993
1513 11 3 5 5 9 952 955 951 968 994 995 993 1055 1049 1056
1514 11 3 5 5 9 966 968 951 1789 1045 1049 1038 1028 1846 1057
1515 11 3 5 5 9 952 955 968 964 994 1056 1055 1042 1046 1043
1516 11 3 5 5 9 968 965 1789 966 1052 1026 1057 1045 1028 1027
1517 11 3 5 5 9 967 963 965 964 1031 1033 1032 1058 1054 1041
1518 11 3 5 5 9 1310 965 1789 968 1053 1026 1059 1050 1057 1052
1519 11 3 5 5 9 963 967 1086 955 1031 1040 1158 1029 1044 1060
1520 11 3 5 5 9 1314 967 1311 1086 1036 1365 1380 1037 1381 1040
1521 11 3 5 5 9 967 965 968 964 1032 1052 1051 1058 1046 1054
1522 11 3 5 5 9 1310 967 1788 965 1364 1357 1367 1053 1358 1032
1523 11 3 5 5 9 965 1310 1789 1788 1053 1059 1026 1358 1842 1367
1524 11 3 5 5 9 967 964 955 963 1058 1043 1060 1031 1029 1041
1525 11 3 5 5 9 955 964 967 968 1043 1058 1060 1056 1051 1046
1526 11 3 7 7 9 968 967 955 962 1051 1060 1056 1061 1015 1062
1527 11 3 7 7 9 1560 968 955 962 1063 1056 996 990 1015 1061
1528 11 3 7 7 9 951 968 955 1560 1049 1056 995 992 996 1063
1529 11 3 7 7 9 1436 1310 968 967 1065 1050 1064 1066 1051 1364
1530 11 3 7 7 9 1436 1310 967 1428 1065 1364 1066 1480 1385 1393
1531 11 3 7 7 9 967 962 1086 955 1062 1178 1040 1060 1044 1015
1532 11 3 7 7 9 968 951 1558 1560 1049 1848 1851 1063 1660 992
1533 11 3 7 7 9 1072 967 131 962 1384 1395 1176 1179 1182 1062
1534 11 3 7 7 9 968 962 1436 967 1061 1540 1064 1051 1066 1062
1535 11 3 7 7 9 1436 962 968 1560 1540 1061 1064 1538 1063 990
1536 11 3 7 7 9 492 962 967 484 214 1062 1067 590 1536 1532
1537 11 3 7 7 9 492 967 962 131 1067 1062 214 192 1182 1395
1538 11 3 2 2 10 1071 1070 1199 1190 1093 1088 1094 1095 1210 1087
1539 11 3 2 2 10 1071 1079 1199 1070 1096 1216 1094 1093 1088 1089
1540 11 3 2 2 10 1070 1071 1068 1190 1093 1097 1098 1087 1099 1095
1541 11 3 2 2 10 1079 1072 1071 1199 1091 1100 1096 1216 1094 1092
1542 11 3 4 4 10 958 962 1081 1080 969 1102 1103 970 1104 1101
1543 11 3 4 4 10 1077 962 1082 1081 1105 1106 1107 1108 1109 1102
1544 11 3 4 4 10 1076 1077 1082 1081 1110 1107 1111 1112 1109 1108
1545 11 3 4 4 10 1081 962 1082 1080 1102 1106 1109 1104 1114 1101
1546 11 3 4 4 10 1074 1083 1069 1073 1115 1116 1117 1118 1119 1120
1547 11 3 4 4 10 1075 252 1080 1082 259 1122 1126 1127 1114 1128
1548 11 3 4 4 10 1068 1077 1082 1076 1129 1107 1130 1131 1111 1110
1549 11 3 4 4 10 1074 1077 956 955 1132 1123 1125 1018 1014 1124
1550 11 3 4 4 10 958 1073 1081 956 1003 1133 1103 1000 1134 1113
1551 11 3 4 4 10 1081 1075 1080 1082 1135 1126 1104 1109 1114 1127
1552 11 3 4 4 10 1077 962 1081 956 1105 1102 1108 1123 1134 1013
1553 11 3 4 4 10 1074 1077 1083 956 1132 1136 1115 1125 1137 1123
1554 11 3 4 4 10 1068 1075 1081 1082 1138 1135 1139 1130 1109 1127
1555 11 3 4 4 10 1073 1083 1081 956 1120 1140 1133 1113 1134 1137
1556 11 3 4 4 10 1074 1083 1073 956 1115 1120 1118 1125 1113 1137
1557 11 3 4 4 10 1083 1077 1076 1081 1136 1110 1141 1140 1112 1108
1558 11 3 4 4 10 962 252 1082 1080 1121 1128 1106 1101 1114 1122
1559 11 3 4 4 10 1069 1083 1076 1081 1116 1141 1142 1143 1112 1140
1560 11 3 4 4 10 1083 1069 1073 1081 1116 1119 1120 1140 1133 1143
1561 11 3 4 4 10 1083 1077 1081 956 1136 1108 1140 1137 1134 1123
1562 11 3 4 4 10 1068 1076 1082 1081 1131 1111 1130 1139 1109 1112
1563 11 3 5 5 10 1078 1069 1084 1076 1146 1147 1148 1149 1150 1142
1564 11 3 5 5 10 1069 1083 1084 1076 1116 1152 1147 1142 1150 1141
1565 11 3 5 5 10 1084 963 1077 1074 1153 1151 1154 1155 1132 1030
1566 11 3 5 5 10 1071 1068 1190 1085 1097 1099 1095 1144 1145 1159
1567 11 3 5 5 10 1083 1084 1077 1074 1152 1154 1136 1115 1132 1155
1568 11 3 5 5 10 1085 1071 1077 1084 1144 1160 1161 1162 1154 1163
1569 11 3 5 5 10 1201 963 1086 1084 1156 1158 1157 1164 1165 1153
1570 11 3 5 5 10 1085 1068 1076 1077 1159 1131 1166 1161 1110 1129
1571 11 3 5 5 10 1199 1201 1086 1084 1295 1157 1167 1168 1165 1164
1572 11 3 5 5 10 1071 1068 1085 1077 1097 1159 1144 1160 1161 1129
1573 11 3 5 5 10 1069 1083 1074 1084 1116 1115 1117 1147 1155 1152
1574 11 3 5 5 10 1085 1078 1084 1076 1169 1148 1162 1166 1150 1149
1575 11 3 5 5 10 1071 1199 1086 1084 1094 1167 1170 1163 1165 1168
1576 11 3 5 5 10 1071 1085 1199 1084 1144 1263 1094 1163 1168 1162
1577 11 3 5 5 10 1086 963 1077 1084 1158 1151 1171 1165 1154 1153
1578 11 3 5 5 10 1314 1201 1086 1311 1369 1157 1037 1380 1381 1298
1579 11 3 5 5 10 1201 1078 1084 1085 1299 1148 1164 1296 1162 1169
1580 11 3 5 5 10 963 955 1086 1077 1029 1044 1158 1151 1171 1124
1581 11 3 5 5 10 1071 1086 1077 1084 1170 1171 1160 1163 1154 1165
1582 11 3 5 5 10 1199 1072 1086 1311 1092 1172 1167 1231 1381 1321
1583 11 3 5 5 10 1072 1071 1199 1086 1100 1094 1092 1172 1167 1170
1584 11 3 5 5 10 1076 1084 1077 1083 1150 1154 1110 1141 1136 1152
1585 11 3 5 5 10 1076 1077 1084 1085 1110 1154 1150 1166 1162 1161
1586 11 3 7 7 10 1075 1082 1068 1070 1127 1130 1138 1173 1098 1174
1587 11 3 7 7 10 1082 1068 1071 1077 1130 1097 1175 1107 1160 1129
1588 11 3 7 7 10 1071 1082 1079 1070 1175 1177 1096 1093 1089 1174
1589 11 3 7 7 10 1068 1082 1071 1070 1130 1175 1097 1098 1093 1174
1590 11 3 7 7 10 967 1072 1086 962 1384 1172 1040 1062 1178 1179
1591 11 3 7 7 10 1075 1082 1079 252 1127 1177 1180 259 213 1128
1592 11 3 7 7 10 1075 133 1079 1070 350 207 1180 1173 1089 1181
1593 11 3 7 7 10 1082 1075 1079 1070 1127 1180 1177 1174 1089 1173
1594 11 3 7 7 10 955 962 1086 1077 1015 1178 1044 1124 1171 1105
1595 11 3 7 7 10 119 133 1070 1079 205 1181 1090 136 1089 207
1596 11 3 7 7 10 2 1072 131 1079 1333 1176 160 1335 211 1091
1597 11 3 7 7 10 1079 1082 1072 252 1177 1183 1091 213 1184 1128
1598 11 3 7 7 10 1079 1072 1082 1071 1091 1183 1177 1096 1175 1100
1599 11 3 7 7 10 962 1072 1082 252 1179 1183 1106 1121 1128 1184
1600 11 3 7 7 10 1079 131 252 1072 211 1185 213 1091 1184 1176
1601 11 3 7 7 10 962 252 131 1072 1121 1185 1182 1179 1176 1184
1602 11 3 7 7 10 1072 1082 1086 962 1183 1186 1172 1179 1178 1106
1603 11 3 7 7 10 1072 1086 1082 1071 1172 1186 1183 1100 1175 1170
1604 11 3 7 7 10 1077 1086 1082 962 1171 1186 1107 1105 1106 1178
1605 11 3 7 7 10 1077 1082 1086 1071 1107 1186 1171 1160 1170 1175
1606 11 3 2 2 11 1070 1190 1195 1199 1087 1207 1208 1088 1209 1210
1607 11 3 2 2 11 1079 119 1195 1070 136 137 1211 1089 1208 1090
1608 11 3 2 2 11 1198 13 1197 1200 18 19 1212 1213 1214 1215
1609 11 3 2 2 11 1079 1070 1195 1199 1089 1208 1211 1216 1209 1088
1610 11 3 2 2 11 1198 1191 1196 1197 1217 1218 1219 1212 1220 1221
1611 11 3 2 2 11 1196 1191 1192 1187 1218 1222 1223 1224 1225 1226
1612 11 3 2 2 11 1200 1079 1195 1199 1227 1211 1228 1229 1209 1216
1613 11 3 2 2 11 1072 1079 1311 1199 1091 1230 1321 1092 1231 1216
1614 11 3 2 2 11 1200 1198 1305 1192 1213 1232 1322 1233 1234 1235
1615 11 3 2 2 11 13 1197 1200 121 19 1214 1215 29 1236 30
1616 11 3 2 2 11 1198 1196 1192 1200 1219 1223 1235 1213 1233 1237
1617 11 3 2 2 11 1196 1200 1195 1199 1237 1228 1239 1240 1209 1229
1618 11 3 2 2 11 1189 1196 1192 1187 1241 1223 1242 1243 1225 1224
1619 11 3 2 2 11 1200 1196 1192 1189 1237 1223 1233 1244 1242 1241
1620 11 3 2 2 11 8 1198 1305 1200 1245 1232 1330 1238 1322 1213
1621 11 3 2 2 11 1198 1191 1197 6 1217 1221 1212 1246 39 1247
1622 11 3 2 2 11 1079 1200 1311 1199 1227 1340 1230 1216 1231 1229
1623 11 3 2 2 11 1190 1196 1199 1189 1248 1240 1210 1249 1250 1241
1624 11 3 2 2 11 1198 1191 1192 1196 1217 1222 1235 1219 1223 1218
1625 11 3 2 2 11 1079 1200 121 1311 1227 1236 140 1230 1336 1340
1626 11 3 2 2 11 6 1198 12 1197 1246 45 27 39 46 1212
1627 11 3 2 2 11 1200 1197 1195 121 1214 1251 1228 1236 139 30
1628 11 3 2 2 11 1079 1200 1195 121 1227 1228 1211 140 139 1236
1629 11 3 2 2 11 1312 13 1200 121 37 1215 1332 33 1236 29
1630 11 3 2 2 11 1196 1200 1199 1189 1237 1229 1240 1241 1250 1244
1631 11 3 2 2 11 1190 1196 1195 1199 1248 1239 1207 1210 1209 1240
1632 11 3 2 2 11 1196 1197 1195 1200 1220 1251 1239 1237 1228 1214
1633 11 3 2 2 11 1198 1197 1196 1200 1212 1220 1219 1213 1237 1214
1634 11 3 2 2 11 121 5 1197 1195 143 48 30 139 1251 142
1635 11 3 2 2 11 1200 13 8 1198 1215 50 1238 1213 1245 18
1636 11 3 5 5 11 1189 1200 1203 1202 1244 1252 1253 1254 1255 1256
1637 11 3 5 5 11 1206 1194 1313 1202 1257 1258 1259 1260 1261 1262
1638 11 3 5 5 11 1190 1071 1085 1199 1095 1144 1145 1210 1263 1094
1639 11 3 5 5 11 1204 1202 1203 1193 1264 1255 1265 1266 1267 1268
1640 11 3 5 5 11 1309 1206 1308 1313 1348 1269 1354 1355 1356 1259
1641 11 3 5 5 11 1206 1200 1202 1313 1270 1256 1260 1259 1261 1271
1642 11 3 5 5 11 1200 1201 1202 1313 1272 1273 1256 1271 1261 1274
1643 11 3 5 5 11 1200 1206 1205 1192 1270 1275 1276 1233 1277 1278
1644 11 3 5 5 11 1206 1200 1205 1202 1270 1276 1275 1260 1279 1256
1645 11 3 5 5 11 1190 1085 1203 1199 1145 1280 1281 1210 1282 1263
1646 11 3 5 5 11 1189 1190 1203 1199 1249 1281 1253 1250 1282 1210
1647 11 3 5 5 11 1200 1201 1203 1202 1272 1283 1252 1256 1255 1273
1648 11 3 5 5 11 1194 1188 1202 1205 1284 1285 1262 1286 1279 1287
1649 11 3 5 5 11 1188 1204 1205 1187 1288 1289 1287 1290 1291 1292
1650 11 3 5 5 11 1189 1200 1202 1204 1244 1256 1254 1293 1264 1294
1651 11 3 5 5 11 1200 1206 1192 1305 1270 1278 1233 1322 1234 1350
1652 11 3 5 5 11 1085 1201 1199 1084 1296 1295 1263 1162 1168 1164
1653 11 3 5 5 11 1188 1204 1193 1202 1288 1266 1297 1285 1268 1264
1654 11 3 5 5 11 1204 1189 1203 1202 1293 1253 1265 1264 1255 1254
1655 11 3 5 5 11 1188 1204 1202 1205 1288 1264 1285 1287 1279 1289
1656 11 3 5 5 11 1085 1201 1203 1199 1296 1283 1280 1263 1282 1295
1657 11 3 5 5 11 1206 1194 1202 1205 1257 1262 1260 1275 1279 1286
1658 11 3 5 5 11 1202 1201 1203 1193 1273 1283 1255 1268 1267 1300
1659 11 3 5 5 11 1078 1201 1203 1085 1299 1283 1301 1169 1280 1296
1660 11 3 5 5 11 1201 1078 1203 1193 1299 1301 1283 1300 1267 1302
1661 11 3 5 5 11 1201 1199 1086 1311 1295 1167 1157 1298 1381 1231
1662 11 3 5 5 11 1201 1200 1203 1199 1272 1252 1283 1295 1282 1229
1663 11 3 5 5 11 1200 1204 1205 1202 1294 1289 1276 1256 1279 1264
1664 11 3 5 5 11 1200 1201 1311 1199 1272 1298 1340 1229 1231 1295
1665 11 3 5 5 11 1200 1189 1203 1199 1244 1253 1252 1229 1282 1250
1666 11 3 5 5 11 1200 1206 1316 1313 1270 1351 1360 1271 1346 1259
1667 11 3 5 5 11 1194 1206 1313 1308 1257 1259 1258 1303 1356 1269
1668 11 3 5 5 11 1187 1204 1192 1189 1292 1304 1225 1243 1242 1293
1669 11 3 5 5 11 1187 1192 1204 1205 1225 1304 1292 1291 1289 1277
1670 11 3 5 5 11 1200 1192 1204 1189 1233 1304 1294 1244 1293 1242
1671 11 3 5 5 11 1200 1204 1192 1205 1294 1304 1233 1276 1277 1289
1672 11 3 5 5 11 1313 1311 1201 1314 1382 1298 1274 1347 1369 1380
1673 11 3 5 5 11 1313 1201 1311 1200 1274 1298 1382 1271 1340 1272
1674 11 3 2 2 12 1312 1307 1306 1311 1323 1324 1325 1326 1327 1328
1675 11 3 2 2 12 1312 8 1305 1200 1329 1330 1331 1332 1322 1238
1676 11 3 2 2 12 1072 2 1311 1079 1333 1334 1321 1091 1230 1335
1677 11 3 2 2 12 1072 2 1306 1311 1333 1337 1338 1321 1327 1334
1678 11 3 2 2 12 1307 1312 1200 1311 1323 1332 1339 1328 1340 1326
1679 11 3 2 2 12 1307 1312 1305 1200 1323 1331 1341 1339 1322 1332
1680 11 3 2 2 12 1200 1312 121 1311 1332 33 1236 1340 1336 1326
1681 11 3 2 2 12 2 1312 1306 1311 31 1325 1337 1334 1327 1326
1682 11 3 5 5 12 1315 1314 1316 1313 1342 1343 1344 1345 1346 1347
1683 11 3 5 5 12 1206 1309 1305 1316 1348 1349 1350 1351 1352 1353
1684 11 3 5 5 12 1307 1200 1316 1311 1339 1360 1361 1328 1362 1340
1685 11 3 5 5 12 1307 1316 1306 1311 1361 1363 1324 1328 1327 1362
1686 11 3 5 5 12 1310 967 1311 1788 1364 1365 1366 1367 1368 1357
1687 11 3 5 5 12 1206 1309 1316 1313 1348 1353 1351 1259 1346 1355
1688 11 3 5 5 12 1309 1308 1315 1313 1354 1370 1371 1355 1345 1356
1689 11 3 5 5 12 1788 1316 1311 1306 1372 1362 1368 1373 1327 1363
1690 11 3 5 5 12 965 1314 1788 1315 1035 1359 1358 1374 1375 1342
1691 11 3 5 5 12 1310 967 1306 1311 1364 1376 1377 1366 1327 1365
1692 11 3 5 5 12 1309 1308 1661 1315 1354 1378 1691 1371 1692 1370
1693 11 3 5 5 12 1788 1314 1311 1316 1359 1380 1368 1372 1362 1343
1694 11 3 5 5 12 1316 1314 1311 1313 1343 1380 1362 1346 1382 1347
1695 11 3 5 5 12 1200 1305 1307 1316 1322 1341 1339 1360 1361 1352
1696 11 3 5 5 12 1200 1206 1305 1316 1270 1350 1322 1360 1352 1351
1697 11 3 5 5 12 1788 1674 1315 1316 1694 1685 1375 1372 1344 1383
1698 11 3 5 5 12 967 1072 1306 1311 1384 1338 1376 1365 1327 1321
1699 11 3 5 5 12 1200 1316 1311 1313 1360 1362 1340 1271 1382 1346
1700 11 3 5 5 12 1310 1788 1311 1306 1367 1368 1366 1377 1327 1373
1701 11 3 5 5 12 967 1314 1311 1788 1036 1380 1365 1357 1368 1359
1702 11 3 5 5 12 967 1072 1311 1086 1384 1321 1365 1040 1381 1172
1703 11 3 5 5 12 1309 1674 1316 1315 1379 1383 1353 1371 1344 1685
1704 11 3 5 5 12 1314 1788 1315 1316 1359 1375 1342 1343 1344 1372
1705 11 3 5 5 12 1309 1315 1316 1313 1371 1344 1353 1355 1346 1345
1706 11 3 7 7 12 967 1428 1306 1317 1385 1386 1376 1387 1388 1389
1707 11 3 7 7 12 2 1317 131 1072 1390 1391 160 1333 1176 1392
1708 11 3 7 7 12 967 1317 1306 1072 1387 1388 1376 1384 1338 1392
1709 11 3 7 7 12 967 1306 1428 1310 1376 1386 1385 1364 1393 1377
1710 11 3 7 7 12 131 1428 967 1317 1394 1385 1395 1391 1387 1389
1711 11 3 7 7 12 1317 2 1306 1072 1390 1337 1388 1392 1338 1333
1712 11 3 7 7 12 1317 967 131 1072 1387 1395 1391 1392 1176 1384
1713 11 3 7 7 12 719 1428 131 1317 591 1394 757 1396 1391 1389
1714 11 3 7 7 12 719 1317 131 2 1396 1391 757 760 160 1390
1715 11 3 7 7 12 1428 967 492 131 1385 1067 592 1394 192 1395
1716 11 3 9 9 12 1317 1318 1673 1428 1397 1713 1398 1389 1453 1399
1717 11 3 9 9 12 1306 1317 1318 2 1388 1397 1400 1337 1401 1390
1718 11 3 9 9 12 1794 1318 1310 1428 1730 1402 1882 1465 1393 1399
1719 11 3 9 9 12 1317 1306 1318 1428 1388 1400 1397 1389 1399 1386
1720 11 3 9 9 12 1318 1317 1673 719 1397 1398 1713 1405 1406 1396
1721 11 3 9 9 12 1318 1306 1310 1428 1400 1377 1402 1399 1393 1386
1722 11 3 9 9 12 1306 1318 1310 1788 1400 1402 1377 1373 1367 1403
1723 11 3 9 9 12 719 2 1318 1317 760 1401 1405 1396 1397 1390
1724 11 3 9 9 12 719 1673 1428 1317 1406 1453 591 1396 1389 1398
1725 11 3 10 10 12 1316 1319 1674 1309 1409 1410 1383 1353 1379 1411
1726 11 3 10 10 12 729 2 1312 1318 821 31 114 1404 1412 1401
1727 11 3 10 10 12 1312 1320 1305 8 1414 1415 1331 1329 1330 1416
1728 11 3 10 10 12 1788 1316 1306 1318 1372 1363 1373 1403 1400 1417
1729 11 3 10 10 12 1316 1319 1318 1678 1409 1418 1417 1413 1740 1755
1730 11 3 10 10 12 1307 1316 1318 1306 1361 1417 1419 1324 1400 1363
1731 11 3 10 10 12 1312 1307 1305 1320 1323 1341 1331 1414 1415 1421
1732 11 3 10 10 12 1316 1319 1309 1305 1409 1411 1353 1352 1349 1422
1733 11 3 10 10 12 1312 1307 1320 1318 1323 1421 1414 1412 1408 1419
1734 11 3 10 10 12 1306 1307 1312 1318 1324 1323 1325 1400 1412 1419
1735 11 3 10 10 12 1319 1316 1318 1307 1409 1417 1418 1423 1419 1361
1736 11 3 10 10 12 729 1312 1320 1318 114 1414 1407 1404 1408 1412
1737 11 3 10 10 12 2 1306 1312 1318 1337 1325 31 1401 1412 1400
1738 11 3 10 10 12 1319 1307 1318 1320 1423 1419 1418 1420 1408 1421
1739 11 3 10 10 12 1307 1319 1305 1320 1423 1422 1341 1421 1415 1420
1740 11 3 10 10 12 1319 1316 1307 1305 1409 1361 1423 1422 1341 1352
1741 11 3 10 10 12 1316 1788 1678 1318 1372 1742 1413 1417 1740 1403
1742 11 3 1 1 13 1437 1424 1557 1434 1443 1445 1444 1449 1450 1451
1743 11 3 1 1 13 1442 1441 1435 1428 1454 1455 1456 1457 1458 1459
1744 11 3 1 1 13 1441 1442 1435 1434 1454 1456 1455 1460 1461 1462
1745 11 3 1 1 13 1428 1430 1794 1673 1463 1464 1465 1453 1682 1466
1746 11 3 1 1 13 1431 1441 1554 1426 1467 1589 1468 1469 1590 1470
1747 11 3 1 1 13 1441 1793 1794 1554 1596 1802 1471 1589 1803 1597
1748 11 3 1 1 13 602 1442 1430 1431 623 1472 502 1473 1474 1475
1749 11 3 1 1 13 1442 1428 484 1673 1457 1452 503 1476 495 1453
1750 11 3 1 1 13 1442 1433 1435 1434 1477 1478 1456 1462 1461 1479
1751 11 3 1 1 13 1432 1442 1426 1441 1481 1482 1483 1484 1470 1454
1752 11 3 1 1 13 1557 1441 1434 1426 1592 1460 1450 1595 1485 1470
1753 11 3 1 1 13 1427 1437 1435 1434 1486 1487 1488 1489 1461 1449
1754 11 3 1 1 13 1428 1442 1430 1673 1457 1472 1463 1453 1466 1476
1755 11 3 1 1 13 1441 1437 1435 1436 1490 1487 1455 1491 1492 1493
1756 11 3 1 1 13 1442 602 1425 1431 623 646 1494 1475 1495 1473
1757 11 3 1 1 13 1437 1441 1435 1434 1490 1455 1487 1449 1461 1460
1758 11 3 1 1 13 1432 1442 1441 1434 1481 1454 1484 1496 1460 1462
1759 11 3 1 1 13 1441 1428 1794 1436 1459 1465 1471 1491 1812 1480
1760 11 3 1 1 13 1441 1437 1557 1434 1490 1444 1592 1460 1450 1449
1761 11 3 1 1 13 1433 1427 1435 1434 1497 1488 1478 1479 1461 1489
1762 11 3 1 1 13 1437 1424 1434 1427 1443 1451 1449 1486 1489 1498
1763 11 3 1 1 13 1428 1442 1794 1430 1457 1500 1465 1463 1464 1472
1764 11 3 1 1 13 1442 1441 1794 1430 1454 1471 1500 1472 1464 1501
1765 11 3 1 1 13 1433 608 1435 1427 628 1502 1478 1497 1488 1503
1766 11 3 1 1 13 1441 1442 1794 1428 1454 1500 1471 1459 1465 1457
1767 11 3 1 1 13 1441 1432 1434 1426 1484 1496 1460 1470 1485 1483
1768 11 3 1 1 13 1442 483 1430 1673 509 508 1472 1476 1466 515
1769 11 3 1 1 13 1442 1432 1426 1425 1481 1483 1482 1494 1504 1505
1770 11 3 1 1 13 1432 1442 604 1425 1481 631 1506 1505 657 1494
1771 11 3 1 1 13 1442 1433 1434 1432 1477 1479 1462 1481 1496 1507
1772 11 3 1 1 13 1433 1442 1435 608 1477 1456 1478 628 1502 627
1773 11 3 1 1 13 1430 1441 1794 1554 1501 1471 1464 1499 1803 1589
1774 11 3 1 1 13 1428 1442 484 1435 1457 503 1452 1458 1508 1456
1775 11 3 1 1 13 1441 1442 1426 1431 1454 1482 1470 1467 1469 1475
1776 11 3 1 1 13 1431 1442 1426 1425 1475 1482 1469 1495 1504 1494
1777 11 3 1 1 13 1442 1433 1432 604 1477 1507 1481 631 1506 629
1778 11 3 1 1 13 1441 1549 1437 1436 1613 1448 1490 1491 1493 1599
1779 11 3 1 1 13 1442 484 1435 608 503 1508 1456 627 1502 521
1780 11 3 1 1 13 1428 1441 1435 1436 1459 1455 1458 1480 1492 1491
1781 11 3 1 1 13 1441 1431 1430 1442 1467 1474 1501 1454 1472 1475
1782 11 3 1 1 13 1430 1431 1441 1554 1474 1467 1501 1499 1589 1468
1783 11 3 1 1 13 1436 1793 1794 1441 1638 1802 1812 1491 1471 1596
1784 11 3 4 4 13 1424 1549 1438 1440 1447 1639 1510 1511 1512 1513
1785 11 3 4 4 13 1439 1429 1438 1440 1514 1515 1516 1517 1512 1518
1786 11 3 4 4 13 1429 1424 1438 1440 1524 1510 1515 1518 1512 1511
1787 11 3 4 4 13 1429 1439 364 1440 1514 1521 1520 1518 1525 1517
1788 11 3 4 4 13 1438 1439 1440 961 1516 1517 1512 1522 1526 1020
1789 11 3 4 4 13 1438 1560 961 1440 1641 1509 1522 1512 1526 1519
1790 11 3 4 4 13 1439 962 364 1440 1010 1523 1521 1517 1525 1527
1791 11 3 7 7 13 1435 962 1440 364 1529 1527 1530 1531 1525 1523
1792 11 3 7 7 13 484 1435 364 962 1508 1531 456 1532 1523 1529
1793 11 3 7 7 13 1440 1560 1437 1549 1519 1533 1534 1513 1448 1640
1794 11 3 7 7 13 1440 1435 1437 1436 1530 1487 1534 1535 1493 1492
1795 11 3 7 7 13 967 484 1435 1428 1536 1508 1537 1385 1458 1452
1796 11 3 7 7 13 1427 1429 608 1435 1528 451 1503 1488 1502 1539
1797 11 3 7 7 13 484 967 1435 962 1536 1537 1508 1532 1529 1062
1798 11 3 7 7 13 967 1435 962 1436 1537 1529 1062 1066 1540 1492
1799 11 3 7 7 13 1560 962 1440 1436 990 1527 1519 1538 1535 1540
1800 11 3 7 7 13 1560 1440 1437 1436 1519 1534 1533 1538 1493 1535
1801 11 3 7 7 13 1435 1429 364 1440 1539 1520 1531 1530 1525 1518
1802 11 3 7 7 13 608 1429 364 1435 451 1520 452 1502 1531 1539
1803 11 3 7 7 13 1435 967 1428 1436 1537 1385 1458 1492 1480 1066
1804 11 3 7 7 13 1549 1440 1424 1437 1513 1511 1447 1448 1443 1534
1805 11 3 7 7 13 1440 1429 1424 1437 1518 1524 1511 1534 1443 1541
1806 11 3 7 7 13 1429 1427 1424 1437 1528 1498 1524 1541 1443 1486
1807 11 3 7 7 13 1435 1429 1440 1437 1539 1518 1530 1487 1534 1541
1808 11 3 7 7 13 962 1435 1440 1436 1529 1530 1527 1540 1535 1492
1809 11 3 7 7 13 1427 1429 1435 1437 1528 1539 1488 1486 1487 1541
1810 11 3 1 1 14 1561 1549 1552 1556 1562 1563 1564 1565 1566 1567
1811 11 3 1 1 14 1424 1437 1557 1548 1443 1444 1445 1446 1568 1569
1812 11 3 1 1 14 1544 1551 1558 1552 1570 1571 1572 1573 1574 1575
1813 11 3 1 1 14 1424 1549 1437 1548 1447 1448 1443 1446 1569 1576
1814 11 3 1 1 14 1543 1556 1546 1552 1577 1578 1579 1580 1581 1566
1815 11 3 1 1 14 1551 1793 1561 1792 1798 1582 1583 1799 1584 1800
1816 11 3 1 1 14 1555 1561 1554 1792 1585 1586 1587 1588 1801 1584
1817 11 3 1 1 14 1547 1441 1557 1426 1591 1592 1593 1594 1595 1470
1818 11 3 1 1 14 1781 1551 1558 1544 1808 1571 1809 1598 1572 1570
1819 11 3 1 1 14 1561 1549 1436 1558 1562 1599 1600 1601 1602 1603
1820 11 3 1 1 14 1553 1556 1546 1542 1604 1578 1605 1606 1607 1608
1821 11 3 1 1 14 1561 1441 1557 1547 1609 1592 1610 1611 1593 1591
1822 11 3 1 1 14 1556 1553 1546 1552 1604 1605 1578 1566 1581 1612
1823 11 3 1 1 14 1561 1793 1554 1792 1582 1597 1586 1584 1801 1800
1824 11 3 1 1 14 1549 1441 1557 1561 1613 1592 1614 1562 1610 1609
1825 11 3 1 1 14 1441 1561 1554 1547 1609 1586 1589 1591 1615 1611
1826 11 3 1 1 14 1441 1547 1554 1426 1591 1615 1589 1470 1590 1594
1827 11 3 1 1 14 1441 1793 1554 1561 1596 1597 1589 1609 1586 1582
1828 11 3 1 1 14 1545 1551 1555 1783 1616 1617 1618 1619 1620 1831
1829 11 3 1 1 14 1441 1549 1436 1561 1613 1599 1491 1609 1600 1562
1830 11 3 1 1 14 1551 1545 1555 1553 1616 1618 1617 1621 1622 1623
1831 11 3 1 1 14 1551 1561 1555 1792 1583 1585 1617 1799 1588 1584
1832 11 3 1 1 14 1551 1561 1558 1552 1583 1601 1571 1575 1574 1564
1833 11 3 1 1 14 1549 1544 1558 1552 1624 1572 1603 1563 1574 1573
1834 11 3 1 1 14 1561 1549 1558 1552 1562 1603 1601 1564 1574 1563
1835 11 3 1 1 14 1561 1547 1557 1556 1611 1593 1610 1565 1625 1626
1836 11 3 1 1 14 1561 1551 1553 1552 1583 1621 1627 1564 1612 1575
1837 11 3 1 1 14 1545 1555 1553 1542 1618 1622 1623 1628 1606 1629
1838 11 3 1 1 14 1548 1543 1552 1556 1630 1580 1631 1632 1566 1577
1839 11 3 1 1 14 1793 1551 1561 1558 1798 1583 1582 1826 1601 1571
1840 11 3 1 1 14 1547 1561 1554 1555 1611 1586 1615 1633 1587 1585
1841 11 3 1 1 14 1555 1561 1553 1542 1585 1627 1622 1629 1606 1634
1842 11 3 1 1 14 1561 1553 1542 1556 1627 1606 1634 1565 1608 1604
1843 11 3 1 1 14 1549 1544 1552 1543 1624 1573 1563 1635 1580 1636
1844 11 3 1 1 14 1549 1548 1552 1556 1576 1631 1563 1567 1566 1632
1845 11 3 1 1 14 1547 1561 1542 1556 1611 1634 1637 1626 1608 1565
1846 11 3 1 1 14 1549 1543 1552 1548 1635 1580 1563 1576 1631 1630
1847 11 3 1 1 14 1441 1793 1561 1436 1596 1582 1609 1491 1600 1638
1848 11 3 1 1 14 1553 1561 1552 1556 1627 1564 1612 1604 1566 1565
1849 11 3 1 1 14 1441 1549 1557 1437 1613 1614 1592 1490 1444 1448
1850 11 3 1 1 14 1547 1561 1555 1542 1611 1585 1633 1637 1629 1634
1851 11 3 1 1 14 1561 1551 1555 1553 1583 1617 1585 1627 1622 1621
1852 11 3 1 1 14 1437 1549 1557 1548 1448 1614 1444 1569 1568 1576
1853 11 3 1 1 14 1436 1558 1793 1561 1602 1826 1638 1600 1582 1601
1854 11 3 1 1 14 1556 1549 1557 1561 1567 1614 1625 1565 1610 1562
1855 11 3 1 1 14 1556 1557 1549 1548 1625 1614 1567 1632 1576 1568
1856 11 3 4 4 14 1549 1560 1438 1440 1640 1641 1639 1513 1512 1519
1857 11 3 4 4 14 1549 1424 1438 1548 1447 1510 1639 1576 1642 1446
1858 11 3 4 4 14 957 1560 961 1438 989 1509 988 1643 1522 1641
1859 11 3 4 4 14 1549 1559 1548 1550 1644 1645 1576 1646 1647 1648
1860 11 3 4 4 14 1560 957 1550 1438 989 1649 1650 1641 1651 1643
1861 11 3 4 4 14 957 1560 1559 951 989 1652 1653 999 1654 992
1862 11 3 4 4 14 1550 1549 1438 1548 1646 1639 1651 1647 1642 1576
1863 11 3 4 4 14 1550 957 961 1438 1649 988 1009 1651 1522 1643
1864 11 3 4 4 14 1560 1549 1438 1550 1640 1639 1641 1650 1651 1646
1865 11 3 4 4 14 1559 1549 1548 1543 1644 1576 1645 1655 1630 1635
1866 11 3 4 4 14 1550 1559 1548 1543 1648 1645 1647 1656 1630 1655
1867 11 3 4 4 14 1560 1544 1559 951 1657 1658 1652 992 1654 1659
1868 11 3 4 4 14 1544 1549 1559 1543 1624 1644 1658 1636 1655 1635
1869 11 3 4 4 14 1544 1549 1560 1559 1624 1640 1657 1658 1652 1644
1870 11 3 4 4 14 1560 1549 1550 1559 1640 1646 1650 1652 1648 1644
1871 11 3 4 4 14 957 1560 1550 1559 989 1650 1649 1653 1648 1652
1872 11 3 7 7 14 1560 951 1558 1544 992 1848 1660 1657 1572 1659
1873 11 3 7 7 14 1560 1549 1544 1558 1640 1624 1657 1660 1572 1603
1874 11 3 7 7 14 951 1781 1558 1544 1843 1809 1848 1659 1572 1598
1875 11 3 7 7 14 968 1560 1558 1436 1063 1660 1851 1064 1602 1538
1876 11 3 7 7 14 1560 1549 1436 1437 1640 1599 1538 1533 1493 1448
1877 11 3 7 7 14 1549 1560 1436 1558 1640 1538 1599 1603 1602 1660
1878 11 3 1 1 15 1430 1663 1794 1673 1816 1683 1464 1466 1682 1684
1879 11 3 5 5 15 1674 1315 1664 1782 1685 1686 1687 1688 1689 1690
1880 11 3 5 5 15 1674 1309 1661 1315 1379 1691 1693 1685 1692 1371
1881 11 3 5 5 15 1674 1661 1664 1315 1693 1695 1687 1685 1686 1692
1882 11 3 5 5 15 1788 1674 1782 1315 1694 1688 1840 1375 1690 1685
1883 11 3 9 9 15 1675 1667 1666 1669 1696 1697 1698 1699 1700 1701
1884 11 3 9 9 15 1675 1680 1677 1797 1702 1703 1704 1854 1855 1856
1885 11 3 9 9 15 1666 1675 1669 1677 1698 1699 1700 1705 1706 1704
1886 11 3 9 9 15 1665 1662 1669 1677 1707 1708 1709 1710 1706 1711
1887 11 3 9 9 15 1662 1665 1790 1677 1707 1862 1712 1711 1863 1710
1888 11 3 9 9 15 1676 1668 1671 846 1714 1715 1716 1717 1718 925
1889 11 3 9 9 15 1670 1676 1679 1678 1719 1720 1721 1722 1723 1724
1890 11 3 9 9 15 1680 1665 1677 1797 1725 1710 1703 1856 1855 1877
1891 11 3 9 9 15 1676 1670 1675 1678 1719 1727 1728 1724 1729 1722
1892 11 3 9 9 15 1318 1794 1673 1428 1730 1682 1713 1399 1453 1465
1893 11 3 9 9 15 1680 1665 1669 1677 1725 1709 1731 1703 1706 1710
1894 11 3 9 9 15 1671 1679 846 729 1732 1733 1718 906 917 1734
1895 11 3 9 9 15 1676 1679 1678 1673 1720 1723 1724 1735 1736 1737
1896 11 3 9 9 15 1679 833 729 1673 941 810 1734 1737 809 853
1897 11 3 9 9 15 1662 1666 1669 1677 1739 1700 1708 1711 1706 1705
1898 11 3 9 9 15 1794 1318 1678 1788 1730 1740 1741 1865 1742 1403
1899 11 3 9 9 15 1318 1679 729 1673 1743 1734 1404 1713 809 1737
1900 11 3 9 9 15 1676 1670 1679 1671 1719 1721 1720 1716 1732 1744
1901 11 3 9 9 15 1679 1676 846 1673 1720 1717 1733 1737 1726 1735
1902 11 3 9 9 15 1675 1680 1669 1677 1702 1731 1699 1704 1706 1703
1903 11 3 9 9 15 1679 1676 1671 846 1720 1716 1732 1733 1718 1717
1904 11 3 9 9 15 1675 1680 1678 1669 1702 1745 1729 1699 1746 1731
1905 11 3 9 9 15 1670 1675 1678 1669 1727 1729 1722 1747 1746 1699
1906 11 3 9 9 15 1676 1675 1663 1678 1728 1738 1748 1724 1749 1729
1907 11 3 9 9 15 1679 1318 1678 1673 1743 1740 1723 1737 1736 1713
1908 11 3 9 9 15 1794 1673 1663 1678 1682 1684 1683 1741 1749 1736
1909 11 3 9 9 15 1673 1676 1663 1678 1735 1748 1684 1736 1749 1724
1910 11 3 9 9 15 1318 1794 1678 1673 1730 1741 1740 1713 1736 1682
1911 11 3 9 9 15 1670 1676 1668 1671 1719 1714 1750 1744 1715 1716
1912 11 3 9 9 15 1676 1667 1670 1668 1751 1752 1719 1714 1750 1753
1913 11 3 9 9 15 1675 1794 1663 1678 1881 1683 1738 1729 1749 1741
1914 11 3 9 9 15 1676 1673 1663 846 1735 1684 1748 1717 929 1726
1915 11 3 9 9 15 1676 1667 1675 1670 1751 1696 1728 1719 1727 1752
1916 11 3 9 9 15 1675 1794 1678 1680 1881 1741 1729 1702 1745 1864
1917 11 3 9 9 15 1670 1667 1675 1669 1752 1696 1727 1747 1699 1701
1918 11 3 9 9 15 1318 1673 718 719 1713 807 823 1405 759 1406
1919 11 3 10 10 15 1681 1319 1678 1670 1754 1755 1756 1757 1722 1758
1920 11 3 10 10 15 1664 1672 1680 1665 1759 1760 1761 1762 1725 1763
1921 11 3 10 10 15 1679 729 1320 1318 1734 1407 1764 1743 1408 1404
1922 11 3 10 10 15 1672 1664 1680 1681 1759 1761 1760 1765 1766 1767
1923 11 3 10 10 15 1316 1319 1678 1674 1409 1755 1413 1383 1768 1410
1924 11 3 10 10 15 1681 1674 1309 1661 1769 1379 1770 1771 1691 1693
1925 11 3 10 10 15 1679 1671 1670 1320 1732 1744 1721 1764 1772 1773
1926 11 3 10 10 15 1665 1664 1782 1680 1762 1689 1886 1725 1870 1761
1927 11 3 10 10 15 1662 1672 1665 1669 1774 1763 1707 1708 1709 1775
1928 11 3 10 10 15 1679 729 1671 1320 1734 906 1732 1764 1773 1407
1929 11 3 10 10 15 1788 1316 1678 1674 1372 1413 1742 1694 1768 1383
1930 11 3 10 10 15 1672 1669 1680 1665 1775 1731 1760 1763 1725 1709
1931 11 3 10 10 15 1681 1664 1680 1674 1767 1761 1766 1769 1776 1687
1932 11 3 10 10 15 1788 1674 1678 1680 1694 1768 1742 1866 1745 1776
1933 11 3 10 10 15 1669 1672 1680 1681 1775 1760 1731 1777 1766 1765
1934 11 3 10 10 15 1679 1319 1318 1320 1778 1418 1743 1764 1408 1420
1935 11 3 10 10 15 1681 1319 1309 1674 1754 1411 1770 1769 1379 1410
1936 11 3 10 10 15 1681 1674 1680 1678 1769 1776 1766 1756 1745 1768
1937 11 3 10 10 15 1681 1669 1678 1680 1777 1746 1756 1766 1745 1731
1938 11 3 10 10 15 1664 1674 1782 1680 1687 1688 1689 1761 1870 1776
1939 11 3 10 10 15 1669 1681 1678 1670 1777 1756 1746 1747 1722 1757
1940 11 3 10 10 15 1319 1679 1678 1670 1778 1723 1755 1758 1722 1721
1941 11 3 10 10 15 1664 1672 1661 1681 1759 1779 1695 1767 1771 1765
1942 11 3 10 10 15 1681 1664 1674 1661 1767 1687 1769 1771 1693 1695
1943 11 3 10 10 15 1319 1679 1670 1320 1778 1721 1758 1420 1772 1764
1944 11 3 10 10 15 1319 1679 1318 1678 1778 1743 1418 1755 1740 1723
1945 11 3 10 10 15 1319 1681 1678 1674 1754 1756 1755 1410 1768 1769
1946 11 3 1 1 16 1793 1785 1794 1792 1804 1805 1802 1800 1806 1807
1947 11 3 1 1 16 1428 1786 1794 1436 1810 1811 1465 1480 1812 1813
1948 11 3 1 1 16 1785 1663 1794 1430 1814 1683 1805 1815 1464 1816
1949 11 3 1 1 16 1792 1793 1780 1784 1800 1817 1818 1819 1820 1821
1950 11 3 1 1 16 1781 1793 1786 1558 1822 1823 1824 1809 1825 1826
1951 11 3 1 1 16 1554 1793 1794 1792 1597 1802 1803 1801 1806 1800
1952 11 3 1 1 16 1783 1792 1780 1784 1827 1818 1828 1829 1820 1819
1953 11 3 1 1 16 1785 1430 1794 1554 1815 1464 1805 1830 1803 1499
1954 11 3 1 1 16 1785 1554 1794 1792 1830 1803 1805 1807 1806 1801
1955 11 3 1 1 16 1785 1793 1780 1792 1804 1817 1832 1807 1818 1800
1956 11 3 1 1 16 1783 1551 1555 1792 1831 1617 1620 1827 1588 1799
1957 11 3 1 1 16 1551 1793 1784 1781 1798 1821 1833 1808 1834 1822
1958 11 3 1 1 16 1793 1551 1784 1792 1798 1833 1821 1800 1819 1799
1959 11 3 1 1 16 1551 1783 1784 1792 1831 1829 1833 1799 1819 1827
1960 11 3 1 1 16 1551 1793 1781 1558 1798 1822 1808 1571 1809 1826
1961 11 3 1 1 16 1436 1793 1558 1786 1638 1826 1602 1813 1825 1823
1962 11 3 1 1 16 1436 1794 1793 1786 1812 1802 1638 1813 1823 1811
1963 11 3 5 5 16 965 1787 1789 966 1835 1836 1026 1027 1028 1837
1964 11 3 5 5 16 1787 965 1788 1782 1835 1358 1838 1839 1840 1841
1965 11 3 5 5 16 1787 965 1789 1788 1835 1026 1836 1838 1842 1358
1966 11 3 5 5 16 966 951 1781 1789 1038 1843 1844 1028 1845 1846
1967 11 3 5 5 16 1787 966 1781 1789 1837 1844 1847 1836 1845 1028
1968 11 3 5 5 16 965 1788 1782 1315 1358 1840 1841 1374 1690 1375
1969 11 3 7 7 16 1781 1789 1558 1786 1845 1849 1809 1824 1825 1850
1970 11 3 7 7 16 1781 951 1558 1789 1843 1848 1809 1845 1849 1846
1971 11 3 7 7 16 1436 1310 1786 968 1065 1852 1813 1064 1853 1050
1972 11 3 7 7 16 1789 968 1558 1786 1057 1851 1849 1850 1825 1853
1973 11 3 7 7 16 951 968 1558 1789 1049 1851 1848 1846 1849 1057
1974 11 3 7 7 16 1310 968 1789 1786 1050 1057 1059 1852 1850 1853
1975 11 3 7 7 16 1786 968 1558 1436 1853 1851 1825 1813 1602 1064
1976 11 3 7 7 16 1436 1310 1428 1786 1065 1393 1480 1813 1810 1852
1977 11 3 9 9 16 1680 1795 1797 1793 1857 1858 1856 1859 1860 1861
1978 11 3 9 9 16 1680 1794 1788 1793 1864 1865 1866 1859 1867 1802
1979 11 3 9 9 16 1788 1680 1795 1782 1866 1857 1868 1840 1869 1870
1980 11 3 9 9 16 1785 1791 1780 1795 1871 1872 1832 1873 1874 1875
1981 11 3 9 9 16 1794 1680 1797 1793 1864 1856 1876 1802 1860 1859
1982 11 3 9 9 16 1796 1680 1795 1797 1878 1857 1879 1880 1858 1856
1983 11 3 9 9 16 1794 1675 1797 1680 1881 1854 1876 1864 1856 1702
1984 11 3 9 9 16 1785 1795 1780 1793 1873 1874 1832 1804 1817 1861
1985 11 3 9 9 16 1789 1786 1781 1793 1850 1824 1845 1883 1822 1823
1986 11 3 9 9 16 1785 1794 1797 1793 1805 1876 1884 1804 1860 1802
1987 11 3 9 9 16 1796 1665 1782 1680 1885 1886 1887 1878 1870 1725
1988 11 3 9 9 16 1787 1784 1795 1793 1888 1889 1890 1891 1861 1821
1989 11 3 9 9 16 1794 1785 1675 1663 1805 1892 1881 1683 1738 1814
1990 11 3 9 9 16 1795 1784 1780 1793 1889 1820 1874 1861 1817 1821
1991 11 3 9 9 16 1680 1788 1795 1793 1866 1868 1857 1859 1861 1867
1992 11 3 9 9 16 1791 1785 1797 1795 1871 1884 1893 1875 1858 1873
1993 11 3 9 9 16 1788 1787 1795 1793 1838 1890 1868 1867 1861 1891
1994 11 3 9 9 16 1794 1786 1310 1788 1811 1852 1882 1865 1367 1894
1995 11 3 9 9 16 1796 1791 1797 1795 1895 1893 1880 1879 1858 1875
1996 11 3 9 9 16 1795 1785 1797 1793 1873 1884 1858 1861 1860 1804
1997 11 3 9 9 16 1796 1665 1680 1797 1885 1725 1878 1880 1856 1877
1998 11 3 9 9 16 1787 1788 1795 1782 1838 1868 1890 1839 1869 1840
1999 11 3 9 9 16 1791 1796 1797 1790 1895 1880 1893 1896 1897 1898
2000 11 3 9 9 16 1786 1794 1310 1428 1811 1882 1852 1810 1393 1465
2001 11 3 9 9 16 1789 1786 1793 1788 1850 1823 1883 1842 1867 1894
2002 11 3 9 9 16 1787 1789 1781 1793 1836 1845 1847 1891 1822 1883
2003 11 3 9 9 16 1680 1796 1795 1782 1878 1879 1857 1870 1869 1887
2004 11 3 9 9 16 1680 1794 1678 1788 1864 1741 1745 1866 1742 1865
2005 11 3 9 9 16 1794 1785 1797 1675 1805 1884 1876 1881 1854 1892
2006 11 3 9 9 16 1786 1789 1310 1788 1850 1059 1852 1894 1367 1842
2007 11 3 9 9 16 1318 1794 1310 1788 1730 1882 1402 1403 1367 1865
2008 11 3 9 9 16 1784 1787 1781 1793 1888 1847 1834 1821 1822 1891
2009 11 3 9 9 16 1786 1794 1793 1788 1811 1802 1823 1894 1867 1865
2010 11 3 9 9 16 1787 1789 1793 1788 1836 1883 1891 1838 1867 1842
2011 11 3 9 9 16 1797 1665 1790 1796 1877 1862 1897 1880 1898 1885
2012 11 3 9 9 16 1797 1790 1665 1677 1897 1862 1877 1855 1710 1863
2013 11 3 10 10 16 1674 1788 1782 1680 1694 1840 1688 1776 1870 1866
$EndElements
$NSets
26
x0
179
4
10
11
14
15
60
62
63
64
68
69
70
76
87
89
90
91
101
102
108
120
122
123
126
134
135
157
158
179
181
182
189
195
215
216
227
229
230
231
234
235
236
237
239
245
246
247
253
254
255
295
298
300
301
302
303
306
309
316
317
325
326
327
334
336
338
357
359
361
365
366
367
368
379
381
383
398
399
400
404
407
408
409
414
420
421
422
429
441
476
479
480
485
486
487
488
534
536
537
545
546
548
552
553
555
556
565
567
568
577
586
587
593
599
600
601
609
610
674
675
676
679
683
692
693
694
696
699
701
702
706
707
708
709
710
712
714
715
720
726
727
728
741
742
748
749
752
779
782
783
787
790
792
793
794
796
799
800
802
822
832
834
835
836
839
841
862
867
870
871
872
888
889
891
895
901
913
946
948
x1
172
950
951
952
953
956
957
963
964
965
966
981
993
999
1001
1002
1004
1016
1017
1021
1022
1023
1024
1027
1030
1033
1034
1035
1038
1039
1041
1042
1047
1048
1054
1069
1073
1074
1078
1084
1113
1117
1118
1119
1125
1146
1147
1148
1153
1155
1156
1164
1188
1193
1194
1201
1202
1258
1261
1262
1268
1273
1274
1284
1285
1297
1299
1300
1302
1303
1308
1313
1314
1315
1342
1345
1347
1356
1369
1370
1374
1378
1542
1543
1544
1545
1546
1550
1551
1552
1553
1559
1570
1573
1575
1579
1580
1581
1598
1605
1606
1607
1612
1616
1619
1621
1623
1628
1636
1648
1649
1653
1654
1655
1656
1658
1659
1661
1662
1664
1665
1672
1686
1689
1690
1692
1695
1707
1712
1759
1762
1763
1774
1779
1780
1781
1782
1783
1784
1787
1790
1791
1795
1796
1808
1820
1828
1829
1831
1833
1834
1835
1837
1839
1841
1843
1844
1847
1862
1869
1872
1874
1875
1879
1885
1886
1887
1888
1889
1890
1895
1896
1898
y0
164
1
4
5
6
11
16
39
40
41
42
48
63
65
67
69
99
100
103
105
119
120
124
125
126
133
137
141
142
193
194
199
200
202
203
205
209
220
221
233
237
238
239
240
241
242
243
245
246
248
249
256
260
263
264
274
275
278
279
286
287
289
292
293
314
316
318
320
321
328
330
331
336
337
338
341
348
349
350
352
355
950
954
958
970
976
977
978
1002
1003
1006
1007
1008
1068
1069
1070
1073
1075
1076
1078
1080
1081
1085
1087
1090
1098
1099
1103
1104
1112
1119
1126
1131
1133
1135
1138
1139
1142
1143
1145
1146
1149
1159
1166
1169
1173
1181
1187
1188
1189
1190
1191
1193
1195
1196
1197
1203
1204
1207
1208
1218
1220
1221
1224
1226
1239
1241
1243
1247
1248
1249
1251
1253
1265
1266
1267
1280
1281
1288
1290
1292
1293
1297
1301
1302
y1
144
477
479
481
502
506
507
510
511
519
535
559
560
568
593
594
595
601
602
636
646
654
655
659
664
666
677
698
708
709
831
832
834
835
837
838
840
842
846
847
850
854
855
858
876
881
884
886
887
890
891
894
895
899
900
921
923
925
926
927
929
935
936
943
944
945
949
1425
1426
1430
1431
1468
1469
1473
1474
1495
1499
1504
1542
1545
1547
1554
1555
1587
1588
1590
1594
1615
1618
1619
1620
1628
1629
1633
1637
1662
1663
1666
1667
1668
1675
1676
1677
1696
1697
1698
1704
1705
1711
1712
1714
1717
1728
1738
1739
1748
1751
1753
1780
1783
1785
1790
1791
1792
1797
1801
1807
1814
1815
1816
1818
1827
1828
1830
1832
1854
1855
1863
1871
1872
1884
1892
1893
1896
1897
z0
145
1
3
4
6
7
8
10
12
17
21
24
25
27
28
41
44
45
51
52
55
57
72
88
89
94
96
98
102
105
107
113
116
117
714
720
721
724
730
781
800
801
816
822
826
827
828
829
832
839
840
848
849
903
905
907
908
909
910
924
934
938
942
945
946
947
949
1187
1188
1191
1192
1194
1198
1205
1206
1217
1222
1225
1226
1232
1234
1235
1245
1246
1247
1257
1269
1275
1277
1278
1284
1286
1287
1290
1291
1303
1305
1308
1309
1319
1320
1330
1348
1349
1350
1354
1378
1411
1415
1416
1420
1422
1661
1662
1666
1667
1668
1669
1670
1671
1672
1681
1691
1697
1700
1701
1708
1715
1739
1744
1747
1750
1752
1753
1754
1757
1758
1765
1770
1771
1772
1773
1774
1775
1777
1779
z1
168
238
239
240
241
244
247
250
271
272
273
283
287
288
290
291
292
315
327
328
329
356
357
358
360
361
362
363
372
374
376
380
383
384
385
387
389
392
393
394
399
402
403
425
430
441
450
453
463
465
466
467
470
471
474
593
594
596
597
599
600
603
604
605
621
625
626
629
634
635
636
642
644
645
647
649
650
652
656
657
665
666
669
671
682
702
703
704
705
710
950
953
954
959
960
961
975
978
979
980
983
985
997
1004
1005
1007
1009
1012
1020
1022
1025
1424
1425
1426
1427
1429
1432
1433
1434
1438
1439
1445
1446
1450
1451
1479
1483
1485
1489
1496
1497
1498
1504
1505
1506
1507
1510
1514
1515
1516
1522
1524
1528
1542
1543
1546
1547
1548
1550
1556
1557
1568
1577
1578
1579
1593
1594
1595
1607
1608
1625
1626
1630
1632
1637
1642
1647
1651
1656
x0y1
11
479
568
593
601
708
709
832
834
835
891
895
x0z1
13
239
247
327
357
361
383
399
441
593
599
600
702
710
x0y0
13
4
11
63
69
120
126
237
239
245
246
316
336
338
x0z0
11
4
10
89
102
714
720
800
822
832
839
946
x1y0
11
950
1002
1069
1073
1078
1119
1146
1188
1193
1297
1302
x1z1
11
950
953
1004
1022
1542
1543
1546
1550
1579
1607
1656
x1y1
13
1542
1545
1619
1628
1662
1712
1780
1783
1790
1791
1828
1872
1896
x1z0
11
1188
1194
1284
1303
1308
1378
1661
1662
1672
1774
1779
y0z1
11
238
239
240
241
287
292
328
950
954
978
1007
y0z0
11
1
4
6
41
105
1187
1188
1191
1226
1247
1290
y1z0
11
832
840
945
949
1662
1666
1667
1668
1697
1739
1753
y1z1
11
593
594
636
666
1425
1426
1504
1542
1547
1594
1637
x0y0z0
1
4
x1y0z0
1
1188
x1y1z0
1
1662
x0y1z0
1
832
x0y0z1
1
239
x0y1z1
1
593
x1y1z1
1
1542
x1y0z1
1
950
$EndNSets
$Fasets
6
x0
78
1309 694 699 546 610 480 485
1337 742 548 749 486 476 715
1227 555 537 546 487 485 480
1319 699 679 707 610 359 480
1335 741 867 742 841 486 715
1239 556 901 568 486 834 479
1307 683 692 696 610 609 600
1330 706 683 710 610 600 599
1238 552 565 548 487 476 486
1222 536 545 556 488 486 479
1414 872 748 888 841 712 836
1338 748 741 752 841 715 712
1431 867 862 901 841 834 486
1408 871 872 870 841 836 835
1329 381 706 383 610 599 357
1128 679 381 379 610 357 359
1306 692 694 693 610 485 609
1416 870 889 891 836 832 835
1299 675 674 676 609 488 601
1237 565 555 567 487 480 476
1424 862 871 895 841 835 834
1326 701 675 708 609 601 593
1310 696 701 702 609 593 600
1308 674 693 534 609 485 488
1323 676 536 709 488 479 601
1220 545 553 552 488 487 486
1224 553 534 537 488 485 487
1249 577 179 587 365 122 480
1160 404 414 408 367 365 366
1247 567 587 586 480 122 476
1014 414 182 179 367 122 365
1079 303 404 302 367 366 253
1134 409 407 408 368 366 365
1002 182 157 181 367 123 122
1138 420 577 707 365 480 359
1085 317 298 316 253 246 245
1139 421 422 379 368 359 357
1133 400 398 399 366 361 247
1155 429 421 441 368 357 361
1087 325 326 327 254 247 239
1094 295 325 338 254 239 246
1009 158 189 195 255 120 123
1147 422 409 420 368 365 359
1093 334 306 317 255 253 245
1080 306 301 303 255 367 253
1091 189 334 336 255 245 120
1141 407 429 398 368 361 366
1078 300 295 298 254 246 253
1106 326 309 400 254 366 247
1082 309 300 302 254 253 366
994 301 158 157 255 123 367
1055 802 236 231 727 134 726
1058 236 227 234 727 122 134
939 60 62 215 14 134 135
1046 215 229 230 134 123 135
971 87 231 76 726 134 15
1057 237 235 195 126 123 120
966 76 62 108 134 14 15
1053 229 234 181 134 122 123
941 68 69 70 11 4 14
955 101 70 102 14 4 10
1356 792 794 793 728 714 712
1363 782 800 794 720 714 728
1358 796 799 779 715 726 728
948 90 89 91 10 720 15
1357 796 792 752 728 712 715
953 64 68 60 11 14 135
1054 230 235 216 123 126 135
970 101 90 108 10 15 14
1364 790 749 787 715 476 727
1370 790 802 799 727 726 715
1263 227 787 586 727 476 122
951 783 87 91 726 15 720
940 64 216 63 135 126 11
1351 782 779 783 728 726 720
1459 946 889 913 832 836 839
1465 822 948 793 839 712 714
1466 948 913 888 839 836 712
x1
75
1828 1831 1616 1619 1551 1545 1783
1830 1621 1623 1616 1553 1545 1551
1959 1833 1831 1829 1551 1783 1784
1818 1570 1808 1598 1551 1781 1544
1952 1828 1820 1829 1780 1784 1783
1843 1580 1573 1636 1552 1544 1543
1957 1808 1833 1834 1551 1784 1781
1812 1573 1575 1570 1552 1551 1544
1814 1581 1580 1579 1552 1543 1546
1837 1623 1606 1628 1553 1542 1545
1820 1606 1605 1607 1553 1546 1542
1836 1612 1621 1575 1553 1551 1552
1822 1605 1612 1581 1553 1552 1546
1475 1001 1113 1002 956 1073 950
1476 981 1001 1004 956 950 953
1546 1119 1118 1117 1073 1074 1069
1868 1658 1655 1636 1559 1543 1544
1556 1113 1125 1118 956 1074 1073
1866 1655 1648 1656 1559 1550 1543
1482 1125 1017 1016 956 952 1074
1485 1649 1021 1022 957 953 1550
1491 1021 1024 981 957 956 953
1493 1023 999 993 957 951 952
1497 1024 1023 1017 957 952 956
1867 1654 1658 1659 1559 1544 951
1861 1653 1654 999 1559 951 957
1871 1648 1653 1649 1559 957 1550
1642 1261 1273 1274 1202 1201 1313
1658 1273 1268 1300 1202 1193 1201
1569 1153 1156 1164 963 1201 1084
1565 1155 1030 1153 1074 963 1084
1506 1039 1030 1016 963 1074 952
1672 1369 1347 1274 1314 1313 1201
1879 1686 1690 1689 1315 1782 1664
1579 1164 1299 1148 1201 1078 1084
1511 1047 1027 1054 966 965 964
1963 1027 1837 1835 966 1787 965
1968 1690 1374 1841 1315 965 1782
1964 1839 1841 1835 1782 965 1787
1637 1261 1258 1262 1313 1194 1202
1667 1258 1356 1303 1313 1308 1194
1881 1686 1695 1692 1664 1661 1315
1688 1345 1370 1356 1315 1308 1313
1692 1370 1692 1378 1315 1661 1308
1660 1302 1299 1300 1078 1201 1193
1517 1054 1033 1041 965 963 964
1503 1035 1034 1033 1314 963 965
1682 1347 1342 1345 1314 1315 1313
1690 1035 1374 1342 965 1315 1314
1505 1034 1369 1156 1314 1201 963
1563 1148 1146 1147 1078 1069 1084
1512 1042 993 1048 952 951 964
1573 1155 1147 1117 1084 1069 1074
1509 1038 1047 1048 966 964 951
1967 1837 1844 1847 966 1781 1787
1653 1268 1285 1297 1202 1188 1193
1966 1038 1843 1844 951 1781 966
1648 1262 1284 1285 1194 1188 1202
1508 1039 1042 1041 952 964 963
1874 1659 1598 1843 1544 1781 951
1887 1712 1707 1862 1662 1665 1790
2008 1834 1888 1847 1784 1787 1781
1998 1890 1869 1839 1795 1782 1787
1987 1887 1885 1886 1796 1665 1782
2011 1885 1898 1862 1796 1790 1665
1999 1898 1895 1896 1796 1791 1790
2003 1879 1887 1869 1796 1782 1795
1980 1875 1874 1872 1795 1780 1791
1990 1874 1889 1820 1795 1784 1780
1988 1889 1890 1888 1795 1787 1784
1995 1895 1879 1875 1796 1795 1791
1927 1707 1774 1763 1662 1672 1665
1926 1886 1762 1689 1665 1664 1782
1920 1762 1763 1759 1665 1672 1664
1941 1695 1759 1779 1664 1672 1661
y0
71
1606 1207 1208 1087 1195 1070 1190
1631 1248 1239 1207 1196 1195 1190
1623 1241 1248 1249 1196 1190 1189
1618 1224 1241 1243 1196 1189 1187
991 137 142 141 1195 5 119
1540 1099 1087 1098 1190 1070 1068
1611 1218 1224 1226 1196 1187 1191
1634 1251 48 142 1197 5 1195
926 42 40 41 5 6 1
1607 1208 137 1090 1195 119 1070
929 48 39 40 1197 6 5
1621 39 1221 1247 1197 1191 6
1610 1221 1220 1218 1197 1196 1191
1632 1220 1251 1239 1197 1195 1196
1073 260 289 1126 249 1080 1075
1551 1126 1104 1135 1080 1081 1075
1542 1104 970 1103 1080 958 1081
1066 287 279 286 241 242 238
1076 279 275 293 241 243 242
1492 970 1006 976 1080 954 958
1560 1119 1143 1133 1069 1081 1073
1062 275 278 263 241 249 243
1072 278 292 274 241 240 249
1475 1003 977 1002 958 950 1073
1550 1003 1133 1103 1073 1081 958
1471 976 978 977 954 950 958
1559 1142 1112 1143 1076 1081 1069
1562 1112 1131 1139 1076 1068 1081
1477 1006 1008 1007 1080 240 954
1554 1135 1139 1138 1081 1068 1075
1059 260 264 263 1075 243 249
1069 274 1008 289 240 1080 249
1639 1267 1266 1265 1193 1204 1203
1654 1265 1293 1253 1204 1189 1203
1668 1292 1243 1293 1187 1189 1204
1653 1266 1297 1288 1193 1188 1204
1649 1292 1288 1290 1204 1188 1187
1659 1169 1301 1280 1078 1203 1085
1563 1146 1149 1142 1078 1076 1069
1645 1145 1280 1281 1085 1203 1190
1566 1145 1099 1159 1190 1068 1085
1660 1267 1301 1302 1203 1078 1193
1646 1281 1253 1249 1203 1189 1190
1574 1166 1149 1169 1076 1078 1085
1570 1166 1159 1131 1085 1068 1076
1094 338 328 314 239 238 246
1100 330 321 318 248 256 246
1085 318 320 316 256 245 246
1088 330 314 331 246 238 248
1021 203 199 202 124 125 119
1013 193 200 199 256 125 124
1105 200 321 341 256 248 125
1092 193 194 337 124 120 256
1091 320 337 336 256 120 245
1122 331 286 352 238 242 248
1120 341 355 349 248 243 125
1124 355 352 293 248 242 243
1595 1181 1090 205 1070 119 133
1035 209 205 202 133 119 125
1586 1098 1173 1138 1070 1075 1068
1111 350 348 264 133 243 1075
1110 209 349 348 125 243 133
1592 350 1173 1181 1075 1070 133
1057 194 233 237 124 126 120
956 42 99 103 1 16 5
954 99 100 67 1 11 16
961 69 100 105 11 1 4
1052 141 103 220 5 16 119
1040 220 221 203 16 124 119
940 65 67 63 16 11 126
1051 65 233 221 126 124 16
y1
61
1955 1807 1832 1818 1785 1780 1792
1952 1827 1818 1828 1792 1780 1783
1816 1801 1588 1587 1792 1555 1554
1840 1587 1633 1615 1555 1547 1554
1782 1499 1468 1474 1554 1431 1430
1746 1468 1590 1469 1554 1426 1431
1276 655 636 654 594 593 595
1198 502 506 507 602 481 1430
1202 507 850 1816 481 1663 1430
1748 1473 502 1474 602 1430 1431
1200 511 506 510 481 602 477
1776 1469 1504 1495 1426 1425 1431
1837 1628 1629 1618 1542 1555 1545
1850 1637 1633 1629 1547 1555 1542
1285 659 664 655 602 594 595
1756 1473 1495 646 1431 1425 602
1284 646 666 664 1425 594 602
1280 510 659 519 602 595 477
1948 1816 1814 1815 1663 1785 1430
1828 1620 1619 1618 1783 1545 1555
1826 1590 1615 1594 1554 1547 1426
1953 1830 1499 1815 1554 1430 1785
1956 1620 1588 1827 1555 1792 1783
1405 511 858 854 477 831 481
1403 850 854 855 481 831 1663
1954 1807 1801 1830 1792 1554 1785
1321 654 708 677 593 601 595
1215 519 698 535 595 479 477
1239 568 886 559 834 842 479
1232 559 560 535 842 477 479
1323 698 677 709 595 601 479
1419 894 876 895 837 834 835
1416 890 884 891 838 835 832
1415 881 858 560 831 477 842
1423 899 894 884 837 835 838
1425 881 887 900 842 837 831
1412 886 876 887 834 837 842
1992 1884 1893 1871 1797 1791 1785
1452 927 929 855 846 1663 831
1914 1717 1748 929 1676 1663 846
1883 1698 1696 1697 1675 1667 1666
1906 1748 1728 1738 1676 1675 1663
1438 926 927 900 846 831 837
1989 1738 1892 1814 1675 1785 1663
1915 1728 1751 1696 1676 1667 1675
1885 1705 1704 1698 1677 1675 1666
1458 943 890 945 838 832 840
2005 1854 1884 1892 1797 1785 1675
1453 935 921 926 847 846 837
1888 1714 1717 925 1676 846 1668
1467 923 944 949 847 840 1668
1912 1751 1714 1753 1676 1668 1667
1437 921 923 925 847 1668 846
1455 944 936 943 847 838 840
1444 936 935 899 847 837 838
1897 1711 1705 1739 1677 1666 1662
1999 1893 1897 1896 1797 1790 1791
1887 1863 1711 1712 1677 1662 1790
1884 1704 1855 1854 1677 1797 1675
2012 1855 1863 1897 1677 1790 1797
1980 1871 1872 1832 1791 1780 1785
z0
62
926 41 28 44 6 7 1
1611 1225 1222 1226 1192 1191 1187
1626 1246 45 27 1198 12 6
1621 1217 1246 1247 1198 6 1191
1620 1245 1232 1330 1198 1305 8
1614 1232 1235 1234 1198 1192 1305
1624 1235 1217 1222 1198 1191 1192
922 27 21 28 12 7 6
934 25 51 52 12 8 3
921 21 25 24 12 3 7
933 45 1245 51 1198 8 12
1657 1257 1275 1286 1206 1205 1194
1643 1275 1278 1277 1206 1192 1205
1649 1291 1290 1287 1187 1188 1205
1648 1286 1287 1284 1205 1188 1194
1669 1291 1277 1225 1205 1192 1187
1692 1691 1354 1378 1309 1308 1661
1640 1354 1348 1269 1309 1206 1308
1683 1349 1350 1348 1305 1206 1309
1667 1257 1303 1269 1194 1308 1206
1651 1350 1234 1278 1305 1192 1206
961 57 72 105 17 4 1
950 96 55 94 17 7 10
948 89 88 781 10 721 720
1363 800 781 801 720 721 714
963 88 107 98 10 3 721
964 107 94 24 10 7 3
938 57 44 55 1 7 17
955 96 102 72 10 4 17
1451 903 934 910 849 848 724
1464 947 942 934 840 848 849
1912 1753 1750 1752 1668 1670 1667
1883 1697 1701 1700 1667 1669 1666
1897 1739 1700 1708 1666 1669 1662
1917 1701 1752 1747 1667 1670 1669
1911 1750 1715 1744 1668 1671 1670
1465 816 909 822 724 839 714
1459 908 938 946 848 832 839
1433 908 909 910 839 724 848
1458 942 945 938 840 832 848
1441 907 1715 924 1671 1668 849
1432 907 903 905 849 724 1671
1467 947 924 949 849 1668 840
980 826 98 113 721 3 730
1935 1754 1411 1770 1319 1309 1681
983 117 113 52 730 3 8
1927 1708 1775 1774 1669 1672 1662
1919 1757 1758 1754 1670 1319 1681
1395 816 801 827 714 721 724
1939 1757 1777 1747 1681 1669 1670
1396 829 828 905 730 1671 724
1400 829 827 826 724 721 730
1941 1771 1779 1765 1661 1672 1681
1933 1777 1765 1775 1681 1672 1669
988 117 1416 116 8 1320 730
1397 828 116 1773 730 1320 1671
1727 1415 1416 1330 1320 8 1305
1925 1773 1772 1744 1320 1670 1671
1924 1770 1691 1771 1309 1661 1681
1739 1422 1420 1415 1319 1320 1305
1732 1422 1349 1411 1305 1309 1319
1943 1758 1772 1420 1670 1320 1319
z1
73
1771 1496 1479 1507 1434 1433 1432
1761 1479 1489 1497 1434 1427 1433
1762 1489 1451 1498 1434 1424 1427
1767 1496 1483 1485 1432 1426 1434
1820 1578 1608 1607 1556 1542 1546
1845 1626 1637 1608 1547 1542 1556
1296 652 629 647 604 1433 603
1273 647 650 649 1433 358 603
1777 629 1506 1507 604 1432 1433
1127 1497 376 650 1427 358 1433
1283 642 652 625 604 603 605
1269 635 634 636 596 593 594
1267 621 625 626 605 603 597
1272 621 645 644 597 596 605
1277 656 644 635 605 596 594
1814 1579 1577 1578 1543 1556 1546
1838 1630 1632 1577 1548 1556 1543
1769 1505 1504 1483 1425 1426 1432
1855 1632 1568 1625 1548 1557 1556
1289 649 374 669 358 356 603
1770 1505 1506 657 1432 604 1425
1293 626 669 671 603 356 597
1835 1626 1625 1593 1556 1557 1547
1295 665 657 642 1425 604 605
1284 665 656 666 605 594 1425
1817 1595 1594 1593 1426 1547 1557
1811 1568 1446 1445 1548 1424 1557
1752 1485 1595 1450 1426 1557 1434
1742 1451 1450 1445 1434 1557 1424
1313 702 634 703 593 596 600
1330 710 682 705 600 597 599
1329 383 704 380 599 356 357
1325 682 703 645 600 596 597
1317 704 705 671 599 597 356
1066 287 288 283 238 244 241
1075 291 283 290 241 244 250
1071 389 290 392 250 244 360
1072 272 292 291 240 241 250
1857 1510 1446 1642 1424 1548 1438
1494 975 1005 1012 954 960 959
1866 1656 1647 1630 1550 1548 1543
1476 980 1004 979 953 950 959
1471 975 979 978 959 950 954
1862 1651 1642 1647 1438 1548 1550
1495 1012 1025 983 960 961 959
1472 980 983 985 959 961 953
1061 272 271 273 250 960 240
1130 389 384 387 360 1439 250
1477 1005 1007 273 954 240 960
1485 985 1009 1022 961 1550 953
1129 384 385 1514 360 1429 1439
1788 1522 1020 1516 961 1439 1438
1863 1651 1009 1522 1550 961 1438
1786 1515 1524 1510 1429 1424 1438
1785 1516 1514 1515 1439 1429 1438
1501 997 1020 1025 1439 961 960
1064 997 271 387 960 250 1439
1132 380 394 393 356 363 357
1155 441 393 430 357 363 361
1133 399 403 402 361 362 247
1087 327 329 328 247 238 239
1156 403 430 425 361 363 362
1098 329 402 315 247 362 238
1118 288 315 470 238 362 244
1194 471 467 474 363 372 244
1192 474 465 392 372 360 244
1167 376 1528 450 1427 1429 358
1806 1524 1528 1498 1429 1427 1424
1171 450 453 463 1429 372 358
1177 385 465 453 360 372 1429
1183 471 470 425 244 362 363
1186 463 466 374 372 356 358
1174 467 394 466 363 356 372
$EndFasets
$NodePartitions
1898
1 1
2 1
3 1
4 1
5 1
6 1
7 1
8 1
9 1
10 1
11 1
12 1
13 1
14 1
15 1
16 1
17 1
18 1
19 1
20 1
21 1
22 1
23 1
24 1
25 1
26 1
27 1
28 1
29 1
30 1
31 1
32 1
33 1
34 1
35 1
36 1
37 1
38 1
39 1
40 1
41 1
42 1
43 1
44 1
45 1
46 1
47 1
48 1
49 1
50 1
51 1
52 1
53 1
54 1
55 1
56 1
57 1
58 1
59 1
60 1
61 1
62 1
63 1
64 1
65 1
66 1
67 1
68 1
69 1
70 1
71 1
72 1
73 1
74 1
75 1
76 1
77 1
78 1
79 1
80 1
81 1
82 1
83 1
84 1
85 1
86 1
87 1
88 1
89 1
90 1
91 1
92 1
93 1
94 1
95 1
96 1
97 1
98 1
99 1
100 1
101 1
102 1
103 1
104 1
105 1
106 1
107 1
108 1
109 1
110 1
111 1
112 1
113 1
114 1
115 1
116 1
117 1
118 1
119 2
120 2
121 2
122 2
123 2
124 2
125 2
126 2
127 2
128 2
129 2
130 2
131 2
132 2
133 2
134 2
135 2
136 2
137 2
138 2
139 2
140 2
141 2
142 2
143 2
144 2
145 2
146 2
147 2
148 2
149 2
150 2
151 2
152 2
153 2
154 2
155 2
156 2
157 2
158 2
159 2
160 2
161 2
162 2
163 2
164 2
165 2
166 2
167 2
168 2
169 2
170 2
171 2
172 2
173 2
174 2
175 2
176 2
177 2
178 2
179 2
180 2
181 2
182 2
183 2
184 2
185 2
186 2
187 2
188 2
189 2
190 2
191 2
192 2
193 2
194 2
195 2
196 2
197 2
198 2
199 2
200 2
201 2
202 2
203 2
204 2
205 2
206 2
207 2
208 2
209 2
210 2
211 2
212 2
213 2
214 2
215 2
216 2
217 2
218 2
219 2
220 2
221 2
222 2
223 2
224 2
225 2
226 2
227 2
228 2
229 2
230 2
231 2
232 2
233 2
234 2
235 2
236 2
237 2
238 3
239 3
240 3
241 3
242 3
243 3
244 3
245 3
246 3
247 3
248 3
249 3
250 3
251 3
252 3
253 3
254 3
255 3
256 3
257 3
258 3
259 3
260 3
261 3
262 3
263 3
264 3
265 3
266 3
267 3
268 3
269 3
270 3
271 3
272 3
273 3
274 3
275 3
276 3
277 3
278 3
279 3
280 3
281 3
282 3
283 3
284 3
285 3
286 3
287 3
288 3
289 3
290 3
291 3
292 3
293 3
294 3
295 3
296 3
297 3
298 3
299 3
300 3
301 3
302 3
303 3
304 3
305 3
306 3
307 3
308 3
309 3
310 3
311 3
312 3
313 3
314 3
315 3
316 3
317 3
318 3
319 3
320 3
321 3
322 3
323 3
324 3
325 3
326 3
327 3
328 3
329 3
330 3
331 3
332 3
333 3
334 3
335 3
336 3
337 3
338 3
339 3
340 3
341 3
342 3
343 3
344 3
345 3
346 3
347 3
348 3
349 3
350 3
351 3
352 3
353 3
354 3
355 3
356 4
357 4
358 4
359 4
360 4
361 4
362 4
363 4
364 4
365 4
366 4
367 4
368 4
369 4
370 4
371 4
372 4
373 4
374 4
375 4
376 4
377 4
378 4
379 4
380 4
381 4
382 4
383 4
384 4
385 4
386 4
387 4
388 4
389 4
390 4
391 4
392 4
393 4
394 4
395 4
396 4
397 4
398 4
399 4
400 4
401 4
402 4
403 4
404 4
405 4
406 4
407 4
408 4
409 4
410 4
411 4
412 4
413 4
414 4
415 4
416 4
417 4
418 4
419 4
420 4
421 4
422 4
423 4
424 4
425 4
426 4
427 4
428 4
429 4
430 4
431 4
432 4
433 4
434 4
435 4
436 4
437 4
438 4
439 4
440 4
441 4
442 4
443 4
444 4
445 4
446 4
447 4
448 4
449 4
450 4
451 4
452 4
453 4
454 4
455 4
456 4
457 4
458 4
459 4
460 4
461 4
462 4
463 4
464 4
465 4
466 4
467 4
468 4
469 4
470 4
471 4
472 4
473 4
474 4
475 5
476 5
477 5
478 5
479 5
480 5
481 5
482 5
483 5
484 5
485 5
486 5
487 5
488 5
489 5
490 5
491 5
492 5
493 5
494 5
495 5
496 5
497 5
498 5
499 5
500 5
501 5
502 5
503 5
504 5
505 5
506 5
507 5
508 5
509 5
510 5
511 5
512 5
513 5
514 5
515 5
516 5
517 5
518 5
519 5
520 5
521 5
522 5
523 5
524 5
525 5
526 5
527 5
528 5
529 5
530 5
531 5
532 5
533 5
534 5
535 5
536 5
537 5
538 5
539 5
540 5
541 5
542 5
543 5
544 5
545 5
546 5
547 5
548 5
549 5
550 5
551 5
552 5
553 5
554 5
555 5
556 5
557 5
558 5
559 5
560 5
561 5
562 5
563 5
564 5
565 5
566 5
567 5
568 5
569 5
570 5
571 5
572 5
573 5
574 5
575 5
576 5
577 5
578 5
579 5
580 5
581 5
582 5
583 5
584 5
585 5
586 5
587 5
588 5
589 5
590 5
591 5
592 5
593 6
594 6
595 6
596 6
597 6
598 6
599 6
600 6
601 6
602 6
603 6
604 6
605 6
606 6
607 6
608 6
609 6
610 6
611 6
612 6
613 6
614 6
615 6
616 6
617 6
618 6
619 6
620 6
621 6
622 6
623 6
624 6
625 6
626 6
627 6
628 6
629 6
630 6
631 6
632 6
633 6
634 6
635 6
636 6
637 6
638 6
639 6
640 6
641 6
642 6
643 6
644 6
645 6
646 6
647 6
648 6
649 6
650 6
651 6
652 6
653 6
654 6
655 6
656 6
657 6
658 6
659 6
660 6
661 6
662 6
663 6
664 6
665 6
666 6
667 6
668 6
669 6
670 6
671 6
672 6
673 6
674 6
675 6
676 6
677 6
678 6
679 6
680 6
681 6
682 6
683 6
684 6
685 6
686 6
687 6
688 6
689 6
690 6
691 6
692 6
693 6
694 6
695 6
696 6
697 6
698 6
699 6
700 6
701 6
702 6
703 6
704 6
705 6
706 6
707 6
708 6
709 6
710 6
711 6
712 7
713 7
714 7
715 7
716 7
717 7
718 7
719 7
720 7
721 7
722 7
723 7
724 7
725 7
726 7
727 7
728 7
729 7
730 7
731 7
732 7
733 7
734 7
735 7
736 7
737 7
738 7
739 7
740 7
741 7
742 7
743 7
744 7
745 7
746 7
747 7
748 7
749 7
750 7
751 7
752 7
753 7
754 7
755 7
756 7
757 7
758 7
759 7
760 7
761 7
762 7
763 7
764 7
765 7
766 7
767 7
768 7
769 7
770 7
771 7
772 7
773 7
774 7
775 7
776 7
777 7
778 7
779 7
780 7
781 7
782 7
783 7
784 7
785 7
786 7
787 7
788 7
789 7
790 7
791 7
792 7
793 7
794 7
795 7
796 7
797 7
798 7
799 7
800 7
801 7
802 7
803 7
804 7
805 7
806 7
807 7
808 7
809 7
810 7
811 7
812 7
813 7
814 7
815 7
816 7
817 7
818 7
819 7
820 7
821 7
822 7
823 7
824 7
825 7
826 7
827 7
828 7
829 7
830 7
831 8
832 8
833 8
834 8
835 8
836 8
837 8
838 8
839 8
840 8
841 8
842 8
843 8
844 8
845 8
846 8
847 8
848 8
849 8
850 8
851 8
852 8
853 8
854 8
855 8
856 8
857 8
858 8
859 8
860 8
861 8
862 8
863 8
864 8
865 8
866 8
867 8
868 8
869 8
870 8
871 8
872 8
873 8
874 8
875 8
876 8
877 8
878 8
879 8
880 8
881 8
882 8
883 8
884 8
885 8
886 8
887 8
888 8
889 8
890 8
891 8
892 8
893 8
894 8
895 8
896 8
897 8
898 8
899 8
900 8
901 8
902 8
903 8
904 8
905 8
906 8
907 8
908 8
909 8
910 8
911 8
912 8
913 8
914 8
915 8
916 8
917 8
918 8
919 8
920 8
921 8
922 8
923 8
924 8
925 8
926 8
927 8
928 8
929 8
930 8
931 8
932 8
933 8
934 8
935 8
936 8
937 8
938 8
939 8
940 8
941 8
942 8
943 8
944 8
945 8
946 8
947 8
948 8
949 8
950 9
951 9
952 9
953 9
954 9
955 9
956 9
957 9
958 9
959 9
960 9
961 9
962 9
963 9
964 9
965 9
966 9
967 9
968 9
969 9
970 9
971 9
972 9
973 9
974 9
975 9
976 9
977 9
978 9
979 9
980 9
981 9
982 9
983 9
984 9
985 9
986 9
987 9
988 9
989 9
990 9
991 9
992 9
993 9
994 9
995 9
996 9
997 9
998 9
999 9
1000 9
1001 9
1002 9
1003 9
1004 9
1005 9
1006 9
1007 9
1008 9
1009 9
1010 9
1011 9
1012 9
1013 9
1014 9
1015 9
1016 9
1017 9
1018 9
1019 9
1020 9
1021 9
1022 9
1023 9
1024 9
1025 9
1026 9
1027 9
1028 9
1029 9
1030 9
1031 9
1032 9
1033 9
1034 9
1035 9
1036 9
1037 9
1038 9
1039 9
1040 9
1041 9
1042 9
1043 9
1044 9
1045 9
1046 9
1047 9
1048 9
1049 9
1050 9
1051 9
1052 9
1053 9
1054 9
1055 9
1056 9
1057 9
1058 9
1059 9
1060 9
1061 9
1062 9
1063 9
1064 9
1065 9
1066 9
1067 9
1068 10
1069 10
1070 10
1071 10
1072 10
1073 10
1074 10
1075 10
1076 10
1077 10
1078 10
1079 10
1080 10
1081 10
1082 10
1083 10
1084 10
1085 10
1086 10
1087 10
1088 10
1089 10
1090 10
1091 10
1092 10
1093 10
1094 10
1095 10
1096 10
1097 10
1098 10
1099 10
1100 10
1101 10
1102 10
1103 10
1104 10
1105 10
1106 10
1107 10
1108 10
1109 10
1110 10
1111 10
1112 10
1113 10
1114 10
1115 10
1116 10
1117 10
1118 10
1119 10
1120 10
1121 10
1122 10
1123 10
1124 10
1125 10
1126 10
1127 10
1128 10
1129 10
1130 10
1131 10
1132 10
1133 10
1134 10
1135 10
1136 10
1137 10
1138 10
1139 10
1140 10
1141 10
1142 10
1143 10
1144 10
1145 10
1146 10
1147 10
1148 10
1149 10
1150 10
1151 10
1152 10
1153 10
1154 10
1155 10
1156 10
1157 10
1158 10
1159 10
1160 10
1161 10
1162 10
1163 10
1164 10
1165 10
1166 10
1167 10
1168 10
1169 10
1170 10
1171 10
1172 10
1173 10
1174 10
1175 10
1176 10
1177 10
1178 10
1179 10
1180 10
1181 10
1182 10
1183 10
1184 10
1185 10
1186 10
1187 11
1188 11
1189 11
1190 11
1191 11
1192 11
1193 11
1194 11
1195 11
1196 11
1197 11
1198 11
1199 11
1200 11
1201 11
1202 11
1203 11
1204 11
1205 11
1206 11
1207 11
1208 11
1209 11
1210 11
1211 11
1212 11
1213 11
1214 11
1215 11
1216 11
1217 11
1218 11
1219 11
1220 11
1221 11
1222 11
1223 11
1224 11
1225 11
1226 11
1227 11
1228 11
1229 11
1230 11
1231 11
1232 11
1233 11
1234 11
1235 11
1236 11
1237 11
1238 11
1239 11
1240 11
1241 11
1242 11
1243 11
1244 11
1245 11
1246 11
1247 11
1248 11
1249 11
1250 11
1251 11
1252 11
1253 11
1254 11
1255 11
1256 11
1257 11
1258 11
1259 11
1260 11
1261 11
1262 11
1263 11
1264 11
1265 11
1266 11
1267 11
1268 11
1269 11
1270 11
1271 11
1272 11
1273 11
1274 11
1275 11
1276 11
1277 11
1278 11
1279 11
1280 11
1281 11
1282 11
1283 11
1284 11
1285 11
1286 11
1287 11
1288 11
1289 11
1290 11
1291 11
1292 11
1293 11
1294 11
1295 11
1296 11
1297 11
1298 11
1299 11
1300 11
1301 11
1302 11
1303 11
1304 11
1305 12
1306 12
1307 12
1308 12
1309 12
1310 12
1311 12
1312 12
1313 12
1314 12
1315 12
1316 12
1317 12
1318 12
1319 12
1320 12
1321 12
1322 12
1323 12
1324 12
1325 12
1326 12
1327 12
1328 12
1329 12
1330 12
1331 12
1332 12
1333 12
1334 12
1335 12
1336 12
1337 12
1338 12
1339 12
1340 12
1341 12
1342 12
1343 12
1344 12
1345 12
1346 12
1347 12
1348 12
1349 12
1350 12
1351 12
1352 12
1353 12
1354 12
1355 12
1356 12
1357 12
1358 12
1359 12
1360 12
1361 12
1362 12
1363 12
1364 12
1365 12
1366 12
1367 12
1368 12
1369 12
1370 12
1371 12
1372 12
1373 12
1374 12
1375 12
1376 12
1377 12
1378 12
1379 12
1380 12
1381 12
1382 12
1383 12
1384 12
1385 12
1386 12
1387 12
1388 12
1389 12
1390 12
1391 12
1392 12
1393 12
1394 12
1395 12
1396 12
1397 12
1398 12
1399 12
1400 12
1401 12
1402 12
1403 12
1404 12
1405 12
1406 12
1407 12
1408 12
1409 12
1410 12
1411 12
1412 12
1413 12
1414 12
1415 12
1416 12
1417 12
1418 12
1419 12
1420 12
1421 12
1422 12
1423 12
1424 13
1425 13
1426 13
1427 13
1428 13
1429 13
1430 13
1431 13
1432 13
1433 13
1434 13
1435 13
1436 13
1437 13
1438 13
1439 13
1440 13
1441 13
1442 13
1443 13
1444 13
1445 13
1446 13
1447 13
1448 13
1449 13
1450 13
1451 13
1452 13
1453 13
1454 13
1455 13
1456 13
1457 13
1458 13
1459 13
1460 13
1461 13
1462 13
1463 13
1464 13
1465 13
1466 13
1467 13
1468 13
1469 13
1470 13
1471 13
1472 13
1473 13
1474 13
1475 13
1476 13
1477 13
1478 13
1479 13
1480 13
1481 13
1482 13
1483 13
1484 13
1485 13
1486 13
1487 13
1488 13
1489 13
1490 13
1491 13
1492 13
1493 13
1494 13
1495 13
1496 13
1497 13
1498 13
1499 13
1500 13
1501 13
1502 13
1503 13
1504 13
1505 13
1506 13
1507 13
1508 13
1509 13
1510 13
1511 13
1512 13
1513 13
1514 13
1515 13
1516 13
1517 13
1518 13
1519 13
1520 13
1521 13
1522 13
1523 13
1524 13
1525 13
1526 13
1527 13
1528 13
1529 13
1530 13
1531 13
1532 13
1533 13
1534 13
1535 13
1536 13
1537 13
1538 13
1539 13
1540 13
1541 13
1542 14
1543 14
1544 14
1545 14
1546 14
1547 14
1548 14
1549 14
1550 14
1551 14
1552 14
1553 14
1554 14
1555 14
1556 14
1557 14
1558 14
1559 14
1560 14
1561 14
1562 14
1563 14
1564 14
1565 14
1566 14
1567 14
1568 14
1569 14
1570 14
1571 14
1572 14
1573 14
1574 14
1575 14
1576 14
1577 14
1578 14
1579 14
1580 14
1581 14
1582 14
1583 14
1584 14
1585 14
1586 14
1587 14
1588 14
1589 14
1590 14
1591 14
1592 14
1593 14
1594 14
1595 14
1596 14
1597 14
1598 14
1599 14
1600 14
1601 14
1602 14
1603 14
1604 14
1605 14
1606 14
1607 14
1608 14
1609 14
1610 14
1611 14
1612 14
1613 14
1614 14
1615 14
1616 14
1617 14
1618 14
1619 14
1620 14
1621 14
1622 14
1623 14
1624 14
1625 14
1626 14
1627 14
1628 14
1629 14
1630 14
1631 14
1632 14
1633 14
1634 14
1635 14
1636 14
1637 14
1638 14
1639 14
1640 14
1641 14
1642 14
1643 14
1644 14
1645 14
1646 14
1647 14
1648 14
1649 14
1650 14
1651 14
1652 14
1653 14
1654 14
1655 14
1656 14
1657 14
1658 14
1659 14
1660 14
1661 15
1662 15
1663 15
1664 15
1665 15
1666 15
1667 15
1668 15
1669 15
1670 15
1671 15
1672 15
1673 15
1674 15
1675 15
1676 15
1677 15
1678 15
1679 15
1680 15
1681 15
1682 15
1683 15
1684 15
1685 15
1686 15
1687 15
1688 15
1689 15
1690 15
1691 15
1692 15
1693 15
1694 15
1695 15
1696 15
1697 15
1698 15
1699 15
1700 15
1701 15
1702 15
1703 15
1704 15
1705 15
1706 15
1707 15
1708 15
1709 15
1710 15
1711 15
1712 15
1713 15
1714 15
1715 15
1716 15
1717 15
1718 15
1719 15
1720 15
1721 15
1722 15
1723 15
1724 15
1725 15
1726 15
1727 15
1728 15
1729 15
1730 15
1731 15
1732 15
1733 15
1734 15
1735 15
1736 15
1737 15
1738 15
1739 15
1740 15
1741 15
1742 15
1743 15
1744 15
1745 15
1746 15
1747 15
1748 15
1749 15
1750 15
1751 15
1752 15
1753 15
1754 15
1755 15
1756 15
1757 15
1758 15
1759 15
1760 15
1761 15
1762 15
1763 15
1764 15
1765 15
1766 15
1767 15
1768 15
1769 15
1770 15
1771 15
1772 15
1773 15
1774 15
1775 15
1776 15
1777 15
1778 15
1779 15
1780 16
1781 16
1782 16
1783 16
1784 16
1785 16
1786 16
1787 16
1788 16
1789 16
1790 16
1791 16
1792 16
1793 16
1794 16
1795 16
1796 16
1797 16
1798 16
1799 16
1800 16
1801 16
1802 16
1803 16
1804 16
1805 16
1806 16
1807 16
1808 16
1809 16
1810 16
1811 16
1812 16
1813 16
1814 16
1815 16
1816 16
1817 16
1818 16
1819 16
1820 16
1821 16
1822 16
1823 16
1824 16
1825 16
1826 16
1827 16
1828 16
1829 16
1830 16
1831 16
1832 16
1833 16
1834 16
1835 16
1836 16
1837 16
1838 16
1839 16
1840 16
1841 16
1842 16
1843 16
1844 16
1845 16
1846 16
1847 16
1848 16
1849 16
1850 16
1851 16
1852 16
1853 16
1854 16
1855 16
1856 16
1857 16
1858 16
1859 16
1860 16
1861 16
1862 16
1863 16
1864 16
1865 16
1866 16
1867 16
1868 16
1869 16
1870 16
1871 16
1872 16
1873 16
1874 16
1875 16
1876 16
1877 16
1878 16
1879 16
1880 16
1881 16
1882 16
1883 16
1884 16
1885 16
1886 16
1887 16
1888 16
1889 16
1890 16
1891 16
1892 16
1893 16
1894 16
1895 16
1896 16
1897 16
1898 16
$EndNodePartitions
$PhysicalNames
179
0 1 "ver1"
0 2 "ver2"
0 3 "ver3"
0 4 "ver4"
0 5 "ver5"
0 6 "ver6"
0 7 "ver7"
0 8 "ver8"
0 9 "ver9"
0 10 "ver10"
0 11 "ver11"
0 12 "ver12"
0 13 "ver13"
0 14 "ver14"
0 15 "ver15"
0 16 "ver16"
0 17 "ver17"
0 18 "ver18"
0 19 "ver19"
0 20 "ver20"
0 21 "ver21"
0 22 "ver22"
0 23 "ver23"
0 24 "ver24"
0 25 "ver25"
0 26 "ver26"
0 27 "ver27"
0 28 "ver28"
0 29 "ver29"
0 30 "ver30"
0 31 "ver31"
0 32 "ver32"
0 33 "ver33"
0 34 "ver34"
0 35 "ver35"
1 1 "edge1"
1 2 "edge2"
1 3 "edge3"
1 4 "edge4"
1 5 "edge5"
1 6 "edge6"
1 7 "edge7"
1 8 "edge8"
1 9 "edge9"
1 10 "edge10"
1 11 "edge11"
1 12 "edge12"
1 13 "edge13"
1 14 "edge14"
1 15 "edge15"
1 16 "edge16"
1 17 "edge17"
1 18 "edge18"
1 19 "edge19"
1 20 "edge20"
1 21 "edge21"
1 22 "edge22"
1 23 "edge23"
1 24 "edge24"
1 25 "edge25"
1 26 "edge26"
1 27 "edge27"
1 28 "edge28"
1 29 "edge29"
1 30 "edge30"
1 31 "edge31"
1 32 "edge32"
1 33 "edge33"
1 34 "edge34"
1 35 "edge35"
1 36 "edge36"
1 37 "edge37"
1 38 "edge38"
1 39 "edge39"
1 40 "edge40"
1 41 "edge41"
1 42 "edge42"
1 43 "edge43"
1 44 "edge44"
1 45 "edge45"
1 46 "edge46"
1 47 "edge47"
1 48 "edge48"
1 49 "edge49"
1 50 "edge50"
1 51 "edge51"
1 52 "edge52"
1 53 "edge53"
1 54 "edge54"
1 55 "edge55"
1 56 "edge56"
1 57 "edge57"
1 58 "edge58"
1 59 "edge59"
1 60 "edge60"
1 61 "edge61"
1 62 "edge62"
1 63 "edge63"
1 64 "edge64"
1 65 "edge65"
1 66 "edge66"
1 67 "edge67"
1 68 "edge68"
1 69 "edge69"
1 70 "edge70"
1 71 "edge71"
1 72 "edge72"
1 73 "edge73"
1 74 "edge74"
1 75 "edge75"
1 76 "edge76"
2 1 "face1"
2 2 "face2"
2 3 "face3"
2 4 "face4"
2 5 "face5"
2 6 "face6"
2 7 "face7"
2 8 "face8"
2 9 "face9"
2 10 "face10"
2 11 "face11"
2 12 "face12"
2 13 "face13"
2 14 "face14"
2 15 "face15"
2 16 "face16"
2 17 "face17"
2 18 "face18"
2 19 "face19"
2 20 "face20"
2 21 "face21"
2 22 "face22"
2 23 "face23"
2 24 "face24"
2 25 "face25"
2 26 "face26"
2 27 "face27"
2 28 "face28"
2 29 "face29"
2 30 "face30"
2 31 "face31"
2 32 "face32"
2 33 "face33"
2 34 "face34"
2 35 "face35"
2 36 "face36"
2 37 "face37"
2 38 "face38"
2 39 "face39"
2 40 "face40"
2 41 "face41"
2 42 "face42"
2 43 "face43"
2 44 "face44"
2 45 "face45"
2 46 "face46"
2 47 "face47"
2 48 "face48"
2 49 "face49"
2 50 "face50"
2 51 "face51"
2 52 "face52"
2 53 "x0"
2 54 "x1"
2 55 "y0"
2 56 "y1"
2 57 "z0"
2 58 "z1"
3 1 "poly1"
3 2 "poly2"
3 3 "poly3"
3 4 "poly4"
3 5 "poly5"
3 6 "poly6"
3 7 "poly7"
3 8 "poly8"
3 9 "poly9"
3 10 "poly10"
$EndPhysicalNames
$ElsetCrySym
triclinic
$EndElsetCrySym
$ElsetOrientations
10 rotmat:passive
1  1.000000000000  0.000000000000  0.000000000000  0.000000000000  0.154251454027  0.988031623447  0.000000000000 -0.988031623447  0.154251454027
2  1.000000000000  0.000000000000  0.000000000000  0.000000000000  0.154251454027  0.988031623447  0.000000000000 -0.988031623447  0.154251454027
3  1.000000000000  0.000000000000  0.000000000000  0.000000000000  0.154251454027  0.988031623447  0.000000000000 -0.988031623447  0.154251454027
4  1.000000000000  0.000000000000  0.000000000000  0.000000000000  0.154251454027  0.988031623447  0.000000000000 -0.988031623447  0.154251454027
5  1.000000000000  0.000000000000  0.000000000000  0.000000000000  0.154251454027  0.988031623447  0.000000000000 -0.988031623447  0.154251454027
6  1.000000000000  0.000000000000  0.000000000000  0.000000000000  0.154251454027  0.988031623447  0.000000000000 -0.988031623447  0.154251454027
7  1.000000000000  0.000000000000  0.000000000000  0.000000000000  0.154251454027  0.988031623447  0.000000000000 -0.988031623447  0.154251454027
8  1.000000000000  0.000000000000  0.000000000000  0.000000000000  0.154251454027  0.988031623447  0.000000000000 -0.988031623447  0.154251454027
9  1.000000000000  0.000000000000  0.000000000000  0.000000000000  0.154251454027  0.988031623447  0.000000000000 -0.988031623447  0.154251454027
10  1.000000000000  0.000000000000  0.000000000000  0.000000000000  0.154251454027  0.988031623447  0.000000000000 -0.988031623447  0.154251454027
$EndElsetOrientations
