GrainID,O11,O12,O13,O21,O22,O23,O31,O32,O33,X,Y,Z,a,b,c,alpha,beta,gamma,DiffPos,DiffOme,DiffAngle,GrainRadius,Confidence,eFab11,eFab12,eFab13,eFab21,eFab22,eFab23,eFab31,eFab32,eFab33,eKen11,eKen12,eKen13,eKen21,eKen22,eKen23,eKen31,eKen32,eKen33,RMSErrorStrain,PhaseNr,Eul0,Eul1,Eul2
29434.0,0.188478,0.259829,-0.947082,0.158851,0.943601,0.290487,0.969145,-0.205196,0.136574,-32.685983,177.265045,-49.640785,3.595623,3.595651,3.594164,89.98575,90.005078,89.99198,172.939134,0.076164,0.087182,56.655339,0.82199,77.28403,31.369254,135.144096,31.369254,537.183241,39.312891,135.144096,39.312891,425.521003,412.594529,191.940565,144.624213,191.940565,7.866927,45.093007,144.624213,45.093007,640.236548,870.955166,1.0,4.414781,1.433794,1.779444
26261.0,0.298178,0.771781,0.561645,-0.693028,-0.229565,0.683383,0.656356,-0.593005,0.466414,415.633747,312.463163,135.065341,3.594518,3.595117,3.590169,90.012093,89.996668,90.027027,144.53541,0.067136,0.064671,76.238313,0.945652,-300.79105,-399.146543,-459.203738,-399.146543,-453.922441,-366.651422,-459.203738,-366.651422,227.142349,171.205014,28.709233,-25.696853,28.709233,64.32202,40.691056,-25.696853,40.691056,405.006376,714.004765,1.0,2.453664,1.085564,2.305531
26955.0,-0.063348,-0.624401,-0.778531,0.913116,0.278552,-0.297705,0.402749,-0.729748,0.552504,200.309187,434.730443,42.101604,3.592979,3.594056,3.597869,90.007602,89.983228,90.019609,173.127464,0.107508,0.094807,66.562253,0.921466,621.634337,264.550706,-479.331377,264.550706,-268.138723,-158.340052,-479.331377,-158.340052,537.822414,492.652619,111.201448,-56.191849,111.201448,463.596477,88.727587,-56.191849,88.727587,303.636846,778.003404,1.0,5.077626,0.985431,2.637291
23512.0,-0.871947,-0.272196,-0.406962,0.367312,0.185895,-0.911331,0.323712,-0.944115,-0.062109,376.846142,-367.666591,107.18317,3.595061,3.59382,3.596046,89.997649,90.029196,90.041713,107.611922,0.064059,0.061009,87.237273,0.984043,-6.678793,53.841941,-321.335615,53.841941,652.695689,278.845224,-321.335615,278.845224,251.492131,168.67367,153.127067,-40.987159,153.127067,287.679175,153.881461,-40.987159,153.881461,547.914267,785.278949,1.0,5.863198,1.632946,2.81128
23513.0,-0.422489,0.623467,-0.657869,0.206176,0.77291,0.600085,0.882607,0.117892,-0.45509,29.159759,100.986152,-36.561578,3.595056,3.596002,3.595754,90.015034,90.008407,90.020086,113.89466,0.067997,0.068345,76.20046,0.973404,667.342796,131.10567,65.656071,131.10567,353.066335,-148.029535,65.656071,-148.029535,402.119566,539.427649,119.006057,103.872752,119.006057,259.238082,47.708773,103.872752,47.708773,298.927596,1114.136642,1.0,3.972894,2.043269,1.43801
23515.0,0.58225,0.643138,-0.497351,-0.162331,0.691388,0.704011,0.796639,-0.329175,0.506962,290.428551,395.173485,-48.952613,3.595976,3.588306,3.593247,90.076283,90.059833,90.002468,192.640198,0.08874,0.08128,60.379853,0.875676,217.710035,-1018.813546,363.334137,-1018.813546,-1341.873652,-127.419274,363.334137,-127.419274,-37.611499,194.873093,-166.895926,-175.887479,-166.895926,189.562533,-5.694505,-175.887479,-5.694505,501.564936,677.551356,1.0,3.756637,1.03914,1.962634
28726.0,-0.381932,0.530636,0.756673,-0.914721,-0.333949,-0.227517,0.131962,-0.77904,0.61293,102.594802,-426.632979,-123.183781,3.596904,3.594104,3.594634,90.022943,90.044366,89.963799,113.86924,0.060042,0.058586,87.240062,0.984293,189.804659,442.840971,250.224544,442.840971,717.181705,331.106383,250.224544,331.106383,189.224753,342.350951,79.887886,18.194817,79.887886,104.530517,17.456628,18.194817,17.456628,441.67027,569.268516,1.0,1.278715,0.911033,2.973795
31074.0,-0.172306,-0.913754,0.367919,-0.117252,0.389875,0.913373,-0.97804,0.11424,-0.174317,-154.767192,430.827616,-10.224278,3.596073,3.597454,3.596559,89.933663,90.004082,90.020259,105.952828,0.072936,0.066204,127.300291,1.0,502.484686,-491.647999,-74.92483,-491.647999,1212.324672,117.5295,-74.92483,117.5295,617.866415,253.349896,41.752516,28.611573,41.752516,359.566535,91.024975,28.611573,91.024975,574.773635,508.596369,1.0,2.758663,1.746008,4.828667
23530.0,0.498441,0.502522,-0.706419,-0.133697,0.849667,0.510089,0.856552,-0.159803,0.490695,372.406736,142.425529,97.529173,3.594397,3.593907,3.594986,89.998241,89.955476,90.022771,99.754498,0.06118,0.057649,77.226659,0.973118,-198.56376,-57.779564,-250.316617,-57.779564,88.025726,60.097802,-250.316617,60.097802,552.643479,36.586202,-112.655904,38.48249,-112.655904,246.35785,96.530613,38.48249,96.530613,513.419931,522.367393,1.0,4.086999,1.057909,1.755241
23826.0,0.854919,0.454725,-0.249678,-0.368151,0.870907,0.325555,0.365485,-0.186404,0.911962,-261.5541,-283.055966,-30.838528,3.593323,3.596067,3.595573,90.030552,89.961904,90.072822,109.045181,0.075847,0.067516,81.920807,0.98895,-539.546674,26.727291,-106.097097,26.727291,661.106795,-451.494127,-106.097097,-451.494127,785.284866,189.329456,73.028449,-37.791718,73.028449,490.076705,-133.170905,-37.791718,-133.170905,570.165852,501.348875,1.0,3.795842,0.422755,2.042426
27241.0,0.020229,-0.671656,-0.740587,0.920684,0.301302,-0.24811,0.389785,-0.676827,0.624478,446.923898,282.587883,-130.315407,3.596801,3.594654,3.593155,90.029532,90.036206,89.992204,124.816563,0.071986,0.070891,92.803409,0.962963,-267.580996,124.724625,244.914483,124.724625,911.092931,1.648311,244.914483,1.648311,165.936673,547.033691,18.762488,-22.278728,18.762488,80.315169,-64.124729,-22.278728,-64.124729,433.930478,982.08777,1.0,5.035655,0.896334,2.619082
29824.0,-0.553789,0.831054,-0.051643,-0.608445,-0.361549,0.706454,0.568429,0.422648,0.705873,-426.844266,142.283766,105.788617,3.5927,3.594445,3.595608,89.987065,89.979737,89.937303,123.630029,0.075467,0.070316,86.365681,0.973545,-499.704949,-337.852192,261.031426,-337.852192,164.141047,76.520374,261.031426,76.520374,627.779522,288.890395,-150.475519,-28.465293,-150.475519,212.259224,166.180183,-28.465293,166.180183,501.946083,591.438526,1.0,3.214565,0.787142,0.931444
29041.0,-0.38909,0.912245,0.128132,-0.730273,-0.390234,0.560731,0.561525,0.124604,0.818024,-245.081561,389.743547,7.714635,3.592774,3.596734,3.594159,89.95717,89.907848,90.027501,144.549811,0.077837,0.080859,76.250374,0.994565,787.651821,-319.177366,141.435214,-319.177366,-984.318309,-122.092475,141.435214,-122.092475,742.310068,321.90589,57.166119,58.147091,57.166119,-117.903206,-22.720275,58.147091,-22.720275,759.824277,1332.605833,1.0,2.916941,0.612829,1.352433
23539.0,0.722987,-0.027726,0.690305,-0.218792,0.938574,0.266848,-0.655301,-0.343961,0.672511,-374.261496,339.366483,67.740477,3.599345,3.594941,3.595236,90.039038,89.95279,90.068826,118.322034,0.056748,0.061048,105.013932,0.988889,1417.691826,-791.160876,-302.131944,-791.160876,381.845387,198.241966,-302.131944,198.241966,375.391554,320.656994,-85.320055,24.796706,-85.320055,240.835928,61.221063,24.796706,61.221063,346.449572,581.312899,1.0,1.939668,0.8332,4.229028
25892.0,-0.233113,-0.795168,0.559791,0.578102,0.349569,0.737292,-0.781957,0.495488,0.378199,7.19651,479.058326,-183.520028,3.594341,3.593507,3.594032,89.99489,89.976499,90.046082,137.359784,0.070693,0.075663,73.637252,0.967742,-293.336748,260.462238,-239.411998,260.462238,82.697954,-120.420753,-239.411998,-120.420753,260.174336,-224.417102,-132.418619,-117.655757,-132.418619,185.658659,-93.915846,-117.655757,-93.915846,498.449788,898.120264,1.0,2.492196,1.182946,5.277186
28580.0,0.414308,-0.910128,0.003965,0.857916,0.391987,0.332153,-0.303856,-0.134212,0.943217,-392.587852,461.315553,102.183816,3.594675,3.591313,3.596162,90.020249,89.970385,90.006837,141.029205,0.061224,0.068743,76.084038,0.972826,-512.172488,460.684755,126.495267,460.684755,178.803468,318.468759,126.495267,318.468759,458.539213,-77.805441,-70.497327,38.875613,-70.497327,279.531666,-35.817968,38.875613,-35.817968,481.206768,710.284028,1.0,3.129656,0.33861,4.296462
27118.0,0.011265,-0.888223,0.459275,0.56315,0.385173,0.731098,-0.826278,0.250405,0.504541,-319.219364,-240.470371,60.341687,3.595749,3.594299,3.592382,89.972407,90.00707,89.99637,111.879153,0.054406,0.055326,87.636329,0.978378,-199.368907,-322.412043,-161.061923,-322.412043,52.450224,-279.475631,-161.061923,-279.475631,349.915571,387.633566,61.955366,150.494666,61.955366,209.154123,-103.599222,150.494666,-103.599222,354.975267,453.116963,1.0,2.580696,1.041946,5.006644
23547.0,-0.620114,-0.730703,-0.285539,0.284921,-0.548884,0.785841,-0.730944,0.405954,0.548564,-242.197334,209.474405,155.642047,3.59514,3.595311,3.594216,90.015577,90.027438,90.022598,99.530506,0.060395,0.062378,85.523166,0.989418,28.948826,243.665949,72.099679,243.665949,272.390918,-125.621827,72.099679,-125.621827,524.024238,408.145834,135.413403,166.964983,135.413403,241.65426,-275.898521,166.964983,-275.898521,419.650826,515.76547,1.0,3.490114,0.990151,5.219356
30276.0,-0.783759,0.600757,0.157524,-0.618584,-0.77775,-0.111619,0.055459,-0.184924,0.981187,-141.897751,-226.137959,186.069817,3.594487,3.595257,3.595432,89.981065,89.977567,89.976135,125.763305,0.078659,0.075837,72.199455,0.940217,33.817822,-88.501753,-2.245592,-88.501753,552.110411,-225.943934,-2.245592,-225.943934,380.882614,87.469787,57.27647,77.744815,57.27647,246.541089,-97.041901,77.744815,-97.041901,587.993649,677.498195,1.0,0.954334,0.194281,2.850228
27483.0,0.094189,-0.68183,-0.725421,0.918879,-0.220881,0.326916,-0.383133,-0.697366,0.605715,-288.429947,422.895683,121.829411,3.596046,3.593789,3.596434,90.026606,89.996639,89.989421,87.046406,0.064613,0.058488,90.350678,0.989362,116.373218,-184.06428,-339.65379,-184.06428,591.663178,-30.108939,-339.65379,-30.108939,563.176506,219.494896,24.771898,-134.264731,24.771898,462.408227,-45.561188,-134.264731,-45.561188,530.128837,426.723608,1.0,4.288989,0.920132,3.643975
27696.0,0.139892,0.317075,-0.938026,0.768166,0.563005,0.30487,0.62478,-0.763209,-0.164807,297.01909,-258.560141,-125.637158,3.598108,3.595093,3.592541,89.981153,89.976379,89.979321,63.454883,0.050784,0.046236,114.337575,1.0,-412.553711,140.552344,-36.478572,140.552344,1070.261442,355.592097,-36.478572,355.592097,466.708528,245.984039,83.543376,-32.303832,83.543376,483.951268,137.940504,-32.303832,137.940504,604.190011,167.508947,1.0,4.398146,1.736358,2.455599
28193.0,0.319285,-0.691372,-0.648121,0.940295,0.316223,0.125893,0.117912,-0.649621,0.751059,-223.432158,178.495373,-89.046282,3.595516,3.595979,3.596469,89.985299,90.005277,89.937866,149.890024,0.071838,0.075923,68.142292,0.941489,517.162468,-359.151612,-248.140854,-359.151612,788.045767,-325.83136,-248.140854,-325.83136,437.067905,355.849428,-43.242279,-4.170164,-43.242279,321.986368,-27.334998,-4.170164,-27.334998,566.735466,771.787818,1.0,4.520535,0.721132,2.962039
23563.0,0.141777,-0.204648,0.968514,-0.002635,0.978315,0.207105,-0.989895,-0.031915,0.138164,445.831332,167.764852,-178.171953,3.595648,3.596306,3.593926,89.988892,90.032026,89.994285,121.786173,0.07066,0.065555,68.237564,0.945652,-73.665809,-45.557693,203.854563,-45.557693,680.502174,2.089559,203.854563,2.089559,555.92789,-373.80232,-108.279279,-119.48961,-108.279279,610.568169,9.689456,-119.48961,9.689456,643.043792,578.340125,1.0,1.781461,1.432189,4.68016
23575.0,-0.769041,-0.626929,-0.124642,0.349614,-0.575801,0.739069,-0.535113,0.524798,0.661998,-350.819533,39.53728,162.736031,3.594986,3.59312,3.594196,90.046142,90.025374,90.015634,179.401701,0.077764,0.094833,72.748672,0.837079,-142.680224,95.415557,489.653292,95.415557,293.087781,15.959689,489.653292,15.959689,16.698215,263.904744,-252.858522,126.810746,-252.858522,432.643363,136.940562,126.810746,136.940562,135.683339,819.64887,1.0,3.308667,0.847315,5.488056
23576.0,-0.856263,-0.25822,-0.447365,0.385205,0.257801,-0.88609,0.344137,-0.931054,-0.121278,356.942181,142.881892,-137.24323,3.595119,3.595885,3.596655,89.996404,89.979658,90.024082,84.332404,0.060843,0.059787,88.247576,1.0,489.084956,330.354213,-69.229317,330.354213,511.6136,13.944453,-69.229317,13.944453,657.256916,98.21252,173.307004,56.02358,173.307004,431.218333,146.573982,56.02358,146.573982,571.103847,553.514127,1.0,5.815645,1.692373,2.787546
23577.0,-0.803505,0.371762,-0.464943,0.363323,0.924945,0.111686,0.471567,-0.079184,-0.878268,14.926052,457.462569,-84.929817,3.597183,3.595666,3.595511,90.009172,89.962651,89.959718,139.565444,0.086002,0.08433,74.802596,0.978495,815.479238,-388.083946,88.658359,-388.083946,793.003026,198.658983,88.658359,198.658983,244.313722,480.811282,-23.727582,29.231204,-23.727582,238.665678,-110.987936,29.231204,-110.987936,441.046424,617.991489,1.0,4.47664,2.643024,1.73716
28364.0,-0.283394,0.503468,0.816216,-0.957785,-0.105689,-0.267355,-0.048339,-0.857525,0.512165,-206.955355,117.661318,-158.405803,3.595907,3.595036,3.595778,90.094127,89.916286,90.04114,114.857154,0.068442,0.06862,109.797688,1.0,-438.671674,-152.162796,240.11828,-152.162796,807.453752,-806.102615,240.11828,-806.102615,1025.744032,342.836218,50.210454,8.331323,50.210454,279.319765,-157.521467,8.331323,-157.521467,534.141035,174.285531,1.0,1.254256,1.033092,3.197904
23581.0,0.917136,0.3613,0.168295,-0.306305,0.368737,0.877616,0.255026,-0.856444,0.44885,-84.699237,-262.619216,-5.746339,3.596845,3.596372,3.591268,90.022717,89.967362,89.954911,110.325857,0.065042,0.062976,120.266738,0.983957,1082.840017,-17.452775,-223.687813,-17.452775,-764.313617,-288.382265,-223.687813,-288.382265,455.909996,459.89333,34.741657,55.791703,34.741657,245.948419,-115.10893,55.791703,-115.10893,617.580256,557.755127,1.0,2.952129,1.105319,2.85218
24650.0,0.243426,-0.023754,0.969629,-0.146996,0.987249,0.06109,-0.958716,-0.157403,0.23683,342.103256,356.243815,79.351207,3.595637,3.595643,3.598497,89.944526,90.031387,89.988165,108.563852,0.062898,0.058473,78.814188,0.994565,1078.654167,570.29827,343.512112,570.29827,520.725575,49.808899,343.512112,49.808899,647.328299,146.409915,-63.231754,-86.386568,-63.231754,414.257483,86.223298,-86.386568,86.223298,587.433921,386.680001,1.0,1.633716,1.331694,4.54966
24021.0,0.600752,0.79398,-0.093236,-0.286366,0.322615,0.902172,0.746386,-0.515282,0.42118,-236.693479,-36.474025,-144.028633,3.595853,3.595179,3.59395,90.027623,89.988381,90.007822,114.089064,0.0686,0.071142,86.373482,0.973822,379.821596,-108.983598,4.588765,-108.983598,-87.338843,-61.166339,4.588765,-61.166339,620.624603,320.810574,67.94988,4.657649,67.94988,61.846024,-56.139716,4.657649,-56.139716,354.321385,615.082595,1.0,3.244573,1.13605,2.17503
23584.0,-0.58147,0.323542,-0.746467,0.279876,0.941072,0.189877,0.763913,-0.09851,-0.637756,249.970281,410.994765,184.963343,3.594344,3.594295,3.594668,90.015324,90.027761,90.003031,137.251962,0.091219,0.082937,60.7055,0.925926,36.5718,158.303442,101.3644,158.303442,27.21931,62.873574,101.3644,62.873574,383.30678,-19.10936,91.635979,131.700479,91.635979,82.296547,53.941338,131.700479,53.941338,453.154001,918.692977,1.0,4.463304,2.262378,1.699044
28592.0,-0.341389,0.934591,-0.099965,-0.925336,-0.315521,0.210238,0.164946,0.164274,0.972526,13.855226,-121.150265,-1.160387,3.593775,3.59478,3.595581,89.970104,89.992489,90.016116,115.724216,0.065414,0.063281,76.601948,0.889474,259.779024,74.35625,190.315447,74.35625,-127.133373,-10.782399,190.315447,-10.782399,544.825303,273.601962,-27.585504,-83.254428,-27.585504,41.708053,-113.405754,-83.254428,-113.405754,661.640491,620.433693,1.0,3.585435,0.23495,0.787439
28020.0,0.191853,0.264301,-0.945165,0.62036,0.713599,0.325469,0.76049,-0.648785,-0.027055,-44.860967,-60.193064,-115.229908,3.59452,3.595172,3.594669,89.999373,89.998193,90.002379,142.115779,0.073417,0.074183,68.282978,0.898936,211.620229,3.754423,-39.74199,3.754423,259.847831,-84.890006,-39.74199,-84.890006,268.979663,174.078926,180.568609,235.642195,180.568609,350.955266,-36.860543,235.642195,-36.860543,473.957303,799.13221,1.0,4.380755,1.597855,2.277096
23606.0,0.801672,-0.396254,0.447555,-0.26534,0.435018,0.860438,-0.535647,-0.808543,0.2436,199.135874,413.97325,-29.543959,3.595125,3.595085,3.592069,90.006713,90.048557,90.046571,155.906769,0.074754,0.076194,60.993777,0.826087,143.244777,-743.448705,126.910099,-743.448705,-47.405623,90.440227,126.910099,90.440227,64.344898,288.573024,8.285276,-35.56243,8.285276,13.548683,-61.542727,-35.56243,-61.542727,460.552653,735.849672,1.0,2.661957,1.324721,3.726694
29493.0,0.592048,-0.257669,-0.763601,0.64169,0.723951,0.253237,0.487558,-0.639923,0.593957,-420.010486,-97.461331,-7.304637,3.59546,3.595936,3.59441,89.99713,89.982143,89.987249,102.591446,0.060908,0.06005,79.215799,0.966667,107.465948,-7.447368,103.321693,-7.447368,647.99524,-26.332668,103.321693,-26.332668,387.018445,-44.442939,103.970016,-52.763182,103.970016,632.7758,-46.075448,-52.763182,-46.075448,627.595264,740.135924,1.0,4.392168,0.934828,2.490518
24537.0,0.638898,-0.606527,0.473218,-0.459532,0.192434,0.867064,-0.616961,-0.771424,-0.155773,-237.60533,-136.54879,-187.004155,3.594144,3.594639,3.594517,89.944019,89.999317,89.964822,123.125318,0.054607,0.056591,71.335971,0.913043,-373.331133,-60.55532,-114.353135,-60.55532,254.900019,-306.282771,-114.353135,-306.282771,562.755722,113.053403,-108.231863,207.220433,-108.231863,293.496416,-52.489484,207.220433,-52.489484,606.284996,651.705739,1.0,2.642002,1.727206,3.816193
28722.0,0.468003,-0.81846,-0.333311,0.876799,0.382906,0.290873,-0.110441,-0.428376,0.896826,38.966873,452.671147,162.159119,3.592049,3.595212,3.595313,89.99936,90.008305,90.013873,148.176975,0.068218,0.075808,65.125075,0.852459,293.685905,-289.406375,14.04392,-289.406375,-426.136654,89.695137,14.04392,89.695137,375.41965,414.445014,115.848481,179.970778,115.848481,-299.397597,-156.000756,179.970778,-156.000756,421.252611,1153.884457,1.0,3.994876,0.458255,3.393912
27773.0,0.180354,-0.736762,-0.651655,0.925092,0.35215,-0.14211,0.334182,-0.577211,0.745084,270.187971,52.883899,147.186449,3.595875,3.594182,3.596001,90.003653,89.98128,90.03443,104.020996,0.059413,0.059457,79.115897,0.978723,319.57639,212.474936,-120.115074,212.474936,256.080626,311.057329,-120.115074,311.057329,636.816676,521.58302,70.203458,-154.060861,70.203458,235.432219,64.309312,-154.060861,64.309312,502.172895,493.875834,1.0,4.927103,0.730136,2.616788
26933.0,0.113858,-0.846422,0.520198,-0.51534,0.397337,0.759308,-0.849389,-0.354532,-0.390955,307.025954,-370.834541,163.532634,3.595103,3.594424,3.593425,90.058434,89.972037,89.928747,164.587498,0.095806,0.096132,62.178743,0.927778,430.792326,356.904803,267.057866,356.904803,-718.273331,176.797338,267.057866,176.797338,634.327546,8.645641,-101.39563,-256.40276,-101.39563,-123.945602,29.706154,-256.40276,29.706154,626.653239,1040.376301,1.0,2.54094,1.972465,4.316976
28091.0,0.272025,-0.421803,-0.864919,0.876311,-0.262785,0.403762,-0.397595,-0.867771,0.298146,-232.520243,-256.933332,188.077755,3.594258,3.595892,3.595952,90.001951,90.002407,89.924174,140.128071,0.061725,0.067126,68.868343,0.836957,378.54661,-393.686248,-19.783867,-393.686248,-108.982888,-268.145408,-19.783867,-268.145408,954.167892,398.240485,-91.151103,9.38405,-91.151103,202.044258,-168.1679,9.38405,-168.1679,435.309282,751.666006,1.0,4.275635,1.268046,3.571228
27760.0,0.175297,-0.647072,-0.742003,0.916629,-0.167747,0.362838,-0.359251,-0.743746,0.56372,196.150468,7.460469,-171.115236,3.596093,3.594776,3.5941,90.079988,90.028858,89.952008,180.111755,0.083976,0.089503,73.567625,0.952381,-548.859592,81.049069,-124.810012,81.049069,315.064839,-262.251577,-124.810012,-262.251577,1141.936878,268.048514,-78.505498,59.895535,-78.505498,319.992459,-5.476058,59.895535,-5.476058,332.757458,882.211269,1.0,4.257582,0.971914,3.591572
24730.0,0.567549,0.473873,-0.6733,-0.453902,0.862353,0.22432,0.686921,0.1783,0.70452,226.683293,491.979691,124.826915,3.595875,3.595516,3.594854,89.975314,90.005521,89.970095,89.475366,0.060322,0.057722,106.034766,0.989305,438.030189,-49.428849,286.743395,-49.428849,349.547129,220.863824,286.743395,220.863824,476.761179,99.991794,-17.487951,197.149579,-17.487951,242.109397,47.681582,197.149579,47.681582,663.271642,1055.243459,1.0,4.39079,0.78905,1.316837
25562.0,-0.431502,-0.5656,-0.702782,0.76752,0.179196,-0.615469,0.474045,-0.804975,0.356786,460.30324,-382.159077,-113.703846,3.594828,3.594062,3.593535,90.068471,90.072592,90.006916,122.242748,0.073748,0.066175,74.914259,0.949721,-877.184455,-61.675213,79.345675,-61.675213,828.290918,-180.75505,79.345675,-180.75505,249.245393,-402.507817,131.578445,206.380984,131.578445,93.171243,-14.624376,206.380984,-14.624376,611.336742,750.960259,1.0,5.43165,1.205971,2.60938
27617.0,-0.043912,0.329326,0.943195,-0.996233,-0.085097,-0.016669,0.074774,-0.940374,0.331822,347.626394,507.128063,-24.107,3.592662,3.594154,3.592789,90.0587,89.940683,89.886522,172.415713,0.071789,0.082432,87.71765,0.977778,-657.928684,-775.455507,375.296042,-775.455507,-160.177691,789.489334,375.296042,789.489334,232.084683,112.759372,-147.781424,77.921125,-147.781424,167.729835,2.049614,77.921125,2.049614,599.144633,581.940272,1.0,1.553125,1.232562,3.062245
23638.0,0.460477,-0.268613,0.846054,-0.138352,0.919751,0.367311,-0.876824,-0.286192,0.386361,-265.625573,-436.269191,-119.671563,3.595743,3.59462,3.589604,90.070956,89.987374,90.019778,134.778791,0.054715,0.055921,97.681752,1.0,-322.37479,-948.004236,-448.144637,-948.004236,-368.301338,-224.04532,-448.144637,-224.04532,207.708096,24.249376,-360.53815,208.380524,-360.53815,245.561562,190.244329,208.380524,190.244329,495.09478,973.877107,1.0,1.980388,1.174114,4.396895
28429.0,0.36882,0.236261,-0.898973,0.862113,0.274593,0.425864,0.347467,-0.932083,-0.102409,473.892993,-404.480172,-102.750881,3.594718,3.594601,3.591612,89.998798,90.063256,89.95938,107.975847,0.058015,0.058656,91.15546,1.0,-49.235416,776.237889,36.57019,776.237889,-167.322617,-242.751107,36.57019,-242.751107,1.798581,311.573218,139.395571,-14.645074,139.395571,177.379473,-83.047951,-14.645074,-83.047951,241.674367,362.001686,1.0,4.269983,1.673385,2.784765
26345.0,-0.194107,-0.702106,-0.685106,0.747935,0.34598,-0.566472,0.634756,-0.622371,0.457972,460.788567,23.121744,-74.609012,3.592294,3.592846,3.594206,90.075937,90.012781,90.041354,175.736896,0.075053,0.084252,60.942904,0.902174,-887.290741,321.569462,5.999817,321.569462,-90.695975,-418.929113,5.999817,-418.929113,321.653536,167.431065,63.739666,94.293881,63.739666,33.788792,-340.660354,94.293881,-340.660354,310.044669,679.420143,1.0,5.403282,1.095083,2.346343
27242.0,0.066169,0.832991,0.549316,-0.613254,-0.400323,0.680926,0.787109,-0.381927,0.484346,339.006892,501.729888,-17.063539,3.59639,3.595834,3.595829,89.950722,90.074481,90.021294,153.301672,0.07625,0.076043,75.721804,0.925134,864.25053,432.238976,-327.85738,432.238976,812.90166,-410.381327,-327.85738,-410.381327,89.361675,537.956481,178.764885,-42.088619,178.764885,163.377862,-126.380288,-42.088619,-126.380288,262.794974,884.732126,1.0,2.462769,1.065181,2.022556
29959.0,-0.437671,0.108677,0.892543,-0.454297,0.829912,-0.323822,-0.775924,-0.547207,-0.313857,-112.844032,-354.444024,-94.681389,3.590645,3.595055,3.594782,89.982658,89.980222,89.941072,104.076747,0.065305,0.058576,151.060287,1.0,-128.475069,-372.780146,-490.737969,-372.780146,-357.959765,-588.225158,-490.737969,-588.225158,147.046919,235.912637,-23.774331,-11.616495,-23.774331,237.625653,9.427651,-11.616495,9.427651,361.077569,164.848463,1.0,1.222757,1.890049,4.09816
27452.0,0.007843,0.537901,0.842972,-0.974921,-0.183386,0.12609,0.222413,-0.82282,0.522972,-92.282524,38.386693,-126.160389,3.594907,3.594296,3.594835,90.016125,90.040029,89.98845,123.24782,0.074569,0.067841,64.860007,0.802139,85.442629,260.699308,68.871603,260.699308,402.2494,246.262702,68.871603,246.262702,162.642911,379.605838,89.160941,47.053918,89.160941,181.414486,-135.421247,47.053918,-135.421247,247.385195,636.246224,1.0,1.719273,1.020462,2.877595
29813.0,-0.449289,0.890013,0.077567,-0.511606,-0.327496,0.794359,0.732392,0.317213,0.602476,-393.059182,-186.922176,161.104328,3.590099,3.593567,3.595362,90.002155,89.949817,89.944732,168.209165,0.071434,0.075127,71.267477,0.895028,-702.952106,-526.033213,482.454203,-526.033213,-214.538018,525.837171,482.454203,525.837171,173.382088,-69.200137,-2.225028,-225.879002,-2.225028,475.330101,116.715909,-225.879002,116.715909,319.7813,651.490148,1.0,3.044254,0.924196,1.162069
30391.0,0.436609,0.292187,-0.850881,0.229513,0.878319,0.419379,0.869883,-0.378393,0.316422,185.843079,-396.654874,-40.445256,3.594668,3.594649,3.596954,89.988646,90.000488,90.030842,90.440462,0.063441,0.060574,84.102818,0.994681,558.978223,-411.56593,-151.035215,-411.56593,285.042617,-86.158746,-151.035215,-86.158746,427.661511,211.307692,-79.198171,97.46274,-79.198171,188.85639,29.861678,97.46274,29.861678,388.626026,503.669744,1.0,4.254457,1.248841,1.981101
24153.0,0.553438,0.641116,-0.531673,-0.291072,0.746976,0.59775,0.780374,-0.176062,0.600015,254.466112,407.09901,3.584734,3.596297,3.593307,3.595383,89.991345,90.000028,89.948446,194.114575,0.112027,0.106144,60.8885,0.805263,521.173414,-216.583637,392.331768,-216.583637,-16.312925,329.636659,392.331768,329.636659,409.500061,521.43971,-5.873724,-40.236992,-5.873724,78.101997,19.177894,-40.236992,19.177894,350.435976,1084.904614,1.0,3.868553,0.927276,1.792694
28013.0,0.267011,-0.944946,-0.189164,0.960392,0.244684,0.133331,-0.079705,-0.217273,0.972851,-180.282852,284.828037,-138.69826,3.598302,3.595557,3.595885,90.072687,90.042323,89.928839,140.681101,0.068752,0.073108,123.754824,0.984211,14.995296,-166.406255,433.221966,-166.406255,1322.120493,-662.513057,433.221966,-662.513057,899.451463,163.069218,96.661216,3.658575,96.661216,472.991215,6.834796,3.658575,6.834796,512.434127,323.888374,1.0,4.098422,0.233548,3.493192
31036.0,0.920706,-0.294813,-0.255706,0.316354,0.180147,0.931379,-0.228518,-0.93842,0.259128,420.178513,71.16994,165.280953,3.592538,3.595173,3.593926,90.004887,89.976014,89.953947,146.983229,0.075307,0.079436,65.421589,0.845745,-613.494138,74.301492,-87.546599,74.301492,134.517808,-158.599724,-87.546599,-158.599724,460.803292,184.180521,210.657024,-34.275105,210.657024,109.352096,-109.384445,-34.275105,-109.384445,496.698191,647.600497,1.0,3.409536,1.308677,3.380457
23672.0,-0.430738,0.824132,-0.367792,0.238215,0.496909,0.834467,0.87047,0.271823,-0.410359,277.990421,-238.420777,-123.04573,3.594993,3.594429,3.593103,89.94465,90.050032,89.953968,145.005439,0.082723,0.087076,78.749231,0.977654,-590.949556,529.054464,-21.962735,529.054464,221.194081,95.228162,-21.962735,95.228162,597.966333,-22.459942,-78.731867,51.370508,-78.731867,413.03072,147.482257,51.370508,147.482257,844.32955,605.972698,1.0,3.556729,1.993644,1.26812
30737.0,0.488547,-0.827958,0.275331,0.19296,0.41026,0.891321,-0.850934,-0.382324,0.360195,-60.558784,138.083875,116.519286,3.594774,3.594623,3.595768,90.02226,89.990206,89.96882,69.860008,0.054398,0.052656,112.343253,1.0,126.625641,256.426615,228.494257,256.426615,386.181211,-41.097635,228.494257,-41.097635,451.021703,-60.944839,-147.336702,-9.529134,-147.336702,582.603246,-63.868748,-9.529134,-63.868748,415.068794,726.492505,1.0,2.841989,1.20232,4.290118
28358.0,-0.247332,0.925194,0.287826,-0.857911,-0.347176,0.378759,0.450351,-0.15325,0.879601,-216.173432,291.906582,-63.0533,3.596207,3.597765,3.595495,89.973514,89.97397,89.968563,105.614462,0.060305,0.057176,90.509725,0.989362,961.874337,-374.592439,171.256273,-374.592439,620.507537,-266.512591,171.256273,-266.512591,578.642684,212.191961,-41.477791,55.726334,-41.477791,506.008668,-169.538172,55.726334,-169.538172,687.8979,775.227444,1.0,2.491773,0.495773,1.898794
23681.0,-0.757883,-0.652377,0.0042,0.382643,-0.439294,0.812776,-0.528391,0.617596,0.582561,-197.403417,-418.864734,-38.074985,3.594603,3.594602,3.595032,90.033643,90.092289,89.996811,184.575638,0.067111,0.086294,57.790062,0.851648,228.580729,654.078824,464.863946,654.078824,-26.313458,163.814812,464.863946,163.814812,502.426495,-294.648005,-154.081973,200.195165,-154.081973,143.807213,-81.125704,200.195165,-81.125704,504.375066,1434.141592,1.0,3.136425,0.94892,5.575472
27768.0,0.174152,-0.766688,-0.617949,0.893981,0.386216,-0.227234,0.412879,-0.512861,0.752665,-163.55018,-245.587672,179.431901,3.594011,3.596564,3.597139,89.981608,90.014183,90.037943,102.168724,0.086225,0.065181,82.190199,0.984211,1048.000945,179.425318,-17.510347,179.425318,-24.85224,-196.846825,-17.510347,-196.846825,649.990982,502.518381,-99.858507,74.297825,-99.858507,205.312471,-145.526303,74.297825,-145.526303,499.34474,655.25342,1.0,5.064765,0.718696,2.463779
28832.0,-0.415753,0.283346,0.864213,-0.903174,-0.016946,-0.42894,-0.106893,-0.958868,0.262956,328.348797,-281.43248,147.857747,3.595704,3.595222,3.596338,90.028532,89.989528,89.970675,119.043562,0.071936,0.069359,67.66439,0.963158,374.934777,-149.69008,340.288973,-149.69008,609.333761,81.280271,340.288973,81.280271,563.729932,65.853259,94.778378,51.448415,94.778378,449.400573,154.607989,51.448415,154.607989,515.986347,512.683784,1.0,1.110085,1.304712,3.252613
23688.0,0.725973,0.685987,0.048838,-0.265128,0.213643,0.940247,0.634563,-0.695542,0.336973,-262.124975,299.393321,-95.79953,3.594991,3.594817,3.595789,89.973095,90.002906,90.050998,76.368709,0.068503,0.058419,100.013588,0.966851,-148.361892,152.004817,96.976517,152.004817,655.027335,-214.386051,96.976517,-214.386051,577.195093,396.503382,67.990448,43.022898,67.990448,194.063096,-49.681198,43.022898,-49.681198,641.856057,368.292465,1.0,3.089698,1.227096,2.402007
24092.0,-0.803169,-0.264347,-0.533892,0.537915,0.063399,-0.840612,0.256061,-0.962342,0.091276,-122.759293,65.18412,29.937155,3.595794,3.595262,3.595428,90.003871,89.974069,89.987225,70.590562,0.05194,0.050286,102.252426,0.989247,719.582056,16.769465,-18.135325,16.769465,260.908409,-104.253159,-18.135325,-104.253159,350.480887,448.473051,87.207241,37.517455,87.207241,259.363611,-16.926039,37.517455,-16.926039,272.586057,476.879517,1.0,5.71734,1.479393,2.881537
27583.0,-0.003358,0.543607,0.839333,-0.63987,0.643847,-0.419557,-0.768476,-0.538473,0.345676,2.794215,-393.861939,-34.284188,3.5959,3.594672,3.595591,90.022671,90.014854,90.029206,96.95072,0.058164,0.056666,88.576563,0.983425,216.132283,7.597684,317.246317,7.597684,647.106629,67.244958,317.246317,67.244958,378.538065,562.913154,-89.006784,190.632982,-89.006784,129.70968,-32.141727,190.632982,-32.141727,478.161393,492.073752,1.0,1.107254,1.217837,4.101192
28238.0,-0.183796,0.920855,0.343868,-0.767479,-0.353011,0.535125,0.614162,-0.165557,0.771619,349.613033,450.696509,56.566482,3.595304,3.594109,3.595592,90.039664,89.967991,89.962984,97.166476,0.059459,0.057696,83.312226,1.0,-246.033398,-314.470775,57.890218,-314.470775,448.346762,36.148996,57.890218,36.148996,716.630917,237.314575,79.211051,-34.477179,79.211051,499.19003,16.842422,-34.477179,16.842422,589.463255,609.225849,1.0,2.570442,0.689414,1.834104
24075.0,0.692408,0.685945,-0.223719,-0.355633,0.594258,0.721375,0.627771,-0.419924,0.655414,-55.145796,-88.01318,110.410135,3.595178,3.594555,3.595113,89.974738,90.013301,90.026552,119.877646,0.07368,0.068413,71.664064,0.98895,21.172954,-94.022583,103.60458,-94.022583,631.485712,-92.715833,103.60458,-92.715833,222.448172,335.451217,147.636548,-93.53855,147.636548,246.655795,-75.351733,-93.53855,-75.351733,605.351822,658.786691,1.0,3.442315,0.856065,2.160353
23702.0,0.898503,0.389662,0.202126,-0.347351,0.349581,0.870138,0.2684,-0.852031,0.44945,-363.905244,49.82317,-119.119039,3.596882,3.596016,3.595089,90.004624,89.986514,89.909325,93.9239,0.054069,0.056112,133.665214,0.984211,1362.600823,88.703965,-435.285036,88.703965,134.290416,218.179831,-435.285036,218.179831,251.064698,484.358044,-63.392589,-37.515217,-63.392589,404.052461,153.824742,-37.515217,153.824742,324.741948,307.382115,1.0,2.913348,1.104647,2.836421
24047.0,0.790973,-0.454396,0.409738,-0.405451,0.112264,0.907197,-0.458226,-0.883697,-0.095437,231.953605,-298.930783,-38.64127,3.595105,3.595135,3.594195,90.012084,89.967921,89.982599,74.40568,0.05296,0.049716,96.939492,0.989362,405.83384,140.064971,-101.334041,140.064971,-114.465298,47.811638,-101.334041,47.811638,469.147013,338.803928,-26.754899,-142.362343,-26.754899,316.092024,111.027025,-142.362343,111.027025,472.781205,396.175322,1.0,2.717365,1.666379,3.619956
23710.0,-0.22519,0.627455,-0.745379,0.153054,0.778311,0.608938,0.962218,0.023043,-0.271302,-235.019308,3.231117,-200.921666,3.594132,3.594338,3.594372,89.966637,89.985844,89.97202,140.642382,0.071556,0.073006,59.583579,0.903226,-175.629644,-110.442354,24.902329,-110.442354,481.235675,183.476225,24.902329,183.476225,11.956751,149.750699,-29.769536,-154.409802,-29.769536,328.737662,95.072087,-154.409802,95.072087,263.418157,621.184996,1.0,4.027397,1.845542,1.546853
30279.0,-0.577961,0.083464,0.811785,-0.471016,0.778217,-0.415358,-0.666412,-0.622425,-0.410466,-136.566383,416.936956,-148.83212,3.594519,3.594683,3.595642,90.004377,89.942248,90.022939,98.538846,0.074671,0.073521,85.02731,0.973545,-80.522321,-99.238648,-300.117803,-99.238648,622.287647,315.489767,-300.117803,315.489767,332.458423,226.302832,80.229839,-15.001544,80.229839,436.248283,-12.091533,-15.001544,-12.091533,309.957283,387.70817,1.0,1.097864,1.993761,3.961107
23714.0,0.804229,0.376682,-0.459703,-0.310765,0.925856,0.21498,0.506598,-0.030033,0.861659,258.589366,345.513953,-139.444764,3.594957,3.595413,3.595025,89.98572,90.026221,89.897589,147.891907,0.080294,0.079015,69.546897,0.920213,982.618215,488.596703,76.268311,488.596703,-30.820239,562.92964,76.268311,562.92964,74.223481,342.602582,-40.241279,-187.089465,-40.241279,319.520036,192.95316,-187.089465,192.95316,357.432523,668.507488,1.0,4.274955,0.532266,1.630011
23717.0,0.92846,0.146508,0.341318,-0.365171,0.528074,0.766673,-0.067917,-0.836464,0.543796,58.821957,321.539317,3.465559,3.594678,3.595055,3.594045,90.012599,90.017224,89.992391,105.34794,0.075374,0.066881,81.575131,0.98895,109.982135,-129.45291,-147.560271,-129.45291,111.687488,-25.294636,-147.560271,-25.294636,356.486098,-34.870419,-79.667029,-125.800626,-79.667029,417.891803,-40.125664,-125.800626,-40.125664,396.517864,577.280178,1.0,2.722743,0.995842,3.222611
28827.0,0.497812,-0.272147,-0.82348,0.858549,0.28906,0.423482,0.122786,-0.917813,0.37755,3.83346,142.555882,-134.530038,3.596267,3.59446,3.595488,90.01081,90.004395,89.991225,75.070162,0.050952,0.052441,85.646349,0.978261,442.835035,160.696253,-160.739786,160.696253,564.837035,53.059076,-160.739786,53.059076,248.65632,437.492616,146.176345,38.055694,146.176345,366.302308,78.103634,38.055694,78.103634,468.985974,481.925901,1.0,4.237399,1.183648,3.008601
28904.0,0.50572,-0.375924,-0.776485,0.820185,0.488574,0.297645,0.267479,-0.787386,0.555408,-143.824097,465.69875,-76.236081,3.59664,3.596091,3.595993,89.980923,89.964176,89.949793,121.712421,0.056519,0.058917,95.274976,0.994737,316.944864,-191.381254,-96.312515,-191.381254,1262.133261,-23.33383,-96.312515,-23.33383,374.692618,81.188109,63.914286,14.320859,63.914286,237.488674,2.039823,14.320859,2.039823,478.539045,417.517878,1.0,4.346341,0.981942,2.814119
29548.0,-0.280204,0.268706,0.921565,-0.399313,0.840394,-0.366451,-0.872946,-0.470674,-0.128184,398.609321,-80.048772,155.550774,3.595027,3.595165,3.594987,90.017073,89.999975,90.001401,76.225474,0.049289,0.048384,92.549221,0.98913,234.931396,-84.214858,67.347858,-84.214858,439.325223,-18.55447,67.347858,-18.55447,294.026078,258.660376,91.623161,61.092061,91.623161,232.261415,-77.694776,61.092061,-77.694776,496.577311,367.484176,1.0,1.192326,1.699334,4.217892
26007.0,-0.018462,0.465099,-0.885066,0.159368,0.875268,0.456626,0.987047,-0.132621,-0.090281,250.329875,-233.852069,37.055608,3.595569,3.595655,3.594353,90.013404,90.001085,90.023544,88.216692,0.061562,0.057929,87.373608,0.989362,303.991902,201.79842,-123.942714,201.79842,259.820871,-149.881434,-123.942714,-149.881434,514.62185,273.452644,-52.283691,-157.327223,-52.283691,501.146396,-36.552031,-157.327223,-36.552031,626.607281,611.746572,1.0,4.236084,1.6612,1.704358
28002.0,0.258322,-0.449948,-0.854878,0.93538,-0.104741,0.337777,-0.241523,-0.886891,0.393815,267.43967,477.423339,-166.352875,3.592652,3.594331,3.592015,90.050296,89.882571,89.917048,168.914875,0.079406,0.088251,86.123672,0.967914,-1341.133632,-954.483658,219.609128,-954.483658,171.200585,-118.827798,219.609128,-118.827798,414.391718,-52.575966,16.648348,65.060541,16.648348,91.802282,-16.121653,65.060541,-16.121653,516.910867,627.219318,1.0,4.336099,1.166018,3.407471
23737.0,-0.865407,-0.393956,-0.309627,0.448588,-0.333831,-0.829051,0.223246,-0.856362,0.465624,282.713544,74.003964,158.33343,3.593805,3.59626,3.594765,89.967068,89.990411,90.019396,97.093751,0.058016,0.056416,75.977912,0.977778,104.757621,311.468995,65.30044,311.468995,380.972619,331.225775,65.30044,331.225775,385.141412,560.225154,149.405209,199.329376,149.405209,218.418737,222.034982,199.329376,222.034982,553.902249,484.783804,1.0,5.925755,1.086457,2.886577
28577.0,-0.338394,0.670883,0.659853,-0.927231,-0.118185,-0.355353,-0.160416,-0.732085,0.662056,329.621331,-155.462632,-4.370159,3.594757,3.596811,3.592222,90.048784,89.984042,90.053411,153.311975,0.080139,0.079021,76.270189,0.994595,-39.348726,457.525774,-683.389762,457.525774,110.767525,-265.029963,-683.389762,-265.029963,509.450825,317.329079,24.732483,18.268414,24.732483,215.067351,-182.444342,18.268414,-182.444342,640.661027,641.449304,1.0,1.076799,0.847237,3.357305
28418.0,-0.300632,0.669398,0.679357,-0.951923,-0.254546,-0.170435,0.058839,-0.697934,0.713741,91.582511,257.226602,115.442846,3.592938,3.59285,3.596281,90.027309,89.955776,90.050112,237.561398,0.130207,0.129613,61.166102,0.805556,-47.857264,-20.048277,285.341955,-20.048277,-350.15021,-652.325322,285.341955,-652.325322,499.856654,99.702672,57.845113,-24.620512,57.845113,501.39837,153.806931,-24.620512,153.806931,282.978052,1258.545864,1.0,1.324992,0.775972,3.057487
28087.0,-0.092869,0.492197,0.865516,-0.563931,0.690405,-0.453125,-0.820583,-0.530173,0.213448,75.811862,-399.222868,-77.551789,3.595334,3.594884,3.595094,90.005543,89.97233,89.995983,95.263783,0.047905,0.050479,77.890714,0.983957,235.410614,-154.233421,-151.334814,-154.233421,451.992993,84.854208,-151.334814,84.854208,317.578491,202.158382,-15.393694,-54.343704,-15.393694,416.387861,69.069696,-54.343704,69.069696,418.572187,438.549376,1.0,1.088501,1.355693,4.138766
24252.0,0.526433,0.807704,-0.265485,-0.297717,0.467607,0.832291,0.796387,-0.359106,0.486631,-26.908754,367.948276,108.126245,3.595399,3.595531,3.593395,90.016208,89.99598,89.98942,83.915522,0.06102,0.059196,100.352686,1.0,531.179639,78.158023,35.821268,78.158023,-114.346115,-159.438826,35.821268,-159.438826,313.64399,577.957186,89.016433,-104.243379,89.016433,228.586011,-22.960556,-104.243379,-22.960556,450.531117,470.666115,1.0,3.450371,1.062567,1.994414
30525.0,0.685917,-0.726599,-0.039649,0.352353,0.283965,0.891746,-0.636683,-0.625634,0.450796,55.776303,219.456499,-7.52014,3.596868,3.594913,3.59416,90.019188,89.99928,90.030016,72.877592,0.061618,0.055619,96.942576,0.974093,788.582158,269.094355,-189.77174,269.094355,49.377445,-31.576986,-189.77174,-31.576986,341.642683,659.844065,187.943604,6.793123,187.943604,326.150924,155.46607,6.793123,155.46607,309.157009,567.234711,1.0,3.186025,1.103139,3.935744
25296.0,0.269282,0.422009,-0.865676,-0.274633,0.895206,0.350975,0.923073,0.143232,0.356961,377.872256,303.273774,-84.302493,3.595795,3.59379,3.596591,90.043559,90.011197,89.995697,94.329346,0.067262,0.058896,98.631226,1.0,925.621219,-67.691636,-27.481715,-67.691636,-131.249596,-177.025011,-27.481715,-177.025011,450.756997,304.103912,42.304559,2.536097,42.304559,338.35614,-7.205686,2.536097,-7.205686,462.459843,349.297389,1.0,4.327206,1.205784,1.416855
23759.0,0.531686,-0.795601,0.290394,-0.194069,0.219305,0.95616,-0.824407,-0.564734,-0.0378,-211.269524,-411.948278,35.868759,3.594819,3.594437,3.597201,89.968732,90.014829,89.922523,134.102295,0.071606,0.071512,75.33694,1.0,-494.305964,137.262116,182.820382,137.262116,961.454011,-107.600999,182.820382,-107.600999,855.510947,271.977841,-18.115032,-156.0412,-18.115032,244.094772,72.365383,-156.0412,72.365383,717.387583,694.979891,1.0,2.846737,1.608606,4.111789
24528.0,0.439093,0.497059,-0.748418,-0.294753,0.86661,0.402626,0.848716,0.043808,0.527032,-14.193604,-464.452394,99.94961,3.5939,3.59504,3.593087,90.029486,89.9777,90.003707,112.762336,0.06513,0.062757,69.905836,0.929348,1.120676,390.032238,-55.718848,390.032238,-7.842899,-145.056124,-55.718848,-145.056124,97.433596,177.163866,97.172299,-82.669802,97.172299,149.341932,-91.814439,-82.669802,-91.814439,108.296262,621.628622,1.0,4.218829,1.015692,1.519225
28666.0,-0.363318,0.564452,0.741211,-0.914035,-0.061913,-0.400882,-0.180388,-0.82314,0.538423,-214.467639,-184.701614,38.218655,3.591295,3.594978,3.595104,90.00952,90.016322,89.999223,129.565497,0.071784,0.071664,88.574755,0.952128,188.199723,-255.770927,20.432053,-255.770927,-658.406006,-136.278153,20.432053,-136.278153,380.03317,136.976821,137.973468,-100.158734,137.973468,-58.922212,-103.14346,-100.158734,-103.14346,526.961296,539.069255,1.0,1.075007,1.002231,3.357329
23767.0,-0.282346,-0.55576,0.781928,0.186343,0.767794,0.613,-0.94104,0.318785,-0.113222,238.55297,-122.839462,-87.272831,3.594072,3.59453,3.594732,90.00877,90.006714,90.034397,126.97374,0.076207,0.073016,68.423373,0.903226,197.65225,111.545052,-151.502011,111.545052,20.613222,244.262492,-151.502011,244.262492,236.183562,385.482682,-85.433048,-59.459335,-85.433048,19.032377,-65.410326,-59.459335,-65.410326,247.887795,698.024496,1.0,2.23568,1.684262,5.039014
23770.0,0.82605,0.343352,-0.446934,-0.335681,0.936737,0.099213,0.452724,0.068072,0.889048,-396.61399,235.224423,-10.403391,3.598446,3.596213,3.595295,89.973547,89.972687,90.117962,132.813487,0.076856,0.071213,93.455345,1.0,183.058357,-872.637779,305.274261,-872.637779,1386.060359,-396.782321,305.274261,-396.782321,725.022673,450.494189,82.917909,-70.882393,82.917909,462.493296,-28.992959,-70.882393,-28.992959,589.230605,481.21692,1.0,4.493946,0.475534,1.421553
27581.0,-0.013522,0.83915,0.543731,-0.789921,-0.342365,0.508734,0.613059,-0.422626,0.667492,-31.966187,-458.655511,-191.780573,3.596968,3.593689,3.594605,90.040096,90.034847,89.934221,191.788628,0.087724,0.096643,61.11333,0.908602,-311.236731,-249.109463,169.515587,-249.109463,1253.181333,-63.018762,169.515587,-63.018762,48.14485,588.606332,67.314799,80.141056,67.314799,171.590518,11.763527,80.141056,11.763527,167.389201,923.107898,1.0,2.322954,0.83996,2.174354
29007.0,-0.473062,0.065528,0.878589,-0.880387,-0.073225,-0.468569,0.03363,-0.99516,0.09233,-343.405392,-43.119371,-16.183307,3.593222,3.593471,3.594449,90.009838,89.996622,89.986347,126.953649,0.072069,0.06921,60.868813,0.902703,33.427326,-151.78733,153.650706,-151.78733,-79.587894,52.039938,153.650706,52.039938,-109.270225,-91.960812,-114.775131,32.869501,-114.775131,-66.978742,21.975138,32.869501,21.975138,68.532111,703.068781,1.0,1.08085,1.478334,3.107812
29020.0,-0.331505,0.882789,0.332848,-0.642047,-0.469595,0.606017,0.691289,-0.012807,0.722465,451.050996,66.740345,155.933115,3.596282,3.594693,3.59584,89.973731,89.966055,89.978263,115.335855,0.05732,0.059156,72.10671,0.956757,262.789727,44.399342,234.554754,44.399342,273.160234,-209.218198,234.554754,-209.218198,886.848453,400.278893,270.285552,-23.103675,270.285552,319.589194,-193.803392,-23.103675,-193.803392,562.674986,558.97642,1.0,2.639334,0.763436,1.58932
24312.0,0.495645,0.867925,-0.032267,-0.288038,0.199311,0.936648,0.819372,-0.454951,0.348783,-69.558899,113.441149,-142.669802,3.594865,3.594794,3.59422,89.987384,89.997923,90.026354,119.750769,0.06889,0.068413,69.986815,0.951087,48.65659,134.20545,-64.361943,134.20545,168.112957,-151.625577,-64.361943,-151.625577,389.357511,220.007226,19.080927,-119.081896,19.080927,15.130711,39.598553,-119.081896,39.598553,609.262097,656.494531,1.0,3.176028,1.214524,2.077657
28071.0,0.280827,-0.824299,-0.491597,0.940955,0.33736,-0.028153,0.189051,-0.454664,0.870368,447.614782,378.545796,98.0478,3.595475,3.595856,3.595977,89.997142,90.038634,90.02701,132.890535,0.066735,0.07016,83.850376,0.984211,766.540421,288.037745,-16.608967,288.037745,317.843561,-200.693895,-16.608967,-200.693895,475.745893,303.592537,-122.295347,-125.079732,-122.295347,61.125512,-56.950064,-125.079732,-56.950064,616.810641,735.213437,1.0,4.769595,0.514847,2.747536
26896.0,-0.04322,-0.862807,0.503682,0.650957,0.358126,0.669328,-0.757883,0.356804,0.546173,-178.307059,339.915015,136.286446,3.593668,3.596382,3.594569,89.950433,90.02179,90.020356,130.554455,0.071277,0.078117,81.31763,0.994652,179.837038,-275.063936,-325.870538,-275.063936,103.536782,412.065585,-325.870538,412.065585,528.279936,-95.51876,10.445269,-31.969081,10.445269,-25.774568,-43.099375,-31.969081,-43.099375,609.855628,686.961741,1.0,2.496482,0.993008,5.152397
30433.0,0.627846,0.034716,-0.777563,0.343727,0.883944,0.317009,0.698327,-0.466303,0.543048,-136.287758,-258.469427,-191.831813,3.596068,3.594785,3.594402,90.043382,89.959285,90.000157,111.554318,0.073428,0.073526,80.806251,0.969072,-4.25857,334.427418,-14.637629,334.427418,142.11287,86.138837,-14.637629,86.138837,850.874228,451.836468,-79.134377,31.730771,-79.134377,-11.025624,-134.705558,31.730771,-134.705558,236.40907,523.289543,1.0,4.325266,0.996734,2.159543
24088.0,0.873484,0.4704,-0.125499,-0.467833,0.882341,0.051063,0.134753,0.01411,0.990779,15.981909,-297.317303,62.619502,3.59646,3.594638,3.596106,89.969712,89.964159,90.034481,88.039661,0.05874,0.055669,89.030663,0.978723,250.878578,-366.173116,374.356394,-366.173116,574.819281,43.266299,374.356394,43.266299,705.330608,545.323977,-41.587507,175.197741,-41.587507,322.758987,76.894233,175.197741,76.894233,567.146661,523.502192,1.0,4.325968,0.135908,1.466466
29099.0,-0.391394,0.88113,0.265368,-0.701529,-0.472329,0.533631,0.59554,0.022697,0.803005,-294.742405,65.771015,73.950768,3.594188,3.595202,3.59488,89.975436,89.993305,89.978727,86.976804,0.063651,0.053047,77.99736,0.984043,272.828826,-119.753153,286.368207,-119.753153,169.013961,-68.690185,286.368207,-68.690185,273.117932,235.233195,-102.40839,149.890381,-102.40839,293.661957,-3.227932,149.890381,-3.227932,326.710254,546.695963,1.0,2.680117,0.638475,1.532704
28471.0,-0.307539,0.42528,0.851209,-0.932763,0.042079,-0.358027,-0.18808,-0.904083,0.383744,-346.151828,-39.399682,117.943733,3.595406,3.59474,3.593099,90.040887,89.959813,89.981358,95.913242,0.05236,0.052907,86.856399,0.989583,-564.425379,-72.912209,12.785538,-72.912209,568.429223,8.133244,12.785538,8.133244,425.165419,-20.81901,-22.645573,99.190158,-22.645573,436.772222,-51.307669,99.190158,-51.307669,506.27023,622.017406,1.0,1.17265,1.176949,3.346701
29682.0,0.687153,-0.639875,-0.344064,0.665753,0.365001,0.650805,-0.29085,-0.676265,0.67681,-352.664189,354.097092,-48.683217,3.594611,3.589926,3.595249,90.098101,90.022563,89.882907,242.563417,0.105626,0.112907,74.103304,0.8,-1498.333305,505.664383,-830.250832,505.664383,17.899352,-54.043586,-830.250832,-54.043586,944.422287,-34.046043,89.253924,208.5334,89.253924,122.050471,210.722617,208.5334,210.722617,308.454427,811.764957,1.0,3.627916,0.827375,3.547761
24099.0,0.877334,0.090327,0.471303,-0.476279,0.043798,0.878203,0.058683,-0.994949,0.081446,21.811248,289.88697,-122.283224,3.596706,3.594856,3.594857,89.998214,90.060643,90.041788,100.269274,0.055902,0.055346,100.813295,0.983425,167.078356,-500.601372,283.39921,-500.601372,842.181311,-208.538578,283.39921,-208.538578,302.732679,366.170452,-81.456277,4.001828,-81.456277,414.014748,54.663283,4.001828,54.663283,203.660003,577.994262,1.0,2.649043,1.48926,3.08268
24889.0,-0.387504,-0.767464,0.510725,0.460553,0.318752,0.828425,-0.798581,0.556234,0.229941,-165.299831,-440.136512,-183.367429,3.595111,3.59442,3.594349,89.998807,89.942237,89.992881,79.73417,0.060767,0.052973,103.630744,0.978836,-2.467116,-120.435249,-167.794746,-120.435249,580.268969,-348.805158,-167.794746,-348.805158,28.186597,161.644107,-36.525269,20.843229,-36.525269,393.912692,-8.488325,20.843229,-8.488325,323.964448,281.202529,1.0,2.589128,1.33878,5.320781
29068.0,-0.365808,0.877871,0.309074,-0.671868,-0.478896,0.565025,0.644033,-0.000966,0.764997,-151.005192,-446.001473,184.564265,3.596031,3.592867,3.595318,90.014129,90.024664,90.001363,130.664697,0.070756,0.068906,62.106891,0.903743,-115.104294,386.793673,-118.244121,386.793673,550.143646,-4.893462,-118.244121,-4.893462,264.780252,40.999828,55.10803,-84.175732,55.10803,321.908295,49.146587,-84.175732,49.146587,576.140448,792.446375,1.0,2.641049,0.699759,1.572296
24158.0,0.759777,0.27763,0.587929,-0.424285,0.896892,0.124772,-0.492668,-0.344248,0.799232,-437.284109,464.256784,178.865589,3.590092,3.5944,3.594734,89.97895,90.047944,89.894069,174.167977,0.068439,0.07508,60.385288,0.869792,-445.599808,1082.3092,-3.972113,1082.3092,-693.103252,-223.691516,-3.972113,-223.691516,448.397295,157.894335,121.489889,-11.747241,121.489889,281.173695,-183.780872,-11.747241,-183.780872,356.045252,606.218884,1.0,1.779916,0.644781,4.102508
29872.0,0.709806,-0.268481,-0.651225,0.606694,0.702767,0.371539,0.357908,-0.658815,0.661714,50.321703,-194.331846,176.278812,3.595129,3.594914,3.595028,89.958063,89.993491,89.984796,117.933286,0.071055,0.070354,73.883808,0.988889,350.633041,-148.758201,32.188289,-148.758201,638.346426,112.258153,32.188289,112.258153,-51.273118,309.016959,-127.343061,83.514309,-127.343061,378.429552,36.072855,83.514309,36.072855,336.994696,583.471663,1.0,4.193925,0.847694,2.643939
28643.0,0.390498,0.287101,-0.874691,0.756108,0.442,0.482636,0.525179,-0.849829,-0.044479,454.82594,-134.461245,76.355107,3.595653,3.596102,3.595323,89.99121,90.04867,90.014322,117.061397,0.067798,0.067238,78.306502,0.932584,651.493171,187.68932,247.155151,187.68932,129.642269,-120.213496,247.155151,-120.213496,714.904971,568.997137,104.723192,6.461806,104.723192,468.281205,-19.353756,6.461806,-19.353756,494.533539,586.083641,1.0,4.208181,1.61529,2.588056
23833.0,0.427002,0.658528,-0.619686,-0.157002,0.728887,0.666389,0.890517,-0.187258,0.414626,-55.519478,-298.904025,6.579522,3.596284,3.593533,3.59564,90.003618,90.027549,90.001173,88.387098,0.06188,0.059857,99.532544,0.994595,409.933126,-387.012824,213.023387,-387.012824,199.198577,-84.649823,213.023387,-84.649823,436.270802,436.370846,-97.110507,6.335437,-97.110507,301.633431,-101.556723,6.335437,-101.556723,523.052996,440.967083,1.0,3.890692,1.143264,1.778056
27856.0,-0.108834,0.627873,0.770669,-0.916917,-0.362853,0.166134,0.383951,-0.688559,0.615198,21.218168,24.023028,13.875432,3.594729,3.594966,3.595219,90.015741,89.985537,90.011329,96.874148,0.056243,0.057702,83.238831,1.0,196.977687,-11.93968,53.692758,-11.93968,155.371773,-34.996025,53.692758,-34.996025,541.800966,418.543571,-0.001387,-65.643263,-0.001387,158.292882,-53.953494,-65.643263,-53.953494,316.080846,590.991655,1.0,1.783118,0.908159,2.632922
24577.0,0.344422,0.558911,-0.754316,-0.223004,0.829186,0.512562,0.911945,-0.008322,0.410229,175.820936,-190.328126,-127.415552,3.594503,3.594534,3.594899,89.971787,90.035617,90.0561,196.595477,0.101297,0.103928,64.748856,0.902703,-1.505087,-308.071987,-54.509511,-308.071987,663.929939,-381.959256,-54.509511,-381.959256,-41.070304,9.305102,50.593636,-246.946514,50.593636,64.414827,-6.35524,-246.946514,-6.35524,563.693375,1030.445256,1.0,4.11555,1.148091,1.579922
29311.0,-0.535112,0.726957,0.430336,-0.814863,-0.309804,-0.489918,-0.222829,-0.612826,0.75815,124.605487,-131.041319,-162.718318,3.594961,3.594441,3.594291,90.033958,89.986895,90.020606,112.364148,0.061681,0.066836,78.836824,0.957447,85.83761,283.562376,-168.614879,283.562376,147.123864,-138.083014,-168.614879,-138.083014,321.306863,211.442679,65.895812,-2.01295,65.895812,294.723932,107.824128,-2.01295,107.824128,405.534949,698.503091,1.0,0.720743,0.710325,3.49034
30214.0,0.711252,-0.167697,-0.68264,0.474591,0.830938,0.290355,0.51854,-0.53049,0.670594,90.900696,56.945689,-112.964281,3.596016,3.594659,3.595398,89.991652,90.040373,89.961142,102.278565,0.055649,0.059076,95.071345,1.0,775.868968,256.588438,-137.831394,256.588438,519.088704,57.764505,-137.831394,57.764505,-78.627869,478.242996,-21.016479,16.247888,-21.016479,423.538638,18.906975,16.247888,18.906975,371.934361,405.738346,1.0,4.31023,0.835787,2.367586
30328.0,-0.718955,0.671593,-0.179068,-0.551457,-0.394342,0.735112,0.423082,0.627261,0.653869,-337.066213,194.235725,-129.370317,3.594795,3.590838,3.595316,89.957329,90.017421,89.936665,105.142523,0.071175,0.06617,94.241233,0.994595,-905.892969,499.618521,-368.348648,499.618521,304.067711,141.843075,-368.348648,141.843075,392.218248,364.196033,104.702624,-100.286977,104.702624,373.805998,55.035867,-100.286977,55.035867,506.688246,512.618993,1.0,3.380533,0.858109,0.5934
29646.0,-0.600186,0.782135,-0.167459,-0.729309,-0.449146,0.516116,0.328459,0.431895,0.839989,318.953086,469.734836,-22.810852,3.598534,3.595697,3.596071,89.9827,90.082712,90.052853,165.146758,0.07103,0.073994,70.805554,0.977901,1035.203943,682.735666,323.497241,682.735666,1118.421687,366.819598,323.497241,366.819598,238.243336,189.929366,-85.086814,127.351325,-85.086814,262.335207,-2.091903,127.351325,-2.091903,515.230658,713.33918,1.0,3.455336,0.573533,0.650191
23862.0,-0.763984,0.32717,-0.556136,0.441345,0.893717,-0.080526,0.470683,-0.306969,-0.827181,-428.4398,416.708535,-148.067977,3.589612,3.595868,3.595672,89.984435,90.051908,90.054273,135.728641,0.078199,0.075183,85.540813,0.983957,-683.345861,851.516464,236.444103,851.516464,-152.55382,-415.072487,236.444103,-415.072487,682.442117,95.472036,140.467751,114.05776,140.467751,385.202444,41.334016,114.05776,41.334016,481.520494,595.639343,1.0,4.856185,2.544868,2.148701
24174.0,0.868532,0.241516,0.432806,-0.495604,0.413876,0.763599,0.005293,-0.877711,0.479161,421.392566,443.69685,-24.335827,3.59394,3.595313,3.598544,89.95261,89.978887,89.98961,121.088651,0.067,0.063428,79.301758,0.99435,536.170721,716.354894,83.65809,716.354894,908.254067,131.355175,83.65809,131.355175,251.367094,171.174757,-3.666696,99.846488,-3.666696,241.560735,-92.048532,99.846488,-92.048532,356.954502,503.949389,1.0,2.625944,1.071098,3.135562
23875.0,-0.614272,-0.147181,-0.775247,0.369509,0.814429,-0.447402,0.697232,-0.561287,-0.445896,140.076897,-67.81626,162.103305,3.595672,3.594049,3.596292,89.99769,89.950513,90.001432,112.627275,0.06645,0.067614,68.734812,0.857895,1000.722693,104.557681,-85.682412,104.557681,62.92246,28.053216,-85.682412,28.053216,136.198361,654.444178,-120.67066,38.425391,-120.67066,25.620624,-86.873142,38.425391,-86.873142,403.000666,651.684004,1.0,5.235807,2.032972,2.248592
26871.0,-0.096685,-0.449484,-0.888041,0.96458,0.177695,-0.194959,0.245431,-0.875436,0.416383,366.668902,251.917202,166.249076,3.591128,3.595766,3.592306,90.063161,89.939305,90.013807,164.569439,0.075441,0.078343,59.568881,0.906077,-611.863355,-396.895795,-72.717418,-396.895795,-920.489944,-79.148198,-72.717418,-79.148198,835.875635,-190.769618,46.625438,25.685222,46.625438,152.754732,-93.54539,25.685222,-93.54539,746.873273,897.615262,1.0,4.928499,1.141333,2.868256
27687.0,0.16007,-0.747489,-0.6447,0.959548,-0.035419,0.279309,-0.231615,-0.663329,0.711582,485.740374,-149.82296,65.374202,3.595747,3.596397,3.596579,89.983896,89.992924,89.994036,73.631774,0.046262,0.045388,88.633938,0.994505,821.456298,-136.155515,-11.491816,-136.155515,558.906874,26.161288,-11.491816,26.161288,573.527728,329.488078,-19.246188,83.280939,-19.246188,486.907989,-105.424814,83.280939,-105.424814,724.192046,350.119207,1.0,4.303561,0.779049,3.477528
23893.0,0.374651,-0.517931,0.769015,-0.139079,0.788647,0.59891,-0.916675,-0.331336,0.223434,200.827805,-413.6736,-62.998198,3.593673,3.591063,3.59457,89.961192,90.056599,89.94515,158.46132,0.078872,0.082609,68.074192,0.801105,-850.625006,630.047559,267.952473,630.047559,-128.640606,177.897244,267.952473,177.897244,311.806971,-89.990893,209.095518,-132.626289,209.095518,273.239256,-165.365909,-132.626289,-165.365909,373.592964,780.102162,1.0,2.232477,1.34546,4.365547
29046.0,-0.477509,0.301125,0.825414,-0.873052,-0.056957,-0.484289,-0.098819,-0.951882,0.290096,-108.571703,298.482137,180.999104,3.593965,3.59457,3.594545,90.01434,90.006556,90.004444,142.976288,0.076255,0.076691,60.364373,0.889474,137.234666,-6.117646,73.93011,-6.117646,-2.762647,-89.893069,73.93011,-89.893069,249.143667,216.051235,126.969003,-189.657327,126.969003,240.323069,-96.103284,-189.657327,-96.103284,265.074615,755.317864,1.0,1.040197,1.27647,3.245036
26405.0,0.297279,0.736997,0.60701,-0.798774,0.54025,-0.264746,-0.523053,-0.40616,0.749299,176.086197,78.583181,82.296053,3.596509,3.594787,3.594052,90.015126,90.008151,90.004843,55.585713,0.05654,0.04773,129.384709,0.989362,51.473888,-40.193546,-179.793601,-40.193546,582.46758,204.12391,-179.793601,204.12391,381.270435,495.860907,37.949649,-153.387456,37.949649,528.206552,173.180357,-153.387456,173.180357,376.451785,505.685191,1.0,1.159522,0.723793,4.052131
27855.0,-0.103549,0.634044,0.766333,-0.898593,-0.389934,0.201201,0.426389,-0.667788,0.610124,451.0548,-431.467656,-94.215722,3.597696,3.591457,3.589179,90.135433,90.111133,89.941182,217.931912,0.108603,0.104267,70.289538,0.923913,-2095.289452,684.52179,-306.382982,684.52179,1588.857474,367.804464,-306.382982,367.804464,-435.751188,221.301584,159.310767,-202.319188,159.310767,7.81675,141.753304,-202.319188,141.753304,340.455781,692.47069,1.0,1.827551,0.914579,2.573337
28275.0,-0.240199,0.732398,0.6371,-0.91872,0.040416,-0.392837,-0.313462,-0.679676,0.663161,374.290391,-375.121971,-169.930659,3.592822,3.59512,3.593837,89.995467,90.021384,90.028657,169.939225,0.06919,0.093566,70.329565,0.928962,339.678421,200.05685,-113.308509,200.05685,-372.768516,-141.815969,-113.308509,-141.815969,55.026475,187.131723,-35.983596,145.237873,-35.983596,371.248461,181.614,145.237873,181.614,468.371135,1526.781795,1.0,1.01826,0.845762,3.573716
23935.0,0.418112,-0.728993,0.541988,-0.169917,0.52335,0.835005,-0.892362,-0.441219,0.094951,24.20427,-105.64809,151.614101,3.59482,3.595437,3.595607,89.988389,89.985688,90.005189,77.29171,0.05751,0.054356,92.268185,0.98913,415.597055,17.214705,-41.333153,17.214705,516.779486,-131.937602,-41.333153,-131.937602,225.912532,292.488224,114.829932,20.510524,114.829932,520.503259,-68.682802,20.510524,-68.682802,241.43183,474.413824,1.0,2.565862,1.475702,4.2532
23940.0,0.833582,-0.067442,0.548263,-0.398306,0.614314,0.681154,-0.382744,-0.786174,0.485219,338.80266,454.007929,35.928521,3.593587,3.595782,3.596076,89.942092,90.077945,90.074099,258.128465,0.133537,0.142846,72.800891,0.854054,-463.809476,-204.736096,256.922962,-204.736096,1572.513947,72.262192,256.922962,72.262192,-68.969172,-543.603428,16.827876,218.115618,16.827876,48.824155,72.793571,218.115618,72.793571,433.593038,1388.249599,1.0,2.46387,1.064183,3.594659
26569.0,-0.169139,-0.528669,-0.831806,0.856389,0.338907,-0.389537,0.487841,-0.778236,0.395424,23.35164,118.227026,18.529563,3.595207,3.59544,3.593224,90.028575,90.029761,89.97238,162.410344,0.07426,0.078352,59.584662,0.873684,-249.432668,-126.382068,191.222471,-126.382068,666.288632,-200.65119,191.222471,-200.65119,186.898491,431.767768,-59.227454,345.325253,-59.227454,-66.658458,-134.752021,345.325253,-134.752021,492.578331,847.793451,1.0,5.150359,1.164267,2.58166
25298.0,0.329447,0.569722,-0.752915,-0.355297,0.813624,0.460196,0.874773,0.115899,0.470467,35.150566,-3.839527,-69.752708,3.594537,3.595784,3.594921,90.01196,89.99536,89.990311,94.921109,0.049689,0.050189,81.166696,1.0,451.677396,182.965889,-8.831362,182.965889,289.240398,76.566942,-8.831362,76.566942,244.619225,346.064635,36.244945,-36.981488,36.244945,488.020944,99.865006,-36.981488,99.865006,196.371939,564.591896,1.0,4.163761,1.080977,1.439074
23965.0,-0.681785,-0.349236,-0.642809,0.428493,0.521542,-0.737826,0.592928,-0.778478,-0.205934,-166.613498,210.583751,98.392376,3.593673,3.595824,3.595705,89.987079,89.97826,90.028597,71.200365,0.060863,0.054792,94.933684,0.994413,341.53397,319.732853,175.754539,319.732853,89.147376,-198.103148,175.754539,-198.103148,543.785327,411.585526,97.035757,96.361936,97.035757,528.239411,-171.620556,96.361936,-171.620556,532.849047,288.842665,1.0,5.5665,1.778215,2.490677
30028.0,0.686129,-0.039757,-0.726393,0.522712,0.721405,0.454254,0.505963,-0.691371,0.515758,63.962899,223.797937,20.35184,3.594539,3.595295,3.594635,89.981866,90.009018,90.019552,63.623288,0.066128,0.055129,102.057445,0.973404,289.068619,-176.206174,157.508199,-176.206174,230.487402,-129.482418,157.508199,-129.482418,250.855707,529.956833,-2.309221,32.593029,-2.309221,328.910314,3.088161,32.593029,3.088161,335.348307,226.381868,1.0,4.153534,1.028904,2.509825
24912.0,0.668004,0.662189,-0.339524,-0.618243,0.747784,0.242062,0.414181,0.04821,0.908917,-136.429771,-419.013918,-85.186414,3.593828,3.597046,3.594777,89.938638,89.984883,90.013043,131.426224,0.066272,0.07025,94.175775,0.830688,1.043862,410.00444,287.452086,410.00444,755.642868,368.119009,287.452086,368.119009,341.930937,28.101111,7.504464,-138.169684,7.504464,292.203324,59.643641,-138.169684,59.643641,227.356559,564.311635,1.0,4.093027,0.430118,1.454919
24356.0,0.65399,0.598132,-0.463179,-0.416883,0.795856,0.439116,0.631273,-0.094086,0.769833,502.539576,-366.77135,170.031825,3.591153,3.593127,3.595901,90.016587,89.958863,89.975026,183.265637,0.083134,0.085467,67.809398,0.865591,-251.278485,239.573371,-430.52826,239.573371,-538.827843,425.218557,-430.52826,425.218557,367.026013,714.919415,-117.893124,-42.39494,-117.893124,-393.016195,313.485634,-42.39494,313.485634,776.545831,1508.032064,1.0,3.953654,0.692217,1.718749
23984.0,-0.839499,0.070862,-0.53872,0.519833,0.393336,-0.758328,0.158161,-0.91666,-0.367042,-64.786751,-131.857431,117.25511,3.595724,3.595034,3.594688,89.963741,89.979266,90.021945,135.544539,0.068397,0.074697,66.268107,0.853261,585.32173,-86.352099,-5.737208,-86.352099,-97.862354,186.63238,-5.737208,186.63238,554.694907,444.461631,-17.318221,-166.306659,-17.318221,272.385042,-118.66151,-166.306659,-118.66151,628.087901,679.71943,1.0,5.66551,1.946623,2.970734
29616.0,0.483852,0.279413,-0.829346,0.466386,0.719552,0.514519,0.740521,-0.635746,0.217843,434.29597,175.886062,-194.199288,3.592569,3.593385,3.597572,90.029698,90.013524,90.058385,167.367639,0.079669,0.085275,69.266176,0.928571,681.836138,-658.687147,-333.12993,-658.687147,-474.857755,-81.117429,-333.12993,-81.117429,300.37748,819.137808,69.260995,106.028645,69.260995,-19.677337,-145.128,106.028645,-145.128,282.988176,1177.832649,1.0,4.157111,1.351193,2.280212
24442.0,0.569022,0.791992,0.221274,-0.374956,0.010405,0.926984,0.731862,-0.610442,0.302883,125.276428,-35.357266,41.860442,3.594919,3.594839,3.595195,89.993643,90.019475,89.998419,127.372281,0.077231,0.075901,76.096085,0.891892,262.278199,-23.138733,-31.920282,-23.138733,468.534051,-102.263457,-31.920282,-102.263457,173.890254,483.256581,-202.032832,5.303002,-202.032832,212.846832,14.580802,5.303002,14.580802,285.340547,575.678506,1.0,2.907274,1.26308,2.265984
28903.0,0.521245,-0.308703,-0.795617,0.852907,0.15652,0.498047,-0.029219,-0.938192,0.344881,-21.229279,442.511807,12.667163,3.593189,3.595604,3.593322,89.98454,90.036601,90.026744,137.345831,0.060557,0.064188,87.380077,0.94086,295.72765,91.42706,317.983017,91.42706,-484.922998,-49.675157,317.983017,-49.675157,304.243949,181.786702,164.319482,0.693452,164.319482,292.312655,137.273533,0.693452,137.273533,185.795119,634.367434,1.0,4.153079,1.218685,3.172726
28932.0,0.503631,0.169401,-0.847147,0.79492,0.293138,0.5312,0.338317,-0.940943,0.012973,-251.591695,211.497988,156.999814,3.596013,3.595696,3.596097,89.991351,89.94385,90.01651,90.545425,0.064805,0.067084,106.314846,1.0,137.388384,-266.734498,-3.153425,-266.734498,957.023626,173.640011,-3.153425,173.640011,604.133889,458.226866,10.017744,31.57519,10.017744,419.543209,-134.494843,31.57519,-134.494843,496.305407,351.95278,1.0,4.152321,1.557823,2.796435
24007.0,0.496778,-0.679862,0.539443,-0.226409,0.49852,0.836789,-0.837825,-0.537834,0.093727,435.723007,470.121133,-136.192931,3.593841,3.595144,3.594517,89.997386,89.975529,89.990588,147.886536,0.065516,0.073523,77.986813,0.924324,248.082023,50.945181,72.272889,50.945181,125.006985,-270.188403,72.272889,-270.188403,128.178222,215.462687,-33.123177,8.858066,-33.123177,161.407243,40.464957,8.858066,40.464957,331.398676,895.611607,1.0,2.568982,1.476932,4.1417
29626.0,0.6941,-0.407868,-0.593186,0.697326,0.1763,0.694734,-0.178781,-0.895858,0.406787,-408.773257,11.921184,-106.597332,3.595041,3.593243,3.596216,90.02203,89.988629,89.975721,96.1277,0.074431,0.062823,104.66025,1.0,54.559454,-51.773316,-409.767925,-51.773316,560.989691,153.99901,-409.767925,153.99901,163.647955,364.496828,-127.67125,-43.759648,-127.67125,460.400286,163.670938,-43.759648,163.670938,383.247302,384.556611,1.0,3.848307,1.151862,3.338569
27892.0,-0.056997,0.593821,-0.802576,-0.578864,0.635311,0.511172,0.81343,0.493717,0.307531,175.024358,238.586644,109.060844,3.594977,3.594708,3.595045,89.98492,89.999104,89.997621,132.043964,0.07879,0.080395,63.684153,0.860215,159.193081,-67.670158,-50.55196,-67.670158,339.874061,45.069052,-50.55196,45.069052,343.664945,458.374469,-74.150524,-125.324237,-74.150524,220.475951,67.479386,-125.324237,67.479386,374.079818,675.496532,1.0,4.145268,1.258199,1.025277
24329.0,0.841328,0.12621,0.525585,-0.534482,0.049251,0.843744,0.080603,-0.99078,0.108893,-187.505611,370.617241,84.299601,3.591762,3.595402,3.59357,90.000165,89.960864,90.023757,169.396017,0.076626,0.083694,75.165759,0.836957,-182.24611,381.121747,119.201269,381.121747,-531.365765,-109.186546,119.201269,-109.186546,444.671295,-147.469039,66.835309,-175.895341,66.835309,91.050722,-69.283664,-175.895341,-69.283664,665.853902,925.255306,1.0,2.584491,1.461687,3.060419
30601.0,0.661629,-0.730544,0.168975,0.313064,0.473903,0.823048,-0.68135,-0.491652,0.542255,-103.758308,-424.790673,29.587677,3.598558,3.59462,3.594129,90.05351,89.902113,90.013401,128.101614,0.084709,0.073092,100.082657,1.0,1094.266249,952.361511,-93.764278,952.361511,256.951288,-504.293711,-93.764278,-504.293711,207.200391,417.090744,-173.854395,155.024918,-173.854395,184.323775,29.551811,155.024918,29.551811,375.404074,659.505869,1.0,2.939102,0.997678,4.087323
28797.0,0.467603,0.299703,-0.83158,0.825262,0.189025,0.532176,0.316684,-0.935119,-0.158945,-305.695876,-133.139203,-75.541055,3.597511,3.594996,3.596356,89.980525,90.040556,90.018316,82.53011,0.055451,0.05518,106.103979,0.983871,865.570371,204.214813,452.071064,204.214813,561.755096,161.701357,452.071064,161.701357,565.597039,388.844282,278.430363,91.751663,278.430363,608.194052,23.112149,91.751663,23.112149,378.826903,503.500203,1.0,4.143106,1.730418,2.815059
27098.0,-0.007086,-0.697176,-0.716865,0.76446,0.45836,-0.453328,0.644632,-0.551227,0.529715,269.922774,-229.479999,182.845817,3.595471,3.592314,3.595221,89.969914,90.005511,89.999652,117.676354,0.063107,0.061337,71.137406,0.924731,236.20668,279.423798,-283.38567,279.423798,164.615048,362.125336,-283.38567,362.125336,-37.688716,380.831553,183.682812,-59.82211,183.682812,165.852533,123.34556,-59.82211,123.34556,420.035985,581.401255,1.0,5.276275,1.012532,2.278246
29495.0,0.341271,0.436937,-0.832238,0.337177,0.769563,0.542296,0.877409,-0.465681,0.115304,338.459089,-356.976724,-182.897467,3.593147,3.595949,3.591759,90.036095,89.974556,90.003216,225.532485,0.102597,0.112024,64.12331,0.833333,-233.498235,530.947617,-419.188254,530.947617,-57.888704,-152.070369,-419.188254,-152.070369,55.937303,455.362018,173.9673,-215.761226,173.9673,-19.68772,207.873652,-215.761226,207.873652,132.456924,1325.952647,1.0,4.134882,1.455235,2.058737
31121.0,0.297958,0.493749,-0.816965,0.057925,0.844909,0.531764,0.95282,-0.205766,0.223148,370.866782,372.737901,-187.02606,3.595123,3.596649,3.594811,89.991228,89.998129,89.99587,78.721702,0.061701,0.060066,92.618035,0.962766,326.656378,193.994607,-2.884432,193.994607,692.170412,-40.979283,-2.884432,-40.979283,339.614581,531.283514,-12.435622,-182.509198,-12.435622,355.518466,-90.990629,-182.509198,-90.990629,377.017218,510.082845,1.0,4.13538,1.345754,1.783485
24408.0,0.716772,0.4159,0.559701,-0.474061,0.879276,-0.046271,-0.511376,-0.232167,0.827402,-387.175741,55.346964,170.865741,3.598155,3.593978,3.595481,90.019697,89.940467,90.038564,150.702657,0.072819,0.072234,77.022443,0.898396,885.969053,-787.852376,18.421931,-787.852376,601.17861,61.280724,18.421931,61.280724,157.692301,99.095924,93.912698,-139.908532,93.912698,594.737308,-67.089814,-139.908532,-67.089814,313.646236,1272.735659,1.0,1.488313,0.596331,4.28621
24057.0,-0.393919,-0.504675,0.7682,0.287599,0.726133,0.624514,-0.872992,0.466941,-0.140894,337.566258,492.053992,-83.378047,3.597613,3.593775,3.587187,90.046676,90.118131,89.963494,224.235963,0.119725,0.10952,72.383768,0.84153,115.495129,-1210.147545,1106.296426,-1210.147545,-1269.084534,262.041267,1106.296426,262.041267,281.279055,215.618758,-28.289185,91.285665,-28.289185,286.988218,-53.589049,91.285665,-53.589049,523.240216,678.516465,1.0,2.253389,1.71216,5.203546
30663.0,-0.813813,0.516101,-0.267109,-0.488555,-0.358728,0.795379,0.314677,0.777788,0.544082,-126.053001,-367.692619,-106.578336,3.595257,3.595122,3.594822,90.007387,90.003639,89.992214,58.384803,0.055982,0.053628,108.696637,0.994536,305.727533,19.076431,-17.460052,19.076431,381.531271,-102.117422,-17.460052,-102.117422,286.8308,292.397131,13.111355,-37.004358,13.111355,214.331582,-67.294332,-37.004358,-67.294332,287.042304,300.282621,1.0,3.465585,0.995502,0.384447
24701.0,0.386838,0.591199,-0.707701,-0.28326,0.806525,0.518922,0.877565,-0.000276,0.479457,-338.319238,258.060269,-194.154493,3.593435,3.593785,3.595082,89.990393,89.996516,89.99879,131.690331,0.055235,0.060854,65.474125,0.967742,52.211563,-130.309729,-139.519144,-130.309729,113.759771,163.605083,-139.519144,163.605083,1.50961,105.151103,233.382207,-38.035643,233.382207,-118.317109,149.106189,-38.035643,149.106189,328.230389,1063.710251,1.0,4.079693,1.07076,1.57111
27349.0,0.053765,-0.825683,0.561567,0.359235,0.540721,0.760639,-0.931697,0.160839,0.325686,461.784687,3.136592,-86.206496,3.595944,3.593054,3.591218,89.987486,90.033581,90.008423,204.366631,0.090738,0.10773,59.978061,0.81383,-506.610822,-289.59342,-62.087762,-289.59342,-526.21849,-156.74774,-62.087762,-156.74774,619.58508,200.837844,165.457063,254.40416,165.457063,-11.404017,-172.033823,254.40416,-172.033823,491.449158,826.11,1.0,2.505632,1.239059,4.883334
24423.0,0.705172,-0.128505,0.697293,-0.472454,0.648144,0.59724,-0.528695,-0.750597,0.396341,459.126462,24.336723,48.368334,3.596183,3.595545,3.595031,90.009271,89.985205,89.996976,103.393146,0.062459,0.058509,78.027143,0.967742,613.198809,-123.526819,-82.901994,-123.526819,294.600395,-38.744001,-82.901994,-38.744001,499.891749,176.625157,-144.359995,-126.551763,-144.359995,241.94235,-5.299747,-126.551763,-5.299747,592.033803,558.75398,1.0,2.279059,1.163268,3.755243
25781.0,0.418277,-0.521788,0.743493,-0.678121,0.365195,0.637797,-0.604315,-0.770954,-0.201082,453.727617,-176.973797,91.042045,3.59624,3.595296,3.596734,90.039415,89.982309,90.002162,137.514379,0.077264,0.074882,65.365608,0.842391,1026.731837,90.191547,-47.456131,90.191547,387.291525,206.708252,-47.456131,206.708252,413.720589,345.928637,-12.482941,-164.931833,-12.482941,318.609969,-68.048063,-164.931833,-68.048063,852.997509,791.699,1.0,2.279824,1.773259,3.806411
24072.0,-0.325784,0.015319,-0.94532,0.247971,0.96625,-0.0698,0.912346,-0.257151,-0.318587,285.872343,-402.573069,3.111676,3.597292,3.593189,3.596462,89.931359,89.976018,89.961159,163.927338,0.083053,0.086101,82.194095,0.983784,845.496913,-729.562369,-48.077392,-729.562369,-49.462587,352.400153,-48.077392,352.400153,661.888114,246.969286,21.836381,71.164623,21.836381,6.584907,-24.593633,71.164623,-24.593633,573.569843,722.939465,1.0,4.786092,1.895035,1.845526
24370.0,0.833836,0.213037,0.509248,-0.550782,0.382633,0.741776,-0.036829,-0.899004,0.43639,-245.191797,286.84838,61.111005,3.595978,3.59556,3.594302,89.999781,89.957911,90.050312,105.521199,0.062305,0.058092,73.735393,0.972527,608.034865,-149.151556,377.507874,-149.151556,190.320637,-421.704628,377.507874,-421.704628,353.054423,146.826726,14.055908,-71.136145,14.055908,316.655125,15.555859,-71.136145,15.555859,577.355662,472.855259,1.0,2.539968,1.119214,3.182537
29507.0,0.67454,-0.712247,-0.194166,0.732838,0.677786,0.059626,0.089135,-0.182512,0.979155,-309.931664,454.181248,46.848995,3.595618,3.591206,3.595798,90.053101,90.00028,89.987623,116.092246,0.053641,0.056976,93.650576,1.0,-374.370611,666.054906,115.646781,666.054906,-16.287855,-157.13248,115.646781,-157.13248,646.579204,455.62909,23.106019,76.475831,23.106019,310.119076,51.844185,76.475831,51.844185,569.148566,431.961982,1.0,4.414442,0.204538,2.687288
26661.0,0.258349,0.220008,0.940666,-0.95683,-0.075948,0.280551,0.133166,-0.972537,0.190889,166.084951,227.435029,-158.482819,3.595478,3.595279,3.595967,89.975153,90.039835,90.004478,63.873693,0.057059,0.051387,106.466819,0.983871,473.105901,331.581983,-205.079006,331.581983,621.020972,-44.424608,-205.079006,-44.424608,303.322875,167.006899,97.463723,7.720305,97.463723,526.210984,60.001447,7.720305,60.001447,252.726603,312.546064,1.0,1.860644,1.378728,3.005513
28664.0,-0.319927,0.764816,0.559199,-0.821094,-0.518296,0.239111,0.472706,-0.382657,0.793803,246.472271,-162.749837,114.428121,3.595041,3.596241,3.594909,90.011638,89.983604,89.99835,109.673641,0.065903,0.064737,81.996052,0.983333,356.08262,-209.739372,-145.513652,-209.739372,386.33515,34.242784,-145.513652,34.242784,507.140145,195.085493,-16.193205,-71.185792,-16.193205,395.537637,28.722006,-71.185792,28.722006,478.057674,594.206906,1.0,1.974863,0.65376,2.251304
27598.0,0.135465,-0.938713,-0.316967,0.985778,0.095584,0.138222,-0.099454,-0.331183,0.93831,-71.683521,187.745711,-174.436227,3.596205,3.592679,3.594007,90.114037,89.967474,89.970452,249.18835,0.100306,0.118037,62.189055,0.833333,-968.63431,-45.152988,705.662666,-45.152988,720.371502,80.05919,705.662666,80.05919,577.308849,-289.887924,-43.549544,-413.147,-43.549544,256.437827,13.854249,-413.147,13.854249,371.965863,961.988934,1.0,4.301173,0.353085,3.433323
29253.0,-0.429018,0.364139,0.826648,-0.684245,0.466435,-0.560578,-0.589705,-0.806127,0.049052,-415.853801,98.381364,1.514617,3.594352,3.595045,3.596931,90.028314,89.98817,89.969314,103.472489,0.059936,0.058586,83.687004,0.973118,336.020451,-498.60827,115.393122,-498.60827,430.699413,-104.86172,115.393122,-104.86172,521.026345,175.477772,77.640771,16.066171,77.640771,170.595191,43.622334,16.066171,43.622334,533.054619,477.099037,1.0,0.974897,1.521725,3.773167
24122.0,-0.756496,-0.496852,-0.425267,0.521668,-0.850607,0.065808,-0.394432,-0.172064,0.902672,366.152131,-368.592427,-104.666264,3.592521,3.594217,3.59466,89.988968,90.063837,89.972598,151.714225,0.06985,0.073596,62.937179,0.888889,-297.909528,457.955786,140.335294,457.955786,-301.182774,-159.425356,140.335294,-159.425356,514.179624,-22.50145,121.274966,-91.849251,121.274966,96.355864,-74.768575,-91.849251,-74.768575,651.379389,872.339459,1.0,4.558861,0.444857,4.301042
24458.0,-0.711793,-0.325655,-0.622335,0.612843,0.144964,-0.776794,0.343183,-0.93431,0.096391,-25.845348,503.516583,-54.055613,3.596809,3.596185,3.5878,89.963096,89.960786,89.919253,225.606056,0.098572,0.105423,59.882552,0.901639,580.377724,-1305.371053,568.493189,-1305.371053,-980.701751,9.68153,568.493189,9.68153,146.86265,171.421032,131.666169,103.478955,131.666169,-136.928733,59.114694,103.478955,59.114694,542.518025,652.72471,1.0,5.607739,1.474256,2.789579
24900.0,0.311202,-0.737572,0.599284,-0.249389,0.545116,0.800409,-0.917038,-0.398543,-0.014301,-373.344506,454.72508,-76.672548,3.596673,3.600046,3.594381,90.021744,90.0047,90.055057,104.956036,0.066993,0.061089,99.44741,0.994681,1426.541605,-807.182037,81.971128,-807.182037,623.156545,88.011578,81.971128,88.011578,565.521898,346.815873,4.154318,87.917839,4.154318,414.403127,-9.781391,87.917839,-9.781391,538.606872,340.484957,1.0,2.49891,1.585098,4.302416
27593.0,-0.01921,0.75265,0.658141,-0.800206,0.383073,-0.461439,-0.599418,-0.535513,0.594916,-83.217385,-412.222799,131.703031,3.594894,3.593639,3.594766,89.930518,89.999549,89.969895,162.24985,0.086406,0.095911,60.071067,0.813187,655.908551,-309.967905,67.350946,-309.967905,-154.945396,421.013075,67.350946,421.013075,-56.8183,135.590875,-76.15737,90.491929,-76.15737,359.634912,-136.034033,90.491929,-136.034033,250.560909,735.03211,1.0,0.959316,0.933636,3.983239
24607.0,0.53348,0.72483,-0.435913,-0.387544,0.667569,0.635737,0.751803,-0.170217,0.637038,426.882858,490.218751,155.863173,3.595928,3.592402,3.595432,89.99877,89.991974,89.984489,153.561797,0.071809,0.070763,70.754873,0.901639,88.084302,-388.846057,227.467944,-388.846057,-24.119042,152.091809,227.467944,152.091809,510.073216,598.861952,147.942151,33.940138,147.942151,-60.182241,251.723215,33.940138,251.723215,766.159984,1754.651621,1.0,3.742644,0.880146,1.793454
31050.0,0.341214,0.494756,-0.799243,0.083384,0.830988,0.550006,0.93628,-0.254314,0.24229,492.99096,-285.706005,-162.822591,3.595863,3.594351,3.594095,89.945856,90.040939,89.999162,113.748975,0.067307,0.065157,77.857109,0.956757,-47.348947,-183.022149,541.685537,-183.022149,506.713566,-133.002443,541.685537,-133.002443,265.757439,188.978874,105.743764,-31.725512,105.743764,353.822561,109.395491,-31.725512,109.395491,440.937111,692.580191,1.0,4.109655,1.326071,1.836019
28321.0,-0.204182,0.749089,0.630218,-0.769597,-0.520703,0.369579,0.605004,-0.409553,0.682815,-337.017143,-59.318927,123.979243,3.592859,3.595771,3.594655,89.968856,89.971779,89.999914,115.414533,0.051036,0.055678,71.840586,0.902703,556.676902,-351.904037,95.306183,-351.904037,-246.089903,86.858126,95.306183,86.858126,130.191689,210.498411,-137.656468,-0.571033,-137.656468,10.371336,93.664003,-0.571033,93.664003,321.896612,652.26446,1.0,2.101178,0.819188,2.165879
30016.0,0.644239,0.118516,-0.755586,0.489532,0.695148,0.526429,0.587634,-0.70903,0.389825,398.375263,97.109673,30.462143,3.592226,3.594726,3.594357,89.985713,89.953889,90.036758,126.874215,0.06898,0.07137,70.603647,0.845745,-580.558667,-411.111657,-114.198187,-411.111657,114.847075,-52.574954,-114.198187,-52.574954,356.412505,316.145926,-45.13256,52.619528,-45.13256,67.654867,-146.361903,52.619528,-146.361903,517.545684,587.85245,1.0,4.10387,1.170355,2.449544
30487.0,0.540439,-0.772223,0.334061,0.275366,0.537507,0.797032,-0.795046,-0.338758,0.503134,-455.104119,387.503819,-133.634265,3.596277,3.602558,3.594457,89.914438,89.962625,90.024539,184.34221,0.067754,0.069746,88.017702,0.973404,1557.231253,-1032.223877,-94.083548,-1032.223877,1565.212981,-570.503391,-94.083548,-570.503391,101.469286,225.628653,53.209391,54.963296,53.209391,298.762639,0.094201,54.963296,0.094201,431.390469,261.791798,1.0,2.744704,1.043574,4.309599
28148.0,0.216827,0.558268,-0.800826,0.604797,0.567121,0.559101,0.766294,-0.605566,-0.214672,407.829218,13.396429,-172.56678,3.594197,3.598181,3.595969,90.057824,90.01014,90.048232,122.656158,0.067307,0.068919,72.655047,0.967742,1124.710018,39.912892,-540.685585,39.912892,-76.018796,-262.436712,-540.685585,-262.436712,800.00628,396.259067,33.575922,-13.452524,33.575922,38.84522,-56.388622,-13.452524,-56.388622,520.029469,547.4982,1.0,4.102902,1.787152,2.239565
29108.0,0.578843,-0.098083,-0.809519,0.814019,0.01093,0.580736,-0.048112,-0.995118,0.086168,-100.159054,247.257091,99.406052,3.595621,3.594905,3.595018,90.000198,89.993956,90.003697,107.901322,0.063112,0.063024,82.871207,0.977528,320.929611,64.566787,13.99622,64.566787,471.570531,23.158958,13.99622,23.158958,276.978072,244.614839,107.15182,-23.72411,107.15182,407.23935,-189.661262,-23.72411,-189.661262,273.854732,961.261358,1.0,4.090091,1.484521,3.189903
30079.0,0.553981,-0.778375,0.295358,0.395856,0.558378,0.729049,-0.732395,-0.28696,0.617456,-330.439769,428.654355,-175.059298,3.596431,3.586895,3.59295,90.123024,89.972207,90.099853,239.23745,0.097318,0.101888,60.249917,0.888268,333.920793,1501.951109,-491.108153,1501.951109,-1756.410315,229.817465,-491.108153,229.817465,-90.775422,173.35095,53.140814,-65.106076,53.140814,3.197884,-150.619667,-65.106076,-150.619667,408.211285,727.957814,1.0,2.756673,0.905292,4.338963
24697.0,0.543546,0.428059,-0.722027,-0.422677,0.882755,0.205154,0.725191,0.193673,0.660749,211.432854,35.981979,178.132951,3.595995,3.594791,3.595462,89.982453,90.02582,89.988865,206.208698,0.115253,0.122777,58.167948,0.822581,571.745153,-253.676319,142.288961,-253.676319,337.464809,101.839956,142.288961,101.839956,356.007955,741.785921,18.343622,214.221726,18.343622,265.728065,77.873282,214.221726,77.873282,284.830942,1578.784964,1.0,4.435548,0.848981,1.309822
28479.0,0.377038,-0.592355,-0.71201,0.837821,-0.109589,0.534833,-0.394839,-0.798189,0.454968,385.691617,371.305755,2.600939,3.594821,3.594859,3.594154,90.03749,89.975108,89.984153,96.123803,0.06536,0.058588,79.592265,0.968421,-288.747493,-10.793809,56.210553,-10.793809,410.973021,62.110414,56.210553,62.110414,471.274766,273.561348,33.811168,80.43992,33.811168,326.191221,-38.952513,80.43992,-38.952513,407.237607,548.913983,1.0,4.068146,1.09846,3.600966
26378.0,-0.252849,-0.206582,-0.945194,0.958316,0.080856,-0.274031,0.133035,-0.975083,0.177526,-265.646894,-33.570081,97.348322,3.594586,3.596019,3.592133,90.029969,90.024235,89.994443,103.477691,0.063487,0.060389,80.834058,0.973118,-600.093524,-11.870602,9.945827,-11.870602,272.422295,-144.88802,9.945827,-144.88802,616.498815,80.771304,-72.075972,57.420963,-72.075972,169.567323,18.803466,57.420963,18.803466,593.681282,576.928698,1.0,4.994573,1.392324,3.005995
30571.0,-0.569477,0.30278,0.764212,-0.380142,0.727297,-0.571429,-0.728826,-0.615925,-0.29908,434.426116,-224.932583,-175.458938,3.59434,3.595361,3.599028,90.021771,89.953656,89.941716,120.946832,0.065857,0.065187,78.509613,0.98324,294.421825,-835.168031,-335.014068,-835.168031,750.814598,133.682472,-335.014068,133.682472,909.537684,286.001486,-69.094056,-15.773016,-69.094056,338.471671,-28.613977,-15.773016,-28.613977,555.282806,406.369723,1.0,0.928745,1.874525,4.010751
24248.0,-0.291054,0.245221,-0.924745,0.253648,0.951781,0.172558,0.92247,-0.184336,-0.33922,159.383872,-164.513598,-22.108094,3.59479,3.594232,3.594473,89.957254,89.981416,89.975885,131.906782,0.081418,0.081976,72.169763,0.855556,50.904586,-426.177297,-51.543167,-426.177297,342.381525,86.857491,-51.543167,86.857491,105.688515,-2.871642,103.183818,208.245646,103.183818,238.255834,-43.075519,208.245646,-43.075519,-1.807958,832.700981,1.0,4.527911,1.916884,1.768027
24593.0,0.744841,0.618415,0.250549,-0.560974,0.377077,0.736967,0.361275,-0.689475,0.627777,-123.671272,226.71822,-4.518951,3.595674,3.596283,3.594152,89.982097,89.964569,90.026618,66.148582,0.059111,0.059745,109.641048,0.988764,481.307873,189.180136,134.857934,189.180136,217.057389,-430.477931,134.857934,-430.477931,527.996927,345.04334,60.20373,-37.862137,60.20373,502.639053,-163.487633,-37.862137,-163.487633,554.687532,351.765407,1.0,2.813878,0.892102,2.658941
28834.0,0.492846,-0.52731,-0.692133,0.844518,0.098363,0.526416,-0.209504,-0.84396,0.493801,90.04051,414.278074,-110.324826,3.596099,3.595446,3.59454,89.954769,90.02609,89.927725,161.843398,0.071961,0.079888,84.247306,0.978495,468.682015,-145.836317,-86.137398,-145.836317,432.379314,-786.576521,-86.137398,-786.576521,317.537336,495.432911,97.978168,-228.799809,97.978168,276.635087,-28.566888,-228.799809,-28.566888,230.2191,641.393761,1.0,4.062157,1.054341,3.384913
29065.0,0.537026,0.276266,-0.797045,0.767508,0.232061,0.597561,0.350048,-0.932644,-0.087413,-27.135077,334.726901,104.996252,3.592624,3.595385,3.593883,90.00667,90.05434,90.006043,89.342795,0.064266,0.05458,127.073897,0.978142,341.710691,3.459794,-39.700442,3.459794,-658.722241,-184.957625,-39.700442,-184.957625,369.793758,263.839477,77.74783,-57.444591,77.74783,332.500399,24.702946,-57.444591,24.702946,372.368191,278.316478,1.0,4.069067,1.658321,2.782534
24270.0,-0.787466,-0.547874,-0.282368,0.59498,-0.556081,-0.580321,0.160924,-0.624986,0.763869,-164.922142,-367.085164,31.505677,3.595329,3.594739,3.596491,90.017085,89.933684,90.031076,206.23293,0.081108,0.09867,73.855016,0.840659,351.045589,69.412344,-573.919715,69.412344,138.872476,142.851733,-573.919715,142.851733,861.436095,757.895139,-154.883567,7.194361,-154.883567,85.811812,-41.91654,7.194361,-41.91654,364.555155,1103.732642,1.0,5.830338,0.70151,2.889583
24274.0,-0.767653,-0.347107,-0.538725,0.583158,-0.029724,-0.811815,0.265774,-0.937354,0.225236,-271.522534,-401.663945,-137.080796,3.594145,3.597508,3.598825,89.933617,89.948213,89.939135,159.268822,0.066332,0.072217,102.111755,0.97191,1431.579366,796.629827,583.974142,796.629827,508.417806,-107.225386,583.974142,-107.225386,500.551607,-119.823174,-83.431016,50.27561,-83.431016,516.740928,-116.231415,50.27561,-116.231415,644.877159,877.374172,1.0,5.697305,1.343611,2.865308
26194.0,0.331477,-0.506124,0.796217,-0.72318,0.405689,0.558951,-0.605915,-0.761088,-0.231542,192.148512,174.911383,94.151029,3.595135,3.595416,3.595865,90.046657,90.004227,89.956799,116.038629,0.07019,0.069775,78.613513,0.932961,674.641151,261.380609,232.784993,261.380609,43.565385,282.265151,232.784993,282.265151,593.307528,538.832893,81.195131,-6.146154,81.195131,-56.376771,131.787017,-6.146154,131.787017,508.560889,661.123354,1.0,2.182869,1.804459,3.813961
31029.0,0.273541,0.564551,-0.778754,0.057162,0.798661,0.59906,0.96016,-0.208383,0.186195,250.808257,136.34268,-180.590627,3.595298,3.594015,3.59459,90.032722,89.977763,90.026926,148.39254,0.081408,0.076458,64.769331,0.873626,251.457498,-23.77231,-255.079392,-23.77231,-190.910022,-33.034698,-255.079392,-33.034698,551.996423,250.230033,39.512292,143.143188,39.512292,241.778853,147.117181,143.143188,147.117181,380.368532,778.643025,1.0,4.056678,1.383508,1.784511
29793.0,0.731649,-0.415236,-0.540618,0.665891,0.605056,0.436459,0.14587,-0.679328,0.719191,-266.136447,57.891026,73.957958,3.595766,3.594568,3.594357,90.05117,90.01128,89.977409,128.395217,0.072029,0.070379,72.167262,0.889503,104.577368,440.053067,-126.459467,440.053067,187.966284,-172.961723,-126.459467,-172.961723,539.102036,408.986241,75.161477,-96.115791,75.161477,359.188965,-39.175986,-96.115791,-39.175986,430.878974,630.713446,1.0,4.033192,0.76816,2.930077
24325.0,-0.631805,-0.036316,-0.774277,0.502905,0.740915,-0.445118,0.589838,-0.670616,-0.44985,3.616268,403.032974,-187.454084,3.5938,3.593971,3.592299,89.876994,90.013937,89.976907,175.706085,0.079683,0.079921,64.185986,0.930108,-327.483375,-828.537595,532.771393,-828.537595,-588.909158,-63.930569,532.771393,-63.930569,460.613704,20.167707,7.950342,-13.699113,7.950342,347.848866,5.509475,-13.699113,5.509475,333.135318,1105.688831,1.0,5.234135,2.037394,2.420193
24734.0,0.601384,0.79705,0.055213,-0.48562,0.30978,0.817441,0.634438,-0.518408,0.57336,-124.176314,420.988344,16.825441,3.59683,3.596013,3.598806,90.000572,90.083067,89.994381,162.90339,0.074621,0.0756,86.698931,0.956044,670.49762,-381.368392,-157.298186,-381.368392,1719.186843,143.497188,-157.298186,143.497188,377.287748,566.231514,120.408246,-80.746947,120.408246,107.533721,117.604661,-80.746947,117.604661,742.155451,621.902208,1.0,3.074151,0.960195,2.255886
29951.0,-0.673559,0.73891,-0.018151,-0.666641,-0.596709,0.446686,0.31923,0.312969,0.894507,-155.716753,-281.525419,80.521286,3.590726,3.594955,3.594854,90.003456,90.007922,89.983986,157.753803,0.077221,0.081049,67.869285,0.898876,-380.185577,-531.234366,279.269777,-531.234366,-66.728272,226.718847,279.269777,226.718847,122.732044,133.027309,52.828266,237.162444,52.828266,-44.81558,34.093872,237.162444,34.093872,383.866912,739.007183,1.0,3.182204,0.46347,0.795301
30498.0,-0.607726,0.744312,0.276892,-0.424698,-0.599227,0.678645,0.671044,0.294834,0.680274,179.607527,340.569441,-54.645871,3.593223,3.594807,3.594306,90.006956,89.961141,90.002483,121.645325,0.073898,0.069642,69.874234,0.972376,-40.760322,-341.304582,33.775727,-341.304582,-48.399838,141.810303,33.775727,141.810303,265.962744,643.123865,-74.741781,-128.063629,-74.741781,50.815386,23.360853,-128.063629,23.360853,338.741476,562.446926,1.0,2.754202,0.82266,1.15682
26494.0,-0.198932,-0.91389,-0.353881,0.893873,-0.31724,0.316781,-0.401768,-0.253307,0.88001,184.242112,447.924008,45.818749,3.594134,3.594118,3.595455,90.012515,90.014795,89.982932,98.140538,0.057568,0.058453,75.739599,0.978142,72.674201,-86.409903,28.94682,-86.409903,-34.233663,41.544459,28.94682,41.544459,519.75262,78.648512,-152.055216,-21.067549,-152.055216,413.330251,149.239621,-21.067549,149.239621,463.991643,510.877827,1.0,3.982253,0.494912,4.149859
24903.0,0.43318,0.383318,-0.815734,-0.374948,0.899664,0.223648,0.819615,0.208978,0.533441,75.713921,-271.84036,-77.235445,3.595981,3.596839,3.594856,89.988513,90.015357,90.034618,65.199708,0.057852,0.050362,108.985607,0.984127,337.364305,-53.926976,95.006698,-53.926976,1023.239563,-136.510833,95.006698,-136.510833,301.741564,344.362299,99.690699,-8.104463,99.690699,535.307222,16.835334,-8.104463,16.835334,355.327098,266.185752,1.0,4.444796,1.008133,1.321145
24367.0,-0.127228,0.109438,-0.985818,0.152248,0.984271,0.089617,0.980119,-0.138687,-0.141889,188.629772,-73.183298,-150.453838,3.595744,3.593648,3.594689,89.978011,89.96603,89.929376,165.262416,0.083827,0.085294,64.989123,0.857143,236.576614,-336.015025,-213.0634,-336.015025,172.242997,655.436766,-213.0634,655.436766,252.549099,132.84082,63.373778,163.632858,63.373778,199.39947,226.835102,163.632858,226.835102,345.578462,914.857323,1.0,4.621732,1.713165,1.711363
29660.0,-0.507167,0.776777,0.373361,-0.620506,-0.629753,0.467315,0.598125,0.005334,0.801385,443.609311,-90.807326,-23.418973,3.597123,3.596663,3.595669,89.971248,90.003012,90.032445,63.084491,0.048891,0.045734,108.126418,0.983696,1141.900432,82.480455,-90.801811,82.480455,403.494914,-163.72513,-90.801811,-163.72513,611.901119,407.571205,0.436473,31.493561,0.436473,329.66276,-196.128929,31.493561,-196.128929,710.183457,395.679873,1.0,2.467493,0.641189,1.561878
30859.0,-0.28522,0.569086,-0.771227,-0.183734,0.757264,0.626732,0.940687,0.320457,-0.111426,280.089965,240.405985,-114.67814,3.595809,3.595135,3.595752,90.003285,89.961066,90.006263,81.456054,0.069067,0.058004,84.626236,0.978495,653.4608,-61.662608,-286.635408,-61.662608,327.133672,124.003098,-286.635408,124.003098,409.248469,315.551888,-9.796117,-65.208343,-9.796117,253.61901,26.332716,-65.208343,26.332716,512.513649,381.543996,1.0,4.029986,1.682454,1.242464
28657.0,-0.251373,0.73427,0.630602,-0.671269,-0.601627,0.432948,0.697288,-0.314472,0.644125,-422.46854,239.331928,2.204924,3.595397,3.594397,3.596397,89.971276,89.995054,90.029947,114.696179,0.061435,0.062486,77.590872,0.934426,692.158455,249.785753,103.634216,249.785753,0.981348,-57.340993,103.634216,-57.340993,556.250977,634.893719,11.808605,54.658268,11.808605,223.57976,49.344527,54.658268,49.344527,636.218528,647.49794,1.0,2.172447,0.870917,1.994476
27154.0,-0.000969,-0.869716,-0.493552,0.871279,-0.242963,0.426429,-0.490787,-0.429608,0.758001,-135.808442,206.032282,-24.790071,3.594499,3.59424,3.594486,90.029551,90.04743,90.012507,149.776456,0.080188,0.078464,77.028167,0.903226,-110.811259,311.253004,-57.032274,311.253004,-46.400572,-72.631867,-57.032274,-72.631867,581.074072,747.595367,-16.601585,-249.655191,-16.601585,140.009293,-71.010108,-249.655191,-71.010108,570.936544,842.923995,1.0,3.999823,0.710554,3.993363
24402.0,-0.60245,-0.692261,0.397276,0.507256,0.052212,0.860212,-0.616234,0.719756,0.319699,-241.517837,-346.575166,27.504561,3.595988,3.595484,3.592695,89.992821,90.016252,89.964284,142.854418,0.077121,0.08391,70.440299,0.932203,662.613315,-418.310801,17.355322,-418.310801,-199.098284,-61.208349,17.355322,-61.208349,222.620737,373.794481,74.140715,-71.357451,74.140715,190.312312,-77.322201,-71.357451,-77.322201,565.871243,773.586784,1.0,2.708941,1.245385,5.575119
27976.0,0.251295,-0.302937,-0.919282,0.944283,0.285301,0.164113,0.212556,-0.909303,0.357753,170.508463,250.439663,-49.593263,3.592618,3.595419,3.593629,90.025471,89.913438,89.956884,141.909272,0.068813,0.07325,78.733005,0.879121,-577.524314,-745.820069,-229.652246,-745.820069,129.10943,-194.431801,-229.652246,-194.431801,437.629708,324.436315,65.269196,-15.068711,65.269196,295.478133,27.076097,-15.068711,27.076097,336.436953,692.06387,1.0,4.535727,1.204936,2.911959
28179.0,0.200381,0.633721,-0.747158,0.530835,0.570752,0.626463,0.823445,-0.522149,-0.222034,-107.513424,60.491211,-119.950742,3.594477,3.596222,3.594719,89.995987,89.988287,89.990885,105.314437,0.065729,0.065058,75.31823,0.978261,349.507019,151.217636,-174.992881,151.217636,486.386161,-113.894437,-174.992881,-113.894437,198.614226,278.733182,226.549392,55.475632,226.549392,397.680174,-243.474477,55.475632,-243.474477,257.297772,546.342394,1.0,4.014632,1.794696,2.135915
29738.0,-0.62362,0.765963,0.156204,-0.718076,-0.640267,0.27281,0.308974,0.057963,0.949302,125.573312,-78.901329,167.88888,3.595299,3.595627,3.595259,89.992459,90.025442,89.995354,73.736022,0.061132,0.054447,84.024064,0.972973,462.748078,18.521415,179.790464,18.521415,527.163422,77.741647,179.790464,77.741647,257.98879,184.972192,-59.872442,-95.233888,-59.872442,480.604593,47.931602,-95.233888,47.931602,206.348042,376.646523,1.0,2.621583,0.319787,1.385353
24435.0,-0.765406,-0.620109,-0.172098,0.641951,-0.754526,-0.136346,-0.045303,-0.214838,0.975598,-165.490802,-321.764172,143.461477,3.594289,3.593239,3.594252,90.049628,89.949507,89.910065,173.546555,0.080364,0.086207,77.115453,0.82967,763.688086,-90.885287,34.232847,-90.885287,-986.076602,457.336298,34.232847,457.336298,242.727155,88.439094,-6.501787,56.591701,-6.501787,128.289202,196.623148,56.591701,196.623148,657.042191,696.882417,1.0,5.38239,0.221366,3.349418
27039.0,-0.009894,-0.667237,0.74478,0.63258,0.572661,0.521442,-0.774432,0.476292,0.416415,-230.088723,295.108595,-118.173702,3.593919,3.593929,3.594625,89.985315,89.988763,90.054501,109.784362,0.064594,0.062887,97.625325,0.967742,-19.57007,334.428067,-230.628315,334.428067,-143.985792,159.973095,-230.628315,159.973095,378.113263,131.262837,57.501288,31.478977,57.501288,357.22546,12.010733,31.478977,12.010733,495.923798,439.074029,1.0,2.181609,1.141298,5.26378
24447.0,-0.455544,0.074406,-0.887098,0.410357,0.901865,-0.135083,0.789991,-0.425563,-0.441372,213.824652,-323.200352,-66.724991,3.596568,3.593355,3.593075,89.996332,90.009143,89.960446,163.165177,0.080925,0.082972,77.175124,0.854839,-119.65287,-309.581254,-213.990184,-309.581254,254.188047,482.995823,-213.990184,482.995823,226.475936,-129.765317,103.929982,216.973581,103.929982,26.037519,-41.174719,216.973581,-41.174719,264.665724,651.060008,1.0,4.863503,2.027924,2.064917
24785.0,0.715266,0.682797,-0.148937,-0.615876,0.716583,0.327422,0.330288,-0.142468,0.933066,83.730797,-284.079419,138.383536,3.594919,3.595756,3.595054,89.977438,89.992432,90.029594,79.841239,0.058641,0.054837,90.526409,0.983784,86.445449,132.885466,110.694169,132.885466,700.987799,-4.373094,110.694169,-4.373094,333.718276,88.171936,29.293211,-9.335621,29.293211,504.273015,-79.903335,-9.335621,-79.903335,453.507983,524.275497,1.0,3.568494,0.367951,1.978027
24460.0,-0.4733,0.136678,-0.870233,0.428992,0.898592,-0.092187,0.769385,-0.416955,-0.483938,110.810219,381.375018,140.875637,3.595618,3.593185,3.594537,90.012821,89.992644,90.032764,126.820697,0.074345,0.078542,69.23213,0.945946,354.006048,65.334761,-236.132128,65.334761,-278.175215,120.014571,-236.132128,120.014571,380.393932,218.66452,-52.137572,-329.932363,-52.137572,187.571102,84.63043,-329.932363,84.63043,154.064728,638.671724,1.0,4.817929,2.075945,2.067425
27675.0,-0.05903,0.361584,0.930469,-0.936332,-0.343233,0.07398,0.346118,-0.866861,0.358824,-98.511996,-122.913334,-24.995822,3.596982,3.595656,3.595032,89.99763,90.027431,89.991229,88.620234,0.062769,0.059365,93.251337,0.983784,376.587056,187.781893,-138.040453,187.781893,892.356448,-0.583184,-138.040453,-0.583184,392.020393,495.972746,-45.47143,-65.581448,-45.47143,423.321354,86.750105,-65.581448,86.750105,338.368226,497.042344,1.0,1.650138,1.203789,2.76171
24627.0,-0.239242,0.666937,-0.705662,0.266904,0.743942,0.612627,0.933555,-0.041777,-0.355991,228.250326,-418.162708,115.522451,3.595781,3.595053,3.592242,89.995013,89.989951,90.004125,57.210352,0.061184,0.053537,100.548662,0.978723,-56.923613,290.645073,-323.878456,290.645073,95.737187,225.63015,-323.878456,225.63015,344.07081,143.951844,41.948176,-71.86859,41.948176,269.437349,-5.801473,-71.86859,-5.801473,404.281667,251.127126,1.0,3.997446,1.93477,1.615517
30532.0,-0.70129,0.697932,0.145202,-0.471431,-0.606834,0.639926,0.534738,0.380321,0.754593,285.324678,-27.807614,140.380449,3.595463,3.594057,3.595509,89.975723,90.002628,89.989347,109.412084,0.06198,0.063416,76.769963,0.972826,201.101126,263.748832,41.047212,263.748832,198.509788,4.452472,41.047212,4.452472,526.465044,450.920097,84.57196,-140.048793,84.57196,71.182146,47.851441,-140.048793,47.851441,526.181114,663.855261,1.0,2.918466,0.715763,0.952574
26264.0,0.302234,-0.497781,0.812938,-0.704552,0.457787,0.542252,-0.642075,-0.736645,-0.212354,-377.28206,-349.010103,-52.664168,3.597731,3.594342,3.599529,90.059624,90.097203,90.013426,155.889179,0.069664,0.069026,100.944833,0.983516,1202.046843,672.040394,310.814004,672.040394,1481.290021,660.415166,310.814004,660.415166,69.73871,334.694832,102.238815,-95.037072,102.238815,425.477537,-14.441103,-95.037072,-14.441103,430.174017,324.181108,1.0,2.159048,1.78478,3.858506
31102.0,0.196307,-0.743265,0.639548,0.022221,0.655443,0.754917,-0.980291,-0.133984,0.145185,328.209751,236.798859,-176.490406,3.595548,3.594253,3.59166,89.959567,90.038809,89.976916,132.9661,0.066606,0.066471,64.338562,0.946237,-662.645804,-429.169714,139.856076,-429.169714,30.771236,30.384006,139.856076,30.384006,564.679838,-88.496441,-50.943263,12.502171,-50.943263,209.512616,-2.748896,12.502171,-2.748896,533.123654,553.542545,1.0,2.43874,1.425097,4.576553
29710.0,0.68705,0.043546,-0.725304,0.655294,0.394136,0.644396,0.313929,-0.91802,0.242256,-40.969437,-102.824057,-155.58713,3.598395,3.59482,3.594184,89.987495,90.007345,90.053497,136.479913,0.064577,0.070509,71.205639,0.875,661.391033,364.377667,611.73098,364.377667,369.288616,322.999941,611.73098,322.999941,554.604478,364.870961,-61.91083,110.628926,-61.91083,151.869535,-66.082821,110.628926,-66.082821,353.487884,772.276027,1.0,3.985992,1.326106,2.812096
28962.0,-0.364933,0.701748,0.611861,-0.726517,-0.625618,0.284209,0.582234,-0.34081,0.738141,444.384073,108.581214,-136.236873,3.596888,3.594239,3.595626,90.026056,89.996708,90.001593,81.070225,0.05019,0.051205,85.033231,1.0,135.940407,292.454846,-57.488975,292.454846,570.834568,-112.813618,-57.488975,-112.813618,699.151569,457.831709,44.123564,32.608821,44.123564,380.339715,-104.089069,32.608821,-104.089069,641.468138,447.3608,1.0,2.005642,0.740486,2.100373
24913.0,0.575567,0.436184,0.691712,-0.523728,0.846248,-0.097843,-0.628038,-0.305954,0.715514,-430.958628,-112.659768,116.44057,3.59638,3.592881,3.592848,90.070215,90.033041,90.042047,145.397816,0.059233,0.064464,73.525799,0.950549,-749.498901,-599.709056,-245.836036,-599.709056,380.545613,158.517235,-245.836036,158.517235,481.920462,171.741055,-185.942588,-91.556709,-185.942588,583.180184,144.576682,-91.556709,144.576682,489.846617,682.739672,1.0,1.430278,0.773436,4.259067
24929.0,0.567772,0.703832,0.426913,-0.520134,-0.095234,0.848759,0.63804,-0.703954,0.312016,502.872173,0.955988,-65.086221,3.596334,3.58976,3.591775,90.065029,90.061201,90.111024,141.899829,0.094737,0.081055,64.667824,0.82967,-1836.321376,-383.130839,494.471338,-383.130839,213.505132,-601.259544,494.471338,-601.259544,553.626349,-80.849598,-59.098492,79.238841,-59.098492,149.812608,-231.11575,79.238841,-231.11575,532.551451,476.418036,1.0,2.67556,1.253482,2.405271
24892.0,0.632752,0.774351,0.002255,-0.574095,0.467157,0.672442,0.519653,-0.426784,0.740146,-266.784406,389.699872,146.848786,3.599735,3.594886,3.599925,90.00228,90.141632,90.004366,167.874588,0.07778,0.072349,125.000507,0.989247,772.298639,-1016.717561,-152.698217,-1016.717561,2315.860158,369.850134,-152.698217,369.850134,483.180973,226.172527,1.149142,27.588294,1.149142,446.561022,-19.397574,27.588294,-19.397574,588.322135,348.339124,1.0,3.138239,0.737509,2.258382
29314.0,-0.501389,0.513115,0.696651,-0.766404,0.110286,-0.632821,-0.401541,-0.851205,0.337957,2.906392,-143.020162,-132.750446,3.59441,3.596429,3.594571,89.986682,90.030522,89.960536,111.660812,0.070721,0.064161,72.212518,0.886364,403.412478,-113.764879,-87.940295,-113.764879,-166.42979,215.345452,-87.940295,215.345452,794.786856,391.226906,-10.597841,-224.657695,-10.597841,-43.233728,73.298556,-224.657695,73.298556,681.279321,554.932442,1.0,0.833373,1.226051,3.582371
27388.0,0.028707,-0.421969,0.906155,-0.887074,0.407086,0.217671,-0.460734,-0.810076,-0.362632,-54.199321,-405.978904,169.335538,3.596753,3.597954,3.592729,89.994269,89.988543,90.070111,114.826937,0.069443,0.063878,81.964521,0.983871,-84.365508,-580.56567,305.500588,-580.56567,1208.119947,-341.337794,305.500588,-341.337794,471.539699,487.247832,-12.72281,94.378369,-12.72281,174.381813,-192.071445,94.378369,-192.071445,395.262082,397.962706,1.0,1.806543,1.941887,3.65872
29711.0,0.686413,0.044145,-0.725871,0.655208,0.395505,0.643644,0.315499,-0.917402,0.242556,-38.614877,-109.20787,-164.390573,3.594843,3.594233,3.594423,90.041513,90.016932,89.954651,167.778531,0.065099,0.08512,71.159166,0.954545,394.809449,269.048056,-452.225062,269.048056,83.232228,-19.471678,-452.225062,-19.471678,21.974388,149.3522,-153.376725,13.552214,-153.376725,80.114296,-93.895734,13.552214,-93.895734,379.091965,1059.29759,1.0,3.986959,1.325797,2.810358
24887.0,0.677719,0.699016,0.228194,-0.617274,0.372191,0.693142,0.399586,-0.610615,0.683726,-392.706104,319.682782,-162.733029,3.601963,3.595207,3.594481,89.989015,89.944495,89.978923,161.138999,0.087418,0.084687,79.017755,0.994565,1571.605376,-636.879792,754.289512,-636.879792,532.030569,-549.052607,754.289512,-549.052607,664.527772,347.293356,-26.59085,67.69422,-26.59085,273.436313,1.88024,67.69422,1.88024,398.006702,552.328196,1.0,2.823551,0.81794,2.562131
27708.0,0.16849,-0.970132,-0.174514,0.969692,0.131354,0.206018,-0.176941,-0.203937,0.962861,-347.665647,249.325723,152.21093,3.594785,3.595813,3.596197,89.996799,89.992484,89.974092,117.620113,0.059539,0.0622,72.984819,0.978022,459.163009,-273.388111,9.186632,-273.388111,353.1238,81.543606,9.186632,81.543606,605.435593,13.614024,-52.849211,10.743731,-52.849211,433.064592,6.964306,10.743731,6.964306,576.21275,1045.949836,1.0,3.844391,0.27339,3.856232
25110.0,0.391695,-0.674688,0.625597,-0.384306,0.497809,0.777492,-0.835992,-0.544961,-0.064297,35.740087,-227.541231,-140.195305,3.597599,3.59544,3.593235,90.022563,89.957831,89.992959,171.361739,0.089314,0.102177,69.997519,0.851648,594.62196,-295.163322,-293.686372,-295.163322,-250.007683,70.297099,-293.686372,70.297099,927.471134,701.617102,-42.016686,64.719137,-42.016686,-5.709079,175.851738,64.719137,175.851738,573.123159,1036.910763,1.0,2.464033,1.635138,4.134698
30018.0,0.125035,0.661071,-0.739832,0.043133,0.741357,0.669723,0.991214,-0.11565,0.064182,230.759478,-123.948481,-2.297296,3.595549,3.595232,3.595791,90.014049,89.984758,89.990009,46.529529,0.061078,0.05224,112.550857,0.994382,566.879006,-46.204314,-52.762501,-46.204314,331.988662,166.516225,-52.762501,166.516225,456.523532,363.570282,64.514779,-17.141103,64.514779,312.017866,59.03146,-17.141103,59.03146,407.470097,207.180926,1.0,3.976688,1.50657,1.686946
24572.0,0.188398,-0.046906,0.980972,-0.094196,0.993391,0.06559,-0.977565,-0.10476,0.182735,1.826381,465.317818,-178.495249,3.596602,3.588659,3.5919,89.938375,90.00684,89.984286,206.241553,0.09447,0.096644,64.668635,0.82967,-585.999964,571.558763,-246.371771,571.558763,-1390.492766,181.068868,-246.371771,181.068868,712.799881,-573.295821,290.491864,-179.236059,290.491864,128.406021,-62.538719,-179.236059,-62.538719,641.531457,1091.399806,1.0,1.637559,1.387029,4.605632
24586.0,-0.716901,-0.634744,-0.288364,0.658982,-0.481924,-0.577487,0.227587,-0.604028,0.763776,268.27085,370.733766,-141.093639,3.595731,3.595594,3.594541,89.978559,89.985746,90.003956,132.79547,0.063245,0.06648,65.652641,0.922222,554.953024,58.263737,-86.180505,58.263737,421.563879,195.08419,-86.180505,195.08419,182.445825,199.390386,83.334805,-20.534276,83.334805,451.696838,194.160919,-20.534276,194.160919,286.573808,1105.976474,1.0,5.820063,0.701653,2.781261
28794.0,-0.344484,0.62899,0.696923,-0.797695,-0.587533,0.135968,0.494988,-0.509093,0.704138,438.343497,-338.323551,49.445857,3.593848,3.592956,3.594074,90.073237,89.993488,90.04234,108.780852,0.053244,0.049319,98.71337,0.978723,-509.826075,381.200289,-119.681596,381.200289,-355.860802,169.517792,-119.681596,169.517792,636.008668,426.472103,-12.668206,-18.392956,-12.668206,157.305902,-91.996865,-18.392956,-91.996865,404.746798,504.805794,1.0,1.763474,0.789588,2.370241
28692.0,0.430877,-0.613835,-0.661476,0.816043,0.577971,-0.004785,0.385251,-0.537732,0.749951,283.178151,-402.470095,-117.699041,3.594704,3.590724,3.593621,90.07511,89.981878,90.083855,200.628367,0.083752,0.087425,75.04361,0.860215,-560.923475,738.932219,205.382164,738.932219,-835.16779,314.339876,205.382164,314.339876,656.297651,42.19912,-190.011374,11.439572,-190.011374,209.02555,-109.657077,11.439572,-109.657077,312.964534,620.337451,1.0,4.719622,0.722809,2.519919
26927.0,0.173273,0.979971,-0.098147,-0.971541,0.186419,0.146139,0.161508,0.070032,0.984383,-65.261845,456.796989,-132.330267,3.594699,3.592987,3.595545,89.971252,90.027436,89.9786,137.661475,0.070757,0.072515,81.182643,0.967568,-209.662395,-259.887434,179.575386,-259.887434,224.612479,292.542426,179.575386,292.542426,410.718282,164.90197,0.119738,-73.009277,0.119738,-92.416631,127.08201,-73.009277,127.08201,639.98693,816.82013,1.0,3.733003,0.17696,1.161655
30789.0,0.635131,-0.678459,0.369191,0.256505,0.636115,0.727711,-0.72857,-0.367492,0.578044,455.719419,156.799718,106.642479,3.596101,3.595055,3.593371,89.983936,90.007341,89.976683,84.088051,0.056486,0.052334,103.80423,0.994444,99.091666,-103.676241,-261.853078,-103.676241,264.693248,-326.541065,-261.853078,-326.541065,422.700933,288.691165,-13.92015,-67.831358,-13.92015,358.513479,-200.751173,-67.831358,-200.751173,614.486836,341.022491,1.0,2.672097,0.954467,4.245226
28675.0,0.19897,-0.730591,0.653183,0.32031,0.678385,0.661208,-0.926182,0.077661,0.368994,234.169726,218.641648,24.567395,3.595494,3.594881,3.594937,89.997337,89.998106,90.044937,112.739135,0.065301,0.064638,88.936813,0.988827,382.50577,61.124058,-313.069355,61.124058,154.588028,188.820904,-313.069355,188.820904,467.708617,566.029703,74.065642,69.04325,74.065642,297.792632,197.280868,69.04325,197.280868,232.646553,523.759125,1.0,2.362299,1.19287,4.796044
28488.0,0.312819,0.648771,-0.693715,0.665292,0.371605,0.647531,0.677887,-0.664083,-0.315377,193.50135,-296.368844,-70.952581,3.594478,3.595389,3.595989,90.062104,90.018987,90.040968,74.16789,0.062669,0.05173,113.159361,0.98913,884.435139,-369.049396,-144.617926,-369.049396,-208.591379,178.229193,-144.617926,178.229193,479.985502,306.3289,-9.086293,123.692856,-9.086293,267.683182,-27.957885,123.692856,-27.957885,356.049689,430.808324,1.0,3.961411,1.89165,2.345908
27891.0,-0.01508,0.705592,-0.708458,-0.352413,0.65932,0.664155,0.935723,0.259685,0.238717,279.22703,-215.136377,179.283552,3.594832,3.594748,3.596325,89.98845,89.996136,90.032719,124.212002,0.056811,0.05936,72.924491,0.973118,362.189924,-124.317295,-286.06167,-124.317295,637.58929,-36.738013,-286.06167,-36.738013,169.946796,890.117152,22.977672,-55.408411,22.977672,133.416137,134.933826,-55.408411,134.933826,406.282072,1003.358721,1.0,3.959256,1.329752,1.300086
28768.0,0.443373,-0.627359,-0.640188,0.795855,-0.053039,0.603159,-0.412352,-0.776922,0.475771,-9.145264,-134.576665,-145.781738,3.595179,3.594194,3.594075,89.968621,90.007453,90.012155,102.526865,0.059442,0.057384,72.839154,0.983516,437.990121,86.34353,-7.471502,86.34353,172.347042,-179.862937,-7.471502,-179.862937,-124.084439,495.952016,155.034016,-26.936057,155.034016,113.230595,-84.256673,-26.936057,-84.256673,416.428943,491.8317,1.0,3.956764,1.074956,3.629537
29320.0,-0.52822,0.632032,0.567027,-0.799334,-0.595409,-0.08096,0.286443,-0.496008,0.819711,200.962589,264.552662,-148.253204,3.591594,3.59536,3.593491,89.960414,90.007276,89.986674,172.05487,0.086732,0.09081,75.609204,0.843243,154.600713,-548.970299,67.386701,-548.970299,-131.052024,188.909291,67.386701,188.909291,-373.17353,130.108581,171.225849,77.526675,171.225849,24.312874,63.29927,77.526675,63.29927,-2.818899,970.743145,1.0,1.428975,0.60989,2.617883
29565.0,-0.56689,0.713732,0.411366,-0.726495,-0.668566,0.158823,0.388383,-0.20882,0.897526,120.194962,179.919988,158.198137,3.592791,3.594341,3.592355,89.971053,89.963221,90.011692,155.068648,0.066951,0.071537,63.612954,0.901099,-28.21389,-365.165069,-121.255281,-365.165069,-346.043672,-295.383634,-121.255281,-295.383634,-242.013115,122.127352,-157.946248,-2.480861,-157.946248,-58.704532,-51.733545,-2.480861,-51.733545,265.875907,714.377729,1.0,1.939253,0.456669,2.06412
24931.0,0.700627,0.687135,0.192269,-0.661728,0.524933,0.535315,0.266905,-0.502285,0.822479,191.631408,-132.85711,109.09953,3.594269,3.594515,3.594859,89.984275,90.01697,90.007825,100.121734,0.053416,0.05472,78.016626,0.960674,71.677221,75.252224,-14.855021,75.252224,398.030529,103.793113,-14.855021,103.793113,70.90228,304.847995,-4.204431,-22.96804,-4.204431,291.210006,92.480171,-22.96804,92.480171,383.179623,457.242559,1.0,2.796773,0.605041,2.653156
29516.0,0.667455,0.160704,-0.727102,0.721033,0.104488,0.684978,0.186052,-0.981456,-0.046132,-215.291798,-11.878643,-151.337968,3.59336,3.595892,3.592148,89.993673,89.955352,89.975579,136.928747,0.066573,0.07541,76.923987,0.994505,-655.850627,195.003456,-281.327914,195.003456,123.841506,-208.951262,-281.327914,-208.951262,448.099012,-188.326622,177.008301,55.733844,177.008301,184.175694,-57.15212,55.733844,-57.15212,540.368431,649.044425,1.0,3.956813,1.616944,2.954248
24962.0,0.650616,0.747932,0.131517,-0.621145,0.424484,0.658781,0.436897,-0.510304,0.74075,1.917544,31.651083,34.120849,3.59512,3.594843,3.595153,89.999841,90.017825,90.000267,131.072644,0.080304,0.084307,69.741225,0.849462,267.963151,-76.439362,-52.985306,-76.439362,458.89638,46.703001,-52.985306,46.703001,223.686383,103.101158,-85.174473,159.423354,-85.174473,414.710322,15.338322,159.423354,15.338322,195.338265,713.524723,1.0,2.944546,0.73661,2.433539
28933.0,0.273179,0.632114,-0.725124,0.383953,0.619502,0.684688,0.882017,-0.465455,-0.073467,107.403403,-301.462606,7.249001,3.594737,3.59444,3.593589,90.020226,90.007009,89.993095,111.625588,0.062361,0.063202,69.20179,0.977778,238.845578,159.470743,22.170356,159.470743,-101.790694,91.067072,22.170356,91.067072,159.541362,323.260435,-105.691676,81.101615,-105.691676,149.306599,29.981696,81.101615,29.981696,428.244746,601.397538,1.0,3.955665,1.64433,2.056371
25018.0,0.581318,0.800746,0.144482,-0.568433,0.272602,0.776255,0.582197,-0.53338,0.613639,345.145737,359.282606,87.203232,3.596391,3.592682,3.59163,90.077573,89.954839,89.962429,176.486729,0.070238,0.084557,68.454728,0.9,218.663746,-773.067767,268.294138,-773.067767,-918.291838,-121.191351,268.294138,-121.191351,420.978898,373.594181,-121.284327,338.411455,-121.284327,312.56302,101.723498,338.411455,101.723498,462.768573,833.660851,1.0,2.957571,0.910136,2.312462
24654.0,-0.683499,-0.427475,-0.591688,0.657975,-0.711783,-0.245832,-0.316067,-0.557342,0.767771,-70.22432,-239.999976,142.304396,3.595037,3.59312,3.594124,90.034145,89.988556,90.033131,202.382157,0.110619,0.108521,59.128376,0.842697,-109.090923,-437.436449,-195.241077,-437.436449,164.77193,57.479172,-195.241077,57.479172,105.415745,-100.817339,-392.590907,111.757221,-392.590907,346.283677,-174.06242,111.757221,-174.06242,430.725252,1087.343292,1.0,5.106165,0.695441,3.657467
26266.0,0.314232,0.844285,-0.434098,-0.743155,0.503298,0.440921,0.590744,0.184051,0.785587,-89.549447,-232.665853,-5.340424,3.593918,3.59472,3.59469,90.049763,89.95882,89.936233,150.988914,0.074668,0.082275,78.758848,0.916667,720.064183,-108.583473,14.292552,-108.583473,-742.021897,-138.383323,14.292552,-138.383323,473.870115,590.489485,155.219781,-202.80793,155.219781,31.596611,-213.887914,-202.80793,-213.887914,650.223847,1185.989071,1.0,3.919194,0.667152,1.26877
25114.0,0.451507,0.804025,-0.386892,-0.456265,0.580673,0.674271,0.766788,-0.127913,0.629026,-436.239645,88.205799,-1.289207,3.596606,3.591342,3.594991,89.938524,90.010957,90.032685,75.178293,0.060422,0.052434,116.971984,0.983516,-768.899917,-412.816199,399.502763,-412.816199,684.346963,-97.919281,399.502763,-97.919281,428.457741,321.824986,-136.117934,13.235265,-136.117934,384.212541,87.137461,13.235265,87.137461,494.139239,149.788922,1.0,3.662519,0.890496,1.73609
24673.0,-0.510787,-0.852835,0.108483,0.514421,-0.202092,0.833385,-0.688816,0.481488,0.541942,295.64303,-396.480051,5.520117,3.597738,3.594832,3.595225,89.998834,89.97817,89.987836,87.840174,0.05304,0.053151,112.209671,0.994681,541.172087,-316.23422,256.000533,-316.23422,687.240894,-249.386454,256.000533,-249.386454,467.559758,270.738421,-17.206536,-27.378312,-17.206536,260.764188,-21.834604,-27.378312,-21.834604,456.7522,315.879349,1.0,3.012149,0.99805,5.322449
24681.0,-0.620597,0.289187,-0.728855,0.614206,0.757106,-0.222581,0.487453,-0.5858,-0.647478,-440.92321,-138.370649,-166.978793,3.596574,3.59568,3.594435,90.041272,89.980019,90.014197,145.664997,0.067411,0.071734,69.328414,0.910112,761.226842,53.115819,-379.439765,53.115819,530.288664,64.891129,-379.439765,64.891129,96.254127,-33.370885,-131.451376,-92.889084,-131.451376,398.109865,75.131032,-92.889084,75.131032,446.335305,826.577938,1.0,5.008778,2.275067,2.447574
26754.0,-0.127557,-0.28549,-0.949855,0.922818,0.316826,-0.219152,0.363504,-0.904498,0.223042,487.289945,-109.17564,163.023016,3.59384,3.595112,3.595832,90.010927,90.0053,90.027258,122.722362,0.065192,0.068017,76.323519,0.961749,431.902831,217.632998,-87.338891,217.632998,-61.847816,11.072205,-87.338891,11.072205,487.869595,-131.731665,14.552918,113.507355,14.552918,-132.625186,-117.411127,113.507355,-117.411127,795.101335,986.330761,1.0,4.939142,1.345862,2.759462
27057.0,0.132202,0.98644,-0.097255,-0.9776,0.145967,0.151628,0.163768,0.07503,0.983641,487.230485,127.188901,-91.400054,3.595745,3.589971,3.596462,89.99257,89.965681,89.97028,145.233961,0.089131,0.082847,70.597598,0.972527,-1000.566025,-436.151347,3.044977,-436.151347,323.31371,-271.262962,3.044977,-271.262962,809.819735,394.449141,-112.232697,-89.170888,-112.232697,215.407005,-109.522977,-89.170888,-109.522977,592.595704,555.605842,1.0,3.711899,0.181126,1.141185
28431.0,0.165272,0.684045,-0.71047,0.308772,0.648273,0.69599,0.936667,-0.334401,-0.104073,-37.320257,336.291339,-190.910801,3.594535,3.596613,3.594239,89.963792,90.026269,89.98289,103.657578,0.07076,0.061837,78.856468,0.989362,185.893393,373.466427,158.301228,373.466427,626.358231,-281.109562,158.301228,-281.109562,213.307632,328.564871,5.323497,5.063386,5.323497,158.545079,-14.482253,5.063386,-14.482253,269.221887,487.270378,1.0,3.937286,1.675058,1.913704
25995.0,0.307816,-0.542136,0.781881,-0.561726,0.559722,0.609241,-0.767928,-0.626737,-0.13224,123.507823,66.576799,-58.056134,3.594775,3.595593,3.59436,90.00377,90.009868,90.013307,93.039133,0.056599,0.056501,93.944329,0.994505,265.03433,-161.210044,132.330514,-161.210044,381.446948,-12.670345,132.330514,-12.670345,195.965817,464.491127,45.400371,29.286673,45.400371,279.09362,3.023673,29.286673,3.023673,335.601823,513.214569,1.0,2.232725,1.703425,4.027884
28822.0,0.272173,0.655376,-0.70456,0.424084,0.575558,0.699204,0.863756,-0.489097,-0.121284,68.515556,-253.925157,-109.912716,3.594311,3.594885,3.595565,90.002859,90.015077,89.985203,119.161146,0.064937,0.06458,85.345216,0.897849,475.772159,-42.663824,112.368055,-42.663824,302.793491,-99.570056,112.368055,-99.570056,73.142514,362.357785,-21.088465,163.881972,-21.088465,250.798456,69.122772,163.881972,69.122772,325.972937,666.321064,1.0,3.930806,1.692379,2.086025
26805.0,-0.047786,-0.622118,0.781464,0.571005,0.624904,0.532399,-0.819555,0.471661,0.325371,-310.224874,56.949176,40.341687,3.59574,3.592605,3.593306,89.947201,89.969273,90.01178,166.144855,0.072658,0.08055,62.873843,0.843243,-713.363379,282.536691,-65.78704,282.536691,375.175836,-207.34625,-65.78704,-207.34625,324.017801,69.82746,16.809182,-56.225771,16.809182,284.582576,-13.380216,-56.225771,-13.380216,471.445535,870.045842,1.0,2.16885,1.239392,5.234605
26446.0,-0.232469,-0.965102,-0.120566,0.95198,-0.251177,0.175054,-0.199229,-0.074082,0.977149,176.274992,368.679685,-9.970028,3.597734,3.588406,3.595155,90.02337,89.982412,89.995842,172.729603,0.0937,0.085383,63.70048,0.863158,-1383.690784,-641.031627,65.589897,-641.031627,932.807909,18.391577,65.589897,18.391577,338.149942,194.723452,291.82284,107.248224,291.82284,492.331165,-19.149211,107.248224,-19.149211,324.260494,812.763299,1.0,3.744717,0.21419,4.35639
25632.0,0.215762,-0.182084,0.959319,-0.263178,0.935257,0.236709,-0.94031,-0.303545,0.153873,493.5682,-242.411381,12.060281,3.596295,3.593608,3.594549,90.003785,90.03647,90.017928,119.801414,0.078428,0.071927,76.462171,0.952632,86.480269,13.852656,157.71593,13.852656,87.29972,401.085796,157.71593,401.085796,591.609767,268.313334,72.232494,-141.594585,72.232494,333.902174,103.75526,-141.594585,103.75526,512.608806,530.393722,1.0,1.812711,1.41631,4.400136
28707.0,-0.31317,0.586857,0.746675,-0.782862,-0.604615,0.146856,0.537635,-0.538553,0.648775,-353.555174,-267.244399,54.095866,3.593482,3.595621,3.595247,89.988506,89.956923,89.995928,96.826108,0.056196,0.059059,105.518436,0.977654,261.617324,-440.606433,139.376202,-440.606433,41.079458,35.564437,139.376202,35.564437,434.552235,402.639567,-48.696455,-21.543082,-48.696455,635.00773,12.016935,-21.543082,12.016935,463.692257,616.603776,1.0,1.764998,0.864822,2.357048
29211.0,-0.492345,0.655185,0.573,-0.795058,-0.070609,-0.60241,-0.354231,-0.752161,0.555674,-145.516143,-107.817095,149.097176,3.595527,3.594577,3.595732,90.004225,89.991965,89.99845,75.869193,0.07325,0.064227,92.016702,0.994505,281.974442,-9.17835,119.390681,-9.17835,537.706441,-56.021246,119.390681,-56.021246,331.199798,379.416364,36.485576,53.820375,36.485576,360.760307,-66.718171,53.820375,-66.718171,580.386429,418.416757,1.0,0.760382,0.981623,3.581732
26448.0,0.273002,0.863888,-0.423282,-0.754162,0.465353,0.463342,0.597251,0.19273,0.778554,-308.241568,82.137009,-75.616358,3.593892,3.594118,3.595551,89.96177,89.995944,90.056223,78.074624,0.059279,0.054316,112.99811,0.967391,-356.355461,275.67598,-225.002106,275.67598,573.799864,246.981869,-225.002106,246.981869,299.919774,340.341682,118.708712,37.573178,118.708712,466.224538,60.759338,37.573178,60.759338,375.778194,278.531239,1.0,3.881838,0.678438,1.258651
28568.0,-0.284445,0.785343,0.549843,-0.804487,0.116413,-0.582451,-0.521433,-0.608016,0.598685,444.304521,-432.722598,49.636042,3.595252,3.59471,3.596869,89.994888,89.989634,89.999577,87.137961,0.055813,0.052464,78.027679,0.960452,427.780303,-202.999932,184.000267,-202.999932,604.79775,-141.927663,184.000267,-141.927663,395.037979,294.721374,109.603493,-27.946771,109.603493,167.234161,-68.079843,-27.946771,-68.079843,419.467935,397.772091,1.0,0.756607,0.928938,3.85048
26643.0,0.221831,0.875462,-0.429367,-0.770686,0.427177,0.472824,0.597355,0.226021,0.769468,-343.283365,-29.072452,-162.423056,3.593875,3.591665,3.594507,89.930776,89.978326,89.995334,133.790723,0.066577,0.069231,63.658632,0.887701,-920.616497,-67.801166,175.167072,-67.801166,-0.6991,212.04066,175.167072,212.04066,460.422039,-359.48441,-137.441783,-6.0986,-137.441783,112.524666,142.381225,-6.0986,142.381225,524.053049,702.457377,1.0,3.878861,0.692788,1.209076
29543.0,0.669249,-0.32602,-0.667695,0.708268,0.008234,0.705895,-0.224639,-0.945327,0.236421,22.699197,-375.912416,-154.610599,3.596288,3.59693,3.594471,90.059897,89.963585,90.064467,176.567121,0.077698,0.08722,70.670209,0.971751,191.287188,487.360584,257.671042,487.360584,717.56062,643.003577,257.671042,643.003577,756.465846,561.521027,-96.010937,23.549581,-96.010937,206.361822,33.496632,23.549581,33.496632,440.561703,772.944069,1.0,3.899188,1.332116,3.374896
28826.0,0.469197,-0.555871,-0.686193,0.801882,0.593672,0.06738,0.369919,-0.58186,0.724292,307.138516,21.548286,-53.107592,3.595236,3.593548,3.594984,90.064616,89.995539,89.967975,69.932059,0.067076,0.057692,154.334146,0.994536,-407.635798,342.234642,-245.959612,342.234642,430.894645,-106.806838,-245.959612,-106.806838,551.510032,433.066206,15.940701,-31.946996,15.940701,331.413583,66.167587,-31.946996,66.167587,499.404157,188.751213,1.0,4.614509,0.760789,2.575299
30821.0,0.454273,0.585708,-0.671254,0.161061,0.687075,0.708511,0.876182,-0.429971,0.217785,286.6572,8.310928,-61.753939,3.596274,3.594893,3.595179,90.015887,89.985237,89.978905,60.359522,0.064103,0.053446,107.49594,0.989189,519.93943,99.130246,79.023484,99.130246,261.446583,270.672403,79.023484,270.672403,511.331625,467.602309,19.311799,29.895165,19.311799,298.141575,170.93655,29.895165,170.93655,525.826307,313.395622,1.0,3.899995,1.351252,2.027002
30783.0,-0.761416,0.627658,0.162146,-0.424927,-0.672127,0.606368,0.489574,0.392798,0.778477,343.320851,-351.812946,85.888594,3.595409,3.593429,3.59586,90.030841,89.987993,89.994987,126.273524,0.07678,0.071422,73.542942,0.967568,83.442704,126.87622,-322.090528,126.87622,407.400657,256.25001,-322.090528,256.25001,343.108638,449.350723,42.138743,-145.365675,42.138743,247.829708,5.186341,-145.365675,5.186341,476.459024,1042.185249,1.0,2.880301,0.67856,0.894638
24810.0,-0.402942,0.324568,-0.855741,0.459327,0.880441,0.117653,0.791616,-0.345658,-0.503849,286.605727,278.135867,24.476898,3.595181,3.593749,3.594648,89.957538,89.991195,90.022124,71.005411,0.057029,0.052917,130.355727,0.978495,103.598561,-358.175305,-83.122923,-358.175305,-25.995666,-163.92632,-83.122923,-163.92632,444.572092,496.594529,-3.741533,-1.037045,-3.741533,226.503768,77.454995,-1.037045,77.454995,380.332882,212.978691,1.0,4.575759,2.098846,1.982491
26499.0,0.204824,-0.55604,0.805523,-0.559364,0.608847,0.56251,-0.803218,-0.565795,-0.186322,-213.301496,-245.352586,-145.087525,3.594248,3.595801,3.595262,90.01877,90.00821,89.980975,108.199122,0.060611,0.064801,75.850257,0.941799,498.925469,48.86428,255.338666,48.86428,166.038688,-111.518848,255.338666,-111.518848,339.762142,286.612323,7.619327,199.597572,7.619327,229.573751,-98.961428,199.597572,-98.961428,376.368668,769.374017,1.0,2.180391,1.758214,4.098709
30793.0,0.613425,-0.649112,0.449849,0.244505,0.697715,0.673358,-0.750951,-0.303064,0.586707,132.481152,439.866716,-132.85031,3.595396,3.593575,3.596295,89.995834,89.975916,90.008106,60.88431,0.061324,0.052995,109.275513,0.989189,404.610034,391.616143,-69.127472,391.616143,362.303881,179.561692,-69.127472,179.561692,225.391191,189.853732,19.304627,7.257947,19.304627,342.65082,12.159254,7.257947,12.159254,356.147502,198.47295,1.0,2.552621,0.94381,4.328805
29767.0,0.731632,-0.04294,-0.680347,0.681143,0.005699,0.732128,-0.02756,-0.999061,0.033417,-273.840176,353.833255,-110.615204,3.594744,3.59553,3.598308,89.988556,90.096521,90.037702,158.046927,0.075196,0.077498,90.563604,0.977143,1558.577317,-551.002643,258.272835,-551.002643,-76.410471,171.691553,258.272835,171.691553,430.867744,89.229717,67.151571,-12.609942,67.151571,235.487979,108.382364,-12.609942,108.382364,521.695929,689.471645,1.0,3.890347,1.537373,3.169172
24823.0,-0.470346,-0.855845,0.215184,0.527922,-0.077484,0.845751,-0.707158,0.511396,0.488264,145.533596,335.660301,56.933864,3.593768,3.595571,3.596455,90.043666,90.018778,90.015265,108.970487,0.065802,0.06437,77.991393,0.979058,431.380611,553.599582,-9.608596,553.599582,415.641199,150.914662,-9.608596,150.914662,291.83495,145.467331,122.411884,-144.617887,122.411884,589.687947,39.150663,-144.617887,39.150663,305.997621,690.726478,1.0,2.89245,1.060697,5.338496
28128.0,-0.167778,-0.499566,0.849873,-0.810011,0.561235,0.169993,-0.561901,-0.659885,-0.498817,-421.018886,-139.445492,-168.938077,3.594502,3.595485,3.594269,90.012333,89.962975,90.0005,111.202212,0.061477,0.063057,78.616084,0.977528,187.381681,-361.31099,22.22575,-361.31099,145.909841,45.085186,22.22575,45.085186,377.400373,138.449452,155.470296,-95.868503,155.470296,366.281965,253.614447,-95.868503,253.614447,363.482182,880.354039,1.0,1.768212,2.093029,3.846965
27068.0,-0.00639,-0.561821,-0.827234,0.659606,0.619394,-0.42576,0.751584,-0.548369,0.366623,179.071919,25.009099,-134.725035,3.594752,3.595727,3.594192,90.007666,90.043777,89.982115,91.881916,0.062972,0.05801,85.327414,1.0,150.847452,17.991886,287.399708,17.991886,690.214636,-52.643781,287.399708,-52.643781,-14.757671,472.178982,-96.436928,37.90196,-96.436928,530.91579,-0.539981,37.90196,-0.539981,276.998602,511.400516,1.0,5.187711,1.19542,2.201125
25132.0,0.67295,0.650857,0.35146,-0.72574,0.672804,0.143651,-0.142968,-0.351739,0.925116,423.487982,-190.347178,182.40603,3.592607,3.594865,3.596662,89.99368,89.996244,89.996952,131.3885,0.069753,0.06872,65.211572,0.967213,109.795994,344.576584,259.354481,344.576584,-74.185565,14.343449,259.354481,14.343449,641.605565,60.052939,59.744688,126.723423,59.744688,193.342674,-61.228924,126.723423,-61.228924,656.158336,734.270194,1.0,1.958803,0.389455,3.527655
24839.0,0.151977,-0.977773,0.144438,-0.08181,0.13319,0.987708,-0.984993,-0.161925,-0.059749,409.184323,23.513478,78.020054,3.595637,3.594113,3.594848,90.004927,90.010538,89.996317,100.654421,0.060691,0.064775,88.286777,0.983516,71.880685,55.098331,-22.657291,55.098331,264.440784,114.597847,-22.657291,114.597847,470.043186,377.09986,-11.554579,-86.171068,-11.554579,92.826147,-15.410231,-86.171068,-15.410231,568.428028,720.565537,1.0,2.996386,1.630581,4.549454
30985.0,0.491709,0.573364,-0.655344,0.151926,0.684577,0.712932,0.857403,-0.450119,0.249504,-162.410627,-90.585041,160.868417,3.595193,3.59502,3.59558,90.032936,89.995934,89.984115,81.521448,0.061717,0.058618,94.907148,0.989189,661.54175,9.949012,-109.210248,9.949012,147.790273,172.106534,-109.210248,172.106534,329.420591,286.415406,15.487623,-51.001557,15.487623,308.956554,-57.997439,-51.001557,-57.997439,473.972663,405.536415,1.0,3.884928,1.318628,2.054227
24841.0,-0.331748,-0.941073,0.065762,0.395258,-0.075363,0.915473,-0.856571,0.3297,0.396969,122.579865,348.367882,138.336601,3.594638,3.595745,3.591215,89.954745,90.006792,90.016859,119.905714,0.065496,0.062723,79.983828,0.994595,335.445877,-310.387329,-350.708222,-310.387329,-679.871912,-237.813699,-350.708222,-237.813699,315.460557,310.333821,-29.309605,-11.270221,-29.309605,251.657037,-83.51654,-11.270221,-83.51654,329.185883,515.624441,1.0,3.069881,1.162585,5.079816
30117.0,-0.747199,0.649043,0.142955,-0.662004,-0.707864,-0.246333,-0.058688,-0.278696,0.958584,79.459747,-216.358919,36.258457,3.595717,3.597073,3.596066,89.963173,90.003342,89.991897,74.462475,0.054567,0.051974,90.498197,0.98913,663.82573,-256.235138,165.579696,-256.235138,869.532856,-110.599526,165.579696,-110.599526,457.889286,437.683721,49.160225,38.185912,49.160225,587.978107,-13.909665,38.185912,-13.909665,513.623166,347.957147,1.0,0.525833,0.288807,3.34914
28709.0,0.193357,0.714915,-0.671945,0.298534,0.609525,0.734409,0.934607,-0.342602,-0.09557,103.479681,176.092414,-154.977557,3.594484,3.596475,3.595136,90.025439,89.989641,90.011158,69.477343,0.056827,0.051809,104.803616,0.984043,690.628117,88.680714,-277.043167,88.680714,271.532926,-45.598073,-277.043167,-45.598073,260.873369,415.816312,41.179635,-46.238169,41.179635,478.426948,45.039503,-46.238169,45.039503,125.735029,385.30393,1.0,3.882605,1.666513,1.922159
24857.0,-0.270864,0.115978,-0.955606,0.335799,0.94174,0.019114,0.902149,-0.315714,-0.294028,136.115108,352.36039,50.269933,3.596596,3.593433,3.594849,89.9984,90.015876,89.943354,93.209769,0.063871,0.058516,88.506829,0.989247,188.483195,-161.446663,102.06457,-161.446663,281.054335,639.432407,102.06457,639.432407,414.378061,145.285536,-23.198847,-60.377943,-23.198847,261.796719,78.877185,-60.377943,78.877185,402.145356,382.385826,1.0,4.69239,1.869235,1.907433
24858.0,-0.256521,-0.947476,0.191011,0.322595,0.102363,0.940986,-0.911114,0.303002,0.279393,-159.459364,-301.574263,108.38213,3.596364,3.596121,3.595141,90.030224,90.017468,90.010744,84.904632,0.055308,0.053257,92.964388,0.989011,677.321473,234.127612,19.558464,234.127612,233.980306,-57.739821,19.558464,-57.739821,737.679361,272.332645,24.28865,47.809207,24.28865,386.168429,-94.029739,47.809207,-94.029739,880.268202,679.769598,1.0,2.941323,1.287634,5.033445
30843.0,0.534431,0.545314,-0.645768,0.194645,0.664089,0.721872,0.822494,-0.511486,0.248768,429.628861,502.150555,-58.892734,3.593913,3.594512,3.593417,90.018096,89.999155,90.035345,142.707971,0.080975,0.079742,60.678458,0.847368,-78.085395,-10.0841,-154.858718,-10.0841,-223.984124,-182.168272,-154.858718,-182.168272,341.317753,-0.012996,76.473176,-70.795919,76.473176,180.431501,-32.675584,-70.795919,-32.675584,246.294264,827.769368,1.0,3.871402,1.319389,2.127143
26225.0,0.360853,0.895005,-0.262204,-0.834553,0.43538,0.337586,0.4163,0.097004,0.904038,-312.95669,-402.059556,-78.998711,3.592389,3.590121,3.594733,89.991452,89.984016,89.933322,156.914089,0.063899,0.068368,68.762468,0.93956,-566.792625,-584.885056,116.238661,-584.885056,-945.590294,177.168932,116.238661,177.168932,271.467193,-123.468357,71.316955,-46.050869,71.316955,117.875962,84.507749,-46.050869,84.507749,223.34481,628.351503,1.0,3.801965,0.441673,1.341866
30420.0,-0.717292,0.649662,0.251858,-0.519207,-0.739412,0.428595,0.464668,0.176661,0.867683,442.202357,323.087856,-11.11519,3.598946,3.594092,3.595702,89.969375,90.042714,89.983588,140.06805,0.068927,0.068967,76.279251,0.97861,864.938496,767.192244,24.171363,767.192244,606.598233,-279.112729,24.171363,-279.112729,486.648602,381.526742,-18.839381,-7.314395,-18.839381,93.032176,-44.867594,-7.314395,-44.867594,554.419015,568.13058,1.0,2.610314,0.520274,1.207485
25248.0,0.608448,0.544169,0.577643,-0.700625,0.026486,0.713038,0.372713,-0.838558,0.397373,-47.515795,456.777943,131.009441,3.597256,3.595101,3.594291,90.016801,90.012072,89.956367,155.020709,0.08272,0.076291,68.833136,0.828571,566.895179,-549.667832,-41.844159,-549.667832,599.462065,94.794694,-41.844159,94.794694,210.154857,186.723351,9.631422,-7.622358,9.631422,293.472499,-83.725765,-7.622358,-83.725765,324.489437,747.066108,1.0,2.460714,1.162143,2.723347
26219.0,0.304035,0.845894,-0.438208,-0.678042,0.515256,0.524186,0.669195,0.137752,0.730207,421.022169,-71.831464,-20.406497,3.594456,3.598364,3.59579,90.053405,89.949153,90.002356,135.550044,0.075496,0.070976,76.698794,0.882979,1221.042815,498.056708,-296.089267,498.056708,-8.3586,-58.993847,-296.089267,-58.993847,709.160932,311.579722,24.492602,-161.162198,24.492602,177.268479,-74.090697,-161.162198,-74.090697,435.785833,771.229992,1.0,3.83789,0.752171,1.367785
26008.0,0.156344,0.97536,-0.155657,-0.231742,0.18942,0.954157,0.960131,-0.113104,0.255646,319.282294,-98.194959,-144.66711,3.595037,3.5968,3.594662,90.026562,90.021355,89.989475,93.318376,0.058819,0.057739,96.419153,0.973684,887.861826,-155.509444,-7.138095,-155.509444,229.423439,-162.800408,-7.138095,-162.800408,217.737488,421.800442,-47.039714,-92.499437,-47.039714,251.242099,73.440696,-92.499437,73.440696,459.527129,484.502007,1.0,3.303304,1.31228,1.688057
28847.0,-0.307428,-0.587708,0.748389,-0.686559,0.681562,0.2532,-0.658881,-0.435973,-0.613028,-275.605623,67.626423,173.761544,3.595755,3.593784,3.59279,89.935774,89.996389,90.018781,147.466428,0.069246,0.072761,62.710361,0.918478,-702.476885,215.607723,161.746731,215.607723,544.028437,27.70456,161.746731,27.70456,332.434785,150.82695,-73.29334,-110.835792,-73.29334,296.211695,38.347493,-110.835792,38.347493,374.037762,702.335449,1.0,1.897034,2.230684,4.127842
26501.0,0.191091,-0.551746,0.811826,-0.511801,0.649735,0.562053,-0.837582,-0.522896,-0.158226,-101.536042,138.988765,-100.916577,3.595199,3.597183,3.594892,89.996232,89.992964,89.99008,105.182129,0.070843,0.070764,74.425232,0.951613,444.555145,-213.379483,146.865378,-213.379483,498.619439,-240.910356,146.865378,-240.910356,607.787245,381.912365,73.010922,60.715414,73.010922,322.19098,-122.394146,60.715414,-122.394146,576.788894,556.252901,1.0,2.176358,1.72969,4.154299
28197.0,-0.20469,-0.372831,0.905041,-0.88633,0.462951,-0.009746,-0.415356,-0.80416,-0.425213,-310.885501,200.389244,65.64409,3.593317,3.594652,3.597785,89.955368,89.998622,89.941807,147.578049,0.074991,0.075519,73.043029,0.927083,717.720075,199.571197,-430.24299,199.571197,-503.035021,61.993137,-430.24299,61.993137,912.232558,440.905802,6.333807,-129.086751,6.333807,408.913497,-110.104516,-129.086751,-110.104516,608.326531,760.145092,1.0,1.560028,2.009993,3.61836
24960.0,-0.323427,0.785973,-0.526917,0.413377,0.618259,0.668487,0.851184,-0.001609,-0.524865,444.743059,203.736805,-183.629924,3.594165,3.593155,3.595124,89.986878,90.003719,89.998411,174.972331,0.082194,0.086384,62.847292,0.815642,-138.801732,-191.912546,45.307051,-191.912546,169.293746,-134.696769,45.307051,-134.696769,176.452356,-53.845786,-270.076698,38.556023,-270.076698,-41.015466,-58.357162,38.556023,-58.357162,524.816415,1335.398799,1.0,3.809111,2.123353,1.572686
25344.0,0.515055,0.812414,0.273318,-0.619158,0.132115,0.774073,0.592758,-0.567917,0.571059,306.759728,259.922964,128.11358,3.594463,3.595274,3.594425,90.016851,90.014236,90.011235,105.10607,0.061006,0.059567,82.321385,0.972067,122.322148,-61.63646,-226.413912,-61.63646,259.280933,-23.208445,-226.413912,-23.208445,303.279277,337.603256,-198.455482,-33.29308,-198.455482,244.613696,29.858436,-33.29308,29.858436,538.759711,544.46746,1.0,2.802167,0.963001,2.334795
28669.0,-0.299297,-0.513955,0.80391,-0.770132,0.627529,0.114469,-0.563309,-0.584857,-0.583631,257.330864,150.333108,-179.518348,3.59464,3.594673,3.592037,89.903914,89.973523,90.003873,207.824647,0.080014,0.094721,66.612949,0.927778,-1074.870597,146.483882,119.098135,146.483882,312.083024,-232.186564,119.098135,-232.186564,663.763906,405.892315,219.641695,426.886552,219.641695,181.353455,16.650819,426.886552,16.650819,244.87495,991.738219,1.0,1.712236,2.193989,3.908226
24999.0,-0.256169,-0.187134,-0.948345,0.349116,0.896948,-0.271296,0.901385,-0.40058,-0.164439,404.295011,311.623457,-112.810379,3.595621,3.594531,3.594478,89.965148,90.008557,90.006018,56.402299,0.051476,0.047532,128.754064,0.98913,248.774835,-239.167184,116.719149,-239.167184,44.449442,70.569848,116.719149,70.569848,521.754066,243.900035,-46.716327,-53.608148,-46.716327,375.249412,3.300585,-53.608148,3.300585,467.513769,509.398544,1.0,4.99102,1.735986,1.988988
30417.0,-0.682295,0.637991,0.356989,-0.497871,-0.76306,0.412145,0.535349,0.10347,0.838269,-117.683563,31.072709,146.060289,3.595469,3.594751,3.593911,89.976465,90.01403,90.008149,75.145004,0.059907,0.053376,100.277725,0.977901,515.060125,73.317264,1.981008,73.317264,113.56828,-199.781952,1.981008,-199.781952,47.629247,392.751148,44.066782,-72.889146,44.066782,218.097425,-10.208599,-72.889146,-10.208599,403.191752,419.979136,1.0,2.427784,0.576695,1.379874
29441.0,0.592795,-0.524488,-0.611152,0.662124,-0.114595,0.740581,-0.458461,-0.843671,0.279345,417.245733,344.220408,-112.44275,3.596497,3.595073,3.595095,90.003068,90.031795,90.010239,89.559271,0.079736,0.067062,98.310817,0.983871,707.462067,188.821682,-219.132364,188.821682,249.168386,-13.206985,-219.132364,-13.206985,424.655414,130.034753,27.480765,78.180442,27.480765,472.732683,13.722142,78.180442,13.722142,522.376513,369.587275,1.0,3.831531,1.287685,3.639364
25576.0,0.331239,0.873743,-0.356165,-0.434629,0.476335,0.764332,0.837484,-0.098376,0.537534,81.076664,-408.412767,88.37793,3.594011,3.596749,3.593939,89.972813,89.970554,90.05506,101.694475,0.064122,0.058454,104.08234,0.983425,123.103557,652.334504,-308.895602,652.334504,393.042456,-108.572227,-308.895602,-108.572227,317.476676,552.487647,-64.50881,35.171799,-64.50881,384.592239,63.445123,35.171799,63.445123,431.419648,694.767926,1.0,3.577658,1.003286,1.687727
28406.0,0.316827,-0.540292,-0.779554,0.727952,0.665399,-0.165319,0.608035,-0.515101,0.604123,187.608227,-71.510268,-144.079451,3.595707,3.594243,3.594339,89.983326,90.015195,89.996309,148.69166,0.069139,0.076785,68.817218,0.965909,329.595166,111.329466,98.427212,111.329466,343.169563,204.554748,98.427212,204.554748,47.528262,176.677368,-3.907729,141.479323,-3.907729,315.371466,191.219683,141.479323,191.219683,347.02727,637.844371,1.0,4.921361,0.922131,2.273637
25033.0,-0.584515,-0.556894,-0.590094,0.720477,-0.021751,-0.693138,0.373169,-0.830299,0.413943,492.860383,-278.139836,-24.17851,3.601571,3.595586,3.594103,90.000405,89.983822,89.947901,128.236908,0.07009,0.062663,111.7075,1.0,1286.11707,-1051.169971,-202.170197,-1051.169971,979.322905,293.367401,-202.170197,293.367401,394.068568,247.524003,6.269448,-4.622796,6.269448,235.510171,-51.194445,-4.622796,-51.194445,496.843323,181.25385,1.0,5.577915,1.144015,2.719205
25047.0,-0.403768,0.094213,-0.909997,0.525716,0.837948,-0.146508,0.748728,-0.537556,-0.387867,440.357701,194.47873,32.032876,3.595065,3.59655,3.594078,90.024346,90.019071,90.023964,77.897914,0.062139,0.055517,105.669059,1.0,30.380435,291.327069,-186.850468,291.327069,501.671987,-169.317096,-186.850468,-169.317096,578.548104,249.201296,14.344213,125.817528,14.344213,383.196727,-89.931842,125.817528,-89.931842,504.261237,376.639744,1.0,4.872017,1.969112,2.193474
28660.0,-0.263806,-0.534104,0.803205,-0.697431,0.680851,0.223677,-0.66633,-0.501173,-0.552114,-62.050419,22.717326,76.359147,3.595208,3.595526,3.594897,90.014967,90.001462,90.006531,73.558394,0.050713,0.052827,100.712044,0.98895,434.744926,-106.696024,53.286364,-106.696024,418.912381,47.157428,53.286364,47.157428,239.930749,229.90341,-18.742368,71.760327,-18.742368,365.051175,-88.011817,71.760327,-88.011817,305.304908,592.244046,1.0,1.842396,2.155694,4.06752
28378.0,-0.281813,0.951681,-0.122005,-0.943939,-0.252214,0.212997,0.171934,0.17519,0.969405,-353.182067,44.198914,51.023579,3.595443,3.595207,3.594526,89.990164,89.998137,90.018726,151.654903,0.070262,0.077988,69.269388,0.867725,434.909901,178.553618,73.14344,178.553618,319.86779,-47.695273,73.14344,-47.695273,212.348899,63.993453,-122.054689,-151.335616,-122.054689,460.994495,79.360365,-151.335616,79.360365,408.942022,896.356031,1.0,3.661771,0.247999,0.776018
25402.0,0.595764,0.656581,0.462566,-0.755572,0.653478,0.045574,-0.272354,-0.376653,0.885413,-270.651843,12.925342,-106.149538,3.5958,3.595314,3.593691,89.98282,89.970977,89.950021,140.694053,0.085856,0.093228,72.646272,0.917582,916.715932,-148.6866,-219.885895,-148.6866,30.025736,-32.409742,-219.885895,-32.409742,-83.301311,439.913923,-106.775432,-2.033792,-106.775432,242.5625,-128.143179,-2.033792,-128.143179,189.926912,1002.441995,1.0,1.669004,0.483415,3.767646
25080.0,-0.562812,-0.774996,0.287445,0.720386,-0.289367,0.630325,-0.405322,0.561826,0.721155,28.037354,435.815136,36.327097,3.595703,3.593509,3.595026,90.01626,89.998299,90.022101,115.702019,0.064487,0.065914,91.736072,0.98913,9.44812,-15.723636,275.777007,-15.723636,521.327695,-103.723802,275.777007,-103.723802,175.240788,55.628175,38.908541,41.79076,38.908541,286.751845,93.896586,41.79076,93.896586,453.042601,1030.649613,1.0,2.713738,0.765328,5.658216
30064.0,0.797039,-0.101768,-0.595291,0.599616,0.250919,0.759934,0.072033,-0.962644,0.261014,-111.17012,-422.598794,46.220158,3.589751,3.595518,3.593415,90.001421,90.003768,90.015449,142.411022,0.068226,0.06946,81.317551,0.956989,-725.047269,-526.219386,90.910928,-526.219386,-539.869096,-108.778159,90.910928,-108.778159,425.742414,-207.882934,83.134194,-46.801596,83.134194,85.554507,-15.8627,-46.801596,-15.8627,501.566287,739.886182,1.0,3.806096,1.306724,3.066904
29048.0,0.423015,-0.686442,-0.591486,0.597807,-0.279128,0.751475,-0.680944,-0.67148,0.292285,-304.980103,208.634048,32.336868,3.59665,3.595188,3.593703,90.020791,89.972276,90.020756,107.012207,0.062779,0.064905,80.581478,0.983871,123.281273,437.257845,12.868241,437.257845,624.522642,-193.19551,12.868241,-193.19551,320.836666,336.692781,-42.743318,38.635841,-42.743318,575.45533,77.454352,38.635841,77.454352,594.283019,536.028179,1.0,3.808418,1.274181,3.933989
27183.0,0.000968,-0.996198,-0.087107,0.984538,-0.014309,0.174588,-0.175171,-0.085929,0.980781,148.841717,-368.123186,150.781335,3.595386,3.593588,3.595303,90.022729,89.95801,89.978442,100.934396,0.062422,0.060829,76.363028,0.983871,-118.06435,-188.645922,190.224044,-188.645922,534.080411,328.559768,190.224044,328.559768,300.770687,-38.193145,-69.153435,159.126904,-69.153435,415.231302,125.807013,159.126904,125.807013,460.020579,490.442401,1.0,3.604382,0.196372,4.256335
29489.0,0.523524,-0.606171,0.598731,0.55937,0.774602,0.295121,-0.642672,0.18041,0.744597,403.177957,8.050587,77.704362,3.595544,3.593572,3.595094,89.976451,90.012023,89.976751,87.054987,0.055382,0.052873,89.307585,0.984211,-132.981827,256.171171,31.440458,256.171171,352.398835,-79.082004,31.440458,-79.082004,478.654023,329.335239,99.027525,87.11384,99.027525,318.393263,-117.223068,87.11384,-117.223068,469.432823,548.70677,1.0,2.028756,0.730866,4.986063
25426.0,0.610428,0.453951,0.649081,-0.790459,0.296868,0.535765,0.05052,-0.840117,0.540047,57.512164,241.285607,80.831836,3.594599,3.594614,3.594543,89.992924,89.984209,89.982095,140.462265,0.065094,0.071911,66.886022,0.861702,420.919682,-31.258457,-52.235517,-31.258457,19.819323,27.53855,-52.235517,27.53855,131.119577,533.272377,-198.803467,74.991841,-198.803467,-78.381762,53.571259,74.991841,53.571259,359.791569,974.039249,1.0,2.260847,1.000304,3.081531
25537.0,0.440536,0.309187,0.842812,-0.592631,0.805347,0.014325,-0.674327,-0.505787,0.538018,-373.109321,-240.754021,-67.810471,3.595694,3.596972,3.594178,89.982388,90.017408,90.015183,42.915671,0.056382,0.045265,117.053484,0.978261,164.792691,240.817153,-179.301638,240.817153,862.37103,-0.471199,-179.301638,-0.471199,404.209157,316.8512,37.660812,-129.404407,37.660812,596.833175,23.511785,-129.404407,23.511785,423.026044,128.883679,1.0,1.587791,1.002712,4.068848
25496.0,0.497722,0.854081,-0.15106,-0.662865,0.486894,0.568809,0.559359,-0.182977,0.808478,273.15997,398.856547,-147.137406,3.593843,3.588894,3.595042,90.020333,90.016195,89.958779,189.085144,0.070898,0.079925,64.994331,0.957447,-640.214885,-844.917914,141.261971,-844.917914,-458.328264,397.313028,141.261971,397.313028,6.946789,-8.946765,-121.112273,65.21693,-121.112273,201.63259,141.096284,65.21693,141.096284,415.769777,725.655034,1.0,3.401173,0.629235,1.886943
29343.0,-0.459289,-0.532705,0.71083,-0.694947,0.713902,0.085981,-0.553266,-0.454499,-0.698089,220.135692,198.555151,-18.157495,3.593072,3.594589,3.595108,90.030586,89.952343,89.97076,128.917824,0.065229,0.063424,85.876539,0.89011,231.089759,-460.241654,-93.696143,-460.241654,-347.151241,134.14278,-93.696143,134.14278,412.86868,157.046496,-41.694474,-135.234513,-41.694474,66.884106,-19.892786,-135.234513,-19.892786,516.177743,644.181899,1.0,1.691171,2.343521,4.024685
30150.0,0.813596,-0.553769,-0.177202,0.578321,0.73927,0.345001,-0.060051,-0.383171,0.921724,208.459954,-238.103253,-188.420823,3.594925,3.596597,3.59522,89.970733,89.920245,89.97976,162.203336,0.074761,0.086094,62.151038,0.875,120.163075,-104.584675,452.609944,-104.584675,1107.686339,344.555335,452.609944,344.555335,173.676435,397.444831,165.99547,199.092831,165.99547,183.968252,66.531777,199.092831,66.531777,464.246482,777.076774,1.0,3.616082,0.398295,3.297049
27813.0,0.193125,-0.208902,-0.958678,0.936442,0.3309,0.11654,0.29288,-0.920253,0.25953,-377.349846,-219.193132,-80.437083,3.598202,3.594859,3.59541,90.025779,90.047418,89.962295,120.917773,0.065357,0.064628,90.267595,0.989011,479.248785,547.102904,-155.031409,547.102904,1180.45123,-102.18686,-155.031409,-102.18686,223.85403,290.763853,92.183659,55.467261,92.183659,498.071011,78.497914,55.467261,78.497914,574.334509,452.070797,1.0,4.591419,1.308261,2.833468
25169.0,-0.248605,-0.159574,-0.95537,0.379824,0.891277,-0.247706,0.891027,-0.424453,-0.160965,322.096011,120.355398,-116.752597,3.596079,3.595408,3.593453,90.020937,90.002041,89.979161,103.48084,0.07781,0.067468,82.525477,0.978261,-115.229935,-43.940185,-196.020636,-43.940185,620.430452,168.616306,-196.020636,168.616306,396.116952,-5.167846,-3.314304,-60.063726,-3.314304,405.987364,157.6876,-60.063726,157.6876,519.568115,631.971717,1.0,4.96608,1.732465,2.015357
29758.0,-0.598979,0.597995,0.532566,-0.684521,-0.037265,-0.72804,-0.415518,-0.800633,0.431662,318.513955,-125.930057,-127.417131,3.595529,3.596348,3.596162,89.973675,90.036047,90.046666,78.28531,0.067577,0.058036,125.55497,1.0,1223.415987,-43.205567,-50.448271,-43.205567,224.716444,-150.201275,-50.448271,-150.201275,314.968198,160.801348,-171.920293,69.915733,-171.920293,396.815526,35.714676,69.915733,35.714676,542.299804,453.142387,1.0,0.63156,1.124462,3.620314
28596.0,-0.30643,0.874048,-0.377015,-0.840838,-0.062888,0.53762,0.446196,0.481752,0.754204,369.000827,454.980598,153.004812,3.596827,3.59236,3.595613,90.060161,89.990687,89.980953,148.892278,0.096627,0.080049,69.645168,0.919355,92.020491,-228.961044,-670.282136,-228.961044,691.446344,-314.472632,-670.282136,-314.472632,78.683733,304.681281,-117.542867,-236.221358,-117.542867,106.461769,-94.005045,-236.221358,-94.005045,653.597872,714.07546,1.0,3.753168,0.716355,0.747101
28163.0,0.272729,-0.866289,-0.418524,0.807657,-0.03023,0.588877,-0.52279,-0.498628,0.69142,-153.682019,-321.055545,129.824537,3.601054,3.59486,3.594964,89.986061,89.985478,90.004932,128.970425,0.075572,0.064322,110.110897,0.978495,479.893478,320.017514,-263.579041,320.017514,1519.937855,-705.738906,-263.579041,-705.738906,553.721003,343.053567,-85.795357,-37.570636,-85.795357,393.978242,-47.798232,-37.570636,-47.798232,646.50766,371.434204,1.0,3.759474,0.807344,3.950642
26981.0,0.154287,0.984359,-0.085047,-0.969036,0.167556,0.181368,0.192781,0.054431,0.979731,-137.539019,-388.251255,46.216945,3.59889,3.593308,3.596444,89.98449,90.00988,90.052406,124.323506,0.075653,0.066245,86.419768,0.983696,-280.86208,192.072564,0.986506,192.072564,1509.389977,-23.175282,0.986506,-23.175282,702.719622,6.657556,-137.156276,42.237464,-137.156276,352.620802,-20.742192,42.237464,-20.742192,624.827293,416.597942,1.0,3.580067,0.201683,1.295616
25703.0,0.338859,0.859698,0.382223,-0.494111,-0.183107,0.849898,0.800643,-0.476856,0.362739,145.213029,171.190518,-146.5347,3.595118,3.596694,3.596305,89.972104,90.017334,90.025802,61.402466,0.058118,0.049489,129.895792,0.984211,700.886819,293.919233,-285.883522,293.919233,602.742734,-70.619025,-285.883522,-70.619025,481.746814,515.367854,60.158772,-61.467272,60.158772,465.397559,44.171554,-61.467272,44.171554,140.820093,385.274774,1.0,2.718964,1.199591,2.107968
30509.0,-0.827507,0.535851,0.167617,-0.55568,-0.738936,-0.381042,-0.080323,-0.408456,0.909237,-104.184484,244.335742,-1.315511,3.595398,3.5964,3.595069,89.965225,89.952102,90.040638,173.289041,0.07418,0.085878,76.370584,0.844444,747.238375,-222.82432,-372.765093,-222.82432,611.986102,-341.151,-372.765093,-341.151,77.707153,403.915848,141.128294,3.445144,141.128294,303.725832,-137.253094,3.445144,-137.253094,418.455301,773.202365,1.0,0.414417,0.429349,3.335765
26449.0,0.184164,0.837396,-0.514638,-0.455879,0.536642,0.710063,0.87078,0.103844,0.480581,176.026557,358.481634,-62.799521,3.595901,3.59309,3.595359,90.068746,90.036247,89.991936,173.790101,0.100014,0.104795,64.049889,0.845304,566.358567,-623.104347,-73.879331,-623.104347,-31.264724,-390.919414,-73.879331,-390.919414,201.281482,415.480547,-126.870821,33.459938,-126.870821,190.201855,63.87609,33.459938,63.87609,207.970525,913.209399,1.0,3.768755,1.069479,1.452103
28708.0,0.41558,-0.789887,-0.450967,0.77248,0.044763,0.633459,-0.480174,-0.611616,0.628775,220.134223,428.795359,119.577673,3.594753,3.594482,3.593536,89.94234,90.077951,89.981244,154.938562,0.101085,0.094854,75.759335,0.846591,626.549092,-202.20926,-356.229575,-202.20926,-525.208264,-517.974812,-356.229575,-517.974812,195.197879,819.723706,25.947301,-80.308492,25.947301,-127.826626,-21.099005,-80.308492,-21.099005,519.006413,813.077549,1.0,3.760269,0.890819,3.807177
25552.0,0.540965,0.285906,0.790958,-0.747287,0.594905,0.296057,-0.385901,-0.751229,0.535477,-123.179475,-76.453418,86.722115,3.594152,3.595589,3.592991,90.017534,90.016712,90.018171,139.190338,0.07632,0.073679,60.850918,0.888889,-342.451465,-46.880024,-70.925611,-46.880024,334.915788,-222.293005,-70.925611,-222.293005,294.6132,-296.939457,148.378388,-88.771715,148.378388,117.258712,-28.728496,-88.771715,-28.728496,732.650925,740.865995,1.0,1.928955,1.005724,3.616134
28771.0,-0.356642,0.858531,-0.368418,-0.836047,-0.117303,0.535971,0.416931,0.499164,0.759608,-369.535633,-379.754096,95.781197,3.590671,3.596871,3.595526,90.018979,89.960018,90.022429,113.754984,0.074892,0.064505,136.256635,0.994595,872.601074,-351.170662,100.562469,-351.170662,-816.769816,367.125975,100.562469,367.125975,324.559769,357.302718,9.787072,-10.152241,9.787072,484.189411,60.148779,-10.152241,60.148779,319.092393,342.810721,1.0,3.743801,0.708087,0.695873
28168.0,-0.161191,-0.443979,0.881419,-0.748252,0.637332,0.184192,-0.643534,-0.629834,-0.434941,432.166245,-348.408462,-2.119642,3.594828,3.597981,3.59501,90.026348,90.016864,90.021418,113.341645,0.074638,0.061306,95.814155,0.978836,665.646251,-291.971407,309.983438,-291.971407,781.077393,-307.617631,309.983438,-307.617631,255.576407,344.247765,157.758359,-16.801558,157.758359,76.28914,-139.983156,-16.801558,-139.983156,487.030225,495.93134,1.0,1.776804,2.020769,3.937749
25225.0,-0.418029,-0.134573,-0.898411,0.601974,0.69963,-0.384896,0.680352,-0.701718,-0.211456,-69.84137,160.094138,145.145055,3.595661,3.595943,3.59418,90.004364,89.980704,89.969604,102.311315,0.05629,0.0625,94.874249,1.0,305.941175,-291.011402,-130.48276,-291.011402,633.315072,-128.119268,-130.48276,-128.119268,196.953449,162.492336,-15.794608,21.585238,-15.794608,441.655235,-106.990937,21.585238,-106.990937,676.203436,615.354543,1.0,5.117152,1.783861,2.371653
29187.0,0.547696,-0.486118,-0.680969,0.717369,0.691709,0.083187,0.430594,-0.534067,0.727572,-241.385818,-7.909931,-106.288588,3.593669,3.594255,3.596255,90.016545,90.029467,89.970996,111.211123,0.07106,0.066716,88.576285,0.994536,269.337206,99.723482,-469.665131,99.723482,222.44263,-247.984142,-469.665131,-247.984142,197.820844,482.829621,49.941178,-106.906331,49.941178,264.826288,-223.111494,-106.906331,-223.111494,485.402629,553.944424,1.0,4.590832,0.75602,2.46305
25980.0,0.211447,0.871383,-0.442699,-0.345165,0.49033,0.800274,0.914413,-0.016411,0.40445,54.27222,-49.201781,26.789775,3.594859,3.594685,3.594089,89.991453,89.990391,90.006405,109.940656,0.055034,0.059668,65.062309,0.944134,94.217832,129.101464,-5.246351,129.101464,149.091131,-30.882916,-5.246351,-30.882916,294.507719,474.767095,4.851431,-117.771548,4.851431,58.064919,-74.934192,-117.771548,-74.934192,293.356951,732.829537,1.0,3.646878,1.154419,1.588742
30162.0,0.813088,-0.574425,-0.094471,0.574436,0.818007,-0.029816,0.094405,-0.030025,0.995081,128.370863,-228.947578,-197.458065,3.59442,3.592332,3.593713,90.065816,90.072686,90.007689,208.961137,0.061598,0.088704,64.102611,0.938547,49.024093,333.971564,-167.372411,333.971564,-258.930134,-812.661354,-167.372411,-812.661354,-135.035324,175.566366,-17.121724,-84.831922,-17.121724,461.552663,-28.632658,-84.831922,-28.632658,142.418724,692.113495,1.0,5.018103,0.099228,1.878721
30463.0,-0.820601,-0.015736,0.571285,-0.569314,0.109898,-0.814742,-0.049963,-0.993818,-0.099142,450.381109,-149.223475,47.14064,3.592776,3.597843,3.591281,90.02576,89.972769,89.931292,210.619124,0.1048,0.109108,68.995261,0.811429,-651.820489,206.666455,674.924461,206.666455,-386.367846,-8.355833,674.924461,-8.355833,1092.993617,670.213515,290.369395,-182.026938,290.369395,28.1353,30.354597,-182.026938,30.354597,586.579184,1052.237238,1.0,0.611521,1.670101,3.191824
26237.0,-0.285735,-0.135586,-0.948669,0.915401,0.254284,-0.312058,0.283542,-0.957578,0.051458,-133.57777,-215.902282,-192.814445,3.592944,3.593761,3.592283,90.010623,89.929335,89.968507,206.634867,0.080138,0.093976,67.008607,0.812834,-95.703201,-578.10922,-155.242469,-578.10922,-479.485427,-328.195429,-155.242469,-328.195429,-180.168808,59.55673,-202.801305,-101.2851,-202.801305,-153.834672,-101.702956,-101.2851,-101.702956,499.023344,1759.14593,1.0,5.030183,1.519315,2.853715
26730.0,-0.089082,-0.905543,-0.414796,0.703173,-0.352121,0.617704,-0.705417,-0.236647,0.668121,-91.323764,45.44333,157.504655,3.595046,3.594771,3.594647,89.999618,89.992076,90.011786,62.283868,0.056164,0.050453,95.608124,0.989189,227.975886,40.905807,-39.152649,40.905807,376.628834,-59.467846,-39.152649,-59.467846,164.445444,247.674819,1.568006,-19.817411,1.568006,292.521935,-11.566554,-19.817411,-11.566554,384.42603,329.573238,1.0,3.732942,0.839116,4.388715
25721.0,0.391278,-0.246548,0.886632,-0.592837,0.669371,0.447758,-0.703879,-0.700826,0.115747,-152.379205,-453.939271,115.069769,3.596121,3.596107,3.593807,89.965649,90.039147,90.039375,164.435144,0.085482,0.088435,58.993039,0.835165,-190.562893,-130.417995,-29.184438,-130.417995,1120.923344,47.805802,-29.184438,47.805802,275.203101,255.584516,-233.208865,142.742093,-233.208865,1.690044,-268.157703,142.742093,-268.157703,450.34027,776.702448,1.0,2.038444,1.454789,3.929164
25316.0,-0.231815,0.836778,-0.496049,0.390954,0.547086,0.74017,0.890739,-0.02235,-0.453965,468.404918,-198.765888,-160.600473,3.595825,3.590003,3.591617,89.856139,90.078025,89.934168,174.082136,0.093399,0.096674,63.654742,0.814607,-2310.461996,487.972897,-33.458223,487.972897,276.022316,28.191198,-33.458223,28.191198,845.618772,-64.040197,-133.785804,107.830701,-133.785804,275.16524,-262.714866,107.830701,-262.714866,281.944206,630.467897,1.0,3.732025,2.042006,1.595882
30075.0,-0.623108,0.564083,0.5418,-0.575128,0.13901,-0.806166,-0.530061,-0.813932,0.237802,413.165484,-290.843307,-175.801617,3.593748,3.596047,3.59265,89.942949,90.026361,89.989844,164.685296,0.076484,0.080652,61.292764,0.837838,468.727081,-85.939353,-367.161163,-85.939353,-567.695886,297.714884,-367.161163,297.714884,305.714033,-81.326722,-72.219293,144.381072,-72.219293,-154.797563,78.375577,144.381072,78.375577,437.567773,858.816215,1.0,0.591734,1.330694,3.718835
25338.0,-0.253238,-0.936034,0.244359,0.423427,0.119866,0.897965,-0.869816,0.330867,0.365987,375.867568,459.690812,159.121407,3.595324,3.59619,3.596979,90.003714,89.971571,90.043707,99.869456,0.05898,0.056293,84.679604,0.989071,438.032851,232.432321,-379.431376,232.432321,914.08546,-19.081639,-379.431376,-19.081639,537.82956,300.527778,-135.846704,-103.175741,-135.846704,298.407809,59.09931,-103.175741,59.09931,649.383438,583.92112,1.0,2.875901,1.196103,5.075874
26841.0,-0.100257,-0.169966,-0.980337,0.938286,0.311647,-0.149988,0.331012,-0.934873,0.128232,439.199173,-98.74399,-42.212627,3.594087,3.596269,3.593902,90.043304,90.048918,90.0206,71.531108,0.050453,0.046014,119.057236,0.994475,-196.072224,486.814468,-98.131866,486.814468,159.686202,-134.821644,-98.131866,-134.821644,747.40646,504.098186,25.073158,17.761117,25.073158,297.86538,-85.544221,17.761117,-85.544221,753.976259,248.459313,1.0,4.864209,1.44221,2.801296
29154.0,0.191639,-0.551643,0.811766,0.199971,0.831692,0.517976,-0.960878,0.063065,0.269698,308.420568,-365.73553,-4.152828,3.595709,3.593174,3.59586,90.043272,90.008391,90.006539,113.284385,0.070693,0.06685,83.669484,0.968421,643.632564,172.399499,92.959522,172.399499,-333.022021,-50.696235,92.959522,-50.696235,535.556255,316.610871,-17.698477,83.865427,-17.698477,458.834682,-83.315246,83.865427,-83.315246,516.346824,682.086871,1.0,2.13875,1.297717,4.777928
29978.0,0.715851,-0.441661,-0.540827,0.564059,-0.090772,0.82073,-0.411576,-0.892578,0.184144,-80.541687,-23.252424,-4.297569,3.594266,3.595156,3.594627,90.021545,90.000729,89.963626,154.10042,0.081339,0.088102,58.025633,0.829787,-106.321214,-77.292225,-135.13535,-77.292225,160.98498,29.749279,-135.13535,29.749279,598.548071,66.677003,23.27964,-208.041655,23.27964,150.716282,-96.8159,-208.041655,-96.8159,740.641229,866.789381,1.0,3.724239,1.385596,3.573646
29549.0,-0.497999,-0.490026,0.715452,-0.655272,0.753033,0.059655,-0.567992,-0.439107,-0.69611,-432.05895,321.924167,-17.22927,3.594563,3.596953,3.59431,90.033157,89.988326,89.983409,166.790346,0.091607,0.091997,60.329568,0.894444,509.290692,-454.600944,236.155137,-454.600944,384.29142,-34.895685,236.155137,-34.895685,254.384035,11.730438,55.918504,80.266172,55.918504,191.702677,101.541182,80.266172,101.541182,251.909767,719.954917,1.0,1.653985,2.340762,4.054275
28387.0,0.129554,0.827403,-0.546462,0.220058,0.513372,0.829472,0.966846,-0.227714,-0.115567,-123.836042,-166.267612,-165.141571,3.596991,3.593978,3.594038,90.025791,90.00119,89.99677,151.891638,0.081727,0.079675,59.908553,0.87234,251.813619,-67.817755,126.932093,-67.817755,-115.348911,237.129923,126.932093,237.129923,783.564162,507.026047,30.976305,12.441054,30.976305,-286.695305,-122.81463,12.441054,-122.81463,596.203188,933.007881,1.0,3.724134,1.686622,1.802104
25368.0,-0.531392,-0.347941,-0.772373,0.814786,-0.459446,-0.3536,-0.231832,-0.817219,0.527643,55.016662,8.24759,-64.99536,3.595285,3.595349,3.595087,89.9845,89.972419,90.020317,98.287331,0.048088,0.051392,92.899643,0.973684,559.315601,-46.805812,-27.645062,-46.805812,420.207776,245.815218,-27.645062,245.815218,139.047338,245.42832,61.155638,-38.542275,61.155638,446.724035,86.697544,-38.542275,86.697544,308.553913,453.57247,1.0,5.141718,1.014973,3.418014
29995.0,-0.643424,0.57421,0.50625,-0.62181,-0.006307,-0.783143,-0.446496,-0.818684,0.361107,451.321778,-82.622526,-99.748902,3.594418,3.594257,3.593432,90.101893,89.976829,89.942654,144.912134,0.068157,0.072511,80.043797,0.983333,-960.580348,372.947058,198.405474,372.947058,167.734647,-209.205751,198.405474,-209.205751,903.902315,299.199387,129.937653,-83.158874,129.937653,202.708466,-91.880583,-83.158874,-91.880583,901.060829,553.839938,1.0,0.573864,1.201342,3.640884
29577.0,0.582408,-0.517876,-0.626582,0.592454,0.798193,-0.109027,0.556596,-0.307723,0.771691,412.321034,-259.359153,-80.849563,3.594747,3.596015,3.592926,90.077837,89.982685,90.003826,92.10137,0.073783,0.060902,119.741527,0.994681,-400.25513,50.460306,472.395491,50.460306,521.261924,-434.053222,472.395491,-434.053222,431.233171,326.402674,23.491595,-168.550079,23.491595,236.50261,-19.345227,-168.550079,-19.345227,637.617698,283.635805,1.0,4.884667,0.6893,2.075838
25740.0,0.428259,0.883174,0.191305,-0.675496,0.172253,0.716962,0.600249,-0.436271,0.670349,-72.936027,220.108083,-184.792988,3.594199,3.594045,3.594196,90.006605,89.970605,90.028263,155.447661,0.087247,0.084403,63.384425,0.885246,-114.367881,129.607436,5.491056,129.607436,-123.944637,-89.616782,5.491056,-89.616782,443.90855,73.967878,-162.668655,4.972501,-162.668655,20.631383,127.03808,4.972501,127.03808,230.606098,806.326992,1.0,2.880841,0.836117,2.199294
25383.0,-0.496914,0.132275,-0.857659,0.771741,0.519323,-0.367041,0.396852,-0.844279,-0.360141,311.94343,-102.20973,12.000181,3.593448,3.594586,3.59471,89.970037,90.024706,89.996097,174.391658,0.079937,0.08948,61.324612,0.865591,-109.497166,101.162658,300.954637,101.162658,56.731042,15.817781,300.954637,15.817781,343.231366,-17.761112,0.963736,-202.961857,0.963736,111.975914,-136.760576,-202.961857,-136.760576,357.752335,877.369641,1.0,5.116761,1.939215,2.702192
25776.0,0.412643,0.892036,-0.184385,-0.665633,0.433479,0.607478,0.621819,-0.127939,0.77264,258.783082,464.576481,-147.252993,3.59626,3.591555,3.595458,90.013031,90.021218,89.997565,67.461663,0.051024,0.050428,119.574607,0.989011,-311.493071,-611.700125,72.99727,-611.700125,405.998476,-28.509431,72.99727,-28.509431,343.008213,177.268278,-113.549012,35.177424,-113.549012,334.360195,65.663366,35.177424,65.663366,472.776287,137.21489,1.0,3.436281,0.687807,1.773714
30124.0,0.758725,-0.533136,-0.374303,0.54796,0.83306,-0.075832,0.352246,-0.147567,0.924201,230.534208,-156.364495,-67.19768,3.594193,3.595224,3.594356,89.969744,89.969544,89.955546,128.958678,0.069712,0.067736,67.620127,0.93617,-190.119927,-135.831999,-73.723286,-135.831999,579.260916,377.773543,-73.723286,377.773543,187.252973,90.592382,-23.585751,-61.418827,-23.585751,266.806565,190.818806,-61.418827,190.818806,160.646328,666.844758,1.0,4.912279,0.391859,1.967516
31073.0,0.315724,0.789526,-0.526276,0.069829,0.533808,0.842718,0.946278,-0.302816,0.113404,420.322683,341.636273,116.676285,3.594704,3.591668,3.594335,89.999126,90.014911,90.046067,131.98209,0.052012,0.06242,97.529481,0.989362,-494.878623,-427.361668,8.02783,-427.361668,-128.317319,-174.204713,8.02783,-174.204713,346.48737,-179.174584,-3.475015,-22.971147,-3.475015,316.899177,-128.089909,-22.971147,-128.089909,478.004365,886.090534,1.0,3.699831,1.457148,1.880506
26644.0,-0.126124,-0.320391,-0.938851,0.785744,0.545453,-0.291697,0.605556,-0.774487,0.182951,1.071243,280.873457,25.574541,3.591188,3.595559,3.593893,90.004254,89.986552,90.042321,200.935974,0.085211,0.097433,70.014414,0.938889,9.167424,45.249351,113.877742,45.249351,-687.238759,-467.344948,113.877742,-467.344948,382.580864,40.431912,-53.139135,-95.261326,-53.139135,401.831633,-98.895771,-95.261326,-98.895771,266.756084,952.327497,1.0,5.013629,1.386809,2.477998
25460.0,-0.465638,-0.865875,-0.182873,0.770596,-0.498314,0.397321,-0.435158,0.044087,0.899274,-301.769546,311.025577,14.838681,3.594581,3.592325,3.594488,90.060934,90.027256,90.091803,146.95318,0.072849,0.072216,63.564532,0.938547,-1137.947727,292.019347,241.266512,292.019347,708.952597,-90.913693,241.266512,-90.913693,341.840308,154.672817,-186.797431,15.80545,-186.797431,310.098662,-103.335144,15.80545,-103.335144,659.1556,862.003855,1.0,3.572949,0.452689,4.813356
30733.0,0.592322,0.619501,-0.515144,0.246242,0.469589,0.847851,0.76715,-0.629051,0.1256,-134.657564,273.205209,-113.938145,3.595378,3.594304,3.593012,90.056562,90.009584,89.985538,87.30991,0.066093,0.056267,127.132993,0.989247,580.361983,83.568788,0.688516,83.568788,-526.943413,221.392758,0.688516,221.392758,222.507881,348.886454,37.665209,-18.010123,37.665209,363.877276,-44.906412,-18.010123,-44.906412,374.00793,256.017232,1.0,3.687573,1.444863,2.257604
26956.0,-0.037967,-0.36695,-0.929466,0.713851,0.640923,-0.282194,0.699267,-0.674214,0.237614,24.351324,276.152306,-146.835424,3.596841,3.593261,3.593731,90.035089,90.039361,89.910428,148.381402,0.082103,0.079818,81.8416,0.977778,-274.808108,158.540591,-174.602753,158.540591,1304.368622,366.644028,-174.602753,366.644028,-437.6587,-20.805729,96.522792,7.110655,96.522792,394.215936,98.918567,7.110655,98.918567,200.215373,588.810558,1.0,5.007153,1.330888,2.337956
30232.0,0.306422,0.804122,-0.509405,0.168005,0.481061,0.860439,0.936953,-0.34924,0.012311,413.382099,173.59334,30.81055,3.595517,3.593699,3.593986,89.994368,89.993055,90.042858,118.080302,0.061506,0.063904,77.785083,0.945055,-231.339443,-81.915677,-116.69802,-81.915677,15.164077,-31.736287,-116.69802,-31.736287,633.79168,40.099261,24.683474,-126.709522,24.683474,67.304322,-10.038894,-126.709522,-10.038894,614.296857,841.974563,1.0,3.676131,1.558485,1.927584
25879.0,0.414873,-0.127006,0.900972,-0.721698,0.557093,0.410853,-0.554105,-0.820681,0.139463,441.026568,381.204125,92.806611,3.594094,3.595617,3.588599,90.021718,89.965597,89.948899,161.416646,0.072005,0.072371,73.947675,0.928962,-959.497109,-681.136226,-257.275459,-681.136226,-696.347075,-204.394,-257.275459,-204.394,712.23024,109.575696,-125.985188,-149.553731,-125.985188,235.058097,-7.641853,-149.553731,-7.641853,464.693877,615.893532,1.0,1.998638,1.430878,3.735464
30083.0,-0.561797,-0.484641,0.670453,-0.523615,0.835751,0.165372,-0.640478,-0.258153,-0.723288,400.328145,-261.030562,53.505429,3.595184,3.595279,3.595611,89.945831,89.968232,89.971942,131.068017,0.065852,0.065546,73.838059,0.961957,33.674669,53.645983,134.47355,53.645983,247.172637,-348.262919,134.47355,-348.262919,935.43399,552.518472,175.377579,-188.576152,175.377579,325.199589,-64.704804,-188.576152,-64.704804,643.040653,666.800142,1.0,1.812627,2.379348,4.329244
25548.0,-0.490902,-0.781757,-0.384539,0.848699,-0.528809,-0.008393,-0.196787,-0.330478,0.92307,119.540473,319.536778,148.278101,3.594286,3.592849,3.595129,89.962574,90.021658,89.967895,127.69486,0.063293,0.065161,74.578178,0.944444,237.728326,-148.270742,-220.738732,-148.270742,-250.570429,-427.997071,-220.738732,-427.997071,169.434415,18.8768,-45.828145,-58.852443,-45.828145,603.158015,24.699484,-58.852443,24.699484,357.898856,653.775448,1.0,4.734212,0.394808,3.678668
25851.0,0.496205,0.864918,-0.075478,-0.864229,0.500373,0.052299,0.083001,0.039279,0.995775,107.731507,-31.405433,103.902241,3.596018,3.595925,3.594925,89.985593,89.977697,89.975517,75.685904,0.051691,0.051584,94.603109,0.977778,720.685281,-97.871887,244.448562,-97.871887,385.999684,-118.515086,244.448562,-118.515086,331.230997,410.381364,-50.153056,125.182323,-50.153056,376.3859,-0.581284,125.182323,-0.581284,267.989791,360.870507,1.0,4.10644,0.091956,1.128791
25931.0,0.398943,-0.205805,0.893582,-0.712848,0.543365,0.443399,-0.576795,-0.813879,0.070064,-177.244502,-123.216994,-109.136518,3.594765,3.596041,3.592638,89.998306,90.038744,89.987652,127.146318,0.06242,0.064643,60.525666,0.821053,-481.240726,-73.530019,154.15516,-73.530019,366.378538,-48.147293,154.15516,-48.147293,599.68967,-716.267244,-52.28603,-146.257922,-52.28603,535.243334,-217.667955,-146.257922,-217.667955,612.961054,815.601835,1.0,2.031403,1.500675,3.758133
31124.0,-0.647097,-0.487004,0.586594,-0.289085,0.868673,0.40229,-0.705475,0.090746,-0.702901,-357.893185,21.320687,42.35471,3.596079,3.593234,3.595146,89.983105,89.990899,89.930122,165.38478,0.077467,0.087171,64.363985,0.82967,568.956428,28.553685,377.095178,28.553685,-255.085977,-470.089678,377.095178,-470.089678,453.102231,126.327191,-61.527908,-140.238956,-61.527908,362.501636,-68.697295,-140.238956,-68.697295,443.902398,710.931891,1.0,2.171933,2.350265,4.840317
30344.0,0.818059,-0.311993,-0.483156,0.500221,-0.028606,0.865425,-0.283828,-0.949654,0.132664,-370.121494,-107.486493,20.718588,3.595903,3.594183,3.595308,90.070881,89.994953,89.967888,160.49981,0.086034,0.081511,67.51685,0.824468,107.379255,193.508462,-571.817765,193.508462,493.688828,339.914986,-571.817765,339.914986,425.748758,124.867623,174.206465,62.850534,174.206465,485.204679,95.295237,62.850534,95.295237,392.486551,753.845082,1.0,3.650776,1.43774,3.432017
28581.0,-0.272709,0.898036,-0.345196,-0.764805,0.015328,0.64408,0.583698,0.439654,0.682643,204.008406,217.954213,-41.934776,3.595154,3.594045,3.595781,90.010148,90.032899,89.965563,56.837585,0.046096,0.044002,124.388251,1.0,-25.490255,-326.960534,29.09153,-326.960534,695.253723,-7.587337,29.09153,-7.587337,242.778771,386.733441,-34.419539,-58.851405,-34.419539,444.921633,164.749503,-58.851405,164.749503,322.753143,202.647845,1.0,3.633587,0.819423,0.925237
28247.0,0.278219,-0.355302,-0.892387,0.746065,0.665093,-0.032206,0.604964,-0.656819,0.45012,172.311381,-159.467385,-20.486574,3.595309,3.596045,3.595738,89.975516,89.991972,89.981675,79.742001,0.079401,0.063165,98.716115,0.994536,581.999679,-229.534541,-1.683543,-229.534541,628.873756,-14.592562,-1.683543,-14.592562,289.148136,464.130284,-0.462413,-46.633847,-0.462413,395.908895,63.358795,-46.633847,63.358795,227.886496,414.928215,1.0,4.748463,1.103897,2.397268
28199.0,-0.076914,0.889583,-0.450251,-0.439567,0.375077,0.816148,0.89491,0.260689,0.362183,-230.590287,186.99059,-79.020836,3.597174,3.593549,3.59423,89.989328,90.003589,90.018478,109.928963,0.06413,0.063903,70.611705,0.957219,-108.004378,79.90628,-192.992847,79.90628,356.12278,-361.927643,-192.992847,-361.927643,656.970546,213.716271,26.068944,-131.959279,26.068944,139.555675,-219.5119,-131.959279,-219.5119,700.427241,659.299323,1.0,3.645723,1.200188,1.287338
25936.0,0.473673,0.766478,0.433756,-0.878959,0.380467,0.287534,0.055358,-0.517451,0.85392,-163.018282,211.064996,91.190869,3.596153,3.595861,3.595731,90.014448,89.97524,89.993207,80.823149,0.051249,0.049765,94.363144,1.0,605.029415,-169.215256,15.087911,-169.215256,428.687524,-165.626477,15.087911,-165.626477,647.954395,355.138887,28.219559,-83.915484,28.219559,473.341062,-71.474282,-83.915484,-71.474282,575.570154,426.835671,1.0,2.156181,0.547324,3.035015
28548.0,-0.266746,-0.325699,0.907065,-0.769828,0.638246,0.002786,-0.579838,-0.697541,-0.420981,318.019934,-72.561395,105.182176,3.595122,3.592764,3.589627,89.883018,89.953154,89.971057,189.490198,0.086279,0.091753,69.325118,0.851648,-1745.023328,457.167328,-146.21763,457.167328,-173.879376,192.352043,-146.21763,192.352043,751.414625,-415.094392,81.22948,245.673889,81.22948,313.176074,41.616766,245.673889,41.616766,170.282768,903.227772,1.0,1.573868,2.005323,3.835106
30928.0,-0.895588,0.418188,0.151792,-0.444321,-0.823632,-0.352432,-0.022362,-0.383079,0.923445,462.063668,178.5138,108.369202,3.590849,3.594498,3.596886,90.018259,89.958498,89.959747,117.871122,0.057166,0.06034,81.694446,0.879781,-1014.72533,-112.8232,-162.808939,-112.8232,326.127374,-206.049993,-162.808939,-206.049993,836.30282,296.723078,49.061542,-106.254426,49.061542,270.188618,-278.010585,-106.254426,-278.010585,692.65509,482.249885,1.0,0.406686,0.393833,3.199902
25672.0,-0.361995,-0.181262,-0.914387,0.713153,0.577842,-0.396877,0.60031,-0.795766,-0.079908,-348.227562,-36.845472,110.05201,3.595804,3.594399,3.593829,90.001147,90.002697,89.989893,119.39199,0.069707,0.062842,69.118075,0.81383,50.247297,-171.756298,-75.890876,-171.756298,403.351701,147.105438,-75.890876,147.105438,195.382921,-210.812204,15.4419,132.451568,15.4419,298.956648,-25.721859,132.451568,-25.721859,403.816498,865.556582,1.0,5.121888,1.65079,2.495294
26542.0,-0.203434,-0.039424,-0.978295,0.964912,0.161347,-0.207153,0.166011,-0.98611,0.005217,422.552605,4.317179,-174.920849,3.594869,3.595347,3.595398,90.052924,89.971049,90.020563,117.787453,0.065941,0.069551,73.972297,0.972826,472.795068,-116.99494,-517.322634,-116.99494,153.184253,42.288549,-517.322634,42.288549,462.36508,27.815779,-84.257601,-144.305882,-84.257601,168.392617,-60.054558,-144.305882,-60.054558,542.417682,826.679886,1.0,4.921056,1.565579,2.974807
28743.0,0.366248,-0.387911,-0.845806,0.647564,0.758998,-0.067692,0.668224,-0.522921,0.529179,-182.565515,250.274924,-180.349926,3.595118,3.592552,3.594156,90.035739,90.005286,89.948712,126.59698,0.065208,0.067144,102.362079,1.0,-263.301162,425.216172,-283.779382,425.216172,402.151511,218.3265,-283.779382,218.3265,-104.560357,80.907947,-30.637171,188.480957,-30.637171,387.585313,-7.759964,188.480957,-7.759964,541.179486,577.40711,1.0,4.792252,1.013164,2.234809
28483.0,0.24928,-0.421277,-0.872001,0.506271,0.824276,-0.253492,0.82556,-0.378278,0.418756,-450.377034,423.318199,39.226998,3.595168,3.598715,3.596708,89.88029,89.989669,90.005214,161.759383,0.077292,0.079841,84.987678,0.989474,1592.269927,-932.565222,125.684391,-932.565222,550.91474,86.757319,125.684391,86.757319,328.319602,252.149272,-49.026224,33.035613,-49.026224,112.099356,20.630136,33.035613,20.630136,396.35995,707.383027,1.0,4.995293,1.138722,2.000455
26410.0,0.172551,0.925565,-0.336979,-0.40414,0.378513,0.832706,0.898275,-0.007497,0.439371,145.147492,399.204686,-138.368919,3.594828,3.592755,3.594743,90.01893,90.011614,89.903231,101.42392,0.070857,0.060887,102.757477,0.98913,145.931259,-590.687264,663.886516,-590.687264,-135.415323,198.947967,663.886516,198.947967,162.136985,203.513492,22.574599,61.404163,22.574599,283.735664,53.848761,61.404163,53.848761,427.400516,385.12218,1.0,3.526127,1.115898,1.579143
26101.0,0.358478,0.177753,0.916459,-0.733793,0.660525,0.158914,-0.577097,-0.729459,0.367217,266.421882,-416.291987,-149.652995,3.597938,3.595222,3.595504,90.045352,89.915699,90.018591,147.437985,0.067168,0.070318,77.364435,0.961538,865.135097,-908.490521,-124.471408,-908.490521,678.129348,-16.804406,-124.471408,-16.804406,393.399054,3.239149,-25.009609,3.479083,-25.009609,223.155253,-1.852807,3.479083,-1.852807,386.510798,421.734319,1.0,1.742489,1.194781,3.810902
30889.0,0.653745,0.61311,-0.443524,0.241421,0.386499,0.890132,0.71717,-0.688995,0.104654,301.0756,393.811708,166.650307,3.596292,3.596131,3.592673,89.950499,90.01885,89.926123,204.079527,0.072337,0.087434,62.327127,0.827778,827.767898,728.960598,259.367812,728.960598,207.904935,-367.290893,259.367812,-367.290893,-92.06781,72.493304,117.126947,161.131909,117.126947,214.17387,-442.340893,161.131909,-442.340893,684.403748,1173.156991,1.0,3.603853,1.46595,2.336161
25738.0,-0.438921,0.063284,-0.896295,0.886001,0.196457,-0.420009,0.149503,-0.978468,-0.142298,437.761414,-438.726812,84.743813,3.587321,3.595733,3.596492,89.97193,89.95443,90.073943,223.496288,0.112554,0.108185,70.737162,0.894737,548.771326,717.818672,82.112775,717.818672,-1851.115113,260.963533,82.112775,260.963533,701.788992,117.093862,171.977354,-125.449268,171.977354,-10.628969,15.449413,-125.449268,15.449413,702.574853,792.627799,1.0,5.150607,1.713579,2.989972
31017.0,-0.902461,0.430764,0.0025,-0.41759,-0.876256,0.240402,0.105747,0.21591,0.97067,-357.304389,-246.798509,73.939512,3.59413,3.595745,3.595383,90.015983,90.012347,89.976632,46.368047,0.058771,0.04564,127.248433,0.984293,-10.96864,-35.497323,48.138106,-35.497323,658.83656,111.433685,48.138106,111.433685,342.059257,423.543456,16.246366,-29.148262,16.246366,561.485406,-16.009416,-29.148262,-16.009416,419.806474,177.531565,1.0,3.131196,0.242794,0.455433
25750.0,-0.407642,-0.83524,-0.369056,0.834279,-0.176358,-0.522376,0.371223,-0.520838,0.768714,259.941933,-417.813822,107.81591,3.596742,3.594428,3.595234,90.009758,90.021337,89.957811,139.13793,0.072827,0.06904,71.296714,0.829787,426.743142,-430.821351,-74.709645,-430.821351,694.245808,-169.971938,-74.709645,-169.971938,187.475063,-30.597125,107.045003,37.431083,107.045003,-50.624425,38.37304,37.431083,38.37304,308.598669,643.429551,1.0,5.668114,0.693968,2.522366
31026.0,0.924667,0.004162,-0.380754,0.320639,0.530833,0.784479,0.205382,-0.847466,0.489509,-227.511048,-170.492094,47.092911,3.59307,3.596456,3.594948,89.993788,90.012648,89.993382,57.727006,0.061741,0.050305,126.827057,0.989362,-77.122026,-202.87826,-169.584909,-202.87826,365.402574,-289.686559,-169.584909,-289.686559,483.616435,353.135803,37.152442,-27.176558,37.152442,326.744703,-152.939746,-27.176558,-152.939746,505.814254,196.27257,1.0,3.593459,1.059269,2.903829
25752.0,-0.34145,0.451908,-0.824131,0.715213,0.693824,0.084131,0.609821,-0.560702,-0.560117,34.097413,-113.836582,-52.595843,3.595138,3.594216,3.594693,90.020583,89.99676,90.020837,114.728247,0.056564,0.059216,84.981302,0.983333,413.798899,-9.178825,-123.394304,-9.178825,21.913228,170.059769,-123.394304,170.059769,217.132418,156.499774,-104.161174,243.750405,-104.161174,113.925829,181.012718,243.750405,181.012718,276.860763,793.662715,1.0,4.610657,2.165323,2.314256
26125.0,0.361853,0.803925,0.471982,-0.757602,-0.041432,0.6514,0.543232,-0.593286,0.594063,35.025845,-124.45078,-11.437089,3.593256,3.595191,3.596274,90.013246,89.939115,90.00366,100.115064,0.059758,0.065566,114.13528,0.99435,430.952791,137.24817,199.080622,137.24817,-342.323982,321.30261,199.080622,321.30261,751.397744,363.811199,17.366877,10.297008,17.366877,421.915081,-89.41017,10.297008,-89.41017,408.400599,304.725537,1.0,2.51457,0.934696,2.400207
26075.0,0.431849,0.106897,0.895589,-0.884804,0.242875,0.39766,-0.175007,-0.96415,0.199468,284.281284,207.271947,132.567604,3.594937,3.594734,3.594161,89.989266,90.01275,89.987594,77.050634,0.055743,0.05285,98.747001,0.989474,56.54129,16.211863,-150.920849,16.211863,300.875227,79.898281,-150.920849,79.898281,235.693496,250.251698,74.438919,-82.328656,74.438919,406.021316,171.305702,-82.328656,171.305702,358.737255,389.375326,1.0,1.988666,1.369982,3.321152
27981.0,0.23331,-0.219671,-0.947265,0.853568,0.512922,0.091285,0.46582,-0.829853,0.307174,284.826559,287.184107,2.905612,3.597148,3.595677,3.596148,90.026635,90.044662,89.973741,86.014601,0.075467,0.064787,119.532179,1.0,686.535795,479.315993,-84.506272,479.315993,911.524394,-79.171383,-84.506272,-79.171383,425.209066,491.14111,71.477652,-40.082172,71.477652,370.140035,36.055044,-40.082172,36.055044,416.861639,380.992259,1.0,4.616318,1.258574,2.630093
25790.0,-0.039072,0.090549,-0.995125,0.176093,0.980923,0.082343,0.983598,-0.172018,-0.054272,195.463859,81.246927,100.452928,3.595153,3.595091,3.593632,89.9862,89.989755,90.007904,92.666292,0.055996,0.055557,94.905093,0.989011,-84.82406,-97.964152,-96.519263,-97.964152,327.444018,-61.443819,-96.519263,-61.443819,362.923374,301.711593,181.270169,-68.996526,181.270169,255.411713,-19.89419,-68.996526,-19.89419,546.071962,768.292148,1.0,4.629831,1.625095,1.743931
30890.0,0.19398,0.883341,-0.426708,0.035357,0.428392,0.902901,0.980368,-0.190232,0.051867,313.119224,-281.181797,-161.930832,3.595765,3.594997,3.595748,90.0222,89.968113,89.966348,109.052825,0.070029,0.065375,86.965274,0.984293,551.987347,-120.058704,141.376142,-120.058704,352.636389,414.594097,141.376142,414.594097,433.331391,399.568285,87.364479,-76.774278,87.364479,183.958025,50.11431,-76.774278,50.11431,459.85496,496.998353,1.0,3.583078,1.518906,1.762456
25845.0,-0.2821,0.050624,-0.958048,0.650675,0.74393,-0.152283,0.705012,-0.666337,-0.242803,-146.745445,228.898181,98.77904,3.595627,3.594943,3.594919,89.993336,90.019321,89.967352,124.450766,0.066509,0.069475,83.578795,0.960894,194.331857,-30.303728,163.218758,-30.303728,666.711689,153.126758,163.218758,153.126758,193.015348,53.780553,37.579092,-26.564,37.579092,349.407701,-1.04012,-26.564,-1.04012,445.604524,914.95732,1.0,4.870022,1.81605,2.327999
30572.0,0.79435,0.450122,-0.407919,0.39771,0.122219,0.909334,0.459167,-0.884564,-0.081933,-386.768334,-451.939081,-148.264319,3.591385,3.59554,3.594645,90.008442,90.023726,90.027671,109.702189,0.055593,0.055234,82.022295,0.989247,-326.220192,-481.978299,-282.056227,-481.978299,-121.997501,-140.886324,-282.056227,-140.886324,411.760662,54.937631,-127.131453,-123.717652,-127.131453,321.168931,-104.614602,-123.717652,-104.614602,645.340829,470.282831,1.0,3.563274,1.652821,2.662791
27605.0,-0.031731,0.981016,-0.191314,-0.871713,0.066482,0.485486,0.488988,0.182176,0.853055,144.966214,-26.999054,40.057335,3.594414,3.594554,3.594775,89.98179,89.975895,90.001767,168.604118,0.065718,0.08174,64.643024,0.811518,127.950677,111.999625,85.307774,111.999625,0.7184,-39.331714,85.307774,-39.331714,439.514195,275.604237,241.322232,253.174332,241.322232,224.542663,28.007337,253.174332,28.007337,320.519238,960.730746,1.0,3.516974,0.548985,1.21417
28224.0,-0.204531,-0.195648,0.959109,-0.862894,0.49864,-0.082296,-0.462149,-0.844441,-0.27081,-106.408069,-38.6723,-149.40361,3.593156,3.596315,3.594253,90.003347,89.993148,90.003866,177.313134,0.095121,0.094783,62.451442,0.830688,92.173169,-174.999969,56.010005,-174.999969,53.540873,-361.909857,56.010005,-361.909857,417.396887,328.154705,-148.683465,-87.771064,-148.683465,65.338458,-90.977897,-87.771064,-90.977897,502.14726,800.944496,1.0,1.485201,1.845031,3.642349
26928.0,0.17216,0.98489,-0.018751,-0.973212,0.173002,0.151423,0.152379,-0.00782,0.988291,118.651629,-144.597133,-165.287371,3.594434,3.594142,3.594927,90.012219,89.97241,90.002682,134.586754,0.057823,0.071858,70.089708,0.879121,64.323423,2.589994,-68.926931,2.589994,80.569438,-224.291568,-68.926931,-224.291568,356.923376,106.545849,65.42787,-101.231439,65.42787,245.579354,-23.88578,-101.231439,-23.88578,182.196842,1104.992748,1.0,3.264799,0.153178,1.622072
26223.0,0.393384,0.70964,0.584517,-0.916318,0.354433,0.186385,-0.074906,-0.608924,0.789684,-230.412554,29.114469,82.289201,3.59352,3.597054,3.595772,90.007311,90.001499,90.017537,103.120909,0.061778,0.060386,76.139109,0.962963,459.086278,378.097671,-107.343878,378.097671,134.996479,-202.252533,-107.343878,-202.252533,698.631475,452.381208,95.07176,-16.829692,95.07176,264.442179,-134.787559,-16.829692,-134.787559,678.086834,498.545523,1.0,1.879474,0.660503,3.263991
25959.0,-0.149782,-0.981727,0.117377,0.431201,0.04197,0.901279,-0.889737,0.185608,0.417035,127.164141,-251.716056,142.689555,3.595327,3.594886,3.59624,89.98926,89.972224,90.024575,111.216025,0.070993,0.06356,82.192783,0.979167,189.01205,21.187356,-223.492447,21.187356,791.034541,-48.090838,-223.492447,-48.090838,342.36806,247.394941,34.912336,-99.630925,34.912336,535.627379,62.148686,-99.630925,62.148686,507.143361,643.761955,1.0,3.012088,1.140616,4.91805
25934.0,-0.386958,-0.889239,-0.243963,0.917689,-0.397224,-0.007708,-0.090054,-0.226865,0.969754,-412.938194,34.967486,168.055743,3.595964,3.594843,3.595344,90.003006,89.991748,89.995199,59.794222,0.055879,0.056491,99.139496,1.0,348.546028,-156.877024,-19.325749,-156.877024,493.368874,40.193935,-19.325749,40.193935,396.673271,296.8788,-108.560208,102.150573,-108.560208,511.956786,95.324876,102.150573,95.324876,360.663201,452.449859,1.0,4.743971,0.246576,3.519468
30531.0,-0.648849,0.664921,-0.369967,-0.440708,0.067971,0.895074,0.6203,0.743815,0.248933,-430.957513,267.067044,-105.824389,3.595881,3.59471,3.598078,90.027388,89.966632,90.004486,112.692292,0.086342,0.076677,79.068867,0.983696,781.844458,-462.063431,-302.442987,-462.063431,782.887911,97.54035,-302.442987,97.54035,374.084553,84.635752,6.135166,-150.427972,6.135166,497.734419,24.623015,-150.427972,24.623015,533.830507,475.749192,1.0,3.533543,1.319218,0.695099
25961.0,-0.287944,0.582581,-0.760058,0.729756,0.64742,0.21978,0.620116,-0.491373,-0.611563,352.512121,-200.935615,92.590549,3.596881,3.59616,3.592057,90.032738,90.010524,90.021991,104.029728,0.072806,0.064626,90.114497,0.960227,263.273426,263.505848,-640.758747,263.505848,387.983271,408.540668,-640.758747,408.540668,293.87578,477.803721,49.717251,-140.38598,49.717251,594.449981,118.780963,-140.38598,118.780963,497.126476,618.854746,1.0,4.430905,2.228831,2.240879
25966.0,-0.376521,0.07887,-0.923045,0.920586,0.143389,-0.363265,0.103704,-0.986519,-0.126596,-50.108074,-381.264907,-76.364132,3.593142,3.595503,3.592178,90.010841,89.958819,89.952668,132.038461,0.050305,0.058673,113.163246,0.994764,-196.534679,-315.584677,-28.144292,-315.584677,-354.699695,-561.873296,-28.144292,-561.873296,306.405141,145.759264,-119.304147,-13.102173,-119.304147,285.691596,28.113788,-13.102173,28.113788,403.213731,589.545695,1.0,5.087324,1.697733,3.036856
26282.0,0.376123,0.199893,0.904751,-0.925607,0.036551,0.376718,0.042234,-0.979136,0.19877,346.344833,444.049859,62.700593,3.596353,3.59603,3.593131,90.020646,90.008554,89.954525,126.142041,0.076757,0.081743,83.938934,1.0,-111.283189,-341.65778,-142.405092,-341.65778,575.139793,374.338862,-142.405092,374.338862,596.933124,24.866365,-197.342494,147.114238,-197.342494,478.59473,232.124677,147.114238,232.124677,496.210373,782.469442,1.0,1.965341,1.370694,3.098486
26300.0,0.369031,0.914437,0.166194,-0.927037,0.349364,0.136187,0.066472,-0.204326,0.976643,-371.114842,-208.017605,-48.612325,3.594624,3.597379,3.59527,89.955406,90.016381,90.069359,187.404835,0.08122,0.090438,77.423691,0.863874,539.508502,770.222609,176.337474,770.222609,762.882468,90.760179,176.337474,90.760179,247.222682,141.182359,249.853415,-54.526605,249.853415,487.662601,64.429935,-54.526605,64.429935,424.486144,692.364346,1.0,2.257283,0.216555,2.827066
30290.0,-0.592832,0.727716,-0.344934,-0.478937,0.025753,0.877472,0.647433,0.685395,0.333263,-237.740138,149.773444,22.400762,3.595699,3.593449,3.594353,89.987462,89.990184,89.971622,111.357641,0.065207,0.064477,71.2858,0.983696,-109.265486,49.962753,-288.572528,49.962753,138.500866,-96.032991,-288.572528,-96.032991,471.624384,184.695326,20.567797,-83.191107,20.567797,127.580089,-130.028324,-83.191107,-130.028324,575.057405,640.475904,1.0,3.516137,1.231034,0.756924
27710.0,-0.044824,0.969738,-0.239998,-0.750811,0.125775,0.648431,0.658994,0.209258,0.722453,-5.315432,-165.47403,-105.195615,3.595347,3.593733,3.59499,90.004256,90.032026,90.01816,168.32152,0.098762,0.098397,67.9131,0.853933,-0.456722,12.515857,-144.638,12.515857,649.714124,-22.68131,-144.638,-22.68131,9.787503,147.087999,-6.787902,4.625486,-6.787902,329.355095,147.340699,4.625486,147.340699,533.116248,835.842072,1.0,3.496079,0.763453,1.263325
26020.0,-0.350511,-0.023568,-0.936262,0.908189,0.235633,-0.345932,0.228768,-0.971556,-0.061188,107.326794,-415.169643,-90.905603,3.594794,3.595217,3.59321,90.042174,89.885662,89.940679,177.924699,0.087422,0.085083,76.232533,0.801047,509.62464,-845.889955,-376.359626,-845.889955,-144.694189,-719.160897,-376.359626,-719.160897,55.480147,261.197327,-93.599839,12.244332,-93.599839,373.906949,-0.646474,12.244332,-0.646474,133.220119,609.952176,1.0,5.066313,1.632023,2.91034
26532.0,0.203928,-0.556325,0.805553,-0.559414,0.609053,0.562236,-0.803411,-0.565294,-0.187013,-179.504482,-222.940354,-133.484109,3.595693,3.594761,3.598646,89.981901,90.035647,90.01979,191.466294,0.111265,0.111479,73.836853,0.821053,747.222082,517.561137,-104.766417,517.561137,1084.023892,72.409197,-104.766417,72.409197,227.559841,474.407744,270.202572,150.780398,270.202572,171.683754,8.996352,150.780398,8.996352,467.972491,978.030014,1.0,2.180145,1.758917,4.099239
26023.0,-0.35684,-0.572557,-0.738135,0.923389,-0.096514,-0.371534,0.141484,-0.814164,0.563133,-193.631978,-55.097437,-17.980127,3.595397,3.594778,3.59552,90.009684,90.025045,89.959911,76.498208,0.054316,0.053172,109.319817,0.994681,335.065849,-76.915393,21.975847,-76.915393,500.929931,-411.815816,21.975847,-411.815816,275.239882,332.88433,114.812812,-48.495881,114.812812,495.718344,-88.097379,-48.495881,-88.097379,371.945567,369.176138,1.0,5.178706,0.972624,2.969532
26051.0,-0.249498,-0.569975,-0.782866,0.696411,0.456131,-0.554037,0.672877,-0.683427,0.283133,-28.431742,375.09107,-64.089866,3.598299,3.591918,3.595454,90.021053,90.031035,89.990978,130.849956,0.0861,0.080839,98.749104,0.98913,-85.344769,196.060763,-439.607981,196.060763,963.689867,618.745449,-439.607981,618.745449,226.539546,540.610396,198.865194,-96.722189,198.865194,419.799157,14.795442,-96.722189,14.795442,376.701387,553.237601,1.0,5.328266,1.283737,2.363973
26082.0,-0.347379,-0.278858,-0.895302,0.934351,-0.183852,-0.305266,-0.079477,-0.942569,0.324417,208.883024,185.646265,-56.003932,3.595712,3.59472,3.593261,90.031246,90.03915,89.973454,121.965968,0.068715,0.065198,84.022069,0.947368,-367.945635,-64.361991,15.179744,-64.361991,515.704065,-354.960143,15.179744,-354.960143,406.22928,440.86225,53.469769,-43.38866,53.469769,260.661721,53.430612,-43.38866,53.430612,366.146022,490.51243,1.0,5.040991,1.240401,3.225713
26382.0,0.344259,0.80725,0.479409,-0.936914,0.262392,0.23096,0.060649,-0.528675,0.846655,19.719909,461.854587,161.118586,3.593154,3.59607,3.595058,89.980239,90.017487,90.020598,115.403126,0.059302,0.0602,75.90475,0.972527,426.307132,460.469665,-82.002242,460.469665,51.847439,35.362837,-82.002242,35.362837,240.453661,4.335883,-54.220397,-120.125975,-54.220397,318.130303,-3.945665,-120.125975,-3.945665,429.392577,596.367087,1.0,2.019745,0.56113,3.027373
26915.0,0.165145,-0.122565,0.978624,-0.890252,0.408523,0.201397,-0.424474,-0.904482,-0.041648,434.500889,-245.405005,-69.249525,3.597821,3.595315,3.59103,89.978575,89.983272,90.053762,151.94462,0.078212,0.079981,81.201504,0.924731,-707.804574,-472.692958,-180.861399,-472.692958,1217.681494,-67.707603,-180.861399,-67.707603,175.665812,94.157254,-44.488645,-190.297824,-44.488645,397.736533,88.666009,-190.297824,88.666009,728.782241,563.292307,1.0,1.773758,1.612456,3.580381
26098.0,-0.341866,-0.890746,-0.2995,0.937681,-0.302197,-0.171554,0.062303,-0.339484,0.938546,359.883377,-103.526379,131.454896,3.595847,3.59377,3.59538,90.020494,90.006471,90.003873,94.584211,0.047439,0.050862,87.862748,0.983607,-56.163746,-168.454893,10.152026,-168.454893,503.900108,-35.803165,10.152026,-35.803165,469.549647,361.126963,-168.112046,-51.654017,-168.112046,167.301957,181.773699,-51.654017,181.773699,486.1946,612.010987,1.0,5.232569,0.352402,2.96009
30422.0,-0.691397,-0.303475,0.655648,-0.503155,0.853501,-0.135536,-0.518465,-0.423602,-0.742803,-230.781111,67.549819,168.990147,3.594279,3.595815,3.594028,89.979582,89.9983,89.990823,125.692488,0.075493,0.070994,72.264168,0.989247,64.021266,-35.870443,118.273778,-35.870443,307.405517,-276.050398,118.273778,-276.050398,302.38367,370.633131,64.549535,101.102175,64.549535,239.541289,-187.863213,101.102175,-187.863213,585.266481,719.468159,1.0,1.366947,2.408043,4.027349
26426.0,0.328351,0.62518,0.70805,-0.917205,0.031951,0.397133,0.225657,-0.779826,0.583909,200.769098,467.596172,-40.451469,3.590505,3.596652,3.59355,89.97259,89.937932,90.032005,145.487998,0.070743,0.070105,64.602973,0.867403,497.349671,213.804644,-306.018614,213.804644,-1181.624146,-358.768075,-306.018614,-358.768075,407.119764,-515.023333,305.335651,153.185635,305.335651,112.312491,-158.055153,153.185635,-158.055153,454.190027,775.923509,1.0,2.081957,0.947261,2.859918
27340.0,0.057387,-0.155363,-0.986189,0.864598,0.501644,-0.028717,0.499177,-0.851009,0.163114,-277.066865,-302.786089,-153.585083,3.596455,3.595532,3.593831,90.022865,90.049947,89.96465,136.9396,0.065048,0.068622,69.336616,0.921875,-22.608737,437.24621,92.617577,437.24621,940.195028,-113.42191,92.617577,-113.42191,227.525672,-54.311666,-84.317761,141.702423,-84.317761,151.600401,-263.032251,141.702423,-263.032251,625.163086,1052.179003,1.0,4.7415,1.40695,2.611106
28517.0,-0.136585,-0.301261,0.943709,-0.467054,0.859696,0.206843,-0.873616,-0.412511,-0.258127,-231.75257,-135.733148,-177.276576,3.594323,3.5956,3.594956,89.990185,89.992242,89.935599,123.462159,0.074338,0.068809,69.686509,0.878453,286.844912,-12.176211,100.621294,-12.176211,-46.324339,-479.957428,100.621294,-479.957428,643.19689,199.764435,13.325703,112.715673,13.325703,317.393452,-189.643675,112.715673,-189.643675,415.342063,648.515633,1.0,1.786566,1.831879,4.271238
26430.0,0.332531,0.806899,0.488199,-0.934895,0.350142,0.058075,-0.124078,-0.475726,0.870798,371.306748,156.094299,-37.138308,3.593343,3.595146,3.595909,90.013017,89.938161,90.035684,132.959411,0.077206,0.076724,59.535721,0.802139,260.448689,100.217905,261.477505,100.217905,48.768486,-647.124812,261.477505,-647.124812,440.829982,259.204904,71.274776,11.665248,71.274776,5.106237,-182.334868,11.665248,-182.334868,588.216707,594.226556,1.0,1.689198,0.513973,3.396727
30198.0,-0.614265,-0.286446,0.735273,-0.529311,0.840638,-0.114705,-0.585242,-0.459648,-0.667994,385.104171,297.944128,28.407667,3.59869,3.595828,3.595603,89.958182,90.042962,90.040713,160.341123,0.070218,0.073794,73.344438,0.946809,863.150174,751.114424,110.859831,751.114424,958.877526,-13.479622,110.859831,-13.479622,520.551606,27.667597,34.975586,152.829192,34.975586,466.332075,-198.654631,152.829192,-198.654631,682.563912,774.815571,1.0,1.41604,2.302306,4.046615
28784.0,-0.290111,-0.238635,0.926763,-0.694724,0.718544,-0.032455,-0.658174,-0.65326,-0.374243,-323.889325,385.496655,-142.935945,3.594333,3.594004,3.596428,89.993982,89.991184,89.950516,111.217865,0.064327,0.064051,93.76467,1.0,610.99505,-33.817062,-132.500003,-33.817062,-356.523758,50.162942,-132.500003,50.162942,597.819059,225.208237,72.86701,42.704935,72.86701,570.237465,-48.496742,42.704935,-48.496742,303.809771,621.835814,1.0,1.535791,1.954376,3.930738
26143.0,-0.259984,0.180214,-0.948647,0.775974,0.623695,-0.094178,0.574694,-0.76061,-0.301992,149.389503,-327.481637,-173.328534,3.598469,3.594026,3.593938,89.974931,90.02724,89.922317,101.2921,0.065011,0.057611,103.42416,0.989071,-159.20278,-230.282982,270.093911,-230.282982,1444.679476,435.954372,270.093911,435.954372,30.28815,421.084294,-77.867784,90.400179,-77.867784,173.473543,148.524873,90.400179,148.524873,114.384379,296.527757,1.0,4.811341,1.877577,2.494536
30560.0,0.315683,0.891947,-0.323691,0.124222,0.29935,0.946022,0.940698,-0.338852,-0.016299,490.088031,16.361783,53.767327,3.593357,3.598198,3.594714,90.056457,90.038431,90.042258,171.370245,0.113195,0.10786,66.859366,0.801105,1105.292201,-286.887456,-618.425261,-286.887456,-78.248406,-368.059789,-618.425261,-368.059789,243.338704,-40.327066,25.707099,-16.213706,25.707099,309.581381,-11.927616,-16.213706,-11.927616,447.630571,719.240259,1.0,3.471266,1.587096,1.916541
30382.0,0.68973,-0.654435,-0.309818,0.398018,-0.01476,0.917259,-0.60486,-0.755974,0.250297,6.073008,-294.894166,40.387862,3.591468,3.5953,3.596285,89.989843,90.033189,89.941202,152.391543,0.08478,0.080521,69.216887,0.880435,-395.012708,-709.838769,261.55217,-709.838769,231.343137,240.006307,261.55217,240.006307,539.447022,557.927397,-93.835691,146.680724,-93.835691,368.267991,-124.85219,146.680724,-124.85219,252.237902,612.990922,1.0,3.467327,1.31781,3.816399
26169.0,-0.305435,-0.847114,-0.434864,0.908264,-0.12204,-0.400203,0.285947,-0.517208,0.806679,-183.230846,448.932961,-58.809383,3.592147,3.595835,3.594915,90.023823,89.924335,89.944924,115.347398,0.058575,0.058218,120.219621,0.994737,664.899916,-372.985683,-10.345211,-372.985683,-956.842918,-41.3572,-10.345211,-41.3572,623.708313,172.593786,84.174903,-35.000503,84.174903,362.187607,-28.66789,-35.000503,-28.66789,514.562219,269.076642,1.0,5.456303,0.632286,2.636551
26520.0,0.272896,0.757754,0.592736,-0.835023,-0.119411,0.5371,0.477769,-0.641521,0.600155,238.086837,-246.233037,48.145182,3.597037,3.595208,3.595178,90.021032,90.010911,90.009447,79.094528,0.061423,0.056018,94.067967,0.977778,168.9187,-92.213622,-8.218368,-92.213622,808.9984,-145.524683,-8.218368,-145.524683,614.378989,307.811913,38.16597,-54.209234,38.16597,559.859577,-27.250411,-54.209234,-27.250411,636.368267,402.867674,1.0,2.306992,0.927101,2.501464
26481.0,0.317388,0.6067,0.728821,-0.943621,0.125836,0.306178,0.094046,-0.784908,0.612434,-303.73045,-136.384435,164.489017,3.595165,3.595547,3.595062,89.980865,90.006224,89.979651,94.934074,0.056428,0.053729,69.340683,0.914439,566.942369,-14.416308,-145.282504,-14.416308,353.010071,120.392432,-145.282504,120.392432,213.648761,334.448993,-101.012716,-20.668381,-101.012716,298.857138,140.564476,-20.668381,140.564476,346.028382,469.046474,1.0,1.968509,0.911661,3.022344
30853.0,0.867554,-0.386064,-0.313535,0.348188,0.021324,0.937182,-0.355127,-0.922225,0.152922,351.326019,-322.242445,-123.151193,3.593376,3.593641,3.592839,90.07072,89.913118,89.922044,181.93012,0.106,0.100242,62.620086,0.815789,-1169.185091,724.728638,-374.840878,724.728638,202.995614,72.938226,-374.840878,72.938226,450.368442,70.465008,-67.536298,-269.366812,-67.536298,154.824845,-70.29538,-269.366812,-70.29538,306.0858,980.965613,1.0,3.464439,1.417272,3.509167
29732.0,0.42449,-0.853854,-0.301234,0.372272,-0.138686,0.917703,-0.825362,-0.501697,0.258995,-158.357169,-446.726819,-146.183106,3.593059,3.590674,3.593652,89.931894,90.061906,89.912672,168.49571,0.077051,0.076831,83.720569,0.989362,-812.807597,-1002.133953,-157.047996,-1002.133953,-707.026057,0.687023,-157.047996,0.687023,316.79188,-164.277238,-71.142597,-110.162339,-71.142597,302.133434,-61.254286,-110.162339,-61.254286,311.85782,566.456887,1.0,3.458759,1.308814,4.166217
31119.0,0.787703,0.533494,-0.308073,0.238783,0.196586,0.950966,0.567897,-0.822641,0.027462,15.060479,120.449834,-149.551194,3.594289,3.594803,3.594777,89.993612,89.984553,89.979922,100.111938,0.058937,0.06212,80.386317,0.983516,225.259844,140.607568,-130.086904,140.607568,335.141881,-4.062798,-130.086904,-4.062798,43.00554,197.276599,-16.295704,68.86013,-16.295704,261.783421,102.795573,68.86013,102.795573,455.717087,479.800396,1.0,3.454882,1.543331,2.537383
26529.0,0.298636,0.950062,0.090546,-0.938728,0.275312,0.207347,0.172064,-0.146919,0.974068,175.47645,237.662865,108.305994,3.593487,3.593708,3.595562,89.976984,89.976729,89.970768,154.261831,0.074565,0.080887,65.237483,0.941489,135.556766,-139.558105,318.232072,-139.558105,-273.568988,30.70605,318.232072,30.70605,431.795525,97.033209,-13.439454,85.095398,-13.439454,104.697143,-26.618641,85.095398,-26.618641,411.35732,713.559161,1.0,2.729863,0.228231,2.27753
31038.0,0.902686,-0.302207,-0.306316,0.307668,0.950971,-0.031545,0.300831,-0.065768,0.951407,356.517873,149.404438,110.247537,3.590257,3.594777,3.595403,89.989069,89.965633,90.03369,127.524857,0.065457,0.062755,71.68977,0.962366,-752.397365,-636.16102,-144.038202,-636.16102,-58.417744,-28.363098,-144.038202,-28.363098,459.044438,255.232103,16.059947,2.204153,16.059947,148.339668,-18.648656,2.204153,-18.648656,541.997045,553.874745,1.0,4.81501,0.313023,1.786032
26562.0,0.294197,0.93258,0.209149,-0.953715,0.300712,0.000681,-0.062259,-0.199669,0.977883,-383.532308,-399.702586,74.45801,3.592757,3.595833,3.59548,89.931878,89.988787,89.950934,123.559576,0.0601,0.0652,127.640755,0.98913,937.776369,-84.354792,490.187495,-84.354792,-486.503739,106.193549,490.187495,106.193549,207.060951,131.433175,-17.25118,-78.801347,-17.25118,458.681753,7.620906,-78.801347,7.620906,384.531183,291.977774,1.0,1.574051,0.210706,3.443849
26729.0,0.199232,0.96594,-0.165123,-0.756037,0.258715,0.601227,0.62347,0.005055,0.781831,-309.015101,-129.045305,-49.86084,3.595555,3.594489,3.594387,90.035994,89.997639,90.016477,76.935229,0.058137,0.051962,100.309099,0.994475,218.283131,-108.22324,-282.182132,-108.22324,262.887192,-244.702808,-282.182132,-244.702808,278.495217,489.335363,132.975945,118.702889,132.975945,448.670279,-199.849695,118.702889,-199.849695,354.921275,325.958912,1.0,3.409628,0.673199,1.562688
26585.0,0.287332,0.953797,0.087813,-0.952137,0.274439,0.134604,0.104285,-0.122286,0.987001,235.494254,479.343898,111.404344,3.593894,3.593126,3.595176,90.035504,89.94819,89.986299,104.801274,0.080581,0.064179,106.556451,0.989583,-157.028557,-218.65019,-92.332269,-218.65019,-213.021422,-425.352403,-92.332269,-425.352403,507.524054,-11.461982,-29.320876,70.765745,-29.320876,288.912057,83.049907,70.765745,83.049907,607.820775,488.702733,1.0,2.563542,0.161415,2.435479
29599.0,-0.520451,0.829926,-0.20088,-0.656843,-0.238795,0.715216,0.545608,0.504182,0.669412,226.390403,-260.445335,60.327013,3.593966,3.596304,3.59676,90.015212,89.98567,90.008245,127.127978,0.075184,0.07176,76.943632,0.922222,630.37087,-325.646627,36.374382,-325.646627,358.432421,294.240231,36.374382,294.240231,494.205732,301.757653,67.483511,101.586741,67.483511,457.714397,68.192071,101.586741,68.192071,484.499573,715.070951,1.0,3.415404,0.837379,0.824839
30317.0,0.464057,0.840238,-0.280447,0.263842,0.171119,0.949266,0.845599,-0.514508,-0.142281,-259.516817,-438.375006,136.651314,3.596074,3.595447,3.595294,90.009655,89.996359,90.004622,65.040791,0.051248,0.047041,88.230481,1.0,464.721707,-30.935424,36.014137,-30.935424,389.036534,111.892797,36.014137,111.892797,569.555057,389.366104,-134.815215,-36.36061,-134.815215,448.496444,124.530084,-36.36061,124.530084,543.964027,385.729762,1.0,3.428857,1.713562,2.117408
26673.0,0.219518,0.379796,0.898647,-0.790534,0.609035,-0.064289,-0.571724,-0.696299,0.433935,437.957445,-398.779359,146.210608,3.595722,3.594686,3.596181,89.994542,89.961536,89.991345,90.658847,0.058027,0.059526,96.972342,0.972678,746.135462,-304.971633,-64.425824,-304.971633,358.112929,45.645058,-64.425824,45.645058,255.945602,100.188316,69.473585,-42.303976,69.473585,300.732205,-17.609034,-42.303976,-17.609034,379.279245,366.512222,1.0,1.499379,1.12194,3.829062
26637.0,0.252369,0.714128,0.652941,-0.902506,0.417085,-0.107341,-0.348987,-0.562193,0.749764,-170.143426,355.189016,96.599837,3.594598,3.596979,3.594945,89.947306,89.971171,89.886733,109.190799,0.080535,0.068176,106.244955,1.0,1441.308183,-407.138437,-537.089201,-407.138437,-427.796854,204.807685,-537.089201,204.807685,325.716553,369.880035,25.374809,-35.632742,25.374809,246.990417,-24.184276,-35.632742,-24.184276,419.41542,306.476301,1.0,1.407857,0.723091,3.697137
27761.0,0.149103,-0.972328,-0.179849,0.72308,-0.016849,0.690559,-0.67448,-0.23301,0.700559,-26.201992,468.521573,143.620974,3.5942,3.593234,3.594106,90.02887,90.030339,90.019892,127.229527,0.062495,0.064054,78.448721,0.982857,-195.225612,296.935314,-64.276828,296.935314,-183.575856,46.445444,-64.276828,46.445444,333.732365,-89.556451,-89.015578,-100.100423,-89.015578,362.91947,92.917457,-100.100423,92.917457,517.223569,548.659889,1.0,3.396372,0.794616,4.379759
29254.0,-0.420587,-0.182876,0.888629,-0.67535,0.717147,-0.172056,-0.605813,-0.6725,-0.425128,-240.123493,-243.078705,-23.930309,3.592912,3.594873,3.595097,90.006795,89.99091,89.94155,110.645896,0.053573,0.060126,85.02963,0.956757,261.737432,-337.002381,40.366133,-337.002381,-437.419307,-166.586405,40.366133,-166.586405,503.977703,187.365778,-1.177113,-41.317706,-1.177113,319.838647,-10.540052,-41.317706,-10.540052,477.53269,471.974177,1.0,1.379543,2.0099,3.87487
26789.0,0.176886,0.243009,0.95376,-0.723512,0.68907,-0.041384,-0.667265,-0.682736,0.297707,336.283184,-149.595422,-135.018684,3.595135,3.59372,3.593489,90.022899,90.02675,90.0224,172.597953,0.070854,0.083283,85.438406,0.944134,-284.399503,-3.755877,242.625601,-3.755877,348.387365,181.340416,242.625601,181.340416,115.281063,-230.42618,-219.382131,320.951405,-219.382131,203.305982,117.032448,320.951405,117.032448,635.286774,859.614621,1.0,1.527433,1.268507,3.915531
26387.0,-0.225667,-0.520632,-0.823418,0.883154,-0.466115,0.052678,-0.411233,-0.715317,0.564985,37.259617,-262.849714,83.000672,3.595491,3.595843,3.594725,89.985406,90.004392,90.012077,89.337466,0.059611,0.056949,86.96805,0.989474,395.069387,144.175786,125.488667,144.175786,540.355107,16.090028,125.488667,16.090028,277.658248,395.987017,52.968026,-20.844681,52.968026,452.355321,-35.483801,-20.844681,-35.483801,504.331433,504.048293,1.0,4.648501,0.970381,3.663349
28064.0,0.239106,-0.960348,-0.143391,0.775309,0.099921,0.623628,-0.584572,-0.260285,0.768458,56.702454,-263.917144,-67.474826,3.594383,3.595299,3.594188,90.017133,89.999113,90.021656,113.508085,0.057556,0.056024,81.279214,0.966851,413.420737,208.584546,82.230138,208.584546,75.328218,31.251877,82.230138,31.251877,114.976539,321.515651,-59.824465,-2.928802,-59.824465,499.125328,10.213514,-2.928802,10.213514,247.14924,617.894359,1.0,3.367594,0.694368,4.293486
26779.0,0.200577,0.53483,0.820808,-0.838134,0.527485,-0.138892,-0.507247,-0.660088,0.554061,-423.467733,-89.461836,-36.659768,3.595353,3.595371,3.596105,89.99368,90.021459,89.963086,87.64683,0.059417,0.056444,83.62991,0.97191,602.588054,21.128458,6.89877,21.128458,72.958521,169.117444,6.89877,169.117444,751.455207,231.669982,-48.710972,0.970965,-48.710972,443.800536,114.298364,0.970965,114.298364,469.857235,355.830459,1.0,1.40317,0.983562,3.7968
27088.0,0.084462,0.994941,-0.054393,-0.462642,0.087505,0.882216,0.882513,-0.049349,0.467692,-365.861804,468.703884,-35.19303,3.595242,3.595658,3.595017,89.99153,89.994922,90.01492,97.451986,0.055212,0.054573,86.555873,0.994652,457.484229,141.058951,-83.688185,141.058951,311.297841,-14.607306,-83.688185,-14.607306,404.441551,236.622709,88.947289,67.171309,88.947289,261.115918,99.338982,67.171309,99.338982,494.492959,521.063569,1.0,3.20317,1.084118,1.626657
26785.0,0.210861,0.976688,-0.040217,-0.908477,0.21099,0.360767,0.360842,-0.039536,0.931788,-21.195285,-442.688287,64.815064,3.593419,3.593545,3.595824,89.992159,90.019742,90.048526,144.346275,0.073182,0.073216,66.806546,0.918033,-276.10903,358.596173,-141.136071,358.596173,240.041134,313.279809,-141.136071,313.279809,338.415895,228.41233,-72.56735,-39.408674,-72.56735,244.861572,129.659915,-39.408674,129.659915,237.005911,869.903909,1.0,3.252609,0.371487,1.679927
26787.0,0.218186,0.554587,0.803012,-0.950455,-0.06594,0.303788,0.221428,-0.829509,0.512723,68.35428,-383.169109,-46.489568,3.592021,3.593677,3.596003,89.999812,89.970716,90.041174,156.625702,0.071124,0.071656,65.344184,0.835106,337.319228,270.181557,338.491057,270.181557,-611.614031,-187.779353,338.491057,-187.779353,273.898366,516.853158,-205.60978,252.752616,-205.60978,327.009722,22.762687,252.752616,22.762687,355.497381,799.089981,1.0,1.932467,1.032443,2.880736
27380.0,0.063412,-0.992635,-0.103222,0.830826,-0.004795,0.556512,-0.552908,-0.121049,0.824403,-182.132106,-55.318183,-28.375422,3.595599,3.59571,3.595218,89.9948,90.007667,90.006512,53.262798,0.050789,0.045727,103.714432,0.984043,519.367107,31.465224,-61.948599,31.465224,378.322178,-71.571099,-61.948599,-71.571099,445.569623,330.319971,36.490313,-118.205808,36.490313,391.211034,-104.468947,-118.205808,-104.468947,450.571953,477.160597,1.0,3.324988,0.60165,4.496859
28647.0,-0.206825,-0.172697,0.963016,-0.577766,0.8159,0.022229,-0.789563,-0.5518,-0.268527,-380.241195,209.955934,-16.435682,3.594776,3.595892,3.59693,90.018983,89.990346,89.990072,86.87272,0.057256,0.054313,88.330644,0.989305,836.70568,-213.770734,-82.696737,-213.770734,360.922638,-121.634729,-82.696737,-121.634729,443.746198,419.239952,-64.500771,81.45694,-64.500771,576.138112,-72.059232,81.45694,-72.059232,466.864938,571.999915,1.0,1.593875,1.84266,4.102423
30596.0,0.743236,-0.196224,-0.639607,0.361928,0.921978,0.137715,0.56268,-0.333846,0.756266,0.095966,-399.250234,-1.815231,3.593947,3.594619,3.594423,90.004934,90.000342,90.051863,118.368883,0.06924,0.064701,78.600875,0.994652,198.314471,-296.595656,106.943985,-296.595656,-138.903966,-252.986552,106.943985,-252.986552,298.778229,122.077635,-36.367652,13.377074,-36.367652,260.968951,-8.401572,13.377074,-8.401572,509.246714,600.382159,1.0,4.500314,0.71321,2.106286
27469.0,0.08317,-0.120047,-0.989278,0.75454,0.656054,-0.016176,0.650962,-0.745105,0.145145,-340.559345,453.751227,24.547337,3.593133,3.596244,3.597779,89.973432,89.991301,90.031854,152.475071,0.076096,0.079926,79.99724,0.983051,1112.297157,-244.369497,49.764166,-244.369497,-122.606108,-356.323688,49.764166,-356.323688,528.077146,397.558612,-114.777906,213.733352,-114.777906,540.099601,-149.498249,213.733352,-149.498249,474.444009,1067.537283,1.0,4.728738,1.425137,2.423527
26630.0,-0.063955,-0.983085,-0.171619,0.49343,-0.18063,0.850823,-0.867431,-0.030267,0.496636,371.596994,-255.36762,68.833436,3.595483,3.592608,3.594004,90.045628,90.025595,90.055648,160.528629,0.064466,0.067853,69.350887,0.928571,-545.354121,499.820221,-238.063199,499.820221,137.703669,-90.74799,-238.063199,-90.74799,516.754673,337.630725,-54.369179,50.155515,-54.369179,309.312337,-14.954819,50.155515,-14.954819,492.721487,1051.87726,1.0,3.340631,1.051077,4.67751
27012.0,0.109455,0.01647,0.993855,-0.617333,0.784778,0.054983,-0.77905,-0.619558,0.096066,-224.514164,25.113166,79.671805,3.594804,3.596655,3.594603,90.003728,90.032216,89.973504,149.637056,0.083241,0.077069,64.860419,0.853261,135.131397,166.549544,205.544632,166.549544,360.746382,-276.367084,205.544632,-276.367084,717.855904,-142.697717,209.410883,-392.932401,209.410883,421.62182,-164.32698,-392.932401,-164.32698,906.540027,764.586617,1.0,1.626063,1.474582,4.040537
26864.0,0.19218,0.925679,0.32586,-0.95439,0.098985,0.281675,0.228485,-0.36513,0.902482,447.574227,-384.494512,166.168185,3.591558,3.594149,3.594969,90.008168,90.049265,90.018267,137.368785,0.060431,0.064512,83.038329,0.967033,-86.660641,380.479055,-144.67924,380.479055,-312.497142,499.518208,-144.67924,499.518208,113.822979,229.503267,4.70246,94.573311,4.70246,85.566761,4.447244,94.573311,4.447244,603.950584,501.911819,1.0,2.283594,0.445298,2.582444
26916.0,0.160777,-0.025849,0.986652,-0.844216,0.514282,0.15104,-0.511321,-0.857232,0.060863,24.400458,-96.35078,121.146422,3.595687,3.593629,3.595719,90.002471,90.000611,90.02204,69.487667,0.063794,0.056397,101.098252,0.98913,506.536244,-17.707475,32.74327,-17.707475,511.072672,166.607573,32.74327,166.607573,-89.585971,437.052411,7.537061,-42.805203,7.537061,482.306969,30.965836,-42.805203,30.965836,208.460259,416.912516,1.0,1.722701,1.509896,3.67942
26641.0,-0.166621,-0.683746,-0.710442,0.958117,-0.282469,0.047145,-0.232913,-0.672832,0.702174,86.462901,-391.363435,87.379574,3.600799,3.595742,3.593664,89.997747,89.969356,89.952212,113.259868,0.058701,0.057222,120.490233,1.0,437.520671,-640.419544,469.353994,-640.419544,1600.086984,-402.121122,469.353994,-402.121122,328.508989,265.747601,-71.606102,118.423898,-71.606102,567.800827,-122.310494,118.423898,-122.310494,395.370949,451.208069,1.0,4.646125,0.792349,3.47485
29240.0,-0.061837,-0.154999,0.985977,-0.171,0.974907,0.142534,-0.983329,-0.159789,-0.08679,-411.474215,-426.368084,-72.948258,3.594904,3.59457,3.599659,89.920504,90.023051,89.995815,144.955033,0.09707,0.086148,69.992051,0.945055,1376.44551,886.211955,-15.540864,886.211955,407.37495,-85.325527,-15.540864,-85.325527,283.384377,266.017226,64.770235,14.392145,64.770235,229.357636,95.322616,14.392145,95.322616,370.195367,548.849789,1.0,1.714363,1.657696,4.551299
27255.0,0.06332,-0.106059,0.992342,-0.625236,0.770797,0.122276,-0.777863,-0.62819,-0.017505,306.988303,352.113397,168.498905,3.594067,3.595652,3.592742,90.012348,89.968162,89.97454,117.910844,0.070773,0.0665,67.692478,0.927374,-257.091634,-306.514971,-102.464104,-306.514971,25.860351,-272.601532,-102.464104,-272.601532,442.595365,-166.433467,-88.769155,88.690591,-88.769155,370.850195,-87.656262,88.690591,-87.656262,679.724267,590.26185,1.0,1.693398,1.588302,4.03304
27140.0,0.092984,0.461752,0.882122,-0.778092,0.586479,-0.224977,-0.62123,-0.665453,0.413819,109.174543,-26.110658,111.979103,3.59527,3.594074,3.596378,89.977815,89.997084,90.018744,66.548049,0.057388,0.049642,98.703848,1.0,698.051414,-39.424147,182.311016,-39.424147,389.378675,147.334126,182.311016,147.334126,31.517963,297.904076,59.078285,174.634352,59.078285,243.416453,103.433196,174.634352,103.433196,327.065964,402.082233,1.0,1.321079,1.144152,3.892634
26776.0,-0.118399,-0.750762,-0.649875,0.926183,0.152467,-0.344875,0.358004,-0.642736,0.677291,-336.106691,-398.589094,-83.857848,3.597347,3.591058,3.594233,90.045224,90.001704,89.988611,150.5792,0.083043,0.090033,72.272868,0.978022,-762.771751,-119.482681,-441.934459,-119.482681,894.460541,184.494044,-441.934459,184.494044,128.925713,136.409096,-23.09182,-111.895751,-23.09182,134.830071,58.568502,-111.895751,58.568502,185.556243,564.076985,1.0,5.200277,0.826722,2.633392
27740.0,0.100482,-0.989441,-0.104451,0.394935,-0.056692,0.916958,-0.913198,-0.13339,0.385068,-410.20975,455.57346,-149.614185,3.596162,3.591282,3.594337,90.066804,89.974479,90.07401,165.329955,0.079811,0.083848,70.057192,0.903743,-702.84742,764.948834,-490.129119,764.948834,448.742684,-257.48031,-490.129119,-257.48031,274.969155,-18.693286,-31.424772,-14.123494,-31.424772,188.255883,-48.164144,-14.123494,-48.164144,393.225026,566.34306,1.0,3.255014,1.175515,4.567346
26845.0,-0.091932,-0.889466,-0.44766,0.898069,0.120136,-0.423131,0.430141,-0.440928,0.787757,-83.325343,93.370636,19.387105,3.594018,3.596739,3.59629,89.979882,89.983187,90.015874,89.916828,0.061175,0.057403,93.62064,0.994624,887.799061,154.492424,-5.930155,154.492424,-2.434058,-76.649059,-5.930155,-76.649059,602.2497,392.139649,197.709325,46.045318,197.709325,308.619816,-76.651392,46.045318,-76.651392,458.427539,535.573357,1.0,5.469626,0.663637,2.368578
27989.0,0.095988,-0.989281,-0.110045,0.214128,-0.087445,0.972884,-0.972078,-0.116949,0.203439,222.729883,-131.971261,93.982813,3.595116,3.594621,3.595822,90.015622,89.973678,90.004827,87.048645,0.062958,0.060617,87.546287,0.989011,179.356706,122.291815,-5.561543,122.291815,643.654458,-154.419475,-5.561543,-154.419475,250.594034,301.707475,34.461426,22.822474,34.461426,415.346576,5.016286,22.822474,5.016286,304.28989,479.867593,1.0,3.254226,1.365927,4.592656
29672.0,-0.407476,0.909703,-0.080017,-0.507631,-0.152797,0.847918,0.759127,0.386125,0.524054,-56.962994,443.756939,20.97059,3.592871,3.594754,3.597048,90.065362,89.946709,90.000989,169.846892,0.096762,0.0911,70.325111,0.803191,273.531744,-737.276934,-250.943982,-737.276934,307.763122,522.783656,-250.943982,522.783656,244.893654,314.535827,-56.017469,-17.242326,-56.017469,159.989745,182.557544,-17.242326,182.557544,292.808633,943.433359,1.0,3.235683,1.019192,1.100258
29722.0,0.367658,-0.925738,-0.088525,0.315822,0.034758,0.948182,-0.874691,-0.376564,0.305148,483.161985,-292.41707,-159.543207,3.593669,3.590275,3.592858,90.035235,89.958632,89.97006,182.116399,0.066112,0.079285,66.935016,0.891304,-1127.406725,362.507557,-2.59357,362.507557,-66.528245,-250.044234,-2.59357,-250.044234,-169.271004,-736.900465,-352.403923,329.379708,-352.403923,316.253068,106.153279,329.379708,106.153279,410.70138,1122.15103,1.0,3.234685,1.260703,4.305859
27492.0,0.021143,-0.035885,0.999132,-0.495479,0.867621,0.041647,-0.868363,-0.495929,0.000563,-441.423167,241.333945,-118.863449,3.595073,3.596427,3.598197,90.073724,89.993228,89.983339,107.423677,0.06739,0.061146,85.705439,0.973684,1242.923931,-556.643081,277.925274,-556.643081,436.828937,-224.847558,277.925274,-224.847558,544.433788,42.017932,69.176964,10.791094,69.176964,410.067297,81.013195,10.791094,81.013195,507.850091,385.679416,1.0,1.612455,1.570233,4.193484
27230.0,0.081132,0.894763,0.439109,-0.987368,0.011996,0.157987,0.136093,-0.44638,0.884434,-25.987224,332.98489,85.629694,3.595905,3.595143,3.594213,90.018258,90.021979,89.994922,120.152315,0.062085,0.06286,82.876703,0.933333,164.844078,-16.633695,-214.47972,-16.633695,604.300672,127.950739,-214.47972,127.950739,221.651108,-22.095632,-78.944332,-168.263873,-78.944332,456.23636,13.531293,-168.263873,13.531293,403.575112,657.133162,1.0,1.916166,0.485516,2.845662
26925.0,-0.037206,-0.989871,0.137008,0.664521,0.077889,0.743199,-0.746343,0.118696,0.654892,70.570674,498.358068,20.185627,3.595375,3.593397,3.59369,90.017684,90.010892,90.078398,126.497339,0.064404,0.065644,66.458095,0.844444,-145.355271,552.777904,-370.513606,552.777904,-35.006281,-257.13459,-370.513606,-257.13459,391.237042,277.024554,12.181353,-126.464882,12.181353,363.248021,17.769612,-126.464882,17.769612,634.112446,548.062207,1.0,2.959291,0.856757,4.870105
29202.0,0.138614,-0.987331,-0.077231,0.115307,-0.061364,0.991433,-0.983611,-0.146331,0.10534,232.34708,-22.484503,75.792047,3.596191,3.594366,3.595866,89.98374,90.011137,89.972689,162.789801,0.077211,0.078645,57.964993,0.812155,100.18821,-203.785556,132.191819,-203.785556,503.894546,68.54489,132.191819,68.54489,709.879831,290.928122,-157.896827,95.14989,-157.896827,328.005032,195.097906,95.14989,195.097906,658.622813,1017.074106,1.0,3.219334,1.465261,4.564703
27059.0,0.020621,-0.997424,-0.068697,0.335079,-0.057843,0.940413,-0.941964,-0.042411,0.333023,49.429947,-208.829573,-115.570219,3.595757,3.595296,3.595368,89.991394,90.053512,89.995458,96.234986,0.065291,0.058909,90.026564,1.0,398.620532,-82.214344,-23.829909,-82.214344,116.369123,324.849198,-23.829909,324.849198,798.24733,397.800402,-77.527673,173.063497,-77.527673,294.900484,14.960787,173.063497,14.960787,529.040638,455.995835,1.0,3.214513,1.231288,4.667395
26964.0,-0.06842,-0.98907,-0.13061,0.997552,-0.065931,-0.023291,0.014425,-0.131884,0.99116,-175.499925,-192.222709,127.763848,3.594366,3.591607,3.595996,90.001786,89.991842,89.959056,153.413288,0.075067,0.075116,68.525693,0.927778,-568.044213,-409.301036,-150.700285,-409.301036,76.072715,6.846989,-150.700285,6.846989,566.681743,-113.865619,-74.7275,-169.75957,-74.7275,232.418947,196.682936,-169.75957,196.682936,585.14973,840.260042,1.0,4.888861,0.133062,3.032646
28110.0,-0.164599,0.986263,-0.013895,-0.801387,-0.125506,0.584831,0.575053,0.107398,0.811036,206.390242,63.842642,189.715638,3.594181,3.593156,3.595239,90.019871,90.042268,89.974437,153.31072,0.088778,0.086231,56.462956,0.828877,-268.626195,-207.642745,2.782331,-207.642745,590.246682,230.857144,2.782331,230.857144,-78.281861,-22.503757,-104.673991,143.723494,-104.673991,262.82259,240.043303,143.723494,240.043303,290.435729,908.129121,1.0,3.165347,0.624875,1.386162
30724.0,0.445698,-0.040042,-0.894287,0.174015,0.983818,0.042676,0.878107,-0.17464,0.445454,286.773971,221.170882,-108.622974,3.594953,3.59223,3.59404,89.932742,89.954052,90.037094,142.072752,0.087052,0.089232,74.424008,0.923913,-177.681097,-672.352082,-21.849517,-672.352082,-497.35881,153.951848,-21.849517,153.951848,540.94601,68.724706,-19.541339,-10.500828,-19.541339,130.228243,3.244149,-10.500828,3.244149,489.733882,665.953486,1.0,4.664705,1.109115,1.767117
27482.0,0.092754,-0.995661,0.007423,0.8939,0.086553,0.439831,-0.438566,-0.034161,0.89805,-234.022193,-333.485163,49.630186,3.595563,3.595568,3.595946,90.091049,89.942866,90.129457,210.917017,0.089099,0.100605,65.58453,0.85,683.799023,1367.519922,262.139061,1367.519922,637.795947,375.036711,262.139061,375.036711,170.064913,-97.396805,134.456667,31.425512,134.456667,477.15879,93.021314,31.425512,93.021314,496.967836,725.761865,1.0,3.124717,0.455481,4.634654
27065.0,-0.032075,-0.620421,-0.783613,0.950634,-0.26105,0.167774,-0.308652,-0.739547,0.598167,156.400488,371.666383,-142.01737,3.594387,3.595537,3.595456,89.967496,89.987142,90.017273,116.607057,0.069435,0.068425,81.650307,0.967033,716.748013,44.684923,58.97654,44.684923,251.400753,163.942944,58.97654,163.942944,55.402434,465.182661,-67.043161,-24.066135,-67.043161,240.21475,-75.606117,-24.066135,-75.606117,369.424832,540.340284,1.0,4.50147,0.929585,3.536968
28735.0,-0.093653,0.995258,-0.026288,-0.307394,-0.003792,0.951575,0.946962,0.097199,0.306291,434.549897,341.944833,14.470801,3.59487,3.59495,3.595401,89.96197,89.986847,90.004859,91.181508,0.059686,0.055337,90.064797,0.978947,282.943671,314.327411,55.483829,314.327411,334.075973,167.479049,55.483829,167.479049,362.468607,65.665262,13.818391,127.226793,13.818391,252.824503,-52.455623,127.226793,-52.455623,491.161057,627.154389,1.0,3.169211,1.259501,1.468512
29552.0,-0.394801,0.918641,-0.015194,-0.531334,-0.214795,0.81948,0.749544,0.331605,0.572906,176.697137,-194.342285,-132.724624,3.594458,3.593933,3.594225,89.972827,90.017767,89.987503,121.636638,0.059551,0.064401,69.125065,0.953125,-55.720865,213.790251,177.421517,213.790251,181.328816,-69.610576,177.421517,-69.610576,128.95635,315.437192,21.162069,66.517392,21.162069,190.410786,-7.107506,66.517392,-7.107506,330.356307,671.960445,1.0,3.160132,0.960749,1.154273
27604.0,-0.017508,0.999833,-0.005198,-0.703252,-0.008619,0.710888,0.710725,0.016102,0.703286,-327.547219,-165.80342,-172.008389,3.594658,3.591676,3.595428,90.054246,89.947981,89.978413,172.575046,0.080363,0.080619,61.374921,0.883333,-620.47479,-466.670379,-219.88909,-466.670379,-126.948606,106.420168,-219.88909,106.420168,764.010606,91.718536,9.172595,-225.093827,9.172595,317.161517,-104.536715,-225.093827,-104.536715,328.652971,777.63369,1.0,3.148904,0.790787,1.548145
29751.0,-0.452483,-0.012393,0.891687,-0.535958,0.802949,-0.260811,-0.712746,-0.595919,-0.369963,147.113411,89.275255,53.967661,3.594242,3.5957,3.594656,89.996676,89.984868,90.001815,89.341139,0.06116,0.055852,96.593132,0.989071,79.346024,-51.83804,-116.535259,-51.83804,402.970317,-132.446508,-116.535259,-132.446508,323.94194,302.64764,8.947036,-114.847525,8.947036,452.264189,177.510266,-114.847525,177.510266,470.535371,580.554326,1.0,1.286242,1.949766,4.016027
30657.0,0.17366,-0.984692,-0.014944,0.037698,-0.008517,0.999253,-0.984084,-0.174093,0.035642,476.311143,-50.145654,97.243405,3.595729,3.590406,3.594883,90.049844,89.980491,89.967773,119.755354,0.06095,0.064344,69.239835,0.983333,-1037.508726,437.209563,28.16458,437.209563,293.716192,-101.611058,28.16458,-101.611058,553.461925,-392.73645,144.397598,-78.449822,144.397598,170.082432,-75.982342,-78.449822,-75.982342,528.076969,720.816407,1.0,3.156547,1.535146,4.537291
27134.0,-0.010778,-0.797151,-0.603684,0.955002,0.170748,-0.242519,0.296402,-0.579133,0.759441,235.890664,-122.428684,11.891556,3.596381,3.595504,3.594221,90.019942,89.9961,89.9629,85.504073,0.059121,0.056871,102.898446,0.978142,154.595939,-337.265812,126.464669,-337.265812,752.090028,-52.761394,126.464669,-52.761394,319.046335,521.862081,29.083903,13.864854,29.083903,196.506599,25.274781,13.864854,25.274781,298.754011,552.609479,1.0,5.094388,0.708343,2.668547
29082.0,-0.248569,0.968613,0.001653,-0.480198,-0.124712,0.868249,0.841203,0.215026,0.496126,-94.587602,499.467979,81.781428,3.595231,3.596093,3.594037,89.980684,89.964122,90.01332,116.904647,0.063367,0.061077,70.616223,0.973404,651.72125,94.998505,4.076321,94.998505,-188.001463,50.061454,4.076321,50.061454,554.770145,417.658481,-34.687148,133.209443,-34.687148,319.800105,30.255844,133.209443,30.255844,625.252171,538.495585,1.0,3.139689,1.051665,1.320538
27966.0,0.184699,0.007157,-0.982769,0.648634,0.750367,0.127367,0.738349,-0.660982,0.13395,292.677143,75.903594,-182.094876,3.595383,3.594108,3.594006,89.977557,90.036372,89.995094,152.63565,0.069453,0.073766,60.144743,0.864407,155.197029,102.852437,397.024709,102.852437,233.250407,120.447566,397.024709,120.447566,111.115562,59.203694,119.849245,41.205512,119.849245,297.232969,-2.901588,41.205512,-2.901588,444.189648,697.303446,1.0,4.583507,1.436443,2.300962
29399.0,-0.326024,0.014911,0.945244,-0.495439,0.848872,-0.184273,-0.805139,-0.528388,-0.269365,15.909235,-147.258486,148.840424,3.595736,3.594005,3.593578,90.039426,90.002172,89.994408,140.401753,0.062903,0.069448,68.010261,0.836842,-24.24522,-182.744704,350.538764,-182.744704,206.357403,205.634606,350.538764,205.634606,268.173609,294.573021,4.956288,312.686337,4.956288,361.445277,77.432647,312.686337,77.432647,278.398783,699.594304,1.0,1.378264,1.84353,4.131619
27650.0,-0.023454,0.979861,0.198298,-0.676213,-0.161643,0.718754,0.736333,-0.117234,0.666386,98.928446,450.617405,87.879117,3.594038,3.593164,3.595668,90.024184,90.000601,89.992166,141.07529,0.08471,0.079846,65.250329,0.897297,-262.442363,-82.896454,3.854458,-82.896454,335.46359,250.087168,3.854458,250.087168,252.5042,-506.095307,-239.114598,54.610435,-239.114598,177.353133,282.032034,54.610435,282.032034,585.634946,1021.85608,1.0,2.872398,0.841445,1.728685
30416.0,0.176686,-0.984148,0.015303,0.057372,0.025819,0.998019,-0.982594,-0.175458,0.061024,408.681387,487.389571,116.834181,3.596082,3.593448,3.590731,89.908715,90.080157,90.009009,156.153309,0.117359,0.099267,73.319114,0.977528,-105.234854,-906.116697,-247.616363,-906.116697,-915.710391,461.153932,-247.616363,461.153932,618.280872,330.155374,-84.282294,-67.119405,-84.282294,272.149214,62.038072,-67.119405,62.038072,561.253039,493.056821,1.0,3.12626,1.509734,4.535686
29175.0,0.119,0.026017,-0.992553,0.090225,0.995237,0.036905,0.988786,-0.093944,0.116086,-27.484939,-262.758135,137.48638,3.594797,3.594883,3.593375,89.979751,90.020325,89.979165,173.282295,0.099044,0.09778,62.357302,0.808743,-106.358823,-122.237095,236.856919,-122.237095,317.223267,185.02776,236.856919,185.02776,166.025176,96.831005,-91.775471,144.563682,-91.775471,136.268628,39.894796,144.563682,39.894796,680.95658,1030.491983,1.0,4.675224,1.454448,1.665522
27264.0,0.040591,0.171454,-0.984356,0.381251,0.907974,0.173871,0.92358,-0.382345,-0.028511,354.176601,26.221969,-60.041955,3.596287,3.595484,3.592872,90.002488,90.003051,89.980143,60.923483,0.057534,0.051489,132.634757,0.983871,-251.264714,174.168421,28.912674,174.168421,560.9781,200.334095,28.912674,200.334095,509.079993,269.104787,36.144409,43.255698,36.144409,403.282696,15.766465,43.255698,15.766465,604.804936,188.85302,1.0,4.537558,1.599312,1.963297
31061.0,0.496196,0.053509,-0.86656,0.141879,0.979685,0.141734,0.856539,-0.193274,0.478524,-407.809367,-203.696256,162.313496,3.594524,3.594694,3.59712,89.994785,89.997054,90.012529,112.30917,0.064942,0.064936,86.882313,0.967914,683.965792,-179.86462,-298.693285,-179.86462,216.882104,-23.789975,-298.693285,-23.789975,389.648062,26.709589,55.410103,-279.645183,55.410103,591.596412,84.085282,-279.645183,84.085282,293.061386,632.554909,1.0,4.550265,1.071823,1.792725
27484.0,0.098566,-0.993816,0.051137,0.930662,0.110254,0.348873,-0.352354,0.013204,0.935774,293.370084,-384.675273,-100.296633,3.597459,3.589513,3.595217,90.013264,89.95465,90.023596,141.965761,0.073335,0.077952,75.682972,0.978022,-1139.084877,491.330465,63.601998,491.330465,1093.182362,82.577691,63.601998,82.577691,181.407908,173.738282,-51.791409,-38.007156,-51.791409,79.043714,-42.328587,-38.007156,-42.328587,466.002073,697.794624,1.0,2.996051,0.36035,4.749846
28441.0,0.320892,-0.945558,0.054294,0.721437,0.28117,0.632828,-0.613642,-0.1639,0.772386,-258.844777,418.356244,-174.336999,3.593298,3.590296,3.595488,90.018162,90.012419,90.095768,179.35477,0.089934,0.087054,67.561614,0.961749,-393.172492,803.427099,-450.743439,803.427099,-484.528673,543.708871,-450.743439,543.708871,147.80622,-362.75696,29.173652,-35.406092,29.173652,239.950128,-54.71559,-35.406092,-54.71559,514.991382,732.889644,1.0,3.056006,0.688207,4.451388
27357.0,0.054754,0.71177,-0.700276,0.518987,0.578863,0.628944,0.853027,-0.397871,-0.337704,-232.082572,266.298554,-134.665397,3.594844,3.594644,3.595321,90.068713,90.008356,90.015925,156.832802,0.099521,0.099056,72.417741,0.822222,891.870001,-138.913232,-12.066856,-138.913232,-271.635723,185.71692,-12.066856,185.71692,244.038269,-136.463376,138.844606,-187.609011,138.844606,500.529002,-150.933543,-187.609011,-150.933543,408.488108,1271.168083,1.0,3.980604,1.915273,2.007223
27702.0,-0.067648,0.52358,0.849286,-0.963816,0.185693,-0.19125,-0.257841,-0.831494,0.492074,-94.88698,-293.876229,-105.021368,3.596854,3.594541,3.595478,90.03736,90.019715,89.954413,78.794708,0.081201,0.060404,131.131648,0.967742,70.893456,-86.323373,278.557358,-86.323373,602.72897,426.813329,278.557358,426.813329,765.38203,302.591327,-13.864214,4.281186,-13.864214,263.221161,-47.626221,4.281186,-47.626221,522.151707,232.084862,1.0,1.349302,1.056326,3.442284
27389.0,0.062136,-0.966796,0.247881,0.651754,0.227399,0.723537,-0.755881,0.1166,0.644243,-141.992201,20.704955,-75.188778,3.595896,3.593142,3.594696,90.005,89.97898,89.992828,109.820278,0.066305,0.063458,70.829812,0.946524,-162.233757,135.951875,78.165993,135.951875,518.353453,-215.298486,78.165993,-215.298486,210.10142,-81.17067,-7.748853,175.543144,-7.748853,338.087986,-185.49223,175.543144,-185.49223,581.206489,520.75915,1.0,2.811528,0.870763,4.86544
27714.0,-0.074729,0.137336,0.987702,-0.996939,0.012558,-0.077174,-0.023002,-0.990445,0.135977,47.370735,422.07968,14.139433,3.595466,3.595044,3.592749,90.013429,90.014103,89.974262,121.733235,0.058501,0.061959,76.837685,0.988889,-322.127179,146.747404,46.92633,146.747404,406.719327,238.483074,46.92633,238.483074,349.074039,209.277132,-1.345843,69.451175,-1.345843,123.532111,48.484414,69.451175,48.484414,457.262205,748.471191,1.0,1.49282,1.434397,3.164812
28448.0,0.254478,0.072815,-0.964333,0.541118,0.81573,0.20439,0.801519,-0.573831,0.168184,433.955661,465.7624,-131.465034,3.597695,3.595901,3.592598,89.967995,90.033117,89.938364,98.930336,0.082466,0.06788,111.57845,0.97861,-143.015156,303.080847,572.831205,303.080847,1168.887769,301.432479,572.831205,301.432479,223.567307,11.096378,-27.878345,147.721261,-27.878345,429.295001,-55.305985,147.721261,-55.305985,394.249429,408.488136,1.0,4.50353,1.401809,2.192134
27415.0,0.072563,0.456025,-0.887004,0.780816,0.527354,0.334999,0.620533,-0.716895,-0.317805,-320.263428,-150.169898,51.079481,3.595658,3.594802,3.592828,89.993342,89.982877,90.015752,140.32196,0.099691,0.100507,79.978819,0.863388,-255.193677,4.246967,-233.100777,4.246967,319.991147,176.041179,-233.100777,176.041179,377.128934,82.657259,135.89094,20.178889,135.89094,236.024642,27.500853,20.178889,27.500853,426.214089,756.529319,1.0,4.351276,1.89421,2.428121
27443.0,0.080471,-0.979775,0.18321,0.850111,0.16343,0.500601,-0.520418,0.115465,0.846069,336.600666,505.371003,-127.595839,3.592851,3.59258,3.594415,89.955491,90.048531,89.941531,188.331981,0.089859,0.091856,61.998729,0.829787,-582.226653,-628.276383,38.946125,-628.276383,-340.516397,71.913149,38.946125,71.913149,405.750238,8.758452,-59.684086,5.605284,-59.684086,288.309706,80.097421,5.605284,80.097421,455.56795,975.959458,1.0,2.790754,0.562229,4.930721
27785.0,-0.082235,0.92062,0.381702,-0.884384,-0.243981,0.397918,0.45946,-0.304848,0.834245,254.989388,195.509628,112.840316,3.593747,3.594748,3.596184,90.009945,89.987598,90.00091,58.293337,0.054577,0.048029,113.280802,1.0,225.753931,-17.075934,89.209204,-17.075934,18.591187,212.783771,89.209204,212.783771,584.625838,434.99936,12.309051,5.440452,12.309051,127.969401,238.703728,5.440452,238.703728,564.51115,441.76753,1.0,2.376992,0.584035,2.156599
28073.0,-0.147174,0.986092,0.077211,-0.788767,-0.164107,0.592381,0.596813,0.026281,0.80195,222.822315,-119.456405,-68.663458,3.593919,3.59623,3.594657,90.014317,89.990421,89.996321,110.431276,0.060063,0.060937,72.861077,0.946524,601.62427,-202.723136,-56.960404,-202.723136,49.176397,82.209371,-56.960404,82.209371,213.595495,425.264992,-82.640997,13.079748,-82.640997,-39.152321,-4.019876,13.079748,-4.019876,354.131514,599.02656,1.0,3.011983,0.640245,1.526789
30998.0,0.502165,0.098148,-0.859184,0.153866,0.967545,0.200456,0.850974,-0.232861,0.470765,-213.280582,-250.290197,-114.173302,3.597009,3.592967,3.595934,90.033999,90.055995,89.97918,124.496655,0.082213,0.075036,72.119121,0.92973,1123.185346,291.784493,309.310356,291.784493,-291.146719,127.986462,309.310356,127.986462,338.574398,96.911574,-106.665175,107.829407,-106.665175,99.420881,-66.036294,107.829407,-66.036294,365.456251,558.991644,1.0,4.483179,1.080639,1.837899
27836.0,-0.110176,0.273407,0.955568,-0.982237,0.116975,-0.146719,-0.151891,-0.954759,0.255663,-175.560662,-78.864703,157.243622,3.593999,3.59537,3.593728,90.039184,89.995306,90.022037,109.654981,0.065594,0.059141,74.726148,0.966851,-188.586097,14.570098,150.885591,14.570098,98.797836,-284.198609,150.885591,-284.198609,478.249275,190.970641,63.176414,-114.794243,63.176414,127.888273,-174.554836,-114.794243,-174.554836,692.725011,549.992799,1.0,1.418445,1.312263,3.299359
29735.0,0.401508,0.109806,-0.909249,0.346648,0.900706,0.261848,0.847718,-0.420323,0.323577,-360.210166,-332.020996,-53.253365,3.593647,3.593914,3.595875,90.007958,90.012037,90.039447,168.267158,0.108164,0.101433,71.829093,0.851064,503.221449,-200.918459,-121.522401,-200.918459,-234.367512,-236.030953,-121.522401,-236.030953,214.133767,13.21437,-45.361257,-10.668672,-45.361257,697.190569,-109.858433,-10.668672,-109.858433,186.234309,1090.380109,1.0,4.431994,1.241289,2.031101
28399.0,-0.134589,0.985009,0.107903,-0.512426,-0.16239,0.843237,0.848118,0.058198,0.5266,104.681015,-366.268946,74.695072,3.596528,3.59477,3.594499,90.011852,90.041564,89.962118,138.626275,0.066176,0.067839,80.721623,0.967391,150.77248,-155.706239,151.837905,-155.706239,713.789034,-459.188879,151.837905,-459.188879,274.756927,168.029632,52.724861,9.570059,52.724861,307.783434,-84.502074,9.570059,-84.502074,476.646811,760.54073,1.0,3.014321,1.0162,1.502284
29131.0,0.353368,0.117629,-0.928059,0.452876,0.846553,0.279735,0.818557,-0.519145,0.245873,47.402249,119.534221,-22.350516,3.594793,3.595285,3.59475,89.978275,89.989049,90.015863,132.782542,0.074648,0.079495,68.336055,0.945055,124.374063,-205.586016,38.979165,-205.586016,353.333321,-79.911486,38.979165,-79.911486,392.28019,81.143147,38.952922,-39.953597,38.952922,626.157864,64.389483,-39.953597,64.389483,306.125727,722.530181,1.0,4.41963,1.322376,2.135998
28560.0,-0.07417,0.268038,0.960549,-0.303631,0.911401,-0.277769,-0.949898,-0.312255,0.013786,-254.958742,-25.751501,-134.002223,3.594567,3.594443,3.595606,89.990016,89.97356,89.972532,85.600721,0.063889,0.058706,88.711521,1.0,452.357767,-114.083605,-285.385082,-114.083605,41.257252,-107.534583,-285.385082,-107.534583,317.473086,418.525494,13.129023,-152.935297,13.129023,119.993824,-67.51927,-152.935297,-67.51927,440.444771,405.119303,1.0,1.289298,1.55701,4.394792
28142.0,0.10465,-0.985249,0.135396,0.201648,0.154337,0.967222,-0.973851,-0.073917,0.214824,113.824488,56.529151,-67.465634,3.595725,3.596028,3.595241,89.998481,90.021445,90.024505,45.37193,0.057432,0.046138,125.682984,0.994595,622.323455,-27.797831,-183.852577,-27.797831,301.53465,174.213533,-183.852577,174.213533,548.973454,459.963725,25.336665,33.081189,25.336665,515.50603,35.357637,33.081189,35.357637,397.496726,135.772379,1.0,3.002512,1.354284,4.636632
27681.0,0.157278,0.182515,-0.970542,0.966295,0.174378,0.189383,0.203807,-0.967616,-0.148938,-57.789878,102.423065,-46.049092,3.594633,3.596242,3.593878,89.985301,90.009892,89.993247,159.371459,0.085977,0.087337,65.552248,0.956757,5.297545,125.973576,19.930497,125.973576,206.693335,-140.447729,19.930497,-140.447729,637.520301,166.723689,389.053361,333.659863,389.053361,77.016342,-133.307434,333.659863,-133.307434,536.623853,1168.353227,1.0,4.519679,1.72029,2.933999
28086.0,-0.194218,0.200458,0.960258,-0.969093,0.112582,-0.219507,-0.15211,-0.973212,0.172397,-18.447238,-461.781568,-20.670194,3.595104,3.59662,3.593783,89.972672,89.960626,90.002256,174.552773,0.081206,0.080081,62.228862,0.914439,-21.73239,-198.663922,-422.774532,-198.663922,461.228498,-41.044679,-422.774532,-41.044679,619.531056,32.473524,-0.868691,242.612423,-0.868691,132.694509,-88.039576,242.612423,-88.039576,593.868182,895.987849,1.0,1.346066,1.397534,3.296635
27791.0,0.18864,0.217653,-0.957623,0.950035,0.206498,0.234078,0.248695,-0.953932,-0.167824,500.230508,-317.763125,-17.140662,3.59467,3.595884,3.589699,89.983347,90.043937,90.017951,136.818873,0.074429,0.073837,82.37034,0.947644,-972.990514,597.27257,-41.747195,597.27257,-65.470647,122.83845,-41.747195,122.83845,635.574881,71.09116,43.930655,-106.319386,43.930655,260.384563,26.36976,-106.319386,26.36976,516.563174,541.628306,1.0,4.472653,1.739418,2.886564
28104.0,-0.189248,0.954446,0.230691,-0.923996,-0.252602,0.287094,0.332289,-0.158826,0.929709,33.714293,194.700764,-30.633864,3.593063,3.597156,3.595821,89.938444,90.028552,90.073455,153.06767,0.08079,0.082188,71.223171,0.87234,1334.850513,493.171534,251.788866,493.171534,-342.606276,249.969754,251.788866,249.969754,213.95548,477.640958,122.601446,-37.27861,122.601446,57.162559,286.780354,-37.27861,286.780354,508.001107,679.77065,1.0,2.464698,0.377175,2.016669
28696.0,0.233862,-0.951131,0.201638,0.389561,0.281679,0.876869,-0.890815,-0.126516,0.436398,-405.144102,318.842484,112.871566,3.595597,3.589362,3.593737,90.065322,89.956475,89.983305,128.757713,0.056346,0.057111,126.097724,0.988889,-929.634104,879.117159,86.566122,879.117159,-53.102923,-419.106344,86.566122,-419.106344,146.005415,241.918742,-44.745364,-62.743123,-44.745364,348.093294,25.868316,-62.743123,25.868316,355.047869,323.073376,1.0,2.91557,1.119205,4.57131
29818.0,0.14874,-0.962588,0.226495,0.080167,0.240027,0.96745,-0.985621,-0.125741,0.112869,470.54195,-108.632509,-179.778626,3.597056,3.592297,3.595841,90.011165,90.06819,89.991471,103.664497,0.064598,0.060428,93.291569,0.961957,-385.20355,217.688328,36.689263,217.688328,350.723246,556.51738,36.689263,556.51738,1005.796339,322.346957,21.540254,-49.964701,21.540254,426.56886,-22.173957,-49.964701,-22.173957,761.172874,294.58084,1.0,2.911619,1.457686,4.585499
27949.0,0.244524,-0.133216,-0.960449,0.968555,-0.013353,0.24844,-0.045921,-0.990997,0.125762,321.83906,-255.421055,68.268428,3.594508,3.596085,3.588436,90.058282,90.031819,89.983379,192.168579,0.097406,0.096504,55.773032,0.817204,-1390.827392,636.52469,-268.917992,636.52469,-69.228044,-90.370789,-268.917992,-90.370789,716.035293,-249.63262,168.019081,18.463732,168.019081,261.973156,144.971314,18.463732,144.971314,833.986761,849.254877,1.0,4.459266,1.4447,3.187898
28839.0,0.178844,0.243295,-0.953322,0.238533,0.929314,0.281917,0.954524,-0.277818,0.108168,265.618586,-152.901016,-165.525186,3.595864,3.594593,3.592212,90.000895,90.001118,90.015946,112.520132,0.054762,0.055276,93.276922,0.989474,-403.019191,169.976635,109.687516,169.976635,93.07626,-56.980219,109.687516,-56.980219,579.586853,-72.544322,-144.397386,-5.988543,-144.397386,211.924617,59.999194,-5.988543,59.999194,621.780848,723.098632,1.0,4.424863,1.462416,1.854026
30251.0,-0.596995,0.237278,0.766353,-0.49912,0.638013,-0.58636,-0.628074,-0.732556,-0.26246,-84.572494,127.222522,-139.976804,3.595302,3.594596,3.594937,89.98799,90.021913,90.036808,113.439962,0.06655,0.072839,81.000643,0.951087,623.60305,219.094292,-41.461051,219.094292,289.48039,19.316545,-41.461051,19.316545,-40.735465,284.861641,8.671688,-65.452363,8.671688,293.315969,-65.791835,-65.452363,-65.791835,505.209969,526.277036,1.0,0.917681,1.836367,3.850351
29285.0,0.573415,-0.798162,0.184748,0.710553,0.596767,0.372805,-0.407811,-0.082499,0.909332,201.705936,295.487031,173.989397,3.595803,3.593921,3.594219,90.002797,89.98684,90.020631,130.320729,0.067154,0.0722,80.56701,0.967391,377.162938,303.773408,-89.254865,303.773408,178.882311,-24.899004,-89.254865,-24.899004,67.77621,232.859176,245.10664,-83.953848,245.10664,384.790921,-27.003537,-83.953848,-27.003537,253.584952,851.236189,1.0,2.681501,0.429121,4.512786
28458.0,0.204675,0.105114,-0.97317,0.401455,0.897735,0.181399,0.892716,-0.427812,0.141546,-366.170219,-414.432441,-86.280171,3.593522,3.590267,3.593339,89.873393,89.965932,90.081802,217.04769,0.107282,0.104071,65.254457,0.834254,-538.422728,-1286.577005,269.418351,-1286.577005,-951.133809,16.757256,269.418351,16.757256,213.716805,182.513204,-6.864256,-72.709138,-6.864256,92.726744,-20.565398,-72.709138,-20.565398,240.996527,754.991089,1.0,4.528104,1.428774,2.017686
29997.0,-0.685924,0.044524,0.726309,-0.655325,0.396088,-0.643167,-0.316319,-0.917133,-0.242508,-30.306802,-98.062635,-136.138014,3.593155,3.595504,3.595122,89.942378,90.031383,90.061884,196.492581,0.067472,0.094294,71.094061,0.897727,420.672555,57.757635,-778.278053,57.757635,-85.748816,-259.566464,-778.278053,-259.566464,242.807288,764.982533,157.039234,53.080548,157.039234,336.901494,78.488394,53.080548,78.488394,281.878358,933.961033,1.0,0.846034,1.815747,3.473716
