x,y,z,Eul0,Eul1,Eul2
0.0,0.0,0.0,229.30620743572354,24.280804238748328,14.750468617030087
0.0,0.0,2.0,229.30620743572354,24.280804238748328,14.750468617030087
0.0,0.0,4.0,229.30620743572354,24.280804238748328,14.750468617030087
0.0,2.0,0.0,229.30620743572354,24.280804238748328,14.750468617030087
0.0,2.0,2.0,229.30620743572354,24.280804238748328,14.750468617030087
0.0,2.0,4.0,229.30620743572354,24.280804238748328,14.750468617030087
0.0,4.0,0.0,229.30620743572354,24.280804238748328,14.750468617030087
0.0,4.0,2.0,229.30620743572354,24.280804238748328,14.750468617030087
0.0,4.0,4.0,229.30620743572354,24.280804238748328,14.750468617030087
0.0,6.0,0.0,229.30620743572354,24.280804238748328,14.750468617030087
0.0,6.0,2.0,229.30620743572354,24.280804238748328,14.750468617030087
0.0,6.0,4.0,229.30620743572354,24.280804238748328,14.750468617030087
0.0,8.0,0.0,229.30620743572354,24.280804238748328,14.750468617030087
0.0,8.0,2.0,229.30620743572354,24.280804238748328,14.750468617030087
0.0,8.0,4.0,229.30620743572354,24.280804238748328,14.750468617030087
0.0,10.0,0.0,229.30620743572354,24.280804238748328,14.750468617030087
0.0,10.0,2.0,229.30620743572354,24.280804238748328,14.750468617030087
0.0,10.0,4.0,229.30620743572354,24.280804238748328,14.750468617030087
0.0,12.0,0.0,229.30620743572354,24.280804238748328,14.750468617030087
0.0,12.0,2.0,229.30620743572354,24.280804238748328,14.750468617030087
0.0,12.0,4.0,229.30620743572354,24.280804238748328,14.750468617030087
0.0,14.0,0.0,229.30620743572354,24.280804238748328,14.750468617030087
0.0,14.0,2.0,229.30620743572354,24.280804238748328,14.750468617030087
0.0,14.0,4.0,229.30620743572354,24.280804238748328,14.750468617030087
0.0,16.0,0.0,229.30620743572354,24.280804238748328,14.750468617030087
0.0,16.0,2.0,229.30620743572354,24.280804238748328,14.750468617030087
0.0,16.0,4.0,229.30620743572354,24.280804238748328,14.750468617030087
0.0,18.0,0.0,229.30620743572354,24.280804238748328,14.750468617030087
0.0,18.0,2.0,229.30620743572354,24.280804238748328,14.750468617030087
0.0,18.0,4.0,229.30620743572354,24.280804238748328,14.750468617030087
0.0,20.0,0.0,229.30620743572354,24.280804238748328,14.750468617030087
0.0,20.0,2.0,229.30620743572354,24.280804238748328,14.750468617030087
0.0,20.0,4.0,229.30620743572354,24.280804238748328,14.750468617030087
0.0,22.0,0.0,229.30620743572354,24.280804238748328,14.750468617030087
0.0,22.0,2.0,229.30620743572354,24.280804238748328,14.750468617030087
0.0,22.0,4.0,229.30620743572354,24.280804238748328,14.750468617030087
0.0,24.0,0.0,229.30620743572354,24.280804238748328,14.750468617030087
0.0,24.0,2.0,229.30620743572354,24.280804238748328,14.750468617030087
0.0,24.0,4.0,229.30620743572354,24.280804238748328,14.750468617030087
0.0,26.0,0.0,229.30620743572354,24.280804238748328,14.750468617030087
0.0,26.0,2.0,229.30620743572354,24.280804238748328,14.750468617030087
0.0,26.0,4.0,229.30620743572354,24.280804238748328,14.750468617030087
0.0,28.0,0.0,229.30620743572354,24.280804238748328,14.750468617030087
0.0,28.0,2.0,229.30620743572354,24.280804238748328,14.750468617030087
0.0,28.0,4.0,229.30620743572354,24.280804238748328,14.750468617030087
0.0,30.0,0.0,229.30620743572354,24.280804238748328,14.750468617030087
0.0,30.0,2.0,229.30620743572354,24.280804238748328,14.750468617030087
0.0,30.0,4.0,229.30620743572354,24.280804238748328,14.750468617030087
0.0,32.0,0.0,229.30620743572354,24.280804238748328,14.750468617030087
0.0,32.0,2.0,229.30620743572354,24.280804238748328,14.750468617030087
0.0,32.0,4.0,229.30620743572354,24.280804238748328,14.750468617030087
0.0,34.0,0.0,229.30620743572354,24.280804238748328,14.750468617030087
0.0,34.0,2.0,229.30620743572354,24.280804238748328,14.750468617030087
0.0,34.0,4.0,229.30620743572354,24.280804238748328,14.750468617030087
0.0,36.0,0.0,229.30620743572354,24.280804238748328,14.750468617030087
0.0,36.0,2.0,229.30620743572354,24.280804238748328,14.750468617030087
0.0,36.0,4.0,229.30620743572354,24.280804238748328,14.750468617030087
0.0,38.0,0.0,229.30620743572354,24.280804238748328,14.750468617030087
0.0,38.0,2.0,229.30620743572354,24.280804238748328,14.750468617030087
0.0,38.0,4.0,229.30620743572354,24.280804238748328,14.750468617030087
0.0,40.0,0.0,229.30620743572354,24.280804238748328,14.750468617030087
0.0,40.0,2.0,229.30620743572354,24.280804238748328,14.750468617030087
0.0,40.0,4.0,229.30620743572354,24.280804238748328,14.750468617030087
0.0,42.0,0.0,229.30620743572354,24.280804238748328,14.750468617030087
0.0,42.0,2.0,229.30620743572354,24.280804238748328,14.750468617030087
0.0,42.0,4.0,229.30620743572354,24.280804238748328,14.750468617030087
0.0,44.0,0.0,229.30620743572354,24.280804238748328,14.750468617030087
0.0,44.0,2.0,229.30620743572354,24.280804238748328,14.750468617030087
0.0,44.0,4.0,229.30620743572354,24.280804238748328,14.750468617030087
0.0,46.0,0.0,229.30620743572354,24.280804238748328,14.750468617030087
0.0,46.0,2.0,229.30620743572354,24.280804238748328,14.750468617030087
0.0,46.0,4.0,229.30620743572354,24.280804238748328,14.750468617030087
2.0,0.0,0.0,229.30620743572354,24.280804238748328,14.750468617030087
2.0,0.0,2.0,229.30620743572354,24.280804238748328,14.750468617030087
2.0,0.0,4.0,229.30620743572354,24.280804238748328,14.750468617030087
2.0,2.0,0.0,229.30620743572354,24.280804238748328,14.750468617030087
2.0,2.0,2.0,229.30620743572354,24.280804238748328,14.750468617030087
2.0,2.0,4.0,229.30620743572354,24.280804238748328,14.750468617030087
2.0,4.0,0.0,229.30620743572354,24.280804238748328,14.750468617030087
2.0,4.0,2.0,229.30620743572354,24.280804238748328,14.750468617030087
2.0,4.0,4.0,229.30620743572354,24.280804238748328,14.750468617030087
2.0,6.0,0.0,229.30620743572354,24.280804238748328,14.750468617030087
2.0,6.0,2.0,229.30620743572354,24.280804238748328,14.750468617030087
2.0,6.0,4.0,229.30620743572354,24.280804238748328,14.750468617030087
2.0,8.0,0.0,229.30620743572354,24.280804238748328,14.750468617030087
2.0,8.0,2.0,229.30620743572354,24.280804238748328,14.750468617030087
2.0,8.0,4.0,229.30620743572354,24.280804238748328,14.750468617030087
2.0,10.0,0.0,229.30620743572354,24.280804238748328,14.750468617030087
2.0,10.0,2.0,229.30620743572354,24.280804238748328,14.750468617030087
2.0,10.0,4.0,229.30620743572354,24.280804238748328,14.750468617030087
2.0,12.0,0.0,229.30620743572354,24.280804238748328,14.750468617030087
2.0,12.0,2.0,229.30620743572354,24.280804238748328,14.750468617030087
2.0,12.0,4.0,229.30620743572354,24.280804238748328,14.750468617030087
2.0,14.0,0.0,229.30620743572354,24.280804238748328,14.750468617030087
2.0,14.0,2.0,229.30620743572354,24.280804238748328,14.750468617030087
2.0,14.0,4.0,229.30620743572354,24.280804238748328,14.750468617030087
2.0,16.0,0.0,229.30620743572354,24.280804238748328,14.750468617030087
2.0,16.0,2.0,229.30620743572354,24.280804238748328,14.750468617030087
2.0,16.0,4.0,229.30620743572354,24.280804238748328,14.750468617030087
2.0,18.0,0.0,229.30620743572354,24.280804238748328,14.750468617030087
2.0,18.0,2.0,229.30620743572354,24.280804238748328,14.750468617030087
2.0,18.0,4.0,229.30620743572354,24.280804238748328,14.750468617030087
2.0,20.0,0.0,229.30620743572354,24.280804238748328,14.750468617030087
2.0,20.0,2.0,229.30620743572354,24.280804238748328,14.750468617030087
2.0,20.0,4.0,229.30620743572354,24.280804238748328,14.750468617030087
2.0,22.0,0.0,229.30620743572354,24.280804238748328,14.750468617030087
2.0,22.0,2.0,229.30620743572354,24.280804238748328,14.750468617030087
2.0,22.0,4.0,229.30620743572354,24.280804238748328,14.750468617030087
2.0,24.0,0.0,229.30620743572354,24.280804238748328,14.750468617030087
2.0,24.0,2.0,229.30620743572354,24.280804238748328,14.750468617030087
2.0,24.0,4.0,229.30620743572354,24.280804238748328,14.750468617030087
2.0,26.0,0.0,229.30620743572354,24.280804238748328,14.750468617030087
2.0,26.0,2.0,229.30620743572354,24.280804238748328,14.750468617030087
2.0,26.0,4.0,229.30620743572354,24.280804238748328,14.750468617030087
2.0,28.0,0.0,229.30620743572354,24.280804238748328,14.750468617030087
2.0,28.0,2.0,229.30620743572354,24.280804238748328,14.750468617030087
2.0,28.0,4.0,229.30620743572354,24.280804238748328,14.750468617030087
2.0,30.0,0.0,229.30620743572354,24.280804238748328,14.750468617030087
2.0,30.0,2.0,229.30620743572354,24.280804238748328,14.750468617030087
2.0,30.0,4.0,229.30620743572354,24.280804238748328,14.750468617030087
2.0,32.0,0.0,229.30620743572354,24.280804238748328,14.750468617030087
2.0,32.0,2.0,229.30620743572354,24.280804238748328,14.750468617030087
2.0,32.0,4.0,229.30620743572354,24.280804238748328,14.750468617030087
2.0,34.0,0.0,229.30620743572354,24.280804238748328,14.750468617030087
2.0,34.0,2.0,229.30620743572354,24.280804238748328,14.750468617030087
2.0,34.0,4.0,229.30620743572354,24.280804238748328,14.750468617030087
2.0,36.0,0.0,229.30620743572354,24.280804238748328,14.750468617030087
2.0,36.0,2.0,229.30620743572354,24.280804238748328,14.750468617030087
2.0,36.0,4.0,229.30620743572354,24.280804238748328,14.750468617030087
2.0,38.0,0.0,229.30620743572354,24.280804238748328,14.750468617030087
2.0,38.0,2.0,229.30620743572354,24.280804238748328,14.750468617030087
2.0,38.0,4.0,229.30620743572354,24.280804238748328,14.750468617030087
2.0,40.0,0.0,229.30620743572354,24.280804238748328,14.750468617030087
2.0,40.0,2.0,229.30620743572354,24.280804238748328,14.750468617030087
2.0,40.0,4.0,229.30620743572354,24.280804238748328,14.750468617030087
2.0,42.0,0.0,229.30620743572354,24.280804238748328,14.750468617030087
2.0,42.0,2.0,229.30620743572354,24.280804238748328,14.750468617030087
2.0,42.0,4.0,229.30620743572354,24.280804238748328,14.750468617030087
2.0,44.0,0.0,229.30620743572354,24.280804238748328,14.750468617030087
2.0,44.0,2.0,229.30620743572354,24.280804238748328,14.750468617030087
2.0,44.0,4.0,229.30620743572354,24.280804238748328,14.750468617030087
2.0,46.0,0.0,229.30620743572354,24.280804238748328,14.750468617030087
2.0,46.0,2.0,229.30620743572354,24.280804238748328,14.750468617030087
2.0,46.0,4.0,229.30620743572354,24.280804238748328,14.750468617030087
4.0,0.0,0.0,229.30620743572354,24.280804238748328,14.750468617030087
4.0,0.0,2.0,229.30620743572354,24.280804238748328,14.750468617030087
4.0,0.0,4.0,229.30620743572354,24.280804238748328,14.750468617030087
4.0,2.0,0.0,229.30620743572354,24.280804238748328,14.750468617030087
4.0,2.0,2.0,229.30620743572354,24.280804238748328,14.750468617030087
4.0,2.0,4.0,229.30620743572354,24.280804238748328,14.750468617030087
4.0,4.0,0.0,229.30620743572354,24.280804238748328,14.750468617030087
4.0,4.0,2.0,229.30620743572354,24.280804238748328,14.750468617030087
4.0,4.0,4.0,229.30620743572354,24.280804238748328,14.750468617030087
4.0,6.0,0.0,229.30620743572354,24.280804238748328,14.750468617030087
4.0,6.0,2.0,229.30620743572354,24.280804238748328,14.750468617030087
4.0,6.0,4.0,229.30620743572354,24.280804238748328,14.750468617030087
4.0,8.0,0.0,229.30620743572354,24.280804238748328,14.750468617030087
4.0,8.0,2.0,229.30620743572354,24.280804238748328,14.750468617030087
4.0,8.0,4.0,229.30620743572354,24.280804238748328,14.750468617030087
4.0,10.0,0.0,229.30620743572354,24.280804238748328,14.750468617030087
4.0,10.0,2.0,229.30620743572354,24.280804238748328,14.750468617030087
4.0,10.0,4.0,229.30620743572354,24.280804238748328,14.750468617030087
4.0,12.0,0.0,229.30620743572354,24.280804238748328,14.750468617030087
4.0,12.0,2.0,229.30620743572354,24.280804238748328,14.750468617030087
4.0,12.0,4.0,229.30620743572354,24.280804238748328,14.750468617030087
4.0,14.0,0.0,229.30620743572354,24.280804238748328,14.750468617030087
4.0,14.0,2.0,229.30620743572354,24.280804238748328,14.750468617030087
4.0,14.0,4.0,229.30620743572354,24.280804238748328,14.750468617030087
4.0,16.0,0.0,229.30620743572354,24.280804238748328,14.750468617030087
4.0,16.0,2.0,229.30620743572354,24.280804238748328,14.750468617030087
4.0,16.0,4.0,229.30620743572354,24.280804238748328,14.750468617030087
4.0,18.0,0.0,229.30620743572354,24.280804238748328,14.750468617030087
4.0,18.0,2.0,229.30620743572354,24.280804238748328,14.750468617030087
4.0,18.0,4.0,229.30620743572354,24.280804238748328,14.750468617030087
4.0,20.0,0.0,229.30620743572354,24.280804238748328,14.750468617030087
4.0,20.0,2.0,229.30620743572354,24.280804238748328,14.750468617030087
4.0,20.0,4.0,229.30620743572354,24.280804238748328,14.750468617030087
4.0,22.0,0.0,229.30620743572354,24.280804238748328,14.750468617030087
4.0,22.0,2.0,229.30620743572354,24.280804238748328,14.750468617030087
4.0,22.0,4.0,229.30620743572354,24.280804238748328,14.750468617030087
4.0,24.0,0.0,229.30620743572354,24.280804238748328,14.750468617030087
4.0,24.0,2.0,229.30620743572354,24.280804238748328,14.750468617030087
4.0,24.0,4.0,229.30620743572354,24.280804238748328,14.750468617030087
4.0,26.0,0.0,229.30620743572354,24.280804238748328,14.750468617030087
4.0,26.0,2.0,229.30620743572354,24.280804238748328,14.750468617030087
4.0,26.0,4.0,229.30620743572354,24.280804238748328,14.750468617030087
4.0,28.0,0.0,229.30620743572354,24.280804238748328,14.750468617030087
4.0,28.0,2.0,229.30620743572354,24.280804238748328,14.750468617030087
4.0,28.0,4.0,229.30620743572354,24.280804238748328,14.750468617030087
4.0,30.0,0.0,229.30620743572354,24.280804238748328,14.750468617030087
4.0,30.0,2.0,229.30620743572354,24.280804238748328,14.750468617030087
4.0,30.0,4.0,229.30620743572354,24.280804238748328,14.750468617030087
4.0,32.0,0.0,229.30620743572354,24.280804238748328,14.750468617030087
4.0,32.0,2.0,229.30620743572354,24.280804238748328,14.750468617030087
4.0,32.0,4.0,229.30620743572354,24.280804238748328,14.750468617030087
4.0,34.0,0.0,229.30620743572354,24.280804238748328,14.750468617030087
4.0,34.0,2.0,229.30620743572354,24.280804238748328,14.750468617030087
4.0,34.0,4.0,229.30620743572354,24.280804238748328,14.750468617030087
4.0,36.0,0.0,229.30620743572354,24.280804238748328,14.750468617030087
4.0,36.0,2.0,229.30620743572354,24.280804238748328,14.750468617030087
4.0,36.0,4.0,229.30620743572354,24.280804238748328,14.750468617030087
4.0,38.0,0.0,229.30620743572354,24.280804238748328,14.750468617030087
4.0,38.0,2.0,229.30620743572354,24.280804238748328,14.750468617030087
4.0,38.0,4.0,229.30620743572354,24.280804238748328,14.750468617030087
4.0,40.0,0.0,229.30620743572354,24.280804238748328,14.750468617030087
4.0,40.0,2.0,229.30620743572354,24.280804238748328,14.750468617030087
4.0,40.0,4.0,229.30620743572354,24.280804238748328,14.750468617030087
4.0,42.0,0.0,229.30620743572354,24.280804238748328,14.750468617030087
4.0,42.0,2.0,229.30620743572354,24.280804238748328,14.750468617030087
4.0,42.0,4.0,229.30620743572354,24.280804238748328,14.750468617030087
4.0,44.0,0.0,229.30620743572354,24.280804238748328,14.750468617030087
4.0,44.0,2.0,229.30620743572354,24.280804238748328,14.750468617030087
4.0,44.0,4.0,229.30620743572354,24.280804238748328,14.750468617030087
4.0,46.0,0.0,229.30620743572354,24.280804238748328,14.750468617030087
4.0,46.0,2.0,229.30620743572354,24.280804238748328,14.750468617030087
4.0,46.0,4.0,229.30620743572354,24.280804238748328,14.750468617030087
6.0,0.0,0.0,229.30620743572354,24.280804238748328,14.750468617030087
6.0,0.0,2.0,229.30620743572354,24.280804238748328,14.750468617030087
6.0,0.0,4.0,229.30620743572354,24.280804238748328,14.750468617030087
6.0,2.0,0.0,229.30620743572354,24.280804238748328,14.750468617030087
6.0,2.0,2.0,229.30620743572354,24.280804238748328,14.750468617030087
6.0,2.0,4.0,229.30620743572354,24.280804238748328,14.750468617030087
6.0,4.0,0.0,229.30620743572354,24.280804238748328,14.750468617030087
6.0,4.0,2.0,229.30620743572354,24.280804238748328,14.750468617030087
6.0,4.0,4.0,229.30620743572354,24.280804238748328,14.750468617030087
6.0,6.0,0.0,229.30620743572354,24.280804238748328,14.750468617030087
6.0,6.0,2.0,229.30620743572354,24.280804238748328,14.750468617030087
6.0,6.0,4.0,229.30620743572354,24.280804238748328,14.750468617030087
6.0,8.0,0.0,229.30620743572354,24.280804238748328,14.750468617030087
6.0,8.0,2.0,229.30620743572354,24.280804238748328,14.750468617030087
6.0,8.0,4.0,229.30620743572354,24.280804238748328,14.750468617030087
6.0,10.0,0.0,229.30620743572354,24.280804238748328,14.750468617030087
6.0,10.0,2.0,229.30620743572354,24.280804238748328,14.750468617030087
6.0,10.0,4.0,229.30620743572354,24.280804238748328,14.750468617030087
6.0,12.0,0.0,229.30620743572354,24.280804238748328,14.750468617030087
6.0,12.0,2.0,229.30620743572354,24.280804238748328,14.750468617030087
6.0,12.0,4.0,229.30620743572354,24.280804238748328,14.750468617030087
6.0,14.0,0.0,229.30620743572354,24.280804238748328,14.750468617030087
6.0,14.0,2.0,229.30620743572354,24.280804238748328,14.750468617030087
6.0,14.0,4.0,229.30620743572354,24.280804238748328,14.750468617030087
6.0,16.0,0.0,229.30620743572354,24.280804238748328,14.750468617030087
6.0,16.0,2.0,229.30620743572354,24.280804238748328,14.750468617030087
6.0,16.0,4.0,229.30620743572354,24.280804238748328,14.750468617030087
6.0,18.0,0.0,229.30620743572354,24.280804238748328,14.750468617030087
6.0,18.0,2.0,229.30620743572354,24.280804238748328,14.750468617030087
6.0,18.0,4.0,229.30620743572354,24.280804238748328,14.750468617030087
6.0,20.0,0.0,229.30620743572354,24.280804238748328,14.750468617030087
6.0,20.0,2.0,229.30620743572354,24.280804238748328,14.750468617030087
6.0,20.0,4.0,229.30620743572354,24.280804238748328,14.750468617030087
6.0,22.0,0.0,229.30620743572354,24.280804238748328,14.750468617030087
6.0,22.0,2.0,229.30620743572354,24.280804238748328,14.750468617030087
6.0,22.0,4.0,229.30620743572354,24.280804238748328,14.750468617030087
6.0,24.0,0.0,229.30620743572354,24.280804238748328,14.750468617030087
6.0,24.0,2.0,229.30620743572354,24.280804238748328,14.750468617030087
6.0,24.0,4.0,229.30620743572354,24.280804238748328,14.750468617030087
6.0,26.0,0.0,229.30620743572354,24.280804238748328,14.750468617030087
6.0,26.0,2.0,229.30620743572354,24.280804238748328,14.750468617030087
6.0,26.0,4.0,229.30620743572354,24.280804238748328,14.750468617030087
6.0,28.0,0.0,229.30620743572354,24.280804238748328,14.750468617030087
6.0,28.0,2.0,229.30620743572354,24.280804238748328,14.750468617030087
6.0,28.0,4.0,229.30620743572354,24.280804238748328,14.750468617030087
6.0,30.0,0.0,229.30620743572354,24.280804238748328,14.750468617030087
6.0,30.0,2.0,229.30620743572354,24.280804238748328,14.750468617030087
6.0,30.0,4.0,229.30620743572354,24.280804238748328,14.750468617030087
6.0,32.0,0.0,229.30620743572354,24.280804238748328,14.750468617030087
6.0,32.0,2.0,229.30620743572354,24.280804238748328,14.750468617030087
6.0,32.0,4.0,229.30620743572354,24.280804238748328,14.750468617030087
6.0,34.0,0.0,229.30620743572354,24.280804238748328,14.750468617030087
6.0,34.0,2.0,229.30620743572354,24.280804238748328,14.750468617030087
6.0,34.0,4.0,229.30620743572354,24.280804238748328,14.750468617030087
6.0,36.0,0.0,229.30620743572354,24.280804238748328,14.750468617030087
6.0,36.0,2.0,229.30620743572354,24.280804238748328,14.750468617030087
6.0,36.0,4.0,229.30620743572354,24.280804238748328,14.750468617030087
6.0,38.0,0.0,229.30620743572354,24.280804238748328,14.750468617030087
6.0,38.0,2.0,229.30620743572354,24.280804238748328,14.750468617030087
6.0,38.0,4.0,229.30620743572354,24.280804238748328,14.750468617030087
6.0,40.0,0.0,229.30620743572354,24.280804238748328,14.750468617030087
6.0,40.0,2.0,229.30620743572354,24.280804238748328,14.750468617030087
6.0,40.0,4.0,229.30620743572354,24.280804238748328,14.750468617030087
6.0,42.0,0.0,229.30620743572354,24.280804238748328,14.750468617030087
6.0,42.0,2.0,229.30620743572354,24.280804238748328,14.750468617030087
6.0,42.0,4.0,229.30620743572354,24.280804238748328,14.750468617030087
6.0,44.0,0.0,229.30620743572354,24.280804238748328,14.750468617030087
6.0,44.0,2.0,229.30620743572354,24.280804238748328,14.750468617030087
6.0,44.0,4.0,229.30620743572354,24.280804238748328,14.750468617030087
6.0,46.0,0.0,229.30620743572354,24.280804238748328,14.750468617030087
6.0,46.0,2.0,229.30620743572354,24.280804238748328,14.750468617030087
6.0,46.0,4.0,229.30620743572354,24.280804238748328,14.750468617030087
8.0,0.0,0.0,229.30620743572354,24.280804238748328,14.750468617030087
8.0,0.0,2.0,229.30620743572354,24.280804238748328,14.750468617030087
8.0,0.0,4.0,229.30620743572354,24.280804238748328,14.750468617030087
8.0,2.0,0.0,229.30620743572354,24.280804238748328,14.750468617030087
8.0,2.0,2.0,229.30620743572354,24.280804238748328,14.750468617030087
8.0,2.0,4.0,229.30620743572354,24.280804238748328,14.750468617030087
8.0,4.0,0.0,229.30620743572354,24.280804238748328,14.750468617030087
8.0,4.0,2.0,229.30620743572354,24.280804238748328,14.750468617030087
8.0,4.0,4.0,229.30620743572354,24.280804238748328,14.750468617030087
8.0,6.0,0.0,229.30620743572354,24.280804238748328,14.750468617030087
8.0,6.0,2.0,229.30620743572354,24.280804238748328,14.750468617030087
8.0,6.0,4.0,229.30620743572354,24.280804238748328,14.750468617030087
8.0,8.0,0.0,229.30620743572354,24.280804238748328,14.750468617030087
8.0,8.0,2.0,229.30620743572354,24.280804238748328,14.750468617030087
8.0,8.0,4.0,229.30620743572354,24.280804238748328,14.750468617030087
8.0,10.0,0.0,229.30620743572354,24.280804238748328,14.750468617030087
8.0,10.0,2.0,229.30620743572354,24.280804238748328,14.750468617030087
8.0,10.0,4.0,229.30620743572354,24.280804238748328,14.750468617030087
8.0,12.0,0.0,229.30620743572354,24.280804238748328,14.750468617030087
8.0,12.0,2.0,229.30620743572354,24.280804238748328,14.750468617030087
8.0,12.0,4.0,229.30620743572354,24.280804238748328,14.750468617030087
8.0,14.0,0.0,229.30620743572354,24.280804238748328,14.750468617030087
8.0,14.0,2.0,229.30620743572354,24.280804238748328,14.750468617030087
8.0,14.0,4.0,229.30620743572354,24.280804238748328,14.750468617030087
8.0,16.0,0.0,229.30620743572354,24.280804238748328,14.750468617030087
8.0,16.0,2.0,229.30620743572354,24.280804238748328,14.750468617030087
8.0,16.0,4.0,229.30620743572354,24.280804238748328,14.750468617030087
8.0,18.0,0.0,229.30620743572354,24.280804238748328,14.750468617030087
8.0,18.0,2.0,229.30620743572354,24.280804238748328,14.750468617030087
8.0,18.0,4.0,229.30620743572354,24.280804238748328,14.750468617030087
8.0,20.0,0.0,229.30620743572354,24.280804238748328,14.750468617030087
8.0,20.0,2.0,229.30620743572354,24.280804238748328,14.750468617030087
8.0,20.0,4.0,229.30620743572354,24.280804238748328,14.750468617030087
8.0,22.0,0.0,229.30620743572354,24.280804238748328,14.750468617030087
8.0,22.0,2.0,229.30620743572354,24.280804238748328,14.750468617030087
8.0,22.0,4.0,229.30620743572354,24.280804238748328,14.750468617030087
8.0,24.0,0.0,229.30620743572354,24.280804238748328,14.750468617030087
8.0,24.0,2.0,229.30620743572354,24.280804238748328,14.750468617030087
8.0,24.0,4.0,229.30620743572354,24.280804238748328,14.750468617030087
8.0,26.0,0.0,229.30620743572354,24.280804238748328,14.750468617030087
8.0,26.0,2.0,229.30620743572354,24.280804238748328,14.750468617030087
8.0,26.0,4.0,229.30620743572354,24.280804238748328,14.750468617030087
8.0,28.0,0.0,229.30620743572354,24.280804238748328,14.750468617030087
8.0,28.0,2.0,229.30620743572354,24.280804238748328,14.750468617030087
8.0,28.0,4.0,229.30620743572354,24.280804238748328,14.750468617030087
8.0,30.0,0.0,229.30620743572354,24.280804238748328,14.750468617030087
8.0,30.0,2.0,229.30620743572354,24.280804238748328,14.750468617030087
8.0,30.0,4.0,229.30620743572354,24.280804238748328,14.750468617030087
8.0,32.0,0.0,229.30620743572354,24.280804238748328,14.750468617030087
8.0,32.0,2.0,229.30620743572354,24.280804238748328,14.750468617030087
8.0,32.0,4.0,229.30620743572354,24.280804238748328,14.750468617030087
8.0,34.0,0.0,229.30620743572354,24.280804238748328,14.750468617030087
8.0,34.0,2.0,229.30620743572354,24.280804238748328,14.750468617030087
8.0,34.0,4.0,229.30620743572354,24.280804238748328,14.750468617030087
8.0,36.0,0.0,229.30620743572354,24.280804238748328,14.750468617030087
8.0,36.0,2.0,229.30620743572354,24.280804238748328,14.750468617030087
8.0,36.0,4.0,229.30620743572354,24.280804238748328,14.750468617030087
8.0,38.0,0.0,229.30620743572354,24.280804238748328,14.750468617030087
8.0,38.0,2.0,229.30620743572354,24.280804238748328,14.750468617030087
8.0,38.0,4.0,229.30620743572354,24.280804238748328,14.750468617030087
8.0,40.0,0.0,229.30620743572354,24.280804238748328,14.750468617030087
8.0,40.0,2.0,229.30620743572354,24.280804238748328,14.750468617030087
8.0,40.0,4.0,229.30620743572354,24.280804238748328,14.750468617030087
8.0,42.0,0.0,229.30620743572354,24.280804238748328,14.750468617030087
8.0,42.0,2.0,229.30620743572354,24.280804238748328,14.750468617030087
8.0,42.0,4.0,229.30620743572354,24.280804238748328,14.750468617030087
8.0,44.0,0.0,229.30620743572354,24.280804238748328,14.750468617030087
8.0,44.0,2.0,229.30620743572354,24.280804238748328,14.750468617030087
8.0,44.0,4.0,229.30620743572354,24.280804238748328,14.750468617030087
8.0,46.0,0.0,229.30620743572354,24.280804238748328,14.750468617030087
8.0,46.0,2.0,229.30620743572354,24.280804238748328,14.750468617030087
8.0,46.0,4.0,229.30620743572354,24.280804238748328,14.750468617030087
10.0,0.0,0.0,229.30620743572354,24.280804238748328,14.750468617030087
10.0,0.0,2.0,229.30620743572354,24.280804238748328,14.750468617030087
10.0,0.0,4.0,229.30620743572354,24.280804238748328,14.750468617030087
10.0,2.0,0.0,229.30620743572354,24.280804238748328,14.750468617030087
10.0,2.0,2.0,229.30620743572354,24.280804238748328,14.750468617030087
10.0,2.0,4.0,229.30620743572354,24.280804238748328,14.750468617030087
10.0,4.0,0.0,229.30620743572354,24.280804238748328,14.750468617030087
10.0,4.0,2.0,229.30620743572354,24.280804238748328,14.750468617030087
10.0,4.0,4.0,229.30620743572354,24.280804238748328,14.750468617030087
10.0,6.0,0.0,229.30620743572354,24.280804238748328,14.750468617030087
10.0,6.0,2.0,229.30620743572354,24.280804238748328,14.750468617030087
10.0,6.0,4.0,229.30620743572354,24.280804238748328,14.750468617030087
10.0,8.0,0.0,229.30620743572354,24.280804238748328,14.750468617030087
10.0,8.0,2.0,229.30620743572354,24.280804238748328,14.750468617030087
10.0,8.0,4.0,229.30620743572354,24.280804238748328,14.750468617030087
10.0,10.0,0.0,229.30620743572354,24.280804238748328,14.750468617030087
10.0,10.0,2.0,229.30620743572354,24.280804238748328,14.750468617030087
10.0,10.0,4.0,229.30620743572354,24.280804238748328,14.750468617030087
10.0,12.0,0.0,229.30620743572354,24.280804238748328,14.750468617030087
10.0,12.0,2.0,229.30620743572354,24.280804238748328,14.750468617030087
10.0,12.0,4.0,229.30620743572354,24.280804238748328,14.750468617030087
10.0,14.0,0.0,229.30620743572354,24.280804238748328,14.750468617030087
10.0,14.0,2.0,229.30620743572354,24.280804238748328,14.750468617030087
10.0,14.0,4.0,229.30620743572354,24.280804238748328,14.750468617030087
10.0,16.0,0.0,229.30620743572354,24.280804238748328,14.750468617030087
10.0,16.0,2.0,229.30620743572354,24.280804238748328,14.750468617030087
10.0,16.0,4.0,229.30620743572354,24.280804238748328,14.750468617030087
10.0,18.0,0.0,229.30620743572354,24.280804238748328,14.750468617030087
10.0,18.0,2.0,229.30620743572354,24.280804238748328,14.750468617030087
10.0,18.0,4.0,229.30620743572354,24.280804238748328,14.750468617030087
10.0,20.0,0.0,229.30620743572354,24.280804238748328,14.750468617030087
10.0,20.0,2.0,229.30620743572354,24.280804238748328,14.750468617030087
10.0,20.0,4.0,229.30620743572354,24.280804238748328,14.750468617030087
10.0,22.0,0.0,229.30620743572354,24.280804238748328,14.750468617030087
10.0,22.0,2.0,229.30620743572354,24.280804238748328,14.750468617030087
10.0,22.0,4.0,229.30620743572354,24.280804238748328,14.750468617030087
10.0,24.0,0.0,229.30620743572354,24.280804238748328,14.750468617030087
10.0,24.0,2.0,229.30620743572354,24.280804238748328,14.750468617030087
10.0,24.0,4.0,229.30620743572354,24.280804238748328,14.750468617030087
10.0,26.0,0.0,229.30620743572354,24.280804238748328,14.750468617030087
10.0,26.0,2.0,229.30620743572354,24.280804238748328,14.750468617030087
10.0,26.0,4.0,229.30620743572354,24.280804238748328,14.750468617030087
10.0,28.0,0.0,229.30620743572354,24.280804238748328,14.750468617030087
10.0,28.0,2.0,229.30620743572354,24.280804238748328,14.750468617030087
10.0,28.0,4.0,229.30620743572354,24.280804238748328,14.750468617030087
10.0,30.0,0.0,229.30620743572354,24.280804238748328,14.750468617030087
10.0,30.0,2.0,229.30620743572354,24.280804238748328,14.750468617030087
10.0,30.0,4.0,229.30620743572354,24.280804238748328,14.750468617030087
10.0,32.0,0.0,229.30620743572354,24.280804238748328,14.750468617030087
10.0,32.0,2.0,229.30620743572354,24.280804238748328,14.750468617030087
10.0,32.0,4.0,229.30620743572354,24.280804238748328,14.750468617030087
10.0,34.0,0.0,229.30620743572354,24.280804238748328,14.750468617030087
10.0,34.0,2.0,229.30620743572354,24.280804238748328,14.750468617030087
10.0,34.0,4.0,229.30620743572354,24.280804238748328,14.750468617030087
10.0,36.0,0.0,229.30620743572354,24.280804238748328,14.750468617030087
10.0,36.0,2.0,229.30620743572354,24.280804238748328,14.750468617030087
10.0,36.0,4.0,229.30620743572354,24.280804238748328,14.750468617030087
10.0,38.0,0.0,229.30620743572354,24.280804238748328,14.750468617030087
10.0,38.0,2.0,229.30620743572354,24.280804238748328,14.750468617030087
10.0,38.0,4.0,229.30620743572354,24.280804238748328,14.750468617030087
10.0,40.0,0.0,229.30620743572354,24.280804238748328,14.750468617030087
10.0,40.0,2.0,229.30620743572354,24.280804238748328,14.750468617030087
10.0,40.0,4.0,229.30620743572354,24.280804238748328,14.750468617030087
10.0,42.0,0.0,229.30620743572354,24.280804238748328,14.750468617030087
10.0,42.0,2.0,229.30620743572354,24.280804238748328,14.750468617030087
10.0,42.0,4.0,229.30620743572354,24.280804238748328,14.750468617030087
10.0,44.0,0.0,229.30620743572354,24.280804238748328,14.750468617030087
10.0,44.0,2.0,229.30620743572354,24.280804238748328,14.750468617030087
10.0,44.0,4.0,229.30620743572354,24.280804238748328,14.750468617030087
10.0,46.0,0.0,229.30620743572354,24.280804238748328,14.750468617030087
10.0,46.0,2.0,229.30620743572354,24.280804238748328,14.750468617030087
10.0,46.0,4.0,229.30620743572354,24.280804238748328,14.750468617030087
12.0,0.0,0.0,12.929298390568922,63.0843692071287,-34.0196823479181
12.0,0.0,2.0,12.929298390568922,63.0843692071287,-34.0196823479181
12.0,0.0,4.0,12.929298390568922,63.0843692071287,-34.0196823479181
12.0,2.0,0.0,12.929298390568922,63.0843692071287,-34.0196823479181
12.0,2.0,2.0,12.929298390568922,63.0843692071287,-34.0196823479181
12.0,2.0,4.0,12.929298390568922,63.0843692071287,-34.0196823479181
12.0,4.0,0.0,12.929298390568922,63.0843692071287,-34.0196823479181
12.0,4.0,2.0,12.929298390568922,63.0843692071287,-34.0196823479181
12.0,4.0,4.0,12.929298390568922,63.0843692071287,-34.0196823479181
12.0,6.0,0.0,12.929298390568922,63.0843692071287,-34.0196823479181
12.0,6.0,2.0,12.929298390568922,63.0843692071287,-34.0196823479181
12.0,6.0,4.0,12.929298390568922,63.0843692071287,-34.0196823479181
12.0,8.0,0.0,12.929298390568922,63.0843692071287,-34.0196823479181
12.0,8.0,2.0,12.929298390568922,63.0843692071287,-34.0196823479181
12.0,8.0,4.0,12.929298390568922,63.0843692071287,-34.0196823479181
12.0,10.0,0.0,12.929298390568922,63.0843692071287,-34.0196823479181
12.0,10.0,2.0,12.929298390568922,63.0843692071287,-34.0196823479181
12.0,10.0,4.0,12.929298390568922,63.0843692071287,-34.0196823479181
12.0,12.0,0.0,12.929298390568922,63.0843692071287,-34.0196823479181
12.0,12.0,2.0,12.929298390568922,63.0843692071287,-34.0196823479181
12.0,12.0,4.0,12.929298390568922,63.0843692071287,-34.0196823479181
12.0,14.0,0.0,12.929298390568922,63.0843692071287,-34.0196823479181
12.0,14.0,2.0,12.929298390568922,63.0843692071287,-34.0196823479181
12.0,14.0,4.0,12.929298390568922,63.0843692071287,-34.0196823479181
12.0,16.0,0.0,12.929298390568922,63.0843692071287,-34.0196823479181
12.0,16.0,2.0,12.929298390568922,63.0843692071287,-34.0196823479181
12.0,16.0,4.0,12.929298390568922,63.0843692071287,-34.0196823479181
12.0,18.0,0.0,12.929298390568922,63.0843692071287,-34.0196823479181
12.0,18.0,2.0,12.929298390568922,63.0843692071287,-34.0196823479181
12.0,18.0,4.0,12.929298390568922,63.0843692071287,-34.0196823479181
12.0,20.0,0.0,12.929298390568922,63.0843692071287,-34.0196823479181
12.0,20.0,2.0,12.929298390568922,63.0843692071287,-34.0196823479181
12.0,20.0,4.0,12.929298390568922,63.0843692071287,-34.0196823479181
12.0,22.0,0.0,12.929298390568922,63.0843692071287,-34.0196823479181
12.0,22.0,2.0,12.929298390568922,63.0843692071287,-34.0196823479181
12.0,22.0,4.0,12.929298390568922,63.0843692071287,-34.0196823479181
12.0,24.0,0.0,-5.14305656289512,67.26125340332877,-27.639974283717006
12.0,24.0,2.0,-5.14305656289512,67.26125340332877,-27.639974283717006
12.0,24.0,4.0,-5.14305656289512,67.26125340332877,-27.639974283717006
12.0,26.0,0.0,-5.14305656289512,67.26125340332877,-27.639974283717006
12.0,26.0,2.0,-5.14305656289512,67.26125340332877,-27.639974283717006
12.0,26.0,4.0,-5.14305656289512,67.26125340332877,-27.639974283717006
12.0,28.0,0.0,-5.14305656289512,67.26125340332877,-27.639974283717006
12.0,28.0,2.0,-5.14305656289512,67.26125340332877,-27.639974283717006
12.0,28.0,4.0,-5.14305656289512,67.26125340332877,-27.639974283717006
12.0,30.0,0.0,-5.14305656289512,67.26125340332877,-27.639974283717006
12.0,30.0,2.0,-5.14305656289512,67.26125340332877,-27.639974283717006
12.0,30.0,4.0,-5.14305656289512,67.26125340332877,-27.639974283717006
12.0,32.0,0.0,-5.14305656289512,67.26125340332877,-27.639974283717006
12.0,32.0,2.0,-5.14305656289512,67.26125340332877,-27.639974283717006
12.0,32.0,4.0,-5.14305656289512,67.26125340332877,-27.639974283717006
12.0,34.0,0.0,-5.14305656289512,67.26125340332877,-27.639974283717006
12.0,34.0,2.0,-5.14305656289512,67.26125340332877,-27.639974283717006
12.0,34.0,4.0,-5.14305656289512,67.26125340332877,-27.639974283717006
12.0,36.0,0.0,-5.14305656289512,67.26125340332877,-27.639974283717006
12.0,36.0,2.0,-5.14305656289512,67.26125340332877,-27.639974283717006
12.0,36.0,4.0,-5.14305656289512,67.26125340332877,-27.639974283717006
12.0,38.0,0.0,-5.14305656289512,67.26125340332877,-27.639974283717006
12.0,38.0,2.0,-5.14305656289512,67.26125340332877,-27.639974283717006
12.0,38.0,4.0,-5.14305656289512,67.26125340332877,-27.639974283717006
12.0,40.0,0.0,-5.14305656289512,67.26125340332877,-27.639974283717006
12.0,40.0,2.0,-5.14305656289512,67.26125340332877,-27.639974283717006
12.0,40.0,4.0,-5.14305656289512,67.26125340332877,-27.639974283717006
12.0,42.0,0.0,-5.14305656289512,67.26125340332877,-27.639974283717006
12.0,42.0,2.0,-5.14305656289512,67.26125340332877,-27.639974283717006
12.0,42.0,4.0,-5.14305656289512,67.26125340332877,-27.639974283717006
12.0,44.0,0.0,-5.14305656289512,67.26125340332877,-27.639974283717006
12.0,44.0,2.0,-5.14305656289512,67.26125340332877,-27.639974283717006
12.0,44.0,4.0,-5.14305656289512,67.26125340332877,-27.639974283717006
12.0,46.0,0.0,-5.14305656289512,67.26125340332877,-27.639974283717006
12.0,46.0,2.0,-5.14305656289512,67.26125340332877,-27.639974283717006
12.0,46.0,4.0,-5.14305656289512,67.26125340332877,-27.639974283717006
14.0,0.0,0.0,12.929298390568922,63.0843692071287,-34.0196823479181
14.0,0.0,2.0,12.929298390568922,63.0843692071287,-34.0196823479181
14.0,0.0,4.0,12.929298390568922,63.0843692071287,-34.0196823479181
14.0,2.0,0.0,12.929298390568922,63.0843692071287,-34.0196823479181
14.0,2.0,2.0,12.929298390568922,63.0843692071287,-34.0196823479181
14.0,2.0,4.0,12.929298390568922,63.0843692071287,-34.0196823479181
14.0,4.0,0.0,12.929298390568922,63.0843692071287,-34.0196823479181
14.0,4.0,2.0,12.929298390568922,63.0843692071287,-34.0196823479181
14.0,4.0,4.0,12.929298390568922,63.0843692071287,-34.0196823479181
14.0,6.0,0.0,12.929298390568922,63.0843692071287,-34.0196823479181
14.0,6.0,2.0,12.929298390568922,63.0843692071287,-34.0196823479181
14.0,6.0,4.0,12.929298390568922,63.0843692071287,-34.0196823479181
14.0,8.0,0.0,12.929298390568922,63.0843692071287,-34.0196823479181
14.0,8.0,2.0,12.929298390568922,63.0843692071287,-34.0196823479181
14.0,8.0,4.0,12.929298390568922,63.0843692071287,-34.0196823479181
14.0,10.0,0.0,12.929298390568922,63.0843692071287,-34.0196823479181
14.0,10.0,2.0,12.929298390568922,63.0843692071287,-34.0196823479181
14.0,10.0,4.0,12.929298390568922,63.0843692071287,-34.0196823479181
14.0,12.0,0.0,12.929298390568922,63.0843692071287,-34.0196823479181
14.0,12.0,2.0,12.929298390568922,63.0843692071287,-34.0196823479181
14.0,12.0,4.0,12.929298390568922,63.0843692071287,-34.0196823479181
14.0,14.0,0.0,12.929298390568922,63.0843692071287,-34.0196823479181
14.0,14.0,2.0,12.929298390568922,63.0843692071287,-34.0196823479181
14.0,14.0,4.0,12.929298390568922,63.0843692071287,-34.0196823479181
14.0,16.0,0.0,12.929298390568922,63.0843692071287,-34.0196823479181
14.0,16.0,2.0,12.929298390568922,63.0843692071287,-34.0196823479181
14.0,16.0,4.0,12.929298390568922,63.0843692071287,-34.0196823479181
14.0,18.0,0.0,12.929298390568922,63.0843692071287,-34.0196823479181
14.0,18.0,2.0,12.929298390568922,63.0843692071287,-34.0196823479181
14.0,18.0,4.0,12.929298390568922,63.0843692071287,-34.0196823479181
14.0,20.0,0.0,12.929298390568922,63.0843692071287,-34.0196823479181
14.0,20.0,2.0,12.929298390568922,63.0843692071287,-34.0196823479181
14.0,20.0,4.0,12.929298390568922,63.0843692071287,-34.0196823479181
14.0,22.0,0.0,12.929298390568922,63.0843692071287,-34.0196823479181
14.0,22.0,2.0,12.929298390568922,63.0843692071287,-34.0196823479181
14.0,22.0,4.0,12.929298390568922,63.0843692071287,-34.0196823479181
14.0,24.0,0.0,-5.14305656289512,67.26125340332877,-27.639974283717006
14.0,24.0,2.0,-5.14305656289512,67.26125340332877,-27.639974283717006
14.0,24.0,4.0,-5.14305656289512,67.26125340332877,-27.639974283717006
14.0,26.0,0.0,-5.14305656289512,67.26125340332877,-27.639974283717006
14.0,26.0,2.0,-5.14305656289512,67.26125340332877,-27.639974283717006
14.0,26.0,4.0,-5.14305656289512,67.26125340332877,-27.639974283717006
14.0,28.0,0.0,-5.14305656289512,67.26125340332877,-27.639974283717006
14.0,28.0,2.0,-5.14305656289512,67.26125340332877,-27.639974283717006
14.0,28.0,4.0,-5.14305656289512,67.26125340332877,-27.639974283717006
14.0,30.0,0.0,-5.14305656289512,67.26125340332877,-27.639974283717006
14.0,30.0,2.0,-5.14305656289512,67.26125340332877,-27.639974283717006
14.0,30.0,4.0,-5.14305656289512,67.26125340332877,-27.639974283717006
14.0,32.0,0.0,-5.14305656289512,67.26125340332877,-27.639974283717006
14.0,32.0,2.0,-5.14305656289512,67.26125340332877,-27.639974283717006
14.0,32.0,4.0,-5.14305656289512,67.26125340332877,-27.639974283717006
14.0,34.0,0.0,-5.14305656289512,67.26125340332877,-27.639974283717006
14.0,34.0,2.0,-5.14305656289512,67.26125340332877,-27.639974283717006
14.0,34.0,4.0,-5.14305656289512,67.26125340332877,-27.639974283717006
14.0,36.0,0.0,-5.14305656289512,67.26125340332877,-27.639974283717006
14.0,36.0,2.0,-5.14305656289512,67.26125340332877,-27.639974283717006
14.0,36.0,4.0,-5.14305656289512,67.26125340332877,-27.639974283717006
14.0,38.0,0.0,-5.14305656289512,67.26125340332877,-27.639974283717006
14.0,38.0,2.0,-5.14305656289512,67.26125340332877,-27.639974283717006
14.0,38.0,4.0,-5.14305656289512,67.26125340332877,-27.639974283717006
14.0,40.0,0.0,-5.14305656289512,67.26125340332877,-27.639974283717006
14.0,40.0,2.0,-5.14305656289512,67.26125340332877,-27.639974283717006
14.0,40.0,4.0,-5.14305656289512,67.26125340332877,-27.639974283717006
14.0,42.0,0.0,-5.14305656289512,67.26125340332877,-27.639974283717006
14.0,42.0,2.0,-5.14305656289512,67.26125340332877,-27.639974283717006
14.0,42.0,4.0,-5.14305656289512,67.26125340332877,-27.639974283717006
14.0,44.0,0.0,-5.14305656289512,67.26125340332877,-27.639974283717006
14.0,44.0,2.0,-5.14305656289512,67.26125340332877,-27.639974283717006
14.0,44.0,4.0,-5.14305656289512,67.26125340332877,-27.639974283717006
14.0,46.0,0.0,-5.14305656289512,67.26125340332877,-27.639974283717006
14.0,46.0,2.0,-5.14305656289512,67.26125340332877,-27.639974283717006
14.0,46.0,4.0,-5.14305656289512,67.26125340332877,-27.639974283717006
16.0,0.0,0.0,12.929298390568922,63.0843692071287,-34.0196823479181
16.0,0.0,2.0,12.929298390568922,63.0843692071287,-34.0196823479181
16.0,0.0,4.0,12.929298390568922,63.0843692071287,-34.0196823479181
16.0,2.0,0.0,12.929298390568922,63.0843692071287,-34.0196823479181
16.0,2.0,2.0,12.929298390568922,63.0843692071287,-34.0196823479181
16.0,2.0,4.0,12.929298390568922,63.0843692071287,-34.0196823479181
16.0,4.0,0.0,12.929298390568922,63.0843692071287,-34.0196823479181
16.0,4.0,2.0,12.929298390568922,63.0843692071287,-34.0196823479181
16.0,4.0,4.0,12.929298390568922,63.0843692071287,-34.0196823479181
16.0,6.0,0.0,12.929298390568922,63.0843692071287,-34.0196823479181
16.0,6.0,2.0,12.929298390568922,63.0843692071287,-34.0196823479181
16.0,6.0,4.0,12.929298390568922,63.0843692071287,-34.0196823479181
16.0,8.0,0.0,12.929298390568922,63.0843692071287,-34.0196823479181
16.0,8.0,2.0,12.929298390568922,63.0843692071287,-34.0196823479181
16.0,8.0,4.0,12.929298390568922,63.0843692071287,-34.0196823479181
16.0,10.0,0.0,12.929298390568922,63.0843692071287,-34.0196823479181
16.0,10.0,2.0,12.929298390568922,63.0843692071287,-34.0196823479181
16.0,10.0,4.0,12.929298390568922,63.0843692071287,-34.0196823479181
16.0,12.0,0.0,12.929298390568922,63.0843692071287,-34.0196823479181
16.0,12.0,2.0,12.929298390568922,63.0843692071287,-34.0196823479181
16.0,12.0,4.0,12.929298390568922,63.0843692071287,-34.0196823479181
16.0,14.0,0.0,12.929298390568922,63.0843692071287,-34.0196823479181
16.0,14.0,2.0,12.929298390568922,63.0843692071287,-34.0196823479181
16.0,14.0,4.0,12.929298390568922,63.0843692071287,-34.0196823479181
16.0,16.0,0.0,12.929298390568922,63.0843692071287,-34.0196823479181
16.0,16.0,2.0,12.929298390568922,63.0843692071287,-34.0196823479181
16.0,16.0,4.0,12.929298390568922,63.0843692071287,-34.0196823479181
16.0,18.0,0.0,12.929298390568922,63.0843692071287,-34.0196823479181
16.0,18.0,2.0,12.929298390568922,63.0843692071287,-34.0196823479181
16.0,18.0,4.0,12.929298390568922,63.0843692071287,-34.0196823479181
16.0,20.0,0.0,12.929298390568922,63.0843692071287,-34.0196823479181
16.0,20.0,2.0,12.929298390568922,63.0843692071287,-34.0196823479181
16.0,20.0,4.0,12.929298390568922,63.0843692071287,-34.0196823479181
16.0,22.0,0.0,12.929298390568922,63.0843692071287,-34.0196823479181
16.0,22.0,2.0,12.929298390568922,63.0843692071287,-34.0196823479181
16.0,22.0,4.0,12.929298390568922,63.0843692071287,-34.0196823479181
16.0,24.0,0.0,-5.14305656289512,67.26125340332877,-27.639974283717006
16.0,24.0,2.0,-5.14305656289512,67.26125340332877,-27.639974283717006
16.0,24.0,4.0,-5.14305656289512,67.26125340332877,-27.639974283717006
16.0,26.0,0.0,-5.14305656289512,67.26125340332877,-27.639974283717006
16.0,26.0,2.0,-5.14305656289512,67.26125340332877,-27.639974283717006
16.0,26.0,4.0,-5.14305656289512,67.26125340332877,-27.639974283717006
16.0,28.0,0.0,-5.14305656289512,67.26125340332877,-27.639974283717006
16.0,28.0,2.0,-5.14305656289512,67.26125340332877,-27.639974283717006
16.0,28.0,4.0,-5.14305656289512,67.26125340332877,-27.639974283717006
16.0,30.0,0.0,-5.14305656289512,67.26125340332877,-27.639974283717006
16.0,30.0,2.0,-5.14305656289512,67.26125340332877,-27.639974283717006
16.0,30.0,4.0,-5.14305656289512,67.26125340332877,-27.639974283717006
16.0,32.0,0.0,-5.14305656289512,67.26125340332877,-27.639974283717006
16.0,32.0,2.0,-5.14305656289512,67.26125340332877,-27.639974283717006
16.0,32.0,4.0,-5.14305656289512,67.26125340332877,-27.639974283717006
16.0,34.0,0.0,-5.14305656289512,67.26125340332877,-27.639974283717006
16.0,34.0,2.0,-5.14305656289512,67.26125340332877,-27.639974283717006
16.0,34.0,4.0,-5.14305656289512,67.26125340332877,-27.639974283717006
16.0,36.0,0.0,-5.14305656289512,67.26125340332877,-27.639974283717006
16.0,36.0,2.0,-5.14305656289512,67.26125340332877,-27.639974283717006
16.0,36.0,4.0,-5.14305656289512,67.26125340332877,-27.639974283717006
16.0,38.0,0.0,-5.14305656289512,67.26125340332877,-27.639974283717006
16.0,38.0,2.0,-5.14305656289512,67.26125340332877,-27.639974283717006
16.0,38.0,4.0,-5.14305656289512,67.26125340332877,-27.639974283717006
16.0,40.0,0.0,-5.14305656289512,67.26125340332877,-27.639974283717006
16.0,40.0,2.0,-5.14305656289512,67.26125340332877,-27.639974283717006
16.0,40.0,4.0,-5.14305656289512,67.26125340332877,-27.639974283717006
16.0,42.0,0.0,-5.14305656289512,67.26125340332877,-27.639974283717006
16.0,42.0,2.0,-5.14305656289512,67.26125340332877,-27.639974283717006
16.0,42.0,4.0,-5.14305656289512,67.26125340332877,-27.639974283717006
16.0,44.0,0.0,-5.14305656289512,67.26125340332877,-27.639974283717006
16.0,44.0,2.0,-5.14305656289512,67.26125340332877,-27.639974283717006
16.0,44.0,4.0,-5.14305656289512,67.26125340332877,-27.639974283717006
16.0,46.0,0.0,-5.14305656289512,67.26125340332877,-27.639974283717006
16.0,46.0,2.0,-5.14305656289512,67.26125340332877,-27.639974283717006
16.0,46.0,4.0,-5.14305656289512,67.26125340332877,-27.639974283717006
18.0,0.0,0.0,12.929298390568922,63.0843692071287,-34.0196823479181
18.0,0.0,2.0,12.929298390568922,63.0843692071287,-34.0196823479181
18.0,0.0,4.0,12.929298390568922,63.0843692071287,-34.0196823479181
18.0,2.0,0.0,12.929298390568922,63.0843692071287,-34.0196823479181
18.0,2.0,2.0,12.929298390568922,63.0843692071287,-34.0196823479181
18.0,2.0,4.0,12.929298390568922,63.0843692071287,-34.0196823479181
18.0,4.0,0.0,12.929298390568922,63.0843692071287,-34.0196823479181
18.0,4.0,2.0,12.929298390568922,63.0843692071287,-34.0196823479181
18.0,4.0,4.0,12.929298390568922,63.0843692071287,-34.0196823479181
18.0,6.0,0.0,12.929298390568922,63.0843692071287,-34.0196823479181
18.0,6.0,2.0,12.929298390568922,63.0843692071287,-34.0196823479181
18.0,6.0,4.0,12.929298390568922,63.0843692071287,-34.0196823479181
18.0,8.0,0.0,12.929298390568922,63.0843692071287,-34.0196823479181
18.0,8.0,2.0,12.929298390568922,63.0843692071287,-34.0196823479181
18.0,8.0,4.0,12.929298390568922,63.0843692071287,-34.0196823479181
18.0,10.0,0.0,12.929298390568922,63.0843692071287,-34.0196823479181
18.0,10.0,2.0,12.929298390568922,63.0843692071287,-34.0196823479181
18.0,10.0,4.0,12.929298390568922,63.0843692071287,-34.0196823479181
18.0,12.0,0.0,12.929298390568922,63.0843692071287,-34.0196823479181
18.0,12.0,2.0,12.929298390568922,63.0843692071287,-34.0196823479181
18.0,12.0,4.0,12.929298390568922,63.0843692071287,-34.0196823479181
18.0,14.0,0.0,12.929298390568922,63.0843692071287,-34.0196823479181
18.0,14.0,2.0,12.929298390568922,63.0843692071287,-34.0196823479181
18.0,14.0,4.0,12.929298390568922,63.0843692071287,-34.0196823479181
18.0,16.0,0.0,12.929298390568922,63.0843692071287,-34.0196823479181
18.0,16.0,2.0,12.929298390568922,63.0843692071287,-34.0196823479181
18.0,16.0,4.0,12.929298390568922,63.0843692071287,-34.0196823479181
18.0,18.0,0.0,12.929298390568922,63.0843692071287,-34.0196823479181
18.0,18.0,2.0,12.929298390568922,63.0843692071287,-34.0196823479181
18.0,18.0,4.0,12.929298390568922,63.0843692071287,-34.0196823479181
18.0,20.0,0.0,12.929298390568922,63.0843692071287,-34.0196823479181
18.0,20.0,2.0,12.929298390568922,63.0843692071287,-34.0196823479181
18.0,20.0,4.0,12.929298390568922,63.0843692071287,-34.0196823479181
18.0,22.0,0.0,12.929298390568922,63.0843692071287,-34.0196823479181
18.0,22.0,2.0,12.929298390568922,63.0843692071287,-34.0196823479181
18.0,22.0,4.0,12.929298390568922,63.0843692071287,-34.0196823479181
18.0,24.0,0.0,-5.14305656289512,67.26125340332877,-27.639974283717006
18.0,24.0,2.0,-5.14305656289512,67.26125340332877,-27.639974283717006
18.0,24.0,4.0,-5.14305656289512,67.26125340332877,-27.639974283717006
18.0,26.0,0.0,-5.14305656289512,67.26125340332877,-27.639974283717006
18.0,26.0,2.0,-5.14305656289512,67.26125340332877,-27.639974283717006
18.0,26.0,4.0,-5.14305656289512,67.26125340332877,-27.639974283717006
18.0,28.0,0.0,-5.14305656289512,67.26125340332877,-27.639974283717006
18.0,28.0,2.0,-5.14305656289512,67.26125340332877,-27.639974283717006
18.0,28.0,4.0,-5.14305656289512,67.26125340332877,-27.639974283717006
18.0,30.0,0.0,-5.14305656289512,67.26125340332877,-27.639974283717006
18.0,30.0,2.0,-5.14305656289512,67.26125340332877,-27.639974283717006
18.0,30.0,4.0,-5.14305656289512,67.26125340332877,-27.639974283717006
18.0,32.0,0.0,-5.14305656289512,67.26125340332877,-27.639974283717006
18.0,32.0,2.0,-5.14305656289512,67.26125340332877,-27.639974283717006
18.0,32.0,4.0,-5.14305656289512,67.26125340332877,-27.639974283717006
18.0,34.0,0.0,-5.14305656289512,67.26125340332877,-27.639974283717006
18.0,34.0,2.0,-5.14305656289512,67.26125340332877,-27.639974283717006
18.0,34.0,4.0,-5.14305656289512,67.26125340332877,-27.639974283717006
18.0,36.0,0.0,-5.14305656289512,67.26125340332877,-27.639974283717006
18.0,36.0,2.0,-5.14305656289512,67.26125340332877,-27.639974283717006
18.0,36.0,4.0,-5.14305656289512,67.26125340332877,-27.639974283717006
18.0,38.0,0.0,-5.14305656289512,67.26125340332877,-27.639974283717006
18.0,38.0,2.0,-5.14305656289512,67.26125340332877,-27.639974283717006
18.0,38.0,4.0,-5.14305656289512,67.26125340332877,-27.639974283717006
18.0,40.0,0.0,-5.14305656289512,67.26125340332877,-27.639974283717006
18.0,40.0,2.0,-5.14305656289512,67.26125340332877,-27.639974283717006
18.0,40.0,4.0,-5.14305656289512,67.26125340332877,-27.639974283717006
18.0,42.0,0.0,-5.14305656289512,67.26125340332877,-27.639974283717006
18.0,42.0,2.0,-5.14305656289512,67.26125340332877,-27.639974283717006
18.0,42.0,4.0,-5.14305656289512,67.26125340332877,-27.639974283717006
18.0,44.0,0.0,-5.14305656289512,67.26125340332877,-27.639974283717006
18.0,44.0,2.0,-5.14305656289512,67.26125340332877,-27.639974283717006
18.0,44.0,4.0,-5.14305656289512,67.26125340332877,-27.639974283717006
18.0,46.0,0.0,-5.14305656289512,67.26125340332877,-27.639974283717006
18.0,46.0,2.0,-5.14305656289512,67.26125340332877,-27.639974283717006
18.0,46.0,4.0,-5.14305656289512,67.26125340332877,-27.639974283717006
20.0,0.0,0.0,12.929298390568922,63.0843692071287,-34.0196823479181
20.0,0.0,2.0,12.929298390568922,63.0843692071287,-34.0196823479181
20.0,0.0,4.0,12.929298390568922,63.0843692071287,-34.0196823479181
20.0,2.0,0.0,12.929298390568922,63.0843692071287,-34.0196823479181
20.0,2.0,2.0,12.929298390568922,63.0843692071287,-34.0196823479181
20.0,2.0,4.0,12.929298390568922,63.0843692071287,-34.0196823479181
20.0,4.0,0.0,12.929298390568922,63.0843692071287,-34.0196823479181
20.0,4.0,2.0,12.929298390568922,63.0843692071287,-34.0196823479181
20.0,4.0,4.0,12.929298390568922,63.0843692071287,-34.0196823479181
20.0,6.0,0.0,12.929298390568922,63.0843692071287,-34.0196823479181
20.0,6.0,2.0,12.929298390568922,63.0843692071287,-34.0196823479181
20.0,6.0,4.0,12.929298390568922,63.0843692071287,-34.0196823479181
20.0,8.0,0.0,12.929298390568922,63.0843692071287,-34.0196823479181
20.0,8.0,2.0,12.929298390568922,63.0843692071287,-34.0196823479181
20.0,8.0,4.0,12.929298390568922,63.0843692071287,-34.0196823479181
20.0,10.0,0.0,12.929298390568922,63.0843692071287,-34.0196823479181
20.0,10.0,2.0,12.929298390568922,63.0843692071287,-34.0196823479181
20.0,10.0,4.0,12.929298390568922,63.0843692071287,-34.0196823479181
20.0,12.0,0.0,12.929298390568922,63.0843692071287,-34.0196823479181
20.0,12.0,2.0,12.929298390568922,63.0843692071287,-34.0196823479181
20.0,12.0,4.0,12.929298390568922,63.0843692071287,-34.0196823479181
20.0,14.0,0.0,12.929298390568922,63.0843692071287,-34.0196823479181
20.0,14.0,2.0,12.929298390568922,63.0843692071287,-34.0196823479181
20.0,14.0,4.0,12.929298390568922,63.0843692071287,-34.0196823479181
20.0,16.0,0.0,12.929298390568922,63.0843692071287,-34.0196823479181
20.0,16.0,2.0,12.929298390568922,63.0843692071287,-34.0196823479181
20.0,16.0,4.0,12.929298390568922,63.0843692071287,-34.0196823479181
20.0,18.0,0.0,12.929298390568922,63.0843692071287,-34.0196823479181
20.0,18.0,2.0,12.929298390568922,63.0843692071287,-34.0196823479181
20.0,18.0,4.0,12.929298390568922,63.0843692071287,-34.0196823479181
20.0,20.0,0.0,12.929298390568922,63.0843692071287,-34.0196823479181
20.0,20.0,2.0,12.929298390568922,63.0843692071287,-34.0196823479181
20.0,20.0,4.0,12.929298390568922,63.0843692071287,-34.0196823479181
20.0,22.0,0.0,12.929298390568922,63.0843692071287,-34.0196823479181
20.0,22.0,2.0,12.929298390568922,63.0843692071287,-34.0196823479181
20.0,22.0,4.0,12.929298390568922,63.0843692071287,-34.0196823479181
20.0,24.0,0.0,-5.14305656289512,67.26125340332877,-27.639974283717006
20.0,24.0,2.0,-5.14305656289512,67.26125340332877,-27.639974283717006
20.0,24.0,4.0,-5.14305656289512,67.26125340332877,-27.639974283717006
20.0,26.0,0.0,-5.14305656289512,67.26125340332877,-27.639974283717006
20.0,26.0,2.0,-5.14305656289512,67.26125340332877,-27.639974283717006
20.0,26.0,4.0,-5.14305656289512,67.26125340332877,-27.639974283717006
20.0,28.0,0.0,-5.14305656289512,67.26125340332877,-27.639974283717006
20.0,28.0,2.0,-5.14305656289512,67.26125340332877,-27.639974283717006
20.0,28.0,4.0,-5.14305656289512,67.26125340332877,-27.639974283717006
20.0,30.0,0.0,-5.14305656289512,67.26125340332877,-27.639974283717006
20.0,30.0,2.0,-5.14305656289512,67.26125340332877,-27.639974283717006
20.0,30.0,4.0,-5.14305656289512,67.26125340332877,-27.639974283717006
20.0,32.0,0.0,-5.14305656289512,67.26125340332877,-27.639974283717006
20.0,32.0,2.0,-5.14305656289512,67.26125340332877,-27.639974283717006
20.0,32.0,4.0,-5.14305656289512,67.26125340332877,-27.639974283717006
20.0,34.0,0.0,-5.14305656289512,67.26125340332877,-27.639974283717006
20.0,34.0,2.0,-5.14305656289512,67.26125340332877,-27.639974283717006
20.0,34.0,4.0,-5.14305656289512,67.26125340332877,-27.639974283717006
20.0,36.0,0.0,-5.14305656289512,67.26125340332877,-27.639974283717006
20.0,36.0,2.0,-5.14305656289512,67.26125340332877,-27.639974283717006
20.0,36.0,4.0,-5.14305656289512,67.26125340332877,-27.639974283717006
20.0,38.0,0.0,-5.14305656289512,67.26125340332877,-27.639974283717006
20.0,38.0,2.0,-5.14305656289512,67.26125340332877,-27.639974283717006
20.0,38.0,4.0,-5.14305656289512,67.26125340332877,-27.639974283717006
20.0,40.0,0.0,-5.14305656289512,67.26125340332877,-27.639974283717006
20.0,40.0,2.0,-5.14305656289512,67.26125340332877,-27.639974283717006
20.0,40.0,4.0,-5.14305656289512,67.26125340332877,-27.639974283717006
20.0,42.0,0.0,-5.14305656289512,67.26125340332877,-27.639974283717006
20.0,42.0,2.0,-5.14305656289512,67.26125340332877,-27.639974283717006
20.0,42.0,4.0,-5.14305656289512,67.26125340332877,-27.639974283717006
20.0,44.0,0.0,-5.14305656289512,67.26125340332877,-27.639974283717006
20.0,44.0,2.0,-5.14305656289512,67.26125340332877,-27.639974283717006
20.0,44.0,4.0,-5.14305656289512,67.26125340332877,-27.639974283717006
20.0,46.0,0.0,-5.14305656289512,67.26125340332877,-27.639974283717006
20.0,46.0,2.0,-5.14305656289512,67.26125340332877,-27.639974283717006
20.0,46.0,4.0,-5.14305656289512,67.26125340332877,-27.639974283717006
22.0,0.0,0.0,12.929298390568922,63.0843692071287,-34.0196823479181
22.0,0.0,2.0,12.929298390568922,63.0843692071287,-34.0196823479181
22.0,0.0,4.0,12.929298390568922,63.0843692071287,-34.0196823479181
22.0,2.0,0.0,12.929298390568922,63.0843692071287,-34.0196823479181
22.0,2.0,2.0,12.929298390568922,63.0843692071287,-34.0196823479181
22.0,2.0,4.0,12.929298390568922,63.0843692071287,-34.0196823479181
22.0,4.0,0.0,12.929298390568922,63.0843692071287,-34.0196823479181
22.0,4.0,2.0,12.929298390568922,63.0843692071287,-34.0196823479181
22.0,4.0,4.0,12.929298390568922,63.0843692071287,-34.0196823479181
22.0,6.0,0.0,12.929298390568922,63.0843692071287,-34.0196823479181
22.0,6.0,2.0,12.929298390568922,63.0843692071287,-34.0196823479181
22.0,6.0,4.0,12.929298390568922,63.0843692071287,-34.0196823479181
22.0,8.0,0.0,12.929298390568922,63.0843692071287,-34.0196823479181
22.0,8.0,2.0,12.929298390568922,63.0843692071287,-34.0196823479181
22.0,8.0,4.0,12.929298390568922,63.0843692071287,-34.0196823479181
22.0,10.0,0.0,12.929298390568922,63.0843692071287,-34.0196823479181
22.0,10.0,2.0,12.929298390568922,63.0843692071287,-34.0196823479181
22.0,10.0,4.0,12.929298390568922,63.0843692071287,-34.0196823479181
22.0,12.0,0.0,12.929298390568922,63.0843692071287,-34.0196823479181
22.0,12.0,2.0,12.929298390568922,63.0843692071287,-34.0196823479181
22.0,12.0,4.0,12.929298390568922,63.0843692071287,-34.0196823479181
22.0,14.0,0.0,12.929298390568922,63.0843692071287,-34.0196823479181
22.0,14.0,2.0,12.929298390568922,63.0843692071287,-34.0196823479181
22.0,14.0,4.0,12.929298390568922,63.0843692071287,-34.0196823479181
22.0,16.0,0.0,12.929298390568922,63.0843692071287,-34.0196823479181
22.0,16.0,2.0,12.929298390568922,63.0843692071287,-34.0196823479181
22.0,16.0,4.0,12.929298390568922,63.0843692071287,-34.0196823479181
22.0,18.0,0.0,12.929298390568922,63.0843692071287,-34.0196823479181
22.0,18.0,2.0,12.929298390568922,63.0843692071287,-34.0196823479181
22.0,18.0,4.0,12.929298390568922,63.0843692071287,-34.0196823479181
22.0,20.0,0.0,12.929298390568922,63.0843692071287,-34.0196823479181
22.0,20.0,2.0,12.929298390568922,63.0843692071287,-34.0196823479181
22.0,20.0,4.0,12.929298390568922,63.0843692071287,-34.0196823479181
22.0,22.0,0.0,12.929298390568922,63.0843692071287,-34.0196823479181
22.0,22.0,2.0,12.929298390568922,63.0843692071287,-34.0196823479181
22.0,22.0,4.0,12.929298390568922,63.0843692071287,-34.0196823479181
22.0,24.0,0.0,-5.14305656289512,67.26125340332877,-27.639974283717006
22.0,24.0,2.0,-5.14305656289512,67.26125340332877,-27.639974283717006
22.0,24.0,4.0,-5.14305656289512,67.26125340332877,-27.639974283717006
22.0,26.0,0.0,-5.14305656289512,67.26125340332877,-27.639974283717006
22.0,26.0,2.0,-5.14305656289512,67.26125340332877,-27.639974283717006
22.0,26.0,4.0,-5.14305656289512,67.26125340332877,-27.639974283717006
22.0,28.0,0.0,-5.14305656289512,67.26125340332877,-27.639974283717006
22.0,28.0,2.0,-5.14305656289512,67.26125340332877,-27.639974283717006
22.0,28.0,4.0,-5.14305656289512,67.26125340332877,-27.639974283717006
22.0,30.0,0.0,-5.14305656289512,67.26125340332877,-27.639974283717006
22.0,30.0,2.0,-5.14305656289512,67.26125340332877,-27.639974283717006
22.0,30.0,4.0,-5.14305656289512,67.26125340332877,-27.639974283717006
22.0,32.0,0.0,-5.14305656289512,67.26125340332877,-27.639974283717006
22.0,32.0,2.0,-5.14305656289512,67.26125340332877,-27.639974283717006
22.0,32.0,4.0,-5.14305656289512,67.26125340332877,-27.639974283717006
22.0,34.0,0.0,-5.14305656289512,67.26125340332877,-27.639974283717006
22.0,34.0,2.0,-5.14305656289512,67.26125340332877,-27.639974283717006
22.0,34.0,4.0,-5.14305656289512,67.26125340332877,-27.639974283717006
22.0,36.0,0.0,-5.14305656289512,67.26125340332877,-27.639974283717006
22.0,36.0,2.0,-5.14305656289512,67.26125340332877,-27.639974283717006
22.0,36.0,4.0,-5.14305656289512,67.26125340332877,-27.639974283717006
22.0,38.0,0.0,-5.14305656289512,67.26125340332877,-27.639974283717006
22.0,38.0,2.0,-5.14305656289512,67.26125340332877,-27.639974283717006
22.0,38.0,4.0,-5.14305656289512,67.26125340332877,-27.639974283717006
22.0,40.0,0.0,-5.14305656289512,67.26125340332877,-27.639974283717006
22.0,40.0,2.0,-5.14305656289512,67.26125340332877,-27.639974283717006
22.0,40.0,4.0,-5.14305656289512,67.26125340332877,-27.639974283717006
22.0,42.0,0.0,-5.14305656289512,67.26125340332877,-27.639974283717006
22.0,42.0,2.0,-5.14305656289512,67.26125340332877,-27.639974283717006
22.0,42.0,4.0,-5.14305656289512,67.26125340332877,-27.639974283717006
22.0,44.0,0.0,-5.14305656289512,67.26125340332877,-27.639974283717006
22.0,44.0,2.0,-5.14305656289512,67.26125340332877,-27.639974283717006
22.0,44.0,4.0,-5.14305656289512,67.26125340332877,-27.639974283717006
22.0,46.0,0.0,-5.14305656289512,67.26125340332877,-27.639974283717006
22.0,46.0,2.0,-5.14305656289512,67.26125340332877,-27.639974283717006
22.0,46.0,4.0,-5.14305656289512,67.26125340332877,-27.639974283717006
24.0,0.0,0.0,-138.30311034700605,77.23959793718025,-165.35320942649778
24.0,0.0,2.0,-138.30311034700605,77.23959793718025,-165.35320942649778
24.0,0.0,4.0,-138.30311034700605,77.23959793718025,-165.35320942649778
24.0,2.0,0.0,-138.30311034700605,77.23959793718025,-165.35320942649778
24.0,2.0,2.0,-138.30311034700605,77.23959793718025,-165.35320942649778
24.0,2.0,4.0,-138.30311034700605,77.23959793718025,-165.35320942649778
24.0,4.0,0.0,-138.30311034700605,77.23959793718025,-165.35320942649778
24.0,4.0,2.0,-138.30311034700605,77.23959793718025,-165.35320942649778
24.0,4.0,4.0,-138.30311034700605,77.23959793718025,-165.35320942649778
24.0,6.0,0.0,-138.30311034700605,77.23959793718025,-165.35320942649778
24.0,6.0,2.0,-138.30311034700605,77.23959793718025,-165.35320942649778
24.0,6.0,4.0,-138.30311034700605,77.23959793718025,-165.35320942649778
24.0,8.0,0.0,-138.30311034700605,77.23959793718025,-165.35320942649778
24.0,8.0,2.0,-138.30311034700605,77.23959793718025,-165.35320942649778
24.0,8.0,4.0,-138.30311034700605,77.23959793718025,-165.35320942649778
24.0,10.0,0.0,-138.30311034700605,77.23959793718025,-165.35320942649778
24.0,10.0,2.0,-138.30311034700605,77.23959793718025,-165.35320942649778
24.0,10.0,4.0,-138.30311034700605,77.23959793718025,-165.35320942649778
24.0,12.0,0.0,-138.30311034700605,77.23959793718025,-165.35320942649778
24.0,12.0,2.0,-138.30311034700605,77.23959793718025,-165.35320942649778
24.0,12.0,4.0,-138.30311034700605,77.23959793718025,-165.35320942649778
24.0,14.0,0.0,-138.30311034700605,77.23959793718025,-165.35320942649778
24.0,14.0,2.0,-138.30311034700605,77.23959793718025,-165.35320942649778
24.0,14.0,4.0,-138.30311034700605,77.23959793718025,-165.35320942649778
24.0,16.0,0.0,-128.62593268950693,62.967188309558885,-169.9451032440203
24.0,16.0,2.0,-128.62593268950693,62.967188309558885,-169.9451032440203
24.0,16.0,4.0,-128.62593268950693,62.967188309558885,-169.9451032440203
24.0,18.0,0.0,-128.62593268950693,62.967188309558885,-169.9451032440203
24.0,18.0,2.0,-128.62593268950693,62.967188309558885,-169.9451032440203
24.0,18.0,4.0,-128.62593268950693,62.967188309558885,-169.9451032440203
24.0,20.0,0.0,-128.62593268950693,62.967188309558885,-169.9451032440203
24.0,20.0,2.0,-128.62593268950693,62.967188309558885,-169.9451032440203
24.0,20.0,4.0,-128.62593268950693,62.967188309558885,-169.9451032440203
24.0,22.0,0.0,-128.62593268950693,62.967188309558885,-169.9451032440203
24.0,22.0,2.0,-128.62593268950693,62.967188309558885,-169.9451032440203
24.0,22.0,4.0,-128.62593268950693,62.967188309558885,-169.9451032440203
24.0,24.0,0.0,-128.62593268950693,62.967188309558885,-169.9451032440203
24.0,24.0,2.0,-128.62593268950693,62.967188309558885,-169.9451032440203
24.0,24.0,4.0,-128.62593268950693,62.967188309558885,-169.9451032440203
24.0,26.0,0.0,-128.62593268950693,62.967188309558885,-169.9451032440203
24.0,26.0,2.0,-128.62593268950693,62.967188309558885,-169.9451032440203
24.0,26.0,4.0,-128.62593268950693,62.967188309558885,-169.9451032440203
24.0,28.0,0.0,-128.62593268950693,62.967188309558885,-169.9451032440203
24.0,28.0,2.0,-128.62593268950693,62.967188309558885,-169.9451032440203
24.0,28.0,4.0,-128.62593268950693,62.967188309558885,-169.9451032440203
24.0,30.0,0.0,-128.62593268950693,62.967188309558885,-169.9451032440203
24.0,30.0,2.0,-128.62593268950693,62.967188309558885,-169.9451032440203
24.0,30.0,4.0,-128.62593268950693,62.967188309558885,-169.9451032440203
24.0,32.0,0.0,-130.61438504163053,71.90819779244897,-168.2916066589148
24.0,32.0,2.0,-130.61438504163053,71.90819779244897,-168.2916066589148
24.0,32.0,4.0,-130.61438504163053,71.90819779244897,-168.2916066589148
24.0,34.0,0.0,-130.61438504163053,71.90819779244897,-168.2916066589148
24.0,34.0,2.0,-130.61438504163053,71.90819779244897,-168.2916066589148
24.0,34.0,4.0,-130.61438504163053,71.90819779244897,-168.2916066589148
24.0,36.0,0.0,-130.61438504163053,71.90819779244897,-168.2916066589148
24.0,36.0,2.0,-130.61438504163053,71.90819779244897,-168.2916066589148
24.0,36.0,4.0,-130.61438504163053,71.90819779244897,-168.2916066589148
24.0,38.0,0.0,-130.61438504163053,71.90819779244897,-168.2916066589148
24.0,38.0,2.0,-130.61438504163053,71.90819779244897,-168.2916066589148
24.0,38.0,4.0,-130.61438504163053,71.90819779244897,-168.2916066589148
24.0,40.0,0.0,-130.61438504163053,71.90819779244897,-168.2916066589148
24.0,40.0,2.0,-130.61438504163053,71.90819779244897,-168.2916066589148
24.0,40.0,4.0,-130.61438504163053,71.90819779244897,-168.2916066589148
24.0,42.0,0.0,-130.61438504163053,71.90819779244897,-168.2916066589148
24.0,42.0,2.0,-130.61438504163053,71.90819779244897,-168.2916066589148
24.0,42.0,4.0,-130.61438504163053,71.90819779244897,-168.2916066589148
24.0,44.0,0.0,-130.61438504163053,71.90819779244897,-168.2916066589148
24.0,44.0,2.0,-130.61438504163053,71.90819779244897,-168.2916066589148
24.0,44.0,4.0,-130.61438504163053,71.90819779244897,-168.2916066589148
24.0,46.0,0.0,-130.61438504163053,71.90819779244897,-168.2916066589148
24.0,46.0,2.0,-130.61438504163053,71.90819779244897,-168.2916066589148
24.0,46.0,4.0,-130.61438504163053,71.90819779244897,-168.2916066589148
26.0,0.0,0.0,-138.30311034700605,77.23959793718025,-165.35320942649778
26.0,0.0,2.0,-138.30311034700605,77.23959793718025,-165.35320942649778
26.0,0.0,4.0,-138.30311034700605,77.23959793718025,-165.35320942649778
26.0,2.0,0.0,-138.30311034700605,77.23959793718025,-165.35320942649778
26.0,2.0,2.0,-138.30311034700605,77.23959793718025,-165.35320942649778
26.0,2.0,4.0,-138.30311034700605,77.23959793718025,-165.35320942649778
26.0,4.0,0.0,-138.30311034700605,77.23959793718025,-165.35320942649778
26.0,4.0,2.0,-138.30311034700605,77.23959793718025,-165.35320942649778
26.0,4.0,4.0,-138.30311034700605,77.23959793718025,-165.35320942649778
26.0,6.0,0.0,-138.30311034700605,77.23959793718025,-165.35320942649778
26.0,6.0,2.0,-138.30311034700605,77.23959793718025,-165.35320942649778
26.0,6.0,4.0,-138.30311034700605,77.23959793718025,-165.35320942649778
26.0,8.0,0.0,-138.30311034700605,77.23959793718025,-165.35320942649778
26.0,8.0,2.0,-138.30311034700605,77.23959793718025,-165.35320942649778
26.0,8.0,4.0,-138.30311034700605,77.23959793718025,-165.35320942649778
26.0,10.0,0.0,-138.30311034700605,77.23959793718025,-165.35320942649778
26.0,10.0,2.0,-138.30311034700605,77.23959793718025,-165.35320942649778
26.0,10.0,4.0,-138.30311034700605,77.23959793718025,-165.35320942649778
26.0,12.0,0.0,-138.30311034700605,77.23959793718025,-165.35320942649778
26.0,12.0,2.0,-138.30311034700605,77.23959793718025,-165.35320942649778
26.0,12.0,4.0,-138.30311034700605,77.23959793718025,-165.35320942649778
26.0,14.0,0.0,-138.30311034700605,77.23959793718025,-165.35320942649778
26.0,14.0,2.0,-138.30311034700605,77.23959793718025,-165.35320942649778
26.0,14.0,4.0,-138.30311034700605,77.23959793718025,-165.35320942649778
26.0,16.0,0.0,-128.62593268950693,62.967188309558885,-169.9451032440203
26.0,16.0,2.0,-128.62593268950693,62.967188309558885,-169.9451032440203
26.0,16.0,4.0,-128.62593268950693,62.967188309558885,-169.9451032440203
26.0,18.0,0.0,-128.62593268950693,62.967188309558885,-169.9451032440203
26.0,18.0,2.0,-128.62593268950693,62.967188309558885,-169.9451032440203
26.0,18.0,4.0,-128.62593268950693,62.967188309558885,-169.9451032440203
26.0,20.0,0.0,-128.62593268950693,62.967188309558885,-169.9451032440203
26.0,20.0,2.0,-128.62593268950693,62.967188309558885,-169.9451032440203
26.0,20.0,4.0,-128.62593268950693,62.967188309558885,-169.9451032440203
26.0,22.0,0.0,-128.62593268950693,62.967188309558885,-169.9451032440203
26.0,22.0,2.0,-128.62593268950693,62.967188309558885,-169.9451032440203
26.0,22.0,4.0,-128.62593268950693,62.967188309558885,-169.9451032440203
26.0,24.0,0.0,-128.62593268950693,62.967188309558885,-169.9451032440203
26.0,24.0,2.0,-128.62593268950693,62.967188309558885,-169.9451032440203
26.0,24.0,4.0,-128.62593268950693,62.967188309558885,-169.9451032440203
26.0,26.0,0.0,-128.62593268950693,62.967188309558885,-169.9451032440203
26.0,26.0,2.0,-128.62593268950693,62.967188309558885,-169.9451032440203
26.0,26.0,4.0,-128.62593268950693,62.967188309558885,-169.9451032440203
26.0,28.0,0.0,-128.62593268950693,62.967188309558885,-169.9451032440203
26.0,28.0,2.0,-128.62593268950693,62.967188309558885,-169.9451032440203
26.0,28.0,4.0,-128.62593268950693,62.967188309558885,-169.9451032440203
26.0,30.0,0.0,-128.62593268950693,62.967188309558885,-169.9451032440203
26.0,30.0,2.0,-128.62593268950693,62.967188309558885,-169.9451032440203
26.0,30.0,4.0,-128.62593268950693,62.967188309558885,-169.9451032440203
26.0,32.0,0.0,-130.61438504163053,71.90819779244897,-168.2916066589148
26.0,32.0,2.0,-130.61438504163053,71.90819779244897,-168.2916066589148
26.0,32.0,4.0,-130.61438504163053,71.90819779244897,-168.2916066589148
26.0,34.0,0.0,-130.61438504163053,71.90819779244897,-168.2916066589148
26.0,34.0,2.0,-130.61438504163053,71.90819779244897,-168.2916066589148
26.0,34.0,4.0,-130.61438504163053,71.90819779244897,-168.2916066589148
26.0,36.0,0.0,-130.61438504163053,71.90819779244897,-168.2916066589148
26.0,36.0,2.0,-130.61438504163053,71.90819779244897,-168.2916066589148
26.0,36.0,4.0,-130.61438504163053,71.90819779244897,-168.2916066589148
26.0,38.0,0.0,-130.61438504163053,71.90819779244897,-168.2916066589148
26.0,38.0,2.0,-130.61438504163053,71.90819779244897,-168.2916066589148
26.0,38.0,4.0,-130.61438504163053,71.90819779244897,-168.2916066589148
26.0,40.0,0.0,-130.61438504163053,71.90819779244897,-168.2916066589148
26.0,40.0,2.0,-130.61438504163053,71.90819779244897,-168.2916066589148
26.0,40.0,4.0,-130.61438504163053,71.90819779244897,-168.2916066589148
26.0,42.0,0.0,-130.61438504163053,71.90819779244897,-168.2916066589148
26.0,42.0,2.0,-130.61438504163053,71.90819779244897,-168.2916066589148
26.0,42.0,4.0,-130.61438504163053,71.90819779244897,-168.2916066589148
26.0,44.0,0.0,-130.61438504163053,71.90819779244897,-168.2916066589148
26.0,44.0,2.0,-130.61438504163053,71.90819779244897,-168.2916066589148
26.0,44.0,4.0,-130.61438504163053,71.90819779244897,-168.2916066589148
26.0,46.0,0.0,-130.61438504163053,71.90819779244897,-168.2916066589148
26.0,46.0,2.0,-130.61438504163053,71.90819779244897,-168.2916066589148
26.0,46.0,4.0,-130.61438504163053,71.90819779244897,-168.2916066589148
28.0,0.0,0.0,-138.30311034700605,77.23959793718025,-165.35320942649778
28.0,0.0,2.0,-138.30311034700605,77.23959793718025,-165.35320942649778
28.0,0.0,4.0,-138.30311034700605,77.23959793718025,-165.35320942649778
28.0,2.0,0.0,-138.30311034700605,77.23959793718025,-165.35320942649778
28.0,2.0,2.0,-138.30311034700605,77.23959793718025,-165.35320942649778
28.0,2.0,4.0,-138.30311034700605,77.23959793718025,-165.35320942649778
28.0,4.0,0.0,-138.30311034700605,77.23959793718025,-165.35320942649778
28.0,4.0,2.0,-138.30311034700605,77.23959793718025,-165.35320942649778
28.0,4.0,4.0,-138.30311034700605,77.23959793718025,-165.35320942649778
28.0,6.0,0.0,-138.30311034700605,77.23959793718025,-165.35320942649778
28.0,6.0,2.0,-138.30311034700605,77.23959793718025,-165.35320942649778
28.0,6.0,4.0,-138.30311034700605,77.23959793718025,-165.35320942649778
28.0,8.0,0.0,-138.30311034700605,77.23959793718025,-165.35320942649778
28.0,8.0,2.0,-138.30311034700605,77.23959793718025,-165.35320942649778
28.0,8.0,4.0,-138.30311034700605,77.23959793718025,-165.35320942649778
28.0,10.0,0.0,-138.30311034700605,77.23959793718025,-165.35320942649778
28.0,10.0,2.0,-138.30311034700605,77.23959793718025,-165.35320942649778
28.0,10.0,4.0,-138.30311034700605,77.23959793718025,-165.35320942649778
28.0,12.0,0.0,-138.30311034700605,77.23959793718025,-165.35320942649778
28.0,12.0,2.0,-138.30311034700605,77.23959793718025,-165.35320942649778
28.0,12.0,4.0,-138.30311034700605,77.23959793718025,-165.35320942649778
28.0,14.0,0.0,-138.30311034700605,77.23959793718025,-165.35320942649778
28.0,14.0,2.0,-138.30311034700605,77.23959793718025,-165.35320942649778
28.0,14.0,4.0,-138.30311034700605,77.23959793718025,-165.35320942649778
28.0,16.0,0.0,-128.62593268950693,62.967188309558885,-169.9451032440203
28.0,16.0,2.0,-128.62593268950693,62.967188309558885,-169.9451032440203
28.0,16.0,4.0,-128.62593268950693,62.967188309558885,-169.9451032440203
28.0,18.0,0.0,-128.62593268950693,62.967188309558885,-169.9451032440203
28.0,18.0,2.0,-128.62593268950693,62.967188309558885,-169.9451032440203
28.0,18.0,4.0,-128.62593268950693,62.967188309558885,-169.9451032440203
28.0,20.0,0.0,-128.62593268950693,62.967188309558885,-169.9451032440203
28.0,20.0,2.0,-128.62593268950693,62.967188309558885,-169.9451032440203
28.0,20.0,4.0,-128.62593268950693,62.967188309558885,-169.9451032440203
28.0,22.0,0.0,-128.62593268950693,62.967188309558885,-169.9451032440203
28.0,22.0,2.0,-128.62593268950693,62.967188309558885,-169.9451032440203
28.0,22.0,4.0,-128.62593268950693,62.967188309558885,-169.9451032440203
28.0,24.0,0.0,-128.62593268950693,62.967188309558885,-169.9451032440203
28.0,24.0,2.0,-128.62593268950693,62.967188309558885,-169.9451032440203
28.0,24.0,4.0,-128.62593268950693,62.967188309558885,-169.9451032440203
28.0,26.0,0.0,-128.62593268950693,62.967188309558885,-169.9451032440203
28.0,26.0,2.0,-128.62593268950693,62.967188309558885,-169.9451032440203
28.0,26.0,4.0,-128.62593268950693,62.967188309558885,-169.9451032440203
28.0,28.0,0.0,-128.62593268950693,62.967188309558885,-169.9451032440203
28.0,28.0,2.0,-128.62593268950693,62.967188309558885,-169.9451032440203
28.0,28.0,4.0,-128.62593268950693,62.967188309558885,-169.9451032440203
28.0,30.0,0.0,-128.62593268950693,62.967188309558885,-169.9451032440203
28.0,30.0,2.0,-128.62593268950693,62.967188309558885,-169.9451032440203
28.0,30.0,4.0,-128.62593268950693,62.967188309558885,-169.9451032440203
28.0,32.0,0.0,-130.61438504163053,71.90819779244897,-168.2916066589148
28.0,32.0,2.0,-130.61438504163053,71.90819779244897,-168.2916066589148
28.0,32.0,4.0,-130.61438504163053,71.90819779244897,-168.2916066589148
28.0,34.0,0.0,-130.61438504163053,71.90819779244897,-168.2916066589148
28.0,34.0,2.0,-130.61438504163053,71.90819779244897,-168.2916066589148
28.0,34.0,4.0,-130.61438504163053,71.90819779244897,-168.2916066589148
28.0,36.0,0.0,-130.61438504163053,71.90819779244897,-168.2916066589148
28.0,36.0,2.0,-130.61438504163053,71.90819779244897,-168.2916066589148
28.0,36.0,4.0,-130.61438504163053,71.90819779244897,-168.2916066589148
28.0,38.0,0.0,-130.61438504163053,71.90819779244897,-168.2916066589148
28.0,38.0,2.0,-130.61438504163053,71.90819779244897,-168.2916066589148
28.0,38.0,4.0,-130.61438504163053,71.90819779244897,-168.2916066589148
28.0,40.0,0.0,-130.61438504163053,71.90819779244897,-168.2916066589148
28.0,40.0,2.0,-130.61438504163053,71.90819779244897,-168.2916066589148
28.0,40.0,4.0,-130.61438504163053,71.90819779244897,-168.2916066589148
28.0,42.0,0.0,-130.61438504163053,71.90819779244897,-168.2916066589148
28.0,42.0,2.0,-130.61438504163053,71.90819779244897,-168.2916066589148
28.0,42.0,4.0,-130.61438504163053,71.90819779244897,-168.2916066589148
28.0,44.0,0.0,-130.61438504163053,71.90819779244897,-168.2916066589148
28.0,44.0,2.0,-130.61438504163053,71.90819779244897,-168.2916066589148
28.0,44.0,4.0,-130.61438504163053,71.90819779244897,-168.2916066589148
28.0,46.0,0.0,-130.61438504163053,71.90819779244897,-168.2916066589148
28.0,46.0,2.0,-130.61438504163053,71.90819779244897,-168.2916066589148
28.0,46.0,4.0,-130.61438504163053,71.90819779244897,-168.2916066589148
30.0,0.0,0.0,-138.30311034700605,77.23959793718025,-165.35320942649778
30.0,0.0,2.0,-138.30311034700605,77.23959793718025,-165.35320942649778
30.0,0.0,4.0,-138.30311034700605,77.23959793718025,-165.35320942649778
30.0,2.0,0.0,-138.30311034700605,77.23959793718025,-165.35320942649778
30.0,2.0,2.0,-138.30311034700605,77.23959793718025,-165.35320942649778
30.0,2.0,4.0,-138.30311034700605,77.23959793718025,-165.35320942649778
30.0,4.0,0.0,-138.30311034700605,77.23959793718025,-165.35320942649778
30.0,4.0,2.0,-138.30311034700605,77.23959793718025,-165.35320942649778
30.0,4.0,4.0,-138.30311034700605,77.23959793718025,-165.35320942649778
30.0,6.0,0.0,-138.30311034700605,77.23959793718025,-165.35320942649778
30.0,6.0,2.0,-138.30311034700605,77.23959793718025,-165.35320942649778
30.0,6.0,4.0,-138.30311034700605,77.23959793718025,-165.35320942649778
30.0,8.0,0.0,-138.30311034700605,77.23959793718025,-165.35320942649778
30.0,8.0,2.0,-138.30311034700605,77.23959793718025,-165.35320942649778
30.0,8.0,4.0,-138.30311034700605,77.23959793718025,-165.35320942649778
30.0,10.0,0.0,-138.30311034700605,77.23959793718025,-165.35320942649778
30.0,10.0,2.0,-138.30311034700605,77.23959793718025,-165.35320942649778
30.0,10.0,4.0,-138.30311034700605,77.23959793718025,-165.35320942649778
30.0,12.0,0.0,-138.30311034700605,77.23959793718025,-165.35320942649778
30.0,12.0,2.0,-138.30311034700605,77.23959793718025,-165.35320942649778
30.0,12.0,4.0,-138.30311034700605,77.23959793718025,-165.35320942649778
30.0,14.0,0.0,-138.30311034700605,77.23959793718025,-165.35320942649778
30.0,14.0,2.0,-138.30311034700605,77.23959793718025,-165.35320942649778
30.0,14.0,4.0,-138.30311034700605,77.23959793718025,-165.35320942649778
30.0,16.0,0.0,-128.62593268950693,62.967188309558885,-169.9451032440203
30.0,16.0,2.0,-128.62593268950693,62.967188309558885,-169.9451032440203
30.0,16.0,4.0,-128.62593268950693,62.967188309558885,-169.9451032440203
30.0,18.0,0.0,-128.62593268950693,62.967188309558885,-169.9451032440203
30.0,18.0,2.0,-128.62593268950693,62.967188309558885,-169.9451032440203
30.0,18.0,4.0,-128.62593268950693,62.967188309558885,-169.9451032440203
30.0,20.0,0.0,-128.62593268950693,62.967188309558885,-169.9451032440203
30.0,20.0,2.0,-128.62593268950693,62.967188309558885,-169.9451032440203
30.0,20.0,4.0,-128.62593268950693,62.967188309558885,-169.9451032440203
30.0,22.0,0.0,-128.62593268950693,62.967188309558885,-169.9451032440203
30.0,22.0,2.0,-128.62593268950693,62.967188309558885,-169.9451032440203
30.0,22.0,4.0,-128.62593268950693,62.967188309558885,-169.9451032440203
30.0,24.0,0.0,-128.62593268950693,62.967188309558885,-169.9451032440203
30.0,24.0,2.0,-128.62593268950693,62.967188309558885,-169.9451032440203
30.0,24.0,4.0,-128.62593268950693,62.967188309558885,-169.9451032440203
30.0,26.0,0.0,-128.62593268950693,62.967188309558885,-169.9451032440203
30.0,26.0,2.0,-128.62593268950693,62.967188309558885,-169.9451032440203
30.0,26.0,4.0,-128.62593268950693,62.967188309558885,-169.9451032440203
30.0,28.0,0.0,-128.62593268950693,62.967188309558885,-169.9451032440203
30.0,28.0,2.0,-128.62593268950693,62.967188309558885,-169.9451032440203
30.0,28.0,4.0,-128.62593268950693,62.967188309558885,-169.9451032440203
30.0,30.0,0.0,-128.62593268950693,62.967188309558885,-169.9451032440203
30.0,30.0,2.0,-128.62593268950693,62.967188309558885,-169.9451032440203
30.0,30.0,4.0,-128.62593268950693,62.967188309558885,-169.9451032440203
30.0,32.0,0.0,-130.61438504163053,71.90819779244897,-168.2916066589148
30.0,32.0,2.0,-130.61438504163053,71.90819779244897,-168.2916066589148
30.0,32.0,4.0,-130.61438504163053,71.90819779244897,-168.2916066589148
30.0,34.0,0.0,-130.61438504163053,71.90819779244897,-168.2916066589148
30.0,34.0,2.0,-130.61438504163053,71.90819779244897,-168.2916066589148
30.0,34.0,4.0,-130.61438504163053,71.90819779244897,-168.2916066589148
30.0,36.0,0.0,-130.61438504163053,71.90819779244897,-168.2916066589148
30.0,36.0,2.0,-130.61438504163053,71.90819779244897,-168.2916066589148
30.0,36.0,4.0,-130.61438504163053,71.90819779244897,-168.2916066589148
30.0,38.0,0.0,-130.61438504163053,71.90819779244897,-168.2916066589148
30.0,38.0,2.0,-130.61438504163053,71.90819779244897,-168.2916066589148
30.0,38.0,4.0,-130.61438504163053,71.90819779244897,-168.2916066589148
30.0,40.0,0.0,-130.61438504163053,71.90819779244897,-168.2916066589148
30.0,40.0,2.0,-130.61438504163053,71.90819779244897,-168.2916066589148
30.0,40.0,4.0,-130.61438504163053,71.90819779244897,-168.2916066589148
30.0,42.0,0.0,-130.61438504163053,71.90819779244897,-168.2916066589148
30.0,42.0,2.0,-130.61438504163053,71.90819779244897,-168.2916066589148
30.0,42.0,4.0,-130.61438504163053,71.90819779244897,-168.2916066589148
30.0,44.0,0.0,-130.61438504163053,71.90819779244897,-168.2916066589148
30.0,44.0,2.0,-130.61438504163053,71.90819779244897,-168.2916066589148
30.0,44.0,4.0,-130.61438504163053,71.90819779244897,-168.2916066589148
30.0,46.0,0.0,-130.61438504163053,71.90819779244897,-168.2916066589148
30.0,46.0,2.0,-130.61438504163053,71.90819779244897,-168.2916066589148
30.0,46.0,4.0,-130.61438504163053,71.90819779244897,-168.2916066589148
32.0,0.0,0.0,-138.30311034700605,77.23959793718025,-165.35320942649778
32.0,0.0,2.0,-138.30311034700605,77.23959793718025,-165.35320942649778
32.0,0.0,4.0,-138.30311034700605,77.23959793718025,-165.35320942649778
32.0,2.0,0.0,-138.30311034700605,77.23959793718025,-165.35320942649778
32.0,2.0,2.0,-138.30311034700605,77.23959793718025,-165.35320942649778
32.0,2.0,4.0,-138.30311034700605,77.23959793718025,-165.35320942649778
32.0,4.0,0.0,-138.30311034700605,77.23959793718025,-165.35320942649778
32.0,4.0,2.0,-138.30311034700605,77.23959793718025,-165.35320942649778
32.0,4.0,4.0,-138.30311034700605,77.23959793718025,-165.35320942649778
32.0,6.0,0.0,-138.30311034700605,77.23959793718025,-165.35320942649778
32.0,6.0,2.0,-138.30311034700605,77.23959793718025,-165.35320942649778
32.0,6.0,4.0,-138.30311034700605,77.23959793718025,-165.35320942649778
32.0,8.0,0.0,-138.30311034700605,77.23959793718025,-165.35320942649778
32.0,8.0,2.0,-138.30311034700605,77.23959793718025,-165.35320942649778
32.0,8.0,4.0,-138.30311034700605,77.23959793718025,-165.35320942649778
32.0,10.0,0.0,-138.30311034700605,77.23959793718025,-165.35320942649778
32.0,10.0,2.0,-138.30311034700605,77.23959793718025,-165.35320942649778
32.0,10.0,4.0,-138.30311034700605,77.23959793718025,-165.35320942649778
32.0,12.0,0.0,-138.30311034700605,77.23959793718025,-165.35320942649778
32.0,12.0,2.0,-138.30311034700605,77.23959793718025,-165.35320942649778
32.0,12.0,4.0,-138.30311034700605,77.23959793718025,-165.35320942649778
32.0,14.0,0.0,-138.30311034700605,77.23959793718025,-165.35320942649778
32.0,14.0,2.0,-138.30311034700605,77.23959793718025,-165.35320942649778
32.0,14.0,4.0,-138.30311034700605,77.23959793718025,-165.35320942649778
32.0,16.0,0.0,-128.62593268950693,62.967188309558885,-169.9451032440203
32.0,16.0,2.0,-128.62593268950693,62.967188309558885,-169.9451032440203
32.0,16.0,4.0,-128.62593268950693,62.967188309558885,-169.9451032440203
32.0,18.0,0.0,-128.62593268950693,62.967188309558885,-169.9451032440203
32.0,18.0,2.0,-128.62593268950693,62.967188309558885,-169.9451032440203
32.0,18.0,4.0,-128.62593268950693,62.967188309558885,-169.9451032440203
32.0,20.0,0.0,-128.62593268950693,62.967188309558885,-169.9451032440203
32.0,20.0,2.0,-128.62593268950693,62.967188309558885,-169.9451032440203
32.0,20.0,4.0,-128.62593268950693,62.967188309558885,-169.9451032440203
32.0,22.0,0.0,-128.62593268950693,62.967188309558885,-169.9451032440203
32.0,22.0,2.0,-128.62593268950693,62.967188309558885,-169.9451032440203
32.0,22.0,4.0,-128.62593268950693,62.967188309558885,-169.9451032440203
32.0,24.0,0.0,-128.62593268950693,62.967188309558885,-169.9451032440203
32.0,24.0,2.0,-128.62593268950693,62.967188309558885,-169.9451032440203
32.0,24.0,4.0,-128.62593268950693,62.967188309558885,-169.9451032440203
32.0,26.0,0.0,-128.62593268950693,62.967188309558885,-169.9451032440203
32.0,26.0,2.0,-128.62593268950693,62.967188309558885,-169.9451032440203
32.0,26.0,4.0,-128.62593268950693,62.967188309558885,-169.9451032440203
32.0,28.0,0.0,-128.62593268950693,62.967188309558885,-169.9451032440203
32.0,28.0,2.0,-128.62593268950693,62.967188309558885,-169.9451032440203
32.0,28.0,4.0,-128.62593268950693,62.967188309558885,-169.9451032440203
32.0,30.0,0.0,-128.62593268950693,62.967188309558885,-169.9451032440203
32.0,30.0,2.0,-128.62593268950693,62.967188309558885,-169.9451032440203
32.0,30.0,4.0,-128.62593268950693,62.967188309558885,-169.9451032440203
32.0,32.0,0.0,-130.61438504163053,71.90819779244897,-168.2916066589148
32.0,32.0,2.0,-130.61438504163053,71.90819779244897,-168.2916066589148
32.0,32.0,4.0,-130.61438504163053,71.90819779244897,-168.2916066589148
32.0,34.0,0.0,-130.61438504163053,71.90819779244897,-168.2916066589148
32.0,34.0,2.0,-130.61438504163053,71.90819779244897,-168.2916066589148
32.0,34.0,4.0,-130.61438504163053,71.90819779244897,-168.2916066589148
32.0,36.0,0.0,-130.61438504163053,71.90819779244897,-168.2916066589148
32.0,36.0,2.0,-130.61438504163053,71.90819779244897,-168.2916066589148
32.0,36.0,4.0,-130.61438504163053,71.90819779244897,-168.2916066589148
32.0,38.0,0.0,-130.61438504163053,71.90819779244897,-168.2916066589148
32.0,38.0,2.0,-130.61438504163053,71.90819779244897,-168.2916066589148
32.0,38.0,4.0,-130.61438504163053,71.90819779244897,-168.2916066589148
32.0,40.0,0.0,-130.61438504163053,71.90819779244897,-168.2916066589148
32.0,40.0,2.0,-130.61438504163053,71.90819779244897,-168.2916066589148
32.0,40.0,4.0,-130.61438504163053,71.90819779244897,-168.2916066589148
32.0,42.0,0.0,-130.61438504163053,71.90819779244897,-168.2916066589148
32.0,42.0,2.0,-130.61438504163053,71.90819779244897,-168.2916066589148
32.0,42.0,4.0,-130.61438504163053,71.90819779244897,-168.2916066589148
32.0,44.0,0.0,-130.61438504163053,71.90819779244897,-168.2916066589148
32.0,44.0,2.0,-130.61438504163053,71.90819779244897,-168.2916066589148
32.0,44.0,4.0,-130.61438504163053,71.90819779244897,-168.2916066589148
32.0,46.0,0.0,-130.61438504163053,71.90819779244897,-168.2916066589148
32.0,46.0,2.0,-130.61438504163053,71.90819779244897,-168.2916066589148
32.0,46.0,4.0,-130.61438504163053,71.90819779244897,-168.2916066589148
34.0,0.0,0.0,-138.30311034700605,77.23959793718025,-165.35320942649778
34.0,0.0,2.0,-138.30311034700605,77.23959793718025,-165.35320942649778
34.0,0.0,4.0,-138.30311034700605,77.23959793718025,-165.35320942649778
34.0,2.0,0.0,-138.30311034700605,77.23959793718025,-165.35320942649778
34.0,2.0,2.0,-138.30311034700605,77.23959793718025,-165.35320942649778
34.0,2.0,4.0,-138.30311034700605,77.23959793718025,-165.35320942649778
34.0,4.0,0.0,-138.30311034700605,77.23959793718025,-165.35320942649778
34.0,4.0,2.0,-138.30311034700605,77.23959793718025,-165.35320942649778
34.0,4.0,4.0,-138.30311034700605,77.23959793718025,-165.35320942649778
34.0,6.0,0.0,-138.30311034700605,77.23959793718025,-165.35320942649778
34.0,6.0,2.0,-138.30311034700605,77.23959793718025,-165.35320942649778
34.0,6.0,4.0,-138.30311034700605,77.23959793718025,-165.35320942649778
34.0,8.0,0.0,-138.30311034700605,77.23959793718025,-165.35320942649778
34.0,8.0,2.0,-138.30311034700605,77.23959793718025,-165.35320942649778
34.0,8.0,4.0,-138.30311034700605,77.23959793718025,-165.35320942649778
34.0,10.0,0.0,-138.30311034700605,77.23959793718025,-165.35320942649778
34.0,10.0,2.0,-138.30311034700605,77.23959793718025,-165.35320942649778
34.0,10.0,4.0,-138.30311034700605,77.23959793718025,-165.35320942649778
34.0,12.0,0.0,-138.30311034700605,77.23959793718025,-165.35320942649778
34.0,12.0,2.0,-138.30311034700605,77.23959793718025,-165.35320942649778
34.0,12.0,4.0,-138.30311034700605,77.23959793718025,-165.35320942649778
34.0,14.0,0.0,-138.30311034700605,77.23959793718025,-165.35320942649778
34.0,14.0,2.0,-138.30311034700605,77.23959793718025,-165.35320942649778
34.0,14.0,4.0,-138.30311034700605,77.23959793718025,-165.35320942649778
34.0,16.0,0.0,-128.62593268950693,62.967188309558885,-169.9451032440203
34.0,16.0,2.0,-128.62593268950693,62.967188309558885,-169.9451032440203
34.0,16.0,4.0,-128.62593268950693,62.967188309558885,-169.9451032440203
34.0,18.0,0.0,-128.62593268950693,62.967188309558885,-169.9451032440203
34.0,18.0,2.0,-128.62593268950693,62.967188309558885,-169.9451032440203
34.0,18.0,4.0,-128.62593268950693,62.967188309558885,-169.9451032440203
34.0,20.0,0.0,-128.62593268950693,62.967188309558885,-169.9451032440203
34.0,20.0,2.0,-128.62593268950693,62.967188309558885,-169.9451032440203
34.0,20.0,4.0,-128.62593268950693,62.967188309558885,-169.9451032440203
34.0,22.0,0.0,-128.62593268950693,62.967188309558885,-169.9451032440203
34.0,22.0,2.0,-128.62593268950693,62.967188309558885,-169.9451032440203
34.0,22.0,4.0,-128.62593268950693,62.967188309558885,-169.9451032440203
34.0,24.0,0.0,-128.62593268950693,62.967188309558885,-169.9451032440203
34.0,24.0,2.0,-128.62593268950693,62.967188309558885,-169.9451032440203
34.0,24.0,4.0,-128.62593268950693,62.967188309558885,-169.9451032440203
34.0,26.0,0.0,-128.62593268950693,62.967188309558885,-169.9451032440203
34.0,26.0,2.0,-128.62593268950693,62.967188309558885,-169.9451032440203
34.0,26.0,4.0,-128.62593268950693,62.967188309558885,-169.9451032440203
34.0,28.0,0.0,-128.62593268950693,62.967188309558885,-169.9451032440203
34.0,28.0,2.0,-128.62593268950693,62.967188309558885,-169.9451032440203
34.0,28.0,4.0,-128.62593268950693,62.967188309558885,-169.9451032440203
34.0,30.0,0.0,-128.62593268950693,62.967188309558885,-169.9451032440203
34.0,30.0,2.0,-128.62593268950693,62.967188309558885,-169.9451032440203
34.0,30.0,4.0,-128.62593268950693,62.967188309558885,-169.9451032440203
34.0,32.0,0.0,-130.61438504163053,71.90819779244897,-168.2916066589148
34.0,32.0,2.0,-130.61438504163053,71.90819779244897,-168.2916066589148
34.0,32.0,4.0,-130.61438504163053,71.90819779244897,-168.2916066589148
34.0,34.0,0.0,-130.61438504163053,71.90819779244897,-168.2916066589148
34.0,34.0,2.0,-130.61438504163053,71.90819779244897,-168.2916066589148
34.0,34.0,4.0,-130.61438504163053,71.90819779244897,-168.2916066589148
34.0,36.0,0.0,-130.61438504163053,71.90819779244897,-168.2916066589148
34.0,36.0,2.0,-130.61438504163053,71.90819779244897,-168.2916066589148
34.0,36.0,4.0,-130.61438504163053,71.90819779244897,-168.2916066589148
34.0,38.0,0.0,-130.61438504163053,71.90819779244897,-168.2916066589148
34.0,38.0,2.0,-130.61438504163053,71.90819779244897,-168.2916066589148
34.0,38.0,4.0,-130.61438504163053,71.90819779244897,-168.2916066589148
34.0,40.0,0.0,-130.61438504163053,71.90819779244897,-168.2916066589148
34.0,40.0,2.0,-130.61438504163053,71.90819779244897,-168.2916066589148
34.0,40.0,4.0,-130.61438504163053,71.90819779244897,-168.2916066589148
34.0,42.0,0.0,-130.61438504163053,71.90819779244897,-168.2916066589148
34.0,42.0,2.0,-130.61438504163053,71.90819779244897,-168.2916066589148
34.0,42.0,4.0,-130.61438504163053,71.90819779244897,-168.2916066589148
34.0,44.0,0.0,-130.61438504163053,71.90819779244897,-168.2916066589148
34.0,44.0,2.0,-130.61438504163053,71.90819779244897,-168.2916066589148
34.0,44.0,4.0,-130.61438504163053,71.90819779244897,-168.2916066589148
34.0,46.0,0.0,-130.61438504163053,71.90819779244897,-168.2916066589148
34.0,46.0,2.0,-130.61438504163053,71.90819779244897,-168.2916066589148
34.0,46.0,4.0,-130.61438504163053,71.90819779244897,-168.2916066589148
36.0,0.0,0.0,308.66553957152496,3.022701777491792,262.6759607147799
36.0,0.0,2.0,308.66553957152496,3.022701777491792,262.6759607147799
36.0,0.0,4.0,308.66553957152496,3.022701777491792,262.6759607147799
36.0,2.0,0.0,308.66553957152496,3.022701777491792,262.6759607147799
36.0,2.0,2.0,308.66553957152496,3.022701777491792,262.6759607147799
36.0,2.0,4.0,308.66553957152496,3.022701777491792,262.6759607147799
36.0,4.0,0.0,308.66553957152496,3.022701777491792,262.6759607147799
36.0,4.0,2.0,308.66553957152496,3.022701777491792,262.6759607147799
36.0,4.0,4.0,308.66553957152496,3.022701777491792,262.6759607147799
36.0,6.0,0.0,308.66553957152496,3.022701777491792,262.6759607147799
36.0,6.0,2.0,308.66553957152496,3.022701777491792,262.6759607147799
36.0,6.0,4.0,308.66553957152496,3.022701777491792,262.6759607147799
36.0,8.0,0.0,308.66553957152496,3.022701777491792,262.6759607147799
36.0,8.0,2.0,308.66553957152496,3.022701777491792,262.6759607147799
36.0,8.0,4.0,308.66553957152496,3.022701777491792,262.6759607147799
36.0,10.0,0.0,308.66553957152496,3.022701777491792,262.6759607147799
36.0,10.0,2.0,308.66553957152496,3.022701777491792,262.6759607147799
36.0,10.0,4.0,308.66553957152496,3.022701777491792,262.6759607147799
36.0,12.0,0.0,308.66553957152496,3.022701777491792,262.6759607147799
36.0,12.0,2.0,308.66553957152496,3.022701777491792,262.6759607147799
36.0,12.0,4.0,308.66553957152496,3.022701777491792,262.6759607147799
36.0,14.0,0.0,308.66553957152496,3.022701777491792,262.6759607147799
36.0,14.0,2.0,308.66553957152496,3.022701777491792,262.6759607147799
36.0,14.0,4.0,308.66553957152496,3.022701777491792,262.6759607147799
36.0,16.0,0.0,308.66553957152496,3.022701777491792,262.6759607147799
36.0,16.0,2.0,308.66553957152496,3.022701777491792,262.6759607147799
36.0,16.0,4.0,308.66553957152496,3.022701777491792,262.6759607147799
36.0,18.0,0.0,308.66553957152496,3.022701777491792,262.6759607147799
36.0,18.0,2.0,308.66553957152496,3.022701777491792,262.6759607147799
36.0,18.0,4.0,308.66553957152496,3.022701777491792,262.6759607147799
36.0,20.0,0.0,308.66553957152496,3.022701777491792,262.6759607147799
36.0,20.0,2.0,308.66553957152496,3.022701777491792,262.6759607147799
36.0,20.0,4.0,308.66553957152496,3.022701777491792,262.6759607147799
36.0,22.0,0.0,308.66553957152496,3.022701777491792,262.6759607147799
36.0,22.0,2.0,308.66553957152496,3.022701777491792,262.6759607147799
36.0,22.0,4.0,308.66553957152496,3.022701777491792,262.6759607147799
36.0,24.0,0.0,308.66553957152496,3.022701777491792,262.6759607147799
36.0,24.0,2.0,308.66553957152496,3.022701777491792,262.6759607147799
36.0,24.0,4.0,308.66553957152496,3.022701777491792,262.6759607147799
36.0,26.0,0.0,308.66553957152496,3.022701777491792,262.6759607147799
36.0,26.0,2.0,308.66553957152496,3.022701777491792,262.6759607147799
36.0,26.0,4.0,308.66553957152496,3.022701777491792,262.6759607147799
36.0,28.0,0.0,308.66553957152496,3.022701777491792,262.6759607147799
36.0,28.0,2.0,308.66553957152496,3.022701777491792,262.6759607147799
36.0,28.0,4.0,308.66553957152496,3.022701777491792,262.6759607147799
36.0,30.0,0.0,308.66553957152496,3.022701777491792,262.6759607147799
36.0,30.0,2.0,308.66553957152496,3.022701777491792,262.6759607147799
36.0,30.0,4.0,308.66553957152496,3.022701777491792,262.6759607147799
36.0,32.0,0.0,308.66553957152496,3.022701777491792,262.6759607147799
36.0,32.0,2.0,308.66553957152496,3.022701777491792,262.6759607147799
36.0,32.0,4.0,308.66553957152496,3.022701777491792,262.6759607147799
36.0,34.0,0.0,308.66553957152496,3.022701777491792,262.6759607147799
36.0,34.0,2.0,308.66553957152496,3.022701777491792,262.6759607147799
36.0,34.0,4.0,308.66553957152496,3.022701777491792,262.6759607147799
36.0,36.0,0.0,308.66553957152496,3.022701777491792,262.6759607147799
36.0,36.0,2.0,308.66553957152496,3.022701777491792,262.6759607147799
36.0,36.0,4.0,308.66553957152496,3.022701777491792,262.6759607147799
36.0,38.0,0.0,308.66553957152496,3.022701777491792,262.6759607147799
36.0,38.0,2.0,308.66553957152496,3.022701777491792,262.6759607147799
36.0,38.0,4.0,308.66553957152496,3.022701777491792,262.6759607147799
36.0,40.0,0.0,308.66553957152496,3.022701777491792,262.6759607147799
36.0,40.0,2.0,308.66553957152496,3.022701777491792,262.6759607147799
36.0,40.0,4.0,308.66553957152496,3.022701777491792,262.6759607147799
36.0,42.0,0.0,308.66553957152496,3.022701777491792,262.6759607147799
36.0,42.0,2.0,308.66553957152496,3.022701777491792,262.6759607147799
36.0,42.0,4.0,308.66553957152496,3.022701777491792,262.6759607147799
36.0,44.0,0.0,308.66553957152496,3.022701777491792,262.6759607147799
36.0,44.0,2.0,308.66553957152496,3.022701777491792,262.6759607147799
36.0,44.0,4.0,308.66553957152496,3.022701777491792,262.6759607147799
36.0,46.0,0.0,308.66553957152496,3.022701777491792,262.6759607147799
36.0,46.0,2.0,308.66553957152496,3.022701777491792,262.6759607147799
36.0,46.0,4.0,308.66553957152496,3.022701777491792,262.6759607147799
38.0,0.0,0.0,308.66553957152496,3.022701777491792,262.6759607147799
38.0,0.0,2.0,308.66553957152496,3.022701777491792,262.6759607147799
38.0,0.0,4.0,308.66553957152496,3.022701777491792,262.6759607147799
38.0,2.0,0.0,308.66553957152496,3.022701777491792,262.6759607147799
38.0,2.0,2.0,308.66553957152496,3.022701777491792,262.6759607147799
38.0,2.0,4.0,308.66553957152496,3.022701777491792,262.6759607147799
38.0,4.0,0.0,308.66553957152496,3.022701777491792,262.6759607147799
38.0,4.0,2.0,308.66553957152496,3.022701777491792,262.6759607147799
38.0,4.0,4.0,308.66553957152496,3.022701777491792,262.6759607147799
38.0,6.0,0.0,308.66553957152496,3.022701777491792,262.6759607147799
38.0,6.0,2.0,308.66553957152496,3.022701777491792,262.6759607147799
38.0,6.0,4.0,308.66553957152496,3.022701777491792,262.6759607147799
38.0,8.0,0.0,308.66553957152496,3.022701777491792,262.6759607147799
38.0,8.0,2.0,308.66553957152496,3.022701777491792,262.6759607147799
38.0,8.0,4.0,308.66553957152496,3.022701777491792,262.6759607147799
38.0,10.0,0.0,308.66553957152496,3.022701777491792,262.6759607147799
38.0,10.0,2.0,308.66553957152496,3.022701777491792,262.6759607147799
38.0,10.0,4.0,308.66553957152496,3.022701777491792,262.6759607147799
38.0,12.0,0.0,308.66553957152496,3.022701777491792,262.6759607147799
38.0,12.0,2.0,308.66553957152496,3.022701777491792,262.6759607147799
38.0,12.0,4.0,308.66553957152496,3.022701777491792,262.6759607147799
38.0,14.0,0.0,308.66553957152496,3.022701777491792,262.6759607147799
38.0,14.0,2.0,308.66553957152496,3.022701777491792,262.6759607147799
38.0,14.0,4.0,308.66553957152496,3.022701777491792,262.6759607147799
38.0,16.0,0.0,308.66553957152496,3.022701777491792,262.6759607147799
38.0,16.0,2.0,308.66553957152496,3.022701777491792,262.6759607147799
38.0,16.0,4.0,308.66553957152496,3.022701777491792,262.6759607147799
38.0,18.0,0.0,308.66553957152496,3.022701777491792,262.6759607147799
38.0,18.0,2.0,308.66553957152496,3.022701777491792,262.6759607147799
38.0,18.0,4.0,308.66553957152496,3.022701777491792,262.6759607147799
38.0,20.0,0.0,308.66553957152496,3.022701777491792,262.6759607147799
38.0,20.0,2.0,308.66553957152496,3.022701777491792,262.6759607147799
38.0,20.0,4.0,308.66553957152496,3.022701777491792,262.6759607147799
38.0,22.0,0.0,308.66553957152496,3.022701777491792,262.6759607147799
38.0,22.0,2.0,308.66553957152496,3.022701777491792,262.6759607147799
38.0,22.0,4.0,308.66553957152496,3.022701777491792,262.6759607147799
38.0,24.0,0.0,308.66553957152496,3.022701777491792,262.6759607147799
38.0,24.0,2.0,308.66553957152496,3.022701777491792,262.6759607147799
38.0,24.0,4.0,308.66553957152496,3.022701777491792,262.6759607147799
38.0,26.0,0.0,308.66553957152496,3.022701777491792,262.6759607147799
38.0,26.0,2.0,308.66553957152496,3.022701777491792,262.6759607147799
38.0,26.0,4.0,308.66553957152496,3.022701777491792,262.6759607147799
38.0,28.0,0.0,308.66553957152496,3.022701777491792,262.6759607147799
38.0,28.0,2.0,308.66553957152496,3.022701777491792,262.6759607147799
38.0,28.0,4.0,308.66553957152496,3.022701777491792,262.6759607147799
38.0,30.0,0.0,308.66553957152496,3.022701777491792,262.6759607147799
38.0,30.0,2.0,308.66553957152496,3.022701777491792,262.6759607147799
38.0,30.0,4.0,308.66553957152496,3.022701777491792,262.6759607147799
38.0,32.0,0.0,308.66553957152496,3.022701777491792,262.6759607147799
38.0,32.0,2.0,308.66553957152496,3.022701777491792,262.6759607147799
38.0,32.0,4.0,308.66553957152496,3.022701777491792,262.6759607147799
38.0,34.0,0.0,308.66553957152496,3.022701777491792,262.6759607147799
38.0,34.0,2.0,308.66553957152496,3.022701777491792,262.6759607147799
38.0,34.0,4.0,308.66553957152496,3.022701777491792,262.6759607147799
38.0,36.0,0.0,308.66553957152496,3.022701777491792,262.6759607147799
38.0,36.0,2.0,308.66553957152496,3.022701777491792,262.6759607147799
38.0,36.0,4.0,308.66553957152496,3.022701777491792,262.6759607147799
38.0,38.0,0.0,308.66553957152496,3.022701777491792,262.6759607147799
38.0,38.0,2.0,308.66553957152496,3.022701777491792,262.6759607147799
38.0,38.0,4.0,308.66553957152496,3.022701777491792,262.6759607147799
38.0,40.0,0.0,308.66553957152496,3.022701777491792,262.6759607147799
38.0,40.0,2.0,308.66553957152496,3.022701777491792,262.6759607147799
38.0,40.0,4.0,308.66553957152496,3.022701777491792,262.6759607147799
38.0,42.0,0.0,308.66553957152496,3.022701777491792,262.6759607147799
38.0,42.0,2.0,308.66553957152496,3.022701777491792,262.6759607147799
38.0,42.0,4.0,308.66553957152496,3.022701777491792,262.6759607147799
38.0,44.0,0.0,308.66553957152496,3.022701777491792,262.6759607147799
38.0,44.0,2.0,308.66553957152496,3.022701777491792,262.6759607147799
38.0,44.0,4.0,308.66553957152496,3.022701777491792,262.6759607147799
38.0,46.0,0.0,308.66553957152496,3.022701777491792,262.6759607147799
38.0,46.0,2.0,308.66553957152496,3.022701777491792,262.6759607147799
38.0,46.0,4.0,308.66553957152496,3.022701777491792,262.6759607147799
40.0,0.0,0.0,308.66553957152496,3.022701777491792,262.6759607147799
40.0,0.0,2.0,308.66553957152496,3.022701777491792,262.6759607147799
40.0,0.0,4.0,308.66553957152496,3.022701777491792,262.6759607147799
40.0,2.0,0.0,308.66553957152496,3.022701777491792,262.6759607147799
40.0,2.0,2.0,308.66553957152496,3.022701777491792,262.6759607147799
40.0,2.0,4.0,308.66553957152496,3.022701777491792,262.6759607147799
40.0,4.0,0.0,308.66553957152496,3.022701777491792,262.6759607147799
40.0,4.0,2.0,308.66553957152496,3.022701777491792,262.6759607147799
40.0,4.0,4.0,308.66553957152496,3.022701777491792,262.6759607147799
40.0,6.0,0.0,308.66553957152496,3.022701777491792,262.6759607147799
40.0,6.0,2.0,308.66553957152496,3.022701777491792,262.6759607147799
40.0,6.0,4.0,308.66553957152496,3.022701777491792,262.6759607147799
40.0,8.0,0.0,308.66553957152496,3.022701777491792,262.6759607147799
40.0,8.0,2.0,308.66553957152496,3.022701777491792,262.6759607147799
40.0,8.0,4.0,308.66553957152496,3.022701777491792,262.6759607147799
40.0,10.0,0.0,308.66553957152496,3.022701777491792,262.6759607147799
40.0,10.0,2.0,308.66553957152496,3.022701777491792,262.6759607147799
40.0,10.0,4.0,308.66553957152496,3.022701777491792,262.6759607147799
40.0,12.0,0.0,308.66553957152496,3.022701777491792,262.6759607147799
40.0,12.0,2.0,308.66553957152496,3.022701777491792,262.6759607147799
40.0,12.0,4.0,308.66553957152496,3.022701777491792,262.6759607147799
40.0,14.0,0.0,308.66553957152496,3.022701777491792,262.6759607147799
40.0,14.0,2.0,308.66553957152496,3.022701777491792,262.6759607147799
40.0,14.0,4.0,308.66553957152496,3.022701777491792,262.6759607147799
40.0,16.0,0.0,308.66553957152496,3.022701777491792,262.6759607147799
40.0,16.0,2.0,308.66553957152496,3.022701777491792,262.6759607147799
40.0,16.0,4.0,308.66553957152496,3.022701777491792,262.6759607147799
40.0,18.0,0.0,308.66553957152496,3.022701777491792,262.6759607147799
40.0,18.0,2.0,308.66553957152496,3.022701777491792,262.6759607147799
40.0,18.0,4.0,308.66553957152496,3.022701777491792,262.6759607147799
40.0,20.0,0.0,308.66553957152496,3.022701777491792,262.6759607147799
40.0,20.0,2.0,308.66553957152496,3.022701777491792,262.6759607147799
40.0,20.0,4.0,308.66553957152496,3.022701777491792,262.6759607147799
40.0,22.0,0.0,308.66553957152496,3.022701777491792,262.6759607147799
40.0,22.0,2.0,308.66553957152496,3.022701777491792,262.6759607147799
40.0,22.0,4.0,308.66553957152496,3.022701777491792,262.6759607147799
40.0,24.0,0.0,308.66553957152496,3.022701777491792,262.6759607147799
40.0,24.0,2.0,308.66553957152496,3.022701777491792,262.6759607147799
40.0,24.0,4.0,308.66553957152496,3.022701777491792,262.6759607147799
40.0,26.0,0.0,308.66553957152496,3.022701777491792,262.6759607147799
40.0,26.0,2.0,308.66553957152496,3.022701777491792,262.6759607147799
40.0,26.0,4.0,308.66553957152496,3.022701777491792,262.6759607147799
40.0,28.0,0.0,308.66553957152496,3.022701777491792,262.6759607147799
40.0,28.0,2.0,308.66553957152496,3.022701777491792,262.6759607147799
40.0,28.0,4.0,308.66553957152496,3.022701777491792,262.6759607147799
40.0,30.0,0.0,308.66553957152496,3.022701777491792,262.6759607147799
40.0,30.0,2.0,308.66553957152496,3.022701777491792,262.6759607147799
40.0,30.0,4.0,308.66553957152496,3.022701777491792,262.6759607147799
40.0,32.0,0.0,308.66553957152496,3.022701777491792,262.6759607147799
40.0,32.0,2.0,308.66553957152496,3.022701777491792,262.6759607147799
40.0,32.0,4.0,308.66553957152496,3.022701777491792,262.6759607147799
40.0,34.0,0.0,308.66553957152496,3.022701777491792,262.6759607147799
40.0,34.0,2.0,308.66553957152496,3.022701777491792,262.6759607147799
40.0,34.0,4.0,308.66553957152496,3.022701777491792,262.6759607147799
40.0,36.0,0.0,308.66553957152496,3.022701777491792,262.6759607147799
40.0,36.0,2.0,308.66553957152496,3.022701777491792,262.6759607147799
40.0,36.0,4.0,308.66553957152496,3.022701777491792,262.6759607147799
40.0,38.0,0.0,308.66553957152496,3.022701777491792,262.6759607147799
40.0,38.0,2.0,308.66553957152496,3.022701777491792,262.6759607147799
40.0,38.0,4.0,308.66553957152496,3.022701777491792,262.6759607147799
40.0,40.0,0.0,308.66553957152496,3.022701777491792,262.6759607147799
40.0,40.0,2.0,308.66553957152496,3.022701777491792,262.6759607147799
40.0,40.0,4.0,308.66553957152496,3.022701777491792,262.6759607147799
40.0,42.0,0.0,308.66553957152496,3.022701777491792,262.6759607147799
40.0,42.0,2.0,308.66553957152496,3.022701777491792,262.6759607147799
40.0,42.0,4.0,308.66553957152496,3.022701777491792,262.6759607147799
40.0,44.0,0.0,308.66553957152496,3.022701777491792,262.6759607147799
40.0,44.0,2.0,308.66553957152496,3.022701777491792,262.6759607147799
40.0,44.0,4.0,308.66553957152496,3.022701777491792,262.6759607147799
40.0,46.0,0.0,308.66553957152496,3.022701777491792,262.6759607147799
40.0,46.0,2.0,308.66553957152496,3.022701777491792,262.6759607147799
40.0,46.0,4.0,308.66553957152496,3.022701777491792,262.6759607147799
42.0,0.0,0.0,308.66553957152496,3.022701777491792,262.6759607147799
42.0,0.0,2.0,308.66553957152496,3.022701777491792,262.6759607147799
42.0,0.0,4.0,308.66553957152496,3.022701777491792,262.6759607147799
42.0,2.0,0.0,308.66553957152496,3.022701777491792,262.6759607147799
42.0,2.0,2.0,308.66553957152496,3.022701777491792,262.6759607147799
42.0,2.0,4.0,308.66553957152496,3.022701777491792,262.6759607147799
42.0,4.0,0.0,308.66553957152496,3.022701777491792,262.6759607147799
42.0,4.0,2.0,308.66553957152496,3.022701777491792,262.6759607147799
42.0,4.0,4.0,308.66553957152496,3.022701777491792,262.6759607147799
42.0,6.0,0.0,308.66553957152496,3.022701777491792,262.6759607147799
42.0,6.0,2.0,308.66553957152496,3.022701777491792,262.6759607147799
42.0,6.0,4.0,308.66553957152496,3.022701777491792,262.6759607147799
42.0,8.0,0.0,308.66553957152496,3.022701777491792,262.6759607147799
42.0,8.0,2.0,308.66553957152496,3.022701777491792,262.6759607147799
42.0,8.0,4.0,308.66553957152496,3.022701777491792,262.6759607147799
42.0,10.0,0.0,308.66553957152496,3.022701777491792,262.6759607147799
42.0,10.0,2.0,308.66553957152496,3.022701777491792,262.6759607147799
42.0,10.0,4.0,308.66553957152496,3.022701777491792,262.6759607147799
42.0,12.0,0.0,308.66553957152496,3.022701777491792,262.6759607147799
42.0,12.0,2.0,308.66553957152496,3.022701777491792,262.6759607147799
42.0,12.0,4.0,308.66553957152496,3.022701777491792,262.6759607147799
42.0,14.0,0.0,308.66553957152496,3.022701777491792,262.6759607147799
42.0,14.0,2.0,308.66553957152496,3.022701777491792,262.6759607147799
42.0,14.0,4.0,308.66553957152496,3.022701777491792,262.6759607147799
42.0,16.0,0.0,308.66553957152496,3.022701777491792,262.6759607147799
42.0,16.0,2.0,308.66553957152496,3.022701777491792,262.6759607147799
42.0,16.0,4.0,308.66553957152496,3.022701777491792,262.6759607147799
42.0,18.0,0.0,308.66553957152496,3.022701777491792,262.6759607147799
42.0,18.0,2.0,308.66553957152496,3.022701777491792,262.6759607147799
42.0,18.0,4.0,308.66553957152496,3.022701777491792,262.6759607147799
42.0,20.0,0.0,308.66553957152496,3.022701777491792,262.6759607147799
42.0,20.0,2.0,308.66553957152496,3.022701777491792,262.6759607147799
42.0,20.0,4.0,308.66553957152496,3.022701777491792,262.6759607147799
42.0,22.0,0.0,308.66553957152496,3.022701777491792,262.6759607147799
42.0,22.0,2.0,308.66553957152496,3.022701777491792,262.6759607147799
42.0,22.0,4.0,308.66553957152496,3.022701777491792,262.6759607147799
42.0,24.0,0.0,308.66553957152496,3.022701777491792,262.6759607147799
42.0,24.0,2.0,308.66553957152496,3.022701777491792,262.6759607147799
42.0,24.0,4.0,308.66553957152496,3.022701777491792,262.6759607147799
42.0,26.0,0.0,308.66553957152496,3.022701777491792,262.6759607147799
42.0,26.0,2.0,308.66553957152496,3.022701777491792,262.6759607147799
42.0,26.0,4.0,308.66553957152496,3.022701777491792,262.6759607147799
42.0,28.0,0.0,308.66553957152496,3.022701777491792,262.6759607147799
42.0,28.0,2.0,308.66553957152496,3.022701777491792,262.6759607147799
42.0,28.0,4.0,308.66553957152496,3.022701777491792,262.6759607147799
42.0,30.0,0.0,308.66553957152496,3.022701777491792,262.6759607147799
42.0,30.0,2.0,308.66553957152496,3.022701777491792,262.6759607147799
42.0,30.0,4.0,308.66553957152496,3.022701777491792,262.6759607147799
42.0,32.0,0.0,308.66553957152496,3.022701777491792,262.6759607147799
42.0,32.0,2.0,308.66553957152496,3.022701777491792,262.6759607147799
42.0,32.0,4.0,308.66553957152496,3.022701777491792,262.6759607147799
42.0,34.0,0.0,308.66553957152496,3.022701777491792,262.6759607147799
42.0,34.0,2.0,308.66553957152496,3.022701777491792,262.6759607147799
42.0,34.0,4.0,308.66553957152496,3.022701777491792,262.6759607147799
42.0,36.0,0.0,308.66553957152496,3.022701777491792,262.6759607147799
42.0,36.0,2.0,308.66553957152496,3.022701777491792,262.6759607147799
42.0,36.0,4.0,308.66553957152496,3.022701777491792,262.6759607147799
42.0,38.0,0.0,308.66553957152496,3.022701777491792,262.6759607147799
42.0,38.0,2.0,308.66553957152496,3.022701777491792,262.6759607147799
42.0,38.0,4.0,308.66553957152496,3.022701777491792,262.6759607147799
42.0,40.0,0.0,308.66553957152496,3.022701777491792,262.6759607147799
42.0,40.0,2.0,308.66553957152496,3.022701777491792,262.6759607147799
42.0,40.0,4.0,308.66553957152496,3.022701777491792,262.6759607147799
42.0,42.0,0.0,308.66553957152496,3.022701777491792,262.6759607147799
42.0,42.0,2.0,308.66553957152496,3.022701777491792,262.6759607147799
42.0,42.0,4.0,308.66553957152496,3.022701777491792,262.6759607147799
42.0,44.0,0.0,308.66553957152496,3.022701777491792,262.6759607147799
42.0,44.0,2.0,308.66553957152496,3.022701777491792,262.6759607147799
42.0,44.0,4.0,308.66553957152496,3.022701777491792,262.6759607147799
42.0,46.0,0.0,308.66553957152496,3.022701777491792,262.6759607147799
42.0,46.0,2.0,308.66553957152496,3.022701777491792,262.6759607147799
42.0,46.0,4.0,308.66553957152496,3.022701777491792,262.6759607147799
44.0,0.0,0.0,308.66553957152496,3.022701777491792,262.6759607147799
44.0,0.0,2.0,308.66553957152496,3.022701777491792,262.6759607147799
44.0,0.0,4.0,308.66553957152496,3.022701777491792,262.6759607147799
44.0,2.0,0.0,308.66553957152496,3.022701777491792,262.6759607147799
44.0,2.0,2.0,308.66553957152496,3.022701777491792,262.6759607147799
44.0,2.0,4.0,308.66553957152496,3.022701777491792,262.6759607147799
44.0,4.0,0.0,308.66553957152496,3.022701777491792,262.6759607147799
44.0,4.0,2.0,308.66553957152496,3.022701777491792,262.6759607147799
44.0,4.0,4.0,308.66553957152496,3.022701777491792,262.6759607147799
44.0,6.0,0.0,308.66553957152496,3.022701777491792,262.6759607147799
44.0,6.0,2.0,308.66553957152496,3.022701777491792,262.6759607147799
44.0,6.0,4.0,308.66553957152496,3.022701777491792,262.6759607147799
44.0,8.0,0.0,308.66553957152496,3.022701777491792,262.6759607147799
44.0,8.0,2.0,308.66553957152496,3.022701777491792,262.6759607147799
44.0,8.0,4.0,308.66553957152496,3.022701777491792,262.6759607147799
44.0,10.0,0.0,308.66553957152496,3.022701777491792,262.6759607147799
44.0,10.0,2.0,308.66553957152496,3.022701777491792,262.6759607147799
44.0,10.0,4.0,308.66553957152496,3.022701777491792,262.6759607147799
44.0,12.0,0.0,308.66553957152496,3.022701777491792,262.6759607147799
44.0,12.0,2.0,308.66553957152496,3.022701777491792,262.6759607147799
44.0,12.0,4.0,308.66553957152496,3.022701777491792,262.6759607147799
44.0,14.0,0.0,308.66553957152496,3.022701777491792,262.6759607147799
44.0,14.0,2.0,308.66553957152496,3.022701777491792,262.6759607147799
44.0,14.0,4.0,308.66553957152496,3.022701777491792,262.6759607147799
44.0,16.0,0.0,308.66553957152496,3.022701777491792,262.6759607147799
44.0,16.0,2.0,308.66553957152496,3.022701777491792,262.6759607147799
44.0,16.0,4.0,308.66553957152496,3.022701777491792,262.6759607147799
44.0,18.0,0.0,308.66553957152496,3.022701777491792,262.6759607147799
44.0,18.0,2.0,308.66553957152496,3.022701777491792,262.6759607147799
44.0,18.0,4.0,308.66553957152496,3.022701777491792,262.6759607147799
44.0,20.0,0.0,308.66553957152496,3.022701777491792,262.6759607147799
44.0,20.0,2.0,308.66553957152496,3.022701777491792,262.6759607147799
44.0,20.0,4.0,308.66553957152496,3.022701777491792,262.6759607147799
44.0,22.0,0.0,308.66553957152496,3.022701777491792,262.6759607147799
44.0,22.0,2.0,308.66553957152496,3.022701777491792,262.6759607147799
44.0,22.0,4.0,308.66553957152496,3.022701777491792,262.6759607147799
44.0,24.0,0.0,308.66553957152496,3.022701777491792,262.6759607147799
44.0,24.0,2.0,308.66553957152496,3.022701777491792,262.6759607147799
44.0,24.0,4.0,308.66553957152496,3.022701777491792,262.6759607147799
44.0,26.0,0.0,308.66553957152496,3.022701777491792,262.6759607147799
44.0,26.0,2.0,308.66553957152496,3.022701777491792,262.6759607147799
44.0,26.0,4.0,308.66553957152496,3.022701777491792,262.6759607147799
44.0,28.0,0.0,308.66553957152496,3.022701777491792,262.6759607147799
44.0,28.0,2.0,308.66553957152496,3.022701777491792,262.6759607147799
44.0,28.0,4.0,308.66553957152496,3.022701777491792,262.6759607147799
44.0,30.0,0.0,308.66553957152496,3.022701777491792,262.6759607147799
44.0,30.0,2.0,308.66553957152496,3.022701777491792,262.6759607147799
44.0,30.0,4.0,308.66553957152496,3.022701777491792,262.6759607147799
44.0,32.0,0.0,308.66553957152496,3.022701777491792,262.6759607147799
44.0,32.0,2.0,308.66553957152496,3.022701777491792,262.6759607147799
44.0,32.0,4.0,308.66553957152496,3.022701777491792,262.6759607147799
44.0,34.0,0.0,308.66553957152496,3.022701777491792,262.6759607147799
44.0,34.0,2.0,308.66553957152496,3.022701777491792,262.6759607147799
44.0,34.0,4.0,308.66553957152496,3.022701777491792,262.6759607147799
44.0,36.0,0.0,308.66553957152496,3.022701777491792,262.6759607147799
44.0,36.0,2.0,308.66553957152496,3.022701777491792,262.6759607147799
44.0,36.0,4.0,308.66553957152496,3.022701777491792,262.6759607147799
44.0,38.0,0.0,308.66553957152496,3.022701777491792,262.6759607147799
44.0,38.0,2.0,308.66553957152496,3.022701777491792,262.6759607147799
44.0,38.0,4.0,308.66553957152496,3.022701777491792,262.6759607147799
44.0,40.0,0.0,308.66553957152496,3.022701777491792,262.6759607147799
44.0,40.0,2.0,308.66553957152496,3.022701777491792,262.6759607147799
44.0,40.0,4.0,308.66553957152496,3.022701777491792,262.6759607147799
44.0,42.0,0.0,308.66553957152496,3.022701777491792,262.6759607147799
44.0,42.0,2.0,308.66553957152496,3.022701777491792,262.6759607147799
44.0,42.0,4.0,308.66553957152496,3.022701777491792,262.6759607147799
44.0,44.0,0.0,308.66553957152496,3.022701777491792,262.6759607147799
44.0,44.0,2.0,308.66553957152496,3.022701777491792,262.6759607147799
44.0,44.0,4.0,308.66553957152496,3.022701777491792,262.6759607147799
44.0,46.0,0.0,308.66553957152496,3.022701777491792,262.6759607147799
44.0,46.0,2.0,308.66553957152496,3.022701777491792,262.6759607147799
44.0,46.0,4.0,308.66553957152496,3.022701777491792,262.6759607147799
46.0,0.0,0.0,308.66553957152496,3.022701777491792,262.6759607147799
46.0,0.0,2.0,308.66553957152496,3.022701777491792,262.6759607147799
46.0,0.0,4.0,308.66553957152496,3.022701777491792,262.6759607147799
46.0,2.0,0.0,308.66553957152496,3.022701777491792,262.6759607147799
46.0,2.0,2.0,308.66553957152496,3.022701777491792,262.6759607147799
46.0,2.0,4.0,308.66553957152496,3.022701777491792,262.6759607147799
46.0,4.0,0.0,308.66553957152496,3.022701777491792,262.6759607147799
46.0,4.0,2.0,308.66553957152496,3.022701777491792,262.6759607147799
46.0,4.0,4.0,308.66553957152496,3.022701777491792,262.6759607147799
46.0,6.0,0.0,308.66553957152496,3.022701777491792,262.6759607147799
46.0,6.0,2.0,308.66553957152496,3.022701777491792,262.6759607147799
46.0,6.0,4.0,308.66553957152496,3.022701777491792,262.6759607147799
46.0,8.0,0.0,308.66553957152496,3.022701777491792,262.6759607147799
46.0,8.0,2.0,308.66553957152496,3.022701777491792,262.6759607147799
46.0,8.0,4.0,308.66553957152496,3.022701777491792,262.6759607147799
46.0,10.0,0.0,308.66553957152496,3.022701777491792,262.6759607147799
46.0,10.0,2.0,308.66553957152496,3.022701777491792,262.6759607147799
46.0,10.0,4.0,308.66553957152496,3.022701777491792,262.6759607147799
46.0,12.0,0.0,308.66553957152496,3.022701777491792,262.6759607147799
46.0,12.0,2.0,308.66553957152496,3.022701777491792,262.6759607147799
46.0,12.0,4.0,308.66553957152496,3.022701777491792,262.6759607147799
46.0,14.0,0.0,308.66553957152496,3.022701777491792,262.6759607147799
46.0,14.0,2.0,308.66553957152496,3.022701777491792,262.6759607147799
46.0,14.0,4.0,308.66553957152496,3.022701777491792,262.6759607147799
46.0,16.0,0.0,308.66553957152496,3.022701777491792,262.6759607147799
46.0,16.0,2.0,308.66553957152496,3.022701777491792,262.6759607147799
46.0,16.0,4.0,308.66553957152496,3.022701777491792,262.6759607147799
46.0,18.0,0.0,308.66553957152496,3.022701777491792,262.6759607147799
46.0,18.0,2.0,308.66553957152496,3.022701777491792,262.6759607147799
46.0,18.0,4.0,308.66553957152496,3.022701777491792,262.6759607147799
46.0,20.0,0.0,308.66553957152496,3.022701777491792,262.6759607147799
46.0,20.0,2.0,308.66553957152496,3.022701777491792,262.6759607147799
46.0,20.0,4.0,308.66553957152496,3.022701777491792,262.6759607147799
46.0,22.0,0.0,308.66553957152496,3.022701777491792,262.6759607147799
46.0,22.0,2.0,308.66553957152496,3.022701777491792,262.6759607147799
46.0,22.0,4.0,308.66553957152496,3.022701777491792,262.6759607147799
46.0,24.0,0.0,308.66553957152496,3.022701777491792,262.6759607147799
46.0,24.0,2.0,308.66553957152496,3.022701777491792,262.6759607147799
46.0,24.0,4.0,308.66553957152496,3.022701777491792,262.6759607147799
46.0,26.0,0.0,308.66553957152496,3.022701777491792,262.6759607147799
46.0,26.0,2.0,308.66553957152496,3.022701777491792,262.6759607147799
46.0,26.0,4.0,308.66553957152496,3.022701777491792,262.6759607147799
46.0,28.0,0.0,308.66553957152496,3.022701777491792,262.6759607147799
46.0,28.0,2.0,308.66553957152496,3.022701777491792,262.6759607147799
46.0,28.0,4.0,308.66553957152496,3.022701777491792,262.6759607147799
46.0,30.0,0.0,308.66553957152496,3.022701777491792,262.6759607147799
46.0,30.0,2.0,308.66553957152496,3.022701777491792,262.6759607147799
46.0,30.0,4.0,308.66553957152496,3.022701777491792,262.6759607147799
46.0,32.0,0.0,308.66553957152496,3.022701777491792,262.6759607147799
46.0,32.0,2.0,308.66553957152496,3.022701777491792,262.6759607147799
46.0,32.0,4.0,308.66553957152496,3.022701777491792,262.6759607147799
46.0,34.0,0.0,308.66553957152496,3.022701777491792,262.6759607147799
46.0,34.0,2.0,308.66553957152496,3.022701777491792,262.6759607147799
46.0,34.0,4.0,308.66553957152496,3.022701777491792,262.6759607147799
46.0,36.0,0.0,308.66553957152496,3.022701777491792,262.6759607147799
46.0,36.0,2.0,308.66553957152496,3.022701777491792,262.6759607147799
46.0,36.0,4.0,308.66553957152496,3.022701777491792,262.6759607147799
46.0,38.0,0.0,308.66553957152496,3.022701777491792,262.6759607147799
46.0,38.0,2.0,308.66553957152496,3.022701777491792,262.6759607147799
46.0,38.0,4.0,308.66553957152496,3.022701777491792,262.6759607147799
46.0,40.0,0.0,308.66553957152496,3.022701777491792,262.6759607147799
46.0,40.0,2.0,308.66553957152496,3.022701777491792,262.6759607147799
46.0,40.0,4.0,308.66553957152496,3.022701777491792,262.6759607147799
46.0,42.0,0.0,308.66553957152496,3.022701777491792,262.6759607147799
46.0,42.0,2.0,308.66553957152496,3.022701777491792,262.6759607147799
46.0,42.0,4.0,308.66553957152496,3.022701777491792,262.6759607147799
46.0,44.0,0.0,308.66553957152496,3.022701777491792,262.6759607147799
46.0,44.0,2.0,308.66553957152496,3.022701777491792,262.6759607147799
46.0,44.0,4.0,308.66553957152496,3.022701777491792,262.6759607147799
46.0,46.0,0.0,308.66553957152496,3.022701777491792,262.6759607147799
46.0,46.0,2.0,308.66553957152496,3.022701777491792,262.6759607147799
46.0,46.0,4.0,308.66553957152496,3.022701777491792,262.6759607147799
48.0,0.0,0.0,103.13272299473917,26.30462585861747,14.249044514977117
48.0,0.0,2.0,103.13272299473917,26.30462585861747,14.249044514977117
48.0,0.0,4.0,103.13272299473917,26.30462585861747,14.249044514977117
48.0,2.0,0.0,103.13272299473917,26.30462585861747,14.249044514977117
48.0,2.0,2.0,103.13272299473917,26.30462585861747,14.249044514977117
48.0,2.0,4.0,103.13272299473917,26.30462585861747,14.249044514977117
48.0,4.0,0.0,103.13272299473917,26.30462585861747,14.249044514977117
48.0,4.0,2.0,103.13272299473917,26.30462585861747,14.249044514977117
48.0,4.0,4.0,103.13272299473917,26.30462585861747,14.249044514977117
48.0,6.0,0.0,103.13272299473917,26.30462585861747,14.249044514977117
48.0,6.0,2.0,103.13272299473917,26.30462585861747,14.249044514977117
48.0,6.0,4.0,103.13272299473917,26.30462585861747,14.249044514977117
48.0,8.0,0.0,103.13272299473917,26.30462585861747,14.249044514977117
48.0,8.0,2.0,103.13272299473917,26.30462585861747,14.249044514977117
48.0,8.0,4.0,103.13272299473917,26.30462585861747,14.249044514977117
48.0,10.0,0.0,103.13272299473917,26.30462585861747,14.249044514977117
48.0,10.0,2.0,103.13272299473917,26.30462585861747,14.249044514977117
48.0,10.0,4.0,103.13272299473917,26.30462585861747,14.249044514977117
48.0,12.0,0.0,103.13272299473917,26.30462585861747,14.249044514977117
48.0,12.0,2.0,103.13272299473917,26.30462585861747,14.249044514977117
48.0,12.0,4.0,103.13272299473917,26.30462585861747,14.249044514977117
48.0,14.0,0.0,103.13272299473917,26.30462585861747,14.249044514977117
48.0,14.0,2.0,103.13272299473917,26.30462585861747,14.249044514977117
48.0,14.0,4.0,103.13272299473917,26.30462585861747,14.249044514977117
48.0,16.0,0.0,103.13272299473917,26.30462585861747,14.249044514977117
48.0,16.0,2.0,103.13272299473917,26.30462585861747,14.249044514977117
48.0,16.0,4.0,103.13272299473917,26.30462585861747,14.249044514977117
48.0,18.0,0.0,103.13272299473917,26.30462585861747,14.249044514977117
48.0,18.0,2.0,103.13272299473917,26.30462585861747,14.249044514977117
48.0,18.0,4.0,103.13272299473917,26.30462585861747,14.249044514977117
48.0,20.0,0.0,103.13272299473917,26.30462585861747,14.249044514977117
48.0,20.0,2.0,103.13272299473917,26.30462585861747,14.249044514977117
48.0,20.0,4.0,103.13272299473917,26.30462585861747,14.249044514977117
48.0,22.0,0.0,103.13272299473917,26.30462585861747,14.249044514977117
48.0,22.0,2.0,103.13272299473917,26.30462585861747,14.249044514977117
48.0,22.0,4.0,103.13272299473917,26.30462585861747,14.249044514977117
48.0,24.0,0.0,89.94880767485174,41.61079561063341,24.031476905065503
48.0,24.0,2.0,89.94880767485174,41.61079561063341,24.031476905065503
48.0,24.0,4.0,89.94880767485174,41.61079561063341,24.031476905065503
48.0,26.0,0.0,89.94880767485174,41.61079561063341,24.031476905065503
48.0,26.0,2.0,89.94880767485174,41.61079561063341,24.031476905065503
48.0,26.0,4.0,89.94880767485174,41.61079561063341,24.031476905065503
48.0,28.0,0.0,89.94880767485174,41.61079561063341,24.031476905065503
48.0,28.0,2.0,89.94880767485174,41.61079561063341,24.031476905065503
48.0,28.0,4.0,89.94880767485174,41.61079561063341,24.031476905065503
48.0,30.0,0.0,89.94880767485174,41.61079561063341,24.031476905065503
48.0,30.0,2.0,89.94880767485174,41.61079561063341,24.031476905065503
48.0,30.0,4.0,89.94880767485174,41.61079561063341,24.031476905065503
48.0,32.0,0.0,89.94880767485174,41.61079561063341,24.031476905065503
48.0,32.0,2.0,89.94880767485174,41.61079561063341,24.031476905065503
48.0,32.0,4.0,89.94880767485174,41.61079561063341,24.031476905065503
48.0,34.0,0.0,89.94880767485174,41.61079561063341,24.031476905065503
48.0,34.0,2.0,89.94880767485174,41.61079561063341,24.031476905065503
48.0,34.0,4.0,89.94880767485174,41.61079561063341,24.031476905065503
48.0,36.0,0.0,89.94880767485174,41.61079561063341,24.031476905065503
48.0,36.0,2.0,89.94880767485174,41.61079561063341,24.031476905065503
48.0,36.0,4.0,89.94880767485174,41.61079561063341,24.031476905065503
48.0,38.0,0.0,89.94880767485174,41.61079561063341,24.031476905065503
48.0,38.0,2.0,89.94880767485174,41.61079561063341,24.031476905065503
48.0,38.0,4.0,89.94880767485174,41.61079561063341,24.031476905065503
48.0,40.0,0.0,89.94880767485174,41.61079561063341,24.031476905065503
48.0,40.0,2.0,89.94880767485174,41.61079561063341,24.031476905065503
48.0,40.0,4.0,89.94880767485174,41.61079561063341,24.031476905065503
48.0,42.0,0.0,89.94880767485174,41.61079561063341,24.031476905065503
48.0,42.0,2.0,89.94880767485174,41.61079561063341,24.031476905065503
48.0,42.0,4.0,89.94880767485174,41.61079561063341,24.031476905065503
48.0,44.0,0.0,89.94880767485174,41.61079561063341,24.031476905065503
48.0,44.0,2.0,89.94880767485174,41.61079561063341,24.031476905065503
48.0,44.0,4.0,89.94880767485174,41.61079561063341,24.031476905065503
48.0,46.0,0.0,89.94880767485174,41.61079561063341,24.031476905065503
48.0,46.0,2.0,89.94880767485174,41.61079561063341,24.031476905065503
48.0,46.0,4.0,89.94880767485174,41.61079561063341,24.031476905065503
50.0,0.0,0.0,103.13272299473917,26.30462585861747,14.249044514977117
50.0,0.0,2.0,103.13272299473917,26.30462585861747,14.249044514977117
50.0,0.0,4.0,103.13272299473917,26.30462585861747,14.249044514977117
50.0,2.0,0.0,103.13272299473917,26.30462585861747,14.249044514977117
50.0,2.0,2.0,103.13272299473917,26.30462585861747,14.249044514977117
50.0,2.0,4.0,103.13272299473917,26.30462585861747,14.249044514977117
50.0,4.0,0.0,103.13272299473917,26.30462585861747,14.249044514977117
50.0,4.0,2.0,103.13272299473917,26.30462585861747,14.249044514977117
50.0,4.0,4.0,103.13272299473917,26.30462585861747,14.249044514977117
50.0,6.0,0.0,103.13272299473917,26.30462585861747,14.249044514977117
50.0,6.0,2.0,103.13272299473917,26.30462585861747,14.249044514977117
50.0,6.0,4.0,103.13272299473917,26.30462585861747,14.249044514977117
50.0,8.0,0.0,103.13272299473917,26.30462585861747,14.249044514977117
50.0,8.0,2.0,103.13272299473917,26.30462585861747,14.249044514977117
50.0,8.0,4.0,103.13272299473917,26.30462585861747,14.249044514977117
50.0,10.0,0.0,103.13272299473917,26.30462585861747,14.249044514977117
50.0,10.0,2.0,103.13272299473917,26.30462585861747,14.249044514977117
50.0,10.0,4.0,103.13272299473917,26.30462585861747,14.249044514977117
50.0,12.0,0.0,103.13272299473917,26.30462585861747,14.249044514977117
50.0,12.0,2.0,103.13272299473917,26.30462585861747,14.249044514977117
50.0,12.0,4.0,103.13272299473917,26.30462585861747,14.249044514977117
50.0,14.0,0.0,103.13272299473917,26.30462585861747,14.249044514977117
50.0,14.0,2.0,103.13272299473917,26.30462585861747,14.249044514977117
50.0,14.0,4.0,103.13272299473917,26.30462585861747,14.249044514977117
50.0,16.0,0.0,103.13272299473917,26.30462585861747,14.249044514977117
50.0,16.0,2.0,103.13272299473917,26.30462585861747,14.249044514977117
50.0,16.0,4.0,103.13272299473917,26.30462585861747,14.249044514977117
50.0,18.0,0.0,103.13272299473917,26.30462585861747,14.249044514977117
50.0,18.0,2.0,103.13272299473917,26.30462585861747,14.249044514977117
50.0,18.0,4.0,103.13272299473917,26.30462585861747,14.249044514977117
50.0,20.0,0.0,103.13272299473917,26.30462585861747,14.249044514977117
50.0,20.0,2.0,103.13272299473917,26.30462585861747,14.249044514977117
50.0,20.0,4.0,103.13272299473917,26.30462585861747,14.249044514977117
50.0,22.0,0.0,103.13272299473917,26.30462585861747,14.249044514977117
50.0,22.0,2.0,103.13272299473917,26.30462585861747,14.249044514977117
50.0,22.0,4.0,103.13272299473917,26.30462585861747,14.249044514977117
50.0,24.0,0.0,89.94880767485174,41.61079561063341,24.031476905065503
50.0,24.0,2.0,89.94880767485174,41.61079561063341,24.031476905065503
50.0,24.0,4.0,89.94880767485174,41.61079561063341,24.031476905065503
50.0,26.0,0.0,89.94880767485174,41.61079561063341,24.031476905065503
50.0,26.0,2.0,89.94880767485174,41.61079561063341,24.031476905065503
50.0,26.0,4.0,89.94880767485174,41.61079561063341,24.031476905065503
50.0,28.0,0.0,89.94880767485174,41.61079561063341,24.031476905065503
50.0,28.0,2.0,89.94880767485174,41.61079561063341,24.031476905065503
50.0,28.0,4.0,89.94880767485174,41.61079561063341,24.031476905065503
50.0,30.0,0.0,89.94880767485174,41.61079561063341,24.031476905065503
50.0,30.0,2.0,89.94880767485174,41.61079561063341,24.031476905065503
50.0,30.0,4.0,89.94880767485174,41.61079561063341,24.031476905065503
50.0,32.0,0.0,89.94880767485174,41.61079561063341,24.031476905065503
50.0,32.0,2.0,89.94880767485174,41.61079561063341,24.031476905065503
50.0,32.0,4.0,89.94880767485174,41.61079561063341,24.031476905065503
50.0,34.0,0.0,89.94880767485174,41.61079561063341,24.031476905065503
50.0,34.0,2.0,89.94880767485174,41.61079561063341,24.031476905065503
50.0,34.0,4.0,89.94880767485174,41.61079561063341,24.031476905065503
50.0,36.0,0.0,89.94880767485174,41.61079561063341,24.031476905065503
50.0,36.0,2.0,89.94880767485174,41.61079561063341,24.031476905065503
50.0,36.0,4.0,89.94880767485174,41.61079561063341,24.031476905065503
50.0,38.0,0.0,89.94880767485174,41.61079561063341,24.031476905065503
50.0,38.0,2.0,89.94880767485174,41.61079561063341,24.031476905065503
50.0,38.0,4.0,89.94880767485174,41.61079561063341,24.031476905065503
50.0,40.0,0.0,89.94880767485174,41.61079561063341,24.031476905065503
50.0,40.0,2.0,89.94880767485174,41.61079561063341,24.031476905065503
50.0,40.0,4.0,89.94880767485174,41.61079561063341,24.031476905065503
50.0,42.0,0.0,89.94880767485174,41.61079561063341,24.031476905065503
50.0,42.0,2.0,89.94880767485174,41.61079561063341,24.031476905065503
50.0,42.0,4.0,89.94880767485174,41.61079561063341,24.031476905065503
50.0,44.0,0.0,89.94880767485174,41.61079561063341,24.031476905065503
50.0,44.0,2.0,89.94880767485174,41.61079561063341,24.031476905065503
50.0,44.0,4.0,89.94880767485174,41.61079561063341,24.031476905065503
50.0,46.0,0.0,89.94880767485174,41.61079561063341,24.031476905065503
50.0,46.0,2.0,89.94880767485174,41.61079561063341,24.031476905065503
50.0,46.0,4.0,89.94880767485174,41.61079561063341,24.031476905065503
52.0,0.0,0.0,103.13272299473917,26.30462585861747,14.249044514977117
52.0,0.0,2.0,103.13272299473917,26.30462585861747,14.249044514977117
52.0,0.0,4.0,103.13272299473917,26.30462585861747,14.249044514977117
52.0,2.0,0.0,103.13272299473917,26.30462585861747,14.249044514977117
52.0,2.0,2.0,103.13272299473917,26.30462585861747,14.249044514977117
52.0,2.0,4.0,103.13272299473917,26.30462585861747,14.249044514977117
52.0,4.0,0.0,103.13272299473917,26.30462585861747,14.249044514977117
52.0,4.0,2.0,103.13272299473917,26.30462585861747,14.249044514977117
52.0,4.0,4.0,103.13272299473917,26.30462585861747,14.249044514977117
52.0,6.0,0.0,103.13272299473917,26.30462585861747,14.249044514977117
52.0,6.0,2.0,103.13272299473917,26.30462585861747,14.249044514977117
52.0,6.0,4.0,103.13272299473917,26.30462585861747,14.249044514977117
52.0,8.0,0.0,103.13272299473917,26.30462585861747,14.249044514977117
52.0,8.0,2.0,103.13272299473917,26.30462585861747,14.249044514977117
52.0,8.0,4.0,103.13272299473917,26.30462585861747,14.249044514977117
52.0,10.0,0.0,103.13272299473917,26.30462585861747,14.249044514977117
52.0,10.0,2.0,103.13272299473917,26.30462585861747,14.249044514977117
52.0,10.0,4.0,103.13272299473917,26.30462585861747,14.249044514977117
52.0,12.0,0.0,103.13272299473917,26.30462585861747,14.249044514977117
52.0,12.0,2.0,103.13272299473917,26.30462585861747,14.249044514977117
52.0,12.0,4.0,103.13272299473917,26.30462585861747,14.249044514977117
52.0,14.0,0.0,103.13272299473917,26.30462585861747,14.249044514977117
52.0,14.0,2.0,103.13272299473917,26.30462585861747,14.249044514977117
52.0,14.0,4.0,103.13272299473917,26.30462585861747,14.249044514977117
52.0,16.0,0.0,103.13272299473917,26.30462585861747,14.249044514977117
52.0,16.0,2.0,103.13272299473917,26.30462585861747,14.249044514977117
52.0,16.0,4.0,103.13272299473917,26.30462585861747,14.249044514977117
52.0,18.0,0.0,103.13272299473917,26.30462585861747,14.249044514977117
52.0,18.0,2.0,103.13272299473917,26.30462585861747,14.249044514977117
52.0,18.0,4.0,103.13272299473917,26.30462585861747,14.249044514977117
52.0,20.0,0.0,103.13272299473917,26.30462585861747,14.249044514977117
52.0,20.0,2.0,103.13272299473917,26.30462585861747,14.249044514977117
52.0,20.0,4.0,103.13272299473917,26.30462585861747,14.249044514977117
52.0,22.0,0.0,103.13272299473917,26.30462585861747,14.249044514977117
52.0,22.0,2.0,103.13272299473917,26.30462585861747,14.249044514977117
52.0,22.0,4.0,103.13272299473917,26.30462585861747,14.249044514977117
52.0,24.0,0.0,89.94880767485174,41.61079561063341,24.031476905065503
52.0,24.0,2.0,89.94880767485174,41.61079561063341,24.031476905065503
52.0,24.0,4.0,89.94880767485174,41.61079561063341,24.031476905065503
52.0,26.0,0.0,89.94880767485174,41.61079561063341,24.031476905065503
52.0,26.0,2.0,89.94880767485174,41.61079561063341,24.031476905065503
52.0,26.0,4.0,89.94880767485174,41.61079561063341,24.031476905065503
52.0,28.0,0.0,89.94880767485174,41.61079561063341,24.031476905065503
52.0,28.0,2.0,89.94880767485174,41.61079561063341,24.031476905065503
52.0,28.0,4.0,89.94880767485174,41.61079561063341,24.031476905065503
52.0,30.0,0.0,89.94880767485174,41.61079561063341,24.031476905065503
52.0,30.0,2.0,89.94880767485174,41.61079561063341,24.031476905065503
52.0,30.0,4.0,89.94880767485174,41.61079561063341,24.031476905065503
52.0,32.0,0.0,89.94880767485174,41.61079561063341,24.031476905065503
52.0,32.0,2.0,89.94880767485174,41.61079561063341,24.031476905065503
52.0,32.0,4.0,89.94880767485174,41.61079561063341,24.031476905065503
52.0,34.0,0.0,89.94880767485174,41.61079561063341,24.031476905065503
52.0,34.0,2.0,89.94880767485174,41.61079561063341,24.031476905065503
52.0,34.0,4.0,89.94880767485174,41.61079561063341,24.031476905065503
52.0,36.0,0.0,89.94880767485174,41.61079561063341,24.031476905065503
52.0,36.0,2.0,89.94880767485174,41.61079561063341,24.031476905065503
52.0,36.0,4.0,89.94880767485174,41.61079561063341,24.031476905065503
52.0,38.0,0.0,89.94880767485174,41.61079561063341,24.031476905065503
52.0,38.0,2.0,89.94880767485174,41.61079561063341,24.031476905065503
52.0,38.0,4.0,89.94880767485174,41.61079561063341,24.031476905065503
52.0,40.0,0.0,89.94880767485174,41.61079561063341,24.031476905065503
52.0,40.0,2.0,89.94880767485174,41.61079561063341,24.031476905065503
52.0,40.0,4.0,89.94880767485174,41.61079561063341,24.031476905065503
52.0,42.0,0.0,89.94880767485174,41.61079561063341,24.031476905065503
52.0,42.0,2.0,89.94880767485174,41.61079561063341,24.031476905065503
52.0,42.0,4.0,89.94880767485174,41.61079561063341,24.031476905065503
52.0,44.0,0.0,89.94880767485174,41.61079561063341,24.031476905065503
52.0,44.0,2.0,89.94880767485174,41.61079561063341,24.031476905065503
52.0,44.0,4.0,89.94880767485174,41.61079561063341,24.031476905065503
52.0,46.0,0.0,89.94880767485174,41.61079561063341,24.031476905065503
52.0,46.0,2.0,89.94880767485174,41.61079561063341,24.031476905065503
52.0,46.0,4.0,89.94880767485174,41.61079561063341,24.031476905065503
54.0,0.0,0.0,103.13272299473917,26.30462585861747,14.249044514977117
54.0,0.0,2.0,103.13272299473917,26.30462585861747,14.249044514977117
54.0,0.0,4.0,103.13272299473917,26.30462585861747,14.249044514977117
54.0,2.0,0.0,103.13272299473917,26.30462585861747,14.249044514977117
54.0,2.0,2.0,103.13272299473917,26.30462585861747,14.249044514977117
54.0,2.0,4.0,103.13272299473917,26.30462585861747,14.249044514977117
54.0,4.0,0.0,103.13272299473917,26.30462585861747,14.249044514977117
54.0,4.0,2.0,103.13272299473917,26.30462585861747,14.249044514977117
54.0,4.0,4.0,103.13272299473917,26.30462585861747,14.249044514977117
54.0,6.0,0.0,103.13272299473917,26.30462585861747,14.249044514977117
54.0,6.0,2.0,103.13272299473917,26.30462585861747,14.249044514977117
54.0,6.0,4.0,103.13272299473917,26.30462585861747,14.249044514977117
54.0,8.0,0.0,103.13272299473917,26.30462585861747,14.249044514977117
54.0,8.0,2.0,103.13272299473917,26.30462585861747,14.249044514977117
54.0,8.0,4.0,103.13272299473917,26.30462585861747,14.249044514977117
54.0,10.0,0.0,103.13272299473917,26.30462585861747,14.249044514977117
54.0,10.0,2.0,103.13272299473917,26.30462585861747,14.249044514977117
54.0,10.0,4.0,103.13272299473917,26.30462585861747,14.249044514977117
54.0,12.0,0.0,103.13272299473917,26.30462585861747,14.249044514977117
54.0,12.0,2.0,103.13272299473917,26.30462585861747,14.249044514977117
54.0,12.0,4.0,103.13272299473917,26.30462585861747,14.249044514977117
54.0,14.0,0.0,103.13272299473917,26.30462585861747,14.249044514977117
54.0,14.0,2.0,103.13272299473917,26.30462585861747,14.249044514977117
54.0,14.0,4.0,103.13272299473917,26.30462585861747,14.249044514977117
54.0,16.0,0.0,103.13272299473917,26.30462585861747,14.249044514977117
54.0,16.0,2.0,103.13272299473917,26.30462585861747,14.249044514977117
54.0,16.0,4.0,103.13272299473917,26.30462585861747,14.249044514977117
54.0,18.0,0.0,103.13272299473917,26.30462585861747,14.249044514977117
54.0,18.0,2.0,103.13272299473917,26.30462585861747,14.249044514977117
54.0,18.0,4.0,103.13272299473917,26.30462585861747,14.249044514977117
54.0,20.0,0.0,103.13272299473917,26.30462585861747,14.249044514977117
54.0,20.0,2.0,103.13272299473917,26.30462585861747,14.249044514977117
54.0,20.0,4.0,103.13272299473917,26.30462585861747,14.249044514977117
54.0,22.0,0.0,103.13272299473917,26.30462585861747,14.249044514977117
54.0,22.0,2.0,103.13272299473917,26.30462585861747,14.249044514977117
54.0,22.0,4.0,103.13272299473917,26.30462585861747,14.249044514977117
54.0,24.0,0.0,89.94880767485174,41.61079561063341,24.031476905065503
54.0,24.0,2.0,89.94880767485174,41.61079561063341,24.031476905065503
54.0,24.0,4.0,89.94880767485174,41.61079561063341,24.031476905065503
54.0,26.0,0.0,89.94880767485174,41.61079561063341,24.031476905065503
54.0,26.0,2.0,89.94880767485174,41.61079561063341,24.031476905065503
54.0,26.0,4.0,89.94880767485174,41.61079561063341,24.031476905065503
54.0,28.0,0.0,89.94880767485174,41.61079561063341,24.031476905065503
54.0,28.0,2.0,89.94880767485174,41.61079561063341,24.031476905065503
54.0,28.0,4.0,89.94880767485174,41.61079561063341,24.031476905065503
54.0,30.0,0.0,89.94880767485174,41.61079561063341,24.031476905065503
54.0,30.0,2.0,89.94880767485174,41.61079561063341,24.031476905065503
54.0,30.0,4.0,89.94880767485174,41.61079561063341,24.031476905065503
54.0,32.0,0.0,89.94880767485174,41.61079561063341,24.031476905065503
54.0,32.0,2.0,89.94880767485174,41.61079561063341,24.031476905065503
54.0,32.0,4.0,89.94880767485174,41.61079561063341,24.031476905065503
54.0,34.0,0.0,89.94880767485174,41.61079561063341,24.031476905065503
54.0,34.0,2.0,89.94880767485174,41.61079561063341,24.031476905065503
54.0,34.0,4.0,89.94880767485174,41.61079561063341,24.031476905065503
54.0,36.0,0.0,89.94880767485174,41.61079561063341,24.031476905065503
54.0,36.0,2.0,89.94880767485174,41.61079561063341,24.031476905065503
54.0,36.0,4.0,89.94880767485174,41.61079561063341,24.031476905065503
54.0,38.0,0.0,89.94880767485174,41.61079561063341,24.031476905065503
54.0,38.0,2.0,89.94880767485174,41.61079561063341,24.031476905065503
54.0,38.0,4.0,89.94880767485174,41.61079561063341,24.031476905065503
54.0,40.0,0.0,89.94880767485174,41.61079561063341,24.031476905065503
54.0,40.0,2.0,89.94880767485174,41.61079561063341,24.031476905065503
54.0,40.0,4.0,89.94880767485174,41.61079561063341,24.031476905065503
54.0,42.0,0.0,89.94880767485174,41.61079561063341,24.031476905065503
54.0,42.0,2.0,89.94880767485174,41.61079561063341,24.031476905065503
54.0,42.0,4.0,89.94880767485174,41.61079561063341,24.031476905065503
54.0,44.0,0.0,89.94880767485174,41.61079561063341,24.031476905065503
54.0,44.0,2.0,89.94880767485174,41.61079561063341,24.031476905065503
54.0,44.0,4.0,89.94880767485174,41.61079561063341,24.031476905065503
54.0,46.0,0.0,89.94880767485174,41.61079561063341,24.031476905065503
54.0,46.0,2.0,89.94880767485174,41.61079561063341,24.031476905065503
54.0,46.0,4.0,89.94880767485174,41.61079561063341,24.031476905065503
56.0,0.0,0.0,103.13272299473917,26.30462585861747,14.249044514977117
56.0,0.0,2.0,103.13272299473917,26.30462585861747,14.249044514977117
56.0,0.0,4.0,103.13272299473917,26.30462585861747,14.249044514977117
56.0,2.0,0.0,103.13272299473917,26.30462585861747,14.249044514977117
56.0,2.0,2.0,103.13272299473917,26.30462585861747,14.249044514977117
56.0,2.0,4.0,103.13272299473917,26.30462585861747,14.249044514977117
56.0,4.0,0.0,103.13272299473917,26.30462585861747,14.249044514977117
56.0,4.0,2.0,103.13272299473917,26.30462585861747,14.249044514977117
56.0,4.0,4.0,103.13272299473917,26.30462585861747,14.249044514977117
56.0,6.0,0.0,103.13272299473917,26.30462585861747,14.249044514977117
56.0,6.0,2.0,103.13272299473917,26.30462585861747,14.249044514977117
56.0,6.0,4.0,103.13272299473917,26.30462585861747,14.249044514977117
56.0,8.0,0.0,103.13272299473917,26.30462585861747,14.249044514977117
56.0,8.0,2.0,103.13272299473917,26.30462585861747,14.249044514977117
56.0,8.0,4.0,103.13272299473917,26.30462585861747,14.249044514977117
56.0,10.0,0.0,103.13272299473917,26.30462585861747,14.249044514977117
56.0,10.0,2.0,103.13272299473917,26.30462585861747,14.249044514977117
56.0,10.0,4.0,103.13272299473917,26.30462585861747,14.249044514977117
56.0,12.0,0.0,103.13272299473917,26.30462585861747,14.249044514977117
56.0,12.0,2.0,103.13272299473917,26.30462585861747,14.249044514977117
56.0,12.0,4.0,103.13272299473917,26.30462585861747,14.249044514977117
56.0,14.0,0.0,103.13272299473917,26.30462585861747,14.249044514977117
56.0,14.0,2.0,103.13272299473917,26.30462585861747,14.249044514977117
56.0,14.0,4.0,103.13272299473917,26.30462585861747,14.249044514977117
56.0,16.0,0.0,103.13272299473917,26.30462585861747,14.249044514977117
56.0,16.0,2.0,103.13272299473917,26.30462585861747,14.249044514977117
56.0,16.0,4.0,103.13272299473917,26.30462585861747,14.249044514977117
56.0,18.0,0.0,103.13272299473917,26.30462585861747,14.249044514977117
56.0,18.0,2.0,103.13272299473917,26.30462585861747,14.249044514977117
56.0,18.0,4.0,103.13272299473917,26.30462585861747,14.249044514977117
56.0,20.0,0.0,103.13272299473917,26.30462585861747,14.249044514977117
56.0,20.0,2.0,103.13272299473917,26.30462585861747,14.249044514977117
56.0,20.0,4.0,103.13272299473917,26.30462585861747,14.249044514977117
56.0,22.0,0.0,103.13272299473917,26.30462585861747,14.249044514977117
56.0,22.0,2.0,103.13272299473917,26.30462585861747,14.249044514977117
56.0,22.0,4.0,103.13272299473917,26.30462585861747,14.249044514977117
56.0,24.0,0.0,89.94880767485174,41.61079561063341,24.031476905065503
56.0,24.0,2.0,89.94880767485174,41.61079561063341,24.031476905065503
56.0,24.0,4.0,89.94880767485174,41.61079561063341,24.031476905065503
56.0,26.0,0.0,89.94880767485174,41.61079561063341,24.031476905065503
56.0,26.0,2.0,89.94880767485174,41.61079561063341,24.031476905065503
56.0,26.0,4.0,89.94880767485174,41.61079561063341,24.031476905065503
56.0,28.0,0.0,89.94880767485174,41.61079561063341,24.031476905065503
56.0,28.0,2.0,89.94880767485174,41.61079561063341,24.031476905065503
56.0,28.0,4.0,89.94880767485174,41.61079561063341,24.031476905065503
56.0,30.0,0.0,89.94880767485174,41.61079561063341,24.031476905065503
56.0,30.0,2.0,89.94880767485174,41.61079561063341,24.031476905065503
56.0,30.0,4.0,89.94880767485174,41.61079561063341,24.031476905065503
56.0,32.0,0.0,89.94880767485174,41.61079561063341,24.031476905065503
56.0,32.0,2.0,89.94880767485174,41.61079561063341,24.031476905065503
56.0,32.0,4.0,89.94880767485174,41.61079561063341,24.031476905065503
56.0,34.0,0.0,89.94880767485174,41.61079561063341,24.031476905065503
56.0,34.0,2.0,89.94880767485174,41.61079561063341,24.031476905065503
56.0,34.0,4.0,89.94880767485174,41.61079561063341,24.031476905065503
56.0,36.0,0.0,89.94880767485174,41.61079561063341,24.031476905065503
56.0,36.0,2.0,89.94880767485174,41.61079561063341,24.031476905065503
56.0,36.0,4.0,89.94880767485174,41.61079561063341,24.031476905065503
56.0,38.0,0.0,89.94880767485174,41.61079561063341,24.031476905065503
56.0,38.0,2.0,89.94880767485174,41.61079561063341,24.031476905065503
56.0,38.0,4.0,89.94880767485174,41.61079561063341,24.031476905065503
56.0,40.0,0.0,89.94880767485174,41.61079561063341,24.031476905065503
56.0,40.0,2.0,89.94880767485174,41.61079561063341,24.031476905065503
56.0,40.0,4.0,89.94880767485174,41.61079561063341,24.031476905065503
56.0,42.0,0.0,89.94880767485174,41.61079561063341,24.031476905065503
56.0,42.0,2.0,89.94880767485174,41.61079561063341,24.031476905065503
56.0,42.0,4.0,89.94880767485174,41.61079561063341,24.031476905065503
56.0,44.0,0.0,89.94880767485174,41.61079561063341,24.031476905065503
56.0,44.0,2.0,89.94880767485174,41.61079561063341,24.031476905065503
56.0,44.0,4.0,89.94880767485174,41.61079561063341,24.031476905065503
56.0,46.0,0.0,89.94880767485174,41.61079561063341,24.031476905065503
56.0,46.0,2.0,89.94880767485174,41.61079561063341,24.031476905065503
56.0,46.0,4.0,89.94880767485174,41.61079561063341,24.031476905065503
58.0,0.0,0.0,103.13272299473917,26.30462585861747,14.249044514977117
58.0,0.0,2.0,103.13272299473917,26.30462585861747,14.249044514977117
58.0,0.0,4.0,103.13272299473917,26.30462585861747,14.249044514977117
58.0,2.0,0.0,103.13272299473917,26.30462585861747,14.249044514977117
58.0,2.0,2.0,103.13272299473917,26.30462585861747,14.249044514977117
58.0,2.0,4.0,103.13272299473917,26.30462585861747,14.249044514977117
58.0,4.0,0.0,103.13272299473917,26.30462585861747,14.249044514977117
58.0,4.0,2.0,103.13272299473917,26.30462585861747,14.249044514977117
58.0,4.0,4.0,103.13272299473917,26.30462585861747,14.249044514977117
58.0,6.0,0.0,103.13272299473917,26.30462585861747,14.249044514977117
58.0,6.0,2.0,103.13272299473917,26.30462585861747,14.249044514977117
58.0,6.0,4.0,103.13272299473917,26.30462585861747,14.249044514977117
58.0,8.0,0.0,103.13272299473917,26.30462585861747,14.249044514977117
58.0,8.0,2.0,103.13272299473917,26.30462585861747,14.249044514977117
58.0,8.0,4.0,103.13272299473917,26.30462585861747,14.249044514977117
58.0,10.0,0.0,103.13272299473917,26.30462585861747,14.249044514977117
58.0,10.0,2.0,103.13272299473917,26.30462585861747,14.249044514977117
58.0,10.0,4.0,103.13272299473917,26.30462585861747,14.249044514977117
58.0,12.0,0.0,103.13272299473917,26.30462585861747,14.249044514977117
58.0,12.0,2.0,103.13272299473917,26.30462585861747,14.249044514977117
58.0,12.0,4.0,103.13272299473917,26.30462585861747,14.249044514977117
58.0,14.0,0.0,103.13272299473917,26.30462585861747,14.249044514977117
58.0,14.0,2.0,103.13272299473917,26.30462585861747,14.249044514977117
58.0,14.0,4.0,103.13272299473917,26.30462585861747,14.249044514977117
58.0,16.0,0.0,103.13272299473917,26.30462585861747,14.249044514977117
58.0,16.0,2.0,103.13272299473917,26.30462585861747,14.249044514977117
58.0,16.0,4.0,103.13272299473917,26.30462585861747,14.249044514977117
58.0,18.0,0.0,103.13272299473917,26.30462585861747,14.249044514977117
58.0,18.0,2.0,103.13272299473917,26.30462585861747,14.249044514977117
58.0,18.0,4.0,103.13272299473917,26.30462585861747,14.249044514977117
58.0,20.0,0.0,103.13272299473917,26.30462585861747,14.249044514977117
58.0,20.0,2.0,103.13272299473917,26.30462585861747,14.249044514977117
58.0,20.0,4.0,103.13272299473917,26.30462585861747,14.249044514977117
58.0,22.0,0.0,103.13272299473917,26.30462585861747,14.249044514977117
58.0,22.0,2.0,103.13272299473917,26.30462585861747,14.249044514977117
58.0,22.0,4.0,103.13272299473917,26.30462585861747,14.249044514977117
58.0,24.0,0.0,89.94880767485174,41.61079561063341,24.031476905065503
58.0,24.0,2.0,89.94880767485174,41.61079561063341,24.031476905065503
58.0,24.0,4.0,89.94880767485174,41.61079561063341,24.031476905065503
58.0,26.0,0.0,89.94880767485174,41.61079561063341,24.031476905065503
58.0,26.0,2.0,89.94880767485174,41.61079561063341,24.031476905065503
58.0,26.0,4.0,89.94880767485174,41.61079561063341,24.031476905065503
58.0,28.0,0.0,89.94880767485174,41.61079561063341,24.031476905065503
58.0,28.0,2.0,89.94880767485174,41.61079561063341,24.031476905065503
58.0,28.0,4.0,89.94880767485174,41.61079561063341,24.031476905065503
58.0,30.0,0.0,89.94880767485174,41.61079561063341,24.031476905065503
58.0,30.0,2.0,89.94880767485174,41.61079561063341,24.031476905065503
58.0,30.0,4.0,89.94880767485174,41.61079561063341,24.031476905065503
58.0,32.0,0.0,89.94880767485174,41.61079561063341,24.031476905065503
58.0,32.0,2.0,89.94880767485174,41.61079561063341,24.031476905065503
58.0,32.0,4.0,89.94880767485174,41.61079561063341,24.031476905065503
58.0,34.0,0.0,89.94880767485174,41.61079561063341,24.031476905065503
58.0,34.0,2.0,89.94880767485174,41.61079561063341,24.031476905065503
58.0,34.0,4.0,89.94880767485174,41.61079561063341,24.031476905065503
58.0,36.0,0.0,89.94880767485174,41.61079561063341,24.031476905065503
58.0,36.0,2.0,89.94880767485174,41.61079561063341,24.031476905065503
58.0,36.0,4.0,89.94880767485174,41.61079561063341,24.031476905065503
58.0,38.0,0.0,89.94880767485174,41.61079561063341,24.031476905065503
58.0,38.0,2.0,89.94880767485174,41.61079561063341,24.031476905065503
58.0,38.0,4.0,89.94880767485174,41.61079561063341,24.031476905065503
58.0,40.0,0.0,89.94880767485174,41.61079561063341,24.031476905065503
58.0,40.0,2.0,89.94880767485174,41.61079561063341,24.031476905065503
58.0,40.0,4.0,89.94880767485174,41.61079561063341,24.031476905065503
58.0,42.0,0.0,89.94880767485174,41.61079561063341,24.031476905065503
58.0,42.0,2.0,89.94880767485174,41.61079561063341,24.031476905065503
58.0,42.0,4.0,89.94880767485174,41.61079561063341,24.031476905065503
58.0,44.0,0.0,89.94880767485174,41.61079561063341,24.031476905065503
58.0,44.0,2.0,89.94880767485174,41.61079561063341,24.031476905065503
58.0,44.0,4.0,89.94880767485174,41.61079561063341,24.031476905065503
58.0,46.0,0.0,89.94880767485174,41.61079561063341,24.031476905065503
58.0,46.0,2.0,89.94880767485174,41.61079561063341,24.031476905065503
58.0,46.0,4.0,89.94880767485174,41.61079561063341,24.031476905065503
